snapshot,region,status,value,country,unit
2025-01-01 00:00:00,CE,charging,2.515789473684211,XY,MW
2025-01-02 01:00:00,NR,charging,2.8526315789473684,XY,MW
2025-01-03 02:00:00,SO,charging,2.0,XY,MW
2025-01-04 03:00:00,CE,charging,4.8,XY,MW
2025-01-05 04:00:00,NR,charging,2.778947368421053,XY,MW
2025-01-06 05:00:00,SO,charging,3.536842105263158,XY,MW
2025-01-07 06:00:00,CE,charging,8.84210526316,XY,MW
2025-01-08 07:00:00,NR,charging,6.48421052631579,XY,MW
2025-01-09 08:00:00,SO,charging,8.084210526308425,XY,MW
2025-01-10 09:00:00,CE,charging,9.47368421053,XY,MW
2025-01-11 10:00:00,NR,charging,7.410526315789474,XY,MW
2025-01-12 11:00:00,SO,charging,9.47368421053,XY,MW
2025-01-13 12:00:00,CE,charging,9.47368421053,XY,MW
2025-01-14 13:00:00,NR,charging,6.063157894736842,XY,MW
2025-01-15 14:00:00,SO,charging,9.47368421053,XY,MW
2025-01-16 15:00:00,CE,charging,9.05263157895,XY,MW
2025-01-17 16:00:00,NR,charging,5.673684210526316,XY,MW
2025-01-18 17:00:00,SO,charging,7.221052631578948,XY,MW
2025-01-19 18:00:00,CE,charging,4.515789473684211,XY,MW
2025-01-20 19:00:00,NR,charging,4.010526315789474,XY,MW
2025-01-21 20:00:00,SO,charging,3.4736842105263164,XY,MW
2025-01-22 21:00:00,CE,charging,5.36842105263,XY,MW
2025-01-23 22:00:00,NR,charging,5.36842105263,XY,MW
2025-01-24 23:00:00,SO,charging,5.36842105263,XY,MW
2025-01-26 00:00:00,CE,charging,5.05263157895,XY,MW
2025-01-27 01:00:00,NR,charging,5.05263157895,XY,MW
2025-01-28 02:00:00,SO,charging,5.05263157895,XY,MW
2025-01-29 03:00:00,CE,charging,4.94736842105,XY,MW
2025-01-30 04:00:00,NR,charging,4.94736842105,XY,MW
2025-01-31 05:00:00,SO,charging,4.94736842105,XY,MW
2025-02-01 06:00:00,CE,charging,5.05263157895,XY,MW
2025-02-02 07:00:00,NR,charging,5.05263157895,XY,MW
2025-02-03 08:00:00,SO,charging,5.05263157895,XY,MW
2025-02-04 09:00:00,CE,charging,5.05263157895,XY,MW
2025-02-05 10:00:00,NR,charging,5.05263157895,XY,MW
2025-02-06 11:00:00,SO,charging,5.05263157895,XY,MW
2025-02-07 12:00:00,CE,charging,4.52631578947,XY,MW
2025-02-08 13:00:00,NR,charging,4.52631578947,XY,MW
2025-02-09 14:00:00,SO,charging,4.52631578947,XY,MW
2025-02-10 15:00:00,CE,charging,4.94736842105,XY,MW
2025-02-11 16:00:00,NR,charging,4.94736842105,XY,MW
2025-02-12 17:00:00,SO,charging,4.94736842105,XY,MW
2025-02-13 18:00:00,CE,charging,4.31578947368,XY,MW
2025-02-14 19:00:00,NR,charging,4.31578947368,XY,MW
2025-02-15 20:00:00,SO,charging,4.31578947368,XY,MW
2025-02-16 21:00:00,CE,charging,4.0,XY,MW
2025-02-17 22:00:00,NR,charging,4.0,XY,MW
2025-02-18 23:00:00,SO,charging,4.0,XY,MW
2025-02-20 00:00:00,CE,charging,3.26315789474,XY,MW
2025-02-21 01:00:00,NR,charging,3.26315789474,XY,MW
2025-02-22 02:00:00,SO,charging,3.26315789474,XY,MW
2025-02-23 03:00:00,CE,charging,2.73684210526,XY,MW
2025-02-24 04:00:00,NR,charging,2.73684210526,XY,MW
2025-02-25 05:00:00,SO,charging,2.73684210526,XY,MW
2025-02-26 06:00:00,CE,charging,1.26315789474,XY,MW
2025-02-27 07:00:00,NR,charging,1.26315789474,XY,MW
2025-02-28 08:00:00,SO,charging,1.26315789474,XY,MW
2025-03-01 09:00:00,CE,charging,4.42105263158,XY,MW
2025-03-02 10:00:00,NR,charging,4.42105263158,XY,MW
2025-03-03 11:00:00,SO,charging,4.42105263158,XY,MW
2025-03-04 12:00:00,CE,charging,4.21052631579,XY,MW
2025-03-05 13:00:00,NR,charging,4.21052631579,XY,MW
2025-03-06 14:00:00,SO,charging,4.21052631579,XY,MW
2025-03-07 15:00:00,CE,charging,5.89473684211,XY,MW
2025-03-08 16:00:00,NR,charging,5.89473684211,XY,MW
2025-03-09 17:00:00,SO,charging,5.89473684211,XY,MW
2025-03-10 18:00:00,CE,charging,6.52631578947,XY,MW
2025-03-11 19:00:00,NR,charging,6.52631578947,XY,MW
2025-03-12 20:00:00,SO,charging,6.52631578947,XY,MW
2025-03-13 21:00:00,CE,charging,7.15789473684,XY,MW
2025-03-14 22:00:00,NR,charging,7.15789473684,XY,MW
2025-03-15 23:00:00,SO,charging,7.15789473684,XY,MW
2025-03-17 00:00:00,CE,charging,7.68421052632,XY,MW
2025-03-18 01:00:00,NR,charging,7.68421052632,XY,MW
2025-03-19 02:00:00,SO,charging,7.68421052632,XY,MW
2025-03-20 03:00:00,CE,charging,7.68421052632,XY,MW
2025-03-21 04:00:00,NR,charging,7.68421052632,XY,MW
2025-03-22 05:00:00,SO,charging,7.68421052632,XY,MW
2025-03-23 06:00:00,CE,charging,5.315789473684211,XY,MW
2025-03-24 07:00:00,NR,charging,4.473684210526316,XY,MW
2025-03-25 08:00:00,SO,charging,4.063157894736842,XY,MW
2025-03-26 09:00:00,CE,charging,9.26315789474,XY,MW
2025-03-27 10:00:00,NR,charging,6.48421052631579,XY,MW
2025-03-28 11:00:00,SO,charging,8.25263157894737,XY,MW
2025-03-29 12:00:00,CE,charging,9.57894736842,XY,MW
2025-03-30 13:00:00,NR,charging,9.57894736842,XY,MW
2025-03-31 14:00:00,SO,charging,9.57894736842,XY,MW
2025-04-01 15:00:00,CE,charging,8.94736842105,XY,MW
2025-04-02 16:00:00,NR,charging,8.94736842105,XY,MW
2025-04-03 17:00:00,SO,charging,8.94736842105,XY,MW
2025-04-04 18:00:00,CE,charging,7.57894736842,XY,MW
2025-04-05 19:00:00,NR,charging,7.57894736842,XY,MW
2025-04-06 20:00:00,SO,charging,7.57894736842,XY,MW
2025-04-07 21:00:00,CE,charging,6.21052631579,XY,MW
2025-04-08 22:00:00,NR,charging,6.21052631579,XY,MW
2025-04-09 23:00:00,SO,charging,6.21052631579,XY,MW
2025-04-11 00:00:00,CE,charging,7.78947368421,XY,MW
2025-04-12 01:00:00,NR,charging,7.78947368421,XY,MW
2025-04-13 02:00:00,SO,charging,7.78947368421,XY,MW
2025-04-14 03:00:00,CE,charging,6.715789473684212,XY,MW
2025-04-15 04:00:00,NR,charging,5.284210526315789,XY,MW
2025-04-16 05:00:00,SO,charging,5.094736842105263,XY,MW
2025-04-17 06:00:00,CE,charging,4.42105263158,XY,MW
2025-04-18 07:00:00,NR,charging,4.42105263158,XY,MW
2025-04-19 08:00:00,SO,charging,4.42105263158,XY,MW
2025-04-20 09:00:00,CE,charging,4.94736842105,XY,MW
2025-04-21 10:00:00,NR,charging,4.94736842105,XY,MW
2025-04-22 11:00:00,SO,charging,4.94736842105,XY,MW
2025-04-23 12:00:00,CE,charging,4.84210526316,XY,MW
2025-04-24 13:00:00,NR,charging,4.84210526316,XY,MW
2025-04-25 14:00:00,SO,charging,4.84210526316,XY,MW
2025-04-26 15:00:00,CE,charging,4.31578947368,XY,MW
2025-04-27 16:00:00,NR,charging,4.31578947368,XY,MW
2025-04-28 17:00:00,SO,charging,4.31578947368,XY,MW
2025-04-29 18:00:00,CE,charging,2.0,XY,MW
2025-04-30 19:00:00,NR,charging,2.0,XY,MW
2025-05-01 20:00:00,SO,charging,2.0,XY,MW
2025-05-02 21:00:00,CE,charging,2.73684210526,XY,MW
2025-05-03 22:00:00,NR,charging,2.73684210526,XY,MW
2025-05-04 23:00:00,SO,charging,2.73684210526,XY,MW
2025-05-06 00:00:00,CE,charging,3.89473684211,XY,MW
2025-05-07 01:00:00,NR,charging,3.89473684211,XY,MW
2025-05-08 02:00:00,SO,charging,3.89473684211,XY,MW
2025-05-09 03:00:00,CE,charging,3.36842105263,XY,MW
2025-05-10 04:00:00,NR,charging,3.36842105263,XY,MW
2025-05-11 05:00:00,SO,charging,3.36842105263,XY,MW
2025-05-12 06:00:00,CE,charging,2.84210526316,XY,MW
2025-05-13 07:00:00,NR,charging,2.84210526316,XY,MW
2025-05-14 08:00:00,SO,charging,2.84210526316,XY,MW
2025-05-15 09:00:00,CE,charging,3.15789473684,XY,MW
2025-05-16 10:00:00,NR,charging,3.15789473684,XY,MW
2025-05-17 11:00:00,SO,charging,3.15789473684,XY,MW
2025-05-18 12:00:00,CE,charging,4.21052631579,XY,MW
2025-05-19 13:00:00,NR,charging,4.21052631579,XY,MW
2025-05-20 14:00:00,SO,charging,4.21052631579,XY,MW
2025-05-21 15:00:00,CE,charging,4.0,XY,MW
2025-05-22 16:00:00,NR,charging,4.0,XY,MW
2025-05-23 17:00:00,SO,charging,4.0,XY,MW
2025-05-24 18:00:00,CE,charging,6.0,XY,MW
2025-05-25 19:00:00,NR,charging,4.631578947368421,XY,MW
2025-05-26 20:00:00,SO,charging,5.894736842105263,XY,MW
2025-05-27 21:00:00,CE,charging,6.63157894737,XY,MW
2025-05-28 22:00:00,NR,charging,6.210526315789474,XY,MW
2025-05-29 23:00:00,SO,charging,6.273684210526316,XY,MW
2025-05-31 00:00:00,CE,charging,8.21052631579,XY,MW
2025-06-01 01:00:00,NR,charging,8.21052631579,XY,MW
2025-06-02 02:00:00,SO,charging,8.21052631579,XY,MW
2025-06-03 03:00:00,CE,charging,8.63157894737,XY,MW
2025-06-04 04:00:00,NR,charging,8.63157894737,XY,MW
2025-06-05 05:00:00,SO,charging,8.63157894737,XY,MW
2025-06-06 06:00:00,CE,charging,9.05263157895,XY,MW
2025-06-07 07:00:00,NR,charging,9.05263157895,XY,MW
2025-06-08 08:00:00,SO,charging,9.05263157895,XY,MW
2025-06-09 09:00:00,CE,charging,9.26315789474,XY,MW
2025-06-10 10:00:00,NR,charging,9.147368421052631,XY,MW
2025-06-11 11:00:00,SO,charging,9.26315789474,XY,MW
2025-06-12 12:00:00,CE,charging,8.84210526316,XY,MW
2025-06-13 13:00:00,NR,charging,6.6,XY,MW
2025-06-14 14:00:00,SO,charging,8.4,XY,MW
2025-06-15 15:00:00,CE,charging,4.515789473684211,XY,MW
2025-06-16 16:00:00,NR,charging,4.010526315789474,XY,MW
2025-06-17 17:00:00,SO,charging,3.4736842105263164,XY,MW
2025-06-18 18:00:00,CE,charging,7.05263157895,XY,MW
2025-06-19 19:00:00,NR,charging,7.05263157895,XY,MW
2025-06-20 20:00:00,SO,charging,7.05263157895,XY,MW
2025-06-21 21:00:00,CE,charging,5.89473684211,XY,MW
2025-06-22 22:00:00,NR,charging,5.89473684211,XY,MW
2025-06-23 23:00:00,SO,charging,5.89473684211,XY,MW
2025-06-25 00:00:00,CE,charging,4.94736842105,XY,MW
2025-06-26 01:00:00,NR,charging,4.94736842105,XY,MW
2025-06-27 02:00:00,SO,charging,4.94736842105,XY,MW
2025-06-28 03:00:00,CE,charging,4.73684210526,XY,MW
2025-06-29 04:00:00,NR,charging,4.73684210526,XY,MW
2025-06-30 05:00:00,SO,charging,4.73684210526,XY,MW
2025-07-01 06:00:00,CE,charging,5.05263157895,XY,MW
2025-07-02 07:00:00,NR,charging,5.05263157895,XY,MW
2025-07-03 08:00:00,SO,charging,5.05263157895,XY,MW
2025-07-04 09:00:00,CE,charging,4.42105263158,XY,MW
2025-07-05 10:00:00,NR,charging,4.42105263158,XY,MW
2025-07-06 11:00:00,SO,charging,4.42105263158,XY,MW
2025-07-07 12:00:00,CE,charging,5.05263157895,XY,MW
2025-07-08 13:00:00,NR,charging,5.05263157895,XY,MW
2025-07-09 14:00:00,SO,charging,5.05263157895,XY,MW
2025-07-10 15:00:00,CE,charging,4.42105263158,XY,MW
2025-07-11 16:00:00,NR,charging,4.42105263158,XY,MW
2025-07-12 17:00:00,SO,charging,4.42105263158,XY,MW
2025-07-13 18:00:00,CE,charging,4.42105263158,XY,MW
2025-07-14 19:00:00,NR,charging,4.42105263158,XY,MW
2025-07-15 20:00:00,SO,charging,4.42105263158,XY,MW
2025-07-16 21:00:00,CE,charging,3.57894736842,XY,MW
2025-07-17 22:00:00,NR,charging,3.57894736842,XY,MW
2025-07-18 23:00:00,SO,charging,3.57894736842,XY,MW
2025-07-20 00:00:00,CE,charging,2.52631578947,XY,MW
2025-07-21 01:00:00,NR,charging,2.52631578947,XY,MW
2025-07-22 02:00:00,SO,charging,2.52631578947,XY,MW
2025-07-23 03:00:00,CE,charging,0.736842105263,XY,MW
2025-07-24 04:00:00,NR,charging,0.736842105263,XY,MW
2025-07-25 05:00:00,SO,charging,0.736842105263,XY,MW
2025-07-26 06:00:00,CE,charging,2.84210526316,XY,MW
2025-07-27 07:00:00,NR,charging,2.84210526316,XY,MW
2025-07-28 08:00:00,SO,charging,2.84210526316,XY,MW
2025-07-29 09:00:00,CE,charging,2.52631578947,XY,MW
2025-07-30 10:00:00,NR,charging,2.52631578947,XY,MW
2025-07-31 11:00:00,SO,charging,2.52631578947,XY,MW
2025-08-01 12:00:00,CE,charging,4.63157894737,XY,MW
2025-08-02 13:00:00,NR,charging,4.63157894737,XY,MW
2025-08-03 14:00:00,SO,charging,4.63157894737,XY,MW
2025-08-04 15:00:00,CE,charging,5.47368421053,XY,MW
2025-08-05 16:00:00,NR,charging,5.47368421053,XY,MW
2025-08-06 17:00:00,SO,charging,5.47368421053,XY,MW
2025-08-07 18:00:00,CE,charging,6.10526315789,XY,MW
2025-08-08 19:00:00,NR,charging,6.10526315789,XY,MW
2025-08-09 20:00:00,SO,charging,6.10526315789,XY,MW
2025-08-10 21:00:00,CE,charging,6.63157894737,XY,MW
2025-08-11 22:00:00,NR,charging,6.63157894737,XY,MW
2025-08-12 23:00:00,SO,charging,6.63157894737,XY,MW
2025-08-14 00:00:00,CE,charging,6.94736842105,XY,MW
2025-08-15 01:00:00,NR,charging,6.94736842105,XY,MW
2025-08-16 02:00:00,SO,charging,6.94736842105,XY,MW
2025-08-17 03:00:00,CE,charging,6.515789473684212,XY,MW
2025-08-18 04:00:00,NR,charging,5.1684210526315795,XY,MW
2025-08-19 05:00:00,SO,charging,4.947368421052632,XY,MW
2025-08-20 06:00:00,CE,charging,8.799999999999999,XY,MW
2025-08-21 07:00:00,NR,charging,5.094736842105263,XY,MW
2025-08-22 08:00:00,SO,charging,6.48421052631579,XY,MW
2025-08-23 09:00:00,CE,charging,9.47368421053,XY,MW
2025-08-24 10:00:00,NR,charging,9.47368421053,XY,MW
2025-08-25 11:00:00,SO,charging,9.47368421053,XY,MW
2025-08-26 12:00:00,CE,charging,9.47368421053,XY,MW
2025-08-27 13:00:00,NR,charging,9.47368421053,XY,MW
2025-08-28 14:00:00,SO,charging,9.47368421053,XY,MW
2025-08-29 15:00:00,CE,charging,8.84210526316,XY,MW
2025-08-30 16:00:00,NR,charging,8.84210526316,XY,MW
2025-08-31 17:00:00,SO,charging,8.84210526316,XY,MW
2025-09-01 18:00:00,CE,charging,7.57894736842,XY,MW
2025-09-02 19:00:00,NR,charging,7.57894736842,XY,MW
2025-09-03 20:00:00,SO,charging,7.57894736842,XY,MW
2025-09-04 21:00:00,CE,charging,7.68421052632,XY,MW
2025-09-05 22:00:00,NR,charging,7.68421052632,XY,MW
2025-09-06 23:00:00,SO,charging,7.68421052632,XY,MW
2025-09-08 00:00:00,CE,charging,7.115789473684211,XY,MW
2025-09-09 01:00:00,NR,charging,5.515789473684211,XY,MW
2025-09-10 02:00:00,SO,charging,5.389473684210527,XY,MW
2025-09-11 03:00:00,CE,charging,4.31578947368,XY,MW
2025-09-12 04:00:00,NR,charging,4.31578947368,XY,MW
2025-09-13 05:00:00,SO,charging,4.31578947368,XY,MW
2025-09-14 06:00:00,CE,charging,4.73684210526,XY,MW
2025-09-15 07:00:00,NR,charging,4.73684210526,XY,MW
2025-09-16 08:00:00,SO,charging,4.73684210526,XY,MW
2025-09-17 09:00:00,CE,charging,4.52631578947,XY,MW
2025-09-18 10:00:00,NR,charging,4.52631578947,XY,MW
2025-09-19 11:00:00,SO,charging,4.52631578947,XY,MW
2025-09-20 12:00:00,CE,charging,3.47368421053,XY,MW
2025-09-21 13:00:00,NR,charging,3.47368421053,XY,MW
2025-09-22 14:00:00,SO,charging,3.47368421053,XY,MW
2025-09-23 15:00:00,CE,charging,1.78947368421,XY,MW
2025-09-24 16:00:00,NR,charging,1.78947368421,XY,MW
2025-09-25 17:00:00,SO,charging,1.78947368421,XY,MW
2025-09-26 18:00:00,CE,charging,2.42105263158,XY,MW
2025-09-27 19:00:00,NR,charging,2.42105263158,XY,MW
2025-09-28 20:00:00,SO,charging,2.42105263158,XY,MW
2025-09-29 21:00:00,CE,charging,3.15789473684,XY,MW
2025-09-30 22:00:00,NR,charging,3.15789473684,XY,MW
2025-10-01 23:00:00,SO,charging,3.15789473684,XY,MW
2025-10-03 00:00:00,CE,charging,0.421052631579,XY,MW
2025-10-04 01:00:00,NR,charging,0.421052631579,XY,MW
2025-10-05 02:00:00,SO,charging,0.421052631579,XY,MW
2025-10-06 03:00:00,CE,charging,1.57894736842,XY,MW
2025-10-07 04:00:00,NR,charging,1.57894736842,XY,MW
2025-10-08 05:00:00,SO,charging,1.57894736842,XY,MW
2025-10-09 06:00:00,CE,charging,2.10526315789,XY,MW
2025-10-10 07:00:00,NR,charging,2.10526315789,XY,MW
2025-10-11 08:00:00,SO,charging,2.10526315789,XY,MW
2025-10-12 09:00:00,CE,charging,2.52631578947,XY,MW
2025-10-13 10:00:00,NR,charging,2.52631578947,XY,MW
2025-10-14 11:00:00,SO,charging,2.52631578947,XY,MW
2025-10-15 12:00:00,CE,charging,2.63157894737,XY,MW
2025-10-16 13:00:00,NR,charging,2.63157894737,XY,MW
2025-10-17 14:00:00,SO,charging,2.63157894737,XY,MW
2025-10-18 15:00:00,CE,charging,4.52631578947,XY,MW
2025-10-19 16:00:00,NR,charging,4.52631578947,XY,MW
2025-10-20 17:00:00,SO,charging,4.52631578947,XY,MW
2025-10-21 18:00:00,CE,charging,4.42105263158,XY,MW
2025-10-22 19:00:00,NR,charging,4.42105263158,XY,MW
2025-10-23 20:00:00,SO,charging,4.42105263158,XY,MW
2025-10-24 21:00:00,CE,charging,7.15789473684,XY,MW
2025-10-25 22:00:00,NR,charging,7.15789473684,XY,MW
2025-10-26 23:00:00,SO,charging,7.15789473684,XY,MW
2025-10-28 00:00:00,CE,charging,7.89473684211,XY,MW
2025-10-29 01:00:00,NR,charging,7.89473684211,XY,MW
2025-10-30 02:00:00,SO,charging,7.89473684211,XY,MW
2025-10-31 03:00:00,CE,charging,8.31578947368,XY,MW
2025-11-01 04:00:00,NR,charging,8.31578947368,XY,MW
2025-11-02 05:00:00,SO,charging,8.31578947368,XY,MW
2025-11-03 06:00:00,CE,charging,8.73684210526,XY,MW
2025-11-04 07:00:00,NR,charging,8.73684210526,XY,MW
2025-11-05 08:00:00,SO,charging,8.73684210526,XY,MW
2025-11-06 09:00:00,CE,charging,8.73684210526,XY,MW
2025-11-07 10:00:00,NR,charging,6.947368421052632,XY,MW
2025-11-08 11:00:00,SO,charging,8.73684210526,XY,MW
2025-11-09 12:00:00,CE,charging,4.91578947368421,XY,MW
2025-11-10 13:00:00,NR,charging,4.242105263157895,XY,MW
2025-11-11 14:00:00,SO,charging,3.768421052631579,XY,MW
2025-11-12 15:00:00,CE,charging,8.31578947368,XY,MW
2025-11-13 16:00:00,NR,charging,8.31578947368,XY,MW
2025-11-14 17:00:00,SO,charging,8.31578947368,XY,MW
2025-11-15 18:00:00,CE,charging,7.36842105263,XY,MW
2025-11-16 19:00:00,NR,charging,7.36842105263,XY,MW
2025-11-17 20:00:00,SO,charging,7.36842105263,XY,MW
2025-11-18 21:00:00,CE,charging,5.57894736842,XY,MW
2025-11-19 22:00:00,NR,charging,5.57894736842,XY,MW
2025-11-20 23:00:00,SO,charging,5.57894736842,XY,MW
2025-11-22 00:00:00,CE,charging,4.63157894737,XY,MW
2025-11-23 01:00:00,NR,charging,4.63157894737,XY,MW
2025-11-24 02:00:00,SO,charging,4.63157894737,XY,MW
2025-11-25 03:00:00,CE,charging,4.73684210526,XY,MW
2025-11-26 04:00:00,NR,charging,4.73684210526,XY,MW
2025-11-27 05:00:00,SO,charging,4.73684210526,XY,MW
2025-11-28 06:00:00,CE,charging,5.15789473684,XY,MW
2025-11-29 07:00:00,NR,charging,5.15789473684,XY,MW
2025-11-30 08:00:00,SO,charging,5.15789473684,XY,MW
2025-12-01 09:00:00,CE,charging,5.47368421053,XY,MW
2025-12-02 10:00:00,NR,charging,5.47368421053,XY,MW
2025-12-03 11:00:00,SO,charging,5.47368421053,XY,MW
2025-12-04 12:00:00,CE,charging,4.0,XY,MW
2025-12-05 13:00:00,NR,charging,4.0,XY,MW
2025-12-06 14:00:00,SO,charging,4.0,XY,MW
2025-12-07 15:00:00,CE,charging,4.42105263158,XY,MW
2025-12-08 16:00:00,NR,charging,4.42105263158,XY,MW
2025-12-09 17:00:00,SO,charging,4.42105263158,XY,MW
2025-12-10 18:00:00,CE,charging,3.78947368421,XY,MW
2025-12-11 19:00:00,NR,charging,3.78947368421,XY,MW
2025-12-12 20:00:00,SO,charging,3.78947368421,XY,MW
2025-12-13 21:00:00,CE,charging,2.84210526316,XY,MW
2025-12-14 22:00:00,NR,charging,2.84210526316,XY,MW
2025-12-15 23:00:00,SO,charging,2.84210526316,XY,MW
2025-12-17 00:00:00,CE,charging,0.315789473684,XY,MW
2025-12-18 01:00:00,NR,charging,0.315789473684,XY,MW
2025-12-19 02:00:00,SO,charging,0.315789473684,XY,MW
2025-12-20 03:00:00,CE,charging,2.21052631579,XY,MW
2025-12-21 04:00:00,NR,charging,2.21052631579,XY,MW
2025-12-22 05:00:00,SO,charging,2.21052631579,XY,MW
2025-12-23 06:00:00,CE,charging,2.31578947368,XY,MW
2025-12-24 07:00:00,NR,charging,2.31578947368,XY,MW
2025-12-25 08:00:00,SO,charging,2.31578947368,XY,MW
2025-12-26 09:00:00,CE,charging,3.36842105263,XY,MW
2025-12-27 10:00:00,NR,charging,3.36842105263,XY,MW
2025-12-28 11:00:00,SO,charging,3.36842105263,XY,MW
2025-12-29 12:00:00,CE,charging,3.78947368421,XY,MW
2025-12-30 13:00:00,NR,charging,3.78947368421,XY,MW
2025-12-31 14:00:00,SO,charging,3.78947368421,XY,MW
2026-01-01 15:00:00,CE,charging,5.15789473684,XY,MW
2026-01-02 16:00:00,NR,charging,5.15789473684,XY,MW
2026-01-03 17:00:00,SO,charging,5.15789473684,XY,MW
2026-01-04 18:00:00,CE,charging,5.68421052632,XY,MW
2026-01-05 19:00:00,NR,charging,5.68421052632,XY,MW
2026-01-06 20:00:00,SO,charging,5.68421052632,XY,MW
2026-01-07 21:00:00,CE,charging,5.68421052632,XY,MW
2026-01-08 22:00:00,NR,charging,5.68421052632,XY,MW
2026-01-09 23:00:00,SO,charging,5.68421052632,XY,MW
2026-01-11 00:00:00,CE,charging,6.94736842105,XY,MW
2026-01-12 01:00:00,NR,charging,6.210526315789474,XY,MW
2026-01-13 02:00:00,SO,charging,6.273684210526316,XY,MW
2026-01-14 03:00:00,CE,charging,7.78947368421,XY,MW
2026-01-15 04:00:00,NR,charging,5.094736842105263,XY,MW
2026-01-16 05:00:00,SO,charging,6.48421052631579,XY,MW
2026-01-17 06:00:00,CE,charging,9.05263157895,XY,MW
2026-01-18 07:00:00,NR,charging,9.05263157895,XY,MW
2026-01-19 08:00:00,SO,charging,9.05263157895,XY,MW
2026-01-20 09:00:00,CE,charging,9.26315789474,XY,MW
2026-01-21 10:00:00,NR,charging,9.26315789474,XY,MW
2026-01-22 11:00:00,SO,charging,9.26315789474,XY,MW
2026-01-23 12:00:00,CE,charging,8.63157894737,XY,MW
2026-01-24 13:00:00,NR,charging,8.63157894737,XY,MW
2026-01-25 14:00:00,SO,charging,8.63157894737,XY,MW
2026-01-26 15:00:00,CE,charging,9.26315789474,XY,MW
2026-01-27 16:00:00,NR,charging,9.26315789474,XY,MW
2026-01-28 17:00:00,SO,charging,9.26315789474,XY,MW
2026-01-29 18:00:00,CE,charging,9.05263157895,XY,MW
2026-01-30 19:00:00,NR,charging,6.863157894736843,XY,MW
2026-01-31 20:00:00,SO,charging,9.05263157895,XY,MW
2026-02-01 21:00:00,CE,charging,5.915789473684211,XY,MW
2026-02-02 22:00:00,NR,charging,4.821052631578947,XY,MW
2026-02-03 23:00:00,SO,charging,4.5052631578947375,XY,MW
2026-02-05 00:00:00,CE,charging,4.0,XY,MW
2026-02-06 01:00:00,NR,charging,4.0,XY,MW
2026-02-07 02:00:00,SO,charging,4.0,XY,MW
2026-02-08 03:00:00,CE,charging,4.31578947368,XY,MW
2026-02-09 04:00:00,NR,charging,4.31578947368,XY,MW
2026-02-10 05:00:00,SO,charging,4.31578947368,XY,MW
2026-02-11 06:00:00,CE,charging,4.52631578947,XY,MW
2026-02-12 07:00:00,NR,charging,4.52631578947,XY,MW
2026-02-13 08:00:00,SO,charging,4.52631578947,XY,MW
2026-02-14 09:00:00,CE,charging,4.42105263158,XY,MW
2026-02-15 10:00:00,NR,charging,4.42105263158,XY,MW
2026-02-16 11:00:00,SO,charging,4.42105263158,XY,MW
2026-02-17 12:00:00,CE,charging,3.05263157895,XY,MW
2026-02-18 13:00:00,NR,charging,3.05263157895,XY,MW
2026-02-19 14:00:00,SO,charging,3.05263157895,XY,MW
2026-02-20 15:00:00,CE,charging,2.21052631579,XY,MW
2026-02-21 16:00:00,NR,charging,2.21052631579,XY,MW
2026-02-22 17:00:00,SO,charging,2.21052631579,XY,MW
2026-02-23 18:00:00,CE,charging,3.26315789474,XY,MW
2026-02-24 19:00:00,NR,charging,3.26315789474,XY,MW
2026-02-25 20:00:00,SO,charging,3.26315789474,XY,MW
2026-02-26 21:00:00,CE,charging,2.31578947368,XY,MW
2026-02-27 22:00:00,NR,charging,2.31578947368,XY,MW
2026-02-28 23:00:00,SO,charging,2.31578947368,XY,MW
2026-03-02 00:00:00,CE,charging,2.42105263158,XY,MW
2026-03-03 01:00:00,NR,charging,2.42105263158,XY,MW
2026-03-04 02:00:00,SO,charging,2.42105263158,XY,MW
2026-03-05 03:00:00,CE,charging,2.31578947368,XY,MW
2026-03-06 04:00:00,NR,charging,2.31578947368,XY,MW
2026-03-07 05:00:00,SO,charging,2.31578947368,XY,MW
2026-03-08 06:00:00,CE,charging,1.89473684211,XY,MW
2026-03-09 07:00:00,NR,charging,1.89473684211,XY,MW
2026-03-10 08:00:00,SO,charging,1.89473684211,XY,MW
2026-03-11 09:00:00,CE,charging,1.78947368421,XY,MW
2026-03-12 10:00:00,NR,charging,1.78947368421,XY,MW
2026-03-13 11:00:00,SO,charging,1.78947368421,XY,MW
2026-03-14 12:00:00,CE,charging,4.42105263158,XY,MW
2026-03-15 13:00:00,NR,charging,4.42105263158,XY,MW
2026-03-16 14:00:00,SO,charging,4.42105263158,XY,MW
2026-03-17 15:00:00,CE,charging,4.10526315789,XY,MW
2026-03-18 16:00:00,NR,charging,4.10526315789,XY,MW
2026-03-19 17:00:00,SO,charging,4.10526315789,XY,MW
2026-03-20 18:00:00,CE,charging,6.42105263158,XY,MW
2026-03-21 19:00:00,NR,charging,6.42105263158,XY,MW
2026-03-22 20:00:00,SO,charging,6.42105263158,XY,MW
2026-03-23 21:00:00,CE,charging,7.05263157895,XY,MW
2026-03-24 22:00:00,NR,charging,7.05263157895,XY,MW
2026-03-25 23:00:00,SO,charging,7.05263157895,XY,MW
2026-03-27 00:00:00,CE,charging,6.52631578947,XY,MW
2026-03-28 01:00:00,NR,charging,6.52631578947,XY,MW
2026-03-29 02:00:00,SO,charging,6.52631578947,XY,MW
2026-03-30 03:00:00,CE,charging,8.31578947368,XY,MW
2026-03-31 04:00:00,NR,charging,8.31578947368,XY,MW
2026-04-01 05:00:00,SO,charging,8.31578947368,XY,MW
2026-04-02 06:00:00,CE,charging,8.21052631579,XY,MW
2026-04-03 07:00:00,NR,charging,6.389473684214738,XY,MW
2026-04-04 08:00:00,SO,charging,8.21052631579,XY,MW
2026-04-05 09:00:00,CE,charging,5.515789473684211,XY,MW
2026-04-06 10:00:00,NR,charging,4.589473684210527,XY,MW
2026-04-07 11:00:00,SO,charging,4.2105263157894735,XY,MW
2026-04-08 12:00:00,CE,charging,8.63157894737,XY,MW
2026-04-09 13:00:00,NR,charging,8.63157894737,XY,MW
2026-04-10 14:00:00,SO,charging,8.63157894737,XY,MW
2026-04-11 15:00:00,CE,charging,8.84210526316,XY,MW
2026-04-12 16:00:00,NR,charging,8.84210526316,XY,MW
2026-04-13 17:00:00,SO,charging,8.84210526316,XY,MW
2026-04-14 18:00:00,CE,charging,7.36842105263,XY,MW
2026-04-15 19:00:00,NR,charging,7.36842105263,XY,MW
2026-04-16 20:00:00,SO,charging,7.36842105263,XY,MW
2026-04-17 21:00:00,CE,charging,4.63157894737,XY,MW
2026-04-18 22:00:00,NR,charging,4.63157894737,XY,MW
2026-04-19 23:00:00,SO,charging,4.63157894737,XY,MW
2026-04-21 00:00:00,CE,charging,5.68421052632,XY,MW
2026-04-22 01:00:00,NR,charging,5.68421052632,XY,MW
2026-04-23 02:00:00,SO,charging,5.68421052632,XY,MW
2026-04-24 03:00:00,CE,charging,5.15789473684,XY,MW
2026-04-25 04:00:00,NR,charging,5.15789473684,XY,MW
2026-04-26 05:00:00,SO,charging,5.15789473684,XY,MW
2026-04-27 06:00:00,CE,charging,6.10526315789,XY,MW
2026-04-28 07:00:00,NR,charging,6.10526315789,XY,MW
2026-04-29 08:00:00,SO,charging,6.10526315789,XY,MW
2026-04-30 09:00:00,CE,charging,6.31578947368,XY,MW
2026-05-01 10:00:00,NR,charging,6.31578947368,XY,MW
2026-05-02 11:00:00,SO,charging,6.31578947368,XY,MW
2026-05-03 12:00:00,CE,charging,4.10526315789,XY,MW
2026-05-04 13:00:00,NR,charging,4.10526315789,XY,MW
2026-05-05 14:00:00,SO,charging,4.10526315789,XY,MW
2026-05-06 15:00:00,CE,charging,4.63157894737,XY,MW
2026-05-07 16:00:00,NR,charging,4.63157894737,XY,MW
2026-05-08 17:00:00,SO,charging,4.63157894737,XY,MW
2026-05-09 18:00:00,CE,charging,4.21052631579,XY,MW
2026-05-10 19:00:00,NR,charging,4.21052631579,XY,MW
2026-05-11 20:00:00,SO,charging,4.21052631579,XY,MW
2026-05-12 21:00:00,CE,charging,3.57894736842,XY,MW
2026-05-13 22:00:00,NR,charging,3.57894736842,XY,MW
2026-05-14 23:00:00,SO,charging,3.57894736842,XY,MW
2026-05-16 00:00:00,CE,charging,1.15789473684,XY,MW
2026-05-17 01:00:00,NR,charging,1.15789473684,XY,MW
2026-05-18 02:00:00,SO,charging,1.15789473684,XY,MW
2026-05-19 03:00:00,CE,charging,2.63157894737,XY,MW
2026-05-20 04:00:00,NR,charging,2.63157894737,XY,MW
2026-05-21 05:00:00,SO,charging,2.63157894737,XY,MW
2026-05-22 06:00:00,CE,charging,1.89473684211,XY,MW
2026-05-23 07:00:00,NR,charging,1.89473684211,XY,MW
2026-05-24 08:00:00,SO,charging,1.89473684211,XY,MW
2026-05-25 09:00:00,CE,charging,2.52631578947,XY,MW
2026-05-26 10:00:00,NR,charging,2.52631578947,XY,MW
2026-05-27 11:00:00,SO,charging,2.52631578947,XY,MW
2026-05-28 12:00:00,CE,charging,3.15789473684,XY,MW
2026-05-29 13:00:00,NR,charging,3.15789473684,XY,MW
2026-05-30 14:00:00,SO,charging,3.15789473684,XY,MW
2026-05-31 15:00:00,CE,charging,4.0,XY,MW
2026-06-01 16:00:00,NR,charging,4.0,XY,MW
2026-06-02 17:00:00,SO,charging,4.0,XY,MW
2026-06-03 18:00:00,CE,charging,4.42105263158,XY,MW
2026-06-04 19:00:00,NR,charging,4.42105263158,XY,MW
2026-06-05 20:00:00,SO,charging,4.42105263158,XY,MW
2026-06-06 21:00:00,CE,charging,4.52631578947,XY,MW
2026-06-07 22:00:00,NR,charging,4.52631578947,XY,MW
2026-06-08 23:00:00,SO,charging,4.52631578947,XY,MW
2026-06-10 00:00:00,CE,charging,6.63157894737,XY,MW
2026-06-11 01:00:00,NR,charging,6.63157894737,XY,MW
2026-06-12 02:00:00,SO,charging,6.63157894737,XY,MW
2026-06-13 03:00:00,CE,charging,6.73684210526,XY,MW
2026-06-14 04:00:00,NR,charging,5.25263157894579,XY,MW
2026-06-15 05:00:00,SO,charging,6.73684210526,XY,MW
2026-06-16 06:00:00,CE,charging,8.52631578947,XY,MW
2026-06-17 07:00:00,NR,charging,8.52631578947,XY,MW
2026-06-18 08:00:00,SO,charging,8.52631578947,XY,MW
2026-06-19 09:00:00,CE,charging,8.94736842105,XY,MW
2026-06-20 10:00:00,NR,charging,8.94736842105,XY,MW
2026-06-21 11:00:00,SO,charging,8.94736842105,XY,MW
2026-06-22 12:00:00,CE,charging,9.26315789474,XY,MW
2026-06-23 13:00:00,NR,charging,9.26315789474,XY,MW
2026-06-24 14:00:00,SO,charging,9.26315789474,XY,MW
2026-06-25 15:00:00,CE,charging,9.15789473684,XY,MW
2026-06-26 16:00:00,NR,charging,9.15789473684,XY,MW
2026-06-27 17:00:00,SO,charging,9.15789473684,XY,MW
2026-06-28 18:00:00,CE,charging,8.42105263158,XY,MW
2026-06-29 19:00:00,NR,charging,8.42105263158,XY,MW
2026-06-30 20:00:00,SO,charging,8.42105263158,XY,MW
2026-07-01 21:00:00,CE,charging,4.778947368421053,XY,MW
2026-07-02 22:00:00,NR,charging,3.1157894736842104,XY,MW
2026-07-03 23:00:00,SO,charging,3.557894736842105,XY,MW
2026-07-05 00:00:00,CE,charging,5.15789473684,XY,MW
2026-07-06 01:00:00,NR,charging,5.15789473684,XY,MW
2026-07-07 02:00:00,SO,charging,5.15789473684,XY,MW
2026-07-08 03:00:00,CE,charging,5.05263157895,XY,MW
2026-07-09 04:00:00,NR,charging,5.05263157895,XY,MW
2026-07-10 05:00:00,SO,charging,5.05263157895,XY,MW
2026-07-11 06:00:00,CE,charging,4.73684210526,XY,MW
2026-07-12 07:00:00,NR,charging,4.73684210526,XY,MW
2026-07-13 08:00:00,SO,charging,4.73684210526,XY,MW
2026-07-14 09:00:00,CE,charging,4.52631578947,XY,MW
2026-07-15 10:00:00,NR,charging,4.52631578947,XY,MW
2026-07-16 11:00:00,SO,charging,4.52631578947,XY,MW
2026-07-17 12:00:00,CE,charging,4.10526315789,XY,MW
2026-07-18 13:00:00,NR,charging,4.10526315789,XY,MW
2026-07-19 14:00:00,SO,charging,4.10526315789,XY,MW
2026-07-20 15:00:00,CE,charging,2.94736842105,XY,MW
2026-07-21 16:00:00,NR,charging,2.94736842105,XY,MW
2026-07-22 17:00:00,SO,charging,2.94736842105,XY,MW
2026-07-23 18:00:00,CE,charging,2.94736842105,XY,MW
2026-07-24 19:00:00,NR,charging,2.94736842105,XY,MW
2026-07-25 20:00:00,SO,charging,2.94736842105,XY,MW
2026-07-26 21:00:00,CE,charging,3.68421052632,XY,MW
2026-07-27 22:00:00,NR,charging,3.68421052632,XY,MW
2026-07-28 23:00:00,SO,charging,3.68421052632,XY,MW
2026-07-30 00:00:00,CE,charging,3.47368421053,XY,MW
2026-07-31 01:00:00,NR,charging,3.47368421053,XY,MW
2026-08-01 02:00:00,SO,charging,3.47368421053,XY,MW
2026-08-02 03:00:00,CE,charging,2.63157894737,XY,MW
2026-08-03 04:00:00,NR,charging,2.63157894737,XY,MW
2026-08-04 05:00:00,SO,charging,2.63157894737,XY,MW
2026-08-05 06:00:00,CE,charging,1.78947368421,XY,MW
2026-08-06 07:00:00,NR,charging,1.78947368421,XY,MW
2026-08-07 08:00:00,SO,charging,1.78947368421,XY,MW
2026-08-08 09:00:00,CE,charging,0.842105263158,XY,MW
2026-08-09 10:00:00,NR,charging,0.842105263158,XY,MW
2026-08-10 11:00:00,SO,charging,0.842105263158,XY,MW
2026-08-11 12:00:00,CE,charging,3.36842105263,XY,MW
2026-08-12 13:00:00,NR,charging,3.36842105263,XY,MW
2026-08-13 14:00:00,SO,charging,3.36842105263,XY,MW
2026-08-14 15:00:00,CE,charging,2.84210526316,XY,MW
2026-08-15 16:00:00,NR,charging,2.84210526316,XY,MW
2026-08-16 17:00:00,SO,charging,2.84210526316,XY,MW
2026-08-17 18:00:00,CE,charging,5.26315789474,XY,MW
2026-08-18 19:00:00,NR,charging,5.26315789474,XY,MW
2026-08-19 20:00:00,SO,charging,5.26315789474,XY,MW
2026-08-20 21:00:00,CE,charging,6.0,XY,MW
2026-08-21 22:00:00,NR,charging,6.0,XY,MW
2026-08-22 23:00:00,SO,charging,6.0,XY,MW
2026-08-24 00:00:00,CE,charging,6.63157894737,XY,MW
2026-08-25 01:00:00,NR,charging,6.63157894737,XY,MW
2026-08-26 02:00:00,SO,charging,6.63157894737,XY,MW
2026-08-27 03:00:00,CE,charging,7.05263157895,XY,MW
2026-08-28 04:00:00,NR,charging,7.05263157895,XY,MW
2026-08-29 05:00:00,SO,charging,7.05263157895,XY,MW
2026-08-30 06:00:00,CE,charging,6.73684210526,XY,MW
2026-08-31 07:00:00,NR,charging,6.73684210526,XY,MW
2026-09-01 08:00:00,SO,charging,6.73684210526,XY,MW
2026-09-02 09:00:00,CE,charging,6.315789473684211,XY,MW
2026-09-03 10:00:00,NR,charging,5.052631578947368,XY,MW
2026-09-04 11:00:00,SO,charging,4.8,XY,MW
2026-09-05 12:00:00,CE,charging,8.42105263158,XY,MW
2026-09-06 13:00:00,NR,charging,6.831578947368421,XY,MW
2026-09-07 14:00:00,SO,charging,8.42105263158,XY,MW
2026-09-08 15:00:00,CE,charging,9.26315789474,XY,MW
2026-09-09 16:00:00,NR,charging,9.26315789474,XY,MW
2026-09-10 17:00:00,SO,charging,9.26315789474,XY,MW
2026-09-11 18:00:00,CE,charging,8.73684210526,XY,MW
2026-09-12 19:00:00,NR,charging,8.73684210526,XY,MW
2026-09-13 20:00:00,SO,charging,8.73684210526,XY,MW
2026-09-14 21:00:00,CE,charging,7.36842105263,XY,MW
2026-09-15 22:00:00,NR,charging,7.36842105263,XY,MW
2026-09-16 23:00:00,SO,charging,7.36842105263,XY,MW
2026-09-18 00:00:00,CE,charging,6.10526315789,XY,MW
2026-09-19 01:00:00,NR,charging,6.10526315789,XY,MW
2026-09-20 02:00:00,SO,charging,6.10526315789,XY,MW
2026-09-21 03:00:00,CE,charging,6.42105263158,XY,MW
2026-09-22 04:00:00,NR,charging,6.42105263158,XY,MW
2026-09-23 05:00:00,SO,charging,6.42105263158,XY,MW
2026-09-24 06:00:00,CE,charging,6.73684210526,XY,MW
2026-09-25 07:00:00,NR,charging,6.73684210526,XY,MW
2026-09-26 08:00:00,SO,charging,6.73684210526,XY,MW
2026-09-27 09:00:00,CE,charging,4.0,XY,MW
2026-09-28 10:00:00,NR,charging,4.0,XY,MW
2026-09-29 11:00:00,SO,charging,4.0,XY,MW
2026-09-30 12:00:00,CE,charging,4.42105263158,XY,MW
2026-10-01 13:00:00,NR,charging,4.42105263158,XY,MW
2026-10-02 14:00:00,SO,charging,4.42105263158,XY,MW
2026-10-03 15:00:00,CE,charging,4.10526315789,XY,MW
2026-10-04 16:00:00,NR,charging,4.10526315789,XY,MW
2026-10-05 17:00:00,SO,charging,4.10526315789,XY,MW
2026-10-06 18:00:00,CE,charging,3.78947368421,XY,MW
2026-10-07 19:00:00,NR,charging,3.78947368421,XY,MW
2026-10-08 20:00:00,SO,charging,3.78947368421,XY,MW
2026-10-09 21:00:00,CE,charging,1.89473684211,XY,MW
2026-10-10 22:00:00,NR,charging,1.89473684211,XY,MW
2026-10-11 23:00:00,SO,charging,1.89473684211,XY,MW
2026-10-13 00:00:00,CE,charging,2.0,XY,MW
2026-10-14 01:00:00,NR,charging,2.0,XY,MW
2026-10-15 02:00:00,SO,charging,2.0,XY,MW
2026-10-16 03:00:00,CE,charging,1.47368421053,XY,MW
2026-10-17 04:00:00,NR,charging,1.47368421053,XY,MW
2026-10-18 05:00:00,SO,charging,1.47368421053,XY,MW
2026-10-19 06:00:00,CE,charging,2.31578947368,XY,MW
2026-10-20 07:00:00,NR,charging,2.31578947368,XY,MW
2026-10-21 08:00:00,SO,charging,2.31578947368,XY,MW
2026-10-22 09:00:00,CE,charging,2.63157894737,XY,MW
2026-10-23 10:00:00,NR,charging,2.63157894737,XY,MW
2026-10-24 11:00:00,SO,charging,2.63157894737,XY,MW
2026-10-25 12:00:00,CE,charging,3.05263157895,XY,MW
2026-10-26 13:00:00,NR,charging,3.05263157895,XY,MW
2026-10-27 14:00:00,SO,charging,3.05263157895,XY,MW
2026-10-28 15:00:00,CE,charging,3.47368421053,XY,MW
2026-10-29 16:00:00,NR,charging,3.47368421053,XY,MW
2026-10-30 17:00:00,SO,charging,3.47368421053,XY,MW
2026-10-31 18:00:00,CE,charging,3.05263157895,XY,MW
2026-11-01 19:00:00,NR,charging,3.05263157895,XY,MW
2026-11-02 20:00:00,SO,charging,3.05263157895,XY,MW
2026-11-03 21:00:00,CE,charging,5.05263157895,XY,MW
2026-11-04 22:00:00,NR,charging,5.05263157895,XY,MW
2026-11-05 23:00:00,SO,charging,5.05263157895,XY,MW
2026-11-07 00:00:00,CE,charging,5.26315789474,XY,MW
2026-11-08 01:00:00,NR,charging,5.26315789474,XY,MW
2026-11-09 02:00:00,SO,charging,5.26315789474,XY,MW
2026-11-10 03:00:00,CE,charging,7.68421052632,XY,MW
2026-11-11 04:00:00,NR,charging,7.68421052632,XY,MW
2026-11-12 05:00:00,SO,charging,7.68421052632,XY,MW
2026-11-13 06:00:00,CE,charging,8.21052631579,XY,MW
2026-11-14 07:00:00,NR,charging,8.21052631579,XY,MW
2026-11-15 08:00:00,SO,charging,8.21052631579,XY,MW
2026-11-16 09:00:00,CE,charging,8.73684210526,XY,MW
2026-11-17 10:00:00,NR,charging,8.73684210526,XY,MW
2026-11-18 11:00:00,SO,charging,8.73684210526,XY,MW
2026-11-19 12:00:00,CE,charging,8.94736842105,XY,MW
2026-11-20 13:00:00,NR,charging,8.052631578950528,XY,MW
2026-11-21 14:00:00,SO,charging,8.94736842105,XY,MW
2026-11-22 15:00:00,CE,charging,8.52631578947,XY,MW
2026-11-23 16:00:00,NR,charging,6.715789473684211,XY,MW
2026-11-24 17:00:00,SO,charging,8.52631578947,XY,MW
2026-11-25 18:00:00,CE,charging,5.715789473684212,XY,MW
2026-11-26 19:00:00,NR,charging,4.705263157894737,XY,MW
2026-11-27 20:00:00,SO,charging,4.3578947368421055,XY,MW
2026-11-28 21:00:00,CE,charging,6.73684210526,XY,MW
2026-11-29 22:00:00,NR,charging,6.73684210526,XY,MW
2026-11-30 23:00:00,SO,charging,6.73684210526,XY,MW
2026-12-02 00:00:00,CE,charging,5.78947368421,XY,MW
2026-12-03 01:00:00,NR,charging,5.78947368421,XY,MW
2026-12-04 02:00:00,SO,charging,5.78947368421,XY,MW
2026-12-05 03:00:00,CE,charging,4.94736842105,XY,MW
2026-12-06 04:00:00,NR,charging,4.94736842105,XY,MW
2026-12-07 05:00:00,SO,charging,4.94736842105,XY,MW
2026-12-08 06:00:00,CE,charging,4.52631578947,XY,MW
2026-12-09 07:00:00,NR,charging,4.52631578947,XY,MW
2026-12-10 08:00:00,SO,charging,4.52631578947,XY,MW
2026-12-11 09:00:00,CE,charging,4.42105263158,XY,MW
2026-12-12 10:00:00,NR,charging,4.42105263158,XY,MW
2026-12-13 11:00:00,SO,charging,4.42105263158,XY,MW
2026-12-14 12:00:00,CE,charging,3.47368421053,XY,MW
2026-12-15 13:00:00,NR,charging,3.47368421053,XY,MW
2026-12-16 14:00:00,SO,charging,3.47368421053,XY,MW
2026-12-17 15:00:00,CE,charging,3.36842105263,XY,MW
2026-12-18 16:00:00,NR,charging,3.36842105263,XY,MW
2026-12-19 17:00:00,SO,charging,3.36842105263,XY,MW
2026-12-20 18:00:00,CE,charging,3.78947368421,XY,MW
2026-12-21 19:00:00,NR,charging,3.78947368421,XY,MW
2026-12-22 20:00:00,SO,charging,3.78947368421,XY,MW
2026-12-23 21:00:00,CE,charging,3.89473684211,XY,MW
2026-12-24 22:00:00,NR,charging,3.89473684211,XY,MW
2026-12-25 23:00:00,SO,charging,3.89473684211,XY,MW
2026-12-27 00:00:00,CE,charging,3.15789473684,XY,MW
2026-12-28 01:00:00,NR,charging,3.15789473684,XY,MW
2026-12-29 02:00:00,SO,charging,3.15789473684,XY,MW
2026-12-30 03:00:00,CE,charging,2.10526315789,XY,MW
2026-12-31 04:00:00,NR,charging,2.10526315789,XY,MW
2027-01-01 05:00:00,SO,charging,2.10526315789,XY,MW
2027-01-02 06:00:00,CE,charging,0.421052631579,XY,MW
2027-01-03 07:00:00,NR,charging,0.421052631579,XY,MW
2027-01-04 08:00:00,SO,charging,0.421052631579,XY,MW
2027-01-05 09:00:00,CE,charging,2.21052631579,XY,MW
2027-01-06 10:00:00,NR,charging,2.21052631579,XY,MW
2027-01-07 11:00:00,SO,charging,2.21052631579,XY,MW
2027-01-08 12:00:00,CE,charging,1.26315789474,XY,MW
2027-01-09 13:00:00,NR,charging,1.26315789474,XY,MW
2027-01-10 14:00:00,SO,charging,1.26315789474,XY,MW
2027-01-11 15:00:00,CE,charging,4.31578947368,XY,MW
2027-01-12 16:00:00,NR,charging,4.31578947368,XY,MW
2027-01-13 17:00:00,SO,charging,4.31578947368,XY,MW
2027-01-14 18:00:00,CE,charging,5.15789473684,XY,MW
2027-01-15 19:00:00,NR,charging,5.15789473684,XY,MW
2027-01-16 20:00:00,SO,charging,5.15789473684,XY,MW
2027-01-17 21:00:00,CE,charging,5.78947368421,XY,MW
2027-01-18 22:00:00,NR,charging,5.78947368421,XY,MW
2027-01-19 23:00:00,SO,charging,5.78947368421,XY,MW
2027-01-21 00:00:00,CE,charging,6.31578947368,XY,MW
2027-01-22 01:00:00,NR,charging,6.31578947368,XY,MW
2027-01-23 02:00:00,SO,charging,6.31578947368,XY,MW
2027-01-24 03:00:00,CE,charging,6.42105263158,XY,MW
2027-01-25 04:00:00,NR,charging,6.42105263158,XY,MW
2027-01-26 05:00:00,SO,charging,6.42105263158,XY,MW
2027-01-27 06:00:00,CE,charging,7.115789473684211,XY,MW
2027-01-28 07:00:00,NR,charging,5.515789473684211,XY,MW
2027-01-29 08:00:00,SO,charging,5.389473684210527,XY,MW
2027-01-30 09:00:00,CE,charging,8.21052631579,XY,MW
2027-01-31 10:00:00,NR,charging,5.442105263157895,XY,MW
2027-02-01 11:00:00,SO,charging,6.926315789473684,XY,MW
2027-02-02 12:00:00,CE,charging,9.36842105263,XY,MW
2027-02-03 13:00:00,NR,charging,9.36842105263,XY,MW
2027-02-04 14:00:00,SO,charging,9.36842105263,XY,MW
2027-02-05 15:00:00,CE,charging,9.36842105263,XY,MW
2027-02-06 16:00:00,NR,charging,9.36842105263,XY,MW
2027-02-07 17:00:00,SO,charging,9.36842105263,XY,MW
2027-02-08 18:00:00,CE,charging,8.84210526316,XY,MW
2027-02-09 19:00:00,NR,charging,8.84210526316,XY,MW
2027-02-10 20:00:00,SO,charging,8.84210526316,XY,MW
2027-02-11 21:00:00,CE,charging,7.47368421053,XY,MW
2027-02-12 22:00:00,NR,charging,7.47368421053,XY,MW
2027-02-13 23:00:00,SO,charging,7.47368421053,XY,MW
2027-02-15 00:00:00,CE,charging,8.10526315789,XY,MW
2027-02-16 01:00:00,NR,charging,8.10526315789,XY,MW
2027-02-17 02:00:00,SO,charging,8.10526315789,XY,MW
2027-02-18 03:00:00,CE,charging,7.915789473684211,XY,MW
2027-02-19 04:00:00,NR,charging,5.978947368421053,XY,MW
2027-02-20 05:00:00,SO,charging,5.9789473684210535,XY,MW
2027-02-21 06:00:00,CE,charging,4.0,XY,MW
2027-02-22 07:00:00,NR,charging,4.0,XY,MW
2027-02-23 08:00:00,SO,charging,4.0,XY,MW
2027-02-24 09:00:00,CE,charging,4.52631578947,XY,MW
2027-02-25 10:00:00,NR,charging,4.52631578947,XY,MW
2027-02-26 11:00:00,SO,charging,4.52631578947,XY,MW
2027-02-27 12:00:00,CE,charging,4.52631578947,XY,MW
2027-02-28 13:00:00,NR,charging,4.52631578947,XY,MW
2027-03-01 14:00:00,SO,charging,4.52631578947,XY,MW
2027-03-02 15:00:00,CE,charging,4.31578947368,XY,MW
2027-03-03 16:00:00,NR,charging,4.31578947368,XY,MW
2027-03-04 17:00:00,SO,charging,4.31578947368,XY,MW
2027-03-05 18:00:00,CE,charging,2.63157894737,XY,MW
2027-03-06 19:00:00,NR,charging,2.63157894737,XY,MW
2027-03-07 20:00:00,SO,charging,2.63157894737,XY,MW
2027-03-08 21:00:00,CE,charging,2.31578947368,XY,MW
2027-03-09 22:00:00,NR,charging,2.31578947368,XY,MW
2027-03-10 23:00:00,SO,charging,2.31578947368,XY,MW
2027-03-12 00:00:00,CE,charging,2.21052631579,XY,MW
2027-03-13 01:00:00,NR,charging,2.21052631579,XY,MW
2027-03-14 02:00:00,SO,charging,2.21052631579,XY,MW
2027-03-15 03:00:00,CE,charging,2.63157894737,XY,MW
2027-03-16 04:00:00,NR,charging,2.63157894737,XY,MW
2027-03-17 05:00:00,SO,charging,2.63157894737,XY,MW
2027-03-18 06:00:00,CE,charging,2.10526315789,XY,MW
2027-03-19 07:00:00,NR,charging,2.10526315789,XY,MW
2027-03-20 08:00:00,SO,charging,2.10526315789,XY,MW
2027-03-21 09:00:00,CE,charging,2.0,XY,MW
2027-03-22 10:00:00,NR,charging,2.0,XY,MW
2027-03-23 11:00:00,SO,charging,2.0,XY,MW
2027-03-24 12:00:00,CE,charging,2.21052631579,XY,MW
2027-03-25 13:00:00,NR,charging,2.21052631579,XY,MW
2027-03-26 14:00:00,SO,charging,2.21052631579,XY,MW
2027-03-27 15:00:00,CE,charging,2.0,XY,MW
2027-03-28 16:00:00,NR,charging,2.0,XY,MW
2027-03-29 17:00:00,SO,charging,2.0,XY,MW
2027-03-30 18:00:00,CE,charging,4.63157894737,XY,MW
2027-03-31 19:00:00,NR,charging,4.63157894737,XY,MW
2027-04-01 20:00:00,SO,charging,4.63157894737,XY,MW
2027-04-02 21:00:00,CE,charging,4.52631578947,XY,MW
2027-04-03 22:00:00,NR,charging,4.52631578947,XY,MW
2027-04-04 23:00:00,SO,charging,4.52631578947,XY,MW
2027-04-06 00:00:00,CE,charging,7.36842105263,XY,MW
2027-04-07 01:00:00,NR,charging,7.36842105263,XY,MW
2027-04-08 02:00:00,SO,charging,7.36842105263,XY,MW
2027-04-09 03:00:00,CE,charging,7.15789473684,XY,MW
2027-04-10 04:00:00,NR,charging,7.15789473684,XY,MW
2027-04-11 05:00:00,SO,charging,7.15789473684,XY,MW
2027-04-12 06:00:00,CE,charging,8.52631578947,XY,MW
2027-04-13 07:00:00,NR,charging,8.52631578947,XY,MW
2027-04-14 08:00:00,SO,charging,8.52631578947,XY,MW
2027-04-15 09:00:00,CE,charging,8.84210526316,XY,MW
2027-04-16 10:00:00,NR,charging,8.84210526316,XY,MW
2027-04-17 11:00:00,SO,charging,8.84210526316,XY,MW
2027-04-18 12:00:00,CE,charging,8.73684210526,XY,MW
2027-04-19 13:00:00,NR,charging,7.294736842105263,XY,MW
2027-04-20 14:00:00,SO,charging,8.73684210526,XY,MW
2027-04-21 15:00:00,CE,charging,5.115789473684211,XY,MW
2027-04-22 16:00:00,NR,charging,4.3578947368421055,XY,MW
2027-04-23 17:00:00,SO,charging,3.9157894736842107,XY,MW
2027-04-24 18:00:00,CE,charging,8.21052631579,XY,MW
2027-04-25 19:00:00,NR,charging,8.21052631579,XY,MW
2027-04-26 20:00:00,SO,charging,8.21052631579,XY,MW
2027-04-27 21:00:00,CE,charging,7.47368421053,XY,MW
2027-04-28 22:00:00,NR,charging,7.47368421053,XY,MW
2027-04-29 23:00:00,SO,charging,7.47368421053,XY,MW
2027-05-01 00:00:00,CE,charging,6.0,XY,MW
2027-05-02 01:00:00,NR,charging,6.0,XY,MW
2027-05-03 02:00:00,SO,charging,6.0,XY,MW
2027-05-04 03:00:00,CE,charging,5.05263157895,XY,MW
2027-05-05 04:00:00,NR,charging,5.05263157895,XY,MW
2027-05-06 05:00:00,SO,charging,5.05263157895,XY,MW
2027-05-07 06:00:00,CE,charging,5.05263157895,XY,MW
2027-05-08 07:00:00,NR,charging,5.05263157895,XY,MW
2027-05-09 08:00:00,SO,charging,5.05263157895,XY,MW
2027-05-10 09:00:00,CE,charging,4.63157894737,XY,MW
2027-05-11 10:00:00,NR,charging,4.63157894737,XY,MW
2027-05-12 11:00:00,SO,charging,4.63157894737,XY,MW
2027-05-13 12:00:00,CE,charging,4.73684210526,XY,MW
2027-05-14 13:00:00,NR,charging,4.73684210526,XY,MW
2027-05-15 14:00:00,SO,charging,4.73684210526,XY,MW
2027-05-16 15:00:00,CE,charging,4.0,XY,MW
2027-05-17 16:00:00,NR,charging,4.0,XY,MW
2027-05-18 17:00:00,SO,charging,4.0,XY,MW
2027-05-19 18:00:00,CE,charging,4.42105263158,XY,MW
2027-05-20 19:00:00,NR,charging,4.42105263158,XY,MW
2027-05-21 20:00:00,SO,charging,4.42105263158,XY,MW
2027-05-22 21:00:00,CE,charging,3.78947368421,XY,MW
2027-05-23 22:00:00,NR,charging,3.78947368421,XY,MW
2027-05-24 23:00:00,SO,charging,3.78947368421,XY,MW
2027-05-26 00:00:00,CE,charging,2.94736842105,XY,MW
2027-05-27 01:00:00,NR,charging,2.94736842105,XY,MW
2027-05-28 02:00:00,SO,charging,2.94736842105,XY,MW
2027-05-29 03:00:00,CE,charging,0.736842105263,XY,MW
2027-05-30 04:00:00,NR,charging,0.736842105263,XY,MW
2027-05-31 05:00:00,SO,charging,0.736842105263,XY,MW
2027-06-01 06:00:00,CE,charging,2.42105263158,XY,MW
2027-06-02 07:00:00,NR,charging,2.42105263158,XY,MW
2027-06-03 08:00:00,SO,charging,2.42105263158,XY,MW
2027-06-04 09:00:00,CE,charging,0.947368421053,XY,MW
2027-06-05 10:00:00,NR,charging,0.947368421053,XY,MW
2027-06-06 11:00:00,SO,charging,0.947368421053,XY,MW
2027-06-07 12:00:00,CE,charging,3.36842105263,XY,MW
2027-06-08 13:00:00,NR,charging,3.36842105263,XY,MW
2027-06-09 14:00:00,SO,charging,3.36842105263,XY,MW
2027-06-10 15:00:00,CE,charging,4.31578947368,XY,MW
2027-06-11 16:00:00,NR,charging,4.31578947368,XY,MW
2027-06-12 17:00:00,SO,charging,4.31578947368,XY,MW
2027-06-13 18:00:00,CE,charging,5.05263157895,XY,MW
2027-06-14 19:00:00,NR,charging,5.05263157895,XY,MW
2027-06-15 20:00:00,SO,charging,5.05263157895,XY,MW
2027-06-16 21:00:00,CE,charging,5.36842105263,XY,MW
2027-06-17 22:00:00,NR,charging,5.36842105263,XY,MW
2027-06-18 23:00:00,SO,charging,5.36842105263,XY,MW
2027-06-20 00:00:00,CE,charging,5.57894736842,XY,MW
2027-06-21 01:00:00,NR,charging,5.57894736842,XY,MW
2027-06-22 02:00:00,SO,charging,5.57894736842,XY,MW
2027-06-23 03:00:00,CE,charging,7.05263157895,XY,MW
2027-06-24 04:00:00,NR,charging,5.978947368421053,XY,MW
2027-06-25 05:00:00,SO,charging,5.9789473684210535,XY,MW
2027-06-26 06:00:00,CE,charging,8.21052631579,XY,MW
2027-06-27 07:00:00,NR,charging,4.9789473684210535,XY,MW
2027-06-28 08:00:00,SO,charging,6.336842105263158,XY,MW
2027-06-29 09:00:00,CE,charging,9.15789473684,XY,MW
2027-06-30 10:00:00,NR,charging,9.15789473684,XY,MW
2027-07-01 11:00:00,SO,charging,9.15789473684,XY,MW
2027-07-02 12:00:00,CE,charging,9.26315789474,XY,MW
2027-07-03 13:00:00,NR,charging,7.789473684212634,XY,MW
2027-07-04 14:00:00,SO,charging,9.26315789474,XY,MW
2027-07-05 15:00:00,CE,charging,9.05263157895,XY,MW
2027-07-06 16:00:00,NR,charging,8.642105263157895,XY,MW
2027-07-07 17:00:00,SO,charging,9.05263157895,XY,MW
2027-07-08 18:00:00,CE,charging,9.15789473684,XY,MW
2027-07-09 19:00:00,NR,charging,9.15789473684,XY,MW
2027-07-10 20:00:00,SO,charging,9.15789473684,XY,MW
2027-07-11 21:00:00,CE,charging,9.15789473684,XY,MW
2027-07-12 22:00:00,NR,charging,9.15789473684,XY,MW
2027-07-13 23:00:00,SO,charging,9.15789473684,XY,MW
2027-07-15 00:00:00,CE,charging,3.778947368421053,XY,MW
2027-07-16 01:00:00,NR,charging,2.5368421052631582,XY,MW
2027-07-17 02:00:00,SO,charging,2.8210526315789473,XY,MW
2027-07-18 03:00:00,CE,charging,4.10526315789,XY,MW
2027-07-19 04:00:00,NR,charging,4.10526315789,XY,MW
2027-07-20 05:00:00,SO,charging,4.10526315789,XY,MW
2027-07-21 06:00:00,CE,charging,4.52631578947,XY,MW
2027-07-22 07:00:00,NR,charging,4.52631578947,XY,MW
2027-07-23 08:00:00,SO,charging,4.52631578947,XY,MW
2027-07-24 09:00:00,CE,charging,4.73684210526,XY,MW
2027-07-25 10:00:00,NR,charging,4.73684210526,XY,MW
2027-07-26 11:00:00,SO,charging,4.73684210526,XY,MW
2027-07-27 12:00:00,CE,charging,4.73684210526,XY,MW
2027-07-28 13:00:00,NR,charging,4.73684210526,XY,MW
2027-07-29 14:00:00,SO,charging,4.73684210526,XY,MW
2027-07-30 15:00:00,CE,charging,3.89473684211,XY,MW
2027-07-31 16:00:00,NR,charging,3.89473684211,XY,MW
2027-08-01 17:00:00,SO,charging,3.89473684211,XY,MW
2027-08-02 18:00:00,CE,charging,3.68421052632,XY,MW
2027-08-03 19:00:00,NR,charging,3.68421052632,XY,MW
2027-08-04 20:00:00,SO,charging,3.68421052632,XY,MW
2027-08-05 21:00:00,CE,charging,3.57894736842,XY,MW
2027-08-06 22:00:00,NR,charging,3.57894736842,XY,MW
2027-08-07 23:00:00,SO,charging,3.57894736842,XY,MW
2027-08-09 00:00:00,CE,charging,3.47368421053,XY,MW
2027-08-10 01:00:00,NR,charging,3.47368421053,XY,MW
2027-08-11 02:00:00,SO,charging,3.47368421053,XY,MW
2027-08-12 03:00:00,CE,charging,2.94736842105,XY,MW
2027-08-13 04:00:00,NR,charging,2.94736842105,XY,MW
2027-08-14 05:00:00,SO,charging,2.94736842105,XY,MW
2027-08-15 06:00:00,CE,charging,2.21052631579,XY,MW
2027-08-16 07:00:00,NR,charging,2.21052631579,XY,MW
2027-08-17 08:00:00,SO,charging,2.21052631579,XY,MW
2027-08-18 09:00:00,CE,charging,1.89473684211,XY,MW
2027-08-19 10:00:00,NR,charging,1.89473684211,XY,MW
2027-08-20 11:00:00,SO,charging,1.89473684211,XY,MW
2027-08-21 12:00:00,CE,charging,1.68421052632,XY,MW
2027-08-22 13:00:00,NR,charging,1.68421052632,XY,MW
2027-08-23 14:00:00,SO,charging,1.68421052632,XY,MW
2027-08-24 15:00:00,CE,charging,4.73684210526,XY,MW
2027-08-25 16:00:00,NR,charging,4.73684210526,XY,MW
2027-08-26 17:00:00,SO,charging,4.73684210526,XY,MW
2027-08-27 18:00:00,CE,charging,4.42105263158,XY,MW
2027-08-28 19:00:00,NR,charging,4.42105263158,XY,MW
2027-08-29 20:00:00,SO,charging,4.42105263158,XY,MW
2027-08-30 21:00:00,CE,charging,6.63157894737,XY,MW
2027-08-31 22:00:00,NR,charging,6.63157894737,XY,MW
2027-09-01 23:00:00,SO,charging,6.63157894737,XY,MW
2027-09-03 00:00:00,CE,charging,7.26315789474,XY,MW
2027-09-04 01:00:00,NR,charging,7.26315789474,XY,MW
2027-09-05 02:00:00,SO,charging,7.26315789474,XY,MW
2027-09-06 03:00:00,CE,charging,8.0,XY,MW
2027-09-07 04:00:00,NR,charging,8.0,XY,MW
2027-09-08 05:00:00,SO,charging,8.0,XY,MW
2027-09-09 06:00:00,CE,charging,8.31578947368,XY,MW
2027-09-10 07:00:00,NR,charging,8.31578947368,XY,MW
2027-09-11 08:00:00,SO,charging,8.31578947368,XY,MW
2027-09-12 09:00:00,CE,charging,8.31578947368,XY,MW
2027-09-13 10:00:00,NR,charging,7.410526315789474,XY,MW
2027-09-14 11:00:00,SO,charging,8.31578947368,XY,MW
2027-09-15 12:00:00,CE,charging,4.91578947368421,XY,MW
2027-09-16 13:00:00,NR,charging,4.242105263157895,XY,MW
2027-09-17 14:00:00,SO,charging,3.768421052631579,XY,MW
2027-09-18 15:00:00,CE,charging,9.26315789474,XY,MW
2027-09-19 16:00:00,NR,charging,9.26315789474,XY,MW
2027-09-20 17:00:00,SO,charging,9.26315789474,XY,MW
2027-09-21 18:00:00,CE,charging,8.94736842105,XY,MW
2027-09-22 19:00:00,NR,charging,8.94736842105,XY,MW
2027-09-23 20:00:00,SO,charging,8.94736842105,XY,MW
2027-09-24 21:00:00,CE,charging,7.47368421053,XY,MW
2027-09-25 22:00:00,NR,charging,7.47368421053,XY,MW
2027-09-26 23:00:00,SO,charging,7.47368421053,XY,MW
2027-09-28 00:00:00,CE,charging,5.89473684211,XY,MW
2027-09-29 01:00:00,NR,charging,5.89473684211,XY,MW
2027-09-30 02:00:00,SO,charging,5.89473684211,XY,MW
2027-10-01 03:00:00,CE,charging,5.36842105263,XY,MW
2027-10-02 04:00:00,NR,charging,5.36842105263,XY,MW
2027-10-03 05:00:00,SO,charging,5.36842105263,XY,MW
2027-10-04 06:00:00,CE,charging,6.73684210526,XY,MW
2027-10-05 07:00:00,NR,charging,6.73684210526,XY,MW
2027-10-06 08:00:00,SO,charging,6.73684210526,XY,MW
2027-10-07 09:00:00,CE,charging,7.47368421053,XY,MW
2027-10-08 10:00:00,NR,charging,6.905263157894738,XY,MW
2027-10-09 11:00:00,SO,charging,7.157894736842105,XY,MW
2027-10-10 12:00:00,CE,charging,4.21052631579,XY,MW
2027-10-11 13:00:00,NR,charging,4.21052631579,XY,MW
2027-10-12 14:00:00,SO,charging,4.21052631579,XY,MW
2027-10-13 15:00:00,CE,charging,4.73684210526,XY,MW
2027-10-14 16:00:00,NR,charging,4.73684210526,XY,MW
2027-10-15 17:00:00,SO,charging,4.73684210526,XY,MW
2027-10-16 18:00:00,CE,charging,4.42105263158,XY,MW
2027-10-17 19:00:00,NR,charging,4.42105263158,XY,MW
2027-10-18 20:00:00,SO,charging,4.42105263158,XY,MW
2027-10-19 21:00:00,CE,charging,3.78947368421,XY,MW
2027-10-20 22:00:00,NR,charging,3.78947368421,XY,MW
2027-10-21 23:00:00,SO,charging,3.78947368421,XY,MW
2027-10-23 00:00:00,CE,charging,1.36842105263,XY,MW
2027-10-24 01:00:00,NR,charging,1.36842105263,XY,MW
2027-10-25 02:00:00,SO,charging,1.36842105263,XY,MW
2027-10-26 03:00:00,CE,charging,3.05263157895,XY,MW
2027-10-27 04:00:00,NR,charging,3.05263157895,XY,MW
2027-10-28 05:00:00,SO,charging,3.05263157895,XY,MW
2027-10-29 06:00:00,CE,charging,2.21052631579,XY,MW
2027-10-30 07:00:00,NR,charging,2.21052631579,XY,MW
2027-10-31 08:00:00,SO,charging,2.21052631579,XY,MW
2027-11-01 09:00:00,CE,charging,2.63157894737,XY,MW
2027-11-02 10:00:00,NR,charging,2.63157894737,XY,MW
2027-11-03 11:00:00,SO,charging,2.63157894737,XY,MW
2027-11-04 12:00:00,CE,charging,3.47368421053,XY,MW
2027-11-05 13:00:00,NR,charging,3.47368421053,XY,MW
2027-11-06 14:00:00,SO,charging,3.47368421053,XY,MW
2027-11-07 15:00:00,CE,charging,4.31578947368,XY,MW
2027-11-08 16:00:00,NR,charging,4.31578947368,XY,MW
2027-11-09 17:00:00,SO,charging,4.31578947368,XY,MW
2027-11-10 18:00:00,CE,charging,4.84210526316,XY,MW
2027-11-11 19:00:00,NR,charging,4.84210526316,XY,MW
2027-11-12 20:00:00,SO,charging,4.84210526316,XY,MW
2027-11-13 21:00:00,CE,charging,5.15789473684,XY,MW
2027-11-14 22:00:00,NR,charging,5.15789473684,XY,MW
2027-11-15 23:00:00,SO,charging,5.15789473684,XY,MW
2027-11-17 00:00:00,CE,charging,6.52631578947,XY,MW
2027-11-18 01:00:00,NR,charging,4.515789473684211,XY,MW
2027-11-19 02:00:00,SO,charging,5.747368421052632,XY,MW
2027-11-20 03:00:00,CE,charging,7.89473684211,XY,MW
2027-11-21 04:00:00,NR,charging,6.905263157894738,XY,MW
2027-11-22 05:00:00,SO,charging,7.157894736842105,XY,MW
2027-11-23 06:00:00,CE,charging,8.73684210526,XY,MW
2027-11-24 07:00:00,NR,charging,8.73684210526,XY,MW
2027-11-25 08:00:00,SO,charging,8.73684210526,XY,MW
2027-11-26 09:00:00,CE,charging,8.94736842105,XY,MW
2027-11-27 10:00:00,NR,charging,8.94736842105,XY,MW
2027-11-28 11:00:00,SO,charging,8.94736842105,XY,MW
2027-11-29 12:00:00,CE,charging,9.05263157895,XY,MW
2027-11-30 13:00:00,NR,charging,9.05263157895,XY,MW
2027-12-01 14:00:00,SO,charging,9.05263157895,XY,MW
2027-12-02 15:00:00,CE,charging,8.94736842105,XY,MW
2027-12-03 16:00:00,NR,charging,8.94736842105,XY,MW
2027-12-04 17:00:00,SO,charging,8.94736842105,XY,MW
2027-12-05 18:00:00,CE,charging,8.21052631579,XY,MW
2027-12-06 19:00:00,NR,charging,5.905263157894738,XY,MW
2027-12-07 20:00:00,SO,charging,7.515789473684211,XY,MW
2027-12-08 21:00:00,CE,charging,4.3157894736842115,XY,MW
2027-12-09 22:00:00,NR,charging,3.3263157894736843,XY,MW
2027-12-10 23:00:00,SO,charging,3.3263157894736843,XY,MW
2027-12-12 00:00:00,CE,charging,4.08421052631579,XY,MW
2027-12-13 01:00:00,NR,charging,1.536842105263158,XY,MW
2027-12-14 02:00:00,SO,charging,2.863157894736842,XY,MW
2027-12-15 03:00:00,CE,charging,4.11578947368421,XY,MW
2027-12-16 04:00:00,NR,charging,3.778947368421053,XY,MW
2027-12-17 05:00:00,SO,charging,3.1789473684210527,XY,MW
2027-12-18 06:00:00,CE,charging,6.000000000000001,XY,MW
2027-12-19 07:00:00,NR,charging,3.473684210526316,XY,MW
2027-12-20 08:00:00,SO,charging,4.421052631578948,XY,MW
2027-12-21 09:00:00,CE,charging,5.36842105263,XY,MW
2027-12-22 10:00:00,NR,charging,5.36842105263,XY,MW
2027-12-23 11:00:00,SO,charging,5.36842105263,XY,MW
2027-12-24 12:00:00,CE,charging,4.52631578947,XY,MW
2027-12-25 13:00:00,NR,charging,4.52631578947,XY,MW
2027-12-26 14:00:00,SO,charging,4.52631578947,XY,MW
2027-12-27 15:00:00,CE,charging,3.26315789474,XY,MW
2027-12-28 16:00:00,NR,charging,3.26315789474,XY,MW
2027-12-29 17:00:00,SO,charging,3.26315789474,XY,MW
2027-12-30 18:00:00,CE,charging,4.0,XY,MW
2027-12-31 19:00:00,NR,charging,4.0,XY,MW
2028-01-01 20:00:00,SO,charging,4.0,XY,MW
2028-01-02 21:00:00,CE,charging,5.89473684211,XY,MW
2028-01-03 22:00:00,NR,charging,5.210526315789474,XY,MW
2028-01-04 23:00:00,SO,charging,5.89473684211,XY,MW
2025-01-01 00:00:00,CE,load,0.9500000000000001,XY,MW
2025-01-02 01:00:00,NR,load,0.55,XY,MW
2025-01-03 02:00:00,SO,load,0.7000000000000001,XY,MW
2025-01-04 03:00:00,CE,load,4.5600000000000005,XY,MW
2025-01-05 04:00:00,NR,load,2.64,XY,MW
2025-01-06 05:00:00,SO,load,3.36,XY,MW
2025-01-07 06:00:00,CE,load,10.64,XY,MW
2025-01-08 07:00:00,NR,load,6.16,XY,MW
2025-01-09 08:00:00,SO,load,7.84,XY,MW
2025-01-10 09:00:00,CE,load,12.16,XY,MW
2025-01-11 10:00:00,NR,load,7.04,XY,MW
2025-01-12 11:00:00,SO,load,8.959999999999999,XY,MW
2025-01-13 12:00:00,CE,load,13.68,XY,MW
2025-01-14 13:00:00,NR,load,7.92,XY,MW
2025-01-15 14:00:00,SO,load,10.08,XY,MW
2025-01-16 15:00:00,CE,load,9.31,XY,MW
2025-01-17 16:00:00,NR,load,5.39,XY,MW
2025-01-18 17:00:00,SO,load,6.859999999999999,XY,MW
2025-01-19 18:00:00,CE,load,2.85,XY,MW
2025-01-20 19:00:00,NR,load,1.6500000000000001,XY,MW
2025-01-21 20:00:00,SO,load,2.1,XY,MW
2025-01-22 21:00:00,CE,load,27.17,XY,MW
2025-01-23 22:00:00,NR,load,15.73,XY,MW
2025-01-24 23:00:00,SO,load,20.02,XY,MW
2025-01-26 00:00:00,CE,load,31.54,XY,MW
2025-01-27 01:00:00,NR,load,18.259999999999998,XY,MW
2025-01-28 02:00:00,SO,load,23.24,XY,MW
2025-01-29 03:00:00,CE,load,31.54,XY,MW
2025-01-30 04:00:00,NR,load,18.259999999999998,XY,MW
2025-01-31 05:00:00,SO,load,23.24,XY,MW
2025-02-01 06:00:00,CE,load,31.16,XY,MW
2025-02-02 07:00:00,NR,load,18.04,XY,MW
2025-02-03 08:00:00,SO,load,22.96,XY,MW
2025-02-04 09:00:00,CE,load,29.64,XY,MW
2025-02-05 10:00:00,NR,load,17.16,XY,MW
2025-02-06 11:00:00,SO,load,21.84,XY,MW
2025-02-07 12:00:00,CE,load,16.150000000000002,XY,MW
2025-02-08 13:00:00,NR,load,9.350000000000001,XY,MW
2025-02-09 14:00:00,SO,load,11.9,XY,MW
2025-02-10 15:00:00,CE,load,9.31,XY,MW
2025-02-11 16:00:00,NR,load,5.39,XY,MW
2025-02-12 17:00:00,SO,load,6.859999999999999,XY,MW
2025-02-13 18:00:00,CE,load,32.300000000000004,XY,MW
2025-02-14 19:00:00,NR,load,18.700000000000003,XY,MW
2025-02-15 20:00:00,SO,load,23.8,XY,MW
2025-02-16 21:00:00,CE,load,36.1,XY,MW
2025-02-17 22:00:00,NR,load,20.900000000000002,XY,MW
2025-02-18 23:00:00,SO,load,26.6,XY,MW
2025-02-20 00:00:00,CE,load,36.67,XY,MW
2025-02-21 01:00:00,NR,load,21.23,XY,MW
2025-02-22 02:00:00,SO,load,27.02,XY,MW
2025-02-23 03:00:00,CE,load,33.06,XY,MW
2025-02-24 04:00:00,NR,load,19.14,XY,MW
2025-02-25 05:00:00,SO,load,24.36,XY,MW
2025-02-26 06:00:00,CE,load,27.74,XY,MW
2025-02-27 07:00:00,NR,load,16.06,XY,MW
2025-02-28 08:00:00,SO,load,20.44,XY,MW
2025-03-01 09:00:00,CE,load,10.83,XY,MW
2025-03-02 10:00:00,NR,load,6.2700000000000005,XY,MW
2025-03-03 11:00:00,SO,load,7.98,XY,MW
2025-03-04 12:00:00,CE,load,6.6499999999999995,XY,MW
2025-03-05 13:00:00,NR,load,3.8499999999999996,XY,MW
2025-03-06 14:00:00,SO,load,4.8999999999999995,XY,MW
2025-03-07 15:00:00,CE,load,20.52,XY,MW
2025-03-08 16:00:00,NR,load,11.879999999999999,XY,MW
2025-03-09 17:00:00,SO,load,15.12,XY,MW
2025-03-10 18:00:00,CE,load,21.28,XY,MW
2025-03-11 19:00:00,NR,load,12.32,XY,MW
2025-03-12 20:00:00,SO,load,15.68,XY,MW
2025-03-13 21:00:00,CE,load,19.38,XY,MW
2025-03-14 22:00:00,NR,load,11.22,XY,MW
2025-03-15 23:00:00,SO,load,14.28,XY,MW
2025-03-17 00:00:00,CE,load,17.86,XY,MW
2025-03-18 01:00:00,NR,load,10.34,XY,MW
2025-03-19 02:00:00,SO,load,13.159999999999998,XY,MW
2025-03-20 03:00:00,CE,load,13.49,XY,MW
2025-03-21 04:00:00,NR,load,7.8100000000000005,XY,MW
2025-03-22 05:00:00,SO,load,9.940000000000001,XY,MW
2025-03-23 06:00:00,CE,load,3.6100000000000003,XY,MW
2025-03-24 07:00:00,NR,load,2.0900000000000003,XY,MW
2025-03-25 08:00:00,SO,load,2.66,XY,MW
2025-03-26 09:00:00,CE,load,10.64,XY,MW
2025-03-27 10:00:00,NR,load,6.16,XY,MW
2025-03-28 11:00:00,SO,load,7.84,XY,MW
2025-03-29 12:00:00,CE,load,17.86,XY,MW
2025-03-30 13:00:00,NR,load,10.34,XY,MW
2025-03-31 14:00:00,SO,load,13.159999999999998,XY,MW
2025-04-01 15:00:00,CE,load,24.7,XY,MW
2025-04-02 16:00:00,NR,load,14.299999999999999,XY,MW
2025-04-03 17:00:00,SO,load,18.2,XY,MW
2025-04-04 18:00:00,CE,load,31.73,XY,MW
2025-04-05 19:00:00,NR,load,18.37,XY,MW
2025-04-06 20:00:00,SO,load,23.38,XY,MW
2025-04-07 21:00:00,CE,load,30.400000000000002,XY,MW
2025-04-08 22:00:00,NR,load,17.6,XY,MW
2025-04-09 23:00:00,SO,load,22.400000000000002,XY,MW
2025-04-11 00:00:00,CE,load,14.63,XY,MW
2025-04-12 01:00:00,NR,load,8.47,XY,MW
2025-04-13 02:00:00,SO,load,10.78,XY,MW
2025-04-14 03:00:00,CE,load,4.9399999999999995,XY,MW
2025-04-15 04:00:00,NR,load,2.86,XY,MW
2025-04-16 05:00:00,SO,load,3.6399999999999997,XY,MW
2025-04-17 06:00:00,CE,load,28.880000000000003,XY,MW
2025-04-18 07:00:00,NR,load,16.720000000000002,XY,MW
2025-04-19 08:00:00,SO,load,21.28,XY,MW
2025-04-20 09:00:00,CE,load,32.300000000000004,XY,MW
2025-04-21 10:00:00,NR,load,18.700000000000003,XY,MW
2025-04-22 11:00:00,SO,load,23.8,XY,MW
2025-04-23 12:00:00,CE,load,33.44,XY,MW
2025-04-24 13:00:00,NR,load,19.36,XY,MW
2025-04-25 14:00:00,SO,load,24.64,XY,MW
2025-04-26 15:00:00,CE,load,33.82,XY,MW
2025-04-27 16:00:00,NR,load,19.58,XY,MW
2025-04-28 17:00:00,SO,load,24.919999999999998,XY,MW
2025-04-29 18:00:00,CE,load,33.44,XY,MW
2025-04-30 19:00:00,NR,load,19.36,XY,MW
2025-05-01 20:00:00,SO,load,24.64,XY,MW
2025-05-02 21:00:00,CE,load,15.200000000000001,XY,MW
2025-05-03 22:00:00,NR,load,8.8,XY,MW
2025-05-04 23:00:00,SO,load,11.200000000000001,XY,MW
2025-05-06 00:00:00,CE,load,8.74,XY,MW
2025-05-07 01:00:00,NR,load,5.06,XY,MW
2025-05-08 02:00:00,SO,load,6.44,XY,MW
2025-05-09 03:00:00,CE,load,28.69,XY,MW
2025-05-10 04:00:00,NR,load,16.610000000000003,XY,MW
2025-05-11 05:00:00,SO,load,21.14,XY,MW
2025-05-12 06:00:00,CE,load,30.209999999999997,XY,MW
2025-05-13 07:00:00,NR,load,17.49,XY,MW
2025-05-14 08:00:00,SO,load,22.259999999999998,XY,MW
2025-05-15 09:00:00,CE,load,27.93,XY,MW
2025-05-16 10:00:00,NR,load,16.169999999999998,XY,MW
2025-05-17 11:00:00,SO,load,20.58,XY,MW
2025-05-18 12:00:00,CE,load,23.75,XY,MW
2025-05-19 13:00:00,NR,load,13.75,XY,MW
2025-05-20 14:00:00,SO,load,17.5,XY,MW
2025-05-21 15:00:00,CE,load,20.33,XY,MW
2025-05-22 16:00:00,NR,load,11.77,XY,MW
2025-05-23 17:00:00,SO,load,14.98,XY,MW
2025-05-24 18:00:00,CE,load,7.6000000000000005,XY,MW
2025-05-25 19:00:00,NR,load,4.4,XY,MW
2025-05-26 20:00:00,SO,load,5.6000000000000005,XY,MW
2025-05-27 21:00:00,CE,load,6.46,XY,MW
2025-05-28 22:00:00,NR,load,3.7399999999999998,XY,MW
2025-05-29 23:00:00,SO,load,4.76,XY,MW
2025-05-31 00:00:00,CE,load,17.1,XY,MW
2025-06-01 01:00:00,NR,load,9.9,XY,MW
2025-06-02 02:00:00,SO,load,12.600000000000001,XY,MW
2025-06-03 03:00:00,CE,load,17.48,XY,MW
2025-06-04 04:00:00,NR,load,10.12,XY,MW
2025-06-05 05:00:00,SO,load,12.88,XY,MW
2025-06-06 06:00:00,CE,load,16.34,XY,MW
2025-06-07 07:00:00,NR,load,9.46,XY,MW
2025-06-08 08:00:00,SO,load,12.040000000000001,XY,MW
2025-06-09 09:00:00,CE,load,15.01,XY,MW
2025-06-10 10:00:00,NR,load,8.69,XY,MW
2025-06-11 11:00:00,SO,load,11.059999999999999,XY,MW
2025-06-12 12:00:00,CE,load,10.83,XY,MW
2025-06-13 13:00:00,NR,load,6.2700000000000005,XY,MW
2025-06-14 14:00:00,SO,load,7.98,XY,MW
2025-06-15 15:00:00,CE,load,2.85,XY,MW
2025-06-16 16:00:00,NR,load,1.6500000000000001,XY,MW
2025-06-17 17:00:00,SO,load,2.1,XY,MW
2025-06-18 18:00:00,CE,load,26.98,XY,MW
2025-06-19 19:00:00,NR,load,15.620000000000001,XY,MW
2025-06-20 20:00:00,SO,load,19.880000000000003,XY,MW
2025-06-21 21:00:00,CE,load,33.629999999999995,XY,MW
2025-06-22 22:00:00,NR,load,19.47,XY,MW
2025-06-23 23:00:00,SO,load,24.779999999999998,XY,MW
2025-06-25 00:00:00,CE,load,33.25,XY,MW
2025-06-26 01:00:00,NR,load,19.25,XY,MW
2025-06-27 02:00:00,SO,load,24.5,XY,MW
2025-06-28 03:00:00,CE,load,32.11,XY,MW
2025-06-29 04:00:00,NR,load,18.59,XY,MW
2025-06-30 05:00:00,SO,load,23.659999999999997,XY,MW
2025-07-01 06:00:00,CE,load,29.26,XY,MW
2025-07-02 07:00:00,NR,load,16.94,XY,MW
2025-07-03 08:00:00,SO,load,21.56,XY,MW
2025-07-04 09:00:00,CE,load,17.48,XY,MW
2025-07-05 10:00:00,NR,load,10.12,XY,MW
2025-07-06 11:00:00,SO,load,12.88,XY,MW
2025-07-07 12:00:00,CE,load,9.5,XY,MW
2025-07-08 13:00:00,NR,load,5.5,XY,MW
2025-07-09 14:00:00,SO,load,7.0,XY,MW
2025-07-10 15:00:00,CE,load,30.590000000000003,XY,MW
2025-07-11 16:00:00,NR,load,17.71,XY,MW
2025-07-12 17:00:00,SO,load,22.540000000000003,XY,MW
2025-07-13 18:00:00,CE,load,35.339999999999996,XY,MW
2025-07-14 19:00:00,NR,load,20.46,XY,MW
2025-07-15 20:00:00,SO,load,26.04,XY,MW
2025-07-16 21:00:00,CE,load,37.43,XY,MW
2025-07-17 22:00:00,NR,load,21.669999999999998,XY,MW
2025-07-18 23:00:00,SO,load,27.58,XY,MW
2025-07-20 00:00:00,CE,load,37.24,XY,MW
2025-07-21 01:00:00,NR,load,21.56,XY,MW
2025-07-22 02:00:00,SO,load,27.439999999999998,XY,MW
2025-07-23 03:00:00,CE,load,30.970000000000002,XY,MW
2025-07-24 04:00:00,NR,load,17.93,XY,MW
2025-07-25 05:00:00,SO,load,22.82,XY,MW
2025-07-26 06:00:00,CE,load,14.059999999999999,XY,MW
2025-07-27 07:00:00,NR,load,8.139999999999999,XY,MW
2025-07-28 08:00:00,SO,load,10.36,XY,MW
2025-07-29 09:00:00,CE,load,8.74,XY,MW
2025-07-30 10:00:00,NR,load,5.06,XY,MW
2025-07-31 11:00:00,SO,load,6.44,XY,MW
2025-08-01 12:00:00,CE,load,22.99,XY,MW
2025-08-02 13:00:00,NR,load,13.31,XY,MW
2025-08-03 14:00:00,SO,load,16.94,XY,MW
2025-08-04 15:00:00,CE,load,22.99,XY,MW
2025-08-05 16:00:00,NR,load,13.31,XY,MW
2025-08-06 17:00:00,SO,load,16.94,XY,MW
2025-08-07 18:00:00,CE,load,22.23,XY,MW
2025-08-08 19:00:00,NR,load,12.87,XY,MW
2025-08-09 20:00:00,SO,load,16.38,XY,MW
2025-08-10 21:00:00,CE,load,20.14,XY,MW
2025-08-11 22:00:00,NR,load,11.66,XY,MW
2025-08-12 23:00:00,SO,load,14.84,XY,MW
2025-08-14 00:00:00,CE,load,15.01,XY,MW
2025-08-15 01:00:00,NR,load,8.69,XY,MW
2025-08-16 02:00:00,SO,load,11.059999999999999,XY,MW
2025-08-17 03:00:00,CE,load,4.75,XY,MW
2025-08-18 04:00:00,NR,load,2.75,XY,MW
2025-08-19 05:00:00,SO,load,3.5,XY,MW
2025-08-20 06:00:00,CE,load,8.36,XY,MW
2025-08-21 07:00:00,NR,load,4.84,XY,MW
2025-08-22 08:00:00,SO,load,6.16,XY,MW
2025-08-23 09:00:00,CE,load,15.959999999999999,XY,MW
2025-08-24 10:00:00,NR,load,9.24,XY,MW
2025-08-25 11:00:00,SO,load,11.76,XY,MW
2025-08-26 12:00:00,CE,load,19.0,XY,MW
2025-08-27 13:00:00,NR,load,11.0,XY,MW
2025-08-28 14:00:00,SO,load,14.0,XY,MW
2025-08-29 15:00:00,CE,load,26.409999999999997,XY,MW
2025-08-30 16:00:00,NR,load,15.29,XY,MW
2025-08-31 17:00:00,SO,load,19.459999999999997,XY,MW
2025-09-01 18:00:00,CE,load,31.919999999999998,XY,MW
2025-09-02 19:00:00,NR,load,18.48,XY,MW
2025-09-03 20:00:00,SO,load,23.52,XY,MW
2025-09-04 21:00:00,CE,load,17.1,XY,MW
2025-09-05 22:00:00,NR,load,9.9,XY,MW
2025-09-06 23:00:00,SO,load,12.600000000000001,XY,MW
2025-09-08 00:00:00,CE,load,5.32,XY,MW
2025-09-09 01:00:00,NR,load,3.08,XY,MW
2025-09-10 02:00:00,SO,load,3.92,XY,MW
2025-09-11 03:00:00,CE,load,30.970000000000002,XY,MW
2025-09-12 04:00:00,NR,load,17.93,XY,MW
2025-09-13 05:00:00,SO,load,22.82,XY,MW
2025-09-14 06:00:00,CE,load,34.2,XY,MW
2025-09-15 07:00:00,NR,load,19.8,XY,MW
2025-09-16 08:00:00,SO,load,25.200000000000003,XY,MW
2025-09-17 09:00:00,CE,load,35.15,XY,MW
2025-09-18 10:00:00,NR,load,20.35,XY,MW
2025-09-19 11:00:00,SO,load,25.9,XY,MW
2025-09-20 12:00:00,CE,load,34.39,XY,MW
2025-09-21 13:00:00,NR,load,19.91,XY,MW
2025-09-22 14:00:00,SO,load,25.34,XY,MW
2025-09-23 15:00:00,CE,load,12.73,XY,MW
2025-09-24 16:00:00,NR,load,7.37,XY,MW
2025-09-25 17:00:00,SO,load,9.38,XY,MW
2025-09-26 18:00:00,CE,load,15.200000000000001,XY,MW
2025-09-27 19:00:00,NR,load,8.8,XY,MW
2025-09-28 20:00:00,SO,load,11.200000000000001,XY,MW
2025-09-29 21:00:00,CE,load,8.93,XY,MW
2025-09-30 22:00:00,NR,load,5.17,XY,MW
2025-10-01 23:00:00,SO,load,6.579999999999999,XY,MW
2025-10-03 00:00:00,CE,load,12.92,XY,MW
2025-10-04 01:00:00,NR,load,7.4799999999999995,XY,MW
2025-10-05 02:00:00,SO,load,9.52,XY,MW
2025-10-06 03:00:00,CE,load,32.49,XY,MW
2025-10-07 04:00:00,NR,load,18.810000000000002,XY,MW
2025-10-08 05:00:00,SO,load,23.94,XY,MW
2025-10-09 06:00:00,CE,load,33.06,XY,MW
2025-10-10 07:00:00,NR,load,19.14,XY,MW
2025-10-11 08:00:00,SO,load,24.36,XY,MW
2025-10-12 09:00:00,CE,load,29.45,XY,MW
2025-10-13 10:00:00,NR,load,17.05,XY,MW
2025-10-14 11:00:00,SO,load,21.7,XY,MW
2025-10-15 12:00:00,CE,load,24.32,XY,MW
2025-10-16 13:00:00,NR,load,14.08,XY,MW
2025-10-17 14:00:00,SO,load,17.919999999999998,XY,MW
2025-10-18 15:00:00,CE,load,10.64,XY,MW
2025-10-19 16:00:00,NR,load,6.16,XY,MW
2025-10-20 17:00:00,SO,load,7.84,XY,MW
2025-10-21 18:00:00,CE,load,7.6000000000000005,XY,MW
2025-10-22 19:00:00,NR,load,4.4,XY,MW
2025-10-23 20:00:00,SO,load,5.6000000000000005,XY,MW
2025-10-24 21:00:00,CE,load,19.0,XY,MW
2025-10-25 22:00:00,NR,load,11.0,XY,MW
2025-10-26 23:00:00,SO,load,14.0,XY,MW
2025-10-28 00:00:00,CE,load,19.0,XY,MW
2025-10-29 01:00:00,NR,load,11.0,XY,MW
2025-10-30 02:00:00,SO,load,14.0,XY,MW
2025-10-31 03:00:00,CE,load,18.240000000000002,XY,MW
2025-11-01 04:00:00,NR,load,10.56,XY,MW
2025-11-02 05:00:00,SO,load,13.44,XY,MW
2025-11-03 06:00:00,CE,load,16.53,XY,MW
2025-11-04 07:00:00,NR,load,9.57,XY,MW
2025-11-05 08:00:00,SO,load,12.18,XY,MW
2025-11-06 09:00:00,CE,load,11.4,XY,MW
2025-11-07 10:00:00,NR,load,6.6000000000000005,XY,MW
2025-11-08 11:00:00,SO,load,8.4,XY,MW
2025-11-09 12:00:00,CE,load,3.23,XY,MW
2025-11-10 13:00:00,NR,load,1.8699999999999999,XY,MW
2025-11-11 14:00:00,SO,load,2.38,XY,MW
2025-11-12 15:00:00,CE,load,23.18,XY,MW
2025-11-13 16:00:00,NR,load,13.42,XY,MW
2025-11-14 17:00:00,SO,load,17.08,XY,MW
2025-11-15 18:00:00,CE,load,35.53,XY,MW
2025-11-16 19:00:00,NR,load,20.57,XY,MW
2025-11-17 20:00:00,SO,load,26.18,XY,MW
2025-11-18 21:00:00,CE,load,37.24,XY,MW
2025-11-19 22:00:00,NR,load,21.56,XY,MW
2025-11-20 23:00:00,SO,load,27.439999999999998,XY,MW
2025-11-22 00:00:00,CE,load,35.910000000000004,XY,MW
2025-11-23 01:00:00,NR,load,20.790000000000003,XY,MW
2025-11-24 02:00:00,SO,load,26.46,XY,MW
2025-11-25 03:00:00,CE,load,32.49,XY,MW
2025-11-26 04:00:00,NR,load,18.810000000000002,XY,MW
2025-11-27 05:00:00,SO,load,23.94,XY,MW
2025-11-28 06:00:00,CE,load,19.19,XY,MW
2025-11-29 07:00:00,NR,load,11.11,XY,MW
2025-11-30 08:00:00,SO,load,14.14,XY,MW
2025-12-01 09:00:00,CE,load,10.26,XY,MW
2025-12-02 10:00:00,NR,load,5.9399999999999995,XY,MW
2025-12-03 11:00:00,SO,load,7.56,XY,MW
2025-12-04 12:00:00,CE,load,32.49,XY,MW
2025-12-05 13:00:00,NR,load,18.810000000000002,XY,MW
2025-12-06 14:00:00,SO,load,23.94,XY,MW
2025-12-07 15:00:00,CE,load,36.29,XY,MW
2025-12-08 16:00:00,NR,load,21.01,XY,MW
2025-12-09 17:00:00,SO,load,26.740000000000002,XY,MW
2025-12-10 18:00:00,CE,load,38.57,XY,MW
2025-12-11 19:00:00,NR,load,22.330000000000002,XY,MW
2025-12-12 20:00:00,SO,load,28.42,XY,MW
2025-12-13 21:00:00,CE,load,38.57,XY,MW
2025-12-14 22:00:00,NR,load,22.330000000000002,XY,MW
2025-12-15 23:00:00,SO,load,28.42,XY,MW
2025-12-17 00:00:00,CE,load,34.39,XY,MW
2025-12-18 01:00:00,NR,load,19.91,XY,MW
2025-12-19 02:00:00,SO,load,25.34,XY,MW
2025-12-20 03:00:00,CE,load,16.34,XY,MW
2025-12-21 04:00:00,NR,load,9.46,XY,MW
2025-12-22 05:00:00,SO,load,12.040000000000001,XY,MW
2025-12-23 06:00:00,CE,load,10.83,XY,MW
2025-12-24 07:00:00,NR,load,6.2700000000000005,XY,MW
2025-12-25 08:00:00,SO,load,7.98,XY,MW
2025-12-26 09:00:00,CE,load,22.8,XY,MW
2025-12-27 10:00:00,NR,load,13.200000000000001,XY,MW
2025-12-28 11:00:00,SO,load,16.8,XY,MW
2025-12-29 12:00:00,CE,load,8.36,XY,MW
2025-12-30 13:00:00,NR,load,4.84,XY,MW
2025-12-31 14:00:00,SO,load,6.16,XY,MW
2026-01-01 15:00:00,CE,load,22.419999999999998,XY,MW
2026-01-02 16:00:00,NR,load,12.979999999999999,XY,MW
2026-01-03 17:00:00,SO,load,16.52,XY,MW
2026-01-04 18:00:00,CE,load,22.04,XY,MW
2026-01-05 19:00:00,NR,load,12.76,XY,MW
2026-01-06 20:00:00,SO,load,16.24,XY,MW
2026-01-07 21:00:00,CE,load,17.86,XY,MW
2026-01-08 22:00:00,NR,load,10.34,XY,MW
2026-01-09 23:00:00,SO,load,13.159999999999998,XY,MW
2026-01-11 00:00:00,CE,load,6.46,XY,MW
2026-01-12 01:00:00,NR,load,3.7399999999999998,XY,MW
2026-01-13 02:00:00,SO,load,4.76,XY,MW
2026-01-14 03:00:00,CE,load,8.36,XY,MW
2026-01-15 04:00:00,NR,load,4.84,XY,MW
2026-01-16 05:00:00,SO,load,6.16,XY,MW
2026-01-17 06:00:00,CE,load,16.72,XY,MW
2026-01-18 07:00:00,NR,load,9.68,XY,MW
2026-01-19 08:00:00,SO,load,12.32,XY,MW
2026-01-20 09:00:00,CE,load,17.48,XY,MW
2026-01-21 10:00:00,NR,load,10.12,XY,MW
2026-01-22 11:00:00,SO,load,12.88,XY,MW
2026-01-23 12:00:00,CE,load,10.450000000000001,XY,MW
2026-01-24 13:00:00,NR,load,6.05,XY,MW
2026-01-25 14:00:00,SO,load,7.7,XY,MW
2026-01-26 15:00:00,CE,load,22.61,XY,MW
2026-01-27 16:00:00,NR,load,13.09,XY,MW
2026-01-28 17:00:00,SO,load,16.66,XY,MW
2026-01-29 18:00:00,CE,load,14.059999999999999,XY,MW
2026-01-30 19:00:00,NR,load,8.139999999999999,XY,MW
2026-01-31 20:00:00,SO,load,10.36,XY,MW
2026-02-01 21:00:00,CE,load,4.18,XY,MW
2026-02-02 22:00:00,NR,load,2.42,XY,MW
2026-02-03 23:00:00,SO,load,3.08,XY,MW
2026-02-05 00:00:00,CE,load,31.35,XY,MW
2026-02-06 01:00:00,NR,load,18.15,XY,MW
2026-02-07 02:00:00,SO,load,23.1,XY,MW
2026-02-08 03:00:00,CE,load,35.910000000000004,XY,MW
2026-02-09 04:00:00,NR,load,20.790000000000003,XY,MW
2026-02-10 05:00:00,SO,load,26.46,XY,MW
2026-02-11 06:00:00,CE,load,35.339999999999996,XY,MW
2026-02-12 07:00:00,NR,load,20.46,XY,MW
2026-02-13 08:00:00,SO,load,26.04,XY,MW
2026-02-14 09:00:00,CE,load,34.96,XY,MW
2026-02-15 10:00:00,NR,load,20.24,XY,MW
2026-02-16 11:00:00,SO,load,25.76,XY,MW
2026-02-17 12:00:00,CE,load,35.339999999999996,XY,MW
2026-02-18 13:00:00,NR,load,20.46,XY,MW
2026-02-19 14:00:00,SO,load,26.04,XY,MW
2026-02-20 15:00:00,CE,load,19.57,XY,MW
2026-02-21 16:00:00,NR,load,11.33,XY,MW
2026-02-22 17:00:00,SO,load,14.42,XY,MW
2026-02-23 18:00:00,CE,load,9.879999999999999,XY,MW
2026-02-24 19:00:00,NR,load,5.72,XY,MW
2026-02-25 20:00:00,SO,load,7.279999999999999,XY,MW
2026-02-26 21:00:00,CE,load,12.16,XY,MW
2026-02-27 22:00:00,NR,load,7.04,XY,MW
2026-02-28 23:00:00,SO,load,8.959999999999999,XY,MW
2026-03-02 00:00:00,CE,load,35.72,XY,MW
2026-03-03 01:00:00,NR,load,20.68,XY,MW
2026-03-04 02:00:00,SO,load,26.319999999999997,XY,MW
2026-03-05 03:00:00,CE,load,37.05,XY,MW
2026-03-06 04:00:00,NR,load,21.45,XY,MW
2026-03-07 05:00:00,SO,load,27.3,XY,MW
2026-03-08 06:00:00,CE,load,34.01,XY,MW
2026-03-09 07:00:00,NR,load,19.689999999999998,XY,MW
2026-03-10 08:00:00,SO,load,25.06,XY,MW
2026-03-11 09:00:00,CE,load,26.790000000000003,XY,MW
2026-03-12 10:00:00,NR,load,15.510000000000002,XY,MW
2026-03-13 11:00:00,SO,load,19.740000000000002,XY,MW
2026-03-14 12:00:00,CE,load,11.780000000000001,XY,MW
2026-03-15 13:00:00,NR,load,6.82,XY,MW
2026-03-16 14:00:00,SO,load,8.68,XY,MW
2026-03-17 15:00:00,CE,load,7.029999999999999,XY,MW
2026-03-18 16:00:00,NR,load,4.069999999999999,XY,MW
2026-03-19 17:00:00,SO,load,5.18,XY,MW
2026-03-20 18:00:00,CE,load,21.09,XY,MW
2026-03-21 19:00:00,NR,load,12.21,XY,MW
2026-03-22 20:00:00,SO,load,15.540000000000001,XY,MW
2026-03-23 21:00:00,CE,load,21.09,XY,MW
2026-03-24 22:00:00,NR,load,12.21,XY,MW
2026-03-25 23:00:00,SO,load,15.540000000000001,XY,MW
2026-03-27 00:00:00,CE,load,17.669999999999998,XY,MW
2026-03-28 01:00:00,NR,load,10.23,XY,MW
2026-03-29 02:00:00,SO,load,13.02,XY,MW
2026-03-30 03:00:00,CE,load,11.780000000000001,XY,MW
2026-03-31 04:00:00,NR,load,6.82,XY,MW
2026-04-01 05:00:00,SO,load,8.68,XY,MW
2026-04-02 06:00:00,CE,load,12.35,XY,MW
2026-04-03 07:00:00,NR,load,7.1499999999999995,XY,MW
2026-04-04 08:00:00,SO,load,9.1,XY,MW
2026-04-05 09:00:00,CE,load,3.8000000000000003,XY,MW
2026-04-06 10:00:00,NR,load,2.2,XY,MW
2026-04-07 11:00:00,SO,load,2.8000000000000003,XY,MW
2026-04-08 12:00:00,CE,load,15.959999999999999,XY,MW
2026-04-09 13:00:00,NR,load,9.24,XY,MW
2026-04-10 14:00:00,SO,load,11.76,XY,MW
2026-04-11 15:00:00,CE,load,27.93,XY,MW
2026-04-12 16:00:00,NR,load,16.169999999999998,XY,MW
2026-04-13 17:00:00,SO,load,20.58,XY,MW
2026-04-14 18:00:00,CE,load,35.910000000000004,XY,MW
2026-04-15 19:00:00,NR,load,20.790000000000003,XY,MW
2026-04-16 20:00:00,SO,load,26.46,XY,MW
2026-04-17 21:00:00,CE,load,35.15,XY,MW
2026-04-18 22:00:00,NR,load,20.35,XY,MW
2026-04-19 23:00:00,SO,load,25.9,XY,MW
2026-04-21 00:00:00,CE,load,36.480000000000004,XY,MW
2026-04-22 01:00:00,NR,load,21.12,XY,MW
2026-04-23 02:00:00,SO,load,26.88,XY,MW
2026-04-24 03:00:00,CE,load,33.06,XY,MW
2026-04-25 04:00:00,NR,load,19.14,XY,MW
2026-04-26 05:00:00,SO,load,24.36,XY,MW
2026-04-27 06:00:00,CE,load,19.38,XY,MW
2026-04-28 07:00:00,NR,load,11.22,XY,MW
2026-04-29 08:00:00,SO,load,14.28,XY,MW
2026-04-30 09:00:00,CE,load,9.69,XY,MW
2026-05-01 10:00:00,NR,load,5.61,XY,MW
2026-05-02 11:00:00,SO,load,7.14,XY,MW
2026-05-03 12:00:00,CE,load,31.54,XY,MW
2026-05-04 13:00:00,NR,load,18.259999999999998,XY,MW
2026-05-05 14:00:00,SO,load,23.24,XY,MW
2026-05-06 15:00:00,CE,load,34.58,XY,MW
2026-05-07 16:00:00,NR,load,20.02,XY,MW
2026-05-08 17:00:00,SO,load,25.48,XY,MW
2026-05-09 18:00:00,CE,load,36.1,XY,MW
2026-05-10 19:00:00,NR,load,20.900000000000002,XY,MW
2026-05-11 20:00:00,SO,load,26.6,XY,MW
2026-05-12 21:00:00,CE,load,37.24,XY,MW
2026-05-13 22:00:00,NR,load,21.56,XY,MW
2026-05-14 23:00:00,SO,load,27.439999999999998,XY,MW
2026-05-16 00:00:00,CE,load,34.39,XY,MW
2026-05-17 01:00:00,NR,load,19.91,XY,MW
2026-05-18 02:00:00,SO,load,25.34,XY,MW
2026-05-19 03:00:00,CE,load,16.150000000000002,XY,MW
2026-05-20 04:00:00,NR,load,9.350000000000001,XY,MW
2026-05-21 05:00:00,SO,load,11.9,XY,MW
2026-05-22 06:00:00,CE,load,10.64,XY,MW
2026-05-23 07:00:00,NR,load,6.16,XY,MW
2026-05-24 08:00:00,SO,load,7.84,XY,MW
2026-05-25 09:00:00,CE,load,29.83,XY,MW
2026-05-26 10:00:00,NR,load,17.27,XY,MW
2026-05-27 11:00:00,SO,load,21.98,XY,MW
2026-05-28 12:00:00,CE,load,28.31,XY,MW
2026-05-29 13:00:00,NR,load,16.39,XY,MW
2026-05-30 14:00:00,SO,load,20.86,XY,MW
2026-05-31 15:00:00,CE,load,25.65,XY,MW
2026-06-01 16:00:00,NR,load,14.85,XY,MW
2026-06-02 17:00:00,SO,load,18.9,XY,MW
2026-06-03 18:00:00,CE,load,23.560000000000002,XY,MW
2026-06-04 19:00:00,NR,load,13.64,XY,MW
2026-06-05 20:00:00,SO,load,17.36,XY,MW
2026-06-06 21:00:00,CE,load,20.14,XY,MW
2026-06-07 22:00:00,NR,load,11.66,XY,MW
2026-06-08 23:00:00,SO,load,14.84,XY,MW
2026-06-10 00:00:00,CE,load,7.79,XY,MW
2026-06-11 01:00:00,NR,load,4.51,XY,MW
2026-06-12 02:00:00,SO,load,5.74,XY,MW
2026-06-13 03:00:00,CE,load,7.9799999999999995,XY,MW
2026-06-14 04:00:00,NR,load,4.62,XY,MW
2026-06-15 05:00:00,SO,load,5.88,XY,MW
2026-06-16 06:00:00,CE,load,16.91,XY,MW
2026-06-17 07:00:00,NR,load,9.79,XY,MW
2026-06-18 08:00:00,SO,load,12.459999999999999,XY,MW
2026-06-19 09:00:00,CE,load,16.91,XY,MW
2026-06-20 10:00:00,NR,load,9.79,XY,MW
2026-06-21 11:00:00,SO,load,12.459999999999999,XY,MW
2026-06-22 12:00:00,CE,load,17.1,XY,MW
2026-06-23 13:00:00,NR,load,9.9,XY,MW
2026-06-24 14:00:00,SO,load,12.600000000000001,XY,MW
2026-06-25 15:00:00,CE,load,19.0,XY,MW
2026-06-26 16:00:00,NR,load,11.0,XY,MW
2026-06-27 17:00:00,SO,load,14.0,XY,MW
2026-06-28 18:00:00,CE,load,13.11,XY,MW
2026-06-29 19:00:00,NR,load,7.59,XY,MW
2026-06-30 20:00:00,SO,load,9.66,XY,MW
2026-07-01 21:00:00,CE,load,4.18,XY,MW
2026-07-02 22:00:00,NR,load,2.42,XY,MW
2026-07-03 23:00:00,SO,load,3.08,XY,MW
2026-07-05 00:00:00,CE,load,31.16,XY,MW
2026-07-06 01:00:00,NR,load,18.04,XY,MW
2026-07-07 02:00:00,SO,load,22.96,XY,MW
2026-07-08 03:00:00,CE,load,33.82,XY,MW
2026-07-09 04:00:00,NR,load,19.58,XY,MW
2026-07-10 05:00:00,SO,load,24.919999999999998,XY,MW
2026-07-11 06:00:00,CE,load,34.2,XY,MW
2026-07-12 07:00:00,NR,load,19.8,XY,MW
2026-07-13 08:00:00,SO,load,25.200000000000003,XY,MW
2026-07-14 09:00:00,CE,load,33.629999999999995,XY,MW
2026-07-15 10:00:00,NR,load,19.47,XY,MW
2026-07-16 11:00:00,SO,load,24.779999999999998,XY,MW
2026-07-17 12:00:00,CE,load,32.68,XY,MW
2026-07-18 13:00:00,NR,load,18.92,XY,MW
2026-07-19 14:00:00,SO,load,24.080000000000002,XY,MW
2026-07-20 15:00:00,CE,load,16.150000000000002,XY,MW
2026-07-21 16:00:00,NR,load,9.350000000000001,XY,MW
2026-07-22 17:00:00,SO,load,11.9,XY,MW
2026-07-23 18:00:00,CE,load,12.16,XY,MW
2026-07-24 19:00:00,NR,load,7.04,XY,MW
2026-07-25 20:00:00,SO,load,8.959999999999999,XY,MW
2026-07-26 21:00:00,CE,load,32.68,XY,MW
2026-07-27 22:00:00,NR,load,18.92,XY,MW
2026-07-28 23:00:00,SO,load,24.080000000000002,XY,MW
2026-07-30 00:00:00,CE,load,36.480000000000004,XY,MW
2026-07-31 01:00:00,NR,load,21.12,XY,MW
2026-08-01 02:00:00,SO,load,26.88,XY,MW
2026-08-02 03:00:00,CE,load,37.05,XY,MW
2026-08-03 04:00:00,NR,load,21.45,XY,MW
2026-08-04 05:00:00,SO,load,27.3,XY,MW
2026-08-05 06:00:00,CE,load,34.39,XY,MW
2026-08-06 07:00:00,NR,load,19.91,XY,MW
2026-08-07 08:00:00,SO,load,25.34,XY,MW
2026-08-08 09:00:00,CE,load,28.31,XY,MW
2026-08-09 10:00:00,NR,load,16.39,XY,MW
2026-08-10 11:00:00,SO,load,20.86,XY,MW
2026-08-11 12:00:00,CE,load,10.64,XY,MW
2026-08-12 13:00:00,NR,load,6.16,XY,MW
2026-08-13 14:00:00,SO,load,7.84,XY,MW
2026-08-14 15:00:00,CE,load,9.5,XY,MW
2026-08-15 16:00:00,NR,load,5.5,XY,MW
2026-08-16 17:00:00,SO,load,7.0,XY,MW
2026-08-17 18:00:00,CE,load,20.900000000000002,XY,MW
2026-08-18 19:00:00,NR,load,12.1,XY,MW
2026-08-19 20:00:00,SO,load,15.4,XY,MW
2026-08-20 21:00:00,CE,load,21.47,XY,MW
2026-08-21 22:00:00,NR,load,12.43,XY,MW
2026-08-22 23:00:00,SO,load,15.819999999999999,XY,MW
2026-08-24 00:00:00,CE,load,19.95,XY,MW
2026-08-25 01:00:00,NR,load,11.55,XY,MW
2026-08-26 02:00:00,SO,load,14.700000000000001,XY,MW
2026-08-27 03:00:00,CE,load,18.240000000000002,XY,MW
2026-08-28 04:00:00,NR,load,10.56,XY,MW
2026-08-29 05:00:00,SO,load,13.44,XY,MW
2026-08-30 06:00:00,CE,load,14.059999999999999,XY,MW
2026-08-31 07:00:00,NR,load,8.139999999999999,XY,MW
2026-09-01 08:00:00,SO,load,10.36,XY,MW
2026-09-02 09:00:00,CE,load,4.5600000000000005,XY,MW
2026-09-03 10:00:00,NR,load,2.64,XY,MW
2026-09-04 11:00:00,SO,load,3.36,XY,MW
2026-09-05 12:00:00,CE,load,11.209999999999999,XY,MW
2026-09-06 13:00:00,NR,load,6.489999999999999,XY,MW
2026-09-07 14:00:00,SO,load,8.26,XY,MW
2026-09-08 15:00:00,CE,load,18.43,XY,MW
2026-09-09 16:00:00,NR,load,10.67,XY,MW
2026-09-10 17:00:00,SO,load,13.58,XY,MW
2026-09-11 18:00:00,CE,load,25.65,XY,MW
2026-09-12 19:00:00,NR,load,14.85,XY,MW
2026-09-13 20:00:00,SO,load,18.9,XY,MW
2026-09-14 21:00:00,CE,load,32.49,XY,MW
2026-09-15 22:00:00,NR,load,18.810000000000002,XY,MW
2026-09-16 23:00:00,SO,load,23.94,XY,MW
2026-09-18 00:00:00,CE,load,30.78,XY,MW
2026-09-19 01:00:00,NR,load,17.82,XY,MW
2026-09-20 02:00:00,SO,load,22.68,XY,MW
2026-09-21 03:00:00,CE,load,13.68,XY,MW
2026-09-22 04:00:00,NR,load,7.92,XY,MW
2026-09-23 05:00:00,SO,load,10.08,XY,MW
2026-09-24 06:00:00,CE,load,8.55,XY,MW
2026-09-25 07:00:00,NR,load,4.95,XY,MW
2026-09-26 08:00:00,SO,load,6.300000000000001,XY,MW
2026-09-27 09:00:00,CE,load,29.45,XY,MW
2026-09-28 10:00:00,NR,load,17.05,XY,MW
2026-09-29 11:00:00,SO,load,21.7,XY,MW
2026-09-30 12:00:00,CE,load,31.73,XY,MW
2026-10-01 13:00:00,NR,load,18.37,XY,MW
2026-10-02 14:00:00,SO,load,23.38,XY,MW
2026-10-03 15:00:00,CE,load,32.300000000000004,XY,MW
2026-10-04 16:00:00,NR,load,18.700000000000003,XY,MW
2026-10-05 17:00:00,SO,load,23.8,XY,MW
2026-10-06 18:00:00,CE,load,32.49,XY,MW
2026-10-07 19:00:00,NR,load,18.810000000000002,XY,MW
2026-10-08 20:00:00,SO,load,23.94,XY,MW
2026-10-09 21:00:00,CE,load,31.919999999999998,XY,MW
2026-10-10 22:00:00,NR,load,18.48,XY,MW
2026-10-11 23:00:00,SO,load,23.52,XY,MW
2026-10-13 00:00:00,CE,load,14.249999999999998,XY,MW
2026-10-14 01:00:00,NR,load,8.25,XY,MW
2026-10-15 02:00:00,SO,load,10.499999999999998,XY,MW
2026-10-16 03:00:00,CE,load,12.16,XY,MW
2026-10-17 04:00:00,NR,load,7.04,XY,MW
2026-10-18 05:00:00,SO,load,8.959999999999999,XY,MW
2026-10-19 06:00:00,CE,load,30.590000000000003,XY,MW
2026-10-20 07:00:00,NR,load,17.71,XY,MW
2026-10-21 08:00:00,SO,load,22.540000000000003,XY,MW
2026-10-22 09:00:00,CE,load,30.02,XY,MW
2026-10-23 10:00:00,NR,load,17.38,XY,MW
2026-10-24 11:00:00,SO,load,22.119999999999997,XY,MW
2026-10-25 12:00:00,CE,load,26.790000000000003,XY,MW
2026-10-26 13:00:00,NR,load,15.510000000000002,XY,MW
2026-10-27 14:00:00,SO,load,19.740000000000002,XY,MW
2026-10-28 15:00:00,CE,load,23.75,XY,MW
2026-10-29 16:00:00,NR,load,13.75,XY,MW
2026-10-30 17:00:00,SO,load,17.5,XY,MW
2026-10-31 18:00:00,CE,load,20.52,XY,MW
2026-11-01 19:00:00,NR,load,11.879999999999999,XY,MW
2026-11-02 20:00:00,SO,load,15.12,XY,MW
2026-11-03 21:00:00,CE,load,8.74,XY,MW
2026-11-04 22:00:00,NR,load,5.06,XY,MW
2026-11-05 23:00:00,SO,load,6.44,XY,MW
2026-11-07 00:00:00,CE,load,7.79,XY,MW
2026-11-08 01:00:00,NR,load,4.51,XY,MW
2026-11-09 02:00:00,SO,load,5.74,XY,MW
2026-11-10 03:00:00,CE,load,16.150000000000002,XY,MW
2026-11-11 04:00:00,NR,load,9.350000000000001,XY,MW
2026-11-12 05:00:00,SO,load,11.9,XY,MW
2026-11-13 06:00:00,CE,load,15.58,XY,MW
2026-11-14 07:00:00,NR,load,9.02,XY,MW
2026-11-15 08:00:00,SO,load,11.48,XY,MW
2026-11-16 09:00:00,CE,load,13.299999999999999,XY,MW
2026-11-17 10:00:00,NR,load,7.699999999999999,XY,MW
2026-11-18 11:00:00,SO,load,9.799999999999999,XY,MW
2026-11-19 12:00:00,CE,load,14.249999999999998,XY,MW
2026-11-20 13:00:00,NR,load,8.25,XY,MW
2026-11-21 14:00:00,SO,load,10.499999999999998,XY,MW
2026-11-22 15:00:00,CE,load,11.02,XY,MW
2026-11-23 16:00:00,NR,load,6.38,XY,MW
2026-11-24 17:00:00,SO,load,8.12,XY,MW
2026-11-25 18:00:00,CE,load,3.9899999999999998,XY,MW
2026-11-26 19:00:00,NR,load,2.31,XY,MW
2026-11-27 20:00:00,SO,load,2.94,XY,MW
2026-11-28 21:00:00,CE,load,28.69,XY,MW
2026-11-29 22:00:00,NR,load,16.610000000000003,XY,MW
2026-11-30 23:00:00,SO,load,21.14,XY,MW
2026-12-02 00:00:00,CE,load,33.82,XY,MW
2026-12-03 01:00:00,NR,load,19.58,XY,MW
2026-12-04 02:00:00,SO,load,24.919999999999998,XY,MW
2026-12-05 03:00:00,CE,load,32.87,XY,MW
2026-12-06 04:00:00,NR,load,19.03,XY,MW
2026-12-07 05:00:00,SO,load,24.22,XY,MW
2026-12-08 06:00:00,CE,load,33.25,XY,MW
2026-12-09 07:00:00,NR,load,19.25,XY,MW
2026-12-10 08:00:00,SO,load,24.5,XY,MW
2026-12-11 09:00:00,CE,load,30.970000000000002,XY,MW
2026-12-12 10:00:00,NR,load,17.93,XY,MW
2026-12-13 11:00:00,SO,load,22.82,XY,MW
2026-12-14 12:00:00,CE,load,16.53,XY,MW
2026-12-15 13:00:00,NR,load,9.57,XY,MW
2026-12-16 14:00:00,SO,load,12.18,XY,MW
2026-12-17 15:00:00,CE,load,12.540000000000001,XY,MW
2026-12-18 16:00:00,NR,load,7.260000000000001,XY,MW
2026-12-19 17:00:00,SO,load,9.24,XY,MW
2026-12-20 18:00:00,CE,load,31.35,XY,MW
2026-12-21 19:00:00,NR,load,18.15,XY,MW
2026-12-22 20:00:00,SO,load,23.1,XY,MW
2026-12-23 21:00:00,CE,load,34.77,XY,MW
2026-12-24 22:00:00,NR,load,20.13,XY,MW
2026-12-25 23:00:00,SO,load,25.62,XY,MW
2026-12-27 00:00:00,CE,load,36.1,XY,MW
2026-12-28 01:00:00,NR,load,20.900000000000002,XY,MW
2026-12-29 02:00:00,SO,load,26.6,XY,MW
2026-12-30 03:00:00,CE,load,35.72,XY,MW
2026-12-31 04:00:00,NR,load,20.68,XY,MW
2027-01-01 05:00:00,SO,load,26.319999999999997,XY,MW
2027-01-02 06:00:00,CE,load,30.400000000000002,XY,MW
2027-01-03 07:00:00,NR,load,17.6,XY,MW
2027-01-04 08:00:00,SO,load,22.400000000000002,XY,MW
2027-01-05 09:00:00,CE,load,14.82,XY,MW
2027-01-06 10:00:00,NR,load,8.58,XY,MW
2027-01-07 11:00:00,SO,load,10.92,XY,MW
2027-01-08 12:00:00,CE,load,11.209999999999999,XY,MW
2027-01-09 13:00:00,NR,load,6.489999999999999,XY,MW
2027-01-10 14:00:00,SO,load,8.26,XY,MW
2027-01-11 15:00:00,CE,load,22.419999999999998,XY,MW
2027-01-12 16:00:00,NR,load,12.979999999999999,XY,MW
2027-01-13 17:00:00,SO,load,16.52,XY,MW
2027-01-14 18:00:00,CE,load,22.61,XY,MW
2027-01-15 19:00:00,NR,load,13.09,XY,MW
2027-01-16 20:00:00,SO,load,16.66,XY,MW
2027-01-17 21:00:00,CE,load,21.85,XY,MW
2027-01-18 22:00:00,NR,load,12.65,XY,MW
2027-01-19 23:00:00,SO,load,16.1,XY,MW
2027-01-21 00:00:00,CE,load,19.759999999999998,XY,MW
2027-01-22 01:00:00,NR,load,11.44,XY,MW
2027-01-23 02:00:00,SO,load,14.559999999999999,XY,MW
2027-01-24 03:00:00,CE,load,15.200000000000001,XY,MW
2027-01-25 04:00:00,NR,load,8.8,XY,MW
2027-01-26 05:00:00,SO,load,11.200000000000001,XY,MW
2027-01-27 06:00:00,CE,load,5.32,XY,MW
2027-01-28 07:00:00,NR,load,3.08,XY,MW
2027-01-29 08:00:00,SO,load,3.92,XY,MW
2027-01-30 09:00:00,CE,load,8.93,XY,MW
2027-01-31 10:00:00,NR,load,5.17,XY,MW
2027-02-01 11:00:00,SO,load,6.579999999999999,XY,MW
2027-02-02 12:00:00,CE,load,16.34,XY,MW
2027-02-03 13:00:00,NR,load,9.46,XY,MW
2027-02-04 14:00:00,SO,load,12.040000000000001,XY,MW
2027-02-05 15:00:00,CE,load,19.759999999999998,XY,MW
2027-02-06 16:00:00,NR,load,11.44,XY,MW
2027-02-07 17:00:00,SO,load,14.559999999999999,XY,MW
2027-02-08 18:00:00,CE,load,26.599999999999998,XY,MW
2027-02-09 19:00:00,NR,load,15.399999999999999,XY,MW
2027-02-10 20:00:00,SO,load,19.599999999999998,XY,MW
2027-02-11 21:00:00,CE,load,30.78,XY,MW
2027-02-12 22:00:00,NR,load,17.82,XY,MW
2027-02-13 23:00:00,SO,load,22.68,XY,MW
2027-02-15 00:00:00,CE,load,15.77,XY,MW
2027-02-16 01:00:00,NR,load,9.129999999999999,XY,MW
2027-02-17 02:00:00,SO,load,11.62,XY,MW
2027-02-18 03:00:00,CE,load,6.08,XY,MW
2027-02-19 04:00:00,NR,load,3.52,XY,MW
2027-02-20 05:00:00,SO,load,4.4799999999999995,XY,MW
2027-02-21 06:00:00,CE,load,30.78,XY,MW
2027-02-22 07:00:00,NR,load,17.82,XY,MW
2027-02-23 08:00:00,SO,load,22.68,XY,MW
2027-02-24 09:00:00,CE,load,33.629999999999995,XY,MW
2027-02-25 10:00:00,NR,load,19.47,XY,MW
2027-02-26 11:00:00,SO,load,24.779999999999998,XY,MW
2027-02-27 12:00:00,CE,load,34.2,XY,MW
2027-02-28 13:00:00,NR,load,19.8,XY,MW
2027-03-01 14:00:00,SO,load,25.200000000000003,XY,MW
2027-03-02 15:00:00,CE,load,34.2,XY,MW
2027-03-03 16:00:00,NR,load,19.8,XY,MW
2027-03-04 17:00:00,SO,load,25.200000000000003,XY,MW
2027-03-05 18:00:00,CE,load,34.58,XY,MW
2027-03-06 19:00:00,NR,load,20.02,XY,MW
2027-03-07 20:00:00,SO,load,25.48,XY,MW
2027-03-08 21:00:00,CE,load,18.43,XY,MW
2027-03-09 22:00:00,NR,load,10.67,XY,MW
2027-03-10 23:00:00,SO,load,13.58,XY,MW
2027-03-12 00:00:00,CE,load,12.35,XY,MW
2027-03-13 01:00:00,NR,load,7.1499999999999995,XY,MW
2027-03-14 02:00:00,SO,load,9.1,XY,MW
2027-03-15 03:00:00,CE,load,34.77,XY,MW
2027-03-16 04:00:00,NR,load,20.13,XY,MW
2027-03-17 05:00:00,SO,load,25.62,XY,MW
2027-03-18 06:00:00,CE,load,36.1,XY,MW
2027-03-19 07:00:00,NR,load,20.900000000000002,XY,MW
2027-03-20 08:00:00,SO,load,26.6,XY,MW
2027-03-21 09:00:00,CE,load,32.87,XY,MW
2027-03-22 10:00:00,NR,load,19.03,XY,MW
2027-03-23 11:00:00,SO,load,24.22,XY,MW
2027-03-24 12:00:00,CE,load,30.590000000000003,XY,MW
2027-03-25 13:00:00,NR,load,17.71,XY,MW
2027-03-26 14:00:00,SO,load,22.540000000000003,XY,MW
2027-03-27 15:00:00,CE,load,24.509999999999998,XY,MW
2027-03-28 16:00:00,NR,load,14.19,XY,MW
2027-03-29 17:00:00,SO,load,18.06,XY,MW
2027-03-30 18:00:00,CE,load,10.07,XY,MW
2027-03-31 19:00:00,NR,load,5.83,XY,MW
2027-04-01 20:00:00,SO,load,7.42,XY,MW
2027-04-02 21:00:00,CE,load,7.6000000000000005,XY,MW
2027-04-03 22:00:00,NR,load,4.4,XY,MW
2027-04-04 23:00:00,SO,load,5.6000000000000005,XY,MW
2027-04-06 00:00:00,CE,load,18.81,XY,MW
2027-04-07 01:00:00,NR,load,10.889999999999999,XY,MW
2027-04-08 02:00:00,SO,load,13.86,XY,MW
2027-04-09 03:00:00,CE,load,17.1,XY,MW
2027-04-10 04:00:00,NR,load,9.9,XY,MW
2027-04-11 05:00:00,SO,load,12.600000000000001,XY,MW
2027-04-12 06:00:00,CE,load,12.92,XY,MW
2027-04-13 07:00:00,NR,load,7.4799999999999995,XY,MW
2027-04-14 08:00:00,SO,load,9.52,XY,MW
2027-04-15 09:00:00,CE,load,17.29,XY,MW
2027-04-16 10:00:00,NR,load,10.01,XY,MW
2027-04-17 11:00:00,SO,load,12.74,XY,MW
2027-04-18 12:00:00,CE,load,11.97,XY,MW
2027-04-19 13:00:00,NR,load,6.93,XY,MW
2027-04-20 14:00:00,SO,load,8.82,XY,MW
2027-04-21 15:00:00,CE,load,3.42,XY,MW
2027-04-22 16:00:00,NR,load,1.98,XY,MW
2027-04-23 17:00:00,SO,load,2.52,XY,MW
2027-04-24 18:00:00,CE,load,23.37,XY,MW
2027-04-25 19:00:00,NR,load,13.530000000000001,XY,MW
2027-04-26 20:00:00,SO,load,17.220000000000002,XY,MW
2027-04-27 21:00:00,CE,load,34.2,XY,MW
2027-04-28 22:00:00,NR,load,19.8,XY,MW
2027-04-29 23:00:00,SO,load,25.200000000000003,XY,MW
2027-05-01 00:00:00,CE,load,35.910000000000004,XY,MW
2027-05-02 01:00:00,NR,load,20.790000000000003,XY,MW
2027-05-03 02:00:00,SO,load,26.46,XY,MW
2027-05-04 03:00:00,CE,load,34.96,XY,MW
2027-05-05 04:00:00,NR,load,20.24,XY,MW
2027-05-06 05:00:00,SO,load,25.76,XY,MW
2027-05-07 06:00:00,CE,load,32.300000000000004,XY,MW
2027-05-08 07:00:00,NR,load,18.700000000000003,XY,MW
2027-05-09 08:00:00,SO,load,23.8,XY,MW
2027-05-10 09:00:00,CE,load,20.14,XY,MW
2027-05-11 10:00:00,NR,load,11.66,XY,MW
2027-05-12 11:00:00,SO,load,14.84,XY,MW
2027-05-13 12:00:00,CE,load,11.780000000000001,XY,MW
2027-05-14 13:00:00,NR,load,6.82,XY,MW
2027-05-15 14:00:00,SO,load,8.68,XY,MW
2027-05-16 15:00:00,CE,load,32.11,XY,MW
2027-05-17 16:00:00,NR,load,18.59,XY,MW
2027-05-18 17:00:00,SO,load,23.659999999999997,XY,MW
2027-05-19 18:00:00,CE,load,35.72,XY,MW
2027-05-20 19:00:00,NR,load,20.68,XY,MW
2027-05-21 20:00:00,SO,load,26.319999999999997,XY,MW
2027-05-22 21:00:00,CE,load,37.43,XY,MW
2027-05-23 22:00:00,NR,load,21.669999999999998,XY,MW
2027-05-24 23:00:00,SO,load,27.58,XY,MW
2027-05-26 00:00:00,CE,load,38.38,XY,MW
2027-05-27 01:00:00,NR,load,22.22,XY,MW
2027-05-28 02:00:00,SO,load,28.28,XY,MW
2027-05-29 03:00:00,CE,load,33.44,XY,MW
2027-05-30 04:00:00,NR,load,19.36,XY,MW
2027-05-31 05:00:00,SO,load,24.64,XY,MW
2027-06-01 06:00:00,CE,load,16.150000000000002,XY,MW
2027-06-02 07:00:00,NR,load,9.350000000000001,XY,MW
2027-06-03 08:00:00,SO,load,11.9,XY,MW
2027-06-04 09:00:00,CE,load,12.16,XY,MW
2027-06-05 10:00:00,NR,load,7.04,XY,MW
2027-06-06 11:00:00,SO,load,8.959999999999999,XY,MW
2027-06-07 12:00:00,CE,load,26.029999999999998,XY,MW
2027-06-08 13:00:00,NR,load,15.07,XY,MW
2027-06-09 14:00:00,SO,load,19.18,XY,MW
2027-06-10 15:00:00,CE,load,25.46,XY,MW
2027-06-11 16:00:00,NR,load,14.74,XY,MW
2027-06-12 17:00:00,SO,load,18.76,XY,MW
2027-06-13 18:00:00,CE,load,23.75,XY,MW
2027-06-14 19:00:00,NR,load,13.75,XY,MW
2027-06-15 20:00:00,SO,load,17.5,XY,MW
2027-06-16 21:00:00,CE,load,22.419999999999998,XY,MW
2027-06-17 22:00:00,NR,load,12.979999999999999,XY,MW
2027-06-18 23:00:00,SO,load,16.52,XY,MW
2027-06-20 00:00:00,CE,load,17.669999999999998,XY,MW
2027-06-21 01:00:00,NR,load,10.23,XY,MW
2027-06-22 02:00:00,SO,load,13.02,XY,MW
2027-06-23 03:00:00,CE,load,6.08,XY,MW
2027-06-24 04:00:00,NR,load,3.52,XY,MW
2027-06-25 05:00:00,SO,load,4.4799999999999995,XY,MW
2027-06-26 06:00:00,CE,load,8.17,XY,MW
2027-06-27 07:00:00,NR,load,4.73,XY,MW
2027-06-28 08:00:00,SO,load,6.0200000000000005,XY,MW
2027-06-29 09:00:00,CE,load,16.34,XY,MW
2027-06-30 10:00:00,NR,load,9.46,XY,MW
2027-07-01 11:00:00,SO,load,12.040000000000001,XY,MW
2027-07-02 12:00:00,CE,load,15.200000000000001,XY,MW
2027-07-03 13:00:00,NR,load,8.8,XY,MW
2027-07-04 14:00:00,SO,load,11.200000000000001,XY,MW
2027-07-05 15:00:00,CE,load,10.450000000000001,XY,MW
2027-07-06 16:00:00,NR,load,6.05,XY,MW
2027-07-07 17:00:00,SO,load,7.7,XY,MW
2027-07-08 18:00:00,CE,load,22.04,XY,MW
2027-07-09 19:00:00,NR,load,12.76,XY,MW
2027-07-10 20:00:00,SO,load,16.24,XY,MW
2027-07-11 21:00:00,CE,load,12.540000000000001,XY,MW
2027-07-12 22:00:00,NR,load,7.260000000000001,XY,MW
2027-07-13 23:00:00,SO,load,9.24,XY,MW
2027-07-15 00:00:00,CE,load,3.23,XY,MW
2027-07-16 01:00:00,NR,load,1.8699999999999999,XY,MW
2027-07-17 02:00:00,SO,load,2.38,XY,MW
2027-07-18 03:00:00,CE,load,30.970000000000002,XY,MW
2027-07-19 04:00:00,NR,load,17.93,XY,MW
2027-07-20 05:00:00,SO,load,22.82,XY,MW
2027-07-21 06:00:00,CE,load,34.96,XY,MW
2027-07-22 07:00:00,NR,load,20.24,XY,MW
2027-07-23 08:00:00,SO,load,25.76,XY,MW
2027-07-24 09:00:00,CE,load,35.15,XY,MW
2027-07-25 10:00:00,NR,load,20.35,XY,MW
2027-07-26 11:00:00,SO,load,25.9,XY,MW
2027-07-27 12:00:00,CE,load,34.96,XY,MW
2027-07-28 13:00:00,NR,load,20.24,XY,MW
2027-07-29 14:00:00,SO,load,25.76,XY,MW
2027-07-30 15:00:00,CE,load,34.2,XY,MW
2027-07-31 16:00:00,NR,load,19.8,XY,MW
2027-08-01 17:00:00,SO,load,25.200000000000003,XY,MW
2027-08-02 18:00:00,CE,load,17.669999999999998,XY,MW
2027-08-03 19:00:00,NR,load,10.23,XY,MW
2027-08-04 20:00:00,SO,load,13.02,XY,MW
2027-08-05 21:00:00,CE,load,10.83,XY,MW
2027-08-06 22:00:00,NR,load,6.2700000000000005,XY,MW
2027-08-07 23:00:00,SO,load,7.98,XY,MW
2027-08-09 00:00:00,CE,load,36.1,XY,MW
2027-08-10 01:00:00,NR,load,20.900000000000002,XY,MW
2027-08-11 02:00:00,SO,load,26.6,XY,MW
2027-08-12 03:00:00,CE,load,38.57,XY,MW
2027-08-13 04:00:00,NR,load,22.330000000000002,XY,MW
2027-08-14 05:00:00,SO,load,28.42,XY,MW
2027-08-15 06:00:00,CE,load,36.29,XY,MW
2027-08-16 07:00:00,NR,load,21.01,XY,MW
2027-08-17 08:00:00,SO,load,26.740000000000002,XY,MW
2027-08-18 09:00:00,CE,load,32.49,XY,MW
2027-08-19 10:00:00,NR,load,18.810000000000002,XY,MW
2027-08-20 11:00:00,SO,load,23.94,XY,MW
2027-08-21 12:00:00,CE,load,25.84,XY,MW
2027-08-22 13:00:00,NR,load,14.959999999999999,XY,MW
2027-08-23 14:00:00,SO,load,19.04,XY,MW
2027-08-24 15:00:00,CE,load,9.879999999999999,XY,MW
2027-08-25 16:00:00,NR,load,5.72,XY,MW
2027-08-26 17:00:00,SO,load,7.279999999999999,XY,MW
2027-08-27 18:00:00,CE,load,6.08,XY,MW
2027-08-28 19:00:00,NR,load,3.52,XY,MW
2027-08-29 20:00:00,SO,load,4.4799999999999995,XY,MW
2027-08-30 21:00:00,CE,load,20.900000000000002,XY,MW
2027-08-31 22:00:00,NR,load,12.1,XY,MW
2027-09-01 23:00:00,SO,load,15.4,XY,MW
2027-09-03 00:00:00,CE,load,20.71,XY,MW
2027-09-04 01:00:00,NR,load,11.99,XY,MW
2027-09-05 02:00:00,SO,load,15.260000000000002,XY,MW
2027-09-06 03:00:00,CE,load,19.19,XY,MW
2027-09-07 04:00:00,NR,load,11.11,XY,MW
2027-09-08 05:00:00,SO,load,14.14,XY,MW
2027-09-09 06:00:00,CE,load,17.669999999999998,XY,MW
2027-09-10 07:00:00,NR,load,10.23,XY,MW
2027-09-11 08:00:00,SO,load,13.02,XY,MW
2027-09-12 09:00:00,CE,load,12.16,XY,MW
2027-09-13 10:00:00,NR,load,7.04,XY,MW
2027-09-14 11:00:00,SO,load,8.959999999999999,XY,MW
2027-09-15 12:00:00,CE,load,3.23,XY,MW
2027-09-16 13:00:00,NR,load,1.8699999999999999,XY,MW
2027-09-17 14:00:00,SO,load,2.38,XY,MW
2027-09-18 15:00:00,CE,load,15.58,XY,MW
2027-09-19 16:00:00,NR,load,9.02,XY,MW
2027-09-20 17:00:00,SO,load,11.48,XY,MW
2027-09-21 18:00:00,CE,load,27.74,XY,MW
2027-09-22 19:00:00,NR,load,16.06,XY,MW
2027-09-23 20:00:00,SO,load,20.44,XY,MW
2027-09-24 21:00:00,CE,load,35.339999999999996,XY,MW
2027-09-25 22:00:00,NR,load,20.46,XY,MW
2027-09-26 23:00:00,SO,load,26.04,XY,MW
2027-09-28 00:00:00,CE,load,35.910000000000004,XY,MW
2027-09-29 01:00:00,NR,load,20.790000000000003,XY,MW
2027-09-30 02:00:00,SO,load,26.46,XY,MW
2027-10-01 03:00:00,CE,load,32.68,XY,MW
2027-10-02 04:00:00,NR,load,18.92,XY,MW
2027-10-03 05:00:00,SO,load,24.080000000000002,XY,MW
2027-10-04 06:00:00,CE,load,17.669999999999998,XY,MW
2027-10-05 07:00:00,NR,load,10.23,XY,MW
2027-10-06 08:00:00,SO,load,13.02,XY,MW
2027-10-07 09:00:00,CE,load,7.6000000000000005,XY,MW
2027-10-08 10:00:00,NR,load,4.4,XY,MW
2027-10-09 11:00:00,SO,load,5.6000000000000005,XY,MW
2027-10-10 12:00:00,CE,load,31.919999999999998,XY,MW
2027-10-11 13:00:00,NR,load,18.48,XY,MW
2027-10-12 14:00:00,SO,load,23.52,XY,MW
2027-10-13 15:00:00,CE,load,35.910000000000004,XY,MW
2027-10-14 16:00:00,NR,load,20.790000000000003,XY,MW
2027-10-15 17:00:00,SO,load,26.46,XY,MW
2027-10-16 18:00:00,CE,load,36.67,XY,MW
2027-10-17 19:00:00,NR,load,21.23,XY,MW
2027-10-18 20:00:00,SO,load,27.02,XY,MW
2027-10-19 21:00:00,CE,load,38.0,XY,MW
2027-10-20 22:00:00,NR,load,22.0,XY,MW
2027-10-21 23:00:00,SO,load,28.0,XY,MW
2027-10-23 00:00:00,CE,load,34.96,XY,MW
2027-10-24 01:00:00,NR,load,20.24,XY,MW
2027-10-25 02:00:00,SO,load,25.76,XY,MW
2027-10-26 03:00:00,CE,load,15.58,XY,MW
2027-10-27 04:00:00,NR,load,9.02,XY,MW
2027-10-28 05:00:00,SO,load,11.48,XY,MW
2027-10-29 06:00:00,CE,load,10.83,XY,MW
2027-10-30 07:00:00,NR,load,6.2700000000000005,XY,MW
2027-10-31 08:00:00,SO,load,7.98,XY,MW
2027-11-01 09:00:00,CE,load,30.209999999999997,XY,MW
2027-11-02 10:00:00,NR,load,17.49,XY,MW
2027-11-03 11:00:00,SO,load,22.259999999999998,XY,MW
2027-11-04 12:00:00,CE,load,28.880000000000003,XY,MW
2027-11-05 13:00:00,NR,load,16.720000000000002,XY,MW
2027-11-06 14:00:00,SO,load,21.28,XY,MW
2027-11-07 15:00:00,CE,load,26.409999999999997,XY,MW
2027-11-08 16:00:00,NR,load,15.29,XY,MW
2027-11-09 17:00:00,SO,load,19.459999999999997,XY,MW
2027-11-10 18:00:00,CE,load,24.509999999999998,XY,MW
2027-11-11 19:00:00,NR,load,14.19,XY,MW
2027-11-12 20:00:00,SO,load,18.06,XY,MW
2027-11-13 21:00:00,CE,load,20.71,XY,MW
2027-11-14 22:00:00,NR,load,11.99,XY,MW
2027-11-15 23:00:00,SO,load,15.260000000000002,XY,MW
2027-11-17 00:00:00,CE,load,7.41,XY,MW
2027-11-18 01:00:00,NR,load,4.29,XY,MW
2027-11-19 02:00:00,SO,load,5.46,XY,MW
2027-11-20 03:00:00,CE,load,7.6000000000000005,XY,MW
2027-11-21 04:00:00,NR,load,4.4,XY,MW
2027-11-22 05:00:00,SO,load,5.6000000000000005,XY,MW
2027-11-23 06:00:00,CE,load,17.48,XY,MW
2027-11-24 07:00:00,NR,load,10.12,XY,MW
2027-11-25 08:00:00,SO,load,12.88,XY,MW
2027-11-26 09:00:00,CE,load,16.91,XY,MW
2027-11-27 10:00:00,NR,load,9.79,XY,MW
2027-11-28 11:00:00,SO,load,12.459999999999999,XY,MW
2027-11-29 12:00:00,CE,load,16.150000000000002,XY,MW
2027-11-30 13:00:00,NR,load,9.350000000000001,XY,MW
2027-12-01 14:00:00,SO,load,11.9,XY,MW
2027-12-02 15:00:00,CE,load,15.77,XY,MW
2027-12-03 16:00:00,NR,load,9.129999999999999,XY,MW
2027-12-04 17:00:00,SO,load,11.62,XY,MW
2027-12-05 18:00:00,CE,load,9.69,XY,MW
2027-12-06 19:00:00,NR,load,5.61,XY,MW
2027-12-07 20:00:00,SO,load,7.14,XY,MW
2027-12-08 21:00:00,CE,load,2.66,XY,MW
2027-12-09 22:00:00,NR,load,1.54,XY,MW
2027-12-10 23:00:00,SO,load,1.96,XY,MW
2027-12-12 00:00:00,CE,load,5.32,XY,MW
2027-12-13 01:00:00,NR,load,3.08,XY,MW
2027-12-14 02:00:00,SO,load,3.92,XY,MW
2027-12-15 03:00:00,CE,load,2.4699999999999998,XY,MW
2027-12-16 04:00:00,NR,load,1.43,XY,MW
2027-12-17 05:00:00,SO,load,1.8199999999999998,XY,MW
2027-12-18 06:00:00,CE,load,5.7,XY,MW
2027-12-19 07:00:00,NR,load,3.3000000000000003,XY,MW
2027-12-20 08:00:00,SO,load,4.2,XY,MW
2027-12-21 09:00:00,CE,load,18.43,XY,MW
2027-12-22 10:00:00,NR,load,10.67,XY,MW
2027-12-23 11:00:00,SO,load,13.58,XY,MW
2027-12-24 12:00:00,CE,load,19.759999999999998,XY,MW
2027-12-25 13:00:00,NR,load,11.44,XY,MW
2027-12-26 14:00:00,SO,load,14.559999999999999,XY,MW
2027-12-27 15:00:00,CE,load,14.249999999999998,XY,MW
2027-12-28 16:00:00,NR,load,8.25,XY,MW
2027-12-29 17:00:00,SO,load,10.499999999999998,XY,MW
2027-12-30 18:00:00,CE,load,9.879999999999999,XY,MW
2027-12-31 19:00:00,NR,load,5.72,XY,MW
2028-01-01 20:00:00,SO,load,7.279999999999999,XY,MW
2028-01-02 21:00:00,CE,load,8.55,XY,MW
2028-01-03 22:00:00,NR,load,4.95,XY,MW
2028-01-04 23:00:00,SO,load,6.300000000000001,XY,MW
2025-01-01 00:00:00,CE,store_discharge,-1.44,XY,MW
2025-01-02 01:00:00,NR,store_discharge,-2.16,XY,MW
2025-01-03 02:00:00,SO,store_discharge,-1.2,XY,MW
2025-01-04 03:00:00,CE,store_discharge,0.0,XY,MW
2025-01-05 04:00:00,NR,store_discharge,0.0,XY,MW
2025-01-06 05:00:00,SO,store_discharge,0.0,XY,MW
2025-01-07 06:00:00,CE,store_discharge,1.44,XY,MW
2025-01-08 07:00:00,NR,store_discharge,0.0,XY,MW
2025-01-09 08:00:00,SO,store_discharge,0.1600000000069967,XY,MW
2025-01-10 09:00:00,CE,store_discharge,0.0,XY,MW
2025-01-11 10:00:00,NR,store_discharge,0.0,XY,MW
2025-01-12 11:00:00,SO,store_discharge,-0.040000000003497974,XY,MW
2025-01-13 12:00:00,CE,store_discharge,0.0,XY,MW
2025-01-14 13:00:00,NR,store_discharge,2.16,XY,MW
2025-01-15 14:00:00,SO,store_discharge,1.0799999999965013,XY,MW
2025-01-16 15:00:00,CE,store_discharge,0.0,XY,MW
2025-01-17 16:00:00,NR,store_discharge,0.0,XY,MW
2025-01-18 17:00:00,SO,store_discharge,0.0,XY,MW
2025-01-19 18:00:00,CE,store_discharge,-1.44,XY,MW
2025-01-20 19:00:00,NR,store_discharge,-2.16,XY,MW
2025-01-21 20:00:00,SO,store_discharge,-1.2,XY,MW
2025-01-22 21:00:00,CE,store_discharge,1.44,XY,MW
2025-01-23 22:00:00,NR,store_discharge,2.16,XY,MW
2025-01-24 23:00:00,SO,store_discharge,1.2,XY,MW
2025-01-26 00:00:00,CE,store_discharge,0.0,XY,MW
2025-01-27 01:00:00,NR,store_discharge,0.0,XY,MW
2025-01-28 02:00:00,SO,store_discharge,0.0,XY,MW
2025-01-29 03:00:00,CE,store_discharge,0.0,XY,MW
2025-01-30 04:00:00,NR,store_discharge,0.0,XY,MW
2025-01-31 05:00:00,SO,store_discharge,0.0,XY,MW
2025-02-01 06:00:00,CE,store_discharge,0.0,XY,MW
2025-02-02 07:00:00,NR,store_discharge,0.0,XY,MW
2025-02-03 08:00:00,SO,store_discharge,0.0,XY,MW
2025-02-04 09:00:00,CE,store_discharge,0.0,XY,MW
2025-02-05 10:00:00,NR,store_discharge,0.0,XY,MW
2025-02-06 11:00:00,SO,store_discharge,0.0,XY,MW
2025-02-07 12:00:00,CE,store_discharge,0.0,XY,MW
2025-02-08 13:00:00,NR,store_discharge,0.0,XY,MW
2025-02-09 14:00:00,SO,store_discharge,0.0,XY,MW
2025-02-10 15:00:00,CE,store_discharge,0.0,XY,MW
2025-02-11 16:00:00,NR,store_discharge,-2.16,XY,MW
2025-02-12 17:00:00,SO,store_discharge,0.0,XY,MW
2025-02-13 18:00:00,CE,store_discharge,0.0,XY,MW
2025-02-14 19:00:00,NR,store_discharge,2.16,XY,MW
2025-02-15 20:00:00,SO,store_discharge,0.0,XY,MW
2025-02-16 21:00:00,CE,store_discharge,0.0,XY,MW
2025-02-17 22:00:00,NR,store_discharge,0.0,XY,MW
2025-02-18 23:00:00,SO,store_discharge,0.0,XY,MW
2025-02-20 00:00:00,CE,store_discharge,0.0,XY,MW
2025-02-21 01:00:00,NR,store_discharge,0.0,XY,MW
2025-02-22 02:00:00,SO,store_discharge,0.0,XY,MW
2025-02-23 03:00:00,CE,store_discharge,0.0,XY,MW
2025-02-24 04:00:00,NR,store_discharge,0.0,XY,MW
2025-02-25 05:00:00,SO,store_discharge,0.0,XY,MW
2025-02-26 06:00:00,CE,store_discharge,0.0,XY,MW
2025-02-27 07:00:00,NR,store_discharge,0.0,XY,MW
2025-02-28 08:00:00,SO,store_discharge,0.0,XY,MW
2025-03-01 09:00:00,CE,store_discharge,0.0,XY,MW
2025-03-02 10:00:00,NR,store_discharge,0.0,XY,MW
2025-03-03 11:00:00,SO,store_discharge,0.0,XY,MW
2025-03-04 12:00:00,CE,store_discharge,0.0,XY,MW
2025-03-05 13:00:00,NR,store_discharge,-2.16,XY,MW
2025-03-06 14:00:00,SO,store_discharge,-1.2,XY,MW
2025-03-07 15:00:00,CE,store_discharge,0.0,XY,MW
2025-03-08 16:00:00,NR,store_discharge,2.16,XY,MW
2025-03-09 17:00:00,SO,store_discharge,1.2,XY,MW
2025-03-10 18:00:00,CE,store_discharge,0.0,XY,MW
2025-03-11 19:00:00,NR,store_discharge,0.0,XY,MW
2025-03-12 20:00:00,SO,store_discharge,0.0,XY,MW
2025-03-13 21:00:00,CE,store_discharge,0.0,XY,MW
2025-03-14 22:00:00,NR,store_discharge,0.0,XY,MW
2025-03-15 23:00:00,SO,store_discharge,0.0,XY,MW
2025-03-17 00:00:00,CE,store_discharge,0.0,XY,MW
2025-03-18 01:00:00,NR,store_discharge,0.0,XY,MW
2025-03-19 02:00:00,SO,store_discharge,0.0,XY,MW
2025-03-20 03:00:00,CE,store_discharge,0.0,XY,MW
2025-03-21 04:00:00,NR,store_discharge,0.0,XY,MW
2025-03-22 05:00:00,SO,store_discharge,0.0,XY,MW
2025-03-23 06:00:00,CE,store_discharge,-1.44,XY,MW
2025-03-24 07:00:00,NR,store_discharge,-2.16,XY,MW
2025-03-25 08:00:00,SO,store_discharge,-1.2,XY,MW
2025-03-26 09:00:00,CE,store_discharge,1.44,XY,MW
2025-03-27 10:00:00,NR,store_discharge,0.0,XY,MW
2025-03-28 11:00:00,SO,store_discharge,0.0,XY,MW
2025-03-29 12:00:00,CE,store_discharge,0.0,XY,MW
2025-03-30 13:00:00,NR,store_discharge,0.0,XY,MW
2025-03-31 14:00:00,SO,store_discharge,1.2,XY,MW
2025-04-01 15:00:00,CE,store_discharge,0.0,XY,MW
2025-04-02 16:00:00,NR,store_discharge,2.16,XY,MW
2025-04-03 17:00:00,SO,store_discharge,0.0,XY,MW
2025-04-04 18:00:00,CE,store_discharge,-1.08,XY,MW
2025-04-05 19:00:00,NR,store_discharge,-1.62,XY,MW
2025-04-06 20:00:00,SO,store_discharge,-0.9,XY,MW
2025-04-07 21:00:00,CE,store_discharge,1.08,XY,MW
2025-04-08 22:00:00,NR,store_discharge,1.62,XY,MW
2025-04-09 23:00:00,SO,store_discharge,0.9,XY,MW
2025-04-11 00:00:00,CE,store_discharge,0.0,XY,MW
2025-04-12 01:00:00,NR,store_discharge,0.0,XY,MW
2025-04-13 02:00:00,SO,store_discharge,0.0,XY,MW
2025-04-14 03:00:00,CE,store_discharge,-1.44,XY,MW
2025-04-15 04:00:00,NR,store_discharge,-2.16,XY,MW
2025-04-16 05:00:00,SO,store_discharge,-1.2,XY,MW
2025-04-17 06:00:00,CE,store_discharge,1.44,XY,MW
2025-04-18 07:00:00,NR,store_discharge,2.16,XY,MW
2025-04-19 08:00:00,SO,store_discharge,1.2,XY,MW
2025-04-20 09:00:00,CE,store_discharge,0.0,XY,MW
2025-04-21 10:00:00,NR,store_discharge,0.0,XY,MW
2025-04-22 11:00:00,SO,store_discharge,0.0,XY,MW
2025-04-23 12:00:00,CE,store_discharge,0.0,XY,MW
2025-04-24 13:00:00,NR,store_discharge,0.0,XY,MW
2025-04-25 14:00:00,SO,store_discharge,0.0,XY,MW
2025-04-26 15:00:00,CE,store_discharge,0.0,XY,MW
2025-04-27 16:00:00,NR,store_discharge,0.0,XY,MW
2025-04-28 17:00:00,SO,store_discharge,0.0,XY,MW
2025-04-29 18:00:00,CE,store_discharge,0.0,XY,MW
2025-04-30 19:00:00,NR,store_discharge,0.0,XY,MW
2025-05-01 20:00:00,SO,store_discharge,0.0,XY,MW
2025-05-02 21:00:00,CE,store_discharge,0.0,XY,MW
2025-05-03 22:00:00,NR,store_discharge,0.0,XY,MW
2025-05-04 23:00:00,SO,store_discharge,0.0,XY,MW
2025-05-06 00:00:00,CE,store_discharge,0.0,XY,MW
2025-05-07 01:00:00,NR,store_discharge,-2.16,XY,MW
2025-05-08 02:00:00,SO,store_discharge,0.0,XY,MW
2025-05-09 03:00:00,CE,store_discharge,0.0,XY,MW
2025-05-10 04:00:00,NR,store_discharge,2.16,XY,MW
2025-05-11 05:00:00,SO,store_discharge,0.0,XY,MW
2025-05-12 06:00:00,CE,store_discharge,0.0,XY,MW
2025-05-13 07:00:00,NR,store_discharge,0.0,XY,MW
2025-05-14 08:00:00,SO,store_discharge,0.0,XY,MW
2025-05-15 09:00:00,CE,store_discharge,0.0,XY,MW
2025-05-16 10:00:00,NR,store_discharge,0.0,XY,MW
2025-05-17 11:00:00,SO,store_discharge,0.0,XY,MW
2025-05-18 12:00:00,CE,store_discharge,0.0,XY,MW
2025-05-19 13:00:00,NR,store_discharge,0.0,XY,MW
2025-05-20 14:00:00,SO,store_discharge,0.0,XY,MW
2025-05-21 15:00:00,CE,store_discharge,0.0,XY,MW
2025-05-22 16:00:00,NR,store_discharge,0.0,XY,MW
2025-05-23 17:00:00,SO,store_discharge,0.0,XY,MW
2025-05-24 18:00:00,CE,store_discharge,0.0,XY,MW
2025-05-25 19:00:00,NR,store_discharge,0.0,XY,MW
2025-05-26 20:00:00,SO,store_discharge,0.0,XY,MW
2025-05-27 21:00:00,CE,store_discharge,-1.44,XY,MW
2025-05-28 22:00:00,NR,store_discharge,-2.16,XY,MW
2025-05-29 23:00:00,SO,store_discharge,-1.2,XY,MW
2025-05-31 00:00:00,CE,store_discharge,1.44,XY,MW
2025-06-01 01:00:00,NR,store_discharge,0.24000000000150096,XY,MW
2025-06-02 02:00:00,SO,store_discharge,1.2,XY,MW
2025-06-03 03:00:00,CE,store_discharge,0.0,XY,MW
2025-06-04 04:00:00,NR,store_discharge,1.9199999999984991,XY,MW
2025-06-05 05:00:00,SO,store_discharge,0.0,XY,MW
2025-06-06 06:00:00,CE,store_discharge,0.0,XY,MW
2025-06-07 07:00:00,NR,store_discharge,0.0,XY,MW
2025-06-08 08:00:00,SO,store_discharge,0.0,XY,MW
2025-06-09 09:00:00,CE,store_discharge,0.0,XY,MW
2025-06-10 10:00:00,NR,store_discharge,0.0,XY,MW
2025-06-11 11:00:00,SO,store_discharge,0.0,XY,MW
2025-06-12 12:00:00,CE,store_discharge,0.0,XY,MW
2025-06-13 13:00:00,NR,store_discharge,0.0,XY,MW
2025-06-14 14:00:00,SO,store_discharge,0.0,XY,MW
2025-06-15 15:00:00,CE,store_discharge,-1.44,XY,MW
2025-06-16 16:00:00,NR,store_discharge,-2.16,XY,MW
2025-06-17 17:00:00,SO,store_discharge,-1.2,XY,MW
2025-06-18 18:00:00,CE,store_discharge,0.36,XY,MW
2025-06-19 19:00:00,NR,store_discharge,0.54,XY,MW
2025-06-20 20:00:00,SO,store_discharge,0.3,XY,MW
2025-06-21 21:00:00,CE,store_discharge,1.08,XY,MW
2025-06-22 22:00:00,NR,store_discharge,1.62,XY,MW
2025-06-23 23:00:00,SO,store_discharge,0.9,XY,MW
2025-06-25 00:00:00,CE,store_discharge,0.0,XY,MW
2025-06-26 01:00:00,NR,store_discharge,0.0,XY,MW
2025-06-27 02:00:00,SO,store_discharge,0.0,XY,MW
2025-06-28 03:00:00,CE,store_discharge,0.0,XY,MW
2025-06-29 04:00:00,NR,store_discharge,0.0,XY,MW
2025-06-30 05:00:00,SO,store_discharge,0.0,XY,MW
2025-07-01 06:00:00,CE,store_discharge,0.0,XY,MW
2025-07-02 07:00:00,NR,store_discharge,0.0,XY,MW
2025-07-03 08:00:00,SO,store_discharge,0.0,XY,MW
2025-07-04 09:00:00,CE,store_discharge,0.0,XY,MW
2025-07-05 10:00:00,NR,store_discharge,0.0,XY,MW
2025-07-06 11:00:00,SO,store_discharge,0.0,XY,MW
2025-07-07 12:00:00,CE,store_discharge,0.0,XY,MW
2025-07-08 13:00:00,NR,store_discharge,-2.16,XY,MW
2025-07-09 14:00:00,SO,store_discharge,0.0,XY,MW
2025-07-10 15:00:00,CE,store_discharge,0.0,XY,MW
2025-07-11 16:00:00,NR,store_discharge,2.16,XY,MW
2025-07-12 17:00:00,SO,store_discharge,0.0,XY,MW
2025-07-13 18:00:00,CE,store_discharge,0.0,XY,MW
2025-07-14 19:00:00,NR,store_discharge,0.0,XY,MW
2025-07-15 20:00:00,SO,store_discharge,0.0,XY,MW
2025-07-16 21:00:00,CE,store_discharge,0.0,XY,MW
2025-07-17 22:00:00,NR,store_discharge,0.0,XY,MW
2025-07-18 23:00:00,SO,store_discharge,0.0,XY,MW
2025-07-20 00:00:00,CE,store_discharge,0.0,XY,MW
2025-07-21 01:00:00,NR,store_discharge,0.0,XY,MW
2025-07-22 02:00:00,SO,store_discharge,0.0,XY,MW
2025-07-23 03:00:00,CE,store_discharge,0.0,XY,MW
2025-07-24 04:00:00,NR,store_discharge,0.0,XY,MW
2025-07-25 05:00:00,SO,store_discharge,0.0,XY,MW
2025-07-26 06:00:00,CE,store_discharge,0.0,XY,MW
2025-07-27 07:00:00,NR,store_discharge,0.0,XY,MW
2025-07-28 08:00:00,SO,store_discharge,0.0,XY,MW
2025-07-29 09:00:00,CE,store_discharge,0.0,XY,MW
2025-07-30 10:00:00,NR,store_discharge,0.0,XY,MW
2025-07-31 11:00:00,SO,store_discharge,0.0,XY,MW
2025-08-01 12:00:00,CE,store_discharge,0.0,XY,MW
2025-08-02 13:00:00,NR,store_discharge,0.0,XY,MW
2025-08-03 14:00:00,SO,store_discharge,0.0,XY,MW
2025-08-04 15:00:00,CE,store_discharge,0.0,XY,MW
2025-08-05 16:00:00,NR,store_discharge,0.0,XY,MW
2025-08-06 17:00:00,SO,store_discharge,0.0,XY,MW
2025-08-07 18:00:00,CE,store_discharge,0.0,XY,MW
2025-08-08 19:00:00,NR,store_discharge,0.0,XY,MW
2025-08-09 20:00:00,SO,store_discharge,0.0,XY,MW
2025-08-10 21:00:00,CE,store_discharge,0.0,XY,MW
2025-08-11 22:00:00,NR,store_discharge,0.0,XY,MW
2025-08-12 23:00:00,SO,store_discharge,0.0,XY,MW
2025-08-14 00:00:00,CE,store_discharge,0.0,XY,MW
2025-08-15 01:00:00,NR,store_discharge,0.0,XY,MW
2025-08-16 02:00:00,SO,store_discharge,0.0,XY,MW
2025-08-17 03:00:00,CE,store_discharge,-1.44,XY,MW
2025-08-18 04:00:00,NR,store_discharge,-2.16,XY,MW
2025-08-19 05:00:00,SO,store_discharge,-1.2,XY,MW
2025-08-20 06:00:00,CE,store_discharge,0.0,XY,MW
2025-08-21 07:00:00,NR,store_discharge,0.0,XY,MW
2025-08-22 08:00:00,SO,store_discharge,0.0,XY,MW
2025-08-23 09:00:00,CE,store_discharge,1.44,XY,MW
2025-08-24 10:00:00,NR,store_discharge,0.0,XY,MW
2025-08-25 11:00:00,SO,store_discharge,1.2,XY,MW
2025-08-26 12:00:00,CE,store_discharge,0.0,XY,MW
2025-08-27 13:00:00,NR,store_discharge,0.0,XY,MW
2025-08-28 14:00:00,SO,store_discharge,0.0,XY,MW
2025-08-29 15:00:00,CE,store_discharge,0.0,XY,MW
2025-08-30 16:00:00,NR,store_discharge,2.16,XY,MW
2025-08-31 17:00:00,SO,store_discharge,0.0,XY,MW
2025-09-01 18:00:00,CE,store_discharge,-1.08,XY,MW
2025-09-02 19:00:00,NR,store_discharge,-1.62,XY,MW
2025-09-03 20:00:00,SO,store_discharge,-0.9,XY,MW
2025-09-04 21:00:00,CE,store_discharge,1.08,XY,MW
2025-09-05 22:00:00,NR,store_discharge,1.62,XY,MW
2025-09-06 23:00:00,SO,store_discharge,0.9,XY,MW
2025-09-08 00:00:00,CE,store_discharge,-1.44,XY,MW
2025-09-09 01:00:00,NR,store_discharge,-2.16,XY,MW
2025-09-10 02:00:00,SO,store_discharge,-1.2,XY,MW
2025-09-11 03:00:00,CE,store_discharge,1.44,XY,MW
2025-09-12 04:00:00,NR,store_discharge,2.16,XY,MW
2025-09-13 05:00:00,SO,store_discharge,1.2,XY,MW
2025-09-14 06:00:00,CE,store_discharge,0.0,XY,MW
2025-09-15 07:00:00,NR,store_discharge,0.0,XY,MW
2025-09-16 08:00:00,SO,store_discharge,0.0,XY,MW
2025-09-17 09:00:00,CE,store_discharge,0.0,XY,MW
2025-09-18 10:00:00,NR,store_discharge,0.0,XY,MW
2025-09-19 11:00:00,SO,store_discharge,0.0,XY,MW
2025-09-20 12:00:00,CE,store_discharge,0.0,XY,MW
2025-09-21 13:00:00,NR,store_discharge,0.0,XY,MW
2025-09-22 14:00:00,SO,store_discharge,0.0,XY,MW
2025-09-23 15:00:00,CE,store_discharge,0.0,XY,MW
2025-09-24 16:00:00,NR,store_discharge,0.0,XY,MW
2025-09-25 17:00:00,SO,store_discharge,0.0,XY,MW
2025-09-26 18:00:00,CE,store_discharge,0.0,XY,MW
2025-09-27 19:00:00,NR,store_discharge,0.0,XY,MW
2025-09-28 20:00:00,SO,store_discharge,0.0,XY,MW
2025-09-29 21:00:00,CE,store_discharge,0.0,XY,MW
2025-09-30 22:00:00,NR,store_discharge,0.0,XY,MW
2025-10-01 23:00:00,SO,store_discharge,0.0,XY,MW
2025-10-03 00:00:00,CE,store_discharge,0.0,XY,MW
2025-10-04 01:00:00,NR,store_discharge,0.0,XY,MW
2025-10-05 02:00:00,SO,store_discharge,0.0,XY,MW
2025-10-06 03:00:00,CE,store_discharge,0.0,XY,MW
2025-10-07 04:00:00,NR,store_discharge,0.0,XY,MW
2025-10-08 05:00:00,SO,store_discharge,0.0,XY,MW
2025-10-09 06:00:00,CE,store_discharge,0.0,XY,MW
2025-10-10 07:00:00,NR,store_discharge,0.0,XY,MW
2025-10-11 08:00:00,SO,store_discharge,0.0,XY,MW
2025-10-12 09:00:00,CE,store_discharge,0.0,XY,MW
2025-10-13 10:00:00,NR,store_discharge,0.0,XY,MW
2025-10-14 11:00:00,SO,store_discharge,0.0,XY,MW
2025-10-15 12:00:00,CE,store_discharge,0.0,XY,MW
2025-10-16 13:00:00,NR,store_discharge,0.0,XY,MW
2025-10-17 14:00:00,SO,store_discharge,0.0,XY,MW
2025-10-18 15:00:00,CE,store_discharge,0.0,XY,MW
2025-10-19 16:00:00,NR,store_discharge,0.0,XY,MW
2025-10-20 17:00:00,SO,store_discharge,0.0,XY,MW
2025-10-21 18:00:00,CE,store_discharge,0.0,XY,MW
2025-10-22 19:00:00,NR,store_discharge,-2.16,XY,MW
2025-10-23 20:00:00,SO,store_discharge,0.0,XY,MW
2025-10-24 21:00:00,CE,store_discharge,0.0,XY,MW
2025-10-25 22:00:00,NR,store_discharge,2.16,XY,MW
2025-10-26 23:00:00,SO,store_discharge,0.0,XY,MW
2025-10-28 00:00:00,CE,store_discharge,0.0,XY,MW
2025-10-29 01:00:00,NR,store_discharge,0.0,XY,MW
2025-10-30 02:00:00,SO,store_discharge,0.0,XY,MW
2025-10-31 03:00:00,CE,store_discharge,0.0,XY,MW
2025-11-01 04:00:00,NR,store_discharge,0.0,XY,MW
2025-11-02 05:00:00,SO,store_discharge,0.0,XY,MW
2025-11-03 06:00:00,CE,store_discharge,0.0,XY,MW
2025-11-04 07:00:00,NR,store_discharge,0.0,XY,MW
2025-11-05 08:00:00,SO,store_discharge,0.0,XY,MW
2025-11-06 09:00:00,CE,store_discharge,0.0,XY,MW
2025-11-07 10:00:00,NR,store_discharge,0.0,XY,MW
2025-11-08 11:00:00,SO,store_discharge,0.0,XY,MW
2025-11-09 12:00:00,CE,store_discharge,-1.44,XY,MW
2025-11-10 13:00:00,NR,store_discharge,-2.16,XY,MW
2025-11-11 14:00:00,SO,store_discharge,-1.2,XY,MW
2025-11-12 15:00:00,CE,store_discharge,0.36,XY,MW
2025-11-13 16:00:00,NR,store_discharge,0.54,XY,MW
2025-11-14 17:00:00,SO,store_discharge,0.3,XY,MW
2025-11-15 18:00:00,CE,store_discharge,1.08,XY,MW
2025-11-16 19:00:00,NR,store_discharge,1.62,XY,MW
2025-11-17 20:00:00,SO,store_discharge,0.9,XY,MW
2025-11-18 21:00:00,CE,store_discharge,0.0,XY,MW
2025-11-19 22:00:00,NR,store_discharge,0.0,XY,MW
2025-11-20 23:00:00,SO,store_discharge,0.0,XY,MW
2025-11-22 00:00:00,CE,store_discharge,0.0,XY,MW
2025-11-23 01:00:00,NR,store_discharge,0.0,XY,MW
2025-11-24 02:00:00,SO,store_discharge,0.0,XY,MW
2025-11-25 03:00:00,CE,store_discharge,0.0,XY,MW
2025-11-26 04:00:00,NR,store_discharge,0.0,XY,MW
2025-11-27 05:00:00,SO,store_discharge,0.0,XY,MW
2025-11-28 06:00:00,CE,store_discharge,0.0,XY,MW
2025-11-29 07:00:00,NR,store_discharge,0.0,XY,MW
2025-11-30 08:00:00,SO,store_discharge,0.0,XY,MW
2025-12-01 09:00:00,CE,store_discharge,0.0,XY,MW
2025-12-02 10:00:00,NR,store_discharge,-2.16,XY,MW
2025-12-03 11:00:00,SO,store_discharge,0.0,XY,MW
2025-12-04 12:00:00,CE,store_discharge,0.0,XY,MW
2025-12-05 13:00:00,NR,store_discharge,2.16,XY,MW
2025-12-06 14:00:00,SO,store_discharge,0.0,XY,MW
2025-12-07 15:00:00,CE,store_discharge,0.0,XY,MW
2025-12-08 16:00:00,NR,store_discharge,0.0,XY,MW
2025-12-09 17:00:00,SO,store_discharge,0.0,XY,MW
2025-12-10 18:00:00,CE,store_discharge,0.0,XY,MW
2025-12-11 19:00:00,NR,store_discharge,0.0,XY,MW
2025-12-12 20:00:00,SO,store_discharge,0.0,XY,MW
2025-12-13 21:00:00,CE,store_discharge,0.0,XY,MW
2025-12-14 22:00:00,NR,store_discharge,0.0,XY,MW
2025-12-15 23:00:00,SO,store_discharge,0.0,XY,MW
2025-12-17 00:00:00,CE,store_discharge,0.0,XY,MW
2025-12-18 01:00:00,NR,store_discharge,0.0,XY,MW
2025-12-19 02:00:00,SO,store_discharge,0.0,XY,MW
2025-12-20 03:00:00,CE,store_discharge,0.0,XY,MW
2025-12-21 04:00:00,NR,store_discharge,0.0,XY,MW
2025-12-22 05:00:00,SO,store_discharge,0.0,XY,MW
2025-12-23 06:00:00,CE,store_discharge,0.0,XY,MW
2025-12-24 07:00:00,NR,store_discharge,0.0,XY,MW
2025-12-25 08:00:00,SO,store_discharge,0.0,XY,MW
2025-12-26 09:00:00,CE,store_discharge,0.0,XY,MW
2025-12-27 10:00:00,NR,store_discharge,0.0,XY,MW
2025-12-28 11:00:00,SO,store_discharge,0.0,XY,MW
2025-12-29 12:00:00,CE,store_discharge,0.0,XY,MW
2025-12-30 13:00:00,NR,store_discharge,-2.16,XY,MW
2025-12-31 14:00:00,SO,store_discharge,0.0,XY,MW
2026-01-01 15:00:00,CE,store_discharge,0.0,XY,MW
2026-01-02 16:00:00,NR,store_discharge,2.16,XY,MW
2026-01-03 17:00:00,SO,store_discharge,0.0,XY,MW
2026-01-04 18:00:00,CE,store_discharge,0.0,XY,MW
2026-01-05 19:00:00,NR,store_discharge,0.0,XY,MW
2026-01-06 20:00:00,SO,store_discharge,0.0,XY,MW
2026-01-07 21:00:00,CE,store_discharge,0.0,XY,MW
2026-01-08 22:00:00,NR,store_discharge,0.0,XY,MW
2026-01-09 23:00:00,SO,store_discharge,0.0,XY,MW
2026-01-11 00:00:00,CE,store_discharge,-1.44,XY,MW
2026-01-12 01:00:00,NR,store_discharge,-2.16,XY,MW
2026-01-13 02:00:00,SO,store_discharge,-1.2,XY,MW
2026-01-14 03:00:00,CE,store_discharge,0.0,XY,MW
2026-01-15 04:00:00,NR,store_discharge,0.0,XY,MW
2026-01-16 05:00:00,SO,store_discharge,0.0,XY,MW
2026-01-17 06:00:00,CE,store_discharge,1.44,XY,MW
2026-01-18 07:00:00,NR,store_discharge,1.0799999999974994,XY,MW
2026-01-19 08:00:00,SO,store_discharge,1.2,XY,MW
2026-01-20 09:00:00,CE,store_discharge,0.0,XY,MW
2026-01-21 10:00:00,NR,store_discharge,1.0700000000040006,XY,MW
2026-01-22 11:00:00,SO,store_discharge,0.0,XY,MW
2026-01-23 12:00:00,CE,store_discharge,0.0,XY,MW
2026-01-24 13:00:00,NR,store_discharge,-2.1500000000015,XY,MW
2026-01-25 14:00:00,SO,store_discharge,-1.2,XY,MW
2026-01-26 15:00:00,CE,store_discharge,-1.08,XY,MW
2026-01-27 16:00:00,NR,store_discharge,0.54,XY,MW
2026-01-28 17:00:00,SO,store_discharge,0.3,XY,MW
2026-01-29 18:00:00,CE,store_discharge,1.08,XY,MW
2026-01-30 19:00:00,NR,store_discharge,1.62,XY,MW
2026-01-31 20:00:00,SO,store_discharge,0.9,XY,MW
2026-02-01 21:00:00,CE,store_discharge,-1.44,XY,MW
2026-02-02 22:00:00,NR,store_discharge,-2.16,XY,MW
2026-02-03 23:00:00,SO,store_discharge,-1.2,XY,MW
2026-02-05 00:00:00,CE,store_discharge,1.44,XY,MW
2026-02-06 01:00:00,NR,store_discharge,2.16,XY,MW
2026-02-07 02:00:00,SO,store_discharge,1.2,XY,MW
2026-02-08 03:00:00,CE,store_discharge,0.0,XY,MW
2026-02-09 04:00:00,NR,store_discharge,0.0,XY,MW
2026-02-10 05:00:00,SO,store_discharge,0.0,XY,MW
2026-02-11 06:00:00,CE,store_discharge,0.0,XY,MW
2026-02-12 07:00:00,NR,store_discharge,0.0,XY,MW
2026-02-13 08:00:00,SO,store_discharge,0.0,XY,MW
2026-02-14 09:00:00,CE,store_discharge,0.0,XY,MW
2026-02-15 10:00:00,NR,store_discharge,0.0,XY,MW
2026-02-16 11:00:00,SO,store_discharge,0.0,XY,MW
2026-02-17 12:00:00,CE,store_discharge,0.0,XY,MW
2026-02-18 13:00:00,NR,store_discharge,0.0,XY,MW
2026-02-19 14:00:00,SO,store_discharge,0.0,XY,MW
2026-02-20 15:00:00,CE,store_discharge,0.0,XY,MW
2026-02-21 16:00:00,NR,store_discharge,0.0,XY,MW
2026-02-22 17:00:00,SO,store_discharge,0.0,XY,MW
2026-02-23 18:00:00,CE,store_discharge,0.0,XY,MW
2026-02-24 19:00:00,NR,store_discharge,0.0,XY,MW
2026-02-25 20:00:00,SO,store_discharge,0.0,XY,MW
2026-02-26 21:00:00,CE,store_discharge,0.0,XY,MW
2026-02-27 22:00:00,NR,store_discharge,0.0,XY,MW
2026-02-28 23:00:00,SO,store_discharge,0.0,XY,MW
2026-03-02 00:00:00,CE,store_discharge,0.0,XY,MW
2026-03-03 01:00:00,NR,store_discharge,0.0,XY,MW
2026-03-04 02:00:00,SO,store_discharge,0.0,XY,MW
2026-03-05 03:00:00,CE,store_discharge,0.0,XY,MW
2026-03-06 04:00:00,NR,store_discharge,0.0,XY,MW
2026-03-07 05:00:00,SO,store_discharge,0.0,XY,MW
2026-03-08 06:00:00,CE,store_discharge,0.0,XY,MW
2026-03-09 07:00:00,NR,store_discharge,0.0,XY,MW
2026-03-10 08:00:00,SO,store_discharge,0.0,XY,MW
2026-03-11 09:00:00,CE,store_discharge,0.0,XY,MW
2026-03-12 10:00:00,NR,store_discharge,0.0,XY,MW
2026-03-13 11:00:00,SO,store_discharge,0.0,XY,MW
2026-03-14 12:00:00,CE,store_discharge,0.0,XY,MW
2026-03-15 13:00:00,NR,store_discharge,0.0,XY,MW
2026-03-16 14:00:00,SO,store_discharge,0.0,XY,MW
2026-03-17 15:00:00,CE,store_discharge,0.0,XY,MW
2026-03-18 16:00:00,NR,store_discharge,-2.16,XY,MW
2026-03-19 17:00:00,SO,store_discharge,0.0,XY,MW
2026-03-20 18:00:00,CE,store_discharge,0.0,XY,MW
2026-03-21 19:00:00,NR,store_discharge,2.16,XY,MW
2026-03-22 20:00:00,SO,store_discharge,0.0,XY,MW
2026-03-23 21:00:00,CE,store_discharge,0.0,XY,MW
2026-03-24 22:00:00,NR,store_discharge,0.0,XY,MW
2026-03-25 23:00:00,SO,store_discharge,0.0,XY,MW
2026-03-27 00:00:00,CE,store_discharge,0.0,XY,MW
2026-03-28 01:00:00,NR,store_discharge,0.0,XY,MW
2026-03-29 02:00:00,SO,store_discharge,0.0,XY,MW
2026-03-30 03:00:00,CE,store_discharge,0.0,XY,MW
2026-03-31 04:00:00,NR,store_discharge,-1.079999999996,XY,MW
2026-04-01 05:00:00,SO,store_discharge,-1.2,XY,MW
2026-04-02 06:00:00,CE,store_discharge,0.0,XY,MW
2026-04-03 07:00:00,NR,store_discharge,1.079999999996,XY,MW
2026-04-04 08:00:00,SO,store_discharge,1.2,XY,MW
2026-04-05 09:00:00,CE,store_discharge,-1.44,XY,MW
2026-04-06 10:00:00,NR,store_discharge,-2.16,XY,MW
2026-04-07 11:00:00,SO,store_discharge,-1.2,XY,MW
2026-04-08 12:00:00,CE,store_discharge,1.44,XY,MW
2026-04-09 13:00:00,NR,store_discharge,0.0,XY,MW
2026-04-10 14:00:00,SO,store_discharge,1.2,XY,MW
2026-04-11 15:00:00,CE,store_discharge,-1.08,XY,MW
2026-04-12 16:00:00,NR,store_discharge,0.54,XY,MW
2026-04-13 17:00:00,SO,store_discharge,-0.9,XY,MW
2026-04-14 18:00:00,CE,store_discharge,1.08,XY,MW
2026-04-15 19:00:00,NR,store_discharge,1.62,XY,MW
2026-04-16 20:00:00,SO,store_discharge,0.9,XY,MW
2026-04-17 21:00:00,CE,store_discharge,0.0,XY,MW
2026-04-18 22:00:00,NR,store_discharge,0.0,XY,MW
2026-04-19 23:00:00,SO,store_discharge,0.0,XY,MW
2026-04-21 00:00:00,CE,store_discharge,0.0,XY,MW
2026-04-22 01:00:00,NR,store_discharge,0.0,XY,MW
2026-04-23 02:00:00,SO,store_discharge,0.0,XY,MW
2026-04-24 03:00:00,CE,store_discharge,0.0,XY,MW
2026-04-25 04:00:00,NR,store_discharge,0.0,XY,MW
2026-04-26 05:00:00,SO,store_discharge,0.0,XY,MW
2026-04-27 06:00:00,CE,store_discharge,0.0,XY,MW
2026-04-28 07:00:00,NR,store_discharge,0.0,XY,MW
2026-04-29 08:00:00,SO,store_discharge,0.0,XY,MW
2026-04-30 09:00:00,CE,store_discharge,0.0,XY,MW
2026-05-01 10:00:00,NR,store_discharge,-2.16,XY,MW
2026-05-02 11:00:00,SO,store_discharge,-1.2,XY,MW
2026-05-03 12:00:00,CE,store_discharge,0.0,XY,MW
2026-05-04 13:00:00,NR,store_discharge,2.16,XY,MW
2026-05-05 14:00:00,SO,store_discharge,1.2,XY,MW
2026-05-06 15:00:00,CE,store_discharge,0.0,XY,MW
2026-05-07 16:00:00,NR,store_discharge,0.0,XY,MW
2026-05-08 17:00:00,SO,store_discharge,0.0,XY,MW
2026-05-09 18:00:00,CE,store_discharge,0.0,XY,MW
2026-05-10 19:00:00,NR,store_discharge,0.0,XY,MW
2026-05-11 20:00:00,SO,store_discharge,0.0,XY,MW
2026-05-12 21:00:00,CE,store_discharge,0.0,XY,MW
2026-05-13 22:00:00,NR,store_discharge,0.0,XY,MW
2026-05-14 23:00:00,SO,store_discharge,0.0,XY,MW
2026-05-16 00:00:00,CE,store_discharge,0.0,XY,MW
2026-05-17 01:00:00,NR,store_discharge,0.0,XY,MW
2026-05-18 02:00:00,SO,store_discharge,0.0,XY,MW
2026-05-19 03:00:00,CE,store_discharge,0.0,XY,MW
2026-05-20 04:00:00,NR,store_discharge,0.0,XY,MW
2026-05-21 05:00:00,SO,store_discharge,0.0,XY,MW
2026-05-22 06:00:00,CE,store_discharge,0.0,XY,MW
2026-05-23 07:00:00,NR,store_discharge,0.0,XY,MW
2026-05-24 08:00:00,SO,store_discharge,0.0,XY,MW
2026-05-25 09:00:00,CE,store_discharge,0.0,XY,MW
2026-05-26 10:00:00,NR,store_discharge,0.0,XY,MW
2026-05-27 11:00:00,SO,store_discharge,0.0,XY,MW
2026-05-28 12:00:00,CE,store_discharge,0.0,XY,MW
2026-05-29 13:00:00,NR,store_discharge,0.0,XY,MW
2026-05-30 14:00:00,SO,store_discharge,0.0,XY,MW
2026-05-31 15:00:00,CE,store_discharge,0.0,XY,MW
2026-06-01 16:00:00,NR,store_discharge,0.0,XY,MW
2026-06-02 17:00:00,SO,store_discharge,0.0,XY,MW
2026-06-03 18:00:00,CE,store_discharge,0.0,XY,MW
2026-06-04 19:00:00,NR,store_discharge,0.0,XY,MW
2026-06-05 20:00:00,SO,store_discharge,0.0,XY,MW
2026-06-06 21:00:00,CE,store_discharge,0.0,XY,MW
2026-06-07 22:00:00,NR,store_discharge,0.0,XY,MW
2026-06-08 23:00:00,SO,store_discharge,0.0,XY,MW
2026-06-10 00:00:00,CE,store_discharge,0.0,XY,MW
2026-06-11 01:00:00,NR,store_discharge,-1.7900000000015004,XY,MW
2026-06-12 02:00:00,SO,store_discharge,-0.5600000000014999,XY,MW
2026-06-13 03:00:00,CE,store_discharge,0.0,XY,MW
2026-06-14 04:00:00,NR,store_discharge,-0.36999999999849964,XY,MW
2026-06-15 05:00:00,SO,store_discharge,-0.6399999999985001,XY,MW
2026-06-16 06:00:00,CE,store_discharge,0.0,XY,MW
2026-06-17 07:00:00,NR,store_discharge,0.0,XY,MW
2026-06-18 08:00:00,SO,store_discharge,1.2,XY,MW
2026-06-19 09:00:00,CE,store_discharge,0.0,XY,MW
2026-06-20 10:00:00,NR,store_discharge,0.0,XY,MW
2026-06-21 11:00:00,SO,store_discharge,0.0,XY,MW
2026-06-22 12:00:00,CE,store_discharge,0.0,XY,MW
2026-06-23 13:00:00,NR,store_discharge,0.0,XY,MW
2026-06-24 14:00:00,SO,store_discharge,0.0,XY,MW
2026-06-25 15:00:00,CE,store_discharge,0.0,XY,MW
2026-06-26 16:00:00,NR,store_discharge,2.16,XY,MW
2026-06-27 17:00:00,SO,store_discharge,0.0,XY,MW
2026-06-28 18:00:00,CE,store_discharge,-1.08,XY,MW
2026-06-29 19:00:00,NR,store_discharge,-1.62,XY,MW
2026-06-30 20:00:00,SO,store_discharge,-0.9,XY,MW
2026-07-01 21:00:00,CE,store_discharge,-0.36,XY,MW
2026-07-02 22:00:00,NR,store_discharge,-0.54,XY,MW
2026-07-03 23:00:00,SO,store_discharge,-0.3,XY,MW
2026-07-05 00:00:00,CE,store_discharge,1.44,XY,MW
2026-07-06 01:00:00,NR,store_discharge,2.16,XY,MW
2026-07-07 02:00:00,SO,store_discharge,1.2,XY,MW
2026-07-08 03:00:00,CE,store_discharge,0.0,XY,MW
2026-07-09 04:00:00,NR,store_discharge,0.0,XY,MW
2026-07-10 05:00:00,SO,store_discharge,0.0,XY,MW
2026-07-11 06:00:00,CE,store_discharge,0.0,XY,MW
2026-07-12 07:00:00,NR,store_discharge,0.0,XY,MW
2026-07-13 08:00:00,SO,store_discharge,0.0,XY,MW
2026-07-14 09:00:00,CE,store_discharge,0.0,XY,MW
2026-07-15 10:00:00,NR,store_discharge,0.0,XY,MW
2026-07-16 11:00:00,SO,store_discharge,0.0,XY,MW
2026-07-17 12:00:00,CE,store_discharge,0.0,XY,MW
2026-07-18 13:00:00,NR,store_discharge,0.0,XY,MW
2026-07-19 14:00:00,SO,store_discharge,0.0,XY,MW
2026-07-20 15:00:00,CE,store_discharge,0.0,XY,MW
2026-07-21 16:00:00,NR,store_discharge,0.0,XY,MW
2026-07-22 17:00:00,SO,store_discharge,0.0,XY,MW
2026-07-23 18:00:00,CE,store_discharge,0.0,XY,MW
2026-07-24 19:00:00,NR,store_discharge,0.0,XY,MW
2026-07-25 20:00:00,SO,store_discharge,0.0,XY,MW
2026-07-26 21:00:00,CE,store_discharge,0.0,XY,MW
2026-07-27 22:00:00,NR,store_discharge,0.0,XY,MW
2026-07-28 23:00:00,SO,store_discharge,0.0,XY,MW
2026-07-30 00:00:00,CE,store_discharge,0.0,XY,MW
2026-07-31 01:00:00,NR,store_discharge,0.0,XY,MW
2026-08-01 02:00:00,SO,store_discharge,0.0,XY,MW
2026-08-02 03:00:00,CE,store_discharge,0.0,XY,MW
2026-08-03 04:00:00,NR,store_discharge,0.0,XY,MW
2026-08-04 05:00:00,SO,store_discharge,0.0,XY,MW
2026-08-05 06:00:00,CE,store_discharge,0.0,XY,MW
2026-08-06 07:00:00,NR,store_discharge,0.0,XY,MW
2026-08-07 08:00:00,SO,store_discharge,0.0,XY,MW
2026-08-08 09:00:00,CE,store_discharge,0.0,XY,MW
2026-08-09 10:00:00,NR,store_discharge,0.0,XY,MW
2026-08-10 11:00:00,SO,store_discharge,0.0,XY,MW
2026-08-11 12:00:00,CE,store_discharge,0.0,XY,MW
2026-08-12 13:00:00,NR,store_discharge,0.0,XY,MW
2026-08-13 14:00:00,SO,store_discharge,0.0,XY,MW
2026-08-14 15:00:00,CE,store_discharge,0.0,XY,MW
2026-08-15 16:00:00,NR,store_discharge,0.0,XY,MW
2026-08-16 17:00:00,SO,store_discharge,0.0,XY,MW
2026-08-17 18:00:00,CE,store_discharge,0.0,XY,MW
2026-08-18 19:00:00,NR,store_discharge,0.0,XY,MW
2026-08-19 20:00:00,SO,store_discharge,0.0,XY,MW
2026-08-20 21:00:00,CE,store_discharge,0.0,XY,MW
2026-08-21 22:00:00,NR,store_discharge,0.0,XY,MW
2026-08-22 23:00:00,SO,store_discharge,0.0,XY,MW
2026-08-24 00:00:00,CE,store_discharge,0.0,XY,MW
2026-08-25 01:00:00,NR,store_discharge,0.0,XY,MW
2026-08-26 02:00:00,SO,store_discharge,0.0,XY,MW
2026-08-27 03:00:00,CE,store_discharge,0.0,XY,MW
2026-08-28 04:00:00,NR,store_discharge,0.0,XY,MW
2026-08-29 05:00:00,SO,store_discharge,0.0,XY,MW
2026-08-30 06:00:00,CE,store_discharge,0.0,XY,MW
2026-08-31 07:00:00,NR,store_discharge,0.0,XY,MW
2026-09-01 08:00:00,SO,store_discharge,0.0,XY,MW
2026-09-02 09:00:00,CE,store_discharge,-1.44,XY,MW
2026-09-03 10:00:00,NR,store_discharge,-2.16,XY,MW
2026-09-04 11:00:00,SO,store_discharge,-1.2,XY,MW
2026-09-05 12:00:00,CE,store_discharge,1.44,XY,MW
2026-09-06 13:00:00,NR,store_discharge,0.0,XY,MW
2026-09-07 14:00:00,SO,store_discharge,0.0,XY,MW
2026-09-08 15:00:00,CE,store_discharge,0.0,XY,MW
2026-09-09 16:00:00,NR,store_discharge,0.0,XY,MW
2026-09-10 17:00:00,SO,store_discharge,1.2,XY,MW
2026-09-11 18:00:00,CE,store_discharge,-1.08,XY,MW
2026-09-12 19:00:00,NR,store_discharge,0.54,XY,MW
2026-09-13 20:00:00,SO,store_discharge,-0.9,XY,MW
2026-09-14 21:00:00,CE,store_discharge,1.08,XY,MW
2026-09-15 22:00:00,NR,store_discharge,1.62,XY,MW
2026-09-16 23:00:00,SO,store_discharge,0.9,XY,MW
2026-09-18 00:00:00,CE,store_discharge,0.0,XY,MW
2026-09-19 01:00:00,NR,store_discharge,0.0,XY,MW
2026-09-20 02:00:00,SO,store_discharge,0.0,XY,MW
2026-09-21 03:00:00,CE,store_discharge,0.0,XY,MW
2026-09-22 04:00:00,NR,store_discharge,0.0,XY,MW
2026-09-23 05:00:00,SO,store_discharge,0.0,XY,MW
2026-09-24 06:00:00,CE,store_discharge,0.0,XY,MW
2026-09-25 07:00:00,NR,store_discharge,-2.16,XY,MW
2026-09-26 08:00:00,SO,store_discharge,-1.2,XY,MW
2026-09-27 09:00:00,CE,store_discharge,0.0,XY,MW
2026-09-28 10:00:00,NR,store_discharge,2.16,XY,MW
2026-09-29 11:00:00,SO,store_discharge,1.2,XY,MW
2026-09-30 12:00:00,CE,store_discharge,0.0,XY,MW
2026-10-01 13:00:00,NR,store_discharge,0.0,XY,MW
2026-10-02 14:00:00,SO,store_discharge,0.0,XY,MW
2026-10-03 15:00:00,CE,store_discharge,0.0,XY,MW
2026-10-04 16:00:00,NR,store_discharge,0.0,XY,MW
2026-10-05 17:00:00,SO,store_discharge,0.0,XY,MW
2026-10-06 18:00:00,CE,store_discharge,0.0,XY,MW
2026-10-07 19:00:00,NR,store_discharge,0.0,XY,MW
2026-10-08 20:00:00,SO,store_discharge,0.0,XY,MW
2026-10-09 21:00:00,CE,store_discharge,0.0,XY,MW
2026-10-10 22:00:00,NR,store_discharge,0.0,XY,MW
2026-10-11 23:00:00,SO,store_discharge,0.0,XY,MW
2026-10-13 00:00:00,CE,store_discharge,0.0,XY,MW
2026-10-14 01:00:00,NR,store_discharge,0.0,XY,MW
2026-10-15 02:00:00,SO,store_discharge,0.0,XY,MW
2026-10-16 03:00:00,CE,store_discharge,0.0,XY,MW
2026-10-17 04:00:00,NR,store_discharge,0.0,XY,MW
2026-10-18 05:00:00,SO,store_discharge,0.0,XY,MW
2026-10-19 06:00:00,CE,store_discharge,0.0,XY,MW
2026-10-20 07:00:00,NR,store_discharge,0.0,XY,MW
2026-10-21 08:00:00,SO,store_discharge,0.0,XY,MW
2026-10-22 09:00:00,CE,store_discharge,0.0,XY,MW
2026-10-23 10:00:00,NR,store_discharge,0.0,XY,MW
2026-10-24 11:00:00,SO,store_discharge,0.0,XY,MW
2026-10-25 12:00:00,CE,store_discharge,0.0,XY,MW
2026-10-26 13:00:00,NR,store_discharge,0.0,XY,MW
2026-10-27 14:00:00,SO,store_discharge,0.0,XY,MW
2026-10-28 15:00:00,CE,store_discharge,0.0,XY,MW
2026-10-29 16:00:00,NR,store_discharge,0.0,XY,MW
2026-10-30 17:00:00,SO,store_discharge,0.0,XY,MW
2026-10-31 18:00:00,CE,store_discharge,0.0,XY,MW
2026-11-01 19:00:00,NR,store_discharge,0.0,XY,MW
2026-11-02 20:00:00,SO,store_discharge,0.0,XY,MW
2026-11-03 21:00:00,CE,store_discharge,0.0,XY,MW
2026-11-04 22:00:00,NR,store_discharge,0.0,XY,MW
2026-11-05 23:00:00,SO,store_discharge,0.0,XY,MW
2026-11-07 00:00:00,CE,store_discharge,0.0,XY,MW
2026-11-08 01:00:00,NR,store_discharge,-2.16,XY,MW
2026-11-09 02:00:00,SO,store_discharge,-1.2,XY,MW
2026-11-10 03:00:00,CE,store_discharge,0.0,XY,MW
2026-11-11 04:00:00,NR,store_discharge,2.049999999996,XY,MW
2026-11-12 05:00:00,SO,store_discharge,1.2,XY,MW
2026-11-13 06:00:00,CE,store_discharge,0.0,XY,MW
2026-11-14 07:00:00,NR,store_discharge,0.11000000000400009,XY,MW
2026-11-15 08:00:00,SO,store_discharge,0.0,XY,MW
2026-11-16 09:00:00,CE,store_discharge,0.0,XY,MW
2026-11-17 10:00:00,NR,store_discharge,-0.5999999999969986,XY,MW
2026-11-18 11:00:00,SO,store_discharge,0.0,XY,MW
2026-11-19 12:00:00,CE,store_discharge,0.0,XY,MW
2026-11-20 13:00:00,NR,store_discharge,0.5999999999969986,XY,MW
2026-11-21 14:00:00,SO,store_discharge,0.0,XY,MW
2026-11-22 15:00:00,CE,store_discharge,0.0,XY,MW
2026-11-23 16:00:00,NR,store_discharge,0.0,XY,MW
2026-11-24 17:00:00,SO,store_discharge,0.0,XY,MW
2026-11-25 18:00:00,CE,store_discharge,-1.44,XY,MW
2026-11-26 19:00:00,NR,store_discharge,-2.16,XY,MW
2026-11-27 20:00:00,SO,store_discharge,-1.2,XY,MW
2026-11-28 21:00:00,CE,store_discharge,1.44,XY,MW
2026-11-29 22:00:00,NR,store_discharge,2.16,XY,MW
2026-11-30 23:00:00,SO,store_discharge,1.2,XY,MW
2026-12-02 00:00:00,CE,store_discharge,0.0,XY,MW
2026-12-03 01:00:00,NR,store_discharge,0.0,XY,MW
2026-12-04 02:00:00,SO,store_discharge,0.0,XY,MW
2026-12-05 03:00:00,CE,store_discharge,0.0,XY,MW
2026-12-06 04:00:00,NR,store_discharge,0.0,XY,MW
2026-12-07 05:00:00,SO,store_discharge,0.0,XY,MW
2026-12-08 06:00:00,CE,store_discharge,0.0,XY,MW
2026-12-09 07:00:00,NR,store_discharge,0.0,XY,MW
2026-12-10 08:00:00,SO,store_discharge,0.0,XY,MW
2026-12-11 09:00:00,CE,store_discharge,0.0,XY,MW
2026-12-12 10:00:00,NR,store_discharge,0.0,XY,MW
2026-12-13 11:00:00,SO,store_discharge,0.0,XY,MW
2026-12-14 12:00:00,CE,store_discharge,0.0,XY,MW
2026-12-15 13:00:00,NR,store_discharge,0.0,XY,MW
2026-12-16 14:00:00,SO,store_discharge,0.0,XY,MW
2026-12-17 15:00:00,CE,store_discharge,0.0,XY,MW
2026-12-18 16:00:00,NR,store_discharge,0.0,XY,MW
2026-12-19 17:00:00,SO,store_discharge,0.0,XY,MW
2026-12-20 18:00:00,CE,store_discharge,0.0,XY,MW
2026-12-21 19:00:00,NR,store_discharge,0.0,XY,MW
2026-12-22 20:00:00,SO,store_discharge,0.0,XY,MW
2026-12-23 21:00:00,CE,store_discharge,0.0,XY,MW
2026-12-24 22:00:00,NR,store_discharge,0.0,XY,MW
2026-12-25 23:00:00,SO,store_discharge,0.0,XY,MW
2026-12-27 00:00:00,CE,store_discharge,0.0,XY,MW
2026-12-28 01:00:00,NR,store_discharge,0.0,XY,MW
2026-12-29 02:00:00,SO,store_discharge,0.0,XY,MW
2026-12-30 03:00:00,CE,store_discharge,0.0,XY,MW
2026-12-31 04:00:00,NR,store_discharge,0.0,XY,MW
2027-01-01 05:00:00,SO,store_discharge,0.0,XY,MW
2027-01-02 06:00:00,CE,store_discharge,0.0,XY,MW
2027-01-03 07:00:00,NR,store_discharge,0.0,XY,MW
2027-01-04 08:00:00,SO,store_discharge,0.0,XY,MW
2027-01-05 09:00:00,CE,store_discharge,0.0,XY,MW
2027-01-06 10:00:00,NR,store_discharge,0.0,XY,MW
2027-01-07 11:00:00,SO,store_discharge,0.0,XY,MW
2027-01-08 12:00:00,CE,store_discharge,0.0,XY,MW
2027-01-09 13:00:00,NR,store_discharge,0.0,XY,MW
2027-01-10 14:00:00,SO,store_discharge,0.0,XY,MW
2027-01-11 15:00:00,CE,store_discharge,0.0,XY,MW
2027-01-12 16:00:00,NR,store_discharge,0.0,XY,MW
2027-01-13 17:00:00,SO,store_discharge,0.0,XY,MW
2027-01-14 18:00:00,CE,store_discharge,0.0,XY,MW
2027-01-15 19:00:00,NR,store_discharge,0.0,XY,MW
2027-01-16 20:00:00,SO,store_discharge,0.0,XY,MW
2027-01-17 21:00:00,CE,store_discharge,0.0,XY,MW
2027-01-18 22:00:00,NR,store_discharge,0.0,XY,MW
2027-01-19 23:00:00,SO,store_discharge,0.0,XY,MW
2027-01-21 00:00:00,CE,store_discharge,0.0,XY,MW
2027-01-22 01:00:00,NR,store_discharge,0.0,XY,MW
2027-01-23 02:00:00,SO,store_discharge,0.0,XY,MW
2027-01-24 03:00:00,CE,store_discharge,0.0,XY,MW
2027-01-25 04:00:00,NR,store_discharge,0.0,XY,MW
2027-01-26 05:00:00,SO,store_discharge,0.0,XY,MW
2027-01-27 06:00:00,CE,store_discharge,-1.44,XY,MW
2027-01-28 07:00:00,NR,store_discharge,-2.16,XY,MW
2027-01-29 08:00:00,SO,store_discharge,-1.2,XY,MW
2027-01-30 09:00:00,CE,store_discharge,0.0,XY,MW
2027-01-31 10:00:00,NR,store_discharge,0.0,XY,MW
2027-02-01 11:00:00,SO,store_discharge,0.0,XY,MW
2027-02-02 12:00:00,CE,store_discharge,1.44,XY,MW
2027-02-03 13:00:00,NR,store_discharge,0.0,XY,MW
2027-02-04 14:00:00,SO,store_discharge,1.2,XY,MW
2027-02-05 15:00:00,CE,store_discharge,0.0,XY,MW
2027-02-06 16:00:00,NR,store_discharge,2.16,XY,MW
2027-02-07 17:00:00,SO,store_discharge,0.0,XY,MW
2027-02-08 18:00:00,CE,store_discharge,-1.08,XY,MW
2027-02-09 19:00:00,NR,store_discharge,-1.62,XY,MW
2027-02-10 20:00:00,SO,store_discharge,-0.9,XY,MW
2027-02-11 21:00:00,CE,store_discharge,1.08,XY,MW
2027-02-12 22:00:00,NR,store_discharge,1.62,XY,MW
2027-02-13 23:00:00,SO,store_discharge,0.9,XY,MW
2027-02-15 00:00:00,CE,store_discharge,0.0,XY,MW
2027-02-16 01:00:00,NR,store_discharge,0.0,XY,MW
2027-02-17 02:00:00,SO,store_discharge,0.0,XY,MW
2027-02-18 03:00:00,CE,store_discharge,-1.44,XY,MW
2027-02-19 04:00:00,NR,store_discharge,-2.16,XY,MW
2027-02-20 05:00:00,SO,store_discharge,-1.2,XY,MW
2027-02-21 06:00:00,CE,store_discharge,1.44,XY,MW
2027-02-22 07:00:00,NR,store_discharge,2.16,XY,MW
2027-02-23 08:00:00,SO,store_discharge,1.2,XY,MW
2027-02-24 09:00:00,CE,store_discharge,0.0,XY,MW
2027-02-25 10:00:00,NR,store_discharge,0.0,XY,MW
2027-02-26 11:00:00,SO,store_discharge,0.0,XY,MW
2027-02-27 12:00:00,CE,store_discharge,0.0,XY,MW
2027-02-28 13:00:00,NR,store_discharge,0.0,XY,MW
2027-03-01 14:00:00,SO,store_discharge,0.0,XY,MW
2027-03-02 15:00:00,CE,store_discharge,0.0,XY,MW
2027-03-03 16:00:00,NR,store_discharge,0.0,XY,MW
2027-03-04 17:00:00,SO,store_discharge,0.0,XY,MW
2027-03-05 18:00:00,CE,store_discharge,0.0,XY,MW
2027-03-06 19:00:00,NR,store_discharge,0.0,XY,MW
2027-03-07 20:00:00,SO,store_discharge,0.0,XY,MW
2027-03-08 21:00:00,CE,store_discharge,0.0,XY,MW
2027-03-09 22:00:00,NR,store_discharge,0.0,XY,MW
2027-03-10 23:00:00,SO,store_discharge,0.0,XY,MW
2027-03-12 00:00:00,CE,store_discharge,0.0,XY,MW
2027-03-13 01:00:00,NR,store_discharge,0.0,XY,MW
2027-03-14 02:00:00,SO,store_discharge,0.0,XY,MW
2027-03-15 03:00:00,CE,store_discharge,0.0,XY,MW
2027-03-16 04:00:00,NR,store_discharge,0.0,XY,MW
2027-03-17 05:00:00,SO,store_discharge,0.0,XY,MW
2027-03-18 06:00:00,CE,store_discharge,0.0,XY,MW
2027-03-19 07:00:00,NR,store_discharge,0.0,XY,MW
2027-03-20 08:00:00,SO,store_discharge,0.0,XY,MW
2027-03-21 09:00:00,CE,store_discharge,0.0,XY,MW
2027-03-22 10:00:00,NR,store_discharge,0.0,XY,MW
2027-03-23 11:00:00,SO,store_discharge,0.0,XY,MW
2027-03-24 12:00:00,CE,store_discharge,0.0,XY,MW
2027-03-25 13:00:00,NR,store_discharge,0.0,XY,MW
2027-03-26 14:00:00,SO,store_discharge,0.0,XY,MW
2027-03-27 15:00:00,CE,store_discharge,0.0,XY,MW
2027-03-28 16:00:00,NR,store_discharge,0.0,XY,MW
2027-03-29 17:00:00,SO,store_discharge,0.0,XY,MW
2027-03-30 18:00:00,CE,store_discharge,0.0,XY,MW
2027-03-31 19:00:00,NR,store_discharge,0.0,XY,MW
2027-04-01 20:00:00,SO,store_discharge,0.0,XY,MW
2027-04-02 21:00:00,CE,store_discharge,0.0,XY,MW
2027-04-03 22:00:00,NR,store_discharge,-2.16,XY,MW
2027-04-04 23:00:00,SO,store_discharge,0.0,XY,MW
2027-04-06 00:00:00,CE,store_discharge,0.0,XY,MW
2027-04-07 01:00:00,NR,store_discharge,2.16,XY,MW
2027-04-08 02:00:00,SO,store_discharge,0.0,XY,MW
2027-04-09 03:00:00,CE,store_discharge,0.0,XY,MW
2027-04-10 04:00:00,NR,store_discharge,0.0,XY,MW
2027-04-11 05:00:00,SO,store_discharge,0.0,XY,MW
2027-04-12 06:00:00,CE,store_discharge,0.0,XY,MW
2027-04-13 07:00:00,NR,store_discharge,-1.6099999999979997,XY,MW
2027-04-14 08:00:00,SO,store_discharge,0.0,XY,MW
2027-04-15 09:00:00,CE,store_discharge,0.0,XY,MW
2027-04-16 10:00:00,NR,store_discharge,1.6099999999979997,XY,MW
2027-04-17 11:00:00,SO,store_discharge,0.0,XY,MW
2027-04-18 12:00:00,CE,store_discharge,0.0,XY,MW
2027-04-19 13:00:00,NR,store_discharge,0.0,XY,MW
2027-04-20 14:00:00,SO,store_discharge,0.0,XY,MW
2027-04-21 15:00:00,CE,store_discharge,-1.44,XY,MW
2027-04-22 16:00:00,NR,store_discharge,-2.16,XY,MW
2027-04-23 17:00:00,SO,store_discharge,-1.2,XY,MW
2027-04-24 18:00:00,CE,store_discharge,0.36,XY,MW
2027-04-25 19:00:00,NR,store_discharge,0.54,XY,MW
2027-04-26 20:00:00,SO,store_discharge,0.3,XY,MW
2027-04-27 21:00:00,CE,store_discharge,1.08,XY,MW
2027-04-28 22:00:00,NR,store_discharge,1.62,XY,MW
2027-04-29 23:00:00,SO,store_discharge,0.9,XY,MW
2027-05-01 00:00:00,CE,store_discharge,0.0,XY,MW
2027-05-02 01:00:00,NR,store_discharge,0.0,XY,MW
2027-05-03 02:00:00,SO,store_discharge,0.0,XY,MW
2027-05-04 03:00:00,CE,store_discharge,0.0,XY,MW
2027-05-05 04:00:00,NR,store_discharge,0.0,XY,MW
2027-05-06 05:00:00,SO,store_discharge,0.0,XY,MW
2027-05-07 06:00:00,CE,store_discharge,0.0,XY,MW
2027-05-08 07:00:00,NR,store_discharge,0.0,XY,MW
2027-05-09 08:00:00,SO,store_discharge,0.0,XY,MW
2027-05-10 09:00:00,CE,store_discharge,0.0,XY,MW
2027-05-11 10:00:00,NR,store_discharge,0.0,XY,MW
2027-05-12 11:00:00,SO,store_discharge,0.0,XY,MW
2027-05-13 12:00:00,CE,store_discharge,0.0,XY,MW
2027-05-14 13:00:00,NR,store_discharge,0.0,XY,MW
2027-05-15 14:00:00,SO,store_discharge,0.0,XY,MW
2027-05-16 15:00:00,CE,store_discharge,0.0,XY,MW
2027-05-17 16:00:00,NR,store_discharge,0.0,XY,MW
2027-05-18 17:00:00,SO,store_discharge,0.0,XY,MW
2027-05-19 18:00:00,CE,store_discharge,0.0,XY,MW
2027-05-20 19:00:00,NR,store_discharge,0.0,XY,MW
2027-05-21 20:00:00,SO,store_discharge,0.0,XY,MW
2027-05-22 21:00:00,CE,store_discharge,0.0,XY,MW
2027-05-23 22:00:00,NR,store_discharge,0.0,XY,MW
2027-05-24 23:00:00,SO,store_discharge,0.0,XY,MW
2027-05-26 00:00:00,CE,store_discharge,0.0,XY,MW
2027-05-27 01:00:00,NR,store_discharge,0.0,XY,MW
2027-05-28 02:00:00,SO,store_discharge,0.0,XY,MW
2027-05-29 03:00:00,CE,store_discharge,0.0,XY,MW
2027-05-30 04:00:00,NR,store_discharge,0.0,XY,MW
2027-05-31 05:00:00,SO,store_discharge,0.0,XY,MW
2027-06-01 06:00:00,CE,store_discharge,0.0,XY,MW
2027-06-02 07:00:00,NR,store_discharge,0.0,XY,MW
2027-06-03 08:00:00,SO,store_discharge,0.0,XY,MW
2027-06-04 09:00:00,CE,store_discharge,0.0,XY,MW
2027-06-05 10:00:00,NR,store_discharge,0.0,XY,MW
2027-06-06 11:00:00,SO,store_discharge,0.0,XY,MW
2027-06-07 12:00:00,CE,store_discharge,0.0,XY,MW
2027-06-08 13:00:00,NR,store_discharge,0.0,XY,MW
2027-06-09 14:00:00,SO,store_discharge,0.0,XY,MW
2027-06-10 15:00:00,CE,store_discharge,0.0,XY,MW
2027-06-11 16:00:00,NR,store_discharge,0.0,XY,MW
2027-06-12 17:00:00,SO,store_discharge,0.0,XY,MW
2027-06-13 18:00:00,CE,store_discharge,0.0,XY,MW
2027-06-14 19:00:00,NR,store_discharge,0.0,XY,MW
2027-06-15 20:00:00,SO,store_discharge,0.0,XY,MW
2027-06-16 21:00:00,CE,store_discharge,0.0,XY,MW
2027-06-17 22:00:00,NR,store_discharge,0.0,XY,MW
2027-06-18 23:00:00,SO,store_discharge,0.0,XY,MW
2027-06-20 00:00:00,CE,store_discharge,0.0,XY,MW
2027-06-21 01:00:00,NR,store_discharge,0.0,XY,MW
2027-06-22 02:00:00,SO,store_discharge,0.0,XY,MW
2027-06-23 03:00:00,CE,store_discharge,-1.44,XY,MW
2027-06-24 04:00:00,NR,store_discharge,-2.16,XY,MW
2027-06-25 05:00:00,SO,store_discharge,-1.2,XY,MW
2027-06-26 06:00:00,CE,store_discharge,0.0,XY,MW
2027-06-27 07:00:00,NR,store_discharge,0.0,XY,MW
2027-06-28 08:00:00,SO,store_discharge,0.0,XY,MW
2027-06-29 09:00:00,CE,store_discharge,1.44,XY,MW
2027-06-30 10:00:00,NR,store_discharge,0.7600000000020017,XY,MW
2027-07-01 11:00:00,SO,store_discharge,1.2,XY,MW
2027-07-02 12:00:00,CE,store_discharge,0.0,XY,MW
2027-07-03 13:00:00,NR,store_discharge,1.3999999999979982,XY,MW
2027-07-04 14:00:00,SO,store_discharge,0.0,XY,MW
2027-07-05 15:00:00,CE,store_discharge,0.0,XY,MW
2027-07-06 16:00:00,NR,store_discharge,-2.16,XY,MW
2027-07-07 17:00:00,SO,store_discharge,-1.2,XY,MW
2027-07-08 18:00:00,CE,store_discharge,0.0,XY,MW
2027-07-09 19:00:00,NR,store_discharge,2.16,XY,MW
2027-07-10 20:00:00,SO,store_discharge,1.2,XY,MW
2027-07-11 21:00:00,CE,store_discharge,-1.08,XY,MW
2027-07-12 22:00:00,NR,store_discharge,-1.62,XY,MW
2027-07-13 23:00:00,SO,store_discharge,-0.9,XY,MW
2027-07-15 00:00:00,CE,store_discharge,-0.36,XY,MW
2027-07-16 01:00:00,NR,store_discharge,-0.54,XY,MW
2027-07-17 02:00:00,SO,store_discharge,-0.3,XY,MW
2027-07-18 03:00:00,CE,store_discharge,1.44,XY,MW
2027-07-19 04:00:00,NR,store_discharge,2.16,XY,MW
2027-07-20 05:00:00,SO,store_discharge,1.2,XY,MW
2027-07-21 06:00:00,CE,store_discharge,0.0,XY,MW
2027-07-22 07:00:00,NR,store_discharge,0.0,XY,MW
2027-07-23 08:00:00,SO,store_discharge,0.0,XY,MW
2027-07-24 09:00:00,CE,store_discharge,0.0,XY,MW
2027-07-25 10:00:00,NR,store_discharge,0.0,XY,MW
2027-07-26 11:00:00,SO,store_discharge,0.0,XY,MW
2027-07-27 12:00:00,CE,store_discharge,0.0,XY,MW
2027-07-28 13:00:00,NR,store_discharge,0.0,XY,MW
2027-07-29 14:00:00,SO,store_discharge,0.0,XY,MW
2027-07-30 15:00:00,CE,store_discharge,0.0,XY,MW
2027-07-31 16:00:00,NR,store_discharge,0.0,XY,MW
2027-08-01 17:00:00,SO,store_discharge,0.0,XY,MW
2027-08-02 18:00:00,CE,store_discharge,0.0,XY,MW
2027-08-03 19:00:00,NR,store_discharge,0.0,XY,MW
2027-08-04 20:00:00,SO,store_discharge,0.0,XY,MW
2027-08-05 21:00:00,CE,store_discharge,0.0,XY,MW
2027-08-06 22:00:00,NR,store_discharge,0.0,XY,MW
2027-08-07 23:00:00,SO,store_discharge,0.0,XY,MW
2027-08-09 00:00:00,CE,store_discharge,0.0,XY,MW
2027-08-10 01:00:00,NR,store_discharge,0.0,XY,MW
2027-08-11 02:00:00,SO,store_discharge,0.0,XY,MW
2027-08-12 03:00:00,CE,store_discharge,0.0,XY,MW
2027-08-13 04:00:00,NR,store_discharge,0.0,XY,MW
2027-08-14 05:00:00,SO,store_discharge,0.0,XY,MW
2027-08-15 06:00:00,CE,store_discharge,0.0,XY,MW
2027-08-16 07:00:00,NR,store_discharge,0.0,XY,MW
2027-08-17 08:00:00,SO,store_discharge,0.0,XY,MW
2027-08-18 09:00:00,CE,store_discharge,0.0,XY,MW
2027-08-19 10:00:00,NR,store_discharge,0.0,XY,MW
2027-08-20 11:00:00,SO,store_discharge,0.0,XY,MW
2027-08-21 12:00:00,CE,store_discharge,0.0,XY,MW
2027-08-22 13:00:00,NR,store_discharge,0.0,XY,MW
2027-08-23 14:00:00,SO,store_discharge,0.0,XY,MW
2027-08-24 15:00:00,CE,store_discharge,0.0,XY,MW
2027-08-25 16:00:00,NR,store_discharge,0.0,XY,MW
2027-08-26 17:00:00,SO,store_discharge,0.0,XY,MW
2027-08-27 18:00:00,CE,store_discharge,0.0,XY,MW
2027-08-28 19:00:00,NR,store_discharge,-2.16,XY,MW
2027-08-29 20:00:00,SO,store_discharge,-1.2,XY,MW
2027-08-30 21:00:00,CE,store_discharge,0.0,XY,MW
2027-08-31 22:00:00,NR,store_discharge,2.16,XY,MW
2027-09-01 23:00:00,SO,store_discharge,1.2,XY,MW
2027-09-03 00:00:00,CE,store_discharge,0.0,XY,MW
2027-09-04 01:00:00,NR,store_discharge,0.0,XY,MW
2027-09-05 02:00:00,SO,store_discharge,0.0,XY,MW
2027-09-06 03:00:00,CE,store_discharge,0.0,XY,MW
2027-09-07 04:00:00,NR,store_discharge,0.0,XY,MW
2027-09-08 05:00:00,SO,store_discharge,0.0,XY,MW
2027-09-09 06:00:00,CE,store_discharge,0.0,XY,MW
2027-09-10 07:00:00,NR,store_discharge,0.0,XY,MW
2027-09-11 08:00:00,SO,store_discharge,0.0,XY,MW
2027-09-12 09:00:00,CE,store_discharge,0.0,XY,MW
2027-09-13 10:00:00,NR,store_discharge,0.0,XY,MW
2027-09-14 11:00:00,SO,store_discharge,0.0,XY,MW
2027-09-15 12:00:00,CE,store_discharge,-1.44,XY,MW
2027-09-16 13:00:00,NR,store_discharge,-2.16,XY,MW
2027-09-17 14:00:00,SO,store_discharge,-1.2,XY,MW
2027-09-18 15:00:00,CE,store_discharge,1.44,XY,MW
2027-09-19 16:00:00,NR,store_discharge,0.0,XY,MW
2027-09-20 17:00:00,SO,store_discharge,1.2,XY,MW
2027-09-21 18:00:00,CE,store_discharge,0.0,XY,MW
2027-09-22 19:00:00,NR,store_discharge,2.16,XY,MW
2027-09-23 20:00:00,SO,store_discharge,0.0,XY,MW
2027-09-24 21:00:00,CE,store_discharge,-1.08,XY,MW
2027-09-25 22:00:00,NR,store_discharge,-1.62,XY,MW
2027-09-26 23:00:00,SO,store_discharge,-0.9,XY,MW
2027-09-28 00:00:00,CE,store_discharge,1.08,XY,MW
2027-09-29 01:00:00,NR,store_discharge,1.62,XY,MW
2027-09-30 02:00:00,SO,store_discharge,0.9,XY,MW
2027-10-01 03:00:00,CE,store_discharge,0.0,XY,MW
2027-10-02 04:00:00,NR,store_discharge,0.0,XY,MW
2027-10-03 05:00:00,SO,store_discharge,0.0,XY,MW
2027-10-04 06:00:00,CE,store_discharge,0.0,XY,MW
2027-10-05 07:00:00,NR,store_discharge,0.0,XY,MW
2027-10-06 08:00:00,SO,store_discharge,0.0,XY,MW
2027-10-07 09:00:00,CE,store_discharge,-1.44,XY,MW
2027-10-08 10:00:00,NR,store_discharge,-2.16,XY,MW
2027-10-09 11:00:00,SO,store_discharge,-1.2,XY,MW
2027-10-10 12:00:00,CE,store_discharge,1.44,XY,MW
2027-10-11 13:00:00,NR,store_discharge,2.16,XY,MW
2027-10-12 14:00:00,SO,store_discharge,1.2,XY,MW
2027-10-13 15:00:00,CE,store_discharge,0.0,XY,MW
2027-10-14 16:00:00,NR,store_discharge,0.0,XY,MW
2027-10-15 17:00:00,SO,store_discharge,0.0,XY,MW
2027-10-16 18:00:00,CE,store_discharge,0.0,XY,MW
2027-10-17 19:00:00,NR,store_discharge,0.0,XY,MW
2027-10-18 20:00:00,SO,store_discharge,0.0,XY,MW
2027-10-19 21:00:00,CE,store_discharge,0.0,XY,MW
2027-10-20 22:00:00,NR,store_discharge,0.0,XY,MW
2027-10-21 23:00:00,SO,store_discharge,0.0,XY,MW
2027-10-23 00:00:00,CE,store_discharge,0.0,XY,MW
2027-10-24 01:00:00,NR,store_discharge,0.0,XY,MW
2027-10-25 02:00:00,SO,store_discharge,0.0,XY,MW
2027-10-26 03:00:00,CE,store_discharge,0.0,XY,MW
2027-10-27 04:00:00,NR,store_discharge,0.0,XY,MW
2027-10-28 05:00:00,SO,store_discharge,0.0,XY,MW
2027-10-29 06:00:00,CE,store_discharge,0.0,XY,MW
2027-10-30 07:00:00,NR,store_discharge,0.0,XY,MW
2027-10-31 08:00:00,SO,store_discharge,0.0,XY,MW
2027-11-01 09:00:00,CE,store_discharge,0.0,XY,MW
2027-11-02 10:00:00,NR,store_discharge,0.0,XY,MW
2027-11-03 11:00:00,SO,store_discharge,0.0,XY,MW
2027-11-04 12:00:00,CE,store_discharge,0.0,XY,MW
2027-11-05 13:00:00,NR,store_discharge,0.0,XY,MW
2027-11-06 14:00:00,SO,store_discharge,0.0,XY,MW
2027-11-07 15:00:00,CE,store_discharge,0.0,XY,MW
2027-11-08 16:00:00,NR,store_discharge,0.0,XY,MW
2027-11-09 17:00:00,SO,store_discharge,0.0,XY,MW
2027-11-10 18:00:00,CE,store_discharge,0.0,XY,MW
2027-11-11 19:00:00,NR,store_discharge,0.0,XY,MW
2027-11-12 20:00:00,SO,store_discharge,0.0,XY,MW
2027-11-13 21:00:00,CE,store_discharge,0.0,XY,MW
2027-11-14 22:00:00,NR,store_discharge,0.0,XY,MW
2027-11-15 23:00:00,SO,store_discharge,0.0,XY,MW
2027-11-17 00:00:00,CE,store_discharge,0.0,XY,MW
2027-11-18 01:00:00,NR,store_discharge,0.0,XY,MW
2027-11-19 02:00:00,SO,store_discharge,0.0,XY,MW
2027-11-20 03:00:00,CE,store_discharge,-1.44,XY,MW
2027-11-21 04:00:00,NR,store_discharge,-2.16,XY,MW
2027-11-22 05:00:00,SO,store_discharge,-1.2,XY,MW
2027-11-23 06:00:00,CE,store_discharge,1.44,XY,MW
2027-11-24 07:00:00,NR,store_discharge,0.8699999999974998,XY,MW
2027-11-25 08:00:00,SO,store_discharge,1.2,XY,MW
2027-11-26 09:00:00,CE,store_discharge,0.0,XY,MW
2027-11-27 10:00:00,NR,store_discharge,1.2900000000025003,XY,MW
2027-11-28 11:00:00,SO,store_discharge,0.0,XY,MW
2027-11-29 12:00:00,CE,store_discharge,0.0,XY,MW
2027-11-30 13:00:00,NR,store_discharge,0.0,XY,MW
2027-12-01 14:00:00,SO,store_discharge,0.0,XY,MW
2027-12-02 15:00:00,CE,store_discharge,0.0,XY,MW
2027-12-03 16:00:00,NR,store_discharge,0.0,XY,MW
2027-12-04 17:00:00,SO,store_discharge,0.0,XY,MW
2027-12-05 18:00:00,CE,store_discharge,0.0,XY,MW
2027-12-06 19:00:00,NR,store_discharge,0.0,XY,MW
2027-12-07 20:00:00,SO,store_discharge,0.0,XY,MW
2027-12-08 21:00:00,CE,store_discharge,-1.44,XY,MW
2027-12-09 22:00:00,NR,store_discharge,-1.62,XY,MW
2027-12-10 23:00:00,SO,store_discharge,-1.2,XY,MW
2027-12-12 00:00:00,CE,store_discharge,1.44,XY,MW
2027-12-13 01:00:00,NR,store_discharge,1.62,XY,MW
2027-12-14 02:00:00,SO,store_discharge,1.2,XY,MW
2027-12-15 03:00:00,CE,store_discharge,-1.44,XY,MW
2027-12-16 04:00:00,NR,store_discharge,-2.16,XY,MW
2027-12-17 05:00:00,SO,store_discharge,-1.2,XY,MW
2027-12-18 06:00:00,CE,store_discharge,0.0,XY,MW
2027-12-19 07:00:00,NR,store_discharge,0.0,XY,MW
2027-12-20 08:00:00,SO,store_discharge,0.0,XY,MW
2027-12-21 09:00:00,CE,store_discharge,1.44,XY,MW
2027-12-22 10:00:00,NR,store_discharge,2.16,XY,MW
2027-12-23 11:00:00,SO,store_discharge,1.2,XY,MW
2027-12-24 12:00:00,CE,store_discharge,0.0,XY,MW
2027-12-25 13:00:00,NR,store_discharge,0.0,XY,MW
2027-12-26 14:00:00,SO,store_discharge,0.0,XY,MW
2027-12-27 15:00:00,CE,store_discharge,0.0,XY,MW
2027-12-28 16:00:00,NR,store_discharge,0.0,XY,MW
2027-12-29 17:00:00,SO,store_discharge,0.0,XY,MW
2027-12-30 18:00:00,CE,store_discharge,0.0,XY,MW
2027-12-31 19:00:00,NR,store_discharge,0.0,XY,MW
2028-01-01 20:00:00,SO,store_discharge,0.0,XY,MW
2028-01-02 21:00:00,CE,store_discharge,0.0,XY,MW
2028-01-03 22:00:00,NR,store_discharge,0.0,XY,MW
2028-01-04 23:00:00,SO,store_discharge,0.0,XY,MW
2025-01-01 00:00:00,CE,state_of_charge,39.75,XY,MW
2025-01-02 01:00:00,NR,state_of_charge,65.25,XY,MW
2025-01-03 02:00:00,SO,state_of_charge,45.0,XY,MW
2025-01-04 03:00:00,CE,state_of_charge,39.75,XY,MW
2025-01-05 04:00:00,NR,state_of_charge,65.25,XY,MW
2025-01-06 05:00:00,SO,state_of_charge,45.0,XY,MW
2025-01-07 06:00:00,CE,state_of_charge,3.75,XY,MW
2025-01-08 07:00:00,NR,state_of_charge,65.25,XY,MW
2025-01-09 08:00:00,SO,state_of_charge,40.99999999982508,XY,MW
2025-01-10 09:00:00,CE,state_of_charge,3.75,XY,MW
2025-01-11 10:00:00,NR,state_of_charge,65.25,XY,MW
2025-01-12 11:00:00,SO,state_of_charge,41.99999999991253,XY,MW
2025-01-13 12:00:00,CE,state_of_charge,3.75,XY,MW
2025-01-14 13:00:00,NR,state_of_charge,11.25,XY,MW
2025-01-15 14:00:00,SO,state_of_charge,15.0,XY,MW
2025-01-16 15:00:00,CE,state_of_charge,3.75,XY,MW
2025-01-17 16:00:00,NR,state_of_charge,11.25,XY,MW
2025-01-18 17:00:00,SO,state_of_charge,15.0,XY,MW
2025-01-19 18:00:00,CE,state_of_charge,39.75,XY,MW
2025-01-20 19:00:00,NR,state_of_charge,65.25,XY,MW
2025-01-21 20:00:00,SO,state_of_charge,45.0,XY,MW
2025-01-22 21:00:00,CE,state_of_charge,3.75,XY,MW
2025-01-23 22:00:00,NR,state_of_charge,11.25,XY,MW
2025-01-24 23:00:00,SO,state_of_charge,15.0,XY,MW
2025-01-26 00:00:00,CE,state_of_charge,3.75,XY,MW
2025-01-27 01:00:00,NR,state_of_charge,11.25,XY,MW
2025-01-28 02:00:00,SO,state_of_charge,15.0,XY,MW
2025-01-29 03:00:00,CE,state_of_charge,3.75,XY,MW
2025-01-30 04:00:00,NR,state_of_charge,11.25,XY,MW
2025-01-31 05:00:00,SO,state_of_charge,15.0,XY,MW
2025-02-01 06:00:00,CE,state_of_charge,3.75,XY,MW
2025-02-02 07:00:00,NR,state_of_charge,11.25,XY,MW
2025-02-03 08:00:00,SO,state_of_charge,15.0,XY,MW
2025-02-04 09:00:00,CE,state_of_charge,3.75,XY,MW
2025-02-05 10:00:00,NR,state_of_charge,11.25,XY,MW
2025-02-06 11:00:00,SO,state_of_charge,15.0,XY,MW
2025-02-07 12:00:00,CE,state_of_charge,3.75,XY,MW
2025-02-08 13:00:00,NR,state_of_charge,11.25,XY,MW
2025-02-09 14:00:00,SO,state_of_charge,15.0,XY,MW
2025-02-10 15:00:00,CE,state_of_charge,3.75,XY,MW
2025-02-11 16:00:00,NR,state_of_charge,65.25,XY,MW
2025-02-12 17:00:00,SO,state_of_charge,15.0,XY,MW
2025-02-13 18:00:00,CE,state_of_charge,3.75,XY,MW
2025-02-14 19:00:00,NR,state_of_charge,11.25,XY,MW
2025-02-15 20:00:00,SO,state_of_charge,15.0,XY,MW
2025-02-16 21:00:00,CE,state_of_charge,3.75,XY,MW
2025-02-17 22:00:00,NR,state_of_charge,11.25,XY,MW
2025-02-18 23:00:00,SO,state_of_charge,15.0,XY,MW
2025-02-20 00:00:00,CE,state_of_charge,3.75,XY,MW
2025-02-21 01:00:00,NR,state_of_charge,11.25,XY,MW
2025-02-22 02:00:00,SO,state_of_charge,15.0,XY,MW
2025-02-23 03:00:00,CE,state_of_charge,3.75,XY,MW
2025-02-24 04:00:00,NR,state_of_charge,11.25,XY,MW
2025-02-25 05:00:00,SO,state_of_charge,15.0,XY,MW
2025-02-26 06:00:00,CE,state_of_charge,3.75,XY,MW
2025-02-27 07:00:00,NR,state_of_charge,11.25,XY,MW
2025-02-28 08:00:00,SO,state_of_charge,15.0,XY,MW
2025-03-01 09:00:00,CE,state_of_charge,3.75,XY,MW
2025-03-02 10:00:00,NR,state_of_charge,11.25,XY,MW
2025-03-03 11:00:00,SO,state_of_charge,15.0,XY,MW
2025-03-04 12:00:00,CE,state_of_charge,3.75,XY,MW
2025-03-05 13:00:00,NR,state_of_charge,65.25,XY,MW
2025-03-06 14:00:00,SO,state_of_charge,45.0,XY,MW
2025-03-07 15:00:00,CE,state_of_charge,3.75,XY,MW
2025-03-08 16:00:00,NR,state_of_charge,11.25,XY,MW
2025-03-09 17:00:00,SO,state_of_charge,15.0,XY,MW
2025-03-10 18:00:00,CE,state_of_charge,3.75,XY,MW
2025-03-11 19:00:00,NR,state_of_charge,11.25,XY,MW
2025-03-12 20:00:00,SO,state_of_charge,15.0,XY,MW
2025-03-13 21:00:00,CE,state_of_charge,3.75,XY,MW
2025-03-14 22:00:00,NR,state_of_charge,11.25,XY,MW
2025-03-15 23:00:00,SO,state_of_charge,15.0,XY,MW
2025-03-17 00:00:00,CE,state_of_charge,3.75,XY,MW
2025-03-18 01:00:00,NR,state_of_charge,11.25,XY,MW
2025-03-19 02:00:00,SO,state_of_charge,15.0,XY,MW
2025-03-20 03:00:00,CE,state_of_charge,3.75,XY,MW
2025-03-21 04:00:00,NR,state_of_charge,11.25,XY,MW
2025-03-22 05:00:00,SO,state_of_charge,15.0,XY,MW
2025-03-23 06:00:00,CE,state_of_charge,39.75,XY,MW
2025-03-24 07:00:00,NR,state_of_charge,65.25,XY,MW
2025-03-25 08:00:00,SO,state_of_charge,45.0,XY,MW
2025-03-26 09:00:00,CE,state_of_charge,3.75,XY,MW
2025-03-27 10:00:00,NR,state_of_charge,65.25,XY,MW
2025-03-28 11:00:00,SO,state_of_charge,45.0,XY,MW
2025-03-29 12:00:00,CE,state_of_charge,3.75,XY,MW
2025-03-30 13:00:00,NR,state_of_charge,65.25,XY,MW
2025-03-31 14:00:00,SO,state_of_charge,15.0,XY,MW
2025-04-01 15:00:00,CE,state_of_charge,3.75,XY,MW
2025-04-02 16:00:00,NR,state_of_charge,11.25,XY,MW
2025-04-03 17:00:00,SO,state_of_charge,15.0,XY,MW
2025-04-04 18:00:00,CE,state_of_charge,30.75,XY,MW
2025-04-05 19:00:00,NR,state_of_charge,51.75,XY,MW
2025-04-06 20:00:00,SO,state_of_charge,37.5,XY,MW
2025-04-07 21:00:00,CE,state_of_charge,3.75,XY,MW
2025-04-08 22:00:00,NR,state_of_charge,11.25,XY,MW
2025-04-09 23:00:00,SO,state_of_charge,15.0,XY,MW
2025-04-11 00:00:00,CE,state_of_charge,3.75,XY,MW
2025-04-12 01:00:00,NR,state_of_charge,11.25,XY,MW
2025-04-13 02:00:00,SO,state_of_charge,15.0,XY,MW
2025-04-14 03:00:00,CE,state_of_charge,39.75,XY,MW
2025-04-15 04:00:00,NR,state_of_charge,65.25,XY,MW
2025-04-16 05:00:00,SO,state_of_charge,45.0,XY,MW
2025-04-17 06:00:00,CE,state_of_charge,3.75,XY,MW
2025-04-18 07:00:00,NR,state_of_charge,11.25,XY,MW
2025-04-19 08:00:00,SO,state_of_charge,15.0,XY,MW
2025-04-20 09:00:00,CE,state_of_charge,3.75,XY,MW
2025-04-21 10:00:00,NR,state_of_charge,11.25,XY,MW
2025-04-22 11:00:00,SO,state_of_charge,15.0,XY,MW
2025-04-23 12:00:00,CE,state_of_charge,3.75,XY,MW
2025-04-24 13:00:00,NR,state_of_charge,11.25,XY,MW
2025-04-25 14:00:00,SO,state_of_charge,15.0,XY,MW
2025-04-26 15:00:00,CE,state_of_charge,3.75,XY,MW
2025-04-27 16:00:00,NR,state_of_charge,11.25,XY,MW
2025-04-28 17:00:00,SO,state_of_charge,15.0,XY,MW
2025-04-29 18:00:00,CE,state_of_charge,3.75,XY,MW
2025-04-30 19:00:00,NR,state_of_charge,11.25,XY,MW
2025-05-01 20:00:00,SO,state_of_charge,15.0,XY,MW
2025-05-02 21:00:00,CE,state_of_charge,3.75,XY,MW
2025-05-03 22:00:00,NR,state_of_charge,11.25,XY,MW
2025-05-04 23:00:00,SO,state_of_charge,15.0,XY,MW
2025-05-06 00:00:00,CE,state_of_charge,3.75,XY,MW
2025-05-07 01:00:00,NR,state_of_charge,65.25,XY,MW
2025-05-08 02:00:00,SO,state_of_charge,15.0,XY,MW
2025-05-09 03:00:00,CE,state_of_charge,3.75,XY,MW
2025-05-10 04:00:00,NR,state_of_charge,11.25,XY,MW
2025-05-11 05:00:00,SO,state_of_charge,15.0,XY,MW
2025-05-12 06:00:00,CE,state_of_charge,3.75,XY,MW
2025-05-13 07:00:00,NR,state_of_charge,11.25,XY,MW
2025-05-14 08:00:00,SO,state_of_charge,15.0,XY,MW
2025-05-15 09:00:00,CE,state_of_charge,3.75,XY,MW
2025-05-16 10:00:00,NR,state_of_charge,11.25,XY,MW
2025-05-17 11:00:00,SO,state_of_charge,15.0,XY,MW
2025-05-18 12:00:00,CE,state_of_charge,3.75,XY,MW
2025-05-19 13:00:00,NR,state_of_charge,11.25,XY,MW
2025-05-20 14:00:00,SO,state_of_charge,15.0,XY,MW
2025-05-21 15:00:00,CE,state_of_charge,3.75,XY,MW
2025-05-22 16:00:00,NR,state_of_charge,11.25,XY,MW
2025-05-23 17:00:00,SO,state_of_charge,15.0,XY,MW
2025-05-24 18:00:00,CE,state_of_charge,3.75,XY,MW
2025-05-25 19:00:00,NR,state_of_charge,11.25,XY,MW
2025-05-26 20:00:00,SO,state_of_charge,15.0,XY,MW
2025-05-27 21:00:00,CE,state_of_charge,39.75,XY,MW
2025-05-28 22:00:00,NR,state_of_charge,65.25,XY,MW
2025-05-29 23:00:00,SO,state_of_charge,45.0,XY,MW
2025-05-31 00:00:00,CE,state_of_charge,3.75,XY,MW
2025-06-01 01:00:00,NR,state_of_charge,59.249999999962476,XY,MW
2025-06-02 02:00:00,SO,state_of_charge,15.0,XY,MW
2025-06-03 03:00:00,CE,state_of_charge,3.75,XY,MW
2025-06-04 04:00:00,NR,state_of_charge,11.25,XY,MW
2025-06-05 05:00:00,SO,state_of_charge,15.0,XY,MW
2025-06-06 06:00:00,CE,state_of_charge,3.75,XY,MW
2025-06-07 07:00:00,NR,state_of_charge,11.25,XY,MW
2025-06-08 08:00:00,SO,state_of_charge,15.0,XY,MW
2025-06-09 09:00:00,CE,state_of_charge,3.75,XY,MW
2025-06-10 10:00:00,NR,state_of_charge,11.25,XY,MW
2025-06-11 11:00:00,SO,state_of_charge,15.0,XY,MW
2025-06-12 12:00:00,CE,state_of_charge,3.75,XY,MW
2025-06-13 13:00:00,NR,state_of_charge,11.25,XY,MW
2025-06-14 14:00:00,SO,state_of_charge,15.0,XY,MW
2025-06-15 15:00:00,CE,state_of_charge,39.75,XY,MW
2025-06-16 16:00:00,NR,state_of_charge,65.25,XY,MW
2025-06-17 17:00:00,SO,state_of_charge,45.0,XY,MW
2025-06-18 18:00:00,CE,state_of_charge,30.75,XY,MW
2025-06-19 19:00:00,NR,state_of_charge,51.75,XY,MW
2025-06-20 20:00:00,SO,state_of_charge,37.5,XY,MW
2025-06-21 21:00:00,CE,state_of_charge,3.75,XY,MW
2025-06-22 22:00:00,NR,state_of_charge,11.25,XY,MW
2025-06-23 23:00:00,SO,state_of_charge,15.0,XY,MW
2025-06-25 00:00:00,CE,state_of_charge,3.75,XY,MW
2025-06-26 01:00:00,NR,state_of_charge,11.25,XY,MW
2025-06-27 02:00:00,SO,state_of_charge,15.0,XY,MW
2025-06-28 03:00:00,CE,state_of_charge,3.75,XY,MW
2025-06-29 04:00:00,NR,state_of_charge,11.25,XY,MW
2025-06-30 05:00:00,SO,state_of_charge,15.0,XY,MW
2025-07-01 06:00:00,CE,state_of_charge,3.75,XY,MW
2025-07-02 07:00:00,NR,state_of_charge,11.25,XY,MW
2025-07-03 08:00:00,SO,state_of_charge,15.0,XY,MW
2025-07-04 09:00:00,CE,state_of_charge,3.75,XY,MW
2025-07-05 10:00:00,NR,state_of_charge,11.25,XY,MW
2025-07-06 11:00:00,SO,state_of_charge,15.0,XY,MW
2025-07-07 12:00:00,CE,state_of_charge,3.75,XY,MW
2025-07-08 13:00:00,NR,state_of_charge,65.25,XY,MW
2025-07-09 14:00:00,SO,state_of_charge,15.0,XY,MW
2025-07-10 15:00:00,CE,state_of_charge,3.75,XY,MW
2025-07-11 16:00:00,NR,state_of_charge,11.25,XY,MW
2025-07-12 17:00:00,SO,state_of_charge,15.0,XY,MW
2025-07-13 18:00:00,CE,state_of_charge,3.75,XY,MW
2025-07-14 19:00:00,NR,state_of_charge,11.25,XY,MW
2025-07-15 20:00:00,SO,state_of_charge,15.0,XY,MW
2025-07-16 21:00:00,CE,state_of_charge,3.75,XY,MW
2025-07-17 22:00:00,NR,state_of_charge,11.25,XY,MW
2025-07-18 23:00:00,SO,state_of_charge,15.0,XY,MW
2025-07-20 00:00:00,CE,state_of_charge,3.75,XY,MW
2025-07-21 01:00:00,NR,state_of_charge,11.25,XY,MW
2025-07-22 02:00:00,SO,state_of_charge,15.0,XY,MW
2025-07-23 03:00:00,CE,state_of_charge,3.75,XY,MW
2025-07-24 04:00:00,NR,state_of_charge,11.25,XY,MW
2025-07-25 05:00:00,SO,state_of_charge,15.0,XY,MW
2025-07-26 06:00:00,CE,state_of_charge,3.75,XY,MW
2025-07-27 07:00:00,NR,state_of_charge,11.25,XY,MW
2025-07-28 08:00:00,SO,state_of_charge,15.0,XY,MW
2025-07-29 09:00:00,CE,state_of_charge,3.75,XY,MW
2025-07-30 10:00:00,NR,state_of_charge,11.25,XY,MW
2025-07-31 11:00:00,SO,state_of_charge,15.0,XY,MW
2025-08-01 12:00:00,CE,state_of_charge,3.75,XY,MW
2025-08-02 13:00:00,NR,state_of_charge,11.25,XY,MW
2025-08-03 14:00:00,SO,state_of_charge,15.0,XY,MW
2025-08-04 15:00:00,CE,state_of_charge,3.75,XY,MW
2025-08-05 16:00:00,NR,state_of_charge,11.25,XY,MW
2025-08-06 17:00:00,SO,state_of_charge,15.0,XY,MW
2025-08-07 18:00:00,CE,state_of_charge,3.75,XY,MW
2025-08-08 19:00:00,NR,state_of_charge,11.25,XY,MW
2025-08-09 20:00:00,SO,state_of_charge,15.0,XY,MW
2025-08-10 21:00:00,CE,state_of_charge,3.75,XY,MW
2025-08-11 22:00:00,NR,state_of_charge,11.25,XY,MW
2025-08-12 23:00:00,SO,state_of_charge,15.0,XY,MW
2025-08-14 00:00:00,CE,state_of_charge,3.75,XY,MW
2025-08-15 01:00:00,NR,state_of_charge,11.25,XY,MW
2025-08-16 02:00:00,SO,state_of_charge,15.0,XY,MW
2025-08-17 03:00:00,CE,state_of_charge,39.75,XY,MW
2025-08-18 04:00:00,NR,state_of_charge,65.25,XY,MW
2025-08-19 05:00:00,SO,state_of_charge,45.0,XY,MW
2025-08-20 06:00:00,CE,state_of_charge,39.75,XY,MW
2025-08-21 07:00:00,NR,state_of_charge,65.25,XY,MW
2025-08-22 08:00:00,SO,state_of_charge,45.0,XY,MW
2025-08-23 09:00:00,CE,state_of_charge,3.75,XY,MW
2025-08-24 10:00:00,NR,state_of_charge,65.25,XY,MW
2025-08-25 11:00:00,SO,state_of_charge,15.0,XY,MW
2025-08-26 12:00:00,CE,state_of_charge,3.75,XY,MW
2025-08-27 13:00:00,NR,state_of_charge,65.25,XY,MW
2025-08-28 14:00:00,SO,state_of_charge,15.0,XY,MW
2025-08-29 15:00:00,CE,state_of_charge,3.75,XY,MW
2025-08-30 16:00:00,NR,state_of_charge,11.25,XY,MW
2025-08-31 17:00:00,SO,state_of_charge,15.0,XY,MW
2025-09-01 18:00:00,CE,state_of_charge,30.75,XY,MW
2025-09-02 19:00:00,NR,state_of_charge,51.75,XY,MW
2025-09-03 20:00:00,SO,state_of_charge,37.5,XY,MW
2025-09-04 21:00:00,CE,state_of_charge,3.75,XY,MW
2025-09-05 22:00:00,NR,state_of_charge,11.25,XY,MW
2025-09-06 23:00:00,SO,state_of_charge,15.0,XY,MW
2025-09-08 00:00:00,CE,state_of_charge,39.75,XY,MW
2025-09-09 01:00:00,NR,state_of_charge,65.25,XY,MW
2025-09-10 02:00:00,SO,state_of_charge,45.0,XY,MW
2025-09-11 03:00:00,CE,state_of_charge,3.75,XY,MW
2025-09-12 04:00:00,NR,state_of_charge,11.25,XY,MW
2025-09-13 05:00:00,SO,state_of_charge,15.0,XY,MW
2025-09-14 06:00:00,CE,state_of_charge,3.75,XY,MW
2025-09-15 07:00:00,NR,state_of_charge,11.25,XY,MW
2025-09-16 08:00:00,SO,state_of_charge,15.0,XY,MW
2025-09-17 09:00:00,CE,state_of_charge,3.75,XY,MW
2025-09-18 10:00:00,NR,state_of_charge,11.25,XY,MW
2025-09-19 11:00:00,SO,state_of_charge,15.0,XY,MW
2025-09-20 12:00:00,CE,state_of_charge,3.75,XY,MW
2025-09-21 13:00:00,NR,state_of_charge,11.25,XY,MW
2025-09-22 14:00:00,SO,state_of_charge,15.0,XY,MW
2025-09-23 15:00:00,CE,state_of_charge,3.75,XY,MW
2025-09-24 16:00:00,NR,state_of_charge,11.25,XY,MW
2025-09-25 17:00:00,SO,state_of_charge,15.0,XY,MW
2025-09-26 18:00:00,CE,state_of_charge,3.75,XY,MW
2025-09-27 19:00:00,NR,state_of_charge,11.25,XY,MW
2025-09-28 20:00:00,SO,state_of_charge,15.0,XY,MW
2025-09-29 21:00:00,CE,state_of_charge,3.75,XY,MW
2025-09-30 22:00:00,NR,state_of_charge,11.25,XY,MW
2025-10-01 23:00:00,SO,state_of_charge,15.0,XY,MW
2025-10-03 00:00:00,CE,state_of_charge,3.75,XY,MW
2025-10-04 01:00:00,NR,state_of_charge,11.25,XY,MW
2025-10-05 02:00:00,SO,state_of_charge,15.0,XY,MW
2025-10-06 03:00:00,CE,state_of_charge,3.75,XY,MW
2025-10-07 04:00:00,NR,state_of_charge,11.25,XY,MW
2025-10-08 05:00:00,SO,state_of_charge,15.0,XY,MW
2025-10-09 06:00:00,CE,state_of_charge,3.75,XY,MW
2025-10-10 07:00:00,NR,state_of_charge,11.25,XY,MW
2025-10-11 08:00:00,SO,state_of_charge,15.0,XY,MW
2025-10-12 09:00:00,CE,state_of_charge,3.75,XY,MW
2025-10-13 10:00:00,NR,state_of_charge,11.25,XY,MW
2025-10-14 11:00:00,SO,state_of_charge,15.0,XY,MW
2025-10-15 12:00:00,CE,state_of_charge,3.75,XY,MW
2025-10-16 13:00:00,NR,state_of_charge,11.25,XY,MW
2025-10-17 14:00:00,SO,state_of_charge,15.0,XY,MW
2025-10-18 15:00:00,CE,state_of_charge,3.75,XY,MW
2025-10-19 16:00:00,NR,state_of_charge,11.25,XY,MW
2025-10-20 17:00:00,SO,state_of_charge,15.0,XY,MW
2025-10-21 18:00:00,CE,state_of_charge,3.75,XY,MW
2025-10-22 19:00:00,NR,state_of_charge,65.25,XY,MW
2025-10-23 20:00:00,SO,state_of_charge,15.0,XY,MW
2025-10-24 21:00:00,CE,state_of_charge,3.75,XY,MW
2025-10-25 22:00:00,NR,state_of_charge,11.25,XY,MW
2025-10-26 23:00:00,SO,state_of_charge,15.0,XY,MW
2025-10-28 00:00:00,CE,state_of_charge,3.75,XY,MW
2025-10-29 01:00:00,NR,state_of_charge,11.25,XY,MW
2025-10-30 02:00:00,SO,state_of_charge,15.0,XY,MW
2025-10-31 03:00:00,CE,state_of_charge,3.75,XY,MW
2025-11-01 04:00:00,NR,state_of_charge,11.25,XY,MW
2025-11-02 05:00:00,SO,state_of_charge,15.0,XY,MW
2025-11-03 06:00:00,CE,state_of_charge,3.75,XY,MW
2025-11-04 07:00:00,NR,state_of_charge,11.25,XY,MW
2025-11-05 08:00:00,SO,state_of_charge,15.0,XY,MW
2025-11-06 09:00:00,CE,state_of_charge,3.75,XY,MW
2025-11-07 10:00:00,NR,state_of_charge,11.25,XY,MW
2025-11-08 11:00:00,SO,state_of_charge,15.0,XY,MW
2025-11-09 12:00:00,CE,state_of_charge,39.75,XY,MW
2025-11-10 13:00:00,NR,state_of_charge,65.25,XY,MW
2025-11-11 14:00:00,SO,state_of_charge,45.0,XY,MW
2025-11-12 15:00:00,CE,state_of_charge,30.75,XY,MW
2025-11-13 16:00:00,NR,state_of_charge,51.75,XY,MW
2025-11-14 17:00:00,SO,state_of_charge,37.5,XY,MW
2025-11-15 18:00:00,CE,state_of_charge,3.75,XY,MW
2025-11-16 19:00:00,NR,state_of_charge,11.25,XY,MW
2025-11-17 20:00:00,SO,state_of_charge,15.0,XY,MW
2025-11-18 21:00:00,CE,state_of_charge,3.75,XY,MW
2025-11-19 22:00:00,NR,state_of_charge,11.25,XY,MW
2025-11-20 23:00:00,SO,state_of_charge,15.0,XY,MW
2025-11-22 00:00:00,CE,state_of_charge,3.75,XY,MW
2025-11-23 01:00:00,NR,state_of_charge,11.25,XY,MW
2025-11-24 02:00:00,SO,state_of_charge,15.0,XY,MW
2025-11-25 03:00:00,CE,state_of_charge,3.75,XY,MW
2025-11-26 04:00:00,NR,state_of_charge,11.25,XY,MW
2025-11-27 05:00:00,SO,state_of_charge,15.0,XY,MW
2025-11-28 06:00:00,CE,state_of_charge,3.75,XY,MW
2025-11-29 07:00:00,NR,state_of_charge,11.25,XY,MW
2025-11-30 08:00:00,SO,state_of_charge,15.0,XY,MW
2025-12-01 09:00:00,CE,state_of_charge,3.75,XY,MW
2025-12-02 10:00:00,NR,state_of_charge,65.25,XY,MW
2025-12-03 11:00:00,SO,state_of_charge,15.0,XY,MW
2025-12-04 12:00:00,CE,state_of_charge,3.75,XY,MW
2025-12-05 13:00:00,NR,state_of_charge,11.25,XY,MW
2025-12-06 14:00:00,SO,state_of_charge,15.0,XY,MW
2025-12-07 15:00:00,CE,state_of_charge,3.75,XY,MW
2025-12-08 16:00:00,NR,state_of_charge,11.25,XY,MW
2025-12-09 17:00:00,SO,state_of_charge,15.0,XY,MW
2025-12-10 18:00:00,CE,state_of_charge,3.75,XY,MW
2025-12-11 19:00:00,NR,state_of_charge,11.25,XY,MW
2025-12-12 20:00:00,SO,state_of_charge,15.0,XY,MW
2025-12-13 21:00:00,CE,state_of_charge,3.75,XY,MW
2025-12-14 22:00:00,NR,state_of_charge,11.25,XY,MW
2025-12-15 23:00:00,SO,state_of_charge,15.0,XY,MW
2025-12-17 00:00:00,CE,state_of_charge,3.75,XY,MW
2025-12-18 01:00:00,NR,state_of_charge,11.25,XY,MW
2025-12-19 02:00:00,SO,state_of_charge,15.0,XY,MW
2025-12-20 03:00:00,CE,state_of_charge,3.75,XY,MW
2025-12-21 04:00:00,NR,state_of_charge,11.25,XY,MW
2025-12-22 05:00:00,SO,state_of_charge,15.0,XY,MW
2025-12-23 06:00:00,CE,state_of_charge,3.75,XY,MW
2025-12-24 07:00:00,NR,state_of_charge,11.25,XY,MW
2025-12-25 08:00:00,SO,state_of_charge,15.0,XY,MW
2025-12-26 09:00:00,CE,state_of_charge,3.75,XY,MW
2025-12-27 10:00:00,NR,state_of_charge,11.25,XY,MW
2025-12-28 11:00:00,SO,state_of_charge,15.0,XY,MW
2025-12-29 12:00:00,CE,state_of_charge,3.75,XY,MW
2025-12-30 13:00:00,NR,state_of_charge,65.25,XY,MW
2025-12-31 14:00:00,SO,state_of_charge,15.0,XY,MW
2026-01-01 15:00:00,CE,state_of_charge,3.75,XY,MW
2026-01-02 16:00:00,NR,state_of_charge,11.25,XY,MW
2026-01-03 17:00:00,SO,state_of_charge,15.0,XY,MW
2026-01-04 18:00:00,CE,state_of_charge,3.75,XY,MW
2026-01-05 19:00:00,NR,state_of_charge,11.25,XY,MW
2026-01-06 20:00:00,SO,state_of_charge,15.0,XY,MW
2026-01-07 21:00:00,CE,state_of_charge,3.75,XY,MW
2026-01-08 22:00:00,NR,state_of_charge,11.25,XY,MW
2026-01-09 23:00:00,SO,state_of_charge,15.0,XY,MW
2026-01-11 00:00:00,CE,state_of_charge,39.75,XY,MW
2026-01-12 01:00:00,NR,state_of_charge,65.25,XY,MW
2026-01-13 02:00:00,SO,state_of_charge,45.0,XY,MW
2026-01-14 03:00:00,CE,state_of_charge,39.75,XY,MW
2026-01-15 04:00:00,NR,state_of_charge,65.25,XY,MW
2026-01-16 05:00:00,SO,state_of_charge,45.0,XY,MW
2026-01-17 06:00:00,CE,state_of_charge,3.75,XY,MW
2026-01-18 07:00:00,NR,state_of_charge,38.25000000006251,XY,MW
2026-01-19 08:00:00,SO,state_of_charge,15.0,XY,MW
2026-01-20 09:00:00,CE,state_of_charge,3.75,XY,MW
2026-01-21 10:00:00,NR,state_of_charge,11.4999999999625,XY,MW
2026-01-22 11:00:00,SO,state_of_charge,15.0,XY,MW
2026-01-23 12:00:00,CE,state_of_charge,3.75,XY,MW
2026-01-24 13:00:00,NR,state_of_charge,65.25,XY,MW
2026-01-25 14:00:00,SO,state_of_charge,45.0,XY,MW
2026-01-26 15:00:00,CE,state_of_charge,30.75,XY,MW
2026-01-27 16:00:00,NR,state_of_charge,51.75,XY,MW
2026-01-28 17:00:00,SO,state_of_charge,37.5,XY,MW
2026-01-29 18:00:00,CE,state_of_charge,3.75,XY,MW
2026-01-30 19:00:00,NR,state_of_charge,11.25,XY,MW
2026-01-31 20:00:00,SO,state_of_charge,15.0,XY,MW
2026-02-01 21:00:00,CE,state_of_charge,39.75,XY,MW
2026-02-02 22:00:00,NR,state_of_charge,65.25,XY,MW
2026-02-03 23:00:00,SO,state_of_charge,45.0,XY,MW
2026-02-05 00:00:00,CE,state_of_charge,3.75,XY,MW
2026-02-06 01:00:00,NR,state_of_charge,11.25,XY,MW
2026-02-07 02:00:00,SO,state_of_charge,15.0,XY,MW
2026-02-08 03:00:00,CE,state_of_charge,3.75,XY,MW
2026-02-09 04:00:00,NR,state_of_charge,11.25,XY,MW
2026-02-10 05:00:00,SO,state_of_charge,15.0,XY,MW
2026-02-11 06:00:00,CE,state_of_charge,3.75,XY,MW
2026-02-12 07:00:00,NR,state_of_charge,11.25,XY,MW
2026-02-13 08:00:00,SO,state_of_charge,15.0,XY,MW
2026-02-14 09:00:00,CE,state_of_charge,3.75,XY,MW
2026-02-15 10:00:00,NR,state_of_charge,11.25,XY,MW
2026-02-16 11:00:00,SO,state_of_charge,15.0,XY,MW
2026-02-17 12:00:00,CE,state_of_charge,3.75,XY,MW
2026-02-18 13:00:00,NR,state_of_charge,11.25,XY,MW
2026-02-19 14:00:00,SO,state_of_charge,15.0,XY,MW
2026-02-20 15:00:00,CE,state_of_charge,3.75,XY,MW
2026-02-21 16:00:00,NR,state_of_charge,11.25,XY,MW
2026-02-22 17:00:00,SO,state_of_charge,15.0,XY,MW
2026-02-23 18:00:00,CE,state_of_charge,3.75,XY,MW
2026-02-24 19:00:00,NR,state_of_charge,11.25,XY,MW
2026-02-25 20:00:00,SO,state_of_charge,15.0,XY,MW
2026-02-26 21:00:00,CE,state_of_charge,3.75,XY,MW
2026-02-27 22:00:00,NR,state_of_charge,11.25,XY,MW
2026-02-28 23:00:00,SO,state_of_charge,15.0,XY,MW
2026-03-02 00:00:00,CE,state_of_charge,3.75,XY,MW
2026-03-03 01:00:00,NR,state_of_charge,11.25,XY,MW
2026-03-04 02:00:00,SO,state_of_charge,15.0,XY,MW
2026-03-05 03:00:00,CE,state_of_charge,3.75,XY,MW
2026-03-06 04:00:00,NR,state_of_charge,11.25,XY,MW
2026-03-07 05:00:00,SO,state_of_charge,15.0,XY,MW
2026-03-08 06:00:00,CE,state_of_charge,3.75,XY,MW
2026-03-09 07:00:00,NR,state_of_charge,11.25,XY,MW
2026-03-10 08:00:00,SO,state_of_charge,15.0,XY,MW
2026-03-11 09:00:00,CE,state_of_charge,3.75,XY,MW
2026-03-12 10:00:00,NR,state_of_charge,11.25,XY,MW
2026-03-13 11:00:00,SO,state_of_charge,15.0,XY,MW
2026-03-14 12:00:00,CE,state_of_charge,3.75,XY,MW
2026-03-15 13:00:00,NR,state_of_charge,11.25,XY,MW
2026-03-16 14:00:00,SO,state_of_charge,15.0,XY,MW
2026-03-17 15:00:00,CE,state_of_charge,3.75,XY,MW
2026-03-18 16:00:00,NR,state_of_charge,65.25,XY,MW
2026-03-19 17:00:00,SO,state_of_charge,15.0,XY,MW
2026-03-20 18:00:00,CE,state_of_charge,3.75,XY,MW
2026-03-21 19:00:00,NR,state_of_charge,11.25,XY,MW
2026-03-22 20:00:00,SO,state_of_charge,15.0,XY,MW
2026-03-23 21:00:00,CE,state_of_charge,3.75,XY,MW
2026-03-24 22:00:00,NR,state_of_charge,11.25,XY,MW
2026-03-25 23:00:00,SO,state_of_charge,15.0,XY,MW
2026-03-27 00:00:00,CE,state_of_charge,3.75,XY,MW
2026-03-28 01:00:00,NR,state_of_charge,11.25,XY,MW
2026-03-29 02:00:00,SO,state_of_charge,15.0,XY,MW
2026-03-30 03:00:00,CE,state_of_charge,3.75,XY,MW
2026-03-31 04:00:00,NR,state_of_charge,38.2499999999,XY,MW
2026-04-01 05:00:00,SO,state_of_charge,45.0,XY,MW
2026-04-02 06:00:00,CE,state_of_charge,3.75,XY,MW
2026-04-03 07:00:00,NR,state_of_charge,11.25,XY,MW
2026-04-04 08:00:00,SO,state_of_charge,15.0,XY,MW
2026-04-05 09:00:00,CE,state_of_charge,39.75,XY,MW
2026-04-06 10:00:00,NR,state_of_charge,65.25,XY,MW
2026-04-07 11:00:00,SO,state_of_charge,45.0,XY,MW
2026-04-08 12:00:00,CE,state_of_charge,3.75,XY,MW
2026-04-09 13:00:00,NR,state_of_charge,65.25,XY,MW
2026-04-10 14:00:00,SO,state_of_charge,15.0,XY,MW
2026-04-11 15:00:00,CE,state_of_charge,30.75,XY,MW
2026-04-12 16:00:00,NR,state_of_charge,51.75,XY,MW
2026-04-13 17:00:00,SO,state_of_charge,37.5,XY,MW
2026-04-14 18:00:00,CE,state_of_charge,3.75,XY,MW
2026-04-15 19:00:00,NR,state_of_charge,11.25,XY,MW
2026-04-16 20:00:00,SO,state_of_charge,15.0,XY,MW
2026-04-17 21:00:00,CE,state_of_charge,3.75,XY,MW
2026-04-18 22:00:00,NR,state_of_charge,11.25,XY,MW
2026-04-19 23:00:00,SO,state_of_charge,15.0,XY,MW
2026-04-21 00:00:00,CE,state_of_charge,3.75,XY,MW
2026-04-22 01:00:00,NR,state_of_charge,11.25,XY,MW
2026-04-23 02:00:00,SO,state_of_charge,15.0,XY,MW
2026-04-24 03:00:00,CE,state_of_charge,3.75,XY,MW
2026-04-25 04:00:00,NR,state_of_charge,11.25,XY,MW
2026-04-26 05:00:00,SO,state_of_charge,15.0,XY,MW
2026-04-27 06:00:00,CE,state_of_charge,3.75,XY,MW
2026-04-28 07:00:00,NR,state_of_charge,11.25,XY,MW
2026-04-29 08:00:00,SO,state_of_charge,15.0,XY,MW
2026-04-30 09:00:00,CE,state_of_charge,3.75,XY,MW
2026-05-01 10:00:00,NR,state_of_charge,65.25,XY,MW
2026-05-02 11:00:00,SO,state_of_charge,45.0,XY,MW
2026-05-03 12:00:00,CE,state_of_charge,3.75,XY,MW
2026-05-04 13:00:00,NR,state_of_charge,11.25,XY,MW
2026-05-05 14:00:00,SO,state_of_charge,15.0,XY,MW
2026-05-06 15:00:00,CE,state_of_charge,3.75,XY,MW
2026-05-07 16:00:00,NR,state_of_charge,11.25,XY,MW
2026-05-08 17:00:00,SO,state_of_charge,15.0,XY,MW
2026-05-09 18:00:00,CE,state_of_charge,3.75,XY,MW
2026-05-10 19:00:00,NR,state_of_charge,11.25,XY,MW
2026-05-11 20:00:00,SO,state_of_charge,15.0,XY,MW
2026-05-12 21:00:00,CE,state_of_charge,3.75,XY,MW
2026-05-13 22:00:00,NR,state_of_charge,11.25,XY,MW
2026-05-14 23:00:00,SO,state_of_charge,15.0,XY,MW
2026-05-16 00:00:00,CE,state_of_charge,3.75,XY,MW
2026-05-17 01:00:00,NR,state_of_charge,11.25,XY,MW
2026-05-18 02:00:00,SO,state_of_charge,15.0,XY,MW
2026-05-19 03:00:00,CE,state_of_charge,3.75,XY,MW
2026-05-20 04:00:00,NR,state_of_charge,11.25,XY,MW
2026-05-21 05:00:00,SO,state_of_charge,15.0,XY,MW
2026-05-22 06:00:00,CE,state_of_charge,3.75,XY,MW
2026-05-23 07:00:00,NR,state_of_charge,11.25,XY,MW
2026-05-24 08:00:00,SO,state_of_charge,15.0,XY,MW
2026-05-25 09:00:00,CE,state_of_charge,3.75,XY,MW
2026-05-26 10:00:00,NR,state_of_charge,11.25,XY,MW
2026-05-27 11:00:00,SO,state_of_charge,15.0,XY,MW
2026-05-28 12:00:00,CE,state_of_charge,3.75,XY,MW
2026-05-29 13:00:00,NR,state_of_charge,11.25,XY,MW
2026-05-30 14:00:00,SO,state_of_charge,15.0,XY,MW
2026-05-31 15:00:00,CE,state_of_charge,3.75,XY,MW
2026-06-01 16:00:00,NR,state_of_charge,11.25,XY,MW
2026-06-02 17:00:00,SO,state_of_charge,15.0,XY,MW
2026-06-03 18:00:00,CE,state_of_charge,3.75,XY,MW
2026-06-04 19:00:00,NR,state_of_charge,11.25,XY,MW
2026-06-05 20:00:00,SO,state_of_charge,15.0,XY,MW
2026-06-06 21:00:00,CE,state_of_charge,3.75,XY,MW
2026-06-07 22:00:00,NR,state_of_charge,11.25,XY,MW
2026-06-08 23:00:00,SO,state_of_charge,15.0,XY,MW
2026-06-10 00:00:00,CE,state_of_charge,3.75,XY,MW
2026-06-11 01:00:00,NR,state_of_charge,56.00000000003751,XY,MW
2026-06-12 02:00:00,SO,state_of_charge,29.000000000037495,XY,MW
2026-06-13 03:00:00,CE,state_of_charge,3.75,XY,MW
2026-06-14 04:00:00,NR,state_of_charge,65.25,XY,MW
2026-06-15 05:00:00,SO,state_of_charge,45.0,XY,MW
2026-06-16 06:00:00,CE,state_of_charge,3.75,XY,MW
2026-06-17 07:00:00,NR,state_of_charge,65.25,XY,MW
2026-06-18 08:00:00,SO,state_of_charge,15.0,XY,MW
2026-06-19 09:00:00,CE,state_of_charge,3.75,XY,MW
2026-06-20 10:00:00,NR,state_of_charge,65.25,XY,MW
2026-06-21 11:00:00,SO,state_of_charge,15.0,XY,MW
2026-06-22 12:00:00,CE,state_of_charge,3.75,XY,MW
2026-06-23 13:00:00,NR,state_of_charge,65.25,XY,MW
2026-06-24 14:00:00,SO,state_of_charge,15.0,XY,MW
2026-06-25 15:00:00,CE,state_of_charge,3.75,XY,MW
2026-06-26 16:00:00,NR,state_of_charge,11.25,XY,MW
2026-06-27 17:00:00,SO,state_of_charge,15.0,XY,MW
2026-06-28 18:00:00,CE,state_of_charge,30.75,XY,MW
2026-06-29 19:00:00,NR,state_of_charge,51.75,XY,MW
2026-06-30 20:00:00,SO,state_of_charge,37.5,XY,MW
2026-07-01 21:00:00,CE,state_of_charge,39.75,XY,MW
2026-07-02 22:00:00,NR,state_of_charge,65.25,XY,MW
2026-07-03 23:00:00,SO,state_of_charge,45.0,XY,MW
2026-07-05 00:00:00,CE,state_of_charge,3.75,XY,MW
2026-07-06 01:00:00,NR,state_of_charge,11.25,XY,MW
2026-07-07 02:00:00,SO,state_of_charge,15.0,XY,MW
2026-07-08 03:00:00,CE,state_of_charge,3.75,XY,MW
2026-07-09 04:00:00,NR,state_of_charge,11.25,XY,MW
2026-07-10 05:00:00,SO,state_of_charge,15.0,XY,MW
2026-07-11 06:00:00,CE,state_of_charge,3.75,XY,MW
2026-07-12 07:00:00,NR,state_of_charge,11.25,XY,MW
2026-07-13 08:00:00,SO,state_of_charge,15.0,XY,MW
2026-07-14 09:00:00,CE,state_of_charge,3.75,XY,MW
2026-07-15 10:00:00,NR,state_of_charge,11.25,XY,MW
2026-07-16 11:00:00,SO,state_of_charge,15.0,XY,MW
2026-07-17 12:00:00,CE,state_of_charge,3.75,XY,MW
2026-07-18 13:00:00,NR,state_of_charge,11.25,XY,MW
2026-07-19 14:00:00,SO,state_of_charge,15.0,XY,MW
2026-07-20 15:00:00,CE,state_of_charge,3.75,XY,MW
2026-07-21 16:00:00,NR,state_of_charge,11.25,XY,MW
2026-07-22 17:00:00,SO,state_of_charge,15.0,XY,MW
2026-07-23 18:00:00,CE,state_of_charge,3.75,XY,MW
2026-07-24 19:00:00,NR,state_of_charge,11.25,XY,MW
2026-07-25 20:00:00,SO,state_of_charge,15.0,XY,MW
2026-07-26 21:00:00,CE,state_of_charge,3.75,XY,MW
2026-07-27 22:00:00,NR,state_of_charge,11.25,XY,MW
2026-07-28 23:00:00,SO,state_of_charge,15.0,XY,MW
2026-07-30 00:00:00,CE,state_of_charge,3.75,XY,MW
2026-07-31 01:00:00,NR,state_of_charge,11.25,XY,MW
2026-08-01 02:00:00,SO,state_of_charge,15.0,XY,MW
2026-08-02 03:00:00,CE,state_of_charge,3.75,XY,MW
2026-08-03 04:00:00,NR,state_of_charge,11.25,XY,MW
2026-08-04 05:00:00,SO,state_of_charge,15.0,XY,MW
2026-08-05 06:00:00,CE,state_of_charge,3.75,XY,MW
2026-08-06 07:00:00,NR,state_of_charge,11.25,XY,MW
2026-08-07 08:00:00,SO,state_of_charge,15.0,XY,MW
2026-08-08 09:00:00,CE,state_of_charge,3.75,XY,MW
2026-08-09 10:00:00,NR,state_of_charge,11.25,XY,MW
2026-08-10 11:00:00,SO,state_of_charge,15.0,XY,MW
2026-08-11 12:00:00,CE,state_of_charge,3.75,XY,MW
2026-08-12 13:00:00,NR,state_of_charge,11.25,XY,MW
2026-08-13 14:00:00,SO,state_of_charge,15.0,XY,MW
2026-08-14 15:00:00,CE,state_of_charge,3.75,XY,MW
2026-08-15 16:00:00,NR,state_of_charge,11.25,XY,MW
2026-08-16 17:00:00,SO,state_of_charge,15.0,XY,MW
2026-08-17 18:00:00,CE,state_of_charge,3.75,XY,MW
2026-08-18 19:00:00,NR,state_of_charge,11.25,XY,MW
2026-08-19 20:00:00,SO,state_of_charge,15.0,XY,MW
2026-08-20 21:00:00,CE,state_of_charge,3.75,XY,MW
2026-08-21 22:00:00,NR,state_of_charge,11.25,XY,MW
2026-08-22 23:00:00,SO,state_of_charge,15.0,XY,MW
2026-08-24 00:00:00,CE,state_of_charge,3.75,XY,MW
2026-08-25 01:00:00,NR,state_of_charge,11.25,XY,MW
2026-08-26 02:00:00,SO,state_of_charge,15.0,XY,MW
2026-08-27 03:00:00,CE,state_of_charge,3.75,XY,MW
2026-08-28 04:00:00,NR,state_of_charge,11.25,XY,MW
2026-08-29 05:00:00,SO,state_of_charge,15.0,XY,MW
2026-08-30 06:00:00,CE,state_of_charge,3.75,XY,MW
2026-08-31 07:00:00,NR,state_of_charge,11.25,XY,MW
2026-09-01 08:00:00,SO,state_of_charge,15.0,XY,MW
2026-09-02 09:00:00,CE,state_of_charge,39.75,XY,MW
2026-09-03 10:00:00,NR,state_of_charge,65.25,XY,MW
2026-09-04 11:00:00,SO,state_of_charge,45.0,XY,MW
2026-09-05 12:00:00,CE,state_of_charge,3.75,XY,MW
2026-09-06 13:00:00,NR,state_of_charge,65.25,XY,MW
2026-09-07 14:00:00,SO,state_of_charge,45.0,XY,MW
2026-09-08 15:00:00,CE,state_of_charge,3.75,XY,MW
2026-09-09 16:00:00,NR,state_of_charge,65.25,XY,MW
2026-09-10 17:00:00,SO,state_of_charge,15.0,XY,MW
2026-09-11 18:00:00,CE,state_of_charge,30.75,XY,MW
2026-09-12 19:00:00,NR,state_of_charge,51.75,XY,MW
2026-09-13 20:00:00,SO,state_of_charge,37.5,XY,MW
2026-09-14 21:00:00,CE,state_of_charge,3.75,XY,MW
2026-09-15 22:00:00,NR,state_of_charge,11.25,XY,MW
2026-09-16 23:00:00,SO,state_of_charge,15.0,XY,MW
2026-09-18 00:00:00,CE,state_of_charge,3.75,XY,MW
2026-09-19 01:00:00,NR,state_of_charge,11.25,XY,MW
2026-09-20 02:00:00,SO,state_of_charge,15.0,XY,MW
2026-09-21 03:00:00,CE,state_of_charge,3.75,XY,MW
2026-09-22 04:00:00,NR,state_of_charge,11.25,XY,MW
2026-09-23 05:00:00,SO,state_of_charge,15.0,XY,MW
2026-09-24 06:00:00,CE,state_of_charge,3.75,XY,MW
2026-09-25 07:00:00,NR,state_of_charge,65.25,XY,MW
2026-09-26 08:00:00,SO,state_of_charge,45.0,XY,MW
2026-09-27 09:00:00,CE,state_of_charge,3.75,XY,MW
2026-09-28 10:00:00,NR,state_of_charge,11.25,XY,MW
2026-09-29 11:00:00,SO,state_of_charge,15.0,XY,MW
2026-09-30 12:00:00,CE,state_of_charge,3.75,XY,MW
2026-10-01 13:00:00,NR,state_of_charge,11.25,XY,MW
2026-10-02 14:00:00,SO,state_of_charge,15.0,XY,MW
2026-10-03 15:00:00,CE,state_of_charge,3.75,XY,MW
2026-10-04 16:00:00,NR,state_of_charge,11.25,XY,MW
2026-10-05 17:00:00,SO,state_of_charge,15.0,XY,MW
2026-10-06 18:00:00,CE,state_of_charge,3.75,XY,MW
2026-10-07 19:00:00,NR,state_of_charge,11.25,XY,MW
2026-10-08 20:00:00,SO,state_of_charge,15.0,XY,MW
2026-10-09 21:00:00,CE,state_of_charge,3.75,XY,MW
2026-10-10 22:00:00,NR,state_of_charge,11.25,XY,MW
2026-10-11 23:00:00,SO,state_of_charge,15.0,XY,MW
2026-10-13 00:00:00,CE,state_of_charge,3.75,XY,MW
2026-10-14 01:00:00,NR,state_of_charge,11.25,XY,MW
2026-10-15 02:00:00,SO,state_of_charge,15.0,XY,MW
2026-10-16 03:00:00,CE,state_of_charge,3.75,XY,MW
2026-10-17 04:00:00,NR,state_of_charge,11.25,XY,MW
2026-10-18 05:00:00,SO,state_of_charge,15.0,XY,MW
2026-10-19 06:00:00,CE,state_of_charge,3.75,XY,MW
2026-10-20 07:00:00,NR,state_of_charge,11.25,XY,MW
2026-10-21 08:00:00,SO,state_of_charge,15.0,XY,MW
2026-10-22 09:00:00,CE,state_of_charge,3.75,XY,MW
2026-10-23 10:00:00,NR,state_of_charge,11.25,XY,MW
2026-10-24 11:00:00,SO,state_of_charge,15.0,XY,MW
2026-10-25 12:00:00,CE,state_of_charge,3.75,XY,MW
2026-10-26 13:00:00,NR,state_of_charge,11.25,XY,MW
2026-10-27 14:00:00,SO,state_of_charge,15.0,XY,MW
2026-10-28 15:00:00,CE,state_of_charge,3.75,XY,MW
2026-10-29 16:00:00,NR,state_of_charge,11.25,XY,MW
2026-10-30 17:00:00,SO,state_of_charge,15.0,XY,MW
2026-10-31 18:00:00,CE,state_of_charge,3.75,XY,MW
2026-11-01 19:00:00,NR,state_of_charge,11.25,XY,MW
2026-11-02 20:00:00,SO,state_of_charge,15.0,XY,MW
2026-11-03 21:00:00,CE,state_of_charge,3.75,XY,MW
2026-11-04 22:00:00,NR,state_of_charge,11.25,XY,MW
2026-11-05 23:00:00,SO,state_of_charge,15.0,XY,MW
2026-11-07 00:00:00,CE,state_of_charge,3.75,XY,MW
2026-11-08 01:00:00,NR,state_of_charge,65.25,XY,MW
2026-11-09 02:00:00,SO,state_of_charge,45.0,XY,MW
2026-11-10 03:00:00,CE,state_of_charge,3.75,XY,MW
2026-11-11 04:00:00,NR,state_of_charge,14.000000000100002,XY,MW
2026-11-12 05:00:00,SO,state_of_charge,15.0,XY,MW
2026-11-13 06:00:00,CE,state_of_charge,3.75,XY,MW
2026-11-14 07:00:00,NR,state_of_charge,11.25,XY,MW
2026-11-15 08:00:00,SO,state_of_charge,15.0,XY,MW
2026-11-16 09:00:00,CE,state_of_charge,3.75,XY,MW
2026-11-17 10:00:00,NR,state_of_charge,26.249999999924967,XY,MW
2026-11-18 11:00:00,SO,state_of_charge,15.0,XY,MW
2026-11-19 12:00:00,CE,state_of_charge,3.75,XY,MW
2026-11-20 13:00:00,NR,state_of_charge,11.25,XY,MW
2026-11-21 14:00:00,SO,state_of_charge,15.0,XY,MW
2026-11-22 15:00:00,CE,state_of_charge,3.75,XY,MW
2026-11-23 16:00:00,NR,state_of_charge,11.25,XY,MW
2026-11-24 17:00:00,SO,state_of_charge,15.0,XY,MW
2026-11-25 18:00:00,CE,state_of_charge,39.75,XY,MW
2026-11-26 19:00:00,NR,state_of_charge,65.25,XY,MW
2026-11-27 20:00:00,SO,state_of_charge,45.0,XY,MW
2026-11-28 21:00:00,CE,state_of_charge,3.75,XY,MW
2026-11-29 22:00:00,NR,state_of_charge,11.25,XY,MW
2026-11-30 23:00:00,SO,state_of_charge,15.0,XY,MW
2026-12-02 00:00:00,CE,state_of_charge,3.75,XY,MW
2026-12-03 01:00:00,NR,state_of_charge,11.25,XY,MW
2026-12-04 02:00:00,SO,state_of_charge,15.0,XY,MW
2026-12-05 03:00:00,CE,state_of_charge,3.75,XY,MW
2026-12-06 04:00:00,NR,state_of_charge,11.25,XY,MW
2026-12-07 05:00:00,SO,state_of_charge,15.0,XY,MW
2026-12-08 06:00:00,CE,state_of_charge,3.75,XY,MW
2026-12-09 07:00:00,NR,state_of_charge,11.25,XY,MW
2026-12-10 08:00:00,SO,state_of_charge,15.0,XY,MW
2026-12-11 09:00:00,CE,state_of_charge,3.75,XY,MW
2026-12-12 10:00:00,NR,state_of_charge,11.25,XY,MW
2026-12-13 11:00:00,SO,state_of_charge,15.0,XY,MW
2026-12-14 12:00:00,CE,state_of_charge,3.75,XY,MW
2026-12-15 13:00:00,NR,state_of_charge,11.25,XY,MW
2026-12-16 14:00:00,SO,state_of_charge,15.0,XY,MW
2026-12-17 15:00:00,CE,state_of_charge,3.75,XY,MW
2026-12-18 16:00:00,NR,state_of_charge,11.25,XY,MW
2026-12-19 17:00:00,SO,state_of_charge,15.0,XY,MW
2026-12-20 18:00:00,CE,state_of_charge,3.75,XY,MW
2026-12-21 19:00:00,NR,state_of_charge,11.25,XY,MW
2026-12-22 20:00:00,SO,state_of_charge,15.0,XY,MW
2026-12-23 21:00:00,CE,state_of_charge,3.75,XY,MW
2026-12-24 22:00:00,NR,state_of_charge,11.25,XY,MW
2026-12-25 23:00:00,SO,state_of_charge,15.0,XY,MW
2026-12-27 00:00:00,CE,state_of_charge,3.75,XY,MW
2026-12-28 01:00:00,NR,state_of_charge,11.25,XY,MW
2026-12-29 02:00:00,SO,state_of_charge,15.0,XY,MW
2026-12-30 03:00:00,CE,state_of_charge,3.75,XY,MW
2026-12-31 04:00:00,NR,state_of_charge,11.25,XY,MW
2027-01-01 05:00:00,SO,state_of_charge,15.0,XY,MW
2027-01-02 06:00:00,CE,state_of_charge,3.75,XY,MW
2027-01-03 07:00:00,NR,state_of_charge,11.25,XY,MW
2027-01-04 08:00:00,SO,state_of_charge,15.0,XY,MW
2027-01-05 09:00:00,CE,state_of_charge,3.75,XY,MW
2027-01-06 10:00:00,NR,state_of_charge,11.25,XY,MW
2027-01-07 11:00:00,SO,state_of_charge,15.0,XY,MW
2027-01-08 12:00:00,CE,state_of_charge,3.75,XY,MW
2027-01-09 13:00:00,NR,state_of_charge,11.25,XY,MW
2027-01-10 14:00:00,SO,state_of_charge,15.0,XY,MW
2027-01-11 15:00:00,CE,state_of_charge,3.75,XY,MW
2027-01-12 16:00:00,NR,state_of_charge,11.25,XY,MW
2027-01-13 17:00:00,SO,state_of_charge,15.0,XY,MW
2027-01-14 18:00:00,CE,state_of_charge,3.75,XY,MW
2027-01-15 19:00:00,NR,state_of_charge,11.25,XY,MW
2027-01-16 20:00:00,SO,state_of_charge,15.0,XY,MW
2027-01-17 21:00:00,CE,state_of_charge,3.75,XY,MW
2027-01-18 22:00:00,NR,state_of_charge,11.25,XY,MW
2027-01-19 23:00:00,SO,state_of_charge,15.0,XY,MW
2027-01-21 00:00:00,CE,state_of_charge,3.75,XY,MW
2027-01-22 01:00:00,NR,state_of_charge,11.25,XY,MW
2027-01-23 02:00:00,SO,state_of_charge,15.0,XY,MW
2027-01-24 03:00:00,CE,state_of_charge,3.75,XY,MW
2027-01-25 04:00:00,NR,state_of_charge,11.25,XY,MW
2027-01-26 05:00:00,SO,state_of_charge,15.0,XY,MW
2027-01-27 06:00:00,CE,state_of_charge,39.75,XY,MW
2027-01-28 07:00:00,NR,state_of_charge,65.25,XY,MW
2027-01-29 08:00:00,SO,state_of_charge,45.0,XY,MW
2027-01-30 09:00:00,CE,state_of_charge,39.75,XY,MW
2027-01-31 10:00:00,NR,state_of_charge,65.25,XY,MW
2027-02-01 11:00:00,SO,state_of_charge,45.0,XY,MW
2027-02-02 12:00:00,CE,state_of_charge,3.75,XY,MW
2027-02-03 13:00:00,NR,state_of_charge,65.25,XY,MW
2027-02-04 14:00:00,SO,state_of_charge,15.0,XY,MW
2027-02-05 15:00:00,CE,state_of_charge,3.75,XY,MW
2027-02-06 16:00:00,NR,state_of_charge,11.25,XY,MW
2027-02-07 17:00:00,SO,state_of_charge,15.0,XY,MW
2027-02-08 18:00:00,CE,state_of_charge,30.75,XY,MW
2027-02-09 19:00:00,NR,state_of_charge,51.75,XY,MW
2027-02-10 20:00:00,SO,state_of_charge,37.5,XY,MW
2027-02-11 21:00:00,CE,state_of_charge,3.75,XY,MW
2027-02-12 22:00:00,NR,state_of_charge,11.25,XY,MW
2027-02-13 23:00:00,SO,state_of_charge,15.0,XY,MW
2027-02-15 00:00:00,CE,state_of_charge,3.75,XY,MW
2027-02-16 01:00:00,NR,state_of_charge,11.25,XY,MW
2027-02-17 02:00:00,SO,state_of_charge,15.0,XY,MW
2027-02-18 03:00:00,CE,state_of_charge,39.75,XY,MW
2027-02-19 04:00:00,NR,state_of_charge,65.25,XY,MW
2027-02-20 05:00:00,SO,state_of_charge,45.0,XY,MW
2027-02-21 06:00:00,CE,state_of_charge,3.75,XY,MW
2027-02-22 07:00:00,NR,state_of_charge,11.25,XY,MW
2027-02-23 08:00:00,SO,state_of_charge,15.0,XY,MW
2027-02-24 09:00:00,CE,state_of_charge,3.75,XY,MW
2027-02-25 10:00:00,NR,state_of_charge,11.25,XY,MW
2027-02-26 11:00:00,SO,state_of_charge,15.0,XY,MW
2027-02-27 12:00:00,CE,state_of_charge,3.75,XY,MW
2027-02-28 13:00:00,NR,state_of_charge,11.25,XY,MW
2027-03-01 14:00:00,SO,state_of_charge,15.0,XY,MW
2027-03-02 15:00:00,CE,state_of_charge,3.75,XY,MW
2027-03-03 16:00:00,NR,state_of_charge,11.25,XY,MW
2027-03-04 17:00:00,SO,state_of_charge,15.0,XY,MW
2027-03-05 18:00:00,CE,state_of_charge,3.75,XY,MW
2027-03-06 19:00:00,NR,state_of_charge,11.25,XY,MW
2027-03-07 20:00:00,SO,state_of_charge,15.0,XY,MW
2027-03-08 21:00:00,CE,state_of_charge,3.75,XY,MW
2027-03-09 22:00:00,NR,state_of_charge,11.25,XY,MW
2027-03-10 23:00:00,SO,state_of_charge,15.0,XY,MW
2027-03-12 00:00:00,CE,state_of_charge,3.75,XY,MW
2027-03-13 01:00:00,NR,state_of_charge,11.25,XY,MW
2027-03-14 02:00:00,SO,state_of_charge,15.0,XY,MW
2027-03-15 03:00:00,CE,state_of_charge,3.75,XY,MW
2027-03-16 04:00:00,NR,state_of_charge,11.25,XY,MW
2027-03-17 05:00:00,SO,state_of_charge,15.0,XY,MW
2027-03-18 06:00:00,CE,state_of_charge,3.75,XY,MW
2027-03-19 07:00:00,NR,state_of_charge,11.25,XY,MW
2027-03-20 08:00:00,SO,state_of_charge,15.0,XY,MW
2027-03-21 09:00:00,CE,state_of_charge,3.75,XY,MW
2027-03-22 10:00:00,NR,state_of_charge,11.25,XY,MW
2027-03-23 11:00:00,SO,state_of_charge,15.0,XY,MW
2027-03-24 12:00:00,CE,state_of_charge,3.75,XY,MW
2027-03-25 13:00:00,NR,state_of_charge,11.25,XY,MW
2027-03-26 14:00:00,SO,state_of_charge,15.0,XY,MW
2027-03-27 15:00:00,CE,state_of_charge,3.75,XY,MW
2027-03-28 16:00:00,NR,state_of_charge,11.25,XY,MW
2027-03-29 17:00:00,SO,state_of_charge,15.0,XY,MW
2027-03-30 18:00:00,CE,state_of_charge,3.75,XY,MW
2027-03-31 19:00:00,NR,state_of_charge,11.25,XY,MW
2027-04-01 20:00:00,SO,state_of_charge,15.0,XY,MW
2027-04-02 21:00:00,CE,state_of_charge,3.75,XY,MW
2027-04-03 22:00:00,NR,state_of_charge,65.25,XY,MW
2027-04-04 23:00:00,SO,state_of_charge,15.0,XY,MW
2027-04-06 00:00:00,CE,state_of_charge,3.75,XY,MW
2027-04-07 01:00:00,NR,state_of_charge,11.25,XY,MW
2027-04-08 02:00:00,SO,state_of_charge,15.0,XY,MW
2027-04-09 03:00:00,CE,state_of_charge,3.75,XY,MW
2027-04-10 04:00:00,NR,state_of_charge,11.25,XY,MW
2027-04-11 05:00:00,SO,state_of_charge,15.0,XY,MW
2027-04-12 06:00:00,CE,state_of_charge,3.75,XY,MW
2027-04-13 07:00:00,NR,state_of_charge,51.49999999994999,XY,MW
2027-04-14 08:00:00,SO,state_of_charge,15.0,XY,MW
2027-04-15 09:00:00,CE,state_of_charge,3.75,XY,MW
2027-04-16 10:00:00,NR,state_of_charge,11.25,XY,MW
2027-04-17 11:00:00,SO,state_of_charge,15.0,XY,MW
2027-04-18 12:00:00,CE,state_of_charge,3.75,XY,MW
2027-04-19 13:00:00,NR,state_of_charge,11.25,XY,MW
2027-04-20 14:00:00,SO,state_of_charge,15.0,XY,MW
2027-04-21 15:00:00,CE,state_of_charge,39.75,XY,MW
2027-04-22 16:00:00,NR,state_of_charge,65.25,XY,MW
2027-04-23 17:00:00,SO,state_of_charge,45.0,XY,MW
2027-04-24 18:00:00,CE,state_of_charge,30.75,XY,MW
2027-04-25 19:00:00,NR,state_of_charge,51.75,XY,MW
2027-04-26 20:00:00,SO,state_of_charge,37.5,XY,MW
2027-04-27 21:00:00,CE,state_of_charge,3.75,XY,MW
2027-04-28 22:00:00,NR,state_of_charge,11.25,XY,MW
2027-04-29 23:00:00,SO,state_of_charge,15.0,XY,MW
2027-05-01 00:00:00,CE,state_of_charge,3.75,XY,MW
2027-05-02 01:00:00,NR,state_of_charge,11.25,XY,MW
2027-05-03 02:00:00,SO,state_of_charge,15.0,XY,MW
2027-05-04 03:00:00,CE,state_of_charge,3.75,XY,MW
2027-05-05 04:00:00,NR,state_of_charge,11.25,XY,MW
2027-05-06 05:00:00,SO,state_of_charge,15.0,XY,MW
2027-05-07 06:00:00,CE,state_of_charge,3.75,XY,MW
2027-05-08 07:00:00,NR,state_of_charge,11.25,XY,MW
2027-05-09 08:00:00,SO,state_of_charge,15.0,XY,MW
2027-05-10 09:00:00,CE,state_of_charge,3.75,XY,MW
2027-05-11 10:00:00,NR,state_of_charge,11.25,XY,MW
2027-05-12 11:00:00,SO,state_of_charge,15.0,XY,MW
2027-05-13 12:00:00,CE,state_of_charge,3.75,XY,MW
2027-05-14 13:00:00,NR,state_of_charge,11.25,XY,MW
2027-05-15 14:00:00,SO,state_of_charge,15.0,XY,MW
2027-05-16 15:00:00,CE,state_of_charge,3.75,XY,MW
2027-05-17 16:00:00,NR,state_of_charge,11.25,XY,MW
2027-05-18 17:00:00,SO,state_of_charge,15.0,XY,MW
2027-05-19 18:00:00,CE,state_of_charge,3.75,XY,MW
2027-05-20 19:00:00,NR,state_of_charge,11.25,XY,MW
2027-05-21 20:00:00,SO,state_of_charge,15.0,XY,MW
2027-05-22 21:00:00,CE,state_of_charge,3.75,XY,MW
2027-05-23 22:00:00,NR,state_of_charge,11.25,XY,MW
2027-05-24 23:00:00,SO,state_of_charge,15.0,XY,MW
2027-05-26 00:00:00,CE,state_of_charge,3.75,XY,MW
2027-05-27 01:00:00,NR,state_of_charge,11.25,XY,MW
2027-05-28 02:00:00,SO,state_of_charge,15.0,XY,MW
2027-05-29 03:00:00,CE,state_of_charge,3.75,XY,MW
2027-05-30 04:00:00,NR,state_of_charge,11.25,XY,MW
2027-05-31 05:00:00,SO,state_of_charge,15.0,XY,MW
2027-06-01 06:00:00,CE,state_of_charge,3.75,XY,MW
2027-06-02 07:00:00,NR,state_of_charge,11.25,XY,MW
2027-06-03 08:00:00,SO,state_of_charge,15.0,XY,MW
2027-06-04 09:00:00,CE,state_of_charge,3.75,XY,MW
2027-06-05 10:00:00,NR,state_of_charge,11.25,XY,MW
2027-06-06 11:00:00,SO,state_of_charge,15.0,XY,MW
2027-06-07 12:00:00,CE,state_of_charge,3.75,XY,MW
2027-06-08 13:00:00,NR,state_of_charge,11.25,XY,MW
2027-06-09 14:00:00,SO,state_of_charge,15.0,XY,MW
2027-06-10 15:00:00,CE,state_of_charge,3.75,XY,MW
2027-06-11 16:00:00,NR,state_of_charge,11.25,XY,MW
2027-06-12 17:00:00,SO,state_of_charge,15.0,XY,MW
2027-06-13 18:00:00,CE,state_of_charge,3.75,XY,MW
2027-06-14 19:00:00,NR,state_of_charge,11.25,XY,MW
2027-06-15 20:00:00,SO,state_of_charge,15.0,XY,MW
2027-06-16 21:00:00,CE,state_of_charge,3.75,XY,MW
2027-06-17 22:00:00,NR,state_of_charge,11.25,XY,MW
2027-06-18 23:00:00,SO,state_of_charge,15.0,XY,MW
2027-06-20 00:00:00,CE,state_of_charge,3.75,XY,MW
2027-06-21 01:00:00,NR,state_of_charge,11.25,XY,MW
2027-06-22 02:00:00,SO,state_of_charge,15.0,XY,MW
2027-06-23 03:00:00,CE,state_of_charge,39.75,XY,MW
2027-06-24 04:00:00,NR,state_of_charge,65.25,XY,MW
2027-06-25 05:00:00,SO,state_of_charge,45.0,XY,MW
2027-06-26 06:00:00,CE,state_of_charge,39.75,XY,MW
2027-06-27 07:00:00,NR,state_of_charge,65.25,XY,MW
2027-06-28 08:00:00,SO,state_of_charge,45.0,XY,MW
2027-06-29 09:00:00,CE,state_of_charge,3.75,XY,MW
2027-06-30 10:00:00,NR,state_of_charge,46.24999999994996,XY,MW
2027-07-01 11:00:00,SO,state_of_charge,15.0,XY,MW
2027-07-02 12:00:00,CE,state_of_charge,3.75,XY,MW
2027-07-03 13:00:00,NR,state_of_charge,11.25,XY,MW
2027-07-04 14:00:00,SO,state_of_charge,15.0,XY,MW
2027-07-05 15:00:00,CE,state_of_charge,3.75,XY,MW
2027-07-06 16:00:00,NR,state_of_charge,65.25,XY,MW
2027-07-07 17:00:00,SO,state_of_charge,45.0,XY,MW
2027-07-08 18:00:00,CE,state_of_charge,3.75,XY,MW
2027-07-09 19:00:00,NR,state_of_charge,11.25,XY,MW
2027-07-10 20:00:00,SO,state_of_charge,15.0,XY,MW
2027-07-11 21:00:00,CE,state_of_charge,30.75,XY,MW
2027-07-12 22:00:00,NR,state_of_charge,51.75,XY,MW
2027-07-13 23:00:00,SO,state_of_charge,37.5,XY,MW
2027-07-15 00:00:00,CE,state_of_charge,39.75,XY,MW
2027-07-16 01:00:00,NR,state_of_charge,65.25,XY,MW
2027-07-17 02:00:00,SO,state_of_charge,45.0,XY,MW
2027-07-18 03:00:00,CE,state_of_charge,3.75,XY,MW
2027-07-19 04:00:00,NR,state_of_charge,11.25,XY,MW
2027-07-20 05:00:00,SO,state_of_charge,15.0,XY,MW
2027-07-21 06:00:00,CE,state_of_charge,3.75,XY,MW
2027-07-22 07:00:00,NR,state_of_charge,11.25,XY,MW
2027-07-23 08:00:00,SO,state_of_charge,15.0,XY,MW
2027-07-24 09:00:00,CE,state_of_charge,3.75,XY,MW
2027-07-25 10:00:00,NR,state_of_charge,11.25,XY,MW
2027-07-26 11:00:00,SO,state_of_charge,15.0,XY,MW
2027-07-27 12:00:00,CE,state_of_charge,3.75,XY,MW
2027-07-28 13:00:00,NR,state_of_charge,11.25,XY,MW
2027-07-29 14:00:00,SO,state_of_charge,15.0,XY,MW
2027-07-30 15:00:00,CE,state_of_charge,3.75,XY,MW
2027-07-31 16:00:00,NR,state_of_charge,11.25,XY,MW
2027-08-01 17:00:00,SO,state_of_charge,15.0,XY,MW
2027-08-02 18:00:00,CE,state_of_charge,3.75,XY,MW
2027-08-03 19:00:00,NR,state_of_charge,11.25,XY,MW
2027-08-04 20:00:00,SO,state_of_charge,15.0,XY,MW
2027-08-05 21:00:00,CE,state_of_charge,3.75,XY,MW
2027-08-06 22:00:00,NR,state_of_charge,11.25,XY,MW
2027-08-07 23:00:00,SO,state_of_charge,15.0,XY,MW
2027-08-09 00:00:00,CE,state_of_charge,3.75,XY,MW
2027-08-10 01:00:00,NR,state_of_charge,11.25,XY,MW
2027-08-11 02:00:00,SO,state_of_charge,15.0,XY,MW
2027-08-12 03:00:00,CE,state_of_charge,3.75,XY,MW
2027-08-13 04:00:00,NR,state_of_charge,11.25,XY,MW
2027-08-14 05:00:00,SO,state_of_charge,15.0,XY,MW
2027-08-15 06:00:00,CE,state_of_charge,3.75,XY,MW
2027-08-16 07:00:00,NR,state_of_charge,11.25,XY,MW
2027-08-17 08:00:00,SO,state_of_charge,15.0,XY,MW
2027-08-18 09:00:00,CE,state_of_charge,3.75,XY,MW
2027-08-19 10:00:00,NR,state_of_charge,11.25,XY,MW
2027-08-20 11:00:00,SO,state_of_charge,15.0,XY,MW
2027-08-21 12:00:00,CE,state_of_charge,3.75,XY,MW
2027-08-22 13:00:00,NR,state_of_charge,11.25,XY,MW
2027-08-23 14:00:00,SO,state_of_charge,15.0,XY,MW
2027-08-24 15:00:00,CE,state_of_charge,3.75,XY,MW
2027-08-25 16:00:00,NR,state_of_charge,11.25,XY,MW
2027-08-26 17:00:00,SO,state_of_charge,15.0,XY,MW
2027-08-27 18:00:00,CE,state_of_charge,3.75,XY,MW
2027-08-28 19:00:00,NR,state_of_charge,65.25,XY,MW
2027-08-29 20:00:00,SO,state_of_charge,45.0,XY,MW
2027-08-30 21:00:00,CE,state_of_charge,3.75,XY,MW
2027-08-31 22:00:00,NR,state_of_charge,11.25,XY,MW
2027-09-01 23:00:00,SO,state_of_charge,15.0,XY,MW
2027-09-03 00:00:00,CE,state_of_charge,3.75,XY,MW
2027-09-04 01:00:00,NR,state_of_charge,11.25,XY,MW
2027-09-05 02:00:00,SO,state_of_charge,15.0,XY,MW
2027-09-06 03:00:00,CE,state_of_charge,3.75,XY,MW
2027-09-07 04:00:00,NR,state_of_charge,11.25,XY,MW
2027-09-08 05:00:00,SO,state_of_charge,15.0,XY,MW
2027-09-09 06:00:00,CE,state_of_charge,3.75,XY,MW
2027-09-10 07:00:00,NR,state_of_charge,11.25,XY,MW
2027-09-11 08:00:00,SO,state_of_charge,15.0,XY,MW
2027-09-12 09:00:00,CE,state_of_charge,3.75,XY,MW
2027-09-13 10:00:00,NR,state_of_charge,11.25,XY,MW
2027-09-14 11:00:00,SO,state_of_charge,15.0,XY,MW
2027-09-15 12:00:00,CE,state_of_charge,39.75,XY,MW
2027-09-16 13:00:00,NR,state_of_charge,65.25,XY,MW
2027-09-17 14:00:00,SO,state_of_charge,45.0,XY,MW
2027-09-18 15:00:00,CE,state_of_charge,3.75,XY,MW
2027-09-19 16:00:00,NR,state_of_charge,65.25,XY,MW
2027-09-20 17:00:00,SO,state_of_charge,15.0,XY,MW
2027-09-21 18:00:00,CE,state_of_charge,3.75,XY,MW
2027-09-22 19:00:00,NR,state_of_charge,11.25,XY,MW
2027-09-23 20:00:00,SO,state_of_charge,15.0,XY,MW
2027-09-24 21:00:00,CE,state_of_charge,30.75,XY,MW
2027-09-25 22:00:00,NR,state_of_charge,51.75,XY,MW
2027-09-26 23:00:00,SO,state_of_charge,37.5,XY,MW
2027-09-28 00:00:00,CE,state_of_charge,3.75,XY,MW
2027-09-29 01:00:00,NR,state_of_charge,11.25,XY,MW
2027-09-30 02:00:00,SO,state_of_charge,15.0,XY,MW
2027-10-01 03:00:00,CE,state_of_charge,3.75,XY,MW
2027-10-02 04:00:00,NR,state_of_charge,11.25,XY,MW
2027-10-03 05:00:00,SO,state_of_charge,15.0,XY,MW
2027-10-04 06:00:00,CE,state_of_charge,3.75,XY,MW
2027-10-05 07:00:00,NR,state_of_charge,11.25,XY,MW
2027-10-06 08:00:00,SO,state_of_charge,15.0,XY,MW
2027-10-07 09:00:00,CE,state_of_charge,39.75,XY,MW
2027-10-08 10:00:00,NR,state_of_charge,65.25,XY,MW
2027-10-09 11:00:00,SO,state_of_charge,45.0,XY,MW
2027-10-10 12:00:00,CE,state_of_charge,3.75,XY,MW
2027-10-11 13:00:00,NR,state_of_charge,11.25,XY,MW
2027-10-12 14:00:00,SO,state_of_charge,15.0,XY,MW
2027-10-13 15:00:00,CE,state_of_charge,3.75,XY,MW
2027-10-14 16:00:00,NR,state_of_charge,11.25,XY,MW
2027-10-15 17:00:00,SO,state_of_charge,15.0,XY,MW
2027-10-16 18:00:00,CE,state_of_charge,3.75,XY,MW
2027-10-17 19:00:00,NR,state_of_charge,11.25,XY,MW
2027-10-18 20:00:00,SO,state_of_charge,15.0,XY,MW
2027-10-19 21:00:00,CE,state_of_charge,3.75,XY,MW
2027-10-20 22:00:00,NR,state_of_charge,11.25,XY,MW
2027-10-21 23:00:00,SO,state_of_charge,15.0,XY,MW
2027-10-23 00:00:00,CE,state_of_charge,3.75,XY,MW
2027-10-24 01:00:00,NR,state_of_charge,11.25,XY,MW
2027-10-25 02:00:00,SO,state_of_charge,15.0,XY,MW
2027-10-26 03:00:00,CE,state_of_charge,3.75,XY,MW
2027-10-27 04:00:00,NR,state_of_charge,11.25,XY,MW
2027-10-28 05:00:00,SO,state_of_charge,15.0,XY,MW
2027-10-29 06:00:00,CE,state_of_charge,3.75,XY,MW
2027-10-30 07:00:00,NR,state_of_charge,11.25,XY,MW
2027-10-31 08:00:00,SO,state_of_charge,15.0,XY,MW
2027-11-01 09:00:00,CE,state_of_charge,3.75,XY,MW
2027-11-02 10:00:00,NR,state_of_charge,11.25,XY,MW
2027-11-03 11:00:00,SO,state_of_charge,15.0,XY,MW
2027-11-04 12:00:00,CE,state_of_charge,3.75,XY,MW
2027-11-05 13:00:00,NR,state_of_charge,11.25,XY,MW
2027-11-06 14:00:00,SO,state_of_charge,15.0,XY,MW
2027-11-07 15:00:00,CE,state_of_charge,3.75,XY,MW
2027-11-08 16:00:00,NR,state_of_charge,11.25,XY,MW
2027-11-09 17:00:00,SO,state_of_charge,15.0,XY,MW
2027-11-10 18:00:00,CE,state_of_charge,3.75,XY,MW
2027-11-11 19:00:00,NR,state_of_charge,11.25,XY,MW
2027-11-12 20:00:00,SO,state_of_charge,15.0,XY,MW
2027-11-13 21:00:00,CE,state_of_charge,3.75,XY,MW
2027-11-14 22:00:00,NR,state_of_charge,11.25,XY,MW
2027-11-15 23:00:00,SO,state_of_charge,15.0,XY,MW
2027-11-17 00:00:00,CE,state_of_charge,3.75,XY,MW
2027-11-18 01:00:00,NR,state_of_charge,11.25,XY,MW
2027-11-19 02:00:00,SO,state_of_charge,15.0,XY,MW
2027-11-20 03:00:00,CE,state_of_charge,39.75,XY,MW
2027-11-21 04:00:00,NR,state_of_charge,65.25,XY,MW
2027-11-22 05:00:00,SO,state_of_charge,45.0,XY,MW
2027-11-23 06:00:00,CE,state_of_charge,3.75,XY,MW
2027-11-24 07:00:00,NR,state_of_charge,43.500000000062506,XY,MW
2027-11-25 08:00:00,SO,state_of_charge,15.0,XY,MW
2027-11-26 09:00:00,CE,state_of_charge,3.75,XY,MW
2027-11-27 10:00:00,NR,state_of_charge,11.25,XY,MW
2027-11-28 11:00:00,SO,state_of_charge,15.0,XY,MW
2027-11-29 12:00:00,CE,state_of_charge,3.75,XY,MW
2027-11-30 13:00:00,NR,state_of_charge,11.25,XY,MW
2027-12-01 14:00:00,SO,state_of_charge,15.0,XY,MW
2027-12-02 15:00:00,CE,state_of_charge,3.75,XY,MW
2027-12-03 16:00:00,NR,state_of_charge,11.25,XY,MW
2027-12-04 17:00:00,SO,state_of_charge,15.0,XY,MW
2027-12-05 18:00:00,CE,state_of_charge,3.75,XY,MW
2027-12-06 19:00:00,NR,state_of_charge,11.25,XY,MW
2027-12-07 20:00:00,SO,state_of_charge,15.0,XY,MW
2027-12-08 21:00:00,CE,state_of_charge,39.75,XY,MW
2027-12-09 22:00:00,NR,state_of_charge,51.75,XY,MW
2027-12-10 23:00:00,SO,state_of_charge,45.0,XY,MW
2027-12-12 00:00:00,CE,state_of_charge,3.75,XY,MW
2027-12-13 01:00:00,NR,state_of_charge,11.25,XY,MW
2027-12-14 02:00:00,SO,state_of_charge,15.0,XY,MW
2027-12-15 03:00:00,CE,state_of_charge,39.75,XY,MW
2027-12-16 04:00:00,NR,state_of_charge,65.25,XY,MW
2027-12-17 05:00:00,SO,state_of_charge,45.0,XY,MW
2027-12-18 06:00:00,CE,state_of_charge,39.75,XY,MW
2027-12-19 07:00:00,NR,state_of_charge,65.25,XY,MW
2027-12-20 08:00:00,SO,state_of_charge,45.0,XY,MW
2027-12-21 09:00:00,CE,state_of_charge,3.75,XY,MW
2027-12-22 10:00:00,NR,state_of_charge,11.25,XY,MW
2027-12-23 11:00:00,SO,state_of_charge,15.0,XY,MW
2027-12-24 12:00:00,CE,state_of_charge,3.75,XY,MW
2027-12-25 13:00:00,NR,state_of_charge,11.25,XY,MW
2027-12-26 14:00:00,SO,state_of_charge,15.0,XY,MW
2027-12-27 15:00:00,CE,state_of_charge,3.75,XY,MW
2027-12-28 16:00:00,NR,state_of_charge,11.25,XY,MW
2027-12-29 17:00:00,SO,state_of_charge,15.0,XY,MW
2027-12-30 18:00:00,CE,state_of_charge,3.75,XY,MW
2027-12-31 19:00:00,NR,state_of_charge,11.25,XY,MW
2028-01-01 20:00:00,SO,state_of_charge,15.0,XY,MW
2028-01-02 21:00:00,CE,state_of_charge,3.75,XY,MW
2028-01-03 22:00:00,NR,state_of_charge,11.25,XY,MW
2028-01-04 23:00:00,SO,state_of_charge,15.0,XY,MW
2025-01-01 00:00:00,CE,charging,0.0,YZ,MW
2025-01-02 01:00:00,NR,charging,0.0,YZ,MW
2025-01-03 02:00:00,SO,charging,0.0,YZ,MW
2025-01-04 03:00:00,CE,charging,0.0,YZ,MW
2025-01-05 04:00:00,NR,charging,0.0,YZ,MW
2025-01-06 05:00:00,SO,charging,0.0,YZ,MW
2025-01-07 06:00:00,CE,charging,0.0,YZ,MW
2025-01-08 07:00:00,NR,charging,0.0,YZ,MW
2025-01-09 08:00:00,SO,charging,0.0,YZ,MW
2025-01-10 09:00:00,CE,charging,0.0,YZ,MW
2025-01-11 10:00:00,NR,charging,0.0,YZ,MW
2025-01-12 11:00:00,SO,charging,0.0,YZ,MW
2025-01-13 12:00:00,CE,charging,0.0,YZ,MW
2025-01-14 13:00:00,NR,charging,0.0,YZ,MW
2025-01-15 14:00:00,SO,charging,0.0,YZ,MW
2025-01-16 15:00:00,CE,charging,0.0,YZ,MW
2025-01-17 16:00:00,NR,charging,0.0,YZ,MW
2025-01-18 17:00:00,SO,charging,0.0,YZ,MW
2025-01-19 18:00:00,CE,charging,0.0,YZ,MW
2025-01-20 19:00:00,NR,charging,0.0,YZ,MW
2025-01-21 20:00:00,SO,charging,0.0,YZ,MW
2025-01-22 21:00:00,CE,charging,0.0,YZ,MW
2025-01-23 22:00:00,NR,charging,0.0,YZ,MW
2025-01-24 23:00:00,SO,charging,0.0,YZ,MW
2025-01-26 00:00:00,CE,charging,0.0,YZ,MW
2025-01-27 01:00:00,NR,charging,0.0,YZ,MW
2025-01-28 02:00:00,SO,charging,0.0,YZ,MW
2025-01-29 03:00:00,CE,charging,0.0,YZ,MW
2025-01-30 04:00:00,NR,charging,4.94736842105,YZ,MW
2025-01-31 05:00:00,SO,charging,4.94736842105,YZ,MW
2025-02-01 06:00:00,CE,charging,0.3,YZ,MW
2025-02-02 07:00:00,NR,charging,5.05263157895,YZ,MW
2025-02-03 08:00:00,SO,charging,5.05263157895,YZ,MW
2025-02-04 09:00:00,CE,charging,2.1,YZ,MW
2025-02-05 10:00:00,NR,charging,5.05263157895,YZ,MW
2025-02-06 11:00:00,SO,charging,5.05263157895,YZ,MW
2025-02-07 12:00:00,CE,charging,4.52631578947,YZ,MW
2025-02-08 13:00:00,NR,charging,4.52631578947,YZ,MW
2025-02-09 14:00:00,SO,charging,4.52631578947,YZ,MW
2025-02-10 15:00:00,CE,charging,4.94736842105,YZ,MW
2025-02-11 16:00:00,NR,charging,4.94736842105,YZ,MW
2025-02-12 17:00:00,SO,charging,4.94736842105,YZ,MW
2025-02-13 18:00:00,CE,charging,4.31578947368,YZ,MW
2025-02-14 19:00:00,NR,charging,4.31578947368,YZ,MW
2025-02-15 20:00:00,SO,charging,4.31578947368,YZ,MW
2025-02-16 21:00:00,CE,charging,4.0,YZ,MW
2025-02-17 22:00:00,NR,charging,4.0,YZ,MW
2025-02-18 23:00:00,SO,charging,4.0,YZ,MW
2025-02-20 00:00:00,CE,charging,3.26315789474,YZ,MW
2025-02-21 01:00:00,NR,charging,3.26315789474,YZ,MW
2025-02-22 02:00:00,SO,charging,3.26315789474,YZ,MW
2025-02-23 03:00:00,CE,charging,2.73684210526,YZ,MW
2025-02-24 04:00:00,NR,charging,2.73684210526,YZ,MW
2025-02-25 05:00:00,SO,charging,2.73684210526,YZ,MW
2025-02-26 06:00:00,CE,charging,1.26315789474,YZ,MW
2025-02-27 07:00:00,NR,charging,0.0,YZ,MW
2025-02-28 08:00:00,SO,charging,0.0,YZ,MW
2025-03-01 09:00:00,CE,charging,0.0,YZ,MW
2025-03-02 10:00:00,NR,charging,0.0,YZ,MW
2025-03-03 11:00:00,SO,charging,0.0,YZ,MW
2025-03-04 12:00:00,CE,charging,0.0,YZ,MW
2025-03-05 13:00:00,NR,charging,0.0,YZ,MW
2025-03-06 14:00:00,SO,charging,0.0,YZ,MW
2025-03-07 15:00:00,CE,charging,0.0,YZ,MW
2025-03-08 16:00:00,NR,charging,0.0,YZ,MW
2025-03-09 17:00:00,SO,charging,0.0,YZ,MW
2025-03-10 18:00:00,CE,charging,0.0,YZ,MW
2025-03-11 19:00:00,NR,charging,0.0,YZ,MW
2025-03-12 20:00:00,SO,charging,0.0,YZ,MW
2025-03-13 21:00:00,CE,charging,0.0,YZ,MW
2025-03-14 22:00:00,NR,charging,0.0,YZ,MW
2025-03-15 23:00:00,SO,charging,0.0,YZ,MW
2025-03-17 00:00:00,CE,charging,0.0,YZ,MW
2025-03-18 01:00:00,NR,charging,0.0,YZ,MW
2025-03-19 02:00:00,SO,charging,0.0,YZ,MW
2025-03-20 03:00:00,CE,charging,0.0,YZ,MW
2025-03-21 04:00:00,NR,charging,0.0,YZ,MW
2025-03-22 05:00:00,SO,charging,0.0,YZ,MW
2025-03-23 06:00:00,CE,charging,0.0,YZ,MW
2025-03-24 07:00:00,NR,charging,0.0,YZ,MW
2025-03-25 08:00:00,SO,charging,0.0,YZ,MW
2025-03-26 09:00:00,CE,charging,0.0,YZ,MW
2025-03-27 10:00:00,NR,charging,0.0,YZ,MW
2025-03-28 11:00:00,SO,charging,0.0,YZ,MW
2025-03-29 12:00:00,CE,charging,0.0,YZ,MW
2025-03-30 13:00:00,NR,charging,0.0,YZ,MW
2025-03-31 14:00:00,SO,charging,0.0,YZ,MW
2025-04-01 15:00:00,CE,charging,0.0,YZ,MW
2025-04-02 16:00:00,NR,charging,0.0,YZ,MW
2025-04-03 17:00:00,SO,charging,0.0,YZ,MW
2025-04-04 18:00:00,CE,charging,0.0,YZ,MW
2025-04-05 19:00:00,NR,charging,0.0,YZ,MW
2025-04-06 20:00:00,SO,charging,0.0,YZ,MW
2025-04-07 21:00:00,CE,charging,0.0,YZ,MW
2025-04-08 22:00:00,NR,charging,0.0,YZ,MW
2025-04-09 23:00:00,SO,charging,0.0,YZ,MW
2025-04-11 00:00:00,CE,charging,0.0,YZ,MW
2025-04-12 01:00:00,NR,charging,0.0,YZ,MW
2025-04-13 02:00:00,SO,charging,0.8,YZ,MW
2025-04-14 03:00:00,CE,charging,0.0,YZ,MW
2025-04-15 04:00:00,NR,charging,5.284210526315789,YZ,MW
2025-04-16 05:00:00,SO,charging,4.8,YZ,MW
2025-04-17 06:00:00,CE,charging,0.6,YZ,MW
2025-04-18 07:00:00,NR,charging,4.42105263158,YZ,MW
2025-04-19 08:00:00,SO,charging,4.42105263158,YZ,MW
2025-04-20 09:00:00,CE,charging,3.3,YZ,MW
2025-04-21 10:00:00,NR,charging,4.94736842105,YZ,MW
2025-04-22 11:00:00,SO,charging,4.94736842105,YZ,MW
2025-04-23 12:00:00,CE,charging,4.84210526316,YZ,MW
2025-04-24 13:00:00,NR,charging,4.84210526316,YZ,MW
2025-04-25 14:00:00,SO,charging,4.84210526316,YZ,MW
2025-04-26 15:00:00,CE,charging,4.31578947368,YZ,MW
2025-04-27 16:00:00,NR,charging,4.31578947368,YZ,MW
2025-04-28 17:00:00,SO,charging,4.31578947368,YZ,MW
2025-04-29 18:00:00,CE,charging,2.0,YZ,MW
2025-04-30 19:00:00,NR,charging,2.0,YZ,MW
2025-05-01 20:00:00,SO,charging,2.0,YZ,MW
2025-05-02 21:00:00,CE,charging,2.73684210526,YZ,MW
2025-05-03 22:00:00,NR,charging,2.73684210526,YZ,MW
2025-05-04 23:00:00,SO,charging,2.73684210526,YZ,MW
2025-05-06 00:00:00,CE,charging,3.89473684211,YZ,MW
2025-05-07 01:00:00,NR,charging,3.89473684211,YZ,MW
2025-05-08 02:00:00,SO,charging,3.89473684211,YZ,MW
2025-05-09 03:00:00,CE,charging,3.36842105263,YZ,MW
2025-05-10 04:00:00,NR,charging,3.36842105263,YZ,MW
2025-05-11 05:00:00,SO,charging,3.36842105263,YZ,MW
2025-05-12 06:00:00,CE,charging,2.84210526316,YZ,MW
2025-05-13 07:00:00,NR,charging,2.84210526316,YZ,MW
2025-05-14 08:00:00,SO,charging,1.6,YZ,MW
2025-05-15 09:00:00,CE,charging,0.6,YZ,MW
2025-05-16 10:00:00,NR,charging,0.0,YZ,MW
2025-05-17 11:00:00,SO,charging,0.0,YZ,MW
2025-05-18 12:00:00,CE,charging,0.0,YZ,MW
2025-05-19 13:00:00,NR,charging,0.0,YZ,MW
2025-05-20 14:00:00,SO,charging,0.0,YZ,MW
2025-05-21 15:00:00,CE,charging,0.0,YZ,MW
2025-05-22 16:00:00,NR,charging,0.0,YZ,MW
2025-05-23 17:00:00,SO,charging,0.0,YZ,MW
2025-05-24 18:00:00,CE,charging,0.0,YZ,MW
2025-05-25 19:00:00,NR,charging,0.0,YZ,MW
2025-05-26 20:00:00,SO,charging,0.0,YZ,MW
2025-05-27 21:00:00,CE,charging,0.0,YZ,MW
2025-05-28 22:00:00,NR,charging,0.0,YZ,MW
2025-05-29 23:00:00,SO,charging,0.0,YZ,MW
2025-05-31 00:00:00,CE,charging,0.0,YZ,MW
2025-06-01 01:00:00,NR,charging,0.0,YZ,MW
2025-06-02 02:00:00,SO,charging,0.0,YZ,MW
2025-06-03 03:00:00,CE,charging,0.0,YZ,MW
2025-06-04 04:00:00,NR,charging,0.0,YZ,MW
2025-06-05 05:00:00,SO,charging,0.0,YZ,MW
2025-06-06 06:00:00,CE,charging,0.0,YZ,MW
2025-06-07 07:00:00,NR,charging,0.0,YZ,MW
2025-06-08 08:00:00,SO,charging,0.0,YZ,MW
2025-06-09 09:00:00,CE,charging,0.0,YZ,MW
2025-06-10 10:00:00,NR,charging,0.0,YZ,MW
2025-06-11 11:00:00,SO,charging,0.0,YZ,MW
2025-06-12 12:00:00,CE,charging,0.0,YZ,MW
2025-06-13 13:00:00,NR,charging,0.0,YZ,MW
2025-06-14 14:00:00,SO,charging,0.0,YZ,MW
2025-06-15 15:00:00,CE,charging,0.0,YZ,MW
2025-06-16 16:00:00,NR,charging,0.0,YZ,MW
2025-06-17 17:00:00,SO,charging,0.0,YZ,MW
2025-06-18 18:00:00,CE,charging,0.0,YZ,MW
2025-06-19 19:00:00,NR,charging,0.0,YZ,MW
2025-06-20 20:00:00,SO,charging,0.0,YZ,MW
2025-06-21 21:00:00,CE,charging,0.0,YZ,MW
2025-06-22 22:00:00,NR,charging,0.0,YZ,MW
2025-06-23 23:00:00,SO,charging,0.0,YZ,MW
2025-06-25 00:00:00,CE,charging,0.0,YZ,MW
2025-06-26 01:00:00,NR,charging,4.94736842105,YZ,MW
2025-06-27 02:00:00,SO,charging,3.2,YZ,MW
2025-06-28 03:00:00,CE,charging,0.6,YZ,MW
2025-06-29 04:00:00,NR,charging,4.73684210526,YZ,MW
2025-06-30 05:00:00,SO,charging,4.73684210526,YZ,MW
2025-07-01 06:00:00,CE,charging,3.6,YZ,MW
2025-07-02 07:00:00,NR,charging,5.05263157895,YZ,MW
2025-07-03 08:00:00,SO,charging,5.05263157895,YZ,MW
2025-07-04 09:00:00,CE,charging,4.42105263158,YZ,MW
2025-07-05 10:00:00,NR,charging,4.42105263158,YZ,MW
2025-07-06 11:00:00,SO,charging,4.42105263158,YZ,MW
2025-07-07 12:00:00,CE,charging,5.05263157895,YZ,MW
2025-07-08 13:00:00,NR,charging,5.05263157895,YZ,MW
2025-07-09 14:00:00,SO,charging,5.05263157895,YZ,MW
2025-07-10 15:00:00,CE,charging,4.42105263158,YZ,MW
2025-07-11 16:00:00,NR,charging,4.42105263158,YZ,MW
2025-07-12 17:00:00,SO,charging,4.42105263158,YZ,MW
2025-07-13 18:00:00,CE,charging,4.42105263158,YZ,MW
2025-07-14 19:00:00,NR,charging,4.42105263158,YZ,MW
2025-07-15 20:00:00,SO,charging,4.42105263158,YZ,MW
2025-07-16 21:00:00,CE,charging,3.57894736842,YZ,MW
2025-07-17 22:00:00,NR,charging,3.57894736842,YZ,MW
2025-07-18 23:00:00,SO,charging,3.57894736842,YZ,MW
2025-07-20 00:00:00,CE,charging,2.52631578947,YZ,MW
2025-07-21 01:00:00,NR,charging,2.52631578947,YZ,MW
2025-07-22 02:00:00,SO,charging,2.52631578947,YZ,MW
2025-07-23 03:00:00,CE,charging,0.736842105263,YZ,MW
2025-07-24 04:00:00,NR,charging,0.736842105263,YZ,MW
2025-07-25 05:00:00,SO,charging,0.736842105263,YZ,MW
2025-07-26 06:00:00,CE,charging,2.84210526316,YZ,MW
2025-07-27 07:00:00,NR,charging,2.84210526316,YZ,MW
2025-07-28 08:00:00,SO,charging,2.8,YZ,MW
2025-07-29 09:00:00,CE,charging,2.52631578947,YZ,MW
2025-07-30 10:00:00,NR,charging,2.52631578947,YZ,MW
2025-07-31 11:00:00,SO,charging,0.0,YZ,MW
2025-08-01 12:00:00,CE,charging,0.0,YZ,MW
2025-08-02 13:00:00,NR,charging,0.0,YZ,MW
2025-08-03 14:00:00,SO,charging,0.0,YZ,MW
2025-08-04 15:00:00,CE,charging,0.0,YZ,MW
2025-08-05 16:00:00,NR,charging,0.0,YZ,MW
2025-08-06 17:00:00,SO,charging,0.0,YZ,MW
2025-08-07 18:00:00,CE,charging,0.0,YZ,MW
2025-08-08 19:00:00,NR,charging,0.0,YZ,MW
2025-08-09 20:00:00,SO,charging,0.0,YZ,MW
2025-08-10 21:00:00,CE,charging,0.0,YZ,MW
2025-08-11 22:00:00,NR,charging,0.0,YZ,MW
2025-08-12 23:00:00,SO,charging,0.0,YZ,MW
2025-08-14 00:00:00,CE,charging,0.0,YZ,MW
2025-08-15 01:00:00,NR,charging,0.0,YZ,MW
2025-08-16 02:00:00,SO,charging,0.0,YZ,MW
2025-08-17 03:00:00,CE,charging,0.0,YZ,MW
2025-08-18 04:00:00,NR,charging,0.0,YZ,MW
2025-08-19 05:00:00,SO,charging,0.0,YZ,MW
2025-08-20 06:00:00,CE,charging,0.0,YZ,MW
2025-08-21 07:00:00,NR,charging,0.0,YZ,MW
2025-08-22 08:00:00,SO,charging,0.0,YZ,MW
2025-08-23 09:00:00,CE,charging,0.0,YZ,MW
2025-08-24 10:00:00,NR,charging,0.0,YZ,MW
2025-08-25 11:00:00,SO,charging,0.0,YZ,MW
2025-08-26 12:00:00,CE,charging,0.0,YZ,MW
2025-08-27 13:00:00,NR,charging,0.0,YZ,MW
2025-08-28 14:00:00,SO,charging,0.0,YZ,MW
2025-08-29 15:00:00,CE,charging,0.0,YZ,MW
2025-08-30 16:00:00,NR,charging,0.0,YZ,MW
2025-08-31 17:00:00,SO,charging,0.0,YZ,MW
2025-09-01 18:00:00,CE,charging,0.0,YZ,MW
2025-09-02 19:00:00,NR,charging,0.0,YZ,MW
2025-09-03 20:00:00,SO,charging,0.0,YZ,MW
2025-09-04 21:00:00,CE,charging,0.0,YZ,MW
2025-09-05 22:00:00,NR,charging,6.4,YZ,MW
2025-09-06 23:00:00,SO,charging,0.8,YZ,MW
2025-09-08 00:00:00,CE,charging,0.0,YZ,MW
2025-09-09 01:00:00,NR,charging,5.515789473684211,YZ,MW
2025-09-10 02:00:00,SO,charging,1.2,YZ,MW
2025-09-11 03:00:00,CE,charging,2.1,YZ,MW
2025-09-12 04:00:00,NR,charging,4.31578947368,YZ,MW
2025-09-13 05:00:00,SO,charging,4.31578947368,YZ,MW
2025-09-14 06:00:00,CE,charging,4.73684210526,YZ,MW
2025-09-15 07:00:00,NR,charging,4.73684210526,YZ,MW
2025-09-16 08:00:00,SO,charging,4.73684210526,YZ,MW
2025-09-17 09:00:00,CE,charging,4.52631578947,YZ,MW
2025-09-18 10:00:00,NR,charging,4.52631578947,YZ,MW
2025-09-19 11:00:00,SO,charging,4.52631578947,YZ,MW
2025-09-20 12:00:00,CE,charging,3.47368421053,YZ,MW
2025-09-21 13:00:00,NR,charging,3.47368421053,YZ,MW
2025-09-22 14:00:00,SO,charging,3.47368421053,YZ,MW
2025-09-23 15:00:00,CE,charging,1.78947368421,YZ,MW
2025-09-24 16:00:00,NR,charging,1.78947368421,YZ,MW
2025-09-25 17:00:00,SO,charging,1.78947368421,YZ,MW
2025-09-26 18:00:00,CE,charging,2.42105263158,YZ,MW
2025-09-27 19:00:00,NR,charging,2.42105263158,YZ,MW
2025-09-28 20:00:00,SO,charging,2.42105263158,YZ,MW
2025-09-29 21:00:00,CE,charging,3.15789473684,YZ,MW
2025-09-30 22:00:00,NR,charging,3.15789473684,YZ,MW
2025-10-01 23:00:00,SO,charging,3.15789473684,YZ,MW
2025-10-03 00:00:00,CE,charging,0.421052631579,YZ,MW
2025-10-04 01:00:00,NR,charging,0.421052631579,YZ,MW
2025-10-05 02:00:00,SO,charging,0.421052631579,YZ,MW
2025-10-06 03:00:00,CE,charging,1.57894736842,YZ,MW
2025-10-07 04:00:00,NR,charging,1.57894736842,YZ,MW
2025-10-08 05:00:00,SO,charging,1.57894736842,YZ,MW
2025-10-09 06:00:00,CE,charging,2.10526315789,YZ,MW
2025-10-10 07:00:00,NR,charging,2.10526315789,YZ,MW
2025-10-11 08:00:00,SO,charging,2.10526315789,YZ,MW
2025-10-12 09:00:00,CE,charging,2.52631578947,YZ,MW
2025-10-13 10:00:00,NR,charging,2.52631578947,YZ,MW
2025-10-14 11:00:00,SO,charging,0.4,YZ,MW
2025-10-15 12:00:00,CE,charging,0.3,YZ,MW
2025-10-16 13:00:00,NR,charging,0.0,YZ,MW
2025-10-17 14:00:00,SO,charging,0.0,YZ,MW
2025-10-18 15:00:00,CE,charging,0.0,YZ,MW
2025-10-19 16:00:00,NR,charging,0.0,YZ,MW
2025-10-20 17:00:00,SO,charging,0.0,YZ,MW
2025-10-21 18:00:00,CE,charging,0.0,YZ,MW
2025-10-22 19:00:00,NR,charging,0.0,YZ,MW
2025-10-23 20:00:00,SO,charging,0.0,YZ,MW
2025-10-24 21:00:00,CE,charging,0.0,YZ,MW
2025-10-25 22:00:00,NR,charging,0.0,YZ,MW
2025-10-26 23:00:00,SO,charging,0.0,YZ,MW
2025-10-28 00:00:00,CE,charging,0.0,YZ,MW
2025-10-29 01:00:00,NR,charging,0.0,YZ,MW
2025-10-30 02:00:00,SO,charging,0.0,YZ,MW
2025-10-31 03:00:00,CE,charging,0.0,YZ,MW
2025-11-01 04:00:00,NR,charging,0.0,YZ,MW
2025-11-02 05:00:00,SO,charging,0.0,YZ,MW
2025-11-03 06:00:00,CE,charging,0.0,YZ,MW
2025-11-04 07:00:00,NR,charging,0.0,YZ,MW
2025-11-05 08:00:00,SO,charging,0.0,YZ,MW
2025-11-06 09:00:00,CE,charging,0.0,YZ,MW
2025-11-07 10:00:00,NR,charging,0.0,YZ,MW
2025-11-08 11:00:00,SO,charging,0.0,YZ,MW
2025-11-09 12:00:00,CE,charging,0.0,YZ,MW
2025-11-10 13:00:00,NR,charging,0.0,YZ,MW
2025-11-11 14:00:00,SO,charging,0.0,YZ,MW
2025-11-12 15:00:00,CE,charging,0.0,YZ,MW
2025-11-13 16:00:00,NR,charging,0.0,YZ,MW
2025-11-14 17:00:00,SO,charging,0.0,YZ,MW
2025-11-15 18:00:00,CE,charging,0.0,YZ,MW
2025-11-16 19:00:00,NR,charging,3.2,YZ,MW
2025-11-17 20:00:00,SO,charging,0.0,YZ,MW
2025-11-18 21:00:00,CE,charging,0.0,YZ,MW
2025-11-19 22:00:00,NR,charging,5.57894736842,YZ,MW
2025-11-20 23:00:00,SO,charging,2.4,YZ,MW
2025-11-22 00:00:00,CE,charging,0.9,YZ,MW
2025-11-23 01:00:00,NR,charging,4.63157894737,YZ,MW
2025-11-24 02:00:00,SO,charging,4.63157894737,YZ,MW
2025-11-25 03:00:00,CE,charging,4.2,YZ,MW
2025-11-26 04:00:00,NR,charging,4.73684210526,YZ,MW
2025-11-27 05:00:00,SO,charging,4.73684210526,YZ,MW
2025-11-28 06:00:00,CE,charging,5.1,YZ,MW
2025-11-29 07:00:00,NR,charging,5.15789473684,YZ,MW
2025-11-30 08:00:00,SO,charging,5.15789473684,YZ,MW
2025-12-01 09:00:00,CE,charging,5.4,YZ,MW
2025-12-02 10:00:00,NR,charging,5.47368421053,YZ,MW
2025-12-03 11:00:00,SO,charging,5.47368421053,YZ,MW
2025-12-04 12:00:00,CE,charging,4.0,YZ,MW
2025-12-05 13:00:00,NR,charging,4.0,YZ,MW
2025-12-06 14:00:00,SO,charging,4.0,YZ,MW
2025-12-07 15:00:00,CE,charging,4.42105263158,YZ,MW
2025-12-08 16:00:00,NR,charging,4.42105263158,YZ,MW
2025-12-09 17:00:00,SO,charging,4.42105263158,YZ,MW
2025-12-10 18:00:00,CE,charging,3.78947368421,YZ,MW
2025-12-11 19:00:00,NR,charging,3.78947368421,YZ,MW
2025-12-12 20:00:00,SO,charging,3.78947368421,YZ,MW
2025-12-13 21:00:00,CE,charging,2.84210526316,YZ,MW
2025-12-14 22:00:00,NR,charging,2.84210526316,YZ,MW
2025-12-15 23:00:00,SO,charging,2.84210526316,YZ,MW
2025-12-17 00:00:00,CE,charging,0.315789473684,YZ,MW
2025-12-18 01:00:00,NR,charging,0.315789473684,YZ,MW
2025-12-19 02:00:00,SO,charging,0.315789473684,YZ,MW
2025-12-20 03:00:00,CE,charging,2.21052631579,YZ,MW
2025-12-21 04:00:00,NR,charging,2.21052631579,YZ,MW
2025-12-22 05:00:00,SO,charging,2.21052631579,YZ,MW
2025-12-23 06:00:00,CE,charging,2.31578947368,YZ,MW
2025-12-24 07:00:00,NR,charging,2.31578947368,YZ,MW
2025-12-25 08:00:00,SO,charging,2.31578947368,YZ,MW
2025-12-26 09:00:00,CE,charging,3.36842105263,YZ,MW
2025-12-27 10:00:00,NR,charging,3.36842105263,YZ,MW
2025-12-28 11:00:00,SO,charging,0.8,YZ,MW
2025-12-29 12:00:00,CE,charging,1.2,YZ,MW
2025-12-30 13:00:00,NR,charging,0.0,YZ,MW
2025-12-31 14:00:00,SO,charging,0.0,YZ,MW
2026-01-01 15:00:00,CE,charging,0.0,YZ,MW
2026-01-02 16:00:00,NR,charging,0.0,YZ,MW
2026-01-03 17:00:00,SO,charging,0.0,YZ,MW
2026-01-04 18:00:00,CE,charging,0.0,YZ,MW
2026-01-05 19:00:00,NR,charging,0.0,YZ,MW
2026-01-06 20:00:00,SO,charging,0.0,YZ,MW
2026-01-07 21:00:00,CE,charging,0.0,YZ,MW
2026-01-08 22:00:00,NR,charging,0.0,YZ,MW
2026-01-09 23:00:00,SO,charging,0.0,YZ,MW
2026-01-11 00:00:00,CE,charging,0.0,YZ,MW
2026-01-12 01:00:00,NR,charging,0.0,YZ,MW
2026-01-13 02:00:00,SO,charging,0.0,YZ,MW
2026-01-14 03:00:00,CE,charging,0.0,YZ,MW
2026-01-15 04:00:00,NR,charging,0.0,YZ,MW
2026-01-16 05:00:00,SO,charging,0.0,YZ,MW
2026-01-17 06:00:00,CE,charging,0.0,YZ,MW
2026-01-18 07:00:00,NR,charging,0.0,YZ,MW
2026-01-19 08:00:00,SO,charging,0.0,YZ,MW
2026-01-20 09:00:00,CE,charging,0.0,YZ,MW
2026-01-21 10:00:00,NR,charging,0.0,YZ,MW
2026-01-22 11:00:00,SO,charging,0.0,YZ,MW
2026-01-23 12:00:00,CE,charging,0.0,YZ,MW
2026-01-24 13:00:00,NR,charging,0.0,YZ,MW
2026-01-25 14:00:00,SO,charging,0.0,YZ,MW
2026-01-26 15:00:00,CE,charging,0.0,YZ,MW
2026-01-27 16:00:00,NR,charging,0.0,YZ,MW
2026-01-28 17:00:00,SO,charging,0.0,YZ,MW
2026-01-29 18:00:00,CE,charging,0.0,YZ,MW
2026-01-30 19:00:00,NR,charging,6.4,YZ,MW
2026-01-31 20:00:00,SO,charging,0.4,YZ,MW
2026-02-01 21:00:00,CE,charging,0.3,YZ,MW
2026-02-02 22:00:00,NR,charging,4.821052631578947,YZ,MW
2026-02-03 23:00:00,SO,charging,3.6,YZ,MW
2026-02-05 00:00:00,CE,charging,1.8,YZ,MW
2026-02-06 01:00:00,NR,charging,4.0,YZ,MW
2026-02-07 02:00:00,SO,charging,4.0,YZ,MW
2026-02-08 03:00:00,CE,charging,4.31578947368,YZ,MW
2026-02-09 04:00:00,NR,charging,4.31578947368,YZ,MW
2026-02-10 05:00:00,SO,charging,4.31578947368,YZ,MW
2026-02-11 06:00:00,CE,charging,4.52631578947,YZ,MW
2026-02-12 07:00:00,NR,charging,4.52631578947,YZ,MW
2026-02-13 08:00:00,SO,charging,4.52631578947,YZ,MW
2026-02-14 09:00:00,CE,charging,4.42105263158,YZ,MW
2026-02-15 10:00:00,NR,charging,4.42105263158,YZ,MW
2026-02-16 11:00:00,SO,charging,4.42105263158,YZ,MW
2026-02-17 12:00:00,CE,charging,3.05263157895,YZ,MW
2026-02-18 13:00:00,NR,charging,3.05263157895,YZ,MW
2026-02-19 14:00:00,SO,charging,3.05263157895,YZ,MW
2026-02-20 15:00:00,CE,charging,2.21052631579,YZ,MW
2026-02-21 16:00:00,NR,charging,2.21052631579,YZ,MW
2026-02-22 17:00:00,SO,charging,2.21052631579,YZ,MW
2026-02-23 18:00:00,CE,charging,3.26315789474,YZ,MW
2026-02-24 19:00:00,NR,charging,3.26315789474,YZ,MW
2026-02-25 20:00:00,SO,charging,3.26315789474,YZ,MW
2026-02-26 21:00:00,CE,charging,2.31578947368,YZ,MW
2026-02-27 22:00:00,NR,charging,2.31578947368,YZ,MW
2026-02-28 23:00:00,SO,charging,2.31578947368,YZ,MW
2026-03-02 00:00:00,CE,charging,2.42105263158,YZ,MW
2026-03-03 01:00:00,NR,charging,2.42105263158,YZ,MW
2026-03-04 02:00:00,SO,charging,2.42105263158,YZ,MW
2026-03-05 03:00:00,CE,charging,2.31578947368,YZ,MW
2026-03-06 04:00:00,NR,charging,2.31578947368,YZ,MW
2026-03-07 05:00:00,SO,charging,2.31578947368,YZ,MW
2026-03-08 06:00:00,CE,charging,1.89473684211,YZ,MW
2026-03-09 07:00:00,NR,charging,1.89473684211,YZ,MW
2026-03-10 08:00:00,SO,charging,1.89473684211,YZ,MW
2026-03-11 09:00:00,CE,charging,1.78947368421,YZ,MW
2026-03-12 10:00:00,NR,charging,1.78947368421,YZ,MW
2026-03-13 11:00:00,SO,charging,1.2,YZ,MW
2026-03-14 12:00:00,CE,charging,1.5,YZ,MW
2026-03-15 13:00:00,NR,charging,3.2,YZ,MW
2026-03-16 14:00:00,SO,charging,0.0,YZ,MW
2026-03-17 15:00:00,CE,charging,0.3,YZ,MW
2026-03-18 16:00:00,NR,charging,0.0,YZ,MW
2026-03-19 17:00:00,SO,charging,0.0,YZ,MW
2026-03-20 18:00:00,CE,charging,0.0,YZ,MW
2026-03-21 19:00:00,NR,charging,0.0,YZ,MW
2026-03-22 20:00:00,SO,charging,0.0,YZ,MW
2026-03-23 21:00:00,CE,charging,0.0,YZ,MW
2026-03-24 22:00:00,NR,charging,0.0,YZ,MW
2026-03-25 23:00:00,SO,charging,0.0,YZ,MW
2026-03-27 00:00:00,CE,charging,0.0,YZ,MW
2026-03-28 01:00:00,NR,charging,0.0,YZ,MW
2026-03-29 02:00:00,SO,charging,0.0,YZ,MW
2026-03-30 03:00:00,CE,charging,0.0,YZ,MW
2026-03-31 04:00:00,NR,charging,0.0,YZ,MW
2026-04-01 05:00:00,SO,charging,0.0,YZ,MW
2026-04-02 06:00:00,CE,charging,0.0,YZ,MW
2026-04-03 07:00:00,NR,charging,0.0,YZ,MW
2026-04-04 08:00:00,SO,charging,0.0,YZ,MW
2026-04-05 09:00:00,CE,charging,0.0,YZ,MW
2026-04-06 10:00:00,NR,charging,0.0,YZ,MW
2026-04-07 11:00:00,SO,charging,0.0,YZ,MW
2026-04-08 12:00:00,CE,charging,0.0,YZ,MW
2026-04-09 13:00:00,NR,charging,0.0,YZ,MW
2026-04-10 14:00:00,SO,charging,0.0,YZ,MW
2026-04-11 15:00:00,CE,charging,0.0,YZ,MW
2026-04-12 16:00:00,NR,charging,3.2,YZ,MW
2026-04-13 17:00:00,SO,charging,0.0,YZ,MW
2026-04-14 18:00:00,CE,charging,0.0,YZ,MW
2026-04-15 19:00:00,NR,charging,7.36842105263,YZ,MW
2026-04-16 20:00:00,SO,charging,0.8,YZ,MW
2026-04-17 21:00:00,CE,charging,4.63157894737,YZ,MW
2026-04-18 22:00:00,NR,charging,4.63157894737,YZ,MW
2026-04-19 23:00:00,SO,charging,4.63157894737,YZ,MW
2026-04-21 00:00:00,CE,charging,0.6,YZ,MW
2026-04-22 01:00:00,NR,charging,5.68421052632,YZ,MW
2026-04-23 02:00:00,SO,charging,3.6,YZ,MW
2026-04-24 03:00:00,CE,charging,1.8,YZ,MW
2026-04-25 04:00:00,NR,charging,5.15789473684,YZ,MW
2026-04-26 05:00:00,SO,charging,5.15789473684,YZ,MW
2026-04-27 06:00:00,CE,charging,5.1,YZ,MW
2026-04-28 07:00:00,NR,charging,6.10526315789,YZ,MW
2026-04-29 08:00:00,SO,charging,6.10526315789,YZ,MW
2026-04-30 09:00:00,CE,charging,6.31578947368,YZ,MW
2026-05-01 10:00:00,NR,charging,6.31578947368,YZ,MW
2026-05-02 11:00:00,SO,charging,6.31578947368,YZ,MW
2026-05-03 12:00:00,CE,charging,4.10526315789,YZ,MW
2026-05-04 13:00:00,NR,charging,4.10526315789,YZ,MW
2026-05-05 14:00:00,SO,charging,4.10526315789,YZ,MW
2026-05-06 15:00:00,CE,charging,4.63157894737,YZ,MW
2026-05-07 16:00:00,NR,charging,4.63157894737,YZ,MW
2026-05-08 17:00:00,SO,charging,4.63157894737,YZ,MW
2026-05-09 18:00:00,CE,charging,4.21052631579,YZ,MW
2026-05-10 19:00:00,NR,charging,4.21052631579,YZ,MW
2026-05-11 20:00:00,SO,charging,4.21052631579,YZ,MW
2026-05-12 21:00:00,CE,charging,3.57894736842,YZ,MW
2026-05-13 22:00:00,NR,charging,3.57894736842,YZ,MW
2026-05-14 23:00:00,SO,charging,3.57894736842,YZ,MW
2026-05-16 00:00:00,CE,charging,1.15789473684,YZ,MW
2026-05-17 01:00:00,NR,charging,1.15789473684,YZ,MW
2026-05-18 02:00:00,SO,charging,1.15789473684,YZ,MW
2026-05-19 03:00:00,CE,charging,2.63157894737,YZ,MW
2026-05-20 04:00:00,NR,charging,2.63157894737,YZ,MW
2026-05-21 05:00:00,SO,charging,2.63157894737,YZ,MW
2026-05-22 06:00:00,CE,charging,1.89473684211,YZ,MW
2026-05-23 07:00:00,NR,charging,1.89473684211,YZ,MW
2026-05-24 08:00:00,SO,charging,1.89473684211,YZ,MW
2026-05-25 09:00:00,CE,charging,2.52631578947,YZ,MW
2026-05-26 10:00:00,NR,charging,2.52631578947,YZ,MW
2026-05-27 11:00:00,SO,charging,2.52631578947,YZ,MW
2026-05-28 12:00:00,CE,charging,3.15789473684,YZ,MW
2026-05-29 13:00:00,NR,charging,3.15789473684,YZ,MW
2026-05-30 14:00:00,SO,charging,2.0,YZ,MW
2026-05-31 15:00:00,CE,charging,2.1,YZ,MW
2026-06-01 16:00:00,NR,charging,3.2,YZ,MW
2026-06-02 17:00:00,SO,charging,0.4,YZ,MW
2026-06-03 18:00:00,CE,charging,0.6,YZ,MW
2026-06-04 19:00:00,NR,charging,0.0,YZ,MW
2026-06-05 20:00:00,SO,charging,0.0,YZ,MW
2026-06-06 21:00:00,CE,charging,0.0,YZ,MW
2026-06-07 22:00:00,NR,charging,0.0,YZ,MW
2026-06-08 23:00:00,SO,charging,0.0,YZ,MW
2026-06-10 00:00:00,CE,charging,0.0,YZ,MW
2026-06-11 01:00:00,NR,charging,0.0,YZ,MW
2026-06-12 02:00:00,SO,charging,0.0,YZ,MW
2026-06-13 03:00:00,CE,charging,0.0,YZ,MW
2026-06-14 04:00:00,NR,charging,0.0,YZ,MW
2026-06-15 05:00:00,SO,charging,0.0,YZ,MW
2026-06-16 06:00:00,CE,charging,0.0,YZ,MW
2026-06-17 07:00:00,NR,charging,0.0,YZ,MW
2026-06-18 08:00:00,SO,charging,0.0,YZ,MW
2026-06-19 09:00:00,CE,charging,0.0,YZ,MW
2026-06-20 10:00:00,NR,charging,0.0,YZ,MW
2026-06-21 11:00:00,SO,charging,0.0,YZ,MW
2026-06-22 12:00:00,CE,charging,0.0,YZ,MW
2026-06-23 13:00:00,NR,charging,0.0,YZ,MW
2026-06-24 14:00:00,SO,charging,0.0,YZ,MW
2026-06-25 15:00:00,CE,charging,0.0,YZ,MW
2026-06-26 16:00:00,NR,charging,0.0,YZ,MW
2026-06-27 17:00:00,SO,charging,0.0,YZ,MW
2026-06-28 18:00:00,CE,charging,0.0,YZ,MW
2026-06-29 19:00:00,NR,charging,0.0,YZ,MW
2026-06-30 20:00:00,SO,charging,0.0,YZ,MW
2026-07-01 21:00:00,CE,charging,0.0,YZ,MW
2026-07-02 22:00:00,NR,charging,3.1157894736842104,YZ,MW
2026-07-03 23:00:00,SO,charging,0.8,YZ,MW
2026-07-05 00:00:00,CE,charging,0.3,YZ,MW
2026-07-06 01:00:00,NR,charging,5.15789473684,YZ,MW
2026-07-07 02:00:00,SO,charging,3.2,YZ,MW
2026-07-08 03:00:00,CE,charging,1.5,YZ,MW
2026-07-09 04:00:00,NR,charging,5.05263157895,YZ,MW
2026-07-10 05:00:00,SO,charging,5.05263157895,YZ,MW
2026-07-11 06:00:00,CE,charging,4.73684210526,YZ,MW
2026-07-12 07:00:00,NR,charging,4.73684210526,YZ,MW
2026-07-13 08:00:00,SO,charging,4.73684210526,YZ,MW
2026-07-14 09:00:00,CE,charging,4.52631578947,YZ,MW
2026-07-15 10:00:00,NR,charging,4.52631578947,YZ,MW
2026-07-16 11:00:00,SO,charging,4.52631578947,YZ,MW
2026-07-17 12:00:00,CE,charging,4.10526315789,YZ,MW
2026-07-18 13:00:00,NR,charging,4.10526315789,YZ,MW
2026-07-19 14:00:00,SO,charging,4.10526315789,YZ,MW
2026-07-20 15:00:00,CE,charging,2.94736842105,YZ,MW
2026-07-21 16:00:00,NR,charging,2.94736842105,YZ,MW
2026-07-22 17:00:00,SO,charging,2.94736842105,YZ,MW
2026-07-23 18:00:00,CE,charging,2.94736842105,YZ,MW
2026-07-24 19:00:00,NR,charging,2.94736842105,YZ,MW
2026-07-25 20:00:00,SO,charging,2.94736842105,YZ,MW
2026-07-26 21:00:00,CE,charging,3.68421052632,YZ,MW
2026-07-27 22:00:00,NR,charging,3.68421052632,YZ,MW
2026-07-28 23:00:00,SO,charging,3.68421052632,YZ,MW
2026-07-30 00:00:00,CE,charging,3.47368421053,YZ,MW
2026-07-31 01:00:00,NR,charging,3.47368421053,YZ,MW
2026-08-01 02:00:00,SO,charging,3.47368421053,YZ,MW
2026-08-02 03:00:00,CE,charging,2.63157894737,YZ,MW
2026-08-03 04:00:00,NR,charging,2.63157894737,YZ,MW
2026-08-04 05:00:00,SO,charging,2.63157894737,YZ,MW
2026-08-05 06:00:00,CE,charging,1.78947368421,YZ,MW
2026-08-06 07:00:00,NR,charging,1.78947368421,YZ,MW
2026-08-07 08:00:00,SO,charging,1.78947368421,YZ,MW
2026-08-08 09:00:00,CE,charging,0.842105263158,YZ,MW
2026-08-09 10:00:00,NR,charging,0.842105263158,YZ,MW
2026-08-10 11:00:00,SO,charging,0.842105263158,YZ,MW
2026-08-11 12:00:00,CE,charging,3.36842105263,YZ,MW
2026-08-12 13:00:00,NR,charging,3.36842105263,YZ,MW
2026-08-13 14:00:00,SO,charging,1.6,YZ,MW
2026-08-14 15:00:00,CE,charging,1.8,YZ,MW
2026-08-15 16:00:00,NR,charging,2.84210526316,YZ,MW
2026-08-16 17:00:00,SO,charging,0.4,YZ,MW
2026-08-17 18:00:00,CE,charging,0.3,YZ,MW
2026-08-18 19:00:00,NR,charging,0.0,YZ,MW
2026-08-19 20:00:00,SO,charging,0.0,YZ,MW
2026-08-20 21:00:00,CE,charging,0.0,YZ,MW
2026-08-21 22:00:00,NR,charging,0.0,YZ,MW
2026-08-22 23:00:00,SO,charging,0.0,YZ,MW
2026-08-24 00:00:00,CE,charging,0.0,YZ,MW
2026-08-25 01:00:00,NR,charging,0.0,YZ,MW
2026-08-26 02:00:00,SO,charging,0.0,YZ,MW
2026-08-27 03:00:00,CE,charging,0.0,YZ,MW
2026-08-28 04:00:00,NR,charging,0.0,YZ,MW
2026-08-29 05:00:00,SO,charging,0.0,YZ,MW
2026-08-30 06:00:00,CE,charging,0.0,YZ,MW
2026-08-31 07:00:00,NR,charging,0.0,YZ,MW
2026-09-01 08:00:00,SO,charging,0.0,YZ,MW
2026-09-02 09:00:00,CE,charging,0.0,YZ,MW
2026-09-03 10:00:00,NR,charging,0.0,YZ,MW
2026-09-04 11:00:00,SO,charging,0.0,YZ,MW
2026-09-05 12:00:00,CE,charging,0.0,YZ,MW
2026-09-06 13:00:00,NR,charging,0.0,YZ,MW
2026-09-07 14:00:00,SO,charging,0.0,YZ,MW
2026-09-08 15:00:00,CE,charging,0.0,YZ,MW
2026-09-09 16:00:00,NR,charging,0.0,YZ,MW
2026-09-10 17:00:00,SO,charging,0.0,YZ,MW
2026-09-11 18:00:00,CE,charging,0.0,YZ,MW
2026-09-12 19:00:00,NR,charging,0.0,YZ,MW
2026-09-13 20:00:00,SO,charging,0.0,YZ,MW
2026-09-14 21:00:00,CE,charging,0.0,YZ,MW
2026-09-15 22:00:00,NR,charging,6.4,YZ,MW
2026-09-16 23:00:00,SO,charging,0.4,YZ,MW
2026-09-18 00:00:00,CE,charging,0.0,YZ,MW
2026-09-19 01:00:00,NR,charging,6.10526315789,YZ,MW
2026-09-20 02:00:00,SO,charging,2.8,YZ,MW
2026-09-21 03:00:00,CE,charging,1.2,YZ,MW
2026-09-22 04:00:00,NR,charging,6.42105263158,YZ,MW
2026-09-23 05:00:00,SO,charging,6.42105263158,YZ,MW
2026-09-24 06:00:00,CE,charging,4.8,YZ,MW
2026-09-25 07:00:00,NR,charging,6.73684210526,YZ,MW
2026-09-26 08:00:00,SO,charging,6.73684210526,YZ,MW
2026-09-27 09:00:00,CE,charging,4.0,YZ,MW
2026-09-28 10:00:00,NR,charging,4.0,YZ,MW
2026-09-29 11:00:00,SO,charging,4.0,YZ,MW
2026-09-30 12:00:00,CE,charging,4.42105263158,YZ,MW
2026-10-01 13:00:00,NR,charging,4.42105263158,YZ,MW
2026-10-02 14:00:00,SO,charging,4.42105263158,YZ,MW
2026-10-03 15:00:00,CE,charging,4.10526315789,YZ,MW
2026-10-04 16:00:00,NR,charging,4.10526315789,YZ,MW
2026-10-05 17:00:00,SO,charging,4.10526315789,YZ,MW
2026-10-06 18:00:00,CE,charging,3.78947368421,YZ,MW
2026-10-07 19:00:00,NR,charging,3.78947368421,YZ,MW
2026-10-08 20:00:00,SO,charging,3.78947368421,YZ,MW
2026-10-09 21:00:00,CE,charging,1.89473684211,YZ,MW
2026-10-10 22:00:00,NR,charging,1.89473684211,YZ,MW
2026-10-11 23:00:00,SO,charging,1.89473684211,YZ,MW
2026-10-13 00:00:00,CE,charging,2.0,YZ,MW
2026-10-14 01:00:00,NR,charging,2.0,YZ,MW
2026-10-15 02:00:00,SO,charging,2.0,YZ,MW
2026-10-16 03:00:00,CE,charging,1.47368421053,YZ,MW
2026-10-17 04:00:00,NR,charging,1.47368421053,YZ,MW
2026-10-18 05:00:00,SO,charging,1.47368421053,YZ,MW
2026-10-19 06:00:00,CE,charging,2.31578947368,YZ,MW
2026-10-20 07:00:00,NR,charging,2.31578947368,YZ,MW
2026-10-21 08:00:00,SO,charging,2.31578947368,YZ,MW
2026-10-22 09:00:00,CE,charging,2.63157894737,YZ,MW
2026-10-23 10:00:00,NR,charging,2.63157894737,YZ,MW
2026-10-24 11:00:00,SO,charging,2.63157894737,YZ,MW
2026-10-25 12:00:00,CE,charging,3.05263157895,YZ,MW
2026-10-26 13:00:00,NR,charging,3.05263157895,YZ,MW
2026-10-27 14:00:00,SO,charging,1.2,YZ,MW
2026-10-28 15:00:00,CE,charging,1.2,YZ,MW
2026-10-29 16:00:00,NR,charging,0.0,YZ,MW
2026-10-30 17:00:00,SO,charging,0.0,YZ,MW
2026-10-31 18:00:00,CE,charging,0.0,YZ,MW
2026-11-01 19:00:00,NR,charging,0.0,YZ,MW
2026-11-02 20:00:00,SO,charging,0.0,YZ,MW
2026-11-03 21:00:00,CE,charging,0.0,YZ,MW
2026-11-04 22:00:00,NR,charging,0.0,YZ,MW
2026-11-05 23:00:00,SO,charging,0.0,YZ,MW
2026-11-07 00:00:00,CE,charging,0.0,YZ,MW
2026-11-08 01:00:00,NR,charging,0.0,YZ,MW
2026-11-09 02:00:00,SO,charging,0.0,YZ,MW
2026-11-10 03:00:00,CE,charging,0.0,YZ,MW
2026-11-11 04:00:00,NR,charging,0.0,YZ,MW
2026-11-12 05:00:00,SO,charging,0.0,YZ,MW
2026-11-13 06:00:00,CE,charging,0.0,YZ,MW
2026-11-14 07:00:00,NR,charging,0.0,YZ,MW
2026-11-15 08:00:00,SO,charging,0.0,YZ,MW
2026-11-16 09:00:00,CE,charging,0.0,YZ,MW
2026-11-17 10:00:00,NR,charging,0.0,YZ,MW
2026-11-18 11:00:00,SO,charging,0.0,YZ,MW
2026-11-19 12:00:00,CE,charging,0.0,YZ,MW
2026-11-20 13:00:00,NR,charging,0.0,YZ,MW
2026-11-21 14:00:00,SO,charging,0.0,YZ,MW
2026-11-22 15:00:00,CE,charging,0.0,YZ,MW
2026-11-23 16:00:00,NR,charging,0.0,YZ,MW
2026-11-24 17:00:00,SO,charging,0.0,YZ,MW
2026-11-25 18:00:00,CE,charging,0.0,YZ,MW
2026-11-26 19:00:00,NR,charging,0.0,YZ,MW
2026-11-27 20:00:00,SO,charging,0.0,YZ,MW
2026-11-28 21:00:00,CE,charging,0.0,YZ,MW
2026-11-29 22:00:00,NR,charging,0.0,YZ,MW
2026-11-30 23:00:00,SO,charging,0.0,YZ,MW
2026-12-02 00:00:00,CE,charging,0.0,YZ,MW
2026-12-03 01:00:00,NR,charging,5.78947368421,YZ,MW
2026-12-04 02:00:00,SO,charging,2.0,YZ,MW
2026-12-05 03:00:00,CE,charging,0.6,YZ,MW
2026-12-06 04:00:00,NR,charging,4.94736842105,YZ,MW
2026-12-07 05:00:00,SO,charging,4.94736842105,YZ,MW
2026-12-08 06:00:00,CE,charging,3.6,YZ,MW
2026-12-09 07:00:00,NR,charging,4.52631578947,YZ,MW
2026-12-10 08:00:00,SO,charging,4.52631578947,YZ,MW
2026-12-11 09:00:00,CE,charging,4.42105263158,YZ,MW
2026-12-12 10:00:00,NR,charging,4.42105263158,YZ,MW
2026-12-13 11:00:00,SO,charging,4.42105263158,YZ,MW
2026-12-14 12:00:00,CE,charging,3.47368421053,YZ,MW
2026-12-15 13:00:00,NR,charging,3.47368421053,YZ,MW
2026-12-16 14:00:00,SO,charging,3.47368421053,YZ,MW
2026-12-17 15:00:00,CE,charging,3.36842105263,YZ,MW
2026-12-18 16:00:00,NR,charging,3.36842105263,YZ,MW
2026-12-19 17:00:00,SO,charging,3.36842105263,YZ,MW
2026-12-20 18:00:00,CE,charging,3.78947368421,YZ,MW
2026-12-21 19:00:00,NR,charging,3.78947368421,YZ,MW
2026-12-22 20:00:00,SO,charging,3.78947368421,YZ,MW
2026-12-23 21:00:00,CE,charging,3.89473684211,YZ,MW
2026-12-24 22:00:00,NR,charging,3.89473684211,YZ,MW
2026-12-25 23:00:00,SO,charging,3.89473684211,YZ,MW
2026-12-27 00:00:00,CE,charging,3.15789473684,YZ,MW
2026-12-28 01:00:00,NR,charging,3.15789473684,YZ,MW
2026-12-29 02:00:00,SO,charging,3.15789473684,YZ,MW
2026-12-30 03:00:00,CE,charging,2.10526315789,YZ,MW
2026-12-31 04:00:00,NR,charging,2.10526315789,YZ,MW
2027-01-01 05:00:00,SO,charging,2.10526315789,YZ,MW
2027-01-02 06:00:00,CE,charging,0.421052631579,YZ,MW
2027-01-03 07:00:00,NR,charging,0.421052631579,YZ,MW
2027-01-04 08:00:00,SO,charging,0.421052631579,YZ,MW
2027-01-05 09:00:00,CE,charging,2.21052631579,YZ,MW
2027-01-06 10:00:00,NR,charging,2.21052631579,YZ,MW
2027-01-07 11:00:00,SO,charging,2.21052631579,YZ,MW
2027-01-08 12:00:00,CE,charging,1.26315789474,YZ,MW
2027-01-09 13:00:00,NR,charging,1.26315789474,YZ,MW
2027-01-10 14:00:00,SO,charging,0.4,YZ,MW
2027-01-11 15:00:00,CE,charging,0.3,YZ,MW
2027-01-12 16:00:00,NR,charging,0.0,YZ,MW
2027-01-13 17:00:00,SO,charging,0.0,YZ,MW
2027-01-14 18:00:00,CE,charging,0.0,YZ,MW
2027-01-15 19:00:00,NR,charging,0.0,YZ,MW
2027-01-16 20:00:00,SO,charging,0.0,YZ,MW
2027-01-17 21:00:00,CE,charging,0.0,YZ,MW
2027-01-18 22:00:00,NR,charging,0.0,YZ,MW
2027-01-19 23:00:00,SO,charging,0.0,YZ,MW
2027-01-21 00:00:00,CE,charging,0.0,YZ,MW
2027-01-22 01:00:00,NR,charging,0.0,YZ,MW
2027-01-23 02:00:00,SO,charging,0.0,YZ,MW
2027-01-24 03:00:00,CE,charging,0.0,YZ,MW
2027-01-25 04:00:00,NR,charging,0.0,YZ,MW
2027-01-26 05:00:00,SO,charging,0.0,YZ,MW
2027-01-27 06:00:00,CE,charging,0.0,YZ,MW
2027-01-28 07:00:00,NR,charging,0.0,YZ,MW
2027-01-29 08:00:00,SO,charging,0.0,YZ,MW
2027-01-30 09:00:00,CE,charging,0.0,YZ,MW
2027-01-31 10:00:00,NR,charging,0.0,YZ,MW
2027-02-01 11:00:00,SO,charging,0.0,YZ,MW
2027-02-02 12:00:00,CE,charging,0.0,YZ,MW
2027-02-03 13:00:00,NR,charging,0.0,YZ,MW
2027-02-04 14:00:00,SO,charging,0.0,YZ,MW
2027-02-05 15:00:00,CE,charging,0.0,YZ,MW
2027-02-06 16:00:00,NR,charging,0.0,YZ,MW
2027-02-07 17:00:00,SO,charging,0.0,YZ,MW
2027-02-08 18:00:00,CE,charging,0.0,YZ,MW
2027-02-09 19:00:00,NR,charging,0.0,YZ,MW
2027-02-10 20:00:00,SO,charging,0.0,YZ,MW
2027-02-11 21:00:00,CE,charging,0.0,YZ,MW
2027-02-12 22:00:00,NR,charging,0.0,YZ,MW
2027-02-13 23:00:00,SO,charging,0.0,YZ,MW
2027-02-15 00:00:00,CE,charging,0.0,YZ,MW
2027-02-16 01:00:00,NR,charging,8.10526315789,YZ,MW
2027-02-17 02:00:00,SO,charging,1.2,YZ,MW
2027-02-18 03:00:00,CE,charging,0.3,YZ,MW
2027-02-19 04:00:00,NR,charging,5.978947368421053,YZ,MW
2027-02-20 05:00:00,SO,charging,5.9789473684210535,YZ,MW
2027-02-21 06:00:00,CE,charging,2.4,YZ,MW
2027-02-22 07:00:00,NR,charging,4.0,YZ,MW
2027-02-23 08:00:00,SO,charging,4.0,YZ,MW
2027-02-24 09:00:00,CE,charging,4.52631578947,YZ,MW
2027-02-25 10:00:00,NR,charging,4.52631578947,YZ,MW
2027-02-26 11:00:00,SO,charging,4.52631578947,YZ,MW
2027-02-27 12:00:00,CE,charging,4.52631578947,YZ,MW
2027-02-28 13:00:00,NR,charging,4.52631578947,YZ,MW
2027-03-01 14:00:00,SO,charging,4.52631578947,YZ,MW
2027-03-02 15:00:00,CE,charging,4.31578947368,YZ,MW
2027-03-03 16:00:00,NR,charging,4.31578947368,YZ,MW
2027-03-04 17:00:00,SO,charging,4.31578947368,YZ,MW
2027-03-05 18:00:00,CE,charging,2.63157894737,YZ,MW
2027-03-06 19:00:00,NR,charging,2.63157894737,YZ,MW
2027-03-07 20:00:00,SO,charging,2.63157894737,YZ,MW
2027-03-08 21:00:00,CE,charging,2.31578947368,YZ,MW
2027-03-09 22:00:00,NR,charging,2.31578947368,YZ,MW
2027-03-10 23:00:00,SO,charging,2.31578947368,YZ,MW
2027-03-12 00:00:00,CE,charging,2.21052631579,YZ,MW
2027-03-13 01:00:00,NR,charging,2.21052631579,YZ,MW
2027-03-14 02:00:00,SO,charging,2.21052631579,YZ,MW
2027-03-15 03:00:00,CE,charging,2.63157894737,YZ,MW
2027-03-16 04:00:00,NR,charging,2.63157894737,YZ,MW
2027-03-17 05:00:00,SO,charging,2.63157894737,YZ,MW
2027-03-18 06:00:00,CE,charging,2.10526315789,YZ,MW
2027-03-19 07:00:00,NR,charging,2.10526315789,YZ,MW
2027-03-20 08:00:00,SO,charging,2.10526315789,YZ,MW
2027-03-21 09:00:00,CE,charging,2.0,YZ,MW
2027-03-22 10:00:00,NR,charging,2.0,YZ,MW
2027-03-23 11:00:00,SO,charging,1.6,YZ,MW
2027-03-24 12:00:00,CE,charging,0.9,YZ,MW
2027-03-25 13:00:00,NR,charging,0.0,YZ,MW
2027-03-26 14:00:00,SO,charging,0.0,YZ,MW
2027-03-27 15:00:00,CE,charging,0.0,YZ,MW
2027-03-28 16:00:00,NR,charging,0.0,YZ,MW
2027-03-29 17:00:00,SO,charging,0.0,YZ,MW
2027-03-30 18:00:00,CE,charging,0.0,YZ,MW
2027-03-31 19:00:00,NR,charging,0.0,YZ,MW
2027-04-01 20:00:00,SO,charging,0.0,YZ,MW
2027-04-02 21:00:00,CE,charging,0.0,YZ,MW
2027-04-03 22:00:00,NR,charging,0.0,YZ,MW
2027-04-04 23:00:00,SO,charging,0.0,YZ,MW
2027-04-06 00:00:00,CE,charging,0.0,YZ,MW
2027-04-07 01:00:00,NR,charging,0.0,YZ,MW
2027-04-08 02:00:00,SO,charging,0.0,YZ,MW
2027-04-09 03:00:00,CE,charging,0.0,YZ,MW
2027-04-10 04:00:00,NR,charging,0.0,YZ,MW
2027-04-11 05:00:00,SO,charging,0.0,YZ,MW
2027-04-12 06:00:00,CE,charging,0.0,YZ,MW
2027-04-13 07:00:00,NR,charging,0.0,YZ,MW
2027-04-14 08:00:00,SO,charging,0.0,YZ,MW
2027-04-15 09:00:00,CE,charging,0.0,YZ,MW
2027-04-16 10:00:00,NR,charging,0.0,YZ,MW
2027-04-17 11:00:00,SO,charging,0.0,YZ,MW
2027-04-18 12:00:00,CE,charging,0.0,YZ,MW
2027-04-19 13:00:00,NR,charging,0.0,YZ,MW
2027-04-20 14:00:00,SO,charging,0.0,YZ,MW
2027-04-21 15:00:00,CE,charging,0.0,YZ,MW
2027-04-22 16:00:00,NR,charging,0.0,YZ,MW
2027-04-23 17:00:00,SO,charging,0.0,YZ,MW
2027-04-24 18:00:00,CE,charging,0.0,YZ,MW
2027-04-25 19:00:00,NR,charging,0.0,YZ,MW
2027-04-26 20:00:00,SO,charging,0.0,YZ,MW
2027-04-27 21:00:00,CE,charging,0.0,YZ,MW
2027-04-28 22:00:00,NR,charging,0.0,YZ,MW
2027-04-29 23:00:00,SO,charging,0.0,YZ,MW
2027-05-01 00:00:00,CE,charging,0.0,YZ,MW
2027-05-02 01:00:00,NR,charging,0.0,YZ,MW
2027-05-03 02:00:00,SO,charging,0.4,YZ,MW
2027-05-04 03:00:00,CE,charging,0.0,YZ,MW
2027-05-05 04:00:00,NR,charging,5.05263157895,YZ,MW
2027-05-06 05:00:00,SO,charging,4.4,YZ,MW
2027-05-07 06:00:00,CE,charging,1.8,YZ,MW
2027-05-08 07:00:00,NR,charging,5.05263157895,YZ,MW
2027-05-09 08:00:00,SO,charging,5.05263157895,YZ,MW
2027-05-10 09:00:00,CE,charging,4.63157894737,YZ,MW
2027-05-11 10:00:00,NR,charging,4.63157894737,YZ,MW
2027-05-12 11:00:00,SO,charging,4.63157894737,YZ,MW
2027-05-13 12:00:00,CE,charging,4.73684210526,YZ,MW
2027-05-14 13:00:00,NR,charging,4.73684210526,YZ,MW
2027-05-15 14:00:00,SO,charging,4.73684210526,YZ,MW
2027-05-16 15:00:00,CE,charging,4.0,YZ,MW
2027-05-17 16:00:00,NR,charging,4.0,YZ,MW
2027-05-18 17:00:00,SO,charging,4.0,YZ,MW
2027-05-19 18:00:00,CE,charging,4.42105263158,YZ,MW
2027-05-20 19:00:00,NR,charging,4.42105263158,YZ,MW
2027-05-21 20:00:00,SO,charging,4.42105263158,YZ,MW
2027-05-22 21:00:00,CE,charging,3.78947368421,YZ,MW
2027-05-23 22:00:00,NR,charging,3.78947368421,YZ,MW
2027-05-24 23:00:00,SO,charging,3.78947368421,YZ,MW
2027-05-26 00:00:00,CE,charging,2.94736842105,YZ,MW
2027-05-27 01:00:00,NR,charging,2.94736842105,YZ,MW
2027-05-28 02:00:00,SO,charging,2.94736842105,YZ,MW
2027-05-29 03:00:00,CE,charging,0.736842105263,YZ,MW
2027-05-30 04:00:00,NR,charging,0.736842105263,YZ,MW
2027-05-31 05:00:00,SO,charging,0.736842105263,YZ,MW
2027-06-01 06:00:00,CE,charging,2.42105263158,YZ,MW
2027-06-02 07:00:00,NR,charging,2.42105263158,YZ,MW
2027-06-03 08:00:00,SO,charging,1.2,YZ,MW
2027-06-04 09:00:00,CE,charging,0.947368421053,YZ,MW
2027-06-05 10:00:00,NR,charging,0.0,YZ,MW
2027-06-06 11:00:00,SO,charging,0.0,YZ,MW
2027-06-07 12:00:00,CE,charging,0.0,YZ,MW
2027-06-08 13:00:00,NR,charging,0.0,YZ,MW
2027-06-09 14:00:00,SO,charging,0.0,YZ,MW
2027-06-10 15:00:00,CE,charging,0.0,YZ,MW
2027-06-11 16:00:00,NR,charging,0.0,YZ,MW
2027-06-12 17:00:00,SO,charging,0.0,YZ,MW
2027-06-13 18:00:00,CE,charging,0.0,YZ,MW
2027-06-14 19:00:00,NR,charging,0.0,YZ,MW
2027-06-15 20:00:00,SO,charging,0.0,YZ,MW
2027-06-16 21:00:00,CE,charging,0.0,YZ,MW
2027-06-17 22:00:00,NR,charging,0.0,YZ,MW
2027-06-18 23:00:00,SO,charging,0.0,YZ,MW
2027-06-20 00:00:00,CE,charging,0.0,YZ,MW
2027-06-21 01:00:00,NR,charging,0.0,YZ,MW
2027-06-22 02:00:00,SO,charging,0.0,YZ,MW
2027-06-23 03:00:00,CE,charging,0.0,YZ,MW
2027-06-24 04:00:00,NR,charging,0.0,YZ,MW
2027-06-25 05:00:00,SO,charging,0.0,YZ,MW
2027-06-26 06:00:00,CE,charging,0.0,YZ,MW
2027-06-27 07:00:00,NR,charging,0.0,YZ,MW
2027-06-28 08:00:00,SO,charging,0.0,YZ,MW
2027-06-29 09:00:00,CE,charging,0.0,YZ,MW
2027-06-30 10:00:00,NR,charging,0.0,YZ,MW
2027-07-01 11:00:00,SO,charging,0.0,YZ,MW
2027-07-02 12:00:00,CE,charging,0.0,YZ,MW
2027-07-03 13:00:00,NR,charging,0.0,YZ,MW
2027-07-04 14:00:00,SO,charging,0.0,YZ,MW
2027-07-05 15:00:00,CE,charging,0.0,YZ,MW
2027-07-06 16:00:00,NR,charging,0.0,YZ,MW
2027-07-07 17:00:00,SO,charging,0.0,YZ,MW
2027-07-08 18:00:00,CE,charging,0.0,YZ,MW
2027-07-09 19:00:00,NR,charging,0.0,YZ,MW
2027-07-10 20:00:00,SO,charging,0.0,YZ,MW
2027-07-11 21:00:00,CE,charging,0.0,YZ,MW
2027-07-12 22:00:00,NR,charging,0.0,YZ,MW
2027-07-13 23:00:00,SO,charging,0.0,YZ,MW
2027-07-15 00:00:00,CE,charging,0.0,YZ,MW
2027-07-16 01:00:00,NR,charging,0.0,YZ,MW
2027-07-17 02:00:00,SO,charging,0.0,YZ,MW
2027-07-18 03:00:00,CE,charging,0.0,YZ,MW
2027-07-19 04:00:00,NR,charging,4.10526315789,YZ,MW
2027-07-20 05:00:00,SO,charging,3.6,YZ,MW
2027-07-21 06:00:00,CE,charging,0.6,YZ,MW
2027-07-22 07:00:00,NR,charging,4.52631578947,YZ,MW
2027-07-23 08:00:00,SO,charging,4.52631578947,YZ,MW
2027-07-24 09:00:00,CE,charging,2.7,YZ,MW
2027-07-25 10:00:00,NR,charging,4.73684210526,YZ,MW
2027-07-26 11:00:00,SO,charging,4.73684210526,YZ,MW
2027-07-27 12:00:00,CE,charging,2.4,YZ,MW
2027-07-28 13:00:00,NR,charging,4.73684210526,YZ,MW
2027-07-29 14:00:00,SO,charging,4.73684210526,YZ,MW
2027-07-30 15:00:00,CE,charging,3.89473684211,YZ,MW
2027-07-31 16:00:00,NR,charging,3.89473684211,YZ,MW
2027-08-01 17:00:00,SO,charging,3.89473684211,YZ,MW
2027-08-02 18:00:00,CE,charging,3.68421052632,YZ,MW
2027-08-03 19:00:00,NR,charging,3.68421052632,YZ,MW
2027-08-04 20:00:00,SO,charging,3.68421052632,YZ,MW
2027-08-05 21:00:00,CE,charging,3.57894736842,YZ,MW
2027-08-06 22:00:00,NR,charging,3.57894736842,YZ,MW
2027-08-07 23:00:00,SO,charging,3.57894736842,YZ,MW
2027-08-09 00:00:00,CE,charging,3.47368421053,YZ,MW
2027-08-10 01:00:00,NR,charging,3.47368421053,YZ,MW
2027-08-11 02:00:00,SO,charging,3.47368421053,YZ,MW
2027-08-12 03:00:00,CE,charging,2.94736842105,YZ,MW
2027-08-13 04:00:00,NR,charging,2.94736842105,YZ,MW
2027-08-14 05:00:00,SO,charging,2.8,YZ,MW
2027-08-15 06:00:00,CE,charging,0.6,YZ,MW
2027-08-16 07:00:00,NR,charging,0.0,YZ,MW
2027-08-17 08:00:00,SO,charging,0.8,YZ,MW
2027-08-18 09:00:00,CE,charging,0.9,YZ,MW
2027-08-19 10:00:00,NR,charging,0.0,YZ,MW
2027-08-20 11:00:00,SO,charging,0.0,YZ,MW
2027-08-21 12:00:00,CE,charging,0.0,YZ,MW
2027-08-22 13:00:00,NR,charging,0.0,YZ,MW
2027-08-23 14:00:00,SO,charging,0.0,YZ,MW
2027-08-24 15:00:00,CE,charging,0.0,YZ,MW
2027-08-25 16:00:00,NR,charging,0.0,YZ,MW
2027-08-26 17:00:00,SO,charging,0.0,YZ,MW
2027-08-27 18:00:00,CE,charging,0.0,YZ,MW
2027-08-28 19:00:00,NR,charging,0.0,YZ,MW
2027-08-29 20:00:00,SO,charging,0.0,YZ,MW
2027-08-30 21:00:00,CE,charging,0.0,YZ,MW
2027-08-31 22:00:00,NR,charging,0.0,YZ,MW
2027-09-01 23:00:00,SO,charging,0.0,YZ,MW
2027-09-03 00:00:00,CE,charging,0.0,YZ,MW
2027-09-04 01:00:00,NR,charging,0.0,YZ,MW
2027-09-05 02:00:00,SO,charging,0.0,YZ,MW
2027-09-06 03:00:00,CE,charging,0.0,YZ,MW
2027-09-07 04:00:00,NR,charging,0.0,YZ,MW
2027-09-08 05:00:00,SO,charging,0.0,YZ,MW
2027-09-09 06:00:00,CE,charging,0.0,YZ,MW
2027-09-10 07:00:00,NR,charging,0.0,YZ,MW
2027-09-11 08:00:00,SO,charging,0.0,YZ,MW
2027-09-12 09:00:00,CE,charging,0.0,YZ,MW
2027-09-13 10:00:00,NR,charging,0.0,YZ,MW
2027-09-14 11:00:00,SO,charging,0.0,YZ,MW
2027-09-15 12:00:00,CE,charging,0.0,YZ,MW
2027-09-16 13:00:00,NR,charging,0.0,YZ,MW
2027-09-17 14:00:00,SO,charging,0.0,YZ,MW
2027-09-18 15:00:00,CE,charging,0.0,YZ,MW
2027-09-19 16:00:00,NR,charging,0.0,YZ,MW
2027-09-20 17:00:00,SO,charging,0.0,YZ,MW
2027-09-21 18:00:00,CE,charging,0.0,YZ,MW
2027-09-22 19:00:00,NR,charging,0.0,YZ,MW
2027-09-23 20:00:00,SO,charging,0.0,YZ,MW
2027-09-24 21:00:00,CE,charging,0.0,YZ,MW
2027-09-25 22:00:00,NR,charging,0.0,YZ,MW
2027-09-26 23:00:00,SO,charging,0.0,YZ,MW
2027-09-28 00:00:00,CE,charging,0.0,YZ,MW
2027-09-29 01:00:00,NR,charging,0.0,YZ,MW
2027-09-30 02:00:00,SO,charging,0.0,YZ,MW
2027-10-01 03:00:00,CE,charging,0.0,YZ,MW
2027-10-02 04:00:00,NR,charging,0.0,YZ,MW
2027-10-03 05:00:00,SO,charging,0.8,YZ,MW
2027-10-04 06:00:00,CE,charging,0.0,YZ,MW
2027-10-05 07:00:00,NR,charging,6.73684210526,YZ,MW
2027-10-06 08:00:00,SO,charging,6.4,YZ,MW
2027-10-07 09:00:00,CE,charging,1.2,YZ,MW
2027-10-08 10:00:00,NR,charging,6.905263157894738,YZ,MW
2027-10-09 11:00:00,SO,charging,5.6,YZ,MW
2027-10-10 12:00:00,CE,charging,4.21052631579,YZ,MW
2027-10-11 13:00:00,NR,charging,4.21052631579,YZ,MW
2027-10-12 14:00:00,SO,charging,4.21052631579,YZ,MW
2027-10-13 15:00:00,CE,charging,4.73684210526,YZ,MW
2027-10-14 16:00:00,NR,charging,4.73684210526,YZ,MW
2027-10-15 17:00:00,SO,charging,4.73684210526,YZ,MW
2027-10-16 18:00:00,CE,charging,4.42105263158,YZ,MW
2027-10-17 19:00:00,NR,charging,4.42105263158,YZ,MW
2027-10-18 20:00:00,SO,charging,4.42105263158,YZ,MW
2027-10-19 21:00:00,CE,charging,3.78947368421,YZ,MW
2027-10-20 22:00:00,NR,charging,3.78947368421,YZ,MW
2027-10-21 23:00:00,SO,charging,3.78947368421,YZ,MW
2027-10-23 00:00:00,CE,charging,1.36842105263,YZ,MW
2027-10-24 01:00:00,NR,charging,1.36842105263,YZ,MW
2027-10-25 02:00:00,SO,charging,1.36842105263,YZ,MW
2027-10-26 03:00:00,CE,charging,3.05263157895,YZ,MW
2027-10-27 04:00:00,NR,charging,3.05263157895,YZ,MW
2027-10-28 05:00:00,SO,charging,3.05263157895,YZ,MW
2027-10-29 06:00:00,CE,charging,0.9,YZ,MW
2027-10-30 07:00:00,NR,charging,0.0,YZ,MW
2027-10-31 08:00:00,SO,charging,1.6,YZ,MW
2027-11-01 09:00:00,CE,charging,0.0,YZ,MW
2027-11-02 10:00:00,NR,charging,0.0,YZ,MW
2027-11-03 11:00:00,SO,charging,0.0,YZ,MW
2027-11-04 12:00:00,CE,charging,0.0,YZ,MW
2027-11-05 13:00:00,NR,charging,0.0,YZ,MW
2027-11-06 14:00:00,SO,charging,0.0,YZ,MW
2027-11-07 15:00:00,CE,charging,0.0,YZ,MW
2027-11-08 16:00:00,NR,charging,0.0,YZ,MW
2027-11-09 17:00:00,SO,charging,0.0,YZ,MW
2027-11-10 18:00:00,CE,charging,0.0,YZ,MW
2027-11-11 19:00:00,NR,charging,0.0,YZ,MW
2027-11-12 20:00:00,SO,charging,0.0,YZ,MW
2027-11-13 21:00:00,CE,charging,0.0,YZ,MW
2027-11-14 22:00:00,NR,charging,0.0,YZ,MW
2027-11-15 23:00:00,SO,charging,0.0,YZ,MW
2027-11-17 00:00:00,CE,charging,0.0,YZ,MW
2027-11-18 01:00:00,NR,charging,0.0,YZ,MW
2027-11-19 02:00:00,SO,charging,0.0,YZ,MW
2027-11-20 03:00:00,CE,charging,0.0,YZ,MW
2027-11-21 04:00:00,NR,charging,0.0,YZ,MW
2027-11-22 05:00:00,SO,charging,0.0,YZ,MW
2027-11-23 06:00:00,CE,charging,0.0,YZ,MW
2027-11-24 07:00:00,NR,charging,0.0,YZ,MW
2027-11-25 08:00:00,SO,charging,0.0,YZ,MW
2027-11-26 09:00:00,CE,charging,0.0,YZ,MW
2027-11-27 10:00:00,NR,charging,0.0,YZ,MW
2027-11-28 11:00:00,SO,charging,0.0,YZ,MW
2027-11-29 12:00:00,CE,charging,0.0,YZ,MW
2027-11-30 13:00:00,NR,charging,0.0,YZ,MW
2027-12-01 14:00:00,SO,charging,0.0,YZ,MW
2027-12-02 15:00:00,CE,charging,0.0,YZ,MW
2027-12-03 16:00:00,NR,charging,0.0,YZ,MW
2027-12-04 17:00:00,SO,charging,0.0,YZ,MW
2027-12-05 18:00:00,CE,charging,0.0,YZ,MW
2027-12-06 19:00:00,NR,charging,0.0,YZ,MW
2027-12-07 20:00:00,SO,charging,0.0,YZ,MW
2027-12-08 21:00:00,CE,charging,0.0,YZ,MW
2027-12-09 22:00:00,NR,charging,0.0,YZ,MW
2027-12-10 23:00:00,SO,charging,0.0,YZ,MW
2027-12-12 00:00:00,CE,charging,0.0,YZ,MW
2027-12-13 01:00:00,NR,charging,0.0,YZ,MW
2027-12-14 02:00:00,SO,charging,0.0,YZ,MW
2027-12-15 03:00:00,CE,charging,0.0,YZ,MW
2027-12-16 04:00:00,NR,charging,0.0,YZ,MW
2027-12-17 05:00:00,SO,charging,0.0,YZ,MW
2027-12-18 06:00:00,CE,charging,0.0,YZ,MW
2027-12-19 07:00:00,NR,charging,5.747368421052632,YZ,MW
2027-12-20 08:00:00,SO,charging,2.4,YZ,MW
2027-12-21 09:00:00,CE,charging,1.2,YZ,MW
2027-12-22 10:00:00,NR,charging,5.36842105263,YZ,MW
2027-12-23 11:00:00,SO,charging,5.36842105263,YZ,MW
2027-12-24 12:00:00,CE,charging,3.6,YZ,MW
2027-12-25 13:00:00,NR,charging,4.52631578947,YZ,MW
2027-12-26 14:00:00,SO,charging,4.52631578947,YZ,MW
2027-12-27 15:00:00,CE,charging,3.26315789474,YZ,MW
2027-12-28 16:00:00,NR,charging,3.26315789474,YZ,MW
2027-12-29 17:00:00,SO,charging,3.26315789474,YZ,MW
2027-12-30 18:00:00,CE,charging,4.0,YZ,MW
2027-12-31 19:00:00,NR,charging,4.0,YZ,MW
2028-01-01 20:00:00,SO,charging,4.0,YZ,MW
2028-01-02 21:00:00,CE,charging,5.89473684211,YZ,MW
2028-01-03 22:00:00,NR,charging,5.89473684211,YZ,MW
2028-01-04 23:00:00,SO,charging,5.89473684211,YZ,MW
2025-01-01 00:00:00,CE,load,0.9850000000000001,YZ,MW
2025-01-02 01:00:00,NR,load,0.55,YZ,MW
2025-01-03 02:00:00,SO,load,0.7000000000000001,YZ,MW
2025-01-04 03:00:00,CE,load,4.728,YZ,MW
2025-01-05 04:00:00,NR,load,2.64,YZ,MW
2025-01-06 05:00:00,SO,load,3.36,YZ,MW
2025-01-07 06:00:00,CE,load,11.032,YZ,MW
2025-01-08 07:00:00,NR,load,6.16,YZ,MW
2025-01-09 08:00:00,SO,load,7.84,YZ,MW
2025-01-10 09:00:00,CE,load,12.607999999999999,YZ,MW
2025-01-11 10:00:00,NR,load,7.04,YZ,MW
2025-01-12 11:00:00,SO,load,8.959999999999999,YZ,MW
2025-01-13 12:00:00,CE,load,14.184000000000001,YZ,MW
2025-01-14 13:00:00,NR,load,7.92,YZ,MW
2025-01-15 14:00:00,SO,load,10.08,YZ,MW
2025-01-16 15:00:00,CE,load,9.653,YZ,MW
2025-01-17 16:00:00,NR,load,5.39,YZ,MW
2025-01-18 17:00:00,SO,load,6.859999999999999,YZ,MW
2025-01-19 18:00:00,CE,load,2.955,YZ,MW
2025-01-20 19:00:00,NR,load,1.6500000000000001,YZ,MW
2025-01-21 20:00:00,SO,load,2.1,YZ,MW
2025-01-22 21:00:00,CE,load,28.171000000000003,YZ,MW
2025-01-23 22:00:00,NR,load,15.73,YZ,MW
2025-01-24 23:00:00,SO,load,20.02,YZ,MW
2025-01-26 00:00:00,CE,load,32.702,YZ,MW
2025-01-27 01:00:00,NR,load,18.259999999999998,YZ,MW
2025-01-28 02:00:00,SO,load,23.24,YZ,MW
2025-01-29 03:00:00,CE,load,32.702,YZ,MW
2025-01-30 04:00:00,NR,load,18.259999999999998,YZ,MW
2025-01-31 05:00:00,SO,load,23.24,YZ,MW
2025-02-01 06:00:00,CE,load,32.308,YZ,MW
2025-02-02 07:00:00,NR,load,18.04,YZ,MW
2025-02-03 08:00:00,SO,load,22.96,YZ,MW
2025-02-04 09:00:00,CE,load,30.732,YZ,MW
2025-02-05 10:00:00,NR,load,17.16,YZ,MW
2025-02-06 11:00:00,SO,load,21.84,YZ,MW
2025-02-07 12:00:00,CE,load,16.745,YZ,MW
2025-02-08 13:00:00,NR,load,9.350000000000001,YZ,MW
2025-02-09 14:00:00,SO,load,11.9,YZ,MW
2025-02-10 15:00:00,CE,load,9.653,YZ,MW
2025-02-11 16:00:00,NR,load,5.39,YZ,MW
2025-02-12 17:00:00,SO,load,6.859999999999999,YZ,MW
2025-02-13 18:00:00,CE,load,33.49,YZ,MW
2025-02-14 19:00:00,NR,load,18.700000000000003,YZ,MW
2025-02-15 20:00:00,SO,load,23.8,YZ,MW
2025-02-16 21:00:00,CE,load,37.43,YZ,MW
2025-02-17 22:00:00,NR,load,20.900000000000002,YZ,MW
2025-02-18 23:00:00,SO,load,26.6,YZ,MW
2025-02-20 00:00:00,CE,load,38.021,YZ,MW
2025-02-21 01:00:00,NR,load,21.23,YZ,MW
2025-02-22 02:00:00,SO,load,27.02,YZ,MW
2025-02-23 03:00:00,CE,load,34.278,YZ,MW
2025-02-24 04:00:00,NR,load,19.14,YZ,MW
2025-02-25 05:00:00,SO,load,24.36,YZ,MW
2025-02-26 06:00:00,CE,load,28.762,YZ,MW
2025-02-27 07:00:00,NR,load,16.06,YZ,MW
2025-02-28 08:00:00,SO,load,20.44,YZ,MW
2025-03-01 09:00:00,CE,load,11.229000000000001,YZ,MW
2025-03-02 10:00:00,NR,load,6.2700000000000005,YZ,MW
2025-03-03 11:00:00,SO,load,7.98,YZ,MW
2025-03-04 12:00:00,CE,load,6.895,YZ,MW
2025-03-05 13:00:00,NR,load,3.8499999999999996,YZ,MW
2025-03-06 14:00:00,SO,load,4.8999999999999995,YZ,MW
2025-03-07 15:00:00,CE,load,21.276,YZ,MW
2025-03-08 16:00:00,NR,load,11.879999999999999,YZ,MW
2025-03-09 17:00:00,SO,load,15.12,YZ,MW
2025-03-10 18:00:00,CE,load,22.064,YZ,MW
2025-03-11 19:00:00,NR,load,12.32,YZ,MW
2025-03-12 20:00:00,SO,load,15.68,YZ,MW
2025-03-13 21:00:00,CE,load,20.094,YZ,MW
2025-03-14 22:00:00,NR,load,11.22,YZ,MW
2025-03-15 23:00:00,SO,load,14.28,YZ,MW
2025-03-17 00:00:00,CE,load,18.518,YZ,MW
2025-03-18 01:00:00,NR,load,10.34,YZ,MW
2025-03-19 02:00:00,SO,load,13.159999999999998,YZ,MW
2025-03-20 03:00:00,CE,load,13.987,YZ,MW
2025-03-21 04:00:00,NR,load,7.8100000000000005,YZ,MW
2025-03-22 05:00:00,SO,load,9.940000000000001,YZ,MW
2025-03-23 06:00:00,CE,load,3.7430000000000003,YZ,MW
2025-03-24 07:00:00,NR,load,2.0900000000000003,YZ,MW
2025-03-25 08:00:00,SO,load,2.66,YZ,MW
2025-03-26 09:00:00,CE,load,11.032,YZ,MW
2025-03-27 10:00:00,NR,load,6.16,YZ,MW
2025-03-28 11:00:00,SO,load,7.84,YZ,MW
2025-03-29 12:00:00,CE,load,18.518,YZ,MW
2025-03-30 13:00:00,NR,load,10.34,YZ,MW
2025-03-31 14:00:00,SO,load,13.159999999999998,YZ,MW
2025-04-01 15:00:00,CE,load,25.61,YZ,MW
2025-04-02 16:00:00,NR,load,14.299999999999999,YZ,MW
2025-04-03 17:00:00,SO,load,18.2,YZ,MW
2025-04-04 18:00:00,CE,load,32.899,YZ,MW
2025-04-05 19:00:00,NR,load,18.37,YZ,MW
2025-04-06 20:00:00,SO,load,23.38,YZ,MW
2025-04-07 21:00:00,CE,load,31.520000000000003,YZ,MW
2025-04-08 22:00:00,NR,load,17.6,YZ,MW
2025-04-09 23:00:00,SO,load,22.400000000000002,YZ,MW
2025-04-11 00:00:00,CE,load,15.169,YZ,MW
2025-04-12 01:00:00,NR,load,8.47,YZ,MW
2025-04-13 02:00:00,SO,load,10.78,YZ,MW
2025-04-14 03:00:00,CE,load,5.122,YZ,MW
2025-04-15 04:00:00,NR,load,2.86,YZ,MW
2025-04-16 05:00:00,SO,load,3.6399999999999997,YZ,MW
2025-04-17 06:00:00,CE,load,29.944000000000003,YZ,MW
2025-04-18 07:00:00,NR,load,16.720000000000002,YZ,MW
2025-04-19 08:00:00,SO,load,21.28,YZ,MW
2025-04-20 09:00:00,CE,load,33.49,YZ,MW
2025-04-21 10:00:00,NR,load,18.700000000000003,YZ,MW
2025-04-22 11:00:00,SO,load,23.8,YZ,MW
2025-04-23 12:00:00,CE,load,34.672,YZ,MW
2025-04-24 13:00:00,NR,load,19.36,YZ,MW
2025-04-25 14:00:00,SO,load,24.64,YZ,MW
2025-04-26 15:00:00,CE,load,35.065999999999995,YZ,MW
2025-04-27 16:00:00,NR,load,19.58,YZ,MW
2025-04-28 17:00:00,SO,load,24.919999999999998,YZ,MW
2025-04-29 18:00:00,CE,load,34.672,YZ,MW
2025-04-30 19:00:00,NR,load,19.36,YZ,MW
2025-05-01 20:00:00,SO,load,24.64,YZ,MW
2025-05-02 21:00:00,CE,load,15.760000000000002,YZ,MW
2025-05-03 22:00:00,NR,load,8.8,YZ,MW
2025-05-04 23:00:00,SO,load,11.200000000000001,YZ,MW
2025-05-06 00:00:00,CE,load,9.062,YZ,MW
2025-05-07 01:00:00,NR,load,5.06,YZ,MW
2025-05-08 02:00:00,SO,load,6.44,YZ,MW
2025-05-09 03:00:00,CE,load,29.747000000000003,YZ,MW
2025-05-10 04:00:00,NR,load,16.610000000000003,YZ,MW
2025-05-11 05:00:00,SO,load,21.14,YZ,MW
2025-05-12 06:00:00,CE,load,31.322999999999997,YZ,MW
2025-05-13 07:00:00,NR,load,17.49,YZ,MW
2025-05-14 08:00:00,SO,load,22.259999999999998,YZ,MW
2025-05-15 09:00:00,CE,load,28.959,YZ,MW
2025-05-16 10:00:00,NR,load,16.169999999999998,YZ,MW
2025-05-17 11:00:00,SO,load,20.58,YZ,MW
2025-05-18 12:00:00,CE,load,24.625,YZ,MW
2025-05-19 13:00:00,NR,load,13.75,YZ,MW
2025-05-20 14:00:00,SO,load,17.5,YZ,MW
2025-05-21 15:00:00,CE,load,21.079,YZ,MW
2025-05-22 16:00:00,NR,load,11.77,YZ,MW
2025-05-23 17:00:00,SO,load,14.98,YZ,MW
2025-05-24 18:00:00,CE,load,7.880000000000001,YZ,MW
2025-05-25 19:00:00,NR,load,4.4,YZ,MW
2025-05-26 20:00:00,SO,load,5.6000000000000005,YZ,MW
2025-05-27 21:00:00,CE,load,6.6979999999999995,YZ,MW
2025-05-28 22:00:00,NR,load,3.7399999999999998,YZ,MW
2025-05-29 23:00:00,SO,load,4.76,YZ,MW
2025-05-31 00:00:00,CE,load,17.73,YZ,MW
2025-06-01 01:00:00,NR,load,9.9,YZ,MW
2025-06-02 02:00:00,SO,load,12.600000000000001,YZ,MW
2025-06-03 03:00:00,CE,load,18.124,YZ,MW
2025-06-04 04:00:00,NR,load,10.12,YZ,MW
2025-06-05 05:00:00,SO,load,12.88,YZ,MW
2025-06-06 06:00:00,CE,load,16.942,YZ,MW
2025-06-07 07:00:00,NR,load,9.46,YZ,MW
2025-06-08 08:00:00,SO,load,12.040000000000001,YZ,MW
2025-06-09 09:00:00,CE,load,15.562999999999999,YZ,MW
2025-06-10 10:00:00,NR,load,8.69,YZ,MW
2025-06-11 11:00:00,SO,load,11.059999999999999,YZ,MW
2025-06-12 12:00:00,CE,load,11.229000000000001,YZ,MW
2025-06-13 13:00:00,NR,load,6.2700000000000005,YZ,MW
2025-06-14 14:00:00,SO,load,7.98,YZ,MW
2025-06-15 15:00:00,CE,load,2.955,YZ,MW
2025-06-16 16:00:00,NR,load,1.6500000000000001,YZ,MW
2025-06-17 17:00:00,SO,load,2.1,YZ,MW
2025-06-18 18:00:00,CE,load,27.974,YZ,MW
2025-06-19 19:00:00,NR,load,15.620000000000001,YZ,MW
2025-06-20 20:00:00,SO,load,19.880000000000003,YZ,MW
2025-06-21 21:00:00,CE,load,34.869,YZ,MW
2025-06-22 22:00:00,NR,load,19.47,YZ,MW
2025-06-23 23:00:00,SO,load,24.779999999999998,YZ,MW
2025-06-25 00:00:00,CE,load,34.475,YZ,MW
2025-06-26 01:00:00,NR,load,19.25,YZ,MW
2025-06-27 02:00:00,SO,load,24.5,YZ,MW
2025-06-28 03:00:00,CE,load,33.293,YZ,MW
2025-06-29 04:00:00,NR,load,18.59,YZ,MW
2025-06-30 05:00:00,SO,load,23.659999999999997,YZ,MW
2025-07-01 06:00:00,CE,load,30.338,YZ,MW
2025-07-02 07:00:00,NR,load,16.94,YZ,MW
2025-07-03 08:00:00,SO,load,21.56,YZ,MW
2025-07-04 09:00:00,CE,load,18.124,YZ,MW
2025-07-05 10:00:00,NR,load,10.12,YZ,MW
2025-07-06 11:00:00,SO,load,12.88,YZ,MW
2025-07-07 12:00:00,CE,load,9.85,YZ,MW
2025-07-08 13:00:00,NR,load,5.5,YZ,MW
2025-07-09 14:00:00,SO,load,7.0,YZ,MW
2025-07-10 15:00:00,CE,load,31.717000000000002,YZ,MW
2025-07-11 16:00:00,NR,load,17.71,YZ,MW
2025-07-12 17:00:00,SO,load,22.540000000000003,YZ,MW
2025-07-13 18:00:00,CE,load,36.641999999999996,YZ,MW
2025-07-14 19:00:00,NR,load,20.46,YZ,MW
2025-07-15 20:00:00,SO,load,26.04,YZ,MW
2025-07-16 21:00:00,CE,load,38.809,YZ,MW
2025-07-17 22:00:00,NR,load,21.669999999999998,YZ,MW
2025-07-18 23:00:00,SO,load,27.58,YZ,MW
2025-07-20 00:00:00,CE,load,38.612,YZ,MW
2025-07-21 01:00:00,NR,load,21.56,YZ,MW
2025-07-22 02:00:00,SO,load,27.439999999999998,YZ,MW
2025-07-23 03:00:00,CE,load,32.111000000000004,YZ,MW
2025-07-24 04:00:00,NR,load,17.93,YZ,MW
2025-07-25 05:00:00,SO,load,22.82,YZ,MW
2025-07-26 06:00:00,CE,load,14.578,YZ,MW
2025-07-27 07:00:00,NR,load,8.139999999999999,YZ,MW
2025-07-28 08:00:00,SO,load,10.36,YZ,MW
2025-07-29 09:00:00,CE,load,9.062,YZ,MW
2025-07-30 10:00:00,NR,load,5.06,YZ,MW
2025-07-31 11:00:00,SO,load,6.44,YZ,MW
2025-08-01 12:00:00,CE,load,23.837,YZ,MW
2025-08-02 13:00:00,NR,load,13.31,YZ,MW
2025-08-03 14:00:00,SO,load,16.94,YZ,MW
2025-08-04 15:00:00,CE,load,23.837,YZ,MW
2025-08-05 16:00:00,NR,load,13.31,YZ,MW
2025-08-06 17:00:00,SO,load,16.94,YZ,MW
2025-08-07 18:00:00,CE,load,23.049,YZ,MW
2025-08-08 19:00:00,NR,load,12.87,YZ,MW
2025-08-09 20:00:00,SO,load,16.38,YZ,MW
2025-08-10 21:00:00,CE,load,20.882,YZ,MW
2025-08-11 22:00:00,NR,load,11.66,YZ,MW
2025-08-12 23:00:00,SO,load,14.84,YZ,MW
2025-08-14 00:00:00,CE,load,15.562999999999999,YZ,MW
2025-08-15 01:00:00,NR,load,8.69,YZ,MW
2025-08-16 02:00:00,SO,load,11.059999999999999,YZ,MW
2025-08-17 03:00:00,CE,load,4.925,YZ,MW
2025-08-18 04:00:00,NR,load,2.75,YZ,MW
2025-08-19 05:00:00,SO,load,3.5,YZ,MW
2025-08-20 06:00:00,CE,load,8.668,YZ,MW
2025-08-21 07:00:00,NR,load,4.84,YZ,MW
2025-08-22 08:00:00,SO,load,6.16,YZ,MW
2025-08-23 09:00:00,CE,load,16.548,YZ,MW
2025-08-24 10:00:00,NR,load,9.24,YZ,MW
2025-08-25 11:00:00,SO,load,11.76,YZ,MW
2025-08-26 12:00:00,CE,load,19.7,YZ,MW
2025-08-27 13:00:00,NR,load,11.0,YZ,MW
2025-08-28 14:00:00,SO,load,14.0,YZ,MW
2025-08-29 15:00:00,CE,load,27.383,YZ,MW
2025-08-30 16:00:00,NR,load,15.29,YZ,MW
2025-08-31 17:00:00,SO,load,19.459999999999997,YZ,MW
2025-09-01 18:00:00,CE,load,33.096,YZ,MW
2025-09-02 19:00:00,NR,load,18.48,YZ,MW
2025-09-03 20:00:00,SO,load,23.52,YZ,MW
2025-09-04 21:00:00,CE,load,17.73,YZ,MW
2025-09-05 22:00:00,NR,load,9.9,YZ,MW
2025-09-06 23:00:00,SO,load,12.600000000000001,YZ,MW
2025-09-08 00:00:00,CE,load,5.516,YZ,MW
2025-09-09 01:00:00,NR,load,3.08,YZ,MW
2025-09-10 02:00:00,SO,load,3.92,YZ,MW
2025-09-11 03:00:00,CE,load,32.111000000000004,YZ,MW
2025-09-12 04:00:00,NR,load,17.93,YZ,MW
2025-09-13 05:00:00,SO,load,22.82,YZ,MW
2025-09-14 06:00:00,CE,load,35.46,YZ,MW
2025-09-15 07:00:00,NR,load,19.8,YZ,MW
2025-09-16 08:00:00,SO,load,25.200000000000003,YZ,MW
2025-09-17 09:00:00,CE,load,36.445,YZ,MW
2025-09-18 10:00:00,NR,load,20.35,YZ,MW
2025-09-19 11:00:00,SO,load,25.9,YZ,MW
2025-09-20 12:00:00,CE,load,35.657000000000004,YZ,MW
2025-09-21 13:00:00,NR,load,19.91,YZ,MW
2025-09-22 14:00:00,SO,load,25.34,YZ,MW
2025-09-23 15:00:00,CE,load,13.199,YZ,MW
2025-09-24 16:00:00,NR,load,7.37,YZ,MW
2025-09-25 17:00:00,SO,load,9.38,YZ,MW
2025-09-26 18:00:00,CE,load,15.760000000000002,YZ,MW
2025-09-27 19:00:00,NR,load,8.8,YZ,MW
2025-09-28 20:00:00,SO,load,11.200000000000001,YZ,MW
2025-09-29 21:00:00,CE,load,9.259,YZ,MW
2025-09-30 22:00:00,NR,load,5.17,YZ,MW
2025-10-01 23:00:00,SO,load,6.579999999999999,YZ,MW
2025-10-03 00:00:00,CE,load,13.395999999999999,YZ,MW
2025-10-04 01:00:00,NR,load,7.4799999999999995,YZ,MW
2025-10-05 02:00:00,SO,load,9.52,YZ,MW
2025-10-06 03:00:00,CE,load,33.687000000000005,YZ,MW
2025-10-07 04:00:00,NR,load,18.810000000000002,YZ,MW
2025-10-08 05:00:00,SO,load,23.94,YZ,MW
2025-10-09 06:00:00,CE,load,34.278,YZ,MW
2025-10-10 07:00:00,NR,load,19.14,YZ,MW
2025-10-11 08:00:00,SO,load,24.36,YZ,MW
2025-10-12 09:00:00,CE,load,30.535,YZ,MW
2025-10-13 10:00:00,NR,load,17.05,YZ,MW
2025-10-14 11:00:00,SO,load,21.7,YZ,MW
2025-10-15 12:00:00,CE,load,25.215999999999998,YZ,MW
2025-10-16 13:00:00,NR,load,14.08,YZ,MW
2025-10-17 14:00:00,SO,load,17.919999999999998,YZ,MW
2025-10-18 15:00:00,CE,load,11.032,YZ,MW
2025-10-19 16:00:00,NR,load,6.16,YZ,MW
2025-10-20 17:00:00,SO,load,7.84,YZ,MW
2025-10-21 18:00:00,CE,load,7.880000000000001,YZ,MW
2025-10-22 19:00:00,NR,load,4.4,YZ,MW
2025-10-23 20:00:00,SO,load,5.6000000000000005,YZ,MW
2025-10-24 21:00:00,CE,load,19.7,YZ,MW
2025-10-25 22:00:00,NR,load,11.0,YZ,MW
2025-10-26 23:00:00,SO,load,14.0,YZ,MW
2025-10-28 00:00:00,CE,load,19.7,YZ,MW
2025-10-29 01:00:00,NR,load,11.0,YZ,MW
2025-10-30 02:00:00,SO,load,14.0,YZ,MW
2025-10-31 03:00:00,CE,load,18.912,YZ,MW
2025-11-01 04:00:00,NR,load,10.56,YZ,MW
2025-11-02 05:00:00,SO,load,13.44,YZ,MW
2025-11-03 06:00:00,CE,load,17.139,YZ,MW
2025-11-04 07:00:00,NR,load,9.57,YZ,MW
2025-11-05 08:00:00,SO,load,12.18,YZ,MW
2025-11-06 09:00:00,CE,load,11.82,YZ,MW
2025-11-07 10:00:00,NR,load,6.6000000000000005,YZ,MW
2025-11-08 11:00:00,SO,load,8.4,YZ,MW
2025-11-09 12:00:00,CE,load,3.3489999999999998,YZ,MW
2025-11-10 13:00:00,NR,load,1.8699999999999999,YZ,MW
2025-11-11 14:00:00,SO,load,2.38,YZ,MW
2025-11-12 15:00:00,CE,load,24.034,YZ,MW
2025-11-13 16:00:00,NR,load,13.42,YZ,MW
2025-11-14 17:00:00,SO,load,17.08,YZ,MW
2025-11-15 18:00:00,CE,load,36.839,YZ,MW
2025-11-16 19:00:00,NR,load,20.57,YZ,MW
2025-11-17 20:00:00,SO,load,26.18,YZ,MW
2025-11-18 21:00:00,CE,load,38.612,YZ,MW
2025-11-19 22:00:00,NR,load,21.56,YZ,MW
2025-11-20 23:00:00,SO,load,27.439999999999998,YZ,MW
2025-11-22 00:00:00,CE,load,37.233000000000004,YZ,MW
2025-11-23 01:00:00,NR,load,20.790000000000003,YZ,MW
2025-11-24 02:00:00,SO,load,26.46,YZ,MW
2025-11-25 03:00:00,CE,load,33.687000000000005,YZ,MW
2025-11-26 04:00:00,NR,load,18.810000000000002,YZ,MW
2025-11-27 05:00:00,SO,load,23.94,YZ,MW
2025-11-28 06:00:00,CE,load,19.897000000000002,YZ,MW
2025-11-29 07:00:00,NR,load,11.11,YZ,MW
2025-11-30 08:00:00,SO,load,14.14,YZ,MW
2025-12-01 09:00:00,CE,load,10.638,YZ,MW
2025-12-02 10:00:00,NR,load,5.9399999999999995,YZ,MW
2025-12-03 11:00:00,SO,load,7.56,YZ,MW
2025-12-04 12:00:00,CE,load,33.687000000000005,YZ,MW
2025-12-05 13:00:00,NR,load,18.810000000000002,YZ,MW
2025-12-06 14:00:00,SO,load,23.94,YZ,MW
2025-12-07 15:00:00,CE,load,37.627,YZ,MW
2025-12-08 16:00:00,NR,load,21.01,YZ,MW
2025-12-09 17:00:00,SO,load,26.740000000000002,YZ,MW
2025-12-10 18:00:00,CE,load,39.991,YZ,MW
2025-12-11 19:00:00,NR,load,22.330000000000002,YZ,MW
2025-12-12 20:00:00,SO,load,28.42,YZ,MW
2025-12-13 21:00:00,CE,load,39.991,YZ,MW
2025-12-14 22:00:00,NR,load,22.330000000000002,YZ,MW
2025-12-15 23:00:00,SO,load,28.42,YZ,MW
2025-12-17 00:00:00,CE,load,35.657000000000004,YZ,MW
2025-12-18 01:00:00,NR,load,19.91,YZ,MW
2025-12-19 02:00:00,SO,load,25.34,YZ,MW
2025-12-20 03:00:00,CE,load,16.942,YZ,MW
2025-12-21 04:00:00,NR,load,9.46,YZ,MW
2025-12-22 05:00:00,SO,load,12.040000000000001,YZ,MW
2025-12-23 06:00:00,CE,load,11.229000000000001,YZ,MW
2025-12-24 07:00:00,NR,load,6.2700000000000005,YZ,MW
2025-12-25 08:00:00,SO,load,7.98,YZ,MW
2025-12-26 09:00:00,CE,load,23.64,YZ,MW
2025-12-27 10:00:00,NR,load,13.200000000000001,YZ,MW
2025-12-28 11:00:00,SO,load,16.8,YZ,MW
2025-12-29 12:00:00,CE,load,8.668,YZ,MW
2025-12-30 13:00:00,NR,load,4.84,YZ,MW
2025-12-31 14:00:00,SO,load,6.16,YZ,MW
2026-01-01 15:00:00,CE,load,23.246,YZ,MW
2026-01-02 16:00:00,NR,load,12.979999999999999,YZ,MW
2026-01-03 17:00:00,SO,load,16.52,YZ,MW
2026-01-04 18:00:00,CE,load,22.852,YZ,MW
2026-01-05 19:00:00,NR,load,12.76,YZ,MW
2026-01-06 20:00:00,SO,load,16.24,YZ,MW
2026-01-07 21:00:00,CE,load,18.518,YZ,MW
2026-01-08 22:00:00,NR,load,10.34,YZ,MW
2026-01-09 23:00:00,SO,load,13.159999999999998,YZ,MW
2026-01-11 00:00:00,CE,load,6.6979999999999995,YZ,MW
2026-01-12 01:00:00,NR,load,3.7399999999999998,YZ,MW
2026-01-13 02:00:00,SO,load,4.76,YZ,MW
2026-01-14 03:00:00,CE,load,8.668,YZ,MW
2026-01-15 04:00:00,NR,load,4.84,YZ,MW
2026-01-16 05:00:00,SO,load,6.16,YZ,MW
2026-01-17 06:00:00,CE,load,17.336,YZ,MW
2026-01-18 07:00:00,NR,load,9.68,YZ,MW
2026-01-19 08:00:00,SO,load,12.32,YZ,MW
2026-01-20 09:00:00,CE,load,18.124,YZ,MW
2026-01-21 10:00:00,NR,load,10.12,YZ,MW
2026-01-22 11:00:00,SO,load,12.88,YZ,MW
2026-01-23 12:00:00,CE,load,10.835,YZ,MW
2026-01-24 13:00:00,NR,load,6.05,YZ,MW
2026-01-25 14:00:00,SO,load,7.7,YZ,MW
2026-01-26 15:00:00,CE,load,23.443,YZ,MW
2026-01-27 16:00:00,NR,load,13.09,YZ,MW
2026-01-28 17:00:00,SO,load,16.66,YZ,MW
2026-01-29 18:00:00,CE,load,14.578,YZ,MW
2026-01-30 19:00:00,NR,load,8.139999999999999,YZ,MW
2026-01-31 20:00:00,SO,load,10.36,YZ,MW
2026-02-01 21:00:00,CE,load,4.334,YZ,MW
2026-02-02 22:00:00,NR,load,2.42,YZ,MW
2026-02-03 23:00:00,SO,load,3.08,YZ,MW
2026-02-05 00:00:00,CE,load,32.505,YZ,MW
2026-02-06 01:00:00,NR,load,18.15,YZ,MW
2026-02-07 02:00:00,SO,load,23.1,YZ,MW
2026-02-08 03:00:00,CE,load,37.233000000000004,YZ,MW
2026-02-09 04:00:00,NR,load,20.790000000000003,YZ,MW
2026-02-10 05:00:00,SO,load,26.46,YZ,MW
2026-02-11 06:00:00,CE,load,36.641999999999996,YZ,MW
2026-02-12 07:00:00,NR,load,20.46,YZ,MW
2026-02-13 08:00:00,SO,load,26.04,YZ,MW
2026-02-14 09:00:00,CE,load,36.248,YZ,MW
2026-02-15 10:00:00,NR,load,20.24,YZ,MW
2026-02-16 11:00:00,SO,load,25.76,YZ,MW
2026-02-17 12:00:00,CE,load,36.641999999999996,YZ,MW
2026-02-18 13:00:00,NR,load,20.46,YZ,MW
2026-02-19 14:00:00,SO,load,26.04,YZ,MW
2026-02-20 15:00:00,CE,load,20.291,YZ,MW
2026-02-21 16:00:00,NR,load,11.33,YZ,MW
2026-02-22 17:00:00,SO,load,14.42,YZ,MW
2026-02-23 18:00:00,CE,load,10.244,YZ,MW
2026-02-24 19:00:00,NR,load,5.72,YZ,MW
2026-02-25 20:00:00,SO,load,7.279999999999999,YZ,MW
2026-02-26 21:00:00,CE,load,12.607999999999999,YZ,MW
2026-02-27 22:00:00,NR,load,7.04,YZ,MW
2026-02-28 23:00:00,SO,load,8.959999999999999,YZ,MW
2026-03-02 00:00:00,CE,load,37.036,YZ,MW
2026-03-03 01:00:00,NR,load,20.68,YZ,MW
2026-03-04 02:00:00,SO,load,26.319999999999997,YZ,MW
2026-03-05 03:00:00,CE,load,38.415,YZ,MW
2026-03-06 04:00:00,NR,load,21.45,YZ,MW
2026-03-07 05:00:00,SO,load,27.3,YZ,MW
2026-03-08 06:00:00,CE,load,35.263,YZ,MW
2026-03-09 07:00:00,NR,load,19.689999999999998,YZ,MW
2026-03-10 08:00:00,SO,load,25.06,YZ,MW
2026-03-11 09:00:00,CE,load,27.777,YZ,MW
2026-03-12 10:00:00,NR,load,15.510000000000002,YZ,MW
2026-03-13 11:00:00,SO,load,19.740000000000002,YZ,MW
2026-03-14 12:00:00,CE,load,12.214,YZ,MW
2026-03-15 13:00:00,NR,load,6.82,YZ,MW
2026-03-16 14:00:00,SO,load,8.68,YZ,MW
2026-03-17 15:00:00,CE,load,7.289,YZ,MW
2026-03-18 16:00:00,NR,load,4.069999999999999,YZ,MW
2026-03-19 17:00:00,SO,load,5.18,YZ,MW
2026-03-20 18:00:00,CE,load,21.867,YZ,MW
2026-03-21 19:00:00,NR,load,12.21,YZ,MW
2026-03-22 20:00:00,SO,load,15.540000000000001,YZ,MW
2026-03-23 21:00:00,CE,load,21.867,YZ,MW
2026-03-24 22:00:00,NR,load,12.21,YZ,MW
2026-03-25 23:00:00,SO,load,15.540000000000001,YZ,MW
2026-03-27 00:00:00,CE,load,18.320999999999998,YZ,MW
2026-03-28 01:00:00,NR,load,10.23,YZ,MW
2026-03-29 02:00:00,SO,load,13.02,YZ,MW
2026-03-30 03:00:00,CE,load,12.214,YZ,MW
2026-03-31 04:00:00,NR,load,6.82,YZ,MW
2026-04-01 05:00:00,SO,load,8.68,YZ,MW
2026-04-02 06:00:00,CE,load,12.805,YZ,MW
2026-04-03 07:00:00,NR,load,7.1499999999999995,YZ,MW
2026-04-04 08:00:00,SO,load,9.1,YZ,MW
2026-04-05 09:00:00,CE,load,3.9400000000000004,YZ,MW
2026-04-06 10:00:00,NR,load,2.2,YZ,MW
2026-04-07 11:00:00,SO,load,2.8000000000000003,YZ,MW
2026-04-08 12:00:00,CE,load,16.548,YZ,MW
2026-04-09 13:00:00,NR,load,9.24,YZ,MW
2026-04-10 14:00:00,SO,load,11.76,YZ,MW
2026-04-11 15:00:00,CE,load,28.959,YZ,MW
2026-04-12 16:00:00,NR,load,16.169999999999998,YZ,MW
2026-04-13 17:00:00,SO,load,20.58,YZ,MW
2026-04-14 18:00:00,CE,load,37.233000000000004,YZ,MW
2026-04-15 19:00:00,NR,load,20.790000000000003,YZ,MW
2026-04-16 20:00:00,SO,load,26.46,YZ,MW
2026-04-17 21:00:00,CE,load,36.445,YZ,MW
2026-04-18 22:00:00,NR,load,20.35,YZ,MW
2026-04-19 23:00:00,SO,load,25.9,YZ,MW
2026-04-21 00:00:00,CE,load,37.824,YZ,MW
2026-04-22 01:00:00,NR,load,21.12,YZ,MW
2026-04-23 02:00:00,SO,load,26.88,YZ,MW
2026-04-24 03:00:00,CE,load,34.278,YZ,MW
2026-04-25 04:00:00,NR,load,19.14,YZ,MW
2026-04-26 05:00:00,SO,load,24.36,YZ,MW
2026-04-27 06:00:00,CE,load,20.094,YZ,MW
2026-04-28 07:00:00,NR,load,11.22,YZ,MW
2026-04-29 08:00:00,SO,load,14.28,YZ,MW
2026-04-30 09:00:00,CE,load,10.047,YZ,MW
2026-05-01 10:00:00,NR,load,5.61,YZ,MW
2026-05-02 11:00:00,SO,load,7.14,YZ,MW
2026-05-03 12:00:00,CE,load,32.702,YZ,MW
2026-05-04 13:00:00,NR,load,18.259999999999998,YZ,MW
2026-05-05 14:00:00,SO,load,23.24,YZ,MW
2026-05-06 15:00:00,CE,load,35.854,YZ,MW
2026-05-07 16:00:00,NR,load,20.02,YZ,MW
2026-05-08 17:00:00,SO,load,25.48,YZ,MW
2026-05-09 18:00:00,CE,load,37.43,YZ,MW
2026-05-10 19:00:00,NR,load,20.900000000000002,YZ,MW
2026-05-11 20:00:00,SO,load,26.6,YZ,MW
2026-05-12 21:00:00,CE,load,38.612,YZ,MW
2026-05-13 22:00:00,NR,load,21.56,YZ,MW
2026-05-14 23:00:00,SO,load,27.439999999999998,YZ,MW
2026-05-16 00:00:00,CE,load,35.657000000000004,YZ,MW
2026-05-17 01:00:00,NR,load,19.91,YZ,MW
2026-05-18 02:00:00,SO,load,25.34,YZ,MW
2026-05-19 03:00:00,CE,load,16.745,YZ,MW
2026-05-20 04:00:00,NR,load,9.350000000000001,YZ,MW
2026-05-21 05:00:00,SO,load,11.9,YZ,MW
2026-05-22 06:00:00,CE,load,11.032,YZ,MW
2026-05-23 07:00:00,NR,load,6.16,YZ,MW
2026-05-24 08:00:00,SO,load,7.84,YZ,MW
2026-05-25 09:00:00,CE,load,30.929,YZ,MW
2026-05-26 10:00:00,NR,load,17.27,YZ,MW
2026-05-27 11:00:00,SO,load,21.98,YZ,MW
2026-05-28 12:00:00,CE,load,29.352999999999998,YZ,MW
2026-05-29 13:00:00,NR,load,16.39,YZ,MW
2026-05-30 14:00:00,SO,load,20.86,YZ,MW
2026-05-31 15:00:00,CE,load,26.595,YZ,MW
2026-06-01 16:00:00,NR,load,14.85,YZ,MW
2026-06-02 17:00:00,SO,load,18.9,YZ,MW
2026-06-03 18:00:00,CE,load,24.428,YZ,MW
2026-06-04 19:00:00,NR,load,13.64,YZ,MW
2026-06-05 20:00:00,SO,load,17.36,YZ,MW
2026-06-06 21:00:00,CE,load,20.882,YZ,MW
2026-06-07 22:00:00,NR,load,11.66,YZ,MW
2026-06-08 23:00:00,SO,load,14.84,YZ,MW
2026-06-10 00:00:00,CE,load,8.077,YZ,MW
2026-06-11 01:00:00,NR,load,4.51,YZ,MW
2026-06-12 02:00:00,SO,load,5.74,YZ,MW
2026-06-13 03:00:00,CE,load,8.274,YZ,MW
2026-06-14 04:00:00,NR,load,4.62,YZ,MW
2026-06-15 05:00:00,SO,load,5.88,YZ,MW
2026-06-16 06:00:00,CE,load,17.532999999999998,YZ,MW
2026-06-17 07:00:00,NR,load,9.79,YZ,MW
2026-06-18 08:00:00,SO,load,12.459999999999999,YZ,MW
2026-06-19 09:00:00,CE,load,17.532999999999998,YZ,MW
2026-06-20 10:00:00,NR,load,9.79,YZ,MW
2026-06-21 11:00:00,SO,load,12.459999999999999,YZ,MW
2026-06-22 12:00:00,CE,load,17.73,YZ,MW
2026-06-23 13:00:00,NR,load,9.9,YZ,MW
2026-06-24 14:00:00,SO,load,12.600000000000001,YZ,MW
2026-06-25 15:00:00,CE,load,19.7,YZ,MW
2026-06-26 16:00:00,NR,load,11.0,YZ,MW
2026-06-27 17:00:00,SO,load,14.0,YZ,MW
2026-06-28 18:00:00,CE,load,13.593,YZ,MW
2026-06-29 19:00:00,NR,load,7.59,YZ,MW
2026-06-30 20:00:00,SO,load,9.66,YZ,MW
2026-07-01 21:00:00,CE,load,4.334,YZ,MW
2026-07-02 22:00:00,NR,load,2.42,YZ,MW
2026-07-03 23:00:00,SO,load,3.08,YZ,MW
2026-07-05 00:00:00,CE,load,32.308,YZ,MW
2026-07-06 01:00:00,NR,load,18.04,YZ,MW
2026-07-07 02:00:00,SO,load,22.96,YZ,MW
2026-07-08 03:00:00,CE,load,35.065999999999995,YZ,MW
2026-07-09 04:00:00,NR,load,19.58,YZ,MW
2026-07-10 05:00:00,SO,load,24.919999999999998,YZ,MW
2026-07-11 06:00:00,CE,load,35.46,YZ,MW
2026-07-12 07:00:00,NR,load,19.8,YZ,MW
2026-07-13 08:00:00,SO,load,25.200000000000003,YZ,MW
2026-07-14 09:00:00,CE,load,34.869,YZ,MW
2026-07-15 10:00:00,NR,load,19.47,YZ,MW
2026-07-16 11:00:00,SO,load,24.779999999999998,YZ,MW
2026-07-17 12:00:00,CE,load,33.884,YZ,MW
2026-07-18 13:00:00,NR,load,18.92,YZ,MW
2026-07-19 14:00:00,SO,load,24.080000000000002,YZ,MW
2026-07-20 15:00:00,CE,load,16.745,YZ,MW
2026-07-21 16:00:00,NR,load,9.350000000000001,YZ,MW
2026-07-22 17:00:00,SO,load,11.9,YZ,MW
2026-07-23 18:00:00,CE,load,12.607999999999999,YZ,MW
2026-07-24 19:00:00,NR,load,7.04,YZ,MW
2026-07-25 20:00:00,SO,load,8.959999999999999,YZ,MW
2026-07-26 21:00:00,CE,load,33.884,YZ,MW
2026-07-27 22:00:00,NR,load,18.92,YZ,MW
2026-07-28 23:00:00,SO,load,24.080000000000002,YZ,MW
2026-07-30 00:00:00,CE,load,37.824,YZ,MW
2026-07-31 01:00:00,NR,load,21.12,YZ,MW
2026-08-01 02:00:00,SO,load,26.88,YZ,MW
2026-08-02 03:00:00,CE,load,38.415,YZ,MW
2026-08-03 04:00:00,NR,load,21.45,YZ,MW
2026-08-04 05:00:00,SO,load,27.3,YZ,MW
2026-08-05 06:00:00,CE,load,35.657000000000004,YZ,MW
2026-08-06 07:00:00,NR,load,19.91,YZ,MW
2026-08-07 08:00:00,SO,load,25.34,YZ,MW
2026-08-08 09:00:00,CE,load,29.352999999999998,YZ,MW
2026-08-09 10:00:00,NR,load,16.39,YZ,MW
2026-08-10 11:00:00,SO,load,20.86,YZ,MW
2026-08-11 12:00:00,CE,load,11.032,YZ,MW
2026-08-12 13:00:00,NR,load,6.16,YZ,MW
2026-08-13 14:00:00,SO,load,7.84,YZ,MW
2026-08-14 15:00:00,CE,load,9.85,YZ,MW
2026-08-15 16:00:00,NR,load,5.5,YZ,MW
2026-08-16 17:00:00,SO,load,7.0,YZ,MW
2026-08-17 18:00:00,CE,load,21.67,YZ,MW
2026-08-18 19:00:00,NR,load,12.1,YZ,MW
2026-08-19 20:00:00,SO,load,15.4,YZ,MW
2026-08-20 21:00:00,CE,load,22.261,YZ,MW
2026-08-21 22:00:00,NR,load,12.43,YZ,MW
2026-08-22 23:00:00,SO,load,15.819999999999999,YZ,MW
2026-08-24 00:00:00,CE,load,20.685000000000002,YZ,MW
2026-08-25 01:00:00,NR,load,11.55,YZ,MW
2026-08-26 02:00:00,SO,load,14.700000000000001,YZ,MW
2026-08-27 03:00:00,CE,load,18.912,YZ,MW
2026-08-28 04:00:00,NR,load,10.56,YZ,MW
2026-08-29 05:00:00,SO,load,13.44,YZ,MW
2026-08-30 06:00:00,CE,load,14.578,YZ,MW
2026-08-31 07:00:00,NR,load,8.139999999999999,YZ,MW
2026-09-01 08:00:00,SO,load,10.36,YZ,MW
2026-09-02 09:00:00,CE,load,4.728,YZ,MW
2026-09-03 10:00:00,NR,load,2.64,YZ,MW
2026-09-04 11:00:00,SO,load,3.36,YZ,MW
2026-09-05 12:00:00,CE,load,11.623,YZ,MW
2026-09-06 13:00:00,NR,load,6.489999999999999,YZ,MW
2026-09-07 14:00:00,SO,load,8.26,YZ,MW
2026-09-08 15:00:00,CE,load,19.108999999999998,YZ,MW
2026-09-09 16:00:00,NR,load,10.67,YZ,MW
2026-09-10 17:00:00,SO,load,13.58,YZ,MW
2026-09-11 18:00:00,CE,load,26.595,YZ,MW
2026-09-12 19:00:00,NR,load,14.85,YZ,MW
2026-09-13 20:00:00,SO,load,18.9,YZ,MW
2026-09-14 21:00:00,CE,load,33.687000000000005,YZ,MW
2026-09-15 22:00:00,NR,load,18.810000000000002,YZ,MW
2026-09-16 23:00:00,SO,load,23.94,YZ,MW
2026-09-18 00:00:00,CE,load,31.914,YZ,MW
2026-09-19 01:00:00,NR,load,17.82,YZ,MW
2026-09-20 02:00:00,SO,load,22.68,YZ,MW
2026-09-21 03:00:00,CE,load,14.184000000000001,YZ,MW
2026-09-22 04:00:00,NR,load,7.92,YZ,MW
2026-09-23 05:00:00,SO,load,10.08,YZ,MW
2026-09-24 06:00:00,CE,load,8.865,YZ,MW
2026-09-25 07:00:00,NR,load,4.95,YZ,MW
2026-09-26 08:00:00,SO,load,6.300000000000001,YZ,MW
2026-09-27 09:00:00,CE,load,30.535,YZ,MW
2026-09-28 10:00:00,NR,load,17.05,YZ,MW
2026-09-29 11:00:00,SO,load,21.7,YZ,MW
2026-09-30 12:00:00,CE,load,32.899,YZ,MW
2026-10-01 13:00:00,NR,load,18.37,YZ,MW
2026-10-02 14:00:00,SO,load,23.38,YZ,MW
2026-10-03 15:00:00,CE,load,33.49,YZ,MW
2026-10-04 16:00:00,NR,load,18.700000000000003,YZ,MW
2026-10-05 17:00:00,SO,load,23.8,YZ,MW
2026-10-06 18:00:00,CE,load,33.687000000000005,YZ,MW
2026-10-07 19:00:00,NR,load,18.810000000000002,YZ,MW
2026-10-08 20:00:00,SO,load,23.94,YZ,MW
2026-10-09 21:00:00,CE,load,33.096,YZ,MW
2026-10-10 22:00:00,NR,load,18.48,YZ,MW
2026-10-11 23:00:00,SO,load,23.52,YZ,MW
2026-10-13 00:00:00,CE,load,14.774999999999999,YZ,MW
2026-10-14 01:00:00,NR,load,8.25,YZ,MW
2026-10-15 02:00:00,SO,load,10.499999999999998,YZ,MW
2026-10-16 03:00:00,CE,load,12.607999999999999,YZ,MW
2026-10-17 04:00:00,NR,load,7.04,YZ,MW
2026-10-18 05:00:00,SO,load,8.959999999999999,YZ,MW
2026-10-19 06:00:00,CE,load,31.717000000000002,YZ,MW
2026-10-20 07:00:00,NR,load,17.71,YZ,MW
2026-10-21 08:00:00,SO,load,22.540000000000003,YZ,MW
2026-10-22 09:00:00,CE,load,31.125999999999998,YZ,MW
2026-10-23 10:00:00,NR,load,17.38,YZ,MW
2026-10-24 11:00:00,SO,load,22.119999999999997,YZ,MW
2026-10-25 12:00:00,CE,load,27.777,YZ,MW
2026-10-26 13:00:00,NR,load,15.510000000000002,YZ,MW
2026-10-27 14:00:00,SO,load,19.740000000000002,YZ,MW
2026-10-28 15:00:00,CE,load,24.625,YZ,MW
2026-10-29 16:00:00,NR,load,13.75,YZ,MW
2026-10-30 17:00:00,SO,load,17.5,YZ,MW
2026-10-31 18:00:00,CE,load,21.276,YZ,MW
2026-11-01 19:00:00,NR,load,11.879999999999999,YZ,MW
2026-11-02 20:00:00,SO,load,15.12,YZ,MW
2026-11-03 21:00:00,CE,load,9.062,YZ,MW
2026-11-04 22:00:00,NR,load,5.06,YZ,MW
2026-11-05 23:00:00,SO,load,6.44,YZ,MW
2026-11-07 00:00:00,CE,load,8.077,YZ,MW
2026-11-08 01:00:00,NR,load,4.51,YZ,MW
2026-11-09 02:00:00,SO,load,5.74,YZ,MW
2026-11-10 03:00:00,CE,load,16.745,YZ,MW
2026-11-11 04:00:00,NR,load,9.350000000000001,YZ,MW
2026-11-12 05:00:00,SO,load,11.9,YZ,MW
2026-11-13 06:00:00,CE,load,16.154,YZ,MW
2026-11-14 07:00:00,NR,load,9.02,YZ,MW
2026-11-15 08:00:00,SO,load,11.48,YZ,MW
2026-11-16 09:00:00,CE,load,13.79,YZ,MW
2026-11-17 10:00:00,NR,load,7.699999999999999,YZ,MW
2026-11-18 11:00:00,SO,load,9.799999999999999,YZ,MW
2026-11-19 12:00:00,CE,load,14.774999999999999,YZ,MW
2026-11-20 13:00:00,NR,load,8.25,YZ,MW
2026-11-21 14:00:00,SO,load,10.499999999999998,YZ,MW
2026-11-22 15:00:00,CE,load,11.426,YZ,MW
2026-11-23 16:00:00,NR,load,6.38,YZ,MW
2026-11-24 17:00:00,SO,load,8.12,YZ,MW
2026-11-25 18:00:00,CE,load,4.137,YZ,MW
2026-11-26 19:00:00,NR,load,2.31,YZ,MW
2026-11-27 20:00:00,SO,load,2.94,YZ,MW
2026-11-28 21:00:00,CE,load,29.747000000000003,YZ,MW
2026-11-29 22:00:00,NR,load,16.610000000000003,YZ,MW
2026-11-30 23:00:00,SO,load,21.14,YZ,MW
2026-12-02 00:00:00,CE,load,35.065999999999995,YZ,MW
2026-12-03 01:00:00,NR,load,19.58,YZ,MW
2026-12-04 02:00:00,SO,load,24.919999999999998,YZ,MW
2026-12-05 03:00:00,CE,load,34.081,YZ,MW
2026-12-06 04:00:00,NR,load,19.03,YZ,MW
2026-12-07 05:00:00,SO,load,24.22,YZ,MW
2026-12-08 06:00:00,CE,load,34.475,YZ,MW
2026-12-09 07:00:00,NR,load,19.25,YZ,MW
2026-12-10 08:00:00,SO,load,24.5,YZ,MW
2026-12-11 09:00:00,CE,load,32.111000000000004,YZ,MW
2026-12-12 10:00:00,NR,load,17.93,YZ,MW
2026-12-13 11:00:00,SO,load,22.82,YZ,MW
2026-12-14 12:00:00,CE,load,17.139,YZ,MW
2026-12-15 13:00:00,NR,load,9.57,YZ,MW
2026-12-16 14:00:00,SO,load,12.18,YZ,MW
2026-12-17 15:00:00,CE,load,13.002,YZ,MW
2026-12-18 16:00:00,NR,load,7.260000000000001,YZ,MW
2026-12-19 17:00:00,SO,load,9.24,YZ,MW
2026-12-20 18:00:00,CE,load,32.505,YZ,MW
2026-12-21 19:00:00,NR,load,18.15,YZ,MW
2026-12-22 20:00:00,SO,load,23.1,YZ,MW
2026-12-23 21:00:00,CE,load,36.051,YZ,MW
2026-12-24 22:00:00,NR,load,20.13,YZ,MW
2026-12-25 23:00:00,SO,load,25.62,YZ,MW
2026-12-27 00:00:00,CE,load,37.43,YZ,MW
2026-12-28 01:00:00,NR,load,20.900000000000002,YZ,MW
2026-12-29 02:00:00,SO,load,26.6,YZ,MW
2026-12-30 03:00:00,CE,load,37.036,YZ,MW
2026-12-31 04:00:00,NR,load,20.68,YZ,MW
2027-01-01 05:00:00,SO,load,26.319999999999997,YZ,MW
2027-01-02 06:00:00,CE,load,31.520000000000003,YZ,MW
2027-01-03 07:00:00,NR,load,17.6,YZ,MW
2027-01-04 08:00:00,SO,load,22.400000000000002,YZ,MW
2027-01-05 09:00:00,CE,load,15.366,YZ,MW
2027-01-06 10:00:00,NR,load,8.58,YZ,MW
2027-01-07 11:00:00,SO,load,10.92,YZ,MW
2027-01-08 12:00:00,CE,load,11.623,YZ,MW
2027-01-09 13:00:00,NR,load,6.489999999999999,YZ,MW
2027-01-10 14:00:00,SO,load,8.26,YZ,MW
2027-01-11 15:00:00,CE,load,23.246,YZ,MW
2027-01-12 16:00:00,NR,load,12.979999999999999,YZ,MW
2027-01-13 17:00:00,SO,load,16.52,YZ,MW
2027-01-14 18:00:00,CE,load,23.443,YZ,MW
2027-01-15 19:00:00,NR,load,13.09,YZ,MW
2027-01-16 20:00:00,SO,load,16.66,YZ,MW
2027-01-17 21:00:00,CE,load,22.655,YZ,MW
2027-01-18 22:00:00,NR,load,12.65,YZ,MW
2027-01-19 23:00:00,SO,load,16.1,YZ,MW
2027-01-21 00:00:00,CE,load,20.488,YZ,MW
2027-01-22 01:00:00,NR,load,11.44,YZ,MW
2027-01-23 02:00:00,SO,load,14.559999999999999,YZ,MW
2027-01-24 03:00:00,CE,load,15.760000000000002,YZ,MW
2027-01-25 04:00:00,NR,load,8.8,YZ,MW
2027-01-26 05:00:00,SO,load,11.200000000000001,YZ,MW
2027-01-27 06:00:00,CE,load,5.516,YZ,MW
2027-01-28 07:00:00,NR,load,3.08,YZ,MW
2027-01-29 08:00:00,SO,load,3.92,YZ,MW
2027-01-30 09:00:00,CE,load,9.259,YZ,MW
2027-01-31 10:00:00,NR,load,5.17,YZ,MW
2027-02-01 11:00:00,SO,load,6.579999999999999,YZ,MW
2027-02-02 12:00:00,CE,load,16.942,YZ,MW
2027-02-03 13:00:00,NR,load,9.46,YZ,MW
2027-02-04 14:00:00,SO,load,12.040000000000001,YZ,MW
2027-02-05 15:00:00,CE,load,20.488,YZ,MW
2027-02-06 16:00:00,NR,load,11.44,YZ,MW
2027-02-07 17:00:00,SO,load,14.559999999999999,YZ,MW
2027-02-08 18:00:00,CE,load,27.58,YZ,MW
2027-02-09 19:00:00,NR,load,15.399999999999999,YZ,MW
2027-02-10 20:00:00,SO,load,19.599999999999998,YZ,MW
2027-02-11 21:00:00,CE,load,31.914,YZ,MW
2027-02-12 22:00:00,NR,load,17.82,YZ,MW
2027-02-13 23:00:00,SO,load,22.68,YZ,MW
2027-02-15 00:00:00,CE,load,16.351,YZ,MW
2027-02-16 01:00:00,NR,load,9.129999999999999,YZ,MW
2027-02-17 02:00:00,SO,load,11.62,YZ,MW
2027-02-18 03:00:00,CE,load,6.303999999999999,YZ,MW
2027-02-19 04:00:00,NR,load,3.52,YZ,MW
2027-02-20 05:00:00,SO,load,4.4799999999999995,YZ,MW
2027-02-21 06:00:00,CE,load,31.914,YZ,MW
2027-02-22 07:00:00,NR,load,17.82,YZ,MW
2027-02-23 08:00:00,SO,load,22.68,YZ,MW
2027-02-24 09:00:00,CE,load,34.869,YZ,MW
2027-02-25 10:00:00,NR,load,19.47,YZ,MW
2027-02-26 11:00:00,SO,load,24.779999999999998,YZ,MW
2027-02-27 12:00:00,CE,load,35.46,YZ,MW
2027-02-28 13:00:00,NR,load,19.8,YZ,MW
2027-03-01 14:00:00,SO,load,25.200000000000003,YZ,MW
2027-03-02 15:00:00,CE,load,35.46,YZ,MW
2027-03-03 16:00:00,NR,load,19.8,YZ,MW
2027-03-04 17:00:00,SO,load,25.200000000000003,YZ,MW
2027-03-05 18:00:00,CE,load,35.854,YZ,MW
2027-03-06 19:00:00,NR,load,20.02,YZ,MW
2027-03-07 20:00:00,SO,load,25.48,YZ,MW
2027-03-08 21:00:00,CE,load,19.108999999999998,YZ,MW
2027-03-09 22:00:00,NR,load,10.67,YZ,MW
2027-03-10 23:00:00,SO,load,13.58,YZ,MW
2027-03-12 00:00:00,CE,load,12.805,YZ,MW
2027-03-13 01:00:00,NR,load,7.1499999999999995,YZ,MW
2027-03-14 02:00:00,SO,load,9.1,YZ,MW
2027-03-15 03:00:00,CE,load,36.051,YZ,MW
2027-03-16 04:00:00,NR,load,20.13,YZ,MW
2027-03-17 05:00:00,SO,load,25.62,YZ,MW
2027-03-18 06:00:00,CE,load,37.43,YZ,MW
2027-03-19 07:00:00,NR,load,20.900000000000002,YZ,MW
2027-03-20 08:00:00,SO,load,26.6,YZ,MW
2027-03-21 09:00:00,CE,load,34.081,YZ,MW
2027-03-22 10:00:00,NR,load,19.03,YZ,MW
2027-03-23 11:00:00,SO,load,24.22,YZ,MW
2027-03-24 12:00:00,CE,load,31.717000000000002,YZ,MW
2027-03-25 13:00:00,NR,load,17.71,YZ,MW
2027-03-26 14:00:00,SO,load,22.540000000000003,YZ,MW
2027-03-27 15:00:00,CE,load,25.412999999999997,YZ,MW
2027-03-28 16:00:00,NR,load,14.19,YZ,MW
2027-03-29 17:00:00,SO,load,18.06,YZ,MW
2027-03-30 18:00:00,CE,load,10.441,YZ,MW
2027-03-31 19:00:00,NR,load,5.83,YZ,MW
2027-04-01 20:00:00,SO,load,7.42,YZ,MW
2027-04-02 21:00:00,CE,load,7.880000000000001,YZ,MW
2027-04-03 22:00:00,NR,load,4.4,YZ,MW
2027-04-04 23:00:00,SO,load,5.6000000000000005,YZ,MW
2027-04-06 00:00:00,CE,load,19.503,YZ,MW
2027-04-07 01:00:00,NR,load,10.889999999999999,YZ,MW
2027-04-08 02:00:00,SO,load,13.86,YZ,MW
2027-04-09 03:00:00,CE,load,17.73,YZ,MW
2027-04-10 04:00:00,NR,load,9.9,YZ,MW
2027-04-11 05:00:00,SO,load,12.600000000000001,YZ,MW
2027-04-12 06:00:00,CE,load,13.395999999999999,YZ,MW
2027-04-13 07:00:00,NR,load,7.4799999999999995,YZ,MW
2027-04-14 08:00:00,SO,load,9.52,YZ,MW
2027-04-15 09:00:00,CE,load,17.927,YZ,MW
2027-04-16 10:00:00,NR,load,10.01,YZ,MW
2027-04-17 11:00:00,SO,load,12.74,YZ,MW
2027-04-18 12:00:00,CE,load,12.411,YZ,MW
2027-04-19 13:00:00,NR,load,6.93,YZ,MW
2027-04-20 14:00:00,SO,load,8.82,YZ,MW
2027-04-21 15:00:00,CE,load,3.5460000000000003,YZ,MW
2027-04-22 16:00:00,NR,load,1.98,YZ,MW
2027-04-23 17:00:00,SO,load,2.52,YZ,MW
2027-04-24 18:00:00,CE,load,24.231,YZ,MW
2027-04-25 19:00:00,NR,load,13.530000000000001,YZ,MW
2027-04-26 20:00:00,SO,load,17.220000000000002,YZ,MW
2027-04-27 21:00:00,CE,load,35.46,YZ,MW
2027-04-28 22:00:00,NR,load,19.8,YZ,MW
2027-04-29 23:00:00,SO,load,25.200000000000003,YZ,MW
2027-05-01 00:00:00,CE,load,37.233000000000004,YZ,MW
2027-05-02 01:00:00,NR,load,20.790000000000003,YZ,MW
2027-05-03 02:00:00,SO,load,26.46,YZ,MW
2027-05-04 03:00:00,CE,load,36.248,YZ,MW
2027-05-05 04:00:00,NR,load,20.24,YZ,MW
2027-05-06 05:00:00,SO,load,25.76,YZ,MW
2027-05-07 06:00:00,CE,load,33.49,YZ,MW
2027-05-08 07:00:00,NR,load,18.700000000000003,YZ,MW
2027-05-09 08:00:00,SO,load,23.8,YZ,MW
2027-05-10 09:00:00,CE,load,20.882,YZ,MW
2027-05-11 10:00:00,NR,load,11.66,YZ,MW
2027-05-12 11:00:00,SO,load,14.84,YZ,MW
2027-05-13 12:00:00,CE,load,12.214,YZ,MW
2027-05-14 13:00:00,NR,load,6.82,YZ,MW
2027-05-15 14:00:00,SO,load,8.68,YZ,MW
2027-05-16 15:00:00,CE,load,33.293,YZ,MW
2027-05-17 16:00:00,NR,load,18.59,YZ,MW
2027-05-18 17:00:00,SO,load,23.659999999999997,YZ,MW
2027-05-19 18:00:00,CE,load,37.036,YZ,MW
2027-05-20 19:00:00,NR,load,20.68,YZ,MW
2027-05-21 20:00:00,SO,load,26.319999999999997,YZ,MW
2027-05-22 21:00:00,CE,load,38.809,YZ,MW
2027-05-23 22:00:00,NR,load,21.669999999999998,YZ,MW
2027-05-24 23:00:00,SO,load,27.58,YZ,MW
2027-05-26 00:00:00,CE,load,39.794000000000004,YZ,MW
2027-05-27 01:00:00,NR,load,22.22,YZ,MW
2027-05-28 02:00:00,SO,load,28.28,YZ,MW
2027-05-29 03:00:00,CE,load,34.672,YZ,MW
2027-05-30 04:00:00,NR,load,19.36,YZ,MW
2027-05-31 05:00:00,SO,load,24.64,YZ,MW
2027-06-01 06:00:00,CE,load,16.745,YZ,MW
2027-06-02 07:00:00,NR,load,9.350000000000001,YZ,MW
2027-06-03 08:00:00,SO,load,11.9,YZ,MW
2027-06-04 09:00:00,CE,load,12.607999999999999,YZ,MW
2027-06-05 10:00:00,NR,load,7.04,YZ,MW
2027-06-06 11:00:00,SO,load,8.959999999999999,YZ,MW
2027-06-07 12:00:00,CE,load,26.989,YZ,MW
2027-06-08 13:00:00,NR,load,15.07,YZ,MW
2027-06-09 14:00:00,SO,load,19.18,YZ,MW
2027-06-10 15:00:00,CE,load,26.398,YZ,MW
2027-06-11 16:00:00,NR,load,14.74,YZ,MW
2027-06-12 17:00:00,SO,load,18.76,YZ,MW
2027-06-13 18:00:00,CE,load,24.625,YZ,MW
2027-06-14 19:00:00,NR,load,13.75,YZ,MW
2027-06-15 20:00:00,SO,load,17.5,YZ,MW
2027-06-16 21:00:00,CE,load,23.246,YZ,MW
2027-06-17 22:00:00,NR,load,12.979999999999999,YZ,MW
2027-06-18 23:00:00,SO,load,16.52,YZ,MW
2027-06-20 00:00:00,CE,load,18.320999999999998,YZ,MW
2027-06-21 01:00:00,NR,load,10.23,YZ,MW
2027-06-22 02:00:00,SO,load,13.02,YZ,MW
2027-06-23 03:00:00,CE,load,6.303999999999999,YZ,MW
2027-06-24 04:00:00,NR,load,3.52,YZ,MW
2027-06-25 05:00:00,SO,load,4.4799999999999995,YZ,MW
2027-06-26 06:00:00,CE,load,8.471,YZ,MW
2027-06-27 07:00:00,NR,load,4.73,YZ,MW
2027-06-28 08:00:00,SO,load,6.0200000000000005,YZ,MW
2027-06-29 09:00:00,CE,load,16.942,YZ,MW
2027-06-30 10:00:00,NR,load,9.46,YZ,MW
2027-07-01 11:00:00,SO,load,12.040000000000001,YZ,MW
2027-07-02 12:00:00,CE,load,15.760000000000002,YZ,MW
2027-07-03 13:00:00,NR,load,8.8,YZ,MW
2027-07-04 14:00:00,SO,load,11.200000000000001,YZ,MW
2027-07-05 15:00:00,CE,load,10.835,YZ,MW
2027-07-06 16:00:00,NR,load,6.05,YZ,MW
2027-07-07 17:00:00,SO,load,7.7,YZ,MW
2027-07-08 18:00:00,CE,load,22.852,YZ,MW
2027-07-09 19:00:00,NR,load,12.76,YZ,MW
2027-07-10 20:00:00,SO,load,16.24,YZ,MW
2027-07-11 21:00:00,CE,load,13.002,YZ,MW
2027-07-12 22:00:00,NR,load,7.260000000000001,YZ,MW
2027-07-13 23:00:00,SO,load,9.24,YZ,MW
2027-07-15 00:00:00,CE,load,3.3489999999999998,YZ,MW
2027-07-16 01:00:00,NR,load,1.8699999999999999,YZ,MW
2027-07-17 02:00:00,SO,load,2.38,YZ,MW
2027-07-18 03:00:00,CE,load,32.111000000000004,YZ,MW
2027-07-19 04:00:00,NR,load,17.93,YZ,MW
2027-07-20 05:00:00,SO,load,22.82,YZ,MW
2027-07-21 06:00:00,CE,load,36.248,YZ,MW
2027-07-22 07:00:00,NR,load,20.24,YZ,MW
2027-07-23 08:00:00,SO,load,25.76,YZ,MW
2027-07-24 09:00:00,CE,load,36.445,YZ,MW
2027-07-25 10:00:00,NR,load,20.35,YZ,MW
2027-07-26 11:00:00,SO,load,25.9,YZ,MW
2027-07-27 12:00:00,CE,load,36.248,YZ,MW
2027-07-28 13:00:00,NR,load,20.24,YZ,MW
2027-07-29 14:00:00,SO,load,25.76,YZ,MW
2027-07-30 15:00:00,CE,load,35.46,YZ,MW
2027-07-31 16:00:00,NR,load,19.8,YZ,MW
2027-08-01 17:00:00,SO,load,25.200000000000003,YZ,MW
2027-08-02 18:00:00,CE,load,18.320999999999998,YZ,MW
2027-08-03 19:00:00,NR,load,10.23,YZ,MW
2027-08-04 20:00:00,SO,load,13.02,YZ,MW
2027-08-05 21:00:00,CE,load,11.229000000000001,YZ,MW
2027-08-06 22:00:00,NR,load,6.2700000000000005,YZ,MW
2027-08-07 23:00:00,SO,load,7.98,YZ,MW
2027-08-09 00:00:00,CE,load,37.43,YZ,MW
2027-08-10 01:00:00,NR,load,20.900000000000002,YZ,MW
2027-08-11 02:00:00,SO,load,26.6,YZ,MW
2027-08-12 03:00:00,CE,load,39.991,YZ,MW
2027-08-13 04:00:00,NR,load,22.330000000000002,YZ,MW
2027-08-14 05:00:00,SO,load,28.42,YZ,MW
2027-08-15 06:00:00,CE,load,37.627,YZ,MW
2027-08-16 07:00:00,NR,load,21.01,YZ,MW
2027-08-17 08:00:00,SO,load,26.740000000000002,YZ,MW
2027-08-18 09:00:00,CE,load,33.687000000000005,YZ,MW
2027-08-19 10:00:00,NR,load,18.810000000000002,YZ,MW
2027-08-20 11:00:00,SO,load,23.94,YZ,MW
2027-08-21 12:00:00,CE,load,26.791999999999998,YZ,MW
2027-08-22 13:00:00,NR,load,14.959999999999999,YZ,MW
2027-08-23 14:00:00,SO,load,19.04,YZ,MW
2027-08-24 15:00:00,CE,load,10.244,YZ,MW
2027-08-25 16:00:00,NR,load,5.72,YZ,MW
2027-08-26 17:00:00,SO,load,7.279999999999999,YZ,MW
2027-08-27 18:00:00,CE,load,6.303999999999999,YZ,MW
2027-08-28 19:00:00,NR,load,3.52,YZ,MW
2027-08-29 20:00:00,SO,load,4.4799999999999995,YZ,MW
2027-08-30 21:00:00,CE,load,21.67,YZ,MW
2027-08-31 22:00:00,NR,load,12.1,YZ,MW
2027-09-01 23:00:00,SO,load,15.4,YZ,MW
2027-09-03 00:00:00,CE,load,21.473000000000003,YZ,MW
2027-09-04 01:00:00,NR,load,11.99,YZ,MW
2027-09-05 02:00:00,SO,load,15.260000000000002,YZ,MW
2027-09-06 03:00:00,CE,load,19.897000000000002,YZ,MW
2027-09-07 04:00:00,NR,load,11.11,YZ,MW
2027-09-08 05:00:00,SO,load,14.14,YZ,MW
2027-09-09 06:00:00,CE,load,18.320999999999998,YZ,MW
2027-09-10 07:00:00,NR,load,10.23,YZ,MW
2027-09-11 08:00:00,SO,load,13.02,YZ,MW
2027-09-12 09:00:00,CE,load,12.607999999999999,YZ,MW
2027-09-13 10:00:00,NR,load,7.04,YZ,MW
2027-09-14 11:00:00,SO,load,8.959999999999999,YZ,MW
2027-09-15 12:00:00,CE,load,3.3489999999999998,YZ,MW
2027-09-16 13:00:00,NR,load,1.8699999999999999,YZ,MW
2027-09-17 14:00:00,SO,load,2.38,YZ,MW
2027-09-18 15:00:00,CE,load,16.154,YZ,MW
2027-09-19 16:00:00,NR,load,9.02,YZ,MW
2027-09-20 17:00:00,SO,load,11.48,YZ,MW
2027-09-21 18:00:00,CE,load,28.762,YZ,MW
2027-09-22 19:00:00,NR,load,16.06,YZ,MW
2027-09-23 20:00:00,SO,load,20.44,YZ,MW
2027-09-24 21:00:00,CE,load,36.641999999999996,YZ,MW
2027-09-25 22:00:00,NR,load,20.46,YZ,MW
2027-09-26 23:00:00,SO,load,26.04,YZ,MW
2027-09-28 00:00:00,CE,load,37.233000000000004,YZ,MW
2027-09-29 01:00:00,NR,load,20.790000000000003,YZ,MW
2027-09-30 02:00:00,SO,load,26.46,YZ,MW
2027-10-01 03:00:00,CE,load,33.884,YZ,MW
2027-10-02 04:00:00,NR,load,18.92,YZ,MW
2027-10-03 05:00:00,SO,load,24.080000000000002,YZ,MW
2027-10-04 06:00:00,CE,load,18.320999999999998,YZ,MW
2027-10-05 07:00:00,NR,load,10.23,YZ,MW
2027-10-06 08:00:00,SO,load,13.02,YZ,MW
2027-10-07 09:00:00,CE,load,7.880000000000001,YZ,MW
2027-10-08 10:00:00,NR,load,4.4,YZ,MW
2027-10-09 11:00:00,SO,load,5.6000000000000005,YZ,MW
2027-10-10 12:00:00,CE,load,33.096,YZ,MW
2027-10-11 13:00:00,NR,load,18.48,YZ,MW
2027-10-12 14:00:00,SO,load,23.52,YZ,MW
2027-10-13 15:00:00,CE,load,37.233000000000004,YZ,MW
2027-10-14 16:00:00,NR,load,20.790000000000003,YZ,MW
2027-10-15 17:00:00,SO,load,26.46,YZ,MW
2027-10-16 18:00:00,CE,load,38.021,YZ,MW
2027-10-17 19:00:00,NR,load,21.23,YZ,MW
2027-10-18 20:00:00,SO,load,27.02,YZ,MW
2027-10-19 21:00:00,CE,load,39.4,YZ,MW
2027-10-20 22:00:00,NR,load,22.0,YZ,MW
2027-10-21 23:00:00,SO,load,28.0,YZ,MW
2027-10-23 00:00:00,CE,load,36.248,YZ,MW
2027-10-24 01:00:00,NR,load,20.24,YZ,MW
2027-10-25 02:00:00,SO,load,25.76,YZ,MW
2027-10-26 03:00:00,CE,load,16.154,YZ,MW
2027-10-27 04:00:00,NR,load,9.02,YZ,MW
2027-10-28 05:00:00,SO,load,11.48,YZ,MW
2027-10-29 06:00:00,CE,load,11.229000000000001,YZ,MW
2027-10-30 07:00:00,NR,load,6.2700000000000005,YZ,MW
2027-10-31 08:00:00,SO,load,7.98,YZ,MW
2027-11-01 09:00:00,CE,load,31.322999999999997,YZ,MW
2027-11-02 10:00:00,NR,load,17.49,YZ,MW
2027-11-03 11:00:00,SO,load,22.259999999999998,YZ,MW
2027-11-04 12:00:00,CE,load,29.944000000000003,YZ,MW
2027-11-05 13:00:00,NR,load,16.720000000000002,YZ,MW
2027-11-06 14:00:00,SO,load,21.28,YZ,MW
2027-11-07 15:00:00,CE,load,27.383,YZ,MW
2027-11-08 16:00:00,NR,load,15.29,YZ,MW
2027-11-09 17:00:00,SO,load,19.459999999999997,YZ,MW
2027-11-10 18:00:00,CE,load,25.412999999999997,YZ,MW
2027-11-11 19:00:00,NR,load,14.19,YZ,MW
2027-11-12 20:00:00,SO,load,18.06,YZ,MW
2027-11-13 21:00:00,CE,load,21.473000000000003,YZ,MW
2027-11-14 22:00:00,NR,load,11.99,YZ,MW
2027-11-15 23:00:00,SO,load,15.260000000000002,YZ,MW
2027-11-17 00:00:00,CE,load,7.683,YZ,MW
2027-11-18 01:00:00,NR,load,4.29,YZ,MW
2027-11-19 02:00:00,SO,load,5.46,YZ,MW
2027-11-20 03:00:00,CE,load,7.880000000000001,YZ,MW
2027-11-21 04:00:00,NR,load,4.4,YZ,MW
2027-11-22 05:00:00,SO,load,5.6000000000000005,YZ,MW
2027-11-23 06:00:00,CE,load,18.124,YZ,MW
2027-11-24 07:00:00,NR,load,10.12,YZ,MW
2027-11-25 08:00:00,SO,load,12.88,YZ,MW
2027-11-26 09:00:00,CE,load,17.532999999999998,YZ,MW
2027-11-27 10:00:00,NR,load,9.79,YZ,MW
2027-11-28 11:00:00,SO,load,12.459999999999999,YZ,MW
2027-11-29 12:00:00,CE,load,16.745,YZ,MW
2027-11-30 13:00:00,NR,load,9.350000000000001,YZ,MW
2027-12-01 14:00:00,SO,load,11.9,YZ,MW
2027-12-02 15:00:00,CE,load,16.351,YZ,MW
2027-12-03 16:00:00,NR,load,9.129999999999999,YZ,MW
2027-12-04 17:00:00,SO,load,11.62,YZ,MW
2027-12-05 18:00:00,CE,load,10.047,YZ,MW
2027-12-06 19:00:00,NR,load,5.61,YZ,MW
2027-12-07 20:00:00,SO,load,7.14,YZ,MW
2027-12-08 21:00:00,CE,load,2.758,YZ,MW
2027-12-09 22:00:00,NR,load,1.54,YZ,MW
2027-12-10 23:00:00,SO,load,1.96,YZ,MW
2027-12-12 00:00:00,CE,load,5.516,YZ,MW
2027-12-13 01:00:00,NR,load,3.08,YZ,MW
2027-12-14 02:00:00,SO,load,3.92,YZ,MW
2027-12-15 03:00:00,CE,load,2.561,YZ,MW
2027-12-16 04:00:00,NR,load,1.43,YZ,MW
2027-12-17 05:00:00,SO,load,1.8199999999999998,YZ,MW
2027-12-18 06:00:00,CE,load,5.91,YZ,MW
2027-12-19 07:00:00,NR,load,3.3000000000000003,YZ,MW
2027-12-20 08:00:00,SO,load,4.2,YZ,MW
2027-12-21 09:00:00,CE,load,19.108999999999998,YZ,MW
2027-12-22 10:00:00,NR,load,10.67,YZ,MW
2027-12-23 11:00:00,SO,load,13.58,YZ,MW
2027-12-24 12:00:00,CE,load,20.488,YZ,MW
2027-12-25 13:00:00,NR,load,11.44,YZ,MW
2027-12-26 14:00:00,SO,load,14.559999999999999,YZ,MW
2027-12-27 15:00:00,CE,load,14.774999999999999,YZ,MW
2027-12-28 16:00:00,NR,load,8.25,YZ,MW
2027-12-29 17:00:00,SO,load,10.499999999999998,YZ,MW
2027-12-30 18:00:00,CE,load,10.244,YZ,MW
2027-12-31 19:00:00,NR,load,5.72,YZ,MW
2028-01-01 20:00:00,SO,load,7.279999999999999,YZ,MW
2028-01-02 21:00:00,CE,load,8.865,YZ,MW
2028-01-03 22:00:00,NR,load,4.95,YZ,MW
2028-01-04 23:00:00,SO,load,6.300000000000001,YZ,MW
2025-01-01 00:00:00,CE,store_discharge,-1.44,YZ,MW
2025-01-02 01:00:00,NR,store_discharge,0.0,YZ,MW
2025-01-03 02:00:00,SO,store_discharge,-1.2,YZ,MW
2025-01-04 03:00:00,CE,store_discharge,0.0,YZ,MW
2025-01-05 04:00:00,NR,store_discharge,0.0,YZ,MW
2025-01-06 05:00:00,SO,store_discharge,0.0,YZ,MW
2025-01-07 06:00:00,CE,store_discharge,1.44,YZ,MW
2025-01-08 07:00:00,NR,store_discharge,0.0,YZ,MW
2025-01-09 08:00:00,SO,store_discharge,0.0,YZ,MW
2025-01-10 09:00:00,CE,store_discharge,0.0,YZ,MW
2025-01-11 10:00:00,NR,store_discharge,0.0,YZ,MW
2025-01-12 11:00:00,SO,store_discharge,0.0,YZ,MW
2025-01-13 12:00:00,CE,store_discharge,0.0,YZ,MW
2025-01-14 13:00:00,NR,store_discharge,2.16,YZ,MW
2025-01-15 14:00:00,SO,store_discharge,1.2,YZ,MW
2025-01-16 15:00:00,CE,store_discharge,0.0,YZ,MW
2025-01-17 16:00:00,NR,store_discharge,0.0,YZ,MW
2025-01-18 17:00:00,SO,store_discharge,0.0,YZ,MW
2025-01-19 18:00:00,CE,store_discharge,-1.44,YZ,MW
2025-01-20 19:00:00,NR,store_discharge,-2.16,YZ,MW
2025-01-21 20:00:00,SO,store_discharge,-1.2,YZ,MW
2025-01-22 21:00:00,CE,store_discharge,1.44,YZ,MW
2025-01-23 22:00:00,NR,store_discharge,2.16,YZ,MW
2025-01-24 23:00:00,SO,store_discharge,1.2,YZ,MW
2025-01-26 00:00:00,CE,store_discharge,0.0,YZ,MW
2025-01-27 01:00:00,NR,store_discharge,0.0,YZ,MW
2025-01-28 02:00:00,SO,store_discharge,0.0,YZ,MW
2025-01-29 03:00:00,CE,store_discharge,0.0,YZ,MW
2025-01-30 04:00:00,NR,store_discharge,0.0,YZ,MW
2025-01-31 05:00:00,SO,store_discharge,0.0,YZ,MW
2025-02-01 06:00:00,CE,store_discharge,0.0,YZ,MW
2025-02-02 07:00:00,NR,store_discharge,0.0,YZ,MW
2025-02-03 08:00:00,SO,store_discharge,0.0,YZ,MW
2025-02-04 09:00:00,CE,store_discharge,0.0,YZ,MW
2025-02-05 10:00:00,NR,store_discharge,0.0,YZ,MW
2025-02-06 11:00:00,SO,store_discharge,0.0,YZ,MW
2025-02-07 12:00:00,CE,store_discharge,0.0,YZ,MW
2025-02-08 13:00:00,NR,store_discharge,0.0,YZ,MW
2025-02-09 14:00:00,SO,store_discharge,0.0,YZ,MW
2025-02-10 15:00:00,CE,store_discharge,0.0,YZ,MW
2025-02-11 16:00:00,NR,store_discharge,-2.16,YZ,MW
2025-02-12 17:00:00,SO,store_discharge,0.0,YZ,MW
2025-02-13 18:00:00,CE,store_discharge,0.0,YZ,MW
2025-02-14 19:00:00,NR,store_discharge,2.16,YZ,MW
2025-02-15 20:00:00,SO,store_discharge,0.0,YZ,MW
2025-02-16 21:00:00,CE,store_discharge,0.0,YZ,MW
2025-02-17 22:00:00,NR,store_discharge,0.0,YZ,MW
2025-02-18 23:00:00,SO,store_discharge,0.0,YZ,MW
2025-02-20 00:00:00,CE,store_discharge,0.0,YZ,MW
2025-02-21 01:00:00,NR,store_discharge,0.0,YZ,MW
2025-02-22 02:00:00,SO,store_discharge,0.0,YZ,MW
2025-02-23 03:00:00,CE,store_discharge,0.0,YZ,MW
2025-02-24 04:00:00,NR,store_discharge,0.0,YZ,MW
2025-02-25 05:00:00,SO,store_discharge,0.0,YZ,MW
2025-02-26 06:00:00,CE,store_discharge,0.0,YZ,MW
2025-02-27 07:00:00,NR,store_discharge,0.0,YZ,MW
2025-02-28 08:00:00,SO,store_discharge,0.0,YZ,MW
2025-03-01 09:00:00,CE,store_discharge,0.0,YZ,MW
2025-03-02 10:00:00,NR,store_discharge,0.0,YZ,MW
2025-03-03 11:00:00,SO,store_discharge,0.0,YZ,MW
2025-03-04 12:00:00,CE,store_discharge,0.0,YZ,MW
2025-03-05 13:00:00,NR,store_discharge,-2.16,YZ,MW
2025-03-06 14:00:00,SO,store_discharge,-1.2,YZ,MW
2025-03-07 15:00:00,CE,store_discharge,0.0,YZ,MW
2025-03-08 16:00:00,NR,store_discharge,2.16,YZ,MW
2025-03-09 17:00:00,SO,store_discharge,1.2,YZ,MW
2025-03-10 18:00:00,CE,store_discharge,0.0,YZ,MW
2025-03-11 19:00:00,NR,store_discharge,0.0,YZ,MW
2025-03-12 20:00:00,SO,store_discharge,0.0,YZ,MW
2025-03-13 21:00:00,CE,store_discharge,0.0,YZ,MW
2025-03-14 22:00:00,NR,store_discharge,0.0,YZ,MW
2025-03-15 23:00:00,SO,store_discharge,0.0,YZ,MW
2025-03-17 00:00:00,CE,store_discharge,0.0,YZ,MW
2025-03-18 01:00:00,NR,store_discharge,0.0,YZ,MW
2025-03-19 02:00:00,SO,store_discharge,0.0,YZ,MW
2025-03-20 03:00:00,CE,store_discharge,0.0,YZ,MW
2025-03-21 04:00:00,NR,store_discharge,0.0,YZ,MW
2025-03-22 05:00:00,SO,store_discharge,0.0,YZ,MW
2025-03-23 06:00:00,CE,store_discharge,-1.44,YZ,MW
2025-03-24 07:00:00,NR,store_discharge,-2.16,YZ,MW
2025-03-25 08:00:00,SO,store_discharge,-1.2,YZ,MW
2025-03-26 09:00:00,CE,store_discharge,1.44,YZ,MW
2025-03-27 10:00:00,NR,store_discharge,0.0,YZ,MW
2025-03-28 11:00:00,SO,store_discharge,0.0,YZ,MW
2025-03-29 12:00:00,CE,store_discharge,0.0,YZ,MW
2025-03-30 13:00:00,NR,store_discharge,0.0,YZ,MW
2025-03-31 14:00:00,SO,store_discharge,1.2,YZ,MW
2025-04-01 15:00:00,CE,store_discharge,0.0,YZ,MW
2025-04-02 16:00:00,NR,store_discharge,2.16,YZ,MW
2025-04-03 17:00:00,SO,store_discharge,0.0,YZ,MW
2025-04-04 18:00:00,CE,store_discharge,-1.08,YZ,MW
2025-04-05 19:00:00,NR,store_discharge,-1.62,YZ,MW
2025-04-06 20:00:00,SO,store_discharge,-0.9,YZ,MW
2025-04-07 21:00:00,CE,store_discharge,1.08,YZ,MW
2025-04-08 22:00:00,NR,store_discharge,1.62,YZ,MW
2025-04-09 23:00:00,SO,store_discharge,0.9,YZ,MW
2025-04-11 00:00:00,CE,store_discharge,0.0,YZ,MW
2025-04-12 01:00:00,NR,store_discharge,0.0,YZ,MW
2025-04-13 02:00:00,SO,store_discharge,0.0,YZ,MW
2025-04-14 03:00:00,CE,store_discharge,-1.44,YZ,MW
2025-04-15 04:00:00,NR,store_discharge,-2.16,YZ,MW
2025-04-16 05:00:00,SO,store_discharge,-1.2,YZ,MW
2025-04-17 06:00:00,CE,store_discharge,1.44,YZ,MW
2025-04-18 07:00:00,NR,store_discharge,2.16,YZ,MW
2025-04-19 08:00:00,SO,store_discharge,1.2,YZ,MW
2025-04-20 09:00:00,CE,store_discharge,0.0,YZ,MW
2025-04-21 10:00:00,NR,store_discharge,0.0,YZ,MW
2025-04-22 11:00:00,SO,store_discharge,0.0,YZ,MW
2025-04-23 12:00:00,CE,store_discharge,0.0,YZ,MW
2025-04-24 13:00:00,NR,store_discharge,0.0,YZ,MW
2025-04-25 14:00:00,SO,store_discharge,0.0,YZ,MW
2025-04-26 15:00:00,CE,store_discharge,0.0,YZ,MW
2025-04-27 16:00:00,NR,store_discharge,0.0,YZ,MW
2025-04-28 17:00:00,SO,store_discharge,0.0,YZ,MW
2025-04-29 18:00:00,CE,store_discharge,0.0,YZ,MW
2025-04-30 19:00:00,NR,store_discharge,0.0,YZ,MW
2025-05-01 20:00:00,SO,store_discharge,0.0,YZ,MW
2025-05-02 21:00:00,CE,store_discharge,0.0,YZ,MW
2025-05-03 22:00:00,NR,store_discharge,0.0,YZ,MW
2025-05-04 23:00:00,SO,store_discharge,0.0,YZ,MW
2025-05-06 00:00:00,CE,store_discharge,0.0,YZ,MW
2025-05-07 01:00:00,NR,store_discharge,-2.16,YZ,MW
2025-05-08 02:00:00,SO,store_discharge,0.0,YZ,MW
2025-05-09 03:00:00,CE,store_discharge,0.0,YZ,MW
2025-05-10 04:00:00,NR,store_discharge,2.16,YZ,MW
2025-05-11 05:00:00,SO,store_discharge,0.0,YZ,MW
2025-05-12 06:00:00,CE,store_discharge,0.0,YZ,MW
2025-05-13 07:00:00,NR,store_discharge,0.0,YZ,MW
2025-05-14 08:00:00,SO,store_discharge,0.0,YZ,MW
2025-05-15 09:00:00,CE,store_discharge,0.0,YZ,MW
2025-05-16 10:00:00,NR,store_discharge,0.0,YZ,MW
2025-05-17 11:00:00,SO,store_discharge,0.0,YZ,MW
2025-05-18 12:00:00,CE,store_discharge,0.0,YZ,MW
2025-05-19 13:00:00,NR,store_discharge,0.0,YZ,MW
2025-05-20 14:00:00,SO,store_discharge,0.0,YZ,MW
2025-05-21 15:00:00,CE,store_discharge,0.0,YZ,MW
2025-05-22 16:00:00,NR,store_discharge,0.0,YZ,MW
2025-05-23 17:00:00,SO,store_discharge,0.0,YZ,MW
2025-05-24 18:00:00,CE,store_discharge,0.0,YZ,MW
2025-05-25 19:00:00,NR,store_discharge,0.0,YZ,MW
2025-05-26 20:00:00,SO,store_discharge,0.0,YZ,MW
2025-05-27 21:00:00,CE,store_discharge,-1.44,YZ,MW
2025-05-28 22:00:00,NR,store_discharge,-2.16,YZ,MW
2025-05-29 23:00:00,SO,store_discharge,-1.2,YZ,MW
2025-05-31 00:00:00,CE,store_discharge,1.44,YZ,MW
2025-06-01 01:00:00,NR,store_discharge,0.0,YZ,MW
2025-06-02 02:00:00,SO,store_discharge,1.2,YZ,MW
2025-06-03 03:00:00,CE,store_discharge,0.0,YZ,MW
2025-06-04 04:00:00,NR,store_discharge,2.16,YZ,MW
2025-06-05 05:00:00,SO,store_discharge,0.0,YZ,MW
2025-06-06 06:00:00,CE,store_discharge,0.0,YZ,MW
2025-06-07 07:00:00,NR,store_discharge,0.0,YZ,MW
2025-06-08 08:00:00,SO,store_discharge,0.0,YZ,MW
2025-06-09 09:00:00,CE,store_discharge,0.0,YZ,MW
2025-06-10 10:00:00,NR,store_discharge,0.0,YZ,MW
2025-06-11 11:00:00,SO,store_discharge,0.0,YZ,MW
2025-06-12 12:00:00,CE,store_discharge,0.0,YZ,MW
2025-06-13 13:00:00,NR,store_discharge,0.0,YZ,MW
2025-06-14 14:00:00,SO,store_discharge,0.0,YZ,MW
2025-06-15 15:00:00,CE,store_discharge,-1.44,YZ,MW
2025-06-16 16:00:00,NR,store_discharge,-2.16,YZ,MW
2025-06-17 17:00:00,SO,store_discharge,-1.2,YZ,MW
2025-06-18 18:00:00,CE,store_discharge,0.36,YZ,MW
2025-06-19 19:00:00,NR,store_discharge,0.54,YZ,MW
2025-06-20 20:00:00,SO,store_discharge,0.3,YZ,MW
2025-06-21 21:00:00,CE,store_discharge,1.08,YZ,MW
2025-06-22 22:00:00,NR,store_discharge,1.62,YZ,MW
2025-06-23 23:00:00,SO,store_discharge,0.9,YZ,MW
2025-06-25 00:00:00,CE,store_discharge,0.0,YZ,MW
2025-06-26 01:00:00,NR,store_discharge,0.0,YZ,MW
2025-06-27 02:00:00,SO,store_discharge,0.0,YZ,MW
2025-06-28 03:00:00,CE,store_discharge,0.0,YZ,MW
2025-06-29 04:00:00,NR,store_discharge,0.0,YZ,MW
2025-06-30 05:00:00,SO,store_discharge,0.0,YZ,MW
2025-07-01 06:00:00,CE,store_discharge,0.0,YZ,MW
2025-07-02 07:00:00,NR,store_discharge,0.0,YZ,MW
2025-07-03 08:00:00,SO,store_discharge,0.0,YZ,MW
2025-07-04 09:00:00,CE,store_discharge,0.0,YZ,MW
2025-07-05 10:00:00,NR,store_discharge,0.0,YZ,MW
2025-07-06 11:00:00,SO,store_discharge,0.0,YZ,MW
2025-07-07 12:00:00,CE,store_discharge,0.0,YZ,MW
2025-07-08 13:00:00,NR,store_discharge,-2.16,YZ,MW
2025-07-09 14:00:00,SO,store_discharge,0.0,YZ,MW
2025-07-10 15:00:00,CE,store_discharge,0.0,YZ,MW
2025-07-11 16:00:00,NR,store_discharge,2.16,YZ,MW
2025-07-12 17:00:00,SO,store_discharge,0.0,YZ,MW
2025-07-13 18:00:00,CE,store_discharge,0.0,YZ,MW
2025-07-14 19:00:00,NR,store_discharge,0.0,YZ,MW
2025-07-15 20:00:00,SO,store_discharge,0.0,YZ,MW
2025-07-16 21:00:00,CE,store_discharge,0.0,YZ,MW
2025-07-17 22:00:00,NR,store_discharge,0.0,YZ,MW
2025-07-18 23:00:00,SO,store_discharge,0.0,YZ,MW
2025-07-20 00:00:00,CE,store_discharge,0.0,YZ,MW
2025-07-21 01:00:00,NR,store_discharge,0.0,YZ,MW
2025-07-22 02:00:00,SO,store_discharge,0.0,YZ,MW
2025-07-23 03:00:00,CE,store_discharge,0.0,YZ,MW
2025-07-24 04:00:00,NR,store_discharge,0.0,YZ,MW
2025-07-25 05:00:00,SO,store_discharge,0.0,YZ,MW
2025-07-26 06:00:00,CE,store_discharge,0.0,YZ,MW
2025-07-27 07:00:00,NR,store_discharge,0.0,YZ,MW
2025-07-28 08:00:00,SO,store_discharge,0.0,YZ,MW
2025-07-29 09:00:00,CE,store_discharge,0.0,YZ,MW
2025-07-30 10:00:00,NR,store_discharge,0.0,YZ,MW
2025-07-31 11:00:00,SO,store_discharge,0.0,YZ,MW
2025-08-01 12:00:00,CE,store_discharge,0.0,YZ,MW
2025-08-02 13:00:00,NR,store_discharge,0.0,YZ,MW
2025-08-03 14:00:00,SO,store_discharge,0.0,YZ,MW
2025-08-04 15:00:00,CE,store_discharge,0.0,YZ,MW
2025-08-05 16:00:00,NR,store_discharge,0.0,YZ,MW
2025-08-06 17:00:00,SO,store_discharge,0.0,YZ,MW
2025-08-07 18:00:00,CE,store_discharge,0.0,YZ,MW
2025-08-08 19:00:00,NR,store_discharge,0.0,YZ,MW
2025-08-09 20:00:00,SO,store_discharge,0.0,YZ,MW
2025-08-10 21:00:00,CE,store_discharge,0.0,YZ,MW
2025-08-11 22:00:00,NR,store_discharge,0.0,YZ,MW
2025-08-12 23:00:00,SO,store_discharge,0.0,YZ,MW
2025-08-14 00:00:00,CE,store_discharge,0.0,YZ,MW
2025-08-15 01:00:00,NR,store_discharge,0.0,YZ,MW
2025-08-16 02:00:00,SO,store_discharge,0.0,YZ,MW
2025-08-17 03:00:00,CE,store_discharge,-1.44,YZ,MW
2025-08-18 04:00:00,NR,store_discharge,-2.16,YZ,MW
2025-08-19 05:00:00,SO,store_discharge,-1.2,YZ,MW
2025-08-20 06:00:00,CE,store_discharge,0.0,YZ,MW
2025-08-21 07:00:00,NR,store_discharge,0.0,YZ,MW
2025-08-22 08:00:00,SO,store_discharge,0.0,YZ,MW
2025-08-23 09:00:00,CE,store_discharge,1.44,YZ,MW
2025-08-24 10:00:00,NR,store_discharge,0.0,YZ,MW
2025-08-25 11:00:00,SO,store_discharge,1.2,YZ,MW
2025-08-26 12:00:00,CE,store_discharge,0.0,YZ,MW
2025-08-27 13:00:00,NR,store_discharge,0.0,YZ,MW
2025-08-28 14:00:00,SO,store_discharge,0.0,YZ,MW
2025-08-29 15:00:00,CE,store_discharge,0.0,YZ,MW
2025-08-30 16:00:00,NR,store_discharge,2.16,YZ,MW
2025-08-31 17:00:00,SO,store_discharge,0.0,YZ,MW
2025-09-01 18:00:00,CE,store_discharge,-1.08,YZ,MW
2025-09-02 19:00:00,NR,store_discharge,-1.62,YZ,MW
2025-09-03 20:00:00,SO,store_discharge,-0.9,YZ,MW
2025-09-04 21:00:00,CE,store_discharge,1.08,YZ,MW
2025-09-05 22:00:00,NR,store_discharge,1.62,YZ,MW
2025-09-06 23:00:00,SO,store_discharge,0.9,YZ,MW
2025-09-08 00:00:00,CE,store_discharge,-1.44,YZ,MW
2025-09-09 01:00:00,NR,store_discharge,-2.16,YZ,MW
2025-09-10 02:00:00,SO,store_discharge,-1.2,YZ,MW
2025-09-11 03:00:00,CE,store_discharge,1.44,YZ,MW
2025-09-12 04:00:00,NR,store_discharge,2.16,YZ,MW
2025-09-13 05:00:00,SO,store_discharge,1.2,YZ,MW
2025-09-14 06:00:00,CE,store_discharge,0.0,YZ,MW
2025-09-15 07:00:00,NR,store_discharge,0.0,YZ,MW
2025-09-16 08:00:00,SO,store_discharge,0.0,YZ,MW
2025-09-17 09:00:00,CE,store_discharge,0.0,YZ,MW
2025-09-18 10:00:00,NR,store_discharge,0.0,YZ,MW
2025-09-19 11:00:00,SO,store_discharge,0.0,YZ,MW
2025-09-20 12:00:00,CE,store_discharge,0.0,YZ,MW
2025-09-21 13:00:00,NR,store_discharge,0.0,YZ,MW
2025-09-22 14:00:00,SO,store_discharge,0.0,YZ,MW
2025-09-23 15:00:00,CE,store_discharge,0.0,YZ,MW
2025-09-24 16:00:00,NR,store_discharge,0.0,YZ,MW
2025-09-25 17:00:00,SO,store_discharge,0.0,YZ,MW
2025-09-26 18:00:00,CE,store_discharge,0.0,YZ,MW
2025-09-27 19:00:00,NR,store_discharge,0.0,YZ,MW
2025-09-28 20:00:00,SO,store_discharge,0.0,YZ,MW
2025-09-29 21:00:00,CE,store_discharge,0.0,YZ,MW
2025-09-30 22:00:00,NR,store_discharge,0.0,YZ,MW
2025-10-01 23:00:00,SO,store_discharge,0.0,YZ,MW
2025-10-03 00:00:00,CE,store_discharge,0.0,YZ,MW
2025-10-04 01:00:00,NR,store_discharge,0.0,YZ,MW
2025-10-05 02:00:00,SO,store_discharge,0.0,YZ,MW
2025-10-06 03:00:00,CE,store_discharge,0.0,YZ,MW
2025-10-07 04:00:00,NR,store_discharge,0.0,YZ,MW
2025-10-08 05:00:00,SO,store_discharge,0.0,YZ,MW
2025-10-09 06:00:00,CE,store_discharge,0.0,YZ,MW
2025-10-10 07:00:00,NR,store_discharge,0.0,YZ,MW
2025-10-11 08:00:00,SO,store_discharge,0.0,YZ,MW
2025-10-12 09:00:00,CE,store_discharge,0.0,YZ,MW
2025-10-13 10:00:00,NR,store_discharge,0.0,YZ,MW
2025-10-14 11:00:00,SO,store_discharge,0.0,YZ,MW
2025-10-15 12:00:00,CE,store_discharge,0.0,YZ,MW
2025-10-16 13:00:00,NR,store_discharge,0.0,YZ,MW
2025-10-17 14:00:00,SO,store_discharge,0.0,YZ,MW
2025-10-18 15:00:00,CE,store_discharge,0.0,YZ,MW
2025-10-19 16:00:00,NR,store_discharge,-2.16,YZ,MW
2025-10-20 17:00:00,SO,store_discharge,0.0,YZ,MW
2025-10-21 18:00:00,CE,store_discharge,0.0,YZ,MW
2025-10-22 19:00:00,NR,store_discharge,0.0,YZ,MW
2025-10-23 20:00:00,SO,store_discharge,0.0,YZ,MW
2025-10-24 21:00:00,CE,store_discharge,0.0,YZ,MW
2025-10-25 22:00:00,NR,store_discharge,2.16,YZ,MW
2025-10-26 23:00:00,SO,store_discharge,0.0,YZ,MW
2025-10-28 00:00:00,CE,store_discharge,0.0,YZ,MW
2025-10-29 01:00:00,NR,store_discharge,0.0,YZ,MW
2025-10-30 02:00:00,SO,store_discharge,0.0,YZ,MW
2025-10-31 03:00:00,CE,store_discharge,0.0,YZ,MW
2025-11-01 04:00:00,NR,store_discharge,0.0,YZ,MW
2025-11-02 05:00:00,SO,store_discharge,0.0,YZ,MW
2025-11-03 06:00:00,CE,store_discharge,0.0,YZ,MW
2025-11-04 07:00:00,NR,store_discharge,0.0,YZ,MW
2025-11-05 08:00:00,SO,store_discharge,0.0,YZ,MW
2025-11-06 09:00:00,CE,store_discharge,0.0,YZ,MW
2025-11-07 10:00:00,NR,store_discharge,0.0,YZ,MW
2025-11-08 11:00:00,SO,store_discharge,0.0,YZ,MW
2025-11-09 12:00:00,CE,store_discharge,-1.44,YZ,MW
2025-11-10 13:00:00,NR,store_discharge,-2.16,YZ,MW
2025-11-11 14:00:00,SO,store_discharge,-1.2,YZ,MW
2025-11-12 15:00:00,CE,store_discharge,0.36,YZ,MW
2025-11-13 16:00:00,NR,store_discharge,0.54,YZ,MW
2025-11-14 17:00:00,SO,store_discharge,0.3,YZ,MW
2025-11-15 18:00:00,CE,store_discharge,1.08,YZ,MW
2025-11-16 19:00:00,NR,store_discharge,1.62,YZ,MW
2025-11-17 20:00:00,SO,store_discharge,0.9,YZ,MW
2025-11-18 21:00:00,CE,store_discharge,0.0,YZ,MW
2025-11-19 22:00:00,NR,store_discharge,0.0,YZ,MW
2025-11-20 23:00:00,SO,store_discharge,0.0,YZ,MW
2025-11-22 00:00:00,CE,store_discharge,0.0,YZ,MW
2025-11-23 01:00:00,NR,store_discharge,0.0,YZ,MW
2025-11-24 02:00:00,SO,store_discharge,0.0,YZ,MW
2025-11-25 03:00:00,CE,store_discharge,0.0,YZ,MW
2025-11-26 04:00:00,NR,store_discharge,0.0,YZ,MW
2025-11-27 05:00:00,SO,store_discharge,0.0,YZ,MW
2025-11-28 06:00:00,CE,store_discharge,0.0,YZ,MW
2025-11-29 07:00:00,NR,store_discharge,0.0,YZ,MW
2025-11-30 08:00:00,SO,store_discharge,0.0,YZ,MW
2025-12-01 09:00:00,CE,store_discharge,0.0,YZ,MW
2025-12-02 10:00:00,NR,store_discharge,-2.16,YZ,MW
2025-12-03 11:00:00,SO,store_discharge,0.0,YZ,MW
2025-12-04 12:00:00,CE,store_discharge,0.0,YZ,MW
2025-12-05 13:00:00,NR,store_discharge,2.16,YZ,MW
2025-12-06 14:00:00,SO,store_discharge,0.0,YZ,MW
2025-12-07 15:00:00,CE,store_discharge,0.0,YZ,MW
2025-12-08 16:00:00,NR,store_discharge,0.0,YZ,MW
2025-12-09 17:00:00,SO,store_discharge,0.0,YZ,MW
2025-12-10 18:00:00,CE,store_discharge,0.0,YZ,MW
2025-12-11 19:00:00,NR,store_discharge,0.0,YZ,MW
2025-12-12 20:00:00,SO,store_discharge,0.0,YZ,MW
2025-12-13 21:00:00,CE,store_discharge,0.0,YZ,MW
2025-12-14 22:00:00,NR,store_discharge,0.0,YZ,MW
2025-12-15 23:00:00,SO,store_discharge,0.0,YZ,MW
2025-12-17 00:00:00,CE,store_discharge,0.0,YZ,MW
2025-12-18 01:00:00,NR,store_discharge,0.0,YZ,MW
2025-12-19 02:00:00,SO,store_discharge,0.0,YZ,MW
2025-12-20 03:00:00,CE,store_discharge,0.0,YZ,MW
2025-12-21 04:00:00,NR,store_discharge,0.0,YZ,MW
2025-12-22 05:00:00,SO,store_discharge,0.0,YZ,MW
2025-12-23 06:00:00,CE,store_discharge,0.0,YZ,MW
2025-12-24 07:00:00,NR,store_discharge,0.0,YZ,MW
2025-12-25 08:00:00,SO,store_discharge,0.0,YZ,MW
2025-12-26 09:00:00,CE,store_discharge,0.0,YZ,MW
2025-12-27 10:00:00,NR,store_discharge,0.0,YZ,MW
2025-12-28 11:00:00,SO,store_discharge,0.0,YZ,MW
2025-12-29 12:00:00,CE,store_discharge,0.0,YZ,MW
2025-12-30 13:00:00,NR,store_discharge,-2.16,YZ,MW
2025-12-31 14:00:00,SO,store_discharge,0.0,YZ,MW
2026-01-01 15:00:00,CE,store_discharge,0.0,YZ,MW
2026-01-02 16:00:00,NR,store_discharge,2.16,YZ,MW
2026-01-03 17:00:00,SO,store_discharge,0.0,YZ,MW
2026-01-04 18:00:00,CE,store_discharge,0.0,YZ,MW
2026-01-05 19:00:00,NR,store_discharge,0.0,YZ,MW
2026-01-06 20:00:00,SO,store_discharge,0.0,YZ,MW
2026-01-07 21:00:00,CE,store_discharge,0.0,YZ,MW
2026-01-08 22:00:00,NR,store_discharge,0.0,YZ,MW
2026-01-09 23:00:00,SO,store_discharge,0.0,YZ,MW
2026-01-11 00:00:00,CE,store_discharge,0.0,YZ,MW
2026-01-12 01:00:00,NR,store_discharge,-2.16,YZ,MW
2026-01-13 02:00:00,SO,store_discharge,-1.2,YZ,MW
2026-01-14 03:00:00,CE,store_discharge,-1.44,YZ,MW
2026-01-15 04:00:00,NR,store_discharge,0.0,YZ,MW
2026-01-16 05:00:00,SO,store_discharge,0.0,YZ,MW
2026-01-17 06:00:00,CE,store_discharge,1.44,YZ,MW
2026-01-18 07:00:00,NR,store_discharge,0.0,YZ,MW
2026-01-19 08:00:00,SO,store_discharge,1.2,YZ,MW
2026-01-20 09:00:00,CE,store_discharge,0.0,YZ,MW
2026-01-21 10:00:00,NR,store_discharge,2.16,YZ,MW
2026-01-22 11:00:00,SO,store_discharge,0.0,YZ,MW
2026-01-23 12:00:00,CE,store_discharge,0.0,YZ,MW
2026-01-24 13:00:00,NR,store_discharge,-2.16,YZ,MW
2026-01-25 14:00:00,SO,store_discharge,-1.2,YZ,MW
2026-01-26 15:00:00,CE,store_discharge,-1.08,YZ,MW
2026-01-27 16:00:00,NR,store_discharge,0.54,YZ,MW
2026-01-28 17:00:00,SO,store_discharge,0.3,YZ,MW
2026-01-29 18:00:00,CE,store_discharge,1.08,YZ,MW
2026-01-30 19:00:00,NR,store_discharge,1.62,YZ,MW
2026-01-31 20:00:00,SO,store_discharge,0.9,YZ,MW
2026-02-01 21:00:00,CE,store_discharge,-1.44,YZ,MW
2026-02-02 22:00:00,NR,store_discharge,-2.16,YZ,MW
2026-02-03 23:00:00,SO,store_discharge,-1.2,YZ,MW
2026-02-05 00:00:00,CE,store_discharge,1.44,YZ,MW
2026-02-06 01:00:00,NR,store_discharge,2.16,YZ,MW
2026-02-07 02:00:00,SO,store_discharge,1.2,YZ,MW
2026-02-08 03:00:00,CE,store_discharge,0.0,YZ,MW
2026-02-09 04:00:00,NR,store_discharge,0.0,YZ,MW
2026-02-10 05:00:00,SO,store_discharge,0.0,YZ,MW
2026-02-11 06:00:00,CE,store_discharge,0.0,YZ,MW
2026-02-12 07:00:00,NR,store_discharge,0.0,YZ,MW
2026-02-13 08:00:00,SO,store_discharge,0.0,YZ,MW
2026-02-14 09:00:00,CE,store_discharge,0.0,YZ,MW
2026-02-15 10:00:00,NR,store_discharge,0.0,YZ,MW
2026-02-16 11:00:00,SO,store_discharge,0.0,YZ,MW
2026-02-17 12:00:00,CE,store_discharge,0.0,YZ,MW
2026-02-18 13:00:00,NR,store_discharge,0.0,YZ,MW
2026-02-19 14:00:00,SO,store_discharge,0.0,YZ,MW
2026-02-20 15:00:00,CE,store_discharge,0.0,YZ,MW
2026-02-21 16:00:00,NR,store_discharge,0.0,YZ,MW
2026-02-22 17:00:00,SO,store_discharge,0.0,YZ,MW
2026-02-23 18:00:00,CE,store_discharge,0.0,YZ,MW
2026-02-24 19:00:00,NR,store_discharge,0.0,YZ,MW
2026-02-25 20:00:00,SO,store_discharge,0.0,YZ,MW
2026-02-26 21:00:00,CE,store_discharge,0.0,YZ,MW
2026-02-27 22:00:00,NR,store_discharge,0.0,YZ,MW
2026-02-28 23:00:00,SO,store_discharge,0.0,YZ,MW
2026-03-02 00:00:00,CE,store_discharge,0.0,YZ,MW
2026-03-03 01:00:00,NR,store_discharge,0.0,YZ,MW
2026-03-04 02:00:00,SO,store_discharge,0.0,YZ,MW
2026-03-05 03:00:00,CE,store_discharge,0.0,YZ,MW
2026-03-06 04:00:00,NR,store_discharge,0.0,YZ,MW
2026-03-07 05:00:00,SO,store_discharge,0.0,YZ,MW
2026-03-08 06:00:00,CE,store_discharge,0.0,YZ,MW
2026-03-09 07:00:00,NR,store_discharge,0.0,YZ,MW
2026-03-10 08:00:00,SO,store_discharge,0.0,YZ,MW
2026-03-11 09:00:00,CE,store_discharge,0.0,YZ,MW
2026-03-12 10:00:00,NR,store_discharge,0.0,YZ,MW
2026-03-13 11:00:00,SO,store_discharge,0.0,YZ,MW
2026-03-14 12:00:00,CE,store_discharge,0.0,YZ,MW
2026-03-15 13:00:00,NR,store_discharge,0.0,YZ,MW
2026-03-16 14:00:00,SO,store_discharge,0.0,YZ,MW
2026-03-17 15:00:00,CE,store_discharge,0.0,YZ,MW
2026-03-18 16:00:00,NR,store_discharge,-2.16,YZ,MW
2026-03-19 17:00:00,SO,store_discharge,0.0,YZ,MW
2026-03-20 18:00:00,CE,store_discharge,0.0,YZ,MW
2026-03-21 19:00:00,NR,store_discharge,2.16,YZ,MW
2026-03-22 20:00:00,SO,store_discharge,0.0,YZ,MW
2026-03-23 21:00:00,CE,store_discharge,0.0,YZ,MW
2026-03-24 22:00:00,NR,store_discharge,0.0,YZ,MW
2026-03-25 23:00:00,SO,store_discharge,0.0,YZ,MW
2026-03-27 00:00:00,CE,store_discharge,0.0,YZ,MW
2026-03-28 01:00:00,NR,store_discharge,0.0,YZ,MW
2026-03-29 02:00:00,SO,store_discharge,0.0,YZ,MW
2026-03-30 03:00:00,CE,store_discharge,0.0,YZ,MW
2026-03-31 04:00:00,NR,store_discharge,0.0,YZ,MW
2026-04-01 05:00:00,SO,store_discharge,-1.2,YZ,MW
2026-04-02 06:00:00,CE,store_discharge,0.0,YZ,MW
2026-04-03 07:00:00,NR,store_discharge,0.0,YZ,MW
2026-04-04 08:00:00,SO,store_discharge,1.2,YZ,MW
2026-04-05 09:00:00,CE,store_discharge,-1.44,YZ,MW
2026-04-06 10:00:00,NR,store_discharge,-2.16,YZ,MW
2026-04-07 11:00:00,SO,store_discharge,-1.2,YZ,MW
2026-04-08 12:00:00,CE,store_discharge,1.44,YZ,MW
2026-04-09 13:00:00,NR,store_discharge,0.0,YZ,MW
2026-04-10 14:00:00,SO,store_discharge,1.2,YZ,MW
2026-04-11 15:00:00,CE,store_discharge,-1.08,YZ,MW
2026-04-12 16:00:00,NR,store_discharge,0.54,YZ,MW
2026-04-13 17:00:00,SO,store_discharge,-0.9,YZ,MW
2026-04-14 18:00:00,CE,store_discharge,1.08,YZ,MW
2026-04-15 19:00:00,NR,store_discharge,1.62,YZ,MW
2026-04-16 20:00:00,SO,store_discharge,0.9,YZ,MW
2026-04-17 21:00:00,CE,store_discharge,0.0,YZ,MW
2026-04-18 22:00:00,NR,store_discharge,0.0,YZ,MW
2026-04-19 23:00:00,SO,store_discharge,0.0,YZ,MW
2026-04-21 00:00:00,CE,store_discharge,0.0,YZ,MW
2026-04-22 01:00:00,NR,store_discharge,0.0,YZ,MW
2026-04-23 02:00:00,SO,store_discharge,0.0,YZ,MW
2026-04-24 03:00:00,CE,store_discharge,0.0,YZ,MW
2026-04-25 04:00:00,NR,store_discharge,0.0,YZ,MW
2026-04-26 05:00:00,SO,store_discharge,0.0,YZ,MW
2026-04-27 06:00:00,CE,store_discharge,0.0,YZ,MW
2026-04-28 07:00:00,NR,store_discharge,0.0,YZ,MW
2026-04-29 08:00:00,SO,store_discharge,0.0,YZ,MW
2026-04-30 09:00:00,CE,store_discharge,0.0,YZ,MW
2026-05-01 10:00:00,NR,store_discharge,-2.16,YZ,MW
2026-05-02 11:00:00,SO,store_discharge,-1.2,YZ,MW
2026-05-03 12:00:00,CE,store_discharge,0.0,YZ,MW
2026-05-04 13:00:00,NR,store_discharge,2.16,YZ,MW
2026-05-05 14:00:00,SO,store_discharge,1.2,YZ,MW
2026-05-06 15:00:00,CE,store_discharge,0.0,YZ,MW
2026-05-07 16:00:00,NR,store_discharge,0.0,YZ,MW
2026-05-08 17:00:00,SO,store_discharge,0.0,YZ,MW
2026-05-09 18:00:00,CE,store_discharge,0.0,YZ,MW
2026-05-10 19:00:00,NR,store_discharge,0.0,YZ,MW
2026-05-11 20:00:00,SO,store_discharge,0.0,YZ,MW
2026-05-12 21:00:00,CE,store_discharge,0.0,YZ,MW
2026-05-13 22:00:00,NR,store_discharge,0.0,YZ,MW
2026-05-14 23:00:00,SO,store_discharge,0.0,YZ,MW
2026-05-16 00:00:00,CE,store_discharge,0.0,YZ,MW
2026-05-17 01:00:00,NR,store_discharge,0.0,YZ,MW
2026-05-18 02:00:00,SO,store_discharge,0.0,YZ,MW
2026-05-19 03:00:00,CE,store_discharge,0.0,YZ,MW
2026-05-20 04:00:00,NR,store_discharge,0.0,YZ,MW
2026-05-21 05:00:00,SO,store_discharge,0.0,YZ,MW
2026-05-22 06:00:00,CE,store_discharge,0.0,YZ,MW
2026-05-23 07:00:00,NR,store_discharge,0.0,YZ,MW
2026-05-24 08:00:00,SO,store_discharge,0.0,YZ,MW
2026-05-25 09:00:00,CE,store_discharge,0.0,YZ,MW
2026-05-26 10:00:00,NR,store_discharge,0.0,YZ,MW
2026-05-27 11:00:00,SO,store_discharge,0.0,YZ,MW
2026-05-28 12:00:00,CE,store_discharge,0.0,YZ,MW
2026-05-29 13:00:00,NR,store_discharge,0.0,YZ,MW
2026-05-30 14:00:00,SO,store_discharge,0.0,YZ,MW
2026-05-31 15:00:00,CE,store_discharge,0.0,YZ,MW
2026-06-01 16:00:00,NR,store_discharge,0.0,YZ,MW
2026-06-02 17:00:00,SO,store_discharge,0.0,YZ,MW
2026-06-03 18:00:00,CE,store_discharge,0.0,YZ,MW
2026-06-04 19:00:00,NR,store_discharge,0.0,YZ,MW
2026-06-05 20:00:00,SO,store_discharge,0.0,YZ,MW
2026-06-06 21:00:00,CE,store_discharge,0.0,YZ,MW
2026-06-07 22:00:00,NR,store_discharge,0.0,YZ,MW
2026-06-08 23:00:00,SO,store_discharge,0.0,YZ,MW
2026-06-10 00:00:00,CE,store_discharge,0.0,YZ,MW
2026-06-11 01:00:00,NR,store_discharge,-2.16,YZ,MW
2026-06-12 02:00:00,SO,store_discharge,-1.2,YZ,MW
2026-06-13 03:00:00,CE,store_discharge,0.0,YZ,MW
2026-06-14 04:00:00,NR,store_discharge,0.0,YZ,MW
2026-06-15 05:00:00,SO,store_discharge,0.0,YZ,MW
2026-06-16 06:00:00,CE,store_discharge,0.0,YZ,MW
2026-06-17 07:00:00,NR,store_discharge,0.0,YZ,MW
2026-06-18 08:00:00,SO,store_discharge,1.2,YZ,MW
2026-06-19 09:00:00,CE,store_discharge,0.0,YZ,MW
2026-06-20 10:00:00,NR,store_discharge,0.0,YZ,MW
2026-06-21 11:00:00,SO,store_discharge,0.0,YZ,MW
2026-06-22 12:00:00,CE,store_discharge,0.0,YZ,MW
2026-06-23 13:00:00,NR,store_discharge,0.0,YZ,MW
2026-06-24 14:00:00,SO,store_discharge,0.0,YZ,MW
2026-06-25 15:00:00,CE,store_discharge,0.0,YZ,MW
2026-06-26 16:00:00,NR,store_discharge,2.16,YZ,MW
2026-06-27 17:00:00,SO,store_discharge,0.0,YZ,MW
2026-06-28 18:00:00,CE,store_discharge,-1.08,YZ,MW
2026-06-29 19:00:00,NR,store_discharge,-1.62,YZ,MW
2026-06-30 20:00:00,SO,store_discharge,-0.9,YZ,MW
2026-07-01 21:00:00,CE,store_discharge,-0.36,YZ,MW
2026-07-02 22:00:00,NR,store_discharge,-0.54,YZ,MW
2026-07-03 23:00:00,SO,store_discharge,-0.3,YZ,MW
2026-07-05 00:00:00,CE,store_discharge,1.44,YZ,MW
2026-07-06 01:00:00,NR,store_discharge,2.16,YZ,MW
2026-07-07 02:00:00,SO,store_discharge,1.2,YZ,MW
2026-07-08 03:00:00,CE,store_discharge,0.0,YZ,MW
2026-07-09 04:00:00,NR,store_discharge,0.0,YZ,MW
2026-07-10 05:00:00,SO,store_discharge,0.0,YZ,MW
2026-07-11 06:00:00,CE,store_discharge,0.0,YZ,MW
2026-07-12 07:00:00,NR,store_discharge,0.0,YZ,MW
2026-07-13 08:00:00,SO,store_discharge,0.0,YZ,MW
2026-07-14 09:00:00,CE,store_discharge,0.0,YZ,MW
2026-07-15 10:00:00,NR,store_discharge,0.0,YZ,MW
2026-07-16 11:00:00,SO,store_discharge,0.0,YZ,MW
2026-07-17 12:00:00,CE,store_discharge,0.0,YZ,MW
2026-07-18 13:00:00,NR,store_discharge,0.0,YZ,MW
2026-07-19 14:00:00,SO,store_discharge,0.0,YZ,MW
2026-07-20 15:00:00,CE,store_discharge,0.0,YZ,MW
2026-07-21 16:00:00,NR,store_discharge,0.0,YZ,MW
2026-07-22 17:00:00,SO,store_discharge,0.0,YZ,MW
2026-07-23 18:00:00,CE,store_discharge,0.0,YZ,MW
2026-07-24 19:00:00,NR,store_discharge,0.0,YZ,MW
2026-07-25 20:00:00,SO,store_discharge,0.0,YZ,MW
2026-07-26 21:00:00,CE,store_discharge,0.0,YZ,MW
2026-07-27 22:00:00,NR,store_discharge,0.0,YZ,MW
2026-07-28 23:00:00,SO,store_discharge,0.0,YZ,MW
2026-07-30 00:00:00,CE,store_discharge,0.0,YZ,MW
2026-07-31 01:00:00,NR,store_discharge,0.0,YZ,MW
2026-08-01 02:00:00,SO,store_discharge,0.0,YZ,MW
2026-08-02 03:00:00,CE,store_discharge,0.0,YZ,MW
2026-08-03 04:00:00,NR,store_discharge,0.0,YZ,MW
2026-08-04 05:00:00,SO,store_discharge,0.0,YZ,MW
2026-08-05 06:00:00,CE,store_discharge,0.0,YZ,MW
2026-08-06 07:00:00,NR,store_discharge,0.0,YZ,MW
2026-08-07 08:00:00,SO,store_discharge,0.0,YZ,MW
2026-08-08 09:00:00,CE,store_discharge,0.0,YZ,MW
2026-08-09 10:00:00,NR,store_discharge,0.0,YZ,MW
2026-08-10 11:00:00,SO,store_discharge,0.0,YZ,MW
2026-08-11 12:00:00,CE,store_discharge,0.0,YZ,MW
2026-08-12 13:00:00,NR,store_discharge,0.0,YZ,MW
2026-08-13 14:00:00,SO,store_discharge,0.0,YZ,MW
2026-08-14 15:00:00,CE,store_discharge,0.0,YZ,MW
2026-08-15 16:00:00,NR,store_discharge,0.0,YZ,MW
2026-08-16 17:00:00,SO,store_discharge,0.0,YZ,MW
2026-08-17 18:00:00,CE,store_discharge,0.0,YZ,MW
2026-08-18 19:00:00,NR,store_discharge,0.0,YZ,MW
2026-08-19 20:00:00,SO,store_discharge,0.0,YZ,MW
2026-08-20 21:00:00,CE,store_discharge,0.0,YZ,MW
2026-08-21 22:00:00,NR,store_discharge,0.0,YZ,MW
2026-08-22 23:00:00,SO,store_discharge,0.0,YZ,MW
2026-08-24 00:00:00,CE,store_discharge,0.0,YZ,MW
2026-08-25 01:00:00,NR,store_discharge,0.0,YZ,MW
2026-08-26 02:00:00,SO,store_discharge,0.0,YZ,MW
2026-08-27 03:00:00,CE,store_discharge,0.0,YZ,MW
2026-08-28 04:00:00,NR,store_discharge,0.0,YZ,MW
2026-08-29 05:00:00,SO,store_discharge,0.0,YZ,MW
2026-08-30 06:00:00,CE,store_discharge,0.0,YZ,MW
2026-08-31 07:00:00,NR,store_discharge,0.0,YZ,MW
2026-09-01 08:00:00,SO,store_discharge,0.0,YZ,MW
2026-09-02 09:00:00,CE,store_discharge,-1.44,YZ,MW
2026-09-03 10:00:00,NR,store_discharge,-2.16,YZ,MW
2026-09-04 11:00:00,SO,store_discharge,-1.2,YZ,MW
2026-09-05 12:00:00,CE,store_discharge,1.44,YZ,MW
2026-09-06 13:00:00,NR,store_discharge,0.0,YZ,MW
2026-09-07 14:00:00,SO,store_discharge,0.0,YZ,MW
2026-09-08 15:00:00,CE,store_discharge,0.0,YZ,MW
2026-09-09 16:00:00,NR,store_discharge,0.0,YZ,MW
2026-09-10 17:00:00,SO,store_discharge,1.2,YZ,MW
2026-09-11 18:00:00,CE,store_discharge,-1.08,YZ,MW
2026-09-12 19:00:00,NR,store_discharge,0.54,YZ,MW
2026-09-13 20:00:00,SO,store_discharge,-0.9,YZ,MW
2026-09-14 21:00:00,CE,store_discharge,1.08,YZ,MW
2026-09-15 22:00:00,NR,store_discharge,1.62,YZ,MW
2026-09-16 23:00:00,SO,store_discharge,0.9,YZ,MW
2026-09-18 00:00:00,CE,store_discharge,0.0,YZ,MW
2026-09-19 01:00:00,NR,store_discharge,0.0,YZ,MW
2026-09-20 02:00:00,SO,store_discharge,0.0,YZ,MW
2026-09-21 03:00:00,CE,store_discharge,0.0,YZ,MW
2026-09-22 04:00:00,NR,store_discharge,0.0,YZ,MW
2026-09-23 05:00:00,SO,store_discharge,0.0,YZ,MW
2026-09-24 06:00:00,CE,store_discharge,0.0,YZ,MW
2026-09-25 07:00:00,NR,store_discharge,-2.16,YZ,MW
2026-09-26 08:00:00,SO,store_discharge,-1.2,YZ,MW
2026-09-27 09:00:00,CE,store_discharge,0.0,YZ,MW
2026-09-28 10:00:00,NR,store_discharge,2.16,YZ,MW
2026-09-29 11:00:00,SO,store_discharge,1.2,YZ,MW
2026-09-30 12:00:00,CE,store_discharge,0.0,YZ,MW
2026-10-01 13:00:00,NR,store_discharge,0.0,YZ,MW
2026-10-02 14:00:00,SO,store_discharge,0.0,YZ,MW
2026-10-03 15:00:00,CE,store_discharge,0.0,YZ,MW
2026-10-04 16:00:00,NR,store_discharge,0.0,YZ,MW
2026-10-05 17:00:00,SO,store_discharge,0.0,YZ,MW
2026-10-06 18:00:00,CE,store_discharge,0.0,YZ,MW
2026-10-07 19:00:00,NR,store_discharge,0.0,YZ,MW
2026-10-08 20:00:00,SO,store_discharge,0.0,YZ,MW
2026-10-09 21:00:00,CE,store_discharge,0.0,YZ,MW
2026-10-10 22:00:00,NR,store_discharge,0.0,YZ,MW
2026-10-11 23:00:00,SO,store_discharge,0.0,YZ,MW
2026-10-13 00:00:00,CE,store_discharge,0.0,YZ,MW
2026-10-14 01:00:00,NR,store_discharge,0.0,YZ,MW
2026-10-15 02:00:00,SO,store_discharge,0.0,YZ,MW
2026-10-16 03:00:00,CE,store_discharge,0.0,YZ,MW
2026-10-17 04:00:00,NR,store_discharge,0.0,YZ,MW
2026-10-18 05:00:00,SO,store_discharge,0.0,YZ,MW
2026-10-19 06:00:00,CE,store_discharge,0.0,YZ,MW
2026-10-20 07:00:00,NR,store_discharge,0.0,YZ,MW
2026-10-21 08:00:00,SO,store_discharge,0.0,YZ,MW
2026-10-22 09:00:00,CE,store_discharge,0.0,YZ,MW
2026-10-23 10:00:00,NR,store_discharge,0.0,YZ,MW
2026-10-24 11:00:00,SO,store_discharge,0.0,YZ,MW
2026-10-25 12:00:00,CE,store_discharge,0.0,YZ,MW
2026-10-26 13:00:00,NR,store_discharge,0.0,YZ,MW
2026-10-27 14:00:00,SO,store_discharge,0.0,YZ,MW
2026-10-28 15:00:00,CE,store_discharge,0.0,YZ,MW
2026-10-29 16:00:00,NR,store_discharge,0.0,YZ,MW
2026-10-30 17:00:00,SO,store_discharge,0.0,YZ,MW
2026-10-31 18:00:00,CE,store_discharge,0.0,YZ,MW
2026-11-01 19:00:00,NR,store_discharge,0.0,YZ,MW
2026-11-02 20:00:00,SO,store_discharge,0.0,YZ,MW
2026-11-03 21:00:00,CE,store_discharge,0.0,YZ,MW
2026-11-04 22:00:00,NR,store_discharge,0.0,YZ,MW
2026-11-05 23:00:00,SO,store_discharge,0.0,YZ,MW
2026-11-07 00:00:00,CE,store_discharge,0.0,YZ,MW
2026-11-08 01:00:00,NR,store_discharge,-2.16,YZ,MW
2026-11-09 02:00:00,SO,store_discharge,-1.2,YZ,MW
2026-11-10 03:00:00,CE,store_discharge,0.0,YZ,MW
2026-11-11 04:00:00,NR,store_discharge,2.16,YZ,MW
2026-11-12 05:00:00,SO,store_discharge,1.2,YZ,MW
2026-11-13 06:00:00,CE,store_discharge,0.0,YZ,MW
2026-11-14 07:00:00,NR,store_discharge,0.0,YZ,MW
2026-11-15 08:00:00,SO,store_discharge,0.0,YZ,MW
2026-11-16 09:00:00,CE,store_discharge,0.0,YZ,MW
2026-11-17 10:00:00,NR,store_discharge,-2.16,YZ,MW
2026-11-18 11:00:00,SO,store_discharge,0.0,YZ,MW
2026-11-19 12:00:00,CE,store_discharge,0.0,YZ,MW
2026-11-20 13:00:00,NR,store_discharge,2.16,YZ,MW
2026-11-21 14:00:00,SO,store_discharge,0.0,YZ,MW
2026-11-22 15:00:00,CE,store_discharge,0.0,YZ,MW
2026-11-23 16:00:00,NR,store_discharge,0.0,YZ,MW
2026-11-24 17:00:00,SO,store_discharge,0.0,YZ,MW
2026-11-25 18:00:00,CE,store_discharge,-1.44,YZ,MW
2026-11-26 19:00:00,NR,store_discharge,-2.16,YZ,MW
2026-11-27 20:00:00,SO,store_discharge,-1.2,YZ,MW
2026-11-28 21:00:00,CE,store_discharge,1.44,YZ,MW
2026-11-29 22:00:00,NR,store_discharge,2.16,YZ,MW
2026-11-30 23:00:00,SO,store_discharge,1.2,YZ,MW
2026-12-02 00:00:00,CE,store_discharge,0.0,YZ,MW
2026-12-03 01:00:00,NR,store_discharge,0.0,YZ,MW
2026-12-04 02:00:00,SO,store_discharge,0.0,YZ,MW
2026-12-05 03:00:00,CE,store_discharge,0.0,YZ,MW
2026-12-06 04:00:00,NR,store_discharge,0.0,YZ,MW
2026-12-07 05:00:00,SO,store_discharge,0.0,YZ,MW
2026-12-08 06:00:00,CE,store_discharge,0.0,YZ,MW
2026-12-09 07:00:00,NR,store_discharge,0.0,YZ,MW
2026-12-10 08:00:00,SO,store_discharge,0.0,YZ,MW
2026-12-11 09:00:00,CE,store_discharge,0.0,YZ,MW
2026-12-12 10:00:00,NR,store_discharge,0.0,YZ,MW
2026-12-13 11:00:00,SO,store_discharge,0.0,YZ,MW
2026-12-14 12:00:00,CE,store_discharge,0.0,YZ,MW
2026-12-15 13:00:00,NR,store_discharge,0.0,YZ,MW
2026-12-16 14:00:00,SO,store_discharge,0.0,YZ,MW
2026-12-17 15:00:00,CE,store_discharge,0.0,YZ,MW
2026-12-18 16:00:00,NR,store_discharge,0.0,YZ,MW
2026-12-19 17:00:00,SO,store_discharge,0.0,YZ,MW
2026-12-20 18:00:00,CE,store_discharge,0.0,YZ,MW
2026-12-21 19:00:00,NR,store_discharge,0.0,YZ,MW
2026-12-22 20:00:00,SO,store_discharge,0.0,YZ,MW
2026-12-23 21:00:00,CE,store_discharge,0.0,YZ,MW
2026-12-24 22:00:00,NR,store_discharge,0.0,YZ,MW
2026-12-25 23:00:00,SO,store_discharge,0.0,YZ,MW
2026-12-27 00:00:00,CE,store_discharge,0.0,YZ,MW
2026-12-28 01:00:00,NR,store_discharge,0.0,YZ,MW
2026-12-29 02:00:00,SO,store_discharge,0.0,YZ,MW
2026-12-30 03:00:00,CE,store_discharge,0.0,YZ,MW
2026-12-31 04:00:00,NR,store_discharge,0.0,YZ,MW
2027-01-01 05:00:00,SO,store_discharge,0.0,YZ,MW
2027-01-02 06:00:00,CE,store_discharge,0.0,YZ,MW
2027-01-03 07:00:00,NR,store_discharge,0.0,YZ,MW
2027-01-04 08:00:00,SO,store_discharge,0.0,YZ,MW
2027-01-05 09:00:00,CE,store_discharge,0.0,YZ,MW
2027-01-06 10:00:00,NR,store_discharge,0.0,YZ,MW
2027-01-07 11:00:00,SO,store_discharge,0.0,YZ,MW
2027-01-08 12:00:00,CE,store_discharge,0.0,YZ,MW
2027-01-09 13:00:00,NR,store_discharge,0.0,YZ,MW
2027-01-10 14:00:00,SO,store_discharge,0.0,YZ,MW
2027-01-11 15:00:00,CE,store_discharge,0.0,YZ,MW
2027-01-12 16:00:00,NR,store_discharge,0.0,YZ,MW
2027-01-13 17:00:00,SO,store_discharge,0.0,YZ,MW
2027-01-14 18:00:00,CE,store_discharge,0.0,YZ,MW
2027-01-15 19:00:00,NR,store_discharge,0.0,YZ,MW
2027-01-16 20:00:00,SO,store_discharge,0.0,YZ,MW
2027-01-17 21:00:00,CE,store_discharge,0.0,YZ,MW
2027-01-18 22:00:00,NR,store_discharge,0.0,YZ,MW
2027-01-19 23:00:00,SO,store_discharge,0.0,YZ,MW
2027-01-21 00:00:00,CE,store_discharge,0.0,YZ,MW
2027-01-22 01:00:00,NR,store_discharge,0.0,YZ,MW
2027-01-23 02:00:00,SO,store_discharge,0.0,YZ,MW
2027-01-24 03:00:00,CE,store_discharge,0.0,YZ,MW
2027-01-25 04:00:00,NR,store_discharge,0.0,YZ,MW
2027-01-26 05:00:00,SO,store_discharge,0.0,YZ,MW
2027-01-27 06:00:00,CE,store_discharge,-1.44,YZ,MW
2027-01-28 07:00:00,NR,store_discharge,-2.16,YZ,MW
2027-01-29 08:00:00,SO,store_discharge,-1.2,YZ,MW
2027-01-30 09:00:00,CE,store_discharge,1.44,YZ,MW
2027-01-31 10:00:00,NR,store_discharge,0.0,YZ,MW
2027-02-01 11:00:00,SO,store_discharge,0.0,YZ,MW
2027-02-02 12:00:00,CE,store_discharge,0.0,YZ,MW
2027-02-03 13:00:00,NR,store_discharge,0.0,YZ,MW
2027-02-04 14:00:00,SO,store_discharge,1.2,YZ,MW
2027-02-05 15:00:00,CE,store_discharge,0.0,YZ,MW
2027-02-06 16:00:00,NR,store_discharge,2.16,YZ,MW
2027-02-07 17:00:00,SO,store_discharge,0.0,YZ,MW
2027-02-08 18:00:00,CE,store_discharge,-1.08,YZ,MW
2027-02-09 19:00:00,NR,store_discharge,-1.62,YZ,MW
2027-02-10 20:00:00,SO,store_discharge,-0.9,YZ,MW
2027-02-11 21:00:00,CE,store_discharge,1.08,YZ,MW
2027-02-12 22:00:00,NR,store_discharge,1.62,YZ,MW
2027-02-13 23:00:00,SO,store_discharge,0.9,YZ,MW
2027-02-15 00:00:00,CE,store_discharge,0.0,YZ,MW
2027-02-16 01:00:00,NR,store_discharge,0.0,YZ,MW
2027-02-17 02:00:00,SO,store_discharge,0.0,YZ,MW
2027-02-18 03:00:00,CE,store_discharge,-1.44,YZ,MW
2027-02-19 04:00:00,NR,store_discharge,-2.16,YZ,MW
2027-02-20 05:00:00,SO,store_discharge,-1.2,YZ,MW
2027-02-21 06:00:00,CE,store_discharge,1.44,YZ,MW
2027-02-22 07:00:00,NR,store_discharge,2.16,YZ,MW
2027-02-23 08:00:00,SO,store_discharge,1.2,YZ,MW
2027-02-24 09:00:00,CE,store_discharge,0.0,YZ,MW
2027-02-25 10:00:00,NR,store_discharge,0.0,YZ,MW
2027-02-26 11:00:00,SO,store_discharge,0.0,YZ,MW
2027-02-27 12:00:00,CE,store_discharge,0.0,YZ,MW
2027-02-28 13:00:00,NR,store_discharge,0.0,YZ,MW
2027-03-01 14:00:00,SO,store_discharge,0.0,YZ,MW
2027-03-02 15:00:00,CE,store_discharge,0.0,YZ,MW
2027-03-03 16:00:00,NR,store_discharge,0.0,YZ,MW
2027-03-04 17:00:00,SO,store_discharge,0.0,YZ,MW
2027-03-05 18:00:00,CE,store_discharge,0.0,YZ,MW
2027-03-06 19:00:00,NR,store_discharge,0.0,YZ,MW
2027-03-07 20:00:00,SO,store_discharge,0.0,YZ,MW
2027-03-08 21:00:00,CE,store_discharge,0.0,YZ,MW
2027-03-09 22:00:00,NR,store_discharge,0.0,YZ,MW
2027-03-10 23:00:00,SO,store_discharge,0.0,YZ,MW
2027-03-12 00:00:00,CE,store_discharge,0.0,YZ,MW
2027-03-13 01:00:00,NR,store_discharge,0.0,YZ,MW
2027-03-14 02:00:00,SO,store_discharge,0.0,YZ,MW
2027-03-15 03:00:00,CE,store_discharge,0.0,YZ,MW
2027-03-16 04:00:00,NR,store_discharge,0.0,YZ,MW
2027-03-17 05:00:00,SO,store_discharge,0.0,YZ,MW
2027-03-18 06:00:00,CE,store_discharge,0.0,YZ,MW
2027-03-19 07:00:00,NR,store_discharge,0.0,YZ,MW
2027-03-20 08:00:00,SO,store_discharge,0.0,YZ,MW
2027-03-21 09:00:00,CE,store_discharge,0.0,YZ,MW
2027-03-22 10:00:00,NR,store_discharge,0.0,YZ,MW
2027-03-23 11:00:00,SO,store_discharge,0.0,YZ,MW
2027-03-24 12:00:00,CE,store_discharge,0.0,YZ,MW
2027-03-25 13:00:00,NR,store_discharge,0.0,YZ,MW
2027-03-26 14:00:00,SO,store_discharge,0.0,YZ,MW
2027-03-27 15:00:00,CE,store_discharge,0.0,YZ,MW
2027-03-28 16:00:00,NR,store_discharge,0.0,YZ,MW
2027-03-29 17:00:00,SO,store_discharge,0.0,YZ,MW
2027-03-30 18:00:00,CE,store_discharge,0.0,YZ,MW
2027-03-31 19:00:00,NR,store_discharge,0.0,YZ,MW
2027-04-01 20:00:00,SO,store_discharge,0.0,YZ,MW
2027-04-02 21:00:00,CE,store_discharge,0.0,YZ,MW
2027-04-03 22:00:00,NR,store_discharge,-2.16,YZ,MW
2027-04-04 23:00:00,SO,store_discharge,0.0,YZ,MW
2027-04-06 00:00:00,CE,store_discharge,0.0,YZ,MW
2027-04-07 01:00:00,NR,store_discharge,2.16,YZ,MW
2027-04-08 02:00:00,SO,store_discharge,0.0,YZ,MW
2027-04-09 03:00:00,CE,store_discharge,0.0,YZ,MW
2027-04-10 04:00:00,NR,store_discharge,0.0,YZ,MW
2027-04-11 05:00:00,SO,store_discharge,0.0,YZ,MW
2027-04-12 06:00:00,CE,store_discharge,0.0,YZ,MW
2027-04-13 07:00:00,NR,store_discharge,-2.16,YZ,MW
2027-04-14 08:00:00,SO,store_discharge,0.0,YZ,MW
2027-04-15 09:00:00,CE,store_discharge,0.0,YZ,MW
2027-04-16 10:00:00,NR,store_discharge,2.16,YZ,MW
2027-04-17 11:00:00,SO,store_discharge,0.0,YZ,MW
2027-04-18 12:00:00,CE,store_discharge,0.0,YZ,MW
2027-04-19 13:00:00,NR,store_discharge,0.0,YZ,MW
2027-04-20 14:00:00,SO,store_discharge,0.0,YZ,MW
2027-04-21 15:00:00,CE,store_discharge,-1.44,YZ,MW
2027-04-22 16:00:00,NR,store_discharge,-2.16,YZ,MW
2027-04-23 17:00:00,SO,store_discharge,-1.2,YZ,MW
2027-04-24 18:00:00,CE,store_discharge,0.36,YZ,MW
2027-04-25 19:00:00,NR,store_discharge,0.54,YZ,MW
2027-04-26 20:00:00,SO,store_discharge,0.3,YZ,MW
2027-04-27 21:00:00,CE,store_discharge,1.08,YZ,MW
2027-04-28 22:00:00,NR,store_discharge,1.62,YZ,MW
2027-04-29 23:00:00,SO,store_discharge,0.9,YZ,MW
2027-05-01 00:00:00,CE,store_discharge,0.0,YZ,MW
2027-05-02 01:00:00,NR,store_discharge,0.0,YZ,MW
2027-05-03 02:00:00,SO,store_discharge,0.0,YZ,MW
2027-05-04 03:00:00,CE,store_discharge,0.0,YZ,MW
2027-05-05 04:00:00,NR,store_discharge,0.0,YZ,MW
2027-05-06 05:00:00,SO,store_discharge,0.0,YZ,MW
2027-05-07 06:00:00,CE,store_discharge,0.0,YZ,MW
2027-05-08 07:00:00,NR,store_discharge,0.0,YZ,MW
2027-05-09 08:00:00,SO,store_discharge,0.0,YZ,MW
2027-05-10 09:00:00,CE,store_discharge,0.0,YZ,MW
2027-05-11 10:00:00,NR,store_discharge,0.0,YZ,MW
2027-05-12 11:00:00,SO,store_discharge,0.0,YZ,MW
2027-05-13 12:00:00,CE,store_discharge,0.0,YZ,MW
2027-05-14 13:00:00,NR,store_discharge,0.0,YZ,MW
2027-05-15 14:00:00,SO,store_discharge,0.0,YZ,MW
2027-05-16 15:00:00,CE,store_discharge,0.0,YZ,MW
2027-05-17 16:00:00,NR,store_discharge,0.0,YZ,MW
2027-05-18 17:00:00,SO,store_discharge,0.0,YZ,MW
2027-05-19 18:00:00,CE,store_discharge,0.0,YZ,MW
2027-05-20 19:00:00,NR,store_discharge,0.0,YZ,MW
2027-05-21 20:00:00,SO,store_discharge,0.0,YZ,MW
2027-05-22 21:00:00,CE,store_discharge,0.0,YZ,MW
2027-05-23 22:00:00,NR,store_discharge,0.0,YZ,MW
2027-05-24 23:00:00,SO,store_discharge,0.0,YZ,MW
2027-05-26 00:00:00,CE,store_discharge,0.0,YZ,MW
2027-05-27 01:00:00,NR,store_discharge,0.0,YZ,MW
2027-05-28 02:00:00,SO,store_discharge,0.0,YZ,MW
2027-05-29 03:00:00,CE,store_discharge,0.0,YZ,MW
2027-05-30 04:00:00,NR,store_discharge,0.0,YZ,MW
2027-05-31 05:00:00,SO,store_discharge,0.0,YZ,MW
2027-06-01 06:00:00,CE,store_discharge,0.0,YZ,MW
2027-06-02 07:00:00,NR,store_discharge,0.0,YZ,MW
2027-06-03 08:00:00,SO,store_discharge,0.0,YZ,MW
2027-06-04 09:00:00,CE,store_discharge,0.0,YZ,MW
2027-06-05 10:00:00,NR,store_discharge,0.0,YZ,MW
2027-06-06 11:00:00,SO,store_discharge,0.0,YZ,MW
2027-06-07 12:00:00,CE,store_discharge,0.0,YZ,MW
2027-06-08 13:00:00,NR,store_discharge,0.0,YZ,MW
2027-06-09 14:00:00,SO,store_discharge,0.0,YZ,MW
2027-06-10 15:00:00,CE,store_discharge,0.0,YZ,MW
2027-06-11 16:00:00,NR,store_discharge,0.0,YZ,MW
2027-06-12 17:00:00,SO,store_discharge,0.0,YZ,MW
2027-06-13 18:00:00,CE,store_discharge,0.0,YZ,MW
2027-06-14 19:00:00,NR,store_discharge,0.0,YZ,MW
2027-06-15 20:00:00,SO,store_discharge,0.0,YZ,MW
2027-06-16 21:00:00,CE,store_discharge,0.0,YZ,MW
2027-06-17 22:00:00,NR,store_discharge,0.0,YZ,MW
2027-06-18 23:00:00,SO,store_discharge,0.0,YZ,MW
2027-06-20 00:00:00,CE,store_discharge,0.0,YZ,MW
2027-06-21 01:00:00,NR,store_discharge,0.0,YZ,MW
2027-06-22 02:00:00,SO,store_discharge,0.0,YZ,MW
2027-06-23 03:00:00,CE,store_discharge,-1.44,YZ,MW
2027-06-24 04:00:00,NR,store_discharge,-2.16,YZ,MW
2027-06-25 05:00:00,SO,store_discharge,-1.2,YZ,MW
2027-06-26 06:00:00,CE,store_discharge,0.0,YZ,MW
2027-06-27 07:00:00,NR,store_discharge,0.0,YZ,MW
2027-06-28 08:00:00,SO,store_discharge,0.0,YZ,MW
2027-06-29 09:00:00,CE,store_discharge,1.44,YZ,MW
2027-06-30 10:00:00,NR,store_discharge,2.16,YZ,MW
2027-07-01 11:00:00,SO,store_discharge,1.2,YZ,MW
2027-07-02 12:00:00,CE,store_discharge,0.0,YZ,MW
2027-07-03 13:00:00,NR,store_discharge,0.0,YZ,MW
2027-07-04 14:00:00,SO,store_discharge,0.0,YZ,MW
2027-07-05 15:00:00,CE,store_discharge,0.0,YZ,MW
2027-07-06 16:00:00,NR,store_discharge,-2.16,YZ,MW
2027-07-07 17:00:00,SO,store_discharge,-1.2,YZ,MW
2027-07-08 18:00:00,CE,store_discharge,0.0,YZ,MW
2027-07-09 19:00:00,NR,store_discharge,2.16,YZ,MW
2027-07-10 20:00:00,SO,store_discharge,1.2,YZ,MW
2027-07-11 21:00:00,CE,store_discharge,-1.08,YZ,MW
2027-07-12 22:00:00,NR,store_discharge,-1.62,YZ,MW
2027-07-13 23:00:00,SO,store_discharge,-0.9,YZ,MW
2027-07-15 00:00:00,CE,store_discharge,-0.36,YZ,MW
2027-07-16 01:00:00,NR,store_discharge,-0.54,YZ,MW
2027-07-17 02:00:00,SO,store_discharge,-0.3,YZ,MW
2027-07-18 03:00:00,CE,store_discharge,1.44,YZ,MW
2027-07-19 04:00:00,NR,store_discharge,2.16,YZ,MW
2027-07-20 05:00:00,SO,store_discharge,1.2,YZ,MW
2027-07-21 06:00:00,CE,store_discharge,0.0,YZ,MW
2027-07-22 07:00:00,NR,store_discharge,0.0,YZ,MW
2027-07-23 08:00:00,SO,store_discharge,0.0,YZ,MW
2027-07-24 09:00:00,CE,store_discharge,0.0,YZ,MW
2027-07-25 10:00:00,NR,store_discharge,0.0,YZ,MW
2027-07-26 11:00:00,SO,store_discharge,0.0,YZ,MW
2027-07-27 12:00:00,CE,store_discharge,0.0,YZ,MW
2027-07-28 13:00:00,NR,store_discharge,0.0,YZ,MW
2027-07-29 14:00:00,SO,store_discharge,0.0,YZ,MW
2027-07-30 15:00:00,CE,store_discharge,0.0,YZ,MW
2027-07-31 16:00:00,NR,store_discharge,0.0,YZ,MW
2027-08-01 17:00:00,SO,store_discharge,0.0,YZ,MW
2027-08-02 18:00:00,CE,store_discharge,0.0,YZ,MW
2027-08-03 19:00:00,NR,store_discharge,0.0,YZ,MW
2027-08-04 20:00:00,SO,store_discharge,0.0,YZ,MW
2027-08-05 21:00:00,CE,store_discharge,0.0,YZ,MW
2027-08-06 22:00:00,NR,store_discharge,0.0,YZ,MW
2027-08-07 23:00:00,SO,store_discharge,0.0,YZ,MW
2027-08-09 00:00:00,CE,store_discharge,0.0,YZ,MW
2027-08-10 01:00:00,NR,store_discharge,0.0,YZ,MW
2027-08-11 02:00:00,SO,store_discharge,0.0,YZ,MW
2027-08-12 03:00:00,CE,store_discharge,0.0,YZ,MW
2027-08-13 04:00:00,NR,store_discharge,0.0,YZ,MW
2027-08-14 05:00:00,SO,store_discharge,0.0,YZ,MW
2027-08-15 06:00:00,CE,store_discharge,0.0,YZ,MW
2027-08-16 07:00:00,NR,store_discharge,0.0,YZ,MW
2027-08-17 08:00:00,SO,store_discharge,0.0,YZ,MW
2027-08-18 09:00:00,CE,store_discharge,0.0,YZ,MW
2027-08-19 10:00:00,NR,store_discharge,0.0,YZ,MW
2027-08-20 11:00:00,SO,store_discharge,0.0,YZ,MW
2027-08-21 12:00:00,CE,store_discharge,0.0,YZ,MW
2027-08-22 13:00:00,NR,store_discharge,0.0,YZ,MW
2027-08-23 14:00:00,SO,store_discharge,0.0,YZ,MW
2027-08-24 15:00:00,CE,store_discharge,0.0,YZ,MW
2027-08-25 16:00:00,NR,store_discharge,0.0,YZ,MW
2027-08-26 17:00:00,SO,store_discharge,0.0,YZ,MW
2027-08-27 18:00:00,CE,store_discharge,0.0,YZ,MW
2027-08-28 19:00:00,NR,store_discharge,-2.16,YZ,MW
2027-08-29 20:00:00,SO,store_discharge,-1.2,YZ,MW
2027-08-30 21:00:00,CE,store_discharge,0.0,YZ,MW
2027-08-31 22:00:00,NR,store_discharge,2.16,YZ,MW
2027-09-01 23:00:00,SO,store_discharge,1.2,YZ,MW
2027-09-03 00:00:00,CE,store_discharge,0.0,YZ,MW
2027-09-04 01:00:00,NR,store_discharge,0.0,YZ,MW
2027-09-05 02:00:00,SO,store_discharge,0.0,YZ,MW
2027-09-06 03:00:00,CE,store_discharge,0.0,YZ,MW
2027-09-07 04:00:00,NR,store_discharge,0.0,YZ,MW
2027-09-08 05:00:00,SO,store_discharge,0.0,YZ,MW
2027-09-09 06:00:00,CE,store_discharge,0.0,YZ,MW
2027-09-10 07:00:00,NR,store_discharge,0.0,YZ,MW
2027-09-11 08:00:00,SO,store_discharge,0.0,YZ,MW
2027-09-12 09:00:00,CE,store_discharge,0.0,YZ,MW
2027-09-13 10:00:00,NR,store_discharge,0.0,YZ,MW
2027-09-14 11:00:00,SO,store_discharge,0.0,YZ,MW
2027-09-15 12:00:00,CE,store_discharge,-1.44,YZ,MW
2027-09-16 13:00:00,NR,store_discharge,-2.16,YZ,MW
2027-09-17 14:00:00,SO,store_discharge,-1.2,YZ,MW
2027-09-18 15:00:00,CE,store_discharge,1.44,YZ,MW
2027-09-19 16:00:00,NR,store_discharge,0.0,YZ,MW
2027-09-20 17:00:00,SO,store_discharge,1.2,YZ,MW
2027-09-21 18:00:00,CE,store_discharge,0.0,YZ,MW
2027-09-22 19:00:00,NR,store_discharge,2.16,YZ,MW
2027-09-23 20:00:00,SO,store_discharge,0.0,YZ,MW
2027-09-24 21:00:00,CE,store_discharge,-1.08,YZ,MW
2027-09-25 22:00:00,NR,store_discharge,-1.62,YZ,MW
2027-09-26 23:00:00,SO,store_discharge,-0.9,YZ,MW
2027-09-28 00:00:00,CE,store_discharge,1.08,YZ,MW
2027-09-29 01:00:00,NR,store_discharge,1.62,YZ,MW
2027-09-30 02:00:00,SO,store_discharge,0.9,YZ,MW
2027-10-01 03:00:00,CE,store_discharge,0.0,YZ,MW
2027-10-02 04:00:00,NR,store_discharge,0.0,YZ,MW
2027-10-03 05:00:00,SO,store_discharge,0.0,YZ,MW
2027-10-04 06:00:00,CE,store_discharge,0.0,YZ,MW
2027-10-05 07:00:00,NR,store_discharge,0.0,YZ,MW
2027-10-06 08:00:00,SO,store_discharge,0.0,YZ,MW
2027-10-07 09:00:00,CE,store_discharge,-1.44,YZ,MW
2027-10-08 10:00:00,NR,store_discharge,-2.16,YZ,MW
2027-10-09 11:00:00,SO,store_discharge,-1.2,YZ,MW
2027-10-10 12:00:00,CE,store_discharge,1.44,YZ,MW
2027-10-11 13:00:00,NR,store_discharge,2.16,YZ,MW
2027-10-12 14:00:00,SO,store_discharge,1.2,YZ,MW
2027-10-13 15:00:00,CE,store_discharge,0.0,YZ,MW
2027-10-14 16:00:00,NR,store_discharge,0.0,YZ,MW
2027-10-15 17:00:00,SO,store_discharge,0.0,YZ,MW
2027-10-16 18:00:00,CE,store_discharge,0.0,YZ,MW
2027-10-17 19:00:00,NR,store_discharge,0.0,YZ,MW
2027-10-18 20:00:00,SO,store_discharge,0.0,YZ,MW
2027-10-19 21:00:00,CE,store_discharge,0.0,YZ,MW
2027-10-20 22:00:00,NR,store_discharge,0.0,YZ,MW
2027-10-21 23:00:00,SO,store_discharge,0.0,YZ,MW
2027-10-23 00:00:00,CE,store_discharge,0.0,YZ,MW
2027-10-24 01:00:00,NR,store_discharge,0.0,YZ,MW
2027-10-25 02:00:00,SO,store_discharge,0.0,YZ,MW
2027-10-26 03:00:00,CE,store_discharge,0.0,YZ,MW
2027-10-27 04:00:00,NR,store_discharge,0.0,YZ,MW
2027-10-28 05:00:00,SO,store_discharge,0.0,YZ,MW
2027-10-29 06:00:00,CE,store_discharge,0.0,YZ,MW
2027-10-30 07:00:00,NR,store_discharge,0.0,YZ,MW
2027-10-31 08:00:00,SO,store_discharge,0.0,YZ,MW
2027-11-01 09:00:00,CE,store_discharge,0.0,YZ,MW
2027-11-02 10:00:00,NR,store_discharge,0.0,YZ,MW
2027-11-03 11:00:00,SO,store_discharge,0.0,YZ,MW
2027-11-04 12:00:00,CE,store_discharge,0.0,YZ,MW
2027-11-05 13:00:00,NR,store_discharge,0.0,YZ,MW
2027-11-06 14:00:00,SO,store_discharge,0.0,YZ,MW
2027-11-07 15:00:00,CE,store_discharge,0.0,YZ,MW
2027-11-08 16:00:00,NR,store_discharge,0.0,YZ,MW
2027-11-09 17:00:00,SO,store_discharge,0.0,YZ,MW
2027-11-10 18:00:00,CE,store_discharge,0.0,YZ,MW
2027-11-11 19:00:00,NR,store_discharge,0.0,YZ,MW
2027-11-12 20:00:00,SO,store_discharge,0.0,YZ,MW
2027-11-13 21:00:00,CE,store_discharge,0.0,YZ,MW
2027-11-14 22:00:00,NR,store_discharge,0.0,YZ,MW
2027-11-15 23:00:00,SO,store_discharge,0.0,YZ,MW
2027-11-17 00:00:00,CE,store_discharge,0.0,YZ,MW
2027-11-18 01:00:00,NR,store_discharge,0.0,YZ,MW
2027-11-19 02:00:00,SO,store_discharge,-1.2,YZ,MW
2027-11-20 03:00:00,CE,store_discharge,-1.44,YZ,MW
2027-11-21 04:00:00,NR,store_discharge,-2.16,YZ,MW
2027-11-22 05:00:00,SO,store_discharge,0.0,YZ,MW
2027-11-23 06:00:00,CE,store_discharge,1.44,YZ,MW
2027-11-24 07:00:00,NR,store_discharge,0.0,YZ,MW
2027-11-25 08:00:00,SO,store_discharge,1.2,YZ,MW
2027-11-26 09:00:00,CE,store_discharge,0.0,YZ,MW
2027-11-27 10:00:00,NR,store_discharge,2.16,YZ,MW
2027-11-28 11:00:00,SO,store_discharge,0.0,YZ,MW
2027-11-29 12:00:00,CE,store_discharge,0.0,YZ,MW
2027-11-30 13:00:00,NR,store_discharge,0.0,YZ,MW
2027-12-01 14:00:00,SO,store_discharge,0.0,YZ,MW
2027-12-02 15:00:00,CE,store_discharge,0.0,YZ,MW
2027-12-03 16:00:00,NR,store_discharge,0.0,YZ,MW
2027-12-04 17:00:00,SO,store_discharge,0.0,YZ,MW
2027-12-05 18:00:00,CE,store_discharge,0.0,YZ,MW
2027-12-06 19:00:00,NR,store_discharge,0.0,YZ,MW
2027-12-07 20:00:00,SO,store_discharge,0.0,YZ,MW
2027-12-08 21:00:00,CE,store_discharge,-1.44,YZ,MW
2027-12-09 22:00:00,NR,store_discharge,-1.62,YZ,MW
2027-12-10 23:00:00,SO,store_discharge,-1.2,YZ,MW
2027-12-12 00:00:00,CE,store_discharge,1.44,YZ,MW
2027-12-13 01:00:00,NR,store_discharge,1.62,YZ,MW
2027-12-14 02:00:00,SO,store_discharge,1.2,YZ,MW
2027-12-15 03:00:00,CE,store_discharge,-1.44,YZ,MW
2027-12-16 04:00:00,NR,store_discharge,0.0,YZ,MW
2027-12-17 05:00:00,SO,store_discharge,-1.2,YZ,MW
2027-12-18 06:00:00,CE,store_discharge,0.0,YZ,MW
2027-12-19 07:00:00,NR,store_discharge,-2.16,YZ,MW
2027-12-20 08:00:00,SO,store_discharge,0.0,YZ,MW
2027-12-21 09:00:00,CE,store_discharge,1.44,YZ,MW
2027-12-22 10:00:00,NR,store_discharge,2.16,YZ,MW
2027-12-23 11:00:00,SO,store_discharge,1.2,YZ,MW
2027-12-24 12:00:00,CE,store_discharge,0.0,YZ,MW
2027-12-25 13:00:00,NR,store_discharge,0.0,YZ,MW
2027-12-26 14:00:00,SO,store_discharge,0.0,YZ,MW
2027-12-27 15:00:00,CE,store_discharge,0.0,YZ,MW
2027-12-28 16:00:00,NR,store_discharge,0.0,YZ,MW
2027-12-29 17:00:00,SO,store_discharge,0.0,YZ,MW
2027-12-30 18:00:00,CE,store_discharge,0.0,YZ,MW
2027-12-31 19:00:00,NR,store_discharge,0.0,YZ,MW
2028-01-01 20:00:00,SO,store_discharge,0.0,YZ,MW
2028-01-02 21:00:00,CE,store_discharge,0.0,YZ,MW
2028-01-03 22:00:00,NR,store_discharge,-2.16,YZ,MW
2028-01-04 23:00:00,SO,store_discharge,0.0,YZ,MW
2025-01-01 00:00:00,CE,state_of_charge,39.75,YZ,MW
2025-01-02 01:00:00,NR,state_of_charge,65.25,YZ,MW
2025-01-03 02:00:00,SO,state_of_charge,45.0,YZ,MW
2025-01-04 03:00:00,CE,state_of_charge,39.75,YZ,MW
2025-01-05 04:00:00,NR,state_of_charge,65.25,YZ,MW
2025-01-06 05:00:00,SO,state_of_charge,45.0,YZ,MW
2025-01-07 06:00:00,CE,state_of_charge,3.75,YZ,MW
2025-01-08 07:00:00,NR,state_of_charge,65.25,YZ,MW
2025-01-09 08:00:00,SO,state_of_charge,45.0,YZ,MW
2025-01-10 09:00:00,CE,state_of_charge,3.75,YZ,MW
2025-01-11 10:00:00,NR,state_of_charge,65.25,YZ,MW
2025-01-12 11:00:00,SO,state_of_charge,45.0,YZ,MW
2025-01-13 12:00:00,CE,state_of_charge,3.75,YZ,MW
2025-01-14 13:00:00,NR,state_of_charge,11.25,YZ,MW
2025-01-15 14:00:00,SO,state_of_charge,15.0,YZ,MW
2025-01-16 15:00:00,CE,state_of_charge,3.75,YZ,MW
2025-01-17 16:00:00,NR,state_of_charge,11.25,YZ,MW
2025-01-18 17:00:00,SO,state_of_charge,15.0,YZ,MW
2025-01-19 18:00:00,CE,state_of_charge,39.75,YZ,MW
2025-01-20 19:00:00,NR,state_of_charge,65.25,YZ,MW
2025-01-21 20:00:00,SO,state_of_charge,45.0,YZ,MW
2025-01-22 21:00:00,CE,state_of_charge,3.75,YZ,MW
2025-01-23 22:00:00,NR,state_of_charge,11.25,YZ,MW
2025-01-24 23:00:00,SO,state_of_charge,15.0,YZ,MW
2025-01-26 00:00:00,CE,state_of_charge,3.75,YZ,MW
2025-01-27 01:00:00,NR,state_of_charge,11.25,YZ,MW
2025-01-28 02:00:00,SO,state_of_charge,15.0,YZ,MW
2025-01-29 03:00:00,CE,state_of_charge,3.75,YZ,MW
2025-01-30 04:00:00,NR,state_of_charge,11.25,YZ,MW
2025-01-31 05:00:00,SO,state_of_charge,15.0,YZ,MW
2025-02-01 06:00:00,CE,state_of_charge,3.75,YZ,MW
2025-02-02 07:00:00,NR,state_of_charge,11.25,YZ,MW
2025-02-03 08:00:00,SO,state_of_charge,15.0,YZ,MW
2025-02-04 09:00:00,CE,state_of_charge,3.75,YZ,MW
2025-02-05 10:00:00,NR,state_of_charge,11.25,YZ,MW
2025-02-06 11:00:00,SO,state_of_charge,15.0,YZ,MW
2025-02-07 12:00:00,CE,state_of_charge,3.75,YZ,MW
2025-02-08 13:00:00,NR,state_of_charge,11.25,YZ,MW
2025-02-09 14:00:00,SO,state_of_charge,15.0,YZ,MW
2025-02-10 15:00:00,CE,state_of_charge,3.75,YZ,MW
2025-02-11 16:00:00,NR,state_of_charge,65.25,YZ,MW
2025-02-12 17:00:00,SO,state_of_charge,15.0,YZ,MW
2025-02-13 18:00:00,CE,state_of_charge,3.75,YZ,MW
2025-02-14 19:00:00,NR,state_of_charge,11.25,YZ,MW
2025-02-15 20:00:00,SO,state_of_charge,15.0,YZ,MW
2025-02-16 21:00:00,CE,state_of_charge,3.75,YZ,MW
2025-02-17 22:00:00,NR,state_of_charge,11.25,YZ,MW
2025-02-18 23:00:00,SO,state_of_charge,15.0,YZ,MW
2025-02-20 00:00:00,CE,state_of_charge,3.75,YZ,MW
2025-02-21 01:00:00,NR,state_of_charge,11.25,YZ,MW
2025-02-22 02:00:00,SO,state_of_charge,15.0,YZ,MW
2025-02-23 03:00:00,CE,state_of_charge,3.75,YZ,MW
2025-02-24 04:00:00,NR,state_of_charge,11.25,YZ,MW
2025-02-25 05:00:00,SO,state_of_charge,15.0,YZ,MW
2025-02-26 06:00:00,CE,state_of_charge,3.75,YZ,MW
2025-02-27 07:00:00,NR,state_of_charge,11.25,YZ,MW
2025-02-28 08:00:00,SO,state_of_charge,15.0,YZ,MW
2025-03-01 09:00:00,CE,state_of_charge,3.75,YZ,MW
2025-03-02 10:00:00,NR,state_of_charge,11.25,YZ,MW
2025-03-03 11:00:00,SO,state_of_charge,15.0,YZ,MW
2025-03-04 12:00:00,CE,state_of_charge,3.75,YZ,MW
2025-03-05 13:00:00,NR,state_of_charge,65.25,YZ,MW
2025-03-06 14:00:00,SO,state_of_charge,45.0,YZ,MW
2025-03-07 15:00:00,CE,state_of_charge,3.75,YZ,MW
2025-03-08 16:00:00,NR,state_of_charge,11.25,YZ,MW
2025-03-09 17:00:00,SO,state_of_charge,15.0,YZ,MW
2025-03-10 18:00:00,CE,state_of_charge,3.75,YZ,MW
2025-03-11 19:00:00,NR,state_of_charge,11.25,YZ,MW
2025-03-12 20:00:00,SO,state_of_charge,15.0,YZ,MW
2025-03-13 21:00:00,CE,state_of_charge,3.75,YZ,MW
2025-03-14 22:00:00,NR,state_of_charge,11.25,YZ,MW
2025-03-15 23:00:00,SO,state_of_charge,15.0,YZ,MW
2025-03-17 00:00:00,CE,state_of_charge,3.75,YZ,MW
2025-03-18 01:00:00,NR,state_of_charge,11.25,YZ,MW
2025-03-19 02:00:00,SO,state_of_charge,15.0,YZ,MW
2025-03-20 03:00:00,CE,state_of_charge,3.75,YZ,MW
2025-03-21 04:00:00,NR,state_of_charge,11.25,YZ,MW
2025-03-22 05:00:00,SO,state_of_charge,15.0,YZ,MW
2025-03-23 06:00:00,CE,state_of_charge,39.75,YZ,MW
2025-03-24 07:00:00,NR,state_of_charge,65.25,YZ,MW
2025-03-25 08:00:00,SO,state_of_charge,45.0,YZ,MW
2025-03-26 09:00:00,CE,state_of_charge,3.75,YZ,MW
2025-03-27 10:00:00,NR,state_of_charge,65.25,YZ,MW
2025-03-28 11:00:00,SO,state_of_charge,45.0,YZ,MW
2025-03-29 12:00:00,CE,state_of_charge,3.75,YZ,MW
2025-03-30 13:00:00,NR,state_of_charge,65.25,YZ,MW
2025-03-31 14:00:00,SO,state_of_charge,15.0,YZ,MW
2025-04-01 15:00:00,CE,state_of_charge,3.75,YZ,MW
2025-04-02 16:00:00,NR,state_of_charge,11.25,YZ,MW
2025-04-03 17:00:00,SO,state_of_charge,15.0,YZ,MW
2025-04-04 18:00:00,CE,state_of_charge,30.75,YZ,MW
2025-04-05 19:00:00,NR,state_of_charge,51.75,YZ,MW
2025-04-06 20:00:00,SO,state_of_charge,37.5,YZ,MW
2025-04-07 21:00:00,CE,state_of_charge,3.75,YZ,MW
2025-04-08 22:00:00,NR,state_of_charge,11.25,YZ,MW
2025-04-09 23:00:00,SO,state_of_charge,15.0,YZ,MW
2025-04-11 00:00:00,CE,state_of_charge,3.75,YZ,MW
2025-04-12 01:00:00,NR,state_of_charge,11.25,YZ,MW
2025-04-13 02:00:00,SO,state_of_charge,15.0,YZ,MW
2025-04-14 03:00:00,CE,state_of_charge,39.75,YZ,MW
2025-04-15 04:00:00,NR,state_of_charge,65.25,YZ,MW
2025-04-16 05:00:00,SO,state_of_charge,45.0,YZ,MW
2025-04-17 06:00:00,CE,state_of_charge,3.75,YZ,MW
2025-04-18 07:00:00,NR,state_of_charge,11.25,YZ,MW
2025-04-19 08:00:00,SO,state_of_charge,15.0,YZ,MW
2025-04-20 09:00:00,CE,state_of_charge,3.75,YZ,MW
2025-04-21 10:00:00,NR,state_of_charge,11.25,YZ,MW
2025-04-22 11:00:00,SO,state_of_charge,15.0,YZ,MW
2025-04-23 12:00:00,CE,state_of_charge,3.75,YZ,MW
2025-04-24 13:00:00,NR,state_of_charge,11.25,YZ,MW
2025-04-25 14:00:00,SO,state_of_charge,15.0,YZ,MW
2025-04-26 15:00:00,CE,state_of_charge,3.75,YZ,MW
2025-04-27 16:00:00,NR,state_of_charge,11.25,YZ,MW
2025-04-28 17:00:00,SO,state_of_charge,15.0,YZ,MW
2025-04-29 18:00:00,CE,state_of_charge,3.75,YZ,MW
2025-04-30 19:00:00,NR,state_of_charge,11.25,YZ,MW
2025-05-01 20:00:00,SO,state_of_charge,15.0,YZ,MW
2025-05-02 21:00:00,CE,state_of_charge,3.75,YZ,MW
2025-05-03 22:00:00,NR,state_of_charge,11.25,YZ,MW
2025-05-04 23:00:00,SO,state_of_charge,15.0,YZ,MW
2025-05-06 00:00:00,CE,state_of_charge,3.75,YZ,MW
2025-05-07 01:00:00,NR,state_of_charge,65.25,YZ,MW
2025-05-08 02:00:00,SO,state_of_charge,15.0,YZ,MW
2025-05-09 03:00:00,CE,state_of_charge,3.75,YZ,MW
2025-05-10 04:00:00,NR,state_of_charge,11.25,YZ,MW
2025-05-11 05:00:00,SO,state_of_charge,15.0,YZ,MW
2025-05-12 06:00:00,CE,state_of_charge,3.75,YZ,MW
2025-05-13 07:00:00,NR,state_of_charge,11.25,YZ,MW
2025-05-14 08:00:00,SO,state_of_charge,15.0,YZ,MW
2025-05-15 09:00:00,CE,state_of_charge,3.75,YZ,MW
2025-05-16 10:00:00,NR,state_of_charge,11.25,YZ,MW
2025-05-17 11:00:00,SO,state_of_charge,15.0,YZ,MW
2025-05-18 12:00:00,CE,state_of_charge,3.75,YZ,MW
2025-05-19 13:00:00,NR,state_of_charge,11.25,YZ,MW
2025-05-20 14:00:00,SO,state_of_charge,15.0,YZ,MW
2025-05-21 15:00:00,CE,state_of_charge,3.75,YZ,MW
2025-05-22 16:00:00,NR,state_of_charge,11.25,YZ,MW
2025-05-23 17:00:00,SO,state_of_charge,15.0,YZ,MW
2025-05-24 18:00:00,CE,state_of_charge,3.75,YZ,MW
2025-05-25 19:00:00,NR,state_of_charge,11.25,YZ,MW
2025-05-26 20:00:00,SO,state_of_charge,15.0,YZ,MW
2025-05-27 21:00:00,CE,state_of_charge,39.75,YZ,MW
2025-05-28 22:00:00,NR,state_of_charge,65.25,YZ,MW
2025-05-29 23:00:00,SO,state_of_charge,45.0,YZ,MW
2025-05-31 00:00:00,CE,state_of_charge,3.75,YZ,MW
2025-06-01 01:00:00,NR,state_of_charge,65.25,YZ,MW
2025-06-02 02:00:00,SO,state_of_charge,15.0,YZ,MW
2025-06-03 03:00:00,CE,state_of_charge,3.75,YZ,MW
2025-06-04 04:00:00,NR,state_of_charge,11.25,YZ,MW
2025-06-05 05:00:00,SO,state_of_charge,15.0,YZ,MW
2025-06-06 06:00:00,CE,state_of_charge,3.75,YZ,MW
2025-06-07 07:00:00,NR,state_of_charge,11.25,YZ,MW
2025-06-08 08:00:00,SO,state_of_charge,15.0,YZ,MW
2025-06-09 09:00:00,CE,state_of_charge,3.75,YZ,MW
2025-06-10 10:00:00,NR,state_of_charge,11.25,YZ,MW
2025-06-11 11:00:00,SO,state_of_charge,15.0,YZ,MW
2025-06-12 12:00:00,CE,state_of_charge,3.75,YZ,MW
2025-06-13 13:00:00,NR,state_of_charge,11.25,YZ,MW
2025-06-14 14:00:00,SO,state_of_charge,15.0,YZ,MW
2025-06-15 15:00:00,CE,state_of_charge,39.75,YZ,MW
2025-06-16 16:00:00,NR,state_of_charge,65.25,YZ,MW
2025-06-17 17:00:00,SO,state_of_charge,45.0,YZ,MW
2025-06-18 18:00:00,CE,state_of_charge,30.75,YZ,MW
2025-06-19 19:00:00,NR,state_of_charge,51.75,YZ,MW
2025-06-20 20:00:00,SO,state_of_charge,37.5,YZ,MW
2025-06-21 21:00:00,CE,state_of_charge,3.75,YZ,MW
2025-06-22 22:00:00,NR,state_of_charge,11.25,YZ,MW
2025-06-23 23:00:00,SO,state_of_charge,15.0,YZ,MW
2025-06-25 00:00:00,CE,state_of_charge,3.75,YZ,MW
2025-06-26 01:00:00,NR,state_of_charge,11.25,YZ,MW
2025-06-27 02:00:00,SO,state_of_charge,15.0,YZ,MW
2025-06-28 03:00:00,CE,state_of_charge,3.75,YZ,MW
2025-06-29 04:00:00,NR,state_of_charge,11.25,YZ,MW
2025-06-30 05:00:00,SO,state_of_charge,15.0,YZ,MW
2025-07-01 06:00:00,CE,state_of_charge,3.75,YZ,MW
2025-07-02 07:00:00,NR,state_of_charge,11.25,YZ,MW
2025-07-03 08:00:00,SO,state_of_charge,15.0,YZ,MW
2025-07-04 09:00:00,CE,state_of_charge,3.75,YZ,MW
2025-07-05 10:00:00,NR,state_of_charge,11.25,YZ,MW
2025-07-06 11:00:00,SO,state_of_charge,15.0,YZ,MW
2025-07-07 12:00:00,CE,state_of_charge,3.75,YZ,MW
2025-07-08 13:00:00,NR,state_of_charge,65.25,YZ,MW
2025-07-09 14:00:00,SO,state_of_charge,15.0,YZ,MW
2025-07-10 15:00:00,CE,state_of_charge,3.75,YZ,MW
2025-07-11 16:00:00,NR,state_of_charge,11.25,YZ,MW
2025-07-12 17:00:00,SO,state_of_charge,15.0,YZ,MW
2025-07-13 18:00:00,CE,state_of_charge,3.75,YZ,MW
2025-07-14 19:00:00,NR,state_of_charge,11.25,YZ,MW
2025-07-15 20:00:00,SO,state_of_charge,15.0,YZ,MW
2025-07-16 21:00:00,CE,state_of_charge,3.75,YZ,MW
2025-07-17 22:00:00,NR,state_of_charge,11.25,YZ,MW
2025-07-18 23:00:00,SO,state_of_charge,15.0,YZ,MW
2025-07-20 00:00:00,CE,state_of_charge,3.75,YZ,MW
2025-07-21 01:00:00,NR,state_of_charge,11.25,YZ,MW
2025-07-22 02:00:00,SO,state_of_charge,15.0,YZ,MW
2025-07-23 03:00:00,CE,state_of_charge,3.75,YZ,MW
2025-07-24 04:00:00,NR,state_of_charge,11.25,YZ,MW
2025-07-25 05:00:00,SO,state_of_charge,15.0,YZ,MW
2025-07-26 06:00:00,CE,state_of_charge,3.75,YZ,MW
2025-07-27 07:00:00,NR,state_of_charge,11.25,YZ,MW
2025-07-28 08:00:00,SO,state_of_charge,15.0,YZ,MW
2025-07-29 09:00:00,CE,state_of_charge,3.75,YZ,MW
2025-07-30 10:00:00,NR,state_of_charge,11.25,YZ,MW
2025-07-31 11:00:00,SO,state_of_charge,15.0,YZ,MW
2025-08-01 12:00:00,CE,state_of_charge,3.75,YZ,MW
2025-08-02 13:00:00,NR,state_of_charge,11.25,YZ,MW
2025-08-03 14:00:00,SO,state_of_charge,15.0,YZ,MW
2025-08-04 15:00:00,CE,state_of_charge,3.75,YZ,MW
2025-08-05 16:00:00,NR,state_of_charge,11.25,YZ,MW
2025-08-06 17:00:00,SO,state_of_charge,15.0,YZ,MW
2025-08-07 18:00:00,CE,state_of_charge,3.75,YZ,MW
2025-08-08 19:00:00,NR,state_of_charge,11.25,YZ,MW
2025-08-09 20:00:00,SO,state_of_charge,15.0,YZ,MW
2025-08-10 21:00:00,CE,state_of_charge,3.75,YZ,MW
2025-08-11 22:00:00,NR,state_of_charge,11.25,YZ,MW
2025-08-12 23:00:00,SO,state_of_charge,15.0,YZ,MW
2025-08-14 00:00:00,CE,state_of_charge,3.75,YZ,MW
2025-08-15 01:00:00,NR,state_of_charge,11.25,YZ,MW
2025-08-16 02:00:00,SO,state_of_charge,15.0,YZ,MW
2025-08-17 03:00:00,CE,state_of_charge,39.75,YZ,MW
2025-08-18 04:00:00,NR,state_of_charge,65.25,YZ,MW
2025-08-19 05:00:00,SO,state_of_charge,45.0,YZ,MW
2025-08-20 06:00:00,CE,state_of_charge,39.75,YZ,MW
2025-08-21 07:00:00,NR,state_of_charge,65.25,YZ,MW
2025-08-22 08:00:00,SO,state_of_charge,45.0,YZ,MW
2025-08-23 09:00:00,CE,state_of_charge,3.75,YZ,MW
2025-08-24 10:00:00,NR,state_of_charge,65.25,YZ,MW
2025-08-25 11:00:00,SO,state_of_charge,15.0,YZ,MW
2025-08-26 12:00:00,CE,state_of_charge,3.75,YZ,MW
2025-08-27 13:00:00,NR,state_of_charge,65.25,YZ,MW
2025-08-28 14:00:00,SO,state_of_charge,15.0,YZ,MW
2025-08-29 15:00:00,CE,state_of_charge,3.75,YZ,MW
2025-08-30 16:00:00,NR,state_of_charge,11.25,YZ,MW
2025-08-31 17:00:00,SO,state_of_charge,15.0,YZ,MW
2025-09-01 18:00:00,CE,state_of_charge,30.75,YZ,MW
2025-09-02 19:00:00,NR,state_of_charge,51.75,YZ,MW
2025-09-03 20:00:00,SO,state_of_charge,37.5,YZ,MW
2025-09-04 21:00:00,CE,state_of_charge,3.75,YZ,MW
2025-09-05 22:00:00,NR,state_of_charge,11.25,YZ,MW
2025-09-06 23:00:00,SO,state_of_charge,15.0,YZ,MW
2025-09-08 00:00:00,CE,state_of_charge,39.75,YZ,MW
2025-09-09 01:00:00,NR,state_of_charge,65.25,YZ,MW
2025-09-10 02:00:00,SO,state_of_charge,45.0,YZ,MW
2025-09-11 03:00:00,CE,state_of_charge,3.75,YZ,MW
2025-09-12 04:00:00,NR,state_of_charge,11.25,YZ,MW
2025-09-13 05:00:00,SO,state_of_charge,15.0,YZ,MW
2025-09-14 06:00:00,CE,state_of_charge,3.75,YZ,MW
2025-09-15 07:00:00,NR,state_of_charge,11.25,YZ,MW
2025-09-16 08:00:00,SO,state_of_charge,15.0,YZ,MW
2025-09-17 09:00:00,CE,state_of_charge,3.75,YZ,MW
2025-09-18 10:00:00,NR,state_of_charge,11.25,YZ,MW
2025-09-19 11:00:00,SO,state_of_charge,15.0,YZ,MW
2025-09-20 12:00:00,CE,state_of_charge,3.75,YZ,MW
2025-09-21 13:00:00,NR,state_of_charge,11.25,YZ,MW
2025-09-22 14:00:00,SO,state_of_charge,15.0,YZ,MW
2025-09-23 15:00:00,CE,state_of_charge,3.75,YZ,MW
2025-09-24 16:00:00,NR,state_of_charge,11.25,YZ,MW
2025-09-25 17:00:00,SO,state_of_charge,15.0,YZ,MW
2025-09-26 18:00:00,CE,state_of_charge,3.75,YZ,MW
2025-09-27 19:00:00,NR,state_of_charge,11.25,YZ,MW
2025-09-28 20:00:00,SO,state_of_charge,15.0,YZ,MW
2025-09-29 21:00:00,CE,state_of_charge,3.75,YZ,MW
2025-09-30 22:00:00,NR,state_of_charge,11.25,YZ,MW
2025-10-01 23:00:00,SO,state_of_charge,15.0,YZ,MW
2025-10-03 00:00:00,CE,state_of_charge,3.75,YZ,MW
2025-10-04 01:00:00,NR,state_of_charge,11.25,YZ,MW
2025-10-05 02:00:00,SO,state_of_charge,15.0,YZ,MW
2025-10-06 03:00:00,CE,state_of_charge,3.75,YZ,MW
2025-10-07 04:00:00,NR,state_of_charge,11.25,YZ,MW
2025-10-08 05:00:00,SO,state_of_charge,15.0,YZ,MW
2025-10-09 06:00:00,CE,state_of_charge,3.75,YZ,MW
2025-10-10 07:00:00,NR,state_of_charge,11.25,YZ,MW
2025-10-11 08:00:00,SO,state_of_charge,15.0,YZ,MW
2025-10-12 09:00:00,CE,state_of_charge,3.75,YZ,MW
2025-10-13 10:00:00,NR,state_of_charge,11.25,YZ,MW
2025-10-14 11:00:00,SO,state_of_charge,15.0,YZ,MW
2025-10-15 12:00:00,CE,state_of_charge,3.75,YZ,MW
2025-10-16 13:00:00,NR,state_of_charge,11.25,YZ,MW
2025-10-17 14:00:00,SO,state_of_charge,15.0,YZ,MW
2025-10-18 15:00:00,CE,state_of_charge,3.75,YZ,MW
2025-10-19 16:00:00,NR,state_of_charge,65.25,YZ,MW
2025-10-20 17:00:00,SO,state_of_charge,15.0,YZ,MW
2025-10-21 18:00:00,CE,state_of_charge,3.75,YZ,MW
2025-10-22 19:00:00,NR,state_of_charge,65.25,YZ,MW
2025-10-23 20:00:00,SO,state_of_charge,15.0,YZ,MW
2025-10-24 21:00:00,CE,state_of_charge,3.75,YZ,MW
2025-10-25 22:00:00,NR,state_of_charge,11.25,YZ,MW
2025-10-26 23:00:00,SO,state_of_charge,15.0,YZ,MW
2025-10-28 00:00:00,CE,state_of_charge,3.75,YZ,MW
2025-10-29 01:00:00,NR,state_of_charge,11.25,YZ,MW
2025-10-30 02:00:00,SO,state_of_charge,15.0,YZ,MW
2025-10-31 03:00:00,CE,state_of_charge,3.75,YZ,MW
2025-11-01 04:00:00,NR,state_of_charge,11.25,YZ,MW
2025-11-02 05:00:00,SO,state_of_charge,15.0,YZ,MW
2025-11-03 06:00:00,CE,state_of_charge,3.75,YZ,MW
2025-11-04 07:00:00,NR,state_of_charge,11.25,YZ,MW
2025-11-05 08:00:00,SO,state_of_charge,15.0,YZ,MW
2025-11-06 09:00:00,CE,state_of_charge,3.75,YZ,MW
2025-11-07 10:00:00,NR,state_of_charge,11.25,YZ,MW
2025-11-08 11:00:00,SO,state_of_charge,15.0,YZ,MW
2025-11-09 12:00:00,CE,state_of_charge,39.75,YZ,MW
2025-11-10 13:00:00,NR,state_of_charge,65.25,YZ,MW
2025-11-11 14:00:00,SO,state_of_charge,45.0,YZ,MW
2025-11-12 15:00:00,CE,state_of_charge,30.75,YZ,MW
2025-11-13 16:00:00,NR,state_of_charge,51.75,YZ,MW
2025-11-14 17:00:00,SO,state_of_charge,37.5,YZ,MW
2025-11-15 18:00:00,CE,state_of_charge,3.75,YZ,MW
2025-11-16 19:00:00,NR,state_of_charge,11.25,YZ,MW
2025-11-17 20:00:00,SO,state_of_charge,15.0,YZ,MW
2025-11-18 21:00:00,CE,state_of_charge,3.75,YZ,MW
2025-11-19 22:00:00,NR,state_of_charge,11.25,YZ,MW
2025-11-20 23:00:00,SO,state_of_charge,15.0,YZ,MW
2025-11-22 00:00:00,CE,state_of_charge,3.75,YZ,MW
2025-11-23 01:00:00,NR,state_of_charge,11.25,YZ,MW
2025-11-24 02:00:00,SO,state_of_charge,15.0,YZ,MW
2025-11-25 03:00:00,CE,state_of_charge,3.75,YZ,MW
2025-11-26 04:00:00,NR,state_of_charge,11.25,YZ,MW
2025-11-27 05:00:00,SO,state_of_charge,15.0,YZ,MW
2025-11-28 06:00:00,CE,state_of_charge,3.75,YZ,MW
2025-11-29 07:00:00,NR,state_of_charge,11.25,YZ,MW
2025-11-30 08:00:00,SO,state_of_charge,15.0,YZ,MW
2025-12-01 09:00:00,CE,state_of_charge,3.75,YZ,MW
2025-12-02 10:00:00,NR,state_of_charge,65.25,YZ,MW
2025-12-03 11:00:00,SO,state_of_charge,15.0,YZ,MW
2025-12-04 12:00:00,CE,state_of_charge,3.75,YZ,MW
2025-12-05 13:00:00,NR,state_of_charge,11.25,YZ,MW
2025-12-06 14:00:00,SO,state_of_charge,15.0,YZ,MW
2025-12-07 15:00:00,CE,state_of_charge,3.75,YZ,MW
2025-12-08 16:00:00,NR,state_of_charge,11.25,YZ,MW
2025-12-09 17:00:00,SO,state_of_charge,15.0,YZ,MW
2025-12-10 18:00:00,CE,state_of_charge,3.75,YZ,MW
2025-12-11 19:00:00,NR,state_of_charge,11.25,YZ,MW
2025-12-12 20:00:00,SO,state_of_charge,15.0,YZ,MW
2025-12-13 21:00:00,CE,state_of_charge,3.75,YZ,MW
2025-12-14 22:00:00,NR,state_of_charge,11.25,YZ,MW
2025-12-15 23:00:00,SO,state_of_charge,15.0,YZ,MW
2025-12-17 00:00:00,CE,state_of_charge,3.75,YZ,MW
2025-12-18 01:00:00,NR,state_of_charge,11.25,YZ,MW
2025-12-19 02:00:00,SO,state_of_charge,15.0,YZ,MW
2025-12-20 03:00:00,CE,state_of_charge,3.75,YZ,MW
2025-12-21 04:00:00,NR,state_of_charge,11.25,YZ,MW
2025-12-22 05:00:00,SO,state_of_charge,15.0,YZ,MW
2025-12-23 06:00:00,CE,state_of_charge,3.75,YZ,MW
2025-12-24 07:00:00,NR,state_of_charge,11.25,YZ,MW
2025-12-25 08:00:00,SO,state_of_charge,15.0,YZ,MW
2025-12-26 09:00:00,CE,state_of_charge,3.75,YZ,MW
2025-12-27 10:00:00,NR,state_of_charge,11.25,YZ,MW
2025-12-28 11:00:00,SO,state_of_charge,15.0,YZ,MW
2025-12-29 12:00:00,CE,state_of_charge,3.75,YZ,MW
2025-12-30 13:00:00,NR,state_of_charge,65.25,YZ,MW
2025-12-31 14:00:00,SO,state_of_charge,15.0,YZ,MW
2026-01-01 15:00:00,CE,state_of_charge,3.75,YZ,MW
2026-01-02 16:00:00,NR,state_of_charge,11.25,YZ,MW
2026-01-03 17:00:00,SO,state_of_charge,15.0,YZ,MW
2026-01-04 18:00:00,CE,state_of_charge,3.75,YZ,MW
2026-01-05 19:00:00,NR,state_of_charge,11.25,YZ,MW
2026-01-06 20:00:00,SO,state_of_charge,15.0,YZ,MW
2026-01-07 21:00:00,CE,state_of_charge,3.75,YZ,MW
2026-01-08 22:00:00,NR,state_of_charge,11.25,YZ,MW
2026-01-09 23:00:00,SO,state_of_charge,15.0,YZ,MW
2026-01-11 00:00:00,CE,state_of_charge,3.75,YZ,MW
2026-01-12 01:00:00,NR,state_of_charge,65.25,YZ,MW
2026-01-13 02:00:00,SO,state_of_charge,45.0,YZ,MW
2026-01-14 03:00:00,CE,state_of_charge,39.75,YZ,MW
2026-01-15 04:00:00,NR,state_of_charge,65.25,YZ,MW
2026-01-16 05:00:00,SO,state_of_charge,45.0,YZ,MW
2026-01-17 06:00:00,CE,state_of_charge,3.75,YZ,MW
2026-01-18 07:00:00,NR,state_of_charge,65.25,YZ,MW
2026-01-19 08:00:00,SO,state_of_charge,15.0,YZ,MW
2026-01-20 09:00:00,CE,state_of_charge,3.75,YZ,MW
2026-01-21 10:00:00,NR,state_of_charge,11.25,YZ,MW
2026-01-22 11:00:00,SO,state_of_charge,15.0,YZ,MW
2026-01-23 12:00:00,CE,state_of_charge,3.75,YZ,MW
2026-01-24 13:00:00,NR,state_of_charge,65.25,YZ,MW
2026-01-25 14:00:00,SO,state_of_charge,45.0,YZ,MW
2026-01-26 15:00:00,CE,state_of_charge,30.75,YZ,MW
2026-01-27 16:00:00,NR,state_of_charge,51.75,YZ,MW
2026-01-28 17:00:00,SO,state_of_charge,37.5,YZ,MW
2026-01-29 18:00:00,CE,state_of_charge,3.75,YZ,MW
2026-01-30 19:00:00,NR,state_of_charge,11.25,YZ,MW
2026-01-31 20:00:00,SO,state_of_charge,15.0,YZ,MW
2026-02-01 21:00:00,CE,state_of_charge,39.75,YZ,MW
2026-02-02 22:00:00,NR,state_of_charge,65.25,YZ,MW
2026-02-03 23:00:00,SO,state_of_charge,45.0,YZ,MW
2026-02-05 00:00:00,CE,state_of_charge,3.75,YZ,MW
2026-02-06 01:00:00,NR,state_of_charge,11.25,YZ,MW
2026-02-07 02:00:00,SO,state_of_charge,15.0,YZ,MW
2026-02-08 03:00:00,CE,state_of_charge,3.75,YZ,MW
2026-02-09 04:00:00,NR,state_of_charge,11.25,YZ,MW
2026-02-10 05:00:00,SO,state_of_charge,15.0,YZ,MW
2026-02-11 06:00:00,CE,state_of_charge,3.75,YZ,MW
2026-02-12 07:00:00,NR,state_of_charge,11.25,YZ,MW
2026-02-13 08:00:00,SO,state_of_charge,15.0,YZ,MW
2026-02-14 09:00:00,CE,state_of_charge,3.75,YZ,MW
2026-02-15 10:00:00,NR,state_of_charge,11.25,YZ,MW
2026-02-16 11:00:00,SO,state_of_charge,15.0,YZ,MW
2026-02-17 12:00:00,CE,state_of_charge,3.75,YZ,MW
2026-02-18 13:00:00,NR,state_of_charge,11.25,YZ,MW
2026-02-19 14:00:00,SO,state_of_charge,15.0,YZ,MW
2026-02-20 15:00:00,CE,state_of_charge,3.75,YZ,MW
2026-02-21 16:00:00,NR,state_of_charge,11.25,YZ,MW
2026-02-22 17:00:00,SO,state_of_charge,15.0,YZ,MW
2026-02-23 18:00:00,CE,state_of_charge,3.75,YZ,MW
2026-02-24 19:00:00,NR,state_of_charge,11.25,YZ,MW
2026-02-25 20:00:00,SO,state_of_charge,15.0,YZ,MW
2026-02-26 21:00:00,CE,state_of_charge,3.75,YZ,MW
2026-02-27 22:00:00,NR,state_of_charge,11.25,YZ,MW
2026-02-28 23:00:00,SO,state_of_charge,15.0,YZ,MW
2026-03-02 00:00:00,CE,state_of_charge,3.75,YZ,MW
2026-03-03 01:00:00,NR,state_of_charge,11.25,YZ,MW
2026-03-04 02:00:00,SO,state_of_charge,15.0,YZ,MW
2026-03-05 03:00:00,CE,state_of_charge,3.75,YZ,MW
2026-03-06 04:00:00,NR,state_of_charge,11.25,YZ,MW
2026-03-07 05:00:00,SO,state_of_charge,15.0,YZ,MW
2026-03-08 06:00:00,CE,state_of_charge,3.75,YZ,MW
2026-03-09 07:00:00,NR,state_of_charge,11.25,YZ,MW
2026-03-10 08:00:00,SO,state_of_charge,15.0,YZ,MW
2026-03-11 09:00:00,CE,state_of_charge,3.75,YZ,MW
2026-03-12 10:00:00,NR,state_of_charge,11.25,YZ,MW
2026-03-13 11:00:00,SO,state_of_charge,15.0,YZ,MW
2026-03-14 12:00:00,CE,state_of_charge,3.75,YZ,MW
2026-03-15 13:00:00,NR,state_of_charge,11.25,YZ,MW
2026-03-16 14:00:00,SO,state_of_charge,15.0,YZ,MW
2026-03-17 15:00:00,CE,state_of_charge,3.75,YZ,MW
2026-03-18 16:00:00,NR,state_of_charge,65.25,YZ,MW
2026-03-19 17:00:00,SO,state_of_charge,15.0,YZ,MW
2026-03-20 18:00:00,CE,state_of_charge,3.75,YZ,MW
2026-03-21 19:00:00,NR,state_of_charge,11.25,YZ,MW
2026-03-22 20:00:00,SO,state_of_charge,15.0,YZ,MW
2026-03-23 21:00:00,CE,state_of_charge,3.75,YZ,MW
2026-03-24 22:00:00,NR,state_of_charge,11.25,YZ,MW
2026-03-25 23:00:00,SO,state_of_charge,15.0,YZ,MW
2026-03-27 00:00:00,CE,state_of_charge,3.75,YZ,MW
2026-03-28 01:00:00,NR,state_of_charge,11.25,YZ,MW
2026-03-29 02:00:00,SO,state_of_charge,15.0,YZ,MW
2026-03-30 03:00:00,CE,state_of_charge,3.75,YZ,MW
2026-03-31 04:00:00,NR,state_of_charge,11.25,YZ,MW
2026-04-01 05:00:00,SO,state_of_charge,45.0,YZ,MW
2026-04-02 06:00:00,CE,state_of_charge,3.75,YZ,MW
2026-04-03 07:00:00,NR,state_of_charge,11.25,YZ,MW
2026-04-04 08:00:00,SO,state_of_charge,15.0,YZ,MW
2026-04-05 09:00:00,CE,state_of_charge,39.75,YZ,MW
2026-04-06 10:00:00,NR,state_of_charge,65.25,YZ,MW
2026-04-07 11:00:00,SO,state_of_charge,45.0,YZ,MW
2026-04-08 12:00:00,CE,state_of_charge,3.75,YZ,MW
2026-04-09 13:00:00,NR,state_of_charge,65.25,YZ,MW
2026-04-10 14:00:00,SO,state_of_charge,15.0,YZ,MW
2026-04-11 15:00:00,CE,state_of_charge,30.75,YZ,MW
2026-04-12 16:00:00,NR,state_of_charge,51.75,YZ,MW
2026-04-13 17:00:00,SO,state_of_charge,37.5,YZ,MW
2026-04-14 18:00:00,CE,state_of_charge,3.75,YZ,MW
2026-04-15 19:00:00,NR,state_of_charge,11.25,YZ,MW
2026-04-16 20:00:00,SO,state_of_charge,15.0,YZ,MW
2026-04-17 21:00:00,CE,state_of_charge,3.75,YZ,MW
2026-04-18 22:00:00,NR,state_of_charge,11.25,YZ,MW
2026-04-19 23:00:00,SO,state_of_charge,15.0,YZ,MW
2026-04-21 00:00:00,CE,state_of_charge,3.75,YZ,MW
2026-04-22 01:00:00,NR,state_of_charge,11.25,YZ,MW
2026-04-23 02:00:00,SO,state_of_charge,15.0,YZ,MW
2026-04-24 03:00:00,CE,state_of_charge,3.75,YZ,MW
2026-04-25 04:00:00,NR,state_of_charge,11.25,YZ,MW
2026-04-26 05:00:00,SO,state_of_charge,15.0,YZ,MW
2026-04-27 06:00:00,CE,state_of_charge,3.75,YZ,MW
2026-04-28 07:00:00,NR,state_of_charge,11.25,YZ,MW
2026-04-29 08:00:00,SO,state_of_charge,15.0,YZ,MW
2026-04-30 09:00:00,CE,state_of_charge,3.75,YZ,MW
2026-05-01 10:00:00,NR,state_of_charge,65.25,YZ,MW
2026-05-02 11:00:00,SO,state_of_charge,45.0,YZ,MW
2026-05-03 12:00:00,CE,state_of_charge,3.75,YZ,MW
2026-05-04 13:00:00,NR,state_of_charge,11.25,YZ,MW
2026-05-05 14:00:00,SO,state_of_charge,15.0,YZ,MW
2026-05-06 15:00:00,CE,state_of_charge,3.75,YZ,MW
2026-05-07 16:00:00,NR,state_of_charge,11.25,YZ,MW
2026-05-08 17:00:00,SO,state_of_charge,15.0,YZ,MW
2026-05-09 18:00:00,CE,state_of_charge,3.75,YZ,MW
2026-05-10 19:00:00,NR,state_of_charge,11.25,YZ,MW
2026-05-11 20:00:00,SO,state_of_charge,15.0,YZ,MW
2026-05-12 21:00:00,CE,state_of_charge,3.75,YZ,MW
2026-05-13 22:00:00,NR,state_of_charge,11.25,YZ,MW
2026-05-14 23:00:00,SO,state_of_charge,15.0,YZ,MW
2026-05-16 00:00:00,CE,state_of_charge,3.75,YZ,MW
2026-05-17 01:00:00,NR,state_of_charge,11.25,YZ,MW
2026-05-18 02:00:00,SO,state_of_charge,15.0,YZ,MW
2026-05-19 03:00:00,CE,state_of_charge,3.75,YZ,MW
2026-05-20 04:00:00,NR,state_of_charge,11.25,YZ,MW
2026-05-21 05:00:00,SO,state_of_charge,15.0,YZ,MW
2026-05-22 06:00:00,CE,state_of_charge,3.75,YZ,MW
2026-05-23 07:00:00,NR,state_of_charge,11.25,YZ,MW
2026-05-24 08:00:00,SO,state_of_charge,15.0,YZ,MW
2026-05-25 09:00:00,CE,state_of_charge,3.75,YZ,MW
2026-05-26 10:00:00,NR,state_of_charge,11.25,YZ,MW
2026-05-27 11:00:00,SO,state_of_charge,15.0,YZ,MW
2026-05-28 12:00:00,CE,state_of_charge,3.75,YZ,MW
2026-05-29 13:00:00,NR,state_of_charge,11.25,YZ,MW
2026-05-30 14:00:00,SO,state_of_charge,15.0,YZ,MW
2026-05-31 15:00:00,CE,state_of_charge,3.75,YZ,MW
2026-06-01 16:00:00,NR,state_of_charge,11.25,YZ,MW
2026-06-02 17:00:00,SO,state_of_charge,15.0,YZ,MW
2026-06-03 18:00:00,CE,state_of_charge,3.75,YZ,MW
2026-06-04 19:00:00,NR,state_of_charge,11.25,YZ,MW
2026-06-05 20:00:00,SO,state_of_charge,15.0,YZ,MW
2026-06-06 21:00:00,CE,state_of_charge,3.75,YZ,MW
2026-06-07 22:00:00,NR,state_of_charge,11.25,YZ,MW
2026-06-08 23:00:00,SO,state_of_charge,15.0,YZ,MW
2026-06-10 00:00:00,CE,state_of_charge,3.75,YZ,MW
2026-06-11 01:00:00,NR,state_of_charge,65.25,YZ,MW
2026-06-12 02:00:00,SO,state_of_charge,45.0,YZ,MW
2026-06-13 03:00:00,CE,state_of_charge,3.75,YZ,MW
2026-06-14 04:00:00,NR,state_of_charge,65.25,YZ,MW
2026-06-15 05:00:00,SO,state_of_charge,45.0,YZ,MW
2026-06-16 06:00:00,CE,state_of_charge,3.75,YZ,MW
2026-06-17 07:00:00,NR,state_of_charge,65.25,YZ,MW
2026-06-18 08:00:00,SO,state_of_charge,15.0,YZ,MW
2026-06-19 09:00:00,CE,state_of_charge,3.75,YZ,MW
2026-06-20 10:00:00,NR,state_of_charge,65.25,YZ,MW
2026-06-21 11:00:00,SO,state_of_charge,15.0,YZ,MW
2026-06-22 12:00:00,CE,state_of_charge,3.75,YZ,MW
2026-06-23 13:00:00,NR,state_of_charge,65.25,YZ,MW
2026-06-24 14:00:00,SO,state_of_charge,15.0,YZ,MW
2026-06-25 15:00:00,CE,state_of_charge,3.75,YZ,MW
2026-06-26 16:00:00,NR,state_of_charge,11.25,YZ,MW
2026-06-27 17:00:00,SO,state_of_charge,15.0,YZ,MW
2026-06-28 18:00:00,CE,state_of_charge,30.75,YZ,MW
2026-06-29 19:00:00,NR,state_of_charge,51.75,YZ,MW
2026-06-30 20:00:00,SO,state_of_charge,37.5,YZ,MW
2026-07-01 21:00:00,CE,state_of_charge,39.75,YZ,MW
2026-07-02 22:00:00,NR,state_of_charge,65.25,YZ,MW
2026-07-03 23:00:00,SO,state_of_charge,45.0,YZ,MW
2026-07-05 00:00:00,CE,state_of_charge,3.75,YZ,MW
2026-07-06 01:00:00,NR,state_of_charge,11.25,YZ,MW
2026-07-07 02:00:00,SO,state_of_charge,15.0,YZ,MW
2026-07-08 03:00:00,CE,state_of_charge,3.75,YZ,MW
2026-07-09 04:00:00,NR,state_of_charge,11.25,YZ,MW
2026-07-10 05:00:00,SO,state_of_charge,15.0,YZ,MW
2026-07-11 06:00:00,CE,state_of_charge,3.75,YZ,MW
2026-07-12 07:00:00,NR,state_of_charge,11.25,YZ,MW
2026-07-13 08:00:00,SO,state_of_charge,15.0,YZ,MW
2026-07-14 09:00:00,CE,state_of_charge,3.75,YZ,MW
2026-07-15 10:00:00,NR,state_of_charge,11.25,YZ,MW
2026-07-16 11:00:00,SO,state_of_charge,15.0,YZ,MW
2026-07-17 12:00:00,CE,state_of_charge,3.75,YZ,MW
2026-07-18 13:00:00,NR,state_of_charge,11.25,YZ,MW
2026-07-19 14:00:00,SO,state_of_charge,15.0,YZ,MW
2026-07-20 15:00:00,CE,state_of_charge,3.75,YZ,MW
2026-07-21 16:00:00,NR,state_of_charge,11.25,YZ,MW
2026-07-22 17:00:00,SO,state_of_charge,15.0,YZ,MW
2026-07-23 18:00:00,CE,state_of_charge,3.75,YZ,MW
2026-07-24 19:00:00,NR,state_of_charge,11.25,YZ,MW
2026-07-25 20:00:00,SO,state_of_charge,15.0,YZ,MW
2026-07-26 21:00:00,CE,state_of_charge,3.75,YZ,MW
2026-07-27 22:00:00,NR,state_of_charge,11.25,YZ,MW
2026-07-28 23:00:00,SO,state_of_charge,15.0,YZ,MW
2026-07-30 00:00:00,CE,state_of_charge,3.75,YZ,MW
2026-07-31 01:00:00,NR,state_of_charge,11.25,YZ,MW
2026-08-01 02:00:00,SO,state_of_charge,15.0,YZ,MW
2026-08-02 03:00:00,CE,state_of_charge,3.75,YZ,MW
2026-08-03 04:00:00,NR,state_of_charge,11.25,YZ,MW
2026-08-04 05:00:00,SO,state_of_charge,15.0,YZ,MW
2026-08-05 06:00:00,CE,state_of_charge,3.75,YZ,MW
2026-08-06 07:00:00,NR,state_of_charge,11.25,YZ,MW
2026-08-07 08:00:00,SO,state_of_charge,15.0,YZ,MW
2026-08-08 09:00:00,CE,state_of_charge,3.75,YZ,MW
2026-08-09 10:00:00,NR,state_of_charge,11.25,YZ,MW
2026-08-10 11:00:00,SO,state_of_charge,15.0,YZ,MW
2026-08-11 12:00:00,CE,state_of_charge,3.75,YZ,MW
2026-08-12 13:00:00,NR,state_of_charge,11.25,YZ,MW
2026-08-13 14:00:00,SO,state_of_charge,15.0,YZ,MW
2026-08-14 15:00:00,CE,state_of_charge,3.75,YZ,MW
2026-08-15 16:00:00,NR,state_of_charge,11.25,YZ,MW
2026-08-16 17:00:00,SO,state_of_charge,15.0,YZ,MW
2026-08-17 18:00:00,CE,state_of_charge,3.75,YZ,MW
2026-08-18 19:00:00,NR,state_of_charge,11.25,YZ,MW
2026-08-19 20:00:00,SO,state_of_charge,15.0,YZ,MW
2026-08-20 21:00:00,CE,state_of_charge,3.75,YZ,MW
2026-08-21 22:00:00,NR,state_of_charge,11.25,YZ,MW
2026-08-22 23:00:00,SO,state_of_charge,15.0,YZ,MW
2026-08-24 00:00:00,CE,state_of_charge,3.75,YZ,MW
2026-08-25 01:00:00,NR,state_of_charge,11.25,YZ,MW
2026-08-26 02:00:00,SO,state_of_charge,15.0,YZ,MW
2026-08-27 03:00:00,CE,state_of_charge,3.75,YZ,MW
2026-08-28 04:00:00,NR,state_of_charge,11.25,YZ,MW
2026-08-29 05:00:00,SO,state_of_charge,15.0,YZ,MW
2026-08-30 06:00:00,CE,state_of_charge,3.75,YZ,MW
2026-08-31 07:00:00,NR,state_of_charge,11.25,YZ,MW
2026-09-01 08:00:00,SO,state_of_charge,15.0,YZ,MW
2026-09-02 09:00:00,CE,state_of_charge,39.75,YZ,MW
2026-09-03 10:00:00,NR,state_of_charge,65.25,YZ,MW
2026-09-04 11:00:00,SO,state_of_charge,45.0,YZ,MW
2026-09-05 12:00:00,CE,state_of_charge,3.75,YZ,MW
2026-09-06 13:00:00,NR,state_of_charge,65.25,YZ,MW
2026-09-07 14:00:00,SO,state_of_charge,45.0,YZ,MW
2026-09-08 15:00:00,CE,state_of_charge,3.75,YZ,MW
2026-09-09 16:00:00,NR,state_of_charge,65.25,YZ,MW
2026-09-10 17:00:00,SO,state_of_charge,15.0,YZ,MW
2026-09-11 18:00:00,CE,state_of_charge,30.75,YZ,MW
2026-09-12 19:00:00,NR,state_of_charge,51.75,YZ,MW
2026-09-13 20:00:00,SO,state_of_charge,37.5,YZ,MW
2026-09-14 21:00:00,CE,state_of_charge,3.75,YZ,MW
2026-09-15 22:00:00,NR,state_of_charge,11.25,YZ,MW
2026-09-16 23:00:00,SO,state_of_charge,15.0,YZ,MW
2026-09-18 00:00:00,CE,state_of_charge,3.75,YZ,MW
2026-09-19 01:00:00,NR,state_of_charge,11.25,YZ,MW
2026-09-20 02:00:00,SO,state_of_charge,15.0,YZ,MW
2026-09-21 03:00:00,CE,state_of_charge,3.75,YZ,MW
2026-09-22 04:00:00,NR,state_of_charge,11.25,YZ,MW
2026-09-23 05:00:00,SO,state_of_charge,15.0,YZ,MW
2026-09-24 06:00:00,CE,state_of_charge,3.75,YZ,MW
2026-09-25 07:00:00,NR,state_of_charge,65.25,YZ,MW
2026-09-26 08:00:00,SO,state_of_charge,45.0,YZ,MW
2026-09-27 09:00:00,CE,state_of_charge,3.75,YZ,MW
2026-09-28 10:00:00,NR,state_of_charge,11.25,YZ,MW
2026-09-29 11:00:00,SO,state_of_charge,15.0,YZ,MW
2026-09-30 12:00:00,CE,state_of_charge,3.75,YZ,MW
2026-10-01 13:00:00,NR,state_of_charge,11.25,YZ,MW
2026-10-02 14:00:00,SO,state_of_charge,15.0,YZ,MW
2026-10-03 15:00:00,CE,state_of_charge,3.75,YZ,MW
2026-10-04 16:00:00,NR,state_of_charge,11.25,YZ,MW
2026-10-05 17:00:00,SO,state_of_charge,15.0,YZ,MW
2026-10-06 18:00:00,CE,state_of_charge,3.75,YZ,MW
2026-10-07 19:00:00,NR,state_of_charge,11.25,YZ,MW
2026-10-08 20:00:00,SO,state_of_charge,15.0,YZ,MW
2026-10-09 21:00:00,CE,state_of_charge,3.75,YZ,MW
2026-10-10 22:00:00,NR,state_of_charge,11.25,YZ,MW
2026-10-11 23:00:00,SO,state_of_charge,15.0,YZ,MW
2026-10-13 00:00:00,CE,state_of_charge,3.75,YZ,MW
2026-10-14 01:00:00,NR,state_of_charge,11.25,YZ,MW
2026-10-15 02:00:00,SO,state_of_charge,15.0,YZ,MW
2026-10-16 03:00:00,CE,state_of_charge,3.75,YZ,MW
2026-10-17 04:00:00,NR,state_of_charge,11.25,YZ,MW
2026-10-18 05:00:00,SO,state_of_charge,15.0,YZ,MW
2026-10-19 06:00:00,CE,state_of_charge,3.75,YZ,MW
2026-10-20 07:00:00,NR,state_of_charge,11.25,YZ,MW
2026-10-21 08:00:00,SO,state_of_charge,15.0,YZ,MW
2026-10-22 09:00:00,CE,state_of_charge,3.75,YZ,MW
2026-10-23 10:00:00,NR,state_of_charge,11.25,YZ,MW
2026-10-24 11:00:00,SO,state_of_charge,15.0,YZ,MW
2026-10-25 12:00:00,CE,state_of_charge,3.75,YZ,MW
2026-10-26 13:00:00,NR,state_of_charge,11.25,YZ,MW
2026-10-27 14:00:00,SO,state_of_charge,15.0,YZ,MW
2026-10-28 15:00:00,CE,state_of_charge,3.75,YZ,MW
2026-10-29 16:00:00,NR,state_of_charge,11.25,YZ,MW
2026-10-30 17:00:00,SO,state_of_charge,15.0,YZ,MW
2026-10-31 18:00:00,CE,state_of_charge,3.75,YZ,MW
2026-11-01 19:00:00,NR,state_of_charge,11.25,YZ,MW
2026-11-02 20:00:00,SO,state_of_charge,15.0,YZ,MW
2026-11-03 21:00:00,CE,state_of_charge,3.75,YZ,MW
2026-11-04 22:00:00,NR,state_of_charge,11.25,YZ,MW
2026-11-05 23:00:00,SO,state_of_charge,15.0,YZ,MW
2026-11-07 00:00:00,CE,state_of_charge,3.75,YZ,MW
2026-11-08 01:00:00,NR,state_of_charge,65.25,YZ,MW
2026-11-09 02:00:00,SO,state_of_charge,45.0,YZ,MW
2026-11-10 03:00:00,CE,state_of_charge,3.75,YZ,MW
2026-11-11 04:00:00,NR,state_of_charge,11.25,YZ,MW
2026-11-12 05:00:00,SO,state_of_charge,15.0,YZ,MW
2026-11-13 06:00:00,CE,state_of_charge,3.75,YZ,MW
2026-11-14 07:00:00,NR,state_of_charge,11.25,YZ,MW
2026-11-15 08:00:00,SO,state_of_charge,15.0,YZ,MW
2026-11-16 09:00:00,CE,state_of_charge,3.75,YZ,MW
2026-11-17 10:00:00,NR,state_of_charge,65.25,YZ,MW
2026-11-18 11:00:00,SO,state_of_charge,15.0,YZ,MW
2026-11-19 12:00:00,CE,state_of_charge,3.75,YZ,MW
2026-11-20 13:00:00,NR,state_of_charge,11.25,YZ,MW
2026-11-21 14:00:00,SO,state_of_charge,15.0,YZ,MW
2026-11-22 15:00:00,CE,state_of_charge,3.75,YZ,MW
2026-11-23 16:00:00,NR,state_of_charge,11.25,YZ,MW
2026-11-24 17:00:00,SO,state_of_charge,15.0,YZ,MW
2026-11-25 18:00:00,CE,state_of_charge,39.75,YZ,MW
2026-11-26 19:00:00,NR,state_of_charge,65.25,YZ,MW
2026-11-27 20:00:00,SO,state_of_charge,45.0,YZ,MW
2026-11-28 21:00:00,CE,state_of_charge,3.75,YZ,MW
2026-11-29 22:00:00,NR,state_of_charge,11.25,YZ,MW
2026-11-30 23:00:00,SO,state_of_charge,15.0,YZ,MW
2026-12-02 00:00:00,CE,state_of_charge,3.75,YZ,MW
2026-12-03 01:00:00,NR,state_of_charge,11.25,YZ,MW
2026-12-04 02:00:00,SO,state_of_charge,15.0,YZ,MW
2026-12-05 03:00:00,CE,state_of_charge,3.75,YZ,MW
2026-12-06 04:00:00,NR,state_of_charge,11.25,YZ,MW
2026-12-07 05:00:00,SO,state_of_charge,15.0,YZ,MW
2026-12-08 06:00:00,CE,state_of_charge,3.75,YZ,MW
2026-12-09 07:00:00,NR,state_of_charge,11.25,YZ,MW
2026-12-10 08:00:00,SO,state_of_charge,15.0,YZ,MW
2026-12-11 09:00:00,CE,state_of_charge,3.75,YZ,MW
2026-12-12 10:00:00,NR,state_of_charge,11.25,YZ,MW
2026-12-13 11:00:00,SO,state_of_charge,15.0,YZ,MW
2026-12-14 12:00:00,CE,state_of_charge,3.75,YZ,MW
2026-12-15 13:00:00,NR,state_of_charge,11.25,YZ,MW
2026-12-16 14:00:00,SO,state_of_charge,15.0,YZ,MW
2026-12-17 15:00:00,CE,state_of_charge,3.75,YZ,MW
2026-12-18 16:00:00,NR,state_of_charge,11.25,YZ,MW
2026-12-19 17:00:00,SO,state_of_charge,15.0,YZ,MW
2026-12-20 18:00:00,CE,state_of_charge,3.75,YZ,MW
2026-12-21 19:00:00,NR,state_of_charge,11.25,YZ,MW
2026-12-22 20:00:00,SO,state_of_charge,15.0,YZ,MW
2026-12-23 21:00:00,CE,state_of_charge,3.75,YZ,MW
2026-12-24 22:00:00,NR,state_of_charge,11.25,YZ,MW
2026-12-25 23:00:00,SO,state_of_charge,15.0,YZ,MW
2026-12-27 00:00:00,CE,state_of_charge,3.75,YZ,MW
2026-12-28 01:00:00,NR,state_of_charge,11.25,YZ,MW
2026-12-29 02:00:00,SO,state_of_charge,15.0,YZ,MW
2026-12-30 03:00:00,CE,state_of_charge,3.75,YZ,MW
2026-12-31 04:00:00,NR,state_of_charge,11.25,YZ,MW
2027-01-01 05:00:00,SO,state_of_charge,15.0,YZ,MW
2027-01-02 06:00:00,CE,state_of_charge,3.75,YZ,MW
2027-01-03 07:00:00,NR,state_of_charge,11.25,YZ,MW
2027-01-04 08:00:00,SO,state_of_charge,15.0,YZ,MW
2027-01-05 09:00:00,CE,state_of_charge,3.75,YZ,MW
2027-01-06 10:00:00,NR,state_of_charge,11.25,YZ,MW
2027-01-07 11:00:00,SO,state_of_charge,15.0,YZ,MW
2027-01-08 12:00:00,CE,state_of_charge,3.75,YZ,MW
2027-01-09 13:00:00,NR,state_of_charge,11.25,YZ,MW
2027-01-10 14:00:00,SO,state_of_charge,15.0,YZ,MW
2027-01-11 15:00:00,CE,state_of_charge,3.75,YZ,MW
2027-01-12 16:00:00,NR,state_of_charge,11.25,YZ,MW
2027-01-13 17:00:00,SO,state_of_charge,15.0,YZ,MW
2027-01-14 18:00:00,CE,state_of_charge,3.75,YZ,MW
2027-01-15 19:00:00,NR,state_of_charge,11.25,YZ,MW
2027-01-16 20:00:00,SO,state_of_charge,15.0,YZ,MW
2027-01-17 21:00:00,CE,state_of_charge,3.75,YZ,MW
2027-01-18 22:00:00,NR,state_of_charge,11.25,YZ,MW
2027-01-19 23:00:00,SO,state_of_charge,15.0,YZ,MW
2027-01-21 00:00:00,CE,state_of_charge,3.75,YZ,MW
2027-01-22 01:00:00,NR,state_of_charge,11.25,YZ,MW
2027-01-23 02:00:00,SO,state_of_charge,15.0,YZ,MW
2027-01-24 03:00:00,CE,state_of_charge,3.75,YZ,MW
2027-01-25 04:00:00,NR,state_of_charge,11.25,YZ,MW
2027-01-26 05:00:00,SO,state_of_charge,15.0,YZ,MW
2027-01-27 06:00:00,CE,state_of_charge,39.75,YZ,MW
2027-01-28 07:00:00,NR,state_of_charge,65.25,YZ,MW
2027-01-29 08:00:00,SO,state_of_charge,45.0,YZ,MW
2027-01-30 09:00:00,CE,state_of_charge,3.75,YZ,MW
2027-01-31 10:00:00,NR,state_of_charge,65.25,YZ,MW
2027-02-01 11:00:00,SO,state_of_charge,45.0,YZ,MW
2027-02-02 12:00:00,CE,state_of_charge,3.75,YZ,MW
2027-02-03 13:00:00,NR,state_of_charge,65.25,YZ,MW
2027-02-04 14:00:00,SO,state_of_charge,15.0,YZ,MW
2027-02-05 15:00:00,CE,state_of_charge,3.75,YZ,MW
2027-02-06 16:00:00,NR,state_of_charge,11.25,YZ,MW
2027-02-07 17:00:00,SO,state_of_charge,15.0,YZ,MW
2027-02-08 18:00:00,CE,state_of_charge,30.75,YZ,MW
2027-02-09 19:00:00,NR,state_of_charge,51.75,YZ,MW
2027-02-10 20:00:00,SO,state_of_charge,37.5,YZ,MW
2027-02-11 21:00:00,CE,state_of_charge,3.75,YZ,MW
2027-02-12 22:00:00,NR,state_of_charge,11.25,YZ,MW
2027-02-13 23:00:00,SO,state_of_charge,15.0,YZ,MW
2027-02-15 00:00:00,CE,state_of_charge,3.75,YZ,MW
2027-02-16 01:00:00,NR,state_of_charge,11.25,YZ,MW
2027-02-17 02:00:00,SO,state_of_charge,15.0,YZ,MW
2027-02-18 03:00:00,CE,state_of_charge,39.75,YZ,MW
2027-02-19 04:00:00,NR,state_of_charge,65.25,YZ,MW
2027-02-20 05:00:00,SO,state_of_charge,45.0,YZ,MW
2027-02-21 06:00:00,CE,state_of_charge,3.75,YZ,MW
2027-02-22 07:00:00,NR,state_of_charge,11.25,YZ,MW
2027-02-23 08:00:00,SO,state_of_charge,15.0,YZ,MW
2027-02-24 09:00:00,CE,state_of_charge,3.75,YZ,MW
2027-02-25 10:00:00,NR,state_of_charge,11.25,YZ,MW
2027-02-26 11:00:00,SO,state_of_charge,15.0,YZ,MW
2027-02-27 12:00:00,CE,state_of_charge,3.75,YZ,MW
2027-02-28 13:00:00,NR,state_of_charge,11.25,YZ,MW
2027-03-01 14:00:00,SO,state_of_charge,15.0,YZ,MW
2027-03-02 15:00:00,CE,state_of_charge,3.75,YZ,MW
2027-03-03 16:00:00,NR,state_of_charge,11.25,YZ,MW
2027-03-04 17:00:00,SO,state_of_charge,15.0,YZ,MW
2027-03-05 18:00:00,CE,state_of_charge,3.75,YZ,MW
2027-03-06 19:00:00,NR,state_of_charge,11.25,YZ,MW
2027-03-07 20:00:00,SO,state_of_charge,15.0,YZ,MW
2027-03-08 21:00:00,CE,state_of_charge,3.75,YZ,MW
2027-03-09 22:00:00,NR,state_of_charge,11.25,YZ,MW
2027-03-10 23:00:00,SO,state_of_charge,15.0,YZ,MW
2027-03-12 00:00:00,CE,state_of_charge,3.75,YZ,MW
2027-03-13 01:00:00,NR,state_of_charge,11.25,YZ,MW
2027-03-14 02:00:00,SO,state_of_charge,15.0,YZ,MW
2027-03-15 03:00:00,CE,state_of_charge,3.75,YZ,MW
2027-03-16 04:00:00,NR,state_of_charge,11.25,YZ,MW
2027-03-17 05:00:00,SO,state_of_charge,15.0,YZ,MW
2027-03-18 06:00:00,CE,state_of_charge,3.75,YZ,MW
2027-03-19 07:00:00,NR,state_of_charge,11.25,YZ,MW
2027-03-20 08:00:00,SO,state_of_charge,15.0,YZ,MW
2027-03-21 09:00:00,CE,state_of_charge,3.75,YZ,MW
2027-03-22 10:00:00,NR,state_of_charge,11.25,YZ,MW
2027-03-23 11:00:00,SO,state_of_charge,15.0,YZ,MW
2027-03-24 12:00:00,CE,state_of_charge,3.75,YZ,MW
2027-03-25 13:00:00,NR,state_of_charge,11.25,YZ,MW
2027-03-26 14:00:00,SO,state_of_charge,15.0,YZ,MW
2027-03-27 15:00:00,CE,state_of_charge,3.75,YZ,MW
2027-03-28 16:00:00,NR,state_of_charge,11.25,YZ,MW
2027-03-29 17:00:00,SO,state_of_charge,15.0,YZ,MW
2027-03-30 18:00:00,CE,state_of_charge,3.75,YZ,MW
2027-03-31 19:00:00,NR,state_of_charge,11.25,YZ,MW
2027-04-01 20:00:00,SO,state_of_charge,15.0,YZ,MW
2027-04-02 21:00:00,CE,state_of_charge,3.75,YZ,MW
2027-04-03 22:00:00,NR,state_of_charge,65.25,YZ,MW
2027-04-04 23:00:00,SO,state_of_charge,15.0,YZ,MW
2027-04-06 00:00:00,CE,state_of_charge,3.75,YZ,MW
2027-04-07 01:00:00,NR,state_of_charge,11.25,YZ,MW
2027-04-08 02:00:00,SO,state_of_charge,15.0,YZ,MW
2027-04-09 03:00:00,CE,state_of_charge,3.75,YZ,MW
2027-04-10 04:00:00,NR,state_of_charge,11.25,YZ,MW
2027-04-11 05:00:00,SO,state_of_charge,15.0,YZ,MW
2027-04-12 06:00:00,CE,state_of_charge,3.75,YZ,MW
2027-04-13 07:00:00,NR,state_of_charge,65.25,YZ,MW
2027-04-14 08:00:00,SO,state_of_charge,15.0,YZ,MW
2027-04-15 09:00:00,CE,state_of_charge,3.75,YZ,MW
2027-04-16 10:00:00,NR,state_of_charge,11.25,YZ,MW
2027-04-17 11:00:00,SO,state_of_charge,15.0,YZ,MW
2027-04-18 12:00:00,CE,state_of_charge,3.75,YZ,MW
2027-04-19 13:00:00,NR,state_of_charge,11.25,YZ,MW
2027-04-20 14:00:00,SO,state_of_charge,15.0,YZ,MW
2027-04-21 15:00:00,CE,state_of_charge,39.75,YZ,MW
2027-04-22 16:00:00,NR,state_of_charge,65.25,YZ,MW
2027-04-23 17:00:00,SO,state_of_charge,45.0,YZ,MW
2027-04-24 18:00:00,CE,state_of_charge,30.75,YZ,MW
2027-04-25 19:00:00,NR,state_of_charge,51.75,YZ,MW
2027-04-26 20:00:00,SO,state_of_charge,37.5,YZ,MW
2027-04-27 21:00:00,CE,state_of_charge,3.75,YZ,MW
2027-04-28 22:00:00,NR,state_of_charge,11.25,YZ,MW
2027-04-29 23:00:00,SO,state_of_charge,15.0,YZ,MW
2027-05-01 00:00:00,CE,state_of_charge,3.75,YZ,MW
2027-05-02 01:00:00,NR,state_of_charge,11.25,YZ,MW
2027-05-03 02:00:00,SO,state_of_charge,15.0,YZ,MW
2027-05-04 03:00:00,CE,state_of_charge,3.75,YZ,MW
2027-05-05 04:00:00,NR,state_of_charge,11.25,YZ,MW
2027-05-06 05:00:00,SO,state_of_charge,15.0,YZ,MW
2027-05-07 06:00:00,CE,state_of_charge,3.75,YZ,MW
2027-05-08 07:00:00,NR,state_of_charge,11.25,YZ,MW
2027-05-09 08:00:00,SO,state_of_charge,15.0,YZ,MW
2027-05-10 09:00:00,CE,state_of_charge,3.75,YZ,MW
2027-05-11 10:00:00,NR,state_of_charge,11.25,YZ,MW
2027-05-12 11:00:00,SO,state_of_charge,15.0,YZ,MW
2027-05-13 12:00:00,CE,state_of_charge,3.75,YZ,MW
2027-05-14 13:00:00,NR,state_of_charge,11.25,YZ,MW
2027-05-15 14:00:00,SO,state_of_charge,15.0,YZ,MW
2027-05-16 15:00:00,CE,state_of_charge,3.75,YZ,MW
2027-05-17 16:00:00,NR,state_of_charge,11.25,YZ,MW
2027-05-18 17:00:00,SO,state_of_charge,15.0,YZ,MW
2027-05-19 18:00:00,CE,state_of_charge,3.75,YZ,MW
2027-05-20 19:00:00,NR,state_of_charge,11.25,YZ,MW
2027-05-21 20:00:00,SO,state_of_charge,15.0,YZ,MW
2027-05-22 21:00:00,CE,state_of_charge,3.75,YZ,MW
2027-05-23 22:00:00,NR,state_of_charge,11.25,YZ,MW
2027-05-24 23:00:00,SO,state_of_charge,15.0,YZ,MW
2027-05-26 00:00:00,CE,state_of_charge,3.75,YZ,MW
2027-05-27 01:00:00,NR,state_of_charge,11.25,YZ,MW
2027-05-28 02:00:00,SO,state_of_charge,15.0,YZ,MW
2027-05-29 03:00:00,CE,state_of_charge,3.75,YZ,MW
2027-05-30 04:00:00,NR,state_of_charge,11.25,YZ,MW
2027-05-31 05:00:00,SO,state_of_charge,15.0,YZ,MW
2027-06-01 06:00:00,CE,state_of_charge,3.75,YZ,MW
2027-06-02 07:00:00,NR,state_of_charge,11.25,YZ,MW
2027-06-03 08:00:00,SO,state_of_charge,15.0,YZ,MW
2027-06-04 09:00:00,CE,state_of_charge,3.75,YZ,MW
2027-06-05 10:00:00,NR,state_of_charge,11.25,YZ,MW
2027-06-06 11:00:00,SO,state_of_charge,15.0,YZ,MW
2027-06-07 12:00:00,CE,state_of_charge,3.75,YZ,MW
2027-06-08 13:00:00,NR,state_of_charge,11.25,YZ,MW
2027-06-09 14:00:00,SO,state_of_charge,15.0,YZ,MW
2027-06-10 15:00:00,CE,state_of_charge,3.75,YZ,MW
2027-06-11 16:00:00,NR,state_of_charge,11.25,YZ,MW
2027-06-12 17:00:00,SO,state_of_charge,15.0,YZ,MW
2027-06-13 18:00:00,CE,state_of_charge,3.75,YZ,MW
2027-06-14 19:00:00,NR,state_of_charge,11.25,YZ,MW
2027-06-15 20:00:00,SO,state_of_charge,15.0,YZ,MW
2027-06-16 21:00:00,CE,state_of_charge,3.75,YZ,MW
2027-06-17 22:00:00,NR,state_of_charge,11.25,YZ,MW
2027-06-18 23:00:00,SO,state_of_charge,15.0,YZ,MW
2027-06-20 00:00:00,CE,state_of_charge,3.75,YZ,MW
2027-06-21 01:00:00,NR,state_of_charge,11.25,YZ,MW
2027-06-22 02:00:00,SO,state_of_charge,15.0,YZ,MW
2027-06-23 03:00:00,CE,state_of_charge,39.75,YZ,MW
2027-06-24 04:00:00,NR,state_of_charge,65.25,YZ,MW
2027-06-25 05:00:00,SO,state_of_charge,45.0,YZ,MW
2027-06-26 06:00:00,CE,state_of_charge,39.75,YZ,MW
2027-06-27 07:00:00,NR,state_of_charge,65.25,YZ,MW
2027-06-28 08:00:00,SO,state_of_charge,45.0,YZ,MW
2027-06-29 09:00:00,CE,state_of_charge,3.75,YZ,MW
2027-06-30 10:00:00,NR,state_of_charge,11.25,YZ,MW
2027-07-01 11:00:00,SO,state_of_charge,15.0,YZ,MW
2027-07-02 12:00:00,CE,state_of_charge,3.75,YZ,MW
2027-07-03 13:00:00,NR,state_of_charge,11.25,YZ,MW
2027-07-04 14:00:00,SO,state_of_charge,15.0,YZ,MW
2027-07-05 15:00:00,CE,state_of_charge,3.75,YZ,MW
2027-07-06 16:00:00,NR,state_of_charge,65.25,YZ,MW
2027-07-07 17:00:00,SO,state_of_charge,45.0,YZ,MW
2027-07-08 18:00:00,CE,state_of_charge,3.75,YZ,MW
2027-07-09 19:00:00,NR,state_of_charge,11.25,YZ,MW
2027-07-10 20:00:00,SO,state_of_charge,15.0,YZ,MW
2027-07-11 21:00:00,CE,state_of_charge,30.75,YZ,MW
2027-07-12 22:00:00,NR,state_of_charge,51.75,YZ,MW
2027-07-13 23:00:00,SO,state_of_charge,37.5,YZ,MW
2027-07-15 00:00:00,CE,state_of_charge,39.75,YZ,MW
2027-07-16 01:00:00,NR,state_of_charge,65.25,YZ,MW
2027-07-17 02:00:00,SO,state_of_charge,45.0,YZ,MW
2027-07-18 03:00:00,CE,state_of_charge,3.75,YZ,MW
2027-07-19 04:00:00,NR,state_of_charge,11.25,YZ,MW
2027-07-20 05:00:00,SO,state_of_charge,15.0,YZ,MW
2027-07-21 06:00:00,CE,state_of_charge,3.75,YZ,MW
2027-07-22 07:00:00,NR,state_of_charge,11.25,YZ,MW
2027-07-23 08:00:00,SO,state_of_charge,15.0,YZ,MW
2027-07-24 09:00:00,CE,state_of_charge,3.75,YZ,MW
2027-07-25 10:00:00,NR,state_of_charge,11.25,YZ,MW
2027-07-26 11:00:00,SO,state_of_charge,15.0,YZ,MW
2027-07-27 12:00:00,CE,state_of_charge,3.75,YZ,MW
2027-07-28 13:00:00,NR,state_of_charge,11.25,YZ,MW
2027-07-29 14:00:00,SO,state_of_charge,15.0,YZ,MW
2027-07-30 15:00:00,CE,state_of_charge,3.75,YZ,MW
2027-07-31 16:00:00,NR,state_of_charge,11.25,YZ,MW
2027-08-01 17:00:00,SO,state_of_charge,15.0,YZ,MW
2027-08-02 18:00:00,CE,state_of_charge,3.75,YZ,MW
2027-08-03 19:00:00,NR,state_of_charge,11.25,YZ,MW
2027-08-04 20:00:00,SO,state_of_charge,15.0,YZ,MW
2027-08-05 21:00:00,CE,state_of_charge,3.75,YZ,MW
2027-08-06 22:00:00,NR,state_of_charge,11.25,YZ,MW
2027-08-07 23:00:00,SO,state_of_charge,15.0,YZ,MW
2027-08-09 00:00:00,CE,state_of_charge,3.75,YZ,MW
2027-08-10 01:00:00,NR,state_of_charge,11.25,YZ,MW
2027-08-11 02:00:00,SO,state_of_charge,15.0,YZ,MW
2027-08-12 03:00:00,CE,state_of_charge,3.75,YZ,MW
2027-08-13 04:00:00,NR,state_of_charge,11.25,YZ,MW
2027-08-14 05:00:00,SO,state_of_charge,15.0,YZ,MW
2027-08-15 06:00:00,CE,state_of_charge,3.75,YZ,MW
2027-08-16 07:00:00,NR,state_of_charge,11.25,YZ,MW
2027-08-17 08:00:00,SO,state_of_charge,15.0,YZ,MW
2027-08-18 09:00:00,CE,state_of_charge,3.75,YZ,MW
2027-08-19 10:00:00,NR,state_of_charge,11.25,YZ,MW
2027-08-20 11:00:00,SO,state_of_charge,15.0,YZ,MW
2027-08-21 12:00:00,CE,state_of_charge,3.75,YZ,MW
2027-08-22 13:00:00,NR,state_of_charge,11.25,YZ,MW
2027-08-23 14:00:00,SO,state_of_charge,15.0,YZ,MW
2027-08-24 15:00:00,CE,state_of_charge,3.75,YZ,MW
2027-08-25 16:00:00,NR,state_of_charge,11.25,YZ,MW
2027-08-26 17:00:00,SO,state_of_charge,15.0,YZ,MW
2027-08-27 18:00:00,CE,state_of_charge,3.75,YZ,MW
2027-08-28 19:00:00,NR,state_of_charge,65.25,YZ,MW
2027-08-29 20:00:00,SO,state_of_charge,45.0,YZ,MW
2027-08-30 21:00:00,CE,state_of_charge,3.75,YZ,MW
2027-08-31 22:00:00,NR,state_of_charge,11.25,YZ,MW
2027-09-01 23:00:00,SO,state_of_charge,15.0,YZ,MW
2027-09-03 00:00:00,CE,state_of_charge,3.75,YZ,MW
2027-09-04 01:00:00,NR,state_of_charge,11.25,YZ,MW
2027-09-05 02:00:00,SO,state_of_charge,15.0,YZ,MW
2027-09-06 03:00:00,CE,state_of_charge,3.75,YZ,MW
2027-09-07 04:00:00,NR,state_of_charge,11.25,YZ,MW
2027-09-08 05:00:00,SO,state_of_charge,15.0,YZ,MW
2027-09-09 06:00:00,CE,state_of_charge,3.75,YZ,MW
2027-09-10 07:00:00,NR,state_of_charge,11.25,YZ,MW
2027-09-11 08:00:00,SO,state_of_charge,15.0,YZ,MW
2027-09-12 09:00:00,CE,state_of_charge,3.75,YZ,MW
2027-09-13 10:00:00,NR,state_of_charge,11.25,YZ,MW
2027-09-14 11:00:00,SO,state_of_charge,15.0,YZ,MW
2027-09-15 12:00:00,CE,state_of_charge,39.75,YZ,MW
2027-09-16 13:00:00,NR,state_of_charge,65.25,YZ,MW
2027-09-17 14:00:00,SO,state_of_charge,45.0,YZ,MW
2027-09-18 15:00:00,CE,state_of_charge,3.75,YZ,MW
2027-09-19 16:00:00,NR,state_of_charge,65.25,YZ,MW
2027-09-20 17:00:00,SO,state_of_charge,15.0,YZ,MW
2027-09-21 18:00:00,CE,state_of_charge,3.75,YZ,MW
2027-09-22 19:00:00,NR,state_of_charge,11.25,YZ,MW
2027-09-23 20:00:00,SO,state_of_charge,15.0,YZ,MW
2027-09-24 21:00:00,CE,state_of_charge,30.75,YZ,MW
2027-09-25 22:00:00,NR,state_of_charge,51.75,YZ,MW
2027-09-26 23:00:00,SO,state_of_charge,37.5,YZ,MW
2027-09-28 00:00:00,CE,state_of_charge,3.75,YZ,MW
2027-09-29 01:00:00,NR,state_of_charge,11.25,YZ,MW
2027-09-30 02:00:00,SO,state_of_charge,15.0,YZ,MW
2027-10-01 03:00:00,CE,state_of_charge,3.75,YZ,MW
2027-10-02 04:00:00,NR,state_of_charge,11.25,YZ,MW
2027-10-03 05:00:00,SO,state_of_charge,15.0,YZ,MW
2027-10-04 06:00:00,CE,state_of_charge,3.75,YZ,MW
2027-10-05 07:00:00,NR,state_of_charge,11.25,YZ,MW
2027-10-06 08:00:00,SO,state_of_charge,15.0,YZ,MW
2027-10-07 09:00:00,CE,state_of_charge,39.75,YZ,MW
2027-10-08 10:00:00,NR,state_of_charge,65.25,YZ,MW
2027-10-09 11:00:00,SO,state_of_charge,45.0,YZ,MW
2027-10-10 12:00:00,CE,state_of_charge,3.75,YZ,MW
2027-10-11 13:00:00,NR,state_of_charge,11.25,YZ,MW
2027-10-12 14:00:00,SO,state_of_charge,15.0,YZ,MW
2027-10-13 15:00:00,CE,state_of_charge,3.75,YZ,MW
2027-10-14 16:00:00,NR,state_of_charge,11.25,YZ,MW
2027-10-15 17:00:00,SO,state_of_charge,15.0,YZ,MW
2027-10-16 18:00:00,CE,state_of_charge,3.75,YZ,MW
2027-10-17 19:00:00,NR,state_of_charge,11.25,YZ,MW
2027-10-18 20:00:00,SO,state_of_charge,15.0,YZ,MW
2027-10-19 21:00:00,CE,state_of_charge,3.75,YZ,MW
2027-10-20 22:00:00,NR,state_of_charge,11.25,YZ,MW
2027-10-21 23:00:00,SO,state_of_charge,15.0,YZ,MW
2027-10-23 00:00:00,CE,state_of_charge,3.75,YZ,MW
2027-10-24 01:00:00,NR,state_of_charge,11.25,YZ,MW
2027-10-25 02:00:00,SO,state_of_charge,15.0,YZ,MW
2027-10-26 03:00:00,CE,state_of_charge,3.75,YZ,MW
2027-10-27 04:00:00,NR,state_of_charge,11.25,YZ,MW
2027-10-28 05:00:00,SO,state_of_charge,15.0,YZ,MW
2027-10-29 06:00:00,CE,state_of_charge,3.75,YZ,MW
2027-10-30 07:00:00,NR,state_of_charge,11.25,YZ,MW
2027-10-31 08:00:00,SO,state_of_charge,15.0,YZ,MW
2027-11-01 09:00:00,CE,state_of_charge,3.75,YZ,MW
2027-11-02 10:00:00,NR,state_of_charge,11.25,YZ,MW
2027-11-03 11:00:00,SO,state_of_charge,15.0,YZ,MW
2027-11-04 12:00:00,CE,state_of_charge,3.75,YZ,MW
2027-11-05 13:00:00,NR,state_of_charge,11.25,YZ,MW
2027-11-06 14:00:00,SO,state_of_charge,15.0,YZ,MW
2027-11-07 15:00:00,CE,state_of_charge,3.75,YZ,MW
2027-11-08 16:00:00,NR,state_of_charge,11.25,YZ,MW
2027-11-09 17:00:00,SO,state_of_charge,15.0,YZ,MW
2027-11-10 18:00:00,CE,state_of_charge,3.75,YZ,MW
2027-11-11 19:00:00,NR,state_of_charge,11.25,YZ,MW
2027-11-12 20:00:00,SO,state_of_charge,15.0,YZ,MW
2027-11-13 21:00:00,CE,state_of_charge,3.75,YZ,MW
2027-11-14 22:00:00,NR,state_of_charge,11.25,YZ,MW
2027-11-15 23:00:00,SO,state_of_charge,15.0,YZ,MW
2027-11-17 00:00:00,CE,state_of_charge,3.75,YZ,MW
2027-11-18 01:00:00,NR,state_of_charge,11.25,YZ,MW
2027-11-19 02:00:00,SO,state_of_charge,45.0,YZ,MW
2027-11-20 03:00:00,CE,state_of_charge,39.75,YZ,MW
2027-11-21 04:00:00,NR,state_of_charge,65.25,YZ,MW
2027-11-22 05:00:00,SO,state_of_charge,45.0,YZ,MW
2027-11-23 06:00:00,CE,state_of_charge,3.75,YZ,MW
2027-11-24 07:00:00,NR,state_of_charge,65.25,YZ,MW
2027-11-25 08:00:00,SO,state_of_charge,15.0,YZ,MW
2027-11-26 09:00:00,CE,state_of_charge,3.75,YZ,MW
2027-11-27 10:00:00,NR,state_of_charge,11.25,YZ,MW
2027-11-28 11:00:00,SO,state_of_charge,15.0,YZ,MW
2027-11-29 12:00:00,CE,state_of_charge,3.75,YZ,MW
2027-11-30 13:00:00,NR,state_of_charge,11.25,YZ,MW
2027-12-01 14:00:00,SO,state_of_charge,15.0,YZ,MW
2027-12-02 15:00:00,CE,state_of_charge,3.75,YZ,MW
2027-12-03 16:00:00,NR,state_of_charge,11.25,YZ,MW
2027-12-04 17:00:00,SO,state_of_charge,15.0,YZ,MW
2027-12-05 18:00:00,CE,state_of_charge,3.75,YZ,MW
2027-12-06 19:00:00,NR,state_of_charge,11.25,YZ,MW
2027-12-07 20:00:00,SO,state_of_charge,15.0,YZ,MW
2027-12-08 21:00:00,CE,state_of_charge,39.75,YZ,MW
2027-12-09 22:00:00,NR,state_of_charge,51.75,YZ,MW
2027-12-10 23:00:00,SO,state_of_charge,45.0,YZ,MW
2027-12-12 00:00:00,CE,state_of_charge,3.75,YZ,MW
2027-12-13 01:00:00,NR,state_of_charge,11.25,YZ,MW
2027-12-14 02:00:00,SO,state_of_charge,15.0,YZ,MW
2027-12-15 03:00:00,CE,state_of_charge,39.75,YZ,MW
2027-12-16 04:00:00,NR,state_of_charge,11.25,YZ,MW
2027-12-17 05:00:00,SO,state_of_charge,45.0,YZ,MW
2027-12-18 06:00:00,CE,state_of_charge,39.75,YZ,MW
2027-12-19 07:00:00,NR,state_of_charge,65.25,YZ,MW
2027-12-20 08:00:00,SO,state_of_charge,45.0,YZ,MW
2027-12-21 09:00:00,CE,state_of_charge,3.75,YZ,MW
2027-12-22 10:00:00,NR,state_of_charge,11.25,YZ,MW
2027-12-23 11:00:00,SO,state_of_charge,15.0,YZ,MW
2027-12-24 12:00:00,CE,state_of_charge,3.75,YZ,MW
2027-12-25 13:00:00,NR,state_of_charge,11.25,YZ,MW
2027-12-26 14:00:00,SO,state_of_charge,15.0,YZ,MW
2027-12-27 15:00:00,CE,state_of_charge,3.75,YZ,MW
2027-12-28 16:00:00,NR,state_of_charge,11.25,YZ,MW
2027-12-29 17:00:00,SO,state_of_charge,15.0,YZ,MW
2027-12-30 18:00:00,CE,state_of_charge,3.75,YZ,MW
2027-12-31 19:00:00,NR,state_of_charge,11.25,YZ,MW
2028-01-01 20:00:00,SO,state_of_charge,15.0,YZ,MW
2028-01-02 21:00:00,CE,state_of_charge,3.75,YZ,MW
2028-01-03 22:00:00,NR,state_of_charge,65.25,YZ,MW
2028-01-04 23:00:00,SO,state_of_charge,15.0,YZ,MW
