snapshot,region,status,value,country,unit
2050-01-01 00:00:00,CE,charging,14.484210526330001,XY,MW
2050-01-02 01:00:00,NR,charging,17.200000000030002,XY,MW
2050-01-03 02:00:00,SO,charging,13.57894736845,XY,MW
2050-01-04 03:00:00,CE,charging,13.810526315810002,XY,MW
2050-01-05 04:00:00,NR,charging,16.40000000002,XY,MW
2050-01-06 05:00:00,SO,charging,12.94736842108,XY,MW
2050-01-07 06:00:00,CE,charging,14.14736842107,XY,MW
2050-01-08 07:00:00,NR,charging,16.800000000030003,XY,MW
2050-01-09 08:00:00,SO,charging,13.26315789476,XY,MW
2050-01-10 09:00:00,CE,charging,15.15789473686,XY,MW
2050-01-11 10:00:00,NR,charging,18.00000000003,XY,MW
2050-01-12 11:00:00,SO,charging,14.21052631582,XY,MW
2050-01-13 12:00:00,CE,charging,15.15789473686,XY,MW
2050-01-14 13:00:00,NR,charging,18.00000000003,XY,MW
2050-01-15 14:00:00,SO,charging,14.21052631582,XY,MW
2050-01-16 15:00:00,CE,charging,14.484210526330001,XY,MW
2050-01-17 16:00:00,NR,charging,17.200000000030002,XY,MW
2050-01-18 17:00:00,SO,charging,13.57894736845,XY,MW
2050-01-19 18:00:00,CE,charging,14.8210526316,XY,MW
2050-01-20 19:00:00,NR,charging,17.60000000003,XY,MW
2050-01-21 20:00:00,SO,charging,13.894736842130001,XY,MW
2050-01-22 21:00:00,CE,charging,8.58947368423,XY,MW
2050-01-23 22:00:00,NR,charging,10.20000000002,XY,MW
2050-01-24 23:00:00,SO,charging,8.052631578969999,XY,MW
2050-01-26 00:00:00,CE,charging,8.08421052633,XY,MW
2050-01-27 01:00:00,NR,charging,9.600000000009999,XY,MW
2050-01-28 02:00:00,SO,charging,7.57894736844,XY,MW
2050-01-29 03:00:00,CE,charging,7.91578947369,XY,MW
2050-01-30 04:00:00,NR,charging,9.40000000001,XY,MW
2050-01-31 05:00:00,SO,charging,7.42105263159,XY,MW
2050-02-01 06:00:00,CE,charging,8.08421052633,XY,MW
2050-02-02 07:00:00,NR,charging,9.600000000009999,XY,MW
2050-02-03 08:00:00,SO,charging,7.57894736844,XY,MW
2050-02-04 09:00:00,CE,charging,8.08421052633,XY,MW
2050-02-05 10:00:00,NR,charging,9.600000000009999,XY,MW
2050-02-06 11:00:00,SO,charging,7.57894736844,XY,MW
2050-02-07 12:00:00,CE,charging,7.24210526316,XY,MW
2050-02-08 13:00:00,NR,charging,8.600000000009999,XY,MW
2050-02-09 14:00:00,SO,charging,6.78947368422,XY,MW
2050-02-10 15:00:00,CE,charging,7.91578947369,XY,MW
2050-02-11 16:00:00,NR,charging,9.40000000001,XY,MW
2050-02-12 17:00:00,SO,charging,7.42105263159,XY,MW
2050-02-13 18:00:00,CE,charging,6.9052631579,XY,MW
2050-02-14 19:00:00,NR,charging,8.20000000001,XY,MW
2050-02-15 20:00:00,SO,charging,6.473684210529999,XY,MW
2050-02-16 21:00:00,CE,charging,6.40000000001,XY,MW
2050-02-17 22:00:00,NR,charging,7.60000000001,XY,MW
2050-02-18 23:00:00,SO,charging,6.00000000001,XY,MW
2050-02-20 00:00:00,CE,charging,5.22105263158,XY,MW
2050-02-21 01:00:00,NR,charging,6.199999999999999,XY,MW
2050-02-22 02:00:00,SO,charging,4.8947368421099995,XY,MW
2050-02-23 03:00:00,CE,charging,4.3789473684299995,XY,MW
2050-02-24 04:00:00,NR,charging,5.20000000001,XY,MW
2050-02-25 05:00:00,SO,charging,4.1052631579,XY,MW
2050-02-26 06:00:00,CE,charging,2.021052631582,XY,MW
2050-02-27 07:00:00,NR,charging,2.4,XY,MW
2050-02-28 08:00:00,SO,charging,1.8947368421089998,XY,MW
2050-03-01 09:00:00,CE,charging,7.073684210540001,XY,MW
2050-03-02 10:00:00,NR,charging,8.40000000001,XY,MW
2050-03-03 11:00:00,SO,charging,6.63157894738,XY,MW
2050-03-04 12:00:00,CE,charging,6.73684210527,XY,MW
2050-03-05 13:00:00,NR,charging,8.000000000010001,XY,MW
2050-03-06 14:00:00,SO,charging,6.3157894737,XY,MW
2050-03-07 15:00:00,CE,charging,9.43157894738,XY,MW
2050-03-08 16:00:00,NR,charging,11.200000000020001,XY,MW
2050-03-09 17:00:00,SO,charging,8.842105263170001,XY,MW
2050-03-10 18:00:00,CE,charging,10.44210526317,XY,MW
2050-03-11 19:00:00,NR,charging,12.40000000002,XY,MW
2050-03-12 20:00:00,SO,charging,9.78947368423,XY,MW
2050-03-13 21:00:00,CE,charging,11.45263157896,XY,MW
2050-03-14 22:00:00,NR,charging,13.60000000002,XY,MW
2050-03-15 23:00:00,SO,charging,10.736842105280001,XY,MW
2050-03-17 00:00:00,CE,charging,12.294736842119999,XY,MW
2050-03-18 01:00:00,NR,charging,14.60000000002,XY,MW
2050-03-19 02:00:00,SO,charging,11.52631578949,XY,MW
2050-03-20 03:00:00,CE,charging,12.294736842119999,XY,MW
2050-03-21 04:00:00,NR,charging,14.60000000002,XY,MW
2050-03-22 05:00:00,SO,charging,11.52631578949,XY,MW
2050-03-23 06:00:00,CE,charging,13.64210526318,XY,MW
2050-03-24 07:00:00,NR,charging,16.200000000030002,XY,MW
2050-03-25 08:00:00,SO,charging,12.78947368424,XY,MW
2050-03-26 09:00:00,CE,charging,14.8210526316,XY,MW
2050-03-27 10:00:00,NR,charging,17.60000000003,XY,MW
2050-03-28 11:00:00,SO,charging,13.894736842130001,XY,MW
2050-03-29 12:00:00,CE,charging,15.3263157895,XY,MW
2050-03-30 13:00:00,NR,charging,18.200000000030002,XY,MW
2050-03-31 14:00:00,SO,charging,14.36842105266,XY,MW
2050-04-01 15:00:00,CE,charging,14.315789473699999,XY,MW
2050-04-02 16:00:00,NR,charging,17.000000000020002,XY,MW
2050-04-03 17:00:00,SO,charging,13.421052631599999,XY,MW
2050-04-04 18:00:00,CE,charging,12.12631578949,XY,MW
2050-04-05 19:00:00,NR,charging,14.40000000002,XY,MW
2050-04-06 20:00:00,SO,charging,11.36842105265,XY,MW
2050-04-07 21:00:00,CE,charging,9.93684210527,XY,MW
2050-04-08 22:00:00,NR,charging,11.80000000001,XY,MW
2050-04-09 23:00:00,SO,charging,9.3157894737,XY,MW
2050-04-11 00:00:00,CE,charging,12.463157894750001,XY,MW
2050-04-12 01:00:00,NR,charging,14.800000000019999,XY,MW
2050-04-13 02:00:00,SO,charging,11.68421052634,XY,MW
2050-04-14 03:00:00,CE,charging,13.64210526318,XY,MW
2050-04-15 04:00:00,NR,charging,16.200000000030002,XY,MW
2050-04-16 05:00:00,SO,charging,12.78947368424,XY,MW
2050-04-17 06:00:00,CE,charging,7.073684210540001,XY,MW
2050-04-18 07:00:00,NR,charging,8.40000000001,XY,MW
2050-04-19 08:00:00,SO,charging,6.63157894738,XY,MW
2050-04-20 09:00:00,CE,charging,7.91578947369,XY,MW
2050-04-21 10:00:00,NR,charging,9.40000000001,XY,MW
2050-04-22 11:00:00,SO,charging,7.42105263159,XY,MW
2050-04-23 12:00:00,CE,charging,7.747368421059999,XY,MW
2050-04-24 13:00:00,NR,charging,9.20000000001,XY,MW
2050-04-25 14:00:00,SO,charging,7.26315789475,XY,MW
2050-04-26 15:00:00,CE,charging,6.9052631579,XY,MW
2050-04-27 16:00:00,NR,charging,8.20000000001,XY,MW
2050-04-28 17:00:00,SO,charging,6.473684210529999,XY,MW
2050-04-29 18:00:00,CE,charging,3.20000000001,XY,MW
2050-04-30 19:00:00,NR,charging,3.80000000001,XY,MW
2050-05-01 20:00:00,SO,charging,3.00000000001,XY,MW
2050-05-02 21:00:00,CE,charging,4.3789473684299995,XY,MW
2050-05-03 22:00:00,NR,charging,5.20000000001,XY,MW
2050-05-04 23:00:00,SO,charging,4.1052631579,XY,MW
2050-05-06 00:00:00,CE,charging,6.23157894737,XY,MW
2050-05-07 01:00:00,NR,charging,7.4000000000099995,XY,MW
2050-05-08 02:00:00,SO,charging,5.842105263160001,XY,MW
2050-05-09 03:00:00,CE,charging,5.38947368422,XY,MW
2050-05-10 04:00:00,NR,charging,6.4000000000099995,XY,MW
2050-05-11 05:00:00,SO,charging,5.05263157896,XY,MW
2050-05-12 06:00:00,CE,charging,4.54736842106,XY,MW
2050-05-13 07:00:00,NR,charging,5.4000000000099995,XY,MW
2050-05-14 08:00:00,SO,charging,4.26315789475,XY,MW
2050-05-15 09:00:00,CE,charging,5.05263157895,XY,MW
2050-05-16 10:00:00,NR,charging,6.00000000001,XY,MW
2050-05-17 11:00:00,SO,charging,4.73684210527,XY,MW
2050-05-18 12:00:00,CE,charging,6.73684210527,XY,MW
2050-05-19 13:00:00,NR,charging,8.000000000010001,XY,MW
2050-05-20 14:00:00,SO,charging,6.3157894737,XY,MW
2050-05-21 15:00:00,CE,charging,6.40000000001,XY,MW
2050-05-22 16:00:00,NR,charging,7.60000000001,XY,MW
2050-05-23 17:00:00,SO,charging,6.00000000001,XY,MW
2050-05-24 18:00:00,CE,charging,9.600000000009999,XY,MW
2050-05-25 19:00:00,NR,charging,11.40000000001,XY,MW
2050-05-26 20:00:00,SO,charging,9.000000000010001,XY,MW
2050-05-27 21:00:00,CE,charging,10.610526315800001,XY,MW
2050-05-28 22:00:00,NR,charging,12.60000000001,XY,MW
2050-05-29 23:00:00,SO,charging,9.94736842107,XY,MW
2050-05-31 00:00:00,CE,charging,13.13684210528,XY,MW
2050-06-01 01:00:00,NR,charging,15.60000000002,XY,MW
2050-06-02 02:00:00,SO,charging,12.31578947371,XY,MW
2050-06-03 03:00:00,CE,charging,13.810526315810002,XY,MW
2050-06-04 04:00:00,NR,charging,16.40000000002,XY,MW
2050-06-05 05:00:00,SO,charging,12.94736842108,XY,MW
2050-06-06 06:00:00,CE,charging,14.484210526330001,XY,MW
2050-06-07 07:00:00,NR,charging,17.200000000030002,XY,MW
2050-06-08 08:00:00,SO,charging,13.57894736845,XY,MW
2050-06-09 09:00:00,CE,charging,14.8210526316,XY,MW
2050-06-10 10:00:00,NR,charging,17.60000000003,XY,MW
2050-06-11 11:00:00,SO,charging,13.894736842130001,XY,MW
2050-06-12 12:00:00,CE,charging,14.14736842107,XY,MW
2050-06-13 13:00:00,NR,charging,16.800000000030003,XY,MW
2050-06-14 14:00:00,SO,charging,13.26315789476,XY,MW
2050-06-15 15:00:00,CE,charging,14.98947368424,XY,MW
2050-06-16 16:00:00,NR,charging,17.80000000003,XY,MW
2050-06-17 17:00:00,SO,charging,14.052631578980002,XY,MW
2050-06-18 18:00:00,CE,charging,11.28421052634,XY,MW
2050-06-19 19:00:00,NR,charging,13.40000000003,XY,MW
2050-06-20 20:00:00,SO,charging,10.578947368449999,XY,MW
2050-06-21 21:00:00,CE,charging,9.43157894738,XY,MW
2050-06-22 22:00:00,NR,charging,11.200000000020001,XY,MW
2050-06-23 23:00:00,SO,charging,8.842105263170001,XY,MW
2050-06-25 00:00:00,CE,charging,7.91578947369,XY,MW
2050-06-26 01:00:00,NR,charging,9.40000000001,XY,MW
2050-06-27 02:00:00,SO,charging,7.42105263159,XY,MW
2050-06-28 03:00:00,CE,charging,7.578947368440001,XY,MW
2050-06-29 04:00:00,NR,charging,9.00000000002,XY,MW
2050-06-30 05:00:00,SO,charging,7.10526315791,XY,MW
2050-07-01 06:00:00,CE,charging,8.08421052633,XY,MW
2050-07-02 07:00:00,NR,charging,9.600000000009999,XY,MW
2050-07-03 08:00:00,SO,charging,7.57894736844,XY,MW
2050-07-04 09:00:00,CE,charging,7.073684210540001,XY,MW
2050-07-05 10:00:00,NR,charging,8.40000000001,XY,MW
2050-07-06 11:00:00,SO,charging,6.63157894738,XY,MW
2050-07-07 12:00:00,CE,charging,8.08421052633,XY,MW
2050-07-08 13:00:00,NR,charging,9.600000000009999,XY,MW
2050-07-09 14:00:00,SO,charging,7.57894736844,XY,MW
2050-07-10 15:00:00,CE,charging,7.073684210540001,XY,MW
2050-07-11 16:00:00,NR,charging,8.40000000001,XY,MW
2050-07-12 17:00:00,SO,charging,6.63157894738,XY,MW
2050-07-13 18:00:00,CE,charging,7.073684210540001,XY,MW
2050-07-14 19:00:00,NR,charging,8.40000000001,XY,MW
2050-07-15 20:00:00,SO,charging,6.63157894738,XY,MW
2050-07-16 21:00:00,CE,charging,5.72631578948,XY,MW
2050-07-17 22:00:00,NR,charging,6.80000000001,XY,MW
2050-07-18 23:00:00,SO,charging,5.3684210526400005,XY,MW
2050-07-20 00:00:00,CE,charging,4.04210526316,XY,MW
2050-07-21 01:00:00,NR,charging,4.80000000001,XY,MW
2050-07-22 02:00:00,SO,charging,3.78947368422,XY,MW
2050-07-23 03:00:00,CE,charging,1.178947368423,XY,MW
2050-07-24 04:00:00,NR,charging,1.400000000002,XY,MW
2050-07-25 05:00:00,SO,charging,1.105263157897,XY,MW
2050-07-26 06:00:00,CE,charging,4.54736842106,XY,MW
2050-07-27 07:00:00,NR,charging,5.4000000000099995,XY,MW
2050-07-28 08:00:00,SO,charging,4.26315789475,XY,MW
2050-07-29 09:00:00,CE,charging,4.04210526316,XY,MW
2050-07-30 10:00:00,NR,charging,4.80000000001,XY,MW
2050-07-31 11:00:00,SO,charging,3.78947368422,XY,MW
2050-08-01 12:00:00,CE,charging,7.4105263158,XY,MW
2050-08-02 13:00:00,NR,charging,8.800000000010002,XY,MW
2050-08-03 14:00:00,SO,charging,6.94736842107,XY,MW
2050-08-04 15:00:00,CE,charging,8.75789473685,XY,MW
2050-08-05 16:00:00,NR,charging,10.40000000002,XY,MW
2050-08-06 17:00:00,SO,charging,8.2105263158,XY,MW
2050-08-07 18:00:00,CE,charging,9.76842105264,XY,MW
2050-08-08 19:00:00,NR,charging,11.60000000002,XY,MW
2050-08-09 20:00:00,SO,charging,9.15789473686,XY,MW
2050-08-10 21:00:00,CE,charging,10.610526315800001,XY,MW
2050-08-11 22:00:00,NR,charging,12.60000000001,XY,MW
2050-08-12 23:00:00,SO,charging,9.94736842107,XY,MW
2050-08-14 00:00:00,CE,charging,11.115789473700001,XY,MW
2050-08-15 01:00:00,NR,charging,13.200000000020001,XY,MW
2050-08-16 02:00:00,SO,charging,10.4210526316,XY,MW
2050-08-17 03:00:00,CE,charging,12.80000000002,XY,MW
2050-08-18 04:00:00,NR,charging,15.20000000002,XY,MW
2050-08-19 05:00:00,SO,charging,12.00000000002,XY,MW
2050-08-20 06:00:00,CE,charging,14.14736842107,XY,MW
2050-08-21 07:00:00,NR,charging,16.800000000030003,XY,MW
2050-08-22 08:00:00,SO,charging,13.26315789476,XY,MW
2050-08-23 09:00:00,CE,charging,15.15789473686,XY,MW
2050-08-24 10:00:00,NR,charging,18.00000000003,XY,MW
2050-08-25 11:00:00,SO,charging,14.21052631582,XY,MW
2050-08-26 12:00:00,CE,charging,15.15789473686,XY,MW
2050-08-27 13:00:00,NR,charging,18.00000000003,XY,MW
2050-08-28 14:00:00,SO,charging,14.21052631582,XY,MW
2050-08-29 15:00:00,CE,charging,14.14736842107,XY,MW
2050-08-30 16:00:00,NR,charging,16.800000000030003,XY,MW
2050-08-31 17:00:00,SO,charging,13.26315789476,XY,MW
2050-09-01 18:00:00,CE,charging,12.12631578949,XY,MW
2050-09-02 19:00:00,NR,charging,14.40000000002,XY,MW
2050-09-03 20:00:00,SO,charging,11.36842105265,XY,MW
2050-09-04 21:00:00,CE,charging,12.294736842119999,XY,MW
2050-09-05 22:00:00,NR,charging,14.60000000002,XY,MW
2050-09-06 23:00:00,SO,charging,11.52631578949,XY,MW
2050-09-08 00:00:00,CE,charging,13.97894736843,XY,MW
2050-09-09 01:00:00,NR,charging,16.600000000019996,XY,MW
2050-09-10 02:00:00,SO,charging,13.105263157909999,XY,MW
2050-09-11 03:00:00,CE,charging,6.9052631579,XY,MW
2050-09-12 04:00:00,NR,charging,8.20000000001,XY,MW
2050-09-13 05:00:00,SO,charging,6.473684210529999,XY,MW
2050-09-14 06:00:00,CE,charging,7.578947368440001,XY,MW
2050-09-15 07:00:00,NR,charging,9.00000000002,XY,MW
2050-09-16 08:00:00,SO,charging,7.10526315791,XY,MW
2050-09-17 09:00:00,CE,charging,7.24210526316,XY,MW
2050-09-18 10:00:00,NR,charging,8.600000000009999,XY,MW
2050-09-19 11:00:00,SO,charging,6.78947368422,XY,MW
2050-09-20 12:00:00,CE,charging,5.557894736850001,XY,MW
2050-09-21 13:00:00,NR,charging,6.6000000000100005,XY,MW
2050-09-22 14:00:00,SO,charging,5.2105263158,XY,MW
2050-09-23 15:00:00,CE,charging,2.86315789475,XY,MW
2050-09-24 16:00:00,NR,charging,3.4000000000100004,XY,MW
2050-09-25 17:00:00,SO,charging,2.684210526326,XY,MW
2050-09-26 18:00:00,CE,charging,3.87368421054,XY,MW
2050-09-27 19:00:00,NR,charging,4.60000000001,XY,MW
2050-09-28 20:00:00,SO,charging,3.63157894738,XY,MW
2050-09-29 21:00:00,CE,charging,5.05263157895,XY,MW
2050-09-30 22:00:00,NR,charging,6.00000000001,XY,MW
2050-10-01 23:00:00,SO,charging,4.73684210527,XY,MW
2050-10-03 00:00:00,CE,charging,0.673684210527,XY,MW
2050-10-04 01:00:00,NR,charging,0.800000000001,XY,MW
2050-10-05 02:00:00,SO,charging,0.63157894737,XY,MW
2050-10-06 03:00:00,CE,charging,2.526315789472,XY,MW
2050-10-07 04:00:00,NR,charging,3.0,XY,MW
2050-10-08 05:00:00,SO,charging,2.3684210526309997,XY,MW
2050-10-09 06:00:00,CE,charging,3.36842105264,XY,MW
2050-10-10 07:00:00,NR,charging,4.00000000001,XY,MW
2050-10-11 08:00:00,SO,charging,3.15789473685,XY,MW
2050-10-12 09:00:00,CE,charging,4.04210526316,XY,MW
2050-10-13 10:00:00,NR,charging,4.80000000001,XY,MW
2050-10-14 11:00:00,SO,charging,3.78947368422,XY,MW
2050-10-15 12:00:00,CE,charging,4.21052631579,XY,MW
2050-10-16 13:00:00,NR,charging,5.0,XY,MW
2050-10-17 14:00:00,SO,charging,3.9473684210499997,XY,MW
2050-10-18 15:00:00,CE,charging,7.24210526316,XY,MW
2050-10-19 16:00:00,NR,charging,8.600000000009999,XY,MW
2050-10-20 17:00:00,SO,charging,6.78947368422,XY,MW
2050-10-21 18:00:00,CE,charging,7.073684210540001,XY,MW
2050-10-22 19:00:00,NR,charging,8.40000000001,XY,MW
2050-10-23 20:00:00,SO,charging,6.63157894738,XY,MW
2050-10-24 21:00:00,CE,charging,11.45263157896,XY,MW
2050-10-25 22:00:00,NR,charging,13.60000000002,XY,MW
2050-10-26 23:00:00,SO,charging,10.736842105280001,XY,MW
2050-10-28 00:00:00,CE,charging,12.63157894738,XY,MW
2050-10-29 01:00:00,NR,charging,15.00000000002,XY,MW
2050-10-30 02:00:00,SO,charging,11.842105263170001,XY,MW
2050-10-31 03:00:00,CE,charging,13.30526315792,XY,MW
2050-11-01 04:00:00,NR,charging,15.80000000003,XY,MW
2050-11-02 05:00:00,SO,charging,12.47368421055,XY,MW
2050-11-03 06:00:00,CE,charging,13.97894736843,XY,MW
2050-11-04 07:00:00,NR,charging,16.600000000019996,XY,MW
2050-11-05 08:00:00,SO,charging,13.105263157909999,XY,MW
2050-11-06 09:00:00,CE,charging,13.97894736843,XY,MW
2050-11-07 10:00:00,NR,charging,16.600000000019996,XY,MW
2050-11-08 11:00:00,SO,charging,13.105263157909999,XY,MW
2050-11-09 12:00:00,CE,charging,14.484210526330001,XY,MW
2050-11-10 13:00:00,NR,charging,17.200000000030002,XY,MW
2050-11-11 14:00:00,SO,charging,13.57894736845,XY,MW
2050-11-12 15:00:00,CE,charging,13.30526315792,XY,MW
2050-11-13 16:00:00,NR,charging,15.80000000003,XY,MW
2050-11-14 17:00:00,SO,charging,12.47368421055,XY,MW
2050-11-15 18:00:00,CE,charging,11.78947368423,XY,MW
2050-11-16 19:00:00,NR,charging,14.00000000002,XY,MW
2050-11-17 20:00:00,SO,charging,11.052631578969999,XY,MW
2050-11-18 21:00:00,CE,charging,8.92631578949,XY,MW
2050-11-19 22:00:00,NR,charging,10.60000000002,XY,MW
2050-11-20 23:00:00,SO,charging,8.36842105265,XY,MW
2050-11-22 00:00:00,CE,charging,7.4105263158,XY,MW
2050-11-23 01:00:00,NR,charging,8.800000000010002,XY,MW
2050-11-24 02:00:00,SO,charging,6.94736842107,XY,MW
2050-11-25 03:00:00,CE,charging,7.578947368440001,XY,MW
2050-11-26 04:00:00,NR,charging,9.00000000002,XY,MW
2050-11-27 05:00:00,SO,charging,7.10526315791,XY,MW
2050-11-28 06:00:00,CE,charging,8.25263157895,XY,MW
2050-11-29 07:00:00,NR,charging,9.800000000010002,XY,MW
2050-11-30 08:00:00,SO,charging,7.73684210527,XY,MW
2050-12-01 09:00:00,CE,charging,8.75789473685,XY,MW
2050-12-02 10:00:00,NR,charging,10.40000000002,XY,MW
2050-12-03 11:00:00,SO,charging,8.2105263158,XY,MW
2050-12-04 12:00:00,CE,charging,6.40000000001,XY,MW
2050-12-05 13:00:00,NR,charging,7.60000000001,XY,MW
2050-12-06 14:00:00,SO,charging,6.00000000001,XY,MW
2050-12-07 15:00:00,CE,charging,7.073684210540001,XY,MW
2050-12-08 16:00:00,NR,charging,8.40000000001,XY,MW
2050-12-09 17:00:00,SO,charging,6.63157894738,XY,MW
2050-12-10 18:00:00,CE,charging,6.06315789474,XY,MW
2050-12-11 19:00:00,NR,charging,7.20000000001,XY,MW
2050-12-12 20:00:00,SO,charging,5.68421052633,XY,MW
2050-12-13 21:00:00,CE,charging,4.54736842106,XY,MW
2050-12-14 22:00:00,NR,charging,5.4000000000099995,XY,MW
2050-12-15 23:00:00,SO,charging,4.26315789475,XY,MW
2050-12-17 00:00:00,CE,charging,0.505263157895,XY,MW
2050-12-18 01:00:00,NR,charging,0.600000000001,XY,MW
2050-12-19 02:00:00,SO,charging,0.473684210527,XY,MW
2050-12-20 03:00:00,CE,charging,3.53684210526,XY,MW
2050-12-21 04:00:00,NR,charging,4.2,XY,MW
2050-12-22 05:00:00,SO,charging,3.31578947369,XY,MW
2050-12-23 06:00:00,CE,charging,3.7052631579,XY,MW
2050-12-24 07:00:00,NR,charging,4.40000000001,XY,MW
2050-12-25 08:00:00,SO,charging,3.4736842105300005,XY,MW
2050-12-26 09:00:00,CE,charging,5.38947368422,XY,MW
2050-12-27 10:00:00,NR,charging,6.4000000000099995,XY,MW
2050-12-28 11:00:00,SO,charging,5.05263157896,XY,MW
2050-12-29 12:00:00,CE,charging,6.06315789474,XY,MW
2050-12-30 13:00:00,NR,charging,7.20000000001,XY,MW
2050-12-31 14:00:00,SO,charging,5.68421052633,XY,MW
2051-01-01 15:00:00,CE,charging,8.25263157895,XY,MW
2051-01-02 16:00:00,NR,charging,9.800000000010002,XY,MW
2051-01-03 17:00:00,SO,charging,7.73684210527,XY,MW
2051-01-04 18:00:00,CE,charging,9.09473684212,XY,MW
2051-01-05 19:00:00,NR,charging,10.800000000019999,XY,MW
2051-01-06 20:00:00,SO,charging,8.52631578949,XY,MW
2051-01-07 21:00:00,CE,charging,9.09473684212,XY,MW
2051-01-08 22:00:00,NR,charging,10.800000000019999,XY,MW
2051-01-09 23:00:00,SO,charging,8.52631578949,XY,MW
2051-01-11 00:00:00,CE,charging,11.115789473700001,XY,MW
2051-01-12 01:00:00,NR,charging,13.200000000020001,XY,MW
2051-01-13 02:00:00,SO,charging,10.4210526316,XY,MW
2051-01-14 03:00:00,CE,charging,12.463157894750001,XY,MW
2051-01-15 04:00:00,NR,charging,14.800000000019999,XY,MW
2051-01-16 05:00:00,SO,charging,11.68421052634,XY,MW
2051-01-17 06:00:00,CE,charging,14.484210526330001,XY,MW
2051-01-18 07:00:00,NR,charging,17.200000000030002,XY,MW
2051-01-19 08:00:00,SO,charging,13.57894736845,XY,MW
2051-01-20 09:00:00,CE,charging,14.8210526316,XY,MW
2051-01-21 10:00:00,NR,charging,17.60000000003,XY,MW
2051-01-22 11:00:00,SO,charging,13.894736842130001,XY,MW
2051-01-23 12:00:00,CE,charging,13.810526315810002,XY,MW
2051-01-24 13:00:00,NR,charging,16.40000000002,XY,MW
2051-01-25 14:00:00,SO,charging,12.94736842108,XY,MW
2051-01-26 15:00:00,CE,charging,14.8210526316,XY,MW
2051-01-27 16:00:00,NR,charging,17.60000000003,XY,MW
2051-01-28 17:00:00,SO,charging,13.894736842130001,XY,MW
2051-01-29 18:00:00,CE,charging,14.484210526330001,XY,MW
2051-01-30 19:00:00,NR,charging,17.200000000030002,XY,MW
2051-01-31 20:00:00,SO,charging,13.57894736845,XY,MW
2051-02-01 21:00:00,CE,charging,14.315789473699999,XY,MW
2051-02-02 22:00:00,NR,charging,17.000000000020002,XY,MW
2051-02-03 23:00:00,SO,charging,13.421052631599999,XY,MW
2051-02-05 00:00:00,CE,charging,6.40000000001,XY,MW
2051-02-06 01:00:00,NR,charging,7.60000000001,XY,MW
2051-02-07 02:00:00,SO,charging,6.00000000001,XY,MW
2051-02-08 03:00:00,CE,charging,6.9052631579,XY,MW
2051-02-09 04:00:00,NR,charging,8.20000000001,XY,MW
2051-02-10 05:00:00,SO,charging,6.473684210529999,XY,MW
2051-02-11 06:00:00,CE,charging,7.24210526316,XY,MW
2051-02-12 07:00:00,NR,charging,8.600000000009999,XY,MW
2051-02-13 08:00:00,SO,charging,6.78947368422,XY,MW
2051-02-14 09:00:00,CE,charging,7.073684210540001,XY,MW
2051-02-15 10:00:00,NR,charging,8.40000000001,XY,MW
2051-02-16 11:00:00,SO,charging,6.63157894738,XY,MW
2051-02-17 12:00:00,CE,charging,4.8842105263199995,XY,MW
2051-02-18 13:00:00,NR,charging,5.8,XY,MW
2051-02-19 14:00:00,SO,charging,4.57894736842,XY,MW
2051-02-20 15:00:00,CE,charging,3.53684210526,XY,MW
2051-02-21 16:00:00,NR,charging,4.2,XY,MW
2051-02-22 17:00:00,SO,charging,3.31578947369,XY,MW
2051-02-23 18:00:00,CE,charging,5.22105263158,XY,MW
2051-02-24 19:00:00,NR,charging,6.199999999999999,XY,MW
2051-02-25 20:00:00,SO,charging,4.8947368421099995,XY,MW
2051-02-26 21:00:00,CE,charging,3.7052631579,XY,MW
2051-02-27 22:00:00,NR,charging,4.40000000001,XY,MW
2051-02-28 23:00:00,SO,charging,3.4736842105300005,XY,MW
2051-03-02 00:00:00,CE,charging,3.87368421054,XY,MW
2051-03-03 01:00:00,NR,charging,4.60000000001,XY,MW
2051-03-04 02:00:00,SO,charging,3.63157894738,XY,MW
2051-03-05 03:00:00,CE,charging,3.7052631579,XY,MW
2051-03-06 04:00:00,NR,charging,4.40000000001,XY,MW
2051-03-07 05:00:00,SO,charging,3.4736842105300005,XY,MW
2051-03-08 06:00:00,CE,charging,3.03157894737,XY,MW
2051-03-09 07:00:00,NR,charging,3.6000000000099996,XY,MW
2051-03-10 08:00:00,SO,charging,2.842105263163,XY,MW
2051-03-11 09:00:00,CE,charging,2.86315789475,XY,MW
2051-03-12 10:00:00,NR,charging,3.4000000000100004,XY,MW
2051-03-13 11:00:00,SO,charging,2.684210526326,XY,MW
2051-03-14 12:00:00,CE,charging,7.073684210540001,XY,MW
2051-03-15 13:00:00,NR,charging,8.40000000001,XY,MW
2051-03-16 14:00:00,SO,charging,6.63157894738,XY,MW
2051-03-17 15:00:00,CE,charging,6.56842105265,XY,MW
2051-03-18 16:00:00,NR,charging,7.80000000002,XY,MW
2051-03-19 17:00:00,SO,charging,6.157894736859999,XY,MW
2051-03-20 18:00:00,CE,charging,10.27368421053,XY,MW
2051-03-21 19:00:00,NR,charging,12.20000000001,XY,MW
2051-03-22 20:00:00,SO,charging,9.63157894738,XY,MW
2051-03-23 21:00:00,CE,charging,11.28421052634,XY,MW
2051-03-24 22:00:00,NR,charging,13.40000000003,XY,MW
2051-03-25 23:00:00,SO,charging,10.578947368449999,XY,MW
2051-03-27 00:00:00,CE,charging,10.44210526317,XY,MW
2051-03-28 01:00:00,NR,charging,12.40000000002,XY,MW
2051-03-29 02:00:00,SO,charging,9.78947368423,XY,MW
2051-03-30 03:00:00,CE,charging,13.30526315792,XY,MW
2051-03-31 04:00:00,NR,charging,15.80000000003,XY,MW
2051-04-01 05:00:00,SO,charging,12.47368421055,XY,MW
2051-04-02 06:00:00,CE,charging,13.13684210528,XY,MW
2051-04-03 07:00:00,NR,charging,15.60000000002,XY,MW
2051-04-04 08:00:00,SO,charging,12.31578947371,XY,MW
2051-04-05 09:00:00,CE,charging,13.64210526318,XY,MW
2051-04-06 10:00:00,NR,charging,16.200000000030002,XY,MW
2051-04-07 11:00:00,SO,charging,12.78947368424,XY,MW
2051-04-08 12:00:00,CE,charging,13.810526315810002,XY,MW
2051-04-09 13:00:00,NR,charging,16.40000000002,XY,MW
2051-04-10 14:00:00,SO,charging,12.94736842108,XY,MW
2051-04-11 15:00:00,CE,charging,14.14736842107,XY,MW
2051-04-12 16:00:00,NR,charging,16.800000000030003,XY,MW
2051-04-13 17:00:00,SO,charging,13.26315789476,XY,MW
2051-04-14 18:00:00,CE,charging,11.78947368423,XY,MW
2051-04-15 19:00:00,NR,charging,14.00000000002,XY,MW
2051-04-16 20:00:00,SO,charging,11.052631578969999,XY,MW
2051-04-17 21:00:00,CE,charging,7.4105263158,XY,MW
2051-04-18 22:00:00,NR,charging,8.800000000010002,XY,MW
2051-04-19 23:00:00,SO,charging,6.94736842107,XY,MW
2051-04-21 00:00:00,CE,charging,9.09473684212,XY,MW
2051-04-22 01:00:00,NR,charging,10.800000000019999,XY,MW
2051-04-23 02:00:00,SO,charging,8.52631578949,XY,MW
2051-04-24 03:00:00,CE,charging,8.25263157895,XY,MW
2051-04-25 04:00:00,NR,charging,9.800000000010002,XY,MW
2051-04-26 05:00:00,SO,charging,7.73684210527,XY,MW
2051-04-27 06:00:00,CE,charging,9.76842105264,XY,MW
2051-04-28 07:00:00,NR,charging,11.60000000002,XY,MW
2051-04-29 08:00:00,SO,charging,9.15789473686,XY,MW
2051-04-30 09:00:00,CE,charging,10.105263157909999,XY,MW
2051-05-01 10:00:00,NR,charging,12.00000000002,XY,MW
2051-05-02 11:00:00,SO,charging,9.47368421054,XY,MW
2051-05-03 12:00:00,CE,charging,6.56842105265,XY,MW
2051-05-04 13:00:00,NR,charging,7.80000000002,XY,MW
2051-05-05 14:00:00,SO,charging,6.157894736859999,XY,MW
2051-05-06 15:00:00,CE,charging,7.4105263158,XY,MW
2051-05-07 16:00:00,NR,charging,8.800000000010002,XY,MW
2051-05-08 17:00:00,SO,charging,6.94736842107,XY,MW
2051-05-09 18:00:00,CE,charging,6.73684210527,XY,MW
2051-05-10 19:00:00,NR,charging,8.000000000010001,XY,MW
2051-05-11 20:00:00,SO,charging,6.3157894737,XY,MW
2051-05-12 21:00:00,CE,charging,5.72631578948,XY,MW
2051-05-13 22:00:00,NR,charging,6.80000000001,XY,MW
2051-05-14 23:00:00,SO,charging,5.3684210526400005,XY,MW
2051-05-16 00:00:00,CE,charging,1.852631578955,XY,MW
2051-05-17 01:00:00,NR,charging,2.20000000001,XY,MW
2051-05-18 02:00:00,SO,charging,1.7368421052710001,XY,MW
2051-05-19 03:00:00,CE,charging,4.21052631579,XY,MW
2051-05-20 04:00:00,NR,charging,5.0,XY,MW
2051-05-21 05:00:00,SO,charging,3.9473684210499997,XY,MW
2051-05-22 06:00:00,CE,charging,3.03157894737,XY,MW
2051-05-23 07:00:00,NR,charging,3.6000000000099996,XY,MW
2051-05-24 08:00:00,SO,charging,2.842105263163,XY,MW
2051-05-25 09:00:00,CE,charging,4.04210526316,XY,MW
2051-05-26 10:00:00,NR,charging,4.80000000001,XY,MW
2051-05-27 11:00:00,SO,charging,3.78947368422,XY,MW
2051-05-28 12:00:00,CE,charging,5.05263157895,XY,MW
2051-05-29 13:00:00,NR,charging,6.00000000001,XY,MW
2051-05-30 14:00:00,SO,charging,4.73684210527,XY,MW
2051-05-31 15:00:00,CE,charging,6.40000000001,XY,MW
2051-06-01 16:00:00,NR,charging,7.60000000001,XY,MW
2051-06-02 17:00:00,SO,charging,6.00000000001,XY,MW
2051-06-03 18:00:00,CE,charging,7.073684210540001,XY,MW
2051-06-04 19:00:00,NR,charging,8.40000000001,XY,MW
2051-06-05 20:00:00,SO,charging,6.63157894738,XY,MW
2051-06-06 21:00:00,CE,charging,7.24210526316,XY,MW
2051-06-07 22:00:00,NR,charging,8.600000000009999,XY,MW
2051-06-08 23:00:00,SO,charging,6.78947368422,XY,MW
2051-06-10 00:00:00,CE,charging,10.610526315800001,XY,MW
2051-06-11 01:00:00,NR,charging,12.60000000001,XY,MW
2051-06-12 02:00:00,SO,charging,9.94736842107,XY,MW
2051-06-13 03:00:00,CE,charging,10.77894736844,XY,MW
2051-06-14 04:00:00,NR,charging,12.800000000019999,XY,MW
2051-06-15 05:00:00,SO,charging,10.105263157909999,XY,MW
2051-06-16 06:00:00,CE,charging,13.64210526318,XY,MW
2051-06-17 07:00:00,NR,charging,16.200000000030002,XY,MW
2051-06-18 08:00:00,SO,charging,12.78947368424,XY,MW
2051-06-19 09:00:00,CE,charging,14.315789473699999,XY,MW
2051-06-20 10:00:00,NR,charging,17.000000000020002,XY,MW
2051-06-21 11:00:00,SO,charging,13.421052631599999,XY,MW
2051-06-22 12:00:00,CE,charging,14.8210526316,XY,MW
2051-06-23 13:00:00,NR,charging,17.60000000003,XY,MW
2051-06-24 14:00:00,SO,charging,13.894736842130001,XY,MW
2051-06-25 15:00:00,CE,charging,14.65263157896,XY,MW
2051-06-26 16:00:00,NR,charging,17.40000000002,XY,MW
2051-06-27 17:00:00,SO,charging,13.73684210528,XY,MW
2051-06-28 18:00:00,CE,charging,13.47368421054,XY,MW
2051-06-29 19:00:00,NR,charging,16.000000000020002,XY,MW
2051-06-30 20:00:00,SO,charging,12.63157894739,XY,MW
2051-07-01 21:00:00,CE,charging,13.97894736843,XY,MW
2051-07-02 22:00:00,NR,charging,16.600000000019996,XY,MW
2051-07-03 23:00:00,SO,charging,13.105263157909999,XY,MW
2051-07-05 00:00:00,CE,charging,8.25263157895,XY,MW
2051-07-06 01:00:00,NR,charging,9.800000000010002,XY,MW
2051-07-07 02:00:00,SO,charging,7.73684210527,XY,MW
2051-07-08 03:00:00,CE,charging,8.08421052633,XY,MW
2051-07-09 04:00:00,NR,charging,9.600000000009999,XY,MW
2051-07-10 05:00:00,SO,charging,7.57894736844,XY,MW
2051-07-11 06:00:00,CE,charging,7.578947368440001,XY,MW
2051-07-12 07:00:00,NR,charging,9.00000000002,XY,MW
2051-07-13 08:00:00,SO,charging,7.10526315791,XY,MW
2051-07-14 09:00:00,CE,charging,7.24210526316,XY,MW
2051-07-15 10:00:00,NR,charging,8.600000000009999,XY,MW
2051-07-16 11:00:00,SO,charging,6.78947368422,XY,MW
2051-07-17 12:00:00,CE,charging,6.56842105265,XY,MW
2051-07-18 13:00:00,NR,charging,7.80000000002,XY,MW
2051-07-19 14:00:00,SO,charging,6.157894736859999,XY,MW
2051-07-20 15:00:00,CE,charging,4.71578947369,XY,MW
2051-07-21 16:00:00,NR,charging,5.6000000000100005,XY,MW
2051-07-22 17:00:00,SO,charging,4.42105263159,XY,MW
2051-07-23 18:00:00,CE,charging,4.71578947369,XY,MW
2051-07-24 19:00:00,NR,charging,5.6000000000100005,XY,MW
2051-07-25 20:00:00,SO,charging,4.42105263159,XY,MW
2051-07-26 21:00:00,CE,charging,5.8947368421099995,XY,MW
2051-07-27 22:00:00,NR,charging,7.00000000001,XY,MW
2051-07-28 23:00:00,SO,charging,5.52631578948,XY,MW
2051-07-30 00:00:00,CE,charging,5.557894736850001,XY,MW
2051-07-31 01:00:00,NR,charging,6.6000000000100005,XY,MW
2051-08-01 02:00:00,SO,charging,5.2105263158,XY,MW
2051-08-02 03:00:00,CE,charging,4.21052631579,XY,MW
2051-08-03 04:00:00,NR,charging,5.0,XY,MW
2051-08-04 05:00:00,SO,charging,3.9473684210499997,XY,MW
2051-08-05 06:00:00,CE,charging,2.86315789475,XY,MW
2051-08-06 07:00:00,NR,charging,3.4000000000100004,XY,MW
2051-08-07 08:00:00,SO,charging,2.684210526326,XY,MW
2051-08-08 09:00:00,CE,charging,1.347368421054,XY,MW
2051-08-09 10:00:00,NR,charging,1.600000000002,XY,MW
2051-08-10 11:00:00,SO,charging,1.2631578947389999,XY,MW
2051-08-11 12:00:00,CE,charging,5.38947368422,XY,MW
2051-08-12 13:00:00,NR,charging,6.4000000000099995,XY,MW
2051-08-13 14:00:00,SO,charging,5.05263157896,XY,MW
2051-08-14 15:00:00,CE,charging,4.54736842106,XY,MW
2051-08-15 16:00:00,NR,charging,5.4000000000099995,XY,MW
2051-08-16 17:00:00,SO,charging,4.26315789475,XY,MW
2051-08-17 18:00:00,CE,charging,8.42105263159,XY,MW
2051-08-18 19:00:00,NR,charging,10.000000000010001,XY,MW
2051-08-19 20:00:00,SO,charging,7.89473684212,XY,MW
2051-08-20 21:00:00,CE,charging,9.600000000009999,XY,MW
2051-08-21 22:00:00,NR,charging,11.40000000001,XY,MW
2051-08-22 23:00:00,SO,charging,9.000000000010001,XY,MW
2051-08-24 00:00:00,CE,charging,10.610526315800001,XY,MW
2051-08-25 01:00:00,NR,charging,12.60000000001,XY,MW
2051-08-26 02:00:00,SO,charging,9.94736842107,XY,MW
2051-08-27 03:00:00,CE,charging,11.28421052634,XY,MW
2051-08-28 04:00:00,NR,charging,13.40000000003,XY,MW
2051-08-29 05:00:00,SO,charging,10.578947368449999,XY,MW
2051-08-30 06:00:00,CE,charging,10.77894736844,XY,MW
2051-08-31 07:00:00,NR,charging,12.800000000019999,XY,MW
2051-09-01 08:00:00,SO,charging,10.105263157909999,XY,MW
2051-09-02 09:00:00,CE,charging,12.463157894750001,XY,MW
2051-09-03 10:00:00,NR,charging,14.800000000019999,XY,MW
2051-09-04 11:00:00,SO,charging,11.68421052634,XY,MW
2051-09-05 12:00:00,CE,charging,13.47368421054,XY,MW
2051-09-06 13:00:00,NR,charging,16.000000000020002,XY,MW
2051-09-07 14:00:00,SO,charging,12.63157894739,XY,MW
2051-09-08 15:00:00,CE,charging,14.8210526316,XY,MW
2051-09-09 16:00:00,NR,charging,17.60000000003,XY,MW
2051-09-10 17:00:00,SO,charging,13.894736842130001,XY,MW
2051-09-11 18:00:00,CE,charging,13.97894736843,XY,MW
2051-09-12 19:00:00,NR,charging,16.600000000019996,XY,MW
2051-09-13 20:00:00,SO,charging,13.105263157909999,XY,MW
2051-09-14 21:00:00,CE,charging,11.78947368423,XY,MW
2051-09-15 22:00:00,NR,charging,14.00000000002,XY,MW
2051-09-16 23:00:00,SO,charging,11.052631578969999,XY,MW
2051-09-18 00:00:00,CE,charging,9.76842105264,XY,MW
2051-09-19 01:00:00,NR,charging,11.60000000002,XY,MW
2051-09-20 02:00:00,SO,charging,9.15789473686,XY,MW
2051-09-21 03:00:00,CE,charging,10.27368421053,XY,MW
2051-09-22 04:00:00,NR,charging,12.20000000001,XY,MW
2051-09-23 05:00:00,SO,charging,9.63157894738,XY,MW
2051-09-24 06:00:00,CE,charging,10.77894736844,XY,MW
2051-09-25 07:00:00,NR,charging,12.800000000019999,XY,MW
2051-09-26 08:00:00,SO,charging,10.105263157909999,XY,MW
2051-09-27 09:00:00,CE,charging,6.40000000001,XY,MW
2051-09-28 10:00:00,NR,charging,7.60000000001,XY,MW
2051-09-29 11:00:00,SO,charging,6.00000000001,XY,MW
2051-09-30 12:00:00,CE,charging,7.073684210540001,XY,MW
2051-10-01 13:00:00,NR,charging,8.40000000001,XY,MW
2051-10-02 14:00:00,SO,charging,6.63157894738,XY,MW
2051-10-03 15:00:00,CE,charging,6.56842105265,XY,MW
2051-10-04 16:00:00,NR,charging,7.80000000002,XY,MW
2051-10-05 17:00:00,SO,charging,6.157894736859999,XY,MW
2051-10-06 18:00:00,CE,charging,6.06315789474,XY,MW
2051-10-07 19:00:00,NR,charging,7.20000000001,XY,MW
2051-10-08 20:00:00,SO,charging,5.68421052633,XY,MW
2051-10-09 21:00:00,CE,charging,3.03157894737,XY,MW
2051-10-10 22:00:00,NR,charging,3.6000000000099996,XY,MW
2051-10-11 23:00:00,SO,charging,2.842105263163,XY,MW
2051-10-13 00:00:00,CE,charging,3.20000000001,XY,MW
2051-10-14 01:00:00,NR,charging,3.80000000001,XY,MW
2051-10-15 02:00:00,SO,charging,3.00000000001,XY,MW
2051-10-16 03:00:00,CE,charging,2.357894736845,XY,MW
2051-10-17 04:00:00,NR,charging,2.8,XY,MW
2051-10-18 05:00:00,SO,charging,2.210526315794,XY,MW
2051-10-19 06:00:00,CE,charging,3.7052631579,XY,MW
2051-10-20 07:00:00,NR,charging,4.40000000001,XY,MW
2051-10-21 08:00:00,SO,charging,3.4736842105300005,XY,MW
2051-10-22 09:00:00,CE,charging,4.21052631579,XY,MW
2051-10-23 10:00:00,NR,charging,5.0,XY,MW
2051-10-24 11:00:00,SO,charging,3.9473684210499997,XY,MW
2051-10-25 12:00:00,CE,charging,4.8842105263199995,XY,MW
2051-10-26 13:00:00,NR,charging,5.8,XY,MW
2051-10-27 14:00:00,SO,charging,4.57894736842,XY,MW
2051-10-28 15:00:00,CE,charging,5.557894736850001,XY,MW
2051-10-29 16:00:00,NR,charging,6.6000000000100005,XY,MW
2051-10-30 17:00:00,SO,charging,5.2105263158,XY,MW
2051-10-31 18:00:00,CE,charging,4.8842105263199995,XY,MW
2051-11-01 19:00:00,NR,charging,5.8,XY,MW
2051-11-02 20:00:00,SO,charging,4.57894736842,XY,MW
2051-11-03 21:00:00,CE,charging,8.08421052633,XY,MW
2051-11-04 22:00:00,NR,charging,9.600000000009999,XY,MW
2051-11-05 23:00:00,SO,charging,7.57894736844,XY,MW
2051-11-07 00:00:00,CE,charging,8.42105263159,XY,MW
2051-11-08 01:00:00,NR,charging,10.000000000010001,XY,MW
2051-11-09 02:00:00,SO,charging,7.89473684212,XY,MW
2051-11-10 03:00:00,CE,charging,12.294736842119999,XY,MW
2051-11-11 04:00:00,NR,charging,14.60000000002,XY,MW
2051-11-12 05:00:00,SO,charging,11.52631578949,XY,MW
2051-11-13 06:00:00,CE,charging,13.13684210528,XY,MW
2051-11-14 07:00:00,NR,charging,15.60000000002,XY,MW
2051-11-15 08:00:00,SO,charging,12.31578947371,XY,MW
2051-11-16 09:00:00,CE,charging,13.97894736843,XY,MW
2051-11-17 10:00:00,NR,charging,16.600000000019996,XY,MW
2051-11-18 11:00:00,SO,charging,13.105263157909999,XY,MW
2051-11-19 12:00:00,CE,charging,14.315789473699999,XY,MW
2051-11-20 13:00:00,NR,charging,17.000000000020002,XY,MW
2051-11-21 14:00:00,SO,charging,13.421052631599999,XY,MW
2051-11-22 15:00:00,CE,charging,13.64210526318,XY,MW
2051-11-23 16:00:00,NR,charging,16.200000000030002,XY,MW
2051-11-24 17:00:00,SO,charging,12.78947368424,XY,MW
2051-11-25 18:00:00,CE,charging,13.97894736843,XY,MW
2051-11-26 19:00:00,NR,charging,16.600000000019996,XY,MW
2051-11-27 20:00:00,SO,charging,13.105263157909999,XY,MW
2051-11-28 21:00:00,CE,charging,10.77894736844,XY,MW
2051-11-29 22:00:00,NR,charging,12.800000000019999,XY,MW
2051-11-30 23:00:00,SO,charging,10.105263157909999,XY,MW
2051-12-02 00:00:00,CE,charging,9.26315789475,XY,MW
2051-12-03 01:00:00,NR,charging,11.00000000002,XY,MW
2051-12-04 02:00:00,SO,charging,8.68421052634,XY,MW
2051-12-05 03:00:00,CE,charging,7.91578947369,XY,MW
2051-12-06 04:00:00,NR,charging,9.40000000001,XY,MW
2051-12-07 05:00:00,SO,charging,7.42105263159,XY,MW
2051-12-08 06:00:00,CE,charging,7.24210526316,XY,MW
2051-12-09 07:00:00,NR,charging,8.600000000009999,XY,MW
2051-12-10 08:00:00,SO,charging,6.78947368422,XY,MW
2051-12-11 09:00:00,CE,charging,7.073684210540001,XY,MW
2051-12-12 10:00:00,NR,charging,8.40000000001,XY,MW
2051-12-13 11:00:00,SO,charging,6.63157894738,XY,MW
2051-12-14 12:00:00,CE,charging,5.557894736850001,XY,MW
2051-12-15 13:00:00,NR,charging,6.6000000000100005,XY,MW
2051-12-16 14:00:00,SO,charging,5.2105263158,XY,MW
2051-12-17 15:00:00,CE,charging,5.38947368422,XY,MW
2051-12-18 16:00:00,NR,charging,6.4000000000099995,XY,MW
2051-12-19 17:00:00,SO,charging,5.05263157896,XY,MW
2051-12-20 18:00:00,CE,charging,6.06315789474,XY,MW
2051-12-21 19:00:00,NR,charging,7.20000000001,XY,MW
2051-12-22 20:00:00,SO,charging,5.68421052633,XY,MW
2051-12-23 21:00:00,CE,charging,6.23157894737,XY,MW
2051-12-24 22:00:00,NR,charging,7.4000000000099995,XY,MW
2051-12-25 23:00:00,SO,charging,5.842105263160001,XY,MW
2051-12-27 00:00:00,CE,charging,5.05263157895,XY,MW
2051-12-28 01:00:00,NR,charging,6.00000000001,XY,MW
2051-12-29 02:00:00,SO,charging,4.73684210527,XY,MW
2051-12-30 03:00:00,CE,charging,3.36842105264,XY,MW
2051-12-31 04:00:00,NR,charging,4.00000000001,XY,MW
2052-01-01 05:00:00,SO,charging,3.15789473685,XY,MW
2052-01-02 06:00:00,CE,charging,0.673684210527,XY,MW
2052-01-03 07:00:00,NR,charging,0.800000000001,XY,MW
2052-01-04 08:00:00,SO,charging,0.63157894737,XY,MW
2052-01-05 09:00:00,CE,charging,3.53684210526,XY,MW
2052-01-06 10:00:00,NR,charging,4.2,XY,MW
2052-01-07 11:00:00,SO,charging,3.31578947369,XY,MW
2052-01-08 12:00:00,CE,charging,2.021052631582,XY,MW
2052-01-09 13:00:00,NR,charging,2.4,XY,MW
2052-01-10 14:00:00,SO,charging,1.8947368421089998,XY,MW
2052-01-11 15:00:00,CE,charging,6.9052631579,XY,MW
2052-01-12 16:00:00,NR,charging,8.20000000001,XY,MW
2052-01-13 17:00:00,SO,charging,6.473684210529999,XY,MW
2052-01-14 18:00:00,CE,charging,8.25263157895,XY,MW
2052-01-15 19:00:00,NR,charging,9.800000000010002,XY,MW
2052-01-16 20:00:00,SO,charging,7.73684210527,XY,MW
2052-01-17 21:00:00,CE,charging,9.26315789475,XY,MW
2052-01-18 22:00:00,NR,charging,11.00000000002,XY,MW
2052-01-19 23:00:00,SO,charging,8.68421052634,XY,MW
2052-01-21 00:00:00,CE,charging,10.105263157909999,XY,MW
2052-01-22 01:00:00,NR,charging,12.00000000002,XY,MW
2052-01-23 02:00:00,SO,charging,9.47368421054,XY,MW
2052-01-24 03:00:00,CE,charging,10.27368421053,XY,MW
2052-01-25 04:00:00,NR,charging,12.20000000001,XY,MW
2052-01-26 05:00:00,SO,charging,9.63157894738,XY,MW
2052-01-27 06:00:00,CE,charging,11.78947368423,XY,MW
2052-01-28 07:00:00,NR,charging,14.00000000002,XY,MW
2052-01-29 08:00:00,SO,charging,11.052631578969999,XY,MW
2052-01-30 09:00:00,CE,charging,13.13684210528,XY,MW
2052-01-31 10:00:00,NR,charging,15.60000000002,XY,MW
2052-02-01 11:00:00,SO,charging,12.31578947371,XY,MW
2052-02-02 12:00:00,CE,charging,14.98947368424,XY,MW
2052-02-03 13:00:00,NR,charging,17.80000000003,XY,MW
2052-02-04 14:00:00,SO,charging,14.052631578980002,XY,MW
2052-02-05 15:00:00,CE,charging,14.98947368424,XY,MW
2052-02-06 16:00:00,NR,charging,17.80000000003,XY,MW
2052-02-07 17:00:00,SO,charging,14.052631578980002,XY,MW
2052-02-08 18:00:00,CE,charging,14.14736842107,XY,MW
2052-02-09 19:00:00,NR,charging,16.800000000030003,XY,MW
2052-02-10 20:00:00,SO,charging,13.26315789476,XY,MW
2052-02-11 21:00:00,CE,charging,11.957894736850001,XY,MW
2052-02-12 22:00:00,NR,charging,14.200000000020001,XY,MW
2052-02-13 23:00:00,SO,charging,11.21052631581,XY,MW
2052-02-15 00:00:00,CE,charging,12.96842105265,XY,MW
2052-02-16 01:00:00,NR,charging,15.40000000003,XY,MW
2052-02-17 02:00:00,SO,charging,12.157894736869999,XY,MW
2052-02-18 03:00:00,CE,charging,13.30526315792,XY,MW
2052-02-19 04:00:00,NR,charging,15.80000000003,XY,MW
2052-02-20 05:00:00,SO,charging,12.47368421055,XY,MW
2052-02-21 06:00:00,CE,charging,6.40000000001,XY,MW
2052-02-22 07:00:00,NR,charging,7.60000000001,XY,MW
2052-02-23 08:00:00,SO,charging,6.00000000001,XY,MW
2052-02-24 09:00:00,CE,charging,7.24210526316,XY,MW
2052-02-25 10:00:00,NR,charging,8.600000000009999,XY,MW
2052-02-26 11:00:00,SO,charging,6.78947368422,XY,MW
2052-02-27 12:00:00,CE,charging,7.24210526316,XY,MW
2052-02-28 13:00:00,NR,charging,8.600000000009999,XY,MW
2052-02-29 14:00:00,SO,charging,6.78947368422,XY,MW
2052-03-01 15:00:00,CE,charging,6.9052631579,XY,MW
2052-03-02 16:00:00,NR,charging,8.20000000001,XY,MW
2052-03-03 17:00:00,SO,charging,6.473684210529999,XY,MW
2052-03-04 18:00:00,CE,charging,4.21052631579,XY,MW
2052-03-05 19:00:00,NR,charging,5.0,XY,MW
2052-03-06 20:00:00,SO,charging,3.9473684210499997,XY,MW
2052-03-07 21:00:00,CE,charging,3.7052631579,XY,MW
2052-03-08 22:00:00,NR,charging,4.40000000001,XY,MW
2052-03-09 23:00:00,SO,charging,3.4736842105300005,XY,MW
2052-03-11 00:00:00,CE,charging,3.53684210526,XY,MW
2052-03-12 01:00:00,NR,charging,4.2,XY,MW
2052-03-13 02:00:00,SO,charging,3.31578947369,XY,MW
2052-03-14 03:00:00,CE,charging,4.21052631579,XY,MW
2052-03-15 04:00:00,NR,charging,5.0,XY,MW
2052-03-16 05:00:00,SO,charging,3.9473684210499997,XY,MW
2052-03-17 06:00:00,CE,charging,3.36842105264,XY,MW
2052-03-18 07:00:00,NR,charging,4.00000000001,XY,MW
2052-03-19 08:00:00,SO,charging,3.15789473685,XY,MW
2052-03-20 09:00:00,CE,charging,3.20000000001,XY,MW
2052-03-21 10:00:00,NR,charging,3.80000000001,XY,MW
2052-03-22 11:00:00,SO,charging,3.00000000001,XY,MW
2052-03-23 12:00:00,CE,charging,3.53684210526,XY,MW
2052-03-24 13:00:00,NR,charging,4.2,XY,MW
2052-03-25 14:00:00,SO,charging,3.31578947369,XY,MW
2052-03-26 15:00:00,CE,charging,3.20000000001,XY,MW
2052-03-27 16:00:00,NR,charging,3.80000000001,XY,MW
2052-03-28 17:00:00,SO,charging,3.00000000001,XY,MW
2052-03-29 18:00:00,CE,charging,7.4105263158,XY,MW
2052-03-30 19:00:00,NR,charging,8.800000000010002,XY,MW
2052-03-31 20:00:00,SO,charging,6.94736842107,XY,MW
2052-04-01 21:00:00,CE,charging,7.24210526316,XY,MW
2052-04-02 22:00:00,NR,charging,8.600000000009999,XY,MW
2052-04-03 23:00:00,SO,charging,6.78947368422,XY,MW
2052-04-05 00:00:00,CE,charging,11.78947368423,XY,MW
2052-04-06 01:00:00,NR,charging,14.00000000002,XY,MW
2052-04-07 02:00:00,SO,charging,11.052631578969999,XY,MW
2052-04-08 03:00:00,CE,charging,11.45263157896,XY,MW
2052-04-09 04:00:00,NR,charging,13.60000000002,XY,MW
2052-04-10 05:00:00,SO,charging,10.736842105280001,XY,MW
2052-04-11 06:00:00,CE,charging,13.64210526318,XY,MW
2052-04-12 07:00:00,NR,charging,16.200000000030002,XY,MW
2052-04-13 08:00:00,SO,charging,12.78947368424,XY,MW
2052-04-14 09:00:00,CE,charging,14.14736842107,XY,MW
2052-04-15 10:00:00,NR,charging,16.800000000030003,XY,MW
2052-04-16 11:00:00,SO,charging,13.26315789476,XY,MW
2052-04-17 12:00:00,CE,charging,13.97894736843,XY,MW
2052-04-18 13:00:00,NR,charging,16.600000000019996,XY,MW
2052-04-19 14:00:00,SO,charging,13.105263157909999,XY,MW
2052-04-20 15:00:00,CE,charging,14.315789473699999,XY,MW
2052-04-21 16:00:00,NR,charging,17.000000000020002,XY,MW
2052-04-22 17:00:00,SO,charging,13.421052631599999,XY,MW
2052-04-23 18:00:00,CE,charging,13.13684210528,XY,MW
2052-04-24 19:00:00,NR,charging,15.60000000002,XY,MW
2052-04-25 20:00:00,SO,charging,12.31578947371,XY,MW
2052-04-26 21:00:00,CE,charging,11.957894736850001,XY,MW
2052-04-27 22:00:00,NR,charging,14.200000000020001,XY,MW
2052-04-28 23:00:00,SO,charging,11.21052631581,XY,MW
2052-04-30 00:00:00,CE,charging,9.600000000009999,XY,MW
2052-05-01 01:00:00,NR,charging,11.40000000001,XY,MW
2052-05-02 02:00:00,SO,charging,9.000000000010001,XY,MW
2052-05-03 03:00:00,CE,charging,8.08421052633,XY,MW
2052-05-04 04:00:00,NR,charging,9.600000000009999,XY,MW
2052-05-05 05:00:00,SO,charging,7.57894736844,XY,MW
2052-05-06 06:00:00,CE,charging,8.08421052633,XY,MW
2052-05-07 07:00:00,NR,charging,9.600000000009999,XY,MW
2052-05-08 08:00:00,SO,charging,7.57894736844,XY,MW
2052-05-09 09:00:00,CE,charging,7.4105263158,XY,MW
2052-05-10 10:00:00,NR,charging,8.800000000010002,XY,MW
2052-05-11 11:00:00,SO,charging,6.94736842107,XY,MW
2052-05-12 12:00:00,CE,charging,7.578947368440001,XY,MW
2052-05-13 13:00:00,NR,charging,9.00000000002,XY,MW
2052-05-14 14:00:00,SO,charging,7.10526315791,XY,MW
2052-05-15 15:00:00,CE,charging,6.40000000001,XY,MW
2052-05-16 16:00:00,NR,charging,7.60000000001,XY,MW
2052-05-17 17:00:00,SO,charging,6.00000000001,XY,MW
2052-05-18 18:00:00,CE,charging,7.073684210540001,XY,MW
2052-05-19 19:00:00,NR,charging,8.40000000001,XY,MW
2052-05-20 20:00:00,SO,charging,6.63157894738,XY,MW
2052-05-21 21:00:00,CE,charging,6.06315789474,XY,MW
2052-05-22 22:00:00,NR,charging,7.20000000001,XY,MW
2052-05-23 23:00:00,SO,charging,5.68421052633,XY,MW
2052-05-25 00:00:00,CE,charging,4.71578947369,XY,MW
2052-05-26 01:00:00,NR,charging,5.6000000000100005,XY,MW
2052-05-27 02:00:00,SO,charging,4.42105263159,XY,MW
2052-05-28 03:00:00,CE,charging,1.178947368423,XY,MW
2052-05-29 04:00:00,NR,charging,1.400000000002,XY,MW
2052-05-30 05:00:00,SO,charging,1.105263157897,XY,MW
2052-05-31 06:00:00,CE,charging,3.87368421054,XY,MW
2052-06-01 07:00:00,NR,charging,4.60000000001,XY,MW
2052-06-02 08:00:00,SO,charging,3.63157894738,XY,MW
2052-06-03 09:00:00,CE,charging,1.515789473686,XY,MW
2052-06-04 10:00:00,NR,charging,1.800000000003,XY,MW
2052-06-05 11:00:00,SO,charging,1.421052631582,XY,MW
2052-06-06 12:00:00,CE,charging,5.38947368422,XY,MW
2052-06-07 13:00:00,NR,charging,6.4000000000099995,XY,MW
2052-06-08 14:00:00,SO,charging,5.05263157896,XY,MW
2052-06-09 15:00:00,CE,charging,6.9052631579,XY,MW
2052-06-10 16:00:00,NR,charging,8.20000000001,XY,MW
2052-06-11 17:00:00,SO,charging,6.473684210529999,XY,MW
2052-06-12 18:00:00,CE,charging,8.08421052633,XY,MW
2052-06-13 19:00:00,NR,charging,9.600000000009999,XY,MW
2052-06-14 20:00:00,SO,charging,7.57894736844,XY,MW
2052-06-15 21:00:00,CE,charging,8.58947368423,XY,MW
2052-06-16 22:00:00,NR,charging,10.20000000002,XY,MW
2052-06-17 23:00:00,SO,charging,8.052631578969999,XY,MW
2052-06-19 00:00:00,CE,charging,8.92631578949,XY,MW
2052-06-20 01:00:00,NR,charging,10.60000000002,XY,MW
2052-06-21 02:00:00,SO,charging,8.36842105265,XY,MW
2052-06-22 03:00:00,CE,charging,11.28421052634,XY,MW
2052-06-23 04:00:00,NR,charging,13.40000000003,XY,MW
2052-06-24 05:00:00,SO,charging,10.578947368449999,XY,MW
2052-06-25 06:00:00,CE,charging,13.13684210528,XY,MW
2052-06-26 07:00:00,NR,charging,15.60000000002,XY,MW
2052-06-27 08:00:00,SO,charging,12.31578947371,XY,MW
2052-06-28 09:00:00,CE,charging,14.65263157896,XY,MW
2052-06-29 10:00:00,NR,charging,17.40000000002,XY,MW
2052-06-30 11:00:00,SO,charging,13.73684210528,XY,MW
2052-07-01 12:00:00,CE,charging,14.8210526316,XY,MW
2052-07-02 13:00:00,NR,charging,17.60000000003,XY,MW
2052-07-03 14:00:00,SO,charging,13.894736842130001,XY,MW
2052-07-04 15:00:00,CE,charging,14.484210526330001,XY,MW
2052-07-05 16:00:00,NR,charging,17.200000000030002,XY,MW
2052-07-06 17:00:00,SO,charging,13.57894736845,XY,MW
2052-07-07 18:00:00,CE,charging,14.65263157896,XY,MW
2052-07-08 19:00:00,NR,charging,17.40000000002,XY,MW
2052-07-09 20:00:00,SO,charging,13.73684210528,XY,MW
2052-07-10 21:00:00,CE,charging,14.65263157896,XY,MW
2052-07-11 22:00:00,NR,charging,17.40000000002,XY,MW
2052-07-12 23:00:00,SO,charging,13.73684210528,XY,MW
2052-07-14 00:00:00,CE,charging,14.8210526316,XY,MW
2052-07-15 01:00:00,NR,charging,17.60000000003,XY,MW
2052-07-16 02:00:00,SO,charging,13.894736842130001,XY,MW
2052-07-17 03:00:00,CE,charging,6.56842105265,XY,MW
2052-07-18 04:00:00,NR,charging,7.80000000002,XY,MW
2052-07-19 05:00:00,SO,charging,6.157894736859999,XY,MW
2052-07-20 06:00:00,CE,charging,7.24210526316,XY,MW
2052-07-21 07:00:00,NR,charging,8.600000000009999,XY,MW
2052-07-22 08:00:00,SO,charging,6.78947368422,XY,MW
2052-07-23 09:00:00,CE,charging,7.578947368440001,XY,MW
2052-07-24 10:00:00,NR,charging,9.00000000002,XY,MW
2052-07-25 11:00:00,SO,charging,7.10526315791,XY,MW
2052-07-26 12:00:00,CE,charging,7.578947368440001,XY,MW
2052-07-27 13:00:00,NR,charging,9.00000000002,XY,MW
2052-07-28 14:00:00,SO,charging,7.10526315791,XY,MW
2052-07-29 15:00:00,CE,charging,6.23157894737,XY,MW
2052-07-30 16:00:00,NR,charging,7.4000000000099995,XY,MW
2052-07-31 17:00:00,SO,charging,5.842105263160001,XY,MW
2052-08-01 18:00:00,CE,charging,5.8947368421099995,XY,MW
2052-08-02 19:00:00,NR,charging,7.00000000001,XY,MW
2052-08-03 20:00:00,SO,charging,5.52631578948,XY,MW
2052-08-04 21:00:00,CE,charging,5.72631578948,XY,MW
2052-08-05 22:00:00,NR,charging,6.80000000001,XY,MW
2052-08-06 23:00:00,SO,charging,5.3684210526400005,XY,MW
2052-08-08 00:00:00,CE,charging,5.557894736850001,XY,MW
2052-08-09 01:00:00,NR,charging,6.6000000000100005,XY,MW
2052-08-10 02:00:00,SO,charging,5.2105263158,XY,MW
2052-08-11 03:00:00,CE,charging,4.71578947369,XY,MW
2052-08-12 04:00:00,NR,charging,5.6000000000100005,XY,MW
2052-08-13 05:00:00,SO,charging,4.42105263159,XY,MW
2052-08-14 06:00:00,CE,charging,3.53684210526,XY,MW
2052-08-15 07:00:00,NR,charging,4.2,XY,MW
2052-08-16 08:00:00,SO,charging,3.31578947369,XY,MW
2052-08-17 09:00:00,CE,charging,3.03157894737,XY,MW
2052-08-18 10:00:00,NR,charging,3.6000000000099996,XY,MW
2052-08-19 11:00:00,SO,charging,2.842105263163,XY,MW
2052-08-20 12:00:00,CE,charging,2.69473684211,XY,MW
2052-08-21 13:00:00,NR,charging,3.2,XY,MW
2052-08-22 14:00:00,SO,charging,2.5263157894779997,XY,MW
2052-08-23 15:00:00,CE,charging,7.578947368440001,XY,MW
2052-08-24 16:00:00,NR,charging,9.00000000002,XY,MW
2052-08-25 17:00:00,SO,charging,7.10526315791,XY,MW
2052-08-26 18:00:00,CE,charging,7.073684210540001,XY,MW
2052-08-27 19:00:00,NR,charging,8.40000000001,XY,MW
2052-08-28 20:00:00,SO,charging,6.63157894738,XY,MW
2052-08-29 21:00:00,CE,charging,10.610526315800001,XY,MW
2052-08-30 22:00:00,NR,charging,12.60000000001,XY,MW
2052-08-31 23:00:00,SO,charging,9.94736842107,XY,MW
2052-09-02 00:00:00,CE,charging,11.62105263159,XY,MW
2052-09-03 01:00:00,NR,charging,13.800000000019999,XY,MW
2052-09-04 02:00:00,SO,charging,10.89473684212,XY,MW
2052-09-05 03:00:00,CE,charging,12.80000000002,XY,MW
2052-09-06 04:00:00,NR,charging,15.20000000002,XY,MW
2052-09-07 05:00:00,SO,charging,12.00000000002,XY,MW
2052-09-08 06:00:00,CE,charging,13.30526315792,XY,MW
2052-09-09 07:00:00,NR,charging,15.80000000003,XY,MW
2052-09-10 08:00:00,SO,charging,12.47368421055,XY,MW
2052-09-11 09:00:00,CE,charging,13.30526315792,XY,MW
2052-09-12 10:00:00,NR,charging,15.80000000003,XY,MW
2052-09-13 11:00:00,SO,charging,12.47368421055,XY,MW
2052-09-14 12:00:00,CE,charging,14.315789473699999,XY,MW
2052-09-15 13:00:00,NR,charging,17.000000000020002,XY,MW
2052-09-16 14:00:00,SO,charging,13.421052631599999,XY,MW
2052-09-17 15:00:00,CE,charging,14.8210526316,XY,MW
2052-09-18 16:00:00,NR,charging,17.60000000003,XY,MW
2052-09-19 17:00:00,SO,charging,13.894736842130001,XY,MW
2052-09-20 18:00:00,CE,charging,14.315789473699999,XY,MW
2052-09-21 19:00:00,NR,charging,17.000000000020002,XY,MW
2052-09-22 20:00:00,SO,charging,13.421052631599999,XY,MW
2052-09-23 21:00:00,CE,charging,11.957894736850001,XY,MW
2052-09-24 22:00:00,NR,charging,14.200000000020001,XY,MW
2052-09-25 23:00:00,SO,charging,11.21052631581,XY,MW
2052-09-27 00:00:00,CE,charging,9.43157894738,XY,MW
2052-09-28 01:00:00,NR,charging,11.200000000020001,XY,MW
2052-09-29 02:00:00,SO,charging,8.842105263170001,XY,MW
2052-09-30 03:00:00,CE,charging,8.58947368423,XY,MW
2052-10-01 04:00:00,NR,charging,10.20000000002,XY,MW
2052-10-02 05:00:00,SO,charging,8.052631578969999,XY,MW
2052-10-03 06:00:00,CE,charging,10.77894736844,XY,MW
2052-10-04 07:00:00,NR,charging,12.800000000019999,XY,MW
2052-10-05 08:00:00,SO,charging,10.105263157909999,XY,MW
2052-10-06 09:00:00,CE,charging,11.957894736850001,XY,MW
2052-10-07 10:00:00,NR,charging,14.200000000020001,XY,MW
2052-10-08 11:00:00,SO,charging,11.21052631581,XY,MW
2052-10-09 12:00:00,CE,charging,6.73684210527,XY,MW
2052-10-10 13:00:00,NR,charging,8.000000000010001,XY,MW
2052-10-11 14:00:00,SO,charging,6.3157894737,XY,MW
2052-10-12 15:00:00,CE,charging,7.578947368440001,XY,MW
2052-10-13 16:00:00,NR,charging,9.00000000002,XY,MW
2052-10-14 17:00:00,SO,charging,7.10526315791,XY,MW
2052-10-15 18:00:00,CE,charging,7.073684210540001,XY,MW
2052-10-16 19:00:00,NR,charging,8.40000000001,XY,MW
2052-10-17 20:00:00,SO,charging,6.63157894738,XY,MW
2052-10-18 21:00:00,CE,charging,6.06315789474,XY,MW
2052-10-19 22:00:00,NR,charging,7.20000000001,XY,MW
2052-10-20 23:00:00,SO,charging,5.68421052633,XY,MW
2052-10-22 00:00:00,CE,charging,2.189473684218,XY,MW
2052-10-23 01:00:00,NR,charging,2.60000000001,XY,MW
2052-10-24 02:00:00,SO,charging,2.052631578956,XY,MW
2052-10-25 03:00:00,CE,charging,4.8842105263199995,XY,MW
2052-10-26 04:00:00,NR,charging,5.8,XY,MW
2052-10-27 05:00:00,SO,charging,4.57894736842,XY,MW
2052-10-28 06:00:00,CE,charging,3.53684210526,XY,MW
2052-10-29 07:00:00,NR,charging,4.2,XY,MW
2052-10-30 08:00:00,SO,charging,3.31578947369,XY,MW
2052-10-31 09:00:00,CE,charging,4.21052631579,XY,MW
2052-11-01 10:00:00,NR,charging,5.0,XY,MW
2052-11-02 11:00:00,SO,charging,3.9473684210499997,XY,MW
2052-11-03 12:00:00,CE,charging,5.557894736850001,XY,MW
2052-11-04 13:00:00,NR,charging,6.6000000000100005,XY,MW
2052-11-05 14:00:00,SO,charging,5.2105263158,XY,MW
2052-11-06 15:00:00,CE,charging,6.9052631579,XY,MW
2052-11-07 16:00:00,NR,charging,8.20000000001,XY,MW
2052-11-08 17:00:00,SO,charging,6.473684210529999,XY,MW
2052-11-09 18:00:00,CE,charging,7.747368421059999,XY,MW
2052-11-10 19:00:00,NR,charging,9.20000000001,XY,MW
2052-11-11 20:00:00,SO,charging,7.26315789475,XY,MW
2052-11-12 21:00:00,CE,charging,8.25263157895,XY,MW
2052-11-13 22:00:00,NR,charging,9.800000000010002,XY,MW
2052-11-14 23:00:00,SO,charging,7.73684210527,XY,MW
2052-11-16 00:00:00,CE,charging,10.44210526317,XY,MW
2052-11-17 01:00:00,NR,charging,12.40000000002,XY,MW
2052-11-18 02:00:00,SO,charging,9.78947368423,XY,MW
2052-11-19 03:00:00,CE,charging,12.63157894738,XY,MW
2052-11-20 04:00:00,NR,charging,15.00000000002,XY,MW
2052-11-21 05:00:00,SO,charging,11.842105263170001,XY,MW
2052-11-22 06:00:00,CE,charging,13.97894736843,XY,MW
2052-11-23 07:00:00,NR,charging,16.600000000019996,XY,MW
2052-11-24 08:00:00,SO,charging,13.105263157909999,XY,MW
2052-11-25 09:00:00,CE,charging,14.315789473699999,XY,MW
2052-11-26 10:00:00,NR,charging,17.000000000020002,XY,MW
2052-11-27 11:00:00,SO,charging,13.421052631599999,XY,MW
2052-11-28 12:00:00,CE,charging,14.484210526330001,XY,MW
2052-11-29 13:00:00,NR,charging,17.200000000030002,XY,MW
2052-11-30 14:00:00,SO,charging,13.57894736845,XY,MW
2052-12-01 15:00:00,CE,charging,14.315789473699999,XY,MW
2052-12-02 16:00:00,NR,charging,17.000000000020002,XY,MW
2052-12-03 17:00:00,SO,charging,13.421052631599999,XY,MW
2052-12-04 18:00:00,CE,charging,13.13684210528,XY,MW
2052-12-05 19:00:00,NR,charging,15.60000000002,XY,MW
2052-12-06 20:00:00,SO,charging,12.31578947371,XY,MW
2052-12-07 21:00:00,CE,charging,14.65263157896,XY,MW
2052-12-08 22:00:00,NR,charging,17.40000000002,XY,MW
2052-12-09 23:00:00,SO,charging,13.73684210528,XY,MW
2052-12-11 00:00:00,CE,charging,14.8210526316,XY,MW
2052-12-12 01:00:00,NR,charging,17.60000000003,XY,MW
2052-12-13 02:00:00,SO,charging,13.894736842130001,XY,MW
2052-12-14 03:00:00,CE,charging,14.98947368424,XY,MW
2052-12-15 04:00:00,NR,charging,17.80000000003,XY,MW
2052-12-16 05:00:00,SO,charging,14.052631578980002,XY,MW
2052-12-17 06:00:00,CE,charging,12.80000000002,XY,MW
2052-12-18 07:00:00,NR,charging,15.20000000002,XY,MW
2052-12-19 08:00:00,SO,charging,12.00000000002,XY,MW
2052-12-20 09:00:00,CE,charging,8.58947368423,XY,MW
2052-12-21 10:00:00,NR,charging,10.20000000002,XY,MW
2052-12-22 11:00:00,SO,charging,8.052631578969999,XY,MW
2052-12-23 12:00:00,CE,charging,7.24210526316,XY,MW
2052-12-24 13:00:00,NR,charging,8.600000000009999,XY,MW
2052-12-25 14:00:00,SO,charging,6.78947368422,XY,MW
2052-12-26 15:00:00,CE,charging,5.22105263158,XY,MW
2052-12-27 16:00:00,NR,charging,6.199999999999999,XY,MW
2052-12-28 17:00:00,SO,charging,4.8947368421099995,XY,MW
2052-12-29 18:00:00,CE,charging,6.40000000001,XY,MW
2052-12-30 19:00:00,NR,charging,7.60000000001,XY,MW
2052-12-31 20:00:00,SO,charging,6.00000000001,XY,MW
2053-01-01 21:00:00,CE,charging,9.43157894738,XY,MW
2053-01-02 22:00:00,NR,charging,11.200000000020001,XY,MW
2053-01-03 23:00:00,SO,charging,8.842105263170001,XY,MW
2050-01-01 00:00:00,CE,load,2089.7000000000003,XY,MW
2050-01-02 01:00:00,NR,load,1009.4200000000001,XY,MW
2050-01-03 02:00:00,SO,load,559.24,XY,MW
2050-01-04 03:00:00,CE,load,2189.6400000000003,XY,MW
2050-01-05 04:00:00,NR,load,1063.38,XY,MW
2050-01-06 05:00:00,SO,load,622.3199999999999,XY,MW
2050-01-07 06:00:00,CE,load,2357.96,XY,MW
2050-01-08 07:00:00,NR,load,1154.26,XY,MW
2050-01-09 08:00:00,SO,load,728.56,XY,MW
2050-01-10 09:00:00,CE,load,2400.04,XY,MW
2050-01-11 10:00:00,NR,load,1176.98,XY,MW
2050-01-12 11:00:00,SO,load,755.12,XY,MW
2050-01-13 12:00:00,CE,load,2442.12,XY,MW
2050-01-14 13:00:00,NR,load,1199.7,XY,MW
2050-01-15 14:00:00,SO,load,781.68,XY,MW
2050-01-16 15:00:00,CE,load,2321.1400000000003,XY,MW
2050-01-17 16:00:00,NR,load,1134.38,XY,MW
2050-01-18 17:00:00,SO,load,705.3199999999999,XY,MW
2050-01-19 18:00:00,CE,load,2142.3,XY,MW
2050-01-20 19:00:00,NR,load,1037.82,XY,MW
2050-01-21 20:00:00,SO,load,592.4399999999999,XY,MW
2050-01-22 21:00:00,CE,load,2815.58,XY,MW
2050-01-23 22:00:00,NR,load,1401.3400000000001,XY,MW
2050-01-24 23:00:00,SO,load,1017.4000000000001,XY,MW
2050-01-26 00:00:00,CE,load,2936.56,XY,MW
2050-01-27 01:00:00,NR,load,1466.66,XY,MW
2050-01-28 02:00:00,SO,load,1093.76,XY,MW
2050-01-29 03:00:00,CE,load,2936.56,XY,MW
2050-01-30 04:00:00,NR,load,1466.66,XY,MW
2050-01-31 05:00:00,SO,load,1093.76,XY,MW
2050-02-01 06:00:00,CE,load,2926.04,XY,MW
2050-02-02 07:00:00,NR,load,1460.98,XY,MW
2050-02-03 08:00:00,SO,load,1087.12,XY,MW
2050-02-04 09:00:00,CE,load,2883.96,XY,MW
2050-02-05 10:00:00,NR,load,1438.26,XY,MW
2050-02-06 11:00:00,SO,load,1060.56,XY,MW
2050-02-07 12:00:00,CE,load,2510.5,XY,MW
2050-02-08 13:00:00,NR,load,1236.6200000000001,XY,MW
2050-02-09 14:00:00,SO,load,824.84,XY,MW
2050-02-10 15:00:00,CE,load,2321.1400000000003,XY,MW
2050-02-11 16:00:00,NR,load,1134.38,XY,MW
2050-02-12 17:00:00,SO,load,705.3199999999999,XY,MW
2050-02-13 18:00:00,CE,load,2957.6000000000004,XY,MW
2050-02-14 19:00:00,NR,load,1478.02,XY,MW
2050-02-15 20:00:00,SO,load,1107.04,XY,MW
2050-02-16 21:00:00,CE,load,3062.8,XY,MW
2050-02-17 22:00:00,NR,load,1534.8200000000002,XY,MW
2050-02-18 23:00:00,SO,load,1173.44,XY,MW
2050-02-20 00:00:00,CE,load,3078.58,XY,MW
2050-02-21 01:00:00,NR,load,1543.3400000000001,XY,MW
2050-02-22 02:00:00,SO,load,1183.4,XY,MW
2050-02-23 03:00:00,CE,load,2978.6400000000003,XY,MW
2050-02-24 04:00:00,NR,load,1489.38,XY,MW
2050-02-25 05:00:00,SO,load,1120.32,XY,MW
2050-02-26 06:00:00,CE,load,2831.36,XY,MW
2050-02-27 07:00:00,NR,load,1409.8600000000001,XY,MW
2050-02-28 08:00:00,SO,load,1027.36,XY,MW
2050-03-01 09:00:00,CE,load,2363.2200000000003,XY,MW
2050-03-02 10:00:00,NR,load,1157.1,XY,MW
2050-03-03 11:00:00,SO,load,731.88,XY,MW
2050-03-04 12:00:00,CE,load,2247.5,XY,MW
2050-03-05 13:00:00,NR,load,1094.6200000000001,XY,MW
2050-03-06 14:00:00,SO,load,658.8399999999999,XY,MW
2050-03-07 15:00:00,CE,load,2631.48,XY,MW
2050-03-08 16:00:00,NR,load,1301.94,XY,MW
2050-03-09 17:00:00,SO,load,901.2,XY,MW
2050-03-10 18:00:00,CE,load,2652.52,XY,MW
2050-03-11 19:00:00,NR,load,1313.3,XY,MW
2050-03-12 20:00:00,SO,load,914.48,XY,MW
2050-03-13 21:00:00,CE,load,2599.92,XY,MW
2050-03-14 22:00:00,NR,load,1284.9,XY,MW
2050-03-15 23:00:00,SO,load,881.28,XY,MW
2050-03-17 00:00:00,CE,load,2557.84,XY,MW
2050-03-18 01:00:00,NR,load,1262.18,XY,MW
2050-03-19 02:00:00,SO,load,854.72,XY,MW
2050-03-20 03:00:00,CE,load,2436.86,XY,MW
2050-03-21 04:00:00,NR,load,1196.8600000000001,XY,MW
2050-03-22 05:00:00,SO,load,778.36,XY,MW
2050-03-23 06:00:00,CE,load,2163.34,XY,MW
2050-03-24 07:00:00,NR,load,1049.18,XY,MW
2050-03-25 08:00:00,SO,load,605.72,XY,MW
2050-03-26 09:00:00,CE,load,2357.96,XY,MW
2050-03-27 10:00:00,NR,load,1154.26,XY,MW
2050-03-28 11:00:00,SO,load,728.56,XY,MW
2050-03-29 12:00:00,CE,load,2557.84,XY,MW
2050-03-30 13:00:00,NR,load,1262.18,XY,MW
2050-03-31 14:00:00,SO,load,854.72,XY,MW
2050-04-01 15:00:00,CE,load,2747.2,XY,MW
2050-04-02 16:00:00,NR,load,1364.42,XY,MW
2050-04-03 17:00:00,SO,load,974.24,XY,MW
2050-04-04 18:00:00,CE,load,2941.82,XY,MW
2050-04-05 19:00:00,NR,load,1469.5,XY,MW
2050-04-06 20:00:00,SO,load,1097.08,XY,MW
2050-04-07 21:00:00,CE,load,2905.0,XY,MW
2050-04-08 22:00:00,NR,load,1449.6200000000001,XY,MW
2050-04-09 23:00:00,SO,load,1073.8400000000001,XY,MW
2050-04-11 00:00:00,CE,load,2468.42,XY,MW
2050-04-12 01:00:00,NR,load,1213.9,XY,MW
2050-04-13 02:00:00,SO,load,798.28,XY,MW
2050-04-14 03:00:00,CE,load,2200.16,XY,MW
2050-04-15 04:00:00,NR,load,1069.06,XY,MW
2050-04-16 05:00:00,SO,load,628.96,XY,MW
2050-04-17 06:00:00,CE,load,2862.92,XY,MW
2050-04-18 07:00:00,NR,load,1426.9,XY,MW
2050-04-19 08:00:00,SO,load,1047.28,XY,MW
2050-04-20 09:00:00,CE,load,2957.6000000000004,XY,MW
2050-04-21 10:00:00,NR,load,1478.02,XY,MW
2050-04-22 11:00:00,SO,load,1107.04,XY,MW
2050-04-23 12:00:00,CE,load,2989.16,XY,MW
2050-04-24 13:00:00,NR,load,1495.06,XY,MW
2050-04-25 14:00:00,SO,load,1126.96,XY,MW
2050-04-26 15:00:00,CE,load,2999.6800000000003,XY,MW
2050-04-27 16:00:00,NR,load,1500.74,XY,MW
2050-04-28 17:00:00,SO,load,1133.6,XY,MW
2050-04-29 18:00:00,CE,load,2989.16,XY,MW
2050-04-30 19:00:00,NR,load,1495.06,XY,MW
2050-05-01 20:00:00,SO,load,1126.96,XY,MW
2050-05-02 21:00:00,CE,load,2484.2000000000003,XY,MW
2050-05-03 22:00:00,NR,load,1222.42,XY,MW
2050-05-04 23:00:00,SO,load,808.24,XY,MW
2050-05-06 00:00:00,CE,load,2305.36,XY,MW
2050-05-07 01:00:00,NR,load,1125.8600000000001,XY,MW
2050-05-08 02:00:00,SO,load,695.36,XY,MW
2050-05-09 03:00:00,CE,load,2857.6600000000003,XY,MW
2050-05-10 04:00:00,NR,load,1424.06,XY,MW
2050-05-11 05:00:00,SO,load,1043.96,XY,MW
2050-05-12 06:00:00,CE,load,2899.74,XY,MW
2050-05-13 07:00:00,NR,load,1446.78,XY,MW
2050-05-14 08:00:00,SO,load,1070.52,XY,MW
2050-05-15 09:00:00,CE,load,2836.62,XY,MW
2050-05-16 10:00:00,NR,load,1412.7,XY,MW
2050-05-17 11:00:00,SO,load,1030.6799999999998,XY,MW
2050-05-18 12:00:00,CE,load,2720.9,XY,MW
2050-05-19 13:00:00,NR,load,1350.22,XY,MW
2050-05-20 14:00:00,SO,load,957.64,XY,MW
2050-05-21 15:00:00,CE,load,2626.2200000000003,XY,MW
2050-05-22 16:00:00,NR,load,1299.1,XY,MW
2050-05-23 17:00:00,SO,load,897.88,XY,MW
2050-05-24 18:00:00,CE,load,2273.8,XY,MW
2050-05-25 19:00:00,NR,load,1108.82,XY,MW
2050-05-26 20:00:00,SO,load,675.44,XY,MW
2050-05-27 21:00:00,CE,load,2242.2400000000002,XY,MW
2050-05-28 22:00:00,NR,load,1091.78,XY,MW
2050-05-29 23:00:00,SO,load,655.52,XY,MW
2050-05-31 00:00:00,CE,load,2536.8,XY,MW
2050-06-01 01:00:00,NR,load,1250.8200000000002,XY,MW
2050-06-02 02:00:00,SO,load,841.44,XY,MW
2050-06-03 03:00:00,CE,load,2547.32,XY,MW
2050-06-04 04:00:00,NR,load,1256.5,XY,MW
2050-06-05 05:00:00,SO,load,848.0799999999999,XY,MW
2050-06-06 06:00:00,CE,load,2515.76,XY,MW
2050-06-07 07:00:00,NR,load,1239.46,XY,MW
2050-06-08 08:00:00,SO,load,828.1600000000001,XY,MW
2050-06-09 09:00:00,CE,load,2478.94,XY,MW
2050-06-10 10:00:00,NR,load,1219.58,XY,MW
2050-06-11 11:00:00,SO,load,804.92,XY,MW
2050-06-12 12:00:00,CE,load,2363.2200000000003,XY,MW
2050-06-13 13:00:00,NR,load,1157.1,XY,MW
2050-06-14 14:00:00,SO,load,731.88,XY,MW
2050-06-15 15:00:00,CE,load,2142.3,XY,MW
2050-06-16 16:00:00,NR,load,1037.82,XY,MW
2050-06-17 17:00:00,SO,load,592.4399999999999,XY,MW
2050-06-18 18:00:00,CE,load,2810.32,XY,MW
2050-06-19 19:00:00,NR,load,1398.5,XY,MW
2050-06-20 20:00:00,SO,load,1014.08,XY,MW
2050-06-21 21:00:00,CE,load,2994.42,XY,MW
2050-06-22 22:00:00,NR,load,1497.9,XY,MW
2050-06-23 23:00:00,SO,load,1130.28,XY,MW
2050-06-25 00:00:00,CE,load,2983.9,XY,MW
2050-06-26 01:00:00,NR,load,1492.22,XY,MW
2050-06-27 02:00:00,SO,load,1123.6399999999999,XY,MW
2050-06-28 03:00:00,CE,load,2952.34,XY,MW
2050-06-29 04:00:00,NR,load,1475.18,XY,MW
2050-06-30 05:00:00,SO,load,1103.7199999999998,XY,MW
2050-07-01 06:00:00,CE,load,2873.44,XY,MW
2050-07-02 07:00:00,NR,load,1432.58,XY,MW
2050-07-03 08:00:00,SO,load,1053.92,XY,MW
2050-07-04 09:00:00,CE,load,2547.32,XY,MW
2050-07-05 10:00:00,NR,load,1256.5,XY,MW
2050-07-06 11:00:00,SO,load,848.0799999999999,XY,MW
2050-07-07 12:00:00,CE,load,2326.4,XY,MW
2050-07-08 13:00:00,NR,load,1137.22,XY,MW
2050-07-09 14:00:00,SO,load,708.64,XY,MW
2050-07-10 15:00:00,CE,load,2910.26,XY,MW
2050-07-11 16:00:00,NR,load,1452.46,XY,MW
2050-07-12 17:00:00,SO,load,1077.1599999999999,XY,MW
2050-07-13 18:00:00,CE,load,3041.76,XY,MW
2050-07-14 19:00:00,NR,load,1523.46,XY,MW
2050-07-15 20:00:00,SO,load,1160.1599999999999,XY,MW
2050-07-16 21:00:00,CE,load,3099.62,XY,MW
2050-07-17 22:00:00,NR,load,1554.7,XY,MW
2050-07-18 23:00:00,SO,load,1196.6799999999998,XY,MW
2050-07-20 00:00:00,CE,load,3094.36,XY,MW
2050-07-21 01:00:00,NR,load,1551.8600000000001,XY,MW
2050-07-22 02:00:00,SO,load,1193.3600000000001,XY,MW
2050-07-23 03:00:00,CE,load,2920.78,XY,MW
2050-07-24 04:00:00,NR,load,1458.14,XY,MW
2050-07-25 05:00:00,SO,load,1083.8,XY,MW
2050-07-26 06:00:00,CE,load,2452.64,XY,MW
2050-07-27 07:00:00,NR,load,1205.38,XY,MW
2050-07-28 08:00:00,SO,load,788.3199999999999,XY,MW
2050-07-29 09:00:00,CE,load,2305.36,XY,MW
2050-07-30 10:00:00,NR,load,1125.8600000000001,XY,MW
2050-07-31 11:00:00,SO,load,695.36,XY,MW
2050-08-01 12:00:00,CE,load,2699.86,XY,MW
2050-08-02 13:00:00,NR,load,1338.8600000000001,XY,MW
2050-08-03 14:00:00,SO,load,944.36,XY,MW
2050-08-04 15:00:00,CE,load,2699.86,XY,MW
2050-08-05 16:00:00,NR,load,1338.8600000000001,XY,MW
2050-08-06 17:00:00,SO,load,944.36,XY,MW
2050-08-07 18:00:00,CE,load,2678.82,XY,MW
2050-08-08 19:00:00,NR,load,1327.5,XY,MW
2050-08-09 20:00:00,SO,load,931.0799999999999,XY,MW
2050-08-10 21:00:00,CE,load,2620.96,XY,MW
2050-08-11 22:00:00,NR,load,1296.26,XY,MW
2050-08-12 23:00:00,SO,load,894.56,XY,MW
2050-08-14 00:00:00,CE,load,2478.94,XY,MW
2050-08-15 01:00:00,NR,load,1219.58,XY,MW
2050-08-16 02:00:00,SO,load,804.92,XY,MW
2050-08-17 03:00:00,CE,load,2194.9,XY,MW
2050-08-18 04:00:00,NR,load,1066.22,XY,MW
2050-08-19 05:00:00,SO,load,625.64,XY,MW
2050-08-20 06:00:00,CE,load,2294.84,XY,MW
2050-08-21 07:00:00,NR,load,1120.18,XY,MW
2050-08-22 08:00:00,SO,load,688.72,XY,MW
2050-08-23 09:00:00,CE,load,2505.2400000000002,XY,MW
2050-08-24 10:00:00,NR,load,1233.78,XY,MW
2050-08-25 11:00:00,SO,load,821.52,XY,MW
2050-08-26 12:00:00,CE,load,2589.4,XY,MW
2050-08-27 13:00:00,NR,load,1279.22,XY,MW
2050-08-28 14:00:00,SO,load,874.64,XY,MW
2050-08-29 15:00:00,CE,load,2794.54,XY,MW
2050-08-30 16:00:00,NR,load,1389.98,XY,MW
2050-08-31 17:00:00,SO,load,1004.1199999999999,XY,MW
2050-09-01 18:00:00,CE,load,2947.08,XY,MW
2050-09-02 19:00:00,NR,load,1472.34,XY,MW
2050-09-03 20:00:00,SO,load,1100.4,XY,MW
2050-09-04 21:00:00,CE,load,2536.8,XY,MW
2050-09-05 22:00:00,NR,load,1250.8200000000002,XY,MW
2050-09-06 23:00:00,SO,load,841.44,XY,MW
2050-09-08 00:00:00,CE,load,2210.6800000000003,XY,MW
2050-09-09 01:00:00,NR,load,1074.74,XY,MW
2050-09-10 02:00:00,SO,load,635.6,XY,MW
2050-09-11 03:00:00,CE,load,2920.78,XY,MW
2050-09-12 04:00:00,NR,load,1458.14,XY,MW
2050-09-13 05:00:00,SO,load,1083.8,XY,MW
2050-09-14 06:00:00,CE,load,3010.2000000000003,XY,MW
2050-09-15 07:00:00,NR,load,1506.42,XY,MW
2050-09-16 08:00:00,SO,load,1140.24,XY,MW
2050-09-17 09:00:00,CE,load,3036.5,XY,MW
2050-09-18 10:00:00,NR,load,1520.62,XY,MW
2050-09-19 11:00:00,SO,load,1156.8400000000001,XY,MW
2050-09-20 12:00:00,CE,load,3015.46,XY,MW
2050-09-21 13:00:00,NR,load,1509.2600000000002,XY,MW
2050-09-22 14:00:00,SO,load,1143.56,XY,MW
2050-09-23 15:00:00,CE,load,2415.82,XY,MW
2050-09-24 16:00:00,NR,load,1185.5,XY,MW
2050-09-25 17:00:00,SO,load,765.0799999999999,XY,MW
2050-09-26 18:00:00,CE,load,2484.2000000000003,XY,MW
2050-09-27 19:00:00,NR,load,1222.42,XY,MW
2050-09-28 20:00:00,SO,load,808.24,XY,MW
2050-09-29 21:00:00,CE,load,2310.62,XY,MW
2050-09-30 22:00:00,NR,load,1128.7,XY,MW
2050-10-01 23:00:00,SO,load,698.68,XY,MW
2050-10-03 00:00:00,CE,load,2421.08,XY,MW
2050-10-04 01:00:00,NR,load,1188.3400000000001,XY,MW
2050-10-05 02:00:00,SO,load,768.4,XY,MW
2050-10-06 03:00:00,CE,load,2962.86,XY,MW
2050-10-07 04:00:00,NR,load,1480.8600000000001,XY,MW
2050-10-08 05:00:00,SO,load,1110.3600000000001,XY,MW
2050-10-09 06:00:00,CE,load,2978.6400000000003,XY,MW
2050-10-10 07:00:00,NR,load,1489.38,XY,MW
2050-10-11 08:00:00,SO,load,1120.32,XY,MW
2050-10-12 09:00:00,CE,load,2878.7,XY,MW
2050-10-13 10:00:00,NR,load,1435.42,XY,MW
2050-10-14 11:00:00,SO,load,1057.24,XY,MW
2050-10-15 12:00:00,CE,load,2736.6800000000003,XY,MW
2050-10-16 13:00:00,NR,load,1358.74,XY,MW
2050-10-17 14:00:00,SO,load,967.5999999999999,XY,MW
2050-10-18 15:00:00,CE,load,2357.96,XY,MW
2050-10-19 16:00:00,NR,load,1154.26,XY,MW
2050-10-20 17:00:00,SO,load,728.56,XY,MW
2050-10-21 18:00:00,CE,load,2273.8,XY,MW
2050-10-22 19:00:00,NR,load,1108.82,XY,MW
2050-10-23 20:00:00,SO,load,675.44,XY,MW
2050-10-24 21:00:00,CE,load,2589.4,XY,MW
2050-10-25 22:00:00,NR,load,1279.22,XY,MW
2050-10-26 23:00:00,SO,load,874.64,XY,MW
2050-10-28 00:00:00,CE,load,2589.4,XY,MW
2050-10-29 01:00:00,NR,load,1279.22,XY,MW
2050-10-30 02:00:00,SO,load,874.64,XY,MW
2050-10-31 03:00:00,CE,load,2568.36,XY,MW
2050-11-01 04:00:00,NR,load,1267.8600000000001,XY,MW
2050-11-02 05:00:00,SO,load,861.36,XY,MW
2050-11-03 06:00:00,CE,load,2521.02,XY,MW
2050-11-04 07:00:00,NR,load,1242.3,XY,MW
2050-11-05 08:00:00,SO,load,831.48,XY,MW
2050-11-06 09:00:00,CE,load,2379.0,XY,MW
2050-11-07 10:00:00,NR,load,1165.6200000000001,XY,MW
2050-11-08 11:00:00,SO,load,741.84,XY,MW
2050-11-09 12:00:00,CE,load,2152.82,XY,MW
2050-11-10 13:00:00,NR,load,1043.5,XY,MW
2050-11-11 14:00:00,SO,load,599.0799999999999,XY,MW
2050-11-12 15:00:00,CE,load,2705.12,XY,MW
2050-11-13 16:00:00,NR,load,1341.7,XY,MW
2050-11-14 17:00:00,SO,load,947.68,XY,MW
2050-11-15 18:00:00,CE,load,3047.02,XY,MW
2050-11-16 19:00:00,NR,load,1526.3,XY,MW
2050-11-17 20:00:00,SO,load,1163.48,XY,MW
2050-11-18 21:00:00,CE,load,3094.36,XY,MW
2050-11-19 22:00:00,NR,load,1551.8600000000001,XY,MW
2050-11-20 23:00:00,SO,load,1193.3600000000001,XY,MW
2050-11-22 00:00:00,CE,load,3057.54,XY,MW
2050-11-23 01:00:00,NR,load,1531.98,XY,MW
2050-11-24 02:00:00,SO,load,1170.12,XY,MW
2050-11-25 03:00:00,CE,load,2962.86,XY,MW
2050-11-26 04:00:00,NR,load,1480.8600000000001,XY,MW
2050-11-27 05:00:00,SO,load,1110.3600000000001,XY,MW
2050-11-28 06:00:00,CE,load,2594.66,XY,MW
2050-11-29 07:00:00,NR,load,1282.06,XY,MW
2050-11-30 08:00:00,SO,load,877.96,XY,MW
2050-12-01 09:00:00,CE,load,2347.44,XY,MW
2050-12-02 10:00:00,NR,load,1148.58,XY,MW
2050-12-03 11:00:00,SO,load,721.92,XY,MW
2050-12-04 12:00:00,CE,load,2962.86,XY,MW
2050-12-05 13:00:00,NR,load,1480.8600000000001,XY,MW
2050-12-06 14:00:00,SO,load,1110.3600000000001,XY,MW
2050-12-07 15:00:00,CE,load,3068.0600000000004,XY,MW
2050-12-08 16:00:00,NR,load,1537.66,XY,MW
2050-12-09 17:00:00,SO,load,1176.76,XY,MW
2050-12-10 18:00:00,CE,load,3131.1800000000003,XY,MW
2050-12-11 19:00:00,NR,load,1571.74,XY,MW
2050-12-12 20:00:00,SO,load,1216.6,XY,MW
2050-12-13 21:00:00,CE,load,3131.1800000000003,XY,MW
2050-12-14 22:00:00,NR,load,1571.74,XY,MW
2050-12-15 23:00:00,SO,load,1216.6,XY,MW
2050-12-17 00:00:00,CE,load,3015.46,XY,MW
2050-12-18 01:00:00,NR,load,1509.2600000000002,XY,MW
2050-12-19 02:00:00,SO,load,1143.56,XY,MW
2050-12-20 03:00:00,CE,load,2515.76,XY,MW
2050-12-21 04:00:00,NR,load,1239.46,XY,MW
2050-12-22 05:00:00,SO,load,828.1600000000001,XY,MW
2050-12-23 06:00:00,CE,load,2363.2200000000003,XY,MW
2050-12-24 07:00:00,NR,load,1157.1,XY,MW
2050-12-25 08:00:00,SO,load,731.88,XY,MW
2050-12-26 09:00:00,CE,load,2694.6000000000004,XY,MW
2050-12-27 10:00:00,NR,load,1336.02,XY,MW
2050-12-28 11:00:00,SO,load,941.04,XY,MW
2050-12-29 12:00:00,CE,load,2294.84,XY,MW
2050-12-30 13:00:00,NR,load,1120.18,XY,MW
2050-12-31 14:00:00,SO,load,688.72,XY,MW
2051-01-01 15:00:00,CE,load,2684.08,XY,MW
2051-01-02 16:00:00,NR,load,1330.3400000000001,XY,MW
2051-01-03 17:00:00,SO,load,934.4,XY,MW
2051-01-04 18:00:00,CE,load,2673.56,XY,MW
2051-01-05 19:00:00,NR,load,1324.66,XY,MW
2051-01-06 20:00:00,SO,load,927.76,XY,MW
2051-01-07 21:00:00,CE,load,2557.84,XY,MW
2051-01-08 22:00:00,NR,load,1262.18,XY,MW
2051-01-09 23:00:00,SO,load,854.72,XY,MW
2051-01-11 00:00:00,CE,load,2242.2400000000002,XY,MW
2051-01-12 01:00:00,NR,load,1091.78,XY,MW
2051-01-13 02:00:00,SO,load,655.52,XY,MW
2051-01-14 03:00:00,CE,load,2294.84,XY,MW
2051-01-15 04:00:00,NR,load,1120.18,XY,MW
2051-01-16 05:00:00,SO,load,688.72,XY,MW
2051-01-17 06:00:00,CE,load,2526.28,XY,MW
2051-01-18 07:00:00,NR,load,1245.14,XY,MW
2051-01-19 08:00:00,SO,load,834.8,XY,MW
2051-01-20 09:00:00,CE,load,2547.32,XY,MW
2051-01-21 10:00:00,NR,load,1256.5,XY,MW
2051-01-22 11:00:00,SO,load,848.0799999999999,XY,MW
2051-01-23 12:00:00,CE,load,2352.7000000000003,XY,MW
2051-01-24 13:00:00,NR,load,1151.42,XY,MW
2051-01-25 14:00:00,SO,load,725.24,XY,MW
2051-01-26 15:00:00,CE,load,2689.34,XY,MW
2051-01-27 16:00:00,NR,load,1333.18,XY,MW
2051-01-28 17:00:00,SO,load,937.72,XY,MW
2051-01-29 18:00:00,CE,load,2452.64,XY,MW
2051-01-30 19:00:00,NR,load,1205.38,XY,MW
2051-01-31 20:00:00,SO,load,788.3199999999999,XY,MW
2051-02-01 21:00:00,CE,load,2179.12,XY,MW
2051-02-02 22:00:00,NR,load,1057.7,XY,MW
2051-02-03 23:00:00,SO,load,615.68,XY,MW
2051-02-05 00:00:00,CE,load,2931.3,XY,MW
2051-02-06 01:00:00,NR,load,1463.8200000000002,XY,MW
2051-02-07 02:00:00,SO,load,1090.44,XY,MW
2051-02-08 03:00:00,CE,load,3057.54,XY,MW
2051-02-09 04:00:00,NR,load,1531.98,XY,MW
2051-02-10 05:00:00,SO,load,1170.12,XY,MW
2051-02-11 06:00:00,CE,load,3041.76,XY,MW
2051-02-12 07:00:00,NR,load,1523.46,XY,MW
2051-02-13 08:00:00,SO,load,1160.1599999999999,XY,MW
2051-02-14 09:00:00,CE,load,3031.2400000000002,XY,MW
2051-02-15 10:00:00,NR,load,1517.78,XY,MW
2051-02-16 11:00:00,SO,load,1153.52,XY,MW
2051-02-17 12:00:00,CE,load,3041.76,XY,MW
2051-02-18 13:00:00,NR,load,1523.46,XY,MW
2051-02-19 14:00:00,SO,load,1160.1599999999999,XY,MW
2051-02-20 15:00:00,CE,load,2605.1800000000003,XY,MW
2051-02-21 16:00:00,NR,load,1287.74,XY,MW
2051-02-22 17:00:00,SO,load,884.5999999999999,XY,MW
2051-02-23 18:00:00,CE,load,2336.92,XY,MW
2051-02-24 19:00:00,NR,load,1142.9,XY,MW
2051-02-25 20:00:00,SO,load,715.28,XY,MW
2051-02-26 21:00:00,CE,load,2400.04,XY,MW
2051-02-27 22:00:00,NR,load,1176.98,XY,MW
2051-02-28 23:00:00,SO,load,755.12,XY,MW
2051-03-02 00:00:00,CE,load,3052.28,XY,MW
2051-03-03 01:00:00,NR,load,1529.1399999999999,XY,MW
2051-03-04 02:00:00,SO,load,1166.8,XY,MW
2051-03-05 03:00:00,CE,load,3089.1000000000004,XY,MW
2051-03-06 04:00:00,NR,load,1549.02,XY,MW
2051-03-07 05:00:00,SO,load,1190.04,XY,MW
2051-03-08 06:00:00,CE,load,3004.94,XY,MW
2051-03-09 07:00:00,NR,load,1503.58,XY,MW
2051-03-10 08:00:00,SO,load,1136.92,XY,MW
2051-03-11 09:00:00,CE,load,2805.0600000000004,XY,MW
2051-03-12 10:00:00,NR,load,1395.66,XY,MW
2051-03-13 11:00:00,SO,load,1010.76,XY,MW
2051-03-14 12:00:00,CE,load,2389.52,XY,MW
2051-03-15 13:00:00,NR,load,1171.3,XY,MW
2051-03-16 14:00:00,SO,load,748.48,XY,MW
2051-03-17 15:00:00,CE,load,2258.02,XY,MW
2051-03-18 16:00:00,NR,load,1100.3,XY,MW
2051-03-19 17:00:00,SO,load,665.48,XY,MW
2051-03-20 18:00:00,CE,load,2647.26,XY,MW
2051-03-21 19:00:00,NR,load,1310.46,XY,MW
2051-03-22 20:00:00,SO,load,911.16,XY,MW
2051-03-23 21:00:00,CE,load,2647.26,XY,MW
2051-03-24 22:00:00,NR,load,1310.46,XY,MW
2051-03-25 23:00:00,SO,load,911.16,XY,MW
2051-03-27 00:00:00,CE,load,2552.58,XY,MW
2051-03-28 01:00:00,NR,load,1259.3400000000001,XY,MW
2051-03-29 02:00:00,SO,load,851.4,XY,MW
2051-03-30 03:00:00,CE,load,2389.52,XY,MW
2051-03-31 04:00:00,NR,load,1171.3,XY,MW
2051-04-01 05:00:00,SO,load,748.48,XY,MW
2051-04-02 06:00:00,CE,load,2405.3,XY,MW
2051-04-03 07:00:00,NR,load,1179.82,XY,MW
2051-04-04 08:00:00,SO,load,758.4399999999999,XY,MW
2051-04-05 09:00:00,CE,load,2168.6,XY,MW
2051-04-06 10:00:00,NR,load,1052.02,XY,MW
2051-04-07 11:00:00,SO,load,609.04,XY,MW
2051-04-08 12:00:00,CE,load,2505.2400000000002,XY,MW
2051-04-09 13:00:00,NR,load,1233.78,XY,MW
2051-04-10 14:00:00,SO,load,821.52,XY,MW
2051-04-11 15:00:00,CE,load,2836.62,XY,MW
2051-04-12 16:00:00,NR,load,1412.7,XY,MW
2051-04-13 17:00:00,SO,load,1030.6799999999998,XY,MW
2051-04-14 18:00:00,CE,load,3057.54,XY,MW
2051-04-15 19:00:00,NR,load,1531.98,XY,MW
2051-04-16 20:00:00,SO,load,1170.12,XY,MW
2051-04-17 21:00:00,CE,load,3036.5,XY,MW
2051-04-18 22:00:00,NR,load,1520.62,XY,MW
2051-04-19 23:00:00,SO,load,1156.8400000000001,XY,MW
2051-04-21 00:00:00,CE,load,3073.32,XY,MW
2051-04-22 01:00:00,NR,load,1540.5,XY,MW
2051-04-23 02:00:00,SO,load,1180.08,XY,MW
2051-04-24 03:00:00,CE,load,2978.6400000000003,XY,MW
2051-04-25 04:00:00,NR,load,1489.38,XY,MW
2051-04-26 05:00:00,SO,load,1120.32,XY,MW
2051-04-27 06:00:00,CE,load,2599.92,XY,MW
2051-04-28 07:00:00,NR,load,1284.9,XY,MW
2051-04-29 08:00:00,SO,load,881.28,XY,MW
2051-04-30 09:00:00,CE,load,2331.66,XY,MW
2051-05-01 10:00:00,NR,load,1140.06,XY,MW
2051-05-02 11:00:00,SO,load,711.96,XY,MW
2051-05-03 12:00:00,CE,load,2936.56,XY,MW
2051-05-04 13:00:00,NR,load,1466.66,XY,MW
2051-05-05 14:00:00,SO,load,1093.76,XY,MW
2051-05-06 15:00:00,CE,load,3020.7200000000003,XY,MW
2051-05-07 16:00:00,NR,load,1512.1,XY,MW
2051-05-08 17:00:00,SO,load,1146.88,XY,MW
2051-05-09 18:00:00,CE,load,3062.8,XY,MW
2051-05-10 19:00:00,NR,load,1534.8200000000002,XY,MW
2051-05-11 20:00:00,SO,load,1173.44,XY,MW
2051-05-12 21:00:00,CE,load,3094.36,XY,MW
2051-05-13 22:00:00,NR,load,1551.8600000000001,XY,MW
2051-05-14 23:00:00,SO,load,1193.3600000000001,XY,MW
2051-05-16 00:00:00,CE,load,3015.46,XY,MW
2051-05-17 01:00:00,NR,load,1509.2600000000002,XY,MW
2051-05-18 02:00:00,SO,load,1143.56,XY,MW
2051-05-19 03:00:00,CE,load,2510.5,XY,MW
2051-05-20 04:00:00,NR,load,1236.6200000000001,XY,MW
2051-05-21 05:00:00,SO,load,824.84,XY,MW
2051-05-22 06:00:00,CE,load,2357.96,XY,MW
2051-05-23 07:00:00,NR,load,1154.26,XY,MW
2051-05-24 08:00:00,SO,load,728.56,XY,MW
2051-05-25 09:00:00,CE,load,2889.2200000000003,XY,MW
2051-05-26 10:00:00,NR,load,1441.1,XY,MW
2051-05-27 11:00:00,SO,load,1063.88,XY,MW
2051-05-28 12:00:00,CE,load,2847.14,XY,MW
2051-05-29 13:00:00,NR,load,1418.38,XY,MW
2051-05-30 14:00:00,SO,load,1037.32,XY,MW
2051-05-31 15:00:00,CE,load,2773.5,XY,MW
2051-06-01 16:00:00,NR,load,1378.62,XY,MW
2051-06-02 17:00:00,SO,load,990.8399999999999,XY,MW
2051-06-03 18:00:00,CE,load,2715.6400000000003,XY,MW
2051-06-04 19:00:00,NR,load,1347.38,XY,MW
2051-06-05 20:00:00,SO,load,954.3199999999999,XY,MW
2051-06-06 21:00:00,CE,load,2620.96,XY,MW
2051-06-07 22:00:00,NR,load,1296.26,XY,MW
2051-06-08 23:00:00,SO,load,894.56,XY,MW
2051-06-10 00:00:00,CE,load,2279.06,XY,MW
2051-06-11 01:00:00,NR,load,1111.66,XY,MW
2051-06-12 02:00:00,SO,load,678.76,XY,MW
2051-06-13 03:00:00,CE,load,2284.32,XY,MW
2051-06-14 04:00:00,NR,load,1114.5,XY,MW
2051-06-15 05:00:00,SO,load,682.0799999999999,XY,MW
2051-06-16 06:00:00,CE,load,2531.54,XY,MW
2051-06-17 07:00:00,NR,load,1247.98,XY,MW
2051-06-18 08:00:00,SO,load,838.1199999999999,XY,MW
2051-06-19 09:00:00,CE,load,2531.54,XY,MW
2051-06-20 10:00:00,NR,load,1247.98,XY,MW
2051-06-21 11:00:00,SO,load,838.1199999999999,XY,MW
2051-06-22 12:00:00,CE,load,2536.8,XY,MW
2051-06-23 13:00:00,NR,load,1250.8200000000002,XY,MW
2051-06-24 14:00:00,SO,load,841.44,XY,MW
2051-06-25 15:00:00,CE,load,2589.4,XY,MW
2051-06-26 16:00:00,NR,load,1279.22,XY,MW
2051-06-27 17:00:00,SO,load,874.64,XY,MW
2051-06-28 18:00:00,CE,load,2426.34,XY,MW
2051-06-29 19:00:00,NR,load,1191.18,XY,MW
2051-06-30 20:00:00,SO,load,771.72,XY,MW
2051-07-01 21:00:00,CE,load,2179.12,XY,MW
2051-07-02 22:00:00,NR,load,1057.7,XY,MW
2051-07-03 23:00:00,SO,load,615.68,XY,MW
2051-07-05 00:00:00,CE,load,2926.04,XY,MW
2051-07-06 01:00:00,NR,load,1460.98,XY,MW
2051-07-07 02:00:00,SO,load,1087.12,XY,MW
2051-07-08 03:00:00,CE,load,2999.6800000000003,XY,MW
2051-07-09 04:00:00,NR,load,1500.74,XY,MW
2051-07-10 05:00:00,SO,load,1133.6,XY,MW
2051-07-11 06:00:00,CE,load,3010.2000000000003,XY,MW
2051-07-12 07:00:00,NR,load,1506.42,XY,MW
2051-07-13 08:00:00,SO,load,1140.24,XY,MW
2051-07-14 09:00:00,CE,load,2994.42,XY,MW
2051-07-15 10:00:00,NR,load,1497.9,XY,MW
2051-07-16 11:00:00,SO,load,1130.28,XY,MW
2051-07-17 12:00:00,CE,load,2968.12,XY,MW
2051-07-18 13:00:00,NR,load,1483.7,XY,MW
2051-07-19 14:00:00,SO,load,1113.68,XY,MW
2051-07-20 15:00:00,CE,load,2510.5,XY,MW
2051-07-21 16:00:00,NR,load,1236.6200000000001,XY,MW
2051-07-22 17:00:00,SO,load,824.84,XY,MW
2051-07-23 18:00:00,CE,load,2400.04,XY,MW
2051-07-24 19:00:00,NR,load,1176.98,XY,MW
2051-07-25 20:00:00,SO,load,755.12,XY,MW
2051-07-26 21:00:00,CE,load,2968.12,XY,MW
2051-07-27 22:00:00,NR,load,1483.7,XY,MW
2051-07-28 23:00:00,SO,load,1113.68,XY,MW
2051-07-30 00:00:00,CE,load,3073.32,XY,MW
2051-07-31 01:00:00,NR,load,1540.5,XY,MW
2051-08-01 02:00:00,SO,load,1180.08,XY,MW
2051-08-02 03:00:00,CE,load,3089.1000000000004,XY,MW
2051-08-03 04:00:00,NR,load,1549.02,XY,MW
2051-08-04 05:00:00,SO,load,1190.04,XY,MW
2051-08-05 06:00:00,CE,load,3015.46,XY,MW
2051-08-06 07:00:00,NR,load,1509.2600000000002,XY,MW
2051-08-07 08:00:00,SO,load,1143.56,XY,MW
2051-08-08 09:00:00,CE,load,2847.14,XY,MW
2051-08-09 10:00:00,NR,load,1418.38,XY,MW
2051-08-10 11:00:00,SO,load,1037.32,XY,MW
2051-08-11 12:00:00,CE,load,2357.96,XY,MW
2051-08-12 13:00:00,NR,load,1154.26,XY,MW
2051-08-13 14:00:00,SO,load,728.56,XY,MW
2051-08-14 15:00:00,CE,load,2326.4,XY,MW
2051-08-15 16:00:00,NR,load,1137.22,XY,MW
2051-08-16 17:00:00,SO,load,708.64,XY,MW
2051-08-17 18:00:00,CE,load,2642.0,XY,MW
2051-08-18 19:00:00,NR,load,1307.6200000000001,XY,MW
2051-08-19 20:00:00,SO,load,907.8399999999999,XY,MW
2051-08-20 21:00:00,CE,load,2657.78,XY,MW
2051-08-21 22:00:00,NR,load,1316.1399999999999,XY,MW
2051-08-22 23:00:00,SO,load,917.8,XY,MW
2051-08-24 00:00:00,CE,load,2615.7000000000003,XY,MW
2051-08-25 01:00:00,NR,load,1293.42,XY,MW
2051-08-26 02:00:00,SO,load,891.24,XY,MW
2051-08-27 03:00:00,CE,load,2568.36,XY,MW
2051-08-28 04:00:00,NR,load,1267.8600000000001,XY,MW
2051-08-29 05:00:00,SO,load,861.36,XY,MW
2051-08-30 06:00:00,CE,load,2452.64,XY,MW
2051-08-31 07:00:00,NR,load,1205.38,XY,MW
2051-09-01 08:00:00,SO,load,788.3199999999999,XY,MW
2051-09-02 09:00:00,CE,load,2189.6400000000003,XY,MW
2051-09-03 10:00:00,NR,load,1063.38,XY,MW
2051-09-04 11:00:00,SO,load,622.3199999999999,XY,MW
2051-09-05 12:00:00,CE,load,2373.7400000000002,XY,MW
2051-09-06 13:00:00,NR,load,1162.78,XY,MW
2051-09-07 14:00:00,SO,load,738.52,XY,MW
2051-09-08 15:00:00,CE,load,2573.62,XY,MW
2051-09-09 16:00:00,NR,load,1270.7,XY,MW
2051-09-10 17:00:00,SO,load,864.6800000000001,XY,MW
2051-09-11 18:00:00,CE,load,2773.5,XY,MW
2051-09-12 19:00:00,NR,load,1378.62,XY,MW
2051-09-13 20:00:00,SO,load,990.8399999999999,XY,MW
2051-09-14 21:00:00,CE,load,2962.86,XY,MW
2051-09-15 22:00:00,NR,load,1480.8600000000001,XY,MW
2051-09-16 23:00:00,SO,load,1110.3600000000001,XY,MW
2051-09-18 00:00:00,CE,load,2915.52,XY,MW
2051-09-19 01:00:00,NR,load,1455.3000000000002,XY,MW
2051-09-20 02:00:00,SO,load,1080.48,XY,MW
2051-09-21 03:00:00,CE,load,2442.12,XY,MW
2051-09-22 04:00:00,NR,load,1199.7,XY,MW
2051-09-23 05:00:00,SO,load,781.68,XY,MW
2051-09-24 06:00:00,CE,load,2300.1,XY,MW
2051-09-25 07:00:00,NR,load,1123.02,XY,MW
2051-09-26 08:00:00,SO,load,692.04,XY,MW
2051-09-27 09:00:00,CE,load,2878.7,XY,MW
2051-09-28 10:00:00,NR,load,1435.42,XY,MW
2051-09-29 11:00:00,SO,load,1057.24,XY,MW
2051-09-30 12:00:00,CE,load,2941.82,XY,MW
2051-10-01 13:00:00,NR,load,1469.5,XY,MW
2051-10-02 14:00:00,SO,load,1097.08,XY,MW
2051-10-03 15:00:00,CE,load,2957.6000000000004,XY,MW
2051-10-04 16:00:00,NR,load,1478.02,XY,MW
2051-10-05 17:00:00,SO,load,1107.04,XY,MW
2051-10-06 18:00:00,CE,load,2962.86,XY,MW
2051-10-07 19:00:00,NR,load,1480.8600000000001,XY,MW
2051-10-08 20:00:00,SO,load,1110.3600000000001,XY,MW
2051-10-09 21:00:00,CE,load,2947.08,XY,MW
2051-10-10 22:00:00,NR,load,1472.34,XY,MW
2051-10-11 23:00:00,SO,load,1100.4,XY,MW
2051-10-13 00:00:00,CE,load,2457.9,XY,MW
2051-10-14 01:00:00,NR,load,1208.22,XY,MW
2051-10-15 02:00:00,SO,load,791.64,XY,MW
2051-10-16 03:00:00,CE,load,2400.04,XY,MW
2051-10-17 04:00:00,NR,load,1176.98,XY,MW
2051-10-18 05:00:00,SO,load,755.12,XY,MW
2051-10-19 06:00:00,CE,load,2910.26,XY,MW
2051-10-20 07:00:00,NR,load,1452.46,XY,MW
2051-10-21 08:00:00,SO,load,1077.1599999999999,XY,MW
2051-10-22 09:00:00,CE,load,2894.48,XY,MW
2051-10-23 10:00:00,NR,load,1443.94,XY,MW
2051-10-24 11:00:00,SO,load,1067.1999999999998,XY,MW
2051-10-25 12:00:00,CE,load,2805.0600000000004,XY,MW
2051-10-26 13:00:00,NR,load,1395.66,XY,MW
2051-10-27 14:00:00,SO,load,1010.76,XY,MW
2051-10-28 15:00:00,CE,load,2720.9,XY,MW
2051-10-29 16:00:00,NR,load,1350.22,XY,MW
2051-10-30 17:00:00,SO,load,957.64,XY,MW
2051-10-31 18:00:00,CE,load,2631.48,XY,MW
2051-11-01 19:00:00,NR,load,1301.94,XY,MW
2051-11-02 20:00:00,SO,load,901.2,XY,MW
2051-11-03 21:00:00,CE,load,2305.36,XY,MW
2051-11-04 22:00:00,NR,load,1125.8600000000001,XY,MW
2051-11-05 23:00:00,SO,load,695.36,XY,MW
2051-11-07 00:00:00,CE,load,2279.06,XY,MW
2051-11-08 01:00:00,NR,load,1111.66,XY,MW
2051-11-09 02:00:00,SO,load,678.76,XY,MW
2051-11-10 03:00:00,CE,load,2510.5,XY,MW
2051-11-11 04:00:00,NR,load,1236.6200000000001,XY,MW
2051-11-12 05:00:00,SO,load,824.84,XY,MW
2051-11-13 06:00:00,CE,load,2494.7200000000003,XY,MW
2051-11-14 07:00:00,NR,load,1228.1,XY,MW
2051-11-15 08:00:00,SO,load,814.88,XY,MW
2051-11-16 09:00:00,CE,load,2431.6,XY,MW
2051-11-17 10:00:00,NR,load,1194.02,XY,MW
2051-11-18 11:00:00,SO,load,775.04,XY,MW
2051-11-19 12:00:00,CE,load,2457.9,XY,MW
2051-11-20 13:00:00,NR,load,1208.22,XY,MW
2051-11-21 14:00:00,SO,load,791.64,XY,MW
2051-11-22 15:00:00,CE,load,2368.48,XY,MW
2051-11-23 16:00:00,NR,load,1159.94,XY,MW
2051-11-24 17:00:00,SO,load,735.2,XY,MW
2051-11-25 18:00:00,CE,load,2173.86,XY,MW
2051-11-26 19:00:00,NR,load,1054.8600000000001,XY,MW
2051-11-27 20:00:00,SO,load,612.36,XY,MW
2051-11-28 21:00:00,CE,load,2857.6600000000003,XY,MW
2051-11-29 22:00:00,NR,load,1424.06,XY,MW
2051-11-30 23:00:00,SO,load,1043.96,XY,MW
2051-12-02 00:00:00,CE,load,2999.6800000000003,XY,MW
2051-12-03 01:00:00,NR,load,1500.74,XY,MW
2051-12-04 02:00:00,SO,load,1133.6,XY,MW
2051-12-05 03:00:00,CE,load,2973.38,XY,MW
2051-12-06 04:00:00,NR,load,1486.54,XY,MW
2051-12-07 05:00:00,SO,load,1117.0,XY,MW
2051-12-08 06:00:00,CE,load,2983.9,XY,MW
2051-12-09 07:00:00,NR,load,1492.22,XY,MW
2051-12-10 08:00:00,SO,load,1123.6399999999999,XY,MW
2051-12-11 09:00:00,CE,load,2920.78,XY,MW
2051-12-12 10:00:00,NR,load,1458.14,XY,MW
2051-12-13 11:00:00,SO,load,1083.8,XY,MW
2051-12-14 12:00:00,CE,load,2521.02,XY,MW
2051-12-15 13:00:00,NR,load,1242.3,XY,MW
2051-12-16 14:00:00,SO,load,831.48,XY,MW
2051-12-17 15:00:00,CE,load,2410.56,XY,MW
2051-12-18 16:00:00,NR,load,1182.66,XY,MW
2051-12-19 17:00:00,SO,load,761.76,XY,MW
2051-12-20 18:00:00,CE,load,2931.3,XY,MW
2051-12-21 19:00:00,NR,load,1463.8200000000002,XY,MW
2051-12-22 20:00:00,SO,load,1090.44,XY,MW
2051-12-23 21:00:00,CE,load,3025.98,XY,MW
2051-12-24 22:00:00,NR,load,1514.94,XY,MW
2051-12-25 23:00:00,SO,load,1150.2,XY,MW
2051-12-27 00:00:00,CE,load,3062.8,XY,MW
2051-12-28 01:00:00,NR,load,1534.8200000000002,XY,MW
2051-12-29 02:00:00,SO,load,1173.44,XY,MW
2051-12-30 03:00:00,CE,load,3052.28,XY,MW
2051-12-31 04:00:00,NR,load,1529.1399999999999,XY,MW
2052-01-01 05:00:00,SO,load,1166.8,XY,MW
2052-01-02 06:00:00,CE,load,2905.0,XY,MW
2052-01-03 07:00:00,NR,load,1449.6200000000001,XY,MW
2052-01-04 08:00:00,SO,load,1073.8400000000001,XY,MW
2052-01-05 09:00:00,CE,load,2473.6800000000003,XY,MW
2052-01-06 10:00:00,NR,load,1216.74,XY,MW
2052-01-07 11:00:00,SO,load,801.5999999999999,XY,MW
2052-01-08 12:00:00,CE,load,2373.7400000000002,XY,MW
2052-01-09 13:00:00,NR,load,1162.78,XY,MW
2052-01-10 14:00:00,SO,load,738.52,XY,MW
2052-01-11 15:00:00,CE,load,2684.08,XY,MW
2052-01-12 16:00:00,NR,load,1330.3400000000001,XY,MW
2052-01-13 17:00:00,SO,load,934.4,XY,MW
2052-01-14 18:00:00,CE,load,2689.34,XY,MW
2052-01-15 19:00:00,NR,load,1333.18,XY,MW
2052-01-16 20:00:00,SO,load,937.72,XY,MW
2052-01-17 21:00:00,CE,load,2668.3,XY,MW
2052-01-18 22:00:00,NR,load,1321.8200000000002,XY,MW
2052-01-19 23:00:00,SO,load,924.44,XY,MW
2052-01-21 00:00:00,CE,load,2610.44,XY,MW
2052-01-22 01:00:00,NR,load,1290.58,XY,MW
2052-01-23 02:00:00,SO,load,887.92,XY,MW
2052-01-24 03:00:00,CE,load,2484.2000000000003,XY,MW
2052-01-25 04:00:00,NR,load,1222.42,XY,MW
2052-01-26 05:00:00,SO,load,808.24,XY,MW
2052-01-27 06:00:00,CE,load,2210.6800000000003,XY,MW
2052-01-28 07:00:00,NR,load,1074.74,XY,MW
2052-01-29 08:00:00,SO,load,635.6,XY,MW
2052-01-30 09:00:00,CE,load,2310.62,XY,MW
2052-01-31 10:00:00,NR,load,1128.7,XY,MW
2052-02-01 11:00:00,SO,load,698.68,XY,MW
2052-02-02 12:00:00,CE,load,2515.76,XY,MW
2052-02-03 13:00:00,NR,load,1239.46,XY,MW
2052-02-04 14:00:00,SO,load,828.1600000000001,XY,MW
2052-02-05 15:00:00,CE,load,2610.44,XY,MW
2052-02-06 16:00:00,NR,load,1290.58,XY,MW
2052-02-07 17:00:00,SO,load,887.92,XY,MW
2052-02-08 18:00:00,CE,load,2799.8,XY,MW
2052-02-09 19:00:00,NR,load,1392.82,XY,MW
2052-02-10 20:00:00,SO,load,1007.4399999999999,XY,MW
2052-02-11 21:00:00,CE,load,2915.52,XY,MW
2052-02-12 22:00:00,NR,load,1455.3000000000002,XY,MW
2052-02-13 23:00:00,SO,load,1080.48,XY,MW
2052-02-15 00:00:00,CE,load,2499.98,XY,MW
2052-02-16 01:00:00,NR,load,1230.94,XY,MW
2052-02-17 02:00:00,SO,load,818.2,XY,MW
2052-02-18 03:00:00,CE,load,2231.7200000000003,XY,MW
2052-02-19 04:00:00,NR,load,1086.1,XY,MW
2052-02-20 05:00:00,SO,load,648.88,XY,MW
2052-02-21 06:00:00,CE,load,2915.52,XY,MW
2052-02-22 07:00:00,NR,load,1455.3000000000002,XY,MW
2052-02-23 08:00:00,SO,load,1080.48,XY,MW
2052-02-24 09:00:00,CE,load,2994.42,XY,MW
2052-02-25 10:00:00,NR,load,1497.9,XY,MW
2052-02-26 11:00:00,SO,load,1130.28,XY,MW
2052-02-27 12:00:00,CE,load,3010.2000000000003,XY,MW
2052-02-28 13:00:00,NR,load,1506.42,XY,MW
2052-02-29 14:00:00,SO,load,1140.24,XY,MW
2052-03-01 15:00:00,CE,load,3010.2000000000003,XY,MW
2052-03-02 16:00:00,NR,load,1506.42,XY,MW
2052-03-03 17:00:00,SO,load,1140.24,XY,MW
2052-03-04 18:00:00,CE,load,3020.7200000000003,XY,MW
2052-03-05 19:00:00,NR,load,1512.1,XY,MW
2052-03-06 20:00:00,SO,load,1146.88,XY,MW
2052-03-07 21:00:00,CE,load,2573.62,XY,MW
2052-03-08 22:00:00,NR,load,1270.7,XY,MW
2052-03-09 23:00:00,SO,load,864.6800000000001,XY,MW
2052-03-11 00:00:00,CE,load,2405.3,XY,MW
2052-03-12 01:00:00,NR,load,1179.82,XY,MW
2052-03-13 02:00:00,SO,load,758.4399999999999,XY,MW
2052-03-14 03:00:00,CE,load,3025.98,XY,MW
2052-03-15 04:00:00,NR,load,1514.94,XY,MW
2052-03-16 05:00:00,SO,load,1150.2,XY,MW
2052-03-17 06:00:00,CE,load,3062.8,XY,MW
2052-03-18 07:00:00,NR,load,1534.8200000000002,XY,MW
2052-03-19 08:00:00,SO,load,1173.44,XY,MW
2052-03-20 09:00:00,CE,load,2973.38,XY,MW
2052-03-21 10:00:00,NR,load,1486.54,XY,MW
2052-03-22 11:00:00,SO,load,1117.0,XY,MW
2052-03-23 12:00:00,CE,load,2910.26,XY,MW
2052-03-24 13:00:00,NR,load,1452.46,XY,MW
2052-03-25 14:00:00,SO,load,1077.1599999999999,XY,MW
2052-03-26 15:00:00,CE,load,2741.94,XY,MW
2052-03-27 16:00:00,NR,load,1361.58,XY,MW
2052-03-28 17:00:00,SO,load,970.92,XY,MW
2052-03-29 18:00:00,CE,load,2342.1800000000003,XY,MW
2052-03-30 19:00:00,NR,load,1145.74,XY,MW
2052-03-31 20:00:00,SO,load,718.6,XY,MW
2052-04-01 21:00:00,CE,load,2273.8,XY,MW
2052-04-02 22:00:00,NR,load,1108.82,XY,MW
2052-04-03 23:00:00,SO,load,675.44,XY,MW
2052-04-05 00:00:00,CE,load,2584.1400000000003,XY,MW
2052-04-06 01:00:00,NR,load,1276.38,XY,MW
2052-04-07 02:00:00,SO,load,871.3199999999999,XY,MW
2052-04-08 03:00:00,CE,load,2536.8,XY,MW
2052-04-09 04:00:00,NR,load,1250.8200000000002,XY,MW
2052-04-10 05:00:00,SO,load,841.44,XY,MW
2052-04-11 06:00:00,CE,load,2421.08,XY,MW
2052-04-12 07:00:00,NR,load,1188.3400000000001,XY,MW
2052-04-13 08:00:00,SO,load,768.4,XY,MW
2052-04-14 09:00:00,CE,load,2542.06,XY,MW
2052-04-15 10:00:00,NR,load,1253.66,XY,MW
2052-04-16 11:00:00,SO,load,844.76,XY,MW
2052-04-17 12:00:00,CE,load,2394.78,XY,MW
2052-04-18 13:00:00,NR,load,1174.14,XY,MW
2052-04-19 14:00:00,SO,load,751.8,XY,MW
2052-04-20 15:00:00,CE,load,2158.08,XY,MW
2052-04-21 16:00:00,NR,load,1046.3400000000001,XY,MW
2052-04-22 17:00:00,SO,load,602.4,XY,MW
2052-04-23 18:00:00,CE,load,2710.38,XY,MW
2052-04-24 19:00:00,NR,load,1344.54,XY,MW
2052-04-25 20:00:00,SO,load,951.0,XY,MW
2052-04-26 21:00:00,CE,load,3010.2000000000003,XY,MW
2052-04-27 22:00:00,NR,load,1506.42,XY,MW
2052-04-28 23:00:00,SO,load,1140.24,XY,MW
2052-04-30 00:00:00,CE,load,3057.54,XY,MW
2052-05-01 01:00:00,NR,load,1531.98,XY,MW
2052-05-02 02:00:00,SO,load,1170.12,XY,MW
2052-05-03 03:00:00,CE,load,3031.2400000000002,XY,MW
2052-05-04 04:00:00,NR,load,1517.78,XY,MW
2052-05-05 05:00:00,SO,load,1153.52,XY,MW
2052-05-06 06:00:00,CE,load,2957.6000000000004,XY,MW
2052-05-07 07:00:00,NR,load,1478.02,XY,MW
2052-05-08 08:00:00,SO,load,1107.04,XY,MW
2052-05-09 09:00:00,CE,load,2620.96,XY,MW
2052-05-10 10:00:00,NR,load,1296.26,XY,MW
2052-05-11 11:00:00,SO,load,894.56,XY,MW
2052-05-12 12:00:00,CE,load,2389.52,XY,MW
2052-05-13 13:00:00,NR,load,1171.3,XY,MW
2052-05-14 14:00:00,SO,load,748.48,XY,MW
2052-05-15 15:00:00,CE,load,2952.34,XY,MW
2052-05-16 16:00:00,NR,load,1475.18,XY,MW
2052-05-17 17:00:00,SO,load,1103.7199999999998,XY,MW
2052-05-18 18:00:00,CE,load,3052.28,XY,MW
2052-05-19 19:00:00,NR,load,1529.1399999999999,XY,MW
2052-05-20 20:00:00,SO,load,1166.8,XY,MW
2052-05-21 21:00:00,CE,load,3099.62,XY,MW
2052-05-22 22:00:00,NR,load,1554.7,XY,MW
2052-05-23 23:00:00,SO,load,1196.6799999999998,XY,MW
2052-05-25 00:00:00,CE,load,3125.92,XY,MW
2052-05-26 01:00:00,NR,load,1568.9,XY,MW
2052-05-27 02:00:00,SO,load,1213.28,XY,MW
2052-05-28 03:00:00,CE,load,2989.16,XY,MW
2052-05-29 04:00:00,NR,load,1495.06,XY,MW
2052-05-30 05:00:00,SO,load,1126.96,XY,MW
2052-05-31 06:00:00,CE,load,2510.5,XY,MW
2052-06-01 07:00:00,NR,load,1236.6200000000001,XY,MW
2052-06-02 08:00:00,SO,load,824.84,XY,MW
2052-06-03 09:00:00,CE,load,2400.04,XY,MW
2052-06-04 10:00:00,NR,load,1176.98,XY,MW
2052-06-05 11:00:00,SO,load,755.12,XY,MW
2052-06-06 12:00:00,CE,load,2784.02,XY,MW
2052-06-07 13:00:00,NR,load,1384.3,XY,MW
2052-06-08 14:00:00,SO,load,997.48,XY,MW
2052-06-09 15:00:00,CE,load,2768.2400000000002,XY,MW
2052-06-10 16:00:00,NR,load,1375.78,XY,MW
2052-06-11 17:00:00,SO,load,987.52,XY,MW
2052-06-12 18:00:00,CE,load,2720.9,XY,MW
2052-06-13 19:00:00,NR,load,1350.22,XY,MW
2052-06-14 20:00:00,SO,load,957.64,XY,MW
2052-06-15 21:00:00,CE,load,2684.08,XY,MW
2052-06-16 22:00:00,NR,load,1330.3400000000001,XY,MW
2052-06-17 23:00:00,SO,load,934.4,XY,MW
2052-06-19 00:00:00,CE,load,2552.58,XY,MW
2052-06-20 01:00:00,NR,load,1259.3400000000001,XY,MW
2052-06-21 02:00:00,SO,load,851.4,XY,MW
2052-06-22 03:00:00,CE,load,2231.7200000000003,XY,MW
2052-06-23 04:00:00,NR,load,1086.1,XY,MW
2052-06-24 05:00:00,SO,load,648.88,XY,MW
2052-06-25 06:00:00,CE,load,2289.58,XY,MW
2052-06-26 07:00:00,NR,load,1117.3400000000001,XY,MW
2052-06-27 08:00:00,SO,load,685.4,XY,MW
2052-06-28 09:00:00,CE,load,2515.76,XY,MW
2052-06-29 10:00:00,NR,load,1239.46,XY,MW
2052-06-30 11:00:00,SO,load,828.1600000000001,XY,MW
2052-07-01 12:00:00,CE,load,2484.2000000000003,XY,MW
2052-07-02 13:00:00,NR,load,1222.42,XY,MW
2052-07-03 14:00:00,SO,load,808.24,XY,MW
2052-07-04 15:00:00,CE,load,2352.7000000000003,XY,MW
2052-07-05 16:00:00,NR,load,1151.42,XY,MW
2052-07-06 17:00:00,SO,load,725.24,XY,MW
2052-07-07 18:00:00,CE,load,2673.56,XY,MW
2052-07-08 19:00:00,NR,load,1324.66,XY,MW
2052-07-09 20:00:00,SO,load,927.76,XY,MW
2052-07-10 21:00:00,CE,load,2410.56,XY,MW
2052-07-11 22:00:00,NR,load,1182.66,XY,MW
2052-07-12 23:00:00,SO,load,761.76,XY,MW
2052-07-14 00:00:00,CE,load,2152.82,XY,MW
2052-07-15 01:00:00,NR,load,1043.5,XY,MW
2052-07-16 02:00:00,SO,load,599.0799999999999,XY,MW
2052-07-17 03:00:00,CE,load,2920.78,XY,MW
2052-07-18 04:00:00,NR,load,1458.14,XY,MW
2052-07-19 05:00:00,SO,load,1083.8,XY,MW
2052-07-20 06:00:00,CE,load,3031.2400000000002,XY,MW
2052-07-21 07:00:00,NR,load,1517.78,XY,MW
2052-07-22 08:00:00,SO,load,1153.52,XY,MW
2052-07-23 09:00:00,CE,load,3036.5,XY,MW
2052-07-24 10:00:00,NR,load,1520.62,XY,MW
2052-07-25 11:00:00,SO,load,1156.8400000000001,XY,MW
2052-07-26 12:00:00,CE,load,3031.2400000000002,XY,MW
2052-07-27 13:00:00,NR,load,1517.78,XY,MW
2052-07-28 14:00:00,SO,load,1153.52,XY,MW
2052-07-29 15:00:00,CE,load,3010.2000000000003,XY,MW
2052-07-30 16:00:00,NR,load,1506.42,XY,MW
2052-07-31 17:00:00,SO,load,1140.24,XY,MW
2052-08-01 18:00:00,CE,load,2552.58,XY,MW
2052-08-02 19:00:00,NR,load,1259.3400000000001,XY,MW
2052-08-03 20:00:00,SO,load,851.4,XY,MW
2052-08-04 21:00:00,CE,load,2363.2200000000003,XY,MW
2052-08-05 22:00:00,NR,load,1157.1,XY,MW
2052-08-06 23:00:00,SO,load,731.88,XY,MW
2052-08-08 00:00:00,CE,load,3062.8,XY,MW
2052-08-09 01:00:00,NR,load,1534.8200000000002,XY,MW
2052-08-10 02:00:00,SO,load,1173.44,XY,MW
2052-08-11 03:00:00,CE,load,3131.1800000000003,XY,MW
2052-08-12 04:00:00,NR,load,1571.74,XY,MW
2052-08-13 05:00:00,SO,load,1216.6,XY,MW
2052-08-14 06:00:00,CE,load,3068.0600000000004,XY,MW
2052-08-15 07:00:00,NR,load,1537.66,XY,MW
2052-08-16 08:00:00,SO,load,1176.76,XY,MW
2052-08-17 09:00:00,CE,load,2962.86,XY,MW
2052-08-18 10:00:00,NR,load,1480.8600000000001,XY,MW
2052-08-19 11:00:00,SO,load,1110.3600000000001,XY,MW
2052-08-20 12:00:00,CE,load,2778.76,XY,MW
2052-08-21 13:00:00,NR,load,1381.46,XY,MW
2052-08-22 14:00:00,SO,load,994.16,XY,MW
2052-08-23 15:00:00,CE,load,2336.92,XY,MW
2052-08-24 16:00:00,NR,load,1142.9,XY,MW
2052-08-25 17:00:00,SO,load,715.28,XY,MW
2052-08-26 18:00:00,CE,load,2231.7200000000003,XY,MW
2052-08-27 19:00:00,NR,load,1086.1,XY,MW
2052-08-28 20:00:00,SO,load,648.88,XY,MW
2052-08-29 21:00:00,CE,load,2642.0,XY,MW
2052-08-30 22:00:00,NR,load,1307.6200000000001,XY,MW
2052-08-31 23:00:00,SO,load,907.8399999999999,XY,MW
2052-09-02 00:00:00,CE,load,2636.7400000000002,XY,MW
2052-09-03 01:00:00,NR,load,1304.78,XY,MW
2052-09-04 02:00:00,SO,load,904.52,XY,MW
2052-09-05 03:00:00,CE,load,2594.66,XY,MW
2052-09-06 04:00:00,NR,load,1282.06,XY,MW
2052-09-07 05:00:00,SO,load,877.96,XY,MW
2052-09-08 06:00:00,CE,load,2552.58,XY,MW
2052-09-09 07:00:00,NR,load,1259.3400000000001,XY,MW
2052-09-10 08:00:00,SO,load,851.4,XY,MW
2052-09-11 09:00:00,CE,load,2400.04,XY,MW
2052-09-12 10:00:00,NR,load,1176.98,XY,MW
2052-09-13 11:00:00,SO,load,755.12,XY,MW
2052-09-14 12:00:00,CE,load,2152.82,XY,MW
2052-09-15 13:00:00,NR,load,1043.5,XY,MW
2052-09-16 14:00:00,SO,load,599.0799999999999,XY,MW
2052-09-17 15:00:00,CE,load,2494.7200000000003,XY,MW
2052-09-18 16:00:00,NR,load,1228.1,XY,MW
2052-09-19 17:00:00,SO,load,814.88,XY,MW
2052-09-20 18:00:00,CE,load,2831.36,XY,MW
2052-09-21 19:00:00,NR,load,1409.8600000000001,XY,MW
2052-09-22 20:00:00,SO,load,1027.36,XY,MW
2052-09-23 21:00:00,CE,load,3041.76,XY,MW
2052-09-24 22:00:00,NR,load,1523.46,XY,MW
2052-09-25 23:00:00,SO,load,1160.1599999999999,XY,MW
2052-09-27 00:00:00,CE,load,3057.54,XY,MW
2052-09-28 01:00:00,NR,load,1531.98,XY,MW
2052-09-29 02:00:00,SO,load,1170.12,XY,MW
2052-09-30 03:00:00,CE,load,2968.12,XY,MW
2052-10-01 04:00:00,NR,load,1483.7,XY,MW
2052-10-02 05:00:00,SO,load,1113.68,XY,MW
2052-10-03 06:00:00,CE,load,2552.58,XY,MW
2052-10-04 07:00:00,NR,load,1259.3400000000001,XY,MW
2052-10-05 08:00:00,SO,load,851.4,XY,MW
2052-10-06 09:00:00,CE,load,2273.8,XY,MW
2052-10-07 10:00:00,NR,load,1108.82,XY,MW
2052-10-08 11:00:00,SO,load,675.44,XY,MW
2052-10-09 12:00:00,CE,load,2947.08,XY,MW
2052-10-10 13:00:00,NR,load,1472.34,XY,MW
2052-10-11 14:00:00,SO,load,1100.4,XY,MW
2052-10-12 15:00:00,CE,load,3057.54,XY,MW
2052-10-13 16:00:00,NR,load,1531.98,XY,MW
2052-10-14 17:00:00,SO,load,1170.12,XY,MW
2052-10-15 18:00:00,CE,load,3078.58,XY,MW
2052-10-16 19:00:00,NR,load,1543.3400000000001,XY,MW
2052-10-17 20:00:00,SO,load,1183.4,XY,MW
2052-10-18 21:00:00,CE,load,3115.4,XY,MW
2052-10-19 22:00:00,NR,load,1563.22,XY,MW
2052-10-20 23:00:00,SO,load,1206.6399999999999,XY,MW
2052-10-22 00:00:00,CE,load,3031.2400000000002,XY,MW
2052-10-23 01:00:00,NR,load,1517.78,XY,MW
2052-10-24 02:00:00,SO,load,1153.52,XY,MW
2052-10-25 03:00:00,CE,load,2494.7200000000003,XY,MW
2052-10-26 04:00:00,NR,load,1228.1,XY,MW
2052-10-27 05:00:00,SO,load,814.88,XY,MW
2052-10-28 06:00:00,CE,load,2363.2200000000003,XY,MW
2052-10-29 07:00:00,NR,load,1157.1,XY,MW
2052-10-30 08:00:00,SO,load,731.88,XY,MW
2052-10-31 09:00:00,CE,load,2899.74,XY,MW
2052-11-01 10:00:00,NR,load,1446.78,XY,MW
2052-11-02 11:00:00,SO,load,1070.52,XY,MW
2052-11-03 12:00:00,CE,load,2862.92,XY,MW
2052-11-04 13:00:00,NR,load,1426.9,XY,MW
2052-11-05 14:00:00,SO,load,1047.28,XY,MW
2052-11-06 15:00:00,CE,load,2794.54,XY,MW
2052-11-07 16:00:00,NR,load,1389.98,XY,MW
2052-11-08 17:00:00,SO,load,1004.1199999999999,XY,MW
2052-11-09 18:00:00,CE,load,2741.94,XY,MW
2052-11-10 19:00:00,NR,load,1361.58,XY,MW
2052-11-11 20:00:00,SO,load,970.92,XY,MW
2052-11-12 21:00:00,CE,load,2636.7400000000002,XY,MW
2052-11-13 22:00:00,NR,load,1304.78,XY,MW
2052-11-14 23:00:00,SO,load,904.52,XY,MW
2052-11-16 00:00:00,CE,load,2268.54,XY,MW
2052-11-17 01:00:00,NR,load,1105.98,XY,MW
2052-11-18 02:00:00,SO,load,672.12,XY,MW
2052-11-19 03:00:00,CE,load,2273.8,XY,MW
2052-11-20 04:00:00,NR,load,1108.82,XY,MW
2052-11-21 05:00:00,SO,load,675.44,XY,MW
2052-11-22 06:00:00,CE,load,2547.32,XY,MW
2052-11-23 07:00:00,NR,load,1256.5,XY,MW
2052-11-24 08:00:00,SO,load,848.0799999999999,XY,MW
2052-11-25 09:00:00,CE,load,2531.54,XY,MW
2052-11-26 10:00:00,NR,load,1247.98,XY,MW
2052-11-27 11:00:00,SO,load,838.1199999999999,XY,MW
2052-11-28 12:00:00,CE,load,2510.5,XY,MW
2052-11-29 13:00:00,NR,load,1236.6200000000001,XY,MW
2052-11-30 14:00:00,SO,load,824.84,XY,MW
2052-12-01 15:00:00,CE,load,2499.98,XY,MW
2052-12-02 16:00:00,NR,load,1230.94,XY,MW
2052-12-03 17:00:00,SO,load,818.2,XY,MW
2052-12-04 18:00:00,CE,load,2331.66,XY,MW
2052-12-05 19:00:00,NR,load,1140.06,XY,MW
2052-12-06 20:00:00,SO,load,711.96,XY,MW
2052-12-07 21:00:00,CE,load,2137.04,XY,MW
2052-12-08 22:00:00,NR,load,1034.98,XY,MW
2052-12-09 23:00:00,SO,load,589.12,XY,MW
2052-12-11 00:00:00,CE,load,2210.6800000000003,XY,MW
2052-12-12 01:00:00,NR,load,1074.74,XY,MW
2052-12-13 02:00:00,SO,load,635.6,XY,MW
2052-12-14 03:00:00,CE,load,2131.78,XY,MW
2052-12-15 04:00:00,NR,load,1032.14,XY,MW
2052-12-16 05:00:00,SO,load,585.8,XY,MW
2052-12-17 06:00:00,CE,load,2221.2000000000003,XY,MW
2052-12-18 07:00:00,NR,load,1080.42,XY,MW
2052-12-19 08:00:00,SO,load,642.24,XY,MW
2052-12-20 09:00:00,CE,load,2573.62,XY,MW
2052-12-21 10:00:00,NR,load,1270.7,XY,MW
2052-12-22 11:00:00,SO,load,864.6800000000001,XY,MW
2052-12-23 12:00:00,CE,load,2610.44,XY,MW
2052-12-24 13:00:00,NR,load,1290.58,XY,MW
2052-12-25 14:00:00,SO,load,887.92,XY,MW
2052-12-26 15:00:00,CE,load,2457.9,XY,MW
2052-12-27 16:00:00,NR,load,1208.22,XY,MW
2052-12-28 17:00:00,SO,load,791.64,XY,MW
2052-12-29 18:00:00,CE,load,2336.92,XY,MW
2052-12-30 19:00:00,NR,load,1142.9,XY,MW
2052-12-31 20:00:00,SO,load,715.28,XY,MW
2053-01-01 21:00:00,CE,load,2300.1,XY,MW
2053-01-02 22:00:00,NR,load,1123.02,XY,MW
2053-01-03 23:00:00,SO,load,692.04,XY,MW
2050-01-01 00:00:00,CE,store_discharge,0.0,XY,MW
2050-01-02 01:00:00,NR,store_discharge,-6.48,XY,MW
2050-01-03 02:00:00,SO,store_discharge,0.0,XY,MW
2050-01-04 03:00:00,CE,store_discharge,0.0,XY,MW
2050-01-05 04:00:00,NR,store_discharge,6.48,XY,MW
2050-01-06 05:00:00,SO,store_discharge,0.0,XY,MW
2050-01-07 06:00:00,CE,store_discharge,0.0,XY,MW
2050-01-08 07:00:00,NR,store_discharge,0.0,XY,MW
2050-01-09 08:00:00,SO,store_discharge,0.0,XY,MW
2050-01-10 09:00:00,CE,store_discharge,0.0,XY,MW
2050-01-11 10:00:00,NR,store_discharge,0.0,XY,MW
2050-01-12 11:00:00,SO,store_discharge,0.0,XY,MW
2050-01-13 12:00:00,CE,store_discharge,0.0,XY,MW
2050-01-14 13:00:00,NR,store_discharge,0.0,XY,MW
2050-01-15 14:00:00,SO,store_discharge,0.0,XY,MW
2050-01-16 15:00:00,CE,store_discharge,0.0,XY,MW
2050-01-17 16:00:00,NR,store_discharge,0.0,XY,MW
2050-01-18 17:00:00,SO,store_discharge,0.0,XY,MW
2050-01-19 18:00:00,CE,store_discharge,-3.69,XY,MW
2050-01-20 19:00:00,NR,store_discharge,-6.21,XY,MW
2050-01-21 20:00:00,SO,store_discharge,-4.5,XY,MW
2050-01-22 21:00:00,CE,store_discharge,3.69,XY,MW
2050-01-23 22:00:00,NR,store_discharge,6.21,XY,MW
2050-01-24 23:00:00,SO,store_discharge,4.5,XY,MW
2050-01-26 00:00:00,CE,store_discharge,0.0,XY,MW
2050-01-27 01:00:00,NR,store_discharge,0.0,XY,MW
2050-01-28 02:00:00,SO,store_discharge,0.0,XY,MW
2050-01-29 03:00:00,CE,store_discharge,0.0,XY,MW
2050-01-30 04:00:00,NR,store_discharge,0.0,XY,MW
2050-01-31 05:00:00,SO,store_discharge,0.0,XY,MW
2050-02-01 06:00:00,CE,store_discharge,0.0,XY,MW
2050-02-02 07:00:00,NR,store_discharge,0.0,XY,MW
2050-02-03 08:00:00,SO,store_discharge,0.0,XY,MW
2050-02-04 09:00:00,CE,store_discharge,0.0,XY,MW
2050-02-05 10:00:00,NR,store_discharge,0.0,XY,MW
2050-02-06 11:00:00,SO,store_discharge,0.0,XY,MW
2050-02-07 12:00:00,CE,store_discharge,0.0,XY,MW
2050-02-08 13:00:00,NR,store_discharge,0.0,XY,MW
2050-02-09 14:00:00,SO,store_discharge,0.0,XY,MW
2050-02-10 15:00:00,CE,store_discharge,0.0,XY,MW
2050-02-11 16:00:00,NR,store_discharge,0.0,XY,MW
2050-02-12 17:00:00,SO,store_discharge,0.0,XY,MW
2050-02-13 18:00:00,CE,store_discharge,0.0,XY,MW
2050-02-14 19:00:00,NR,store_discharge,0.0,XY,MW
2050-02-15 20:00:00,SO,store_discharge,0.0,XY,MW
2050-02-16 21:00:00,CE,store_discharge,0.0,XY,MW
2050-02-17 22:00:00,NR,store_discharge,0.0,XY,MW
2050-02-18 23:00:00,SO,store_discharge,0.0,XY,MW
2050-02-20 00:00:00,CE,store_discharge,0.0,XY,MW
2050-02-21 01:00:00,NR,store_discharge,0.0,XY,MW
2050-02-22 02:00:00,SO,store_discharge,0.0,XY,MW
2050-02-23 03:00:00,CE,store_discharge,0.0,XY,MW
2050-02-24 04:00:00,NR,store_discharge,0.0,XY,MW
2050-02-25 05:00:00,SO,store_discharge,0.0,XY,MW
2050-02-26 06:00:00,CE,store_discharge,0.0,XY,MW
2050-02-27 07:00:00,NR,store_discharge,0.0,XY,MW
2050-02-28 08:00:00,SO,store_discharge,0.0,XY,MW
2050-03-01 09:00:00,CE,store_discharge,0.0,XY,MW
2050-03-02 10:00:00,NR,store_discharge,0.0,XY,MW
2050-03-03 11:00:00,SO,store_discharge,0.0,XY,MW
2050-03-04 12:00:00,CE,store_discharge,0.0,XY,MW
2050-03-05 13:00:00,NR,store_discharge,0.0,XY,MW
2050-03-06 14:00:00,SO,store_discharge,0.0,XY,MW
2050-03-07 15:00:00,CE,store_discharge,0.0,XY,MW
2050-03-08 16:00:00,NR,store_discharge,0.0,XY,MW
2050-03-09 17:00:00,SO,store_discharge,0.0,XY,MW
2050-03-10 18:00:00,CE,store_discharge,0.0,XY,MW
2050-03-11 19:00:00,NR,store_discharge,0.0,XY,MW
2050-03-12 20:00:00,SO,store_discharge,0.0,XY,MW
2050-03-13 21:00:00,CE,store_discharge,0.0,XY,MW
2050-03-14 22:00:00,NR,store_discharge,0.0,XY,MW
2050-03-15 23:00:00,SO,store_discharge,0.0,XY,MW
2050-03-17 00:00:00,CE,store_discharge,0.0,XY,MW
2050-03-18 01:00:00,NR,store_discharge,0.0,XY,MW
2050-03-19 02:00:00,SO,store_discharge,0.0,XY,MW
2050-03-20 03:00:00,CE,store_discharge,0.0,XY,MW
2050-03-21 04:00:00,NR,store_discharge,0.0,XY,MW
2050-03-22 05:00:00,SO,store_discharge,0.0,XY,MW
2050-03-23 06:00:00,CE,store_discharge,0.0,XY,MW
2050-03-24 07:00:00,NR,store_discharge,0.0,XY,MW
2050-03-25 08:00:00,SO,store_discharge,0.0,XY,MW
2050-03-26 09:00:00,CE,store_discharge,0.0,XY,MW
2050-03-27 10:00:00,NR,store_discharge,0.0,XY,MW
2050-03-28 11:00:00,SO,store_discharge,0.0,XY,MW
2050-03-29 12:00:00,CE,store_discharge,0.0,XY,MW
2050-03-30 13:00:00,NR,store_discharge,0.0,XY,MW
2050-03-31 14:00:00,SO,store_discharge,0.0,XY,MW
2050-04-01 15:00:00,CE,store_discharge,0.0,XY,MW
2050-04-02 16:00:00,NR,store_discharge,0.0,XY,MW
2050-04-03 17:00:00,SO,store_discharge,0.0,XY,MW
2050-04-04 18:00:00,CE,store_discharge,-3.69,XY,MW
2050-04-05 19:00:00,NR,store_discharge,-6.21,XY,MW
2050-04-06 20:00:00,SO,store_discharge,-4.5,XY,MW
2050-04-07 21:00:00,CE,store_discharge,3.69,XY,MW
2050-04-08 22:00:00,NR,store_discharge,6.21,XY,MW
2050-04-09 23:00:00,SO,store_discharge,4.5,XY,MW
2050-04-11 00:00:00,CE,store_discharge,0.0,XY,MW
2050-04-12 01:00:00,NR,store_discharge,0.0,XY,MW
2050-04-13 02:00:00,SO,store_discharge,0.0,XY,MW
2050-04-14 03:00:00,CE,store_discharge,0.0,XY,MW
2050-04-15 04:00:00,NR,store_discharge,0.0,XY,MW
2050-04-16 05:00:00,SO,store_discharge,0.0,XY,MW
2050-04-17 06:00:00,CE,store_discharge,0.0,XY,MW
2050-04-18 07:00:00,NR,store_discharge,0.0,XY,MW
2050-04-19 08:00:00,SO,store_discharge,0.0,XY,MW
2050-04-20 09:00:00,CE,store_discharge,0.0,XY,MW
2050-04-21 10:00:00,NR,store_discharge,0.0,XY,MW
2050-04-22 11:00:00,SO,store_discharge,0.0,XY,MW
2050-04-23 12:00:00,CE,store_discharge,0.0,XY,MW
2050-04-24 13:00:00,NR,store_discharge,0.0,XY,MW
2050-04-25 14:00:00,SO,store_discharge,0.0,XY,MW
2050-04-26 15:00:00,CE,store_discharge,0.0,XY,MW
2050-04-27 16:00:00,NR,store_discharge,0.0,XY,MW
2050-04-28 17:00:00,SO,store_discharge,0.0,XY,MW
2050-04-29 18:00:00,CE,store_discharge,0.0,XY,MW
2050-04-30 19:00:00,NR,store_discharge,0.0,XY,MW
2050-05-01 20:00:00,SO,store_discharge,0.0,XY,MW
2050-05-02 21:00:00,CE,store_discharge,0.0,XY,MW
2050-05-03 22:00:00,NR,store_discharge,0.0,XY,MW
2050-05-04 23:00:00,SO,store_discharge,0.0,XY,MW
2050-05-06 00:00:00,CE,store_discharge,0.0,XY,MW
2050-05-07 01:00:00,NR,store_discharge,0.0,XY,MW
2050-05-08 02:00:00,SO,store_discharge,0.0,XY,MW
2050-05-09 03:00:00,CE,store_discharge,0.0,XY,MW
2050-05-10 04:00:00,NR,store_discharge,0.0,XY,MW
2050-05-11 05:00:00,SO,store_discharge,0.0,XY,MW
2050-05-12 06:00:00,CE,store_discharge,0.0,XY,MW
2050-05-13 07:00:00,NR,store_discharge,0.0,XY,MW
2050-05-14 08:00:00,SO,store_discharge,0.0,XY,MW
2050-05-15 09:00:00,CE,store_discharge,0.0,XY,MW
2050-05-16 10:00:00,NR,store_discharge,0.0,XY,MW
2050-05-17 11:00:00,SO,store_discharge,0.0,XY,MW
2050-05-18 12:00:00,CE,store_discharge,0.0,XY,MW
2050-05-19 13:00:00,NR,store_discharge,0.0,XY,MW
2050-05-20 14:00:00,SO,store_discharge,0.0,XY,MW
2050-05-21 15:00:00,CE,store_discharge,0.0,XY,MW
2050-05-22 16:00:00,NR,store_discharge,0.0,XY,MW
2050-05-23 17:00:00,SO,store_discharge,0.0,XY,MW
2050-05-24 18:00:00,CE,store_discharge,0.0,XY,MW
2050-05-25 19:00:00,NR,store_discharge,0.0,XY,MW
2050-05-26 20:00:00,SO,store_discharge,0.0,XY,MW
2050-05-27 21:00:00,CE,store_discharge,0.0,XY,MW
2050-05-28 22:00:00,NR,store_discharge,0.0,XY,MW
2050-05-29 23:00:00,SO,store_discharge,0.0,XY,MW
2050-05-31 00:00:00,CE,store_discharge,0.0,XY,MW
2050-06-01 01:00:00,NR,store_discharge,0.0,XY,MW
2050-06-02 02:00:00,SO,store_discharge,0.0,XY,MW
2050-06-03 03:00:00,CE,store_discharge,0.0,XY,MW
2050-06-04 04:00:00,NR,store_discharge,0.0,XY,MW
2050-06-05 05:00:00,SO,store_discharge,0.0,XY,MW
2050-06-06 06:00:00,CE,store_discharge,0.0,XY,MW
2050-06-07 07:00:00,NR,store_discharge,0.0,XY,MW
2050-06-08 08:00:00,SO,store_discharge,0.0,XY,MW
2050-06-09 09:00:00,CE,store_discharge,0.0,XY,MW
2050-06-10 10:00:00,NR,store_discharge,0.0,XY,MW
2050-06-11 11:00:00,SO,store_discharge,0.0,XY,MW
2050-06-12 12:00:00,CE,store_discharge,0.0,XY,MW
2050-06-13 13:00:00,NR,store_discharge,0.0,XY,MW
2050-06-14 14:00:00,SO,store_discharge,0.0,XY,MW
2050-06-15 15:00:00,CE,store_discharge,0.0,XY,MW
2050-06-16 16:00:00,NR,store_discharge,0.0,XY,MW
2050-06-17 17:00:00,SO,store_discharge,0.0,XY,MW
2050-06-18 18:00:00,CE,store_discharge,-3.69,XY,MW
2050-06-19 19:00:00,NR,store_discharge,-6.21,XY,MW
2050-06-20 20:00:00,SO,store_discharge,-4.5,XY,MW
2050-06-21 21:00:00,CE,store_discharge,3.69,XY,MW
2050-06-22 22:00:00,NR,store_discharge,6.21,XY,MW
2050-06-23 23:00:00,SO,store_discharge,4.5,XY,MW
2050-06-25 00:00:00,CE,store_discharge,0.0,XY,MW
2050-06-26 01:00:00,NR,store_discharge,0.0,XY,MW
2050-06-27 02:00:00,SO,store_discharge,0.0,XY,MW
2050-06-28 03:00:00,CE,store_discharge,0.0,XY,MW
2050-06-29 04:00:00,NR,store_discharge,0.0,XY,MW
2050-06-30 05:00:00,SO,store_discharge,0.0,XY,MW
2050-07-01 06:00:00,CE,store_discharge,0.0,XY,MW
2050-07-02 07:00:00,NR,store_discharge,0.0,XY,MW
2050-07-03 08:00:00,SO,store_discharge,0.0,XY,MW
2050-07-04 09:00:00,CE,store_discharge,0.0,XY,MW
2050-07-05 10:00:00,NR,store_discharge,0.0,XY,MW
2050-07-06 11:00:00,SO,store_discharge,0.0,XY,MW
2050-07-07 12:00:00,CE,store_discharge,0.0,XY,MW
2050-07-08 13:00:00,NR,store_discharge,0.0,XY,MW
2050-07-09 14:00:00,SO,store_discharge,0.0,XY,MW
2050-07-10 15:00:00,CE,store_discharge,0.0,XY,MW
2050-07-11 16:00:00,NR,store_discharge,0.0,XY,MW
2050-07-12 17:00:00,SO,store_discharge,0.0,XY,MW
2050-07-13 18:00:00,CE,store_discharge,0.0,XY,MW
2050-07-14 19:00:00,NR,store_discharge,0.0,XY,MW
2050-07-15 20:00:00,SO,store_discharge,0.0,XY,MW
2050-07-16 21:00:00,CE,store_discharge,0.0,XY,MW
2050-07-17 22:00:00,NR,store_discharge,0.0,XY,MW
2050-07-18 23:00:00,SO,store_discharge,0.0,XY,MW
2050-07-20 00:00:00,CE,store_discharge,0.0,XY,MW
2050-07-21 01:00:00,NR,store_discharge,0.0,XY,MW
2050-07-22 02:00:00,SO,store_discharge,0.0,XY,MW
2050-07-23 03:00:00,CE,store_discharge,0.0,XY,MW
2050-07-24 04:00:00,NR,store_discharge,0.0,XY,MW
2050-07-25 05:00:00,SO,store_discharge,0.0,XY,MW
2050-07-26 06:00:00,CE,store_discharge,0.0,XY,MW
2050-07-27 07:00:00,NR,store_discharge,0.0,XY,MW
2050-07-28 08:00:00,SO,store_discharge,0.0,XY,MW
2050-07-29 09:00:00,CE,store_discharge,0.0,XY,MW
2050-07-30 10:00:00,NR,store_discharge,0.0,XY,MW
2050-07-31 11:00:00,SO,store_discharge,0.0,XY,MW
2050-08-01 12:00:00,CE,store_discharge,0.0,XY,MW
2050-08-02 13:00:00,NR,store_discharge,0.0,XY,MW
2050-08-03 14:00:00,SO,store_discharge,0.0,XY,MW
2050-08-04 15:00:00,CE,store_discharge,0.0,XY,MW
2050-08-05 16:00:00,NR,store_discharge,0.0,XY,MW
2050-08-06 17:00:00,SO,store_discharge,0.0,XY,MW
2050-08-07 18:00:00,CE,store_discharge,0.0,XY,MW
2050-08-08 19:00:00,NR,store_discharge,0.0,XY,MW
2050-08-09 20:00:00,SO,store_discharge,0.0,XY,MW
2050-08-10 21:00:00,CE,store_discharge,0.0,XY,MW
2050-08-11 22:00:00,NR,store_discharge,0.0,XY,MW
2050-08-12 23:00:00,SO,store_discharge,0.0,XY,MW
2050-08-14 00:00:00,CE,store_discharge,0.0,XY,MW
2050-08-15 01:00:00,NR,store_discharge,0.0,XY,MW
2050-08-16 02:00:00,SO,store_discharge,0.0,XY,MW
2050-08-17 03:00:00,CE,store_discharge,0.0,XY,MW
2050-08-18 04:00:00,NR,store_discharge,0.0,XY,MW
2050-08-19 05:00:00,SO,store_discharge,0.0,XY,MW
2050-08-20 06:00:00,CE,store_discharge,0.0,XY,MW
2050-08-21 07:00:00,NR,store_discharge,0.0,XY,MW
2050-08-22 08:00:00,SO,store_discharge,0.0,XY,MW
2050-08-23 09:00:00,CE,store_discharge,0.0,XY,MW
2050-08-24 10:00:00,NR,store_discharge,0.0,XY,MW
2050-08-25 11:00:00,SO,store_discharge,0.0,XY,MW
2050-08-26 12:00:00,CE,store_discharge,0.0,XY,MW
2050-08-27 13:00:00,NR,store_discharge,0.0,XY,MW
2050-08-28 14:00:00,SO,store_discharge,0.0,XY,MW
2050-08-29 15:00:00,CE,store_discharge,0.0,XY,MW
2050-08-30 16:00:00,NR,store_discharge,0.0,XY,MW
2050-08-31 17:00:00,SO,store_discharge,0.0,XY,MW
2050-09-01 18:00:00,CE,store_discharge,-3.69,XY,MW
2050-09-02 19:00:00,NR,store_discharge,-6.21,XY,MW
2050-09-03 20:00:00,SO,store_discharge,-4.5,XY,MW
2050-09-04 21:00:00,CE,store_discharge,3.69,XY,MW
2050-09-05 22:00:00,NR,store_discharge,6.21,XY,MW
2050-09-06 23:00:00,SO,store_discharge,4.5,XY,MW
2050-09-08 00:00:00,CE,store_discharge,0.0,XY,MW
2050-09-09 01:00:00,NR,store_discharge,0.0,XY,MW
2050-09-10 02:00:00,SO,store_discharge,0.0,XY,MW
2050-09-11 03:00:00,CE,store_discharge,0.0,XY,MW
2050-09-12 04:00:00,NR,store_discharge,0.0,XY,MW
2050-09-13 05:00:00,SO,store_discharge,0.0,XY,MW
2050-09-14 06:00:00,CE,store_discharge,0.0,XY,MW
2050-09-15 07:00:00,NR,store_discharge,0.0,XY,MW
2050-09-16 08:00:00,SO,store_discharge,0.0,XY,MW
2050-09-17 09:00:00,CE,store_discharge,0.0,XY,MW
2050-09-18 10:00:00,NR,store_discharge,0.0,XY,MW
2050-09-19 11:00:00,SO,store_discharge,0.0,XY,MW
2050-09-20 12:00:00,CE,store_discharge,0.0,XY,MW
2050-09-21 13:00:00,NR,store_discharge,0.0,XY,MW
2050-09-22 14:00:00,SO,store_discharge,0.0,XY,MW
2050-09-23 15:00:00,CE,store_discharge,0.0,XY,MW
2050-09-24 16:00:00,NR,store_discharge,0.0,XY,MW
2050-09-25 17:00:00,SO,store_discharge,0.0,XY,MW
2050-09-26 18:00:00,CE,store_discharge,0.0,XY,MW
2050-09-27 19:00:00,NR,store_discharge,0.0,XY,MW
2050-09-28 20:00:00,SO,store_discharge,0.0,XY,MW
2050-09-29 21:00:00,CE,store_discharge,0.0,XY,MW
2050-09-30 22:00:00,NR,store_discharge,0.0,XY,MW
2050-10-01 23:00:00,SO,store_discharge,0.0,XY,MW
2050-10-03 00:00:00,CE,store_discharge,0.0,XY,MW
2050-10-04 01:00:00,NR,store_discharge,0.0,XY,MW
2050-10-05 02:00:00,SO,store_discharge,0.0,XY,MW
2050-10-06 03:00:00,CE,store_discharge,0.0,XY,MW
2050-10-07 04:00:00,NR,store_discharge,0.0,XY,MW
2050-10-08 05:00:00,SO,store_discharge,0.0,XY,MW
2050-10-09 06:00:00,CE,store_discharge,0.0,XY,MW
2050-10-10 07:00:00,NR,store_discharge,0.0,XY,MW
2050-10-11 08:00:00,SO,store_discharge,0.0,XY,MW
2050-10-12 09:00:00,CE,store_discharge,0.0,XY,MW
2050-10-13 10:00:00,NR,store_discharge,0.0,XY,MW
2050-10-14 11:00:00,SO,store_discharge,0.0,XY,MW
2050-10-15 12:00:00,CE,store_discharge,0.0,XY,MW
2050-10-16 13:00:00,NR,store_discharge,0.0,XY,MW
2050-10-17 14:00:00,SO,store_discharge,0.0,XY,MW
2050-10-18 15:00:00,CE,store_discharge,0.0,XY,MW
2050-10-19 16:00:00,NR,store_discharge,0.0,XY,MW
2050-10-20 17:00:00,SO,store_discharge,0.0,XY,MW
2050-10-21 18:00:00,CE,store_discharge,0.0,XY,MW
2050-10-22 19:00:00,NR,store_discharge,0.0,XY,MW
2050-10-23 20:00:00,SO,store_discharge,0.0,XY,MW
2050-10-24 21:00:00,CE,store_discharge,0.0,XY,MW
2050-10-25 22:00:00,NR,store_discharge,0.0,XY,MW
2050-10-26 23:00:00,SO,store_discharge,0.0,XY,MW
2050-10-28 00:00:00,CE,store_discharge,0.0,XY,MW
2050-10-29 01:00:00,NR,store_discharge,0.0,XY,MW
2050-10-30 02:00:00,SO,store_discharge,0.0,XY,MW
2050-10-31 03:00:00,CE,store_discharge,0.0,XY,MW
2050-11-01 04:00:00,NR,store_discharge,0.0,XY,MW
2050-11-02 05:00:00,SO,store_discharge,0.0,XY,MW
2050-11-03 06:00:00,CE,store_discharge,0.0,XY,MW
2050-11-04 07:00:00,NR,store_discharge,0.0,XY,MW
2050-11-05 08:00:00,SO,store_discharge,0.0,XY,MW
2050-11-06 09:00:00,CE,store_discharge,0.0,XY,MW
2050-11-07 10:00:00,NR,store_discharge,0.0,XY,MW
2050-11-08 11:00:00,SO,store_discharge,0.0,XY,MW
2050-11-09 12:00:00,CE,store_discharge,0.0,XY,MW
2050-11-10 13:00:00,NR,store_discharge,0.0,XY,MW
2050-11-11 14:00:00,SO,store_discharge,0.0,XY,MW
2050-11-12 15:00:00,CE,store_discharge,-3.69,XY,MW
2050-11-13 16:00:00,NR,store_discharge,-6.21,XY,MW
2050-11-14 17:00:00,SO,store_discharge,-4.5,XY,MW
2050-11-15 18:00:00,CE,store_discharge,3.69,XY,MW
2050-11-16 19:00:00,NR,store_discharge,6.21,XY,MW
2050-11-17 20:00:00,SO,store_discharge,4.5,XY,MW
2050-11-18 21:00:00,CE,store_discharge,0.0,XY,MW
2050-11-19 22:00:00,NR,store_discharge,0.0,XY,MW
2050-11-20 23:00:00,SO,store_discharge,0.0,XY,MW
2050-11-22 00:00:00,CE,store_discharge,0.0,XY,MW
2050-11-23 01:00:00,NR,store_discharge,0.0,XY,MW
2050-11-24 02:00:00,SO,store_discharge,0.0,XY,MW
2050-11-25 03:00:00,CE,store_discharge,0.0,XY,MW
2050-11-26 04:00:00,NR,store_discharge,0.0,XY,MW
2050-11-27 05:00:00,SO,store_discharge,0.0,XY,MW
2050-11-28 06:00:00,CE,store_discharge,0.0,XY,MW
2050-11-29 07:00:00,NR,store_discharge,0.0,XY,MW
2050-11-30 08:00:00,SO,store_discharge,0.0,XY,MW
2050-12-01 09:00:00,CE,store_discharge,0.0,XY,MW
2050-12-02 10:00:00,NR,store_discharge,0.0,XY,MW
2050-12-03 11:00:00,SO,store_discharge,0.0,XY,MW
2050-12-04 12:00:00,CE,store_discharge,0.0,XY,MW
2050-12-05 13:00:00,NR,store_discharge,0.0,XY,MW
2050-12-06 14:00:00,SO,store_discharge,0.0,XY,MW
2050-12-07 15:00:00,CE,store_discharge,0.0,XY,MW
2050-12-08 16:00:00,NR,store_discharge,0.0,XY,MW
2050-12-09 17:00:00,SO,store_discharge,0.0,XY,MW
2050-12-10 18:00:00,CE,store_discharge,0.0,XY,MW
2050-12-11 19:00:00,NR,store_discharge,0.0,XY,MW
2050-12-12 20:00:00,SO,store_discharge,0.0,XY,MW
2050-12-13 21:00:00,CE,store_discharge,0.0,XY,MW
2050-12-14 22:00:00,NR,store_discharge,0.0,XY,MW
2050-12-15 23:00:00,SO,store_discharge,0.0,XY,MW
2050-12-17 00:00:00,CE,store_discharge,0.0,XY,MW
2050-12-18 01:00:00,NR,store_discharge,0.0,XY,MW
2050-12-19 02:00:00,SO,store_discharge,0.0,XY,MW
2050-12-20 03:00:00,CE,store_discharge,0.0,XY,MW
2050-12-21 04:00:00,NR,store_discharge,0.0,XY,MW
2050-12-22 05:00:00,SO,store_discharge,0.0,XY,MW
2050-12-23 06:00:00,CE,store_discharge,0.0,XY,MW
2050-12-24 07:00:00,NR,store_discharge,0.0,XY,MW
2050-12-25 08:00:00,SO,store_discharge,0.0,XY,MW
2050-12-26 09:00:00,CE,store_discharge,0.0,XY,MW
2050-12-27 10:00:00,NR,store_discharge,0.0,XY,MW
2050-12-28 11:00:00,SO,store_discharge,0.0,XY,MW
2050-12-29 12:00:00,CE,store_discharge,0.0,XY,MW
2050-12-30 13:00:00,NR,store_discharge,0.0,XY,MW
2050-12-31 14:00:00,SO,store_discharge,0.0,XY,MW
2051-01-01 15:00:00,CE,store_discharge,0.0,XY,MW
2051-01-02 16:00:00,NR,store_discharge,0.0,XY,MW
2051-01-03 17:00:00,SO,store_discharge,0.0,XY,MW
2051-01-04 18:00:00,CE,store_discharge,0.0,XY,MW
2051-01-05 19:00:00,NR,store_discharge,0.0,XY,MW
2051-01-06 20:00:00,SO,store_discharge,0.0,XY,MW
2051-01-07 21:00:00,CE,store_discharge,0.0,XY,MW
2051-01-08 22:00:00,NR,store_discharge,0.0,XY,MW
2051-01-09 23:00:00,SO,store_discharge,0.0,XY,MW
2051-01-11 00:00:00,CE,store_discharge,0.0,XY,MW
2051-01-12 01:00:00,NR,store_discharge,0.0,XY,MW
2051-01-13 02:00:00,SO,store_discharge,0.0,XY,MW
2051-01-14 03:00:00,CE,store_discharge,0.0,XY,MW
2051-01-15 04:00:00,NR,store_discharge,0.0,XY,MW
2051-01-16 05:00:00,SO,store_discharge,0.0,XY,MW
2051-01-17 06:00:00,CE,store_discharge,0.0,XY,MW
2051-01-18 07:00:00,NR,store_discharge,0.0,XY,MW
2051-01-19 08:00:00,SO,store_discharge,0.0,XY,MW
2051-01-20 09:00:00,CE,store_discharge,0.0,XY,MW
2051-01-21 10:00:00,NR,store_discharge,0.0,XY,MW
2051-01-22 11:00:00,SO,store_discharge,0.0,XY,MW
2051-01-23 12:00:00,CE,store_discharge,0.0,XY,MW
2051-01-24 13:00:00,NR,store_discharge,0.0,XY,MW
2051-01-25 14:00:00,SO,store_discharge,0.0,XY,MW
2051-01-26 15:00:00,CE,store_discharge,-3.69,XY,MW
2051-01-27 16:00:00,NR,store_discharge,-6.21,XY,MW
2051-01-28 17:00:00,SO,store_discharge,-4.5,XY,MW
2051-01-29 18:00:00,CE,store_discharge,3.69,XY,MW
2051-01-30 19:00:00,NR,store_discharge,6.21,XY,MW
2051-01-31 20:00:00,SO,store_discharge,4.5,XY,MW
2051-02-01 21:00:00,CE,store_discharge,0.0,XY,MW
2051-02-02 22:00:00,NR,store_discharge,0.0,XY,MW
2051-02-03 23:00:00,SO,store_discharge,0.0,XY,MW
2051-02-05 00:00:00,CE,store_discharge,0.0,XY,MW
2051-02-06 01:00:00,NR,store_discharge,0.0,XY,MW
2051-02-07 02:00:00,SO,store_discharge,0.0,XY,MW
2051-02-08 03:00:00,CE,store_discharge,0.0,XY,MW
2051-02-09 04:00:00,NR,store_discharge,0.0,XY,MW
2051-02-10 05:00:00,SO,store_discharge,0.0,XY,MW
2051-02-11 06:00:00,CE,store_discharge,0.0,XY,MW
2051-02-12 07:00:00,NR,store_discharge,0.0,XY,MW
2051-02-13 08:00:00,SO,store_discharge,0.0,XY,MW
2051-02-14 09:00:00,CE,store_discharge,0.0,XY,MW
2051-02-15 10:00:00,NR,store_discharge,0.0,XY,MW
2051-02-16 11:00:00,SO,store_discharge,0.0,XY,MW
2051-02-17 12:00:00,CE,store_discharge,0.0,XY,MW
2051-02-18 13:00:00,NR,store_discharge,0.0,XY,MW
2051-02-19 14:00:00,SO,store_discharge,0.0,XY,MW
2051-02-20 15:00:00,CE,store_discharge,0.0,XY,MW
2051-02-21 16:00:00,NR,store_discharge,0.0,XY,MW
2051-02-22 17:00:00,SO,store_discharge,0.0,XY,MW
2051-02-23 18:00:00,CE,store_discharge,0.0,XY,MW
2051-02-24 19:00:00,NR,store_discharge,0.0,XY,MW
2051-02-25 20:00:00,SO,store_discharge,0.0,XY,MW
2051-02-26 21:00:00,CE,store_discharge,0.0,XY,MW
2051-02-27 22:00:00,NR,store_discharge,0.0,XY,MW
2051-02-28 23:00:00,SO,store_discharge,0.0,XY,MW
2051-03-02 00:00:00,CE,store_discharge,0.0,XY,MW
2051-03-03 01:00:00,NR,store_discharge,0.0,XY,MW
2051-03-04 02:00:00,SO,store_discharge,0.0,XY,MW
2051-03-05 03:00:00,CE,store_discharge,0.0,XY,MW
2051-03-06 04:00:00,NR,store_discharge,0.0,XY,MW
2051-03-07 05:00:00,SO,store_discharge,0.0,XY,MW
2051-03-08 06:00:00,CE,store_discharge,0.0,XY,MW
2051-03-09 07:00:00,NR,store_discharge,0.0,XY,MW
2051-03-10 08:00:00,SO,store_discharge,0.0,XY,MW
2051-03-11 09:00:00,CE,store_discharge,0.0,XY,MW
2051-03-12 10:00:00,NR,store_discharge,0.0,XY,MW
2051-03-13 11:00:00,SO,store_discharge,0.0,XY,MW
2051-03-14 12:00:00,CE,store_discharge,0.0,XY,MW
2051-03-15 13:00:00,NR,store_discharge,0.0,XY,MW
2051-03-16 14:00:00,SO,store_discharge,0.0,XY,MW
2051-03-17 15:00:00,CE,store_discharge,0.0,XY,MW
2051-03-18 16:00:00,NR,store_discharge,0.0,XY,MW
2051-03-19 17:00:00,SO,store_discharge,0.0,XY,MW
2051-03-20 18:00:00,CE,store_discharge,0.0,XY,MW
2051-03-21 19:00:00,NR,store_discharge,0.0,XY,MW
2051-03-22 20:00:00,SO,store_discharge,0.0,XY,MW
2051-03-23 21:00:00,CE,store_discharge,0.0,XY,MW
2051-03-24 22:00:00,NR,store_discharge,0.0,XY,MW
2051-03-25 23:00:00,SO,store_discharge,0.0,XY,MW
2051-03-27 00:00:00,CE,store_discharge,0.0,XY,MW
2051-03-28 01:00:00,NR,store_discharge,0.0,XY,MW
2051-03-29 02:00:00,SO,store_discharge,0.0,XY,MW
2051-03-30 03:00:00,CE,store_discharge,0.0,XY,MW
2051-03-31 04:00:00,NR,store_discharge,0.0,XY,MW
2051-04-01 05:00:00,SO,store_discharge,0.0,XY,MW
2051-04-02 06:00:00,CE,store_discharge,0.0,XY,MW
2051-04-03 07:00:00,NR,store_discharge,0.0,XY,MW
2051-04-04 08:00:00,SO,store_discharge,0.0,XY,MW
2051-04-05 09:00:00,CE,store_discharge,0.0,XY,MW
2051-04-06 10:00:00,NR,store_discharge,0.0,XY,MW
2051-04-07 11:00:00,SO,store_discharge,0.0,XY,MW
2051-04-08 12:00:00,CE,store_discharge,0.0,XY,MW
2051-04-09 13:00:00,NR,store_discharge,0.0,XY,MW
2051-04-10 14:00:00,SO,store_discharge,0.0,XY,MW
2051-04-11 15:00:00,CE,store_discharge,-3.69,XY,MW
2051-04-12 16:00:00,NR,store_discharge,-6.21,XY,MW
2051-04-13 17:00:00,SO,store_discharge,-4.5,XY,MW
2051-04-14 18:00:00,CE,store_discharge,3.69,XY,MW
2051-04-15 19:00:00,NR,store_discharge,6.21,XY,MW
2051-04-16 20:00:00,SO,store_discharge,4.5,XY,MW
2051-04-17 21:00:00,CE,store_discharge,0.0,XY,MW
2051-04-18 22:00:00,NR,store_discharge,0.0,XY,MW
2051-04-19 23:00:00,SO,store_discharge,0.0,XY,MW
2051-04-21 00:00:00,CE,store_discharge,0.0,XY,MW
2051-04-22 01:00:00,NR,store_discharge,0.0,XY,MW
2051-04-23 02:00:00,SO,store_discharge,0.0,XY,MW
2051-04-24 03:00:00,CE,store_discharge,0.0,XY,MW
2051-04-25 04:00:00,NR,store_discharge,0.0,XY,MW
2051-04-26 05:00:00,SO,store_discharge,0.0,XY,MW
2051-04-27 06:00:00,CE,store_discharge,0.0,XY,MW
2051-04-28 07:00:00,NR,store_discharge,0.0,XY,MW
2051-04-29 08:00:00,SO,store_discharge,0.0,XY,MW
2051-04-30 09:00:00,CE,store_discharge,0.0,XY,MW
2051-05-01 10:00:00,NR,store_discharge,0.0,XY,MW
2051-05-02 11:00:00,SO,store_discharge,0.0,XY,MW
2051-05-03 12:00:00,CE,store_discharge,0.0,XY,MW
2051-05-04 13:00:00,NR,store_discharge,0.0,XY,MW
2051-05-05 14:00:00,SO,store_discharge,0.0,XY,MW
2051-05-06 15:00:00,CE,store_discharge,0.0,XY,MW
2051-05-07 16:00:00,NR,store_discharge,0.0,XY,MW
2051-05-08 17:00:00,SO,store_discharge,0.0,XY,MW
2051-05-09 18:00:00,CE,store_discharge,0.0,XY,MW
2051-05-10 19:00:00,NR,store_discharge,0.0,XY,MW
2051-05-11 20:00:00,SO,store_discharge,0.0,XY,MW
2051-05-12 21:00:00,CE,store_discharge,0.0,XY,MW
2051-05-13 22:00:00,NR,store_discharge,0.0,XY,MW
2051-05-14 23:00:00,SO,store_discharge,0.0,XY,MW
2051-05-16 00:00:00,CE,store_discharge,0.0,XY,MW
2051-05-17 01:00:00,NR,store_discharge,0.0,XY,MW
2051-05-18 02:00:00,SO,store_discharge,0.0,XY,MW
2051-05-19 03:00:00,CE,store_discharge,0.0,XY,MW
2051-05-20 04:00:00,NR,store_discharge,0.0,XY,MW
2051-05-21 05:00:00,SO,store_discharge,0.0,XY,MW
2051-05-22 06:00:00,CE,store_discharge,0.0,XY,MW
2051-05-23 07:00:00,NR,store_discharge,0.0,XY,MW
2051-05-24 08:00:00,SO,store_discharge,0.0,XY,MW
2051-05-25 09:00:00,CE,store_discharge,0.0,XY,MW
2051-05-26 10:00:00,NR,store_discharge,0.0,XY,MW
2051-05-27 11:00:00,SO,store_discharge,0.0,XY,MW
2051-05-28 12:00:00,CE,store_discharge,0.0,XY,MW
2051-05-29 13:00:00,NR,store_discharge,0.0,XY,MW
2051-05-30 14:00:00,SO,store_discharge,0.0,XY,MW
2051-05-31 15:00:00,CE,store_discharge,0.0,XY,MW
2051-06-01 16:00:00,NR,store_discharge,0.0,XY,MW
2051-06-02 17:00:00,SO,store_discharge,0.0,XY,MW
2051-06-03 18:00:00,CE,store_discharge,0.0,XY,MW
2051-06-04 19:00:00,NR,store_discharge,0.0,XY,MW
2051-06-05 20:00:00,SO,store_discharge,0.0,XY,MW
2051-06-06 21:00:00,CE,store_discharge,0.0,XY,MW
2051-06-07 22:00:00,NR,store_discharge,0.0,XY,MW
2051-06-08 23:00:00,SO,store_discharge,0.0,XY,MW
2051-06-10 00:00:00,CE,store_discharge,0.0,XY,MW
2051-06-11 01:00:00,NR,store_discharge,0.0,XY,MW
2051-06-12 02:00:00,SO,store_discharge,0.0,XY,MW
2051-06-13 03:00:00,CE,store_discharge,0.0,XY,MW
2051-06-14 04:00:00,NR,store_discharge,0.0,XY,MW
2051-06-15 05:00:00,SO,store_discharge,0.0,XY,MW
2051-06-16 06:00:00,CE,store_discharge,0.0,XY,MW
2051-06-17 07:00:00,NR,store_discharge,0.0,XY,MW
2051-06-18 08:00:00,SO,store_discharge,0.0,XY,MW
2051-06-19 09:00:00,CE,store_discharge,0.0,XY,MW
2051-06-20 10:00:00,NR,store_discharge,0.0,XY,MW
2051-06-21 11:00:00,SO,store_discharge,0.0,XY,MW
2051-06-22 12:00:00,CE,store_discharge,0.0,XY,MW
2051-06-23 13:00:00,NR,store_discharge,0.0,XY,MW
2051-06-24 14:00:00,SO,store_discharge,0.0,XY,MW
2051-06-25 15:00:00,CE,store_discharge,0.0,XY,MW
2051-06-26 16:00:00,NR,store_discharge,0.0,XY,MW
2051-06-27 17:00:00,SO,store_discharge,0.0,XY,MW
2051-06-28 18:00:00,CE,store_discharge,-3.69,XY,MW
2051-06-29 19:00:00,NR,store_discharge,-6.21,XY,MW
2051-06-30 20:00:00,SO,store_discharge,-4.5,XY,MW
2051-07-01 21:00:00,CE,store_discharge,3.69,XY,MW
2051-07-02 22:00:00,NR,store_discharge,6.21,XY,MW
2051-07-03 23:00:00,SO,store_discharge,4.5,XY,MW
2051-07-05 00:00:00,CE,store_discharge,0.0,XY,MW
2051-07-06 01:00:00,NR,store_discharge,0.0,XY,MW
2051-07-07 02:00:00,SO,store_discharge,0.0,XY,MW
2051-07-08 03:00:00,CE,store_discharge,0.0,XY,MW
2051-07-09 04:00:00,NR,store_discharge,0.0,XY,MW
2051-07-10 05:00:00,SO,store_discharge,0.0,XY,MW
2051-07-11 06:00:00,CE,store_discharge,0.0,XY,MW
2051-07-12 07:00:00,NR,store_discharge,0.0,XY,MW
2051-07-13 08:00:00,SO,store_discharge,0.0,XY,MW
2051-07-14 09:00:00,CE,store_discharge,0.0,XY,MW
2051-07-15 10:00:00,NR,store_discharge,0.0,XY,MW
2051-07-16 11:00:00,SO,store_discharge,0.0,XY,MW
2051-07-17 12:00:00,CE,store_discharge,0.0,XY,MW
2051-07-18 13:00:00,NR,store_discharge,0.0,XY,MW
2051-07-19 14:00:00,SO,store_discharge,0.0,XY,MW
2051-07-20 15:00:00,CE,store_discharge,0.0,XY,MW
2051-07-21 16:00:00,NR,store_discharge,0.0,XY,MW
2051-07-22 17:00:00,SO,store_discharge,0.0,XY,MW
2051-07-23 18:00:00,CE,store_discharge,0.0,XY,MW
2051-07-24 19:00:00,NR,store_discharge,0.0,XY,MW
2051-07-25 20:00:00,SO,store_discharge,0.0,XY,MW
2051-07-26 21:00:00,CE,store_discharge,0.0,XY,MW
2051-07-27 22:00:00,NR,store_discharge,0.0,XY,MW
2051-07-28 23:00:00,SO,store_discharge,0.0,XY,MW
2051-07-30 00:00:00,CE,store_discharge,0.0,XY,MW
2051-07-31 01:00:00,NR,store_discharge,0.0,XY,MW
2051-08-01 02:00:00,SO,store_discharge,0.0,XY,MW
2051-08-02 03:00:00,CE,store_discharge,0.0,XY,MW
2051-08-03 04:00:00,NR,store_discharge,0.0,XY,MW
2051-08-04 05:00:00,SO,store_discharge,0.0,XY,MW
2051-08-05 06:00:00,CE,store_discharge,0.0,XY,MW
2051-08-06 07:00:00,NR,store_discharge,0.0,XY,MW
2051-08-07 08:00:00,SO,store_discharge,0.0,XY,MW
2051-08-08 09:00:00,CE,store_discharge,0.0,XY,MW
2051-08-09 10:00:00,NR,store_discharge,0.0,XY,MW
2051-08-10 11:00:00,SO,store_discharge,0.0,XY,MW
2051-08-11 12:00:00,CE,store_discharge,0.0,XY,MW
2051-08-12 13:00:00,NR,store_discharge,0.0,XY,MW
2051-08-13 14:00:00,SO,store_discharge,0.0,XY,MW
2051-08-14 15:00:00,CE,store_discharge,0.0,XY,MW
2051-08-15 16:00:00,NR,store_discharge,0.0,XY,MW
2051-08-16 17:00:00,SO,store_discharge,0.0,XY,MW
2051-08-17 18:00:00,CE,store_discharge,0.0,XY,MW
2051-08-18 19:00:00,NR,store_discharge,0.0,XY,MW
2051-08-19 20:00:00,SO,store_discharge,0.0,XY,MW
2051-08-20 21:00:00,CE,store_discharge,0.0,XY,MW
2051-08-21 22:00:00,NR,store_discharge,0.0,XY,MW
2051-08-22 23:00:00,SO,store_discharge,0.0,XY,MW
2051-08-24 00:00:00,CE,store_discharge,0.0,XY,MW
2051-08-25 01:00:00,NR,store_discharge,0.0,XY,MW
2051-08-26 02:00:00,SO,store_discharge,0.0,XY,MW
2051-08-27 03:00:00,CE,store_discharge,0.0,XY,MW
2051-08-28 04:00:00,NR,store_discharge,0.0,XY,MW
2051-08-29 05:00:00,SO,store_discharge,0.0,XY,MW
2051-08-30 06:00:00,CE,store_discharge,0.0,XY,MW
2051-08-31 07:00:00,NR,store_discharge,0.0,XY,MW
2051-09-01 08:00:00,SO,store_discharge,0.0,XY,MW
2051-09-02 09:00:00,CE,store_discharge,0.0,XY,MW
2051-09-03 10:00:00,NR,store_discharge,0.0,XY,MW
2051-09-04 11:00:00,SO,store_discharge,0.0,XY,MW
2051-09-05 12:00:00,CE,store_discharge,0.0,XY,MW
2051-09-06 13:00:00,NR,store_discharge,0.0,XY,MW
2051-09-07 14:00:00,SO,store_discharge,0.0,XY,MW
2051-09-08 15:00:00,CE,store_discharge,0.0,XY,MW
2051-09-09 16:00:00,NR,store_discharge,0.0,XY,MW
2051-09-10 17:00:00,SO,store_discharge,0.0,XY,MW
2051-09-11 18:00:00,CE,store_discharge,-3.69,XY,MW
2051-09-12 19:00:00,NR,store_discharge,-6.21,XY,MW
2051-09-13 20:00:00,SO,store_discharge,-4.5,XY,MW
2051-09-14 21:00:00,CE,store_discharge,3.69,XY,MW
2051-09-15 22:00:00,NR,store_discharge,6.21,XY,MW
2051-09-16 23:00:00,SO,store_discharge,4.5,XY,MW
2051-09-18 00:00:00,CE,store_discharge,0.0,XY,MW
2051-09-19 01:00:00,NR,store_discharge,0.0,XY,MW
2051-09-20 02:00:00,SO,store_discharge,0.0,XY,MW
2051-09-21 03:00:00,CE,store_discharge,0.0,XY,MW
2051-09-22 04:00:00,NR,store_discharge,0.0,XY,MW
2051-09-23 05:00:00,SO,store_discharge,0.0,XY,MW
2051-09-24 06:00:00,CE,store_discharge,0.0,XY,MW
2051-09-25 07:00:00,NR,store_discharge,0.0,XY,MW
2051-09-26 08:00:00,SO,store_discharge,0.0,XY,MW
2051-09-27 09:00:00,CE,store_discharge,0.0,XY,MW
2051-09-28 10:00:00,NR,store_discharge,0.0,XY,MW
2051-09-29 11:00:00,SO,store_discharge,0.0,XY,MW
2051-09-30 12:00:00,CE,store_discharge,0.0,XY,MW
2051-10-01 13:00:00,NR,store_discharge,0.0,XY,MW
2051-10-02 14:00:00,SO,store_discharge,0.0,XY,MW
2051-10-03 15:00:00,CE,store_discharge,0.0,XY,MW
2051-10-04 16:00:00,NR,store_discharge,0.0,XY,MW
2051-10-05 17:00:00,SO,store_discharge,0.0,XY,MW
2051-10-06 18:00:00,CE,store_discharge,0.0,XY,MW
2051-10-07 19:00:00,NR,store_discharge,0.0,XY,MW
2051-10-08 20:00:00,SO,store_discharge,0.0,XY,MW
2051-10-09 21:00:00,CE,store_discharge,0.0,XY,MW
2051-10-10 22:00:00,NR,store_discharge,0.0,XY,MW
2051-10-11 23:00:00,SO,store_discharge,0.0,XY,MW
2051-10-13 00:00:00,CE,store_discharge,0.0,XY,MW
2051-10-14 01:00:00,NR,store_discharge,0.0,XY,MW
2051-10-15 02:00:00,SO,store_discharge,0.0,XY,MW
2051-10-16 03:00:00,CE,store_discharge,0.0,XY,MW
2051-10-17 04:00:00,NR,store_discharge,0.0,XY,MW
2051-10-18 05:00:00,SO,store_discharge,0.0,XY,MW
2051-10-19 06:00:00,CE,store_discharge,0.0,XY,MW
2051-10-20 07:00:00,NR,store_discharge,0.0,XY,MW
2051-10-21 08:00:00,SO,store_discharge,0.0,XY,MW
2051-10-22 09:00:00,CE,store_discharge,0.0,XY,MW
2051-10-23 10:00:00,NR,store_discharge,0.0,XY,MW
2051-10-24 11:00:00,SO,store_discharge,0.0,XY,MW
2051-10-25 12:00:00,CE,store_discharge,0.0,XY,MW
2051-10-26 13:00:00,NR,store_discharge,0.0,XY,MW
2051-10-27 14:00:00,SO,store_discharge,0.0,XY,MW
2051-10-28 15:00:00,CE,store_discharge,0.0,XY,MW
2051-10-29 16:00:00,NR,store_discharge,0.0,XY,MW
2051-10-30 17:00:00,SO,store_discharge,0.0,XY,MW
2051-10-31 18:00:00,CE,store_discharge,0.0,XY,MW
2051-11-01 19:00:00,NR,store_discharge,0.0,XY,MW
2051-11-02 20:00:00,SO,store_discharge,0.0,XY,MW
2051-11-03 21:00:00,CE,store_discharge,0.0,XY,MW
2051-11-04 22:00:00,NR,store_discharge,0.0,XY,MW
2051-11-05 23:00:00,SO,store_discharge,0.0,XY,MW
2051-11-07 00:00:00,CE,store_discharge,0.0,XY,MW
2051-11-08 01:00:00,NR,store_discharge,0.0,XY,MW
2051-11-09 02:00:00,SO,store_discharge,0.0,XY,MW
2051-11-10 03:00:00,CE,store_discharge,0.0,XY,MW
2051-11-11 04:00:00,NR,store_discharge,0.0,XY,MW
2051-11-12 05:00:00,SO,store_discharge,0.0,XY,MW
2051-11-13 06:00:00,CE,store_discharge,0.0,XY,MW
2051-11-14 07:00:00,NR,store_discharge,0.0,XY,MW
2051-11-15 08:00:00,SO,store_discharge,0.0,XY,MW
2051-11-16 09:00:00,CE,store_discharge,0.0,XY,MW
2051-11-17 10:00:00,NR,store_discharge,0.0,XY,MW
2051-11-18 11:00:00,SO,store_discharge,0.0,XY,MW
2051-11-19 12:00:00,CE,store_discharge,0.0,XY,MW
2051-11-20 13:00:00,NR,store_discharge,0.0,XY,MW
2051-11-21 14:00:00,SO,store_discharge,0.0,XY,MW
2051-11-22 15:00:00,CE,store_discharge,0.0,XY,MW
2051-11-23 16:00:00,NR,store_discharge,0.0,XY,MW
2051-11-24 17:00:00,SO,store_discharge,0.0,XY,MW
2051-11-25 18:00:00,CE,store_discharge,-3.69,XY,MW
2051-11-26 19:00:00,NR,store_discharge,-6.21,XY,MW
2051-11-27 20:00:00,SO,store_discharge,-4.5,XY,MW
2051-11-28 21:00:00,CE,store_discharge,3.69,XY,MW
2051-11-29 22:00:00,NR,store_discharge,6.21,XY,MW
2051-11-30 23:00:00,SO,store_discharge,4.5,XY,MW
2051-12-02 00:00:00,CE,store_discharge,0.0,XY,MW
2051-12-03 01:00:00,NR,store_discharge,0.0,XY,MW
2051-12-04 02:00:00,SO,store_discharge,0.0,XY,MW
2051-12-05 03:00:00,CE,store_discharge,0.0,XY,MW
2051-12-06 04:00:00,NR,store_discharge,0.0,XY,MW
2051-12-07 05:00:00,SO,store_discharge,0.0,XY,MW
2051-12-08 06:00:00,CE,store_discharge,0.0,XY,MW
2051-12-09 07:00:00,NR,store_discharge,0.0,XY,MW
2051-12-10 08:00:00,SO,store_discharge,0.0,XY,MW
2051-12-11 09:00:00,CE,store_discharge,0.0,XY,MW
2051-12-12 10:00:00,NR,store_discharge,0.0,XY,MW
2051-12-13 11:00:00,SO,store_discharge,0.0,XY,MW
2051-12-14 12:00:00,CE,store_discharge,0.0,XY,MW
2051-12-15 13:00:00,NR,store_discharge,0.0,XY,MW
2051-12-16 14:00:00,SO,store_discharge,0.0,XY,MW
2051-12-17 15:00:00,CE,store_discharge,0.0,XY,MW
2051-12-18 16:00:00,NR,store_discharge,0.0,XY,MW
2051-12-19 17:00:00,SO,store_discharge,0.0,XY,MW
2051-12-20 18:00:00,CE,store_discharge,0.0,XY,MW
2051-12-21 19:00:00,NR,store_discharge,0.0,XY,MW
2051-12-22 20:00:00,SO,store_discharge,0.0,XY,MW
2051-12-23 21:00:00,CE,store_discharge,0.0,XY,MW
2051-12-24 22:00:00,NR,store_discharge,0.0,XY,MW
2051-12-25 23:00:00,SO,store_discharge,0.0,XY,MW
2051-12-27 00:00:00,CE,store_discharge,0.0,XY,MW
2051-12-28 01:00:00,NR,store_discharge,0.0,XY,MW
2051-12-29 02:00:00,SO,store_discharge,0.0,XY,MW
2051-12-30 03:00:00,CE,store_discharge,0.0,XY,MW
2051-12-31 04:00:00,NR,store_discharge,0.0,XY,MW
2052-01-01 05:00:00,SO,store_discharge,0.0,XY,MW
2052-01-02 06:00:00,CE,store_discharge,0.0,XY,MW
2052-01-03 07:00:00,NR,store_discharge,0.0,XY,MW
2052-01-04 08:00:00,SO,store_discharge,0.0,XY,MW
2052-01-05 09:00:00,CE,store_discharge,0.0,XY,MW
2052-01-06 10:00:00,NR,store_discharge,0.0,XY,MW
2052-01-07 11:00:00,SO,store_discharge,0.0,XY,MW
2052-01-08 12:00:00,CE,store_discharge,0.0,XY,MW
2052-01-09 13:00:00,NR,store_discharge,0.0,XY,MW
2052-01-10 14:00:00,SO,store_discharge,0.0,XY,MW
2052-01-11 15:00:00,CE,store_discharge,0.0,XY,MW
2052-01-12 16:00:00,NR,store_discharge,0.0,XY,MW
2052-01-13 17:00:00,SO,store_discharge,0.0,XY,MW
2052-01-14 18:00:00,CE,store_discharge,0.0,XY,MW
2052-01-15 19:00:00,NR,store_discharge,0.0,XY,MW
2052-01-16 20:00:00,SO,store_discharge,0.0,XY,MW
2052-01-17 21:00:00,CE,store_discharge,0.0,XY,MW
2052-01-18 22:00:00,NR,store_discharge,0.0,XY,MW
2052-01-19 23:00:00,SO,store_discharge,0.0,XY,MW
2052-01-21 00:00:00,CE,store_discharge,0.0,XY,MW
2052-01-22 01:00:00,NR,store_discharge,0.0,XY,MW
2052-01-23 02:00:00,SO,store_discharge,0.0,XY,MW
2052-01-24 03:00:00,CE,store_discharge,0.0,XY,MW
2052-01-25 04:00:00,NR,store_discharge,0.0,XY,MW
2052-01-26 05:00:00,SO,store_discharge,0.0,XY,MW
2052-01-27 06:00:00,CE,store_discharge,0.0,XY,MW
2052-01-28 07:00:00,NR,store_discharge,0.0,XY,MW
2052-01-29 08:00:00,SO,store_discharge,0.0,XY,MW
2052-01-30 09:00:00,CE,store_discharge,0.0,XY,MW
2052-01-31 10:00:00,NR,store_discharge,0.0,XY,MW
2052-02-01 11:00:00,SO,store_discharge,0.0,XY,MW
2052-02-02 12:00:00,CE,store_discharge,0.0,XY,MW
2052-02-03 13:00:00,NR,store_discharge,0.0,XY,MW
2052-02-04 14:00:00,SO,store_discharge,0.0,XY,MW
2052-02-05 15:00:00,CE,store_discharge,0.0,XY,MW
2052-02-06 16:00:00,NR,store_discharge,0.0,XY,MW
2052-02-07 17:00:00,SO,store_discharge,0.0,XY,MW
2052-02-08 18:00:00,CE,store_discharge,-3.69,XY,MW
2052-02-09 19:00:00,NR,store_discharge,-6.21,XY,MW
2052-02-10 20:00:00,SO,store_discharge,-4.5,XY,MW
2052-02-11 21:00:00,CE,store_discharge,3.69,XY,MW
2052-02-12 22:00:00,NR,store_discharge,6.21,XY,MW
2052-02-13 23:00:00,SO,store_discharge,4.5,XY,MW
2052-02-15 00:00:00,CE,store_discharge,0.0,XY,MW
2052-02-16 01:00:00,NR,store_discharge,0.0,XY,MW
2052-02-17 02:00:00,SO,store_discharge,0.0,XY,MW
2052-02-18 03:00:00,CE,store_discharge,0.0,XY,MW
2052-02-19 04:00:00,NR,store_discharge,0.0,XY,MW
2052-02-20 05:00:00,SO,store_discharge,0.0,XY,MW
2052-02-21 06:00:00,CE,store_discharge,0.0,XY,MW
2052-02-22 07:00:00,NR,store_discharge,0.0,XY,MW
2052-02-23 08:00:00,SO,store_discharge,0.0,XY,MW
2052-02-24 09:00:00,CE,store_discharge,0.0,XY,MW
2052-02-25 10:00:00,NR,store_discharge,0.0,XY,MW
2052-02-26 11:00:00,SO,store_discharge,0.0,XY,MW
2052-02-27 12:00:00,CE,store_discharge,0.0,XY,MW
2052-02-28 13:00:00,NR,store_discharge,0.0,XY,MW
2052-02-29 14:00:00,SO,store_discharge,0.0,XY,MW
2052-03-01 15:00:00,CE,store_discharge,0.0,XY,MW
2052-03-02 16:00:00,NR,store_discharge,0.0,XY,MW
2052-03-03 17:00:00,SO,store_discharge,0.0,XY,MW
2052-03-04 18:00:00,CE,store_discharge,0.0,XY,MW
2052-03-05 19:00:00,NR,store_discharge,0.0,XY,MW
2052-03-06 20:00:00,SO,store_discharge,0.0,XY,MW
2052-03-07 21:00:00,CE,store_discharge,0.0,XY,MW
2052-03-08 22:00:00,NR,store_discharge,0.0,XY,MW
2052-03-09 23:00:00,SO,store_discharge,0.0,XY,MW
2052-03-11 00:00:00,CE,store_discharge,0.0,XY,MW
2052-03-12 01:00:00,NR,store_discharge,0.0,XY,MW
2052-03-13 02:00:00,SO,store_discharge,0.0,XY,MW
2052-03-14 03:00:00,CE,store_discharge,0.0,XY,MW
2052-03-15 04:00:00,NR,store_discharge,0.0,XY,MW
2052-03-16 05:00:00,SO,store_discharge,0.0,XY,MW
2052-03-17 06:00:00,CE,store_discharge,0.0,XY,MW
2052-03-18 07:00:00,NR,store_discharge,0.0,XY,MW
2052-03-19 08:00:00,SO,store_discharge,0.0,XY,MW
2052-03-20 09:00:00,CE,store_discharge,0.0,XY,MW
2052-03-21 10:00:00,NR,store_discharge,0.0,XY,MW
2052-03-22 11:00:00,SO,store_discharge,0.0,XY,MW
2052-03-23 12:00:00,CE,store_discharge,0.0,XY,MW
2052-03-24 13:00:00,NR,store_discharge,0.0,XY,MW
2052-03-25 14:00:00,SO,store_discharge,0.0,XY,MW
2052-03-26 15:00:00,CE,store_discharge,0.0,XY,MW
2052-03-27 16:00:00,NR,store_discharge,0.0,XY,MW
2052-03-28 17:00:00,SO,store_discharge,0.0,XY,MW
2052-03-29 18:00:00,CE,store_discharge,0.0,XY,MW
2052-03-30 19:00:00,NR,store_discharge,0.0,XY,MW
2052-03-31 20:00:00,SO,store_discharge,0.0,XY,MW
2052-04-01 21:00:00,CE,store_discharge,0.0,XY,MW
2052-04-02 22:00:00,NR,store_discharge,0.0,XY,MW
2052-04-03 23:00:00,SO,store_discharge,0.0,XY,MW
2052-04-05 00:00:00,CE,store_discharge,0.0,XY,MW
2052-04-06 01:00:00,NR,store_discharge,0.0,XY,MW
2052-04-07 02:00:00,SO,store_discharge,0.0,XY,MW
2052-04-08 03:00:00,CE,store_discharge,0.0,XY,MW
2052-04-09 04:00:00,NR,store_discharge,0.0,XY,MW
2052-04-10 05:00:00,SO,store_discharge,0.0,XY,MW
2052-04-11 06:00:00,CE,store_discharge,0.0,XY,MW
2052-04-12 07:00:00,NR,store_discharge,0.0,XY,MW
2052-04-13 08:00:00,SO,store_discharge,0.0,XY,MW
2052-04-14 09:00:00,CE,store_discharge,0.0,XY,MW
2052-04-15 10:00:00,NR,store_discharge,0.0,XY,MW
2052-04-16 11:00:00,SO,store_discharge,0.0,XY,MW
2052-04-17 12:00:00,CE,store_discharge,0.0,XY,MW
2052-04-18 13:00:00,NR,store_discharge,0.0,XY,MW
2052-04-19 14:00:00,SO,store_discharge,0.0,XY,MW
2052-04-20 15:00:00,CE,store_discharge,0.0,XY,MW
2052-04-21 16:00:00,NR,store_discharge,0.0,XY,MW
2052-04-22 17:00:00,SO,store_discharge,0.0,XY,MW
2052-04-23 18:00:00,CE,store_discharge,-3.69,XY,MW
2052-04-24 19:00:00,NR,store_discharge,-6.21,XY,MW
2052-04-25 20:00:00,SO,store_discharge,-4.5,XY,MW
2052-04-26 21:00:00,CE,store_discharge,3.69,XY,MW
2052-04-27 22:00:00,NR,store_discharge,6.21,XY,MW
2052-04-28 23:00:00,SO,store_discharge,4.5,XY,MW
2052-04-30 00:00:00,CE,store_discharge,0.0,XY,MW
2052-05-01 01:00:00,NR,store_discharge,0.0,XY,MW
2052-05-02 02:00:00,SO,store_discharge,0.0,XY,MW
2052-05-03 03:00:00,CE,store_discharge,0.0,XY,MW
2052-05-04 04:00:00,NR,store_discharge,0.0,XY,MW
2052-05-05 05:00:00,SO,store_discharge,0.0,XY,MW
2052-05-06 06:00:00,CE,store_discharge,0.0,XY,MW
2052-05-07 07:00:00,NR,store_discharge,0.0,XY,MW
2052-05-08 08:00:00,SO,store_discharge,0.0,XY,MW
2052-05-09 09:00:00,CE,store_discharge,0.0,XY,MW
2052-05-10 10:00:00,NR,store_discharge,0.0,XY,MW
2052-05-11 11:00:00,SO,store_discharge,0.0,XY,MW
2052-05-12 12:00:00,CE,store_discharge,0.0,XY,MW
2052-05-13 13:00:00,NR,store_discharge,0.0,XY,MW
2052-05-14 14:00:00,SO,store_discharge,0.0,XY,MW
2052-05-15 15:00:00,CE,store_discharge,0.0,XY,MW
2052-05-16 16:00:00,NR,store_discharge,0.0,XY,MW
2052-05-17 17:00:00,SO,store_discharge,0.0,XY,MW
2052-05-18 18:00:00,CE,store_discharge,0.0,XY,MW
2052-05-19 19:00:00,NR,store_discharge,0.0,XY,MW
2052-05-20 20:00:00,SO,store_discharge,0.0,XY,MW
2052-05-21 21:00:00,CE,store_discharge,0.0,XY,MW
2052-05-22 22:00:00,NR,store_discharge,0.0,XY,MW
2052-05-23 23:00:00,SO,store_discharge,0.0,XY,MW
2052-05-25 00:00:00,CE,store_discharge,0.0,XY,MW
2052-05-26 01:00:00,NR,store_discharge,0.0,XY,MW
2052-05-27 02:00:00,SO,store_discharge,0.0,XY,MW
2052-05-28 03:00:00,CE,store_discharge,0.0,XY,MW
2052-05-29 04:00:00,NR,store_discharge,0.0,XY,MW
2052-05-30 05:00:00,SO,store_discharge,0.0,XY,MW
2052-05-31 06:00:00,CE,store_discharge,0.0,XY,MW
2052-06-01 07:00:00,NR,store_discharge,0.0,XY,MW
2052-06-02 08:00:00,SO,store_discharge,0.0,XY,MW
2052-06-03 09:00:00,CE,store_discharge,0.0,XY,MW
2052-06-04 10:00:00,NR,store_discharge,0.0,XY,MW
2052-06-05 11:00:00,SO,store_discharge,0.0,XY,MW
2052-06-06 12:00:00,CE,store_discharge,0.0,XY,MW
2052-06-07 13:00:00,NR,store_discharge,0.0,XY,MW
2052-06-08 14:00:00,SO,store_discharge,0.0,XY,MW
2052-06-09 15:00:00,CE,store_discharge,0.0,XY,MW
2052-06-10 16:00:00,NR,store_discharge,0.0,XY,MW
2052-06-11 17:00:00,SO,store_discharge,0.0,XY,MW
2052-06-12 18:00:00,CE,store_discharge,0.0,XY,MW
2052-06-13 19:00:00,NR,store_discharge,0.0,XY,MW
2052-06-14 20:00:00,SO,store_discharge,0.0,XY,MW
2052-06-15 21:00:00,CE,store_discharge,0.0,XY,MW
2052-06-16 22:00:00,NR,store_discharge,0.0,XY,MW
2052-06-17 23:00:00,SO,store_discharge,0.0,XY,MW
2052-06-19 00:00:00,CE,store_discharge,0.0,XY,MW
2052-06-20 01:00:00,NR,store_discharge,0.0,XY,MW
2052-06-21 02:00:00,SO,store_discharge,0.0,XY,MW
2052-06-22 03:00:00,CE,store_discharge,0.0,XY,MW
2052-06-23 04:00:00,NR,store_discharge,0.0,XY,MW
2052-06-24 05:00:00,SO,store_discharge,0.0,XY,MW
2052-06-25 06:00:00,CE,store_discharge,0.0,XY,MW
2052-06-26 07:00:00,NR,store_discharge,0.0,XY,MW
2052-06-27 08:00:00,SO,store_discharge,0.0,XY,MW
2052-06-28 09:00:00,CE,store_discharge,0.0,XY,MW
2052-06-29 10:00:00,NR,store_discharge,0.0,XY,MW
2052-06-30 11:00:00,SO,store_discharge,0.0,XY,MW
2052-07-01 12:00:00,CE,store_discharge,0.0,XY,MW
2052-07-02 13:00:00,NR,store_discharge,0.0,XY,MW
2052-07-03 14:00:00,SO,store_discharge,0.0,XY,MW
2052-07-04 15:00:00,CE,store_discharge,0.0,XY,MW
2052-07-05 16:00:00,NR,store_discharge,0.0,XY,MW
2052-07-06 17:00:00,SO,store_discharge,0.0,XY,MW
2052-07-07 18:00:00,CE,store_discharge,0.0,XY,MW
2052-07-08 19:00:00,NR,store_discharge,0.0,XY,MW
2052-07-09 20:00:00,SO,store_discharge,0.0,XY,MW
2052-07-10 21:00:00,CE,store_discharge,-3.69,XY,MW
2052-07-11 22:00:00,NR,store_discharge,-6.21,XY,MW
2052-07-12 23:00:00,SO,store_discharge,-4.5,XY,MW
2052-07-14 00:00:00,CE,store_discharge,3.69,XY,MW
2052-07-15 01:00:00,NR,store_discharge,6.21,XY,MW
2052-07-16 02:00:00,SO,store_discharge,4.5,XY,MW
2052-07-17 03:00:00,CE,store_discharge,0.0,XY,MW
2052-07-18 04:00:00,NR,store_discharge,0.0,XY,MW
2052-07-19 05:00:00,SO,store_discharge,0.0,XY,MW
2052-07-20 06:00:00,CE,store_discharge,0.0,XY,MW
2052-07-21 07:00:00,NR,store_discharge,0.0,XY,MW
2052-07-22 08:00:00,SO,store_discharge,0.0,XY,MW
2052-07-23 09:00:00,CE,store_discharge,0.0,XY,MW
2052-07-24 10:00:00,NR,store_discharge,0.0,XY,MW
2052-07-25 11:00:00,SO,store_discharge,0.0,XY,MW
2052-07-26 12:00:00,CE,store_discharge,0.0,XY,MW
2052-07-27 13:00:00,NR,store_discharge,0.0,XY,MW
2052-07-28 14:00:00,SO,store_discharge,0.0,XY,MW
2052-07-29 15:00:00,CE,store_discharge,0.0,XY,MW
2052-07-30 16:00:00,NR,store_discharge,0.0,XY,MW
2052-07-31 17:00:00,SO,store_discharge,0.0,XY,MW
2052-08-01 18:00:00,CE,store_discharge,0.0,XY,MW
2052-08-02 19:00:00,NR,store_discharge,0.0,XY,MW
2052-08-03 20:00:00,SO,store_discharge,0.0,XY,MW
2052-08-04 21:00:00,CE,store_discharge,0.0,XY,MW
2052-08-05 22:00:00,NR,store_discharge,0.0,XY,MW
2052-08-06 23:00:00,SO,store_discharge,0.0,XY,MW
2052-08-08 00:00:00,CE,store_discharge,0.0,XY,MW
2052-08-09 01:00:00,NR,store_discharge,0.0,XY,MW
2052-08-10 02:00:00,SO,store_discharge,0.0,XY,MW
2052-08-11 03:00:00,CE,store_discharge,0.0,XY,MW
2052-08-12 04:00:00,NR,store_discharge,0.0,XY,MW
2052-08-13 05:00:00,SO,store_discharge,0.0,XY,MW
2052-08-14 06:00:00,CE,store_discharge,0.0,XY,MW
2052-08-15 07:00:00,NR,store_discharge,0.0,XY,MW
2052-08-16 08:00:00,SO,store_discharge,0.0,XY,MW
2052-08-17 09:00:00,CE,store_discharge,0.0,XY,MW
2052-08-18 10:00:00,NR,store_discharge,0.0,XY,MW
2052-08-19 11:00:00,SO,store_discharge,0.0,XY,MW
2052-08-20 12:00:00,CE,store_discharge,0.0,XY,MW
2052-08-21 13:00:00,NR,store_discharge,0.0,XY,MW
2052-08-22 14:00:00,SO,store_discharge,0.0,XY,MW
2052-08-23 15:00:00,CE,store_discharge,0.0,XY,MW
2052-08-24 16:00:00,NR,store_discharge,0.0,XY,MW
2052-08-25 17:00:00,SO,store_discharge,0.0,XY,MW
2052-08-26 18:00:00,CE,store_discharge,0.0,XY,MW
2052-08-27 19:00:00,NR,store_discharge,0.0,XY,MW
2052-08-28 20:00:00,SO,store_discharge,0.0,XY,MW
2052-08-29 21:00:00,CE,store_discharge,0.0,XY,MW
2052-08-30 22:00:00,NR,store_discharge,0.0,XY,MW
2052-08-31 23:00:00,SO,store_discharge,0.0,XY,MW
2052-09-02 00:00:00,CE,store_discharge,0.0,XY,MW
2052-09-03 01:00:00,NR,store_discharge,0.0,XY,MW
2052-09-04 02:00:00,SO,store_discharge,0.0,XY,MW
2052-09-05 03:00:00,CE,store_discharge,0.0,XY,MW
2052-09-06 04:00:00,NR,store_discharge,0.0,XY,MW
2052-09-07 05:00:00,SO,store_discharge,0.0,XY,MW
2052-09-08 06:00:00,CE,store_discharge,0.0,XY,MW
2052-09-09 07:00:00,NR,store_discharge,0.0,XY,MW
2052-09-10 08:00:00,SO,store_discharge,0.0,XY,MW
2052-09-11 09:00:00,CE,store_discharge,0.0,XY,MW
2052-09-12 10:00:00,NR,store_discharge,0.0,XY,MW
2052-09-13 11:00:00,SO,store_discharge,0.0,XY,MW
2052-09-14 12:00:00,CE,store_discharge,0.0,XY,MW
2052-09-15 13:00:00,NR,store_discharge,0.0,XY,MW
2052-09-16 14:00:00,SO,store_discharge,0.0,XY,MW
2052-09-17 15:00:00,CE,store_discharge,0.0,XY,MW
2052-09-18 16:00:00,NR,store_discharge,0.0,XY,MW
2052-09-19 17:00:00,SO,store_discharge,0.0,XY,MW
2052-09-20 18:00:00,CE,store_discharge,0.0,XY,MW
2052-09-21 19:00:00,NR,store_discharge,0.0,XY,MW
2052-09-22 20:00:00,SO,store_discharge,0.0,XY,MW
2052-09-23 21:00:00,CE,store_discharge,-3.69,XY,MW
2052-09-24 22:00:00,NR,store_discharge,-6.21,XY,MW
2052-09-25 23:00:00,SO,store_discharge,-4.5,XY,MW
2052-09-27 00:00:00,CE,store_discharge,3.69,XY,MW
2052-09-28 01:00:00,NR,store_discharge,6.21,XY,MW
2052-09-29 02:00:00,SO,store_discharge,4.5,XY,MW
2052-09-30 03:00:00,CE,store_discharge,0.0,XY,MW
2052-10-01 04:00:00,NR,store_discharge,0.0,XY,MW
2052-10-02 05:00:00,SO,store_discharge,0.0,XY,MW
2052-10-03 06:00:00,CE,store_discharge,0.0,XY,MW
2052-10-04 07:00:00,NR,store_discharge,0.0,XY,MW
2052-10-05 08:00:00,SO,store_discharge,0.0,XY,MW
2052-10-06 09:00:00,CE,store_discharge,0.0,XY,MW
2052-10-07 10:00:00,NR,store_discharge,0.0,XY,MW
2052-10-08 11:00:00,SO,store_discharge,0.0,XY,MW
2052-10-09 12:00:00,CE,store_discharge,0.0,XY,MW
2052-10-10 13:00:00,NR,store_discharge,0.0,XY,MW
2052-10-11 14:00:00,SO,store_discharge,0.0,XY,MW
2052-10-12 15:00:00,CE,store_discharge,0.0,XY,MW
2052-10-13 16:00:00,NR,store_discharge,0.0,XY,MW
2052-10-14 17:00:00,SO,store_discharge,0.0,XY,MW
2052-10-15 18:00:00,CE,store_discharge,0.0,XY,MW
2052-10-16 19:00:00,NR,store_discharge,0.0,XY,MW
2052-10-17 20:00:00,SO,store_discharge,0.0,XY,MW
2052-10-18 21:00:00,CE,store_discharge,0.0,XY,MW
2052-10-19 22:00:00,NR,store_discharge,0.0,XY,MW
2052-10-20 23:00:00,SO,store_discharge,0.0,XY,MW
2052-10-22 00:00:00,CE,store_discharge,0.0,XY,MW
2052-10-23 01:00:00,NR,store_discharge,0.0,XY,MW
2052-10-24 02:00:00,SO,store_discharge,0.0,XY,MW
2052-10-25 03:00:00,CE,store_discharge,0.0,XY,MW
2052-10-26 04:00:00,NR,store_discharge,0.0,XY,MW
2052-10-27 05:00:00,SO,store_discharge,0.0,XY,MW
2052-10-28 06:00:00,CE,store_discharge,0.0,XY,MW
2052-10-29 07:00:00,NR,store_discharge,0.0,XY,MW
2052-10-30 08:00:00,SO,store_discharge,0.0,XY,MW
2052-10-31 09:00:00,CE,store_discharge,0.0,XY,MW
2052-11-01 10:00:00,NR,store_discharge,0.0,XY,MW
2052-11-02 11:00:00,SO,store_discharge,0.0,XY,MW
2052-11-03 12:00:00,CE,store_discharge,0.0,XY,MW
2052-11-04 13:00:00,NR,store_discharge,0.0,XY,MW
2052-11-05 14:00:00,SO,store_discharge,0.0,XY,MW
2052-11-06 15:00:00,CE,store_discharge,0.0,XY,MW
2052-11-07 16:00:00,NR,store_discharge,0.0,XY,MW
2052-11-08 17:00:00,SO,store_discharge,0.0,XY,MW
2052-11-09 18:00:00,CE,store_discharge,0.0,XY,MW
2052-11-10 19:00:00,NR,store_discharge,0.0,XY,MW
2052-11-11 20:00:00,SO,store_discharge,0.0,XY,MW
2052-11-12 21:00:00,CE,store_discharge,0.0,XY,MW
2052-11-13 22:00:00,NR,store_discharge,0.0,XY,MW
2052-11-14 23:00:00,SO,store_discharge,0.0,XY,MW
2052-11-16 00:00:00,CE,store_discharge,0.0,XY,MW
2052-11-17 01:00:00,NR,store_discharge,0.0,XY,MW
2052-11-18 02:00:00,SO,store_discharge,0.0,XY,MW
2052-11-19 03:00:00,CE,store_discharge,0.0,XY,MW
2052-11-20 04:00:00,NR,store_discharge,0.0,XY,MW
2052-11-21 05:00:00,SO,store_discharge,0.0,XY,MW
2052-11-22 06:00:00,CE,store_discharge,0.0,XY,MW
2052-11-23 07:00:00,NR,store_discharge,0.0,XY,MW
2052-11-24 08:00:00,SO,store_discharge,0.0,XY,MW
2052-11-25 09:00:00,CE,store_discharge,0.0,XY,MW
2052-11-26 10:00:00,NR,store_discharge,0.0,XY,MW
2052-11-27 11:00:00,SO,store_discharge,0.0,XY,MW
2052-11-28 12:00:00,CE,store_discharge,0.0,XY,MW
2052-11-29 13:00:00,NR,store_discharge,0.0,XY,MW
2052-11-30 14:00:00,SO,store_discharge,0.0,XY,MW
2052-12-01 15:00:00,CE,store_discharge,0.0,XY,MW
2052-12-02 16:00:00,NR,store_discharge,0.0,XY,MW
2052-12-03 17:00:00,SO,store_discharge,0.0,XY,MW
2052-12-04 18:00:00,CE,store_discharge,0.0,XY,MW
2052-12-05 19:00:00,NR,store_discharge,0.0,XY,MW
2052-12-06 20:00:00,SO,store_discharge,0.0,XY,MW
2052-12-07 21:00:00,CE,store_discharge,-3.69,XY,MW
2052-12-08 22:00:00,NR,store_discharge,-6.21,XY,MW
2052-12-09 23:00:00,SO,store_discharge,-4.5,XY,MW
2052-12-11 00:00:00,CE,store_discharge,3.69,XY,MW
2052-12-12 01:00:00,NR,store_discharge,6.21,XY,MW
2052-12-13 02:00:00,SO,store_discharge,4.5,XY,MW
2052-12-14 03:00:00,CE,store_discharge,0.0,XY,MW
2052-12-15 04:00:00,NR,store_discharge,0.0,XY,MW
2052-12-16 05:00:00,SO,store_discharge,0.0,XY,MW
2052-12-17 06:00:00,CE,store_discharge,0.0,XY,MW
2052-12-18 07:00:00,NR,store_discharge,0.0,XY,MW
2052-12-19 08:00:00,SO,store_discharge,0.0,XY,MW
2052-12-20 09:00:00,CE,store_discharge,0.0,XY,MW
2052-12-21 10:00:00,NR,store_discharge,0.0,XY,MW
2052-12-22 11:00:00,SO,store_discharge,0.0,XY,MW
2052-12-23 12:00:00,CE,store_discharge,0.0,XY,MW
2052-12-24 13:00:00,NR,store_discharge,0.0,XY,MW
2052-12-25 14:00:00,SO,store_discharge,0.0,XY,MW
2052-12-26 15:00:00,CE,store_discharge,0.0,XY,MW
2052-12-27 16:00:00,NR,store_discharge,0.0,XY,MW
2052-12-28 17:00:00,SO,store_discharge,0.0,XY,MW
2052-12-29 18:00:00,CE,store_discharge,0.0,XY,MW
2052-12-30 19:00:00,NR,store_discharge,0.0,XY,MW
2052-12-31 20:00:00,SO,store_discharge,0.0,XY,MW
2053-01-01 21:00:00,CE,store_discharge,0.0,XY,MW
2053-01-02 22:00:00,NR,store_discharge,0.0,XY,MW
2053-01-03 23:00:00,SO,store_discharge,0.0,XY,MW
2050-01-01 00:00:00,CE,state_of_charge,0.0,XY,MW
2050-01-02 01:00:00,NR,state_of_charge,162.0,XY,MW
2050-01-03 02:00:00,SO,state_of_charge,0.0,XY,MW
2050-01-04 03:00:00,CE,state_of_charge,0.0,XY,MW
2050-01-05 04:00:00,NR,state_of_charge,0.0,XY,MW
2050-01-06 05:00:00,SO,state_of_charge,0.0,XY,MW
2050-01-07 06:00:00,CE,state_of_charge,0.0,XY,MW
2050-01-08 07:00:00,NR,state_of_charge,0.0,XY,MW
2050-01-09 08:00:00,SO,state_of_charge,0.0,XY,MW
2050-01-10 09:00:00,CE,state_of_charge,0.0,XY,MW
2050-01-11 10:00:00,NR,state_of_charge,0.0,XY,MW
2050-01-12 11:00:00,SO,state_of_charge,0.0,XY,MW
2050-01-13 12:00:00,CE,state_of_charge,0.0,XY,MW
2050-01-14 13:00:00,NR,state_of_charge,0.0,XY,MW
2050-01-15 14:00:00,SO,state_of_charge,0.0,XY,MW
2050-01-16 15:00:00,CE,state_of_charge,0.0,XY,MW
2050-01-17 16:00:00,NR,state_of_charge,0.0,XY,MW
2050-01-18 17:00:00,SO,state_of_charge,0.0,XY,MW
2050-01-19 18:00:00,CE,state_of_charge,92.25,XY,MW
2050-01-20 19:00:00,NR,state_of_charge,155.25,XY,MW
2050-01-21 20:00:00,SO,state_of_charge,112.5,XY,MW
2050-01-22 21:00:00,CE,state_of_charge,0.0,XY,MW
2050-01-23 22:00:00,NR,state_of_charge,0.0,XY,MW
2050-01-24 23:00:00,SO,state_of_charge,0.0,XY,MW
2050-01-26 00:00:00,CE,state_of_charge,0.0,XY,MW
2050-01-27 01:00:00,NR,state_of_charge,0.0,XY,MW
2050-01-28 02:00:00,SO,state_of_charge,0.0,XY,MW
2050-01-29 03:00:00,CE,state_of_charge,0.0,XY,MW
2050-01-30 04:00:00,NR,state_of_charge,0.0,XY,MW
2050-01-31 05:00:00,SO,state_of_charge,0.0,XY,MW
2050-02-01 06:00:00,CE,state_of_charge,0.0,XY,MW
2050-02-02 07:00:00,NR,state_of_charge,0.0,XY,MW
2050-02-03 08:00:00,SO,state_of_charge,0.0,XY,MW
2050-02-04 09:00:00,CE,state_of_charge,0.0,XY,MW
2050-02-05 10:00:00,NR,state_of_charge,0.0,XY,MW
2050-02-06 11:00:00,SO,state_of_charge,0.0,XY,MW
2050-02-07 12:00:00,CE,state_of_charge,0.0,XY,MW
2050-02-08 13:00:00,NR,state_of_charge,0.0,XY,MW
2050-02-09 14:00:00,SO,state_of_charge,0.0,XY,MW
2050-02-10 15:00:00,CE,state_of_charge,0.0,XY,MW
2050-02-11 16:00:00,NR,state_of_charge,0.0,XY,MW
2050-02-12 17:00:00,SO,state_of_charge,0.0,XY,MW
2050-02-13 18:00:00,CE,state_of_charge,0.0,XY,MW
2050-02-14 19:00:00,NR,state_of_charge,0.0,XY,MW
2050-02-15 20:00:00,SO,state_of_charge,0.0,XY,MW
2050-02-16 21:00:00,CE,state_of_charge,0.0,XY,MW
2050-02-17 22:00:00,NR,state_of_charge,0.0,XY,MW
2050-02-18 23:00:00,SO,state_of_charge,0.0,XY,MW
2050-02-20 00:00:00,CE,state_of_charge,0.0,XY,MW
2050-02-21 01:00:00,NR,state_of_charge,0.0,XY,MW
2050-02-22 02:00:00,SO,state_of_charge,0.0,XY,MW
2050-02-23 03:00:00,CE,state_of_charge,0.0,XY,MW
2050-02-24 04:00:00,NR,state_of_charge,0.0,XY,MW
2050-02-25 05:00:00,SO,state_of_charge,0.0,XY,MW
2050-02-26 06:00:00,CE,state_of_charge,0.0,XY,MW
2050-02-27 07:00:00,NR,state_of_charge,0.0,XY,MW
2050-02-28 08:00:00,SO,state_of_charge,0.0,XY,MW
2050-03-01 09:00:00,CE,state_of_charge,0.0,XY,MW
2050-03-02 10:00:00,NR,state_of_charge,0.0,XY,MW
2050-03-03 11:00:00,SO,state_of_charge,0.0,XY,MW
2050-03-04 12:00:00,CE,state_of_charge,0.0,XY,MW
2050-03-05 13:00:00,NR,state_of_charge,0.0,XY,MW
2050-03-06 14:00:00,SO,state_of_charge,0.0,XY,MW
2050-03-07 15:00:00,CE,state_of_charge,0.0,XY,MW
2050-03-08 16:00:00,NR,state_of_charge,0.0,XY,MW
2050-03-09 17:00:00,SO,state_of_charge,0.0,XY,MW
2050-03-10 18:00:00,CE,state_of_charge,0.0,XY,MW
2050-03-11 19:00:00,NR,state_of_charge,0.0,XY,MW
2050-03-12 20:00:00,SO,state_of_charge,0.0,XY,MW
2050-03-13 21:00:00,CE,state_of_charge,0.0,XY,MW
2050-03-14 22:00:00,NR,state_of_charge,0.0,XY,MW
2050-03-15 23:00:00,SO,state_of_charge,0.0,XY,MW
2050-03-17 00:00:00,CE,state_of_charge,0.0,XY,MW
2050-03-18 01:00:00,NR,state_of_charge,0.0,XY,MW
2050-03-19 02:00:00,SO,state_of_charge,0.0,XY,MW
2050-03-20 03:00:00,CE,state_of_charge,0.0,XY,MW
2050-03-21 04:00:00,NR,state_of_charge,0.0,XY,MW
2050-03-22 05:00:00,SO,state_of_charge,0.0,XY,MW
2050-03-23 06:00:00,CE,state_of_charge,0.0,XY,MW
2050-03-24 07:00:00,NR,state_of_charge,0.0,XY,MW
2050-03-25 08:00:00,SO,state_of_charge,0.0,XY,MW
2050-03-26 09:00:00,CE,state_of_charge,0.0,XY,MW
2050-03-27 10:00:00,NR,state_of_charge,0.0,XY,MW
2050-03-28 11:00:00,SO,state_of_charge,0.0,XY,MW
2050-03-29 12:00:00,CE,state_of_charge,0.0,XY,MW
2050-03-30 13:00:00,NR,state_of_charge,0.0,XY,MW
2050-03-31 14:00:00,SO,state_of_charge,0.0,XY,MW
2050-04-01 15:00:00,CE,state_of_charge,0.0,XY,MW
2050-04-02 16:00:00,NR,state_of_charge,0.0,XY,MW
2050-04-03 17:00:00,SO,state_of_charge,0.0,XY,MW
2050-04-04 18:00:00,CE,state_of_charge,92.25,XY,MW
2050-04-05 19:00:00,NR,state_of_charge,155.25,XY,MW
2050-04-06 20:00:00,SO,state_of_charge,112.5,XY,MW
2050-04-07 21:00:00,CE,state_of_charge,0.0,XY,MW
2050-04-08 22:00:00,NR,state_of_charge,0.0,XY,MW
2050-04-09 23:00:00,SO,state_of_charge,0.0,XY,MW
2050-04-11 00:00:00,CE,state_of_charge,0.0,XY,MW
2050-04-12 01:00:00,NR,state_of_charge,0.0,XY,MW
2050-04-13 02:00:00,SO,state_of_charge,0.0,XY,MW
2050-04-14 03:00:00,CE,state_of_charge,0.0,XY,MW
2050-04-15 04:00:00,NR,state_of_charge,0.0,XY,MW
2050-04-16 05:00:00,SO,state_of_charge,0.0,XY,MW
2050-04-17 06:00:00,CE,state_of_charge,0.0,XY,MW
2050-04-18 07:00:00,NR,state_of_charge,0.0,XY,MW
2050-04-19 08:00:00,SO,state_of_charge,0.0,XY,MW
2050-04-20 09:00:00,CE,state_of_charge,0.0,XY,MW
2050-04-21 10:00:00,NR,state_of_charge,0.0,XY,MW
2050-04-22 11:00:00,SO,state_of_charge,0.0,XY,MW
2050-04-23 12:00:00,CE,state_of_charge,0.0,XY,MW
2050-04-24 13:00:00,NR,state_of_charge,0.0,XY,MW
2050-04-25 14:00:00,SO,state_of_charge,0.0,XY,MW
2050-04-26 15:00:00,CE,state_of_charge,0.0,XY,MW
2050-04-27 16:00:00,NR,state_of_charge,0.0,XY,MW
2050-04-28 17:00:00,SO,state_of_charge,0.0,XY,MW
2050-04-29 18:00:00,CE,state_of_charge,0.0,XY,MW
2050-04-30 19:00:00,NR,state_of_charge,0.0,XY,MW
2050-05-01 20:00:00,SO,state_of_charge,0.0,XY,MW
2050-05-02 21:00:00,CE,state_of_charge,0.0,XY,MW
2050-05-03 22:00:00,NR,state_of_charge,0.0,XY,MW
2050-05-04 23:00:00,SO,state_of_charge,0.0,XY,MW
2050-05-06 00:00:00,CE,state_of_charge,0.0,XY,MW
2050-05-07 01:00:00,NR,state_of_charge,0.0,XY,MW
2050-05-08 02:00:00,SO,state_of_charge,0.0,XY,MW
2050-05-09 03:00:00,CE,state_of_charge,0.0,XY,MW
2050-05-10 04:00:00,NR,state_of_charge,0.0,XY,MW
2050-05-11 05:00:00,SO,state_of_charge,0.0,XY,MW
2050-05-12 06:00:00,CE,state_of_charge,0.0,XY,MW
2050-05-13 07:00:00,NR,state_of_charge,0.0,XY,MW
2050-05-14 08:00:00,SO,state_of_charge,0.0,XY,MW
2050-05-15 09:00:00,CE,state_of_charge,0.0,XY,MW
2050-05-16 10:00:00,NR,state_of_charge,0.0,XY,MW
2050-05-17 11:00:00,SO,state_of_charge,0.0,XY,MW
2050-05-18 12:00:00,CE,state_of_charge,0.0,XY,MW
2050-05-19 13:00:00,NR,state_of_charge,0.0,XY,MW
2050-05-20 14:00:00,SO,state_of_charge,0.0,XY,MW
2050-05-21 15:00:00,CE,state_of_charge,0.0,XY,MW
2050-05-22 16:00:00,NR,state_of_charge,0.0,XY,MW
2050-05-23 17:00:00,SO,state_of_charge,0.0,XY,MW
2050-05-24 18:00:00,CE,state_of_charge,0.0,XY,MW
2050-05-25 19:00:00,NR,state_of_charge,0.0,XY,MW
2050-05-26 20:00:00,SO,state_of_charge,0.0,XY,MW
2050-05-27 21:00:00,CE,state_of_charge,0.0,XY,MW
2050-05-28 22:00:00,NR,state_of_charge,0.0,XY,MW
2050-05-29 23:00:00,SO,state_of_charge,0.0,XY,MW
2050-05-31 00:00:00,CE,state_of_charge,0.0,XY,MW
2050-06-01 01:00:00,NR,state_of_charge,0.0,XY,MW
2050-06-02 02:00:00,SO,state_of_charge,0.0,XY,MW
2050-06-03 03:00:00,CE,state_of_charge,0.0,XY,MW
2050-06-04 04:00:00,NR,state_of_charge,0.0,XY,MW
2050-06-05 05:00:00,SO,state_of_charge,0.0,XY,MW
2050-06-06 06:00:00,CE,state_of_charge,0.0,XY,MW
2050-06-07 07:00:00,NR,state_of_charge,0.0,XY,MW
2050-06-08 08:00:00,SO,state_of_charge,0.0,XY,MW
2050-06-09 09:00:00,CE,state_of_charge,0.0,XY,MW
2050-06-10 10:00:00,NR,state_of_charge,0.0,XY,MW
2050-06-11 11:00:00,SO,state_of_charge,0.0,XY,MW
2050-06-12 12:00:00,CE,state_of_charge,0.0,XY,MW
2050-06-13 13:00:00,NR,state_of_charge,0.0,XY,MW
2050-06-14 14:00:00,SO,state_of_charge,0.0,XY,MW
2050-06-15 15:00:00,CE,state_of_charge,0.0,XY,MW
2050-06-16 16:00:00,NR,state_of_charge,0.0,XY,MW
2050-06-17 17:00:00,SO,state_of_charge,0.0,XY,MW
2050-06-18 18:00:00,CE,state_of_charge,92.25,XY,MW
2050-06-19 19:00:00,NR,state_of_charge,155.25,XY,MW
2050-06-20 20:00:00,SO,state_of_charge,112.5,XY,MW
2050-06-21 21:00:00,CE,state_of_charge,0.0,XY,MW
2050-06-22 22:00:00,NR,state_of_charge,0.0,XY,MW
2050-06-23 23:00:00,SO,state_of_charge,0.0,XY,MW
2050-06-25 00:00:00,CE,state_of_charge,0.0,XY,MW
2050-06-26 01:00:00,NR,state_of_charge,0.0,XY,MW
2050-06-27 02:00:00,SO,state_of_charge,0.0,XY,MW
2050-06-28 03:00:00,CE,state_of_charge,0.0,XY,MW
2050-06-29 04:00:00,NR,state_of_charge,0.0,XY,MW
2050-06-30 05:00:00,SO,state_of_charge,0.0,XY,MW
2050-07-01 06:00:00,CE,state_of_charge,0.0,XY,MW
2050-07-02 07:00:00,NR,state_of_charge,0.0,XY,MW
2050-07-03 08:00:00,SO,state_of_charge,0.0,XY,MW
2050-07-04 09:00:00,CE,state_of_charge,0.0,XY,MW
2050-07-05 10:00:00,NR,state_of_charge,0.0,XY,MW
2050-07-06 11:00:00,SO,state_of_charge,0.0,XY,MW
2050-07-07 12:00:00,CE,state_of_charge,0.0,XY,MW
2050-07-08 13:00:00,NR,state_of_charge,0.0,XY,MW
2050-07-09 14:00:00,SO,state_of_charge,0.0,XY,MW
2050-07-10 15:00:00,CE,state_of_charge,0.0,XY,MW
2050-07-11 16:00:00,NR,state_of_charge,0.0,XY,MW
2050-07-12 17:00:00,SO,state_of_charge,0.0,XY,MW
2050-07-13 18:00:00,CE,state_of_charge,0.0,XY,MW
2050-07-14 19:00:00,NR,state_of_charge,0.0,XY,MW
2050-07-15 20:00:00,SO,state_of_charge,0.0,XY,MW
2050-07-16 21:00:00,CE,state_of_charge,0.0,XY,MW
2050-07-17 22:00:00,NR,state_of_charge,0.0,XY,MW
2050-07-18 23:00:00,SO,state_of_charge,0.0,XY,MW
2050-07-20 00:00:00,CE,state_of_charge,0.0,XY,MW
2050-07-21 01:00:00,NR,state_of_charge,0.0,XY,MW
2050-07-22 02:00:00,SO,state_of_charge,0.0,XY,MW
2050-07-23 03:00:00,CE,state_of_charge,0.0,XY,MW
2050-07-24 04:00:00,NR,state_of_charge,0.0,XY,MW
2050-07-25 05:00:00,SO,state_of_charge,0.0,XY,MW
2050-07-26 06:00:00,CE,state_of_charge,0.0,XY,MW
2050-07-27 07:00:00,NR,state_of_charge,0.0,XY,MW
2050-07-28 08:00:00,SO,state_of_charge,0.0,XY,MW
2050-07-29 09:00:00,CE,state_of_charge,0.0,XY,MW
2050-07-30 10:00:00,NR,state_of_charge,0.0,XY,MW
2050-07-31 11:00:00,SO,state_of_charge,0.0,XY,MW
2050-08-01 12:00:00,CE,state_of_charge,0.0,XY,MW
2050-08-02 13:00:00,NR,state_of_charge,0.0,XY,MW
2050-08-03 14:00:00,SO,state_of_charge,0.0,XY,MW
2050-08-04 15:00:00,CE,state_of_charge,0.0,XY,MW
2050-08-05 16:00:00,NR,state_of_charge,0.0,XY,MW
2050-08-06 17:00:00,SO,state_of_charge,0.0,XY,MW
2050-08-07 18:00:00,CE,state_of_charge,0.0,XY,MW
2050-08-08 19:00:00,NR,state_of_charge,0.0,XY,MW
2050-08-09 20:00:00,SO,state_of_charge,0.0,XY,MW
2050-08-10 21:00:00,CE,state_of_charge,0.0,XY,MW
2050-08-11 22:00:00,NR,state_of_charge,0.0,XY,MW
2050-08-12 23:00:00,SO,state_of_charge,0.0,XY,MW
2050-08-14 00:00:00,CE,state_of_charge,0.0,XY,MW
2050-08-15 01:00:00,NR,state_of_charge,0.0,XY,MW
2050-08-16 02:00:00,SO,state_of_charge,0.0,XY,MW
2050-08-17 03:00:00,CE,state_of_charge,0.0,XY,MW
2050-08-18 04:00:00,NR,state_of_charge,0.0,XY,MW
2050-08-19 05:00:00,SO,state_of_charge,0.0,XY,MW
2050-08-20 06:00:00,CE,state_of_charge,0.0,XY,MW
2050-08-21 07:00:00,NR,state_of_charge,0.0,XY,MW
2050-08-22 08:00:00,SO,state_of_charge,0.0,XY,MW
2050-08-23 09:00:00,CE,state_of_charge,0.0,XY,MW
2050-08-24 10:00:00,NR,state_of_charge,0.0,XY,MW
2050-08-25 11:00:00,SO,state_of_charge,0.0,XY,MW
2050-08-26 12:00:00,CE,state_of_charge,0.0,XY,MW
2050-08-27 13:00:00,NR,state_of_charge,0.0,XY,MW
2050-08-28 14:00:00,SO,state_of_charge,0.0,XY,MW
2050-08-29 15:00:00,CE,state_of_charge,0.0,XY,MW
2050-08-30 16:00:00,NR,state_of_charge,0.0,XY,MW
2050-08-31 17:00:00,SO,state_of_charge,0.0,XY,MW
2050-09-01 18:00:00,CE,state_of_charge,92.25,XY,MW
2050-09-02 19:00:00,NR,state_of_charge,155.25,XY,MW
2050-09-03 20:00:00,SO,state_of_charge,112.5,XY,MW
2050-09-04 21:00:00,CE,state_of_charge,0.0,XY,MW
2050-09-05 22:00:00,NR,state_of_charge,0.0,XY,MW
2050-09-06 23:00:00,SO,state_of_charge,0.0,XY,MW
2050-09-08 00:00:00,CE,state_of_charge,0.0,XY,MW
2050-09-09 01:00:00,NR,state_of_charge,0.0,XY,MW
2050-09-10 02:00:00,SO,state_of_charge,0.0,XY,MW
2050-09-11 03:00:00,CE,state_of_charge,0.0,XY,MW
2050-09-12 04:00:00,NR,state_of_charge,0.0,XY,MW
2050-09-13 05:00:00,SO,state_of_charge,0.0,XY,MW
2050-09-14 06:00:00,CE,state_of_charge,0.0,XY,MW
2050-09-15 07:00:00,NR,state_of_charge,0.0,XY,MW
2050-09-16 08:00:00,SO,state_of_charge,0.0,XY,MW
2050-09-17 09:00:00,CE,state_of_charge,0.0,XY,MW
2050-09-18 10:00:00,NR,state_of_charge,0.0,XY,MW
2050-09-19 11:00:00,SO,state_of_charge,0.0,XY,MW
2050-09-20 12:00:00,CE,state_of_charge,0.0,XY,MW
2050-09-21 13:00:00,NR,state_of_charge,0.0,XY,MW
2050-09-22 14:00:00,SO,state_of_charge,0.0,XY,MW
2050-09-23 15:00:00,CE,state_of_charge,0.0,XY,MW
2050-09-24 16:00:00,NR,state_of_charge,0.0,XY,MW
2050-09-25 17:00:00,SO,state_of_charge,0.0,XY,MW
2050-09-26 18:00:00,CE,state_of_charge,0.0,XY,MW
2050-09-27 19:00:00,NR,state_of_charge,0.0,XY,MW
2050-09-28 20:00:00,SO,state_of_charge,0.0,XY,MW
2050-09-29 21:00:00,CE,state_of_charge,0.0,XY,MW
2050-09-30 22:00:00,NR,state_of_charge,0.0,XY,MW
2050-10-01 23:00:00,SO,state_of_charge,0.0,XY,MW
2050-10-03 00:00:00,CE,state_of_charge,0.0,XY,MW
2050-10-04 01:00:00,NR,state_of_charge,0.0,XY,MW
2050-10-05 02:00:00,SO,state_of_charge,0.0,XY,MW
2050-10-06 03:00:00,CE,state_of_charge,0.0,XY,MW
2050-10-07 04:00:00,NR,state_of_charge,0.0,XY,MW
2050-10-08 05:00:00,SO,state_of_charge,0.0,XY,MW
2050-10-09 06:00:00,CE,state_of_charge,0.0,XY,MW
2050-10-10 07:00:00,NR,state_of_charge,0.0,XY,MW
2050-10-11 08:00:00,SO,state_of_charge,0.0,XY,MW
2050-10-12 09:00:00,CE,state_of_charge,0.0,XY,MW
2050-10-13 10:00:00,NR,state_of_charge,0.0,XY,MW
2050-10-14 11:00:00,SO,state_of_charge,0.0,XY,MW
2050-10-15 12:00:00,CE,state_of_charge,0.0,XY,MW
2050-10-16 13:00:00,NR,state_of_charge,0.0,XY,MW
2050-10-17 14:00:00,SO,state_of_charge,0.0,XY,MW
2050-10-18 15:00:00,CE,state_of_charge,0.0,XY,MW
2050-10-19 16:00:00,NR,state_of_charge,0.0,XY,MW
2050-10-20 17:00:00,SO,state_of_charge,0.0,XY,MW
2050-10-21 18:00:00,CE,state_of_charge,0.0,XY,MW
2050-10-22 19:00:00,NR,state_of_charge,0.0,XY,MW
2050-10-23 20:00:00,SO,state_of_charge,0.0,XY,MW
2050-10-24 21:00:00,CE,state_of_charge,0.0,XY,MW
2050-10-25 22:00:00,NR,state_of_charge,0.0,XY,MW
2050-10-26 23:00:00,SO,state_of_charge,0.0,XY,MW
2050-10-28 00:00:00,CE,state_of_charge,0.0,XY,MW
2050-10-29 01:00:00,NR,state_of_charge,0.0,XY,MW
2050-10-30 02:00:00,SO,state_of_charge,0.0,XY,MW
2050-10-31 03:00:00,CE,state_of_charge,0.0,XY,MW
2050-11-01 04:00:00,NR,state_of_charge,0.0,XY,MW
2050-11-02 05:00:00,SO,state_of_charge,0.0,XY,MW
2050-11-03 06:00:00,CE,state_of_charge,0.0,XY,MW
2050-11-04 07:00:00,NR,state_of_charge,0.0,XY,MW
2050-11-05 08:00:00,SO,state_of_charge,0.0,XY,MW
2050-11-06 09:00:00,CE,state_of_charge,0.0,XY,MW
2050-11-07 10:00:00,NR,state_of_charge,0.0,XY,MW
2050-11-08 11:00:00,SO,state_of_charge,0.0,XY,MW
2050-11-09 12:00:00,CE,state_of_charge,0.0,XY,MW
2050-11-10 13:00:00,NR,state_of_charge,0.0,XY,MW
2050-11-11 14:00:00,SO,state_of_charge,0.0,XY,MW
2050-11-12 15:00:00,CE,state_of_charge,92.25,XY,MW
2050-11-13 16:00:00,NR,state_of_charge,155.25,XY,MW
2050-11-14 17:00:00,SO,state_of_charge,112.5,XY,MW
2050-11-15 18:00:00,CE,state_of_charge,0.0,XY,MW
2050-11-16 19:00:00,NR,state_of_charge,0.0,XY,MW
2050-11-17 20:00:00,SO,state_of_charge,0.0,XY,MW
2050-11-18 21:00:00,CE,state_of_charge,0.0,XY,MW
2050-11-19 22:00:00,NR,state_of_charge,0.0,XY,MW
2050-11-20 23:00:00,SO,state_of_charge,0.0,XY,MW
2050-11-22 00:00:00,CE,state_of_charge,0.0,XY,MW
2050-11-23 01:00:00,NR,state_of_charge,0.0,XY,MW
2050-11-24 02:00:00,SO,state_of_charge,0.0,XY,MW
2050-11-25 03:00:00,CE,state_of_charge,0.0,XY,MW
2050-11-26 04:00:00,NR,state_of_charge,0.0,XY,MW
2050-11-27 05:00:00,SO,state_of_charge,0.0,XY,MW
2050-11-28 06:00:00,CE,state_of_charge,0.0,XY,MW
2050-11-29 07:00:00,NR,state_of_charge,0.0,XY,MW
2050-11-30 08:00:00,SO,state_of_charge,0.0,XY,MW
2050-12-01 09:00:00,CE,state_of_charge,0.0,XY,MW
2050-12-02 10:00:00,NR,state_of_charge,0.0,XY,MW
2050-12-03 11:00:00,SO,state_of_charge,0.0,XY,MW
2050-12-04 12:00:00,CE,state_of_charge,0.0,XY,MW
2050-12-05 13:00:00,NR,state_of_charge,0.0,XY,MW
2050-12-06 14:00:00,SO,state_of_charge,0.0,XY,MW
2050-12-07 15:00:00,CE,state_of_charge,0.0,XY,MW
2050-12-08 16:00:00,NR,state_of_charge,0.0,XY,MW
2050-12-09 17:00:00,SO,state_of_charge,0.0,XY,MW
2050-12-10 18:00:00,CE,state_of_charge,0.0,XY,MW
2050-12-11 19:00:00,NR,state_of_charge,0.0,XY,MW
2050-12-12 20:00:00,SO,state_of_charge,0.0,XY,MW
2050-12-13 21:00:00,CE,state_of_charge,0.0,XY,MW
2050-12-14 22:00:00,NR,state_of_charge,0.0,XY,MW
2050-12-15 23:00:00,SO,state_of_charge,0.0,XY,MW
2050-12-17 00:00:00,CE,state_of_charge,0.0,XY,MW
2050-12-18 01:00:00,NR,state_of_charge,0.0,XY,MW
2050-12-19 02:00:00,SO,state_of_charge,0.0,XY,MW
2050-12-20 03:00:00,CE,state_of_charge,0.0,XY,MW
2050-12-21 04:00:00,NR,state_of_charge,0.0,XY,MW
2050-12-22 05:00:00,SO,state_of_charge,0.0,XY,MW
2050-12-23 06:00:00,CE,state_of_charge,0.0,XY,MW
2050-12-24 07:00:00,NR,state_of_charge,0.0,XY,MW
2050-12-25 08:00:00,SO,state_of_charge,0.0,XY,MW
2050-12-26 09:00:00,CE,state_of_charge,0.0,XY,MW
2050-12-27 10:00:00,NR,state_of_charge,0.0,XY,MW
2050-12-28 11:00:00,SO,state_of_charge,0.0,XY,MW
2050-12-29 12:00:00,CE,state_of_charge,0.0,XY,MW
2050-12-30 13:00:00,NR,state_of_charge,0.0,XY,MW
2050-12-31 14:00:00,SO,state_of_charge,0.0,XY,MW
2051-01-01 15:00:00,CE,state_of_charge,0.0,XY,MW
2051-01-02 16:00:00,NR,state_of_charge,0.0,XY,MW
2051-01-03 17:00:00,SO,state_of_charge,0.0,XY,MW
2051-01-04 18:00:00,CE,state_of_charge,0.0,XY,MW
2051-01-05 19:00:00,NR,state_of_charge,0.0,XY,MW
2051-01-06 20:00:00,SO,state_of_charge,0.0,XY,MW
2051-01-07 21:00:00,CE,state_of_charge,0.0,XY,MW
2051-01-08 22:00:00,NR,state_of_charge,0.0,XY,MW
2051-01-09 23:00:00,SO,state_of_charge,0.0,XY,MW
2051-01-11 00:00:00,CE,state_of_charge,0.0,XY,MW
2051-01-12 01:00:00,NR,state_of_charge,0.0,XY,MW
2051-01-13 02:00:00,SO,state_of_charge,0.0,XY,MW
2051-01-14 03:00:00,CE,state_of_charge,0.0,XY,MW
2051-01-15 04:00:00,NR,state_of_charge,0.0,XY,MW
2051-01-16 05:00:00,SO,state_of_charge,0.0,XY,MW
2051-01-17 06:00:00,CE,state_of_charge,0.0,XY,MW
2051-01-18 07:00:00,NR,state_of_charge,0.0,XY,MW
2051-01-19 08:00:00,SO,state_of_charge,0.0,XY,MW
2051-01-20 09:00:00,CE,state_of_charge,0.0,XY,MW
2051-01-21 10:00:00,NR,state_of_charge,0.0,XY,MW
2051-01-22 11:00:00,SO,state_of_charge,0.0,XY,MW
2051-01-23 12:00:00,CE,state_of_charge,0.0,XY,MW
2051-01-24 13:00:00,NR,state_of_charge,0.0,XY,MW
2051-01-25 14:00:00,SO,state_of_charge,0.0,XY,MW
2051-01-26 15:00:00,CE,state_of_charge,92.25,XY,MW
2051-01-27 16:00:00,NR,state_of_charge,155.25,XY,MW
2051-01-28 17:00:00,SO,state_of_charge,112.5,XY,MW
2051-01-29 18:00:00,CE,state_of_charge,0.0,XY,MW
2051-01-30 19:00:00,NR,state_of_charge,0.0,XY,MW
2051-01-31 20:00:00,SO,state_of_charge,0.0,XY,MW
2051-02-01 21:00:00,CE,state_of_charge,0.0,XY,MW
2051-02-02 22:00:00,NR,state_of_charge,0.0,XY,MW
2051-02-03 23:00:00,SO,state_of_charge,0.0,XY,MW
2051-02-05 00:00:00,CE,state_of_charge,0.0,XY,MW
2051-02-06 01:00:00,NR,state_of_charge,0.0,XY,MW
2051-02-07 02:00:00,SO,state_of_charge,0.0,XY,MW
2051-02-08 03:00:00,CE,state_of_charge,0.0,XY,MW
2051-02-09 04:00:00,NR,state_of_charge,0.0,XY,MW
2051-02-10 05:00:00,SO,state_of_charge,0.0,XY,MW
2051-02-11 06:00:00,CE,state_of_charge,0.0,XY,MW
2051-02-12 07:00:00,NR,state_of_charge,0.0,XY,MW
2051-02-13 08:00:00,SO,state_of_charge,0.0,XY,MW
2051-02-14 09:00:00,CE,state_of_charge,0.0,XY,MW
2051-02-15 10:00:00,NR,state_of_charge,0.0,XY,MW
2051-02-16 11:00:00,SO,state_of_charge,0.0,XY,MW
2051-02-17 12:00:00,CE,state_of_charge,0.0,XY,MW
2051-02-18 13:00:00,NR,state_of_charge,0.0,XY,MW
2051-02-19 14:00:00,SO,state_of_charge,0.0,XY,MW
2051-02-20 15:00:00,CE,state_of_charge,0.0,XY,MW
2051-02-21 16:00:00,NR,state_of_charge,0.0,XY,MW
2051-02-22 17:00:00,SO,state_of_charge,0.0,XY,MW
2051-02-23 18:00:00,CE,state_of_charge,0.0,XY,MW
2051-02-24 19:00:00,NR,state_of_charge,0.0,XY,MW
2051-02-25 20:00:00,SO,state_of_charge,0.0,XY,MW
2051-02-26 21:00:00,CE,state_of_charge,0.0,XY,MW
2051-02-27 22:00:00,NR,state_of_charge,0.0,XY,MW
2051-02-28 23:00:00,SO,state_of_charge,0.0,XY,MW
2051-03-02 00:00:00,CE,state_of_charge,0.0,XY,MW
2051-03-03 01:00:00,NR,state_of_charge,0.0,XY,MW
2051-03-04 02:00:00,SO,state_of_charge,0.0,XY,MW
2051-03-05 03:00:00,CE,state_of_charge,0.0,XY,MW
2051-03-06 04:00:00,NR,state_of_charge,0.0,XY,MW
2051-03-07 05:00:00,SO,state_of_charge,0.0,XY,MW
2051-03-08 06:00:00,CE,state_of_charge,0.0,XY,MW
2051-03-09 07:00:00,NR,state_of_charge,0.0,XY,MW
2051-03-10 08:00:00,SO,state_of_charge,0.0,XY,MW
2051-03-11 09:00:00,CE,state_of_charge,0.0,XY,MW
2051-03-12 10:00:00,NR,state_of_charge,0.0,XY,MW
2051-03-13 11:00:00,SO,state_of_charge,0.0,XY,MW
2051-03-14 12:00:00,CE,state_of_charge,0.0,XY,MW
2051-03-15 13:00:00,NR,state_of_charge,0.0,XY,MW
2051-03-16 14:00:00,SO,state_of_charge,0.0,XY,MW
2051-03-17 15:00:00,CE,state_of_charge,0.0,XY,MW
2051-03-18 16:00:00,NR,state_of_charge,0.0,XY,MW
2051-03-19 17:00:00,SO,state_of_charge,0.0,XY,MW
2051-03-20 18:00:00,CE,state_of_charge,0.0,XY,MW
2051-03-21 19:00:00,NR,state_of_charge,0.0,XY,MW
2051-03-22 20:00:00,SO,state_of_charge,0.0,XY,MW
2051-03-23 21:00:00,CE,state_of_charge,0.0,XY,MW
2051-03-24 22:00:00,NR,state_of_charge,0.0,XY,MW
2051-03-25 23:00:00,SO,state_of_charge,0.0,XY,MW
2051-03-27 00:00:00,CE,state_of_charge,0.0,XY,MW
2051-03-28 01:00:00,NR,state_of_charge,0.0,XY,MW
2051-03-29 02:00:00,SO,state_of_charge,0.0,XY,MW
2051-03-30 03:00:00,CE,state_of_charge,0.0,XY,MW
2051-03-31 04:00:00,NR,state_of_charge,0.0,XY,MW
2051-04-01 05:00:00,SO,state_of_charge,0.0,XY,MW
2051-04-02 06:00:00,CE,state_of_charge,0.0,XY,MW
2051-04-03 07:00:00,NR,state_of_charge,0.0,XY,MW
2051-04-04 08:00:00,SO,state_of_charge,0.0,XY,MW
2051-04-05 09:00:00,CE,state_of_charge,0.0,XY,MW
2051-04-06 10:00:00,NR,state_of_charge,0.0,XY,MW
2051-04-07 11:00:00,SO,state_of_charge,0.0,XY,MW
2051-04-08 12:00:00,CE,state_of_charge,0.0,XY,MW
2051-04-09 13:00:00,NR,state_of_charge,0.0,XY,MW
2051-04-10 14:00:00,SO,state_of_charge,0.0,XY,MW
2051-04-11 15:00:00,CE,state_of_charge,92.25,XY,MW
2051-04-12 16:00:00,NR,state_of_charge,155.25,XY,MW
2051-04-13 17:00:00,SO,state_of_charge,112.5,XY,MW
2051-04-14 18:00:00,CE,state_of_charge,0.0,XY,MW
2051-04-15 19:00:00,NR,state_of_charge,0.0,XY,MW
2051-04-16 20:00:00,SO,state_of_charge,0.0,XY,MW
2051-04-17 21:00:00,CE,state_of_charge,0.0,XY,MW
2051-04-18 22:00:00,NR,state_of_charge,0.0,XY,MW
2051-04-19 23:00:00,SO,state_of_charge,0.0,XY,MW
2051-04-21 00:00:00,CE,state_of_charge,0.0,XY,MW
2051-04-22 01:00:00,NR,state_of_charge,0.0,XY,MW
2051-04-23 02:00:00,SO,state_of_charge,0.0,XY,MW
2051-04-24 03:00:00,CE,state_of_charge,0.0,XY,MW
2051-04-25 04:00:00,NR,state_of_charge,0.0,XY,MW
2051-04-26 05:00:00,SO,state_of_charge,0.0,XY,MW
2051-04-27 06:00:00,CE,state_of_charge,0.0,XY,MW
2051-04-28 07:00:00,NR,state_of_charge,0.0,XY,MW
2051-04-29 08:00:00,SO,state_of_charge,0.0,XY,MW
2051-04-30 09:00:00,CE,state_of_charge,0.0,XY,MW
2051-05-01 10:00:00,NR,state_of_charge,0.0,XY,MW
2051-05-02 11:00:00,SO,state_of_charge,0.0,XY,MW
2051-05-03 12:00:00,CE,state_of_charge,0.0,XY,MW
2051-05-04 13:00:00,NR,state_of_charge,0.0,XY,MW
2051-05-05 14:00:00,SO,state_of_charge,0.0,XY,MW
2051-05-06 15:00:00,CE,state_of_charge,0.0,XY,MW
2051-05-07 16:00:00,NR,state_of_charge,0.0,XY,MW
2051-05-08 17:00:00,SO,state_of_charge,0.0,XY,MW
2051-05-09 18:00:00,CE,state_of_charge,0.0,XY,MW
2051-05-10 19:00:00,NR,state_of_charge,0.0,XY,MW
2051-05-11 20:00:00,SO,state_of_charge,0.0,XY,MW
2051-05-12 21:00:00,CE,state_of_charge,0.0,XY,MW
2051-05-13 22:00:00,NR,state_of_charge,0.0,XY,MW
2051-05-14 23:00:00,SO,state_of_charge,0.0,XY,MW
2051-05-16 00:00:00,CE,state_of_charge,0.0,XY,MW
2051-05-17 01:00:00,NR,state_of_charge,0.0,XY,MW
2051-05-18 02:00:00,SO,state_of_charge,0.0,XY,MW
2051-05-19 03:00:00,CE,state_of_charge,0.0,XY,MW
2051-05-20 04:00:00,NR,state_of_charge,0.0,XY,MW
2051-05-21 05:00:00,SO,state_of_charge,0.0,XY,MW
2051-05-22 06:00:00,CE,state_of_charge,0.0,XY,MW
2051-05-23 07:00:00,NR,state_of_charge,0.0,XY,MW
2051-05-24 08:00:00,SO,state_of_charge,0.0,XY,MW
2051-05-25 09:00:00,CE,state_of_charge,0.0,XY,MW
2051-05-26 10:00:00,NR,state_of_charge,0.0,XY,MW
2051-05-27 11:00:00,SO,state_of_charge,0.0,XY,MW
2051-05-28 12:00:00,CE,state_of_charge,0.0,XY,MW
2051-05-29 13:00:00,NR,state_of_charge,0.0,XY,MW
2051-05-30 14:00:00,SO,state_of_charge,0.0,XY,MW
2051-05-31 15:00:00,CE,state_of_charge,0.0,XY,MW
2051-06-01 16:00:00,NR,state_of_charge,0.0,XY,MW
2051-06-02 17:00:00,SO,state_of_charge,0.0,XY,MW
2051-06-03 18:00:00,CE,state_of_charge,0.0,XY,MW
2051-06-04 19:00:00,NR,state_of_charge,0.0,XY,MW
2051-06-05 20:00:00,SO,state_of_charge,0.0,XY,MW
2051-06-06 21:00:00,CE,state_of_charge,0.0,XY,MW
2051-06-07 22:00:00,NR,state_of_charge,0.0,XY,MW
2051-06-08 23:00:00,SO,state_of_charge,0.0,XY,MW
2051-06-10 00:00:00,CE,state_of_charge,0.0,XY,MW
2051-06-11 01:00:00,NR,state_of_charge,0.0,XY,MW
2051-06-12 02:00:00,SO,state_of_charge,0.0,XY,MW
2051-06-13 03:00:00,CE,state_of_charge,0.0,XY,MW
2051-06-14 04:00:00,NR,state_of_charge,0.0,XY,MW
2051-06-15 05:00:00,SO,state_of_charge,0.0,XY,MW
2051-06-16 06:00:00,CE,state_of_charge,0.0,XY,MW
2051-06-17 07:00:00,NR,state_of_charge,0.0,XY,MW
2051-06-18 08:00:00,SO,state_of_charge,0.0,XY,MW
2051-06-19 09:00:00,CE,state_of_charge,0.0,XY,MW
2051-06-20 10:00:00,NR,state_of_charge,0.0,XY,MW
2051-06-21 11:00:00,SO,state_of_charge,0.0,XY,MW
2051-06-22 12:00:00,CE,state_of_charge,0.0,XY,MW
2051-06-23 13:00:00,NR,state_of_charge,0.0,XY,MW
2051-06-24 14:00:00,SO,state_of_charge,0.0,XY,MW
2051-06-25 15:00:00,CE,state_of_charge,0.0,XY,MW
2051-06-26 16:00:00,NR,state_of_charge,0.0,XY,MW
2051-06-27 17:00:00,SO,state_of_charge,0.0,XY,MW
2051-06-28 18:00:00,CE,state_of_charge,92.25,XY,MW
2051-06-29 19:00:00,NR,state_of_charge,155.25,XY,MW
2051-06-30 20:00:00,SO,state_of_charge,112.5,XY,MW
2051-07-01 21:00:00,CE,state_of_charge,0.0,XY,MW
2051-07-02 22:00:00,NR,state_of_charge,0.0,XY,MW
2051-07-03 23:00:00,SO,state_of_charge,0.0,XY,MW
2051-07-05 00:00:00,CE,state_of_charge,0.0,XY,MW
2051-07-06 01:00:00,NR,state_of_charge,0.0,XY,MW
2051-07-07 02:00:00,SO,state_of_charge,0.0,XY,MW
2051-07-08 03:00:00,CE,state_of_charge,0.0,XY,MW
2051-07-09 04:00:00,NR,state_of_charge,0.0,XY,MW
2051-07-10 05:00:00,SO,state_of_charge,0.0,XY,MW
2051-07-11 06:00:00,CE,state_of_charge,0.0,XY,MW
2051-07-12 07:00:00,NR,state_of_charge,0.0,XY,MW
2051-07-13 08:00:00,SO,state_of_charge,0.0,XY,MW
2051-07-14 09:00:00,CE,state_of_charge,0.0,XY,MW
2051-07-15 10:00:00,NR,state_of_charge,0.0,XY,MW
2051-07-16 11:00:00,SO,state_of_charge,0.0,XY,MW
2051-07-17 12:00:00,CE,state_of_charge,0.0,XY,MW
2051-07-18 13:00:00,NR,state_of_charge,0.0,XY,MW
2051-07-19 14:00:00,SO,state_of_charge,0.0,XY,MW
2051-07-20 15:00:00,CE,state_of_charge,0.0,XY,MW
2051-07-21 16:00:00,NR,state_of_charge,0.0,XY,MW
2051-07-22 17:00:00,SO,state_of_charge,0.0,XY,MW
2051-07-23 18:00:00,CE,state_of_charge,0.0,XY,MW
2051-07-24 19:00:00,NR,state_of_charge,0.0,XY,MW
2051-07-25 20:00:00,SO,state_of_charge,0.0,XY,MW
2051-07-26 21:00:00,CE,state_of_charge,0.0,XY,MW
2051-07-27 22:00:00,NR,state_of_charge,0.0,XY,MW
2051-07-28 23:00:00,SO,state_of_charge,0.0,XY,MW
2051-07-30 00:00:00,CE,state_of_charge,0.0,XY,MW
2051-07-31 01:00:00,NR,state_of_charge,0.0,XY,MW
2051-08-01 02:00:00,SO,state_of_charge,0.0,XY,MW
2051-08-02 03:00:00,CE,state_of_charge,0.0,XY,MW
2051-08-03 04:00:00,NR,state_of_charge,0.0,XY,MW
2051-08-04 05:00:00,SO,state_of_charge,0.0,XY,MW
2051-08-05 06:00:00,CE,state_of_charge,0.0,XY,MW
2051-08-06 07:00:00,NR,state_of_charge,0.0,XY,MW
2051-08-07 08:00:00,SO,state_of_charge,0.0,XY,MW
2051-08-08 09:00:00,CE,state_of_charge,0.0,XY,MW
2051-08-09 10:00:00,NR,state_of_charge,0.0,XY,MW
2051-08-10 11:00:00,SO,state_of_charge,0.0,XY,MW
2051-08-11 12:00:00,CE,state_of_charge,0.0,XY,MW
2051-08-12 13:00:00,NR,state_of_charge,0.0,XY,MW
2051-08-13 14:00:00,SO,state_of_charge,0.0,XY,MW
2051-08-14 15:00:00,CE,state_of_charge,0.0,XY,MW
2051-08-15 16:00:00,NR,state_of_charge,0.0,XY,MW
2051-08-16 17:00:00,SO,state_of_charge,0.0,XY,MW
2051-08-17 18:00:00,CE,state_of_charge,0.0,XY,MW
2051-08-18 19:00:00,NR,state_of_charge,0.0,XY,MW
2051-08-19 20:00:00,SO,state_of_charge,0.0,XY,MW
2051-08-20 21:00:00,CE,state_of_charge,0.0,XY,MW
2051-08-21 22:00:00,NR,state_of_charge,0.0,XY,MW
2051-08-22 23:00:00,SO,state_of_charge,0.0,XY,MW
2051-08-24 00:00:00,CE,state_of_charge,0.0,XY,MW
2051-08-25 01:00:00,NR,state_of_charge,0.0,XY,MW
2051-08-26 02:00:00,SO,state_of_charge,0.0,XY,MW
2051-08-27 03:00:00,CE,state_of_charge,0.0,XY,MW
2051-08-28 04:00:00,NR,state_of_charge,0.0,XY,MW
2051-08-29 05:00:00,SO,state_of_charge,0.0,XY,MW
2051-08-30 06:00:00,CE,state_of_charge,0.0,XY,MW
2051-08-31 07:00:00,NR,state_of_charge,0.0,XY,MW
2051-09-01 08:00:00,SO,state_of_charge,0.0,XY,MW
2051-09-02 09:00:00,CE,state_of_charge,0.0,XY,MW
2051-09-03 10:00:00,NR,state_of_charge,0.0,XY,MW
2051-09-04 11:00:00,SO,state_of_charge,0.0,XY,MW
2051-09-05 12:00:00,CE,state_of_charge,0.0,XY,MW
2051-09-06 13:00:00,NR,state_of_charge,0.0,XY,MW
2051-09-07 14:00:00,SO,state_of_charge,0.0,XY,MW
2051-09-08 15:00:00,CE,state_of_charge,0.0,XY,MW
2051-09-09 16:00:00,NR,state_of_charge,0.0,XY,MW
2051-09-10 17:00:00,SO,state_of_charge,0.0,XY,MW
2051-09-11 18:00:00,CE,state_of_charge,92.25,XY,MW
2051-09-12 19:00:00,NR,state_of_charge,155.25,XY,MW
2051-09-13 20:00:00,SO,state_of_charge,112.5,XY,MW
2051-09-14 21:00:00,CE,state_of_charge,0.0,XY,MW
2051-09-15 22:00:00,NR,state_of_charge,0.0,XY,MW
2051-09-16 23:00:00,SO,state_of_charge,0.0,XY,MW
2051-09-18 00:00:00,CE,state_of_charge,0.0,XY,MW
2051-09-19 01:00:00,NR,state_of_charge,0.0,XY,MW
2051-09-20 02:00:00,SO,state_of_charge,0.0,XY,MW
2051-09-21 03:00:00,CE,state_of_charge,0.0,XY,MW
2051-09-22 04:00:00,NR,state_of_charge,0.0,XY,MW
2051-09-23 05:00:00,SO,state_of_charge,0.0,XY,MW
2051-09-24 06:00:00,CE,state_of_charge,0.0,XY,MW
2051-09-25 07:00:00,NR,state_of_charge,0.0,XY,MW
2051-09-26 08:00:00,SO,state_of_charge,0.0,XY,MW
2051-09-27 09:00:00,CE,state_of_charge,0.0,XY,MW
2051-09-28 10:00:00,NR,state_of_charge,0.0,XY,MW
2051-09-29 11:00:00,SO,state_of_charge,0.0,XY,MW
2051-09-30 12:00:00,CE,state_of_charge,0.0,XY,MW
2051-10-01 13:00:00,NR,state_of_charge,0.0,XY,MW
2051-10-02 14:00:00,SO,state_of_charge,0.0,XY,MW
2051-10-03 15:00:00,CE,state_of_charge,0.0,XY,MW
2051-10-04 16:00:00,NR,state_of_charge,0.0,XY,MW
2051-10-05 17:00:00,SO,state_of_charge,0.0,XY,MW
2051-10-06 18:00:00,CE,state_of_charge,0.0,XY,MW
2051-10-07 19:00:00,NR,state_of_charge,0.0,XY,MW
2051-10-08 20:00:00,SO,state_of_charge,0.0,XY,MW
2051-10-09 21:00:00,CE,state_of_charge,0.0,XY,MW
2051-10-10 22:00:00,NR,state_of_charge,0.0,XY,MW
2051-10-11 23:00:00,SO,state_of_charge,0.0,XY,MW
2051-10-13 00:00:00,CE,state_of_charge,0.0,XY,MW
2051-10-14 01:00:00,NR,state_of_charge,0.0,XY,MW
2051-10-15 02:00:00,SO,state_of_charge,0.0,XY,MW
2051-10-16 03:00:00,CE,state_of_charge,0.0,XY,MW
2051-10-17 04:00:00,NR,state_of_charge,0.0,XY,MW
2051-10-18 05:00:00,SO,state_of_charge,0.0,XY,MW
2051-10-19 06:00:00,CE,state_of_charge,0.0,XY,MW
2051-10-20 07:00:00,NR,state_of_charge,0.0,XY,MW
2051-10-21 08:00:00,SO,state_of_charge,0.0,XY,MW
2051-10-22 09:00:00,CE,state_of_charge,0.0,XY,MW
2051-10-23 10:00:00,NR,state_of_charge,0.0,XY,MW
2051-10-24 11:00:00,SO,state_of_charge,0.0,XY,MW
2051-10-25 12:00:00,CE,state_of_charge,0.0,XY,MW
2051-10-26 13:00:00,NR,state_of_charge,0.0,XY,MW
2051-10-27 14:00:00,SO,state_of_charge,0.0,XY,MW
2051-10-28 15:00:00,CE,state_of_charge,0.0,XY,MW
2051-10-29 16:00:00,NR,state_of_charge,0.0,XY,MW
2051-10-30 17:00:00,SO,state_of_charge,0.0,XY,MW
2051-10-31 18:00:00,CE,state_of_charge,0.0,XY,MW
2051-11-01 19:00:00,NR,state_of_charge,0.0,XY,MW
2051-11-02 20:00:00,SO,state_of_charge,0.0,XY,MW
2051-11-03 21:00:00,CE,state_of_charge,0.0,XY,MW
2051-11-04 22:00:00,NR,state_of_charge,0.0,XY,MW
2051-11-05 23:00:00,SO,state_of_charge,0.0,XY,MW
2051-11-07 00:00:00,CE,state_of_charge,0.0,XY,MW
2051-11-08 01:00:00,NR,state_of_charge,0.0,XY,MW
2051-11-09 02:00:00,SO,state_of_charge,0.0,XY,MW
2051-11-10 03:00:00,CE,state_of_charge,0.0,XY,MW
2051-11-11 04:00:00,NR,state_of_charge,0.0,XY,MW
2051-11-12 05:00:00,SO,state_of_charge,0.0,XY,MW
2051-11-13 06:00:00,CE,state_of_charge,0.0,XY,MW
2051-11-14 07:00:00,NR,state_of_charge,0.0,XY,MW
2051-11-15 08:00:00,SO,state_of_charge,0.0,XY,MW
2051-11-16 09:00:00,CE,state_of_charge,0.0,XY,MW
2051-11-17 10:00:00,NR,state_of_charge,0.0,XY,MW
2051-11-18 11:00:00,SO,state_of_charge,0.0,XY,MW
2051-11-19 12:00:00,CE,state_of_charge,0.0,XY,MW
2051-11-20 13:00:00,NR,state_of_charge,0.0,XY,MW
2051-11-21 14:00:00,SO,state_of_charge,0.0,XY,MW
2051-11-22 15:00:00,CE,state_of_charge,0.0,XY,MW
2051-11-23 16:00:00,NR,state_of_charge,0.0,XY,MW
2051-11-24 17:00:00,SO,state_of_charge,0.0,XY,MW
2051-11-25 18:00:00,CE,state_of_charge,92.25,XY,MW
2051-11-26 19:00:00,NR,state_of_charge,155.25,XY,MW
2051-11-27 20:00:00,SO,state_of_charge,112.5,XY,MW
2051-11-28 21:00:00,CE,state_of_charge,0.0,XY,MW
2051-11-29 22:00:00,NR,state_of_charge,0.0,XY,MW
2051-11-30 23:00:00,SO,state_of_charge,0.0,XY,MW
2051-12-02 00:00:00,CE,state_of_charge,0.0,XY,MW
2051-12-03 01:00:00,NR,state_of_charge,0.0,XY,MW
2051-12-04 02:00:00,SO,state_of_charge,0.0,XY,MW
2051-12-05 03:00:00,CE,state_of_charge,0.0,XY,MW
2051-12-06 04:00:00,NR,state_of_charge,0.0,XY,MW
2051-12-07 05:00:00,SO,state_of_charge,0.0,XY,MW
2051-12-08 06:00:00,CE,state_of_charge,0.0,XY,MW
2051-12-09 07:00:00,NR,state_of_charge,0.0,XY,MW
2051-12-10 08:00:00,SO,state_of_charge,0.0,XY,MW
2051-12-11 09:00:00,CE,state_of_charge,0.0,XY,MW
2051-12-12 10:00:00,NR,state_of_charge,0.0,XY,MW
2051-12-13 11:00:00,SO,state_of_charge,0.0,XY,MW
2051-12-14 12:00:00,CE,state_of_charge,0.0,XY,MW
2051-12-15 13:00:00,NR,state_of_charge,0.0,XY,MW
2051-12-16 14:00:00,SO,state_of_charge,0.0,XY,MW
2051-12-17 15:00:00,CE,state_of_charge,0.0,XY,MW
2051-12-18 16:00:00,NR,state_of_charge,0.0,XY,MW
2051-12-19 17:00:00,SO,state_of_charge,0.0,XY,MW
2051-12-20 18:00:00,CE,state_of_charge,0.0,XY,MW
2051-12-21 19:00:00,NR,state_of_charge,0.0,XY,MW
2051-12-22 20:00:00,SO,state_of_charge,0.0,XY,MW
2051-12-23 21:00:00,CE,state_of_charge,0.0,XY,MW
2051-12-24 22:00:00,NR,state_of_charge,0.0,XY,MW
2051-12-25 23:00:00,SO,state_of_charge,0.0,XY,MW
2051-12-27 00:00:00,CE,state_of_charge,0.0,XY,MW
2051-12-28 01:00:00,NR,state_of_charge,0.0,XY,MW
2051-12-29 02:00:00,SO,state_of_charge,0.0,XY,MW
2051-12-30 03:00:00,CE,state_of_charge,0.0,XY,MW
2051-12-31 04:00:00,NR,state_of_charge,0.0,XY,MW
2052-01-01 05:00:00,SO,state_of_charge,0.0,XY,MW
2052-01-02 06:00:00,CE,state_of_charge,0.0,XY,MW
2052-01-03 07:00:00,NR,state_of_charge,0.0,XY,MW
2052-01-04 08:00:00,SO,state_of_charge,0.0,XY,MW
2052-01-05 09:00:00,CE,state_of_charge,0.0,XY,MW
2052-01-06 10:00:00,NR,state_of_charge,0.0,XY,MW
2052-01-07 11:00:00,SO,state_of_charge,0.0,XY,MW
2052-01-08 12:00:00,CE,state_of_charge,0.0,XY,MW
2052-01-09 13:00:00,NR,state_of_charge,0.0,XY,MW
2052-01-10 14:00:00,SO,state_of_charge,0.0,XY,MW
2052-01-11 15:00:00,CE,state_of_charge,0.0,XY,MW
2052-01-12 16:00:00,NR,state_of_charge,0.0,XY,MW
2052-01-13 17:00:00,SO,state_of_charge,0.0,XY,MW
2052-01-14 18:00:00,CE,state_of_charge,0.0,XY,MW
2052-01-15 19:00:00,NR,state_of_charge,0.0,XY,MW
2052-01-16 20:00:00,SO,state_of_charge,0.0,XY,MW
2052-01-17 21:00:00,CE,state_of_charge,0.0,XY,MW
2052-01-18 22:00:00,NR,state_of_charge,0.0,XY,MW
2052-01-19 23:00:00,SO,state_of_charge,0.0,XY,MW
2052-01-21 00:00:00,CE,state_of_charge,0.0,XY,MW
2052-01-22 01:00:00,NR,state_of_charge,0.0,XY,MW
2052-01-23 02:00:00,SO,state_of_charge,0.0,XY,MW
2052-01-24 03:00:00,CE,state_of_charge,0.0,XY,MW
2052-01-25 04:00:00,NR,state_of_charge,0.0,XY,MW
2052-01-26 05:00:00,SO,state_of_charge,0.0,XY,MW
2052-01-27 06:00:00,CE,state_of_charge,0.0,XY,MW
2052-01-28 07:00:00,NR,state_of_charge,0.0,XY,MW
2052-01-29 08:00:00,SO,state_of_charge,0.0,XY,MW
2052-01-30 09:00:00,CE,state_of_charge,0.0,XY,MW
2052-01-31 10:00:00,NR,state_of_charge,0.0,XY,MW
2052-02-01 11:00:00,SO,state_of_charge,0.0,XY,MW
2052-02-02 12:00:00,CE,state_of_charge,0.0,XY,MW
2052-02-03 13:00:00,NR,state_of_charge,0.0,XY,MW
2052-02-04 14:00:00,SO,state_of_charge,0.0,XY,MW
2052-02-05 15:00:00,CE,state_of_charge,0.0,XY,MW
2052-02-06 16:00:00,NR,state_of_charge,0.0,XY,MW
2052-02-07 17:00:00,SO,state_of_charge,0.0,XY,MW
2052-02-08 18:00:00,CE,state_of_charge,92.25,XY,MW
2052-02-09 19:00:00,NR,state_of_charge,155.25,XY,MW
2052-02-10 20:00:00,SO,state_of_charge,112.5,XY,MW
2052-02-11 21:00:00,CE,state_of_charge,0.0,XY,MW
2052-02-12 22:00:00,NR,state_of_charge,0.0,XY,MW
2052-02-13 23:00:00,SO,state_of_charge,0.0,XY,MW
2052-02-15 00:00:00,CE,state_of_charge,0.0,XY,MW
2052-02-16 01:00:00,NR,state_of_charge,0.0,XY,MW
2052-02-17 02:00:00,SO,state_of_charge,0.0,XY,MW
2052-02-18 03:00:00,CE,state_of_charge,0.0,XY,MW
2052-02-19 04:00:00,NR,state_of_charge,0.0,XY,MW
2052-02-20 05:00:00,SO,state_of_charge,0.0,XY,MW
2052-02-21 06:00:00,CE,state_of_charge,0.0,XY,MW
2052-02-22 07:00:00,NR,state_of_charge,0.0,XY,MW
2052-02-23 08:00:00,SO,state_of_charge,0.0,XY,MW
2052-02-24 09:00:00,CE,state_of_charge,0.0,XY,MW
2052-02-25 10:00:00,NR,state_of_charge,0.0,XY,MW
2052-02-26 11:00:00,SO,state_of_charge,0.0,XY,MW
2052-02-27 12:00:00,CE,state_of_charge,0.0,XY,MW
2052-02-28 13:00:00,NR,state_of_charge,0.0,XY,MW
2052-02-29 14:00:00,SO,state_of_charge,0.0,XY,MW
2052-03-01 15:00:00,CE,state_of_charge,0.0,XY,MW
2052-03-02 16:00:00,NR,state_of_charge,0.0,XY,MW
2052-03-03 17:00:00,SO,state_of_charge,0.0,XY,MW
2052-03-04 18:00:00,CE,state_of_charge,0.0,XY,MW
2052-03-05 19:00:00,NR,state_of_charge,0.0,XY,MW
2052-03-06 20:00:00,SO,state_of_charge,0.0,XY,MW
2052-03-07 21:00:00,CE,state_of_charge,0.0,XY,MW
2052-03-08 22:00:00,NR,state_of_charge,0.0,XY,MW
2052-03-09 23:00:00,SO,state_of_charge,0.0,XY,MW
2052-03-11 00:00:00,CE,state_of_charge,0.0,XY,MW
2052-03-12 01:00:00,NR,state_of_charge,0.0,XY,MW
2052-03-13 02:00:00,SO,state_of_charge,0.0,XY,MW
2052-03-14 03:00:00,CE,state_of_charge,0.0,XY,MW
2052-03-15 04:00:00,NR,state_of_charge,0.0,XY,MW
2052-03-16 05:00:00,SO,state_of_charge,0.0,XY,MW
2052-03-17 06:00:00,CE,state_of_charge,0.0,XY,MW
2052-03-18 07:00:00,NR,state_of_charge,0.0,XY,MW
2052-03-19 08:00:00,SO,state_of_charge,0.0,XY,MW
2052-03-20 09:00:00,CE,state_of_charge,0.0,XY,MW
2052-03-21 10:00:00,NR,state_of_charge,0.0,XY,MW
2052-03-22 11:00:00,SO,state_of_charge,0.0,XY,MW
2052-03-23 12:00:00,CE,state_of_charge,0.0,XY,MW
2052-03-24 13:00:00,NR,state_of_charge,0.0,XY,MW
2052-03-25 14:00:00,SO,state_of_charge,0.0,XY,MW
2052-03-26 15:00:00,CE,state_of_charge,0.0,XY,MW
2052-03-27 16:00:00,NR,state_of_charge,0.0,XY,MW
2052-03-28 17:00:00,SO,state_of_charge,0.0,XY,MW
2052-03-29 18:00:00,CE,state_of_charge,0.0,XY,MW
2052-03-30 19:00:00,NR,state_of_charge,0.0,XY,MW
2052-03-31 20:00:00,SO,state_of_charge,0.0,XY,MW
2052-04-01 21:00:00,CE,state_of_charge,0.0,XY,MW
2052-04-02 22:00:00,NR,state_of_charge,0.0,XY,MW
2052-04-03 23:00:00,SO,state_of_charge,0.0,XY,MW
2052-04-05 00:00:00,CE,state_of_charge,0.0,XY,MW
2052-04-06 01:00:00,NR,state_of_charge,0.0,XY,MW
2052-04-07 02:00:00,SO,state_of_charge,0.0,XY,MW
2052-04-08 03:00:00,CE,state_of_charge,0.0,XY,MW
2052-04-09 04:00:00,NR,state_of_charge,0.0,XY,MW
2052-04-10 05:00:00,SO,state_of_charge,0.0,XY,MW
2052-04-11 06:00:00,CE,state_of_charge,0.0,XY,MW
2052-04-12 07:00:00,NR,state_of_charge,0.0,XY,MW
2052-04-13 08:00:00,SO,state_of_charge,0.0,XY,MW
2052-04-14 09:00:00,CE,state_of_charge,0.0,XY,MW
2052-04-15 10:00:00,NR,state_of_charge,0.0,XY,MW
2052-04-16 11:00:00,SO,state_of_charge,0.0,XY,MW
2052-04-17 12:00:00,CE,state_of_charge,0.0,XY,MW
2052-04-18 13:00:00,NR,state_of_charge,0.0,XY,MW
2052-04-19 14:00:00,SO,state_of_charge,0.0,XY,MW
2052-04-20 15:00:00,CE,state_of_charge,0.0,XY,MW
2052-04-21 16:00:00,NR,state_of_charge,0.0,XY,MW
2052-04-22 17:00:00,SO,state_of_charge,0.0,XY,MW
2052-04-23 18:00:00,CE,state_of_charge,92.25,XY,MW
2052-04-24 19:00:00,NR,state_of_charge,155.25,XY,MW
2052-04-25 20:00:00,SO,state_of_charge,112.5,XY,MW
2052-04-26 21:00:00,CE,state_of_charge,0.0,XY,MW
2052-04-27 22:00:00,NR,state_of_charge,0.0,XY,MW
2052-04-28 23:00:00,SO,state_of_charge,0.0,XY,MW
2052-04-30 00:00:00,CE,state_of_charge,0.0,XY,MW
2052-05-01 01:00:00,NR,state_of_charge,0.0,XY,MW
2052-05-02 02:00:00,SO,state_of_charge,0.0,XY,MW
2052-05-03 03:00:00,CE,state_of_charge,0.0,XY,MW
2052-05-04 04:00:00,NR,state_of_charge,0.0,XY,MW
2052-05-05 05:00:00,SO,state_of_charge,0.0,XY,MW
2052-05-06 06:00:00,CE,state_of_charge,0.0,XY,MW
2052-05-07 07:00:00,NR,state_of_charge,0.0,XY,MW
2052-05-08 08:00:00,SO,state_of_charge,0.0,XY,MW
2052-05-09 09:00:00,CE,state_of_charge,0.0,XY,MW
2052-05-10 10:00:00,NR,state_of_charge,0.0,XY,MW
2052-05-11 11:00:00,SO,state_of_charge,0.0,XY,MW
2052-05-12 12:00:00,CE,state_of_charge,0.0,XY,MW
2052-05-13 13:00:00,NR,state_of_charge,0.0,XY,MW
2052-05-14 14:00:00,SO,state_of_charge,0.0,XY,MW
2052-05-15 15:00:00,CE,state_of_charge,0.0,XY,MW
2052-05-16 16:00:00,NR,state_of_charge,0.0,XY,MW
2052-05-17 17:00:00,SO,state_of_charge,0.0,XY,MW
2052-05-18 18:00:00,CE,state_of_charge,0.0,XY,MW
2052-05-19 19:00:00,NR,state_of_charge,0.0,XY,MW
2052-05-20 20:00:00,SO,state_of_charge,0.0,XY,MW
2052-05-21 21:00:00,CE,state_of_charge,0.0,XY,MW
2052-05-22 22:00:00,NR,state_of_charge,0.0,XY,MW
2052-05-23 23:00:00,SO,state_of_charge,0.0,XY,MW
2052-05-25 00:00:00,CE,state_of_charge,0.0,XY,MW
2052-05-26 01:00:00,NR,state_of_charge,0.0,XY,MW
2052-05-27 02:00:00,SO,state_of_charge,0.0,XY,MW
2052-05-28 03:00:00,CE,state_of_charge,0.0,XY,MW
2052-05-29 04:00:00,NR,state_of_charge,0.0,XY,MW
2052-05-30 05:00:00,SO,state_of_charge,0.0,XY,MW
2052-05-31 06:00:00,CE,state_of_charge,0.0,XY,MW
2052-06-01 07:00:00,NR,state_of_charge,0.0,XY,MW
2052-06-02 08:00:00,SO,state_of_charge,0.0,XY,MW
2052-06-03 09:00:00,CE,state_of_charge,0.0,XY,MW
2052-06-04 10:00:00,NR,state_of_charge,0.0,XY,MW
2052-06-05 11:00:00,SO,state_of_charge,0.0,XY,MW
2052-06-06 12:00:00,CE,state_of_charge,0.0,XY,MW
2052-06-07 13:00:00,NR,state_of_charge,0.0,XY,MW
2052-06-08 14:00:00,SO,state_of_charge,0.0,XY,MW
2052-06-09 15:00:00,CE,state_of_charge,0.0,XY,MW
2052-06-10 16:00:00,NR,state_of_charge,0.0,XY,MW
2052-06-11 17:00:00,SO,state_of_charge,0.0,XY,MW
2052-06-12 18:00:00,CE,state_of_charge,0.0,XY,MW
2052-06-13 19:00:00,NR,state_of_charge,0.0,XY,MW
2052-06-14 20:00:00,SO,state_of_charge,0.0,XY,MW
2052-06-15 21:00:00,CE,state_of_charge,0.0,XY,MW
2052-06-16 22:00:00,NR,state_of_charge,0.0,XY,MW
2052-06-17 23:00:00,SO,state_of_charge,0.0,XY,MW
2052-06-19 00:00:00,CE,state_of_charge,0.0,XY,MW
2052-06-20 01:00:00,NR,state_of_charge,0.0,XY,MW
2052-06-21 02:00:00,SO,state_of_charge,0.0,XY,MW
2052-06-22 03:00:00,CE,state_of_charge,0.0,XY,MW
2052-06-23 04:00:00,NR,state_of_charge,0.0,XY,MW
2052-06-24 05:00:00,SO,state_of_charge,0.0,XY,MW
2052-06-25 06:00:00,CE,state_of_charge,0.0,XY,MW
2052-06-26 07:00:00,NR,state_of_charge,0.0,XY,MW
2052-06-27 08:00:00,SO,state_of_charge,0.0,XY,MW
2052-06-28 09:00:00,CE,state_of_charge,0.0,XY,MW
2052-06-29 10:00:00,NR,state_of_charge,0.0,XY,MW
2052-06-30 11:00:00,SO,state_of_charge,0.0,XY,MW
2052-07-01 12:00:00,CE,state_of_charge,0.0,XY,MW
2052-07-02 13:00:00,NR,state_of_charge,0.0,XY,MW
2052-07-03 14:00:00,SO,state_of_charge,0.0,XY,MW
2052-07-04 15:00:00,CE,state_of_charge,0.0,XY,MW
2052-07-05 16:00:00,NR,state_of_charge,0.0,XY,MW
2052-07-06 17:00:00,SO,state_of_charge,0.0,XY,MW
2052-07-07 18:00:00,CE,state_of_charge,0.0,XY,MW
2052-07-08 19:00:00,NR,state_of_charge,0.0,XY,MW
2052-07-09 20:00:00,SO,state_of_charge,0.0,XY,MW
2052-07-10 21:00:00,CE,state_of_charge,92.25,XY,MW
2052-07-11 22:00:00,NR,state_of_charge,155.25,XY,MW
2052-07-12 23:00:00,SO,state_of_charge,112.5,XY,MW
2052-07-14 00:00:00,CE,state_of_charge,0.0,XY,MW
2052-07-15 01:00:00,NR,state_of_charge,0.0,XY,MW
2052-07-16 02:00:00,SO,state_of_charge,0.0,XY,MW
2052-07-17 03:00:00,CE,state_of_charge,0.0,XY,MW
2052-07-18 04:00:00,NR,state_of_charge,0.0,XY,MW
2052-07-19 05:00:00,SO,state_of_charge,0.0,XY,MW
2052-07-20 06:00:00,CE,state_of_charge,0.0,XY,MW
2052-07-21 07:00:00,NR,state_of_charge,0.0,XY,MW
2052-07-22 08:00:00,SO,state_of_charge,0.0,XY,MW
2052-07-23 09:00:00,CE,state_of_charge,0.0,XY,MW
2052-07-24 10:00:00,NR,state_of_charge,0.0,XY,MW
2052-07-25 11:00:00,SO,state_of_charge,0.0,XY,MW
2052-07-26 12:00:00,CE,state_of_charge,0.0,XY,MW
2052-07-27 13:00:00,NR,state_of_charge,0.0,XY,MW
2052-07-28 14:00:00,SO,state_of_charge,0.0,XY,MW
2052-07-29 15:00:00,CE,state_of_charge,0.0,XY,MW
2052-07-30 16:00:00,NR,state_of_charge,0.0,XY,MW
2052-07-31 17:00:00,SO,state_of_charge,0.0,XY,MW
2052-08-01 18:00:00,CE,state_of_charge,0.0,XY,MW
2052-08-02 19:00:00,NR,state_of_charge,0.0,XY,MW
2052-08-03 20:00:00,SO,state_of_charge,0.0,XY,MW
2052-08-04 21:00:00,CE,state_of_charge,0.0,XY,MW
2052-08-05 22:00:00,NR,state_of_charge,0.0,XY,MW
2052-08-06 23:00:00,SO,state_of_charge,0.0,XY,MW
2052-08-08 00:00:00,CE,state_of_charge,0.0,XY,MW
2052-08-09 01:00:00,NR,state_of_charge,0.0,XY,MW
2052-08-10 02:00:00,SO,state_of_charge,0.0,XY,MW
2052-08-11 03:00:00,CE,state_of_charge,0.0,XY,MW
2052-08-12 04:00:00,NR,state_of_charge,0.0,XY,MW
2052-08-13 05:00:00,SO,state_of_charge,0.0,XY,MW
2052-08-14 06:00:00,CE,state_of_charge,0.0,XY,MW
2052-08-15 07:00:00,NR,state_of_charge,0.0,XY,MW
2052-08-16 08:00:00,SO,state_of_charge,0.0,XY,MW
2052-08-17 09:00:00,CE,state_of_charge,0.0,XY,MW
2052-08-18 10:00:00,NR,state_of_charge,0.0,XY,MW
2052-08-19 11:00:00,SO,state_of_charge,0.0,XY,MW
2052-08-20 12:00:00,CE,state_of_charge,0.0,XY,MW
2052-08-21 13:00:00,NR,state_of_charge,0.0,XY,MW
2052-08-22 14:00:00,SO,state_of_charge,0.0,XY,MW
2052-08-23 15:00:00,CE,state_of_charge,0.0,XY,MW
2052-08-24 16:00:00,NR,state_of_charge,0.0,XY,MW
2052-08-25 17:00:00,SO,state_of_charge,0.0,XY,MW
2052-08-26 18:00:00,CE,state_of_charge,0.0,XY,MW
2052-08-27 19:00:00,NR,state_of_charge,0.0,XY,MW
2052-08-28 20:00:00,SO,state_of_charge,0.0,XY,MW
2052-08-29 21:00:00,CE,state_of_charge,0.0,XY,MW
2052-08-30 22:00:00,NR,state_of_charge,0.0,XY,MW
2052-08-31 23:00:00,SO,state_of_charge,0.0,XY,MW
2052-09-02 00:00:00,CE,state_of_charge,0.0,XY,MW
2052-09-03 01:00:00,NR,state_of_charge,0.0,XY,MW
2052-09-04 02:00:00,SO,state_of_charge,0.0,XY,MW
2052-09-05 03:00:00,CE,state_of_charge,0.0,XY,MW
2052-09-06 04:00:00,NR,state_of_charge,0.0,XY,MW
2052-09-07 05:00:00,SO,state_of_charge,0.0,XY,MW
2052-09-08 06:00:00,CE,state_of_charge,0.0,XY,MW
2052-09-09 07:00:00,NR,state_of_charge,0.0,XY,MW
2052-09-10 08:00:00,SO,state_of_charge,0.0,XY,MW
2052-09-11 09:00:00,CE,state_of_charge,0.0,XY,MW
2052-09-12 10:00:00,NR,state_of_charge,0.0,XY,MW
2052-09-13 11:00:00,SO,state_of_charge,0.0,XY,MW
2052-09-14 12:00:00,CE,state_of_charge,0.0,XY,MW
2052-09-15 13:00:00,NR,state_of_charge,0.0,XY,MW
2052-09-16 14:00:00,SO,state_of_charge,0.0,XY,MW
2052-09-17 15:00:00,CE,state_of_charge,0.0,XY,MW
2052-09-18 16:00:00,NR,state_of_charge,0.0,XY,MW
2052-09-19 17:00:00,SO,state_of_charge,0.0,XY,MW
2052-09-20 18:00:00,CE,state_of_charge,0.0,XY,MW
2052-09-21 19:00:00,NR,state_of_charge,0.0,XY,MW
2052-09-22 20:00:00,SO,state_of_charge,0.0,XY,MW
2052-09-23 21:00:00,CE,state_of_charge,92.25,XY,MW
2052-09-24 22:00:00,NR,state_of_charge,155.25,XY,MW
2052-09-25 23:00:00,SO,state_of_charge,112.5,XY,MW
2052-09-27 00:00:00,CE,state_of_charge,0.0,XY,MW
2052-09-28 01:00:00,NR,state_of_charge,0.0,XY,MW
2052-09-29 02:00:00,SO,state_of_charge,0.0,XY,MW
2052-09-30 03:00:00,CE,state_of_charge,0.0,XY,MW
2052-10-01 04:00:00,NR,state_of_charge,0.0,XY,MW
2052-10-02 05:00:00,SO,state_of_charge,0.0,XY,MW
2052-10-03 06:00:00,CE,state_of_charge,0.0,XY,MW
2052-10-04 07:00:00,NR,state_of_charge,0.0,XY,MW
2052-10-05 08:00:00,SO,state_of_charge,0.0,XY,MW
2052-10-06 09:00:00,CE,state_of_charge,0.0,XY,MW
2052-10-07 10:00:00,NR,state_of_charge,0.0,XY,MW
2052-10-08 11:00:00,SO,state_of_charge,0.0,XY,MW
2052-10-09 12:00:00,CE,state_of_charge,0.0,XY,MW
2052-10-10 13:00:00,NR,state_of_charge,0.0,XY,MW
2052-10-11 14:00:00,SO,state_of_charge,0.0,XY,MW
2052-10-12 15:00:00,CE,state_of_charge,0.0,XY,MW
2052-10-13 16:00:00,NR,state_of_charge,0.0,XY,MW
2052-10-14 17:00:00,SO,state_of_charge,0.0,XY,MW
2052-10-15 18:00:00,CE,state_of_charge,0.0,XY,MW
2052-10-16 19:00:00,NR,state_of_charge,0.0,XY,MW
2052-10-17 20:00:00,SO,state_of_charge,0.0,XY,MW
2052-10-18 21:00:00,CE,state_of_charge,0.0,XY,MW
2052-10-19 22:00:00,NR,state_of_charge,0.0,XY,MW
2052-10-20 23:00:00,SO,state_of_charge,0.0,XY,MW
2052-10-22 00:00:00,CE,state_of_charge,0.0,XY,MW
2052-10-23 01:00:00,NR,state_of_charge,0.0,XY,MW
2052-10-24 02:00:00,SO,state_of_charge,0.0,XY,MW
2052-10-25 03:00:00,CE,state_of_charge,0.0,XY,MW
2052-10-26 04:00:00,NR,state_of_charge,0.0,XY,MW
2052-10-27 05:00:00,SO,state_of_charge,0.0,XY,MW
2052-10-28 06:00:00,CE,state_of_charge,0.0,XY,MW
2052-10-29 07:00:00,NR,state_of_charge,0.0,XY,MW
2052-10-30 08:00:00,SO,state_of_charge,0.0,XY,MW
2052-10-31 09:00:00,CE,state_of_charge,0.0,XY,MW
2052-11-01 10:00:00,NR,state_of_charge,0.0,XY,MW
2052-11-02 11:00:00,SO,state_of_charge,0.0,XY,MW
2052-11-03 12:00:00,CE,state_of_charge,0.0,XY,MW
2052-11-04 13:00:00,NR,state_of_charge,0.0,XY,MW
2052-11-05 14:00:00,SO,state_of_charge,0.0,XY,MW
2052-11-06 15:00:00,CE,state_of_charge,0.0,XY,MW
2052-11-07 16:00:00,NR,state_of_charge,0.0,XY,MW
2052-11-08 17:00:00,SO,state_of_charge,0.0,XY,MW
2052-11-09 18:00:00,CE,state_of_charge,0.0,XY,MW
2052-11-10 19:00:00,NR,state_of_charge,0.0,XY,MW
2052-11-11 20:00:00,SO,state_of_charge,0.0,XY,MW
2052-11-12 21:00:00,CE,state_of_charge,0.0,XY,MW
2052-11-13 22:00:00,NR,state_of_charge,0.0,XY,MW
2052-11-14 23:00:00,SO,state_of_charge,0.0,XY,MW
2052-11-16 00:00:00,CE,state_of_charge,0.0,XY,MW
2052-11-17 01:00:00,NR,state_of_charge,0.0,XY,MW
2052-11-18 02:00:00,SO,state_of_charge,0.0,XY,MW
2052-11-19 03:00:00,CE,state_of_charge,0.0,XY,MW
2052-11-20 04:00:00,NR,state_of_charge,0.0,XY,MW
2052-11-21 05:00:00,SO,state_of_charge,0.0,XY,MW
2052-11-22 06:00:00,CE,state_of_charge,0.0,XY,MW
2052-11-23 07:00:00,NR,state_of_charge,0.0,XY,MW
2052-11-24 08:00:00,SO,state_of_charge,0.0,XY,MW
2052-11-25 09:00:00,CE,state_of_charge,0.0,XY,MW
2052-11-26 10:00:00,NR,state_of_charge,0.0,XY,MW
2052-11-27 11:00:00,SO,state_of_charge,0.0,XY,MW
2052-11-28 12:00:00,CE,state_of_charge,0.0,XY,MW
2052-11-29 13:00:00,NR,state_of_charge,0.0,XY,MW
2052-11-30 14:00:00,SO,state_of_charge,0.0,XY,MW
2052-12-01 15:00:00,CE,state_of_charge,0.0,XY,MW
2052-12-02 16:00:00,NR,state_of_charge,0.0,XY,MW
2052-12-03 17:00:00,SO,state_of_charge,0.0,XY,MW
2052-12-04 18:00:00,CE,state_of_charge,0.0,XY,MW
2052-12-05 19:00:00,NR,state_of_charge,0.0,XY,MW
2052-12-06 20:00:00,SO,state_of_charge,0.0,XY,MW
2052-12-07 21:00:00,CE,state_of_charge,92.25,XY,MW
2052-12-08 22:00:00,NR,state_of_charge,155.25,XY,MW
2052-12-09 23:00:00,SO,state_of_charge,112.5,XY,MW
2052-12-11 00:00:00,CE,state_of_charge,0.0,XY,MW
2052-12-12 01:00:00,NR,state_of_charge,0.0,XY,MW
2052-12-13 02:00:00,SO,state_of_charge,0.0,XY,MW
2052-12-14 03:00:00,CE,state_of_charge,0.0,XY,MW
2052-12-15 04:00:00,NR,state_of_charge,0.0,XY,MW
2052-12-16 05:00:00,SO,state_of_charge,0.0,XY,MW
2052-12-17 06:00:00,CE,state_of_charge,0.0,XY,MW
2052-12-18 07:00:00,NR,state_of_charge,0.0,XY,MW
2052-12-19 08:00:00,SO,state_of_charge,0.0,XY,MW
2052-12-20 09:00:00,CE,state_of_charge,0.0,XY,MW
2052-12-21 10:00:00,NR,state_of_charge,0.0,XY,MW
2052-12-22 11:00:00,SO,state_of_charge,0.0,XY,MW
2052-12-23 12:00:00,CE,state_of_charge,0.0,XY,MW
2052-12-24 13:00:00,NR,state_of_charge,0.0,XY,MW
2052-12-25 14:00:00,SO,state_of_charge,0.0,XY,MW
2052-12-26 15:00:00,CE,state_of_charge,0.0,XY,MW
2052-12-27 16:00:00,NR,state_of_charge,0.0,XY,MW
2052-12-28 17:00:00,SO,state_of_charge,0.0,XY,MW
2052-12-29 18:00:00,CE,state_of_charge,0.0,XY,MW
2052-12-30 19:00:00,NR,state_of_charge,0.0,XY,MW
2052-12-31 20:00:00,SO,state_of_charge,0.0,XY,MW
2053-01-01 21:00:00,CE,state_of_charge,0.0,XY,MW
2053-01-02 22:00:00,NR,state_of_charge,0.0,XY,MW
2053-01-03 23:00:00,SO,state_of_charge,0.0,XY,MW
2050-01-01 00:00:00,CE,charging,14.484210526330001,YZ,MW
2050-01-02 01:00:00,NR,charging,17.200000000030002,YZ,MW
2050-01-03 02:00:00,SO,charging,13.57894736845,YZ,MW
2050-01-04 03:00:00,CE,charging,13.810526315810002,YZ,MW
2050-01-05 04:00:00,NR,charging,16.40000000002,YZ,MW
2050-01-06 05:00:00,SO,charging,12.94736842108,YZ,MW
2050-01-07 06:00:00,CE,charging,14.14736842107,YZ,MW
2050-01-08 07:00:00,NR,charging,16.800000000030003,YZ,MW
2050-01-09 08:00:00,SO,charging,13.26315789476,YZ,MW
2050-01-10 09:00:00,CE,charging,15.15789473686,YZ,MW
2050-01-11 10:00:00,NR,charging,18.00000000003,YZ,MW
2050-01-12 11:00:00,SO,charging,14.21052631582,YZ,MW
2050-01-13 12:00:00,CE,charging,15.15789473686,YZ,MW
2050-01-14 13:00:00,NR,charging,18.00000000003,YZ,MW
2050-01-15 14:00:00,SO,charging,14.21052631582,YZ,MW
2050-01-16 15:00:00,CE,charging,14.484210526330001,YZ,MW
2050-01-17 16:00:00,NR,charging,17.200000000030002,YZ,MW
2050-01-18 17:00:00,SO,charging,13.57894736845,YZ,MW
2050-01-19 18:00:00,CE,charging,14.8210526316,YZ,MW
2050-01-20 19:00:00,NR,charging,17.60000000003,YZ,MW
2050-01-21 20:00:00,SO,charging,13.894736842130001,YZ,MW
2050-01-22 21:00:00,CE,charging,8.58947368423,YZ,MW
2050-01-23 22:00:00,NR,charging,10.20000000002,YZ,MW
2050-01-24 23:00:00,SO,charging,8.052631578969999,YZ,MW
2050-01-26 00:00:00,CE,charging,8.08421052633,YZ,MW
2050-01-27 01:00:00,NR,charging,9.600000000009999,YZ,MW
2050-01-28 02:00:00,SO,charging,7.57894736844,YZ,MW
2050-01-29 03:00:00,CE,charging,7.91578947369,YZ,MW
2050-01-30 04:00:00,NR,charging,9.40000000001,YZ,MW
2050-01-31 05:00:00,SO,charging,7.42105263159,YZ,MW
2050-02-01 06:00:00,CE,charging,8.08421052633,YZ,MW
2050-02-02 07:00:00,NR,charging,9.600000000009999,YZ,MW
2050-02-03 08:00:00,SO,charging,7.57894736844,YZ,MW
2050-02-04 09:00:00,CE,charging,8.08421052633,YZ,MW
2050-02-05 10:00:00,NR,charging,9.600000000009999,YZ,MW
2050-02-06 11:00:00,SO,charging,7.57894736844,YZ,MW
2050-02-07 12:00:00,CE,charging,7.24210526316,YZ,MW
2050-02-08 13:00:00,NR,charging,8.600000000009999,YZ,MW
2050-02-09 14:00:00,SO,charging,6.78947368422,YZ,MW
2050-02-10 15:00:00,CE,charging,7.91578947369,YZ,MW
2050-02-11 16:00:00,NR,charging,9.40000000001,YZ,MW
2050-02-12 17:00:00,SO,charging,7.42105263159,YZ,MW
2050-02-13 18:00:00,CE,charging,6.9052631579,YZ,MW
2050-02-14 19:00:00,NR,charging,8.20000000001,YZ,MW
2050-02-15 20:00:00,SO,charging,6.473684210529999,YZ,MW
2050-02-16 21:00:00,CE,charging,6.40000000001,YZ,MW
2050-02-17 22:00:00,NR,charging,7.60000000001,YZ,MW
2050-02-18 23:00:00,SO,charging,6.00000000001,YZ,MW
2050-02-20 00:00:00,CE,charging,5.22105263158,YZ,MW
2050-02-21 01:00:00,NR,charging,6.199999999999999,YZ,MW
2050-02-22 02:00:00,SO,charging,4.8947368421099995,YZ,MW
2050-02-23 03:00:00,CE,charging,4.3789473684299995,YZ,MW
2050-02-24 04:00:00,NR,charging,5.20000000001,YZ,MW
2050-02-25 05:00:00,SO,charging,4.1052631579,YZ,MW
2050-02-26 06:00:00,CE,charging,2.021052631582,YZ,MW
2050-02-27 07:00:00,NR,charging,2.4,YZ,MW
2050-02-28 08:00:00,SO,charging,1.8947368421089998,YZ,MW
2050-03-01 09:00:00,CE,charging,7.073684210540001,YZ,MW
2050-03-02 10:00:00,NR,charging,8.40000000001,YZ,MW
2050-03-03 11:00:00,SO,charging,6.63157894738,YZ,MW
2050-03-04 12:00:00,CE,charging,6.73684210527,YZ,MW
2050-03-05 13:00:00,NR,charging,8.000000000010001,YZ,MW
2050-03-06 14:00:00,SO,charging,6.3157894737,YZ,MW
2050-03-07 15:00:00,CE,charging,9.43157894738,YZ,MW
2050-03-08 16:00:00,NR,charging,11.200000000020001,YZ,MW
2050-03-09 17:00:00,SO,charging,8.842105263170001,YZ,MW
2050-03-10 18:00:00,CE,charging,10.44210526317,YZ,MW
2050-03-11 19:00:00,NR,charging,12.40000000002,YZ,MW
2050-03-12 20:00:00,SO,charging,9.78947368423,YZ,MW
2050-03-13 21:00:00,CE,charging,11.45263157896,YZ,MW
2050-03-14 22:00:00,NR,charging,13.60000000002,YZ,MW
2050-03-15 23:00:00,SO,charging,10.736842105280001,YZ,MW
2050-03-17 00:00:00,CE,charging,12.294736842119999,YZ,MW
2050-03-18 01:00:00,NR,charging,14.60000000002,YZ,MW
2050-03-19 02:00:00,SO,charging,11.52631578949,YZ,MW
2050-03-20 03:00:00,CE,charging,12.294736842119999,YZ,MW
2050-03-21 04:00:00,NR,charging,14.60000000002,YZ,MW
2050-03-22 05:00:00,SO,charging,11.52631578949,YZ,MW
2050-03-23 06:00:00,CE,charging,13.64210526318,YZ,MW
2050-03-24 07:00:00,NR,charging,16.200000000030002,YZ,MW
2050-03-25 08:00:00,SO,charging,12.78947368424,YZ,MW
2050-03-26 09:00:00,CE,charging,14.8210526316,YZ,MW
2050-03-27 10:00:00,NR,charging,17.60000000003,YZ,MW
2050-03-28 11:00:00,SO,charging,13.894736842130001,YZ,MW
2050-03-29 12:00:00,CE,charging,15.3263157895,YZ,MW
2050-03-30 13:00:00,NR,charging,18.200000000030002,YZ,MW
2050-03-31 14:00:00,SO,charging,14.36842105266,YZ,MW
2050-04-01 15:00:00,CE,charging,14.315789473699999,YZ,MW
2050-04-02 16:00:00,NR,charging,17.000000000020002,YZ,MW
2050-04-03 17:00:00,SO,charging,13.421052631599999,YZ,MW
2050-04-04 18:00:00,CE,charging,12.12631578949,YZ,MW
2050-04-05 19:00:00,NR,charging,14.40000000002,YZ,MW
2050-04-06 20:00:00,SO,charging,11.36842105265,YZ,MW
2050-04-07 21:00:00,CE,charging,9.93684210527,YZ,MW
2050-04-08 22:00:00,NR,charging,11.80000000001,YZ,MW
2050-04-09 23:00:00,SO,charging,9.3157894737,YZ,MW
2050-04-11 00:00:00,CE,charging,12.463157894750001,YZ,MW
2050-04-12 01:00:00,NR,charging,14.800000000019999,YZ,MW
2050-04-13 02:00:00,SO,charging,11.68421052634,YZ,MW
2050-04-14 03:00:00,CE,charging,13.64210526318,YZ,MW
2050-04-15 04:00:00,NR,charging,16.200000000030002,YZ,MW
2050-04-16 05:00:00,SO,charging,12.78947368424,YZ,MW
2050-04-17 06:00:00,CE,charging,7.073684210540001,YZ,MW
2050-04-18 07:00:00,NR,charging,8.40000000001,YZ,MW
2050-04-19 08:00:00,SO,charging,6.63157894738,YZ,MW
2050-04-20 09:00:00,CE,charging,7.91578947369,YZ,MW
2050-04-21 10:00:00,NR,charging,9.40000000001,YZ,MW
2050-04-22 11:00:00,SO,charging,7.42105263159,YZ,MW
2050-04-23 12:00:00,CE,charging,7.747368421059999,YZ,MW
2050-04-24 13:00:00,NR,charging,9.20000000001,YZ,MW
2050-04-25 14:00:00,SO,charging,7.26315789475,YZ,MW
2050-04-26 15:00:00,CE,charging,6.9052631579,YZ,MW
2050-04-27 16:00:00,NR,charging,8.20000000001,YZ,MW
2050-04-28 17:00:00,SO,charging,6.473684210529999,YZ,MW
2050-04-29 18:00:00,CE,charging,3.20000000001,YZ,MW
2050-04-30 19:00:00,NR,charging,3.80000000001,YZ,MW
2050-05-01 20:00:00,SO,charging,3.00000000001,YZ,MW
2050-05-02 21:00:00,CE,charging,4.3789473684299995,YZ,MW
2050-05-03 22:00:00,NR,charging,5.20000000001,YZ,MW
2050-05-04 23:00:00,SO,charging,4.1052631579,YZ,MW
2050-05-06 00:00:00,CE,charging,6.23157894737,YZ,MW
2050-05-07 01:00:00,NR,charging,7.4000000000099995,YZ,MW
2050-05-08 02:00:00,SO,charging,5.842105263160001,YZ,MW
2050-05-09 03:00:00,CE,charging,5.38947368422,YZ,MW
2050-05-10 04:00:00,NR,charging,6.4000000000099995,YZ,MW
2050-05-11 05:00:00,SO,charging,5.05263157896,YZ,MW
2050-05-12 06:00:00,CE,charging,4.54736842106,YZ,MW
2050-05-13 07:00:00,NR,charging,5.4000000000099995,YZ,MW
2050-05-14 08:00:00,SO,charging,4.26315789475,YZ,MW
2050-05-15 09:00:00,CE,charging,5.05263157895,YZ,MW
2050-05-16 10:00:00,NR,charging,6.00000000001,YZ,MW
2050-05-17 11:00:00,SO,charging,4.73684210527,YZ,MW
2050-05-18 12:00:00,CE,charging,6.73684210527,YZ,MW
2050-05-19 13:00:00,NR,charging,8.000000000010001,YZ,MW
2050-05-20 14:00:00,SO,charging,6.3157894737,YZ,MW
2050-05-21 15:00:00,CE,charging,6.40000000001,YZ,MW
2050-05-22 16:00:00,NR,charging,7.60000000001,YZ,MW
2050-05-23 17:00:00,SO,charging,6.00000000001,YZ,MW
2050-05-24 18:00:00,CE,charging,9.600000000009999,YZ,MW
2050-05-25 19:00:00,NR,charging,11.40000000001,YZ,MW
2050-05-26 20:00:00,SO,charging,9.000000000010001,YZ,MW
2050-05-27 21:00:00,CE,charging,10.610526315800001,YZ,MW
2050-05-28 22:00:00,NR,charging,12.60000000001,YZ,MW
2050-05-29 23:00:00,SO,charging,9.94736842107,YZ,MW
2050-05-31 00:00:00,CE,charging,13.13684210528,YZ,MW
2050-06-01 01:00:00,NR,charging,15.60000000002,YZ,MW
2050-06-02 02:00:00,SO,charging,12.31578947371,YZ,MW
2050-06-03 03:00:00,CE,charging,13.810526315810002,YZ,MW
2050-06-04 04:00:00,NR,charging,16.40000000002,YZ,MW
2050-06-05 05:00:00,SO,charging,12.94736842108,YZ,MW
2050-06-06 06:00:00,CE,charging,14.484210526330001,YZ,MW
2050-06-07 07:00:00,NR,charging,17.200000000030002,YZ,MW
2050-06-08 08:00:00,SO,charging,13.57894736845,YZ,MW
2050-06-09 09:00:00,CE,charging,14.8210526316,YZ,MW
2050-06-10 10:00:00,NR,charging,17.60000000003,YZ,MW
2050-06-11 11:00:00,SO,charging,13.894736842130001,YZ,MW
2050-06-12 12:00:00,CE,charging,14.14736842107,YZ,MW
2050-06-13 13:00:00,NR,charging,16.800000000030003,YZ,MW
2050-06-14 14:00:00,SO,charging,13.26315789476,YZ,MW
2050-06-15 15:00:00,CE,charging,14.98947368424,YZ,MW
2050-06-16 16:00:00,NR,charging,17.80000000003,YZ,MW
2050-06-17 17:00:00,SO,charging,14.052631578980002,YZ,MW
2050-06-18 18:00:00,CE,charging,11.28421052634,YZ,MW
2050-06-19 19:00:00,NR,charging,13.40000000003,YZ,MW
2050-06-20 20:00:00,SO,charging,10.578947368449999,YZ,MW
2050-06-21 21:00:00,CE,charging,9.43157894738,YZ,MW
2050-06-22 22:00:00,NR,charging,11.200000000020001,YZ,MW
2050-06-23 23:00:00,SO,charging,8.842105263170001,YZ,MW
2050-06-25 00:00:00,CE,charging,7.91578947369,YZ,MW
2050-06-26 01:00:00,NR,charging,9.40000000001,YZ,MW
2050-06-27 02:00:00,SO,charging,7.42105263159,YZ,MW
2050-06-28 03:00:00,CE,charging,7.578947368440001,YZ,MW
2050-06-29 04:00:00,NR,charging,9.00000000002,YZ,MW
2050-06-30 05:00:00,SO,charging,7.10526315791,YZ,MW
2050-07-01 06:00:00,CE,charging,8.08421052633,YZ,MW
2050-07-02 07:00:00,NR,charging,9.600000000009999,YZ,MW
2050-07-03 08:00:00,SO,charging,7.57894736844,YZ,MW
2050-07-04 09:00:00,CE,charging,7.073684210540001,YZ,MW
2050-07-05 10:00:00,NR,charging,8.40000000001,YZ,MW
2050-07-06 11:00:00,SO,charging,6.63157894738,YZ,MW
2050-07-07 12:00:00,CE,charging,8.08421052633,YZ,MW
2050-07-08 13:00:00,NR,charging,9.600000000009999,YZ,MW
2050-07-09 14:00:00,SO,charging,7.57894736844,YZ,MW
2050-07-10 15:00:00,CE,charging,7.073684210540001,YZ,MW
2050-07-11 16:00:00,NR,charging,8.40000000001,YZ,MW
2050-07-12 17:00:00,SO,charging,6.63157894738,YZ,MW
2050-07-13 18:00:00,CE,charging,7.073684210540001,YZ,MW
2050-07-14 19:00:00,NR,charging,8.40000000001,YZ,MW
2050-07-15 20:00:00,SO,charging,6.63157894738,YZ,MW
2050-07-16 21:00:00,CE,charging,5.72631578948,YZ,MW
2050-07-17 22:00:00,NR,charging,6.80000000001,YZ,MW
2050-07-18 23:00:00,SO,charging,5.3684210526400005,YZ,MW
2050-07-20 00:00:00,CE,charging,4.04210526316,YZ,MW
2050-07-21 01:00:00,NR,charging,4.80000000001,YZ,MW
2050-07-22 02:00:00,SO,charging,3.78947368422,YZ,MW
2050-07-23 03:00:00,CE,charging,1.178947368423,YZ,MW
2050-07-24 04:00:00,NR,charging,1.400000000002,YZ,MW
2050-07-25 05:00:00,SO,charging,1.105263157897,YZ,MW
2050-07-26 06:00:00,CE,charging,4.54736842106,YZ,MW
2050-07-27 07:00:00,NR,charging,5.4000000000099995,YZ,MW
2050-07-28 08:00:00,SO,charging,4.26315789475,YZ,MW
2050-07-29 09:00:00,CE,charging,4.04210526316,YZ,MW
2050-07-30 10:00:00,NR,charging,4.80000000001,YZ,MW
2050-07-31 11:00:00,SO,charging,3.78947368422,YZ,MW
2050-08-01 12:00:00,CE,charging,7.4105263158,YZ,MW
2050-08-02 13:00:00,NR,charging,8.800000000010002,YZ,MW
2050-08-03 14:00:00,SO,charging,6.94736842107,YZ,MW
2050-08-04 15:00:00,CE,charging,8.75789473685,YZ,MW
2050-08-05 16:00:00,NR,charging,10.40000000002,YZ,MW
2050-08-06 17:00:00,SO,charging,8.2105263158,YZ,MW
2050-08-07 18:00:00,CE,charging,9.76842105264,YZ,MW
2050-08-08 19:00:00,NR,charging,11.60000000002,YZ,MW
2050-08-09 20:00:00,SO,charging,9.15789473686,YZ,MW
2050-08-10 21:00:00,CE,charging,10.610526315800001,YZ,MW
2050-08-11 22:00:00,NR,charging,12.60000000001,YZ,MW
2050-08-12 23:00:00,SO,charging,9.94736842107,YZ,MW
2050-08-14 00:00:00,CE,charging,11.115789473700001,YZ,MW
2050-08-15 01:00:00,NR,charging,13.200000000020001,YZ,MW
2050-08-16 02:00:00,SO,charging,10.4210526316,YZ,MW
2050-08-17 03:00:00,CE,charging,12.80000000002,YZ,MW
2050-08-18 04:00:00,NR,charging,15.20000000002,YZ,MW
2050-08-19 05:00:00,SO,charging,12.00000000002,YZ,MW
2050-08-20 06:00:00,CE,charging,14.14736842107,YZ,MW
2050-08-21 07:00:00,NR,charging,16.800000000030003,YZ,MW
2050-08-22 08:00:00,SO,charging,13.26315789476,YZ,MW
2050-08-23 09:00:00,CE,charging,15.15789473686,YZ,MW
2050-08-24 10:00:00,NR,charging,18.00000000003,YZ,MW
2050-08-25 11:00:00,SO,charging,14.21052631582,YZ,MW
2050-08-26 12:00:00,CE,charging,15.15789473686,YZ,MW
2050-08-27 13:00:00,NR,charging,18.00000000003,YZ,MW
2050-08-28 14:00:00,SO,charging,14.21052631582,YZ,MW
2050-08-29 15:00:00,CE,charging,14.14736842107,YZ,MW
2050-08-30 16:00:00,NR,charging,16.800000000030003,YZ,MW
2050-08-31 17:00:00,SO,charging,13.26315789476,YZ,MW
2050-09-01 18:00:00,CE,charging,12.12631578949,YZ,MW
2050-09-02 19:00:00,NR,charging,14.40000000002,YZ,MW
2050-09-03 20:00:00,SO,charging,11.36842105265,YZ,MW
2050-09-04 21:00:00,CE,charging,12.294736842119999,YZ,MW
2050-09-05 22:00:00,NR,charging,14.60000000002,YZ,MW
2050-09-06 23:00:00,SO,charging,11.52631578949,YZ,MW
2050-09-08 00:00:00,CE,charging,13.97894736843,YZ,MW
2050-09-09 01:00:00,NR,charging,16.600000000019996,YZ,MW
2050-09-10 02:00:00,SO,charging,13.105263157909999,YZ,MW
2050-09-11 03:00:00,CE,charging,6.9052631579,YZ,MW
2050-09-12 04:00:00,NR,charging,8.20000000001,YZ,MW
2050-09-13 05:00:00,SO,charging,6.473684210529999,YZ,MW
2050-09-14 06:00:00,CE,charging,7.578947368440001,YZ,MW
2050-09-15 07:00:00,NR,charging,9.00000000002,YZ,MW
2050-09-16 08:00:00,SO,charging,7.10526315791,YZ,MW
2050-09-17 09:00:00,CE,charging,7.24210526316,YZ,MW
2050-09-18 10:00:00,NR,charging,8.600000000009999,YZ,MW
2050-09-19 11:00:00,SO,charging,6.78947368422,YZ,MW
2050-09-20 12:00:00,CE,charging,5.557894736850001,YZ,MW
2050-09-21 13:00:00,NR,charging,6.6000000000100005,YZ,MW
2050-09-22 14:00:00,SO,charging,5.2105263158,YZ,MW
2050-09-23 15:00:00,CE,charging,2.86315789475,YZ,MW
2050-09-24 16:00:00,NR,charging,3.4000000000100004,YZ,MW
2050-09-25 17:00:00,SO,charging,2.684210526326,YZ,MW
2050-09-26 18:00:00,CE,charging,3.87368421054,YZ,MW
2050-09-27 19:00:00,NR,charging,4.60000000001,YZ,MW
2050-09-28 20:00:00,SO,charging,3.63157894738,YZ,MW
2050-09-29 21:00:00,CE,charging,5.05263157895,YZ,MW
2050-09-30 22:00:00,NR,charging,6.00000000001,YZ,MW
2050-10-01 23:00:00,SO,charging,4.73684210527,YZ,MW
2050-10-03 00:00:00,CE,charging,0.673684210527,YZ,MW
2050-10-04 01:00:00,NR,charging,0.800000000001,YZ,MW
2050-10-05 02:00:00,SO,charging,0.63157894737,YZ,MW
2050-10-06 03:00:00,CE,charging,2.526315789472,YZ,MW
2050-10-07 04:00:00,NR,charging,3.0,YZ,MW
2050-10-08 05:00:00,SO,charging,2.3684210526309997,YZ,MW
2050-10-09 06:00:00,CE,charging,3.36842105264,YZ,MW
2050-10-10 07:00:00,NR,charging,4.00000000001,YZ,MW
2050-10-11 08:00:00,SO,charging,3.15789473685,YZ,MW
2050-10-12 09:00:00,CE,charging,4.04210526316,YZ,MW
2050-10-13 10:00:00,NR,charging,4.80000000001,YZ,MW
2050-10-14 11:00:00,SO,charging,3.78947368422,YZ,MW
2050-10-15 12:00:00,CE,charging,4.21052631579,YZ,MW
2050-10-16 13:00:00,NR,charging,5.0,YZ,MW
2050-10-17 14:00:00,SO,charging,3.9473684210499997,YZ,MW
2050-10-18 15:00:00,CE,charging,7.24210526316,YZ,MW
2050-10-19 16:00:00,NR,charging,8.600000000009999,YZ,MW
2050-10-20 17:00:00,SO,charging,6.78947368422,YZ,MW
2050-10-21 18:00:00,CE,charging,7.073684210540001,YZ,MW
2050-10-22 19:00:00,NR,charging,8.40000000001,YZ,MW
2050-10-23 20:00:00,SO,charging,6.63157894738,YZ,MW
2050-10-24 21:00:00,CE,charging,11.45263157896,YZ,MW
2050-10-25 22:00:00,NR,charging,13.60000000002,YZ,MW
2050-10-26 23:00:00,SO,charging,10.736842105280001,YZ,MW
2050-10-28 00:00:00,CE,charging,12.63157894738,YZ,MW
2050-10-29 01:00:00,NR,charging,15.00000000002,YZ,MW
2050-10-30 02:00:00,SO,charging,11.842105263170001,YZ,MW
2050-10-31 03:00:00,CE,charging,13.30526315792,YZ,MW
2050-11-01 04:00:00,NR,charging,15.80000000003,YZ,MW
2050-11-02 05:00:00,SO,charging,12.47368421055,YZ,MW
2050-11-03 06:00:00,CE,charging,13.97894736843,YZ,MW
2050-11-04 07:00:00,NR,charging,16.600000000019996,YZ,MW
2050-11-05 08:00:00,SO,charging,13.105263157909999,YZ,MW
2050-11-06 09:00:00,CE,charging,13.97894736843,YZ,MW
2050-11-07 10:00:00,NR,charging,16.600000000019996,YZ,MW
2050-11-08 11:00:00,SO,charging,13.105263157909999,YZ,MW
2050-11-09 12:00:00,CE,charging,14.484210526330001,YZ,MW
2050-11-10 13:00:00,NR,charging,17.200000000030002,YZ,MW
2050-11-11 14:00:00,SO,charging,13.57894736845,YZ,MW
2050-11-12 15:00:00,CE,charging,13.30526315792,YZ,MW
2050-11-13 16:00:00,NR,charging,15.80000000003,YZ,MW
2050-11-14 17:00:00,SO,charging,12.47368421055,YZ,MW
2050-11-15 18:00:00,CE,charging,11.78947368423,YZ,MW
2050-11-16 19:00:00,NR,charging,14.00000000002,YZ,MW
2050-11-17 20:00:00,SO,charging,11.052631578969999,YZ,MW
2050-11-18 21:00:00,CE,charging,8.92631578949,YZ,MW
2050-11-19 22:00:00,NR,charging,10.60000000002,YZ,MW
2050-11-20 23:00:00,SO,charging,8.36842105265,YZ,MW
2050-11-22 00:00:00,CE,charging,7.4105263158,YZ,MW
2050-11-23 01:00:00,NR,charging,8.800000000010002,YZ,MW
2050-11-24 02:00:00,SO,charging,6.94736842107,YZ,MW
2050-11-25 03:00:00,CE,charging,7.578947368440001,YZ,MW
2050-11-26 04:00:00,NR,charging,9.00000000002,YZ,MW
2050-11-27 05:00:00,SO,charging,7.10526315791,YZ,MW
2050-11-28 06:00:00,CE,charging,8.25263157895,YZ,MW
2050-11-29 07:00:00,NR,charging,9.800000000010002,YZ,MW
2050-11-30 08:00:00,SO,charging,7.73684210527,YZ,MW
2050-12-01 09:00:00,CE,charging,8.75789473685,YZ,MW
2050-12-02 10:00:00,NR,charging,10.40000000002,YZ,MW
2050-12-03 11:00:00,SO,charging,8.2105263158,YZ,MW
2050-12-04 12:00:00,CE,charging,6.40000000001,YZ,MW
2050-12-05 13:00:00,NR,charging,7.60000000001,YZ,MW
2050-12-06 14:00:00,SO,charging,6.00000000001,YZ,MW
2050-12-07 15:00:00,CE,charging,7.073684210540001,YZ,MW
2050-12-08 16:00:00,NR,charging,8.40000000001,YZ,MW
2050-12-09 17:00:00,SO,charging,6.63157894738,YZ,MW
2050-12-10 18:00:00,CE,charging,6.06315789474,YZ,MW
2050-12-11 19:00:00,NR,charging,7.20000000001,YZ,MW
2050-12-12 20:00:00,SO,charging,5.68421052633,YZ,MW
2050-12-13 21:00:00,CE,charging,4.54736842106,YZ,MW
2050-12-14 22:00:00,NR,charging,5.4000000000099995,YZ,MW
2050-12-15 23:00:00,SO,charging,4.26315789475,YZ,MW
2050-12-17 00:00:00,CE,charging,0.505263157895,YZ,MW
2050-12-18 01:00:00,NR,charging,0.600000000001,YZ,MW
2050-12-19 02:00:00,SO,charging,0.473684210527,YZ,MW
2050-12-20 03:00:00,CE,charging,3.53684210526,YZ,MW
2050-12-21 04:00:00,NR,charging,4.2,YZ,MW
2050-12-22 05:00:00,SO,charging,3.31578947369,YZ,MW
2050-12-23 06:00:00,CE,charging,3.7052631579,YZ,MW
2050-12-24 07:00:00,NR,charging,4.40000000001,YZ,MW
2050-12-25 08:00:00,SO,charging,3.4736842105300005,YZ,MW
2050-12-26 09:00:00,CE,charging,5.38947368422,YZ,MW
2050-12-27 10:00:00,NR,charging,6.4000000000099995,YZ,MW
2050-12-28 11:00:00,SO,charging,5.05263157896,YZ,MW
2050-12-29 12:00:00,CE,charging,6.06315789474,YZ,MW
2050-12-30 13:00:00,NR,charging,7.20000000001,YZ,MW
2050-12-31 14:00:00,SO,charging,5.68421052633,YZ,MW
2051-01-01 15:00:00,CE,charging,8.25263157895,YZ,MW
2051-01-02 16:00:00,NR,charging,9.800000000010002,YZ,MW
2051-01-03 17:00:00,SO,charging,7.73684210527,YZ,MW
2051-01-04 18:00:00,CE,charging,9.09473684212,YZ,MW
2051-01-05 19:00:00,NR,charging,10.800000000019999,YZ,MW
2051-01-06 20:00:00,SO,charging,8.52631578949,YZ,MW
2051-01-07 21:00:00,CE,charging,9.09473684212,YZ,MW
2051-01-08 22:00:00,NR,charging,10.800000000019999,YZ,MW
2051-01-09 23:00:00,SO,charging,8.52631578949,YZ,MW
2051-01-11 00:00:00,CE,charging,11.115789473700001,YZ,MW
2051-01-12 01:00:00,NR,charging,13.200000000020001,YZ,MW
2051-01-13 02:00:00,SO,charging,10.4210526316,YZ,MW
2051-01-14 03:00:00,CE,charging,12.463157894750001,YZ,MW
2051-01-15 04:00:00,NR,charging,14.800000000019999,YZ,MW
2051-01-16 05:00:00,SO,charging,11.68421052634,YZ,MW
2051-01-17 06:00:00,CE,charging,14.484210526330001,YZ,MW
2051-01-18 07:00:00,NR,charging,17.200000000030002,YZ,MW
2051-01-19 08:00:00,SO,charging,13.57894736845,YZ,MW
2051-01-20 09:00:00,CE,charging,14.8210526316,YZ,MW
2051-01-21 10:00:00,NR,charging,17.60000000003,YZ,MW
2051-01-22 11:00:00,SO,charging,13.894736842130001,YZ,MW
2051-01-23 12:00:00,CE,charging,13.810526315810002,YZ,MW
2051-01-24 13:00:00,NR,charging,16.40000000002,YZ,MW
2051-01-25 14:00:00,SO,charging,12.94736842108,YZ,MW
2051-01-26 15:00:00,CE,charging,14.8210526316,YZ,MW
2051-01-27 16:00:00,NR,charging,17.60000000003,YZ,MW
2051-01-28 17:00:00,SO,charging,13.894736842130001,YZ,MW
2051-01-29 18:00:00,CE,charging,14.484210526330001,YZ,MW
2051-01-30 19:00:00,NR,charging,17.200000000030002,YZ,MW
2051-01-31 20:00:00,SO,charging,13.57894736845,YZ,MW
2051-02-01 21:00:00,CE,charging,14.315789473699999,YZ,MW
2051-02-02 22:00:00,NR,charging,17.000000000020002,YZ,MW
2051-02-03 23:00:00,SO,charging,13.421052631599999,YZ,MW
2051-02-05 00:00:00,CE,charging,6.40000000001,YZ,MW
2051-02-06 01:00:00,NR,charging,7.60000000001,YZ,MW
2051-02-07 02:00:00,SO,charging,6.00000000001,YZ,MW
2051-02-08 03:00:00,CE,charging,6.9052631579,YZ,MW
2051-02-09 04:00:00,NR,charging,8.20000000001,YZ,MW
2051-02-10 05:00:00,SO,charging,6.473684210529999,YZ,MW
2051-02-11 06:00:00,CE,charging,7.24210526316,YZ,MW
2051-02-12 07:00:00,NR,charging,8.600000000009999,YZ,MW
2051-02-13 08:00:00,SO,charging,6.78947368422,YZ,MW
2051-02-14 09:00:00,CE,charging,7.073684210540001,YZ,MW
2051-02-15 10:00:00,NR,charging,8.40000000001,YZ,MW
2051-02-16 11:00:00,SO,charging,6.63157894738,YZ,MW
2051-02-17 12:00:00,CE,charging,4.8842105263199995,YZ,MW
2051-02-18 13:00:00,NR,charging,5.8,YZ,MW
2051-02-19 14:00:00,SO,charging,4.57894736842,YZ,MW
2051-02-20 15:00:00,CE,charging,3.53684210526,YZ,MW
2051-02-21 16:00:00,NR,charging,4.2,YZ,MW
2051-02-22 17:00:00,SO,charging,3.31578947369,YZ,MW
2051-02-23 18:00:00,CE,charging,5.22105263158,YZ,MW
2051-02-24 19:00:00,NR,charging,6.199999999999999,YZ,MW
2051-02-25 20:00:00,SO,charging,4.8947368421099995,YZ,MW
2051-02-26 21:00:00,CE,charging,3.7052631579,YZ,MW
2051-02-27 22:00:00,NR,charging,4.40000000001,YZ,MW
2051-02-28 23:00:00,SO,charging,3.4736842105300005,YZ,MW
2051-03-02 00:00:00,CE,charging,3.87368421054,YZ,MW
2051-03-03 01:00:00,NR,charging,4.60000000001,YZ,MW
2051-03-04 02:00:00,SO,charging,3.63157894738,YZ,MW
2051-03-05 03:00:00,CE,charging,3.7052631579,YZ,MW
2051-03-06 04:00:00,NR,charging,4.40000000001,YZ,MW
2051-03-07 05:00:00,SO,charging,3.4736842105300005,YZ,MW
2051-03-08 06:00:00,CE,charging,3.03157894737,YZ,MW
2051-03-09 07:00:00,NR,charging,3.6000000000099996,YZ,MW
2051-03-10 08:00:00,SO,charging,2.842105263163,YZ,MW
2051-03-11 09:00:00,CE,charging,2.86315789475,YZ,MW
2051-03-12 10:00:00,NR,charging,3.4000000000100004,YZ,MW
2051-03-13 11:00:00,SO,charging,2.684210526326,YZ,MW
2051-03-14 12:00:00,CE,charging,7.073684210540001,YZ,MW
2051-03-15 13:00:00,NR,charging,8.40000000001,YZ,MW
2051-03-16 14:00:00,SO,charging,6.63157894738,YZ,MW
2051-03-17 15:00:00,CE,charging,6.56842105265,YZ,MW
2051-03-18 16:00:00,NR,charging,7.80000000002,YZ,MW
2051-03-19 17:00:00,SO,charging,6.157894736859999,YZ,MW
2051-03-20 18:00:00,CE,charging,10.27368421053,YZ,MW
2051-03-21 19:00:00,NR,charging,12.20000000001,YZ,MW
2051-03-22 20:00:00,SO,charging,9.63157894738,YZ,MW
2051-03-23 21:00:00,CE,charging,11.28421052634,YZ,MW
2051-03-24 22:00:00,NR,charging,13.40000000003,YZ,MW
2051-03-25 23:00:00,SO,charging,10.578947368449999,YZ,MW
2051-03-27 00:00:00,CE,charging,10.44210526317,YZ,MW
2051-03-28 01:00:00,NR,charging,12.40000000002,YZ,MW
2051-03-29 02:00:00,SO,charging,9.78947368423,YZ,MW
2051-03-30 03:00:00,CE,charging,13.30526315792,YZ,MW
2051-03-31 04:00:00,NR,charging,15.80000000003,YZ,MW
2051-04-01 05:00:00,SO,charging,12.47368421055,YZ,MW
2051-04-02 06:00:00,CE,charging,13.13684210528,YZ,MW
2051-04-03 07:00:00,NR,charging,15.60000000002,YZ,MW
2051-04-04 08:00:00,SO,charging,12.31578947371,YZ,MW
2051-04-05 09:00:00,CE,charging,13.64210526318,YZ,MW
2051-04-06 10:00:00,NR,charging,16.200000000030002,YZ,MW
2051-04-07 11:00:00,SO,charging,12.78947368424,YZ,MW
2051-04-08 12:00:00,CE,charging,13.810526315810002,YZ,MW
2051-04-09 13:00:00,NR,charging,16.40000000002,YZ,MW
2051-04-10 14:00:00,SO,charging,12.94736842108,YZ,MW
2051-04-11 15:00:00,CE,charging,14.14736842107,YZ,MW
2051-04-12 16:00:00,NR,charging,16.800000000030003,YZ,MW
2051-04-13 17:00:00,SO,charging,13.26315789476,YZ,MW
2051-04-14 18:00:00,CE,charging,11.78947368423,YZ,MW
2051-04-15 19:00:00,NR,charging,14.00000000002,YZ,MW
2051-04-16 20:00:00,SO,charging,11.052631578969999,YZ,MW
2051-04-17 21:00:00,CE,charging,7.4105263158,YZ,MW
2051-04-18 22:00:00,NR,charging,8.800000000010002,YZ,MW
2051-04-19 23:00:00,SO,charging,6.94736842107,YZ,MW
2051-04-21 00:00:00,CE,charging,9.09473684212,YZ,MW
2051-04-22 01:00:00,NR,charging,10.800000000019999,YZ,MW
2051-04-23 02:00:00,SO,charging,8.52631578949,YZ,MW
2051-04-24 03:00:00,CE,charging,8.25263157895,YZ,MW
2051-04-25 04:00:00,NR,charging,9.800000000010002,YZ,MW
2051-04-26 05:00:00,SO,charging,7.73684210527,YZ,MW
2051-04-27 06:00:00,CE,charging,9.76842105264,YZ,MW
2051-04-28 07:00:00,NR,charging,11.60000000002,YZ,MW
2051-04-29 08:00:00,SO,charging,9.15789473686,YZ,MW
2051-04-30 09:00:00,CE,charging,10.105263157909999,YZ,MW
2051-05-01 10:00:00,NR,charging,12.00000000002,YZ,MW
2051-05-02 11:00:00,SO,charging,9.47368421054,YZ,MW
2051-05-03 12:00:00,CE,charging,6.56842105265,YZ,MW
2051-05-04 13:00:00,NR,charging,7.80000000002,YZ,MW
2051-05-05 14:00:00,SO,charging,6.157894736859999,YZ,MW
2051-05-06 15:00:00,CE,charging,7.4105263158,YZ,MW
2051-05-07 16:00:00,NR,charging,8.800000000010002,YZ,MW
2051-05-08 17:00:00,SO,charging,6.94736842107,YZ,MW
2051-05-09 18:00:00,CE,charging,6.73684210527,YZ,MW
2051-05-10 19:00:00,NR,charging,8.000000000010001,YZ,MW
2051-05-11 20:00:00,SO,charging,6.3157894737,YZ,MW
2051-05-12 21:00:00,CE,charging,5.72631578948,YZ,MW
2051-05-13 22:00:00,NR,charging,6.80000000001,YZ,MW
2051-05-14 23:00:00,SO,charging,5.3684210526400005,YZ,MW
2051-05-16 00:00:00,CE,charging,1.852631578955,YZ,MW
2051-05-17 01:00:00,NR,charging,2.20000000001,YZ,MW
2051-05-18 02:00:00,SO,charging,1.7368421052710001,YZ,MW
2051-05-19 03:00:00,CE,charging,4.21052631579,YZ,MW
2051-05-20 04:00:00,NR,charging,5.0,YZ,MW
2051-05-21 05:00:00,SO,charging,3.9473684210499997,YZ,MW
2051-05-22 06:00:00,CE,charging,3.03157894737,YZ,MW
2051-05-23 07:00:00,NR,charging,3.6000000000099996,YZ,MW
2051-05-24 08:00:00,SO,charging,2.842105263163,YZ,MW
2051-05-25 09:00:00,CE,charging,4.04210526316,YZ,MW
2051-05-26 10:00:00,NR,charging,4.80000000001,YZ,MW
2051-05-27 11:00:00,SO,charging,3.78947368422,YZ,MW
2051-05-28 12:00:00,CE,charging,5.05263157895,YZ,MW
2051-05-29 13:00:00,NR,charging,6.00000000001,YZ,MW
2051-05-30 14:00:00,SO,charging,4.73684210527,YZ,MW
2051-05-31 15:00:00,CE,charging,6.40000000001,YZ,MW
2051-06-01 16:00:00,NR,charging,7.60000000001,YZ,MW
2051-06-02 17:00:00,SO,charging,6.00000000001,YZ,MW
2051-06-03 18:00:00,CE,charging,7.073684210540001,YZ,MW
2051-06-04 19:00:00,NR,charging,8.40000000001,YZ,MW
2051-06-05 20:00:00,SO,charging,6.63157894738,YZ,MW
2051-06-06 21:00:00,CE,charging,7.24210526316,YZ,MW
2051-06-07 22:00:00,NR,charging,8.600000000009999,YZ,MW
2051-06-08 23:00:00,SO,charging,6.78947368422,YZ,MW
2051-06-10 00:00:00,CE,charging,10.610526315800001,YZ,MW
2051-06-11 01:00:00,NR,charging,12.60000000001,YZ,MW
2051-06-12 02:00:00,SO,charging,9.94736842107,YZ,MW
2051-06-13 03:00:00,CE,charging,10.77894736844,YZ,MW
2051-06-14 04:00:00,NR,charging,12.800000000019999,YZ,MW
2051-06-15 05:00:00,SO,charging,10.105263157909999,YZ,MW
2051-06-16 06:00:00,CE,charging,13.64210526318,YZ,MW
2051-06-17 07:00:00,NR,charging,16.200000000030002,YZ,MW
2051-06-18 08:00:00,SO,charging,12.78947368424,YZ,MW
2051-06-19 09:00:00,CE,charging,14.315789473699999,YZ,MW
2051-06-20 10:00:00,NR,charging,17.000000000020002,YZ,MW
2051-06-21 11:00:00,SO,charging,13.421052631599999,YZ,MW
2051-06-22 12:00:00,CE,charging,14.8210526316,YZ,MW
2051-06-23 13:00:00,NR,charging,17.60000000003,YZ,MW
2051-06-24 14:00:00,SO,charging,13.894736842130001,YZ,MW
2051-06-25 15:00:00,CE,charging,14.65263157896,YZ,MW
2051-06-26 16:00:00,NR,charging,17.40000000002,YZ,MW
2051-06-27 17:00:00,SO,charging,13.73684210528,YZ,MW
2051-06-28 18:00:00,CE,charging,13.47368421054,YZ,MW
2051-06-29 19:00:00,NR,charging,16.000000000020002,YZ,MW
2051-06-30 20:00:00,SO,charging,12.63157894739,YZ,MW
2051-07-01 21:00:00,CE,charging,13.97894736843,YZ,MW
2051-07-02 22:00:00,NR,charging,16.600000000019996,YZ,MW
2051-07-03 23:00:00,SO,charging,13.105263157909999,YZ,MW
2051-07-05 00:00:00,CE,charging,8.25263157895,YZ,MW
2051-07-06 01:00:00,NR,charging,9.800000000010002,YZ,MW
2051-07-07 02:00:00,SO,charging,7.73684210527,YZ,MW
2051-07-08 03:00:00,CE,charging,8.08421052633,YZ,MW
2051-07-09 04:00:00,NR,charging,9.600000000009999,YZ,MW
2051-07-10 05:00:00,SO,charging,7.57894736844,YZ,MW
2051-07-11 06:00:00,CE,charging,7.578947368440001,YZ,MW
2051-07-12 07:00:00,NR,charging,9.00000000002,YZ,MW
2051-07-13 08:00:00,SO,charging,7.10526315791,YZ,MW
2051-07-14 09:00:00,CE,charging,7.24210526316,YZ,MW
2051-07-15 10:00:00,NR,charging,8.600000000009999,YZ,MW
2051-07-16 11:00:00,SO,charging,6.78947368422,YZ,MW
2051-07-17 12:00:00,CE,charging,6.56842105265,YZ,MW
2051-07-18 13:00:00,NR,charging,7.80000000002,YZ,MW
2051-07-19 14:00:00,SO,charging,6.157894736859999,YZ,MW
2051-07-20 15:00:00,CE,charging,4.71578947369,YZ,MW
2051-07-21 16:00:00,NR,charging,5.6000000000100005,YZ,MW
2051-07-22 17:00:00,SO,charging,4.42105263159,YZ,MW
2051-07-23 18:00:00,CE,charging,4.71578947369,YZ,MW
2051-07-24 19:00:00,NR,charging,5.6000000000100005,YZ,MW
2051-07-25 20:00:00,SO,charging,4.42105263159,YZ,MW
2051-07-26 21:00:00,CE,charging,5.8947368421099995,YZ,MW
2051-07-27 22:00:00,NR,charging,7.00000000001,YZ,MW
2051-07-28 23:00:00,SO,charging,5.52631578948,YZ,MW
2051-07-30 00:00:00,CE,charging,5.557894736850001,YZ,MW
2051-07-31 01:00:00,NR,charging,6.6000000000100005,YZ,MW
2051-08-01 02:00:00,SO,charging,5.2105263158,YZ,MW
2051-08-02 03:00:00,CE,charging,4.21052631579,YZ,MW
2051-08-03 04:00:00,NR,charging,5.0,YZ,MW
2051-08-04 05:00:00,SO,charging,3.9473684210499997,YZ,MW
2051-08-05 06:00:00,CE,charging,2.86315789475,YZ,MW
2051-08-06 07:00:00,NR,charging,3.4000000000100004,YZ,MW
2051-08-07 08:00:00,SO,charging,2.684210526326,YZ,MW
2051-08-08 09:00:00,CE,charging,1.347368421054,YZ,MW
2051-08-09 10:00:00,NR,charging,1.600000000002,YZ,MW
2051-08-10 11:00:00,SO,charging,1.2631578947389999,YZ,MW
2051-08-11 12:00:00,CE,charging,5.38947368422,YZ,MW
2051-08-12 13:00:00,NR,charging,6.4000000000099995,YZ,MW
2051-08-13 14:00:00,SO,charging,5.05263157896,YZ,MW
2051-08-14 15:00:00,CE,charging,4.54736842106,YZ,MW
2051-08-15 16:00:00,NR,charging,5.4000000000099995,YZ,MW
2051-08-16 17:00:00,SO,charging,4.26315789475,YZ,MW
2051-08-17 18:00:00,CE,charging,8.42105263159,YZ,MW
2051-08-18 19:00:00,NR,charging,10.000000000010001,YZ,MW
2051-08-19 20:00:00,SO,charging,7.89473684212,YZ,MW
2051-08-20 21:00:00,CE,charging,9.600000000009999,YZ,MW
2051-08-21 22:00:00,NR,charging,11.40000000001,YZ,MW
2051-08-22 23:00:00,SO,charging,9.000000000010001,YZ,MW
2051-08-24 00:00:00,CE,charging,10.610526315800001,YZ,MW
2051-08-25 01:00:00,NR,charging,12.60000000001,YZ,MW
2051-08-26 02:00:00,SO,charging,9.94736842107,YZ,MW
2051-08-27 03:00:00,CE,charging,11.28421052634,YZ,MW
2051-08-28 04:00:00,NR,charging,13.40000000003,YZ,MW
2051-08-29 05:00:00,SO,charging,10.578947368449999,YZ,MW
2051-08-30 06:00:00,CE,charging,10.77894736844,YZ,MW
2051-08-31 07:00:00,NR,charging,12.800000000019999,YZ,MW
2051-09-01 08:00:00,SO,charging,10.105263157909999,YZ,MW
2051-09-02 09:00:00,CE,charging,12.463157894750001,YZ,MW
2051-09-03 10:00:00,NR,charging,14.800000000019999,YZ,MW
2051-09-04 11:00:00,SO,charging,11.68421052634,YZ,MW
2051-09-05 12:00:00,CE,charging,13.47368421054,YZ,MW
2051-09-06 13:00:00,NR,charging,16.000000000020002,YZ,MW
2051-09-07 14:00:00,SO,charging,12.63157894739,YZ,MW
2051-09-08 15:00:00,CE,charging,14.8210526316,YZ,MW
2051-09-09 16:00:00,NR,charging,17.60000000003,YZ,MW
2051-09-10 17:00:00,SO,charging,13.894736842130001,YZ,MW
2051-09-11 18:00:00,CE,charging,13.97894736843,YZ,MW
2051-09-12 19:00:00,NR,charging,16.600000000019996,YZ,MW
2051-09-13 20:00:00,SO,charging,13.105263157909999,YZ,MW
2051-09-14 21:00:00,CE,charging,11.78947368423,YZ,MW
2051-09-15 22:00:00,NR,charging,14.00000000002,YZ,MW
2051-09-16 23:00:00,SO,charging,11.052631578969999,YZ,MW
2051-09-18 00:00:00,CE,charging,9.76842105264,YZ,MW
2051-09-19 01:00:00,NR,charging,11.60000000002,YZ,MW
2051-09-20 02:00:00,SO,charging,9.15789473686,YZ,MW
2051-09-21 03:00:00,CE,charging,10.27368421053,YZ,MW
2051-09-22 04:00:00,NR,charging,12.20000000001,YZ,MW
2051-09-23 05:00:00,SO,charging,9.63157894738,YZ,MW
2051-09-24 06:00:00,CE,charging,10.77894736844,YZ,MW
2051-09-25 07:00:00,NR,charging,12.800000000019999,YZ,MW
2051-09-26 08:00:00,SO,charging,10.105263157909999,YZ,MW
2051-09-27 09:00:00,CE,charging,6.40000000001,YZ,MW
2051-09-28 10:00:00,NR,charging,7.60000000001,YZ,MW
2051-09-29 11:00:00,SO,charging,6.00000000001,YZ,MW
2051-09-30 12:00:00,CE,charging,7.073684210540001,YZ,MW
2051-10-01 13:00:00,NR,charging,8.40000000001,YZ,MW
2051-10-02 14:00:00,SO,charging,6.63157894738,YZ,MW
2051-10-03 15:00:00,CE,charging,6.56842105265,YZ,MW
2051-10-04 16:00:00,NR,charging,7.80000000002,YZ,MW
2051-10-05 17:00:00,SO,charging,6.157894736859999,YZ,MW
2051-10-06 18:00:00,CE,charging,6.06315789474,YZ,MW
2051-10-07 19:00:00,NR,charging,7.20000000001,YZ,MW
2051-10-08 20:00:00,SO,charging,5.68421052633,YZ,MW
2051-10-09 21:00:00,CE,charging,3.03157894737,YZ,MW
2051-10-10 22:00:00,NR,charging,3.6000000000099996,YZ,MW
2051-10-11 23:00:00,SO,charging,2.842105263163,YZ,MW
2051-10-13 00:00:00,CE,charging,3.20000000001,YZ,MW
2051-10-14 01:00:00,NR,charging,3.80000000001,YZ,MW
2051-10-15 02:00:00,SO,charging,3.00000000001,YZ,MW
2051-10-16 03:00:00,CE,charging,2.357894736845,YZ,MW
2051-10-17 04:00:00,NR,charging,2.8,YZ,MW
2051-10-18 05:00:00,SO,charging,2.210526315794,YZ,MW
2051-10-19 06:00:00,CE,charging,3.7052631579,YZ,MW
2051-10-20 07:00:00,NR,charging,4.40000000001,YZ,MW
2051-10-21 08:00:00,SO,charging,3.4736842105300005,YZ,MW
2051-10-22 09:00:00,CE,charging,4.21052631579,YZ,MW
2051-10-23 10:00:00,NR,charging,5.0,YZ,MW
2051-10-24 11:00:00,SO,charging,3.9473684210499997,YZ,MW
2051-10-25 12:00:00,CE,charging,4.8842105263199995,YZ,MW
2051-10-26 13:00:00,NR,charging,5.8,YZ,MW
2051-10-27 14:00:00,SO,charging,4.57894736842,YZ,MW
2051-10-28 15:00:00,CE,charging,5.557894736850001,YZ,MW
2051-10-29 16:00:00,NR,charging,6.6000000000100005,YZ,MW
2051-10-30 17:00:00,SO,charging,5.2105263158,YZ,MW
2051-10-31 18:00:00,CE,charging,4.8842105263199995,YZ,MW
2051-11-01 19:00:00,NR,charging,5.8,YZ,MW
2051-11-02 20:00:00,SO,charging,4.57894736842,YZ,MW
2051-11-03 21:00:00,CE,charging,8.08421052633,YZ,MW
2051-11-04 22:00:00,NR,charging,9.600000000009999,YZ,MW
2051-11-05 23:00:00,SO,charging,7.57894736844,YZ,MW
2051-11-07 00:00:00,CE,charging,8.42105263159,YZ,MW
2051-11-08 01:00:00,NR,charging,10.000000000010001,YZ,MW
2051-11-09 02:00:00,SO,charging,7.89473684212,YZ,MW
2051-11-10 03:00:00,CE,charging,12.294736842119999,YZ,MW
2051-11-11 04:00:00,NR,charging,14.60000000002,YZ,MW
2051-11-12 05:00:00,SO,charging,11.52631578949,YZ,MW
2051-11-13 06:00:00,CE,charging,13.13684210528,YZ,MW
2051-11-14 07:00:00,NR,charging,15.60000000002,YZ,MW
2051-11-15 08:00:00,SO,charging,12.31578947371,YZ,MW
2051-11-16 09:00:00,CE,charging,13.97894736843,YZ,MW
2051-11-17 10:00:00,NR,charging,16.600000000019996,YZ,MW
2051-11-18 11:00:00,SO,charging,13.105263157909999,YZ,MW
2051-11-19 12:00:00,CE,charging,14.315789473699999,YZ,MW
2051-11-20 13:00:00,NR,charging,17.000000000020002,YZ,MW
2051-11-21 14:00:00,SO,charging,13.421052631599999,YZ,MW
2051-11-22 15:00:00,CE,charging,13.64210526318,YZ,MW
2051-11-23 16:00:00,NR,charging,16.200000000030002,YZ,MW
2051-11-24 17:00:00,SO,charging,12.78947368424,YZ,MW
2051-11-25 18:00:00,CE,charging,13.97894736843,YZ,MW
2051-11-26 19:00:00,NR,charging,16.600000000019996,YZ,MW
2051-11-27 20:00:00,SO,charging,13.105263157909999,YZ,MW
2051-11-28 21:00:00,CE,charging,10.77894736844,YZ,MW
2051-11-29 22:00:00,NR,charging,12.800000000019999,YZ,MW
2051-11-30 23:00:00,SO,charging,10.105263157909999,YZ,MW
2051-12-02 00:00:00,CE,charging,9.26315789475,YZ,MW
2051-12-03 01:00:00,NR,charging,11.00000000002,YZ,MW
2051-12-04 02:00:00,SO,charging,8.68421052634,YZ,MW
2051-12-05 03:00:00,CE,charging,7.91578947369,YZ,MW
2051-12-06 04:00:00,NR,charging,9.40000000001,YZ,MW
2051-12-07 05:00:00,SO,charging,7.42105263159,YZ,MW
2051-12-08 06:00:00,CE,charging,7.24210526316,YZ,MW
2051-12-09 07:00:00,NR,charging,8.600000000009999,YZ,MW
2051-12-10 08:00:00,SO,charging,6.78947368422,YZ,MW
2051-12-11 09:00:00,CE,charging,7.073684210540001,YZ,MW
2051-12-12 10:00:00,NR,charging,8.40000000001,YZ,MW
2051-12-13 11:00:00,SO,charging,6.63157894738,YZ,MW
2051-12-14 12:00:00,CE,charging,5.557894736850001,YZ,MW
2051-12-15 13:00:00,NR,charging,6.6000000000100005,YZ,MW
2051-12-16 14:00:00,SO,charging,5.2105263158,YZ,MW
2051-12-17 15:00:00,CE,charging,5.38947368422,YZ,MW
2051-12-18 16:00:00,NR,charging,6.4000000000099995,YZ,MW
2051-12-19 17:00:00,SO,charging,5.05263157896,YZ,MW
2051-12-20 18:00:00,CE,charging,6.06315789474,YZ,MW
2051-12-21 19:00:00,NR,charging,7.20000000001,YZ,MW
2051-12-22 20:00:00,SO,charging,5.68421052633,YZ,MW
2051-12-23 21:00:00,CE,charging,6.23157894737,YZ,MW
2051-12-24 22:00:00,NR,charging,7.4000000000099995,YZ,MW
2051-12-25 23:00:00,SO,charging,5.842105263160001,YZ,MW
2051-12-27 00:00:00,CE,charging,5.05263157895,YZ,MW
2051-12-28 01:00:00,NR,charging,6.00000000001,YZ,MW
2051-12-29 02:00:00,SO,charging,4.73684210527,YZ,MW
2051-12-30 03:00:00,CE,charging,3.36842105264,YZ,MW
2051-12-31 04:00:00,NR,charging,4.00000000001,YZ,MW
2052-01-01 05:00:00,SO,charging,3.15789473685,YZ,MW
2052-01-02 06:00:00,CE,charging,0.673684210527,YZ,MW
2052-01-03 07:00:00,NR,charging,0.800000000001,YZ,MW
2052-01-04 08:00:00,SO,charging,0.63157894737,YZ,MW
2052-01-05 09:00:00,CE,charging,3.53684210526,YZ,MW
2052-01-06 10:00:00,NR,charging,4.2,YZ,MW
2052-01-07 11:00:00,SO,charging,3.31578947369,YZ,MW
2052-01-08 12:00:00,CE,charging,2.021052631582,YZ,MW
2052-01-09 13:00:00,NR,charging,2.4,YZ,MW
2052-01-10 14:00:00,SO,charging,1.8947368421089998,YZ,MW
2052-01-11 15:00:00,CE,charging,6.9052631579,YZ,MW
2052-01-12 16:00:00,NR,charging,8.20000000001,YZ,MW
2052-01-13 17:00:00,SO,charging,6.473684210529999,YZ,MW
2052-01-14 18:00:00,CE,charging,8.25263157895,YZ,MW
2052-01-15 19:00:00,NR,charging,9.800000000010002,YZ,MW
2052-01-16 20:00:00,SO,charging,7.73684210527,YZ,MW
2052-01-17 21:00:00,CE,charging,9.26315789475,YZ,MW
2052-01-18 22:00:00,NR,charging,11.00000000002,YZ,MW
2052-01-19 23:00:00,SO,charging,8.68421052634,YZ,MW
2052-01-21 00:00:00,CE,charging,10.105263157909999,YZ,MW
2052-01-22 01:00:00,NR,charging,12.00000000002,YZ,MW
2052-01-23 02:00:00,SO,charging,9.47368421054,YZ,MW
2052-01-24 03:00:00,CE,charging,10.27368421053,YZ,MW
2052-01-25 04:00:00,NR,charging,12.20000000001,YZ,MW
2052-01-26 05:00:00,SO,charging,9.63157894738,YZ,MW
2052-01-27 06:00:00,CE,charging,11.78947368423,YZ,MW
2052-01-28 07:00:00,NR,charging,14.00000000002,YZ,MW
2052-01-29 08:00:00,SO,charging,11.052631578969999,YZ,MW
2052-01-30 09:00:00,CE,charging,13.13684210528,YZ,MW
2052-01-31 10:00:00,NR,charging,15.60000000002,YZ,MW
2052-02-01 11:00:00,SO,charging,12.31578947371,YZ,MW
2052-02-02 12:00:00,CE,charging,14.98947368424,YZ,MW
2052-02-03 13:00:00,NR,charging,17.80000000003,YZ,MW
2052-02-04 14:00:00,SO,charging,14.052631578980002,YZ,MW
2052-02-05 15:00:00,CE,charging,14.98947368424,YZ,MW
2052-02-06 16:00:00,NR,charging,17.80000000003,YZ,MW
2052-02-07 17:00:00,SO,charging,14.052631578980002,YZ,MW
2052-02-08 18:00:00,CE,charging,14.14736842107,YZ,MW
2052-02-09 19:00:00,NR,charging,16.800000000030003,YZ,MW
2052-02-10 20:00:00,SO,charging,13.26315789476,YZ,MW
2052-02-11 21:00:00,CE,charging,11.957894736850001,YZ,MW
2052-02-12 22:00:00,NR,charging,14.200000000020001,YZ,MW
2052-02-13 23:00:00,SO,charging,11.21052631581,YZ,MW
2052-02-15 00:00:00,CE,charging,12.96842105265,YZ,MW
2052-02-16 01:00:00,NR,charging,15.40000000003,YZ,MW
2052-02-17 02:00:00,SO,charging,12.157894736869999,YZ,MW
2052-02-18 03:00:00,CE,charging,13.30526315792,YZ,MW
2052-02-19 04:00:00,NR,charging,15.80000000003,YZ,MW
2052-02-20 05:00:00,SO,charging,12.47368421055,YZ,MW
2052-02-21 06:00:00,CE,charging,6.40000000001,YZ,MW
2052-02-22 07:00:00,NR,charging,7.60000000001,YZ,MW
2052-02-23 08:00:00,SO,charging,6.00000000001,YZ,MW
2052-02-24 09:00:00,CE,charging,7.24210526316,YZ,MW
2052-02-25 10:00:00,NR,charging,8.600000000009999,YZ,MW
2052-02-26 11:00:00,SO,charging,6.78947368422,YZ,MW
2052-02-27 12:00:00,CE,charging,7.24210526316,YZ,MW
2052-02-28 13:00:00,NR,charging,8.600000000009999,YZ,MW
2052-02-29 14:00:00,SO,charging,6.78947368422,YZ,MW
2052-03-01 15:00:00,CE,charging,6.9052631579,YZ,MW
2052-03-02 16:00:00,NR,charging,8.20000000001,YZ,MW
2052-03-03 17:00:00,SO,charging,6.473684210529999,YZ,MW
2052-03-04 18:00:00,CE,charging,4.21052631579,YZ,MW
2052-03-05 19:00:00,NR,charging,5.0,YZ,MW
2052-03-06 20:00:00,SO,charging,3.9473684210499997,YZ,MW
2052-03-07 21:00:00,CE,charging,3.7052631579,YZ,MW
2052-03-08 22:00:00,NR,charging,4.40000000001,YZ,MW
2052-03-09 23:00:00,SO,charging,3.4736842105300005,YZ,MW
2052-03-11 00:00:00,CE,charging,3.53684210526,YZ,MW
2052-03-12 01:00:00,NR,charging,4.2,YZ,MW
2052-03-13 02:00:00,SO,charging,3.31578947369,YZ,MW
2052-03-14 03:00:00,CE,charging,4.21052631579,YZ,MW
2052-03-15 04:00:00,NR,charging,5.0,YZ,MW
2052-03-16 05:00:00,SO,charging,3.9473684210499997,YZ,MW
2052-03-17 06:00:00,CE,charging,3.36842105264,YZ,MW
2052-03-18 07:00:00,NR,charging,4.00000000001,YZ,MW
2052-03-19 08:00:00,SO,charging,3.15789473685,YZ,MW
2052-03-20 09:00:00,CE,charging,3.20000000001,YZ,MW
2052-03-21 10:00:00,NR,charging,3.80000000001,YZ,MW
2052-03-22 11:00:00,SO,charging,3.00000000001,YZ,MW
2052-03-23 12:00:00,CE,charging,3.53684210526,YZ,MW
2052-03-24 13:00:00,NR,charging,4.2,YZ,MW
2052-03-25 14:00:00,SO,charging,3.31578947369,YZ,MW
2052-03-26 15:00:00,CE,charging,3.20000000001,YZ,MW
2052-03-27 16:00:00,NR,charging,3.80000000001,YZ,MW
2052-03-28 17:00:00,SO,charging,3.00000000001,YZ,MW
2052-03-29 18:00:00,CE,charging,7.4105263158,YZ,MW
2052-03-30 19:00:00,NR,charging,8.800000000010002,YZ,MW
2052-03-31 20:00:00,SO,charging,6.94736842107,YZ,MW
2052-04-01 21:00:00,CE,charging,7.24210526316,YZ,MW
2052-04-02 22:00:00,NR,charging,8.600000000009999,YZ,MW
2052-04-03 23:00:00,SO,charging,6.78947368422,YZ,MW
2052-04-05 00:00:00,CE,charging,11.78947368423,YZ,MW
2052-04-06 01:00:00,NR,charging,14.00000000002,YZ,MW
2052-04-07 02:00:00,SO,charging,11.052631578969999,YZ,MW
2052-04-08 03:00:00,CE,charging,11.45263157896,YZ,MW
2052-04-09 04:00:00,NR,charging,13.60000000002,YZ,MW
2052-04-10 05:00:00,SO,charging,10.736842105280001,YZ,MW
2052-04-11 06:00:00,CE,charging,13.64210526318,YZ,MW
2052-04-12 07:00:00,NR,charging,16.200000000030002,YZ,MW
2052-04-13 08:00:00,SO,charging,12.78947368424,YZ,MW
2052-04-14 09:00:00,CE,charging,14.14736842107,YZ,MW
2052-04-15 10:00:00,NR,charging,16.800000000030003,YZ,MW
2052-04-16 11:00:00,SO,charging,13.26315789476,YZ,MW
2052-04-17 12:00:00,CE,charging,13.97894736843,YZ,MW
2052-04-18 13:00:00,NR,charging,16.600000000019996,YZ,MW
2052-04-19 14:00:00,SO,charging,13.105263157909999,YZ,MW
2052-04-20 15:00:00,CE,charging,14.315789473699999,YZ,MW
2052-04-21 16:00:00,NR,charging,17.000000000020002,YZ,MW
2052-04-22 17:00:00,SO,charging,13.421052631599999,YZ,MW
2052-04-23 18:00:00,CE,charging,13.13684210528,YZ,MW
2052-04-24 19:00:00,NR,charging,15.60000000002,YZ,MW
2052-04-25 20:00:00,SO,charging,12.31578947371,YZ,MW
2052-04-26 21:00:00,CE,charging,11.957894736850001,YZ,MW
2052-04-27 22:00:00,NR,charging,14.200000000020001,YZ,MW
2052-04-28 23:00:00,SO,charging,11.21052631581,YZ,MW
2052-04-30 00:00:00,CE,charging,9.600000000009999,YZ,MW
2052-05-01 01:00:00,NR,charging,11.40000000001,YZ,MW
2052-05-02 02:00:00,SO,charging,9.000000000010001,YZ,MW
2052-05-03 03:00:00,CE,charging,8.08421052633,YZ,MW
2052-05-04 04:00:00,NR,charging,9.600000000009999,YZ,MW
2052-05-05 05:00:00,SO,charging,7.57894736844,YZ,MW
2052-05-06 06:00:00,CE,charging,8.08421052633,YZ,MW
2052-05-07 07:00:00,NR,charging,9.600000000009999,YZ,MW
2052-05-08 08:00:00,SO,charging,7.57894736844,YZ,MW
2052-05-09 09:00:00,CE,charging,7.4105263158,YZ,MW
2052-05-10 10:00:00,NR,charging,8.800000000010002,YZ,MW
2052-05-11 11:00:00,SO,charging,6.94736842107,YZ,MW
2052-05-12 12:00:00,CE,charging,7.578947368440001,YZ,MW
2052-05-13 13:00:00,NR,charging,9.00000000002,YZ,MW
2052-05-14 14:00:00,SO,charging,7.10526315791,YZ,MW
2052-05-15 15:00:00,CE,charging,6.40000000001,YZ,MW
2052-05-16 16:00:00,NR,charging,7.60000000001,YZ,MW
2052-05-17 17:00:00,SO,charging,6.00000000001,YZ,MW
2052-05-18 18:00:00,CE,charging,7.073684210540001,YZ,MW
2052-05-19 19:00:00,NR,charging,8.40000000001,YZ,MW
2052-05-20 20:00:00,SO,charging,6.63157894738,YZ,MW
2052-05-21 21:00:00,CE,charging,6.06315789474,YZ,MW
2052-05-22 22:00:00,NR,charging,7.20000000001,YZ,MW
2052-05-23 23:00:00,SO,charging,5.68421052633,YZ,MW
2052-05-25 00:00:00,CE,charging,4.71578947369,YZ,MW
2052-05-26 01:00:00,NR,charging,5.6000000000100005,YZ,MW
2052-05-27 02:00:00,SO,charging,4.42105263159,YZ,MW
2052-05-28 03:00:00,CE,charging,1.178947368423,YZ,MW
2052-05-29 04:00:00,NR,charging,1.400000000002,YZ,MW
2052-05-30 05:00:00,SO,charging,1.105263157897,YZ,MW
2052-05-31 06:00:00,CE,charging,3.87368421054,YZ,MW
2052-06-01 07:00:00,NR,charging,4.60000000001,YZ,MW
2052-06-02 08:00:00,SO,charging,3.63157894738,YZ,MW
2052-06-03 09:00:00,CE,charging,1.515789473686,YZ,MW
2052-06-04 10:00:00,NR,charging,1.800000000003,YZ,MW
2052-06-05 11:00:00,SO,charging,1.421052631582,YZ,MW
2052-06-06 12:00:00,CE,charging,5.38947368422,YZ,MW
2052-06-07 13:00:00,NR,charging,6.4000000000099995,YZ,MW
2052-06-08 14:00:00,SO,charging,5.05263157896,YZ,MW
2052-06-09 15:00:00,CE,charging,6.9052631579,YZ,MW
2052-06-10 16:00:00,NR,charging,8.20000000001,YZ,MW
2052-06-11 17:00:00,SO,charging,6.473684210529999,YZ,MW
2052-06-12 18:00:00,CE,charging,8.08421052633,YZ,MW
2052-06-13 19:00:00,NR,charging,9.600000000009999,YZ,MW
2052-06-14 20:00:00,SO,charging,7.57894736844,YZ,MW
2052-06-15 21:00:00,CE,charging,8.58947368423,YZ,MW
2052-06-16 22:00:00,NR,charging,10.20000000002,YZ,MW
2052-06-17 23:00:00,SO,charging,8.052631578969999,YZ,MW
2052-06-19 00:00:00,CE,charging,8.92631578949,YZ,MW
2052-06-20 01:00:00,NR,charging,10.60000000002,YZ,MW
2052-06-21 02:00:00,SO,charging,8.36842105265,YZ,MW
2052-06-22 03:00:00,CE,charging,11.28421052634,YZ,MW
2052-06-23 04:00:00,NR,charging,13.40000000003,YZ,MW
2052-06-24 05:00:00,SO,charging,10.578947368449999,YZ,MW
2052-06-25 06:00:00,CE,charging,13.13684210528,YZ,MW
2052-06-26 07:00:00,NR,charging,15.60000000002,YZ,MW
2052-06-27 08:00:00,SO,charging,12.31578947371,YZ,MW
2052-06-28 09:00:00,CE,charging,14.65263157896,YZ,MW
2052-06-29 10:00:00,NR,charging,17.40000000002,YZ,MW
2052-06-30 11:00:00,SO,charging,13.73684210528,YZ,MW
2052-07-01 12:00:00,CE,charging,14.8210526316,YZ,MW
2052-07-02 13:00:00,NR,charging,17.60000000003,YZ,MW
2052-07-03 14:00:00,SO,charging,13.894736842130001,YZ,MW
2052-07-04 15:00:00,CE,charging,14.484210526330001,YZ,MW
2052-07-05 16:00:00,NR,charging,17.200000000030002,YZ,MW
2052-07-06 17:00:00,SO,charging,13.57894736845,YZ,MW
2052-07-07 18:00:00,CE,charging,14.65263157896,YZ,MW
2052-07-08 19:00:00,NR,charging,17.40000000002,YZ,MW
2052-07-09 20:00:00,SO,charging,13.73684210528,YZ,MW
2052-07-10 21:00:00,CE,charging,14.65263157896,YZ,MW
2052-07-11 22:00:00,NR,charging,17.40000000002,YZ,MW
2052-07-12 23:00:00,SO,charging,13.73684210528,YZ,MW
2052-07-14 00:00:00,CE,charging,14.8210526316,YZ,MW
2052-07-15 01:00:00,NR,charging,17.60000000003,YZ,MW
2052-07-16 02:00:00,SO,charging,13.894736842130001,YZ,MW
2052-07-17 03:00:00,CE,charging,6.56842105265,YZ,MW
2052-07-18 04:00:00,NR,charging,7.80000000002,YZ,MW
2052-07-19 05:00:00,SO,charging,6.157894736859999,YZ,MW
2052-07-20 06:00:00,CE,charging,7.24210526316,YZ,MW
2052-07-21 07:00:00,NR,charging,8.600000000009999,YZ,MW
2052-07-22 08:00:00,SO,charging,6.78947368422,YZ,MW
2052-07-23 09:00:00,CE,charging,7.578947368440001,YZ,MW
2052-07-24 10:00:00,NR,charging,9.00000000002,YZ,MW
2052-07-25 11:00:00,SO,charging,7.10526315791,YZ,MW
2052-07-26 12:00:00,CE,charging,7.578947368440001,YZ,MW
2052-07-27 13:00:00,NR,charging,9.00000000002,YZ,MW
2052-07-28 14:00:00,SO,charging,7.10526315791,YZ,MW
2052-07-29 15:00:00,CE,charging,6.23157894737,YZ,MW
2052-07-30 16:00:00,NR,charging,7.4000000000099995,YZ,MW
2052-07-31 17:00:00,SO,charging,5.842105263160001,YZ,MW
2052-08-01 18:00:00,CE,charging,5.8947368421099995,YZ,MW
2052-08-02 19:00:00,NR,charging,7.00000000001,YZ,MW
2052-08-03 20:00:00,SO,charging,5.52631578948,YZ,MW
2052-08-04 21:00:00,CE,charging,5.72631578948,YZ,MW
2052-08-05 22:00:00,NR,charging,6.80000000001,YZ,MW
2052-08-06 23:00:00,SO,charging,5.3684210526400005,YZ,MW
2052-08-08 00:00:00,CE,charging,5.557894736850001,YZ,MW
2052-08-09 01:00:00,NR,charging,6.6000000000100005,YZ,MW
2052-08-10 02:00:00,SO,charging,5.2105263158,YZ,MW
2052-08-11 03:00:00,CE,charging,4.71578947369,YZ,MW
2052-08-12 04:00:00,NR,charging,5.6000000000100005,YZ,MW
2052-08-13 05:00:00,SO,charging,4.42105263159,YZ,MW
2052-08-14 06:00:00,CE,charging,3.53684210526,YZ,MW
2052-08-15 07:00:00,NR,charging,4.2,YZ,MW
2052-08-16 08:00:00,SO,charging,3.31578947369,YZ,MW
2052-08-17 09:00:00,CE,charging,3.03157894737,YZ,MW
2052-08-18 10:00:00,NR,charging,3.6000000000099996,YZ,MW
2052-08-19 11:00:00,SO,charging,2.842105263163,YZ,MW
2052-08-20 12:00:00,CE,charging,2.69473684211,YZ,MW
2052-08-21 13:00:00,NR,charging,3.2,YZ,MW
2052-08-22 14:00:00,SO,charging,2.5263157894779997,YZ,MW
2052-08-23 15:00:00,CE,charging,7.578947368440001,YZ,MW
2052-08-24 16:00:00,NR,charging,9.00000000002,YZ,MW
2052-08-25 17:00:00,SO,charging,7.10526315791,YZ,MW
2052-08-26 18:00:00,CE,charging,7.073684210540001,YZ,MW
2052-08-27 19:00:00,NR,charging,8.40000000001,YZ,MW
2052-08-28 20:00:00,SO,charging,6.63157894738,YZ,MW
2052-08-29 21:00:00,CE,charging,10.610526315800001,YZ,MW
2052-08-30 22:00:00,NR,charging,12.60000000001,YZ,MW
2052-08-31 23:00:00,SO,charging,9.94736842107,YZ,MW
2052-09-02 00:00:00,CE,charging,11.62105263159,YZ,MW
2052-09-03 01:00:00,NR,charging,13.800000000019999,YZ,MW
2052-09-04 02:00:00,SO,charging,10.89473684212,YZ,MW
2052-09-05 03:00:00,CE,charging,12.80000000002,YZ,MW
2052-09-06 04:00:00,NR,charging,15.20000000002,YZ,MW
2052-09-07 05:00:00,SO,charging,12.00000000002,YZ,MW
2052-09-08 06:00:00,CE,charging,13.30526315792,YZ,MW
2052-09-09 07:00:00,NR,charging,15.80000000003,YZ,MW
2052-09-10 08:00:00,SO,charging,12.47368421055,YZ,MW
2052-09-11 09:00:00,CE,charging,13.30526315792,YZ,MW
2052-09-12 10:00:00,NR,charging,15.80000000003,YZ,MW
2052-09-13 11:00:00,SO,charging,12.47368421055,YZ,MW
2052-09-14 12:00:00,CE,charging,14.315789473699999,YZ,MW
2052-09-15 13:00:00,NR,charging,17.000000000020002,YZ,MW
2052-09-16 14:00:00,SO,charging,13.421052631599999,YZ,MW
2052-09-17 15:00:00,CE,charging,14.8210526316,YZ,MW
2052-09-18 16:00:00,NR,charging,17.60000000003,YZ,MW
2052-09-19 17:00:00,SO,charging,13.894736842130001,YZ,MW
2052-09-20 18:00:00,CE,charging,14.315789473699999,YZ,MW
2052-09-21 19:00:00,NR,charging,17.000000000020002,YZ,MW
2052-09-22 20:00:00,SO,charging,13.421052631599999,YZ,MW
2052-09-23 21:00:00,CE,charging,11.957894736850001,YZ,MW
2052-09-24 22:00:00,NR,charging,14.200000000020001,YZ,MW
2052-09-25 23:00:00,SO,charging,11.21052631581,YZ,MW
2052-09-27 00:00:00,CE,charging,9.43157894738,YZ,MW
2052-09-28 01:00:00,NR,charging,11.200000000020001,YZ,MW
2052-09-29 02:00:00,SO,charging,8.842105263170001,YZ,MW
2052-09-30 03:00:00,CE,charging,8.58947368423,YZ,MW
2052-10-01 04:00:00,NR,charging,10.20000000002,YZ,MW
2052-10-02 05:00:00,SO,charging,8.052631578969999,YZ,MW
2052-10-03 06:00:00,CE,charging,10.77894736844,YZ,MW
2052-10-04 07:00:00,NR,charging,12.800000000019999,YZ,MW
2052-10-05 08:00:00,SO,charging,10.105263157909999,YZ,MW
2052-10-06 09:00:00,CE,charging,11.957894736850001,YZ,MW
2052-10-07 10:00:00,NR,charging,14.200000000020001,YZ,MW
2052-10-08 11:00:00,SO,charging,11.21052631581,YZ,MW
2052-10-09 12:00:00,CE,charging,6.73684210527,YZ,MW
2052-10-10 13:00:00,NR,charging,8.000000000010001,YZ,MW
2052-10-11 14:00:00,SO,charging,6.3157894737,YZ,MW
2052-10-12 15:00:00,CE,charging,7.578947368440001,YZ,MW
2052-10-13 16:00:00,NR,charging,9.00000000002,YZ,MW
2052-10-14 17:00:00,SO,charging,7.10526315791,YZ,MW
2052-10-15 18:00:00,CE,charging,7.073684210540001,YZ,MW
2052-10-16 19:00:00,NR,charging,8.40000000001,YZ,MW
2052-10-17 20:00:00,SO,charging,6.63157894738,YZ,MW
2052-10-18 21:00:00,CE,charging,6.06315789474,YZ,MW
2052-10-19 22:00:00,NR,charging,7.20000000001,YZ,MW
2052-10-20 23:00:00,SO,charging,5.68421052633,YZ,MW
2052-10-22 00:00:00,CE,charging,2.189473684218,YZ,MW
2052-10-23 01:00:00,NR,charging,2.60000000001,YZ,MW
2052-10-24 02:00:00,SO,charging,2.052631578956,YZ,MW
2052-10-25 03:00:00,CE,charging,4.8842105263199995,YZ,MW
2052-10-26 04:00:00,NR,charging,5.8,YZ,MW
2052-10-27 05:00:00,SO,charging,4.57894736842,YZ,MW
2052-10-28 06:00:00,CE,charging,3.53684210526,YZ,MW
2052-10-29 07:00:00,NR,charging,4.2,YZ,MW
2052-10-30 08:00:00,SO,charging,3.31578947369,YZ,MW
2052-10-31 09:00:00,CE,charging,4.21052631579,YZ,MW
2052-11-01 10:00:00,NR,charging,5.0,YZ,MW
2052-11-02 11:00:00,SO,charging,3.9473684210499997,YZ,MW
2052-11-03 12:00:00,CE,charging,5.557894736850001,YZ,MW
2052-11-04 13:00:00,NR,charging,6.6000000000100005,YZ,MW
2052-11-05 14:00:00,SO,charging,5.2105263158,YZ,MW
2052-11-06 15:00:00,CE,charging,6.9052631579,YZ,MW
2052-11-07 16:00:00,NR,charging,8.20000000001,YZ,MW
2052-11-08 17:00:00,SO,charging,6.473684210529999,YZ,MW
2052-11-09 18:00:00,CE,charging,7.747368421059999,YZ,MW
2052-11-10 19:00:00,NR,charging,9.20000000001,YZ,MW
2052-11-11 20:00:00,SO,charging,7.26315789475,YZ,MW
2052-11-12 21:00:00,CE,charging,8.25263157895,YZ,MW
2052-11-13 22:00:00,NR,charging,9.800000000010002,YZ,MW
2052-11-14 23:00:00,SO,charging,7.73684210527,YZ,MW
2052-11-16 00:00:00,CE,charging,10.44210526317,YZ,MW
2052-11-17 01:00:00,NR,charging,12.40000000002,YZ,MW
2052-11-18 02:00:00,SO,charging,9.78947368423,YZ,MW
2052-11-19 03:00:00,CE,charging,12.63157894738,YZ,MW
2052-11-20 04:00:00,NR,charging,15.00000000002,YZ,MW
2052-11-21 05:00:00,SO,charging,11.842105263170001,YZ,MW
2052-11-22 06:00:00,CE,charging,13.97894736843,YZ,MW
2052-11-23 07:00:00,NR,charging,16.600000000019996,YZ,MW
2052-11-24 08:00:00,SO,charging,13.105263157909999,YZ,MW
2052-11-25 09:00:00,CE,charging,14.315789473699999,YZ,MW
2052-11-26 10:00:00,NR,charging,17.000000000020002,YZ,MW
2052-11-27 11:00:00,SO,charging,13.421052631599999,YZ,MW
2052-11-28 12:00:00,CE,charging,14.484210526330001,YZ,MW
2052-11-29 13:00:00,NR,charging,17.200000000030002,YZ,MW
2052-11-30 14:00:00,SO,charging,13.57894736845,YZ,MW
2052-12-01 15:00:00,CE,charging,14.315789473699999,YZ,MW
2052-12-02 16:00:00,NR,charging,17.000000000020002,YZ,MW
2052-12-03 17:00:00,SO,charging,13.421052631599999,YZ,MW
2052-12-04 18:00:00,CE,charging,13.13684210528,YZ,MW
2052-12-05 19:00:00,NR,charging,15.60000000002,YZ,MW
2052-12-06 20:00:00,SO,charging,12.31578947371,YZ,MW
2052-12-07 21:00:00,CE,charging,14.65263157896,YZ,MW
2052-12-08 22:00:00,NR,charging,17.40000000002,YZ,MW
2052-12-09 23:00:00,SO,charging,13.73684210528,YZ,MW
2052-12-11 00:00:00,CE,charging,14.8210526316,YZ,MW
2052-12-12 01:00:00,NR,charging,17.60000000003,YZ,MW
2052-12-13 02:00:00,SO,charging,13.894736842130001,YZ,MW
2052-12-14 03:00:00,CE,charging,14.98947368424,YZ,MW
2052-12-15 04:00:00,NR,charging,17.80000000003,YZ,MW
2052-12-16 05:00:00,SO,charging,14.052631578980002,YZ,MW
2052-12-17 06:00:00,CE,charging,12.80000000002,YZ,MW
2052-12-18 07:00:00,NR,charging,15.20000000002,YZ,MW
2052-12-19 08:00:00,SO,charging,12.00000000002,YZ,MW
2052-12-20 09:00:00,CE,charging,8.58947368423,YZ,MW
2052-12-21 10:00:00,NR,charging,10.20000000002,YZ,MW
2052-12-22 11:00:00,SO,charging,8.052631578969999,YZ,MW
2052-12-23 12:00:00,CE,charging,7.24210526316,YZ,MW
2052-12-24 13:00:00,NR,charging,8.600000000009999,YZ,MW
2052-12-25 14:00:00,SO,charging,6.78947368422,YZ,MW
2052-12-26 15:00:00,CE,charging,5.22105263158,YZ,MW
2052-12-27 16:00:00,NR,charging,6.199999999999999,YZ,MW
2052-12-28 17:00:00,SO,charging,4.8947368421099995,YZ,MW
2052-12-29 18:00:00,CE,charging,6.40000000001,YZ,MW
2052-12-30 19:00:00,NR,charging,7.60000000001,YZ,MW
2052-12-31 20:00:00,SO,charging,6.00000000001,YZ,MW
2053-01-01 21:00:00,CE,charging,9.43157894738,YZ,MW
2053-01-02 22:00:00,NR,charging,11.200000000020001,YZ,MW
2053-01-03 23:00:00,SO,charging,8.842105263170001,YZ,MW
2050-01-01 00:00:00,CE,load,2089.7000000000003,YZ,MW
2050-01-02 01:00:00,NR,load,1009.22,YZ,MW
2050-01-03 02:00:00,SO,load,558.1,YZ,MW
2050-01-04 03:00:00,CE,load,2189.6400000000003,YZ,MW
2050-01-05 04:00:00,NR,load,1062.42,YZ,MW
2050-01-06 05:00:00,SO,load,621.1800000000001,YZ,MW
2050-01-07 06:00:00,CE,load,2357.96,YZ,MW
2050-01-08 07:00:00,NR,load,1152.02,YZ,MW
2050-01-09 08:00:00,SO,load,727.42,YZ,MW
2050-01-10 09:00:00,CE,load,2400.04,YZ,MW
2050-01-11 10:00:00,NR,load,1174.42,YZ,MW
2050-01-12 11:00:00,SO,load,753.98,YZ,MW
2050-01-13 12:00:00,CE,load,2442.12,YZ,MW
2050-01-14 13:00:00,NR,load,1196.82,YZ,MW
2050-01-15 14:00:00,SO,load,780.54,YZ,MW
2050-01-16 15:00:00,CE,load,2321.1400000000003,YZ,MW
2050-01-17 16:00:00,NR,load,1132.42,YZ,MW
2050-01-18 17:00:00,SO,load,704.1800000000001,YZ,MW
2050-01-19 18:00:00,CE,load,2142.3,YZ,MW
2050-01-20 19:00:00,NR,load,1037.22,YZ,MW
2050-01-21 20:00:00,SO,load,591.3,YZ,MW
2050-01-22 21:00:00,CE,load,2815.58,YZ,MW
2050-01-23 22:00:00,NR,load,1395.6200000000001,YZ,MW
2050-01-24 23:00:00,SO,load,1016.26,YZ,MW
2050-01-26 00:00:00,CE,load,2936.56,YZ,MW
2050-01-27 01:00:00,NR,load,1460.02,YZ,MW
2050-01-28 02:00:00,SO,load,1092.62,YZ,MW
2050-01-29 03:00:00,CE,load,2936.56,YZ,MW
2050-01-30 04:00:00,NR,load,1460.02,YZ,MW
2050-01-31 05:00:00,SO,load,1092.62,YZ,MW
2050-02-01 06:00:00,CE,load,2926.04,YZ,MW
2050-02-02 07:00:00,NR,load,1454.42,YZ,MW
2050-02-03 08:00:00,SO,load,1085.98,YZ,MW
2050-02-04 09:00:00,CE,load,2883.96,YZ,MW
2050-02-05 10:00:00,NR,load,1432.02,YZ,MW
2050-02-06 11:00:00,SO,load,1059.42,YZ,MW
2050-02-07 12:00:00,CE,load,2510.5,YZ,MW
2050-02-08 13:00:00,NR,load,1233.22,YZ,MW
2050-02-09 14:00:00,SO,load,823.7,YZ,MW
2050-02-10 15:00:00,CE,load,2321.1400000000003,YZ,MW
2050-02-11 16:00:00,NR,load,1132.42,YZ,MW
2050-02-12 17:00:00,SO,load,704.1800000000001,YZ,MW
2050-02-13 18:00:00,CE,load,2957.6000000000004,YZ,MW
2050-02-14 19:00:00,NR,load,1471.22,YZ,MW
2050-02-15 20:00:00,SO,load,1105.9,YZ,MW
2050-02-16 21:00:00,CE,load,3062.8,YZ,MW
2050-02-17 22:00:00,NR,load,1527.22,YZ,MW
2050-02-18 23:00:00,SO,load,1172.3000000000002,YZ,MW
2050-02-20 00:00:00,CE,load,3078.58,YZ,MW
2050-02-21 01:00:00,NR,load,1535.62,YZ,MW
2050-02-22 02:00:00,SO,load,1182.26,YZ,MW
2050-02-23 03:00:00,CE,load,2978.6400000000003,YZ,MW
2050-02-24 04:00:00,NR,load,1482.42,YZ,MW
2050-02-25 05:00:00,SO,load,1119.1799999999998,YZ,MW
2050-02-26 06:00:00,CE,load,2831.36,YZ,MW
2050-02-27 07:00:00,NR,load,1404.02,YZ,MW
2050-02-28 08:00:00,SO,load,1026.22,YZ,MW
2050-03-01 09:00:00,CE,load,2363.2200000000003,YZ,MW
2050-03-02 10:00:00,NR,load,1154.8200000000002,YZ,MW
2050-03-03 11:00:00,SO,load,730.74,YZ,MW
2050-03-04 12:00:00,CE,load,2247.5,YZ,MW
2050-03-05 13:00:00,NR,load,1093.22,YZ,MW
2050-03-06 14:00:00,SO,load,657.7,YZ,MW
2050-03-07 15:00:00,CE,load,2631.48,YZ,MW
2050-03-08 16:00:00,NR,load,1297.62,YZ,MW
2050-03-09 17:00:00,SO,load,900.06,YZ,MW
2050-03-10 18:00:00,CE,load,2652.52,YZ,MW
2050-03-11 19:00:00,NR,load,1308.8200000000002,YZ,MW
2050-03-12 20:00:00,SO,load,913.3399999999999,YZ,MW
2050-03-13 21:00:00,CE,load,2599.92,YZ,MW
2050-03-14 22:00:00,NR,load,1280.8200000000002,YZ,MW
2050-03-15 23:00:00,SO,load,880.14,YZ,MW
2050-03-17 00:00:00,CE,load,2557.84,YZ,MW
2050-03-18 01:00:00,NR,load,1258.42,YZ,MW
2050-03-19 02:00:00,SO,load,853.5799999999999,YZ,MW
2050-03-20 03:00:00,CE,load,2436.86,YZ,MW
2050-03-21 04:00:00,NR,load,1194.02,YZ,MW
2050-03-22 05:00:00,SO,load,777.22,YZ,MW
2050-03-23 06:00:00,CE,load,2163.34,YZ,MW
2050-03-24 07:00:00,NR,load,1048.42,YZ,MW
2050-03-25 08:00:00,SO,load,604.58,YZ,MW
2050-03-26 09:00:00,CE,load,2357.96,YZ,MW
2050-03-27 10:00:00,NR,load,1152.02,YZ,MW
2050-03-28 11:00:00,SO,load,727.42,YZ,MW
2050-03-29 12:00:00,CE,load,2557.84,YZ,MW
2050-03-30 13:00:00,NR,load,1258.42,YZ,MW
2050-03-31 14:00:00,SO,load,853.5799999999999,YZ,MW
2050-04-01 15:00:00,CE,load,2747.2,YZ,MW
2050-04-02 16:00:00,NR,load,1359.22,YZ,MW
2050-04-03 17:00:00,SO,load,973.0999999999999,YZ,MW
2050-04-04 18:00:00,CE,load,2941.82,YZ,MW
2050-04-05 19:00:00,NR,load,1462.82,YZ,MW
2050-04-06 20:00:00,SO,load,1095.94,YZ,MW
2050-04-07 21:00:00,CE,load,2905.0,YZ,MW
2050-04-08 22:00:00,NR,load,1443.22,YZ,MW
2050-04-09 23:00:00,SO,load,1072.7,YZ,MW
2050-04-11 00:00:00,CE,load,2468.42,YZ,MW
2050-04-12 01:00:00,NR,load,1210.82,YZ,MW
2050-04-13 02:00:00,SO,load,797.14,YZ,MW
2050-04-14 03:00:00,CE,load,2200.16,YZ,MW
2050-04-15 04:00:00,NR,load,1068.02,YZ,MW
2050-04-16 05:00:00,SO,load,627.8199999999999,YZ,MW
2050-04-17 06:00:00,CE,load,2862.92,YZ,MW
2050-04-18 07:00:00,NR,load,1420.8200000000002,YZ,MW
2050-04-19 08:00:00,SO,load,1046.14,YZ,MW
2050-04-20 09:00:00,CE,load,2957.6000000000004,YZ,MW
2050-04-21 10:00:00,NR,load,1471.22,YZ,MW
2050-04-22 11:00:00,SO,load,1105.9,YZ,MW
2050-04-23 12:00:00,CE,load,2989.16,YZ,MW
2050-04-24 13:00:00,NR,load,1488.02,YZ,MW
2050-04-25 14:00:00,SO,load,1125.82,YZ,MW
2050-04-26 15:00:00,CE,load,2999.6800000000003,YZ,MW
2050-04-27 16:00:00,NR,load,1493.62,YZ,MW
2050-04-28 17:00:00,SO,load,1132.46,YZ,MW
2050-04-29 18:00:00,CE,load,2989.16,YZ,MW
2050-04-30 19:00:00,NR,load,1488.02,YZ,MW
2050-05-01 20:00:00,SO,load,1125.82,YZ,MW
2050-05-02 21:00:00,CE,load,2484.2000000000003,YZ,MW
2050-05-03 22:00:00,NR,load,1219.22,YZ,MW
2050-05-04 23:00:00,SO,load,807.1,YZ,MW
2050-05-06 00:00:00,CE,load,2305.36,YZ,MW
2050-05-07 01:00:00,NR,load,1124.02,YZ,MW
2050-05-08 02:00:00,SO,load,694.22,YZ,MW
2050-05-09 03:00:00,CE,load,2857.6600000000003,YZ,MW
2050-05-10 04:00:00,NR,load,1418.02,YZ,MW
2050-05-11 05:00:00,SO,load,1042.8200000000002,YZ,MW
2050-05-12 06:00:00,CE,load,2899.74,YZ,MW
2050-05-13 07:00:00,NR,load,1440.42,YZ,MW
2050-05-14 08:00:00,SO,load,1069.38,YZ,MW
2050-05-15 09:00:00,CE,load,2836.62,YZ,MW
2050-05-16 10:00:00,NR,load,1406.82,YZ,MW
2050-05-17 11:00:00,SO,load,1029.54,YZ,MW
2050-05-18 12:00:00,CE,load,2720.9,YZ,MW
2050-05-19 13:00:00,NR,load,1345.22,YZ,MW
2050-05-20 14:00:00,SO,load,956.5,YZ,MW
2050-05-21 15:00:00,CE,load,2626.2200000000003,YZ,MW
2050-05-22 16:00:00,NR,load,1294.8200000000002,YZ,MW
2050-05-23 17:00:00,SO,load,896.74,YZ,MW
2050-05-24 18:00:00,CE,load,2273.8,YZ,MW
2050-05-25 19:00:00,NR,load,1107.22,YZ,MW
2050-05-26 20:00:00,SO,load,674.3,YZ,MW
2050-05-27 21:00:00,CE,load,2242.2400000000002,YZ,MW
2050-05-28 22:00:00,NR,load,1090.42,YZ,MW
2050-05-29 23:00:00,SO,load,654.38,YZ,MW
2050-05-31 00:00:00,CE,load,2536.8,YZ,MW
2050-06-01 01:00:00,NR,load,1247.22,YZ,MW
2050-06-02 02:00:00,SO,load,840.3,YZ,MW
2050-06-03 03:00:00,CE,load,2547.32,YZ,MW
2050-06-04 04:00:00,NR,load,1252.8200000000002,YZ,MW
2050-06-05 05:00:00,SO,load,846.94,YZ,MW
2050-06-06 06:00:00,CE,load,2515.76,YZ,MW
2050-06-07 07:00:00,NR,load,1236.02,YZ,MW
2050-06-08 08:00:00,SO,load,827.02,YZ,MW
2050-06-09 09:00:00,CE,load,2478.94,YZ,MW
2050-06-10 10:00:00,NR,load,1216.42,YZ,MW
2050-06-11 11:00:00,SO,load,803.78,YZ,MW
2050-06-12 12:00:00,CE,load,2363.2200000000003,YZ,MW
2050-06-13 13:00:00,NR,load,1154.8200000000002,YZ,MW
2050-06-14 14:00:00,SO,load,730.74,YZ,MW
2050-06-15 15:00:00,CE,load,2142.3,YZ,MW
2050-06-16 16:00:00,NR,load,1037.22,YZ,MW
2050-06-17 17:00:00,SO,load,591.3,YZ,MW
2050-06-18 18:00:00,CE,load,2810.32,YZ,MW
2050-06-19 19:00:00,NR,load,1392.8200000000002,YZ,MW
2050-06-20 20:00:00,SO,load,1012.94,YZ,MW
2050-06-21 21:00:00,CE,load,2994.42,YZ,MW
2050-06-22 22:00:00,NR,load,1490.82,YZ,MW
2050-06-23 23:00:00,SO,load,1129.1399999999999,YZ,MW
2050-06-25 00:00:00,CE,load,2983.9,YZ,MW
2050-06-26 01:00:00,NR,load,1485.22,YZ,MW
2050-06-27 02:00:00,SO,load,1122.5,YZ,MW
2050-06-28 03:00:00,CE,load,2952.34,YZ,MW
2050-06-29 04:00:00,NR,load,1468.42,YZ,MW
2050-06-30 05:00:00,SO,load,1102.58,YZ,MW
2050-07-01 06:00:00,CE,load,2873.44,YZ,MW
2050-07-02 07:00:00,NR,load,1426.42,YZ,MW
2050-07-03 08:00:00,SO,load,1052.78,YZ,MW
2050-07-04 09:00:00,CE,load,2547.32,YZ,MW
2050-07-05 10:00:00,NR,load,1252.8200000000002,YZ,MW
2050-07-06 11:00:00,SO,load,846.94,YZ,MW
2050-07-07 12:00:00,CE,load,2326.4,YZ,MW
2050-07-08 13:00:00,NR,load,1135.22,YZ,MW
2050-07-09 14:00:00,SO,load,707.5,YZ,MW
2050-07-10 15:00:00,CE,load,2910.26,YZ,MW
2050-07-11 16:00:00,NR,load,1446.02,YZ,MW
2050-07-12 17:00:00,SO,load,1076.02,YZ,MW
2050-07-13 18:00:00,CE,load,3041.76,YZ,MW
2050-07-14 19:00:00,NR,load,1516.02,YZ,MW
2050-07-15 20:00:00,SO,load,1159.02,YZ,MW
2050-07-16 21:00:00,CE,load,3099.62,YZ,MW
2050-07-17 22:00:00,NR,load,1546.8200000000002,YZ,MW
2050-07-18 23:00:00,SO,load,1195.54,YZ,MW
2050-07-20 00:00:00,CE,load,3094.36,YZ,MW
2050-07-21 01:00:00,NR,load,1544.02,YZ,MW
2050-07-22 02:00:00,SO,load,1192.22,YZ,MW
2050-07-23 03:00:00,CE,load,2920.78,YZ,MW
2050-07-24 04:00:00,NR,load,1451.6200000000001,YZ,MW
2050-07-25 05:00:00,SO,load,1082.6599999999999,YZ,MW
2050-07-26 06:00:00,CE,load,2452.64,YZ,MW
2050-07-27 07:00:00,NR,load,1202.42,YZ,MW
2050-07-28 08:00:00,SO,load,787.18,YZ,MW
2050-07-29 09:00:00,CE,load,2305.36,YZ,MW
2050-07-30 10:00:00,NR,load,1124.02,YZ,MW
2050-07-31 11:00:00,SO,load,694.22,YZ,MW
2050-08-01 12:00:00,CE,load,2699.86,YZ,MW
2050-08-02 13:00:00,NR,load,1334.02,YZ,MW
2050-08-03 14:00:00,SO,load,943.22,YZ,MW
2050-08-04 15:00:00,CE,load,2699.86,YZ,MW
2050-08-05 16:00:00,NR,load,1334.02,YZ,MW
2050-08-06 17:00:00,SO,load,943.22,YZ,MW
2050-08-07 18:00:00,CE,load,2678.82,YZ,MW
2050-08-08 19:00:00,NR,load,1322.82,YZ,MW
2050-08-09 20:00:00,SO,load,929.94,YZ,MW
2050-08-10 21:00:00,CE,load,2620.96,YZ,MW
2050-08-11 22:00:00,NR,load,1292.02,YZ,MW
2050-08-12 23:00:00,SO,load,893.4200000000001,YZ,MW
2050-08-14 00:00:00,CE,load,2478.94,YZ,MW
2050-08-15 01:00:00,NR,load,1216.42,YZ,MW
2050-08-16 02:00:00,SO,load,803.78,YZ,MW
2050-08-17 03:00:00,CE,load,2194.9,YZ,MW
2050-08-18 04:00:00,NR,load,1065.22,YZ,MW
2050-08-19 05:00:00,SO,load,624.5,YZ,MW
2050-08-20 06:00:00,CE,load,2294.84,YZ,MW
2050-08-21 07:00:00,NR,load,1118.42,YZ,MW
2050-08-22 08:00:00,SO,load,687.5799999999999,YZ,MW
2050-08-23 09:00:00,CE,load,2505.2400000000002,YZ,MW
2050-08-24 10:00:00,NR,load,1230.42,YZ,MW
2050-08-25 11:00:00,SO,load,820.38,YZ,MW
2050-08-26 12:00:00,CE,load,2589.4,YZ,MW
2050-08-27 13:00:00,NR,load,1275.22,YZ,MW
2050-08-28 14:00:00,SO,load,873.5,YZ,MW
2050-08-29 15:00:00,CE,load,2794.54,YZ,MW
2050-08-30 16:00:00,NR,load,1384.42,YZ,MW
2050-08-31 17:00:00,SO,load,1002.98,YZ,MW
2050-09-01 18:00:00,CE,load,2947.08,YZ,MW
2050-09-02 19:00:00,NR,load,1465.62,YZ,MW
2050-09-03 20:00:00,SO,load,1099.26,YZ,MW
2050-09-04 21:00:00,CE,load,2536.8,YZ,MW
2050-09-05 22:00:00,NR,load,1247.22,YZ,MW
2050-09-06 23:00:00,SO,load,840.3,YZ,MW
2050-09-08 00:00:00,CE,load,2210.6800000000003,YZ,MW
2050-09-09 01:00:00,NR,load,1073.6200000000001,YZ,MW
2050-09-10 02:00:00,SO,load,634.46,YZ,MW
2050-09-11 03:00:00,CE,load,2920.78,YZ,MW
2050-09-12 04:00:00,NR,load,1451.6200000000001,YZ,MW
2050-09-13 05:00:00,SO,load,1082.6599999999999,YZ,MW
2050-09-14 06:00:00,CE,load,3010.2000000000003,YZ,MW
2050-09-15 07:00:00,NR,load,1499.22,YZ,MW
2050-09-16 08:00:00,SO,load,1139.1,YZ,MW
2050-09-17 09:00:00,CE,load,3036.5,YZ,MW
2050-09-18 10:00:00,NR,load,1513.22,YZ,MW
2050-09-19 11:00:00,SO,load,1155.7,YZ,MW
2050-09-20 12:00:00,CE,load,3015.46,YZ,MW
2050-09-21 13:00:00,NR,load,1502.02,YZ,MW
2050-09-22 14:00:00,SO,load,1142.42,YZ,MW
2050-09-23 15:00:00,CE,load,2415.82,YZ,MW
2050-09-24 16:00:00,NR,load,1182.82,YZ,MW
2050-09-25 17:00:00,SO,load,763.94,YZ,MW
2050-09-26 18:00:00,CE,load,2484.2000000000003,YZ,MW
2050-09-27 19:00:00,NR,load,1219.22,YZ,MW
2050-09-28 20:00:00,SO,load,807.1,YZ,MW
2050-09-29 21:00:00,CE,load,2310.62,YZ,MW
2050-09-30 22:00:00,NR,load,1126.82,YZ,MW
2050-10-01 23:00:00,SO,load,697.54,YZ,MW
2050-10-03 00:00:00,CE,load,2421.08,YZ,MW
2050-10-04 01:00:00,NR,load,1185.6200000000001,YZ,MW
2050-10-05 02:00:00,SO,load,767.26,YZ,MW
2050-10-06 03:00:00,CE,load,2962.86,YZ,MW
2050-10-07 04:00:00,NR,load,1474.02,YZ,MW
2050-10-08 05:00:00,SO,load,1109.22,YZ,MW
2050-10-09 06:00:00,CE,load,2978.6400000000003,YZ,MW
2050-10-10 07:00:00,NR,load,1482.42,YZ,MW
2050-10-11 08:00:00,SO,load,1119.1799999999998,YZ,MW
2050-10-12 09:00:00,CE,load,2878.7,YZ,MW
2050-10-13 10:00:00,NR,load,1429.22,YZ,MW
2050-10-14 11:00:00,SO,load,1056.1,YZ,MW
2050-10-15 12:00:00,CE,load,2736.6800000000003,YZ,MW
2050-10-16 13:00:00,NR,load,1353.62,YZ,MW
2050-10-17 14:00:00,SO,load,966.46,YZ,MW
2050-10-18 15:00:00,CE,load,2357.96,YZ,MW
2050-10-19 16:00:00,NR,load,1152.02,YZ,MW
2050-10-20 17:00:00,SO,load,727.42,YZ,MW
2050-10-21 18:00:00,CE,load,2273.8,YZ,MW
2050-10-22 19:00:00,NR,load,1107.22,YZ,MW
2050-10-23 20:00:00,SO,load,674.3,YZ,MW
2050-10-24 21:00:00,CE,load,2589.4,YZ,MW
2050-10-25 22:00:00,NR,load,1275.22,YZ,MW
2050-10-26 23:00:00,SO,load,873.5,YZ,MW
2050-10-28 00:00:00,CE,load,2589.4,YZ,MW
2050-10-29 01:00:00,NR,load,1275.22,YZ,MW
2050-10-30 02:00:00,SO,load,873.5,YZ,MW
2050-10-31 03:00:00,CE,load,2568.36,YZ,MW
2050-11-01 04:00:00,NR,load,1264.02,YZ,MW
2050-11-02 05:00:00,SO,load,860.22,YZ,MW
2050-11-03 06:00:00,CE,load,2521.02,YZ,MW
2050-11-04 07:00:00,NR,load,1238.82,YZ,MW
2050-11-05 08:00:00,SO,load,830.3399999999999,YZ,MW
2050-11-06 09:00:00,CE,load,2379.0,YZ,MW
2050-11-07 10:00:00,NR,load,1163.22,YZ,MW
2050-11-08 11:00:00,SO,load,740.7,YZ,MW
2050-11-09 12:00:00,CE,load,2152.82,YZ,MW
2050-11-10 13:00:00,NR,load,1042.82,YZ,MW
2050-11-11 14:00:00,SO,load,597.94,YZ,MW
2050-11-12 15:00:00,CE,load,2705.12,YZ,MW
2050-11-13 16:00:00,NR,load,1336.82,YZ,MW
2050-11-14 17:00:00,SO,load,946.54,YZ,MW
2050-11-15 18:00:00,CE,load,3047.02,YZ,MW
2050-11-16 19:00:00,NR,load,1518.8200000000002,YZ,MW
2050-11-17 20:00:00,SO,load,1162.34,YZ,MW
2050-11-18 21:00:00,CE,load,3094.36,YZ,MW
2050-11-19 22:00:00,NR,load,1544.02,YZ,MW
2050-11-20 23:00:00,SO,load,1192.22,YZ,MW
2050-11-22 00:00:00,CE,load,3057.54,YZ,MW
2050-11-23 01:00:00,NR,load,1524.42,YZ,MW
2050-11-24 02:00:00,SO,load,1168.98,YZ,MW
2050-11-25 03:00:00,CE,load,2962.86,YZ,MW
2050-11-26 04:00:00,NR,load,1474.02,YZ,MW
2050-11-27 05:00:00,SO,load,1109.22,YZ,MW
2050-11-28 06:00:00,CE,load,2594.66,YZ,MW
2050-11-29 07:00:00,NR,load,1278.02,YZ,MW
2050-11-30 08:00:00,SO,load,876.8199999999999,YZ,MW
2050-12-01 09:00:00,CE,load,2347.44,YZ,MW
2050-12-02 10:00:00,NR,load,1146.42,YZ,MW
2050-12-03 11:00:00,SO,load,720.78,YZ,MW
2050-12-04 12:00:00,CE,load,2962.86,YZ,MW
2050-12-05 13:00:00,NR,load,1474.02,YZ,MW
2050-12-06 14:00:00,SO,load,1109.22,YZ,MW
2050-12-07 15:00:00,CE,load,3068.0600000000004,YZ,MW
2050-12-08 16:00:00,NR,load,1530.02,YZ,MW
2050-12-09 17:00:00,SO,load,1175.62,YZ,MW
2050-12-10 18:00:00,CE,load,3131.1800000000003,YZ,MW
2050-12-11 19:00:00,NR,load,1563.62,YZ,MW
2050-12-12 20:00:00,SO,load,1215.46,YZ,MW
2050-12-13 21:00:00,CE,load,3131.1800000000003,YZ,MW
2050-12-14 22:00:00,NR,load,1563.62,YZ,MW
2050-12-15 23:00:00,SO,load,1215.46,YZ,MW
2050-12-17 00:00:00,CE,load,3015.46,YZ,MW
2050-12-18 01:00:00,NR,load,1502.02,YZ,MW
2050-12-19 02:00:00,SO,load,1142.42,YZ,MW
2050-12-20 03:00:00,CE,load,2515.76,YZ,MW
2050-12-21 04:00:00,NR,load,1236.02,YZ,MW
2050-12-22 05:00:00,SO,load,827.02,YZ,MW
2050-12-23 06:00:00,CE,load,2363.2200000000003,YZ,MW
2050-12-24 07:00:00,NR,load,1154.8200000000002,YZ,MW
2050-12-25 08:00:00,SO,load,730.74,YZ,MW
2050-12-26 09:00:00,CE,load,2694.6000000000004,YZ,MW
2050-12-27 10:00:00,NR,load,1331.22,YZ,MW
2050-12-28 11:00:00,SO,load,939.9000000000001,YZ,MW
2050-12-29 12:00:00,CE,load,2294.84,YZ,MW
2050-12-30 13:00:00,NR,load,1118.42,YZ,MW
2050-12-31 14:00:00,SO,load,687.5799999999999,YZ,MW
2051-01-01 15:00:00,CE,load,2684.08,YZ,MW
2051-01-02 16:00:00,NR,load,1325.62,YZ,MW
2051-01-03 17:00:00,SO,load,933.26,YZ,MW
2051-01-04 18:00:00,CE,load,2673.56,YZ,MW
2051-01-05 19:00:00,NR,load,1320.02,YZ,MW
2051-01-06 20:00:00,SO,load,926.62,YZ,MW
2051-01-07 21:00:00,CE,load,2557.84,YZ,MW
2051-01-08 22:00:00,NR,load,1258.42,YZ,MW
2051-01-09 23:00:00,SO,load,853.5799999999999,YZ,MW
2051-01-11 00:00:00,CE,load,2242.2400000000002,YZ,MW
2051-01-12 01:00:00,NR,load,1090.42,YZ,MW
2051-01-13 02:00:00,SO,load,654.38,YZ,MW
2051-01-14 03:00:00,CE,load,2294.84,YZ,MW
2051-01-15 04:00:00,NR,load,1118.42,YZ,MW
2051-01-16 05:00:00,SO,load,687.5799999999999,YZ,MW
2051-01-17 06:00:00,CE,load,2526.28,YZ,MW
2051-01-18 07:00:00,NR,load,1241.6200000000001,YZ,MW
2051-01-19 08:00:00,SO,load,833.66,YZ,MW
2051-01-20 09:00:00,CE,load,2547.32,YZ,MW
2051-01-21 10:00:00,NR,load,1252.8200000000002,YZ,MW
2051-01-22 11:00:00,SO,load,846.94,YZ,MW
2051-01-23 12:00:00,CE,load,2352.7000000000003,YZ,MW
2051-01-24 13:00:00,NR,load,1149.22,YZ,MW
2051-01-25 14:00:00,SO,load,724.1,YZ,MW
2051-01-26 15:00:00,CE,load,2689.34,YZ,MW
2051-01-27 16:00:00,NR,load,1328.42,YZ,MW
2051-01-28 17:00:00,SO,load,936.58,YZ,MW
2051-01-29 18:00:00,CE,load,2452.64,YZ,MW
2051-01-30 19:00:00,NR,load,1202.42,YZ,MW
2051-01-31 20:00:00,SO,load,787.18,YZ,MW
2051-02-01 21:00:00,CE,load,2179.12,YZ,MW
2051-02-02 22:00:00,NR,load,1056.82,YZ,MW
2051-02-03 23:00:00,SO,load,614.54,YZ,MW
2051-02-05 00:00:00,CE,load,2931.3,YZ,MW
2051-02-06 01:00:00,NR,load,1457.22,YZ,MW
2051-02-07 02:00:00,SO,load,1089.3,YZ,MW
2051-02-08 03:00:00,CE,load,3057.54,YZ,MW
2051-02-09 04:00:00,NR,load,1524.42,YZ,MW
2051-02-10 05:00:00,SO,load,1168.98,YZ,MW
2051-02-11 06:00:00,CE,load,3041.76,YZ,MW
2051-02-12 07:00:00,NR,load,1516.02,YZ,MW
2051-02-13 08:00:00,SO,load,1159.02,YZ,MW
2051-02-14 09:00:00,CE,load,3031.2400000000002,YZ,MW
2051-02-15 10:00:00,NR,load,1510.42,YZ,MW
2051-02-16 11:00:00,SO,load,1152.38,YZ,MW
2051-02-17 12:00:00,CE,load,3041.76,YZ,MW
2051-02-18 13:00:00,NR,load,1516.02,YZ,MW
2051-02-19 14:00:00,SO,load,1159.02,YZ,MW
2051-02-20 15:00:00,CE,load,2605.1800000000003,YZ,MW
2051-02-21 16:00:00,NR,load,1283.62,YZ,MW
2051-02-22 17:00:00,SO,load,883.46,YZ,MW
2051-02-23 18:00:00,CE,load,2336.92,YZ,MW
2051-02-24 19:00:00,NR,load,1140.82,YZ,MW
2051-02-25 20:00:00,SO,load,714.14,YZ,MW
2051-02-26 21:00:00,CE,load,2400.04,YZ,MW
2051-02-27 22:00:00,NR,load,1174.42,YZ,MW
2051-02-28 23:00:00,SO,load,753.98,YZ,MW
2051-03-02 00:00:00,CE,load,3052.28,YZ,MW
2051-03-03 01:00:00,NR,load,1521.62,YZ,MW
2051-03-04 02:00:00,SO,load,1165.6599999999999,YZ,MW
2051-03-05 03:00:00,CE,load,3089.1000000000004,YZ,MW
2051-03-06 04:00:00,NR,load,1541.22,YZ,MW
2051-03-07 05:00:00,SO,load,1188.9,YZ,MW
2051-03-08 06:00:00,CE,load,3004.94,YZ,MW
2051-03-09 07:00:00,NR,load,1496.42,YZ,MW
2051-03-10 08:00:00,SO,load,1135.78,YZ,MW
2051-03-11 09:00:00,CE,load,2805.0600000000004,YZ,MW
2051-03-12 10:00:00,NR,load,1390.02,YZ,MW
2051-03-13 11:00:00,SO,load,1009.6200000000001,YZ,MW
2051-03-14 12:00:00,CE,load,2389.52,YZ,MW
2051-03-15 13:00:00,NR,load,1168.82,YZ,MW
2051-03-16 14:00:00,SO,load,747.34,YZ,MW
2051-03-17 15:00:00,CE,load,2258.02,YZ,MW
2051-03-18 16:00:00,NR,load,1098.82,YZ,MW
2051-03-19 17:00:00,SO,load,664.34,YZ,MW
2051-03-20 18:00:00,CE,load,2647.26,YZ,MW
2051-03-21 19:00:00,NR,load,1306.02,YZ,MW
2051-03-22 20:00:00,SO,load,910.02,YZ,MW
2051-03-23 21:00:00,CE,load,2647.26,YZ,MW
2051-03-24 22:00:00,NR,load,1306.02,YZ,MW
2051-03-25 23:00:00,SO,load,910.02,YZ,MW
2051-03-27 00:00:00,CE,load,2552.58,YZ,MW
2051-03-28 01:00:00,NR,load,1255.62,YZ,MW
2051-03-29 02:00:00,SO,load,850.26,YZ,MW
2051-03-30 03:00:00,CE,load,2389.52,YZ,MW
2051-03-31 04:00:00,NR,load,1168.82,YZ,MW
2051-04-01 05:00:00,SO,load,747.34,YZ,MW
2051-04-02 06:00:00,CE,load,2405.3,YZ,MW
2051-04-03 07:00:00,NR,load,1177.22,YZ,MW
2051-04-04 08:00:00,SO,load,757.3,YZ,MW
2051-04-05 09:00:00,CE,load,2168.6,YZ,MW
2051-04-06 10:00:00,NR,load,1051.22,YZ,MW
2051-04-07 11:00:00,SO,load,607.9,YZ,MW
2051-04-08 12:00:00,CE,load,2505.2400000000002,YZ,MW
2051-04-09 13:00:00,NR,load,1230.42,YZ,MW
2051-04-10 14:00:00,SO,load,820.38,YZ,MW
2051-04-11 15:00:00,CE,load,2836.62,YZ,MW
2051-04-12 16:00:00,NR,load,1406.82,YZ,MW
2051-04-13 17:00:00,SO,load,1029.54,YZ,MW
2051-04-14 18:00:00,CE,load,3057.54,YZ,MW
2051-04-15 19:00:00,NR,load,1524.42,YZ,MW
2051-04-16 20:00:00,SO,load,1168.98,YZ,MW
2051-04-17 21:00:00,CE,load,3036.5,YZ,MW
2051-04-18 22:00:00,NR,load,1513.22,YZ,MW
2051-04-19 23:00:00,SO,load,1155.7,YZ,MW
2051-04-21 00:00:00,CE,load,3073.32,YZ,MW
2051-04-22 01:00:00,NR,load,1532.8200000000002,YZ,MW
2051-04-23 02:00:00,SO,load,1178.94,YZ,MW
2051-04-24 03:00:00,CE,load,2978.6400000000003,YZ,MW
2051-04-25 04:00:00,NR,load,1482.42,YZ,MW
2051-04-26 05:00:00,SO,load,1119.1799999999998,YZ,MW
2051-04-27 06:00:00,CE,load,2599.92,YZ,MW
2051-04-28 07:00:00,NR,load,1280.8200000000002,YZ,MW
2051-04-29 08:00:00,SO,load,880.14,YZ,MW
2051-04-30 09:00:00,CE,load,2331.66,YZ,MW
2051-05-01 10:00:00,NR,load,1138.02,YZ,MW
2051-05-02 11:00:00,SO,load,710.8199999999999,YZ,MW
2051-05-03 12:00:00,CE,load,2936.56,YZ,MW
2051-05-04 13:00:00,NR,load,1460.02,YZ,MW
2051-05-05 14:00:00,SO,load,1092.62,YZ,MW
2051-05-06 15:00:00,CE,load,3020.7200000000003,YZ,MW
2051-05-07 16:00:00,NR,load,1504.8200000000002,YZ,MW
2051-05-08 17:00:00,SO,load,1145.74,YZ,MW
2051-05-09 18:00:00,CE,load,3062.8,YZ,MW
2051-05-10 19:00:00,NR,load,1527.22,YZ,MW
2051-05-11 20:00:00,SO,load,1172.3000000000002,YZ,MW
2051-05-12 21:00:00,CE,load,3094.36,YZ,MW
2051-05-13 22:00:00,NR,load,1544.02,YZ,MW
2051-05-14 23:00:00,SO,load,1192.22,YZ,MW
2051-05-16 00:00:00,CE,load,3015.46,YZ,MW
2051-05-17 01:00:00,NR,load,1502.02,YZ,MW
2051-05-18 02:00:00,SO,load,1142.42,YZ,MW
2051-05-19 03:00:00,CE,load,2510.5,YZ,MW
2051-05-20 04:00:00,NR,load,1233.22,YZ,MW
2051-05-21 05:00:00,SO,load,823.7,YZ,MW
2051-05-22 06:00:00,CE,load,2357.96,YZ,MW
2051-05-23 07:00:00,NR,load,1152.02,YZ,MW
2051-05-24 08:00:00,SO,load,727.42,YZ,MW
2051-05-25 09:00:00,CE,load,2889.2200000000003,YZ,MW
2051-05-26 10:00:00,NR,load,1434.82,YZ,MW
2051-05-27 11:00:00,SO,load,1062.74,YZ,MW
2051-05-28 12:00:00,CE,load,2847.14,YZ,MW
2051-05-29 13:00:00,NR,load,1412.42,YZ,MW
2051-05-30 14:00:00,SO,load,1036.1799999999998,YZ,MW
2051-05-31 15:00:00,CE,load,2773.5,YZ,MW
2051-06-01 16:00:00,NR,load,1373.22,YZ,MW
2051-06-02 17:00:00,SO,load,989.7,YZ,MW
2051-06-03 18:00:00,CE,load,2715.6400000000003,YZ,MW
2051-06-04 19:00:00,NR,load,1342.42,YZ,MW
2051-06-05 20:00:00,SO,load,953.1800000000001,YZ,MW
2051-06-06 21:00:00,CE,load,2620.96,YZ,MW
2051-06-07 22:00:00,NR,load,1292.02,YZ,MW
2051-06-08 23:00:00,SO,load,893.4200000000001,YZ,MW
2051-06-10 00:00:00,CE,load,2279.06,YZ,MW
2051-06-11 01:00:00,NR,load,1110.02,YZ,MW
2051-06-12 02:00:00,SO,load,677.62,YZ,MW
2051-06-13 03:00:00,CE,load,2284.32,YZ,MW
2051-06-14 04:00:00,NR,load,1112.82,YZ,MW
2051-06-15 05:00:00,SO,load,680.94,YZ,MW
2051-06-16 06:00:00,CE,load,2531.54,YZ,MW
2051-06-17 07:00:00,NR,load,1244.42,YZ,MW
2051-06-18 08:00:00,SO,load,836.98,YZ,MW
2051-06-19 09:00:00,CE,load,2531.54,YZ,MW
2051-06-20 10:00:00,NR,load,1244.42,YZ,MW
2051-06-21 11:00:00,SO,load,836.98,YZ,MW
2051-06-22 12:00:00,CE,load,2536.8,YZ,MW
2051-06-23 13:00:00,NR,load,1247.22,YZ,MW
2051-06-24 14:00:00,SO,load,840.3,YZ,MW
2051-06-25 15:00:00,CE,load,2589.4,YZ,MW
2051-06-26 16:00:00,NR,load,1275.22,YZ,MW
2051-06-27 17:00:00,SO,load,873.5,YZ,MW
2051-06-28 18:00:00,CE,load,2426.34,YZ,MW
2051-06-29 19:00:00,NR,load,1188.42,YZ,MW
2051-06-30 20:00:00,SO,load,770.5799999999999,YZ,MW
2051-07-01 21:00:00,CE,load,2179.12,YZ,MW
2051-07-02 22:00:00,NR,load,1056.82,YZ,MW
2051-07-03 23:00:00,SO,load,614.54,YZ,MW
2051-07-05 00:00:00,CE,load,2926.04,YZ,MW
2051-07-06 01:00:00,NR,load,1454.42,YZ,MW
2051-07-07 02:00:00,SO,load,1085.98,YZ,MW
2051-07-08 03:00:00,CE,load,2999.6800000000003,YZ,MW
2051-07-09 04:00:00,NR,load,1493.62,YZ,MW
2051-07-10 05:00:00,SO,load,1132.46,YZ,MW
2051-07-11 06:00:00,CE,load,3010.2000000000003,YZ,MW
2051-07-12 07:00:00,NR,load,1499.22,YZ,MW
2051-07-13 08:00:00,SO,load,1139.1,YZ,MW
2051-07-14 09:00:00,CE,load,2994.42,YZ,MW
2051-07-15 10:00:00,NR,load,1490.82,YZ,MW
2051-07-16 11:00:00,SO,load,1129.1399999999999,YZ,MW
2051-07-17 12:00:00,CE,load,2968.12,YZ,MW
2051-07-18 13:00:00,NR,load,1476.8200000000002,YZ,MW
2051-07-19 14:00:00,SO,load,1112.54,YZ,MW
2051-07-20 15:00:00,CE,load,2510.5,YZ,MW
2051-07-21 16:00:00,NR,load,1233.22,YZ,MW
2051-07-22 17:00:00,SO,load,823.7,YZ,MW
2051-07-23 18:00:00,CE,load,2400.04,YZ,MW
2051-07-24 19:00:00,NR,load,1174.42,YZ,MW
2051-07-25 20:00:00,SO,load,753.98,YZ,MW
2051-07-26 21:00:00,CE,load,2968.12,YZ,MW
2051-07-27 22:00:00,NR,load,1476.8200000000002,YZ,MW
2051-07-28 23:00:00,SO,load,1112.54,YZ,MW
2051-07-30 00:00:00,CE,load,3073.32,YZ,MW
2051-07-31 01:00:00,NR,load,1532.8200000000002,YZ,MW
2051-08-01 02:00:00,SO,load,1178.94,YZ,MW
2051-08-02 03:00:00,CE,load,3089.1000000000004,YZ,MW
2051-08-03 04:00:00,NR,load,1541.22,YZ,MW
2051-08-04 05:00:00,SO,load,1188.9,YZ,MW
2051-08-05 06:00:00,CE,load,3015.46,YZ,MW
2051-08-06 07:00:00,NR,load,1502.02,YZ,MW
2051-08-07 08:00:00,SO,load,1142.42,YZ,MW
2051-08-08 09:00:00,CE,load,2847.14,YZ,MW
2051-08-09 10:00:00,NR,load,1412.42,YZ,MW
2051-08-10 11:00:00,SO,load,1036.1799999999998,YZ,MW
2051-08-11 12:00:00,CE,load,2357.96,YZ,MW
2051-08-12 13:00:00,NR,load,1152.02,YZ,MW
2051-08-13 14:00:00,SO,load,727.42,YZ,MW
2051-08-14 15:00:00,CE,load,2326.4,YZ,MW
2051-08-15 16:00:00,NR,load,1135.22,YZ,MW
2051-08-16 17:00:00,SO,load,707.5,YZ,MW
2051-08-17 18:00:00,CE,load,2642.0,YZ,MW
2051-08-18 19:00:00,NR,load,1303.22,YZ,MW
2051-08-19 20:00:00,SO,load,906.7,YZ,MW
2051-08-20 21:00:00,CE,load,2657.78,YZ,MW
2051-08-21 22:00:00,NR,load,1311.62,YZ,MW
2051-08-22 23:00:00,SO,load,916.66,YZ,MW
2051-08-24 00:00:00,CE,load,2615.7000000000003,YZ,MW
2051-08-25 01:00:00,NR,load,1289.22,YZ,MW
2051-08-26 02:00:00,SO,load,890.1,YZ,MW
2051-08-27 03:00:00,CE,load,2568.36,YZ,MW
2051-08-28 04:00:00,NR,load,1264.02,YZ,MW
2051-08-29 05:00:00,SO,load,860.22,YZ,MW
2051-08-30 06:00:00,CE,load,2452.64,YZ,MW
2051-08-31 07:00:00,NR,load,1202.42,YZ,MW
2051-09-01 08:00:00,SO,load,787.18,YZ,MW
2051-09-02 09:00:00,CE,load,2189.6400000000003,YZ,MW
2051-09-03 10:00:00,NR,load,1062.42,YZ,MW
2051-09-04 11:00:00,SO,load,621.1800000000001,YZ,MW
2051-09-05 12:00:00,CE,load,2373.7400000000002,YZ,MW
2051-09-06 13:00:00,NR,load,1160.42,YZ,MW
2051-09-07 14:00:00,SO,load,737.38,YZ,MW
2051-09-08 15:00:00,CE,load,2573.62,YZ,MW
2051-09-09 16:00:00,NR,load,1266.8200000000002,YZ,MW
2051-09-10 17:00:00,SO,load,863.54,YZ,MW
2051-09-11 18:00:00,CE,load,2773.5,YZ,MW
2051-09-12 19:00:00,NR,load,1373.22,YZ,MW
2051-09-13 20:00:00,SO,load,989.7,YZ,MW
2051-09-14 21:00:00,CE,load,2962.86,YZ,MW
2051-09-15 22:00:00,NR,load,1474.02,YZ,MW
2051-09-16 23:00:00,SO,load,1109.22,YZ,MW
2051-09-18 00:00:00,CE,load,2915.52,YZ,MW
2051-09-19 01:00:00,NR,load,1448.8200000000002,YZ,MW
2051-09-20 02:00:00,SO,load,1079.3400000000001,YZ,MW
2051-09-21 03:00:00,CE,load,2442.12,YZ,MW
2051-09-22 04:00:00,NR,load,1196.82,YZ,MW
2051-09-23 05:00:00,SO,load,780.54,YZ,MW
2051-09-24 06:00:00,CE,load,2300.1,YZ,MW
2051-09-25 07:00:00,NR,load,1121.22,YZ,MW
2051-09-26 08:00:00,SO,load,690.9,YZ,MW
2051-09-27 09:00:00,CE,load,2878.7,YZ,MW
2051-09-28 10:00:00,NR,load,1429.22,YZ,MW
2051-09-29 11:00:00,SO,load,1056.1,YZ,MW
2051-09-30 12:00:00,CE,load,2941.82,YZ,MW
2051-10-01 13:00:00,NR,load,1462.82,YZ,MW
2051-10-02 14:00:00,SO,load,1095.94,YZ,MW
2051-10-03 15:00:00,CE,load,2957.6000000000004,YZ,MW
2051-10-04 16:00:00,NR,load,1471.22,YZ,MW
2051-10-05 17:00:00,SO,load,1105.9,YZ,MW
2051-10-06 18:00:00,CE,load,2962.86,YZ,MW
2051-10-07 19:00:00,NR,load,1474.02,YZ,MW
2051-10-08 20:00:00,SO,load,1109.22,YZ,MW
2051-10-09 21:00:00,CE,load,2947.08,YZ,MW
2051-10-10 22:00:00,NR,load,1465.62,YZ,MW
2051-10-11 23:00:00,SO,load,1099.26,YZ,MW
2051-10-13 00:00:00,CE,load,2457.9,YZ,MW
2051-10-14 01:00:00,NR,load,1205.22,YZ,MW
2051-10-15 02:00:00,SO,load,790.5,YZ,MW
2051-10-16 03:00:00,CE,load,2400.04,YZ,MW
2051-10-17 04:00:00,NR,load,1174.42,YZ,MW
2051-10-18 05:00:00,SO,load,753.98,YZ,MW
2051-10-19 06:00:00,CE,load,2910.26,YZ,MW
2051-10-20 07:00:00,NR,load,1446.02,YZ,MW
2051-10-21 08:00:00,SO,load,1076.02,YZ,MW
2051-10-22 09:00:00,CE,load,2894.48,YZ,MW
2051-10-23 10:00:00,NR,load,1437.62,YZ,MW
2051-10-24 11:00:00,SO,load,1066.06,YZ,MW
2051-10-25 12:00:00,CE,load,2805.0600000000004,YZ,MW
2051-10-26 13:00:00,NR,load,1390.02,YZ,MW
2051-10-27 14:00:00,SO,load,1009.6200000000001,YZ,MW
2051-10-28 15:00:00,CE,load,2720.9,YZ,MW
2051-10-29 16:00:00,NR,load,1345.22,YZ,MW
2051-10-30 17:00:00,SO,load,956.5,YZ,MW
2051-10-31 18:00:00,CE,load,2631.48,YZ,MW
2051-11-01 19:00:00,NR,load,1297.62,YZ,MW
2051-11-02 20:00:00,SO,load,900.06,YZ,MW
2051-11-03 21:00:00,CE,load,2305.36,YZ,MW
2051-11-04 22:00:00,NR,load,1124.02,YZ,MW
2051-11-05 23:00:00,SO,load,694.22,YZ,MW
2051-11-07 00:00:00,CE,load,2279.06,YZ,MW
2051-11-08 01:00:00,NR,load,1110.02,YZ,MW
2051-11-09 02:00:00,SO,load,677.62,YZ,MW
2051-11-10 03:00:00,CE,load,2510.5,YZ,MW
2051-11-11 04:00:00,NR,load,1233.22,YZ,MW
2051-11-12 05:00:00,SO,load,823.7,YZ,MW
2051-11-13 06:00:00,CE,load,2494.7200000000003,YZ,MW
2051-11-14 07:00:00,NR,load,1224.82,YZ,MW
2051-11-15 08:00:00,SO,load,813.74,YZ,MW
2051-11-16 09:00:00,CE,load,2431.6,YZ,MW
2051-11-17 10:00:00,NR,load,1191.22,YZ,MW
2051-11-18 11:00:00,SO,load,773.9,YZ,MW
2051-11-19 12:00:00,CE,load,2457.9,YZ,MW
2051-11-20 13:00:00,NR,load,1205.22,YZ,MW
2051-11-21 14:00:00,SO,load,790.5,YZ,MW
2051-11-22 15:00:00,CE,load,2368.48,YZ,MW
2051-11-23 16:00:00,NR,load,1157.6200000000001,YZ,MW
2051-11-24 17:00:00,SO,load,734.06,YZ,MW
2051-11-25 18:00:00,CE,load,2173.86,YZ,MW
2051-11-26 19:00:00,NR,load,1054.02,YZ,MW
2051-11-27 20:00:00,SO,load,611.22,YZ,MW
2051-11-28 21:00:00,CE,load,2857.6600000000003,YZ,MW
2051-11-29 22:00:00,NR,load,1418.02,YZ,MW
2051-11-30 23:00:00,SO,load,1042.8200000000002,YZ,MW
2051-12-02 00:00:00,CE,load,2999.6800000000003,YZ,MW
2051-12-03 01:00:00,NR,load,1493.62,YZ,MW
2051-12-04 02:00:00,SO,load,1132.46,YZ,MW
2051-12-05 03:00:00,CE,load,2973.38,YZ,MW
2051-12-06 04:00:00,NR,load,1479.6200000000001,YZ,MW
2051-12-07 05:00:00,SO,load,1115.8600000000001,YZ,MW
2051-12-08 06:00:00,CE,load,2983.9,YZ,MW
2051-12-09 07:00:00,NR,load,1485.22,YZ,MW
2051-12-10 08:00:00,SO,load,1122.5,YZ,MW
2051-12-11 09:00:00,CE,load,2920.78,YZ,MW
2051-12-12 10:00:00,NR,load,1451.6200000000001,YZ,MW
2051-12-13 11:00:00,SO,load,1082.6599999999999,YZ,MW
2051-12-14 12:00:00,CE,load,2521.02,YZ,MW
2051-12-15 13:00:00,NR,load,1238.82,YZ,MW
2051-12-16 14:00:00,SO,load,830.3399999999999,YZ,MW
2051-12-17 15:00:00,CE,load,2410.56,YZ,MW
2051-12-18 16:00:00,NR,load,1180.02,YZ,MW
2051-12-19 17:00:00,SO,load,760.62,YZ,MW
2051-12-20 18:00:00,CE,load,2931.3,YZ,MW
2051-12-21 19:00:00,NR,load,1457.22,YZ,MW
2051-12-22 20:00:00,SO,load,1089.3,YZ,MW
2051-12-23 21:00:00,CE,load,3025.98,YZ,MW
2051-12-24 22:00:00,NR,load,1507.62,YZ,MW
2051-12-25 23:00:00,SO,load,1149.06,YZ,MW
2051-12-27 00:00:00,CE,load,3062.8,YZ,MW
2051-12-28 01:00:00,NR,load,1527.22,YZ,MW
2051-12-29 02:00:00,SO,load,1172.3000000000002,YZ,MW
2051-12-30 03:00:00,CE,load,3052.28,YZ,MW
2051-12-31 04:00:00,NR,load,1521.62,YZ,MW
2052-01-01 05:00:00,SO,load,1165.6599999999999,YZ,MW
2052-01-02 06:00:00,CE,load,2905.0,YZ,MW
2052-01-03 07:00:00,NR,load,1443.22,YZ,MW
2052-01-04 08:00:00,SO,load,1072.7,YZ,MW
2052-01-05 09:00:00,CE,load,2473.6800000000003,YZ,MW
2052-01-06 10:00:00,NR,load,1213.6200000000001,YZ,MW
2052-01-07 11:00:00,SO,load,800.46,YZ,MW
2052-01-08 12:00:00,CE,load,2373.7400000000002,YZ,MW
2052-01-09 13:00:00,NR,load,1160.42,YZ,MW
2052-01-10 14:00:00,SO,load,737.38,YZ,MW
2052-01-11 15:00:00,CE,load,2684.08,YZ,MW
2052-01-12 16:00:00,NR,load,1325.62,YZ,MW
2052-01-13 17:00:00,SO,load,933.26,YZ,MW
2052-01-14 18:00:00,CE,load,2689.34,YZ,MW
2052-01-15 19:00:00,NR,load,1328.42,YZ,MW
2052-01-16 20:00:00,SO,load,936.58,YZ,MW
2052-01-17 21:00:00,CE,load,2668.3,YZ,MW
2052-01-18 22:00:00,NR,load,1317.22,YZ,MW
2052-01-19 23:00:00,SO,load,923.3,YZ,MW
2052-01-21 00:00:00,CE,load,2610.44,YZ,MW
2052-01-22 01:00:00,NR,load,1286.42,YZ,MW
2052-01-23 02:00:00,SO,load,886.78,YZ,MW
2052-01-24 03:00:00,CE,load,2484.2000000000003,YZ,MW
2052-01-25 04:00:00,NR,load,1219.22,YZ,MW
2052-01-26 05:00:00,SO,load,807.1,YZ,MW
2052-01-27 06:00:00,CE,load,2210.6800000000003,YZ,MW
2052-01-28 07:00:00,NR,load,1073.6200000000001,YZ,MW
2052-01-29 08:00:00,SO,load,634.46,YZ,MW
2052-01-30 09:00:00,CE,load,2310.62,YZ,MW
2052-01-31 10:00:00,NR,load,1126.82,YZ,MW
2052-02-01 11:00:00,SO,load,697.54,YZ,MW
2052-02-02 12:00:00,CE,load,2515.76,YZ,MW
2052-02-03 13:00:00,NR,load,1236.02,YZ,MW
2052-02-04 14:00:00,SO,load,827.02,YZ,MW
2052-02-05 15:00:00,CE,load,2610.44,YZ,MW
2052-02-06 16:00:00,NR,load,1286.42,YZ,MW
2052-02-07 17:00:00,SO,load,886.78,YZ,MW
2052-02-08 18:00:00,CE,load,2799.8,YZ,MW
2052-02-09 19:00:00,NR,load,1387.22,YZ,MW
2052-02-10 20:00:00,SO,load,1006.3,YZ,MW
2052-02-11 21:00:00,CE,load,2915.52,YZ,MW
2052-02-12 22:00:00,NR,load,1448.8200000000002,YZ,MW
2052-02-13 23:00:00,SO,load,1079.3400000000001,YZ,MW
2052-02-15 00:00:00,CE,load,2499.98,YZ,MW
2052-02-16 01:00:00,NR,load,1227.6200000000001,YZ,MW
2052-02-17 02:00:00,SO,load,817.06,YZ,MW
2052-02-18 03:00:00,CE,load,2231.7200000000003,YZ,MW
2052-02-19 04:00:00,NR,load,1084.82,YZ,MW
2052-02-20 05:00:00,SO,load,647.74,YZ,MW
2052-02-21 06:00:00,CE,load,2915.52,YZ,MW
2052-02-22 07:00:00,NR,load,1448.8200000000002,YZ,MW
2052-02-23 08:00:00,SO,load,1079.3400000000001,YZ,MW
2052-02-24 09:00:00,CE,load,2994.42,YZ,MW
2052-02-25 10:00:00,NR,load,1490.82,YZ,MW
2052-02-26 11:00:00,SO,load,1129.1399999999999,YZ,MW
2052-02-27 12:00:00,CE,load,3010.2000000000003,YZ,MW
2052-02-28 13:00:00,NR,load,1499.22,YZ,MW
2052-02-29 14:00:00,SO,load,1139.1,YZ,MW
2052-03-01 15:00:00,CE,load,3010.2000000000003,YZ,MW
2052-03-02 16:00:00,NR,load,1499.22,YZ,MW
2052-03-03 17:00:00,SO,load,1139.1,YZ,MW
2052-03-04 18:00:00,CE,load,3020.7200000000003,YZ,MW
2052-03-05 19:00:00,NR,load,1504.8200000000002,YZ,MW
2052-03-06 20:00:00,SO,load,1145.74,YZ,MW
2052-03-07 21:00:00,CE,load,2573.62,YZ,MW
2052-03-08 22:00:00,NR,load,1266.8200000000002,YZ,MW
2052-03-09 23:00:00,SO,load,863.54,YZ,MW
2052-03-11 00:00:00,CE,load,2405.3,YZ,MW
2052-03-12 01:00:00,NR,load,1177.22,YZ,MW
2052-03-13 02:00:00,SO,load,757.3,YZ,MW
2052-03-14 03:00:00,CE,load,3025.98,YZ,MW
2052-03-15 04:00:00,NR,load,1507.62,YZ,MW
2052-03-16 05:00:00,SO,load,1149.06,YZ,MW
2052-03-17 06:00:00,CE,load,3062.8,YZ,MW
2052-03-18 07:00:00,NR,load,1527.22,YZ,MW
2052-03-19 08:00:00,SO,load,1172.3000000000002,YZ,MW
2052-03-20 09:00:00,CE,load,2973.38,YZ,MW
2052-03-21 10:00:00,NR,load,1479.6200000000001,YZ,MW
2052-03-22 11:00:00,SO,load,1115.8600000000001,YZ,MW
2052-03-23 12:00:00,CE,load,2910.26,YZ,MW
2052-03-24 13:00:00,NR,load,1446.02,YZ,MW
2052-03-25 14:00:00,SO,load,1076.02,YZ,MW
2052-03-26 15:00:00,CE,load,2741.94,YZ,MW
2052-03-27 16:00:00,NR,load,1356.42,YZ,MW
2052-03-28 17:00:00,SO,load,969.78,YZ,MW
2052-03-29 18:00:00,CE,load,2342.1800000000003,YZ,MW
2052-03-30 19:00:00,NR,load,1143.6200000000001,YZ,MW
2052-03-31 20:00:00,SO,load,717.46,YZ,MW
2052-04-01 21:00:00,CE,load,2273.8,YZ,MW
2052-04-02 22:00:00,NR,load,1107.22,YZ,MW
2052-04-03 23:00:00,SO,load,674.3,YZ,MW
2052-04-05 00:00:00,CE,load,2584.1400000000003,YZ,MW
2052-04-06 01:00:00,NR,load,1272.42,YZ,MW
2052-04-07 02:00:00,SO,load,870.1800000000001,YZ,MW
2052-04-08 03:00:00,CE,load,2536.8,YZ,MW
2052-04-09 04:00:00,NR,load,1247.22,YZ,MW
2052-04-10 05:00:00,SO,load,840.3,YZ,MW
2052-04-11 06:00:00,CE,load,2421.08,YZ,MW
2052-04-12 07:00:00,NR,load,1185.6200000000001,YZ,MW
2052-04-13 08:00:00,SO,load,767.26,YZ,MW
2052-04-14 09:00:00,CE,load,2542.06,YZ,MW
2052-04-15 10:00:00,NR,load,1250.02,YZ,MW
2052-04-16 11:00:00,SO,load,843.62,YZ,MW
2052-04-17 12:00:00,CE,load,2394.78,YZ,MW
2052-04-18 13:00:00,NR,load,1171.6200000000001,YZ,MW
2052-04-19 14:00:00,SO,load,750.66,YZ,MW
2052-04-20 15:00:00,CE,load,2158.08,YZ,MW
2052-04-21 16:00:00,NR,load,1045.6200000000001,YZ,MW
2052-04-22 17:00:00,SO,load,601.26,YZ,MW
2052-04-23 18:00:00,CE,load,2710.38,YZ,MW
2052-04-24 19:00:00,NR,load,1339.6200000000001,YZ,MW
2052-04-25 20:00:00,SO,load,949.86,YZ,MW
2052-04-26 21:00:00,CE,load,3010.2000000000003,YZ,MW
2052-04-27 22:00:00,NR,load,1499.22,YZ,MW
2052-04-28 23:00:00,SO,load,1139.1,YZ,MW
2052-04-30 00:00:00,CE,load,3057.54,YZ,MW
2052-05-01 01:00:00,NR,load,1524.42,YZ,MW
2052-05-02 02:00:00,SO,load,1168.98,YZ,MW
2052-05-03 03:00:00,CE,load,3031.2400000000002,YZ,MW
2052-05-04 04:00:00,NR,load,1510.42,YZ,MW
2052-05-05 05:00:00,SO,load,1152.38,YZ,MW
2052-05-06 06:00:00,CE,load,2957.6000000000004,YZ,MW
2052-05-07 07:00:00,NR,load,1471.22,YZ,MW
2052-05-08 08:00:00,SO,load,1105.9,YZ,MW
2052-05-09 09:00:00,CE,load,2620.96,YZ,MW
2052-05-10 10:00:00,NR,load,1292.02,YZ,MW
2052-05-11 11:00:00,SO,load,893.4200000000001,YZ,MW
2052-05-12 12:00:00,CE,load,2389.52,YZ,MW
2052-05-13 13:00:00,NR,load,1168.82,YZ,MW
2052-05-14 14:00:00,SO,load,747.34,YZ,MW
2052-05-15 15:00:00,CE,load,2952.34,YZ,MW
2052-05-16 16:00:00,NR,load,1468.42,YZ,MW
2052-05-17 17:00:00,SO,load,1102.58,YZ,MW
2052-05-18 18:00:00,CE,load,3052.28,YZ,MW
2052-05-19 19:00:00,NR,load,1521.62,YZ,MW
2052-05-20 20:00:00,SO,load,1165.6599999999999,YZ,MW
2052-05-21 21:00:00,CE,load,3099.62,YZ,MW
2052-05-22 22:00:00,NR,load,1546.8200000000002,YZ,MW
2052-05-23 23:00:00,SO,load,1195.54,YZ,MW
2052-05-25 00:00:00,CE,load,3125.92,YZ,MW
2052-05-26 01:00:00,NR,load,1560.8200000000002,YZ,MW
2052-05-27 02:00:00,SO,load,1212.1399999999999,YZ,MW
2052-05-28 03:00:00,CE,load,2989.16,YZ,MW
2052-05-29 04:00:00,NR,load,1488.02,YZ,MW
2052-05-30 05:00:00,SO,load,1125.82,YZ,MW
2052-05-31 06:00:00,CE,load,2510.5,YZ,MW
2052-06-01 07:00:00,NR,load,1233.22,YZ,MW
2052-06-02 08:00:00,SO,load,823.7,YZ,MW
2052-06-03 09:00:00,CE,load,2400.04,YZ,MW
2052-06-04 10:00:00,NR,load,1174.42,YZ,MW
2052-06-05 11:00:00,SO,load,753.98,YZ,MW
2052-06-06 12:00:00,CE,load,2784.02,YZ,MW
2052-06-07 13:00:00,NR,load,1378.82,YZ,MW
2052-06-08 14:00:00,SO,load,996.3399999999999,YZ,MW
2052-06-09 15:00:00,CE,load,2768.2400000000002,YZ,MW
2052-06-10 16:00:00,NR,load,1370.42,YZ,MW
2052-06-11 17:00:00,SO,load,986.38,YZ,MW
2052-06-12 18:00:00,CE,load,2720.9,YZ,MW
2052-06-13 19:00:00,NR,load,1345.22,YZ,MW
2052-06-14 20:00:00,SO,load,956.5,YZ,MW
2052-06-15 21:00:00,CE,load,2684.08,YZ,MW
2052-06-16 22:00:00,NR,load,1325.62,YZ,MW
2052-06-17 23:00:00,SO,load,933.26,YZ,MW
2052-06-19 00:00:00,CE,load,2552.58,YZ,MW
2052-06-20 01:00:00,NR,load,1255.62,YZ,MW
2052-06-21 02:00:00,SO,load,850.26,YZ,MW
2052-06-22 03:00:00,CE,load,2231.7200000000003,YZ,MW
2052-06-23 04:00:00,NR,load,1084.82,YZ,MW
2052-06-24 05:00:00,SO,load,647.74,YZ,MW
2052-06-25 06:00:00,CE,load,2289.58,YZ,MW
2052-06-26 07:00:00,NR,load,1115.6200000000001,YZ,MW
2052-06-27 08:00:00,SO,load,684.26,YZ,MW
2052-06-28 09:00:00,CE,load,2515.76,YZ,MW
2052-06-29 10:00:00,NR,load,1236.02,YZ,MW
2052-06-30 11:00:00,SO,load,827.02,YZ,MW
2052-07-01 12:00:00,CE,load,2484.2000000000003,YZ,MW
2052-07-02 13:00:00,NR,load,1219.22,YZ,MW
2052-07-03 14:00:00,SO,load,807.1,YZ,MW
2052-07-04 15:00:00,CE,load,2352.7000000000003,YZ,MW
2052-07-05 16:00:00,NR,load,1149.22,YZ,MW
2052-07-06 17:00:00,SO,load,724.1,YZ,MW
2052-07-07 18:00:00,CE,load,2673.56,YZ,MW
2052-07-08 19:00:00,NR,load,1320.02,YZ,MW
2052-07-09 20:00:00,SO,load,926.62,YZ,MW
2052-07-10 21:00:00,CE,load,2410.56,YZ,MW
2052-07-11 22:00:00,NR,load,1180.02,YZ,MW
2052-07-12 23:00:00,SO,load,760.62,YZ,MW
2052-07-14 00:00:00,CE,load,2152.82,YZ,MW
2052-07-15 01:00:00,NR,load,1042.82,YZ,MW
2052-07-16 02:00:00,SO,load,597.94,YZ,MW
2052-07-17 03:00:00,CE,load,2920.78,YZ,MW
2052-07-18 04:00:00,NR,load,1451.6200000000001,YZ,MW
2052-07-19 05:00:00,SO,load,1082.6599999999999,YZ,MW
2052-07-20 06:00:00,CE,load,3031.2400000000002,YZ,MW
2052-07-21 07:00:00,NR,load,1510.42,YZ,MW
2052-07-22 08:00:00,SO,load,1152.38,YZ,MW
2052-07-23 09:00:00,CE,load,3036.5,YZ,MW
2052-07-24 10:00:00,NR,load,1513.22,YZ,MW
2052-07-25 11:00:00,SO,load,1155.7,YZ,MW
2052-07-26 12:00:00,CE,load,3031.2400000000002,YZ,MW
2052-07-27 13:00:00,NR,load,1510.42,YZ,MW
2052-07-28 14:00:00,SO,load,1152.38,YZ,MW
2052-07-29 15:00:00,CE,load,3010.2000000000003,YZ,MW
2052-07-30 16:00:00,NR,load,1499.22,YZ,MW
2052-07-31 17:00:00,SO,load,1139.1,YZ,MW
2052-08-01 18:00:00,CE,load,2552.58,YZ,MW
2052-08-02 19:00:00,NR,load,1255.62,YZ,MW
2052-08-03 20:00:00,SO,load,850.26,YZ,MW
2052-08-04 21:00:00,CE,load,2363.2200000000003,YZ,MW
2052-08-05 22:00:00,NR,load,1154.8200000000002,YZ,MW
2052-08-06 23:00:00,SO,load,730.74,YZ,MW
2052-08-08 00:00:00,CE,load,3062.8,YZ,MW
2052-08-09 01:00:00,NR,load,1527.22,YZ,MW
2052-08-10 02:00:00,SO,load,1172.3000000000002,YZ,MW
2052-08-11 03:00:00,CE,load,3131.1800000000003,YZ,MW
2052-08-12 04:00:00,NR,load,1563.62,YZ,MW
2052-08-13 05:00:00,SO,load,1215.46,YZ,MW
2052-08-14 06:00:00,CE,load,3068.0600000000004,YZ,MW
2052-08-15 07:00:00,NR,load,1530.02,YZ,MW
2052-08-16 08:00:00,SO,load,1175.62,YZ,MW
2052-08-17 09:00:00,CE,load,2962.86,YZ,MW
2052-08-18 10:00:00,NR,load,1474.02,YZ,MW
2052-08-19 11:00:00,SO,load,1109.22,YZ,MW
2052-08-20 12:00:00,CE,load,2778.76,YZ,MW
2052-08-21 13:00:00,NR,load,1376.02,YZ,MW
2052-08-22 14:00:00,SO,load,993.02,YZ,MW
2052-08-23 15:00:00,CE,load,2336.92,YZ,MW
2052-08-24 16:00:00,NR,load,1140.82,YZ,MW
2052-08-25 17:00:00,SO,load,714.14,YZ,MW
2052-08-26 18:00:00,CE,load,2231.7200000000003,YZ,MW
2052-08-27 19:00:00,NR,load,1084.82,YZ,MW
2052-08-28 20:00:00,SO,load,647.74,YZ,MW
2052-08-29 21:00:00,CE,load,2642.0,YZ,MW
2052-08-30 22:00:00,NR,load,1303.22,YZ,MW
2052-08-31 23:00:00,SO,load,906.7,YZ,MW
2052-09-02 00:00:00,CE,load,2636.7400000000002,YZ,MW
2052-09-03 01:00:00,NR,load,1300.42,YZ,MW
2052-09-04 02:00:00,SO,load,903.38,YZ,MW
2052-09-05 03:00:00,CE,load,2594.66,YZ,MW
2052-09-06 04:00:00,NR,load,1278.02,YZ,MW
2052-09-07 05:00:00,SO,load,876.8199999999999,YZ,MW
2052-09-08 06:00:00,CE,load,2552.58,YZ,MW
2052-09-09 07:00:00,NR,load,1255.62,YZ,MW
2052-09-10 08:00:00,SO,load,850.26,YZ,MW
2052-09-11 09:00:00,CE,load,2400.04,YZ,MW
2052-09-12 10:00:00,NR,load,1174.42,YZ,MW
2052-09-13 11:00:00,SO,load,753.98,YZ,MW
2052-09-14 12:00:00,CE,load,2152.82,YZ,MW
2052-09-15 13:00:00,NR,load,1042.82,YZ,MW
2052-09-16 14:00:00,SO,load,597.94,YZ,MW
2052-09-17 15:00:00,CE,load,2494.7200000000003,YZ,MW
2052-09-18 16:00:00,NR,load,1224.82,YZ,MW
2052-09-19 17:00:00,SO,load,813.74,YZ,MW
2052-09-20 18:00:00,CE,load,2831.36,YZ,MW
2052-09-21 19:00:00,NR,load,1404.02,YZ,MW
2052-09-22 20:00:00,SO,load,1026.22,YZ,MW
2052-09-23 21:00:00,CE,load,3041.76,YZ,MW
2052-09-24 22:00:00,NR,load,1516.02,YZ,MW
2052-09-25 23:00:00,SO,load,1159.02,YZ,MW
2052-09-27 00:00:00,CE,load,3057.54,YZ,MW
2052-09-28 01:00:00,NR,load,1524.42,YZ,MW
2052-09-29 02:00:00,SO,load,1168.98,YZ,MW
2052-09-30 03:00:00,CE,load,2968.12,YZ,MW
2052-10-01 04:00:00,NR,load,1476.8200000000002,YZ,MW
2052-10-02 05:00:00,SO,load,1112.54,YZ,MW
2052-10-03 06:00:00,CE,load,2552.58,YZ,MW
2052-10-04 07:00:00,NR,load,1255.62,YZ,MW
2052-10-05 08:00:00,SO,load,850.26,YZ,MW
2052-10-06 09:00:00,CE,load,2273.8,YZ,MW
2052-10-07 10:00:00,NR,load,1107.22,YZ,MW
2052-10-08 11:00:00,SO,load,674.3,YZ,MW
2052-10-09 12:00:00,CE,load,2947.08,YZ,MW
2052-10-10 13:00:00,NR,load,1465.62,YZ,MW
2052-10-11 14:00:00,SO,load,1099.26,YZ,MW
2052-10-12 15:00:00,CE,load,3057.54,YZ,MW
2052-10-13 16:00:00,NR,load,1524.42,YZ,MW
2052-10-14 17:00:00,SO,load,1168.98,YZ,MW
2052-10-15 18:00:00,CE,load,3078.58,YZ,MW
2052-10-16 19:00:00,NR,load,1535.62,YZ,MW
2052-10-17 20:00:00,SO,load,1182.26,YZ,MW
2052-10-18 21:00:00,CE,load,3115.4,YZ,MW
2052-10-19 22:00:00,NR,load,1555.22,YZ,MW
2052-10-20 23:00:00,SO,load,1205.5,YZ,MW
2052-10-22 00:00:00,CE,load,3031.2400000000002,YZ,MW
2052-10-23 01:00:00,NR,load,1510.42,YZ,MW
2052-10-24 02:00:00,SO,load,1152.38,YZ,MW
2052-10-25 03:00:00,CE,load,2494.7200000000003,YZ,MW
2052-10-26 04:00:00,NR,load,1224.82,YZ,MW
2052-10-27 05:00:00,SO,load,813.74,YZ,MW
2052-10-28 06:00:00,CE,load,2363.2200000000003,YZ,MW
2052-10-29 07:00:00,NR,load,1154.8200000000002,YZ,MW
2052-10-30 08:00:00,SO,load,730.74,YZ,MW
2052-10-31 09:00:00,CE,load,2899.74,YZ,MW
2052-11-01 10:00:00,NR,load,1440.42,YZ,MW
2052-11-02 11:00:00,SO,load,1069.38,YZ,MW
2052-11-03 12:00:00,CE,load,2862.92,YZ,MW
2052-11-04 13:00:00,NR,load,1420.8200000000002,YZ,MW
2052-11-05 14:00:00,SO,load,1046.14,YZ,MW
2052-11-06 15:00:00,CE,load,2794.54,YZ,MW
2052-11-07 16:00:00,NR,load,1384.42,YZ,MW
2052-11-08 17:00:00,SO,load,1002.98,YZ,MW
2052-11-09 18:00:00,CE,load,2741.94,YZ,MW
2052-11-10 19:00:00,NR,load,1356.42,YZ,MW
2052-11-11 20:00:00,SO,load,969.78,YZ,MW
2052-11-12 21:00:00,CE,load,2636.7400000000002,YZ,MW
2052-11-13 22:00:00,NR,load,1300.42,YZ,MW
2052-11-14 23:00:00,SO,load,903.38,YZ,MW
2052-11-16 00:00:00,CE,load,2268.54,YZ,MW
2052-11-17 01:00:00,NR,load,1104.42,YZ,MW
2052-11-18 02:00:00,SO,load,670.98,YZ,MW
2052-11-19 03:00:00,CE,load,2273.8,YZ,MW
2052-11-20 04:00:00,NR,load,1107.22,YZ,MW
2052-11-21 05:00:00,SO,load,674.3,YZ,MW
2052-11-22 06:00:00,CE,load,2547.32,YZ,MW
2052-11-23 07:00:00,NR,load,1252.8200000000002,YZ,MW
2052-11-24 08:00:00,SO,load,846.94,YZ,MW
2052-11-25 09:00:00,CE,load,2531.54,YZ,MW
2052-11-26 10:00:00,NR,load,1244.42,YZ,MW
2052-11-27 11:00:00,SO,load,836.98,YZ,MW
2052-11-28 12:00:00,CE,load,2510.5,YZ,MW
2052-11-29 13:00:00,NR,load,1233.22,YZ,MW
2052-11-30 14:00:00,SO,load,823.7,YZ,MW
2052-12-01 15:00:00,CE,load,2499.98,YZ,MW
2052-12-02 16:00:00,NR,load,1227.6200000000001,YZ,MW
2052-12-03 17:00:00,SO,load,817.06,YZ,MW
2052-12-04 18:00:00,CE,load,2331.66,YZ,MW
2052-12-05 19:00:00,NR,load,1138.02,YZ,MW
2052-12-06 20:00:00,SO,load,710.8199999999999,YZ,MW
2052-12-07 21:00:00,CE,load,2137.04,YZ,MW
2052-12-08 22:00:00,NR,load,1034.42,YZ,MW
2052-12-09 23:00:00,SO,load,587.98,YZ,MW
2052-12-11 00:00:00,CE,load,2210.6800000000003,YZ,MW
2052-12-12 01:00:00,NR,load,1073.6200000000001,YZ,MW
2052-12-13 02:00:00,SO,load,634.46,YZ,MW
2052-12-14 03:00:00,CE,load,2131.78,YZ,MW
2052-12-15 04:00:00,NR,load,1031.6200000000001,YZ,MW
2052-12-16 05:00:00,SO,load,584.66,YZ,MW
2052-12-17 06:00:00,CE,load,2221.2000000000003,YZ,MW
2052-12-18 07:00:00,NR,load,1079.22,YZ,MW
2052-12-19 08:00:00,SO,load,641.1,YZ,MW
2052-12-20 09:00:00,CE,load,2573.62,YZ,MW
2052-12-21 10:00:00,NR,load,1266.8200000000002,YZ,MW
2052-12-22 11:00:00,SO,load,863.54,YZ,MW
2052-12-23 12:00:00,CE,load,2610.44,YZ,MW
2052-12-24 13:00:00,NR,load,1286.42,YZ,MW
2052-12-25 14:00:00,SO,load,886.78,YZ,MW
2052-12-26 15:00:00,CE,load,2457.9,YZ,MW
2052-12-27 16:00:00,NR,load,1205.22,YZ,MW
2052-12-28 17:00:00,SO,load,790.5,YZ,MW
2052-12-29 18:00:00,CE,load,2336.92,YZ,MW
2052-12-30 19:00:00,NR,load,1140.82,YZ,MW
2052-12-31 20:00:00,SO,load,714.14,YZ,MW
2053-01-01 21:00:00,CE,load,2300.1,YZ,MW
2053-01-02 22:00:00,NR,load,1121.22,YZ,MW
2053-01-03 23:00:00,SO,load,690.9,YZ,MW
2050-01-01 00:00:00,CE,store_discharge,0.0,YZ,MW
2050-01-02 01:00:00,NR,store_discharge,-6.48,YZ,MW
2050-01-03 02:00:00,SO,store_discharge,0.0,YZ,MW
2050-01-04 03:00:00,CE,store_discharge,0.0,YZ,MW
2050-01-05 04:00:00,NR,store_discharge,6.48,YZ,MW
2050-01-06 05:00:00,SO,store_discharge,0.0,YZ,MW
2050-01-07 06:00:00,CE,store_discharge,0.0,YZ,MW
2050-01-08 07:00:00,NR,store_discharge,0.0,YZ,MW
2050-01-09 08:00:00,SO,store_discharge,0.0,YZ,MW
2050-01-10 09:00:00,CE,store_discharge,0.0,YZ,MW
2050-01-11 10:00:00,NR,store_discharge,0.0,YZ,MW
2050-01-12 11:00:00,SO,store_discharge,0.0,YZ,MW
2050-01-13 12:00:00,CE,store_discharge,0.0,YZ,MW
2050-01-14 13:00:00,NR,store_discharge,0.0,YZ,MW
2050-01-15 14:00:00,SO,store_discharge,0.0,YZ,MW
2050-01-16 15:00:00,CE,store_discharge,0.0,YZ,MW
2050-01-17 16:00:00,NR,store_discharge,0.0,YZ,MW
2050-01-18 17:00:00,SO,store_discharge,0.0,YZ,MW
2050-01-19 18:00:00,CE,store_discharge,-3.69,YZ,MW
2050-01-20 19:00:00,NR,store_discharge,-6.21,YZ,MW
2050-01-21 20:00:00,SO,store_discharge,-4.5,YZ,MW
2050-01-22 21:00:00,CE,store_discharge,3.69,YZ,MW
2050-01-23 22:00:00,NR,store_discharge,6.21,YZ,MW
2050-01-24 23:00:00,SO,store_discharge,4.5,YZ,MW
2050-01-26 00:00:00,CE,store_discharge,0.0,YZ,MW
2050-01-27 01:00:00,NR,store_discharge,0.0,YZ,MW
2050-01-28 02:00:00,SO,store_discharge,0.0,YZ,MW
2050-01-29 03:00:00,CE,store_discharge,0.0,YZ,MW
2050-01-30 04:00:00,NR,store_discharge,0.0,YZ,MW
2050-01-31 05:00:00,SO,store_discharge,0.0,YZ,MW
2050-02-01 06:00:00,CE,store_discharge,0.0,YZ,MW
2050-02-02 07:00:00,NR,store_discharge,0.0,YZ,MW
2050-02-03 08:00:00,SO,store_discharge,0.0,YZ,MW
2050-02-04 09:00:00,CE,store_discharge,0.0,YZ,MW
2050-02-05 10:00:00,NR,store_discharge,0.0,YZ,MW
2050-02-06 11:00:00,SO,store_discharge,0.0,YZ,MW
2050-02-07 12:00:00,CE,store_discharge,0.0,YZ,MW
2050-02-08 13:00:00,NR,store_discharge,0.0,YZ,MW
2050-02-09 14:00:00,SO,store_discharge,0.0,YZ,MW
2050-02-10 15:00:00,CE,store_discharge,0.0,YZ,MW
2050-02-11 16:00:00,NR,store_discharge,0.0,YZ,MW
2050-02-12 17:00:00,SO,store_discharge,0.0,YZ,MW
2050-02-13 18:00:00,CE,store_discharge,0.0,YZ,MW
2050-02-14 19:00:00,NR,store_discharge,0.0,YZ,MW
2050-02-15 20:00:00,SO,store_discharge,0.0,YZ,MW
2050-02-16 21:00:00,CE,store_discharge,0.0,YZ,MW
2050-02-17 22:00:00,NR,store_discharge,0.0,YZ,MW
2050-02-18 23:00:00,SO,store_discharge,0.0,YZ,MW
2050-02-20 00:00:00,CE,store_discharge,0.0,YZ,MW
2050-02-21 01:00:00,NR,store_discharge,0.0,YZ,MW
2050-02-22 02:00:00,SO,store_discharge,0.0,YZ,MW
2050-02-23 03:00:00,CE,store_discharge,0.0,YZ,MW
2050-02-24 04:00:00,NR,store_discharge,0.0,YZ,MW
2050-02-25 05:00:00,SO,store_discharge,0.0,YZ,MW
2050-02-26 06:00:00,CE,store_discharge,0.0,YZ,MW
2050-02-27 07:00:00,NR,store_discharge,0.0,YZ,MW
2050-02-28 08:00:00,SO,store_discharge,0.0,YZ,MW
2050-03-01 09:00:00,CE,store_discharge,0.0,YZ,MW
2050-03-02 10:00:00,NR,store_discharge,0.0,YZ,MW
2050-03-03 11:00:00,SO,store_discharge,0.0,YZ,MW
2050-03-04 12:00:00,CE,store_discharge,0.0,YZ,MW
2050-03-05 13:00:00,NR,store_discharge,0.0,YZ,MW
2050-03-06 14:00:00,SO,store_discharge,0.0,YZ,MW
2050-03-07 15:00:00,CE,store_discharge,0.0,YZ,MW
2050-03-08 16:00:00,NR,store_discharge,0.0,YZ,MW
2050-03-09 17:00:00,SO,store_discharge,0.0,YZ,MW
2050-03-10 18:00:00,CE,store_discharge,0.0,YZ,MW
2050-03-11 19:00:00,NR,store_discharge,0.0,YZ,MW
2050-03-12 20:00:00,SO,store_discharge,0.0,YZ,MW
2050-03-13 21:00:00,CE,store_discharge,0.0,YZ,MW
2050-03-14 22:00:00,NR,store_discharge,0.0,YZ,MW
2050-03-15 23:00:00,SO,store_discharge,0.0,YZ,MW
2050-03-17 00:00:00,CE,store_discharge,0.0,YZ,MW
2050-03-18 01:00:00,NR,store_discharge,0.0,YZ,MW
2050-03-19 02:00:00,SO,store_discharge,0.0,YZ,MW
2050-03-20 03:00:00,CE,store_discharge,0.0,YZ,MW
2050-03-21 04:00:00,NR,store_discharge,0.0,YZ,MW
2050-03-22 05:00:00,SO,store_discharge,0.0,YZ,MW
2050-03-23 06:00:00,CE,store_discharge,0.0,YZ,MW
2050-03-24 07:00:00,NR,store_discharge,0.0,YZ,MW
2050-03-25 08:00:00,SO,store_discharge,0.0,YZ,MW
2050-03-26 09:00:00,CE,store_discharge,0.0,YZ,MW
2050-03-27 10:00:00,NR,store_discharge,0.0,YZ,MW
2050-03-28 11:00:00,SO,store_discharge,0.0,YZ,MW
2050-03-29 12:00:00,CE,store_discharge,0.0,YZ,MW
2050-03-30 13:00:00,NR,store_discharge,0.0,YZ,MW
2050-03-31 14:00:00,SO,store_discharge,0.0,YZ,MW
2050-04-01 15:00:00,CE,store_discharge,0.0,YZ,MW
2050-04-02 16:00:00,NR,store_discharge,0.0,YZ,MW
2050-04-03 17:00:00,SO,store_discharge,0.0,YZ,MW
2050-04-04 18:00:00,CE,store_discharge,-3.69,YZ,MW
2050-04-05 19:00:00,NR,store_discharge,-6.21,YZ,MW
2050-04-06 20:00:00,SO,store_discharge,-4.5,YZ,MW
2050-04-07 21:00:00,CE,store_discharge,3.69,YZ,MW
2050-04-08 22:00:00,NR,store_discharge,6.21,YZ,MW
2050-04-09 23:00:00,SO,store_discharge,4.5,YZ,MW
2050-04-11 00:00:00,CE,store_discharge,0.0,YZ,MW
2050-04-12 01:00:00,NR,store_discharge,0.0,YZ,MW
2050-04-13 02:00:00,SO,store_discharge,0.0,YZ,MW
2050-04-14 03:00:00,CE,store_discharge,0.0,YZ,MW
2050-04-15 04:00:00,NR,store_discharge,0.0,YZ,MW
2050-04-16 05:00:00,SO,store_discharge,0.0,YZ,MW
2050-04-17 06:00:00,CE,store_discharge,0.0,YZ,MW
2050-04-18 07:00:00,NR,store_discharge,0.0,YZ,MW
2050-04-19 08:00:00,SO,store_discharge,0.0,YZ,MW
2050-04-20 09:00:00,CE,store_discharge,0.0,YZ,MW
2050-04-21 10:00:00,NR,store_discharge,0.0,YZ,MW
2050-04-22 11:00:00,SO,store_discharge,0.0,YZ,MW
2050-04-23 12:00:00,CE,store_discharge,0.0,YZ,MW
2050-04-24 13:00:00,NR,store_discharge,0.0,YZ,MW
2050-04-25 14:00:00,SO,store_discharge,0.0,YZ,MW
2050-04-26 15:00:00,CE,store_discharge,0.0,YZ,MW
2050-04-27 16:00:00,NR,store_discharge,0.0,YZ,MW
2050-04-28 17:00:00,SO,store_discharge,0.0,YZ,MW
2050-04-29 18:00:00,CE,store_discharge,0.0,YZ,MW
2050-04-30 19:00:00,NR,store_discharge,0.0,YZ,MW
2050-05-01 20:00:00,SO,store_discharge,0.0,YZ,MW
2050-05-02 21:00:00,CE,store_discharge,0.0,YZ,MW
2050-05-03 22:00:00,NR,store_discharge,0.0,YZ,MW
2050-05-04 23:00:00,SO,store_discharge,0.0,YZ,MW
2050-05-06 00:00:00,CE,store_discharge,0.0,YZ,MW
2050-05-07 01:00:00,NR,store_discharge,0.0,YZ,MW
2050-05-08 02:00:00,SO,store_discharge,0.0,YZ,MW
2050-05-09 03:00:00,CE,store_discharge,0.0,YZ,MW
2050-05-10 04:00:00,NR,store_discharge,0.0,YZ,MW
2050-05-11 05:00:00,SO,store_discharge,0.0,YZ,MW
2050-05-12 06:00:00,CE,store_discharge,0.0,YZ,MW
2050-05-13 07:00:00,NR,store_discharge,0.0,YZ,MW
2050-05-14 08:00:00,SO,store_discharge,0.0,YZ,MW
2050-05-15 09:00:00,CE,store_discharge,0.0,YZ,MW
2050-05-16 10:00:00,NR,store_discharge,0.0,YZ,MW
2050-05-17 11:00:00,SO,store_discharge,0.0,YZ,MW
2050-05-18 12:00:00,CE,store_discharge,0.0,YZ,MW
2050-05-19 13:00:00,NR,store_discharge,0.0,YZ,MW
2050-05-20 14:00:00,SO,store_discharge,0.0,YZ,MW
2050-05-21 15:00:00,CE,store_discharge,0.0,YZ,MW
2050-05-22 16:00:00,NR,store_discharge,0.0,YZ,MW
2050-05-23 17:00:00,SO,store_discharge,0.0,YZ,MW
2050-05-24 18:00:00,CE,store_discharge,0.0,YZ,MW
2050-05-25 19:00:00,NR,store_discharge,0.0,YZ,MW
2050-05-26 20:00:00,SO,store_discharge,0.0,YZ,MW
2050-05-27 21:00:00,CE,store_discharge,0.0,YZ,MW
2050-05-28 22:00:00,NR,store_discharge,0.0,YZ,MW
2050-05-29 23:00:00,SO,store_discharge,0.0,YZ,MW
2050-05-31 00:00:00,CE,store_discharge,0.0,YZ,MW
2050-06-01 01:00:00,NR,store_discharge,0.0,YZ,MW
2050-06-02 02:00:00,SO,store_discharge,0.0,YZ,MW
2050-06-03 03:00:00,CE,store_discharge,0.0,YZ,MW
2050-06-04 04:00:00,NR,store_discharge,0.0,YZ,MW
2050-06-05 05:00:00,SO,store_discharge,0.0,YZ,MW
2050-06-06 06:00:00,CE,store_discharge,0.0,YZ,MW
2050-06-07 07:00:00,NR,store_discharge,0.0,YZ,MW
2050-06-08 08:00:00,SO,store_discharge,0.0,YZ,MW
2050-06-09 09:00:00,CE,store_discharge,0.0,YZ,MW
2050-06-10 10:00:00,NR,store_discharge,0.0,YZ,MW
2050-06-11 11:00:00,SO,store_discharge,0.0,YZ,MW
2050-06-12 12:00:00,CE,store_discharge,0.0,YZ,MW
2050-06-13 13:00:00,NR,store_discharge,0.0,YZ,MW
2050-06-14 14:00:00,SO,store_discharge,0.0,YZ,MW
2050-06-15 15:00:00,CE,store_discharge,0.0,YZ,MW
2050-06-16 16:00:00,NR,store_discharge,0.0,YZ,MW
2050-06-17 17:00:00,SO,store_discharge,0.0,YZ,MW
2050-06-18 18:00:00,CE,store_discharge,-3.69,YZ,MW
2050-06-19 19:00:00,NR,store_discharge,-6.21,YZ,MW
2050-06-20 20:00:00,SO,store_discharge,-4.5,YZ,MW
2050-06-21 21:00:00,CE,store_discharge,3.69,YZ,MW
2050-06-22 22:00:00,NR,store_discharge,6.21,YZ,MW
2050-06-23 23:00:00,SO,store_discharge,4.5,YZ,MW
2050-06-25 00:00:00,CE,store_discharge,0.0,YZ,MW
2050-06-26 01:00:00,NR,store_discharge,0.0,YZ,MW
2050-06-27 02:00:00,SO,store_discharge,0.0,YZ,MW
2050-06-28 03:00:00,CE,store_discharge,0.0,YZ,MW
2050-06-29 04:00:00,NR,store_discharge,0.0,YZ,MW
2050-06-30 05:00:00,SO,store_discharge,0.0,YZ,MW
2050-07-01 06:00:00,CE,store_discharge,0.0,YZ,MW
2050-07-02 07:00:00,NR,store_discharge,0.0,YZ,MW
2050-07-03 08:00:00,SO,store_discharge,0.0,YZ,MW
2050-07-04 09:00:00,CE,store_discharge,0.0,YZ,MW
2050-07-05 10:00:00,NR,store_discharge,0.0,YZ,MW
2050-07-06 11:00:00,SO,store_discharge,0.0,YZ,MW
2050-07-07 12:00:00,CE,store_discharge,0.0,YZ,MW
2050-07-08 13:00:00,NR,store_discharge,0.0,YZ,MW
2050-07-09 14:00:00,SO,store_discharge,0.0,YZ,MW
2050-07-10 15:00:00,CE,store_discharge,0.0,YZ,MW
2050-07-11 16:00:00,NR,store_discharge,0.0,YZ,MW
2050-07-12 17:00:00,SO,store_discharge,0.0,YZ,MW
2050-07-13 18:00:00,CE,store_discharge,0.0,YZ,MW
2050-07-14 19:00:00,NR,store_discharge,0.0,YZ,MW
2050-07-15 20:00:00,SO,store_discharge,0.0,YZ,MW
2050-07-16 21:00:00,CE,store_discharge,0.0,YZ,MW
2050-07-17 22:00:00,NR,store_discharge,0.0,YZ,MW
2050-07-18 23:00:00,SO,store_discharge,0.0,YZ,MW
2050-07-20 00:00:00,CE,store_discharge,0.0,YZ,MW
2050-07-21 01:00:00,NR,store_discharge,0.0,YZ,MW
2050-07-22 02:00:00,SO,store_discharge,0.0,YZ,MW
2050-07-23 03:00:00,CE,store_discharge,0.0,YZ,MW
2050-07-24 04:00:00,NR,store_discharge,0.0,YZ,MW
2050-07-25 05:00:00,SO,store_discharge,0.0,YZ,MW
2050-07-26 06:00:00,CE,store_discharge,0.0,YZ,MW
2050-07-27 07:00:00,NR,store_discharge,0.0,YZ,MW
2050-07-28 08:00:00,SO,store_discharge,0.0,YZ,MW
2050-07-29 09:00:00,CE,store_discharge,0.0,YZ,MW
2050-07-30 10:00:00,NR,store_discharge,0.0,YZ,MW
2050-07-31 11:00:00,SO,store_discharge,0.0,YZ,MW
2050-08-01 12:00:00,CE,store_discharge,0.0,YZ,MW
2050-08-02 13:00:00,NR,store_discharge,0.0,YZ,MW
2050-08-03 14:00:00,SO,store_discharge,0.0,YZ,MW
2050-08-04 15:00:00,CE,store_discharge,0.0,YZ,MW
2050-08-05 16:00:00,NR,store_discharge,0.0,YZ,MW
2050-08-06 17:00:00,SO,store_discharge,0.0,YZ,MW
2050-08-07 18:00:00,CE,store_discharge,0.0,YZ,MW
2050-08-08 19:00:00,NR,store_discharge,0.0,YZ,MW
2050-08-09 20:00:00,SO,store_discharge,0.0,YZ,MW
2050-08-10 21:00:00,CE,store_discharge,0.0,YZ,MW
2050-08-11 22:00:00,NR,store_discharge,0.0,YZ,MW
2050-08-12 23:00:00,SO,store_discharge,0.0,YZ,MW
2050-08-14 00:00:00,CE,store_discharge,0.0,YZ,MW
2050-08-15 01:00:00,NR,store_discharge,0.0,YZ,MW
2050-08-16 02:00:00,SO,store_discharge,0.0,YZ,MW
2050-08-17 03:00:00,CE,store_discharge,0.0,YZ,MW
2050-08-18 04:00:00,NR,store_discharge,0.0,YZ,MW
2050-08-19 05:00:00,SO,store_discharge,0.0,YZ,MW
2050-08-20 06:00:00,CE,store_discharge,0.0,YZ,MW
2050-08-21 07:00:00,NR,store_discharge,0.0,YZ,MW
2050-08-22 08:00:00,SO,store_discharge,0.0,YZ,MW
2050-08-23 09:00:00,CE,store_discharge,0.0,YZ,MW
2050-08-24 10:00:00,NR,store_discharge,0.0,YZ,MW
2050-08-25 11:00:00,SO,store_discharge,0.0,YZ,MW
2050-08-26 12:00:00,CE,store_discharge,0.0,YZ,MW
2050-08-27 13:00:00,NR,store_discharge,0.0,YZ,MW
2050-08-28 14:00:00,SO,store_discharge,0.0,YZ,MW
2050-08-29 15:00:00,CE,store_discharge,0.0,YZ,MW
2050-08-30 16:00:00,NR,store_discharge,0.0,YZ,MW
2050-08-31 17:00:00,SO,store_discharge,0.0,YZ,MW
2050-09-01 18:00:00,CE,store_discharge,-3.69,YZ,MW
2050-09-02 19:00:00,NR,store_discharge,-6.21,YZ,MW
2050-09-03 20:00:00,SO,store_discharge,-4.5,YZ,MW
2050-09-04 21:00:00,CE,store_discharge,3.69,YZ,MW
2050-09-05 22:00:00,NR,store_discharge,6.21,YZ,MW
2050-09-06 23:00:00,SO,store_discharge,4.5,YZ,MW
2050-09-08 00:00:00,CE,store_discharge,0.0,YZ,MW
2050-09-09 01:00:00,NR,store_discharge,0.0,YZ,MW
2050-09-10 02:00:00,SO,store_discharge,0.0,YZ,MW
2050-09-11 03:00:00,CE,store_discharge,0.0,YZ,MW
2050-09-12 04:00:00,NR,store_discharge,0.0,YZ,MW
2050-09-13 05:00:00,SO,store_discharge,0.0,YZ,MW
2050-09-14 06:00:00,CE,store_discharge,0.0,YZ,MW
2050-09-15 07:00:00,NR,store_discharge,0.0,YZ,MW
2050-09-16 08:00:00,SO,store_discharge,0.0,YZ,MW
2050-09-17 09:00:00,CE,store_discharge,0.0,YZ,MW
2050-09-18 10:00:00,NR,store_discharge,0.0,YZ,MW
2050-09-19 11:00:00,SO,store_discharge,0.0,YZ,MW
2050-09-20 12:00:00,CE,store_discharge,0.0,YZ,MW
2050-09-21 13:00:00,NR,store_discharge,0.0,YZ,MW
2050-09-22 14:00:00,SO,store_discharge,0.0,YZ,MW
2050-09-23 15:00:00,CE,store_discharge,0.0,YZ,MW
2050-09-24 16:00:00,NR,store_discharge,0.0,YZ,MW
2050-09-25 17:00:00,SO,store_discharge,0.0,YZ,MW
2050-09-26 18:00:00,CE,store_discharge,0.0,YZ,MW
2050-09-27 19:00:00,NR,store_discharge,0.0,YZ,MW
2050-09-28 20:00:00,SO,store_discharge,0.0,YZ,MW
2050-09-29 21:00:00,CE,store_discharge,0.0,YZ,MW
2050-09-30 22:00:00,NR,store_discharge,0.0,YZ,MW
2050-10-01 23:00:00,SO,store_discharge,0.0,YZ,MW
2050-10-03 00:00:00,CE,store_discharge,0.0,YZ,MW
2050-10-04 01:00:00,NR,store_discharge,0.0,YZ,MW
2050-10-05 02:00:00,SO,store_discharge,0.0,YZ,MW
2050-10-06 03:00:00,CE,store_discharge,0.0,YZ,MW
2050-10-07 04:00:00,NR,store_discharge,0.0,YZ,MW
2050-10-08 05:00:00,SO,store_discharge,0.0,YZ,MW
2050-10-09 06:00:00,CE,store_discharge,0.0,YZ,MW
2050-10-10 07:00:00,NR,store_discharge,0.0,YZ,MW
2050-10-11 08:00:00,SO,store_discharge,0.0,YZ,MW
2050-10-12 09:00:00,CE,store_discharge,0.0,YZ,MW
2050-10-13 10:00:00,NR,store_discharge,0.0,YZ,MW
2050-10-14 11:00:00,SO,store_discharge,0.0,YZ,MW
2050-10-15 12:00:00,CE,store_discharge,0.0,YZ,MW
2050-10-16 13:00:00,NR,store_discharge,0.0,YZ,MW
2050-10-17 14:00:00,SO,store_discharge,0.0,YZ,MW
2050-10-18 15:00:00,CE,store_discharge,0.0,YZ,MW
2050-10-19 16:00:00,NR,store_discharge,0.0,YZ,MW
2050-10-20 17:00:00,SO,store_discharge,0.0,YZ,MW
2050-10-21 18:00:00,CE,store_discharge,0.0,YZ,MW
2050-10-22 19:00:00,NR,store_discharge,0.0,YZ,MW
2050-10-23 20:00:00,SO,store_discharge,0.0,YZ,MW
2050-10-24 21:00:00,CE,store_discharge,0.0,YZ,MW
2050-10-25 22:00:00,NR,store_discharge,0.0,YZ,MW
2050-10-26 23:00:00,SO,store_discharge,0.0,YZ,MW
2050-10-28 00:00:00,CE,store_discharge,0.0,YZ,MW
2050-10-29 01:00:00,NR,store_discharge,0.0,YZ,MW
2050-10-30 02:00:00,SO,store_discharge,0.0,YZ,MW
2050-10-31 03:00:00,CE,store_discharge,0.0,YZ,MW
2050-11-01 04:00:00,NR,store_discharge,0.0,YZ,MW
2050-11-02 05:00:00,SO,store_discharge,0.0,YZ,MW
2050-11-03 06:00:00,CE,store_discharge,0.0,YZ,MW
2050-11-04 07:00:00,NR,store_discharge,0.0,YZ,MW
2050-11-05 08:00:00,SO,store_discharge,0.0,YZ,MW
2050-11-06 09:00:00,CE,store_discharge,0.0,YZ,MW
2050-11-07 10:00:00,NR,store_discharge,0.0,YZ,MW
2050-11-08 11:00:00,SO,store_discharge,0.0,YZ,MW
2050-11-09 12:00:00,CE,store_discharge,0.0,YZ,MW
2050-11-10 13:00:00,NR,store_discharge,0.0,YZ,MW
2050-11-11 14:00:00,SO,store_discharge,0.0,YZ,MW
2050-11-12 15:00:00,CE,store_discharge,-3.69,YZ,MW
2050-11-13 16:00:00,NR,store_discharge,-6.21,YZ,MW
2050-11-14 17:00:00,SO,store_discharge,-4.5,YZ,MW
2050-11-15 18:00:00,CE,store_discharge,3.69,YZ,MW
2050-11-16 19:00:00,NR,store_discharge,6.21,YZ,MW
2050-11-17 20:00:00,SO,store_discharge,4.5,YZ,MW
2050-11-18 21:00:00,CE,store_discharge,0.0,YZ,MW
2050-11-19 22:00:00,NR,store_discharge,0.0,YZ,MW
2050-11-20 23:00:00,SO,store_discharge,0.0,YZ,MW
2050-11-22 00:00:00,CE,store_discharge,0.0,YZ,MW
2050-11-23 01:00:00,NR,store_discharge,0.0,YZ,MW
2050-11-24 02:00:00,SO,store_discharge,0.0,YZ,MW
2050-11-25 03:00:00,CE,store_discharge,0.0,YZ,MW
2050-11-26 04:00:00,NR,store_discharge,0.0,YZ,MW
2050-11-27 05:00:00,SO,store_discharge,0.0,YZ,MW
2050-11-28 06:00:00,CE,store_discharge,0.0,YZ,MW
2050-11-29 07:00:00,NR,store_discharge,0.0,YZ,MW
2050-11-30 08:00:00,SO,store_discharge,0.0,YZ,MW
2050-12-01 09:00:00,CE,store_discharge,0.0,YZ,MW
2050-12-02 10:00:00,NR,store_discharge,0.0,YZ,MW
2050-12-03 11:00:00,SO,store_discharge,0.0,YZ,MW
2050-12-04 12:00:00,CE,store_discharge,0.0,YZ,MW
2050-12-05 13:00:00,NR,store_discharge,0.0,YZ,MW
2050-12-06 14:00:00,SO,store_discharge,0.0,YZ,MW
2050-12-07 15:00:00,CE,store_discharge,0.0,YZ,MW
2050-12-08 16:00:00,NR,store_discharge,0.0,YZ,MW
2050-12-09 17:00:00,SO,store_discharge,0.0,YZ,MW
2050-12-10 18:00:00,CE,store_discharge,0.0,YZ,MW
2050-12-11 19:00:00,NR,store_discharge,0.0,YZ,MW
2050-12-12 20:00:00,SO,store_discharge,0.0,YZ,MW
2050-12-13 21:00:00,CE,store_discharge,0.0,YZ,MW
2050-12-14 22:00:00,NR,store_discharge,0.0,YZ,MW
2050-12-15 23:00:00,SO,store_discharge,0.0,YZ,MW
2050-12-17 00:00:00,CE,store_discharge,0.0,YZ,MW
2050-12-18 01:00:00,NR,store_discharge,0.0,YZ,MW
2050-12-19 02:00:00,SO,store_discharge,0.0,YZ,MW
2050-12-20 03:00:00,CE,store_discharge,0.0,YZ,MW
2050-12-21 04:00:00,NR,store_discharge,0.0,YZ,MW
2050-12-22 05:00:00,SO,store_discharge,0.0,YZ,MW
2050-12-23 06:00:00,CE,store_discharge,0.0,YZ,MW
2050-12-24 07:00:00,NR,store_discharge,0.0,YZ,MW
2050-12-25 08:00:00,SO,store_discharge,0.0,YZ,MW
2050-12-26 09:00:00,CE,store_discharge,0.0,YZ,MW
2050-12-27 10:00:00,NR,store_discharge,0.0,YZ,MW
2050-12-28 11:00:00,SO,store_discharge,0.0,YZ,MW
2050-12-29 12:00:00,CE,store_discharge,0.0,YZ,MW
2050-12-30 13:00:00,NR,store_discharge,0.0,YZ,MW
2050-12-31 14:00:00,SO,store_discharge,0.0,YZ,MW
2051-01-01 15:00:00,CE,store_discharge,0.0,YZ,MW
2051-01-02 16:00:00,NR,store_discharge,0.0,YZ,MW
2051-01-03 17:00:00,SO,store_discharge,0.0,YZ,MW
2051-01-04 18:00:00,CE,store_discharge,0.0,YZ,MW
2051-01-05 19:00:00,NR,store_discharge,0.0,YZ,MW
2051-01-06 20:00:00,SO,store_discharge,0.0,YZ,MW
2051-01-07 21:00:00,CE,store_discharge,0.0,YZ,MW
2051-01-08 22:00:00,NR,store_discharge,0.0,YZ,MW
2051-01-09 23:00:00,SO,store_discharge,0.0,YZ,MW
2051-01-11 00:00:00,CE,store_discharge,0.0,YZ,MW
2051-01-12 01:00:00,NR,store_discharge,0.0,YZ,MW
2051-01-13 02:00:00,SO,store_discharge,0.0,YZ,MW
2051-01-14 03:00:00,CE,store_discharge,0.0,YZ,MW
2051-01-15 04:00:00,NR,store_discharge,0.0,YZ,MW
2051-01-16 05:00:00,SO,store_discharge,0.0,YZ,MW
2051-01-17 06:00:00,CE,store_discharge,0.0,YZ,MW
2051-01-18 07:00:00,NR,store_discharge,0.0,YZ,MW
2051-01-19 08:00:00,SO,store_discharge,0.0,YZ,MW
2051-01-20 09:00:00,CE,store_discharge,0.0,YZ,MW
2051-01-21 10:00:00,NR,store_discharge,0.0,YZ,MW
2051-01-22 11:00:00,SO,store_discharge,0.0,YZ,MW
2051-01-23 12:00:00,CE,store_discharge,0.0,YZ,MW
2051-01-24 13:00:00,NR,store_discharge,0.0,YZ,MW
2051-01-25 14:00:00,SO,store_discharge,0.0,YZ,MW
2051-01-26 15:00:00,CE,store_discharge,-3.69,YZ,MW
2051-01-27 16:00:00,NR,store_discharge,-6.21,YZ,MW
2051-01-28 17:00:00,SO,store_discharge,-4.5,YZ,MW
2051-01-29 18:00:00,CE,store_discharge,3.69,YZ,MW
2051-01-30 19:00:00,NR,store_discharge,6.21,YZ,MW
2051-01-31 20:00:00,SO,store_discharge,4.5,YZ,MW
2051-02-01 21:00:00,CE,store_discharge,0.0,YZ,MW
2051-02-02 22:00:00,NR,store_discharge,0.0,YZ,MW
2051-02-03 23:00:00,SO,store_discharge,0.0,YZ,MW
2051-02-05 00:00:00,CE,store_discharge,0.0,YZ,MW
2051-02-06 01:00:00,NR,store_discharge,0.0,YZ,MW
2051-02-07 02:00:00,SO,store_discharge,0.0,YZ,MW
2051-02-08 03:00:00,CE,store_discharge,0.0,YZ,MW
2051-02-09 04:00:00,NR,store_discharge,0.0,YZ,MW
2051-02-10 05:00:00,SO,store_discharge,0.0,YZ,MW
2051-02-11 06:00:00,CE,store_discharge,0.0,YZ,MW
2051-02-12 07:00:00,NR,store_discharge,0.0,YZ,MW
2051-02-13 08:00:00,SO,store_discharge,0.0,YZ,MW
2051-02-14 09:00:00,CE,store_discharge,0.0,YZ,MW
2051-02-15 10:00:00,NR,store_discharge,0.0,YZ,MW
2051-02-16 11:00:00,SO,store_discharge,0.0,YZ,MW
2051-02-17 12:00:00,CE,store_discharge,0.0,YZ,MW
2051-02-18 13:00:00,NR,store_discharge,0.0,YZ,MW
2051-02-19 14:00:00,SO,store_discharge,0.0,YZ,MW
2051-02-20 15:00:00,CE,store_discharge,0.0,YZ,MW
2051-02-21 16:00:00,NR,store_discharge,0.0,YZ,MW
2051-02-22 17:00:00,SO,store_discharge,0.0,YZ,MW
2051-02-23 18:00:00,CE,store_discharge,0.0,YZ,MW
2051-02-24 19:00:00,NR,store_discharge,0.0,YZ,MW
2051-02-25 20:00:00,SO,store_discharge,0.0,YZ,MW
2051-02-26 21:00:00,CE,store_discharge,0.0,YZ,MW
2051-02-27 22:00:00,NR,store_discharge,0.0,YZ,MW
2051-02-28 23:00:00,SO,store_discharge,0.0,YZ,MW
2051-03-02 00:00:00,CE,store_discharge,0.0,YZ,MW
2051-03-03 01:00:00,NR,store_discharge,0.0,YZ,MW
2051-03-04 02:00:00,SO,store_discharge,0.0,YZ,MW
2051-03-05 03:00:00,CE,store_discharge,0.0,YZ,MW
2051-03-06 04:00:00,NR,store_discharge,0.0,YZ,MW
2051-03-07 05:00:00,SO,store_discharge,0.0,YZ,MW
2051-03-08 06:00:00,CE,store_discharge,0.0,YZ,MW
2051-03-09 07:00:00,NR,store_discharge,0.0,YZ,MW
2051-03-10 08:00:00,SO,store_discharge,0.0,YZ,MW
2051-03-11 09:00:00,CE,store_discharge,0.0,YZ,MW
2051-03-12 10:00:00,NR,store_discharge,0.0,YZ,MW
2051-03-13 11:00:00,SO,store_discharge,0.0,YZ,MW
2051-03-14 12:00:00,CE,store_discharge,0.0,YZ,MW
2051-03-15 13:00:00,NR,store_discharge,0.0,YZ,MW
2051-03-16 14:00:00,SO,store_discharge,0.0,YZ,MW
2051-03-17 15:00:00,CE,store_discharge,0.0,YZ,MW
2051-03-18 16:00:00,NR,store_discharge,0.0,YZ,MW
2051-03-19 17:00:00,SO,store_discharge,0.0,YZ,MW
2051-03-20 18:00:00,CE,store_discharge,0.0,YZ,MW
2051-03-21 19:00:00,NR,store_discharge,0.0,YZ,MW
2051-03-22 20:00:00,SO,store_discharge,0.0,YZ,MW
2051-03-23 21:00:00,CE,store_discharge,0.0,YZ,MW
2051-03-24 22:00:00,NR,store_discharge,0.0,YZ,MW
2051-03-25 23:00:00,SO,store_discharge,0.0,YZ,MW
2051-03-27 00:00:00,CE,store_discharge,0.0,YZ,MW
2051-03-28 01:00:00,NR,store_discharge,0.0,YZ,MW
2051-03-29 02:00:00,SO,store_discharge,0.0,YZ,MW
2051-03-30 03:00:00,CE,store_discharge,0.0,YZ,MW
2051-03-31 04:00:00,NR,store_discharge,0.0,YZ,MW
2051-04-01 05:00:00,SO,store_discharge,0.0,YZ,MW
2051-04-02 06:00:00,CE,store_discharge,0.0,YZ,MW
2051-04-03 07:00:00,NR,store_discharge,0.0,YZ,MW
2051-04-04 08:00:00,SO,store_discharge,0.0,YZ,MW
2051-04-05 09:00:00,CE,store_discharge,0.0,YZ,MW
2051-04-06 10:00:00,NR,store_discharge,0.0,YZ,MW
2051-04-07 11:00:00,SO,store_discharge,0.0,YZ,MW
2051-04-08 12:00:00,CE,store_discharge,0.0,YZ,MW
2051-04-09 13:00:00,NR,store_discharge,0.0,YZ,MW
2051-04-10 14:00:00,SO,store_discharge,0.0,YZ,MW
2051-04-11 15:00:00,CE,store_discharge,-3.69,YZ,MW
2051-04-12 16:00:00,NR,store_discharge,-6.21,YZ,MW
2051-04-13 17:00:00,SO,store_discharge,-4.5,YZ,MW
2051-04-14 18:00:00,CE,store_discharge,3.69,YZ,MW
2051-04-15 19:00:00,NR,store_discharge,6.21,YZ,MW
2051-04-16 20:00:00,SO,store_discharge,4.5,YZ,MW
2051-04-17 21:00:00,CE,store_discharge,0.0,YZ,MW
2051-04-18 22:00:00,NR,store_discharge,0.0,YZ,MW
2051-04-19 23:00:00,SO,store_discharge,0.0,YZ,MW
2051-04-21 00:00:00,CE,store_discharge,0.0,YZ,MW
2051-04-22 01:00:00,NR,store_discharge,0.0,YZ,MW
2051-04-23 02:00:00,SO,store_discharge,0.0,YZ,MW
2051-04-24 03:00:00,CE,store_discharge,0.0,YZ,MW
2051-04-25 04:00:00,NR,store_discharge,0.0,YZ,MW
2051-04-26 05:00:00,SO,store_discharge,0.0,YZ,MW
2051-04-27 06:00:00,CE,store_discharge,0.0,YZ,MW
2051-04-28 07:00:00,NR,store_discharge,0.0,YZ,MW
2051-04-29 08:00:00,SO,store_discharge,0.0,YZ,MW
2051-04-30 09:00:00,CE,store_discharge,0.0,YZ,MW
2051-05-01 10:00:00,NR,store_discharge,0.0,YZ,MW
2051-05-02 11:00:00,SO,store_discharge,0.0,YZ,MW
2051-05-03 12:00:00,CE,store_discharge,0.0,YZ,MW
2051-05-04 13:00:00,NR,store_discharge,0.0,YZ,MW
2051-05-05 14:00:00,SO,store_discharge,0.0,YZ,MW
2051-05-06 15:00:00,CE,store_discharge,0.0,YZ,MW
2051-05-07 16:00:00,NR,store_discharge,0.0,YZ,MW
2051-05-08 17:00:00,SO,store_discharge,0.0,YZ,MW
2051-05-09 18:00:00,CE,store_discharge,0.0,YZ,MW
2051-05-10 19:00:00,NR,store_discharge,0.0,YZ,MW
2051-05-11 20:00:00,SO,store_discharge,0.0,YZ,MW
2051-05-12 21:00:00,CE,store_discharge,0.0,YZ,MW
2051-05-13 22:00:00,NR,store_discharge,0.0,YZ,MW
2051-05-14 23:00:00,SO,store_discharge,0.0,YZ,MW
2051-05-16 00:00:00,CE,store_discharge,0.0,YZ,MW
2051-05-17 01:00:00,NR,store_discharge,0.0,YZ,MW
2051-05-18 02:00:00,SO,store_discharge,0.0,YZ,MW
2051-05-19 03:00:00,CE,store_discharge,0.0,YZ,MW
2051-05-20 04:00:00,NR,store_discharge,0.0,YZ,MW
2051-05-21 05:00:00,SO,store_discharge,0.0,YZ,MW
2051-05-22 06:00:00,CE,store_discharge,0.0,YZ,MW
2051-05-23 07:00:00,NR,store_discharge,0.0,YZ,MW
2051-05-24 08:00:00,SO,store_discharge,0.0,YZ,MW
2051-05-25 09:00:00,CE,store_discharge,0.0,YZ,MW
2051-05-26 10:00:00,NR,store_discharge,0.0,YZ,MW
2051-05-27 11:00:00,SO,store_discharge,0.0,YZ,MW
2051-05-28 12:00:00,CE,store_discharge,0.0,YZ,MW
2051-05-29 13:00:00,NR,store_discharge,0.0,YZ,MW
2051-05-30 14:00:00,SO,store_discharge,0.0,YZ,MW
2051-05-31 15:00:00,CE,store_discharge,0.0,YZ,MW
2051-06-01 16:00:00,NR,store_discharge,0.0,YZ,MW
2051-06-02 17:00:00,SO,store_discharge,0.0,YZ,MW
2051-06-03 18:00:00,CE,store_discharge,0.0,YZ,MW
2051-06-04 19:00:00,NR,store_discharge,0.0,YZ,MW
2051-06-05 20:00:00,SO,store_discharge,0.0,YZ,MW
2051-06-06 21:00:00,CE,store_discharge,0.0,YZ,MW
2051-06-07 22:00:00,NR,store_discharge,0.0,YZ,MW
2051-06-08 23:00:00,SO,store_discharge,0.0,YZ,MW
2051-06-10 00:00:00,CE,store_discharge,0.0,YZ,MW
2051-06-11 01:00:00,NR,store_discharge,0.0,YZ,MW
2051-06-12 02:00:00,SO,store_discharge,0.0,YZ,MW
2051-06-13 03:00:00,CE,store_discharge,0.0,YZ,MW
2051-06-14 04:00:00,NR,store_discharge,0.0,YZ,MW
2051-06-15 05:00:00,SO,store_discharge,0.0,YZ,MW
2051-06-16 06:00:00,CE,store_discharge,0.0,YZ,MW
2051-06-17 07:00:00,NR,store_discharge,0.0,YZ,MW
2051-06-18 08:00:00,SO,store_discharge,0.0,YZ,MW
2051-06-19 09:00:00,CE,store_discharge,0.0,YZ,MW
2051-06-20 10:00:00,NR,store_discharge,0.0,YZ,MW
2051-06-21 11:00:00,SO,store_discharge,0.0,YZ,MW
2051-06-22 12:00:00,CE,store_discharge,0.0,YZ,MW
2051-06-23 13:00:00,NR,store_discharge,0.0,YZ,MW
2051-06-24 14:00:00,SO,store_discharge,0.0,YZ,MW
2051-06-25 15:00:00,CE,store_discharge,0.0,YZ,MW
2051-06-26 16:00:00,NR,store_discharge,0.0,YZ,MW
2051-06-27 17:00:00,SO,store_discharge,0.0,YZ,MW
2051-06-28 18:00:00,CE,store_discharge,-3.69,YZ,MW
2051-06-29 19:00:00,NR,store_discharge,-6.21,YZ,MW
2051-06-30 20:00:00,SO,store_discharge,-4.5,YZ,MW
2051-07-01 21:00:00,CE,store_discharge,3.69,YZ,MW
2051-07-02 22:00:00,NR,store_discharge,6.21,YZ,MW
2051-07-03 23:00:00,SO,store_discharge,4.5,YZ,MW
2051-07-05 00:00:00,CE,store_discharge,0.0,YZ,MW
2051-07-06 01:00:00,NR,store_discharge,0.0,YZ,MW
2051-07-07 02:00:00,SO,store_discharge,0.0,YZ,MW
2051-07-08 03:00:00,CE,store_discharge,0.0,YZ,MW
2051-07-09 04:00:00,NR,store_discharge,0.0,YZ,MW
2051-07-10 05:00:00,SO,store_discharge,0.0,YZ,MW
2051-07-11 06:00:00,CE,store_discharge,0.0,YZ,MW
2051-07-12 07:00:00,NR,store_discharge,0.0,YZ,MW
2051-07-13 08:00:00,SO,store_discharge,0.0,YZ,MW
2051-07-14 09:00:00,CE,store_discharge,0.0,YZ,MW
2051-07-15 10:00:00,NR,store_discharge,0.0,YZ,MW
2051-07-16 11:00:00,SO,store_discharge,0.0,YZ,MW
2051-07-17 12:00:00,CE,store_discharge,0.0,YZ,MW
2051-07-18 13:00:00,NR,store_discharge,0.0,YZ,MW
2051-07-19 14:00:00,SO,store_discharge,0.0,YZ,MW
2051-07-20 15:00:00,CE,store_discharge,0.0,YZ,MW
2051-07-21 16:00:00,NR,store_discharge,0.0,YZ,MW
2051-07-22 17:00:00,SO,store_discharge,0.0,YZ,MW
2051-07-23 18:00:00,CE,store_discharge,0.0,YZ,MW
2051-07-24 19:00:00,NR,store_discharge,0.0,YZ,MW
2051-07-25 20:00:00,SO,store_discharge,0.0,YZ,MW
2051-07-26 21:00:00,CE,store_discharge,0.0,YZ,MW
2051-07-27 22:00:00,NR,store_discharge,0.0,YZ,MW
2051-07-28 23:00:00,SO,store_discharge,0.0,YZ,MW
2051-07-30 00:00:00,CE,store_discharge,0.0,YZ,MW
2051-07-31 01:00:00,NR,store_discharge,0.0,YZ,MW
2051-08-01 02:00:00,SO,store_discharge,0.0,YZ,MW
2051-08-02 03:00:00,CE,store_discharge,0.0,YZ,MW
2051-08-03 04:00:00,NR,store_discharge,0.0,YZ,MW
2051-08-04 05:00:00,SO,store_discharge,0.0,YZ,MW
2051-08-05 06:00:00,CE,store_discharge,0.0,YZ,MW
2051-08-06 07:00:00,NR,store_discharge,0.0,YZ,MW
2051-08-07 08:00:00,SO,store_discharge,0.0,YZ,MW
2051-08-08 09:00:00,CE,store_discharge,0.0,YZ,MW
2051-08-09 10:00:00,NR,store_discharge,0.0,YZ,MW
2051-08-10 11:00:00,SO,store_discharge,0.0,YZ,MW
2051-08-11 12:00:00,CE,store_discharge,0.0,YZ,MW
2051-08-12 13:00:00,NR,store_discharge,0.0,YZ,MW
2051-08-13 14:00:00,SO,store_discharge,0.0,YZ,MW
2051-08-14 15:00:00,CE,store_discharge,0.0,YZ,MW
2051-08-15 16:00:00,NR,store_discharge,0.0,YZ,MW
2051-08-16 17:00:00,SO,store_discharge,0.0,YZ,MW
2051-08-17 18:00:00,CE,store_discharge,0.0,YZ,MW
2051-08-18 19:00:00,NR,store_discharge,0.0,YZ,MW
2051-08-19 20:00:00,SO,store_discharge,0.0,YZ,MW
2051-08-20 21:00:00,CE,store_discharge,0.0,YZ,MW
2051-08-21 22:00:00,NR,store_discharge,0.0,YZ,MW
2051-08-22 23:00:00,SO,store_discharge,0.0,YZ,MW
2051-08-24 00:00:00,CE,store_discharge,0.0,YZ,MW
2051-08-25 01:00:00,NR,store_discharge,0.0,YZ,MW
2051-08-26 02:00:00,SO,store_discharge,0.0,YZ,MW
2051-08-27 03:00:00,CE,store_discharge,0.0,YZ,MW
2051-08-28 04:00:00,NR,store_discharge,0.0,YZ,MW
2051-08-29 05:00:00,SO,store_discharge,0.0,YZ,MW
2051-08-30 06:00:00,CE,store_discharge,0.0,YZ,MW
2051-08-31 07:00:00,NR,store_discharge,0.0,YZ,MW
2051-09-01 08:00:00,SO,store_discharge,0.0,YZ,MW
2051-09-02 09:00:00,CE,store_discharge,0.0,YZ,MW
2051-09-03 10:00:00,NR,store_discharge,0.0,YZ,MW
2051-09-04 11:00:00,SO,store_discharge,0.0,YZ,MW
2051-09-05 12:00:00,CE,store_discharge,0.0,YZ,MW
2051-09-06 13:00:00,NR,store_discharge,0.0,YZ,MW
2051-09-07 14:00:00,SO,store_discharge,0.0,YZ,MW
2051-09-08 15:00:00,CE,store_discharge,0.0,YZ,MW
2051-09-09 16:00:00,NR,store_discharge,0.0,YZ,MW
2051-09-10 17:00:00,SO,store_discharge,0.0,YZ,MW
2051-09-11 18:00:00,CE,store_discharge,-3.69,YZ,MW
2051-09-12 19:00:00,NR,store_discharge,-6.21,YZ,MW
2051-09-13 20:00:00,SO,store_discharge,-4.5,YZ,MW
2051-09-14 21:00:00,CE,store_discharge,3.69,YZ,MW
2051-09-15 22:00:00,NR,store_discharge,6.21,YZ,MW
2051-09-16 23:00:00,SO,store_discharge,4.5,YZ,MW
2051-09-18 00:00:00,CE,store_discharge,0.0,YZ,MW
2051-09-19 01:00:00,NR,store_discharge,0.0,YZ,MW
2051-09-20 02:00:00,SO,store_discharge,0.0,YZ,MW
2051-09-21 03:00:00,CE,store_discharge,0.0,YZ,MW
2051-09-22 04:00:00,NR,store_discharge,0.0,YZ,MW
2051-09-23 05:00:00,SO,store_discharge,0.0,YZ,MW
2051-09-24 06:00:00,CE,store_discharge,0.0,YZ,MW
2051-09-25 07:00:00,NR,store_discharge,0.0,YZ,MW
2051-09-26 08:00:00,SO,store_discharge,0.0,YZ,MW
2051-09-27 09:00:00,CE,store_discharge,0.0,YZ,MW
2051-09-28 10:00:00,NR,store_discharge,0.0,YZ,MW
2051-09-29 11:00:00,SO,store_discharge,0.0,YZ,MW
2051-09-30 12:00:00,CE,store_discharge,0.0,YZ,MW
2051-10-01 13:00:00,NR,store_discharge,0.0,YZ,MW
2051-10-02 14:00:00,SO,store_discharge,0.0,YZ,MW
2051-10-03 15:00:00,CE,store_discharge,0.0,YZ,MW
2051-10-04 16:00:00,NR,store_discharge,0.0,YZ,MW
2051-10-05 17:00:00,SO,store_discharge,0.0,YZ,MW
2051-10-06 18:00:00,CE,store_discharge,0.0,YZ,MW
2051-10-07 19:00:00,NR,store_discharge,0.0,YZ,MW
2051-10-08 20:00:00,SO,store_discharge,0.0,YZ,MW
2051-10-09 21:00:00,CE,store_discharge,0.0,YZ,MW
2051-10-10 22:00:00,NR,store_discharge,0.0,YZ,MW
2051-10-11 23:00:00,SO,store_discharge,0.0,YZ,MW
2051-10-13 00:00:00,CE,store_discharge,0.0,YZ,MW
2051-10-14 01:00:00,NR,store_discharge,0.0,YZ,MW
2051-10-15 02:00:00,SO,store_discharge,0.0,YZ,MW
2051-10-16 03:00:00,CE,store_discharge,0.0,YZ,MW
2051-10-17 04:00:00,NR,store_discharge,0.0,YZ,MW
2051-10-18 05:00:00,SO,store_discharge,0.0,YZ,MW
2051-10-19 06:00:00,CE,store_discharge,0.0,YZ,MW
2051-10-20 07:00:00,NR,store_discharge,0.0,YZ,MW
2051-10-21 08:00:00,SO,store_discharge,0.0,YZ,MW
2051-10-22 09:00:00,CE,store_discharge,0.0,YZ,MW
2051-10-23 10:00:00,NR,store_discharge,0.0,YZ,MW
2051-10-24 11:00:00,SO,store_discharge,0.0,YZ,MW
2051-10-25 12:00:00,CE,store_discharge,0.0,YZ,MW
2051-10-26 13:00:00,NR,store_discharge,0.0,YZ,MW
2051-10-27 14:00:00,SO,store_discharge,0.0,YZ,MW
2051-10-28 15:00:00,CE,store_discharge,0.0,YZ,MW
2051-10-29 16:00:00,NR,store_discharge,0.0,YZ,MW
2051-10-30 17:00:00,SO,store_discharge,0.0,YZ,MW
2051-10-31 18:00:00,CE,store_discharge,0.0,YZ,MW
2051-11-01 19:00:00,NR,store_discharge,0.0,YZ,MW
2051-11-02 20:00:00,SO,store_discharge,0.0,YZ,MW
2051-11-03 21:00:00,CE,store_discharge,0.0,YZ,MW
2051-11-04 22:00:00,NR,store_discharge,0.0,YZ,MW
2051-11-05 23:00:00,SO,store_discharge,0.0,YZ,MW
2051-11-07 00:00:00,CE,store_discharge,0.0,YZ,MW
2051-11-08 01:00:00,NR,store_discharge,0.0,YZ,MW
2051-11-09 02:00:00,SO,store_discharge,0.0,YZ,MW
2051-11-10 03:00:00,CE,store_discharge,0.0,YZ,MW
2051-11-11 04:00:00,NR,store_discharge,0.0,YZ,MW
2051-11-12 05:00:00,SO,store_discharge,0.0,YZ,MW
2051-11-13 06:00:00,CE,store_discharge,0.0,YZ,MW
2051-11-14 07:00:00,NR,store_discharge,0.0,YZ,MW
2051-11-15 08:00:00,SO,store_discharge,0.0,YZ,MW
2051-11-16 09:00:00,CE,store_discharge,0.0,YZ,MW
2051-11-17 10:00:00,NR,store_discharge,0.0,YZ,MW
2051-11-18 11:00:00,SO,store_discharge,0.0,YZ,MW
2051-11-19 12:00:00,CE,store_discharge,0.0,YZ,MW
2051-11-20 13:00:00,NR,store_discharge,0.0,YZ,MW
2051-11-21 14:00:00,SO,store_discharge,0.0,YZ,MW
2051-11-22 15:00:00,CE,store_discharge,0.0,YZ,MW
2051-11-23 16:00:00,NR,store_discharge,0.0,YZ,MW
2051-11-24 17:00:00,SO,store_discharge,0.0,YZ,MW
2051-11-25 18:00:00,CE,store_discharge,-3.69,YZ,MW
2051-11-26 19:00:00,NR,store_discharge,-6.21,YZ,MW
2051-11-27 20:00:00,SO,store_discharge,-4.5,YZ,MW
2051-11-28 21:00:00,CE,store_discharge,3.69,YZ,MW
2051-11-29 22:00:00,NR,store_discharge,6.21,YZ,MW
2051-11-30 23:00:00,SO,store_discharge,4.5,YZ,MW
2051-12-02 00:00:00,CE,store_discharge,0.0,YZ,MW
2051-12-03 01:00:00,NR,store_discharge,0.0,YZ,MW
2051-12-04 02:00:00,SO,store_discharge,0.0,YZ,MW
2051-12-05 03:00:00,CE,store_discharge,0.0,YZ,MW
2051-12-06 04:00:00,NR,store_discharge,0.0,YZ,MW
2051-12-07 05:00:00,SO,store_discharge,0.0,YZ,MW
2051-12-08 06:00:00,CE,store_discharge,0.0,YZ,MW
2051-12-09 07:00:00,NR,store_discharge,0.0,YZ,MW
2051-12-10 08:00:00,SO,store_discharge,0.0,YZ,MW
2051-12-11 09:00:00,CE,store_discharge,0.0,YZ,MW
2051-12-12 10:00:00,NR,store_discharge,0.0,YZ,MW
2051-12-13 11:00:00,SO,store_discharge,0.0,YZ,MW
2051-12-14 12:00:00,CE,store_discharge,0.0,YZ,MW
2051-12-15 13:00:00,NR,store_discharge,0.0,YZ,MW
2051-12-16 14:00:00,SO,store_discharge,0.0,YZ,MW
2051-12-17 15:00:00,CE,store_discharge,0.0,YZ,MW
2051-12-18 16:00:00,NR,store_discharge,0.0,YZ,MW
2051-12-19 17:00:00,SO,store_discharge,0.0,YZ,MW
2051-12-20 18:00:00,CE,store_discharge,0.0,YZ,MW
2051-12-21 19:00:00,NR,store_discharge,0.0,YZ,MW
2051-12-22 20:00:00,SO,store_discharge,0.0,YZ,MW
2051-12-23 21:00:00,CE,store_discharge,0.0,YZ,MW
2051-12-24 22:00:00,NR,store_discharge,0.0,YZ,MW
2051-12-25 23:00:00,SO,store_discharge,0.0,YZ,MW
2051-12-27 00:00:00,CE,store_discharge,0.0,YZ,MW
2051-12-28 01:00:00,NR,store_discharge,0.0,YZ,MW
2051-12-29 02:00:00,SO,store_discharge,0.0,YZ,MW
2051-12-30 03:00:00,CE,store_discharge,0.0,YZ,MW
2051-12-31 04:00:00,NR,store_discharge,0.0,YZ,MW
2052-01-01 05:00:00,SO,store_discharge,0.0,YZ,MW
2052-01-02 06:00:00,CE,store_discharge,0.0,YZ,MW
2052-01-03 07:00:00,NR,store_discharge,0.0,YZ,MW
2052-01-04 08:00:00,SO,store_discharge,0.0,YZ,MW
2052-01-05 09:00:00,CE,store_discharge,0.0,YZ,MW
2052-01-06 10:00:00,NR,store_discharge,0.0,YZ,MW
2052-01-07 11:00:00,SO,store_discharge,0.0,YZ,MW
2052-01-08 12:00:00,CE,store_discharge,0.0,YZ,MW
2052-01-09 13:00:00,NR,store_discharge,0.0,YZ,MW
2052-01-10 14:00:00,SO,store_discharge,0.0,YZ,MW
2052-01-11 15:00:00,CE,store_discharge,0.0,YZ,MW
2052-01-12 16:00:00,NR,store_discharge,0.0,YZ,MW
2052-01-13 17:00:00,SO,store_discharge,0.0,YZ,MW
2052-01-14 18:00:00,CE,store_discharge,0.0,YZ,MW
2052-01-15 19:00:00,NR,store_discharge,0.0,YZ,MW
2052-01-16 20:00:00,SO,store_discharge,0.0,YZ,MW
2052-01-17 21:00:00,CE,store_discharge,0.0,YZ,MW
2052-01-18 22:00:00,NR,store_discharge,0.0,YZ,MW
2052-01-19 23:00:00,SO,store_discharge,0.0,YZ,MW
2052-01-21 00:00:00,CE,store_discharge,0.0,YZ,MW
2052-01-22 01:00:00,NR,store_discharge,0.0,YZ,MW
2052-01-23 02:00:00,SO,store_discharge,0.0,YZ,MW
2052-01-24 03:00:00,CE,store_discharge,0.0,YZ,MW
2052-01-25 04:00:00,NR,store_discharge,0.0,YZ,MW
2052-01-26 05:00:00,SO,store_discharge,0.0,YZ,MW
2052-01-27 06:00:00,CE,store_discharge,0.0,YZ,MW
2052-01-28 07:00:00,NR,store_discharge,0.0,YZ,MW
2052-01-29 08:00:00,SO,store_discharge,0.0,YZ,MW
2052-01-30 09:00:00,CE,store_discharge,0.0,YZ,MW
2052-01-31 10:00:00,NR,store_discharge,0.0,YZ,MW
2052-02-01 11:00:00,SO,store_discharge,0.0,YZ,MW
2052-02-02 12:00:00,CE,store_discharge,0.0,YZ,MW
2052-02-03 13:00:00,NR,store_discharge,0.0,YZ,MW
2052-02-04 14:00:00,SO,store_discharge,0.0,YZ,MW
2052-02-05 15:00:00,CE,store_discharge,0.0,YZ,MW
2052-02-06 16:00:00,NR,store_discharge,0.0,YZ,MW
2052-02-07 17:00:00,SO,store_discharge,0.0,YZ,MW
2052-02-08 18:00:00,CE,store_discharge,-3.69,YZ,MW
2052-02-09 19:00:00,NR,store_discharge,-6.21,YZ,MW
2052-02-10 20:00:00,SO,store_discharge,-4.5,YZ,MW
2052-02-11 21:00:00,CE,store_discharge,3.69,YZ,MW
2052-02-12 22:00:00,NR,store_discharge,6.21,YZ,MW
2052-02-13 23:00:00,SO,store_discharge,4.5,YZ,MW
2052-02-15 00:00:00,CE,store_discharge,0.0,YZ,MW
2052-02-16 01:00:00,NR,store_discharge,0.0,YZ,MW
2052-02-17 02:00:00,SO,store_discharge,0.0,YZ,MW
2052-02-18 03:00:00,CE,store_discharge,0.0,YZ,MW
2052-02-19 04:00:00,NR,store_discharge,0.0,YZ,MW
2052-02-20 05:00:00,SO,store_discharge,0.0,YZ,MW
2052-02-21 06:00:00,CE,store_discharge,0.0,YZ,MW
2052-02-22 07:00:00,NR,store_discharge,0.0,YZ,MW
2052-02-23 08:00:00,SO,store_discharge,0.0,YZ,MW
2052-02-24 09:00:00,CE,store_discharge,0.0,YZ,MW
2052-02-25 10:00:00,NR,store_discharge,0.0,YZ,MW
2052-02-26 11:00:00,SO,store_discharge,0.0,YZ,MW
2052-02-27 12:00:00,CE,store_discharge,0.0,YZ,MW
2052-02-28 13:00:00,NR,store_discharge,0.0,YZ,MW
2052-02-29 14:00:00,SO,store_discharge,0.0,YZ,MW
2052-03-01 15:00:00,CE,store_discharge,0.0,YZ,MW
2052-03-02 16:00:00,NR,store_discharge,0.0,YZ,MW
2052-03-03 17:00:00,SO,store_discharge,0.0,YZ,MW
2052-03-04 18:00:00,CE,store_discharge,0.0,YZ,MW
2052-03-05 19:00:00,NR,store_discharge,0.0,YZ,MW
2052-03-06 20:00:00,SO,store_discharge,0.0,YZ,MW
2052-03-07 21:00:00,CE,store_discharge,0.0,YZ,MW
2052-03-08 22:00:00,NR,store_discharge,0.0,YZ,MW
2052-03-09 23:00:00,SO,store_discharge,0.0,YZ,MW
2052-03-11 00:00:00,CE,store_discharge,0.0,YZ,MW
2052-03-12 01:00:00,NR,store_discharge,0.0,YZ,MW
2052-03-13 02:00:00,SO,store_discharge,0.0,YZ,MW
2052-03-14 03:00:00,CE,store_discharge,0.0,YZ,MW
2052-03-15 04:00:00,NR,store_discharge,0.0,YZ,MW
2052-03-16 05:00:00,SO,store_discharge,0.0,YZ,MW
2052-03-17 06:00:00,CE,store_discharge,0.0,YZ,MW
2052-03-18 07:00:00,NR,store_discharge,0.0,YZ,MW
2052-03-19 08:00:00,SO,store_discharge,0.0,YZ,MW
2052-03-20 09:00:00,CE,store_discharge,0.0,YZ,MW
2052-03-21 10:00:00,NR,store_discharge,0.0,YZ,MW
2052-03-22 11:00:00,SO,store_discharge,0.0,YZ,MW
2052-03-23 12:00:00,CE,store_discharge,0.0,YZ,MW
2052-03-24 13:00:00,NR,store_discharge,0.0,YZ,MW
2052-03-25 14:00:00,SO,store_discharge,0.0,YZ,MW
2052-03-26 15:00:00,CE,store_discharge,0.0,YZ,MW
2052-03-27 16:00:00,NR,store_discharge,0.0,YZ,MW
2052-03-28 17:00:00,SO,store_discharge,0.0,YZ,MW
2052-03-29 18:00:00,CE,store_discharge,0.0,YZ,MW
2052-03-30 19:00:00,NR,store_discharge,0.0,YZ,MW
2052-03-31 20:00:00,SO,store_discharge,0.0,YZ,MW
2052-04-01 21:00:00,CE,store_discharge,0.0,YZ,MW
2052-04-02 22:00:00,NR,store_discharge,0.0,YZ,MW
2052-04-03 23:00:00,SO,store_discharge,0.0,YZ,MW
2052-04-05 00:00:00,CE,store_discharge,0.0,YZ,MW
2052-04-06 01:00:00,NR,store_discharge,0.0,YZ,MW
2052-04-07 02:00:00,SO,store_discharge,0.0,YZ,MW
2052-04-08 03:00:00,CE,store_discharge,0.0,YZ,MW
2052-04-09 04:00:00,NR,store_discharge,0.0,YZ,MW
2052-04-10 05:00:00,SO,store_discharge,0.0,YZ,MW
2052-04-11 06:00:00,CE,store_discharge,0.0,YZ,MW
2052-04-12 07:00:00,NR,store_discharge,0.0,YZ,MW
2052-04-13 08:00:00,SO,store_discharge,0.0,YZ,MW
2052-04-14 09:00:00,CE,store_discharge,0.0,YZ,MW
2052-04-15 10:00:00,NR,store_discharge,0.0,YZ,MW
2052-04-16 11:00:00,SO,store_discharge,0.0,YZ,MW
2052-04-17 12:00:00,CE,store_discharge,0.0,YZ,MW
2052-04-18 13:00:00,NR,store_discharge,0.0,YZ,MW
2052-04-19 14:00:00,SO,store_discharge,0.0,YZ,MW
2052-04-20 15:00:00,CE,store_discharge,0.0,YZ,MW
2052-04-21 16:00:00,NR,store_discharge,0.0,YZ,MW
2052-04-22 17:00:00,SO,store_discharge,0.0,YZ,MW
2052-04-23 18:00:00,CE,store_discharge,-3.69,YZ,MW
2052-04-24 19:00:00,NR,store_discharge,-6.21,YZ,MW
2052-04-25 20:00:00,SO,store_discharge,-4.5,YZ,MW
2052-04-26 21:00:00,CE,store_discharge,3.69,YZ,MW
2052-04-27 22:00:00,NR,store_discharge,6.21,YZ,MW
2052-04-28 23:00:00,SO,store_discharge,4.5,YZ,MW
2052-04-30 00:00:00,CE,store_discharge,0.0,YZ,MW
2052-05-01 01:00:00,NR,store_discharge,0.0,YZ,MW
2052-05-02 02:00:00,SO,store_discharge,0.0,YZ,MW
2052-05-03 03:00:00,CE,store_discharge,0.0,YZ,MW
2052-05-04 04:00:00,NR,store_discharge,0.0,YZ,MW
2052-05-05 05:00:00,SO,store_discharge,0.0,YZ,MW
2052-05-06 06:00:00,CE,store_discharge,0.0,YZ,MW
2052-05-07 07:00:00,NR,store_discharge,0.0,YZ,MW
2052-05-08 08:00:00,SO,store_discharge,0.0,YZ,MW
2052-05-09 09:00:00,CE,store_discharge,0.0,YZ,MW
2052-05-10 10:00:00,NR,store_discharge,0.0,YZ,MW
2052-05-11 11:00:00,SO,store_discharge,0.0,YZ,MW
2052-05-12 12:00:00,CE,store_discharge,0.0,YZ,MW
2052-05-13 13:00:00,NR,store_discharge,0.0,YZ,MW
2052-05-14 14:00:00,SO,store_discharge,0.0,YZ,MW
2052-05-15 15:00:00,CE,store_discharge,0.0,YZ,MW
2052-05-16 16:00:00,NR,store_discharge,0.0,YZ,MW
2052-05-17 17:00:00,SO,store_discharge,0.0,YZ,MW
2052-05-18 18:00:00,CE,store_discharge,0.0,YZ,MW
2052-05-19 19:00:00,NR,store_discharge,0.0,YZ,MW
2052-05-20 20:00:00,SO,store_discharge,0.0,YZ,MW
2052-05-21 21:00:00,CE,store_discharge,0.0,YZ,MW
2052-05-22 22:00:00,NR,store_discharge,0.0,YZ,MW
2052-05-23 23:00:00,SO,store_discharge,0.0,YZ,MW
2052-05-25 00:00:00,CE,store_discharge,0.0,YZ,MW
2052-05-26 01:00:00,NR,store_discharge,0.0,YZ,MW
2052-05-27 02:00:00,SO,store_discharge,0.0,YZ,MW
2052-05-28 03:00:00,CE,store_discharge,0.0,YZ,MW
2052-05-29 04:00:00,NR,store_discharge,0.0,YZ,MW
2052-05-30 05:00:00,SO,store_discharge,0.0,YZ,MW
2052-05-31 06:00:00,CE,store_discharge,0.0,YZ,MW
2052-06-01 07:00:00,NR,store_discharge,0.0,YZ,MW
2052-06-02 08:00:00,SO,store_discharge,0.0,YZ,MW
2052-06-03 09:00:00,CE,store_discharge,0.0,YZ,MW
2052-06-04 10:00:00,NR,store_discharge,0.0,YZ,MW
2052-06-05 11:00:00,SO,store_discharge,0.0,YZ,MW
2052-06-06 12:00:00,CE,store_discharge,0.0,YZ,MW
2052-06-07 13:00:00,NR,store_discharge,0.0,YZ,MW
2052-06-08 14:00:00,SO,store_discharge,0.0,YZ,MW
2052-06-09 15:00:00,CE,store_discharge,0.0,YZ,MW
2052-06-10 16:00:00,NR,store_discharge,0.0,YZ,MW
2052-06-11 17:00:00,SO,store_discharge,0.0,YZ,MW
2052-06-12 18:00:00,CE,store_discharge,0.0,YZ,MW
2052-06-13 19:00:00,NR,store_discharge,0.0,YZ,MW
2052-06-14 20:00:00,SO,store_discharge,0.0,YZ,MW
2052-06-15 21:00:00,CE,store_discharge,0.0,YZ,MW
2052-06-16 22:00:00,NR,store_discharge,0.0,YZ,MW
2052-06-17 23:00:00,SO,store_discharge,0.0,YZ,MW
2052-06-19 00:00:00,CE,store_discharge,0.0,YZ,MW
2052-06-20 01:00:00,NR,store_discharge,0.0,YZ,MW
2052-06-21 02:00:00,SO,store_discharge,0.0,YZ,MW
2052-06-22 03:00:00,CE,store_discharge,0.0,YZ,MW
2052-06-23 04:00:00,NR,store_discharge,0.0,YZ,MW
2052-06-24 05:00:00,SO,store_discharge,0.0,YZ,MW
2052-06-25 06:00:00,CE,store_discharge,0.0,YZ,MW
2052-06-26 07:00:00,NR,store_discharge,0.0,YZ,MW
2052-06-27 08:00:00,SO,store_discharge,0.0,YZ,MW
2052-06-28 09:00:00,CE,store_discharge,0.0,YZ,MW
2052-06-29 10:00:00,NR,store_discharge,0.0,YZ,MW
2052-06-30 11:00:00,SO,store_discharge,0.0,YZ,MW
2052-07-01 12:00:00,CE,store_discharge,0.0,YZ,MW
2052-07-02 13:00:00,NR,store_discharge,0.0,YZ,MW
2052-07-03 14:00:00,SO,store_discharge,0.0,YZ,MW
2052-07-04 15:00:00,CE,store_discharge,0.0,YZ,MW
2052-07-05 16:00:00,NR,store_discharge,0.0,YZ,MW
2052-07-06 17:00:00,SO,store_discharge,0.0,YZ,MW
2052-07-07 18:00:00,CE,store_discharge,0.0,YZ,MW
2052-07-08 19:00:00,NR,store_discharge,0.0,YZ,MW
2052-07-09 20:00:00,SO,store_discharge,0.0,YZ,MW
2052-07-10 21:00:00,CE,store_discharge,-3.69,YZ,MW
2052-07-11 22:00:00,NR,store_discharge,-6.21,YZ,MW
2052-07-12 23:00:00,SO,store_discharge,-4.5,YZ,MW
2052-07-14 00:00:00,CE,store_discharge,3.69,YZ,MW
2052-07-15 01:00:00,NR,store_discharge,6.21,YZ,MW
2052-07-16 02:00:00,SO,store_discharge,4.5,YZ,MW
2052-07-17 03:00:00,CE,store_discharge,0.0,YZ,MW
2052-07-18 04:00:00,NR,store_discharge,0.0,YZ,MW
2052-07-19 05:00:00,SO,store_discharge,0.0,YZ,MW
2052-07-20 06:00:00,CE,store_discharge,0.0,YZ,MW
2052-07-21 07:00:00,NR,store_discharge,0.0,YZ,MW
2052-07-22 08:00:00,SO,store_discharge,0.0,YZ,MW
2052-07-23 09:00:00,CE,store_discharge,0.0,YZ,MW
2052-07-24 10:00:00,NR,store_discharge,0.0,YZ,MW
2052-07-25 11:00:00,SO,store_discharge,0.0,YZ,MW
2052-07-26 12:00:00,CE,store_discharge,0.0,YZ,MW
2052-07-27 13:00:00,NR,store_discharge,0.0,YZ,MW
2052-07-28 14:00:00,SO,store_discharge,0.0,YZ,MW
2052-07-29 15:00:00,CE,store_discharge,0.0,YZ,MW
2052-07-30 16:00:00,NR,store_discharge,0.0,YZ,MW
2052-07-31 17:00:00,SO,store_discharge,0.0,YZ,MW
2052-08-01 18:00:00,CE,store_discharge,0.0,YZ,MW
2052-08-02 19:00:00,NR,store_discharge,0.0,YZ,MW
2052-08-03 20:00:00,SO,store_discharge,0.0,YZ,MW
2052-08-04 21:00:00,CE,store_discharge,0.0,YZ,MW
2052-08-05 22:00:00,NR,store_discharge,0.0,YZ,MW
2052-08-06 23:00:00,SO,store_discharge,0.0,YZ,MW
2052-08-08 00:00:00,CE,store_discharge,0.0,YZ,MW
2052-08-09 01:00:00,NR,store_discharge,0.0,YZ,MW
2052-08-10 02:00:00,SO,store_discharge,0.0,YZ,MW
2052-08-11 03:00:00,CE,store_discharge,0.0,YZ,MW
2052-08-12 04:00:00,NR,store_discharge,0.0,YZ,MW
2052-08-13 05:00:00,SO,store_discharge,0.0,YZ,MW
2052-08-14 06:00:00,CE,store_discharge,0.0,YZ,MW
2052-08-15 07:00:00,NR,store_discharge,0.0,YZ,MW
2052-08-16 08:00:00,SO,store_discharge,0.0,YZ,MW
2052-08-17 09:00:00,CE,store_discharge,0.0,YZ,MW
2052-08-18 10:00:00,NR,store_discharge,0.0,YZ,MW
2052-08-19 11:00:00,SO,store_discharge,0.0,YZ,MW
2052-08-20 12:00:00,CE,store_discharge,0.0,YZ,MW
2052-08-21 13:00:00,NR,store_discharge,0.0,YZ,MW
2052-08-22 14:00:00,SO,store_discharge,0.0,YZ,MW
2052-08-23 15:00:00,CE,store_discharge,0.0,YZ,MW
2052-08-24 16:00:00,NR,store_discharge,0.0,YZ,MW
2052-08-25 17:00:00,SO,store_discharge,0.0,YZ,MW
2052-08-26 18:00:00,CE,store_discharge,0.0,YZ,MW
2052-08-27 19:00:00,NR,store_discharge,0.0,YZ,MW
2052-08-28 20:00:00,SO,store_discharge,0.0,YZ,MW
2052-08-29 21:00:00,CE,store_discharge,0.0,YZ,MW
2052-08-30 22:00:00,NR,store_discharge,0.0,YZ,MW
2052-08-31 23:00:00,SO,store_discharge,0.0,YZ,MW
2052-09-02 00:00:00,CE,store_discharge,0.0,YZ,MW
2052-09-03 01:00:00,NR,store_discharge,0.0,YZ,MW
2052-09-04 02:00:00,SO,store_discharge,0.0,YZ,MW
2052-09-05 03:00:00,CE,store_discharge,0.0,YZ,MW
2052-09-06 04:00:00,NR,store_discharge,0.0,YZ,MW
2052-09-07 05:00:00,SO,store_discharge,0.0,YZ,MW
2052-09-08 06:00:00,CE,store_discharge,0.0,YZ,MW
2052-09-09 07:00:00,NR,store_discharge,0.0,YZ,MW
2052-09-10 08:00:00,SO,store_discharge,0.0,YZ,MW
2052-09-11 09:00:00,CE,store_discharge,0.0,YZ,MW
2052-09-12 10:00:00,NR,store_discharge,0.0,YZ,MW
2052-09-13 11:00:00,SO,store_discharge,0.0,YZ,MW
2052-09-14 12:00:00,CE,store_discharge,0.0,YZ,MW
2052-09-15 13:00:00,NR,store_discharge,0.0,YZ,MW
2052-09-16 14:00:00,SO,store_discharge,0.0,YZ,MW
2052-09-17 15:00:00,CE,store_discharge,0.0,YZ,MW
2052-09-18 16:00:00,NR,store_discharge,0.0,YZ,MW
2052-09-19 17:00:00,SO,store_discharge,0.0,YZ,MW
2052-09-20 18:00:00,CE,store_discharge,0.0,YZ,MW
2052-09-21 19:00:00,NR,store_discharge,0.0,YZ,MW
2052-09-22 20:00:00,SO,store_discharge,0.0,YZ,MW
2052-09-23 21:00:00,CE,store_discharge,-3.69,YZ,MW
2052-09-24 22:00:00,NR,store_discharge,-6.21,YZ,MW
2052-09-25 23:00:00,SO,store_discharge,-4.5,YZ,MW
2052-09-27 00:00:00,CE,store_discharge,3.69,YZ,MW
2052-09-28 01:00:00,NR,store_discharge,6.21,YZ,MW
2052-09-29 02:00:00,SO,store_discharge,4.5,YZ,MW
2052-09-30 03:00:00,CE,store_discharge,0.0,YZ,MW
2052-10-01 04:00:00,NR,store_discharge,0.0,YZ,MW
2052-10-02 05:00:00,SO,store_discharge,0.0,YZ,MW
2052-10-03 06:00:00,CE,store_discharge,0.0,YZ,MW
2052-10-04 07:00:00,NR,store_discharge,0.0,YZ,MW
2052-10-05 08:00:00,SO,store_discharge,0.0,YZ,MW
2052-10-06 09:00:00,CE,store_discharge,0.0,YZ,MW
2052-10-07 10:00:00,NR,store_discharge,0.0,YZ,MW
2052-10-08 11:00:00,SO,store_discharge,0.0,YZ,MW
2052-10-09 12:00:00,CE,store_discharge,0.0,YZ,MW
2052-10-10 13:00:00,NR,store_discharge,0.0,YZ,MW
2052-10-11 14:00:00,SO,store_discharge,0.0,YZ,MW
2052-10-12 15:00:00,CE,store_discharge,0.0,YZ,MW
2052-10-13 16:00:00,NR,store_discharge,0.0,YZ,MW
2052-10-14 17:00:00,SO,store_discharge,0.0,YZ,MW
2052-10-15 18:00:00,CE,store_discharge,0.0,YZ,MW
2052-10-16 19:00:00,NR,store_discharge,0.0,YZ,MW
2052-10-17 20:00:00,SO,store_discharge,0.0,YZ,MW
2052-10-18 21:00:00,CE,store_discharge,0.0,YZ,MW
2052-10-19 22:00:00,NR,store_discharge,0.0,YZ,MW
2052-10-20 23:00:00,SO,store_discharge,0.0,YZ,MW
2052-10-22 00:00:00,CE,store_discharge,0.0,YZ,MW
2052-10-23 01:00:00,NR,store_discharge,0.0,YZ,MW
2052-10-24 02:00:00,SO,store_discharge,0.0,YZ,MW
2052-10-25 03:00:00,CE,store_discharge,0.0,YZ,MW
2052-10-26 04:00:00,NR,store_discharge,0.0,YZ,MW
2052-10-27 05:00:00,SO,store_discharge,0.0,YZ,MW
2052-10-28 06:00:00,CE,store_discharge,0.0,YZ,MW
2052-10-29 07:00:00,NR,store_discharge,0.0,YZ,MW
2052-10-30 08:00:00,SO,store_discharge,0.0,YZ,MW
2052-10-31 09:00:00,CE,store_discharge,0.0,YZ,MW
2052-11-01 10:00:00,NR,store_discharge,0.0,YZ,MW
2052-11-02 11:00:00,SO,store_discharge,0.0,YZ,MW
2052-11-03 12:00:00,CE,store_discharge,0.0,YZ,MW
2052-11-04 13:00:00,NR,store_discharge,0.0,YZ,MW
2052-11-05 14:00:00,SO,store_discharge,0.0,YZ,MW
2052-11-06 15:00:00,CE,store_discharge,0.0,YZ,MW
2052-11-07 16:00:00,NR,store_discharge,0.0,YZ,MW
2052-11-08 17:00:00,SO,store_discharge,0.0,YZ,MW
2052-11-09 18:00:00,CE,store_discharge,0.0,YZ,MW
2052-11-10 19:00:00,NR,store_discharge,0.0,YZ,MW
2052-11-11 20:00:00,SO,store_discharge,0.0,YZ,MW
2052-11-12 21:00:00,CE,store_discharge,0.0,YZ,MW
2052-11-13 22:00:00,NR,store_discharge,0.0,YZ,MW
2052-11-14 23:00:00,SO,store_discharge,0.0,YZ,MW
2052-11-16 00:00:00,CE,store_discharge,0.0,YZ,MW
2052-11-17 01:00:00,NR,store_discharge,0.0,YZ,MW
2052-11-18 02:00:00,SO,store_discharge,0.0,YZ,MW
2052-11-19 03:00:00,CE,store_discharge,0.0,YZ,MW
2052-11-20 04:00:00,NR,store_discharge,0.0,YZ,MW
2052-11-21 05:00:00,SO,store_discharge,0.0,YZ,MW
2052-11-22 06:00:00,CE,store_discharge,0.0,YZ,MW
2052-11-23 07:00:00,NR,store_discharge,0.0,YZ,MW
2052-11-24 08:00:00,SO,store_discharge,0.0,YZ,MW
2052-11-25 09:00:00,CE,store_discharge,0.0,YZ,MW
2052-11-26 10:00:00,NR,store_discharge,0.0,YZ,MW
2052-11-27 11:00:00,SO,store_discharge,0.0,YZ,MW
2052-11-28 12:00:00,CE,store_discharge,0.0,YZ,MW
2052-11-29 13:00:00,NR,store_discharge,0.0,YZ,MW
2052-11-30 14:00:00,SO,store_discharge,0.0,YZ,MW
2052-12-01 15:00:00,CE,store_discharge,0.0,YZ,MW
2052-12-02 16:00:00,NR,store_discharge,0.0,YZ,MW
2052-12-03 17:00:00,SO,store_discharge,0.0,YZ,MW
2052-12-04 18:00:00,CE,store_discharge,0.0,YZ,MW
2052-12-05 19:00:00,NR,store_discharge,0.0,YZ,MW
2052-12-06 20:00:00,SO,store_discharge,0.0,YZ,MW
2052-12-07 21:00:00,CE,store_discharge,-3.69,YZ,MW
2052-12-08 22:00:00,NR,store_discharge,-6.21,YZ,MW
2052-12-09 23:00:00,SO,store_discharge,-4.5,YZ,MW
2052-12-11 00:00:00,CE,store_discharge,3.69,YZ,MW
2052-12-12 01:00:00,NR,store_discharge,6.21,YZ,MW
2052-12-13 02:00:00,SO,store_discharge,4.5,YZ,MW
2052-12-14 03:00:00,CE,store_discharge,0.0,YZ,MW
2052-12-15 04:00:00,NR,store_discharge,0.0,YZ,MW
2052-12-16 05:00:00,SO,store_discharge,0.0,YZ,MW
2052-12-17 06:00:00,CE,store_discharge,0.0,YZ,MW
2052-12-18 07:00:00,NR,store_discharge,0.0,YZ,MW
2052-12-19 08:00:00,SO,store_discharge,0.0,YZ,MW
2052-12-20 09:00:00,CE,store_discharge,0.0,YZ,MW
2052-12-21 10:00:00,NR,store_discharge,0.0,YZ,MW
2052-12-22 11:00:00,SO,store_discharge,0.0,YZ,MW
2052-12-23 12:00:00,CE,store_discharge,0.0,YZ,MW
2052-12-24 13:00:00,NR,store_discharge,0.0,YZ,MW
2052-12-25 14:00:00,SO,store_discharge,0.0,YZ,MW
2052-12-26 15:00:00,CE,store_discharge,0.0,YZ,MW
2052-12-27 16:00:00,NR,store_discharge,0.0,YZ,MW
2052-12-28 17:00:00,SO,store_discharge,0.0,YZ,MW
2052-12-29 18:00:00,CE,store_discharge,0.0,YZ,MW
2052-12-30 19:00:00,NR,store_discharge,0.0,YZ,MW
2052-12-31 20:00:00,SO,store_discharge,0.0,YZ,MW
2053-01-01 21:00:00,CE,store_discharge,0.0,YZ,MW
2053-01-02 22:00:00,NR,store_discharge,0.0,YZ,MW
2053-01-03 23:00:00,SO,store_discharge,0.0,YZ,MW
2050-01-01 00:00:00,CE,state_of_charge,0.0,YZ,MW
2050-01-02 01:00:00,NR,state_of_charge,162.0,YZ,MW
2050-01-03 02:00:00,SO,state_of_charge,0.0,YZ,MW
2050-01-04 03:00:00,CE,state_of_charge,0.0,YZ,MW
2050-01-05 04:00:00,NR,state_of_charge,0.0,YZ,MW
2050-01-06 05:00:00,SO,state_of_charge,0.0,YZ,MW
2050-01-07 06:00:00,CE,state_of_charge,0.0,YZ,MW
2050-01-08 07:00:00,NR,state_of_charge,0.0,YZ,MW
2050-01-09 08:00:00,SO,state_of_charge,0.0,YZ,MW
2050-01-10 09:00:00,CE,state_of_charge,0.0,YZ,MW
2050-01-11 10:00:00,NR,state_of_charge,0.0,YZ,MW
2050-01-12 11:00:00,SO,state_of_charge,0.0,YZ,MW
2050-01-13 12:00:00,CE,state_of_charge,0.0,YZ,MW
2050-01-14 13:00:00,NR,state_of_charge,0.0,YZ,MW
2050-01-15 14:00:00,SO,state_of_charge,0.0,YZ,MW
2050-01-16 15:00:00,CE,state_of_charge,0.0,YZ,MW
2050-01-17 16:00:00,NR,state_of_charge,0.0,YZ,MW
2050-01-18 17:00:00,SO,state_of_charge,0.0,YZ,MW
2050-01-19 18:00:00,CE,state_of_charge,92.25,YZ,MW
2050-01-20 19:00:00,NR,state_of_charge,155.25,YZ,MW
2050-01-21 20:00:00,SO,state_of_charge,112.5,YZ,MW
2050-01-22 21:00:00,CE,state_of_charge,0.0,YZ,MW
2050-01-23 22:00:00,NR,state_of_charge,0.0,YZ,MW
2050-01-24 23:00:00,SO,state_of_charge,0.0,YZ,MW
2050-01-26 00:00:00,CE,state_of_charge,0.0,YZ,MW
2050-01-27 01:00:00,NR,state_of_charge,0.0,YZ,MW
2050-01-28 02:00:00,SO,state_of_charge,0.0,YZ,MW
2050-01-29 03:00:00,CE,state_of_charge,0.0,YZ,MW
2050-01-30 04:00:00,NR,state_of_charge,0.0,YZ,MW
2050-01-31 05:00:00,SO,state_of_charge,0.0,YZ,MW
2050-02-01 06:00:00,CE,state_of_charge,0.0,YZ,MW
2050-02-02 07:00:00,NR,state_of_charge,0.0,YZ,MW
2050-02-03 08:00:00,SO,state_of_charge,0.0,YZ,MW
2050-02-04 09:00:00,CE,state_of_charge,0.0,YZ,MW
2050-02-05 10:00:00,NR,state_of_charge,0.0,YZ,MW
2050-02-06 11:00:00,SO,state_of_charge,0.0,YZ,MW
2050-02-07 12:00:00,CE,state_of_charge,0.0,YZ,MW
2050-02-08 13:00:00,NR,state_of_charge,0.0,YZ,MW
2050-02-09 14:00:00,SO,state_of_charge,0.0,YZ,MW
2050-02-10 15:00:00,CE,state_of_charge,0.0,YZ,MW
2050-02-11 16:00:00,NR,state_of_charge,0.0,YZ,MW
2050-02-12 17:00:00,SO,state_of_charge,0.0,YZ,MW
2050-02-13 18:00:00,CE,state_of_charge,0.0,YZ,MW
2050-02-14 19:00:00,NR,state_of_charge,0.0,YZ,MW
2050-02-15 20:00:00,SO,state_of_charge,0.0,YZ,MW
2050-02-16 21:00:00,CE,state_of_charge,0.0,YZ,MW
2050-02-17 22:00:00,NR,state_of_charge,0.0,YZ,MW
2050-02-18 23:00:00,SO,state_of_charge,0.0,YZ,MW
2050-02-20 00:00:00,CE,state_of_charge,0.0,YZ,MW
2050-02-21 01:00:00,NR,state_of_charge,0.0,YZ,MW
2050-02-22 02:00:00,SO,state_of_charge,0.0,YZ,MW
2050-02-23 03:00:00,CE,state_of_charge,0.0,YZ,MW
2050-02-24 04:00:00,NR,state_of_charge,0.0,YZ,MW
2050-02-25 05:00:00,SO,state_of_charge,0.0,YZ,MW
2050-02-26 06:00:00,CE,state_of_charge,0.0,YZ,MW
2050-02-27 07:00:00,NR,state_of_charge,0.0,YZ,MW
2050-02-28 08:00:00,SO,state_of_charge,0.0,YZ,MW
2050-03-01 09:00:00,CE,state_of_charge,0.0,YZ,MW
2050-03-02 10:00:00,NR,state_of_charge,0.0,YZ,MW
2050-03-03 11:00:00,SO,state_of_charge,0.0,YZ,MW
2050-03-04 12:00:00,CE,state_of_charge,0.0,YZ,MW
2050-03-05 13:00:00,NR,state_of_charge,0.0,YZ,MW
2050-03-06 14:00:00,SO,state_of_charge,0.0,YZ,MW
2050-03-07 15:00:00,CE,state_of_charge,0.0,YZ,MW
2050-03-08 16:00:00,NR,state_of_charge,0.0,YZ,MW
2050-03-09 17:00:00,SO,state_of_charge,0.0,YZ,MW
2050-03-10 18:00:00,CE,state_of_charge,0.0,YZ,MW
2050-03-11 19:00:00,NR,state_of_charge,0.0,YZ,MW
2050-03-12 20:00:00,SO,state_of_charge,0.0,YZ,MW
2050-03-13 21:00:00,CE,state_of_charge,0.0,YZ,MW
2050-03-14 22:00:00,NR,state_of_charge,0.0,YZ,MW
2050-03-15 23:00:00,SO,state_of_charge,0.0,YZ,MW
2050-03-17 00:00:00,CE,state_of_charge,0.0,YZ,MW
2050-03-18 01:00:00,NR,state_of_charge,0.0,YZ,MW
2050-03-19 02:00:00,SO,state_of_charge,0.0,YZ,MW
2050-03-20 03:00:00,CE,state_of_charge,0.0,YZ,MW
2050-03-21 04:00:00,NR,state_of_charge,0.0,YZ,MW
2050-03-22 05:00:00,SO,state_of_charge,0.0,YZ,MW
2050-03-23 06:00:00,CE,state_of_charge,0.0,YZ,MW
2050-03-24 07:00:00,NR,state_of_charge,0.0,YZ,MW
2050-03-25 08:00:00,SO,state_of_charge,0.0,YZ,MW
2050-03-26 09:00:00,CE,state_of_charge,0.0,YZ,MW
2050-03-27 10:00:00,NR,state_of_charge,0.0,YZ,MW
2050-03-28 11:00:00,SO,state_of_charge,0.0,YZ,MW
2050-03-29 12:00:00,CE,state_of_charge,0.0,YZ,MW
2050-03-30 13:00:00,NR,state_of_charge,0.0,YZ,MW
2050-03-31 14:00:00,SO,state_of_charge,0.0,YZ,MW
2050-04-01 15:00:00,CE,state_of_charge,0.0,YZ,MW
2050-04-02 16:00:00,NR,state_of_charge,0.0,YZ,MW
2050-04-03 17:00:00,SO,state_of_charge,0.0,YZ,MW
2050-04-04 18:00:00,CE,state_of_charge,92.25,YZ,MW
2050-04-05 19:00:00,NR,state_of_charge,155.25,YZ,MW
2050-04-06 20:00:00,SO,state_of_charge,112.5,YZ,MW
2050-04-07 21:00:00,CE,state_of_charge,0.0,YZ,MW
2050-04-08 22:00:00,NR,state_of_charge,0.0,YZ,MW
2050-04-09 23:00:00,SO,state_of_charge,0.0,YZ,MW
2050-04-11 00:00:00,CE,state_of_charge,0.0,YZ,MW
2050-04-12 01:00:00,NR,state_of_charge,0.0,YZ,MW
2050-04-13 02:00:00,SO,state_of_charge,0.0,YZ,MW
2050-04-14 03:00:00,CE,state_of_charge,0.0,YZ,MW
2050-04-15 04:00:00,NR,state_of_charge,0.0,YZ,MW
2050-04-16 05:00:00,SO,state_of_charge,0.0,YZ,MW
2050-04-17 06:00:00,CE,state_of_charge,0.0,YZ,MW
2050-04-18 07:00:00,NR,state_of_charge,0.0,YZ,MW
2050-04-19 08:00:00,SO,state_of_charge,0.0,YZ,MW
2050-04-20 09:00:00,CE,state_of_charge,0.0,YZ,MW
2050-04-21 10:00:00,NR,state_of_charge,0.0,YZ,MW
2050-04-22 11:00:00,SO,state_of_charge,0.0,YZ,MW
2050-04-23 12:00:00,CE,state_of_charge,0.0,YZ,MW
2050-04-24 13:00:00,NR,state_of_charge,0.0,YZ,MW
2050-04-25 14:00:00,SO,state_of_charge,0.0,YZ,MW
2050-04-26 15:00:00,CE,state_of_charge,0.0,YZ,MW
2050-04-27 16:00:00,NR,state_of_charge,0.0,YZ,MW
2050-04-28 17:00:00,SO,state_of_charge,0.0,YZ,MW
2050-04-29 18:00:00,CE,state_of_charge,0.0,YZ,MW
2050-04-30 19:00:00,NR,state_of_charge,0.0,YZ,MW
2050-05-01 20:00:00,SO,state_of_charge,0.0,YZ,MW
2050-05-02 21:00:00,CE,state_of_charge,0.0,YZ,MW
2050-05-03 22:00:00,NR,state_of_charge,0.0,YZ,MW
2050-05-04 23:00:00,SO,state_of_charge,0.0,YZ,MW
2050-05-06 00:00:00,CE,state_of_charge,0.0,YZ,MW
2050-05-07 01:00:00,NR,state_of_charge,0.0,YZ,MW
2050-05-08 02:00:00,SO,state_of_charge,0.0,YZ,MW
2050-05-09 03:00:00,CE,state_of_charge,0.0,YZ,MW
2050-05-10 04:00:00,NR,state_of_charge,0.0,YZ,MW
2050-05-11 05:00:00,SO,state_of_charge,0.0,YZ,MW
2050-05-12 06:00:00,CE,state_of_charge,0.0,YZ,MW
2050-05-13 07:00:00,NR,state_of_charge,0.0,YZ,MW
2050-05-14 08:00:00,SO,state_of_charge,0.0,YZ,MW
2050-05-15 09:00:00,CE,state_of_charge,0.0,YZ,MW
2050-05-16 10:00:00,NR,state_of_charge,0.0,YZ,MW
2050-05-17 11:00:00,SO,state_of_charge,0.0,YZ,MW
2050-05-18 12:00:00,CE,state_of_charge,0.0,YZ,MW
2050-05-19 13:00:00,NR,state_of_charge,0.0,YZ,MW
2050-05-20 14:00:00,SO,state_of_charge,0.0,YZ,MW
2050-05-21 15:00:00,CE,state_of_charge,0.0,YZ,MW
2050-05-22 16:00:00,NR,state_of_charge,0.0,YZ,MW
2050-05-23 17:00:00,SO,state_of_charge,0.0,YZ,MW
2050-05-24 18:00:00,CE,state_of_charge,0.0,YZ,MW
2050-05-25 19:00:00,NR,state_of_charge,0.0,YZ,MW
2050-05-26 20:00:00,SO,state_of_charge,0.0,YZ,MW
2050-05-27 21:00:00,CE,state_of_charge,0.0,YZ,MW
2050-05-28 22:00:00,NR,state_of_charge,0.0,YZ,MW
2050-05-29 23:00:00,SO,state_of_charge,0.0,YZ,MW
2050-05-31 00:00:00,CE,state_of_charge,0.0,YZ,MW
2050-06-01 01:00:00,NR,state_of_charge,0.0,YZ,MW
2050-06-02 02:00:00,SO,state_of_charge,0.0,YZ,MW
2050-06-03 03:00:00,CE,state_of_charge,0.0,YZ,MW
2050-06-04 04:00:00,NR,state_of_charge,0.0,YZ,MW
2050-06-05 05:00:00,SO,state_of_charge,0.0,YZ,MW
2050-06-06 06:00:00,CE,state_of_charge,0.0,YZ,MW
2050-06-07 07:00:00,NR,state_of_charge,0.0,YZ,MW
2050-06-08 08:00:00,SO,state_of_charge,0.0,YZ,MW
2050-06-09 09:00:00,CE,state_of_charge,0.0,YZ,MW
2050-06-10 10:00:00,NR,state_of_charge,0.0,YZ,MW
2050-06-11 11:00:00,SO,state_of_charge,0.0,YZ,MW
2050-06-12 12:00:00,CE,state_of_charge,0.0,YZ,MW
2050-06-13 13:00:00,NR,state_of_charge,0.0,YZ,MW
2050-06-14 14:00:00,SO,state_of_charge,0.0,YZ,MW
2050-06-15 15:00:00,CE,state_of_charge,0.0,YZ,MW
2050-06-16 16:00:00,NR,state_of_charge,0.0,YZ,MW
2050-06-17 17:00:00,SO,state_of_charge,0.0,YZ,MW
2050-06-18 18:00:00,CE,state_of_charge,92.25,YZ,MW
2050-06-19 19:00:00,NR,state_of_charge,155.25,YZ,MW
2050-06-20 20:00:00,SO,state_of_charge,112.5,YZ,MW
2050-06-21 21:00:00,CE,state_of_charge,0.0,YZ,MW
2050-06-22 22:00:00,NR,state_of_charge,0.0,YZ,MW
2050-06-23 23:00:00,SO,state_of_charge,0.0,YZ,MW
2050-06-25 00:00:00,CE,state_of_charge,0.0,YZ,MW
2050-06-26 01:00:00,NR,state_of_charge,0.0,YZ,MW
2050-06-27 02:00:00,SO,state_of_charge,0.0,YZ,MW
2050-06-28 03:00:00,CE,state_of_charge,0.0,YZ,MW
2050-06-29 04:00:00,NR,state_of_charge,0.0,YZ,MW
2050-06-30 05:00:00,SO,state_of_charge,0.0,YZ,MW
2050-07-01 06:00:00,CE,state_of_charge,0.0,YZ,MW
2050-07-02 07:00:00,NR,state_of_charge,0.0,YZ,MW
2050-07-03 08:00:00,SO,state_of_charge,0.0,YZ,MW
2050-07-04 09:00:00,CE,state_of_charge,0.0,YZ,MW
2050-07-05 10:00:00,NR,state_of_charge,0.0,YZ,MW
2050-07-06 11:00:00,SO,state_of_charge,0.0,YZ,MW
2050-07-07 12:00:00,CE,state_of_charge,0.0,YZ,MW
2050-07-08 13:00:00,NR,state_of_charge,0.0,YZ,MW
2050-07-09 14:00:00,SO,state_of_charge,0.0,YZ,MW
2050-07-10 15:00:00,CE,state_of_charge,0.0,YZ,MW
2050-07-11 16:00:00,NR,state_of_charge,0.0,YZ,MW
2050-07-12 17:00:00,SO,state_of_charge,0.0,YZ,MW
2050-07-13 18:00:00,CE,state_of_charge,0.0,YZ,MW
2050-07-14 19:00:00,NR,state_of_charge,0.0,YZ,MW
2050-07-15 20:00:00,SO,state_of_charge,0.0,YZ,MW
2050-07-16 21:00:00,CE,state_of_charge,0.0,YZ,MW
2050-07-17 22:00:00,NR,state_of_charge,0.0,YZ,MW
2050-07-18 23:00:00,SO,state_of_charge,0.0,YZ,MW
2050-07-20 00:00:00,CE,state_of_charge,0.0,YZ,MW
2050-07-21 01:00:00,NR,state_of_charge,0.0,YZ,MW
2050-07-22 02:00:00,SO,state_of_charge,0.0,YZ,MW
2050-07-23 03:00:00,CE,state_of_charge,0.0,YZ,MW
2050-07-24 04:00:00,NR,state_of_charge,0.0,YZ,MW
2050-07-25 05:00:00,SO,state_of_charge,0.0,YZ,MW
2050-07-26 06:00:00,CE,state_of_charge,0.0,YZ,MW
2050-07-27 07:00:00,NR,state_of_charge,0.0,YZ,MW
2050-07-28 08:00:00,SO,state_of_charge,0.0,YZ,MW
2050-07-29 09:00:00,CE,state_of_charge,0.0,YZ,MW
2050-07-30 10:00:00,NR,state_of_charge,0.0,YZ,MW
2050-07-31 11:00:00,SO,state_of_charge,0.0,YZ,MW
2050-08-01 12:00:00,CE,state_of_charge,0.0,YZ,MW
2050-08-02 13:00:00,NR,state_of_charge,0.0,YZ,MW
2050-08-03 14:00:00,SO,state_of_charge,0.0,YZ,MW
2050-08-04 15:00:00,CE,state_of_charge,0.0,YZ,MW
2050-08-05 16:00:00,NR,state_of_charge,0.0,YZ,MW
2050-08-06 17:00:00,SO,state_of_charge,0.0,YZ,MW
2050-08-07 18:00:00,CE,state_of_charge,0.0,YZ,MW
2050-08-08 19:00:00,NR,state_of_charge,0.0,YZ,MW
2050-08-09 20:00:00,SO,state_of_charge,0.0,YZ,MW
2050-08-10 21:00:00,CE,state_of_charge,0.0,YZ,MW
2050-08-11 22:00:00,NR,state_of_charge,0.0,YZ,MW
2050-08-12 23:00:00,SO,state_of_charge,0.0,YZ,MW
2050-08-14 00:00:00,CE,state_of_charge,0.0,YZ,MW
2050-08-15 01:00:00,NR,state_of_charge,0.0,YZ,MW
2050-08-16 02:00:00,SO,state_of_charge,0.0,YZ,MW
2050-08-17 03:00:00,CE,state_of_charge,0.0,YZ,MW
2050-08-18 04:00:00,NR,state_of_charge,0.0,YZ,MW
2050-08-19 05:00:00,SO,state_of_charge,0.0,YZ,MW
2050-08-20 06:00:00,CE,state_of_charge,0.0,YZ,MW
2050-08-21 07:00:00,NR,state_of_charge,0.0,YZ,MW
2050-08-22 08:00:00,SO,state_of_charge,0.0,YZ,MW
2050-08-23 09:00:00,CE,state_of_charge,0.0,YZ,MW
2050-08-24 10:00:00,NR,state_of_charge,0.0,YZ,MW
2050-08-25 11:00:00,SO,state_of_charge,0.0,YZ,MW
2050-08-26 12:00:00,CE,state_of_charge,0.0,YZ,MW
2050-08-27 13:00:00,NR,state_of_charge,0.0,YZ,MW
2050-08-28 14:00:00,SO,state_of_charge,0.0,YZ,MW
2050-08-29 15:00:00,CE,state_of_charge,0.0,YZ,MW
2050-08-30 16:00:00,NR,state_of_charge,0.0,YZ,MW
2050-08-31 17:00:00,SO,state_of_charge,0.0,YZ,MW
2050-09-01 18:00:00,CE,state_of_charge,92.25,YZ,MW
2050-09-02 19:00:00,NR,state_of_charge,155.25,YZ,MW
2050-09-03 20:00:00,SO,state_of_charge,112.5,YZ,MW
2050-09-04 21:00:00,CE,state_of_charge,0.0,YZ,MW
2050-09-05 22:00:00,NR,state_of_charge,0.0,YZ,MW
2050-09-06 23:00:00,SO,state_of_charge,0.0,YZ,MW
2050-09-08 00:00:00,CE,state_of_charge,0.0,YZ,MW
2050-09-09 01:00:00,NR,state_of_charge,0.0,YZ,MW
2050-09-10 02:00:00,SO,state_of_charge,0.0,YZ,MW
2050-09-11 03:00:00,CE,state_of_charge,0.0,YZ,MW
2050-09-12 04:00:00,NR,state_of_charge,0.0,YZ,MW
2050-09-13 05:00:00,SO,state_of_charge,0.0,YZ,MW
2050-09-14 06:00:00,CE,state_of_charge,0.0,YZ,MW
2050-09-15 07:00:00,NR,state_of_charge,0.0,YZ,MW
2050-09-16 08:00:00,SO,state_of_charge,0.0,YZ,MW
2050-09-17 09:00:00,CE,state_of_charge,0.0,YZ,MW
2050-09-18 10:00:00,NR,state_of_charge,0.0,YZ,MW
2050-09-19 11:00:00,SO,state_of_charge,0.0,YZ,MW
2050-09-20 12:00:00,CE,state_of_charge,0.0,YZ,MW
2050-09-21 13:00:00,NR,state_of_charge,0.0,YZ,MW
2050-09-22 14:00:00,SO,state_of_charge,0.0,YZ,MW
2050-09-23 15:00:00,CE,state_of_charge,0.0,YZ,MW
2050-09-24 16:00:00,NR,state_of_charge,0.0,YZ,MW
2050-09-25 17:00:00,SO,state_of_charge,0.0,YZ,MW
2050-09-26 18:00:00,CE,state_of_charge,0.0,YZ,MW
2050-09-27 19:00:00,NR,state_of_charge,0.0,YZ,MW
2050-09-28 20:00:00,SO,state_of_charge,0.0,YZ,MW
2050-09-29 21:00:00,CE,state_of_charge,0.0,YZ,MW
2050-09-30 22:00:00,NR,state_of_charge,0.0,YZ,MW
2050-10-01 23:00:00,SO,state_of_charge,0.0,YZ,MW
2050-10-03 00:00:00,CE,state_of_charge,0.0,YZ,MW
2050-10-04 01:00:00,NR,state_of_charge,0.0,YZ,MW
2050-10-05 02:00:00,SO,state_of_charge,0.0,YZ,MW
2050-10-06 03:00:00,CE,state_of_charge,0.0,YZ,MW
2050-10-07 04:00:00,NR,state_of_charge,0.0,YZ,MW
2050-10-08 05:00:00,SO,state_of_charge,0.0,YZ,MW
2050-10-09 06:00:00,CE,state_of_charge,0.0,YZ,MW
2050-10-10 07:00:00,NR,state_of_charge,0.0,YZ,MW
2050-10-11 08:00:00,SO,state_of_charge,0.0,YZ,MW
2050-10-12 09:00:00,CE,state_of_charge,0.0,YZ,MW
2050-10-13 10:00:00,NR,state_of_charge,0.0,YZ,MW
2050-10-14 11:00:00,SO,state_of_charge,0.0,YZ,MW
2050-10-15 12:00:00,CE,state_of_charge,0.0,YZ,MW
2050-10-16 13:00:00,NR,state_of_charge,0.0,YZ,MW
2050-10-17 14:00:00,SO,state_of_charge,0.0,YZ,MW
2050-10-18 15:00:00,CE,state_of_charge,0.0,YZ,MW
2050-10-19 16:00:00,NR,state_of_charge,0.0,YZ,MW
2050-10-20 17:00:00,SO,state_of_charge,0.0,YZ,MW
2050-10-21 18:00:00,CE,state_of_charge,0.0,YZ,MW
2050-10-22 19:00:00,NR,state_of_charge,0.0,YZ,MW
2050-10-23 20:00:00,SO,state_of_charge,0.0,YZ,MW
2050-10-24 21:00:00,CE,state_of_charge,0.0,YZ,MW
2050-10-25 22:00:00,NR,state_of_charge,0.0,YZ,MW
2050-10-26 23:00:00,SO,state_of_charge,0.0,YZ,MW
2050-10-28 00:00:00,CE,state_of_charge,0.0,YZ,MW
2050-10-29 01:00:00,NR,state_of_charge,0.0,YZ,MW
2050-10-30 02:00:00,SO,state_of_charge,0.0,YZ,MW
2050-10-31 03:00:00,CE,state_of_charge,0.0,YZ,MW
2050-11-01 04:00:00,NR,state_of_charge,0.0,YZ,MW
2050-11-02 05:00:00,SO,state_of_charge,0.0,YZ,MW
2050-11-03 06:00:00,CE,state_of_charge,0.0,YZ,MW
2050-11-04 07:00:00,NR,state_of_charge,0.0,YZ,MW
2050-11-05 08:00:00,SO,state_of_charge,0.0,YZ,MW
2050-11-06 09:00:00,CE,state_of_charge,0.0,YZ,MW
2050-11-07 10:00:00,NR,state_of_charge,0.0,YZ,MW
2050-11-08 11:00:00,SO,state_of_charge,0.0,YZ,MW
2050-11-09 12:00:00,CE,state_of_charge,0.0,YZ,MW
2050-11-10 13:00:00,NR,state_of_charge,0.0,YZ,MW
2050-11-11 14:00:00,SO,state_of_charge,0.0,YZ,MW
2050-11-12 15:00:00,CE,state_of_charge,92.25,YZ,MW
2050-11-13 16:00:00,NR,state_of_charge,155.25,YZ,MW
2050-11-14 17:00:00,SO,state_of_charge,112.5,YZ,MW
2050-11-15 18:00:00,CE,state_of_charge,0.0,YZ,MW
2050-11-16 19:00:00,NR,state_of_charge,0.0,YZ,MW
2050-11-17 20:00:00,SO,state_of_charge,0.0,YZ,MW
2050-11-18 21:00:00,CE,state_of_charge,0.0,YZ,MW
2050-11-19 22:00:00,NR,state_of_charge,0.0,YZ,MW
2050-11-20 23:00:00,SO,state_of_charge,0.0,YZ,MW
2050-11-22 00:00:00,CE,state_of_charge,0.0,YZ,MW
2050-11-23 01:00:00,NR,state_of_charge,0.0,YZ,MW
2050-11-24 02:00:00,SO,state_of_charge,0.0,YZ,MW
2050-11-25 03:00:00,CE,state_of_charge,0.0,YZ,MW
2050-11-26 04:00:00,NR,state_of_charge,0.0,YZ,MW
2050-11-27 05:00:00,SO,state_of_charge,0.0,YZ,MW
2050-11-28 06:00:00,CE,state_of_charge,0.0,YZ,MW
2050-11-29 07:00:00,NR,state_of_charge,0.0,YZ,MW
2050-11-30 08:00:00,SO,state_of_charge,0.0,YZ,MW
2050-12-01 09:00:00,CE,state_of_charge,0.0,YZ,MW
2050-12-02 10:00:00,NR,state_of_charge,0.0,YZ,MW
2050-12-03 11:00:00,SO,state_of_charge,0.0,YZ,MW
2050-12-04 12:00:00,CE,state_of_charge,0.0,YZ,MW
2050-12-05 13:00:00,NR,state_of_charge,0.0,YZ,MW
2050-12-06 14:00:00,SO,state_of_charge,0.0,YZ,MW
2050-12-07 15:00:00,CE,state_of_charge,0.0,YZ,MW
2050-12-08 16:00:00,NR,state_of_charge,0.0,YZ,MW
2050-12-09 17:00:00,SO,state_of_charge,0.0,YZ,MW
2050-12-10 18:00:00,CE,state_of_charge,0.0,YZ,MW
2050-12-11 19:00:00,NR,state_of_charge,0.0,YZ,MW
2050-12-12 20:00:00,SO,state_of_charge,0.0,YZ,MW
2050-12-13 21:00:00,CE,state_of_charge,0.0,YZ,MW
2050-12-14 22:00:00,NR,state_of_charge,0.0,YZ,MW
2050-12-15 23:00:00,SO,state_of_charge,0.0,YZ,MW
2050-12-17 00:00:00,CE,state_of_charge,0.0,YZ,MW
2050-12-18 01:00:00,NR,state_of_charge,0.0,YZ,MW
2050-12-19 02:00:00,SO,state_of_charge,0.0,YZ,MW
2050-12-20 03:00:00,CE,state_of_charge,0.0,YZ,MW
2050-12-21 04:00:00,NR,state_of_charge,0.0,YZ,MW
2050-12-22 05:00:00,SO,state_of_charge,0.0,YZ,MW
2050-12-23 06:00:00,CE,state_of_charge,0.0,YZ,MW
2050-12-24 07:00:00,NR,state_of_charge,0.0,YZ,MW
2050-12-25 08:00:00,SO,state_of_charge,0.0,YZ,MW
2050-12-26 09:00:00,CE,state_of_charge,0.0,YZ,MW
2050-12-27 10:00:00,NR,state_of_charge,0.0,YZ,MW
2050-12-28 11:00:00,SO,state_of_charge,0.0,YZ,MW
2050-12-29 12:00:00,CE,state_of_charge,0.0,YZ,MW
2050-12-30 13:00:00,NR,state_of_charge,0.0,YZ,MW
2050-12-31 14:00:00,SO,state_of_charge,0.0,YZ,MW
2051-01-01 15:00:00,CE,state_of_charge,0.0,YZ,MW
2051-01-02 16:00:00,NR,state_of_charge,0.0,YZ,MW
2051-01-03 17:00:00,SO,state_of_charge,0.0,YZ,MW
2051-01-04 18:00:00,CE,state_of_charge,0.0,YZ,MW
2051-01-05 19:00:00,NR,state_of_charge,0.0,YZ,MW
2051-01-06 20:00:00,SO,state_of_charge,0.0,YZ,MW
2051-01-07 21:00:00,CE,state_of_charge,0.0,YZ,MW
2051-01-08 22:00:00,NR,state_of_charge,0.0,YZ,MW
2051-01-09 23:00:00,SO,state_of_charge,0.0,YZ,MW
2051-01-11 00:00:00,CE,state_of_charge,0.0,YZ,MW
2051-01-12 01:00:00,NR,state_of_charge,0.0,YZ,MW
2051-01-13 02:00:00,SO,state_of_charge,0.0,YZ,MW
2051-01-14 03:00:00,CE,state_of_charge,0.0,YZ,MW
2051-01-15 04:00:00,NR,state_of_charge,0.0,YZ,MW
2051-01-16 05:00:00,SO,state_of_charge,0.0,YZ,MW
2051-01-17 06:00:00,CE,state_of_charge,0.0,YZ,MW
2051-01-18 07:00:00,NR,state_of_charge,0.0,YZ,MW
2051-01-19 08:00:00,SO,state_of_charge,0.0,YZ,MW
2051-01-20 09:00:00,CE,state_of_charge,0.0,YZ,MW
2051-01-21 10:00:00,NR,state_of_charge,0.0,YZ,MW
2051-01-22 11:00:00,SO,state_of_charge,0.0,YZ,MW
2051-01-23 12:00:00,CE,state_of_charge,0.0,YZ,MW
2051-01-24 13:00:00,NR,state_of_charge,0.0,YZ,MW
2051-01-25 14:00:00,SO,state_of_charge,0.0,YZ,MW
2051-01-26 15:00:00,CE,state_of_charge,92.25,YZ,MW
2051-01-27 16:00:00,NR,state_of_charge,155.25,YZ,MW
2051-01-28 17:00:00,SO,state_of_charge,112.5,YZ,MW
2051-01-29 18:00:00,CE,state_of_charge,0.0,YZ,MW
2051-01-30 19:00:00,NR,state_of_charge,0.0,YZ,MW
2051-01-31 20:00:00,SO,state_of_charge,0.0,YZ,MW
2051-02-01 21:00:00,CE,state_of_charge,0.0,YZ,MW
2051-02-02 22:00:00,NR,state_of_charge,0.0,YZ,MW
2051-02-03 23:00:00,SO,state_of_charge,0.0,YZ,MW
2051-02-05 00:00:00,CE,state_of_charge,0.0,YZ,MW
2051-02-06 01:00:00,NR,state_of_charge,0.0,YZ,MW
2051-02-07 02:00:00,SO,state_of_charge,0.0,YZ,MW
2051-02-08 03:00:00,CE,state_of_charge,0.0,YZ,MW
2051-02-09 04:00:00,NR,state_of_charge,0.0,YZ,MW
2051-02-10 05:00:00,SO,state_of_charge,0.0,YZ,MW
2051-02-11 06:00:00,CE,state_of_charge,0.0,YZ,MW
2051-02-12 07:00:00,NR,state_of_charge,0.0,YZ,MW
2051-02-13 08:00:00,SO,state_of_charge,0.0,YZ,MW
2051-02-14 09:00:00,CE,state_of_charge,0.0,YZ,MW
2051-02-15 10:00:00,NR,state_of_charge,0.0,YZ,MW
2051-02-16 11:00:00,SO,state_of_charge,0.0,YZ,MW
2051-02-17 12:00:00,CE,state_of_charge,0.0,YZ,MW
2051-02-18 13:00:00,NR,state_of_charge,0.0,YZ,MW
2051-02-19 14:00:00,SO,state_of_charge,0.0,YZ,MW
2051-02-20 15:00:00,CE,state_of_charge,0.0,YZ,MW
2051-02-21 16:00:00,NR,state_of_charge,0.0,YZ,MW
2051-02-22 17:00:00,SO,state_of_charge,0.0,YZ,MW
2051-02-23 18:00:00,CE,state_of_charge,0.0,YZ,MW
2051-02-24 19:00:00,NR,state_of_charge,0.0,YZ,MW
2051-02-25 20:00:00,SO,state_of_charge,0.0,YZ,MW
2051-02-26 21:00:00,CE,state_of_charge,0.0,YZ,MW
2051-02-27 22:00:00,NR,state_of_charge,0.0,YZ,MW
2051-02-28 23:00:00,SO,state_of_charge,0.0,YZ,MW
2051-03-02 00:00:00,CE,state_of_charge,0.0,YZ,MW
2051-03-03 01:00:00,NR,state_of_charge,0.0,YZ,MW
2051-03-04 02:00:00,SO,state_of_charge,0.0,YZ,MW
2051-03-05 03:00:00,CE,state_of_charge,0.0,YZ,MW
2051-03-06 04:00:00,NR,state_of_charge,0.0,YZ,MW
2051-03-07 05:00:00,SO,state_of_charge,0.0,YZ,MW
2051-03-08 06:00:00,CE,state_of_charge,0.0,YZ,MW
2051-03-09 07:00:00,NR,state_of_charge,0.0,YZ,MW
2051-03-10 08:00:00,SO,state_of_charge,0.0,YZ,MW
2051-03-11 09:00:00,CE,state_of_charge,0.0,YZ,MW
2051-03-12 10:00:00,NR,state_of_charge,0.0,YZ,MW
2051-03-13 11:00:00,SO,state_of_charge,0.0,YZ,MW
2051-03-14 12:00:00,CE,state_of_charge,0.0,YZ,MW
2051-03-15 13:00:00,NR,state_of_charge,0.0,YZ,MW
2051-03-16 14:00:00,SO,state_of_charge,0.0,YZ,MW
2051-03-17 15:00:00,CE,state_of_charge,0.0,YZ,MW
2051-03-18 16:00:00,NR,state_of_charge,0.0,YZ,MW
2051-03-19 17:00:00,SO,state_of_charge,0.0,YZ,MW
2051-03-20 18:00:00,CE,state_of_charge,0.0,YZ,MW
2051-03-21 19:00:00,NR,state_of_charge,0.0,YZ,MW
2051-03-22 20:00:00,SO,state_of_charge,0.0,YZ,MW
2051-03-23 21:00:00,CE,state_of_charge,0.0,YZ,MW
2051-03-24 22:00:00,NR,state_of_charge,0.0,YZ,MW
2051-03-25 23:00:00,SO,state_of_charge,0.0,YZ,MW
2051-03-27 00:00:00,CE,state_of_charge,0.0,YZ,MW
2051-03-28 01:00:00,NR,state_of_charge,0.0,YZ,MW
2051-03-29 02:00:00,SO,state_of_charge,0.0,YZ,MW
2051-03-30 03:00:00,CE,state_of_charge,0.0,YZ,MW
2051-03-31 04:00:00,NR,state_of_charge,0.0,YZ,MW
2051-04-01 05:00:00,SO,state_of_charge,0.0,YZ,MW
2051-04-02 06:00:00,CE,state_of_charge,0.0,YZ,MW
2051-04-03 07:00:00,NR,state_of_charge,0.0,YZ,MW
2051-04-04 08:00:00,SO,state_of_charge,0.0,YZ,MW
2051-04-05 09:00:00,CE,state_of_charge,0.0,YZ,MW
2051-04-06 10:00:00,NR,state_of_charge,0.0,YZ,MW
2051-04-07 11:00:00,SO,state_of_charge,0.0,YZ,MW
2051-04-08 12:00:00,CE,state_of_charge,0.0,YZ,MW
2051-04-09 13:00:00,NR,state_of_charge,0.0,YZ,MW
2051-04-10 14:00:00,SO,state_of_charge,0.0,YZ,MW
2051-04-11 15:00:00,CE,state_of_charge,92.25,YZ,MW
2051-04-12 16:00:00,NR,state_of_charge,155.25,YZ,MW
2051-04-13 17:00:00,SO,state_of_charge,112.5,YZ,MW
2051-04-14 18:00:00,CE,state_of_charge,0.0,YZ,MW
2051-04-15 19:00:00,NR,state_of_charge,0.0,YZ,MW
2051-04-16 20:00:00,SO,state_of_charge,0.0,YZ,MW
2051-04-17 21:00:00,CE,state_of_charge,0.0,YZ,MW
2051-04-18 22:00:00,NR,state_of_charge,0.0,YZ,MW
2051-04-19 23:00:00,SO,state_of_charge,0.0,YZ,MW
2051-04-21 00:00:00,CE,state_of_charge,0.0,YZ,MW
2051-04-22 01:00:00,NR,state_of_charge,0.0,YZ,MW
2051-04-23 02:00:00,SO,state_of_charge,0.0,YZ,MW
2051-04-24 03:00:00,CE,state_of_charge,0.0,YZ,MW
2051-04-25 04:00:00,NR,state_of_charge,0.0,YZ,MW
2051-04-26 05:00:00,SO,state_of_charge,0.0,YZ,MW
2051-04-27 06:00:00,CE,state_of_charge,0.0,YZ,MW
2051-04-28 07:00:00,NR,state_of_charge,0.0,YZ,MW
2051-04-29 08:00:00,SO,state_of_charge,0.0,YZ,MW
2051-04-30 09:00:00,CE,state_of_charge,0.0,YZ,MW
2051-05-01 10:00:00,NR,state_of_charge,0.0,YZ,MW
2051-05-02 11:00:00,SO,state_of_charge,0.0,YZ,MW
2051-05-03 12:00:00,CE,state_of_charge,0.0,YZ,MW
2051-05-04 13:00:00,NR,state_of_charge,0.0,YZ,MW
2051-05-05 14:00:00,SO,state_of_charge,0.0,YZ,MW
2051-05-06 15:00:00,CE,state_of_charge,0.0,YZ,MW
2051-05-07 16:00:00,NR,state_of_charge,0.0,YZ,MW
2051-05-08 17:00:00,SO,state_of_charge,0.0,YZ,MW
2051-05-09 18:00:00,CE,state_of_charge,0.0,YZ,MW
2051-05-10 19:00:00,NR,state_of_charge,0.0,YZ,MW
2051-05-11 20:00:00,SO,state_of_charge,0.0,YZ,MW
2051-05-12 21:00:00,CE,state_of_charge,0.0,YZ,MW
2051-05-13 22:00:00,NR,state_of_charge,0.0,YZ,MW
2051-05-14 23:00:00,SO,state_of_charge,0.0,YZ,MW
2051-05-16 00:00:00,CE,state_of_charge,0.0,YZ,MW
2051-05-17 01:00:00,NR,state_of_charge,0.0,YZ,MW
2051-05-18 02:00:00,SO,state_of_charge,0.0,YZ,MW
2051-05-19 03:00:00,CE,state_of_charge,0.0,YZ,MW
2051-05-20 04:00:00,NR,state_of_charge,0.0,YZ,MW
2051-05-21 05:00:00,SO,state_of_charge,0.0,YZ,MW
2051-05-22 06:00:00,CE,state_of_charge,0.0,YZ,MW
2051-05-23 07:00:00,NR,state_of_charge,0.0,YZ,MW
2051-05-24 08:00:00,SO,state_of_charge,0.0,YZ,MW
2051-05-25 09:00:00,CE,state_of_charge,0.0,YZ,MW
2051-05-26 10:00:00,NR,state_of_charge,0.0,YZ,MW
2051-05-27 11:00:00,SO,state_of_charge,0.0,YZ,MW
2051-05-28 12:00:00,CE,state_of_charge,0.0,YZ,MW
2051-05-29 13:00:00,NR,state_of_charge,0.0,YZ,MW
2051-05-30 14:00:00,SO,state_of_charge,0.0,YZ,MW
2051-05-31 15:00:00,CE,state_of_charge,0.0,YZ,MW
2051-06-01 16:00:00,NR,state_of_charge,0.0,YZ,MW
2051-06-02 17:00:00,SO,state_of_charge,0.0,YZ,MW
2051-06-03 18:00:00,CE,state_of_charge,0.0,YZ,MW
2051-06-04 19:00:00,NR,state_of_charge,0.0,YZ,MW
2051-06-05 20:00:00,SO,state_of_charge,0.0,YZ,MW
2051-06-06 21:00:00,CE,state_of_charge,0.0,YZ,MW
2051-06-07 22:00:00,NR,state_of_charge,0.0,YZ,MW
2051-06-08 23:00:00,SO,state_of_charge,0.0,YZ,MW
2051-06-10 00:00:00,CE,state_of_charge,0.0,YZ,MW
2051-06-11 01:00:00,NR,state_of_charge,0.0,YZ,MW
2051-06-12 02:00:00,SO,state_of_charge,0.0,YZ,MW
2051-06-13 03:00:00,CE,state_of_charge,0.0,YZ,MW
2051-06-14 04:00:00,NR,state_of_charge,0.0,YZ,MW
2051-06-15 05:00:00,SO,state_of_charge,0.0,YZ,MW
2051-06-16 06:00:00,CE,state_of_charge,0.0,YZ,MW
2051-06-17 07:00:00,NR,state_of_charge,0.0,YZ,MW
2051-06-18 08:00:00,SO,state_of_charge,0.0,YZ,MW
2051-06-19 09:00:00,CE,state_of_charge,0.0,YZ,MW
2051-06-20 10:00:00,NR,state_of_charge,0.0,YZ,MW
2051-06-21 11:00:00,SO,state_of_charge,0.0,YZ,MW
2051-06-22 12:00:00,CE,state_of_charge,0.0,YZ,MW
2051-06-23 13:00:00,NR,state_of_charge,0.0,YZ,MW
2051-06-24 14:00:00,SO,state_of_charge,0.0,YZ,MW
2051-06-25 15:00:00,CE,state_of_charge,0.0,YZ,MW
2051-06-26 16:00:00,NR,state_of_charge,0.0,YZ,MW
2051-06-27 17:00:00,SO,state_of_charge,0.0,YZ,MW
2051-06-28 18:00:00,CE,state_of_charge,92.25,YZ,MW
2051-06-29 19:00:00,NR,state_of_charge,155.25,YZ,MW
2051-06-30 20:00:00,SO,state_of_charge,112.5,YZ,MW
2051-07-01 21:00:00,CE,state_of_charge,0.0,YZ,MW
2051-07-02 22:00:00,NR,state_of_charge,0.0,YZ,MW
2051-07-03 23:00:00,SO,state_of_charge,0.0,YZ,MW
2051-07-05 00:00:00,CE,state_of_charge,0.0,YZ,MW
2051-07-06 01:00:00,NR,state_of_charge,0.0,YZ,MW
2051-07-07 02:00:00,SO,state_of_charge,0.0,YZ,MW
2051-07-08 03:00:00,CE,state_of_charge,0.0,YZ,MW
2051-07-09 04:00:00,NR,state_of_charge,0.0,YZ,MW
2051-07-10 05:00:00,SO,state_of_charge,0.0,YZ,MW
2051-07-11 06:00:00,CE,state_of_charge,0.0,YZ,MW
2051-07-12 07:00:00,NR,state_of_charge,0.0,YZ,MW
2051-07-13 08:00:00,SO,state_of_charge,0.0,YZ,MW
2051-07-14 09:00:00,CE,state_of_charge,0.0,YZ,MW
2051-07-15 10:00:00,NR,state_of_charge,0.0,YZ,MW
2051-07-16 11:00:00,SO,state_of_charge,0.0,YZ,MW
2051-07-17 12:00:00,CE,state_of_charge,0.0,YZ,MW
2051-07-18 13:00:00,NR,state_of_charge,0.0,YZ,MW
2051-07-19 14:00:00,SO,state_of_charge,0.0,YZ,MW
2051-07-20 15:00:00,CE,state_of_charge,0.0,YZ,MW
2051-07-21 16:00:00,NR,state_of_charge,0.0,YZ,MW
2051-07-22 17:00:00,SO,state_of_charge,0.0,YZ,MW
2051-07-23 18:00:00,CE,state_of_charge,0.0,YZ,MW
2051-07-24 19:00:00,NR,state_of_charge,0.0,YZ,MW
2051-07-25 20:00:00,SO,state_of_charge,0.0,YZ,MW
2051-07-26 21:00:00,CE,state_of_charge,0.0,YZ,MW
2051-07-27 22:00:00,NR,state_of_charge,0.0,YZ,MW
2051-07-28 23:00:00,SO,state_of_charge,0.0,YZ,MW
2051-07-30 00:00:00,CE,state_of_charge,0.0,YZ,MW
2051-07-31 01:00:00,NR,state_of_charge,0.0,YZ,MW
2051-08-01 02:00:00,SO,state_of_charge,0.0,YZ,MW
2051-08-02 03:00:00,CE,state_of_charge,0.0,YZ,MW
2051-08-03 04:00:00,NR,state_of_charge,0.0,YZ,MW
2051-08-04 05:00:00,SO,state_of_charge,0.0,YZ,MW
2051-08-05 06:00:00,CE,state_of_charge,0.0,YZ,MW
2051-08-06 07:00:00,NR,state_of_charge,0.0,YZ,MW
2051-08-07 08:00:00,SO,state_of_charge,0.0,YZ,MW
2051-08-08 09:00:00,CE,state_of_charge,0.0,YZ,MW
2051-08-09 10:00:00,NR,state_of_charge,0.0,YZ,MW
2051-08-10 11:00:00,SO,state_of_charge,0.0,YZ,MW
2051-08-11 12:00:00,CE,state_of_charge,0.0,YZ,MW
2051-08-12 13:00:00,NR,state_of_charge,0.0,YZ,MW
2051-08-13 14:00:00,SO,state_of_charge,0.0,YZ,MW
2051-08-14 15:00:00,CE,state_of_charge,0.0,YZ,MW
2051-08-15 16:00:00,NR,state_of_charge,0.0,YZ,MW
2051-08-16 17:00:00,SO,state_of_charge,0.0,YZ,MW
2051-08-17 18:00:00,CE,state_of_charge,0.0,YZ,MW
2051-08-18 19:00:00,NR,state_of_charge,0.0,YZ,MW
2051-08-19 20:00:00,SO,state_of_charge,0.0,YZ,MW
2051-08-20 21:00:00,CE,state_of_charge,0.0,YZ,MW
2051-08-21 22:00:00,NR,state_of_charge,0.0,YZ,MW
2051-08-22 23:00:00,SO,state_of_charge,0.0,YZ,MW
2051-08-24 00:00:00,CE,state_of_charge,0.0,YZ,MW
2051-08-25 01:00:00,NR,state_of_charge,0.0,YZ,MW
2051-08-26 02:00:00,SO,state_of_charge,0.0,YZ,MW
2051-08-27 03:00:00,CE,state_of_charge,0.0,YZ,MW
2051-08-28 04:00:00,NR,state_of_charge,0.0,YZ,MW
2051-08-29 05:00:00,SO,state_of_charge,0.0,YZ,MW
2051-08-30 06:00:00,CE,state_of_charge,0.0,YZ,MW
2051-08-31 07:00:00,NR,state_of_charge,0.0,YZ,MW
2051-09-01 08:00:00,SO,state_of_charge,0.0,YZ,MW
2051-09-02 09:00:00,CE,state_of_charge,0.0,YZ,MW
2051-09-03 10:00:00,NR,state_of_charge,0.0,YZ,MW
2051-09-04 11:00:00,SO,state_of_charge,0.0,YZ,MW
2051-09-05 12:00:00,CE,state_of_charge,0.0,YZ,MW
2051-09-06 13:00:00,NR,state_of_charge,0.0,YZ,MW
2051-09-07 14:00:00,SO,state_of_charge,0.0,YZ,MW
2051-09-08 15:00:00,CE,state_of_charge,0.0,YZ,MW
2051-09-09 16:00:00,NR,state_of_charge,0.0,YZ,MW
2051-09-10 17:00:00,SO,state_of_charge,0.0,YZ,MW
2051-09-11 18:00:00,CE,state_of_charge,92.25,YZ,MW
2051-09-12 19:00:00,NR,state_of_charge,155.25,YZ,MW
2051-09-13 20:00:00,SO,state_of_charge,112.5,YZ,MW
2051-09-14 21:00:00,CE,state_of_charge,0.0,YZ,MW
2051-09-15 22:00:00,NR,state_of_charge,0.0,YZ,MW
2051-09-16 23:00:00,SO,state_of_charge,0.0,YZ,MW
2051-09-18 00:00:00,CE,state_of_charge,0.0,YZ,MW
2051-09-19 01:00:00,NR,state_of_charge,0.0,YZ,MW
2051-09-20 02:00:00,SO,state_of_charge,0.0,YZ,MW
2051-09-21 03:00:00,CE,state_of_charge,0.0,YZ,MW
2051-09-22 04:00:00,NR,state_of_charge,0.0,YZ,MW
2051-09-23 05:00:00,SO,state_of_charge,0.0,YZ,MW
2051-09-24 06:00:00,CE,state_of_charge,0.0,YZ,MW
2051-09-25 07:00:00,NR,state_of_charge,0.0,YZ,MW
2051-09-26 08:00:00,SO,state_of_charge,0.0,YZ,MW
2051-09-27 09:00:00,CE,state_of_charge,0.0,YZ,MW
2051-09-28 10:00:00,NR,state_of_charge,0.0,YZ,MW
2051-09-29 11:00:00,SO,state_of_charge,0.0,YZ,MW
2051-09-30 12:00:00,CE,state_of_charge,0.0,YZ,MW
2051-10-01 13:00:00,NR,state_of_charge,0.0,YZ,MW
2051-10-02 14:00:00,SO,state_of_charge,0.0,YZ,MW
2051-10-03 15:00:00,CE,state_of_charge,0.0,YZ,MW
2051-10-04 16:00:00,NR,state_of_charge,0.0,YZ,MW
2051-10-05 17:00:00,SO,state_of_charge,0.0,YZ,MW
2051-10-06 18:00:00,CE,state_of_charge,0.0,YZ,MW
2051-10-07 19:00:00,NR,state_of_charge,0.0,YZ,MW
2051-10-08 20:00:00,SO,state_of_charge,0.0,YZ,MW
2051-10-09 21:00:00,CE,state_of_charge,0.0,YZ,MW
2051-10-10 22:00:00,NR,state_of_charge,0.0,YZ,MW
2051-10-11 23:00:00,SO,state_of_charge,0.0,YZ,MW
2051-10-13 00:00:00,CE,state_of_charge,0.0,YZ,MW
2051-10-14 01:00:00,NR,state_of_charge,0.0,YZ,MW
2051-10-15 02:00:00,SO,state_of_charge,0.0,YZ,MW
2051-10-16 03:00:00,CE,state_of_charge,0.0,YZ,MW
2051-10-17 04:00:00,NR,state_of_charge,0.0,YZ,MW
2051-10-18 05:00:00,SO,state_of_charge,0.0,YZ,MW
2051-10-19 06:00:00,CE,state_of_charge,0.0,YZ,MW
2051-10-20 07:00:00,NR,state_of_charge,0.0,YZ,MW
2051-10-21 08:00:00,SO,state_of_charge,0.0,YZ,MW
2051-10-22 09:00:00,CE,state_of_charge,0.0,YZ,MW
2051-10-23 10:00:00,NR,state_of_charge,0.0,YZ,MW
2051-10-24 11:00:00,SO,state_of_charge,0.0,YZ,MW
2051-10-25 12:00:00,CE,state_of_charge,0.0,YZ,MW
2051-10-26 13:00:00,NR,state_of_charge,0.0,YZ,MW
2051-10-27 14:00:00,SO,state_of_charge,0.0,YZ,MW
2051-10-28 15:00:00,CE,state_of_charge,0.0,YZ,MW
2051-10-29 16:00:00,NR,state_of_charge,0.0,YZ,MW
2051-10-30 17:00:00,SO,state_of_charge,0.0,YZ,MW
2051-10-31 18:00:00,CE,state_of_charge,0.0,YZ,MW
2051-11-01 19:00:00,NR,state_of_charge,0.0,YZ,MW
2051-11-02 20:00:00,SO,state_of_charge,0.0,YZ,MW
2051-11-03 21:00:00,CE,state_of_charge,0.0,YZ,MW
2051-11-04 22:00:00,NR,state_of_charge,0.0,YZ,MW
2051-11-05 23:00:00,SO,state_of_charge,0.0,YZ,MW
2051-11-07 00:00:00,CE,state_of_charge,0.0,YZ,MW
2051-11-08 01:00:00,NR,state_of_charge,0.0,YZ,MW
2051-11-09 02:00:00,SO,state_of_charge,0.0,YZ,MW
2051-11-10 03:00:00,CE,state_of_charge,0.0,YZ,MW
2051-11-11 04:00:00,NR,state_of_charge,0.0,YZ,MW
2051-11-12 05:00:00,SO,state_of_charge,0.0,YZ,MW
2051-11-13 06:00:00,CE,state_of_charge,0.0,YZ,MW
2051-11-14 07:00:00,NR,state_of_charge,0.0,YZ,MW
2051-11-15 08:00:00,SO,state_of_charge,0.0,YZ,MW
2051-11-16 09:00:00,CE,state_of_charge,0.0,YZ,MW
2051-11-17 10:00:00,NR,state_of_charge,0.0,YZ,MW
2051-11-18 11:00:00,SO,state_of_charge,0.0,YZ,MW
2051-11-19 12:00:00,CE,state_of_charge,0.0,YZ,MW
2051-11-20 13:00:00,NR,state_of_charge,0.0,YZ,MW
2051-11-21 14:00:00,SO,state_of_charge,0.0,YZ,MW
2051-11-22 15:00:00,CE,state_of_charge,0.0,YZ,MW
2051-11-23 16:00:00,NR,state_of_charge,0.0,YZ,MW
2051-11-24 17:00:00,SO,state_of_charge,0.0,YZ,MW
2051-11-25 18:00:00,CE,state_of_charge,92.25,YZ,MW
2051-11-26 19:00:00,NR,state_of_charge,155.25,YZ,MW
2051-11-27 20:00:00,SO,state_of_charge,112.5,YZ,MW
2051-11-28 21:00:00,CE,state_of_charge,0.0,YZ,MW
2051-11-29 22:00:00,NR,state_of_charge,0.0,YZ,MW
2051-11-30 23:00:00,SO,state_of_charge,0.0,YZ,MW
2051-12-02 00:00:00,CE,state_of_charge,0.0,YZ,MW
2051-12-03 01:00:00,NR,state_of_charge,0.0,YZ,MW
2051-12-04 02:00:00,SO,state_of_charge,0.0,YZ,MW
2051-12-05 03:00:00,CE,state_of_charge,0.0,YZ,MW
2051-12-06 04:00:00,NR,state_of_charge,0.0,YZ,MW
2051-12-07 05:00:00,SO,state_of_charge,0.0,YZ,MW
2051-12-08 06:00:00,CE,state_of_charge,0.0,YZ,MW
2051-12-09 07:00:00,NR,state_of_charge,0.0,YZ,MW
2051-12-10 08:00:00,SO,state_of_charge,0.0,YZ,MW
2051-12-11 09:00:00,CE,state_of_charge,0.0,YZ,MW
2051-12-12 10:00:00,NR,state_of_charge,0.0,YZ,MW
2051-12-13 11:00:00,SO,state_of_charge,0.0,YZ,MW
2051-12-14 12:00:00,CE,state_of_charge,0.0,YZ,MW
2051-12-15 13:00:00,NR,state_of_charge,0.0,YZ,MW
2051-12-16 14:00:00,SO,state_of_charge,0.0,YZ,MW
2051-12-17 15:00:00,CE,state_of_charge,0.0,YZ,MW
2051-12-18 16:00:00,NR,state_of_charge,0.0,YZ,MW
2051-12-19 17:00:00,SO,state_of_charge,0.0,YZ,MW
2051-12-20 18:00:00,CE,state_of_charge,0.0,YZ,MW
2051-12-21 19:00:00,NR,state_of_charge,0.0,YZ,MW
2051-12-22 20:00:00,SO,state_of_charge,0.0,YZ,MW
2051-12-23 21:00:00,CE,state_of_charge,0.0,YZ,MW
2051-12-24 22:00:00,NR,state_of_charge,0.0,YZ,MW
2051-12-25 23:00:00,SO,state_of_charge,0.0,YZ,MW
2051-12-27 00:00:00,CE,state_of_charge,0.0,YZ,MW
2051-12-28 01:00:00,NR,state_of_charge,0.0,YZ,MW
2051-12-29 02:00:00,SO,state_of_charge,0.0,YZ,MW
2051-12-30 03:00:00,CE,state_of_charge,0.0,YZ,MW
2051-12-31 04:00:00,NR,state_of_charge,0.0,YZ,MW
2052-01-01 05:00:00,SO,state_of_charge,0.0,YZ,MW
2052-01-02 06:00:00,CE,state_of_charge,0.0,YZ,MW
2052-01-03 07:00:00,NR,state_of_charge,0.0,YZ,MW
2052-01-04 08:00:00,SO,state_of_charge,0.0,YZ,MW
2052-01-05 09:00:00,CE,state_of_charge,0.0,YZ,MW
2052-01-06 10:00:00,NR,state_of_charge,0.0,YZ,MW
2052-01-07 11:00:00,SO,state_of_charge,0.0,YZ,MW
2052-01-08 12:00:00,CE,state_of_charge,0.0,YZ,MW
2052-01-09 13:00:00,NR,state_of_charge,0.0,YZ,MW
2052-01-10 14:00:00,SO,state_of_charge,0.0,YZ,MW
2052-01-11 15:00:00,CE,state_of_charge,0.0,YZ,MW
2052-01-12 16:00:00,NR,state_of_charge,0.0,YZ,MW
2052-01-13 17:00:00,SO,state_of_charge,0.0,YZ,MW
2052-01-14 18:00:00,CE,state_of_charge,0.0,YZ,MW
2052-01-15 19:00:00,NR,state_of_charge,0.0,YZ,MW
2052-01-16 20:00:00,SO,state_of_charge,0.0,YZ,MW
2052-01-17 21:00:00,CE,state_of_charge,0.0,YZ,MW
2052-01-18 22:00:00,NR,state_of_charge,0.0,YZ,MW
2052-01-19 23:00:00,SO,state_of_charge,0.0,YZ,MW
2052-01-21 00:00:00,CE,state_of_charge,0.0,YZ,MW
2052-01-22 01:00:00,NR,state_of_charge,0.0,YZ,MW
2052-01-23 02:00:00,SO,state_of_charge,0.0,YZ,MW
2052-01-24 03:00:00,CE,state_of_charge,0.0,YZ,MW
2052-01-25 04:00:00,NR,state_of_charge,0.0,YZ,MW
2052-01-26 05:00:00,SO,state_of_charge,0.0,YZ,MW
2052-01-27 06:00:00,CE,state_of_charge,0.0,YZ,MW
2052-01-28 07:00:00,NR,state_of_charge,0.0,YZ,MW
2052-01-29 08:00:00,SO,state_of_charge,0.0,YZ,MW
2052-01-30 09:00:00,CE,state_of_charge,0.0,YZ,MW
2052-01-31 10:00:00,NR,state_of_charge,0.0,YZ,MW
2052-02-01 11:00:00,SO,state_of_charge,0.0,YZ,MW
2052-02-02 12:00:00,CE,state_of_charge,0.0,YZ,MW
2052-02-03 13:00:00,NR,state_of_charge,0.0,YZ,MW
2052-02-04 14:00:00,SO,state_of_charge,0.0,YZ,MW
2052-02-05 15:00:00,CE,state_of_charge,0.0,YZ,MW
2052-02-06 16:00:00,NR,state_of_charge,0.0,YZ,MW
2052-02-07 17:00:00,SO,state_of_charge,0.0,YZ,MW
2052-02-08 18:00:00,CE,state_of_charge,92.25,YZ,MW
2052-02-09 19:00:00,NR,state_of_charge,155.25,YZ,MW
2052-02-10 20:00:00,SO,state_of_charge,112.5,YZ,MW
2052-02-11 21:00:00,CE,state_of_charge,0.0,YZ,MW
2052-02-12 22:00:00,NR,state_of_charge,0.0,YZ,MW
2052-02-13 23:00:00,SO,state_of_charge,0.0,YZ,MW
2052-02-15 00:00:00,CE,state_of_charge,0.0,YZ,MW
2052-02-16 01:00:00,NR,state_of_charge,0.0,YZ,MW
2052-02-17 02:00:00,SO,state_of_charge,0.0,YZ,MW
2052-02-18 03:00:00,CE,state_of_charge,0.0,YZ,MW
2052-02-19 04:00:00,NR,state_of_charge,0.0,YZ,MW
2052-02-20 05:00:00,SO,state_of_charge,0.0,YZ,MW
2052-02-21 06:00:00,CE,state_of_charge,0.0,YZ,MW
2052-02-22 07:00:00,NR,state_of_charge,0.0,YZ,MW
2052-02-23 08:00:00,SO,state_of_charge,0.0,YZ,MW
2052-02-24 09:00:00,CE,state_of_charge,0.0,YZ,MW
2052-02-25 10:00:00,NR,state_of_charge,0.0,YZ,MW
2052-02-26 11:00:00,SO,state_of_charge,0.0,YZ,MW
2052-02-27 12:00:00,CE,state_of_charge,0.0,YZ,MW
2052-02-28 13:00:00,NR,state_of_charge,0.0,YZ,MW
2052-02-29 14:00:00,SO,state_of_charge,0.0,YZ,MW
2052-03-01 15:00:00,CE,state_of_charge,0.0,YZ,MW
2052-03-02 16:00:00,NR,state_of_charge,0.0,YZ,MW
2052-03-03 17:00:00,SO,state_of_charge,0.0,YZ,MW
2052-03-04 18:00:00,CE,state_of_charge,0.0,YZ,MW
2052-03-05 19:00:00,NR,state_of_charge,0.0,YZ,MW
2052-03-06 20:00:00,SO,state_of_charge,0.0,YZ,MW
2052-03-07 21:00:00,CE,state_of_charge,0.0,YZ,MW
2052-03-08 22:00:00,NR,state_of_charge,0.0,YZ,MW
2052-03-09 23:00:00,SO,state_of_charge,0.0,YZ,MW
2052-03-11 00:00:00,CE,state_of_charge,0.0,YZ,MW
2052-03-12 01:00:00,NR,state_of_charge,0.0,YZ,MW
2052-03-13 02:00:00,SO,state_of_charge,0.0,YZ,MW
2052-03-14 03:00:00,CE,state_of_charge,0.0,YZ,MW
2052-03-15 04:00:00,NR,state_of_charge,0.0,YZ,MW
2052-03-16 05:00:00,SO,state_of_charge,0.0,YZ,MW
2052-03-17 06:00:00,CE,state_of_charge,0.0,YZ,MW
2052-03-18 07:00:00,NR,state_of_charge,0.0,YZ,MW
2052-03-19 08:00:00,SO,state_of_charge,0.0,YZ,MW
2052-03-20 09:00:00,CE,state_of_charge,0.0,YZ,MW
2052-03-21 10:00:00,NR,state_of_charge,0.0,YZ,MW
2052-03-22 11:00:00,SO,state_of_charge,0.0,YZ,MW
2052-03-23 12:00:00,CE,state_of_charge,0.0,YZ,MW
2052-03-24 13:00:00,NR,state_of_charge,0.0,YZ,MW
2052-03-25 14:00:00,SO,state_of_charge,0.0,YZ,MW
2052-03-26 15:00:00,CE,state_of_charge,0.0,YZ,MW
2052-03-27 16:00:00,NR,state_of_charge,0.0,YZ,MW
2052-03-28 17:00:00,SO,state_of_charge,0.0,YZ,MW
2052-03-29 18:00:00,CE,state_of_charge,0.0,YZ,MW
2052-03-30 19:00:00,NR,state_of_charge,0.0,YZ,MW
2052-03-31 20:00:00,SO,state_of_charge,0.0,YZ,MW
2052-04-01 21:00:00,CE,state_of_charge,0.0,YZ,MW
2052-04-02 22:00:00,NR,state_of_charge,0.0,YZ,MW
2052-04-03 23:00:00,SO,state_of_charge,0.0,YZ,MW
2052-04-05 00:00:00,CE,state_of_charge,0.0,YZ,MW
2052-04-06 01:00:00,NR,state_of_charge,0.0,YZ,MW
2052-04-07 02:00:00,SO,state_of_charge,0.0,YZ,MW
2052-04-08 03:00:00,CE,state_of_charge,0.0,YZ,MW
2052-04-09 04:00:00,NR,state_of_charge,0.0,YZ,MW
2052-04-10 05:00:00,SO,state_of_charge,0.0,YZ,MW
2052-04-11 06:00:00,CE,state_of_charge,0.0,YZ,MW
2052-04-12 07:00:00,NR,state_of_charge,0.0,YZ,MW
2052-04-13 08:00:00,SO,state_of_charge,0.0,YZ,MW
2052-04-14 09:00:00,CE,state_of_charge,0.0,YZ,MW
2052-04-15 10:00:00,NR,state_of_charge,0.0,YZ,MW
2052-04-16 11:00:00,SO,state_of_charge,0.0,YZ,MW
2052-04-17 12:00:00,CE,state_of_charge,0.0,YZ,MW
2052-04-18 13:00:00,NR,state_of_charge,0.0,YZ,MW
2052-04-19 14:00:00,SO,state_of_charge,0.0,YZ,MW
2052-04-20 15:00:00,CE,state_of_charge,0.0,YZ,MW
2052-04-21 16:00:00,NR,state_of_charge,0.0,YZ,MW
2052-04-22 17:00:00,SO,state_of_charge,0.0,YZ,MW
2052-04-23 18:00:00,CE,state_of_charge,92.25,YZ,MW
2052-04-24 19:00:00,NR,state_of_charge,155.25,YZ,MW
2052-04-25 20:00:00,SO,state_of_charge,112.5,YZ,MW
2052-04-26 21:00:00,CE,state_of_charge,0.0,YZ,MW
2052-04-27 22:00:00,NR,state_of_charge,0.0,YZ,MW
2052-04-28 23:00:00,SO,state_of_charge,0.0,YZ,MW
2052-04-30 00:00:00,CE,state_of_charge,0.0,YZ,MW
2052-05-01 01:00:00,NR,state_of_charge,0.0,YZ,MW
2052-05-02 02:00:00,SO,state_of_charge,0.0,YZ,MW
2052-05-03 03:00:00,CE,state_of_charge,0.0,YZ,MW
2052-05-04 04:00:00,NR,state_of_charge,0.0,YZ,MW
2052-05-05 05:00:00,SO,state_of_charge,0.0,YZ,MW
2052-05-06 06:00:00,CE,state_of_charge,0.0,YZ,MW
2052-05-07 07:00:00,NR,state_of_charge,0.0,YZ,MW
2052-05-08 08:00:00,SO,state_of_charge,0.0,YZ,MW
2052-05-09 09:00:00,CE,state_of_charge,0.0,YZ,MW
2052-05-10 10:00:00,NR,state_of_charge,0.0,YZ,MW
2052-05-11 11:00:00,SO,state_of_charge,0.0,YZ,MW
2052-05-12 12:00:00,CE,state_of_charge,0.0,YZ,MW
2052-05-13 13:00:00,NR,state_of_charge,0.0,YZ,MW
2052-05-14 14:00:00,SO,state_of_charge,0.0,YZ,MW
2052-05-15 15:00:00,CE,state_of_charge,0.0,YZ,MW
2052-05-16 16:00:00,NR,state_of_charge,0.0,YZ,MW
2052-05-17 17:00:00,SO,state_of_charge,0.0,YZ,MW
2052-05-18 18:00:00,CE,state_of_charge,0.0,YZ,MW
2052-05-19 19:00:00,NR,state_of_charge,0.0,YZ,MW
2052-05-20 20:00:00,SO,state_of_charge,0.0,YZ,MW
2052-05-21 21:00:00,CE,state_of_charge,0.0,YZ,MW
2052-05-22 22:00:00,NR,state_of_charge,0.0,YZ,MW
2052-05-23 23:00:00,SO,state_of_charge,0.0,YZ,MW
2052-05-25 00:00:00,CE,state_of_charge,0.0,YZ,MW
2052-05-26 01:00:00,NR,state_of_charge,0.0,YZ,MW
2052-05-27 02:00:00,SO,state_of_charge,0.0,YZ,MW
2052-05-28 03:00:00,CE,state_of_charge,0.0,YZ,MW
2052-05-29 04:00:00,NR,state_of_charge,0.0,YZ,MW
2052-05-30 05:00:00,SO,state_of_charge,0.0,YZ,MW
2052-05-31 06:00:00,CE,state_of_charge,0.0,YZ,MW
2052-06-01 07:00:00,NR,state_of_charge,0.0,YZ,MW
2052-06-02 08:00:00,SO,state_of_charge,0.0,YZ,MW
2052-06-03 09:00:00,CE,state_of_charge,0.0,YZ,MW
2052-06-04 10:00:00,NR,state_of_charge,0.0,YZ,MW
2052-06-05 11:00:00,SO,state_of_charge,0.0,YZ,MW
2052-06-06 12:00:00,CE,state_of_charge,0.0,YZ,MW
2052-06-07 13:00:00,NR,state_of_charge,0.0,YZ,MW
2052-06-08 14:00:00,SO,state_of_charge,0.0,YZ,MW
2052-06-09 15:00:00,CE,state_of_charge,0.0,YZ,MW
2052-06-10 16:00:00,NR,state_of_charge,0.0,YZ,MW
2052-06-11 17:00:00,SO,state_of_charge,0.0,YZ,MW
2052-06-12 18:00:00,CE,state_of_charge,0.0,YZ,MW
2052-06-13 19:00:00,NR,state_of_charge,0.0,YZ,MW
2052-06-14 20:00:00,SO,state_of_charge,0.0,YZ,MW
2052-06-15 21:00:00,CE,state_of_charge,0.0,YZ,MW
2052-06-16 22:00:00,NR,state_of_charge,0.0,YZ,MW
2052-06-17 23:00:00,SO,state_of_charge,0.0,YZ,MW
2052-06-19 00:00:00,CE,state_of_charge,0.0,YZ,MW
2052-06-20 01:00:00,NR,state_of_charge,0.0,YZ,MW
2052-06-21 02:00:00,SO,state_of_charge,0.0,YZ,MW
2052-06-22 03:00:00,CE,state_of_charge,0.0,YZ,MW
2052-06-23 04:00:00,NR,state_of_charge,0.0,YZ,MW
2052-06-24 05:00:00,SO,state_of_charge,0.0,YZ,MW
2052-06-25 06:00:00,CE,state_of_charge,0.0,YZ,MW
2052-06-26 07:00:00,NR,state_of_charge,0.0,YZ,MW
2052-06-27 08:00:00,SO,state_of_charge,0.0,YZ,MW
2052-06-28 09:00:00,CE,state_of_charge,0.0,YZ,MW
2052-06-29 10:00:00,NR,state_of_charge,0.0,YZ,MW
2052-06-30 11:00:00,SO,state_of_charge,0.0,YZ,MW
2052-07-01 12:00:00,CE,state_of_charge,0.0,YZ,MW
2052-07-02 13:00:00,NR,state_of_charge,0.0,YZ,MW
2052-07-03 14:00:00,SO,state_of_charge,0.0,YZ,MW
2052-07-04 15:00:00,CE,state_of_charge,0.0,YZ,MW
2052-07-05 16:00:00,NR,state_of_charge,0.0,YZ,MW
2052-07-06 17:00:00,SO,state_of_charge,0.0,YZ,MW
2052-07-07 18:00:00,CE,state_of_charge,0.0,YZ,MW
2052-07-08 19:00:00,NR,state_of_charge,0.0,YZ,MW
2052-07-09 20:00:00,SO,state_of_charge,0.0,YZ,MW
2052-07-10 21:00:00,CE,state_of_charge,92.25,YZ,MW
2052-07-11 22:00:00,NR,state_of_charge,155.25,YZ,MW
2052-07-12 23:00:00,SO,state_of_charge,112.5,YZ,MW
2052-07-14 00:00:00,CE,state_of_charge,0.0,YZ,MW
2052-07-15 01:00:00,NR,state_of_charge,0.0,YZ,MW
2052-07-16 02:00:00,SO,state_of_charge,0.0,YZ,MW
2052-07-17 03:00:00,CE,state_of_charge,0.0,YZ,MW
2052-07-18 04:00:00,NR,state_of_charge,0.0,YZ,MW
2052-07-19 05:00:00,SO,state_of_charge,0.0,YZ,MW
2052-07-20 06:00:00,CE,state_of_charge,0.0,YZ,MW
2052-07-21 07:00:00,NR,state_of_charge,0.0,YZ,MW
2052-07-22 08:00:00,SO,state_of_charge,0.0,YZ,MW
2052-07-23 09:00:00,CE,state_of_charge,0.0,YZ,MW
2052-07-24 10:00:00,NR,state_of_charge,0.0,YZ,MW
2052-07-25 11:00:00,SO,state_of_charge,0.0,YZ,MW
2052-07-26 12:00:00,CE,state_of_charge,0.0,YZ,MW
2052-07-27 13:00:00,NR,state_of_charge,0.0,YZ,MW
2052-07-28 14:00:00,SO,state_of_charge,0.0,YZ,MW
2052-07-29 15:00:00,CE,state_of_charge,0.0,YZ,MW
2052-07-30 16:00:00,NR,state_of_charge,0.0,YZ,MW
2052-07-31 17:00:00,SO,state_of_charge,0.0,YZ,MW
2052-08-01 18:00:00,CE,state_of_charge,0.0,YZ,MW
2052-08-02 19:00:00,NR,state_of_charge,0.0,YZ,MW
2052-08-03 20:00:00,SO,state_of_charge,0.0,YZ,MW
2052-08-04 21:00:00,CE,state_of_charge,0.0,YZ,MW
2052-08-05 22:00:00,NR,state_of_charge,0.0,YZ,MW
2052-08-06 23:00:00,SO,state_of_charge,0.0,YZ,MW
2052-08-08 00:00:00,CE,state_of_charge,0.0,YZ,MW
2052-08-09 01:00:00,NR,state_of_charge,0.0,YZ,MW
2052-08-10 02:00:00,SO,state_of_charge,0.0,YZ,MW
2052-08-11 03:00:00,CE,state_of_charge,0.0,YZ,MW
2052-08-12 04:00:00,NR,state_of_charge,0.0,YZ,MW
2052-08-13 05:00:00,SO,state_of_charge,0.0,YZ,MW
2052-08-14 06:00:00,CE,state_of_charge,0.0,YZ,MW
2052-08-15 07:00:00,NR,state_of_charge,0.0,YZ,MW
2052-08-16 08:00:00,SO,state_of_charge,0.0,YZ,MW
2052-08-17 09:00:00,CE,state_of_charge,0.0,YZ,MW
2052-08-18 10:00:00,NR,state_of_charge,0.0,YZ,MW
2052-08-19 11:00:00,SO,state_of_charge,0.0,YZ,MW
2052-08-20 12:00:00,CE,state_of_charge,0.0,YZ,MW
2052-08-21 13:00:00,NR,state_of_charge,0.0,YZ,MW
2052-08-22 14:00:00,SO,state_of_charge,0.0,YZ,MW
2052-08-23 15:00:00,CE,state_of_charge,0.0,YZ,MW
2052-08-24 16:00:00,NR,state_of_charge,0.0,YZ,MW
2052-08-25 17:00:00,SO,state_of_charge,0.0,YZ,MW
2052-08-26 18:00:00,CE,state_of_charge,0.0,YZ,MW
2052-08-27 19:00:00,NR,state_of_charge,0.0,YZ,MW
2052-08-28 20:00:00,SO,state_of_charge,0.0,YZ,MW
2052-08-29 21:00:00,CE,state_of_charge,0.0,YZ,MW
2052-08-30 22:00:00,NR,state_of_charge,0.0,YZ,MW
2052-08-31 23:00:00,SO,state_of_charge,0.0,YZ,MW
2052-09-02 00:00:00,CE,state_of_charge,0.0,YZ,MW
2052-09-03 01:00:00,NR,state_of_charge,0.0,YZ,MW
2052-09-04 02:00:00,SO,state_of_charge,0.0,YZ,MW
2052-09-05 03:00:00,CE,state_of_charge,0.0,YZ,MW
2052-09-06 04:00:00,NR,state_of_charge,0.0,YZ,MW
2052-09-07 05:00:00,SO,state_of_charge,0.0,YZ,MW
2052-09-08 06:00:00,CE,state_of_charge,0.0,YZ,MW
2052-09-09 07:00:00,NR,state_of_charge,0.0,YZ,MW
2052-09-10 08:00:00,SO,state_of_charge,0.0,YZ,MW
2052-09-11 09:00:00,CE,state_of_charge,0.0,YZ,MW
2052-09-12 10:00:00,NR,state_of_charge,0.0,YZ,MW
2052-09-13 11:00:00,SO,state_of_charge,0.0,YZ,MW
2052-09-14 12:00:00,CE,state_of_charge,0.0,YZ,MW
2052-09-15 13:00:00,NR,state_of_charge,0.0,YZ,MW
2052-09-16 14:00:00,SO,state_of_charge,0.0,YZ,MW
2052-09-17 15:00:00,CE,state_of_charge,0.0,YZ,MW
2052-09-18 16:00:00,NR,state_of_charge,0.0,YZ,MW
2052-09-19 17:00:00,SO,state_of_charge,0.0,YZ,MW
2052-09-20 18:00:00,CE,state_of_charge,0.0,YZ,MW
2052-09-21 19:00:00,NR,state_of_charge,0.0,YZ,MW
2052-09-22 20:00:00,SO,state_of_charge,0.0,YZ,MW
2052-09-23 21:00:00,CE,state_of_charge,92.25,YZ,MW
2052-09-24 22:00:00,NR,state_of_charge,155.25,YZ,MW
2052-09-25 23:00:00,SO,state_of_charge,112.5,YZ,MW
2052-09-27 00:00:00,CE,state_of_charge,0.0,YZ,MW
2052-09-28 01:00:00,NR,state_of_charge,0.0,YZ,MW
2052-09-29 02:00:00,SO,state_of_charge,0.0,YZ,MW
2052-09-30 03:00:00,CE,state_of_charge,0.0,YZ,MW
2052-10-01 04:00:00,NR,state_of_charge,0.0,YZ,MW
2052-10-02 05:00:00,SO,state_of_charge,0.0,YZ,MW
2052-10-03 06:00:00,CE,state_of_charge,0.0,YZ,MW
2052-10-04 07:00:00,NR,state_of_charge,0.0,YZ,MW
2052-10-05 08:00:00,SO,state_of_charge,0.0,YZ,MW
2052-10-06 09:00:00,CE,state_of_charge,0.0,YZ,MW
2052-10-07 10:00:00,NR,state_of_charge,0.0,YZ,MW
2052-10-08 11:00:00,SO,state_of_charge,0.0,YZ,MW
2052-10-09 12:00:00,CE,state_of_charge,0.0,YZ,MW
2052-10-10 13:00:00,NR,state_of_charge,0.0,YZ,MW
2052-10-11 14:00:00,SO,state_of_charge,0.0,YZ,MW
2052-10-12 15:00:00,CE,state_of_charge,0.0,YZ,MW
2052-10-13 16:00:00,NR,state_of_charge,0.0,YZ,MW
2052-10-14 17:00:00,SO,state_of_charge,0.0,YZ,MW
2052-10-15 18:00:00,CE,state_of_charge,0.0,YZ,MW
2052-10-16 19:00:00,NR,state_of_charge,0.0,YZ,MW
2052-10-17 20:00:00,SO,state_of_charge,0.0,YZ,MW
2052-10-18 21:00:00,CE,state_of_charge,0.0,YZ,MW
2052-10-19 22:00:00,NR,state_of_charge,0.0,YZ,MW
2052-10-20 23:00:00,SO,state_of_charge,0.0,YZ,MW
2052-10-22 00:00:00,CE,state_of_charge,0.0,YZ,MW
2052-10-23 01:00:00,NR,state_of_charge,0.0,YZ,MW
2052-10-24 02:00:00,SO,state_of_charge,0.0,YZ,MW
2052-10-25 03:00:00,CE,state_of_charge,0.0,YZ,MW
2052-10-26 04:00:00,NR,state_of_charge,0.0,YZ,MW
2052-10-27 05:00:00,SO,state_of_charge,0.0,YZ,MW
2052-10-28 06:00:00,CE,state_of_charge,0.0,YZ,MW
2052-10-29 07:00:00,NR,state_of_charge,0.0,YZ,MW
2052-10-30 08:00:00,SO,state_of_charge,0.0,YZ,MW
2052-10-31 09:00:00,CE,state_of_charge,0.0,YZ,MW
2052-11-01 10:00:00,NR,state_of_charge,0.0,YZ,MW
2052-11-02 11:00:00,SO,state_of_charge,0.0,YZ,MW
2052-11-03 12:00:00,CE,state_of_charge,0.0,YZ,MW
2052-11-04 13:00:00,NR,state_of_charge,0.0,YZ,MW
2052-11-05 14:00:00,SO,state_of_charge,0.0,YZ,MW
2052-11-06 15:00:00,CE,state_of_charge,0.0,YZ,MW
2052-11-07 16:00:00,NR,state_of_charge,0.0,YZ,MW
2052-11-08 17:00:00,SO,state_of_charge,0.0,YZ,MW
2052-11-09 18:00:00,CE,state_of_charge,0.0,YZ,MW
2052-11-10 19:00:00,NR,state_of_charge,0.0,YZ,MW
2052-11-11 20:00:00,SO,state_of_charge,0.0,YZ,MW
2052-11-12 21:00:00,CE,state_of_charge,0.0,YZ,MW
2052-11-13 22:00:00,NR,state_of_charge,0.0,YZ,MW
2052-11-14 23:00:00,SO,state_of_charge,0.0,YZ,MW
2052-11-16 00:00:00,CE,state_of_charge,0.0,YZ,MW
2052-11-17 01:00:00,NR,state_of_charge,0.0,YZ,MW
2052-11-18 02:00:00,SO,state_of_charge,0.0,YZ,MW
2052-11-19 03:00:00,CE,state_of_charge,0.0,YZ,MW
2052-11-20 04:00:00,NR,state_of_charge,0.0,YZ,MW
2052-11-21 05:00:00,SO,state_of_charge,0.0,YZ,MW
2052-11-22 06:00:00,CE,state_of_charge,0.0,YZ,MW
2052-11-23 07:00:00,NR,state_of_charge,0.0,YZ,MW
2052-11-24 08:00:00,SO,state_of_charge,0.0,YZ,MW
2052-11-25 09:00:00,CE,state_of_charge,0.0,YZ,MW
2052-11-26 10:00:00,NR,state_of_charge,0.0,YZ,MW
2052-11-27 11:00:00,SO,state_of_charge,0.0,YZ,MW
2052-11-28 12:00:00,CE,state_of_charge,0.0,YZ,MW
2052-11-29 13:00:00,NR,state_of_charge,0.0,YZ,MW
2052-11-30 14:00:00,SO,state_of_charge,0.0,YZ,MW
2052-12-01 15:00:00,CE,state_of_charge,0.0,YZ,MW
2052-12-02 16:00:00,NR,state_of_charge,0.0,YZ,MW
2052-12-03 17:00:00,SO,state_of_charge,0.0,YZ,MW
2052-12-04 18:00:00,CE,state_of_charge,0.0,YZ,MW
2052-12-05 19:00:00,NR,state_of_charge,0.0,YZ,MW
2052-12-06 20:00:00,SO,state_of_charge,0.0,YZ,MW
2052-12-07 21:00:00,CE,state_of_charge,92.25,YZ,MW
2052-12-08 22:00:00,NR,state_of_charge,155.25,YZ,MW
2052-12-09 23:00:00,SO,state_of_charge,112.5,YZ,MW
2052-12-11 00:00:00,CE,state_of_charge,0.0,YZ,MW
2052-12-12 01:00:00,NR,state_of_charge,0.0,YZ,MW
2052-12-13 02:00:00,SO,state_of_charge,0.0,YZ,MW
2052-12-14 03:00:00,CE,state_of_charge,0.0,YZ,MW
2052-12-15 04:00:00,NR,state_of_charge,0.0,YZ,MW
2052-12-16 05:00:00,SO,state_of_charge,0.0,YZ,MW
2052-12-17 06:00:00,CE,state_of_charge,0.0,YZ,MW
2052-12-18 07:00:00,NR,state_of_charge,0.0,YZ,MW
2052-12-19 08:00:00,SO,state_of_charge,0.0,YZ,MW
2052-12-20 09:00:00,CE,state_of_charge,0.0,YZ,MW
2052-12-21 10:00:00,NR,state_of_charge,0.0,YZ,MW
2052-12-22 11:00:00,SO,state_of_charge,0.0,YZ,MW
2052-12-23 12:00:00,CE,state_of_charge,0.0,YZ,MW
2052-12-24 13:00:00,NR,state_of_charge,0.0,YZ,MW
2052-12-25 14:00:00,SO,state_of_charge,0.0,YZ,MW
2052-12-26 15:00:00,CE,state_of_charge,0.0,YZ,MW
2052-12-27 16:00:00,NR,state_of_charge,0.0,YZ,MW
2052-12-28 17:00:00,SO,state_of_charge,0.0,YZ,MW
2052-12-29 18:00:00,CE,state_of_charge,0.0,YZ,MW
2052-12-30 19:00:00,NR,state_of_charge,0.0,YZ,MW
2052-12-31 20:00:00,SO,state_of_charge,0.0,YZ,MW
2053-01-01 21:00:00,CE,state_of_charge,0.0,YZ,MW
2053-01-02 22:00:00,NR,state_of_charge,0.0,YZ,MW
2053-01-03 23:00:00,SO,state_of_charge,0.0,YZ,MW
