snapshot,type,status,value,country,unit
2040-01-01 00:00:00,TRAN-PRV,charging,49.55789473686737,XY,MW
2040-01-02 01:00:00,TRAN-PUB,charging,36.21052631579,XY,MW
2040-01-03 02:00:00,TRAN-PRV,charging,51.789473684280004,XY,MW
2040-01-04 03:00:00,TRAN-PUB,charging,34.52631578947,XY,MW
2040-01-05 04:00:00,TRAN-PRV,charging,53.05263157902,XY,MW
2040-01-06 05:00:00,TRAN-PUB,charging,35.36842105263,XY,MW
2040-01-07 06:00:00,TRAN-PRV,charging,56.84210526323999,XY,MW
2040-01-08 07:00:00,TRAN-PUB,charging,37.89473684211001,XY,MW
2040-01-09 08:00:00,TRAN-PRV,charging,56.84210526323999,XY,MW
2040-01-10 09:00:00,TRAN-PUB,charging,37.89473684211001,XY,MW
2040-01-11 10:00:00,TRAN-PRV,charging,54.315789473760006,XY,MW
2040-01-12 11:00:00,TRAN-PUB,charging,36.21052631579,XY,MW
2040-01-13 12:00:00,TRAN-PRV,charging,55.5789473685,XY,MW
2040-01-14 13:00:00,TRAN-PUB,charging,37.05263157895,XY,MW
2040-01-15 14:00:00,TRAN-PRV,charging,32.21052631584,XY,MW
2040-01-16 15:00:00,TRAN-PUB,charging,21.47368421054,XY,MW
2040-01-17 16:00:00,TRAN-PRV,charging,30.31578947373,XY,MW
2040-01-18 17:00:00,TRAN-PUB,charging,20.21052631579,XY,MW
2040-01-19 18:00:00,TRAN-PRV,charging,29.684210526330002,XY,MW
2040-01-20 19:00:00,TRAN-PUB,charging,19.78947368422,XY,MW
2040-01-21 20:00:00,TRAN-PRV,charging,30.31578947373,XY,MW
2040-01-22 21:00:00,TRAN-PUB,charging,20.21052631579,XY,MW
2040-01-23 22:00:00,TRAN-PRV,charging,30.31578947373,XY,MW
2040-01-24 23:00:00,TRAN-PUB,charging,20.21052631579,XY,MW
2040-01-26 00:00:00,TRAN-PRV,charging,27.15789473685,XY,MW
2040-01-27 01:00:00,TRAN-PUB,charging,18.105263157899998,XY,MW
2040-01-28 02:00:00,TRAN-PRV,charging,29.684210526330002,XY,MW
2040-01-29 03:00:00,TRAN-PUB,charging,19.78947368422,XY,MW
2040-01-30 04:00:00,TRAN-PRV,charging,25.89473684211,XY,MW
2040-01-31 05:00:00,TRAN-PUB,charging,17.26315789474,XY,MW
2040-02-01 06:00:00,TRAN-PRV,charging,24.00000000003,XY,MW
2040-02-02 07:00:00,TRAN-PUB,charging,16.0,XY,MW
2040-02-03 08:00:00,TRAN-PRV,charging,19.578947368439998,XY,MW
2040-02-04 09:00:00,TRAN-PUB,charging,13.05263157894,XY,MW
2040-02-05 10:00:00,TRAN-PRV,charging,16.42105263159,XY,MW
2040-02-06 11:00:00,TRAN-PUB,charging,10.94736842106,XY,MW
2040-02-07 12:00:00,TRAN-PRV,charging,7.57894736844,XY,MW
2040-02-08 13:00:00,TRAN-PUB,charging,5.052631578941,XY,MW
2040-02-09 14:00:00,TRAN-PRV,charging,26.52631578951,XY,MW
2040-02-10 15:00:00,TRAN-PUB,charging,17.68421052632,XY,MW
2040-02-11 16:00:00,TRAN-PRV,charging,25.26315789477,XY,MW
2040-02-12 17:00:00,TRAN-PUB,charging,16.84210526315,XY,MW
2040-02-13 18:00:00,TRAN-PRV,charging,35.36842105269,XY,MW
2040-02-14 19:00:00,TRAN-PUB,charging,23.57894736841,XY,MW
2040-02-15 20:00:00,TRAN-PRV,charging,39.157894736879996,XY,MW
2040-02-16 21:00:00,TRAN-PUB,charging,26.105263157899998,XY,MW
2040-02-17 22:00:00,TRAN-PRV,charging,42.9473684211,XY,MW
2040-02-18 23:00:00,TRAN-PUB,charging,28.631578947370002,XY,MW
2040-02-20 00:00:00,TRAN-PRV,charging,46.10526315795,XY,MW
2040-02-21 01:00:00,TRAN-PUB,charging,30.73684210527,XY,MW
2040-02-22 02:00:00,TRAN-PRV,charging,46.10526315795,XY,MW
2040-02-23 03:00:00,TRAN-PUB,charging,30.73684210527,XY,MW
2040-02-24 04:00:00,TRAN-PRV,charging,51.15789473691,XY,MW
2040-02-25 05:00:00,TRAN-PUB,charging,34.1052631579,XY,MW
2040-02-26 06:00:00,TRAN-PRV,charging,55.5789473685,XY,MW
2040-02-27 07:00:00,TRAN-PUB,charging,37.05263157895,XY,MW
2040-02-28 08:00:00,TRAN-PRV,charging,57.47368421061,XY,MW
2040-02-29 09:00:00,TRAN-PUB,charging,38.31578947368,XY,MW
2040-03-01 10:00:00,TRAN-PRV,charging,53.68421052636,XY,MW
2040-03-02 11:00:00,TRAN-PUB,charging,35.78947368422,XY,MW
2040-03-03 12:00:00,TRAN-PRV,charging,45.47368421058,XY,MW
2040-03-04 13:00:00,TRAN-PUB,charging,30.31578947368,XY,MW
2040-03-05 14:00:00,TRAN-PRV,charging,37.26315789477,XY,MW
2040-03-06 15:00:00,TRAN-PUB,charging,24.84210526315,XY,MW
2040-03-07 16:00:00,TRAN-PRV,charging,46.73684210532,XY,MW
2040-03-08 17:00:00,TRAN-PUB,charging,31.15789473685,XY,MW
2040-03-09 18:00:00,TRAN-PRV,charging,51.15789473691,XY,MW
2040-03-10 19:00:00,TRAN-PUB,charging,34.1052631579,XY,MW
2040-03-11 20:00:00,TRAN-PRV,charging,26.52631578951,XY,MW
2040-03-12 21:00:00,TRAN-PUB,charging,17.68421052632,XY,MW
2040-03-13 22:00:00,TRAN-PRV,charging,29.684210526330002,XY,MW
2040-03-14 23:00:00,TRAN-PUB,charging,19.78947368422,XY,MW
2040-03-16 00:00:00,TRAN-PRV,charging,29.05263157899,XY,MW
2040-03-17 01:00:00,TRAN-PUB,charging,19.368421052619997,XY,MW
2040-03-18 02:00:00,TRAN-PRV,charging,25.89473684211,XY,MW
2040-03-19 03:00:00,TRAN-PUB,charging,17.26315789474,XY,MW
2040-03-20 04:00:00,TRAN-PRV,charging,12.00000000003,XY,MW
2040-03-21 05:00:00,TRAN-PUB,charging,8.0,XY,MW
2040-03-22 06:00:00,TRAN-PRV,charging,16.42105263159,XY,MW
2040-03-23 07:00:00,TRAN-PUB,charging,10.94736842106,XY,MW
2040-03-24 08:00:00,TRAN-PRV,charging,23.36842105266,XY,MW
2040-03-25 09:00:00,TRAN-PUB,charging,15.57894736841,XY,MW
2040-03-26 10:00:00,TRAN-PRV,charging,20.21052631581,XY,MW
2040-03-27 11:00:00,TRAN-PUB,charging,13.47368421054,XY,MW
2040-03-28 12:00:00,TRAN-PRV,charging,17.052631578990002,XY,MW
2040-03-29 13:00:00,TRAN-PUB,charging,11.36842105262,XY,MW
2040-03-30 14:00:00,TRAN-PRV,charging,18.94736842107,XY,MW
2040-03-31 15:00:00,TRAN-PUB,charging,12.63157894737,XY,MW
2040-04-01 16:00:00,TRAN-PRV,charging,25.26315789477,XY,MW
2040-04-02 17:00:00,TRAN-PUB,charging,16.84210526315,XY,MW
2040-04-03 18:00:00,TRAN-PRV,charging,24.00000000003,XY,MW
2040-04-04 19:00:00,TRAN-PUB,charging,16.0,XY,MW
2040-04-05 20:00:00,TRAN-PRV,charging,36.00000000003,XY,MW
2040-04-06 21:00:00,TRAN-PUB,charging,24.0,XY,MW
2040-04-07 22:00:00,TRAN-PRV,charging,39.789473684250005,XY,MW
2040-04-08 23:00:00,TRAN-PUB,charging,26.52631578947,XY,MW
2040-04-10 00:00:00,TRAN-PRV,charging,49.2631578948,XY,MW
2040-04-11 01:00:00,TRAN-PUB,charging,32.84210526315,XY,MW
2040-04-12 02:00:00,TRAN-PRV,charging,51.789473684280004,XY,MW
2040-04-13 03:00:00,TRAN-PUB,charging,34.52631578947,XY,MW
2040-04-14 04:00:00,TRAN-PRV,charging,54.315789473760006,XY,MW
2040-04-15 05:00:00,TRAN-PUB,charging,36.21052631579,XY,MW
2040-04-16 06:00:00,TRAN-PRV,charging,55.5789473685,XY,MW
2040-04-17 07:00:00,TRAN-PUB,charging,37.05263157895,XY,MW
2040-04-18 08:00:00,TRAN-PRV,charging,53.05263157902,XY,MW
2040-04-19 09:00:00,TRAN-PUB,charging,35.36842105263,XY,MW
2040-04-20 10:00:00,TRAN-PRV,charging,56.21052631587,XY,MW
2040-04-21 11:00:00,TRAN-PUB,charging,37.47368421054,XY,MW
2040-04-22 12:00:00,TRAN-PRV,charging,42.31578947376,XY,MW
2040-04-23 13:00:00,TRAN-PUB,charging,28.2105263158,XY,MW
2040-04-24 14:00:00,TRAN-PRV,charging,35.36842105269,XY,MW
2040-04-25 15:00:00,TRAN-PUB,charging,23.57894736841,XY,MW
2040-04-26 16:00:00,TRAN-PRV,charging,29.684210526330002,XY,MW
2040-04-27 17:00:00,TRAN-PUB,charging,19.78947368422,XY,MW
2040-04-28 18:00:00,TRAN-PRV,charging,28.42105263162,XY,MW
2040-04-29 19:00:00,TRAN-PUB,charging,18.947368421060002,XY,MW
2040-04-30 20:00:00,TRAN-PRV,charging,30.31578947373,XY,MW
2040-05-01 21:00:00,TRAN-PUB,charging,20.21052631579,XY,MW
2040-05-02 22:00:00,TRAN-PRV,charging,26.52631578951,XY,MW
2040-05-03 23:00:00,TRAN-PUB,charging,17.68421052632,XY,MW
2040-05-05 00:00:00,TRAN-PRV,charging,30.31578947373,XY,MW
2040-05-06 01:00:00,TRAN-PUB,charging,20.21052631579,XY,MW
2040-05-07 02:00:00,TRAN-PRV,charging,26.52631578951,XY,MW
2040-05-08 03:00:00,TRAN-PUB,charging,17.68421052632,XY,MW
2040-05-09 04:00:00,TRAN-PRV,charging,26.52631578951,XY,MW
2040-05-10 05:00:00,TRAN-PUB,charging,17.68421052632,XY,MW
2040-05-11 06:00:00,TRAN-PRV,charging,21.47368421055,XY,MW
2040-05-12 07:00:00,TRAN-PUB,charging,14.31578947368,XY,MW
2040-05-13 08:00:00,TRAN-PRV,charging,15.15789473685,XY,MW
2040-05-14 09:00:00,TRAN-PUB,charging,10.1052631579,XY,MW
2040-05-15 10:00:00,TRAN-PRV,charging,4.421052631584,XY,MW
2040-05-16 11:00:00,TRAN-PUB,charging,2.947368421054,XY,MW
2040-05-17 12:00:00,TRAN-PRV,charging,17.052631578990002,XY,MW
2040-05-18 13:00:00,TRAN-PUB,charging,11.36842105262,XY,MW
2040-05-19 14:00:00,TRAN-PRV,charging,15.15789473685,XY,MW
2040-05-20 15:00:00,TRAN-PUB,charging,10.1052631579,XY,MW
2040-05-21 16:00:00,TRAN-PRV,charging,27.78947368425,XY,MW
2040-05-22 17:00:00,TRAN-PUB,charging,18.52631578947,XY,MW
2040-05-23 18:00:00,TRAN-PRV,charging,32.84210526321,XY,MW
2040-05-24 19:00:00,TRAN-PUB,charging,21.894736842100002,XY,MW
2040-05-25 20:00:00,TRAN-PRV,charging,36.6315789474,XY,MW
2040-05-26 21:00:00,TRAN-PUB,charging,24.421052631589998,XY,MW
2040-05-27 22:00:00,TRAN-PRV,charging,39.789473684250005,XY,MW
2040-05-28 23:00:00,TRAN-PUB,charging,26.52631578947,XY,MW
2040-05-30 00:00:00,TRAN-PRV,charging,41.684210526360005,XY,MW
2040-05-31 01:00:00,TRAN-PUB,charging,27.78947368422,XY,MW
2040-06-01 02:00:00,TRAN-PRV,charging,48.00000000006,XY,MW
2040-06-02 03:00:00,TRAN-PUB,charging,32.0,XY,MW
2040-06-03 04:00:00,TRAN-PRV,charging,53.05263157902,XY,MW
2040-06-04 05:00:00,TRAN-PUB,charging,35.36842105263,XY,MW
2040-06-05 06:00:00,TRAN-PRV,charging,56.84210526323999,XY,MW
2040-06-06 07:00:00,TRAN-PUB,charging,37.89473684211001,XY,MW
2040-06-07 08:00:00,TRAN-PRV,charging,56.84210526323999,XY,MW
2040-06-08 09:00:00,TRAN-PUB,charging,37.89473684211001,XY,MW
2040-06-09 10:00:00,TRAN-PRV,charging,53.05263157902,XY,MW
2040-06-10 11:00:00,TRAN-PUB,charging,35.36842105263,XY,MW
2040-06-11 12:00:00,TRAN-PRV,charging,45.47368421058,XY,MW
2040-06-12 13:00:00,TRAN-PUB,charging,30.31578947368,XY,MW
2040-06-13 14:00:00,TRAN-PRV,charging,46.10526315795,XY,MW
2040-06-14 15:00:00,TRAN-PUB,charging,30.73684210527,XY,MW
2040-06-15 16:00:00,TRAN-PRV,charging,52.42105263161999,XY,MW
2040-06-16 17:00:00,TRAN-PUB,charging,34.94736842105,XY,MW
2040-06-17 18:00:00,TRAN-PRV,charging,25.89473684211,XY,MW
2040-06-18 19:00:00,TRAN-PUB,charging,17.26315789474,XY,MW
2040-06-19 20:00:00,TRAN-PRV,charging,28.42105263162,XY,MW
2040-06-20 21:00:00,TRAN-PUB,charging,18.947368421060002,XY,MW
2040-06-21 22:00:00,TRAN-PRV,charging,27.15789473685,XY,MW
2040-06-22 23:00:00,TRAN-PUB,charging,18.105263157899998,XY,MW
2040-06-24 00:00:00,TRAN-PRV,charging,20.84210526321,XY,MW
2040-06-25 01:00:00,TRAN-PUB,charging,13.894736842090001,XY,MW
2040-06-26 02:00:00,TRAN-PRV,charging,10.73684210529,XY,MW
2040-06-27 03:00:00,TRAN-PUB,charging,7.157894736851,XY,MW
2040-06-28 04:00:00,TRAN-PRV,charging,14.526315789509999,XY,MW
2040-06-29 05:00:00,TRAN-PUB,charging,9.68421052632,XY,MW
2040-06-30 06:00:00,TRAN-PRV,charging,18.94736842107,XY,MW
2040-07-01 07:00:00,TRAN-PUB,charging,12.63157894737,XY,MW
2040-07-02 08:00:00,TRAN-PRV,charging,2.526315789477,XY,MW
2040-07-03 09:00:00,TRAN-PUB,charging,1.684210526315,XY,MW
2040-07-04 10:00:00,TRAN-PRV,charging,9.47368421052,XY,MW
2040-07-05 11:00:00,TRAN-PUB,charging,6.3157894736869995,XY,MW
2040-07-06 12:00:00,TRAN-PRV,charging,12.63157894737,XY,MW
2040-07-07 13:00:00,TRAN-PUB,charging,8.4210526316,XY,MW
2040-07-08 14:00:00,TRAN-PRV,charging,15.15789473685,XY,MW
2040-07-09 15:00:00,TRAN-PUB,charging,10.1052631579,XY,MW
2040-07-10 16:00:00,TRAN-PRV,charging,15.789473684219999,XY,MW
2040-07-11 17:00:00,TRAN-PUB,charging,10.52631578946,XY,MW
2040-07-12 18:00:00,TRAN-PRV,charging,27.15789473685,XY,MW
2040-07-13 19:00:00,TRAN-PUB,charging,18.105263157899998,XY,MW
2040-07-14 20:00:00,TRAN-PRV,charging,26.52631578951,XY,MW
2040-07-15 21:00:00,TRAN-PUB,charging,17.68421052632,XY,MW
2040-07-16 22:00:00,TRAN-PRV,charging,42.9473684211,XY,MW
2040-07-17 23:00:00,TRAN-PUB,charging,28.631578947370002,XY,MW
2040-07-19 00:00:00,TRAN-PRV,charging,47.36842105269,XY,MW
2040-07-20 01:00:00,TRAN-PUB,charging,31.57894736841,XY,MW
2040-07-21 02:00:00,TRAN-PRV,charging,49.894736842170005,XY,MW
2040-07-22 03:00:00,TRAN-PUB,charging,33.263157894740004,XY,MW
2040-07-23 04:00:00,TRAN-PRV,charging,52.42105263161999,XY,MW
2040-07-24 05:00:00,TRAN-PUB,charging,34.94736842105,XY,MW
2040-07-25 06:00:00,TRAN-PRV,charging,52.42105263161999,XY,MW
2040-07-26 07:00:00,TRAN-PUB,charging,34.94736842105,XY,MW
2040-07-27 08:00:00,TRAN-PRV,charging,54.315789473760006,XY,MW
2040-07-28 09:00:00,TRAN-PUB,charging,36.21052631579,XY,MW
2040-07-29 10:00:00,TRAN-PRV,charging,49.894736842170005,XY,MW
2040-07-30 11:00:00,TRAN-PUB,charging,33.263157894740004,XY,MW
2040-07-31 12:00:00,TRAN-PRV,charging,44.21052631584,XY,MW
2040-08-01 13:00:00,TRAN-PUB,charging,29.47368421054,XY,MW
2040-08-02 14:00:00,TRAN-PRV,charging,33.47368421058,XY,MW
2040-08-03 15:00:00,TRAN-PUB,charging,22.31578947368,XY,MW
2040-08-04 16:00:00,TRAN-PRV,charging,27.78947368425,XY,MW
2040-08-05 17:00:00,TRAN-PUB,charging,18.52631578947,XY,MW
2040-08-06 18:00:00,TRAN-PRV,charging,28.42105263162,XY,MW
2040-08-07 19:00:00,TRAN-PUB,charging,18.947368421060002,XY,MW
2040-08-08 20:00:00,TRAN-PRV,charging,30.947368421070003,XY,MW
2040-08-09 21:00:00,TRAN-PUB,charging,20.631578947370002,XY,MW
2040-08-10 22:00:00,TRAN-PRV,charging,32.84210526321,XY,MW
2040-08-11 23:00:00,TRAN-PUB,charging,21.894736842100002,XY,MW
2040-08-13 00:00:00,TRAN-PRV,charging,24.00000000003,XY,MW
2040-08-14 01:00:00,TRAN-PUB,charging,16.0,XY,MW
2040-08-15 02:00:00,TRAN-PRV,charging,26.52631578951,XY,MW
2040-08-16 03:00:00,TRAN-PUB,charging,17.68421052632,XY,MW
2040-08-17 04:00:00,TRAN-PRV,charging,22.73684210529,XY,MW
2040-08-18 05:00:00,TRAN-PUB,charging,15.15789473685,XY,MW
2040-08-19 06:00:00,TRAN-PRV,charging,17.052631578990002,XY,MW
2040-08-20 07:00:00,TRAN-PUB,charging,11.36842105262,XY,MW
2040-08-21 08:00:00,TRAN-PRV,charging,1.894736842107,XY,MW
2040-08-22 09:00:00,TRAN-PUB,charging,1.2631578947370001,XY,MW
2040-08-23 10:00:00,TRAN-PRV,charging,13.26315789474,XY,MW
2040-08-24 11:00:00,TRAN-PUB,charging,8.84210526315,XY,MW
2040-08-25 12:00:00,TRAN-PRV,charging,13.894736842110001,XY,MW
2040-08-26 13:00:00,TRAN-PUB,charging,9.26315789474,XY,MW
2040-08-27 14:00:00,TRAN-PRV,charging,20.21052631581,XY,MW
2040-08-28 15:00:00,TRAN-PUB,charging,13.47368421054,XY,MW
2040-08-29 16:00:00,TRAN-PRV,charging,22.73684210529,XY,MW
2040-08-30 17:00:00,TRAN-PUB,charging,15.15789473685,XY,MW
2040-08-31 18:00:00,TRAN-PRV,charging,30.947368421070003,XY,MW
2040-09-01 19:00:00,TRAN-PUB,charging,20.631578947370002,XY,MW
2040-09-02 20:00:00,TRAN-PRV,charging,34.10526315795,XY,MW
2040-09-03 21:00:00,TRAN-PUB,charging,22.73684210527,XY,MW
2040-09-04 22:00:00,TRAN-PRV,charging,34.10526315795,XY,MW
2040-09-05 23:00:00,TRAN-PUB,charging,22.73684210527,XY,MW
2040-09-07 00:00:00,TRAN-PRV,charging,41.684210526360005,XY,MW
2040-09-08 01:00:00,TRAN-PUB,charging,27.78947368422,XY,MW
2040-09-09 02:00:00,TRAN-PRV,charging,46.73684210532,XY,MW
2040-09-10 03:00:00,TRAN-PUB,charging,31.15789473685,XY,MW
2040-09-11 04:00:00,TRAN-PRV,charging,54.315789473760006,XY,MW
2040-09-12 05:00:00,TRAN-PUB,charging,36.21052631579,XY,MW
2040-09-13 06:00:00,TRAN-PRV,charging,55.5789473685,XY,MW
2040-09-14 07:00:00,TRAN-PUB,charging,37.05263157895,XY,MW
2040-09-15 08:00:00,TRAN-PRV,charging,51.789473684280004,XY,MW
2040-09-16 09:00:00,TRAN-PUB,charging,34.52631578947,XY,MW
2040-09-17 10:00:00,TRAN-PRV,charging,55.5789473685,XY,MW
2040-09-18 11:00:00,TRAN-PUB,charging,37.05263157895,XY,MW
2040-09-19 12:00:00,TRAN-PRV,charging,54.315789473760006,XY,MW
2040-09-20 13:00:00,TRAN-PUB,charging,36.21052631579,XY,MW
2040-09-21 14:00:00,TRAN-PRV,charging,53.68421052636,XY,MW
2040-09-22 15:00:00,TRAN-PUB,charging,35.78947368422,XY,MW
2040-09-23 16:00:00,TRAN-PRV,charging,24.00000000003,XY,MW
2040-09-24 17:00:00,TRAN-PUB,charging,16.0,XY,MW
2040-09-25 18:00:00,TRAN-PRV,charging,25.89473684211,XY,MW
2040-09-26 19:00:00,TRAN-PUB,charging,17.26315789474,XY,MW
2040-09-27 20:00:00,TRAN-PRV,charging,27.15789473685,XY,MW
2040-09-28 21:00:00,TRAN-PUB,charging,18.105263157899998,XY,MW
2040-09-29 22:00:00,TRAN-PRV,charging,26.52631578951,XY,MW
2040-09-30 23:00:00,TRAN-PUB,charging,17.68421052632,XY,MW
2040-10-02 00:00:00,TRAN-PRV,charging,18.3157894737,XY,MW
2040-10-03 01:00:00,TRAN-PUB,charging,12.21052631578,XY,MW
2040-10-04 02:00:00,TRAN-PRV,charging,13.26315789474,XY,MW
2040-10-05 03:00:00,TRAN-PUB,charging,8.84210526315,XY,MW
2040-10-06 04:00:00,TRAN-PRV,charging,19.578947368439998,XY,MW
2040-10-07 05:00:00,TRAN-PUB,charging,13.05263157894,XY,MW
2040-10-08 06:00:00,TRAN-PRV,charging,13.894736842110001,XY,MW
2040-10-09 07:00:00,TRAN-PUB,charging,9.26315789474,XY,MW
2040-10-10 08:00:00,TRAN-PRV,charging,14.526315789509999,XY,MW
2040-10-11 09:00:00,TRAN-PUB,charging,9.68421052632,XY,MW
2040-10-12 10:00:00,TRAN-PRV,charging,13.894736842110001,XY,MW
2040-10-13 11:00:00,TRAN-PUB,charging,9.26315789474,XY,MW
2040-10-14 12:00:00,TRAN-PRV,charging,11.36842105266,XY,MW
2040-10-15 13:00:00,TRAN-PUB,charging,7.578947368415999,XY,MW
2040-10-16 14:00:00,TRAN-PRV,charging,10.73684210529,XY,MW
2040-10-17 15:00:00,TRAN-PUB,charging,7.157894736851,XY,MW
2040-10-18 16:00:00,TRAN-PRV,charging,26.52631578951,XY,MW
2040-10-19 17:00:00,TRAN-PUB,charging,17.68421052632,XY,MW
2040-10-20 18:00:00,TRAN-PRV,charging,24.631578947399998,XY,MW
2040-10-21 19:00:00,TRAN-PUB,charging,16.4210526316,XY,MW
2040-10-22 20:00:00,TRAN-PRV,charging,38.52631578951,XY,MW
2040-10-23 21:00:00,TRAN-PUB,charging,25.68421052631,XY,MW
2040-10-24 22:00:00,TRAN-PRV,charging,42.31578947376,XY,MW
2040-10-25 23:00:00,TRAN-PUB,charging,28.2105263158,XY,MW
2040-10-27 00:00:00,TRAN-PRV,charging,39.157894736879996,XY,MW
2040-10-28 01:00:00,TRAN-PUB,charging,26.105263157899998,XY,MW
2040-10-29 02:00:00,TRAN-PRV,charging,49.894736842170005,XY,MW
2040-10-30 03:00:00,TRAN-PUB,charging,33.263157894740004,XY,MW
2040-10-31 04:00:00,TRAN-PRV,charging,49.2631578948,XY,MW
2040-11-01 05:00:00,TRAN-PUB,charging,32.84210526315,XY,MW
2040-11-02 06:00:00,TRAN-PRV,charging,51.15789473691,XY,MW
2040-11-03 07:00:00,TRAN-PUB,charging,34.1052631579,XY,MW
2040-11-04 08:00:00,TRAN-PRV,charging,51.789473684280004,XY,MW
2040-11-05 09:00:00,TRAN-PUB,charging,34.52631578947,XY,MW
2040-11-06 10:00:00,TRAN-PRV,charging,53.05263157902,XY,MW
2040-11-07 11:00:00,TRAN-PUB,charging,35.36842105263,XY,MW
2040-11-08 12:00:00,TRAN-PRV,charging,44.21052631584,XY,MW
2040-11-09 13:00:00,TRAN-PUB,charging,29.47368421054,XY,MW
2040-11-10 14:00:00,TRAN-PRV,charging,27.78947368425,XY,MW
2040-11-11 15:00:00,TRAN-PUB,charging,18.52631578947,XY,MW
2040-11-12 16:00:00,TRAN-PRV,charging,34.10526315795,XY,MW
2040-11-13 17:00:00,TRAN-PUB,charging,22.73684210527,XY,MW
2040-11-14 18:00:00,TRAN-PRV,charging,30.947368421070003,XY,MW
2040-11-15 19:00:00,TRAN-PUB,charging,20.631578947370002,XY,MW
2040-11-16 20:00:00,TRAN-PRV,charging,36.6315789474,XY,MW
2040-11-17 21:00:00,TRAN-PUB,charging,24.421052631589998,XY,MW
2040-11-18 22:00:00,TRAN-PRV,charging,37.89473684214,XY,MW
2040-11-19 23:00:00,TRAN-PUB,charging,25.26315789474,XY,MW
2040-11-21 00:00:00,TRAN-PRV,charging,24.631578947399998,XY,MW
2040-11-22 01:00:00,TRAN-PUB,charging,16.4210526316,XY,MW
2040-11-23 02:00:00,TRAN-PRV,charging,27.78947368425,XY,MW
2040-11-24 03:00:00,TRAN-PUB,charging,18.52631578947,XY,MW
2040-11-25 04:00:00,TRAN-PRV,charging,25.26315789477,XY,MW
2040-11-26 05:00:00,TRAN-PUB,charging,16.84210526315,XY,MW
2040-11-27 06:00:00,TRAN-PRV,charging,21.47368421055,XY,MW
2040-11-28 07:00:00,TRAN-PUB,charging,14.31578947368,XY,MW
2040-11-29 08:00:00,TRAN-PRV,charging,6.947368421070001,XY,MW
2040-11-30 09:00:00,TRAN-PUB,charging,4.631578947372001,XY,MW
2040-12-01 10:00:00,TRAN-PRV,charging,15.789473684219999,XY,MW
2040-12-02 11:00:00,TRAN-PUB,charging,10.52631578946,XY,MW
2040-12-03 12:00:00,TRAN-PRV,charging,11.36842105266,XY,MW
2040-12-04 13:00:00,TRAN-PUB,charging,7.578947368415999,XY,MW
2040-12-05 14:00:00,TRAN-PRV,charging,15.15789473685,XY,MW
2040-12-06 15:00:00,TRAN-PUB,charging,10.1052631579,XY,MW
2040-12-07 16:00:00,TRAN-PRV,charging,18.94736842107,XY,MW
2040-12-08 17:00:00,TRAN-PUB,charging,12.63157894737,XY,MW
2040-12-09 18:00:00,TRAN-PRV,charging,24.00000000003,XY,MW
2040-12-10 19:00:00,TRAN-PUB,charging,16.0,XY,MW
2040-12-11 20:00:00,TRAN-PRV,charging,26.52631578951,XY,MW
2040-12-12 21:00:00,TRAN-PUB,charging,17.68421052632,XY,MW
2040-12-13 22:00:00,TRAN-PRV,charging,27.15789473685,XY,MW
2040-12-14 23:00:00,TRAN-PUB,charging,18.105263157899998,XY,MW
2040-12-16 00:00:00,TRAN-PRV,charging,39.789473684250005,XY,MW
2040-12-17 01:00:00,TRAN-PUB,charging,26.52631578947,XY,MW
2040-12-18 02:00:00,TRAN-PRV,charging,40.42105263162,XY,MW
2040-12-19 03:00:00,TRAN-PUB,charging,26.94736842106,XY,MW
2040-12-20 04:00:00,TRAN-PRV,charging,51.15789473691,XY,MW
2040-12-21 05:00:00,TRAN-PUB,charging,34.1052631579,XY,MW
2040-12-22 06:00:00,TRAN-PRV,charging,53.68421052636,XY,MW
2040-12-23 07:00:00,TRAN-PUB,charging,35.78947368422,XY,MW
2040-12-24 08:00:00,TRAN-PRV,charging,55.5789473685,XY,MW
2040-12-25 09:00:00,TRAN-PUB,charging,37.05263157895,XY,MW
2040-12-26 10:00:00,TRAN-PRV,charging,54.947368421099995,XY,MW
2040-12-27 11:00:00,TRAN-PUB,charging,36.63157894737,XY,MW
2040-12-28 12:00:00,TRAN-PRV,charging,50.52631578954,XY,MW
2040-12-29 13:00:00,TRAN-PUB,charging,33.68421052631,XY,MW
2040-12-30 14:00:00,TRAN-PRV,charging,52.42105263161999,XY,MW
2040-12-31 15:00:00,TRAN-PUB,charging,34.94736842105,XY,MW
2041-01-01 16:00:00,TRAN-PRV,charging,30.947368421070003,XY,MW
2041-01-02 17:00:00,TRAN-PUB,charging,20.631578947370002,XY,MW
2041-01-03 18:00:00,TRAN-PRV,charging,30.31578947373,XY,MW
2041-01-04 19:00:00,TRAN-PUB,charging,20.21052631579,XY,MW
2041-01-05 20:00:00,TRAN-PRV,charging,28.42105263162,XY,MW
2041-01-06 21:00:00,TRAN-PUB,charging,18.947368421060002,XY,MW
2041-01-07 22:00:00,TRAN-PRV,charging,27.15789473685,XY,MW
2041-01-08 23:00:00,TRAN-PUB,charging,18.105263157899998,XY,MW
2041-01-10 00:00:00,TRAN-PRV,charging,24.631578947399998,XY,MW
2041-01-11 01:00:00,TRAN-PUB,charging,16.4210526316,XY,MW
2041-01-12 02:00:00,TRAN-PRV,charging,17.684210526330002,XY,MW
2041-01-13 03:00:00,TRAN-PUB,charging,11.789473684219999,XY,MW
2041-01-14 04:00:00,TRAN-PRV,charging,17.684210526330002,XY,MW
2041-01-15 05:00:00,TRAN-PUB,charging,11.789473684219999,XY,MW
2041-01-16 06:00:00,TRAN-PRV,charging,22.10526315792,XY,MW
2041-01-17 07:00:00,TRAN-PUB,charging,14.73684210527,XY,MW
2041-01-18 08:00:00,TRAN-PRV,charging,20.84210526321,XY,MW
2041-01-19 09:00:00,TRAN-PUB,charging,13.894736842090001,XY,MW
2041-01-20 10:00:00,TRAN-PRV,charging,15.789473684219999,XY,MW
2041-01-21 11:00:00,TRAN-PUB,charging,10.52631578946,XY,MW
2041-01-22 12:00:00,TRAN-PRV,charging,10.73684210529,XY,MW
2041-01-23 13:00:00,TRAN-PUB,charging,7.157894736851,XY,MW
2041-01-24 14:00:00,TRAN-PRV,charging,5.052631578954,XY,MW
2041-01-25 15:00:00,TRAN-PUB,charging,3.368421052631,XY,MW
2041-01-26 16:00:00,TRAN-PRV,charging,20.21052631581,XY,MW
2041-01-27 17:00:00,TRAN-PUB,charging,13.47368421054,XY,MW
2041-01-28 18:00:00,TRAN-PRV,charging,17.052631578990002,XY,MW
2041-01-29 19:00:00,TRAN-PUB,charging,11.36842105262,XY,MW
2041-01-30 20:00:00,TRAN-PRV,charging,31.57894736847,XY,MW
2041-01-31 21:00:00,TRAN-PUB,charging,21.052631578939998,XY,MW
2041-02-01 22:00:00,TRAN-PRV,charging,36.00000000003,XY,MW
2041-02-02 23:00:00,TRAN-PUB,charging,24.0,XY,MW
2041-02-04 00:00:00,TRAN-PRV,charging,39.789473684250005,XY,MW
2041-02-05 01:00:00,TRAN-PUB,charging,26.52631578947,XY,MW
2041-02-06 02:00:00,TRAN-PRV,charging,42.31578947376,XY,MW
2041-02-07 03:00:00,TRAN-PUB,charging,28.2105263158,XY,MW
2041-02-08 04:00:00,TRAN-PRV,charging,40.42105263162,XY,MW
2041-02-09 05:00:00,TRAN-PUB,charging,26.94736842106,XY,MW
2041-02-10 06:00:00,TRAN-PRV,charging,46.73684210532,XY,MW
2041-02-11 07:00:00,TRAN-PUB,charging,31.15789473685,XY,MW
2041-02-12 08:00:00,TRAN-PRV,charging,50.52631578954,XY,MW
2041-02-13 09:00:00,TRAN-PUB,charging,33.68421052631,XY,MW
2041-02-14 10:00:00,TRAN-PRV,charging,55.5789473685,XY,MW
2041-02-15 11:00:00,TRAN-PUB,charging,37.05263157895,XY,MW
2041-02-16 12:00:00,TRAN-PRV,charging,52.42105263161999,XY,MW
2041-02-17 13:00:00,TRAN-PUB,charging,34.94736842105,XY,MW
2041-02-18 14:00:00,TRAN-PRV,charging,44.21052631584,XY,MW
2041-02-19 15:00:00,TRAN-PUB,charging,29.47368421054,XY,MW
2041-02-20 16:00:00,TRAN-PRV,charging,36.6315789474,XY,MW
2041-02-21 17:00:00,TRAN-PUB,charging,24.421052631589998,XY,MW
2041-02-22 18:00:00,TRAN-PRV,charging,38.52631578951,XY,MW
2041-02-23 19:00:00,TRAN-PUB,charging,25.68421052631,XY,MW
2041-02-24 20:00:00,TRAN-PRV,charging,40.42105263162,XY,MW
2041-02-25 21:00:00,TRAN-PUB,charging,26.94736842106,XY,MW
2041-02-26 22:00:00,TRAN-PRV,charging,24.00000000003,XY,MW
2041-02-27 23:00:00,TRAN-PUB,charging,16.0,XY,MW
2041-03-01 00:00:00,TRAN-PRV,charging,26.52631578951,XY,MW
2041-03-02 01:00:00,TRAN-PUB,charging,17.68421052632,XY,MW
2041-03-03 02:00:00,TRAN-PRV,charging,24.631578947399998,XY,MW
2041-03-04 03:00:00,TRAN-PUB,charging,16.4210526316,XY,MW
2041-03-05 04:00:00,TRAN-PRV,charging,22.73684210529,XY,MW
2041-03-06 05:00:00,TRAN-PUB,charging,15.15789473685,XY,MW
2041-03-07 06:00:00,TRAN-PRV,charging,11.36842105266,XY,MW
2041-03-08 07:00:00,TRAN-PUB,charging,7.578947368415999,XY,MW
2041-03-09 08:00:00,TRAN-PRV,charging,12.00000000003,XY,MW
2041-03-10 09:00:00,TRAN-PUB,charging,8.0,XY,MW
2041-03-11 10:00:00,TRAN-PRV,charging,8.84210526318,XY,MW
2041-03-12 11:00:00,TRAN-PUB,charging,5.894736842098,XY,MW
2041-03-13 12:00:00,TRAN-PRV,charging,13.894736842110001,XY,MW
2041-03-14 13:00:00,TRAN-PUB,charging,9.26315789474,XY,MW
2041-03-15 14:00:00,TRAN-PRV,charging,15.789473684219999,XY,MW
2041-03-16 15:00:00,TRAN-PUB,charging,10.52631578946,XY,MW
2041-03-17 16:00:00,TRAN-PRV,charging,18.3157894737,XY,MW
2041-03-18 17:00:00,TRAN-PUB,charging,12.21052631578,XY,MW
2041-03-19 18:00:00,TRAN-PRV,charging,20.84210526321,XY,MW
2041-03-20 19:00:00,TRAN-PUB,charging,13.894736842090001,XY,MW
2041-03-21 20:00:00,TRAN-PRV,charging,18.3157894737,XY,MW
2041-03-22 21:00:00,TRAN-PUB,charging,12.21052631578,XY,MW
2041-03-23 22:00:00,TRAN-PRV,charging,30.31578947373,XY,MW
2041-03-24 23:00:00,TRAN-PUB,charging,20.21052631579,XY,MW
2041-03-26 00:00:00,TRAN-PRV,charging,31.57894736847,XY,MW
2041-03-27 01:00:00,TRAN-PUB,charging,21.052631578939998,XY,MW
2041-03-28 02:00:00,TRAN-PRV,charging,46.10526315795,XY,MW
2041-03-29 03:00:00,TRAN-PUB,charging,30.73684210527,XY,MW
2041-03-30 04:00:00,TRAN-PRV,charging,49.2631578948,XY,MW
2041-03-31 05:00:00,TRAN-PUB,charging,32.84210526315,XY,MW
2041-04-01 06:00:00,TRAN-PRV,charging,52.42105263161999,XY,MW
2041-04-02 07:00:00,TRAN-PUB,charging,34.94736842105,XY,MW
2041-04-03 08:00:00,TRAN-PRV,charging,53.68421052636,XY,MW
2041-04-04 09:00:00,TRAN-PUB,charging,35.78947368422,XY,MW
2041-04-05 10:00:00,TRAN-PRV,charging,51.15789473691,XY,MW
2041-04-06 11:00:00,TRAN-PUB,charging,34.1052631579,XY,MW
2041-04-07 12:00:00,TRAN-PRV,charging,52.42105263161999,XY,MW
2041-04-08 13:00:00,TRAN-PUB,charging,34.94736842105,XY,MW
2041-04-09 14:00:00,TRAN-PRV,charging,40.42105263162,XY,MW
2041-04-10 15:00:00,TRAN-PUB,charging,26.94736842106,XY,MW
2041-04-11 16:00:00,TRAN-PRV,charging,34.73684210532,XY,MW
2041-04-12 17:00:00,TRAN-PUB,charging,23.15789473685,XY,MW
2041-04-13 18:00:00,TRAN-PRV,charging,29.684210526330002,XY,MW
2041-04-14 19:00:00,TRAN-PUB,charging,19.78947368422,XY,MW
2041-04-15 20:00:00,TRAN-PRV,charging,27.15789473685,XY,MW
2041-04-16 21:00:00,TRAN-PUB,charging,18.105263157899998,XY,MW
2041-04-17 22:00:00,TRAN-PRV,charging,26.52631578951,XY,MW
2041-04-18 23:00:00,TRAN-PUB,charging,17.68421052632,XY,MW
2041-04-20 00:00:00,TRAN-PRV,charging,20.84210526321,XY,MW
2041-04-21 01:00:00,TRAN-PUB,charging,13.894736842090001,XY,MW
2041-04-22 02:00:00,TRAN-PRV,charging,20.21052631581,XY,MW
2041-04-23 03:00:00,TRAN-PUB,charging,13.47368421054,XY,MW
2041-04-24 04:00:00,TRAN-PRV,charging,22.73684210529,XY,MW
2041-04-25 05:00:00,TRAN-PUB,charging,15.15789473685,XY,MW
2041-04-26 06:00:00,TRAN-PRV,charging,23.36842105266,XY,MW
2041-04-27 07:00:00,TRAN-PUB,charging,15.57894736841,XY,MW
2041-04-28 08:00:00,TRAN-PRV,charging,18.94736842107,XY,MW
2041-04-29 09:00:00,TRAN-PUB,charging,12.63157894737,XY,MW
2041-04-30 10:00:00,TRAN-PRV,charging,12.63157894737,XY,MW
2041-05-01 11:00:00,TRAN-PUB,charging,8.4210526316,XY,MW
2041-05-02 12:00:00,TRAN-PRV,charging,2.526315789477,XY,MW
2041-05-03 13:00:00,TRAN-PUB,charging,1.684210526315,XY,MW
2041-05-04 14:00:00,TRAN-PRV,charging,13.26315789474,XY,MW
2041-05-05 15:00:00,TRAN-PUB,charging,8.84210526315,XY,MW
2041-05-06 16:00:00,TRAN-PRV,charging,7.57894736844,XY,MW
2041-05-07 17:00:00,TRAN-PUB,charging,5.052631578941,XY,MW
2041-05-08 18:00:00,TRAN-PRV,charging,25.89473684211,XY,MW
2041-05-09 19:00:00,TRAN-PUB,charging,17.26315789474,XY,MW
2041-05-10 20:00:00,TRAN-PRV,charging,30.947368421070003,XY,MW
2041-05-11 21:00:00,TRAN-PUB,charging,20.631578947370002,XY,MW
2041-05-12 22:00:00,TRAN-PRV,charging,34.73684210532,XY,MW
2041-05-13 23:00:00,TRAN-PUB,charging,23.15789473685,XY,MW
2041-05-15 00:00:00,TRAN-PRV,charging,37.89473684214,XY,MW
2041-05-16 01:00:00,TRAN-PUB,charging,25.26315789474,XY,MW
2041-05-17 02:00:00,TRAN-PRV,charging,38.52631578951,XY,MW
2041-05-18 03:00:00,TRAN-PUB,charging,25.68421052631,XY,MW
2041-05-19 04:00:00,TRAN-PRV,charging,44.21052631584,XY,MW
2041-05-20 05:00:00,TRAN-PUB,charging,29.47368421054,XY,MW
2041-05-21 06:00:00,TRAN-PRV,charging,49.2631578948,XY,MW
2041-05-22 07:00:00,TRAN-PUB,charging,32.84210526315,XY,MW
2041-05-23 08:00:00,TRAN-PRV,charging,56.21052631587,XY,MW
2041-05-24 09:00:00,TRAN-PUB,charging,37.47368421054,XY,MW
2041-05-25 10:00:00,TRAN-PRV,charging,56.21052631587,XY,MW
2041-05-26 11:00:00,TRAN-PUB,charging,37.47368421054,XY,MW
2041-05-27 12:00:00,TRAN-PRV,charging,53.05263157902,XY,MW
2041-05-28 13:00:00,TRAN-PUB,charging,35.36842105263,XY,MW
2041-05-29 14:00:00,TRAN-PRV,charging,44.84210526321,XY,MW
2041-05-30 15:00:00,TRAN-PUB,charging,29.89473684211,XY,MW
2041-05-31 16:00:00,TRAN-PRV,charging,48.63157894743,XY,MW
2041-06-01 17:00:00,TRAN-PUB,charging,32.42105263159,XY,MW
2041-06-02 18:00:00,TRAN-PRV,charging,49.894736842170005,XY,MW
2041-06-03 19:00:00,TRAN-PUB,charging,33.263157894740004,XY,MW
2041-06-04 20:00:00,TRAN-PRV,charging,24.00000000003,XY,MW
2041-06-05 21:00:00,TRAN-PUB,charging,16.0,XY,MW
2041-06-06 22:00:00,TRAN-PRV,charging,27.15789473685,XY,MW
2041-06-07 23:00:00,TRAN-PUB,charging,18.105263157899998,XY,MW
2041-06-09 00:00:00,TRAN-PRV,charging,27.15789473685,XY,MW
2041-06-10 01:00:00,TRAN-PUB,charging,18.105263157899998,XY,MW
2041-06-11 02:00:00,TRAN-PRV,charging,25.89473684211,XY,MW
2041-06-12 03:00:00,TRAN-PUB,charging,17.26315789474,XY,MW
2041-06-13 04:00:00,TRAN-PRV,charging,15.789473684219999,XY,MW
2041-06-14 05:00:00,TRAN-PUB,charging,10.52631578946,XY,MW
2041-06-15 06:00:00,TRAN-PRV,charging,13.894736842110001,XY,MW
2041-06-16 07:00:00,TRAN-PUB,charging,9.26315789474,XY,MW
2041-06-17 08:00:00,TRAN-PRV,charging,13.26315789474,XY,MW
2041-06-18 09:00:00,TRAN-PUB,charging,8.84210526315,XY,MW
2041-06-19 10:00:00,TRAN-PRV,charging,15.789473684219999,XY,MW
2041-06-20 11:00:00,TRAN-PUB,charging,10.52631578946,XY,MW
2041-06-21 12:00:00,TRAN-PRV,charging,12.63157894737,XY,MW
2041-06-22 13:00:00,TRAN-PUB,charging,8.4210526316,XY,MW
2041-06-23 14:00:00,TRAN-PRV,charging,12.00000000003,XY,MW
2041-06-24 15:00:00,TRAN-PUB,charging,8.0,XY,MW
2041-06-25 16:00:00,TRAN-PRV,charging,13.26315789474,XY,MW
2041-06-26 17:00:00,TRAN-PUB,charging,8.84210526315,XY,MW
2041-06-27 18:00:00,TRAN-PRV,charging,12.00000000003,XY,MW
2041-06-28 19:00:00,TRAN-PUB,charging,8.0,XY,MW
2041-06-29 20:00:00,TRAN-PRV,charging,27.78947368425,XY,MW
2041-06-30 21:00:00,TRAN-PUB,charging,18.52631578947,XY,MW
2041-07-01 22:00:00,TRAN-PRV,charging,27.15789473685,XY,MW
2041-07-02 23:00:00,TRAN-PUB,charging,18.105263157899998,XY,MW
2041-07-04 00:00:00,TRAN-PRV,charging,44.21052631584,XY,MW
2041-07-05 01:00:00,TRAN-PUB,charging,29.47368421054,XY,MW
2041-07-06 02:00:00,TRAN-PRV,charging,42.9473684211,XY,MW
2041-07-07 03:00:00,TRAN-PUB,charging,28.631578947370002,XY,MW
2041-07-08 04:00:00,TRAN-PRV,charging,51.15789473691,XY,MW
2041-07-09 05:00:00,TRAN-PUB,charging,34.1052631579,XY,MW
2041-07-10 06:00:00,TRAN-PRV,charging,53.05263157902,XY,MW
2041-07-11 07:00:00,TRAN-PUB,charging,35.36842105263,XY,MW
2041-07-12 08:00:00,TRAN-PRV,charging,52.42105263161999,XY,MW
2041-07-13 09:00:00,TRAN-PUB,charging,34.94736842105,XY,MW
2041-07-14 10:00:00,TRAN-PRV,charging,53.68421052636,XY,MW
2041-07-15 11:00:00,TRAN-PUB,charging,35.78947368422,XY,MW
2041-07-16 12:00:00,TRAN-PRV,charging,49.2631578948,XY,MW
2041-07-17 13:00:00,TRAN-PUB,charging,32.84210526315,XY,MW
2041-07-18 14:00:00,TRAN-PRV,charging,44.84210526321,XY,MW
2041-07-19 15:00:00,TRAN-PUB,charging,29.89473684211,XY,MW
2041-07-20 16:00:00,TRAN-PRV,charging,36.00000000003,XY,MW
2041-07-21 17:00:00,TRAN-PUB,charging,24.0,XY,MW
2041-07-22 18:00:00,TRAN-PRV,charging,30.31578947373,XY,MW
2041-07-23 19:00:00,TRAN-PUB,charging,20.21052631579,XY,MW
2041-07-24 20:00:00,TRAN-PRV,charging,30.31578947373,XY,MW
2041-07-25 21:00:00,TRAN-PUB,charging,20.21052631579,XY,MW
2041-07-26 22:00:00,TRAN-PRV,charging,27.78947368425,XY,MW
2041-07-27 23:00:00,TRAN-PUB,charging,18.52631578947,XY,MW
2041-07-29 00:00:00,TRAN-PRV,charging,28.42105263162,XY,MW
2041-07-30 01:00:00,TRAN-PUB,charging,18.947368421060002,XY,MW
2041-07-31 02:00:00,TRAN-PRV,charging,24.00000000003,XY,MW
2041-08-01 03:00:00,TRAN-PUB,charging,16.0,XY,MW
2041-08-02 04:00:00,TRAN-PRV,charging,26.52631578951,XY,MW
2041-08-03 05:00:00,TRAN-PUB,charging,17.68421052632,XY,MW
2041-08-04 06:00:00,TRAN-PRV,charging,22.73684210529,XY,MW
2041-08-05 07:00:00,TRAN-PUB,charging,15.15789473685,XY,MW
2041-08-06 08:00:00,TRAN-PRV,charging,17.684210526330002,XY,MW
2041-08-07 09:00:00,TRAN-PUB,charging,11.789473684219999,XY,MW
2041-08-08 10:00:00,TRAN-PRV,charging,4.421052631584,XY,MW
2041-08-09 11:00:00,TRAN-PUB,charging,2.947368421054,XY,MW
2041-08-10 12:00:00,TRAN-PRV,charging,14.526315789509999,XY,MW
2041-08-11 13:00:00,TRAN-PUB,charging,9.68421052632,XY,MW
2041-08-12 14:00:00,TRAN-PRV,charging,5.684210526324,XY,MW
2041-08-13 15:00:00,TRAN-PUB,charging,3.789473684211,XY,MW
2041-08-14 16:00:00,TRAN-PRV,charging,20.21052631581,XY,MW
2041-08-15 17:00:00,TRAN-PUB,charging,13.47368421054,XY,MW
2041-08-16 18:00:00,TRAN-PRV,charging,25.89473684211,XY,MW
2041-08-17 19:00:00,TRAN-PUB,charging,17.26315789474,XY,MW
2041-08-18 20:00:00,TRAN-PRV,charging,30.31578947373,XY,MW
2041-08-19 21:00:00,TRAN-PUB,charging,20.21052631579,XY,MW
2041-08-20 22:00:00,TRAN-PRV,charging,32.21052631584,XY,MW
2041-08-21 23:00:00,TRAN-PUB,charging,21.47368421054,XY,MW
2041-08-23 00:00:00,TRAN-PRV,charging,33.47368421058,XY,MW
2041-08-24 01:00:00,TRAN-PUB,charging,22.31578947368,XY,MW
2041-08-25 02:00:00,TRAN-PRV,charging,42.31578947376,XY,MW
2041-08-26 03:00:00,TRAN-PUB,charging,28.2105263158,XY,MW
2041-08-27 04:00:00,TRAN-PRV,charging,49.2631578948,XY,MW
2041-08-28 05:00:00,TRAN-PUB,charging,32.84210526315,XY,MW
2041-08-29 06:00:00,TRAN-PRV,charging,54.947368421099995,XY,MW
2041-08-30 07:00:00,TRAN-PUB,charging,36.63157894737,XY,MW
2041-08-31 08:00:00,TRAN-PRV,charging,55.5789473685,XY,MW
2041-09-01 09:00:00,TRAN-PUB,charging,37.05263157895,XY,MW
2041-09-02 10:00:00,TRAN-PRV,charging,54.315789473760006,XY,MW
2041-09-03 11:00:00,TRAN-PUB,charging,36.21052631579,XY,MW
2041-09-04 12:00:00,TRAN-PRV,charging,54.947368421099995,XY,MW
2041-09-05 13:00:00,TRAN-PUB,charging,36.63157894737,XY,MW
2041-09-06 14:00:00,TRAN-PRV,charging,54.947368421099995,XY,MW
2041-09-07 15:00:00,TRAN-PUB,charging,36.63157894737,XY,MW
2041-09-08 16:00:00,TRAN-PRV,charging,55.5789473685,XY,MW
2041-09-09 17:00:00,TRAN-PUB,charging,37.05263157895,XY,MW
2041-09-10 18:00:00,TRAN-PRV,charging,24.631578947399998,XY,MW
2041-09-11 19:00:00,TRAN-PUB,charging,16.4210526316,XY,MW
2041-09-12 20:00:00,TRAN-PRV,charging,27.15789473685,XY,MW
2041-09-13 21:00:00,TRAN-PUB,charging,18.105263157899998,XY,MW
2041-09-14 22:00:00,TRAN-PRV,charging,28.42105263162,XY,MW
2041-09-15 23:00:00,TRAN-PUB,charging,18.947368421060002,XY,MW
2041-09-17 00:00:00,TRAN-PRV,charging,28.42105263162,XY,MW
2041-09-18 01:00:00,TRAN-PUB,charging,18.947368421060002,XY,MW
2041-09-19 02:00:00,TRAN-PRV,charging,23.36842105266,XY,MW
2041-09-20 03:00:00,TRAN-PUB,charging,15.57894736841,XY,MW
2041-09-21 04:00:00,TRAN-PRV,charging,22.10526315792,XY,MW
2041-09-22 05:00:00,TRAN-PUB,charging,14.73684210527,XY,MW
2041-09-23 06:00:00,TRAN-PRV,charging,21.47368421055,XY,MW
2041-09-24 07:00:00,TRAN-PUB,charging,14.31578947368,XY,MW
2041-09-25 08:00:00,TRAN-PRV,charging,20.84210526321,XY,MW
2041-09-26 09:00:00,TRAN-PUB,charging,13.894736842090001,XY,MW
2041-09-27 10:00:00,TRAN-PRV,charging,17.684210526330002,XY,MW
2041-09-28 11:00:00,TRAN-PUB,charging,11.789473684219999,XY,MW
2041-09-29 12:00:00,TRAN-PRV,charging,13.26315789474,XY,MW
2041-09-30 13:00:00,TRAN-PUB,charging,8.84210526315,XY,MW
2041-10-01 14:00:00,TRAN-PRV,charging,11.36842105266,XY,MW
2041-10-02 15:00:00,TRAN-PUB,charging,7.578947368415999,XY,MW
2041-10-03 16:00:00,TRAN-PRV,charging,10.10526315792,XY,MW
2041-10-04 17:00:00,TRAN-PUB,charging,6.736842105256,XY,MW
2041-10-05 18:00:00,TRAN-PRV,charging,28.42105263162,XY,MW
2041-10-06 19:00:00,TRAN-PUB,charging,18.947368421060002,XY,MW
2041-10-07 20:00:00,TRAN-PRV,charging,26.52631578951,XY,MW
2041-10-08 21:00:00,TRAN-PUB,charging,17.68421052632,XY,MW
2041-10-09 22:00:00,TRAN-PRV,charging,39.789473684250005,XY,MW
2041-10-10 23:00:00,TRAN-PUB,charging,26.52631578947,XY,MW
2041-10-12 00:00:00,TRAN-PRV,charging,43.57894736847,XY,MW
2041-10-13 01:00:00,TRAN-PUB,charging,29.05263157895,XY,MW
2041-10-14 02:00:00,TRAN-PRV,charging,48.00000000006,XY,MW
2041-10-15 03:00:00,TRAN-PUB,charging,32.0,XY,MW
2041-10-16 04:00:00,TRAN-PRV,charging,49.894736842170005,XY,MW
2041-10-17 05:00:00,TRAN-PUB,charging,33.263157894740004,XY,MW
2041-10-18 06:00:00,TRAN-PRV,charging,49.894736842170005,XY,MW
2041-10-19 07:00:00,TRAN-PUB,charging,33.263157894740004,XY,MW
2041-10-20 08:00:00,TRAN-PRV,charging,53.68421052636,XY,MW
2041-10-21 09:00:00,TRAN-PUB,charging,35.78947368422,XY,MW
2041-10-22 10:00:00,TRAN-PRV,charging,55.5789473685,XY,MW
2041-10-23 11:00:00,TRAN-PUB,charging,37.05263157895,XY,MW
2041-10-24 12:00:00,TRAN-PRV,charging,53.68421052636,XY,MW
2041-10-25 13:00:00,TRAN-PUB,charging,35.78947368422,XY,MW
2041-10-26 14:00:00,TRAN-PRV,charging,44.84210526321,XY,MW
2041-10-27 15:00:00,TRAN-PUB,charging,29.89473684211,XY,MW
2041-10-28 16:00:00,TRAN-PRV,charging,35.36842105269,XY,MW
2041-10-29 17:00:00,TRAN-PUB,charging,23.57894736841,XY,MW
2041-10-30 18:00:00,TRAN-PRV,charging,32.21052631584,XY,MW
2041-10-31 19:00:00,TRAN-PUB,charging,21.47368421054,XY,MW
2041-11-01 20:00:00,TRAN-PRV,charging,40.42105263162,XY,MW
2041-11-02 21:00:00,TRAN-PUB,charging,26.94736842106,XY,MW
2041-11-03 22:00:00,TRAN-PRV,charging,44.84210526321,XY,MW
2041-11-04 23:00:00,TRAN-PUB,charging,29.89473684211,XY,MW
2041-11-06 00:00:00,TRAN-PRV,charging,25.26315789477,XY,MW
2041-11-07 01:00:00,TRAN-PUB,charging,16.84210526315,XY,MW
2041-11-08 02:00:00,TRAN-PRV,charging,28.42105263162,XY,MW
2041-11-09 03:00:00,TRAN-PUB,charging,18.947368421060002,XY,MW
2041-11-10 04:00:00,TRAN-PRV,charging,26.52631578951,XY,MW
2041-11-11 05:00:00,TRAN-PUB,charging,17.68421052632,XY,MW
2041-11-12 06:00:00,TRAN-PRV,charging,22.73684210529,XY,MW
2041-11-13 07:00:00,TRAN-PUB,charging,15.15789473685,XY,MW
2041-11-14 08:00:00,TRAN-PRV,charging,8.21052631581,XY,MW
2041-11-15 09:00:00,TRAN-PUB,charging,5.473684210529,XY,MW
2041-11-16 10:00:00,TRAN-PRV,charging,18.3157894737,XY,MW
2041-11-17 11:00:00,TRAN-PUB,charging,12.21052631578,XY,MW
2041-11-18 12:00:00,TRAN-PRV,charging,13.26315789474,XY,MW
2041-11-19 13:00:00,TRAN-PUB,charging,8.84210526315,XY,MW
2041-11-20 14:00:00,TRAN-PRV,charging,15.789473684219999,XY,MW
2041-11-21 15:00:00,TRAN-PUB,charging,10.52631578946,XY,MW
2041-11-22 16:00:00,TRAN-PRV,charging,20.84210526321,XY,MW
2041-11-23 17:00:00,TRAN-PUB,charging,13.894736842090001,XY,MW
2041-11-24 18:00:00,TRAN-PRV,charging,25.89473684211,XY,MW
2041-11-25 19:00:00,TRAN-PUB,charging,17.26315789474,XY,MW
2041-11-26 20:00:00,TRAN-PRV,charging,29.05263157899,XY,MW
2041-11-27 21:00:00,TRAN-PUB,charging,19.368421052619997,XY,MW
2041-11-28 22:00:00,TRAN-PRV,charging,30.947368421070003,XY,MW
2041-11-29 23:00:00,TRAN-PUB,charging,20.631578947370002,XY,MW
2041-12-01 00:00:00,TRAN-PRV,charging,39.157894736879996,XY,MW
2041-12-02 01:00:00,TRAN-PUB,charging,26.105263157899998,XY,MW
2041-12-03 02:00:00,TRAN-PRV,charging,47.36842105269,XY,MW
2041-12-04 03:00:00,TRAN-PUB,charging,31.57894736841,XY,MW
2041-12-05 04:00:00,TRAN-PRV,charging,52.42105263161999,XY,MW
2041-12-06 05:00:00,TRAN-PUB,charging,34.94736842105,XY,MW
2041-12-07 06:00:00,TRAN-PRV,charging,53.68421052636,XY,MW
2041-12-08 07:00:00,TRAN-PUB,charging,35.78947368422,XY,MW
2041-12-09 08:00:00,TRAN-PRV,charging,54.315789473760006,XY,MW
2041-12-10 09:00:00,TRAN-PUB,charging,36.21052631579,XY,MW
2041-12-11 10:00:00,TRAN-PRV,charging,53.68421052636,XY,MW
2041-12-12 11:00:00,TRAN-PUB,charging,35.78947368422,XY,MW
2041-12-13 12:00:00,TRAN-PRV,charging,49.2631578948,XY,MW
2041-12-14 13:00:00,TRAN-PUB,charging,32.84210526315,XY,MW
2041-12-15 14:00:00,TRAN-PRV,charging,54.947368421099995,XY,MW
2041-12-16 15:00:00,TRAN-PUB,charging,36.63157894737,XY,MW
2041-12-17 16:00:00,TRAN-PRV,charging,55.5789473685,XY,MW
2041-12-18 17:00:00,TRAN-PUB,charging,37.05263157895,XY,MW
2041-12-19 18:00:00,TRAN-PRV,charging,56.21052631587,XY,MW
2041-12-20 19:00:00,TRAN-PUB,charging,37.47368421054,XY,MW
2041-12-21 20:00:00,TRAN-PRV,charging,48.00000000006,XY,MW
2041-12-22 21:00:00,TRAN-PUB,charging,32.0,XY,MW
2041-12-23 22:00:00,TRAN-PRV,charging,32.21052631584,XY,MW
2041-12-24 23:00:00,TRAN-PUB,charging,21.47368421054,XY,MW
2041-12-26 00:00:00,TRAN-PRV,charging,27.15789473685,XY,MW
2041-12-27 01:00:00,TRAN-PUB,charging,18.105263157899998,XY,MW
2041-12-28 02:00:00,TRAN-PRV,charging,19.578947368439998,XY,MW
2041-12-29 03:00:00,TRAN-PUB,charging,13.05263157894,XY,MW
2041-12-30 04:00:00,TRAN-PRV,charging,24.00000000003,XY,MW
2041-12-31 05:00:00,TRAN-PUB,charging,16.0,XY,MW
2042-01-01 06:00:00,TRAN-PRV,charging,35.36842105269,XY,MW
2042-01-02 07:00:00,TRAN-PUB,charging,23.57894736841,XY,MW
2040-01-01 00:00:00,TRAN-PRV,load,37.400000000000006,XY,MW
2040-01-02 01:00:00,TRAN-PUB,load,1851.3600000000001,XY,MW
2040-01-03 02:00:00,TRAN-PRV,load,179.52,XY,MW
2040-01-04 03:00:00,TRAN-PUB,load,1851.3600000000001,XY,MW
2040-01-05 04:00:00,TRAN-PRV,load,418.88,XY,MW
2040-01-06 05:00:00,TRAN-PUB,load,1851.3600000000001,XY,MW
2040-01-07 06:00:00,TRAN-PRV,load,478.72,XY,MW
2040-01-08 07:00:00,TRAN-PUB,load,1851.3600000000001,XY,MW
2040-01-09 08:00:00,TRAN-PRV,load,538.56,XY,MW
2040-01-10 09:00:00,TRAN-PUB,load,1851.3600000000001,XY,MW
2040-01-11 10:00:00,TRAN-PRV,load,366.52,XY,MW
2040-01-12 11:00:00,TRAN-PUB,load,1851.3600000000001,XY,MW
2040-01-13 12:00:00,TRAN-PRV,load,112.2,XY,MW
2040-01-14 13:00:00,TRAN-PUB,load,1851.3600000000001,XY,MW
2040-01-15 14:00:00,TRAN-PRV,load,1069.6399999999999,XY,MW
2040-01-16 15:00:00,TRAN-PUB,load,1851.3600000000001,XY,MW
2040-01-17 16:00:00,TRAN-PRV,load,1241.6799999999998,XY,MW
2040-01-18 17:00:00,TRAN-PUB,load,1851.3600000000001,XY,MW
2040-01-19 18:00:00,TRAN-PRV,load,1241.6799999999998,XY,MW
2040-01-20 19:00:00,TRAN-PUB,load,1851.3600000000001,XY,MW
2040-01-21 20:00:00,TRAN-PRV,load,1226.72,XY,MW
2040-01-22 21:00:00,TRAN-PUB,load,1851.3600000000001,XY,MW
2040-01-23 22:00:00,TRAN-PRV,load,1166.88,XY,MW
2040-01-24 23:00:00,TRAN-PUB,load,1851.3600000000001,XY,MW
2040-01-26 00:00:00,TRAN-PRV,load,635.8000000000001,XY,MW
2040-01-27 01:00:00,TRAN-PUB,load,1851.3600000000001,XY,MW
2040-01-28 02:00:00,TRAN-PRV,load,366.52,XY,MW
2040-01-29 03:00:00,TRAN-PUB,load,1851.3600000000001,XY,MW
2040-01-30 04:00:00,TRAN-PRV,load,1271.6000000000001,XY,MW
2040-01-31 05:00:00,TRAN-PUB,load,1851.3600000000001,XY,MW
2040-02-01 06:00:00,TRAN-PRV,load,1421.2000000000003,XY,MW
2040-02-02 07:00:00,TRAN-PUB,load,1851.3600000000001,XY,MW
2040-02-03 08:00:00,TRAN-PRV,load,1443.6399999999999,XY,MW
2040-02-04 09:00:00,TRAN-PUB,load,1851.3600000000001,XY,MW
2040-02-05 10:00:00,TRAN-PRV,load,1301.52,XY,MW
2040-02-06 11:00:00,TRAN-PUB,load,1851.3600000000001,XY,MW
2040-02-07 12:00:00,TRAN-PRV,load,1092.08,XY,MW
2040-02-08 13:00:00,TRAN-PUB,load,1851.3600000000001,XY,MW
2040-02-09 14:00:00,TRAN-PRV,load,426.36,XY,MW
2040-02-10 15:00:00,TRAN-PUB,load,1851.3600000000001,XY,MW
2040-02-11 16:00:00,TRAN-PRV,load,261.79999999999995,XY,MW
2040-02-12 17:00:00,TRAN-PUB,load,1851.3600000000001,XY,MW
2040-02-13 18:00:00,TRAN-PRV,load,807.8399999999999,XY,MW
2040-02-14 19:00:00,TRAN-PUB,load,1851.3600000000001,XY,MW
2040-02-15 20:00:00,TRAN-PRV,load,837.76,XY,MW
2040-02-16 21:00:00,TRAN-PUB,load,1851.3600000000001,XY,MW
2040-02-17 22:00:00,TRAN-PRV,load,762.96,XY,MW
2040-02-18 23:00:00,TRAN-PUB,load,1851.3600000000001,XY,MW
2040-02-20 00:00:00,TRAN-PRV,load,703.12,XY,MW
2040-02-21 01:00:00,TRAN-PUB,load,1851.3600000000001,XY,MW
2040-02-22 02:00:00,TRAN-PRV,load,531.08,XY,MW
2040-02-23 03:00:00,TRAN-PUB,load,1851.3600000000001,XY,MW
2040-02-24 04:00:00,TRAN-PRV,load,142.12,XY,MW
2040-02-25 05:00:00,TRAN-PUB,load,1851.3600000000001,XY,MW
2040-02-26 06:00:00,TRAN-PRV,load,418.88,XY,MW
2040-02-27 07:00:00,TRAN-PUB,load,1851.3600000000001,XY,MW
2040-02-28 08:00:00,TRAN-PRV,load,703.12,XY,MW
2040-02-29 09:00:00,TRAN-PUB,load,1851.3600000000001,XY,MW
2040-03-01 10:00:00,TRAN-PRV,load,972.3999999999999,XY,MW
2040-03-02 11:00:00,TRAN-PUB,load,1851.3600000000001,XY,MW
2040-03-03 12:00:00,TRAN-PRV,load,1249.1599999999999,XY,MW
2040-03-04 13:00:00,TRAN-PUB,load,1851.3600000000001,XY,MW
2040-03-05 14:00:00,TRAN-PRV,load,1196.8000000000002,XY,MW
2040-03-06 15:00:00,TRAN-PUB,load,1851.3600000000001,XY,MW
2040-03-07 16:00:00,TRAN-PRV,load,575.96,XY,MW
2040-03-08 17:00:00,TRAN-PUB,load,1851.3600000000001,XY,MW
2040-03-09 18:00:00,TRAN-PRV,load,194.48,XY,MW
2040-03-10 19:00:00,TRAN-PUB,load,1851.3600000000001,XY,MW
2040-03-11 20:00:00,TRAN-PRV,load,1136.96,XY,MW
2040-03-12 21:00:00,TRAN-PUB,load,1851.3600000000001,XY,MW
2040-03-13 22:00:00,TRAN-PRV,load,1271.6000000000001,XY,MW
2040-03-14 23:00:00,TRAN-PUB,load,1851.3600000000001,XY,MW
2040-03-16 00:00:00,TRAN-PRV,load,1316.48,XY,MW
2040-03-17 01:00:00,TRAN-PUB,load,1851.3600000000001,XY,MW
2040-03-18 02:00:00,TRAN-PRV,load,1331.44,XY,MW
2040-03-19 03:00:00,TRAN-PUB,load,1851.3600000000001,XY,MW
2040-03-20 04:00:00,TRAN-PRV,load,1316.48,XY,MW
2040-03-21 05:00:00,TRAN-PUB,load,1851.3600000000001,XY,MW
2040-03-22 06:00:00,TRAN-PRV,load,598.4000000000001,XY,MW
2040-03-23 07:00:00,TRAN-PUB,load,1851.3600000000001,XY,MW
2040-03-24 08:00:00,TRAN-PRV,load,344.08,XY,MW
2040-03-25 09:00:00,TRAN-PUB,load,1851.3600000000001,XY,MW
2040-03-26 10:00:00,TRAN-PRV,load,1129.48,XY,MW
2040-03-27 11:00:00,TRAN-PUB,load,1851.3600000000001,XY,MW
2040-03-28 12:00:00,TRAN-PRV,load,1189.32,XY,MW
2040-03-29 13:00:00,TRAN-PUB,load,1851.3600000000001,XY,MW
2040-03-30 14:00:00,TRAN-PRV,load,1099.56,XY,MW
2040-03-31 15:00:00,TRAN-PUB,load,1851.3600000000001,XY,MW
2040-04-01 16:00:00,TRAN-PRV,load,935.0,XY,MW
2040-04-02 17:00:00,TRAN-PUB,load,1851.3600000000001,XY,MW
2040-04-03 18:00:00,TRAN-PRV,load,800.3599999999999,XY,MW
2040-04-04 19:00:00,TRAN-PUB,load,1851.3600000000001,XY,MW
2040-04-05 20:00:00,TRAN-PRV,load,299.20000000000005,XY,MW
2040-04-06 21:00:00,TRAN-PUB,load,1851.3600000000001,XY,MW
2040-04-07 22:00:00,TRAN-PRV,load,254.32,XY,MW
2040-04-08 23:00:00,TRAN-PUB,load,1851.3600000000001,XY,MW
2040-04-10 00:00:00,TRAN-PRV,load,673.2,XY,MW
2040-04-11 01:00:00,TRAN-PUB,load,1851.3600000000001,XY,MW
2040-04-12 02:00:00,TRAN-PRV,load,688.16,XY,MW
2040-04-13 03:00:00,TRAN-PUB,load,1851.3600000000001,XY,MW
2040-04-14 04:00:00,TRAN-PRV,load,643.28,XY,MW
2040-04-15 05:00:00,TRAN-PUB,load,1851.3600000000001,XY,MW
2040-04-16 06:00:00,TRAN-PRV,load,590.92,XY,MW
2040-04-17 07:00:00,TRAN-PUB,load,1851.3600000000001,XY,MW
2040-04-18 08:00:00,TRAN-PRV,load,426.36,XY,MW
2040-04-19 09:00:00,TRAN-PUB,load,1851.3600000000001,XY,MW
2040-04-20 10:00:00,TRAN-PRV,load,112.2,XY,MW
2040-04-21 11:00:00,TRAN-PUB,load,1851.3600000000001,XY,MW
2040-04-22 12:00:00,TRAN-PRV,load,1062.16,XY,MW
2040-04-23 13:00:00,TRAN-PUB,load,1851.3600000000001,XY,MW
2040-04-24 14:00:00,TRAN-PRV,load,1323.96,XY,MW
2040-04-25 15:00:00,TRAN-PUB,load,1851.3600000000001,XY,MW
2040-04-26 16:00:00,TRAN-PRV,load,1309.0,XY,MW
2040-04-27 17:00:00,TRAN-PUB,load,1851.3600000000001,XY,MW
2040-04-28 18:00:00,TRAN-PRV,load,1264.12,XY,MW
2040-04-29 19:00:00,TRAN-PUB,load,1851.3600000000001,XY,MW
2040-04-30 20:00:00,TRAN-PRV,load,1151.92,XY,MW
2040-05-01 21:00:00,TRAN-PUB,load,1851.3600000000001,XY,MW
2040-05-02 22:00:00,TRAN-PRV,load,688.16,XY,MW
2040-05-03 23:00:00,TRAN-PUB,load,1851.3600000000001,XY,MW
2040-05-05 00:00:00,TRAN-PRV,load,374.0,XY,MW
2040-05-06 01:00:00,TRAN-PUB,load,1851.3600000000001,XY,MW
2040-05-07 02:00:00,TRAN-PRV,load,1204.2800000000002,XY,MW
2040-05-08 03:00:00,TRAN-PUB,load,1851.3600000000001,XY,MW
2040-05-09 04:00:00,TRAN-PRV,load,1391.28,XY,MW
2040-05-10 05:00:00,TRAN-PUB,load,1851.3600000000001,XY,MW
2040-05-11 06:00:00,TRAN-PRV,load,1473.56,XY,MW
2040-05-12 07:00:00,TRAN-PUB,load,1851.3600000000001,XY,MW
2040-05-13 08:00:00,TRAN-PRV,load,1466.08,XY,MW
2040-05-14 09:00:00,TRAN-PUB,load,1851.3600000000001,XY,MW
2040-05-15 10:00:00,TRAN-PRV,load,1219.24,XY,MW
2040-05-16 11:00:00,TRAN-PUB,load,1851.3600000000001,XY,MW
2040-05-17 12:00:00,TRAN-PRV,load,553.52,XY,MW
2040-05-18 13:00:00,TRAN-PUB,load,1851.3600000000001,XY,MW
2040-05-19 14:00:00,TRAN-PRV,load,344.08,XY,MW
2040-05-20 15:00:00,TRAN-PUB,load,1851.3600000000001,XY,MW
2040-05-21 16:00:00,TRAN-PRV,load,905.08,XY,MW
2040-05-22 17:00:00,TRAN-PUB,load,1851.3600000000001,XY,MW
2040-05-23 18:00:00,TRAN-PRV,load,905.08,XY,MW
2040-05-24 19:00:00,TRAN-PUB,load,1851.3600000000001,XY,MW
2040-05-25 20:00:00,TRAN-PRV,load,875.16,XY,MW
2040-05-26 21:00:00,TRAN-PUB,load,1851.3600000000001,XY,MW
2040-05-27 22:00:00,TRAN-PRV,load,792.88,XY,MW
2040-05-28 23:00:00,TRAN-PUB,load,1851.3600000000001,XY,MW
2040-05-30 00:00:00,TRAN-PRV,load,590.92,XY,MW
2040-05-31 01:00:00,TRAN-PUB,load,1851.3600000000001,XY,MW
2040-06-01 02:00:00,TRAN-PRV,load,187.0,XY,MW
2040-06-02 03:00:00,TRAN-PUB,load,1851.3600000000001,XY,MW
2040-06-03 04:00:00,TRAN-PRV,load,329.12,XY,MW
2040-06-04 05:00:00,TRAN-PUB,load,1851.3600000000001,XY,MW
2040-06-05 06:00:00,TRAN-PRV,load,628.3199999999999,XY,MW
2040-06-06 07:00:00,TRAN-PUB,load,1851.3600000000001,XY,MW
2040-06-07 08:00:00,TRAN-PRV,load,748.0,XY,MW
2040-06-08 09:00:00,TRAN-PUB,load,1851.3600000000001,XY,MW
2040-06-09 10:00:00,TRAN-PRV,load,1039.7199999999998,XY,MW
2040-06-10 11:00:00,TRAN-PUB,load,1851.3600000000001,XY,MW
2040-06-11 12:00:00,TRAN-PRV,load,1256.6399999999999,XY,MW
2040-06-12 13:00:00,TRAN-PUB,load,1851.3600000000001,XY,MW
2040-06-13 14:00:00,TRAN-PRV,load,673.2,XY,MW
2040-06-14 15:00:00,TRAN-PUB,load,1851.3600000000001,XY,MW
2040-06-15 16:00:00,TRAN-PRV,load,209.44,XY,MW
2040-06-16 17:00:00,TRAN-PUB,load,1851.3600000000001,XY,MW
2040-06-17 18:00:00,TRAN-PRV,load,1219.24,XY,MW
2040-06-18 19:00:00,TRAN-PUB,load,1851.3600000000001,XY,MW
2040-06-19 20:00:00,TRAN-PRV,load,1346.4,XY,MW
2040-06-20 21:00:00,TRAN-PUB,load,1851.3600000000001,XY,MW
2040-06-21 22:00:00,TRAN-PRV,load,1383.8000000000002,XY,MW
2040-06-22 23:00:00,TRAN-PUB,load,1851.3600000000001,XY,MW
2040-06-24 00:00:00,TRAN-PRV,load,1353.88,XY,MW
2040-06-25 01:00:00,TRAN-PUB,load,1851.3600000000001,XY,MW
2040-06-26 02:00:00,TRAN-PRV,load,501.16,XY,MW
2040-06-27 03:00:00,TRAN-PUB,load,1851.3600000000001,XY,MW
2040-06-28 04:00:00,TRAN-PRV,load,598.4000000000001,XY,MW
2040-06-29 05:00:00,TRAN-PUB,load,1851.3600000000001,XY,MW
2040-06-30 06:00:00,TRAN-PRV,load,351.56,XY,MW
2040-07-01 07:00:00,TRAN-PUB,load,1851.3600000000001,XY,MW
2040-07-02 08:00:00,TRAN-PRV,load,508.64,XY,MW
2040-07-03 09:00:00,TRAN-PUB,load,1851.3600000000001,XY,MW
2040-07-04 10:00:00,TRAN-PRV,load,1279.0800000000002,XY,MW
2040-07-05 11:00:00,TRAN-PUB,load,1851.3600000000001,XY,MW
2040-07-06 12:00:00,TRAN-PRV,load,1301.52,XY,MW
2040-07-07 13:00:00,TRAN-PUB,load,1851.3600000000001,XY,MW
2040-07-08 14:00:00,TRAN-PRV,load,1159.4,XY,MW
2040-07-09 15:00:00,TRAN-PUB,load,1851.3600000000001,XY,MW
2040-07-10 16:00:00,TRAN-PRV,load,957.44,XY,MW
2040-07-11 17:00:00,TRAN-PUB,load,1851.3600000000001,XY,MW
2040-07-12 18:00:00,TRAN-PRV,load,418.88,XY,MW
2040-07-13 19:00:00,TRAN-PUB,load,1851.3600000000001,XY,MW
2040-07-14 20:00:00,TRAN-PRV,load,299.20000000000005,XY,MW
2040-07-15 21:00:00,TRAN-PUB,load,1851.3600000000001,XY,MW
2040-07-16 22:00:00,TRAN-PRV,load,748.0,XY,MW
2040-07-17 23:00:00,TRAN-PUB,load,1851.3600000000001,XY,MW
2040-07-19 00:00:00,TRAN-PRV,load,748.0,XY,MW
2040-07-20 01:00:00,TRAN-PUB,load,1851.3600000000001,XY,MW
2040-07-21 02:00:00,TRAN-PRV,load,718.08,XY,MW
2040-07-22 03:00:00,TRAN-PUB,load,1851.3600000000001,XY,MW
2040-07-23 04:00:00,TRAN-PRV,load,650.76,XY,MW
2040-07-24 05:00:00,TRAN-PUB,load,1851.3600000000001,XY,MW
2040-07-25 06:00:00,TRAN-PRV,load,448.8,XY,MW
2040-07-26 07:00:00,TRAN-PUB,load,1851.3600000000001,XY,MW
2040-07-27 08:00:00,TRAN-PRV,load,127.16,XY,MW
2040-07-28 09:00:00,TRAN-PUB,load,1851.3600000000001,XY,MW
2040-07-29 10:00:00,TRAN-PRV,load,912.56,XY,MW
2040-07-30 11:00:00,TRAN-PUB,load,1851.3600000000001,XY,MW
2040-07-31 12:00:00,TRAN-PRV,load,1398.76,XY,MW
2040-08-01 13:00:00,TRAN-PUB,load,1851.3600000000001,XY,MW
2040-08-02 14:00:00,TRAN-PRV,load,1466.08,XY,MW
2040-08-03 15:00:00,TRAN-PUB,load,1851.3600000000001,XY,MW
2040-08-04 16:00:00,TRAN-PRV,load,1413.7200000000003,XY,MW
2040-08-05 17:00:00,TRAN-PUB,load,1851.3600000000001,XY,MW
2040-08-06 18:00:00,TRAN-PRV,load,1279.0800000000002,XY,MW
2040-08-07 19:00:00,TRAN-PUB,load,1851.3600000000001,XY,MW
2040-08-08 20:00:00,TRAN-PRV,load,755.48,XY,MW
2040-08-09 21:00:00,TRAN-PUB,load,1851.3600000000001,XY,MW
2040-08-10 22:00:00,TRAN-PRV,load,403.91999999999996,XY,MW
2040-08-11 23:00:00,TRAN-PUB,load,1851.3600000000001,XY,MW
2040-08-13 00:00:00,TRAN-PRV,load,1279.0800000000002,XY,MW
2040-08-14 01:00:00,TRAN-PUB,load,1851.3600000000001,XY,MW
2040-08-15 02:00:00,TRAN-PRV,load,1428.68,XY,MW
2040-08-16 03:00:00,TRAN-PUB,load,1851.3600000000001,XY,MW
2040-08-17 04:00:00,TRAN-PRV,load,1518.44,XY,MW
2040-08-18 05:00:00,TRAN-PUB,load,1851.3600000000001,XY,MW
2040-08-19 06:00:00,TRAN-PRV,load,1518.44,XY,MW
2040-08-20 07:00:00,TRAN-PUB,load,1851.3600000000001,XY,MW
2040-08-21 08:00:00,TRAN-PRV,load,1353.88,XY,MW
2040-08-22 09:00:00,TRAN-PUB,load,1851.3600000000001,XY,MW
2040-08-23 10:00:00,TRAN-PRV,load,643.28,XY,MW
2040-08-24 11:00:00,TRAN-PUB,load,1851.3600000000001,XY,MW
2040-08-25 12:00:00,TRAN-PRV,load,426.36,XY,MW
2040-08-26 13:00:00,TRAN-PUB,load,1851.3600000000001,XY,MW
2040-08-27 14:00:00,TRAN-PRV,load,897.6,XY,MW
2040-08-28 15:00:00,TRAN-PUB,load,1851.3600000000001,XY,MW
2040-08-29 16:00:00,TRAN-PRV,load,329.12,XY,MW
2040-08-30 17:00:00,TRAN-PUB,load,1851.3600000000001,XY,MW
2040-08-31 18:00:00,TRAN-PRV,load,882.6399999999999,XY,MW
2040-09-01 19:00:00,TRAN-PUB,load,1851.3600000000001,XY,MW
2040-09-02 20:00:00,TRAN-PRV,load,867.6800000000001,XY,MW
2040-09-03 21:00:00,TRAN-PUB,load,1851.3600000000001,XY,MW
2040-09-04 22:00:00,TRAN-PRV,load,703.12,XY,MW
2040-09-05 23:00:00,TRAN-PUB,load,1851.3600000000001,XY,MW
2040-09-07 00:00:00,TRAN-PRV,load,254.32,XY,MW
2040-09-08 01:00:00,TRAN-PUB,load,1851.3600000000001,XY,MW
2040-09-09 02:00:00,TRAN-PRV,load,329.12,XY,MW
2040-09-10 03:00:00,TRAN-PUB,load,1851.3600000000001,XY,MW
2040-09-11 04:00:00,TRAN-PRV,load,658.24,XY,MW
2040-09-12 05:00:00,TRAN-PUB,load,1851.3600000000001,XY,MW
2040-09-13 06:00:00,TRAN-PRV,load,688.16,XY,MW
2040-09-14 07:00:00,TRAN-PUB,load,1851.3600000000001,XY,MW
2040-09-15 08:00:00,TRAN-PRV,load,411.4,XY,MW
2040-09-16 09:00:00,TRAN-PUB,load,1851.3600000000001,XY,MW
2040-09-17 10:00:00,TRAN-PRV,load,890.12,XY,MW
2040-09-18 11:00:00,TRAN-PUB,load,1851.3600000000001,XY,MW
2040-09-19 12:00:00,TRAN-PRV,load,553.52,XY,MW
2040-09-20 13:00:00,TRAN-PUB,load,1851.3600000000001,XY,MW
2040-09-21 14:00:00,TRAN-PRV,load,164.56,XY,MW
2040-09-22 15:00:00,TRAN-PUB,load,1851.3600000000001,XY,MW
2040-09-23 16:00:00,TRAN-PRV,load,1234.1999999999998,XY,MW
2040-09-24 17:00:00,TRAN-PUB,load,1851.3600000000001,XY,MW
2040-09-25 18:00:00,TRAN-PRV,load,1413.7200000000003,XY,MW
2040-09-26 19:00:00,TRAN-PUB,load,1851.3600000000001,XY,MW
2040-09-27 20:00:00,TRAN-PRV,load,1391.28,XY,MW
2040-09-28 21:00:00,TRAN-PUB,load,1851.3600000000001,XY,MW
2040-09-29 22:00:00,TRAN-PRV,load,1376.32,XY,MW
2040-09-30 23:00:00,TRAN-PUB,load,1851.3600000000001,XY,MW
2040-10-02 00:00:00,TRAN-PRV,load,1391.28,XY,MW
2040-10-03 01:00:00,TRAN-PUB,load,1851.3600000000001,XY,MW
2040-10-04 02:00:00,TRAN-PRV,load,770.44,XY,MW
2040-10-05 03:00:00,TRAN-PUB,load,1851.3600000000001,XY,MW
2040-10-06 04:00:00,TRAN-PRV,load,388.96,XY,MW
2040-10-07 05:00:00,TRAN-PUB,load,1851.3600000000001,XY,MW
2040-10-08 06:00:00,TRAN-PRV,load,478.72,XY,MW
2040-10-09 07:00:00,TRAN-PUB,load,1851.3600000000001,XY,MW
2040-10-10 08:00:00,TRAN-PRV,load,1406.24,XY,MW
2040-10-11 09:00:00,TRAN-PUB,load,1851.3600000000001,XY,MW
2040-10-12 10:00:00,TRAN-PRV,load,1458.6,XY,MW
2040-10-13 11:00:00,TRAN-PUB,load,1851.3600000000001,XY,MW
2040-10-14 12:00:00,TRAN-PRV,load,1338.9199999999998,XY,MW
2040-10-15 13:00:00,TRAN-PUB,load,1851.3600000000001,XY,MW
2040-10-16 14:00:00,TRAN-PRV,load,1054.68,XY,MW
2040-10-17 15:00:00,TRAN-PUB,load,1851.3600000000001,XY,MW
2040-10-18 16:00:00,TRAN-PRV,load,463.76000000000005,XY,MW
2040-10-19 17:00:00,TRAN-PUB,load,1851.3600000000001,XY,MW
2040-10-20 18:00:00,TRAN-PRV,load,276.76,XY,MW
2040-10-21 19:00:00,TRAN-PUB,load,1851.3600000000001,XY,MW
2040-10-22 20:00:00,TRAN-PRV,load,830.28,XY,MW
2040-10-23 21:00:00,TRAN-PUB,load,1851.3600000000001,XY,MW
2040-10-24 22:00:00,TRAN-PRV,load,830.28,XY,MW
2040-10-25 23:00:00,TRAN-PUB,load,1851.3600000000001,XY,MW
2040-10-27 00:00:00,TRAN-PRV,load,695.64,XY,MW
2040-10-28 01:00:00,TRAN-PUB,load,1851.3600000000001,XY,MW
2040-10-29 02:00:00,TRAN-PRV,load,463.76000000000005,XY,MW
2040-10-30 03:00:00,TRAN-PUB,load,1851.3600000000001,XY,MW
2040-10-31 04:00:00,TRAN-PRV,load,486.19999999999993,XY,MW
2040-11-01 05:00:00,TRAN-PUB,load,1851.3600000000001,XY,MW
2040-11-02 06:00:00,TRAN-PRV,load,149.60000000000002,XY,MW
2040-11-03 07:00:00,TRAN-PUB,load,1851.3600000000001,XY,MW
2040-11-04 08:00:00,TRAN-PRV,load,628.3199999999999,XY,MW
2040-11-05 09:00:00,TRAN-PUB,load,1851.3600000000001,XY,MW
2040-11-06 10:00:00,TRAN-PRV,load,1099.56,XY,MW
2040-11-07 11:00:00,TRAN-PUB,load,1851.3600000000001,XY,MW
2040-11-08 12:00:00,TRAN-PRV,load,1413.7200000000003,XY,MW
2040-11-09 13:00:00,TRAN-PUB,load,1851.3600000000001,XY,MW
2040-11-10 14:00:00,TRAN-PRV,load,1383.8000000000002,XY,MW
2040-11-11 15:00:00,TRAN-PUB,load,1851.3600000000001,XY,MW
2040-11-12 16:00:00,TRAN-PRV,load,1436.16,XY,MW
2040-11-13 17:00:00,TRAN-PUB,load,1851.3600000000001,XY,MW
2040-11-14 18:00:00,TRAN-PRV,load,1301.52,XY,MW
2040-11-15 19:00:00,TRAN-PUB,load,1851.3600000000001,XY,MW
2040-11-16 20:00:00,TRAN-PRV,load,762.96,XY,MW
2040-11-17 21:00:00,TRAN-PUB,load,1851.3600000000001,XY,MW
2040-11-18 22:00:00,TRAN-PRV,load,381.48,XY,MW
2040-11-19 23:00:00,TRAN-PUB,load,1851.3600000000001,XY,MW
2040-11-21 00:00:00,TRAN-PRV,load,1241.6799999999998,XY,MW
2040-11-22 01:00:00,TRAN-PUB,load,1851.3600000000001,XY,MW
2040-11-23 02:00:00,TRAN-PRV,load,1361.3600000000001,XY,MW
2040-11-24 03:00:00,TRAN-PUB,load,1851.3600000000001,XY,MW
2040-11-25 04:00:00,TRAN-PRV,load,1421.2000000000003,XY,MW
2040-11-26 05:00:00,TRAN-PUB,load,1851.3600000000001,XY,MW
2040-11-27 06:00:00,TRAN-PRV,load,1466.08,XY,MW
2040-11-28 07:00:00,TRAN-PUB,load,1851.3600000000001,XY,MW
2040-11-29 08:00:00,TRAN-PRV,load,1353.88,XY,MW
2040-11-30 09:00:00,TRAN-PUB,load,1851.3600000000001,XY,MW
2040-12-01 10:00:00,TRAN-PRV,load,635.8000000000001,XY,MW
2040-12-02 11:00:00,TRAN-PUB,load,1851.3600000000001,XY,MW
2040-12-03 12:00:00,TRAN-PRV,load,418.88,XY,MW
2040-12-04 13:00:00,TRAN-PUB,load,1851.3600000000001,XY,MW
2040-12-05 14:00:00,TRAN-PRV,load,1174.3600000000001,XY,MW
2040-12-06 15:00:00,TRAN-PUB,load,1851.3600000000001,XY,MW
2040-12-07 16:00:00,TRAN-PRV,load,1114.52,XY,MW
2040-12-08 17:00:00,TRAN-PUB,load,1851.3600000000001,XY,MW
2040-12-09 18:00:00,TRAN-PRV,load,1009.8,XY,MW
2040-12-10 19:00:00,TRAN-PUB,load,1851.3600000000001,XY,MW
2040-12-11 20:00:00,TRAN-PRV,load,927.5200000000001,XY,MW
2040-12-12 21:00:00,TRAN-PUB,load,1851.3600000000001,XY,MW
2040-12-13 22:00:00,TRAN-PRV,load,792.88,XY,MW
2040-12-14 23:00:00,TRAN-PUB,load,1851.3600000000001,XY,MW
2040-12-16 00:00:00,TRAN-PRV,load,306.68,XY,MW
2040-12-17 01:00:00,TRAN-PUB,load,1851.3600000000001,XY,MW
2040-12-18 02:00:00,TRAN-PRV,load,314.15999999999997,XY,MW
2040-12-19 03:00:00,TRAN-PUB,load,1851.3600000000001,XY,MW
2040-12-20 04:00:00,TRAN-PRV,load,665.72,XY,MW
2040-12-21 05:00:00,TRAN-PUB,load,1851.3600000000001,XY,MW
2040-12-22 06:00:00,TRAN-PRV,load,665.72,XY,MW
2040-12-23 07:00:00,TRAN-PUB,load,1851.3600000000001,XY,MW
2040-12-24 08:00:00,TRAN-PRV,load,673.2,XY,MW
2040-12-25 09:00:00,TRAN-PUB,load,1851.3600000000001,XY,MW
2040-12-26 10:00:00,TRAN-PRV,load,748.0,XY,MW
2040-12-27 11:00:00,TRAN-PUB,load,1851.3600000000001,XY,MW
2040-12-28 12:00:00,TRAN-PRV,load,516.12,XY,MW
2040-12-29 13:00:00,TRAN-PUB,load,1851.3600000000001,XY,MW
2040-12-30 14:00:00,TRAN-PRV,load,164.56,XY,MW
2040-12-31 15:00:00,TRAN-PUB,load,1851.3600000000001,XY,MW
2041-01-01 16:00:00,TRAN-PRV,load,1226.72,XY,MW
2041-01-02 17:00:00,TRAN-PUB,load,1851.3600000000001,XY,MW
2041-01-03 18:00:00,TRAN-PRV,load,1331.44,XY,MW
2041-01-04 19:00:00,TRAN-PUB,load,1851.3600000000001,XY,MW
2041-01-05 20:00:00,TRAN-PRV,load,1346.4,XY,MW
2041-01-06 21:00:00,TRAN-PUB,load,1851.3600000000001,XY,MW
2041-01-07 22:00:00,TRAN-PRV,load,1323.96,XY,MW
2041-01-08 23:00:00,TRAN-PUB,load,1851.3600000000001,XY,MW
2041-01-10 00:00:00,TRAN-PRV,load,1286.56,XY,MW
2041-01-11 01:00:00,TRAN-PUB,load,1851.3600000000001,XY,MW
2041-01-12 02:00:00,TRAN-PRV,load,635.8000000000001,XY,MW
2041-01-13 03:00:00,TRAN-PUB,load,1851.3600000000001,XY,MW
2041-01-14 04:00:00,TRAN-PRV,load,478.72,XY,MW
2041-01-15 05:00:00,TRAN-PUB,load,1851.3600000000001,XY,MW
2041-01-16 06:00:00,TRAN-PRV,load,1286.56,XY,MW
2041-01-17 07:00:00,TRAN-PUB,load,1851.3600000000001,XY,MW
2041-01-18 08:00:00,TRAN-PRV,load,1436.16,XY,MW
2041-01-19 09:00:00,TRAN-PUB,load,1851.3600000000001,XY,MW
2041-01-20 10:00:00,TRAN-PRV,load,1458.6,XY,MW
2041-01-21 11:00:00,TRAN-PUB,load,1851.3600000000001,XY,MW
2041-01-22 12:00:00,TRAN-PRV,load,1353.88,XY,MW
2041-01-23 13:00:00,TRAN-PUB,load,1851.3600000000001,XY,MW
2041-01-24 14:00:00,TRAN-PRV,load,1114.52,XY,MW
2041-01-25 15:00:00,TRAN-PUB,load,1851.3600000000001,XY,MW
2041-01-26 16:00:00,TRAN-PRV,load,418.88,XY,MW
2041-01-27 17:00:00,TRAN-PUB,load,1851.3600000000001,XY,MW
2041-01-28 18:00:00,TRAN-PRV,load,374.0,XY,MW
2041-01-29 19:00:00,TRAN-PUB,load,1851.3600000000001,XY,MW
2041-01-30 20:00:00,TRAN-PRV,load,822.8,XY,MW
2041-01-31 21:00:00,TRAN-PUB,load,1851.3600000000001,XY,MW
2041-02-01 22:00:00,TRAN-PRV,load,845.24,XY,MW
2041-02-02 23:00:00,TRAN-PUB,load,1851.3600000000001,XY,MW
2041-02-04 00:00:00,TRAN-PRV,load,785.4000000000001,XY,MW
2041-02-05 01:00:00,TRAN-PUB,load,1851.3600000000001,XY,MW
2041-02-06 02:00:00,TRAN-PRV,load,718.08,XY,MW
2041-02-07 03:00:00,TRAN-PUB,load,1851.3600000000001,XY,MW
2041-02-08 04:00:00,TRAN-PRV,load,553.52,XY,MW
2041-02-09 05:00:00,TRAN-PUB,load,1851.3600000000001,XY,MW
2041-02-10 06:00:00,TRAN-PRV,load,179.52,XY,MW
2041-02-11 07:00:00,TRAN-PUB,load,1851.3600000000001,XY,MW
2041-02-12 08:00:00,TRAN-PRV,load,441.31999999999994,XY,MW
2041-02-13 09:00:00,TRAN-PUB,load,1851.3600000000001,XY,MW
2041-02-14 10:00:00,TRAN-PRV,load,725.56,XY,MW
2041-02-15 11:00:00,TRAN-PUB,load,1851.3600000000001,XY,MW
2041-02-16 12:00:00,TRAN-PRV,load,1009.8,XY,MW
2041-02-17 13:00:00,TRAN-PUB,load,1851.3600000000001,XY,MW
2041-02-18 14:00:00,TRAN-PRV,load,1279.0800000000002,XY,MW
2041-02-19 15:00:00,TRAN-PUB,load,1851.3600000000001,XY,MW
2041-02-20 16:00:00,TRAN-PRV,load,1211.76,XY,MW
2041-02-21 17:00:00,TRAN-PUB,load,1851.3600000000001,XY,MW
2041-02-22 18:00:00,TRAN-PRV,load,538.56,XY,MW
2041-02-23 19:00:00,TRAN-PUB,load,1851.3600000000001,XY,MW
2041-02-24 20:00:00,TRAN-PRV,load,336.6,XY,MW
2041-02-25 21:00:00,TRAN-PUB,load,1851.3600000000001,XY,MW
2041-02-26 22:00:00,TRAN-PRV,load,1159.4,XY,MW
2041-02-27 23:00:00,TRAN-PUB,load,1851.3600000000001,XY,MW
2041-03-01 00:00:00,TRAN-PRV,load,1249.1599999999999,XY,MW
2041-03-02 01:00:00,TRAN-PUB,load,1851.3600000000001,XY,MW
2041-03-03 02:00:00,TRAN-PRV,load,1271.6000000000001,XY,MW
2041-03-04 03:00:00,TRAN-PUB,load,1851.3600000000001,XY,MW
2041-03-05 04:00:00,TRAN-PRV,load,1279.0800000000002,XY,MW
2041-03-06 05:00:00,TRAN-PUB,load,1851.3600000000001,XY,MW
2041-03-07 06:00:00,TRAN-PRV,load,1256.6399999999999,XY,MW
2041-03-08 07:00:00,TRAN-PUB,load,1851.3600000000001,XY,MW
2041-03-09 08:00:00,TRAN-PRV,load,561.0,XY,MW
2041-03-10 09:00:00,TRAN-PUB,load,1851.3600000000001,XY,MW
2041-03-11 10:00:00,TRAN-PRV,load,478.72,XY,MW
2041-03-12 11:00:00,TRAN-PUB,load,1851.3600000000001,XY,MW
2041-03-13 12:00:00,TRAN-PRV,load,1204.2800000000002,XY,MW
2041-03-14 13:00:00,TRAN-PUB,load,1851.3600000000001,XY,MW
2041-03-15 14:00:00,TRAN-PRV,load,1181.84,XY,MW
2041-03-16 15:00:00,TRAN-PUB,load,1851.3600000000001,XY,MW
2041-03-17 16:00:00,TRAN-PRV,load,1054.68,XY,MW
2041-03-18 17:00:00,TRAN-PUB,load,1851.3600000000001,XY,MW
2041-03-19 18:00:00,TRAN-PRV,load,935.0,XY,MW
2041-03-20 19:00:00,TRAN-PUB,load,1851.3600000000001,XY,MW
2041-03-21 20:00:00,TRAN-PRV,load,807.8399999999999,XY,MW
2041-03-22 21:00:00,TRAN-PUB,load,1851.3600000000001,XY,MW
2041-03-23 22:00:00,TRAN-PRV,load,344.08,XY,MW
2041-03-24 23:00:00,TRAN-PUB,load,1851.3600000000001,XY,MW
2041-03-26 00:00:00,TRAN-PRV,load,306.68,XY,MW
2041-03-27 01:00:00,TRAN-PUB,load,1851.3600000000001,XY,MW
2041-03-28 02:00:00,TRAN-PRV,load,635.8000000000001,XY,MW
2041-03-29 03:00:00,TRAN-PUB,load,1851.3600000000001,XY,MW
2041-03-30 04:00:00,TRAN-PRV,load,613.36,XY,MW
2041-03-31 05:00:00,TRAN-PUB,load,1851.3600000000001,XY,MW
2041-04-01 06:00:00,TRAN-PRV,load,523.5999999999999,XY,MW
2041-04-02 07:00:00,TRAN-PUB,load,1851.3600000000001,XY,MW
2041-04-03 08:00:00,TRAN-PRV,load,561.0,XY,MW
2041-04-04 09:00:00,TRAN-PUB,load,1851.3600000000001,XY,MW
2041-04-05 10:00:00,TRAN-PRV,load,433.84000000000003,XY,MW
2041-04-06 11:00:00,TRAN-PUB,load,1851.3600000000001,XY,MW
2041-04-07 12:00:00,TRAN-PRV,load,157.07999999999998,XY,MW
2041-04-08 13:00:00,TRAN-PUB,load,1851.3600000000001,XY,MW
2041-04-09 14:00:00,TRAN-PRV,load,1129.48,XY,MW
2041-04-10 15:00:00,TRAN-PUB,load,1851.3600000000001,XY,MW
2041-04-11 16:00:00,TRAN-PRV,load,1331.44,XY,MW
2041-04-12 17:00:00,TRAN-PUB,load,1851.3600000000001,XY,MW
2041-04-13 18:00:00,TRAN-PRV,load,1294.04,XY,MW
2041-04-14 19:00:00,TRAN-PUB,load,1851.3600000000001,XY,MW
2041-04-15 20:00:00,TRAN-PRV,load,1309.0,XY,MW
2041-04-16 21:00:00,TRAN-PUB,load,1851.3600000000001,XY,MW
2041-04-17 22:00:00,TRAN-PRV,load,1219.24,XY,MW
2041-04-18 23:00:00,TRAN-PUB,load,1851.3600000000001,XY,MW
2041-04-20 00:00:00,TRAN-PRV,load,650.76,XY,MW
2041-04-21 01:00:00,TRAN-PUB,load,1851.3600000000001,XY,MW
2041-04-22 02:00:00,TRAN-PRV,load,493.68000000000006,XY,MW
2041-04-23 03:00:00,TRAN-PUB,load,1851.3600000000001,XY,MW
2041-04-24 04:00:00,TRAN-PRV,load,1234.1999999999998,XY,MW
2041-04-25 05:00:00,TRAN-PUB,load,1851.3600000000001,XY,MW
2041-04-26 06:00:00,TRAN-PRV,load,1368.8400000000001,XY,MW
2041-04-27 07:00:00,TRAN-PUB,load,1851.3600000000001,XY,MW
2041-04-28 08:00:00,TRAN-PRV,load,1421.2000000000003,XY,MW
2041-04-29 09:00:00,TRAN-PUB,load,1851.3600000000001,XY,MW
2041-04-30 10:00:00,TRAN-PRV,load,1406.24,XY,MW
2041-05-01 11:00:00,TRAN-PUB,load,1851.3600000000001,XY,MW
2041-05-02 12:00:00,TRAN-PRV,load,1196.8000000000002,XY,MW
2041-05-03 13:00:00,TRAN-PUB,load,1851.3600000000001,XY,MW
2041-05-04 14:00:00,TRAN-PRV,load,583.44,XY,MW
2041-05-05 15:00:00,TRAN-PUB,load,1851.3600000000001,XY,MW
2041-05-06 16:00:00,TRAN-PRV,load,441.31999999999994,XY,MW
2041-05-07 17:00:00,TRAN-PUB,load,1851.3600000000001,XY,MW
2041-05-08 18:00:00,TRAN-PRV,load,882.6399999999999,XY,MW
2041-05-09 19:00:00,TRAN-PUB,load,1851.3600000000001,XY,MW
2041-05-10 20:00:00,TRAN-PRV,load,890.12,XY,MW
2041-05-11 21:00:00,TRAN-PUB,load,1851.3600000000001,XY,MW
2041-05-12 22:00:00,TRAN-PRV,load,860.2,XY,MW
2041-05-13 23:00:00,TRAN-PUB,load,1851.3600000000001,XY,MW
2041-05-15 00:00:00,TRAN-PRV,load,777.92,XY,MW
2041-05-16 01:00:00,TRAN-PUB,load,1851.3600000000001,XY,MW
2041-05-17 02:00:00,TRAN-PRV,load,598.4000000000001,XY,MW
2041-05-18 03:00:00,TRAN-PUB,load,1851.3600000000001,XY,MW
2041-05-19 04:00:00,TRAN-PRV,load,209.44,XY,MW
2041-05-20 05:00:00,TRAN-PUB,load,1851.3600000000001,XY,MW
2041-05-21 06:00:00,TRAN-PRV,load,351.56,XY,MW
2041-05-22 07:00:00,TRAN-PUB,load,1851.3600000000001,XY,MW
2041-05-23 08:00:00,TRAN-PRV,load,643.28,XY,MW
2041-05-24 09:00:00,TRAN-PUB,load,1851.3600000000001,XY,MW
2041-05-25 10:00:00,TRAN-PRV,load,777.92,XY,MW
2041-05-26 11:00:00,TRAN-PUB,load,1851.3600000000001,XY,MW
2041-05-27 12:00:00,TRAN-PRV,load,1047.1999999999998,XY,MW
2041-05-28 13:00:00,TRAN-PUB,load,1851.3600000000001,XY,MW
2041-05-29 14:00:00,TRAN-PRV,load,1211.76,XY,MW
2041-05-30 15:00:00,TRAN-PUB,load,1851.3600000000001,XY,MW
2041-05-31 16:00:00,TRAN-PRV,load,620.8399999999999,XY,MW
2041-06-01 17:00:00,TRAN-PUB,load,1851.3600000000001,XY,MW
2041-06-02 18:00:00,TRAN-PRV,load,239.36,XY,MW
2041-06-03 19:00:00,TRAN-PUB,load,1851.3600000000001,XY,MW
2041-06-04 20:00:00,TRAN-PRV,load,1211.76,XY,MW
2041-06-05 21:00:00,TRAN-PUB,load,1851.3600000000001,XY,MW
2041-06-06 22:00:00,TRAN-PRV,load,1323.96,XY,MW
2041-06-07 23:00:00,TRAN-PUB,load,1851.3600000000001,XY,MW
2041-06-09 00:00:00,TRAN-PRV,load,1346.4,XY,MW
2041-06-10 01:00:00,TRAN-PUB,load,1851.3600000000001,XY,MW
2041-06-11 02:00:00,TRAN-PRV,load,1346.4,XY,MW
2041-06-12 03:00:00,TRAN-PUB,load,1851.3600000000001,XY,MW
2041-06-13 04:00:00,TRAN-PRV,load,1361.3600000000001,XY,MW
2041-06-14 05:00:00,TRAN-PUB,load,1851.3600000000001,XY,MW
2041-06-15 06:00:00,TRAN-PRV,load,725.56,XY,MW
2041-06-16 07:00:00,TRAN-PUB,load,1851.3600000000001,XY,MW
2041-06-17 08:00:00,TRAN-PRV,load,486.19999999999993,XY,MW
2041-06-18 09:00:00,TRAN-PUB,load,1851.3600000000001,XY,MW
2041-06-19 10:00:00,TRAN-PRV,load,1368.8400000000001,XY,MW
2041-06-20 11:00:00,TRAN-PUB,load,1851.3600000000001,XY,MW
2041-06-21 12:00:00,TRAN-PRV,load,1421.2000000000003,XY,MW
2041-06-22 13:00:00,TRAN-PUB,load,1851.3600000000001,XY,MW
2041-06-23 14:00:00,TRAN-PRV,load,1294.04,XY,MW
2041-06-24 15:00:00,TRAN-PUB,load,1851.3600000000001,XY,MW
2041-06-25 16:00:00,TRAN-PRV,load,1204.2800000000002,XY,MW
2041-06-26 17:00:00,TRAN-PUB,load,1851.3600000000001,XY,MW
2041-06-27 18:00:00,TRAN-PRV,load,964.92,XY,MW
2041-06-28 19:00:00,TRAN-PUB,load,1851.3600000000001,XY,MW
2041-06-29 20:00:00,TRAN-PRV,load,396.44,XY,MW
2041-06-30 21:00:00,TRAN-PUB,load,1851.3600000000001,XY,MW
2041-07-01 22:00:00,TRAN-PRV,load,299.20000000000005,XY,MW
2041-07-02 23:00:00,TRAN-PUB,load,1851.3600000000001,XY,MW
2041-07-04 00:00:00,TRAN-PRV,load,740.52,XY,MW
2041-07-05 01:00:00,TRAN-PUB,load,1851.3600000000001,XY,MW
2041-07-06 02:00:00,TRAN-PRV,load,673.2,XY,MW
2041-07-07 03:00:00,TRAN-PUB,load,1851.3600000000001,XY,MW
2041-07-08 04:00:00,TRAN-PRV,load,508.64,XY,MW
2041-07-09 05:00:00,TRAN-PUB,load,1851.3600000000001,XY,MW
2041-07-10 06:00:00,TRAN-PRV,load,680.6800000000001,XY,MW
2041-07-11 07:00:00,TRAN-PUB,load,1851.3600000000001,XY,MW
2041-07-12 08:00:00,TRAN-PRV,load,471.24,XY,MW
2041-07-13 09:00:00,TRAN-PUB,load,1851.3600000000001,XY,MW
2041-07-14 10:00:00,TRAN-PRV,load,134.64,XY,MW
2041-07-15 11:00:00,TRAN-PUB,load,1851.3600000000001,XY,MW
2041-07-16 12:00:00,TRAN-PRV,load,920.0400000000001,XY,MW
2041-07-17 13:00:00,TRAN-PUB,load,1851.3600000000001,XY,MW
2041-07-18 14:00:00,TRAN-PRV,load,1346.4,XY,MW
2041-07-19 15:00:00,TRAN-PUB,load,1851.3600000000001,XY,MW
2041-07-20 16:00:00,TRAN-PRV,load,1413.7200000000003,XY,MW
2041-07-21 17:00:00,TRAN-PUB,load,1851.3600000000001,XY,MW
2041-07-22 18:00:00,TRAN-PRV,load,1376.32,XY,MW
2041-07-23 19:00:00,TRAN-PUB,load,1851.3600000000001,XY,MW
2041-07-24 20:00:00,TRAN-PRV,load,1271.6000000000001,XY,MW
2041-07-25 21:00:00,TRAN-PUB,load,1851.3600000000001,XY,MW
2041-07-26 22:00:00,TRAN-PRV,load,792.88,XY,MW
2041-07-27 23:00:00,TRAN-PUB,load,1851.3600000000001,XY,MW
2041-07-29 00:00:00,TRAN-PRV,load,463.76000000000005,XY,MW
2041-07-30 01:00:00,TRAN-PUB,load,1851.3600000000001,XY,MW
2041-07-31 02:00:00,TRAN-PRV,load,1264.12,XY,MW
2041-08-01 03:00:00,TRAN-PUB,load,1851.3600000000001,XY,MW
2041-08-02 04:00:00,TRAN-PRV,load,1406.24,XY,MW
2041-08-03 05:00:00,TRAN-PUB,load,1851.3600000000001,XY,MW
2041-08-04 06:00:00,TRAN-PRV,load,1473.56,XY,MW
2041-08-05 07:00:00,TRAN-PUB,load,1851.3600000000001,XY,MW
2041-08-06 08:00:00,TRAN-PRV,load,1510.96,XY,MW
2041-08-07 09:00:00,TRAN-PUB,load,1851.3600000000001,XY,MW
2041-08-08 10:00:00,TRAN-PRV,load,1316.48,XY,MW
2041-08-09 11:00:00,TRAN-PUB,load,1851.3600000000001,XY,MW
2041-08-10 12:00:00,TRAN-PRV,load,635.8000000000001,XY,MW
2041-08-11 13:00:00,TRAN-PUB,load,1851.3600000000001,XY,MW
2041-08-12 14:00:00,TRAN-PRV,load,478.72,XY,MW
2041-08-13 15:00:00,TRAN-PUB,load,1851.3600000000001,XY,MW
2041-08-14 16:00:00,TRAN-PRV,load,1024.76,XY,MW
2041-08-15 17:00:00,TRAN-PUB,load,1851.3600000000001,XY,MW
2041-08-16 18:00:00,TRAN-PRV,load,1002.32,XY,MW
2041-08-17 19:00:00,TRAN-PUB,load,1851.3600000000001,XY,MW
2041-08-18 20:00:00,TRAN-PRV,load,935.0,XY,MW
2041-08-19 21:00:00,TRAN-PUB,load,1851.3600000000001,XY,MW
2041-08-20 22:00:00,TRAN-PRV,load,882.6399999999999,XY,MW
2041-08-21 23:00:00,TRAN-PUB,load,1851.3600000000001,XY,MW
2041-08-23 00:00:00,TRAN-PRV,load,695.64,XY,MW
2041-08-24 01:00:00,TRAN-PUB,load,1851.3600000000001,XY,MW
2041-08-25 02:00:00,TRAN-PRV,load,239.36,XY,MW
2041-08-26 03:00:00,TRAN-PUB,load,1851.3600000000001,XY,MW
2041-08-27 04:00:00,TRAN-PRV,load,321.64,XY,MW
2041-08-28 05:00:00,TRAN-PUB,load,1851.3600000000001,XY,MW
2041-08-29 06:00:00,TRAN-PRV,load,643.28,XY,MW
2041-08-30 07:00:00,TRAN-PUB,load,1851.3600000000001,XY,MW
2041-08-31 08:00:00,TRAN-PRV,load,598.4000000000001,XY,MW
2041-09-01 09:00:00,TRAN-PUB,load,1851.3600000000001,XY,MW
2041-09-02 10:00:00,TRAN-PRV,load,411.4,XY,MW
2041-09-03 11:00:00,TRAN-PUB,load,1851.3600000000001,XY,MW
2041-09-04 12:00:00,TRAN-PRV,load,867.6800000000001,XY,MW
2041-09-05 13:00:00,TRAN-PUB,load,1851.3600000000001,XY,MW
2041-09-06 14:00:00,TRAN-PRV,load,493.68000000000006,XY,MW
2041-09-07 15:00:00,TRAN-PUB,load,1851.3600000000001,XY,MW
2041-09-08 16:00:00,TRAN-PRV,load,127.16,XY,MW
2041-09-09 17:00:00,TRAN-PUB,load,1851.3600000000001,XY,MW
2041-09-10 18:00:00,TRAN-PRV,load,1219.24,XY,MW
2041-09-11 19:00:00,TRAN-PUB,load,1851.3600000000001,XY,MW
2041-09-12 20:00:00,TRAN-PRV,load,1376.32,XY,MW
2041-09-13 21:00:00,TRAN-PUB,load,1851.3600000000001,XY,MW
2041-09-14 22:00:00,TRAN-PRV,load,1383.8000000000002,XY,MW
2041-09-15 23:00:00,TRAN-PUB,load,1851.3600000000001,XY,MW
2041-09-17 00:00:00,TRAN-PRV,load,1376.32,XY,MW
2041-09-18 01:00:00,TRAN-PUB,load,1851.3600000000001,XY,MW
2041-09-19 02:00:00,TRAN-PRV,load,1346.4,XY,MW
2041-09-20 03:00:00,TRAN-PUB,load,1851.3600000000001,XY,MW
2041-09-21 04:00:00,TRAN-PRV,load,695.64,XY,MW
2041-09-22 05:00:00,TRAN-PUB,load,1851.3600000000001,XY,MW
2041-09-23 06:00:00,TRAN-PRV,load,426.36,XY,MW
2041-09-24 07:00:00,TRAN-PUB,load,1851.3600000000001,XY,MW
2041-09-25 08:00:00,TRAN-PRV,load,1421.2000000000003,XY,MW
2041-09-26 09:00:00,TRAN-PUB,load,1851.3600000000001,XY,MW
2041-09-27 10:00:00,TRAN-PRV,load,1518.44,XY,MW
2041-09-28 11:00:00,TRAN-PUB,load,1851.3600000000001,XY,MW
2041-09-29 12:00:00,TRAN-PRV,load,1428.68,XY,MW
2041-09-30 13:00:00,TRAN-PUB,load,1851.3600000000001,XY,MW
2041-10-01 14:00:00,TRAN-PRV,load,1279.0800000000002,XY,MW
2041-10-02 15:00:00,TRAN-PUB,load,1851.3600000000001,XY,MW
2041-10-03 16:00:00,TRAN-PRV,load,1017.28,XY,MW
2041-10-04 17:00:00,TRAN-PUB,load,1851.3600000000001,XY,MW
2041-10-05 18:00:00,TRAN-PRV,load,388.96,XY,MW
2041-10-06 19:00:00,TRAN-PUB,load,1851.3600000000001,XY,MW
2041-10-07 20:00:00,TRAN-PRV,load,239.36,XY,MW
2041-10-08 21:00:00,TRAN-PUB,load,1851.3600000000001,XY,MW
2041-10-09 22:00:00,TRAN-PRV,load,822.8,XY,MW
2041-10-10 23:00:00,TRAN-PUB,load,1851.3600000000001,XY,MW
2041-10-12 00:00:00,TRAN-PRV,load,815.32,XY,MW
2041-10-13 01:00:00,TRAN-PUB,load,1851.3600000000001,XY,MW
2041-10-14 02:00:00,TRAN-PRV,load,755.48,XY,MW
2041-10-15 03:00:00,TRAN-PUB,load,1851.3600000000001,XY,MW
2041-10-16 04:00:00,TRAN-PRV,load,695.64,XY,MW
2041-10-17 05:00:00,TRAN-PUB,load,1851.3600000000001,XY,MW
2041-10-18 06:00:00,TRAN-PRV,load,478.72,XY,MW
2041-10-19 07:00:00,TRAN-PUB,load,1851.3600000000001,XY,MW
2041-10-20 08:00:00,TRAN-PRV,load,127.16,XY,MW
2041-10-21 09:00:00,TRAN-PUB,load,1851.3600000000001,XY,MW
2041-10-22 10:00:00,TRAN-PRV,load,613.36,XY,MW
2041-10-23 11:00:00,TRAN-PUB,load,1851.3600000000001,XY,MW
2041-10-24 12:00:00,TRAN-PRV,load,1092.08,XY,MW
2041-10-25 13:00:00,TRAN-PUB,load,1851.3600000000001,XY,MW
2041-10-26 14:00:00,TRAN-PRV,load,1391.28,XY,MW
2041-10-27 15:00:00,TRAN-PUB,load,1851.3600000000001,XY,MW
2041-10-28 16:00:00,TRAN-PRV,load,1413.7200000000003,XY,MW
2041-10-29 17:00:00,TRAN-PUB,load,1851.3600000000001,XY,MW
2041-10-30 18:00:00,TRAN-PRV,load,1286.56,XY,MW
2041-10-31 19:00:00,TRAN-PUB,load,1851.3600000000001,XY,MW
2041-11-01 20:00:00,TRAN-PRV,load,695.64,XY,MW
2041-11-02 21:00:00,TRAN-PUB,load,1851.3600000000001,XY,MW
2041-11-03 22:00:00,TRAN-PRV,load,299.20000000000005,XY,MW
2041-11-04 23:00:00,TRAN-PUB,load,1851.3600000000001,XY,MW
2041-11-06 00:00:00,TRAN-PRV,load,1256.6399999999999,XY,MW
2041-11-07 01:00:00,TRAN-PUB,load,1851.3600000000001,XY,MW
2041-11-08 02:00:00,TRAN-PRV,load,1413.7200000000003,XY,MW
2041-11-09 03:00:00,TRAN-PUB,load,1851.3600000000001,XY,MW
2041-11-10 04:00:00,TRAN-PRV,load,1443.6399999999999,XY,MW
2041-11-11 05:00:00,TRAN-PUB,load,1851.3600000000001,XY,MW
2041-11-12 06:00:00,TRAN-PRV,load,1496.0,XY,MW
2041-11-13 07:00:00,TRAN-PUB,load,1851.3600000000001,XY,MW
2041-11-14 08:00:00,TRAN-PRV,load,1376.32,XY,MW
2041-11-15 09:00:00,TRAN-PUB,load,1851.3600000000001,XY,MW
2041-11-16 10:00:00,TRAN-PRV,load,613.36,XY,MW
2041-11-17 11:00:00,TRAN-PUB,load,1851.3600000000001,XY,MW
2041-11-18 12:00:00,TRAN-PRV,load,426.36,XY,MW
2041-11-19 13:00:00,TRAN-PUB,load,1851.3600000000001,XY,MW
2041-11-20 14:00:00,TRAN-PRV,load,1189.32,XY,MW
2041-11-21 15:00:00,TRAN-PUB,load,1851.3600000000001,XY,MW
2041-11-22 16:00:00,TRAN-PRV,load,1136.96,XY,MW
2041-11-23 17:00:00,TRAN-PUB,load,1851.3600000000001,XY,MW
2041-11-24 18:00:00,TRAN-PRV,load,1039.7199999999998,XY,MW
2041-11-25 19:00:00,TRAN-PUB,load,1851.3600000000001,XY,MW
2041-11-26 20:00:00,TRAN-PRV,load,964.92,XY,MW
2041-11-27 21:00:00,TRAN-PUB,load,1851.3600000000001,XY,MW
2041-11-28 22:00:00,TRAN-PRV,load,815.32,XY,MW
2041-11-29 23:00:00,TRAN-PUB,load,1851.3600000000001,XY,MW
2041-12-01 00:00:00,TRAN-PRV,load,291.72,XY,MW
2041-12-02 01:00:00,TRAN-PUB,load,1851.3600000000001,XY,MW
2041-12-03 02:00:00,TRAN-PRV,load,299.20000000000005,XY,MW
2041-12-04 03:00:00,TRAN-PUB,load,1851.3600000000001,XY,MW
2041-12-05 04:00:00,TRAN-PRV,load,688.16,XY,MW
2041-12-06 05:00:00,TRAN-PUB,load,1851.3600000000001,XY,MW
2041-12-07 06:00:00,TRAN-PRV,load,665.72,XY,MW
2041-12-08 07:00:00,TRAN-PUB,load,1851.3600000000001,XY,MW
2041-12-09 08:00:00,TRAN-PRV,load,635.8000000000001,XY,MW
2041-12-10 09:00:00,TRAN-PUB,load,1851.3600000000001,XY,MW
2041-12-11 10:00:00,TRAN-PRV,load,620.8399999999999,XY,MW
2041-12-12 11:00:00,TRAN-PUB,load,1851.3600000000001,XY,MW
2041-12-13 12:00:00,TRAN-PRV,load,381.48,XY,MW
2041-12-14 13:00:00,TRAN-PUB,load,1851.3600000000001,XY,MW
2041-12-15 14:00:00,TRAN-PRV,load,104.72,XY,MW
2041-12-16 15:00:00,TRAN-PUB,load,1851.3600000000001,XY,MW
2041-12-17 16:00:00,TRAN-PRV,load,209.44,XY,MW
2041-12-18 17:00:00,TRAN-PUB,load,1851.3600000000001,XY,MW
2041-12-19 18:00:00,TRAN-PRV,load,97.24,XY,MW
2041-12-20 19:00:00,TRAN-PUB,load,1851.3600000000001,XY,MW
2041-12-21 20:00:00,TRAN-PRV,load,224.4,XY,MW
2041-12-22 21:00:00,TRAN-PUB,load,1851.3600000000001,XY,MW
2041-12-23 22:00:00,TRAN-PRV,load,725.56,XY,MW
2041-12-24 23:00:00,TRAN-PUB,load,1851.3600000000001,XY,MW
2041-12-26 00:00:00,TRAN-PRV,load,777.92,XY,MW
2041-12-27 01:00:00,TRAN-PUB,load,1851.3600000000001,XY,MW
2041-12-28 02:00:00,TRAN-PRV,load,561.0,XY,MW
2041-12-29 03:00:00,TRAN-PUB,load,1851.3600000000001,XY,MW
2041-12-30 04:00:00,TRAN-PRV,load,388.96,XY,MW
2041-12-31 05:00:00,TRAN-PUB,load,1851.3600000000001,XY,MW
2042-01-01 06:00:00,TRAN-PRV,load,336.6,XY,MW
2042-01-02 07:00:00,TRAN-PUB,load,1851.3600000000001,XY,MW
2040-01-01 00:00:00,TRAN-PRV,store_discharge,-14.4,XY,MW
2040-01-02 01:00:00,TRAN-PUB,store_discharge,0.0,XY,MW
2040-01-03 02:00:00,TRAN-PRV,store_discharge,14.4,XY,MW
2040-01-04 03:00:00,TRAN-PUB,store_discharge,0.0,XY,MW
2040-01-05 04:00:00,TRAN-PRV,store_discharge,0.0,XY,MW
2040-01-06 05:00:00,TRAN-PUB,store_discharge,0.0,XY,MW
2040-01-07 06:00:00,TRAN-PRV,store_discharge,0.0,XY,MW
2040-01-08 07:00:00,TRAN-PUB,store_discharge,0.0,XY,MW
2040-01-09 08:00:00,TRAN-PRV,store_discharge,0.0,XY,MW
2040-01-10 09:00:00,TRAN-PUB,store_discharge,0.0,XY,MW
2040-01-11 10:00:00,TRAN-PRV,store_discharge,0.0,XY,MW
2040-01-12 11:00:00,TRAN-PUB,store_discharge,0.0,XY,MW
2040-01-13 12:00:00,TRAN-PRV,store_discharge,-10.8,XY,MW
2040-01-14 13:00:00,TRAN-PUB,store_discharge,-3.6,XY,MW
2040-01-15 14:00:00,TRAN-PRV,store_discharge,10.8,XY,MW
2040-01-16 15:00:00,TRAN-PUB,store_discharge,3.6,XY,MW
2040-01-17 16:00:00,TRAN-PRV,store_discharge,0.0,XY,MW
2040-01-18 17:00:00,TRAN-PUB,store_discharge,0.0,XY,MW
2040-01-19 18:00:00,TRAN-PRV,store_discharge,0.0,XY,MW
2040-01-20 19:00:00,TRAN-PUB,store_discharge,0.0,XY,MW
2040-01-21 20:00:00,TRAN-PRV,store_discharge,0.0,XY,MW
2040-01-22 21:00:00,TRAN-PUB,store_discharge,0.0,XY,MW
2040-01-23 22:00:00,TRAN-PRV,store_discharge,0.0,XY,MW
2040-01-24 23:00:00,TRAN-PUB,store_discharge,0.0,XY,MW
2040-01-26 00:00:00,TRAN-PRV,store_discharge,0.0,XY,MW
2040-01-27 01:00:00,TRAN-PUB,store_discharge,0.0,XY,MW
2040-01-28 02:00:00,TRAN-PRV,store_discharge,0.0,XY,MW
2040-01-29 03:00:00,TRAN-PUB,store_discharge,0.0,XY,MW
2040-01-30 04:00:00,TRAN-PRV,store_discharge,0.0,XY,MW
2040-01-31 05:00:00,TRAN-PUB,store_discharge,0.0,XY,MW
2040-02-01 06:00:00,TRAN-PRV,store_discharge,0.0,XY,MW
2040-02-02 07:00:00,TRAN-PUB,store_discharge,0.0,XY,MW
2040-02-03 08:00:00,TRAN-PRV,store_discharge,0.0,XY,MW
2040-02-04 09:00:00,TRAN-PUB,store_discharge,0.0,XY,MW
2040-02-05 10:00:00,TRAN-PRV,store_discharge,0.0,XY,MW
2040-02-06 11:00:00,TRAN-PUB,store_discharge,0.0,XY,MW
2040-02-07 12:00:00,TRAN-PRV,store_discharge,0.0,XY,MW
2040-02-08 13:00:00,TRAN-PUB,store_discharge,0.0,XY,MW
2040-02-09 14:00:00,TRAN-PRV,store_discharge,0.0,XY,MW
2040-02-10 15:00:00,TRAN-PUB,store_discharge,0.0,XY,MW
2040-02-11 16:00:00,TRAN-PRV,store_discharge,0.0,XY,MW
2040-02-12 17:00:00,TRAN-PUB,store_discharge,0.0,XY,MW
2040-02-13 18:00:00,TRAN-PRV,store_discharge,0.0,XY,MW
2040-02-14 19:00:00,TRAN-PUB,store_discharge,0.0,XY,MW
2040-02-15 20:00:00,TRAN-PRV,store_discharge,0.0,XY,MW
2040-02-16 21:00:00,TRAN-PUB,store_discharge,0.0,XY,MW
2040-02-17 22:00:00,TRAN-PRV,store_discharge,0.0,XY,MW
2040-02-18 23:00:00,TRAN-PUB,store_discharge,0.0,XY,MW
2040-02-20 00:00:00,TRAN-PRV,store_discharge,0.0,XY,MW
2040-02-21 01:00:00,TRAN-PUB,store_discharge,0.0,XY,MW
2040-02-22 02:00:00,TRAN-PRV,store_discharge,0.0,XY,MW
2040-02-23 03:00:00,TRAN-PUB,store_discharge,0.0,XY,MW
2040-02-24 04:00:00,TRAN-PRV,store_discharge,0.0,XY,MW
2040-02-25 05:00:00,TRAN-PUB,store_discharge,0.0,XY,MW
2040-02-26 06:00:00,TRAN-PRV,store_discharge,0.0,XY,MW
2040-02-27 07:00:00,TRAN-PUB,store_discharge,0.0,XY,MW
2040-02-28 08:00:00,TRAN-PRV,store_discharge,0.0,XY,MW
2040-02-29 09:00:00,TRAN-PUB,store_discharge,0.0,XY,MW
2040-03-01 10:00:00,TRAN-PRV,store_discharge,0.0,XY,MW
2040-03-02 11:00:00,TRAN-PUB,store_discharge,0.0,XY,MW
2040-03-03 12:00:00,TRAN-PRV,store_discharge,-10.8,XY,MW
2040-03-04 13:00:00,TRAN-PUB,store_discharge,-3.6,XY,MW
2040-03-05 14:00:00,TRAN-PRV,store_discharge,10.8,XY,MW
2040-03-06 15:00:00,TRAN-PUB,store_discharge,3.6,XY,MW
2040-03-07 16:00:00,TRAN-PRV,store_discharge,0.0,XY,MW
2040-03-08 17:00:00,TRAN-PUB,store_discharge,0.0,XY,MW
2040-03-09 18:00:00,TRAN-PRV,store_discharge,0.0,XY,MW
2040-03-10 19:00:00,TRAN-PUB,store_discharge,0.0,XY,MW
2040-03-11 20:00:00,TRAN-PRV,store_discharge,0.0,XY,MW
2040-03-12 21:00:00,TRAN-PUB,store_discharge,0.0,XY,MW
2040-03-13 22:00:00,TRAN-PRV,store_discharge,0.0,XY,MW
2040-03-14 23:00:00,TRAN-PUB,store_discharge,0.0,XY,MW
2040-03-16 00:00:00,TRAN-PRV,store_discharge,0.0,XY,MW
2040-03-17 01:00:00,TRAN-PUB,store_discharge,0.0,XY,MW
2040-03-18 02:00:00,TRAN-PRV,store_discharge,0.0,XY,MW
2040-03-19 03:00:00,TRAN-PUB,store_discharge,0.0,XY,MW
2040-03-20 04:00:00,TRAN-PRV,store_discharge,0.0,XY,MW
2040-03-21 05:00:00,TRAN-PUB,store_discharge,0.0,XY,MW
2040-03-22 06:00:00,TRAN-PRV,store_discharge,0.0,XY,MW
2040-03-23 07:00:00,TRAN-PUB,store_discharge,0.0,XY,MW
2040-03-24 08:00:00,TRAN-PRV,store_discharge,0.0,XY,MW
2040-03-25 09:00:00,TRAN-PUB,store_discharge,0.0,XY,MW
2040-03-26 10:00:00,TRAN-PRV,store_discharge,0.0,XY,MW
2040-03-27 11:00:00,TRAN-PUB,store_discharge,0.0,XY,MW
2040-03-28 12:00:00,TRAN-PRV,store_discharge,0.0,XY,MW
2040-03-29 13:00:00,TRAN-PUB,store_discharge,0.0,XY,MW
2040-03-30 14:00:00,TRAN-PRV,store_discharge,0.0,XY,MW
2040-03-31 15:00:00,TRAN-PUB,store_discharge,0.0,XY,MW
2040-04-01 16:00:00,TRAN-PRV,store_discharge,0.0,XY,MW
2040-04-02 17:00:00,TRAN-PUB,store_discharge,0.0,XY,MW
2040-04-03 18:00:00,TRAN-PRV,store_discharge,0.0,XY,MW
2040-04-04 19:00:00,TRAN-PUB,store_discharge,0.0,XY,MW
2040-04-05 20:00:00,TRAN-PRV,store_discharge,0.0,XY,MW
2040-04-06 21:00:00,TRAN-PUB,store_discharge,0.0,XY,MW
2040-04-07 22:00:00,TRAN-PRV,store_discharge,0.0,XY,MW
2040-04-08 23:00:00,TRAN-PUB,store_discharge,0.0,XY,MW
2040-04-10 00:00:00,TRAN-PRV,store_discharge,0.0,XY,MW
2040-04-11 01:00:00,TRAN-PUB,store_discharge,0.0,XY,MW
2040-04-12 02:00:00,TRAN-PRV,store_discharge,0.0,XY,MW
2040-04-13 03:00:00,TRAN-PUB,store_discharge,0.0,XY,MW
2040-04-14 04:00:00,TRAN-PRV,store_discharge,0.0,XY,MW
2040-04-15 05:00:00,TRAN-PUB,store_discharge,0.0,XY,MW
2040-04-16 06:00:00,TRAN-PRV,store_discharge,0.0,XY,MW
2040-04-17 07:00:00,TRAN-PUB,store_discharge,0.0,XY,MW
2040-04-18 08:00:00,TRAN-PRV,store_discharge,0.0,XY,MW
2040-04-19 09:00:00,TRAN-PUB,store_discharge,0.0,XY,MW
2040-04-20 10:00:00,TRAN-PRV,store_discharge,0.0,XY,MW
2040-04-21 11:00:00,TRAN-PUB,store_discharge,0.0,XY,MW
2040-04-22 12:00:00,TRAN-PRV,store_discharge,-10.8,XY,MW
2040-04-23 13:00:00,TRAN-PUB,store_discharge,-3.6,XY,MW
2040-04-24 14:00:00,TRAN-PRV,store_discharge,10.8,XY,MW
2040-04-25 15:00:00,TRAN-PUB,store_discharge,3.6,XY,MW
2040-04-26 16:00:00,TRAN-PRV,store_discharge,0.0,XY,MW
2040-04-27 17:00:00,TRAN-PUB,store_discharge,0.0,XY,MW
2040-04-28 18:00:00,TRAN-PRV,store_discharge,0.0,XY,MW
2040-04-29 19:00:00,TRAN-PUB,store_discharge,0.0,XY,MW
2040-04-30 20:00:00,TRAN-PRV,store_discharge,0.0,XY,MW
2040-05-01 21:00:00,TRAN-PUB,store_discharge,0.0,XY,MW
2040-05-02 22:00:00,TRAN-PRV,store_discharge,0.0,XY,MW
2040-05-03 23:00:00,TRAN-PUB,store_discharge,0.0,XY,MW
2040-05-05 00:00:00,TRAN-PRV,store_discharge,0.0,XY,MW
2040-05-06 01:00:00,TRAN-PUB,store_discharge,0.0,XY,MW
2040-05-07 02:00:00,TRAN-PRV,store_discharge,0.0,XY,MW
2040-05-08 03:00:00,TRAN-PUB,store_discharge,0.0,XY,MW
2040-05-09 04:00:00,TRAN-PRV,store_discharge,0.0,XY,MW
2040-05-10 05:00:00,TRAN-PUB,store_discharge,0.0,XY,MW
2040-05-11 06:00:00,TRAN-PRV,store_discharge,0.0,XY,MW
2040-05-12 07:00:00,TRAN-PUB,store_discharge,0.0,XY,MW
2040-05-13 08:00:00,TRAN-PRV,store_discharge,0.0,XY,MW
2040-05-14 09:00:00,TRAN-PUB,store_discharge,0.0,XY,MW
2040-05-15 10:00:00,TRAN-PRV,store_discharge,0.0,XY,MW
2040-05-16 11:00:00,TRAN-PUB,store_discharge,0.0,XY,MW
2040-05-17 12:00:00,TRAN-PRV,store_discharge,0.0,XY,MW
2040-05-18 13:00:00,TRAN-PUB,store_discharge,0.0,XY,MW
2040-05-19 14:00:00,TRAN-PRV,store_discharge,0.0,XY,MW
2040-05-20 15:00:00,TRAN-PUB,store_discharge,0.0,XY,MW
2040-05-21 16:00:00,TRAN-PRV,store_discharge,0.0,XY,MW
2040-05-22 17:00:00,TRAN-PUB,store_discharge,0.0,XY,MW
2040-05-23 18:00:00,TRAN-PRV,store_discharge,0.0,XY,MW
2040-05-24 19:00:00,TRAN-PUB,store_discharge,0.0,XY,MW
2040-05-25 20:00:00,TRAN-PRV,store_discharge,0.0,XY,MW
2040-05-26 21:00:00,TRAN-PUB,store_discharge,0.0,XY,MW
2040-05-27 22:00:00,TRAN-PRV,store_discharge,0.0,XY,MW
2040-05-28 23:00:00,TRAN-PUB,store_discharge,0.0,XY,MW
2040-05-30 00:00:00,TRAN-PRV,store_discharge,0.0,XY,MW
2040-05-31 01:00:00,TRAN-PUB,store_discharge,0.0,XY,MW
2040-06-01 02:00:00,TRAN-PRV,store_discharge,0.0,XY,MW
2040-06-02 03:00:00,TRAN-PUB,store_discharge,0.0,XY,MW
2040-06-03 04:00:00,TRAN-PRV,store_discharge,0.0,XY,MW
2040-06-04 05:00:00,TRAN-PUB,store_discharge,0.0,XY,MW
2040-06-05 06:00:00,TRAN-PRV,store_discharge,0.0,XY,MW
2040-06-06 07:00:00,TRAN-PUB,store_discharge,0.0,XY,MW
2040-06-07 08:00:00,TRAN-PRV,store_discharge,0.0,XY,MW
2040-06-08 09:00:00,TRAN-PUB,store_discharge,0.0,XY,MW
2040-06-09 10:00:00,TRAN-PRV,store_discharge,0.0,XY,MW
2040-06-10 11:00:00,TRAN-PUB,store_discharge,0.0,XY,MW
2040-06-11 12:00:00,TRAN-PRV,store_discharge,-10.8,XY,MW
2040-06-12 13:00:00,TRAN-PUB,store_discharge,-3.6,XY,MW
2040-06-13 14:00:00,TRAN-PRV,store_discharge,10.8,XY,MW
2040-06-14 15:00:00,TRAN-PUB,store_discharge,3.6,XY,MW
2040-06-15 16:00:00,TRAN-PRV,store_discharge,0.0,XY,MW
2040-06-16 17:00:00,TRAN-PUB,store_discharge,0.0,XY,MW
2040-06-17 18:00:00,TRAN-PRV,store_discharge,0.0,XY,MW
2040-06-18 19:00:00,TRAN-PUB,store_discharge,0.0,XY,MW
2040-06-19 20:00:00,TRAN-PRV,store_discharge,0.0,XY,MW
2040-06-20 21:00:00,TRAN-PUB,store_discharge,0.0,XY,MW
2040-06-21 22:00:00,TRAN-PRV,store_discharge,0.0,XY,MW
2040-06-22 23:00:00,TRAN-PUB,store_discharge,0.0,XY,MW
2040-06-24 00:00:00,TRAN-PRV,store_discharge,0.0,XY,MW
2040-06-25 01:00:00,TRAN-PUB,store_discharge,0.0,XY,MW
2040-06-26 02:00:00,TRAN-PRV,store_discharge,0.0,XY,MW
2040-06-27 03:00:00,TRAN-PUB,store_discharge,0.0,XY,MW
2040-06-28 04:00:00,TRAN-PRV,store_discharge,0.0,XY,MW
2040-06-29 05:00:00,TRAN-PUB,store_discharge,0.0,XY,MW
2040-06-30 06:00:00,TRAN-PRV,store_discharge,0.0,XY,MW
2040-07-01 07:00:00,TRAN-PUB,store_discharge,0.0,XY,MW
2040-07-02 08:00:00,TRAN-PRV,store_discharge,0.0,XY,MW
2040-07-03 09:00:00,TRAN-PUB,store_discharge,0.0,XY,MW
2040-07-04 10:00:00,TRAN-PRV,store_discharge,0.0,XY,MW
2040-07-05 11:00:00,TRAN-PUB,store_discharge,0.0,XY,MW
2040-07-06 12:00:00,TRAN-PRV,store_discharge,0.0,XY,MW
2040-07-07 13:00:00,TRAN-PUB,store_discharge,0.0,XY,MW
2040-07-08 14:00:00,TRAN-PRV,store_discharge,0.0,XY,MW
2040-07-09 15:00:00,TRAN-PUB,store_discharge,0.0,XY,MW
2040-07-10 16:00:00,TRAN-PRV,store_discharge,0.0,XY,MW
2040-07-11 17:00:00,TRAN-PUB,store_discharge,0.0,XY,MW
2040-07-12 18:00:00,TRAN-PRV,store_discharge,0.0,XY,MW
2040-07-13 19:00:00,TRAN-PUB,store_discharge,0.0,XY,MW
2040-07-14 20:00:00,TRAN-PRV,store_discharge,0.0,XY,MW
2040-07-15 21:00:00,TRAN-PUB,store_discharge,0.0,XY,MW
2040-07-16 22:00:00,TRAN-PRV,store_discharge,0.0,XY,MW
2040-07-17 23:00:00,TRAN-PUB,store_discharge,0.0,XY,MW
2040-07-19 00:00:00,TRAN-PRV,store_discharge,0.0,XY,MW
2040-07-20 01:00:00,TRAN-PUB,store_discharge,0.0,XY,MW
2040-07-21 02:00:00,TRAN-PRV,store_discharge,0.0,XY,MW
2040-07-22 03:00:00,TRAN-PUB,store_discharge,0.0,XY,MW
2040-07-23 04:00:00,TRAN-PRV,store_discharge,0.0,XY,MW
2040-07-24 05:00:00,TRAN-PUB,store_discharge,0.0,XY,MW
2040-07-25 06:00:00,TRAN-PRV,store_discharge,0.0,XY,MW
2040-07-26 07:00:00,TRAN-PUB,store_discharge,0.0,XY,MW
2040-07-27 08:00:00,TRAN-PRV,store_discharge,0.0,XY,MW
2040-07-28 09:00:00,TRAN-PUB,store_discharge,0.0,XY,MW
2040-07-29 10:00:00,TRAN-PRV,store_discharge,-10.8,XY,MW
2040-07-30 11:00:00,TRAN-PUB,store_discharge,-3.6,XY,MW
2040-07-31 12:00:00,TRAN-PRV,store_discharge,10.8,XY,MW
2040-08-01 13:00:00,TRAN-PUB,store_discharge,3.6,XY,MW
2040-08-02 14:00:00,TRAN-PRV,store_discharge,0.0,XY,MW
2040-08-03 15:00:00,TRAN-PUB,store_discharge,0.0,XY,MW
2040-08-04 16:00:00,TRAN-PRV,store_discharge,0.0,XY,MW
2040-08-05 17:00:00,TRAN-PUB,store_discharge,0.0,XY,MW
2040-08-06 18:00:00,TRAN-PRV,store_discharge,0.0,XY,MW
2040-08-07 19:00:00,TRAN-PUB,store_discharge,0.0,XY,MW
2040-08-08 20:00:00,TRAN-PRV,store_discharge,0.0,XY,MW
2040-08-09 21:00:00,TRAN-PUB,store_discharge,0.0,XY,MW
2040-08-10 22:00:00,TRAN-PRV,store_discharge,0.0,XY,MW
2040-08-11 23:00:00,TRAN-PUB,store_discharge,0.0,XY,MW
2040-08-13 00:00:00,TRAN-PRV,store_discharge,0.0,XY,MW
2040-08-14 01:00:00,TRAN-PUB,store_discharge,0.0,XY,MW
2040-08-15 02:00:00,TRAN-PRV,store_discharge,0.0,XY,MW
2040-08-16 03:00:00,TRAN-PUB,store_discharge,0.0,XY,MW
2040-08-17 04:00:00,TRAN-PRV,store_discharge,0.0,XY,MW
2040-08-18 05:00:00,TRAN-PUB,store_discharge,0.0,XY,MW
2040-08-19 06:00:00,TRAN-PRV,store_discharge,0.0,XY,MW
2040-08-20 07:00:00,TRAN-PUB,store_discharge,0.0,XY,MW
2040-08-21 08:00:00,TRAN-PRV,store_discharge,0.0,XY,MW
2040-08-22 09:00:00,TRAN-PUB,store_discharge,0.0,XY,MW
2040-08-23 10:00:00,TRAN-PRV,store_discharge,0.0,XY,MW
2040-08-24 11:00:00,TRAN-PUB,store_discharge,0.0,XY,MW
2040-08-25 12:00:00,TRAN-PRV,store_discharge,0.0,XY,MW
2040-08-26 13:00:00,TRAN-PUB,store_discharge,0.0,XY,MW
2040-08-27 14:00:00,TRAN-PRV,store_discharge,0.0,XY,MW
2040-08-28 15:00:00,TRAN-PUB,store_discharge,0.0,XY,MW
2040-08-29 16:00:00,TRAN-PRV,store_discharge,0.0,XY,MW
2040-08-30 17:00:00,TRAN-PUB,store_discharge,0.0,XY,MW
2040-08-31 18:00:00,TRAN-PRV,store_discharge,0.0,XY,MW
2040-09-01 19:00:00,TRAN-PUB,store_discharge,0.0,XY,MW
2040-09-02 20:00:00,TRAN-PRV,store_discharge,0.0,XY,MW
2040-09-03 21:00:00,TRAN-PUB,store_discharge,0.0,XY,MW
2040-09-04 22:00:00,TRAN-PRV,store_discharge,0.0,XY,MW
2040-09-05 23:00:00,TRAN-PUB,store_discharge,0.0,XY,MW
2040-09-07 00:00:00,TRAN-PRV,store_discharge,0.0,XY,MW
2040-09-08 01:00:00,TRAN-PUB,store_discharge,0.0,XY,MW
2040-09-09 02:00:00,TRAN-PRV,store_discharge,0.0,XY,MW
2040-09-10 03:00:00,TRAN-PUB,store_discharge,0.0,XY,MW
2040-09-11 04:00:00,TRAN-PRV,store_discharge,0.0,XY,MW
2040-09-12 05:00:00,TRAN-PUB,store_discharge,0.0,XY,MW
2040-09-13 06:00:00,TRAN-PRV,store_discharge,0.0,XY,MW
2040-09-14 07:00:00,TRAN-PUB,store_discharge,0.0,XY,MW
2040-09-15 08:00:00,TRAN-PRV,store_discharge,0.0,XY,MW
2040-09-16 09:00:00,TRAN-PUB,store_discharge,0.0,XY,MW
2040-09-17 10:00:00,TRAN-PRV,store_discharge,-10.8,XY,MW
2040-09-18 11:00:00,TRAN-PUB,store_discharge,-3.6,XY,MW
2040-09-19 12:00:00,TRAN-PRV,store_discharge,10.8,XY,MW
2040-09-20 13:00:00,TRAN-PUB,store_discharge,3.6,XY,MW
2040-09-21 14:00:00,TRAN-PRV,store_discharge,0.0,XY,MW
2040-09-22 15:00:00,TRAN-PUB,store_discharge,0.0,XY,MW
2040-09-23 16:00:00,TRAN-PRV,store_discharge,0.0,XY,MW
2040-09-24 17:00:00,TRAN-PUB,store_discharge,0.0,XY,MW
2040-09-25 18:00:00,TRAN-PRV,store_discharge,0.0,XY,MW
2040-09-26 19:00:00,TRAN-PUB,store_discharge,0.0,XY,MW
2040-09-27 20:00:00,TRAN-PRV,store_discharge,0.0,XY,MW
2040-09-28 21:00:00,TRAN-PUB,store_discharge,0.0,XY,MW
2040-09-29 22:00:00,TRAN-PRV,store_discharge,0.0,XY,MW
2040-09-30 23:00:00,TRAN-PUB,store_discharge,0.0,XY,MW
2040-10-02 00:00:00,TRAN-PRV,store_discharge,0.0,XY,MW
2040-10-03 01:00:00,TRAN-PUB,store_discharge,0.0,XY,MW
2040-10-04 02:00:00,TRAN-PRV,store_discharge,0.0,XY,MW
2040-10-05 03:00:00,TRAN-PUB,store_discharge,0.0,XY,MW
2040-10-06 04:00:00,TRAN-PRV,store_discharge,0.0,XY,MW
2040-10-07 05:00:00,TRAN-PUB,store_discharge,0.0,XY,MW
2040-10-08 06:00:00,TRAN-PRV,store_discharge,0.0,XY,MW
2040-10-09 07:00:00,TRAN-PUB,store_discharge,0.0,XY,MW
2040-10-10 08:00:00,TRAN-PRV,store_discharge,0.0,XY,MW
2040-10-11 09:00:00,TRAN-PUB,store_discharge,0.0,XY,MW
2040-10-12 10:00:00,TRAN-PRV,store_discharge,0.0,XY,MW
2040-10-13 11:00:00,TRAN-PUB,store_discharge,0.0,XY,MW
2040-10-14 12:00:00,TRAN-PRV,store_discharge,0.0,XY,MW
2040-10-15 13:00:00,TRAN-PUB,store_discharge,0.0,XY,MW
2040-10-16 14:00:00,TRAN-PRV,store_discharge,0.0,XY,MW
2040-10-17 15:00:00,TRAN-PUB,store_discharge,0.0,XY,MW
2040-10-18 16:00:00,TRAN-PRV,store_discharge,0.0,XY,MW
2040-10-19 17:00:00,TRAN-PUB,store_discharge,0.0,XY,MW
2040-10-20 18:00:00,TRAN-PRV,store_discharge,0.0,XY,MW
2040-10-21 19:00:00,TRAN-PUB,store_discharge,0.0,XY,MW
2040-10-22 20:00:00,TRAN-PRV,store_discharge,0.0,XY,MW
2040-10-23 21:00:00,TRAN-PUB,store_discharge,0.0,XY,MW
2040-10-24 22:00:00,TRAN-PRV,store_discharge,0.0,XY,MW
2040-10-25 23:00:00,TRAN-PUB,store_discharge,0.0,XY,MW
2040-10-27 00:00:00,TRAN-PRV,store_discharge,0.0,XY,MW
2040-10-28 01:00:00,TRAN-PUB,store_discharge,0.0,XY,MW
2040-10-29 02:00:00,TRAN-PRV,store_discharge,0.0,XY,MW
2040-10-30 03:00:00,TRAN-PUB,store_discharge,0.0,XY,MW
2040-10-31 04:00:00,TRAN-PRV,store_discharge,0.0,XY,MW
2040-11-01 05:00:00,TRAN-PUB,store_discharge,0.0,XY,MW
2040-11-02 06:00:00,TRAN-PRV,store_discharge,0.0,XY,MW
2040-11-03 07:00:00,TRAN-PUB,store_discharge,0.0,XY,MW
2040-11-04 08:00:00,TRAN-PRV,store_discharge,0.0,XY,MW
2040-11-05 09:00:00,TRAN-PUB,store_discharge,0.0,XY,MW
2040-11-06 10:00:00,TRAN-PRV,store_discharge,-10.8,XY,MW
2040-11-07 11:00:00,TRAN-PUB,store_discharge,-3.6,XY,MW
2040-11-08 12:00:00,TRAN-PRV,store_discharge,10.8,XY,MW
2040-11-09 13:00:00,TRAN-PUB,store_discharge,3.6,XY,MW
2040-11-10 14:00:00,TRAN-PRV,store_discharge,0.0,XY,MW
2040-11-11 15:00:00,TRAN-PUB,store_discharge,0.0,XY,MW
2040-11-12 16:00:00,TRAN-PRV,store_discharge,0.0,XY,MW
2040-11-13 17:00:00,TRAN-PUB,store_discharge,0.0,XY,MW
2040-11-14 18:00:00,TRAN-PRV,store_discharge,0.0,XY,MW
2040-11-15 19:00:00,TRAN-PUB,store_discharge,0.0,XY,MW
2040-11-16 20:00:00,TRAN-PRV,store_discharge,0.0,XY,MW
2040-11-17 21:00:00,TRAN-PUB,store_discharge,0.0,XY,MW
2040-11-18 22:00:00,TRAN-PRV,store_discharge,0.0,XY,MW
2040-11-19 23:00:00,TRAN-PUB,store_discharge,0.0,XY,MW
2040-11-21 00:00:00,TRAN-PRV,store_discharge,0.0,XY,MW
2040-11-22 01:00:00,TRAN-PUB,store_discharge,0.0,XY,MW
2040-11-23 02:00:00,TRAN-PRV,store_discharge,0.0,XY,MW
2040-11-24 03:00:00,TRAN-PUB,store_discharge,0.0,XY,MW
2040-11-25 04:00:00,TRAN-PRV,store_discharge,0.0,XY,MW
2040-11-26 05:00:00,TRAN-PUB,store_discharge,0.0,XY,MW
2040-11-27 06:00:00,TRAN-PRV,store_discharge,0.0,XY,MW
2040-11-28 07:00:00,TRAN-PUB,store_discharge,0.0,XY,MW
2040-11-29 08:00:00,TRAN-PRV,store_discharge,0.0,XY,MW
2040-11-30 09:00:00,TRAN-PUB,store_discharge,0.0,XY,MW
2040-12-01 10:00:00,TRAN-PRV,store_discharge,0.0,XY,MW
2040-12-02 11:00:00,TRAN-PUB,store_discharge,0.0,XY,MW
2040-12-03 12:00:00,TRAN-PRV,store_discharge,0.0,XY,MW
2040-12-04 13:00:00,TRAN-PUB,store_discharge,0.0,XY,MW
2040-12-05 14:00:00,TRAN-PRV,store_discharge,0.0,XY,MW
2040-12-06 15:00:00,TRAN-PUB,store_discharge,0.0,XY,MW
2040-12-07 16:00:00,TRAN-PRV,store_discharge,0.0,XY,MW
2040-12-08 17:00:00,TRAN-PUB,store_discharge,0.0,XY,MW
2040-12-09 18:00:00,TRAN-PRV,store_discharge,0.0,XY,MW
2040-12-10 19:00:00,TRAN-PUB,store_discharge,0.0,XY,MW
2040-12-11 20:00:00,TRAN-PRV,store_discharge,0.0,XY,MW
2040-12-12 21:00:00,TRAN-PUB,store_discharge,0.0,XY,MW
2040-12-13 22:00:00,TRAN-PRV,store_discharge,0.0,XY,MW
2040-12-14 23:00:00,TRAN-PUB,store_discharge,0.0,XY,MW
2040-12-16 00:00:00,TRAN-PRV,store_discharge,0.0,XY,MW
2040-12-17 01:00:00,TRAN-PUB,store_discharge,0.0,XY,MW
2040-12-18 02:00:00,TRAN-PRV,store_discharge,0.0,XY,MW
2040-12-19 03:00:00,TRAN-PUB,store_discharge,0.0,XY,MW
2040-12-20 04:00:00,TRAN-PRV,store_discharge,0.0,XY,MW
2040-12-21 05:00:00,TRAN-PUB,store_discharge,0.0,XY,MW
2040-12-22 06:00:00,TRAN-PRV,store_discharge,0.0,XY,MW
2040-12-23 07:00:00,TRAN-PUB,store_discharge,0.0,XY,MW
2040-12-24 08:00:00,TRAN-PRV,store_discharge,0.0,XY,MW
2040-12-25 09:00:00,TRAN-PUB,store_discharge,0.0,XY,MW
2040-12-26 10:00:00,TRAN-PRV,store_discharge,0.0,XY,MW
2040-12-27 11:00:00,TRAN-PUB,store_discharge,0.0,XY,MW
2040-12-28 12:00:00,TRAN-PRV,store_discharge,-10.8,XY,MW
2040-12-29 13:00:00,TRAN-PUB,store_discharge,-3.6,XY,MW
2040-12-30 14:00:00,TRAN-PRV,store_discharge,10.8,XY,MW
2040-12-31 15:00:00,TRAN-PUB,store_discharge,3.6,XY,MW
2041-01-01 16:00:00,TRAN-PRV,store_discharge,0.0,XY,MW
2041-01-02 17:00:00,TRAN-PUB,store_discharge,0.0,XY,MW
2041-01-03 18:00:00,TRAN-PRV,store_discharge,0.0,XY,MW
2041-01-04 19:00:00,TRAN-PUB,store_discharge,0.0,XY,MW
2041-01-05 20:00:00,TRAN-PRV,store_discharge,0.0,XY,MW
2041-01-06 21:00:00,TRAN-PUB,store_discharge,0.0,XY,MW
2041-01-07 22:00:00,TRAN-PRV,store_discharge,0.0,XY,MW
2041-01-08 23:00:00,TRAN-PUB,store_discharge,0.0,XY,MW
2041-01-10 00:00:00,TRAN-PRV,store_discharge,0.0,XY,MW
2041-01-11 01:00:00,TRAN-PUB,store_discharge,0.0,XY,MW
2041-01-12 02:00:00,TRAN-PRV,store_discharge,0.0,XY,MW
2041-01-13 03:00:00,TRAN-PUB,store_discharge,0.0,XY,MW
2041-01-14 04:00:00,TRAN-PRV,store_discharge,0.0,XY,MW
2041-01-15 05:00:00,TRAN-PUB,store_discharge,0.0,XY,MW
2041-01-16 06:00:00,TRAN-PRV,store_discharge,0.0,XY,MW
2041-01-17 07:00:00,TRAN-PUB,store_discharge,0.0,XY,MW
2041-01-18 08:00:00,TRAN-PRV,store_discharge,0.0,XY,MW
2041-01-19 09:00:00,TRAN-PUB,store_discharge,0.0,XY,MW
2041-01-20 10:00:00,TRAN-PRV,store_discharge,0.0,XY,MW
2041-01-21 11:00:00,TRAN-PUB,store_discharge,0.0,XY,MW
2041-01-22 12:00:00,TRAN-PRV,store_discharge,0.0,XY,MW
2041-01-23 13:00:00,TRAN-PUB,store_discharge,0.0,XY,MW
2041-01-24 14:00:00,TRAN-PRV,store_discharge,0.0,XY,MW
2041-01-25 15:00:00,TRAN-PUB,store_discharge,0.0,XY,MW
2041-01-26 16:00:00,TRAN-PRV,store_discharge,0.0,XY,MW
2041-01-27 17:00:00,TRAN-PUB,store_discharge,0.0,XY,MW
2041-01-28 18:00:00,TRAN-PRV,store_discharge,0.0,XY,MW
2041-01-29 19:00:00,TRAN-PUB,store_discharge,0.0,XY,MW
2041-01-30 20:00:00,TRAN-PRV,store_discharge,0.0,XY,MW
2041-01-31 21:00:00,TRAN-PUB,store_discharge,0.0,XY,MW
2041-02-01 22:00:00,TRAN-PRV,store_discharge,0.0,XY,MW
2041-02-02 23:00:00,TRAN-PUB,store_discharge,0.0,XY,MW
2041-02-04 00:00:00,TRAN-PRV,store_discharge,0.0,XY,MW
2041-02-05 01:00:00,TRAN-PUB,store_discharge,0.0,XY,MW
2041-02-06 02:00:00,TRAN-PRV,store_discharge,0.0,XY,MW
2041-02-07 03:00:00,TRAN-PUB,store_discharge,0.0,XY,MW
2041-02-08 04:00:00,TRAN-PRV,store_discharge,0.0,XY,MW
2041-02-09 05:00:00,TRAN-PUB,store_discharge,0.0,XY,MW
2041-02-10 06:00:00,TRAN-PRV,store_discharge,0.0,XY,MW
2041-02-11 07:00:00,TRAN-PUB,store_discharge,0.0,XY,MW
2041-02-12 08:00:00,TRAN-PRV,store_discharge,0.0,XY,MW
2041-02-13 09:00:00,TRAN-PUB,store_discharge,0.0,XY,MW
2041-02-14 10:00:00,TRAN-PRV,store_discharge,0.0,XY,MW
2041-02-15 11:00:00,TRAN-PUB,store_discharge,0.0,XY,MW
2041-02-16 12:00:00,TRAN-PRV,store_discharge,-10.8,XY,MW
2041-02-17 13:00:00,TRAN-PUB,store_discharge,-3.6,XY,MW
2041-02-18 14:00:00,TRAN-PRV,store_discharge,10.8,XY,MW
2041-02-19 15:00:00,TRAN-PUB,store_discharge,3.6,XY,MW
2041-02-20 16:00:00,TRAN-PRV,store_discharge,0.0,XY,MW
2041-02-21 17:00:00,TRAN-PUB,store_discharge,0.0,XY,MW
2041-02-22 18:00:00,TRAN-PRV,store_discharge,0.0,XY,MW
2041-02-23 19:00:00,TRAN-PUB,store_discharge,0.0,XY,MW
2041-02-24 20:00:00,TRAN-PRV,store_discharge,0.0,XY,MW
2041-02-25 21:00:00,TRAN-PUB,store_discharge,0.0,XY,MW
2041-02-26 22:00:00,TRAN-PRV,store_discharge,0.0,XY,MW
2041-02-27 23:00:00,TRAN-PUB,store_discharge,0.0,XY,MW
2041-03-01 00:00:00,TRAN-PRV,store_discharge,0.0,XY,MW
2041-03-02 01:00:00,TRAN-PUB,store_discharge,0.0,XY,MW
2041-03-03 02:00:00,TRAN-PRV,store_discharge,0.0,XY,MW
2041-03-04 03:00:00,TRAN-PUB,store_discharge,0.0,XY,MW
2041-03-05 04:00:00,TRAN-PRV,store_discharge,0.0,XY,MW
2041-03-06 05:00:00,TRAN-PUB,store_discharge,0.0,XY,MW
2041-03-07 06:00:00,TRAN-PRV,store_discharge,0.0,XY,MW
2041-03-08 07:00:00,TRAN-PUB,store_discharge,0.0,XY,MW
2041-03-09 08:00:00,TRAN-PRV,store_discharge,0.0,XY,MW
2041-03-10 09:00:00,TRAN-PUB,store_discharge,0.0,XY,MW
2041-03-11 10:00:00,TRAN-PRV,store_discharge,0.0,XY,MW
2041-03-12 11:00:00,TRAN-PUB,store_discharge,0.0,XY,MW
2041-03-13 12:00:00,TRAN-PRV,store_discharge,0.0,XY,MW
2041-03-14 13:00:00,TRAN-PUB,store_discharge,0.0,XY,MW
2041-03-15 14:00:00,TRAN-PRV,store_discharge,0.0,XY,MW
2041-03-16 15:00:00,TRAN-PUB,store_discharge,0.0,XY,MW
2041-03-17 16:00:00,TRAN-PRV,store_discharge,0.0,XY,MW
2041-03-18 17:00:00,TRAN-PUB,store_discharge,0.0,XY,MW
2041-03-19 18:00:00,TRAN-PRV,store_discharge,0.0,XY,MW
2041-03-20 19:00:00,TRAN-PUB,store_discharge,0.0,XY,MW
2041-03-21 20:00:00,TRAN-PRV,store_discharge,0.0,XY,MW
2041-03-22 21:00:00,TRAN-PUB,store_discharge,0.0,XY,MW
2041-03-23 22:00:00,TRAN-PRV,store_discharge,0.0,XY,MW
2041-03-24 23:00:00,TRAN-PUB,store_discharge,0.0,XY,MW
2041-03-26 00:00:00,TRAN-PRV,store_discharge,0.0,XY,MW
2041-03-27 01:00:00,TRAN-PUB,store_discharge,0.0,XY,MW
2041-03-28 02:00:00,TRAN-PRV,store_discharge,0.0,XY,MW
2041-03-29 03:00:00,TRAN-PUB,store_discharge,0.0,XY,MW
2041-03-30 04:00:00,TRAN-PRV,store_discharge,0.0,XY,MW
2041-03-31 05:00:00,TRAN-PUB,store_discharge,0.0,XY,MW
2041-04-01 06:00:00,TRAN-PRV,store_discharge,0.0,XY,MW
2041-04-02 07:00:00,TRAN-PUB,store_discharge,0.0,XY,MW
2041-04-03 08:00:00,TRAN-PRV,store_discharge,0.0,XY,MW
2041-04-04 09:00:00,TRAN-PUB,store_discharge,0.0,XY,MW
2041-04-05 10:00:00,TRAN-PRV,store_discharge,0.0,XY,MW
2041-04-06 11:00:00,TRAN-PUB,store_discharge,0.0,XY,MW
2041-04-07 12:00:00,TRAN-PRV,store_discharge,-10.8,XY,MW
2041-04-08 13:00:00,TRAN-PUB,store_discharge,-3.6,XY,MW
2041-04-09 14:00:00,TRAN-PRV,store_discharge,10.8,XY,MW
2041-04-10 15:00:00,TRAN-PUB,store_discharge,3.6,XY,MW
2041-04-11 16:00:00,TRAN-PRV,store_discharge,0.0,XY,MW
2041-04-12 17:00:00,TRAN-PUB,store_discharge,0.0,XY,MW
2041-04-13 18:00:00,TRAN-PRV,store_discharge,0.0,XY,MW
2041-04-14 19:00:00,TRAN-PUB,store_discharge,0.0,XY,MW
2041-04-15 20:00:00,TRAN-PRV,store_discharge,0.0,XY,MW
2041-04-16 21:00:00,TRAN-PUB,store_discharge,0.0,XY,MW
2041-04-17 22:00:00,TRAN-PRV,store_discharge,0.0,XY,MW
2041-04-18 23:00:00,TRAN-PUB,store_discharge,0.0,XY,MW
2041-04-20 00:00:00,TRAN-PRV,store_discharge,0.0,XY,MW
2041-04-21 01:00:00,TRAN-PUB,store_discharge,0.0,XY,MW
2041-04-22 02:00:00,TRAN-PRV,store_discharge,0.0,XY,MW
2041-04-23 03:00:00,TRAN-PUB,store_discharge,0.0,XY,MW
2041-04-24 04:00:00,TRAN-PRV,store_discharge,0.0,XY,MW
2041-04-25 05:00:00,TRAN-PUB,store_discharge,0.0,XY,MW
2041-04-26 06:00:00,TRAN-PRV,store_discharge,0.0,XY,MW
2041-04-27 07:00:00,TRAN-PUB,store_discharge,0.0,XY,MW
2041-04-28 08:00:00,TRAN-PRV,store_discharge,0.0,XY,MW
2041-04-29 09:00:00,TRAN-PUB,store_discharge,0.0,XY,MW
2041-04-30 10:00:00,TRAN-PRV,store_discharge,0.0,XY,MW
2041-05-01 11:00:00,TRAN-PUB,store_discharge,0.0,XY,MW
2041-05-02 12:00:00,TRAN-PRV,store_discharge,0.0,XY,MW
2041-05-03 13:00:00,TRAN-PUB,store_discharge,0.0,XY,MW
2041-05-04 14:00:00,TRAN-PRV,store_discharge,0.0,XY,MW
2041-05-05 15:00:00,TRAN-PUB,store_discharge,0.0,XY,MW
2041-05-06 16:00:00,TRAN-PRV,store_discharge,0.0,XY,MW
2041-05-07 17:00:00,TRAN-PUB,store_discharge,0.0,XY,MW
2041-05-08 18:00:00,TRAN-PRV,store_discharge,0.0,XY,MW
2041-05-09 19:00:00,TRAN-PUB,store_discharge,0.0,XY,MW
2041-05-10 20:00:00,TRAN-PRV,store_discharge,0.0,XY,MW
2041-05-11 21:00:00,TRAN-PUB,store_discharge,0.0,XY,MW
2041-05-12 22:00:00,TRAN-PRV,store_discharge,0.0,XY,MW
2041-05-13 23:00:00,TRAN-PUB,store_discharge,0.0,XY,MW
2041-05-15 00:00:00,TRAN-PRV,store_discharge,0.0,XY,MW
2041-05-16 01:00:00,TRAN-PUB,store_discharge,0.0,XY,MW
2041-05-17 02:00:00,TRAN-PRV,store_discharge,0.0,XY,MW
2041-05-18 03:00:00,TRAN-PUB,store_discharge,0.0,XY,MW
2041-05-19 04:00:00,TRAN-PRV,store_discharge,0.0,XY,MW
2041-05-20 05:00:00,TRAN-PUB,store_discharge,0.0,XY,MW
2041-05-21 06:00:00,TRAN-PRV,store_discharge,0.0,XY,MW
2041-05-22 07:00:00,TRAN-PUB,store_discharge,0.0,XY,MW
2041-05-23 08:00:00,TRAN-PRV,store_discharge,0.0,XY,MW
2041-05-24 09:00:00,TRAN-PUB,store_discharge,0.0,XY,MW
2041-05-25 10:00:00,TRAN-PRV,store_discharge,0.0,XY,MW
2041-05-26 11:00:00,TRAN-PUB,store_discharge,0.0,XY,MW
2041-05-27 12:00:00,TRAN-PRV,store_discharge,-10.8,XY,MW
2041-05-28 13:00:00,TRAN-PUB,store_discharge,-3.6,XY,MW
2041-05-29 14:00:00,TRAN-PRV,store_discharge,10.8,XY,MW
2041-05-30 15:00:00,TRAN-PUB,store_discharge,3.6,XY,MW
2041-05-31 16:00:00,TRAN-PRV,store_discharge,0.0,XY,MW
2041-06-01 17:00:00,TRAN-PUB,store_discharge,0.0,XY,MW
2041-06-02 18:00:00,TRAN-PRV,store_discharge,0.0,XY,MW
2041-06-03 19:00:00,TRAN-PUB,store_discharge,0.0,XY,MW
2041-06-04 20:00:00,TRAN-PRV,store_discharge,0.0,XY,MW
2041-06-05 21:00:00,TRAN-PUB,store_discharge,0.0,XY,MW
2041-06-06 22:00:00,TRAN-PRV,store_discharge,0.0,XY,MW
2041-06-07 23:00:00,TRAN-PUB,store_discharge,0.0,XY,MW
2041-06-09 00:00:00,TRAN-PRV,store_discharge,0.0,XY,MW
2041-06-10 01:00:00,TRAN-PUB,store_discharge,0.0,XY,MW
2041-06-11 02:00:00,TRAN-PRV,store_discharge,0.0,XY,MW
2041-06-12 03:00:00,TRAN-PUB,store_discharge,0.0,XY,MW
2041-06-13 04:00:00,TRAN-PRV,store_discharge,0.0,XY,MW
2041-06-14 05:00:00,TRAN-PUB,store_discharge,0.0,XY,MW
2041-06-15 06:00:00,TRAN-PRV,store_discharge,0.0,XY,MW
2041-06-16 07:00:00,TRAN-PUB,store_discharge,0.0,XY,MW
2041-06-17 08:00:00,TRAN-PRV,store_discharge,0.0,XY,MW
2041-06-18 09:00:00,TRAN-PUB,store_discharge,0.0,XY,MW
2041-06-19 10:00:00,TRAN-PRV,store_discharge,0.0,XY,MW
2041-06-20 11:00:00,TRAN-PUB,store_discharge,0.0,XY,MW
2041-06-21 12:00:00,TRAN-PRV,store_discharge,0.0,XY,MW
2041-06-22 13:00:00,TRAN-PUB,store_discharge,0.0,XY,MW
2041-06-23 14:00:00,TRAN-PRV,store_discharge,0.0,XY,MW
2041-06-24 15:00:00,TRAN-PUB,store_discharge,0.0,XY,MW
2041-06-25 16:00:00,TRAN-PRV,store_discharge,0.0,XY,MW
2041-06-26 17:00:00,TRAN-PUB,store_discharge,0.0,XY,MW
2041-06-27 18:00:00,TRAN-PRV,store_discharge,0.0,XY,MW
2041-06-28 19:00:00,TRAN-PUB,store_discharge,0.0,XY,MW
2041-06-29 20:00:00,TRAN-PRV,store_discharge,0.0,XY,MW
2041-06-30 21:00:00,TRAN-PUB,store_discharge,0.0,XY,MW
2041-07-01 22:00:00,TRAN-PRV,store_discharge,0.0,XY,MW
2041-07-02 23:00:00,TRAN-PUB,store_discharge,0.0,XY,MW
2041-07-04 00:00:00,TRAN-PRV,store_discharge,0.0,XY,MW
2041-07-05 01:00:00,TRAN-PUB,store_discharge,0.0,XY,MW
2041-07-06 02:00:00,TRAN-PRV,store_discharge,0.0,XY,MW
2041-07-07 03:00:00,TRAN-PUB,store_discharge,0.0,XY,MW
2041-07-08 04:00:00,TRAN-PRV,store_discharge,0.0,XY,MW
2041-07-09 05:00:00,TRAN-PUB,store_discharge,0.0,XY,MW
2041-07-10 06:00:00,TRAN-PRV,store_discharge,0.0,XY,MW
2041-07-11 07:00:00,TRAN-PUB,store_discharge,0.0,XY,MW
2041-07-12 08:00:00,TRAN-PRV,store_discharge,0.0,XY,MW
2041-07-13 09:00:00,TRAN-PUB,store_discharge,0.0,XY,MW
2041-07-14 10:00:00,TRAN-PRV,store_discharge,0.0,XY,MW
2041-07-15 11:00:00,TRAN-PUB,store_discharge,0.0,XY,MW
2041-07-16 12:00:00,TRAN-PRV,store_discharge,-10.8,XY,MW
2041-07-17 13:00:00,TRAN-PUB,store_discharge,-3.6,XY,MW
2041-07-18 14:00:00,TRAN-PRV,store_discharge,10.8,XY,MW
2041-07-19 15:00:00,TRAN-PUB,store_discharge,3.6,XY,MW
2041-07-20 16:00:00,TRAN-PRV,store_discharge,0.0,XY,MW
2041-07-21 17:00:00,TRAN-PUB,store_discharge,0.0,XY,MW
2041-07-22 18:00:00,TRAN-PRV,store_discharge,0.0,XY,MW
2041-07-23 19:00:00,TRAN-PUB,store_discharge,0.0,XY,MW
2041-07-24 20:00:00,TRAN-PRV,store_discharge,0.0,XY,MW
2041-07-25 21:00:00,TRAN-PUB,store_discharge,0.0,XY,MW
2041-07-26 22:00:00,TRAN-PRV,store_discharge,0.0,XY,MW
2041-07-27 23:00:00,TRAN-PUB,store_discharge,0.0,XY,MW
2041-07-29 00:00:00,TRAN-PRV,store_discharge,0.0,XY,MW
2041-07-30 01:00:00,TRAN-PUB,store_discharge,0.0,XY,MW
2041-07-31 02:00:00,TRAN-PRV,store_discharge,0.0,XY,MW
2041-08-01 03:00:00,TRAN-PUB,store_discharge,0.0,XY,MW
2041-08-02 04:00:00,TRAN-PRV,store_discharge,0.0,XY,MW
2041-08-03 05:00:00,TRAN-PUB,store_discharge,0.0,XY,MW
2041-08-04 06:00:00,TRAN-PRV,store_discharge,0.0,XY,MW
2041-08-05 07:00:00,TRAN-PUB,store_discharge,0.0,XY,MW
2041-08-06 08:00:00,TRAN-PRV,store_discharge,0.0,XY,MW
2041-08-07 09:00:00,TRAN-PUB,store_discharge,0.0,XY,MW
2041-08-08 10:00:00,TRAN-PRV,store_discharge,0.0,XY,MW
2041-08-09 11:00:00,TRAN-PUB,store_discharge,0.0,XY,MW
2041-08-10 12:00:00,TRAN-PRV,store_discharge,0.0,XY,MW
2041-08-11 13:00:00,TRAN-PUB,store_discharge,0.0,XY,MW
2041-08-12 14:00:00,TRAN-PRV,store_discharge,0.0,XY,MW
2041-08-13 15:00:00,TRAN-PUB,store_discharge,0.0,XY,MW
2041-08-14 16:00:00,TRAN-PRV,store_discharge,0.0,XY,MW
2041-08-15 17:00:00,TRAN-PUB,store_discharge,0.0,XY,MW
2041-08-16 18:00:00,TRAN-PRV,store_discharge,0.0,XY,MW
2041-08-17 19:00:00,TRAN-PUB,store_discharge,0.0,XY,MW
2041-08-18 20:00:00,TRAN-PRV,store_discharge,0.0,XY,MW
2041-08-19 21:00:00,TRAN-PUB,store_discharge,0.0,XY,MW
2041-08-20 22:00:00,TRAN-PRV,store_discharge,0.0,XY,MW
2041-08-21 23:00:00,TRAN-PUB,store_discharge,0.0,XY,MW
2041-08-23 00:00:00,TRAN-PRV,store_discharge,0.0,XY,MW
2041-08-24 01:00:00,TRAN-PUB,store_discharge,0.0,XY,MW
2041-08-25 02:00:00,TRAN-PRV,store_discharge,0.0,XY,MW
2041-08-26 03:00:00,TRAN-PUB,store_discharge,0.0,XY,MW
2041-08-27 04:00:00,TRAN-PRV,store_discharge,0.0,XY,MW
2041-08-28 05:00:00,TRAN-PUB,store_discharge,0.0,XY,MW
2041-08-29 06:00:00,TRAN-PRV,store_discharge,0.0,XY,MW
2041-08-30 07:00:00,TRAN-PUB,store_discharge,0.0,XY,MW
2041-08-31 08:00:00,TRAN-PRV,store_discharge,0.0,XY,MW
2041-09-01 09:00:00,TRAN-PUB,store_discharge,0.0,XY,MW
2041-09-02 10:00:00,TRAN-PRV,store_discharge,0.0,XY,MW
2041-09-03 11:00:00,TRAN-PUB,store_discharge,0.0,XY,MW
2041-09-04 12:00:00,TRAN-PRV,store_discharge,0.0,XY,MW
2041-09-05 13:00:00,TRAN-PUB,store_discharge,0.0,XY,MW
2041-09-06 14:00:00,TRAN-PRV,store_discharge,-10.8,XY,MW
2041-09-07 15:00:00,TRAN-PUB,store_discharge,-3.6,XY,MW
2041-09-08 16:00:00,TRAN-PRV,store_discharge,10.8,XY,MW
2041-09-09 17:00:00,TRAN-PUB,store_discharge,3.6,XY,MW
2041-09-10 18:00:00,TRAN-PRV,store_discharge,0.0,XY,MW
2041-09-11 19:00:00,TRAN-PUB,store_discharge,0.0,XY,MW
2041-09-12 20:00:00,TRAN-PRV,store_discharge,0.0,XY,MW
2041-09-13 21:00:00,TRAN-PUB,store_discharge,0.0,XY,MW
2041-09-14 22:00:00,TRAN-PRV,store_discharge,0.0,XY,MW
2041-09-15 23:00:00,TRAN-PUB,store_discharge,0.0,XY,MW
2041-09-17 00:00:00,TRAN-PRV,store_discharge,0.0,XY,MW
2041-09-18 01:00:00,TRAN-PUB,store_discharge,0.0,XY,MW
2041-09-19 02:00:00,TRAN-PRV,store_discharge,0.0,XY,MW
2041-09-20 03:00:00,TRAN-PUB,store_discharge,0.0,XY,MW
2041-09-21 04:00:00,TRAN-PRV,store_discharge,0.0,XY,MW
2041-09-22 05:00:00,TRAN-PUB,store_discharge,0.0,XY,MW
2041-09-23 06:00:00,TRAN-PRV,store_discharge,0.0,XY,MW
2041-09-24 07:00:00,TRAN-PUB,store_discharge,0.0,XY,MW
2041-09-25 08:00:00,TRAN-PRV,store_discharge,0.0,XY,MW
2041-09-26 09:00:00,TRAN-PUB,store_discharge,0.0,XY,MW
2041-09-27 10:00:00,TRAN-PRV,store_discharge,0.0,XY,MW
2041-09-28 11:00:00,TRAN-PUB,store_discharge,0.0,XY,MW
2041-09-29 12:00:00,TRAN-PRV,store_discharge,0.0,XY,MW
2041-09-30 13:00:00,TRAN-PUB,store_discharge,0.0,XY,MW
2041-10-01 14:00:00,TRAN-PRV,store_discharge,0.0,XY,MW
2041-10-02 15:00:00,TRAN-PUB,store_discharge,0.0,XY,MW
2041-10-03 16:00:00,TRAN-PRV,store_discharge,0.0,XY,MW
2041-10-04 17:00:00,TRAN-PUB,store_discharge,0.0,XY,MW
2041-10-05 18:00:00,TRAN-PRV,store_discharge,0.0,XY,MW
2041-10-06 19:00:00,TRAN-PUB,store_discharge,0.0,XY,MW
2041-10-07 20:00:00,TRAN-PRV,store_discharge,0.0,XY,MW
2041-10-08 21:00:00,TRAN-PUB,store_discharge,0.0,XY,MW
2041-10-09 22:00:00,TRAN-PRV,store_discharge,0.0,XY,MW
2041-10-10 23:00:00,TRAN-PUB,store_discharge,0.0,XY,MW
2041-10-12 00:00:00,TRAN-PRV,store_discharge,0.0,XY,MW
2041-10-13 01:00:00,TRAN-PUB,store_discharge,0.0,XY,MW
2041-10-14 02:00:00,TRAN-PRV,store_discharge,0.0,XY,MW
2041-10-15 03:00:00,TRAN-PUB,store_discharge,0.0,XY,MW
2041-10-16 04:00:00,TRAN-PRV,store_discharge,0.0,XY,MW
2041-10-17 05:00:00,TRAN-PUB,store_discharge,0.0,XY,MW
2041-10-18 06:00:00,TRAN-PRV,store_discharge,0.0,XY,MW
2041-10-19 07:00:00,TRAN-PUB,store_discharge,0.0,XY,MW
2041-10-20 08:00:00,TRAN-PRV,store_discharge,0.0,XY,MW
2041-10-21 09:00:00,TRAN-PUB,store_discharge,0.0,XY,MW
2041-10-22 10:00:00,TRAN-PRV,store_discharge,0.0,XY,MW
2041-10-23 11:00:00,TRAN-PUB,store_discharge,0.0,XY,MW
2041-10-24 12:00:00,TRAN-PRV,store_discharge,0.0,XY,MW
2041-10-25 13:00:00,TRAN-PUB,store_discharge,0.0,XY,MW
2041-10-26 14:00:00,TRAN-PRV,store_discharge,-10.8,XY,MW
2041-10-27 15:00:00,TRAN-PUB,store_discharge,-3.6,XY,MW
2041-10-28 16:00:00,TRAN-PRV,store_discharge,10.8,XY,MW
2041-10-29 17:00:00,TRAN-PUB,store_discharge,3.6,XY,MW
2041-10-30 18:00:00,TRAN-PRV,store_discharge,0.0,XY,MW
2041-10-31 19:00:00,TRAN-PUB,store_discharge,0.0,XY,MW
2041-11-01 20:00:00,TRAN-PRV,store_discharge,0.0,XY,MW
2041-11-02 21:00:00,TRAN-PUB,store_discharge,0.0,XY,MW
2041-11-03 22:00:00,TRAN-PRV,store_discharge,0.0,XY,MW
2041-11-04 23:00:00,TRAN-PUB,store_discharge,0.0,XY,MW
2041-11-06 00:00:00,TRAN-PRV,store_discharge,0.0,XY,MW
2041-11-07 01:00:00,TRAN-PUB,store_discharge,0.0,XY,MW
2041-11-08 02:00:00,TRAN-PRV,store_discharge,0.0,XY,MW
2041-11-09 03:00:00,TRAN-PUB,store_discharge,0.0,XY,MW
2041-11-10 04:00:00,TRAN-PRV,store_discharge,0.0,XY,MW
2041-11-11 05:00:00,TRAN-PUB,store_discharge,0.0,XY,MW
2041-11-12 06:00:00,TRAN-PRV,store_discharge,0.0,XY,MW
2041-11-13 07:00:00,TRAN-PUB,store_discharge,0.0,XY,MW
2041-11-14 08:00:00,TRAN-PRV,store_discharge,0.0,XY,MW
2041-11-15 09:00:00,TRAN-PUB,store_discharge,0.0,XY,MW
2041-11-16 10:00:00,TRAN-PRV,store_discharge,0.0,XY,MW
2041-11-17 11:00:00,TRAN-PUB,store_discharge,0.0,XY,MW
2041-11-18 12:00:00,TRAN-PRV,store_discharge,0.0,XY,MW
2041-11-19 13:00:00,TRAN-PUB,store_discharge,0.0,XY,MW
2041-11-20 14:00:00,TRAN-PRV,store_discharge,0.0,XY,MW
2041-11-21 15:00:00,TRAN-PUB,store_discharge,0.0,XY,MW
2041-11-22 16:00:00,TRAN-PRV,store_discharge,0.0,XY,MW
2041-11-23 17:00:00,TRAN-PUB,store_discharge,0.0,XY,MW
2041-11-24 18:00:00,TRAN-PRV,store_discharge,0.0,XY,MW
2041-11-25 19:00:00,TRAN-PUB,store_discharge,0.0,XY,MW
2041-11-26 20:00:00,TRAN-PRV,store_discharge,0.0,XY,MW
2041-11-27 21:00:00,TRAN-PUB,store_discharge,0.0,XY,MW
2041-11-28 22:00:00,TRAN-PRV,store_discharge,0.0,XY,MW
2041-11-29 23:00:00,TRAN-PUB,store_discharge,0.0,XY,MW
2041-12-01 00:00:00,TRAN-PRV,store_discharge,0.0,XY,MW
2041-12-02 01:00:00,TRAN-PUB,store_discharge,0.0,XY,MW
2041-12-03 02:00:00,TRAN-PRV,store_discharge,0.0,XY,MW
2041-12-04 03:00:00,TRAN-PUB,store_discharge,0.0,XY,MW
2041-12-05 04:00:00,TRAN-PRV,store_discharge,0.0,XY,MW
2041-12-06 05:00:00,TRAN-PUB,store_discharge,0.0,XY,MW
2041-12-07 06:00:00,TRAN-PRV,store_discharge,0.0,XY,MW
2041-12-08 07:00:00,TRAN-PUB,store_discharge,0.0,XY,MW
2041-12-09 08:00:00,TRAN-PRV,store_discharge,0.0,XY,MW
2041-12-10 09:00:00,TRAN-PUB,store_discharge,0.0,XY,MW
2041-12-11 10:00:00,TRAN-PRV,store_discharge,0.0,XY,MW
2041-12-12 11:00:00,TRAN-PUB,store_discharge,0.0,XY,MW
2041-12-13 12:00:00,TRAN-PRV,store_discharge,0.0,XY,MW
2041-12-14 13:00:00,TRAN-PUB,store_discharge,0.0,XY,MW
2041-12-15 14:00:00,TRAN-PRV,store_discharge,-10.8,XY,MW
2041-12-16 15:00:00,TRAN-PUB,store_discharge,-3.6,XY,MW
2041-12-17 16:00:00,TRAN-PRV,store_discharge,10.8,XY,MW
2041-12-18 17:00:00,TRAN-PUB,store_discharge,3.6,XY,MW
2041-12-19 18:00:00,TRAN-PRV,store_discharge,-6.48,XY,MW
2041-12-20 19:00:00,TRAN-PUB,store_discharge,0.0,XY,MW
2041-12-21 20:00:00,TRAN-PRV,store_discharge,6.48,XY,MW
2041-12-22 21:00:00,TRAN-PUB,store_discharge,0.0,XY,MW
2041-12-23 22:00:00,TRAN-PRV,store_discharge,0.0,XY,MW
2041-12-24 23:00:00,TRAN-PUB,store_discharge,0.0,XY,MW
2041-12-26 00:00:00,TRAN-PRV,store_discharge,0.0,XY,MW
2041-12-27 01:00:00,TRAN-PUB,store_discharge,0.0,XY,MW
2041-12-28 02:00:00,TRAN-PRV,store_discharge,0.0,XY,MW
2041-12-29 03:00:00,TRAN-PUB,store_discharge,0.0,XY,MW
2041-12-30 04:00:00,TRAN-PRV,store_discharge,0.0,XY,MW
2041-12-31 05:00:00,TRAN-PUB,store_discharge,0.0,XY,MW
2042-01-01 06:00:00,TRAN-PRV,store_discharge,0.0,XY,MW
2042-01-02 07:00:00,TRAN-PUB,store_discharge,0.0,XY,MW
2040-01-01 00:00:00,TRAN-PRV,state_of_charge,360.0,XY,MW
2040-01-02 01:00:00,TRAN-PUB,state_of_charge,0.0,XY,MW
2040-01-03 02:00:00,TRAN-PRV,state_of_charge,0.0,XY,MW
2040-01-04 03:00:00,TRAN-PUB,state_of_charge,0.0,XY,MW
2040-01-05 04:00:00,TRAN-PRV,state_of_charge,0.0,XY,MW
2040-01-06 05:00:00,TRAN-PUB,state_of_charge,0.0,XY,MW
2040-01-07 06:00:00,TRAN-PRV,state_of_charge,0.0,XY,MW
2040-01-08 07:00:00,TRAN-PUB,state_of_charge,0.0,XY,MW
2040-01-09 08:00:00,TRAN-PRV,state_of_charge,0.0,XY,MW
2040-01-10 09:00:00,TRAN-PUB,state_of_charge,0.0,XY,MW
2040-01-11 10:00:00,TRAN-PRV,state_of_charge,0.0,XY,MW
2040-01-12 11:00:00,TRAN-PUB,state_of_charge,0.0,XY,MW
2040-01-13 12:00:00,TRAN-PRV,state_of_charge,270.0,XY,MW
2040-01-14 13:00:00,TRAN-PUB,state_of_charge,90.0,XY,MW
2040-01-15 14:00:00,TRAN-PRV,state_of_charge,0.0,XY,MW
2040-01-16 15:00:00,TRAN-PUB,state_of_charge,0.0,XY,MW
2040-01-17 16:00:00,TRAN-PRV,state_of_charge,0.0,XY,MW
2040-01-18 17:00:00,TRAN-PUB,state_of_charge,0.0,XY,MW
2040-01-19 18:00:00,TRAN-PRV,state_of_charge,0.0,XY,MW
2040-01-20 19:00:00,TRAN-PUB,state_of_charge,0.0,XY,MW
2040-01-21 20:00:00,TRAN-PRV,state_of_charge,0.0,XY,MW
2040-01-22 21:00:00,TRAN-PUB,state_of_charge,0.0,XY,MW
2040-01-23 22:00:00,TRAN-PRV,state_of_charge,0.0,XY,MW
2040-01-24 23:00:00,TRAN-PUB,state_of_charge,0.0,XY,MW
2040-01-26 00:00:00,TRAN-PRV,state_of_charge,0.0,XY,MW
2040-01-27 01:00:00,TRAN-PUB,state_of_charge,0.0,XY,MW
2040-01-28 02:00:00,TRAN-PRV,state_of_charge,0.0,XY,MW
2040-01-29 03:00:00,TRAN-PUB,state_of_charge,0.0,XY,MW
2040-01-30 04:00:00,TRAN-PRV,state_of_charge,0.0,XY,MW
2040-01-31 05:00:00,TRAN-PUB,state_of_charge,0.0,XY,MW
2040-02-01 06:00:00,TRAN-PRV,state_of_charge,0.0,XY,MW
2040-02-02 07:00:00,TRAN-PUB,state_of_charge,0.0,XY,MW
2040-02-03 08:00:00,TRAN-PRV,state_of_charge,0.0,XY,MW
2040-02-04 09:00:00,TRAN-PUB,state_of_charge,0.0,XY,MW
2040-02-05 10:00:00,TRAN-PRV,state_of_charge,0.0,XY,MW
2040-02-06 11:00:00,TRAN-PUB,state_of_charge,0.0,XY,MW
2040-02-07 12:00:00,TRAN-PRV,state_of_charge,0.0,XY,MW
2040-02-08 13:00:00,TRAN-PUB,state_of_charge,0.0,XY,MW
2040-02-09 14:00:00,TRAN-PRV,state_of_charge,0.0,XY,MW
2040-02-10 15:00:00,TRAN-PUB,state_of_charge,0.0,XY,MW
2040-02-11 16:00:00,TRAN-PRV,state_of_charge,0.0,XY,MW
2040-02-12 17:00:00,TRAN-PUB,state_of_charge,0.0,XY,MW
2040-02-13 18:00:00,TRAN-PRV,state_of_charge,0.0,XY,MW
2040-02-14 19:00:00,TRAN-PUB,state_of_charge,0.0,XY,MW
2040-02-15 20:00:00,TRAN-PRV,state_of_charge,0.0,XY,MW
2040-02-16 21:00:00,TRAN-PUB,state_of_charge,0.0,XY,MW
2040-02-17 22:00:00,TRAN-PRV,state_of_charge,0.0,XY,MW
2040-02-18 23:00:00,TRAN-PUB,state_of_charge,0.0,XY,MW
2040-02-20 00:00:00,TRAN-PRV,state_of_charge,0.0,XY,MW
2040-02-21 01:00:00,TRAN-PUB,state_of_charge,0.0,XY,MW
2040-02-22 02:00:00,TRAN-PRV,state_of_charge,0.0,XY,MW
2040-02-23 03:00:00,TRAN-PUB,state_of_charge,0.0,XY,MW
2040-02-24 04:00:00,TRAN-PRV,state_of_charge,0.0,XY,MW
2040-02-25 05:00:00,TRAN-PUB,state_of_charge,0.0,XY,MW
2040-02-26 06:00:00,TRAN-PRV,state_of_charge,0.0,XY,MW
2040-02-27 07:00:00,TRAN-PUB,state_of_charge,0.0,XY,MW
2040-02-28 08:00:00,TRAN-PRV,state_of_charge,0.0,XY,MW
2040-02-29 09:00:00,TRAN-PUB,state_of_charge,0.0,XY,MW
2040-03-01 10:00:00,TRAN-PRV,state_of_charge,0.0,XY,MW
2040-03-02 11:00:00,TRAN-PUB,state_of_charge,0.0,XY,MW
2040-03-03 12:00:00,TRAN-PRV,state_of_charge,270.0,XY,MW
2040-03-04 13:00:00,TRAN-PUB,state_of_charge,90.0,XY,MW
2040-03-05 14:00:00,TRAN-PRV,state_of_charge,0.0,XY,MW
2040-03-06 15:00:00,TRAN-PUB,state_of_charge,0.0,XY,MW
2040-03-07 16:00:00,TRAN-PRV,state_of_charge,0.0,XY,MW
2040-03-08 17:00:00,TRAN-PUB,state_of_charge,0.0,XY,MW
2040-03-09 18:00:00,TRAN-PRV,state_of_charge,0.0,XY,MW
2040-03-10 19:00:00,TRAN-PUB,state_of_charge,0.0,XY,MW
2040-03-11 20:00:00,TRAN-PRV,state_of_charge,0.0,XY,MW
2040-03-12 21:00:00,TRAN-PUB,state_of_charge,0.0,XY,MW
2040-03-13 22:00:00,TRAN-PRV,state_of_charge,0.0,XY,MW
2040-03-14 23:00:00,TRAN-PUB,state_of_charge,0.0,XY,MW
2040-03-16 00:00:00,TRAN-PRV,state_of_charge,0.0,XY,MW
2040-03-17 01:00:00,TRAN-PUB,state_of_charge,0.0,XY,MW
2040-03-18 02:00:00,TRAN-PRV,state_of_charge,0.0,XY,MW
2040-03-19 03:00:00,TRAN-PUB,state_of_charge,0.0,XY,MW
2040-03-20 04:00:00,TRAN-PRV,state_of_charge,0.0,XY,MW
2040-03-21 05:00:00,TRAN-PUB,state_of_charge,0.0,XY,MW
2040-03-22 06:00:00,TRAN-PRV,state_of_charge,0.0,XY,MW
2040-03-23 07:00:00,TRAN-PUB,state_of_charge,0.0,XY,MW
2040-03-24 08:00:00,TRAN-PRV,state_of_charge,0.0,XY,MW
2040-03-25 09:00:00,TRAN-PUB,state_of_charge,0.0,XY,MW
2040-03-26 10:00:00,TRAN-PRV,state_of_charge,0.0,XY,MW
2040-03-27 11:00:00,TRAN-PUB,state_of_charge,0.0,XY,MW
2040-03-28 12:00:00,TRAN-PRV,state_of_charge,0.0,XY,MW
2040-03-29 13:00:00,TRAN-PUB,state_of_charge,0.0,XY,MW
2040-03-30 14:00:00,TRAN-PRV,state_of_charge,0.0,XY,MW
2040-03-31 15:00:00,TRAN-PUB,state_of_charge,0.0,XY,MW
2040-04-01 16:00:00,TRAN-PRV,state_of_charge,0.0,XY,MW
2040-04-02 17:00:00,TRAN-PUB,state_of_charge,0.0,XY,MW
2040-04-03 18:00:00,TRAN-PRV,state_of_charge,0.0,XY,MW
2040-04-04 19:00:00,TRAN-PUB,state_of_charge,0.0,XY,MW
2040-04-05 20:00:00,TRAN-PRV,state_of_charge,0.0,XY,MW
2040-04-06 21:00:00,TRAN-PUB,state_of_charge,0.0,XY,MW
2040-04-07 22:00:00,TRAN-PRV,state_of_charge,0.0,XY,MW
2040-04-08 23:00:00,TRAN-PUB,state_of_charge,0.0,XY,MW
2040-04-10 00:00:00,TRAN-PRV,state_of_charge,0.0,XY,MW
2040-04-11 01:00:00,TRAN-PUB,state_of_charge,0.0,XY,MW
2040-04-12 02:00:00,TRAN-PRV,state_of_charge,0.0,XY,MW
2040-04-13 03:00:00,TRAN-PUB,state_of_charge,0.0,XY,MW
2040-04-14 04:00:00,TRAN-PRV,state_of_charge,0.0,XY,MW
2040-04-15 05:00:00,TRAN-PUB,state_of_charge,0.0,XY,MW
2040-04-16 06:00:00,TRAN-PRV,state_of_charge,0.0,XY,MW
2040-04-17 07:00:00,TRAN-PUB,state_of_charge,0.0,XY,MW
2040-04-18 08:00:00,TRAN-PRV,state_of_charge,0.0,XY,MW
2040-04-19 09:00:00,TRAN-PUB,state_of_charge,0.0,XY,MW
2040-04-20 10:00:00,TRAN-PRV,state_of_charge,0.0,XY,MW
2040-04-21 11:00:00,TRAN-PUB,state_of_charge,0.0,XY,MW
2040-04-22 12:00:00,TRAN-PRV,state_of_charge,270.0,XY,MW
2040-04-23 13:00:00,TRAN-PUB,state_of_charge,90.0,XY,MW
2040-04-24 14:00:00,TRAN-PRV,state_of_charge,0.0,XY,MW
2040-04-25 15:00:00,TRAN-PUB,state_of_charge,0.0,XY,MW
2040-04-26 16:00:00,TRAN-PRV,state_of_charge,0.0,XY,MW
2040-04-27 17:00:00,TRAN-PUB,state_of_charge,0.0,XY,MW
2040-04-28 18:00:00,TRAN-PRV,state_of_charge,0.0,XY,MW
2040-04-29 19:00:00,TRAN-PUB,state_of_charge,0.0,XY,MW
2040-04-30 20:00:00,TRAN-PRV,state_of_charge,0.0,XY,MW
2040-05-01 21:00:00,TRAN-PUB,state_of_charge,0.0,XY,MW
2040-05-02 22:00:00,TRAN-PRV,state_of_charge,0.0,XY,MW
2040-05-03 23:00:00,TRAN-PUB,state_of_charge,0.0,XY,MW
2040-05-05 00:00:00,TRAN-PRV,state_of_charge,0.0,XY,MW
2040-05-06 01:00:00,TRAN-PUB,state_of_charge,0.0,XY,MW
2040-05-07 02:00:00,TRAN-PRV,state_of_charge,0.0,XY,MW
2040-05-08 03:00:00,TRAN-PUB,state_of_charge,0.0,XY,MW
2040-05-09 04:00:00,TRAN-PRV,state_of_charge,0.0,XY,MW
2040-05-10 05:00:00,TRAN-PUB,state_of_charge,0.0,XY,MW
2040-05-11 06:00:00,TRAN-PRV,state_of_charge,0.0,XY,MW
2040-05-12 07:00:00,TRAN-PUB,state_of_charge,0.0,XY,MW
2040-05-13 08:00:00,TRAN-PRV,state_of_charge,0.0,XY,MW
2040-05-14 09:00:00,TRAN-PUB,state_of_charge,0.0,XY,MW
2040-05-15 10:00:00,TRAN-PRV,state_of_charge,0.0,XY,MW
2040-05-16 11:00:00,TRAN-PUB,state_of_charge,0.0,XY,MW
2040-05-17 12:00:00,TRAN-PRV,state_of_charge,0.0,XY,MW
2040-05-18 13:00:00,TRAN-PUB,state_of_charge,0.0,XY,MW
2040-05-19 14:00:00,TRAN-PRV,state_of_charge,0.0,XY,MW
2040-05-20 15:00:00,TRAN-PUB,state_of_charge,0.0,XY,MW
2040-05-21 16:00:00,TRAN-PRV,state_of_charge,0.0,XY,MW
2040-05-22 17:00:00,TRAN-PUB,state_of_charge,0.0,XY,MW
2040-05-23 18:00:00,TRAN-PRV,state_of_charge,0.0,XY,MW
2040-05-24 19:00:00,TRAN-PUB,state_of_charge,0.0,XY,MW
2040-05-25 20:00:00,TRAN-PRV,state_of_charge,0.0,XY,MW
2040-05-26 21:00:00,TRAN-PUB,state_of_charge,0.0,XY,MW
2040-05-27 22:00:00,TRAN-PRV,state_of_charge,0.0,XY,MW
2040-05-28 23:00:00,TRAN-PUB,state_of_charge,0.0,XY,MW
2040-05-30 00:00:00,TRAN-PRV,state_of_charge,0.0,XY,MW
2040-05-31 01:00:00,TRAN-PUB,state_of_charge,0.0,XY,MW
2040-06-01 02:00:00,TRAN-PRV,state_of_charge,0.0,XY,MW
2040-06-02 03:00:00,TRAN-PUB,state_of_charge,0.0,XY,MW
2040-06-03 04:00:00,TRAN-PRV,state_of_charge,0.0,XY,MW
2040-06-04 05:00:00,TRAN-PUB,state_of_charge,0.0,XY,MW
2040-06-05 06:00:00,TRAN-PRV,state_of_charge,0.0,XY,MW
2040-06-06 07:00:00,TRAN-PUB,state_of_charge,0.0,XY,MW
2040-06-07 08:00:00,TRAN-PRV,state_of_charge,0.0,XY,MW
2040-06-08 09:00:00,TRAN-PUB,state_of_charge,0.0,XY,MW
2040-06-09 10:00:00,TRAN-PRV,state_of_charge,0.0,XY,MW
2040-06-10 11:00:00,TRAN-PUB,state_of_charge,0.0,XY,MW
2040-06-11 12:00:00,TRAN-PRV,state_of_charge,270.0,XY,MW
2040-06-12 13:00:00,TRAN-PUB,state_of_charge,90.0,XY,MW
2040-06-13 14:00:00,TRAN-PRV,state_of_charge,0.0,XY,MW
2040-06-14 15:00:00,TRAN-PUB,state_of_charge,0.0,XY,MW
2040-06-15 16:00:00,TRAN-PRV,state_of_charge,0.0,XY,MW
2040-06-16 17:00:00,TRAN-PUB,state_of_charge,0.0,XY,MW
2040-06-17 18:00:00,TRAN-PRV,state_of_charge,0.0,XY,MW
2040-06-18 19:00:00,TRAN-PUB,state_of_charge,0.0,XY,MW
2040-06-19 20:00:00,TRAN-PRV,state_of_charge,0.0,XY,MW
2040-06-20 21:00:00,TRAN-PUB,state_of_charge,0.0,XY,MW
2040-06-21 22:00:00,TRAN-PRV,state_of_charge,0.0,XY,MW
2040-06-22 23:00:00,TRAN-PUB,state_of_charge,0.0,XY,MW
2040-06-24 00:00:00,TRAN-PRV,state_of_charge,0.0,XY,MW
2040-06-25 01:00:00,TRAN-PUB,state_of_charge,0.0,XY,MW
2040-06-26 02:00:00,TRAN-PRV,state_of_charge,0.0,XY,MW
2040-06-27 03:00:00,TRAN-PUB,state_of_charge,0.0,XY,MW
2040-06-28 04:00:00,TRAN-PRV,state_of_charge,0.0,XY,MW
2040-06-29 05:00:00,TRAN-PUB,state_of_charge,0.0,XY,MW
2040-06-30 06:00:00,TRAN-PRV,state_of_charge,0.0,XY,MW
2040-07-01 07:00:00,TRAN-PUB,state_of_charge,0.0,XY,MW
2040-07-02 08:00:00,TRAN-PRV,state_of_charge,0.0,XY,MW
2040-07-03 09:00:00,TRAN-PUB,state_of_charge,0.0,XY,MW
2040-07-04 10:00:00,TRAN-PRV,state_of_charge,0.0,XY,MW
2040-07-05 11:00:00,TRAN-PUB,state_of_charge,0.0,XY,MW
2040-07-06 12:00:00,TRAN-PRV,state_of_charge,0.0,XY,MW
2040-07-07 13:00:00,TRAN-PUB,state_of_charge,0.0,XY,MW
2040-07-08 14:00:00,TRAN-PRV,state_of_charge,0.0,XY,MW
2040-07-09 15:00:00,TRAN-PUB,state_of_charge,0.0,XY,MW
2040-07-10 16:00:00,TRAN-PRV,state_of_charge,0.0,XY,MW
2040-07-11 17:00:00,TRAN-PUB,state_of_charge,0.0,XY,MW
2040-07-12 18:00:00,TRAN-PRV,state_of_charge,0.0,XY,MW
2040-07-13 19:00:00,TRAN-PUB,state_of_charge,0.0,XY,MW
2040-07-14 20:00:00,TRAN-PRV,state_of_charge,0.0,XY,MW
2040-07-15 21:00:00,TRAN-PUB,state_of_charge,0.0,XY,MW
2040-07-16 22:00:00,TRAN-PRV,state_of_charge,0.0,XY,MW
2040-07-17 23:00:00,TRAN-PUB,state_of_charge,0.0,XY,MW
2040-07-19 00:00:00,TRAN-PRV,state_of_charge,0.0,XY,MW
2040-07-20 01:00:00,TRAN-PUB,state_of_charge,0.0,XY,MW
2040-07-21 02:00:00,TRAN-PRV,state_of_charge,0.0,XY,MW
2040-07-22 03:00:00,TRAN-PUB,state_of_charge,0.0,XY,MW
2040-07-23 04:00:00,TRAN-PRV,state_of_charge,0.0,XY,MW
2040-07-24 05:00:00,TRAN-PUB,state_of_charge,0.0,XY,MW
2040-07-25 06:00:00,TRAN-PRV,state_of_charge,0.0,XY,MW
2040-07-26 07:00:00,TRAN-PUB,state_of_charge,0.0,XY,MW
2040-07-27 08:00:00,TRAN-PRV,state_of_charge,0.0,XY,MW
2040-07-28 09:00:00,TRAN-PUB,state_of_charge,0.0,XY,MW
2040-07-29 10:00:00,TRAN-PRV,state_of_charge,270.0,XY,MW
2040-07-30 11:00:00,TRAN-PUB,state_of_charge,90.0,XY,MW
2040-07-31 12:00:00,TRAN-PRV,state_of_charge,0.0,XY,MW
2040-08-01 13:00:00,TRAN-PUB,state_of_charge,0.0,XY,MW
2040-08-02 14:00:00,TRAN-PRV,state_of_charge,0.0,XY,MW
2040-08-03 15:00:00,TRAN-PUB,state_of_charge,0.0,XY,MW
2040-08-04 16:00:00,TRAN-PRV,state_of_charge,0.0,XY,MW
2040-08-05 17:00:00,TRAN-PUB,state_of_charge,0.0,XY,MW
2040-08-06 18:00:00,TRAN-PRV,state_of_charge,0.0,XY,MW
2040-08-07 19:00:00,TRAN-PUB,state_of_charge,0.0,XY,MW
2040-08-08 20:00:00,TRAN-PRV,state_of_charge,0.0,XY,MW
2040-08-09 21:00:00,TRAN-PUB,state_of_charge,0.0,XY,MW
2040-08-10 22:00:00,TRAN-PRV,state_of_charge,0.0,XY,MW
2040-08-11 23:00:00,TRAN-PUB,state_of_charge,0.0,XY,MW
2040-08-13 00:00:00,TRAN-PRV,state_of_charge,0.0,XY,MW
2040-08-14 01:00:00,TRAN-PUB,state_of_charge,0.0,XY,MW
2040-08-15 02:00:00,TRAN-PRV,state_of_charge,0.0,XY,MW
2040-08-16 03:00:00,TRAN-PUB,state_of_charge,0.0,XY,MW
2040-08-17 04:00:00,TRAN-PRV,state_of_charge,0.0,XY,MW
2040-08-18 05:00:00,TRAN-PUB,state_of_charge,0.0,XY,MW
2040-08-19 06:00:00,TRAN-PRV,state_of_charge,0.0,XY,MW
2040-08-20 07:00:00,TRAN-PUB,state_of_charge,0.0,XY,MW
2040-08-21 08:00:00,TRAN-PRV,state_of_charge,0.0,XY,MW
2040-08-22 09:00:00,TRAN-PUB,state_of_charge,0.0,XY,MW
2040-08-23 10:00:00,TRAN-PRV,state_of_charge,0.0,XY,MW
2040-08-24 11:00:00,TRAN-PUB,state_of_charge,0.0,XY,MW
2040-08-25 12:00:00,TRAN-PRV,state_of_charge,0.0,XY,MW
2040-08-26 13:00:00,TRAN-PUB,state_of_charge,0.0,XY,MW
2040-08-27 14:00:00,TRAN-PRV,state_of_charge,0.0,XY,MW
2040-08-28 15:00:00,TRAN-PUB,state_of_charge,0.0,XY,MW
2040-08-29 16:00:00,TRAN-PRV,state_of_charge,0.0,XY,MW
2040-08-30 17:00:00,TRAN-PUB,state_of_charge,0.0,XY,MW
2040-08-31 18:00:00,TRAN-PRV,state_of_charge,0.0,XY,MW
2040-09-01 19:00:00,TRAN-PUB,state_of_charge,0.0,XY,MW
2040-09-02 20:00:00,TRAN-PRV,state_of_charge,0.0,XY,MW
2040-09-03 21:00:00,TRAN-PUB,state_of_charge,0.0,XY,MW
2040-09-04 22:00:00,TRAN-PRV,state_of_charge,0.0,XY,MW
2040-09-05 23:00:00,TRAN-PUB,state_of_charge,0.0,XY,MW
2040-09-07 00:00:00,TRAN-PRV,state_of_charge,0.0,XY,MW
2040-09-08 01:00:00,TRAN-PUB,state_of_charge,0.0,XY,MW
2040-09-09 02:00:00,TRAN-PRV,state_of_charge,0.0,XY,MW
2040-09-10 03:00:00,TRAN-PUB,state_of_charge,0.0,XY,MW
2040-09-11 04:00:00,TRAN-PRV,state_of_charge,0.0,XY,MW
2040-09-12 05:00:00,TRAN-PUB,state_of_charge,0.0,XY,MW
2040-09-13 06:00:00,TRAN-PRV,state_of_charge,0.0,XY,MW
2040-09-14 07:00:00,TRAN-PUB,state_of_charge,0.0,XY,MW
2040-09-15 08:00:00,TRAN-PRV,state_of_charge,0.0,XY,MW
2040-09-16 09:00:00,TRAN-PUB,state_of_charge,0.0,XY,MW
2040-09-17 10:00:00,TRAN-PRV,state_of_charge,270.0,XY,MW
2040-09-18 11:00:00,TRAN-PUB,state_of_charge,90.0,XY,MW
2040-09-19 12:00:00,TRAN-PRV,state_of_charge,0.0,XY,MW
2040-09-20 13:00:00,TRAN-PUB,state_of_charge,0.0,XY,MW
2040-09-21 14:00:00,TRAN-PRV,state_of_charge,0.0,XY,MW
2040-09-22 15:00:00,TRAN-PUB,state_of_charge,0.0,XY,MW
2040-09-23 16:00:00,TRAN-PRV,state_of_charge,0.0,XY,MW
2040-09-24 17:00:00,TRAN-PUB,state_of_charge,0.0,XY,MW
2040-09-25 18:00:00,TRAN-PRV,state_of_charge,0.0,XY,MW
2040-09-26 19:00:00,TRAN-PUB,state_of_charge,0.0,XY,MW
2040-09-27 20:00:00,TRAN-PRV,state_of_charge,0.0,XY,MW
2040-09-28 21:00:00,TRAN-PUB,state_of_charge,0.0,XY,MW
2040-09-29 22:00:00,TRAN-PRV,state_of_charge,0.0,XY,MW
2040-09-30 23:00:00,TRAN-PUB,state_of_charge,0.0,XY,MW
2040-10-02 00:00:00,TRAN-PRV,state_of_charge,0.0,XY,MW
2040-10-03 01:00:00,TRAN-PUB,state_of_charge,0.0,XY,MW
2040-10-04 02:00:00,TRAN-PRV,state_of_charge,0.0,XY,MW
2040-10-05 03:00:00,TRAN-PUB,state_of_charge,0.0,XY,MW
2040-10-06 04:00:00,TRAN-PRV,state_of_charge,0.0,XY,MW
2040-10-07 05:00:00,TRAN-PUB,state_of_charge,0.0,XY,MW
2040-10-08 06:00:00,TRAN-PRV,state_of_charge,0.0,XY,MW
2040-10-09 07:00:00,TRAN-PUB,state_of_charge,0.0,XY,MW
2040-10-10 08:00:00,TRAN-PRV,state_of_charge,0.0,XY,MW
2040-10-11 09:00:00,TRAN-PUB,state_of_charge,0.0,XY,MW
2040-10-12 10:00:00,TRAN-PRV,state_of_charge,0.0,XY,MW
2040-10-13 11:00:00,TRAN-PUB,state_of_charge,0.0,XY,MW
2040-10-14 12:00:00,TRAN-PRV,state_of_charge,0.0,XY,MW
2040-10-15 13:00:00,TRAN-PUB,state_of_charge,0.0,XY,MW
2040-10-16 14:00:00,TRAN-PRV,state_of_charge,0.0,XY,MW
2040-10-17 15:00:00,TRAN-PUB,state_of_charge,0.0,XY,MW
2040-10-18 16:00:00,TRAN-PRV,state_of_charge,0.0,XY,MW
2040-10-19 17:00:00,TRAN-PUB,state_of_charge,0.0,XY,MW
2040-10-20 18:00:00,TRAN-PRV,state_of_charge,0.0,XY,MW
2040-10-21 19:00:00,TRAN-PUB,state_of_charge,0.0,XY,MW
2040-10-22 20:00:00,TRAN-PRV,state_of_charge,0.0,XY,MW
2040-10-23 21:00:00,TRAN-PUB,state_of_charge,0.0,XY,MW
2040-10-24 22:00:00,TRAN-PRV,state_of_charge,0.0,XY,MW
2040-10-25 23:00:00,TRAN-PUB,state_of_charge,0.0,XY,MW
2040-10-27 00:00:00,TRAN-PRV,state_of_charge,0.0,XY,MW
2040-10-28 01:00:00,TRAN-PUB,state_of_charge,0.0,XY,MW
2040-10-29 02:00:00,TRAN-PRV,state_of_charge,0.0,XY,MW
2040-10-30 03:00:00,TRAN-PUB,state_of_charge,0.0,XY,MW
2040-10-31 04:00:00,TRAN-PRV,state_of_charge,0.0,XY,MW
2040-11-01 05:00:00,TRAN-PUB,state_of_charge,0.0,XY,MW
2040-11-02 06:00:00,TRAN-PRV,state_of_charge,0.0,XY,MW
2040-11-03 07:00:00,TRAN-PUB,state_of_charge,0.0,XY,MW
2040-11-04 08:00:00,TRAN-PRV,state_of_charge,0.0,XY,MW
2040-11-05 09:00:00,TRAN-PUB,state_of_charge,0.0,XY,MW
2040-11-06 10:00:00,TRAN-PRV,state_of_charge,270.0,XY,MW
2040-11-07 11:00:00,TRAN-PUB,state_of_charge,90.0,XY,MW
2040-11-08 12:00:00,TRAN-PRV,state_of_charge,0.0,XY,MW
2040-11-09 13:00:00,TRAN-PUB,state_of_charge,0.0,XY,MW
2040-11-10 14:00:00,TRAN-PRV,state_of_charge,0.0,XY,MW
2040-11-11 15:00:00,TRAN-PUB,state_of_charge,0.0,XY,MW
2040-11-12 16:00:00,TRAN-PRV,state_of_charge,0.0,XY,MW
2040-11-13 17:00:00,TRAN-PUB,state_of_charge,0.0,XY,MW
2040-11-14 18:00:00,TRAN-PRV,state_of_charge,0.0,XY,MW
2040-11-15 19:00:00,TRAN-PUB,state_of_charge,0.0,XY,MW
2040-11-16 20:00:00,TRAN-PRV,state_of_charge,0.0,XY,MW
2040-11-17 21:00:00,TRAN-PUB,state_of_charge,0.0,XY,MW
2040-11-18 22:00:00,TRAN-PRV,state_of_charge,0.0,XY,MW
2040-11-19 23:00:00,TRAN-PUB,state_of_charge,0.0,XY,MW
2040-11-21 00:00:00,TRAN-PRV,state_of_charge,0.0,XY,MW
2040-11-22 01:00:00,TRAN-PUB,state_of_charge,0.0,XY,MW
2040-11-23 02:00:00,TRAN-PRV,state_of_charge,0.0,XY,MW
2040-11-24 03:00:00,TRAN-PUB,state_of_charge,0.0,XY,MW
2040-11-25 04:00:00,TRAN-PRV,state_of_charge,0.0,XY,MW
2040-11-26 05:00:00,TRAN-PUB,state_of_charge,0.0,XY,MW
2040-11-27 06:00:00,TRAN-PRV,state_of_charge,0.0,XY,MW
2040-11-28 07:00:00,TRAN-PUB,state_of_charge,0.0,XY,MW
2040-11-29 08:00:00,TRAN-PRV,state_of_charge,0.0,XY,MW
2040-11-30 09:00:00,TRAN-PUB,state_of_charge,0.0,XY,MW
2040-12-01 10:00:00,TRAN-PRV,state_of_charge,0.0,XY,MW
2040-12-02 11:00:00,TRAN-PUB,state_of_charge,0.0,XY,MW
2040-12-03 12:00:00,TRAN-PRV,state_of_charge,0.0,XY,MW
2040-12-04 13:00:00,TRAN-PUB,state_of_charge,0.0,XY,MW
2040-12-05 14:00:00,TRAN-PRV,state_of_charge,0.0,XY,MW
2040-12-06 15:00:00,TRAN-PUB,state_of_charge,0.0,XY,MW
2040-12-07 16:00:00,TRAN-PRV,state_of_charge,0.0,XY,MW
2040-12-08 17:00:00,TRAN-PUB,state_of_charge,0.0,XY,MW
2040-12-09 18:00:00,TRAN-PRV,state_of_charge,0.0,XY,MW
2040-12-10 19:00:00,TRAN-PUB,state_of_charge,0.0,XY,MW
2040-12-11 20:00:00,TRAN-PRV,state_of_charge,0.0,XY,MW
2040-12-12 21:00:00,TRAN-PUB,state_of_charge,0.0,XY,MW
2040-12-13 22:00:00,TRAN-PRV,state_of_charge,0.0,XY,MW
2040-12-14 23:00:00,TRAN-PUB,state_of_charge,0.0,XY,MW
2040-12-16 00:00:00,TRAN-PRV,state_of_charge,0.0,XY,MW
2040-12-17 01:00:00,TRAN-PUB,state_of_charge,0.0,XY,MW
2040-12-18 02:00:00,TRAN-PRV,state_of_charge,0.0,XY,MW
2040-12-19 03:00:00,TRAN-PUB,state_of_charge,0.0,XY,MW
2040-12-20 04:00:00,TRAN-PRV,state_of_charge,0.0,XY,MW
2040-12-21 05:00:00,TRAN-PUB,state_of_charge,0.0,XY,MW
2040-12-22 06:00:00,TRAN-PRV,state_of_charge,0.0,XY,MW
2040-12-23 07:00:00,TRAN-PUB,state_of_charge,0.0,XY,MW
2040-12-24 08:00:00,TRAN-PRV,state_of_charge,0.0,XY,MW
2040-12-25 09:00:00,TRAN-PUB,state_of_charge,0.0,XY,MW
2040-12-26 10:00:00,TRAN-PRV,state_of_charge,0.0,XY,MW
2040-12-27 11:00:00,TRAN-PUB,state_of_charge,0.0,XY,MW
2040-12-28 12:00:00,TRAN-PRV,state_of_charge,270.0,XY,MW
2040-12-29 13:00:00,TRAN-PUB,state_of_charge,90.0,XY,MW
2040-12-30 14:00:00,TRAN-PRV,state_of_charge,0.0,XY,MW
2040-12-31 15:00:00,TRAN-PUB,state_of_charge,0.0,XY,MW
2041-01-01 16:00:00,TRAN-PRV,state_of_charge,0.0,XY,MW
2041-01-02 17:00:00,TRAN-PUB,state_of_charge,0.0,XY,MW
2041-01-03 18:00:00,TRAN-PRV,state_of_charge,0.0,XY,MW
2041-01-04 19:00:00,TRAN-PUB,state_of_charge,0.0,XY,MW
2041-01-05 20:00:00,TRAN-PRV,state_of_charge,0.0,XY,MW
2041-01-06 21:00:00,TRAN-PUB,state_of_charge,0.0,XY,MW
2041-01-07 22:00:00,TRAN-PRV,state_of_charge,0.0,XY,MW
2041-01-08 23:00:00,TRAN-PUB,state_of_charge,0.0,XY,MW
2041-01-10 00:00:00,TRAN-PRV,state_of_charge,0.0,XY,MW
2041-01-11 01:00:00,TRAN-PUB,state_of_charge,0.0,XY,MW
2041-01-12 02:00:00,TRAN-PRV,state_of_charge,0.0,XY,MW
2041-01-13 03:00:00,TRAN-PUB,state_of_charge,0.0,XY,MW
2041-01-14 04:00:00,TRAN-PRV,state_of_charge,0.0,XY,MW
2041-01-15 05:00:00,TRAN-PUB,state_of_charge,0.0,XY,MW
2041-01-16 06:00:00,TRAN-PRV,state_of_charge,0.0,XY,MW
2041-01-17 07:00:00,TRAN-PUB,state_of_charge,0.0,XY,MW
2041-01-18 08:00:00,TRAN-PRV,state_of_charge,0.0,XY,MW
2041-01-19 09:00:00,TRAN-PUB,state_of_charge,0.0,XY,MW
2041-01-20 10:00:00,TRAN-PRV,state_of_charge,0.0,XY,MW
2041-01-21 11:00:00,TRAN-PUB,state_of_charge,0.0,XY,MW
2041-01-22 12:00:00,TRAN-PRV,state_of_charge,0.0,XY,MW
2041-01-23 13:00:00,TRAN-PUB,state_of_charge,0.0,XY,MW
2041-01-24 14:00:00,TRAN-PRV,state_of_charge,0.0,XY,MW
2041-01-25 15:00:00,TRAN-PUB,state_of_charge,0.0,XY,MW
2041-01-26 16:00:00,TRAN-PRV,state_of_charge,0.0,XY,MW
2041-01-27 17:00:00,TRAN-PUB,state_of_charge,0.0,XY,MW
2041-01-28 18:00:00,TRAN-PRV,state_of_charge,0.0,XY,MW
2041-01-29 19:00:00,TRAN-PUB,state_of_charge,0.0,XY,MW
2041-01-30 20:00:00,TRAN-PRV,state_of_charge,0.0,XY,MW
2041-01-31 21:00:00,TRAN-PUB,state_of_charge,0.0,XY,MW
2041-02-01 22:00:00,TRAN-PRV,state_of_charge,0.0,XY,MW
2041-02-02 23:00:00,TRAN-PUB,state_of_charge,0.0,XY,MW
2041-02-04 00:00:00,TRAN-PRV,state_of_charge,0.0,XY,MW
2041-02-05 01:00:00,TRAN-PUB,state_of_charge,0.0,XY,MW
2041-02-06 02:00:00,TRAN-PRV,state_of_charge,0.0,XY,MW
2041-02-07 03:00:00,TRAN-PUB,state_of_charge,0.0,XY,MW
2041-02-08 04:00:00,TRAN-PRV,state_of_charge,0.0,XY,MW
2041-02-09 05:00:00,TRAN-PUB,state_of_charge,0.0,XY,MW
2041-02-10 06:00:00,TRAN-PRV,state_of_charge,0.0,XY,MW
2041-02-11 07:00:00,TRAN-PUB,state_of_charge,0.0,XY,MW
2041-02-12 08:00:00,TRAN-PRV,state_of_charge,0.0,XY,MW
2041-02-13 09:00:00,TRAN-PUB,state_of_charge,0.0,XY,MW
2041-02-14 10:00:00,TRAN-PRV,state_of_charge,0.0,XY,MW
2041-02-15 11:00:00,TRAN-PUB,state_of_charge,0.0,XY,MW
2041-02-16 12:00:00,TRAN-PRV,state_of_charge,270.0,XY,MW
2041-02-17 13:00:00,TRAN-PUB,state_of_charge,90.0,XY,MW
2041-02-18 14:00:00,TRAN-PRV,state_of_charge,0.0,XY,MW
2041-02-19 15:00:00,TRAN-PUB,state_of_charge,0.0,XY,MW
2041-02-20 16:00:00,TRAN-PRV,state_of_charge,0.0,XY,MW
2041-02-21 17:00:00,TRAN-PUB,state_of_charge,0.0,XY,MW
2041-02-22 18:00:00,TRAN-PRV,state_of_charge,0.0,XY,MW
2041-02-23 19:00:00,TRAN-PUB,state_of_charge,0.0,XY,MW
2041-02-24 20:00:00,TRAN-PRV,state_of_charge,0.0,XY,MW
2041-02-25 21:00:00,TRAN-PUB,state_of_charge,0.0,XY,MW
2041-02-26 22:00:00,TRAN-PRV,state_of_charge,0.0,XY,MW
2041-02-27 23:00:00,TRAN-PUB,state_of_charge,0.0,XY,MW
2041-03-01 00:00:00,TRAN-PRV,state_of_charge,0.0,XY,MW
2041-03-02 01:00:00,TRAN-PUB,state_of_charge,0.0,XY,MW
2041-03-03 02:00:00,TRAN-PRV,state_of_charge,0.0,XY,MW
2041-03-04 03:00:00,TRAN-PUB,state_of_charge,0.0,XY,MW
2041-03-05 04:00:00,TRAN-PRV,state_of_charge,0.0,XY,MW
2041-03-06 05:00:00,TRAN-PUB,state_of_charge,0.0,XY,MW
2041-03-07 06:00:00,TRAN-PRV,state_of_charge,0.0,XY,MW
2041-03-08 07:00:00,TRAN-PUB,state_of_charge,0.0,XY,MW
2041-03-09 08:00:00,TRAN-PRV,state_of_charge,0.0,XY,MW
2041-03-10 09:00:00,TRAN-PUB,state_of_charge,0.0,XY,MW
2041-03-11 10:00:00,TRAN-PRV,state_of_charge,0.0,XY,MW
2041-03-12 11:00:00,TRAN-PUB,state_of_charge,0.0,XY,MW
2041-03-13 12:00:00,TRAN-PRV,state_of_charge,0.0,XY,MW
2041-03-14 13:00:00,TRAN-PUB,state_of_charge,0.0,XY,MW
2041-03-15 14:00:00,TRAN-PRV,state_of_charge,0.0,XY,MW
2041-03-16 15:00:00,TRAN-PUB,state_of_charge,0.0,XY,MW
2041-03-17 16:00:00,TRAN-PRV,state_of_charge,0.0,XY,MW
2041-03-18 17:00:00,TRAN-PUB,state_of_charge,0.0,XY,MW
2041-03-19 18:00:00,TRAN-PRV,state_of_charge,0.0,XY,MW
2041-03-20 19:00:00,TRAN-PUB,state_of_charge,0.0,XY,MW
2041-03-21 20:00:00,TRAN-PRV,state_of_charge,0.0,XY,MW
2041-03-22 21:00:00,TRAN-PUB,state_of_charge,0.0,XY,MW
2041-03-23 22:00:00,TRAN-PRV,state_of_charge,0.0,XY,MW
2041-03-24 23:00:00,TRAN-PUB,state_of_charge,0.0,XY,MW
2041-03-26 00:00:00,TRAN-PRV,state_of_charge,0.0,XY,MW
2041-03-27 01:00:00,TRAN-PUB,state_of_charge,0.0,XY,MW
2041-03-28 02:00:00,TRAN-PRV,state_of_charge,0.0,XY,MW
2041-03-29 03:00:00,TRAN-PUB,state_of_charge,0.0,XY,MW
2041-03-30 04:00:00,TRAN-PRV,state_of_charge,0.0,XY,MW
2041-03-31 05:00:00,TRAN-PUB,state_of_charge,0.0,XY,MW
2041-04-01 06:00:00,TRAN-PRV,state_of_charge,0.0,XY,MW
2041-04-02 07:00:00,TRAN-PUB,state_of_charge,0.0,XY,MW
2041-04-03 08:00:00,TRAN-PRV,state_of_charge,0.0,XY,MW
2041-04-04 09:00:00,TRAN-PUB,state_of_charge,0.0,XY,MW
2041-04-05 10:00:00,TRAN-PRV,state_of_charge,0.0,XY,MW
2041-04-06 11:00:00,TRAN-PUB,state_of_charge,0.0,XY,MW
2041-04-07 12:00:00,TRAN-PRV,state_of_charge,270.0,XY,MW
2041-04-08 13:00:00,TRAN-PUB,state_of_charge,90.0,XY,MW
2041-04-09 14:00:00,TRAN-PRV,state_of_charge,0.0,XY,MW
2041-04-10 15:00:00,TRAN-PUB,state_of_charge,0.0,XY,MW
2041-04-11 16:00:00,TRAN-PRV,state_of_charge,0.0,XY,MW
2041-04-12 17:00:00,TRAN-PUB,state_of_charge,0.0,XY,MW
2041-04-13 18:00:00,TRAN-PRV,state_of_charge,0.0,XY,MW
2041-04-14 19:00:00,TRAN-PUB,state_of_charge,0.0,XY,MW
2041-04-15 20:00:00,TRAN-PRV,state_of_charge,0.0,XY,MW
2041-04-16 21:00:00,TRAN-PUB,state_of_charge,0.0,XY,MW
2041-04-17 22:00:00,TRAN-PRV,state_of_charge,0.0,XY,MW
2041-04-18 23:00:00,TRAN-PUB,state_of_charge,0.0,XY,MW
2041-04-20 00:00:00,TRAN-PRV,state_of_charge,0.0,XY,MW
2041-04-21 01:00:00,TRAN-PUB,state_of_charge,0.0,XY,MW
2041-04-22 02:00:00,TRAN-PRV,state_of_charge,0.0,XY,MW
2041-04-23 03:00:00,TRAN-PUB,state_of_charge,0.0,XY,MW
2041-04-24 04:00:00,TRAN-PRV,state_of_charge,0.0,XY,MW
2041-04-25 05:00:00,TRAN-PUB,state_of_charge,0.0,XY,MW
2041-04-26 06:00:00,TRAN-PRV,state_of_charge,0.0,XY,MW
2041-04-27 07:00:00,TRAN-PUB,state_of_charge,0.0,XY,MW
2041-04-28 08:00:00,TRAN-PRV,state_of_charge,0.0,XY,MW
2041-04-29 09:00:00,TRAN-PUB,state_of_charge,0.0,XY,MW
2041-04-30 10:00:00,TRAN-PRV,state_of_charge,0.0,XY,MW
2041-05-01 11:00:00,TRAN-PUB,state_of_charge,0.0,XY,MW
2041-05-02 12:00:00,TRAN-PRV,state_of_charge,0.0,XY,MW
2041-05-03 13:00:00,TRAN-PUB,state_of_charge,0.0,XY,MW
2041-05-04 14:00:00,TRAN-PRV,state_of_charge,0.0,XY,MW
2041-05-05 15:00:00,TRAN-PUB,state_of_charge,0.0,XY,MW
2041-05-06 16:00:00,TRAN-PRV,state_of_charge,0.0,XY,MW
2041-05-07 17:00:00,TRAN-PUB,state_of_charge,0.0,XY,MW
2041-05-08 18:00:00,TRAN-PRV,state_of_charge,0.0,XY,MW
2041-05-09 19:00:00,TRAN-PUB,state_of_charge,0.0,XY,MW
2041-05-10 20:00:00,TRAN-PRV,state_of_charge,0.0,XY,MW
2041-05-11 21:00:00,TRAN-PUB,state_of_charge,0.0,XY,MW
2041-05-12 22:00:00,TRAN-PRV,state_of_charge,0.0,XY,MW
2041-05-13 23:00:00,TRAN-PUB,state_of_charge,0.0,XY,MW
2041-05-15 00:00:00,TRAN-PRV,state_of_charge,0.0,XY,MW
2041-05-16 01:00:00,TRAN-PUB,state_of_charge,0.0,XY,MW
2041-05-17 02:00:00,TRAN-PRV,state_of_charge,0.0,XY,MW
2041-05-18 03:00:00,TRAN-PUB,state_of_charge,0.0,XY,MW
2041-05-19 04:00:00,TRAN-PRV,state_of_charge,0.0,XY,MW
2041-05-20 05:00:00,TRAN-PUB,state_of_charge,0.0,XY,MW
2041-05-21 06:00:00,TRAN-PRV,state_of_charge,0.0,XY,MW
2041-05-22 07:00:00,TRAN-PUB,state_of_charge,0.0,XY,MW
2041-05-23 08:00:00,TRAN-PRV,state_of_charge,0.0,XY,MW
2041-05-24 09:00:00,TRAN-PUB,state_of_charge,0.0,XY,MW
2041-05-25 10:00:00,TRAN-PRV,state_of_charge,0.0,XY,MW
2041-05-26 11:00:00,TRAN-PUB,state_of_charge,0.0,XY,MW
2041-05-27 12:00:00,TRAN-PRV,state_of_charge,270.0,XY,MW
2041-05-28 13:00:00,TRAN-PUB,state_of_charge,90.0,XY,MW
2041-05-29 14:00:00,TRAN-PRV,state_of_charge,0.0,XY,MW
2041-05-30 15:00:00,TRAN-PUB,state_of_charge,0.0,XY,MW
2041-05-31 16:00:00,TRAN-PRV,state_of_charge,0.0,XY,MW
2041-06-01 17:00:00,TRAN-PUB,state_of_charge,0.0,XY,MW
2041-06-02 18:00:00,TRAN-PRV,state_of_charge,0.0,XY,MW
2041-06-03 19:00:00,TRAN-PUB,state_of_charge,0.0,XY,MW
2041-06-04 20:00:00,TRAN-PRV,state_of_charge,0.0,XY,MW
2041-06-05 21:00:00,TRAN-PUB,state_of_charge,0.0,XY,MW
2041-06-06 22:00:00,TRAN-PRV,state_of_charge,0.0,XY,MW
2041-06-07 23:00:00,TRAN-PUB,state_of_charge,0.0,XY,MW
2041-06-09 00:00:00,TRAN-PRV,state_of_charge,0.0,XY,MW
2041-06-10 01:00:00,TRAN-PUB,state_of_charge,0.0,XY,MW
2041-06-11 02:00:00,TRAN-PRV,state_of_charge,0.0,XY,MW
2041-06-12 03:00:00,TRAN-PUB,state_of_charge,0.0,XY,MW
2041-06-13 04:00:00,TRAN-PRV,state_of_charge,0.0,XY,MW
2041-06-14 05:00:00,TRAN-PUB,state_of_charge,0.0,XY,MW
2041-06-15 06:00:00,TRAN-PRV,state_of_charge,0.0,XY,MW
2041-06-16 07:00:00,TRAN-PUB,state_of_charge,0.0,XY,MW
2041-06-17 08:00:00,TRAN-PRV,state_of_charge,0.0,XY,MW
2041-06-18 09:00:00,TRAN-PUB,state_of_charge,0.0,XY,MW
2041-06-19 10:00:00,TRAN-PRV,state_of_charge,0.0,XY,MW
2041-06-20 11:00:00,TRAN-PUB,state_of_charge,0.0,XY,MW
2041-06-21 12:00:00,TRAN-PRV,state_of_charge,0.0,XY,MW
2041-06-22 13:00:00,TRAN-PUB,state_of_charge,0.0,XY,MW
2041-06-23 14:00:00,TRAN-PRV,state_of_charge,0.0,XY,MW
2041-06-24 15:00:00,TRAN-PUB,state_of_charge,0.0,XY,MW
2041-06-25 16:00:00,TRAN-PRV,state_of_charge,0.0,XY,MW
2041-06-26 17:00:00,TRAN-PUB,state_of_charge,0.0,XY,MW
2041-06-27 18:00:00,TRAN-PRV,state_of_charge,0.0,XY,MW
2041-06-28 19:00:00,TRAN-PUB,state_of_charge,0.0,XY,MW
2041-06-29 20:00:00,TRAN-PRV,state_of_charge,0.0,XY,MW
2041-06-30 21:00:00,TRAN-PUB,state_of_charge,0.0,XY,MW
2041-07-01 22:00:00,TRAN-PRV,state_of_charge,0.0,XY,MW
2041-07-02 23:00:00,TRAN-PUB,state_of_charge,0.0,XY,MW
2041-07-04 00:00:00,TRAN-PRV,state_of_charge,0.0,XY,MW
2041-07-05 01:00:00,TRAN-PUB,state_of_charge,0.0,XY,MW
2041-07-06 02:00:00,TRAN-PRV,state_of_charge,0.0,XY,MW
2041-07-07 03:00:00,TRAN-PUB,state_of_charge,0.0,XY,MW
2041-07-08 04:00:00,TRAN-PRV,state_of_charge,0.0,XY,MW
2041-07-09 05:00:00,TRAN-PUB,state_of_charge,0.0,XY,MW
2041-07-10 06:00:00,TRAN-PRV,state_of_charge,0.0,XY,MW
2041-07-11 07:00:00,TRAN-PUB,state_of_charge,0.0,XY,MW
2041-07-12 08:00:00,TRAN-PRV,state_of_charge,0.0,XY,MW
2041-07-13 09:00:00,TRAN-PUB,state_of_charge,0.0,XY,MW
2041-07-14 10:00:00,TRAN-PRV,state_of_charge,0.0,XY,MW
2041-07-15 11:00:00,TRAN-PUB,state_of_charge,0.0,XY,MW
2041-07-16 12:00:00,TRAN-PRV,state_of_charge,270.0,XY,MW
2041-07-17 13:00:00,TRAN-PUB,state_of_charge,90.0,XY,MW
2041-07-18 14:00:00,TRAN-PRV,state_of_charge,0.0,XY,MW
2041-07-19 15:00:00,TRAN-PUB,state_of_charge,0.0,XY,MW
2041-07-20 16:00:00,TRAN-PRV,state_of_charge,0.0,XY,MW
2041-07-21 17:00:00,TRAN-PUB,state_of_charge,0.0,XY,MW
2041-07-22 18:00:00,TRAN-PRV,state_of_charge,0.0,XY,MW
2041-07-23 19:00:00,TRAN-PUB,state_of_charge,0.0,XY,MW
2041-07-24 20:00:00,TRAN-PRV,state_of_charge,0.0,XY,MW
2041-07-25 21:00:00,TRAN-PUB,state_of_charge,0.0,XY,MW
2041-07-26 22:00:00,TRAN-PRV,state_of_charge,0.0,XY,MW
2041-07-27 23:00:00,TRAN-PUB,state_of_charge,0.0,XY,MW
2041-07-29 00:00:00,TRAN-PRV,state_of_charge,0.0,XY,MW
2041-07-30 01:00:00,TRAN-PUB,state_of_charge,0.0,XY,MW
2041-07-31 02:00:00,TRAN-PRV,state_of_charge,0.0,XY,MW
2041-08-01 03:00:00,TRAN-PUB,state_of_charge,0.0,XY,MW
2041-08-02 04:00:00,TRAN-PRV,state_of_charge,0.0,XY,MW
2041-08-03 05:00:00,TRAN-PUB,state_of_charge,0.0,XY,MW
2041-08-04 06:00:00,TRAN-PRV,state_of_charge,0.0,XY,MW
2041-08-05 07:00:00,TRAN-PUB,state_of_charge,0.0,XY,MW
2041-08-06 08:00:00,TRAN-PRV,state_of_charge,0.0,XY,MW
2041-08-07 09:00:00,TRAN-PUB,state_of_charge,0.0,XY,MW
2041-08-08 10:00:00,TRAN-PRV,state_of_charge,0.0,XY,MW
2041-08-09 11:00:00,TRAN-PUB,state_of_charge,0.0,XY,MW
2041-08-10 12:00:00,TRAN-PRV,state_of_charge,0.0,XY,MW
2041-08-11 13:00:00,TRAN-PUB,state_of_charge,0.0,XY,MW
2041-08-12 14:00:00,TRAN-PRV,state_of_charge,0.0,XY,MW
2041-08-13 15:00:00,TRAN-PUB,state_of_charge,0.0,XY,MW
2041-08-14 16:00:00,TRAN-PRV,state_of_charge,0.0,XY,MW
2041-08-15 17:00:00,TRAN-PUB,state_of_charge,0.0,XY,MW
2041-08-16 18:00:00,TRAN-PRV,state_of_charge,0.0,XY,MW
2041-08-17 19:00:00,TRAN-PUB,state_of_charge,0.0,XY,MW
2041-08-18 20:00:00,TRAN-PRV,state_of_charge,0.0,XY,MW
2041-08-19 21:00:00,TRAN-PUB,state_of_charge,0.0,XY,MW
2041-08-20 22:00:00,TRAN-PRV,state_of_charge,0.0,XY,MW
2041-08-21 23:00:00,TRAN-PUB,state_of_charge,0.0,XY,MW
2041-08-23 00:00:00,TRAN-PRV,state_of_charge,0.0,XY,MW
2041-08-24 01:00:00,TRAN-PUB,state_of_charge,0.0,XY,MW
2041-08-25 02:00:00,TRAN-PRV,state_of_charge,0.0,XY,MW
2041-08-26 03:00:00,TRAN-PUB,state_of_charge,0.0,XY,MW
2041-08-27 04:00:00,TRAN-PRV,state_of_charge,0.0,XY,MW
2041-08-28 05:00:00,TRAN-PUB,state_of_charge,0.0,XY,MW
2041-08-29 06:00:00,TRAN-PRV,state_of_charge,0.0,XY,MW
2041-08-30 07:00:00,TRAN-PUB,state_of_charge,0.0,XY,MW
2041-08-31 08:00:00,TRAN-PRV,state_of_charge,0.0,XY,MW
2041-09-01 09:00:00,TRAN-PUB,state_of_charge,0.0,XY,MW
2041-09-02 10:00:00,TRAN-PRV,state_of_charge,0.0,XY,MW
2041-09-03 11:00:00,TRAN-PUB,state_of_charge,0.0,XY,MW
2041-09-04 12:00:00,TRAN-PRV,state_of_charge,0.0,XY,MW
2041-09-05 13:00:00,TRAN-PUB,state_of_charge,0.0,XY,MW
2041-09-06 14:00:00,TRAN-PRV,state_of_charge,270.0,XY,MW
2041-09-07 15:00:00,TRAN-PUB,state_of_charge,90.0,XY,MW
2041-09-08 16:00:00,TRAN-PRV,state_of_charge,0.0,XY,MW
2041-09-09 17:00:00,TRAN-PUB,state_of_charge,0.0,XY,MW
2041-09-10 18:00:00,TRAN-PRV,state_of_charge,0.0,XY,MW
2041-09-11 19:00:00,TRAN-PUB,state_of_charge,0.0,XY,MW
2041-09-12 20:00:00,TRAN-PRV,state_of_charge,0.0,XY,MW
2041-09-13 21:00:00,TRAN-PUB,state_of_charge,0.0,XY,MW
2041-09-14 22:00:00,TRAN-PRV,state_of_charge,0.0,XY,MW
2041-09-15 23:00:00,TRAN-PUB,state_of_charge,0.0,XY,MW
2041-09-17 00:00:00,TRAN-PRV,state_of_charge,0.0,XY,MW
2041-09-18 01:00:00,TRAN-PUB,state_of_charge,0.0,XY,MW
2041-09-19 02:00:00,TRAN-PRV,state_of_charge,0.0,XY,MW
2041-09-20 03:00:00,TRAN-PUB,state_of_charge,0.0,XY,MW
2041-09-21 04:00:00,TRAN-PRV,state_of_charge,0.0,XY,MW
2041-09-22 05:00:00,TRAN-PUB,state_of_charge,0.0,XY,MW
2041-09-23 06:00:00,TRAN-PRV,state_of_charge,0.0,XY,MW
2041-09-24 07:00:00,TRAN-PUB,state_of_charge,0.0,XY,MW
2041-09-25 08:00:00,TRAN-PRV,state_of_charge,0.0,XY,MW
2041-09-26 09:00:00,TRAN-PUB,state_of_charge,0.0,XY,MW
2041-09-27 10:00:00,TRAN-PRV,state_of_charge,0.0,XY,MW
2041-09-28 11:00:00,TRAN-PUB,state_of_charge,0.0,XY,MW
2041-09-29 12:00:00,TRAN-PRV,state_of_charge,0.0,XY,MW
2041-09-30 13:00:00,TRAN-PUB,state_of_charge,0.0,XY,MW
2041-10-01 14:00:00,TRAN-PRV,state_of_charge,0.0,XY,MW
2041-10-02 15:00:00,TRAN-PUB,state_of_charge,0.0,XY,MW
2041-10-03 16:00:00,TRAN-PRV,state_of_charge,0.0,XY,MW
2041-10-04 17:00:00,TRAN-PUB,state_of_charge,0.0,XY,MW
2041-10-05 18:00:00,TRAN-PRV,state_of_charge,0.0,XY,MW
2041-10-06 19:00:00,TRAN-PUB,state_of_charge,0.0,XY,MW
2041-10-07 20:00:00,TRAN-PRV,state_of_charge,0.0,XY,MW
2041-10-08 21:00:00,TRAN-PUB,state_of_charge,0.0,XY,MW
2041-10-09 22:00:00,TRAN-PRV,state_of_charge,0.0,XY,MW
2041-10-10 23:00:00,TRAN-PUB,state_of_charge,0.0,XY,MW
2041-10-12 00:00:00,TRAN-PRV,state_of_charge,0.0,XY,MW
2041-10-13 01:00:00,TRAN-PUB,state_of_charge,0.0,XY,MW
2041-10-14 02:00:00,TRAN-PRV,state_of_charge,0.0,XY,MW
2041-10-15 03:00:00,TRAN-PUB,state_of_charge,0.0,XY,MW
2041-10-16 04:00:00,TRAN-PRV,state_of_charge,0.0,XY,MW
2041-10-17 05:00:00,TRAN-PUB,state_of_charge,0.0,XY,MW
2041-10-18 06:00:00,TRAN-PRV,state_of_charge,0.0,XY,MW
2041-10-19 07:00:00,TRAN-PUB,state_of_charge,0.0,XY,MW
2041-10-20 08:00:00,TRAN-PRV,state_of_charge,0.0,XY,MW
2041-10-21 09:00:00,TRAN-PUB,state_of_charge,0.0,XY,MW
2041-10-22 10:00:00,TRAN-PRV,state_of_charge,0.0,XY,MW
2041-10-23 11:00:00,TRAN-PUB,state_of_charge,0.0,XY,MW
2041-10-24 12:00:00,TRAN-PRV,state_of_charge,0.0,XY,MW
2041-10-25 13:00:00,TRAN-PUB,state_of_charge,0.0,XY,MW
2041-10-26 14:00:00,TRAN-PRV,state_of_charge,270.0,XY,MW
2041-10-27 15:00:00,TRAN-PUB,state_of_charge,90.0,XY,MW
2041-10-28 16:00:00,TRAN-PRV,state_of_charge,0.0,XY,MW
2041-10-29 17:00:00,TRAN-PUB,state_of_charge,0.0,XY,MW
2041-10-30 18:00:00,TRAN-PRV,state_of_charge,0.0,XY,MW
2041-10-31 19:00:00,TRAN-PUB,state_of_charge,0.0,XY,MW
2041-11-01 20:00:00,TRAN-PRV,state_of_charge,0.0,XY,MW
2041-11-02 21:00:00,TRAN-PUB,state_of_charge,0.0,XY,MW
2041-11-03 22:00:00,TRAN-PRV,state_of_charge,0.0,XY,MW
2041-11-04 23:00:00,TRAN-PUB,state_of_charge,0.0,XY,MW
2041-11-06 00:00:00,TRAN-PRV,state_of_charge,0.0,XY,MW
2041-11-07 01:00:00,TRAN-PUB,state_of_charge,0.0,XY,MW
2041-11-08 02:00:00,TRAN-PRV,state_of_charge,0.0,XY,MW
2041-11-09 03:00:00,TRAN-PUB,state_of_charge,0.0,XY,MW
2041-11-10 04:00:00,TRAN-PRV,state_of_charge,0.0,XY,MW
2041-11-11 05:00:00,TRAN-PUB,state_of_charge,0.0,XY,MW
2041-11-12 06:00:00,TRAN-PRV,state_of_charge,0.0,XY,MW
2041-11-13 07:00:00,TRAN-PUB,state_of_charge,0.0,XY,MW
2041-11-14 08:00:00,TRAN-PRV,state_of_charge,0.0,XY,MW
2041-11-15 09:00:00,TRAN-PUB,state_of_charge,0.0,XY,MW
2041-11-16 10:00:00,TRAN-PRV,state_of_charge,0.0,XY,MW
2041-11-17 11:00:00,TRAN-PUB,state_of_charge,0.0,XY,MW
2041-11-18 12:00:00,TRAN-PRV,state_of_charge,0.0,XY,MW
2041-11-19 13:00:00,TRAN-PUB,state_of_charge,0.0,XY,MW
2041-11-20 14:00:00,TRAN-PRV,state_of_charge,0.0,XY,MW
2041-11-21 15:00:00,TRAN-PUB,state_of_charge,0.0,XY,MW
2041-11-22 16:00:00,TRAN-PRV,state_of_charge,0.0,XY,MW
2041-11-23 17:00:00,TRAN-PUB,state_of_charge,0.0,XY,MW
2041-11-24 18:00:00,TRAN-PRV,state_of_charge,0.0,XY,MW
2041-11-25 19:00:00,TRAN-PUB,state_of_charge,0.0,XY,MW
2041-11-26 20:00:00,TRAN-PRV,state_of_charge,0.0,XY,MW
2041-11-27 21:00:00,TRAN-PUB,state_of_charge,0.0,XY,MW
2041-11-28 22:00:00,TRAN-PRV,state_of_charge,0.0,XY,MW
2041-11-29 23:00:00,TRAN-PUB,state_of_charge,0.0,XY,MW
2041-12-01 00:00:00,TRAN-PRV,state_of_charge,0.0,XY,MW
2041-12-02 01:00:00,TRAN-PUB,state_of_charge,0.0,XY,MW
2041-12-03 02:00:00,TRAN-PRV,state_of_charge,0.0,XY,MW
2041-12-04 03:00:00,TRAN-PUB,state_of_charge,0.0,XY,MW
2041-12-05 04:00:00,TRAN-PRV,state_of_charge,0.0,XY,MW
2041-12-06 05:00:00,TRAN-PUB,state_of_charge,0.0,XY,MW
2041-12-07 06:00:00,TRAN-PRV,state_of_charge,0.0,XY,MW
2041-12-08 07:00:00,TRAN-PUB,state_of_charge,0.0,XY,MW
2041-12-09 08:00:00,TRAN-PRV,state_of_charge,0.0,XY,MW
2041-12-10 09:00:00,TRAN-PUB,state_of_charge,0.0,XY,MW
2041-12-11 10:00:00,TRAN-PRV,state_of_charge,0.0,XY,MW
2041-12-12 11:00:00,TRAN-PUB,state_of_charge,0.0,XY,MW
2041-12-13 12:00:00,TRAN-PRV,state_of_charge,0.0,XY,MW
2041-12-14 13:00:00,TRAN-PUB,state_of_charge,0.0,XY,MW
2041-12-15 14:00:00,TRAN-PRV,state_of_charge,270.0,XY,MW
2041-12-16 15:00:00,TRAN-PUB,state_of_charge,90.0,XY,MW
2041-12-17 16:00:00,TRAN-PRV,state_of_charge,0.0,XY,MW
2041-12-18 17:00:00,TRAN-PUB,state_of_charge,0.0,XY,MW
2041-12-19 18:00:00,TRAN-PRV,state_of_charge,162.0,XY,MW
2041-12-20 19:00:00,TRAN-PUB,state_of_charge,0.0,XY,MW
2041-12-21 20:00:00,TRAN-PRV,state_of_charge,0.0,XY,MW
2041-12-22 21:00:00,TRAN-PUB,state_of_charge,0.0,XY,MW
2041-12-23 22:00:00,TRAN-PRV,state_of_charge,0.0,XY,MW
2041-12-24 23:00:00,TRAN-PUB,state_of_charge,0.0,XY,MW
2041-12-26 00:00:00,TRAN-PRV,state_of_charge,0.0,XY,MW
2041-12-27 01:00:00,TRAN-PUB,state_of_charge,0.0,XY,MW
2041-12-28 02:00:00,TRAN-PRV,state_of_charge,0.0,XY,MW
2041-12-29 03:00:00,TRAN-PUB,state_of_charge,0.0,XY,MW
2041-12-30 04:00:00,TRAN-PRV,state_of_charge,0.0,XY,MW
2041-12-31 05:00:00,TRAN-PUB,state_of_charge,0.0,XY,MW
2042-01-01 06:00:00,TRAN-PRV,state_of_charge,0.0,XY,MW
2042-01-02 07:00:00,TRAN-PUB,state_of_charge,0.0,XY,MW
2040-01-01 00:00:00,TRAN-PRV,charging,49.400000000025265,YZ,MW
2040-01-02 01:00:00,TRAN-PUB,charging,36.21052631579,YZ,MW
2040-01-03 02:00:00,TRAN-PRV,charging,51.789473684280004,YZ,MW
2040-01-04 03:00:00,TRAN-PUB,charging,34.52631578947,YZ,MW
2040-01-05 04:00:00,TRAN-PRV,charging,53.05263157902,YZ,MW
2040-01-06 05:00:00,TRAN-PUB,charging,35.36842105263,YZ,MW
2040-01-07 06:00:00,TRAN-PRV,charging,56.84210526323999,YZ,MW
2040-01-08 07:00:00,TRAN-PUB,charging,37.89473684211001,YZ,MW
2040-01-09 08:00:00,TRAN-PRV,charging,56.84210526323999,YZ,MW
2040-01-10 09:00:00,TRAN-PUB,charging,37.89473684211001,YZ,MW
2040-01-11 10:00:00,TRAN-PRV,charging,54.315789473760006,YZ,MW
2040-01-12 11:00:00,TRAN-PUB,charging,36.21052631579,YZ,MW
2040-01-13 12:00:00,TRAN-PRV,charging,55.5789473685,YZ,MW
2040-01-14 13:00:00,TRAN-PUB,charging,37.05263157895,YZ,MW
2040-01-15 14:00:00,TRAN-PRV,charging,32.21052631584,YZ,MW
2040-01-16 15:00:00,TRAN-PUB,charging,21.47368421054,YZ,MW
2040-01-17 16:00:00,TRAN-PRV,charging,30.31578947373,YZ,MW
2040-01-18 17:00:00,TRAN-PUB,charging,20.21052631579,YZ,MW
2040-01-19 18:00:00,TRAN-PRV,charging,29.684210526330002,YZ,MW
2040-01-20 19:00:00,TRAN-PUB,charging,19.78947368422,YZ,MW
2040-01-21 20:00:00,TRAN-PRV,charging,30.31578947373,YZ,MW
2040-01-22 21:00:00,TRAN-PUB,charging,20.21052631579,YZ,MW
2040-01-23 22:00:00,TRAN-PRV,charging,30.31578947373,YZ,MW
2040-01-24 23:00:00,TRAN-PUB,charging,20.21052631579,YZ,MW
2040-01-26 00:00:00,TRAN-PRV,charging,27.15789473685,YZ,MW
2040-01-27 01:00:00,TRAN-PUB,charging,18.105263157899998,YZ,MW
2040-01-28 02:00:00,TRAN-PRV,charging,29.684210526330002,YZ,MW
2040-01-29 03:00:00,TRAN-PUB,charging,19.78947368422,YZ,MW
2040-01-30 04:00:00,TRAN-PRV,charging,25.89473684211,YZ,MW
2040-01-31 05:00:00,TRAN-PUB,charging,17.26315789474,YZ,MW
2040-02-01 06:00:00,TRAN-PRV,charging,24.00000000003,YZ,MW
2040-02-02 07:00:00,TRAN-PUB,charging,16.0,YZ,MW
2040-02-03 08:00:00,TRAN-PRV,charging,19.578947368439998,YZ,MW
2040-02-04 09:00:00,TRAN-PUB,charging,13.05263157894,YZ,MW
2040-02-05 10:00:00,TRAN-PRV,charging,16.42105263159,YZ,MW
2040-02-06 11:00:00,TRAN-PUB,charging,10.94736842106,YZ,MW
2040-02-07 12:00:00,TRAN-PRV,charging,7.57894736844,YZ,MW
2040-02-08 13:00:00,TRAN-PUB,charging,5.052631578941,YZ,MW
2040-02-09 14:00:00,TRAN-PRV,charging,26.52631578951,YZ,MW
2040-02-10 15:00:00,TRAN-PUB,charging,17.68421052632,YZ,MW
2040-02-11 16:00:00,TRAN-PRV,charging,25.26315789477,YZ,MW
2040-02-12 17:00:00,TRAN-PUB,charging,16.84210526315,YZ,MW
2040-02-13 18:00:00,TRAN-PRV,charging,35.36842105269,YZ,MW
2040-02-14 19:00:00,TRAN-PUB,charging,23.57894736841,YZ,MW
2040-02-15 20:00:00,TRAN-PRV,charging,39.157894736879996,YZ,MW
2040-02-16 21:00:00,TRAN-PUB,charging,26.105263157899998,YZ,MW
2040-02-17 22:00:00,TRAN-PRV,charging,42.9473684211,YZ,MW
2040-02-18 23:00:00,TRAN-PUB,charging,28.631578947370002,YZ,MW
2040-02-20 00:00:00,TRAN-PRV,charging,46.10526315795,YZ,MW
2040-02-21 01:00:00,TRAN-PUB,charging,30.73684210527,YZ,MW
2040-02-22 02:00:00,TRAN-PRV,charging,46.10526315795,YZ,MW
2040-02-23 03:00:00,TRAN-PUB,charging,30.73684210527,YZ,MW
2040-02-24 04:00:00,TRAN-PRV,charging,51.15789473691,YZ,MW
2040-02-25 05:00:00,TRAN-PUB,charging,34.1052631579,YZ,MW
2040-02-26 06:00:00,TRAN-PRV,charging,55.5789473685,YZ,MW
2040-02-27 07:00:00,TRAN-PUB,charging,37.05263157895,YZ,MW
2040-02-28 08:00:00,TRAN-PRV,charging,57.47368421061,YZ,MW
2040-02-29 09:00:00,TRAN-PUB,charging,38.31578947368,YZ,MW
2040-03-01 10:00:00,TRAN-PRV,charging,53.68421052636,YZ,MW
2040-03-02 11:00:00,TRAN-PUB,charging,35.78947368422,YZ,MW
2040-03-03 12:00:00,TRAN-PRV,charging,45.47368421058,YZ,MW
2040-03-04 13:00:00,TRAN-PUB,charging,30.31578947368,YZ,MW
2040-03-05 14:00:00,TRAN-PRV,charging,37.26315789477,YZ,MW
2040-03-06 15:00:00,TRAN-PUB,charging,24.84210526315,YZ,MW
2040-03-07 16:00:00,TRAN-PRV,charging,46.73684210532,YZ,MW
2040-03-08 17:00:00,TRAN-PUB,charging,31.15789473685,YZ,MW
2040-03-09 18:00:00,TRAN-PRV,charging,51.15789473691,YZ,MW
2040-03-10 19:00:00,TRAN-PUB,charging,34.1052631579,YZ,MW
2040-03-11 20:00:00,TRAN-PRV,charging,26.52631578951,YZ,MW
2040-03-12 21:00:00,TRAN-PUB,charging,17.68421052632,YZ,MW
2040-03-13 22:00:00,TRAN-PRV,charging,29.684210526330002,YZ,MW
2040-03-14 23:00:00,TRAN-PUB,charging,19.78947368422,YZ,MW
2040-03-16 00:00:00,TRAN-PRV,charging,29.05263157899,YZ,MW
2040-03-17 01:00:00,TRAN-PUB,charging,19.368421052619997,YZ,MW
2040-03-18 02:00:00,TRAN-PRV,charging,25.89473684211,YZ,MW
2040-03-19 03:00:00,TRAN-PUB,charging,17.26315789474,YZ,MW
2040-03-20 04:00:00,TRAN-PRV,charging,12.00000000003,YZ,MW
2040-03-21 05:00:00,TRAN-PUB,charging,8.0,YZ,MW
2040-03-22 06:00:00,TRAN-PRV,charging,16.42105263159,YZ,MW
2040-03-23 07:00:00,TRAN-PUB,charging,10.94736842106,YZ,MW
2040-03-24 08:00:00,TRAN-PRV,charging,23.36842105266,YZ,MW
2040-03-25 09:00:00,TRAN-PUB,charging,15.57894736841,YZ,MW
2040-03-26 10:00:00,TRAN-PRV,charging,20.21052631581,YZ,MW
2040-03-27 11:00:00,TRAN-PUB,charging,13.47368421054,YZ,MW
2040-03-28 12:00:00,TRAN-PRV,charging,17.052631578990002,YZ,MW
2040-03-29 13:00:00,TRAN-PUB,charging,11.36842105262,YZ,MW
2040-03-30 14:00:00,TRAN-PRV,charging,18.94736842107,YZ,MW
2040-03-31 15:00:00,TRAN-PUB,charging,12.63157894737,YZ,MW
2040-04-01 16:00:00,TRAN-PRV,charging,25.26315789477,YZ,MW
2040-04-02 17:00:00,TRAN-PUB,charging,16.84210526315,YZ,MW
2040-04-03 18:00:00,TRAN-PRV,charging,24.00000000003,YZ,MW
2040-04-04 19:00:00,TRAN-PUB,charging,16.0,YZ,MW
2040-04-05 20:00:00,TRAN-PRV,charging,36.00000000003,YZ,MW
2040-04-06 21:00:00,TRAN-PUB,charging,24.0,YZ,MW
2040-04-07 22:00:00,TRAN-PRV,charging,39.789473684250005,YZ,MW
2040-04-08 23:00:00,TRAN-PUB,charging,26.52631578947,YZ,MW
2040-04-10 00:00:00,TRAN-PRV,charging,49.2631578948,YZ,MW
2040-04-11 01:00:00,TRAN-PUB,charging,32.84210526315,YZ,MW
2040-04-12 02:00:00,TRAN-PRV,charging,51.789473684280004,YZ,MW
2040-04-13 03:00:00,TRAN-PUB,charging,34.52631578947,YZ,MW
2040-04-14 04:00:00,TRAN-PRV,charging,54.315789473760006,YZ,MW
2040-04-15 05:00:00,TRAN-PUB,charging,36.21052631579,YZ,MW
2040-04-16 06:00:00,TRAN-PRV,charging,55.5789473685,YZ,MW
2040-04-17 07:00:00,TRAN-PUB,charging,37.05263157895,YZ,MW
2040-04-18 08:00:00,TRAN-PRV,charging,53.05263157902,YZ,MW
2040-04-19 09:00:00,TRAN-PUB,charging,35.36842105263,YZ,MW
2040-04-20 10:00:00,TRAN-PRV,charging,56.21052631587,YZ,MW
2040-04-21 11:00:00,TRAN-PUB,charging,37.47368421054,YZ,MW
2040-04-22 12:00:00,TRAN-PRV,charging,42.31578947376,YZ,MW
2040-04-23 13:00:00,TRAN-PUB,charging,28.2105263158,YZ,MW
2040-04-24 14:00:00,TRAN-PRV,charging,35.36842105269,YZ,MW
2040-04-25 15:00:00,TRAN-PUB,charging,23.57894736841,YZ,MW
2040-04-26 16:00:00,TRAN-PRV,charging,29.684210526330002,YZ,MW
2040-04-27 17:00:00,TRAN-PUB,charging,19.78947368422,YZ,MW
2040-04-28 18:00:00,TRAN-PRV,charging,28.42105263162,YZ,MW
2040-04-29 19:00:00,TRAN-PUB,charging,18.947368421060002,YZ,MW
2040-04-30 20:00:00,TRAN-PRV,charging,30.31578947373,YZ,MW
2040-05-01 21:00:00,TRAN-PUB,charging,20.21052631579,YZ,MW
2040-05-02 22:00:00,TRAN-PRV,charging,26.52631578951,YZ,MW
2040-05-03 23:00:00,TRAN-PUB,charging,17.68421052632,YZ,MW
2040-05-05 00:00:00,TRAN-PRV,charging,30.31578947373,YZ,MW
2040-05-06 01:00:00,TRAN-PUB,charging,20.21052631579,YZ,MW
2040-05-07 02:00:00,TRAN-PRV,charging,26.52631578951,YZ,MW
2040-05-08 03:00:00,TRAN-PUB,charging,17.68421052632,YZ,MW
2040-05-09 04:00:00,TRAN-PRV,charging,26.52631578951,YZ,MW
2040-05-10 05:00:00,TRAN-PUB,charging,17.68421052632,YZ,MW
2040-05-11 06:00:00,TRAN-PRV,charging,21.47368421055,YZ,MW
2040-05-12 07:00:00,TRAN-PUB,charging,14.31578947368,YZ,MW
2040-05-13 08:00:00,TRAN-PRV,charging,15.15789473685,YZ,MW
2040-05-14 09:00:00,TRAN-PUB,charging,10.1052631579,YZ,MW
2040-05-15 10:00:00,TRAN-PRV,charging,4.421052631584,YZ,MW
2040-05-16 11:00:00,TRAN-PUB,charging,2.947368421054,YZ,MW
2040-05-17 12:00:00,TRAN-PRV,charging,17.052631578990002,YZ,MW
2040-05-18 13:00:00,TRAN-PUB,charging,11.36842105262,YZ,MW
2040-05-19 14:00:00,TRAN-PRV,charging,15.15789473685,YZ,MW
2040-05-20 15:00:00,TRAN-PUB,charging,10.1052631579,YZ,MW
2040-05-21 16:00:00,TRAN-PRV,charging,27.78947368425,YZ,MW
2040-05-22 17:00:00,TRAN-PUB,charging,18.52631578947,YZ,MW
2040-05-23 18:00:00,TRAN-PRV,charging,32.84210526321,YZ,MW
2040-05-24 19:00:00,TRAN-PUB,charging,21.894736842100002,YZ,MW
2040-05-25 20:00:00,TRAN-PRV,charging,36.6315789474,YZ,MW
2040-05-26 21:00:00,TRAN-PUB,charging,24.421052631589998,YZ,MW
2040-05-27 22:00:00,TRAN-PRV,charging,39.789473684250005,YZ,MW
2040-05-28 23:00:00,TRAN-PUB,charging,26.52631578947,YZ,MW
2040-05-30 00:00:00,TRAN-PRV,charging,41.684210526360005,YZ,MW
2040-05-31 01:00:00,TRAN-PUB,charging,27.78947368422,YZ,MW
2040-06-01 02:00:00,TRAN-PRV,charging,48.00000000006,YZ,MW
2040-06-02 03:00:00,TRAN-PUB,charging,32.0,YZ,MW
2040-06-03 04:00:00,TRAN-PRV,charging,53.05263157902,YZ,MW
2040-06-04 05:00:00,TRAN-PUB,charging,35.36842105263,YZ,MW
2040-06-05 06:00:00,TRAN-PRV,charging,56.84210526323999,YZ,MW
2040-06-06 07:00:00,TRAN-PUB,charging,37.89473684211001,YZ,MW
2040-06-07 08:00:00,TRAN-PRV,charging,56.84210526323999,YZ,MW
2040-06-08 09:00:00,TRAN-PUB,charging,37.89473684211001,YZ,MW
2040-06-09 10:00:00,TRAN-PRV,charging,53.05263157902,YZ,MW
2040-06-10 11:00:00,TRAN-PUB,charging,35.36842105263,YZ,MW
2040-06-11 12:00:00,TRAN-PRV,charging,45.47368421058,YZ,MW
2040-06-12 13:00:00,TRAN-PUB,charging,30.31578947368,YZ,MW
2040-06-13 14:00:00,TRAN-PRV,charging,46.10526315795,YZ,MW
2040-06-14 15:00:00,TRAN-PUB,charging,30.73684210527,YZ,MW
2040-06-15 16:00:00,TRAN-PRV,charging,52.42105263161999,YZ,MW
2040-06-16 17:00:00,TRAN-PUB,charging,34.94736842105,YZ,MW
2040-06-17 18:00:00,TRAN-PRV,charging,25.89473684211,YZ,MW
2040-06-18 19:00:00,TRAN-PUB,charging,17.26315789474,YZ,MW
2040-06-19 20:00:00,TRAN-PRV,charging,28.42105263162,YZ,MW
2040-06-20 21:00:00,TRAN-PUB,charging,18.947368421060002,YZ,MW
2040-06-21 22:00:00,TRAN-PRV,charging,27.15789473685,YZ,MW
2040-06-22 23:00:00,TRAN-PUB,charging,18.105263157899998,YZ,MW
2040-06-24 00:00:00,TRAN-PRV,charging,20.84210526321,YZ,MW
2040-06-25 01:00:00,TRAN-PUB,charging,13.894736842090001,YZ,MW
2040-06-26 02:00:00,TRAN-PRV,charging,10.73684210529,YZ,MW
2040-06-27 03:00:00,TRAN-PUB,charging,7.157894736851,YZ,MW
2040-06-28 04:00:00,TRAN-PRV,charging,14.526315789509999,YZ,MW
2040-06-29 05:00:00,TRAN-PUB,charging,9.68421052632,YZ,MW
2040-06-30 06:00:00,TRAN-PRV,charging,18.94736842107,YZ,MW
2040-07-01 07:00:00,TRAN-PUB,charging,12.63157894737,YZ,MW
2040-07-02 08:00:00,TRAN-PRV,charging,2.526315789477,YZ,MW
2040-07-03 09:00:00,TRAN-PUB,charging,1.684210526315,YZ,MW
2040-07-04 10:00:00,TRAN-PRV,charging,9.47368421052,YZ,MW
2040-07-05 11:00:00,TRAN-PUB,charging,6.3157894736869995,YZ,MW
2040-07-06 12:00:00,TRAN-PRV,charging,12.63157894737,YZ,MW
2040-07-07 13:00:00,TRAN-PUB,charging,8.4210526316,YZ,MW
2040-07-08 14:00:00,TRAN-PRV,charging,15.15789473685,YZ,MW
2040-07-09 15:00:00,TRAN-PUB,charging,10.1052631579,YZ,MW
2040-07-10 16:00:00,TRAN-PRV,charging,15.789473684219999,YZ,MW
2040-07-11 17:00:00,TRAN-PUB,charging,10.52631578946,YZ,MW
2040-07-12 18:00:00,TRAN-PRV,charging,27.15789473685,YZ,MW
2040-07-13 19:00:00,TRAN-PUB,charging,18.105263157899998,YZ,MW
2040-07-14 20:00:00,TRAN-PRV,charging,26.52631578951,YZ,MW
2040-07-15 21:00:00,TRAN-PUB,charging,17.68421052632,YZ,MW
2040-07-16 22:00:00,TRAN-PRV,charging,42.9473684211,YZ,MW
2040-07-17 23:00:00,TRAN-PUB,charging,28.631578947370002,YZ,MW
2040-07-19 00:00:00,TRAN-PRV,charging,47.36842105269,YZ,MW
2040-07-20 01:00:00,TRAN-PUB,charging,31.57894736841,YZ,MW
2040-07-21 02:00:00,TRAN-PRV,charging,49.894736842170005,YZ,MW
2040-07-22 03:00:00,TRAN-PUB,charging,33.263157894740004,YZ,MW
2040-07-23 04:00:00,TRAN-PRV,charging,52.42105263161999,YZ,MW
2040-07-24 05:00:00,TRAN-PUB,charging,34.94736842105,YZ,MW
2040-07-25 06:00:00,TRAN-PRV,charging,52.42105263161999,YZ,MW
2040-07-26 07:00:00,TRAN-PUB,charging,34.94736842105,YZ,MW
2040-07-27 08:00:00,TRAN-PRV,charging,54.315789473760006,YZ,MW
2040-07-28 09:00:00,TRAN-PUB,charging,36.21052631579,YZ,MW
2040-07-29 10:00:00,TRAN-PRV,charging,49.894736842170005,YZ,MW
2040-07-30 11:00:00,TRAN-PUB,charging,33.263157894740004,YZ,MW
2040-07-31 12:00:00,TRAN-PRV,charging,44.21052631584,YZ,MW
2040-08-01 13:00:00,TRAN-PUB,charging,29.47368421054,YZ,MW
2040-08-02 14:00:00,TRAN-PRV,charging,33.47368421058,YZ,MW
2040-08-03 15:00:00,TRAN-PUB,charging,22.31578947368,YZ,MW
2040-08-04 16:00:00,TRAN-PRV,charging,27.78947368425,YZ,MW
2040-08-05 17:00:00,TRAN-PUB,charging,18.52631578947,YZ,MW
2040-08-06 18:00:00,TRAN-PRV,charging,28.42105263162,YZ,MW
2040-08-07 19:00:00,TRAN-PUB,charging,18.947368421060002,YZ,MW
2040-08-08 20:00:00,TRAN-PRV,charging,30.947368421070003,YZ,MW
2040-08-09 21:00:00,TRAN-PUB,charging,20.631578947370002,YZ,MW
2040-08-10 22:00:00,TRAN-PRV,charging,32.84210526321,YZ,MW
2040-08-11 23:00:00,TRAN-PUB,charging,21.894736842100002,YZ,MW
2040-08-13 00:00:00,TRAN-PRV,charging,24.00000000003,YZ,MW
2040-08-14 01:00:00,TRAN-PUB,charging,16.0,YZ,MW
2040-08-15 02:00:00,TRAN-PRV,charging,26.52631578951,YZ,MW
2040-08-16 03:00:00,TRAN-PUB,charging,17.68421052632,YZ,MW
2040-08-17 04:00:00,TRAN-PRV,charging,22.73684210529,YZ,MW
2040-08-18 05:00:00,TRAN-PUB,charging,15.15789473685,YZ,MW
2040-08-19 06:00:00,TRAN-PRV,charging,17.052631578990002,YZ,MW
2040-08-20 07:00:00,TRAN-PUB,charging,11.36842105262,YZ,MW
2040-08-21 08:00:00,TRAN-PRV,charging,1.894736842107,YZ,MW
2040-08-22 09:00:00,TRAN-PUB,charging,1.2631578947370001,YZ,MW
2040-08-23 10:00:00,TRAN-PRV,charging,13.26315789474,YZ,MW
2040-08-24 11:00:00,TRAN-PUB,charging,8.84210526315,YZ,MW
2040-08-25 12:00:00,TRAN-PRV,charging,13.894736842110001,YZ,MW
2040-08-26 13:00:00,TRAN-PUB,charging,9.26315789474,YZ,MW
2040-08-27 14:00:00,TRAN-PRV,charging,20.21052631581,YZ,MW
2040-08-28 15:00:00,TRAN-PUB,charging,13.47368421054,YZ,MW
2040-08-29 16:00:00,TRAN-PRV,charging,22.73684210529,YZ,MW
2040-08-30 17:00:00,TRAN-PUB,charging,15.15789473685,YZ,MW
2040-08-31 18:00:00,TRAN-PRV,charging,30.947368421070003,YZ,MW
2040-09-01 19:00:00,TRAN-PUB,charging,20.631578947370002,YZ,MW
2040-09-02 20:00:00,TRAN-PRV,charging,34.10526315795,YZ,MW
2040-09-03 21:00:00,TRAN-PUB,charging,22.73684210527,YZ,MW
2040-09-04 22:00:00,TRAN-PRV,charging,34.10526315795,YZ,MW
2040-09-05 23:00:00,TRAN-PUB,charging,22.73684210527,YZ,MW
2040-09-07 00:00:00,TRAN-PRV,charging,41.684210526360005,YZ,MW
2040-09-08 01:00:00,TRAN-PUB,charging,27.78947368422,YZ,MW
2040-09-09 02:00:00,TRAN-PRV,charging,46.73684210532,YZ,MW
2040-09-10 03:00:00,TRAN-PUB,charging,31.15789473685,YZ,MW
2040-09-11 04:00:00,TRAN-PRV,charging,54.315789473760006,YZ,MW
2040-09-12 05:00:00,TRAN-PUB,charging,36.21052631579,YZ,MW
2040-09-13 06:00:00,TRAN-PRV,charging,55.5789473685,YZ,MW
2040-09-14 07:00:00,TRAN-PUB,charging,37.05263157895,YZ,MW
2040-09-15 08:00:00,TRAN-PRV,charging,51.789473684280004,YZ,MW
2040-09-16 09:00:00,TRAN-PUB,charging,34.52631578947,YZ,MW
2040-09-17 10:00:00,TRAN-PRV,charging,55.5789473685,YZ,MW
2040-09-18 11:00:00,TRAN-PUB,charging,37.05263157895,YZ,MW
2040-09-19 12:00:00,TRAN-PRV,charging,54.315789473760006,YZ,MW
2040-09-20 13:00:00,TRAN-PUB,charging,36.21052631579,YZ,MW
2040-09-21 14:00:00,TRAN-PRV,charging,53.68421052636,YZ,MW
2040-09-22 15:00:00,TRAN-PUB,charging,35.78947368422,YZ,MW
2040-09-23 16:00:00,TRAN-PRV,charging,24.00000000003,YZ,MW
2040-09-24 17:00:00,TRAN-PUB,charging,16.0,YZ,MW
2040-09-25 18:00:00,TRAN-PRV,charging,25.89473684211,YZ,MW
2040-09-26 19:00:00,TRAN-PUB,charging,17.26315789474,YZ,MW
2040-09-27 20:00:00,TRAN-PRV,charging,27.15789473685,YZ,MW
2040-09-28 21:00:00,TRAN-PUB,charging,18.105263157899998,YZ,MW
2040-09-29 22:00:00,TRAN-PRV,charging,26.52631578951,YZ,MW
2040-09-30 23:00:00,TRAN-PUB,charging,17.68421052632,YZ,MW
2040-10-02 00:00:00,TRAN-PRV,charging,18.3157894737,YZ,MW
2040-10-03 01:00:00,TRAN-PUB,charging,12.21052631578,YZ,MW
2040-10-04 02:00:00,TRAN-PRV,charging,13.26315789474,YZ,MW
2040-10-05 03:00:00,TRAN-PUB,charging,8.84210526315,YZ,MW
2040-10-06 04:00:00,TRAN-PRV,charging,19.578947368439998,YZ,MW
2040-10-07 05:00:00,TRAN-PUB,charging,13.05263157894,YZ,MW
2040-10-08 06:00:00,TRAN-PRV,charging,13.894736842110001,YZ,MW
2040-10-09 07:00:00,TRAN-PUB,charging,9.26315789474,YZ,MW
2040-10-10 08:00:00,TRAN-PRV,charging,14.526315789509999,YZ,MW
2040-10-11 09:00:00,TRAN-PUB,charging,9.68421052632,YZ,MW
2040-10-12 10:00:00,TRAN-PRV,charging,13.894736842110001,YZ,MW
2040-10-13 11:00:00,TRAN-PUB,charging,9.26315789474,YZ,MW
2040-10-14 12:00:00,TRAN-PRV,charging,11.36842105266,YZ,MW
2040-10-15 13:00:00,TRAN-PUB,charging,7.578947368415999,YZ,MW
2040-10-16 14:00:00,TRAN-PRV,charging,10.73684210529,YZ,MW
2040-10-17 15:00:00,TRAN-PUB,charging,7.157894736851,YZ,MW
2040-10-18 16:00:00,TRAN-PRV,charging,26.52631578951,YZ,MW
2040-10-19 17:00:00,TRAN-PUB,charging,17.68421052632,YZ,MW
2040-10-20 18:00:00,TRAN-PRV,charging,24.631578947399998,YZ,MW
2040-10-21 19:00:00,TRAN-PUB,charging,16.4210526316,YZ,MW
2040-10-22 20:00:00,TRAN-PRV,charging,38.52631578951,YZ,MW
2040-10-23 21:00:00,TRAN-PUB,charging,25.68421052631,YZ,MW
2040-10-24 22:00:00,TRAN-PRV,charging,42.31578947376,YZ,MW
2040-10-25 23:00:00,TRAN-PUB,charging,28.2105263158,YZ,MW
2040-10-27 00:00:00,TRAN-PRV,charging,39.157894736879996,YZ,MW
2040-10-28 01:00:00,TRAN-PUB,charging,26.105263157899998,YZ,MW
2040-10-29 02:00:00,TRAN-PRV,charging,49.894736842170005,YZ,MW
2040-10-30 03:00:00,TRAN-PUB,charging,33.263157894740004,YZ,MW
2040-10-31 04:00:00,TRAN-PRV,charging,49.2631578948,YZ,MW
2040-11-01 05:00:00,TRAN-PUB,charging,32.84210526315,YZ,MW
2040-11-02 06:00:00,TRAN-PRV,charging,51.15789473691,YZ,MW
2040-11-03 07:00:00,TRAN-PUB,charging,34.1052631579,YZ,MW
2040-11-04 08:00:00,TRAN-PRV,charging,51.789473684280004,YZ,MW
2040-11-05 09:00:00,TRAN-PUB,charging,34.52631578947,YZ,MW
2040-11-06 10:00:00,TRAN-PRV,charging,53.05263157902,YZ,MW
2040-11-07 11:00:00,TRAN-PUB,charging,35.36842105263,YZ,MW
2040-11-08 12:00:00,TRAN-PRV,charging,44.21052631584,YZ,MW
2040-11-09 13:00:00,TRAN-PUB,charging,29.47368421054,YZ,MW
2040-11-10 14:00:00,TRAN-PRV,charging,27.78947368425,YZ,MW
2040-11-11 15:00:00,TRAN-PUB,charging,18.52631578947,YZ,MW
2040-11-12 16:00:00,TRAN-PRV,charging,34.10526315795,YZ,MW
2040-11-13 17:00:00,TRAN-PUB,charging,22.73684210527,YZ,MW
2040-11-14 18:00:00,TRAN-PRV,charging,30.947368421070003,YZ,MW
2040-11-15 19:00:00,TRAN-PUB,charging,20.631578947370002,YZ,MW
2040-11-16 20:00:00,TRAN-PRV,charging,36.6315789474,YZ,MW
2040-11-17 21:00:00,TRAN-PUB,charging,24.421052631589998,YZ,MW
2040-11-18 22:00:00,TRAN-PRV,charging,37.89473684214,YZ,MW
2040-11-19 23:00:00,TRAN-PUB,charging,25.26315789474,YZ,MW
2040-11-21 00:00:00,TRAN-PRV,charging,24.631578947399998,YZ,MW
2040-11-22 01:00:00,TRAN-PUB,charging,16.4210526316,YZ,MW
2040-11-23 02:00:00,TRAN-PRV,charging,27.78947368425,YZ,MW
2040-11-24 03:00:00,TRAN-PUB,charging,18.52631578947,YZ,MW
2040-11-25 04:00:00,TRAN-PRV,charging,25.26315789477,YZ,MW
2040-11-26 05:00:00,TRAN-PUB,charging,16.84210526315,YZ,MW
2040-11-27 06:00:00,TRAN-PRV,charging,21.47368421055,YZ,MW
2040-11-28 07:00:00,TRAN-PUB,charging,14.31578947368,YZ,MW
2040-11-29 08:00:00,TRAN-PRV,charging,6.947368421070001,YZ,MW
2040-11-30 09:00:00,TRAN-PUB,charging,4.631578947372001,YZ,MW
2040-12-01 10:00:00,TRAN-PRV,charging,15.789473684219999,YZ,MW
2040-12-02 11:00:00,TRAN-PUB,charging,10.52631578946,YZ,MW
2040-12-03 12:00:00,TRAN-PRV,charging,11.36842105266,YZ,MW
2040-12-04 13:00:00,TRAN-PUB,charging,7.578947368415999,YZ,MW
2040-12-05 14:00:00,TRAN-PRV,charging,15.15789473685,YZ,MW
2040-12-06 15:00:00,TRAN-PUB,charging,10.1052631579,YZ,MW
2040-12-07 16:00:00,TRAN-PRV,charging,18.94736842107,YZ,MW
2040-12-08 17:00:00,TRAN-PUB,charging,12.63157894737,YZ,MW
2040-12-09 18:00:00,TRAN-PRV,charging,24.00000000003,YZ,MW
2040-12-10 19:00:00,TRAN-PUB,charging,16.0,YZ,MW
2040-12-11 20:00:00,TRAN-PRV,charging,26.52631578951,YZ,MW
2040-12-12 21:00:00,TRAN-PUB,charging,17.68421052632,YZ,MW
2040-12-13 22:00:00,TRAN-PRV,charging,27.15789473685,YZ,MW
2040-12-14 23:00:00,TRAN-PUB,charging,18.105263157899998,YZ,MW
2040-12-16 00:00:00,TRAN-PRV,charging,39.789473684250005,YZ,MW
2040-12-17 01:00:00,TRAN-PUB,charging,26.52631578947,YZ,MW
2040-12-18 02:00:00,TRAN-PRV,charging,40.42105263162,YZ,MW
2040-12-19 03:00:00,TRAN-PUB,charging,26.94736842106,YZ,MW
2040-12-20 04:00:00,TRAN-PRV,charging,51.15789473691,YZ,MW
2040-12-21 05:00:00,TRAN-PUB,charging,34.1052631579,YZ,MW
2040-12-22 06:00:00,TRAN-PRV,charging,53.68421052636,YZ,MW
2040-12-23 07:00:00,TRAN-PUB,charging,35.78947368422,YZ,MW
2040-12-24 08:00:00,TRAN-PRV,charging,55.5789473685,YZ,MW
2040-12-25 09:00:00,TRAN-PUB,charging,37.05263157895,YZ,MW
2040-12-26 10:00:00,TRAN-PRV,charging,54.947368421099995,YZ,MW
2040-12-27 11:00:00,TRAN-PUB,charging,36.63157894737,YZ,MW
2040-12-28 12:00:00,TRAN-PRV,charging,50.52631578954,YZ,MW
2040-12-29 13:00:00,TRAN-PUB,charging,33.68421052631,YZ,MW
2040-12-30 14:00:00,TRAN-PRV,charging,52.42105263161999,YZ,MW
2040-12-31 15:00:00,TRAN-PUB,charging,34.94736842105,YZ,MW
2041-01-01 16:00:00,TRAN-PRV,charging,30.947368421070003,YZ,MW
2041-01-02 17:00:00,TRAN-PUB,charging,20.631578947370002,YZ,MW
2041-01-03 18:00:00,TRAN-PRV,charging,30.31578947373,YZ,MW
2041-01-04 19:00:00,TRAN-PUB,charging,20.21052631579,YZ,MW
2041-01-05 20:00:00,TRAN-PRV,charging,28.42105263162,YZ,MW
2041-01-06 21:00:00,TRAN-PUB,charging,18.947368421060002,YZ,MW
2041-01-07 22:00:00,TRAN-PRV,charging,27.15789473685,YZ,MW
2041-01-08 23:00:00,TRAN-PUB,charging,18.105263157899998,YZ,MW
2041-01-10 00:00:00,TRAN-PRV,charging,24.631578947399998,YZ,MW
2041-01-11 01:00:00,TRAN-PUB,charging,16.4210526316,YZ,MW
2041-01-12 02:00:00,TRAN-PRV,charging,17.684210526330002,YZ,MW
2041-01-13 03:00:00,TRAN-PUB,charging,11.789473684219999,YZ,MW
2041-01-14 04:00:00,TRAN-PRV,charging,17.684210526330002,YZ,MW
2041-01-15 05:00:00,TRAN-PUB,charging,11.789473684219999,YZ,MW
2041-01-16 06:00:00,TRAN-PRV,charging,22.10526315792,YZ,MW
2041-01-17 07:00:00,TRAN-PUB,charging,14.73684210527,YZ,MW
2041-01-18 08:00:00,TRAN-PRV,charging,20.84210526321,YZ,MW
2041-01-19 09:00:00,TRAN-PUB,charging,13.894736842090001,YZ,MW
2041-01-20 10:00:00,TRAN-PRV,charging,15.789473684219999,YZ,MW
2041-01-21 11:00:00,TRAN-PUB,charging,10.52631578946,YZ,MW
2041-01-22 12:00:00,TRAN-PRV,charging,10.73684210529,YZ,MW
2041-01-23 13:00:00,TRAN-PUB,charging,7.157894736851,YZ,MW
2041-01-24 14:00:00,TRAN-PRV,charging,5.052631578954,YZ,MW
2041-01-25 15:00:00,TRAN-PUB,charging,3.368421052631,YZ,MW
2041-01-26 16:00:00,TRAN-PRV,charging,20.21052631581,YZ,MW
2041-01-27 17:00:00,TRAN-PUB,charging,13.47368421054,YZ,MW
2041-01-28 18:00:00,TRAN-PRV,charging,17.052631578990002,YZ,MW
2041-01-29 19:00:00,TRAN-PUB,charging,11.36842105262,YZ,MW
2041-01-30 20:00:00,TRAN-PRV,charging,31.57894736847,YZ,MW
2041-01-31 21:00:00,TRAN-PUB,charging,21.052631578939998,YZ,MW
2041-02-01 22:00:00,TRAN-PRV,charging,36.00000000003,YZ,MW
2041-02-02 23:00:00,TRAN-PUB,charging,24.0,YZ,MW
2041-02-04 00:00:00,TRAN-PRV,charging,39.789473684250005,YZ,MW
2041-02-05 01:00:00,TRAN-PUB,charging,26.52631578947,YZ,MW
2041-02-06 02:00:00,TRAN-PRV,charging,42.31578947376,YZ,MW
2041-02-07 03:00:00,TRAN-PUB,charging,28.2105263158,YZ,MW
2041-02-08 04:00:00,TRAN-PRV,charging,40.42105263162,YZ,MW
2041-02-09 05:00:00,TRAN-PUB,charging,26.94736842106,YZ,MW
2041-02-10 06:00:00,TRAN-PRV,charging,46.73684210532,YZ,MW
2041-02-11 07:00:00,TRAN-PUB,charging,31.15789473685,YZ,MW
2041-02-12 08:00:00,TRAN-PRV,charging,50.52631578954,YZ,MW
2041-02-13 09:00:00,TRAN-PUB,charging,33.68421052631,YZ,MW
2041-02-14 10:00:00,TRAN-PRV,charging,55.5789473685,YZ,MW
2041-02-15 11:00:00,TRAN-PUB,charging,37.05263157895,YZ,MW
2041-02-16 12:00:00,TRAN-PRV,charging,52.42105263161999,YZ,MW
2041-02-17 13:00:00,TRAN-PUB,charging,34.94736842105,YZ,MW
2041-02-18 14:00:00,TRAN-PRV,charging,44.21052631584,YZ,MW
2041-02-19 15:00:00,TRAN-PUB,charging,29.47368421054,YZ,MW
2041-02-20 16:00:00,TRAN-PRV,charging,36.6315789474,YZ,MW
2041-02-21 17:00:00,TRAN-PUB,charging,24.421052631589998,YZ,MW
2041-02-22 18:00:00,TRAN-PRV,charging,38.52631578951,YZ,MW
2041-02-23 19:00:00,TRAN-PUB,charging,25.68421052631,YZ,MW
2041-02-24 20:00:00,TRAN-PRV,charging,40.42105263162,YZ,MW
2041-02-25 21:00:00,TRAN-PUB,charging,26.94736842106,YZ,MW
2041-02-26 22:00:00,TRAN-PRV,charging,24.00000000003,YZ,MW
2041-02-27 23:00:00,TRAN-PUB,charging,16.0,YZ,MW
2041-03-01 00:00:00,TRAN-PRV,charging,26.52631578951,YZ,MW
2041-03-02 01:00:00,TRAN-PUB,charging,17.68421052632,YZ,MW
2041-03-03 02:00:00,TRAN-PRV,charging,24.631578947399998,YZ,MW
2041-03-04 03:00:00,TRAN-PUB,charging,16.4210526316,YZ,MW
2041-03-05 04:00:00,TRAN-PRV,charging,22.73684210529,YZ,MW
2041-03-06 05:00:00,TRAN-PUB,charging,15.15789473685,YZ,MW
2041-03-07 06:00:00,TRAN-PRV,charging,11.36842105266,YZ,MW
2041-03-08 07:00:00,TRAN-PUB,charging,7.578947368415999,YZ,MW
2041-03-09 08:00:00,TRAN-PRV,charging,12.00000000003,YZ,MW
2041-03-10 09:00:00,TRAN-PUB,charging,8.0,YZ,MW
2041-03-11 10:00:00,TRAN-PRV,charging,8.84210526318,YZ,MW
2041-03-12 11:00:00,TRAN-PUB,charging,5.894736842098,YZ,MW
2041-03-13 12:00:00,TRAN-PRV,charging,13.894736842110001,YZ,MW
2041-03-14 13:00:00,TRAN-PUB,charging,9.26315789474,YZ,MW
2041-03-15 14:00:00,TRAN-PRV,charging,15.789473684219999,YZ,MW
2041-03-16 15:00:00,TRAN-PUB,charging,10.52631578946,YZ,MW
2041-03-17 16:00:00,TRAN-PRV,charging,18.3157894737,YZ,MW
2041-03-18 17:00:00,TRAN-PUB,charging,12.21052631578,YZ,MW
2041-03-19 18:00:00,TRAN-PRV,charging,20.84210526321,YZ,MW
2041-03-20 19:00:00,TRAN-PUB,charging,13.894736842090001,YZ,MW
2041-03-21 20:00:00,TRAN-PRV,charging,18.3157894737,YZ,MW
2041-03-22 21:00:00,TRAN-PUB,charging,12.21052631578,YZ,MW
2041-03-23 22:00:00,TRAN-PRV,charging,30.31578947373,YZ,MW
2041-03-24 23:00:00,TRAN-PUB,charging,20.21052631579,YZ,MW
2041-03-26 00:00:00,TRAN-PRV,charging,31.57894736847,YZ,MW
2041-03-27 01:00:00,TRAN-PUB,charging,21.052631578939998,YZ,MW
2041-03-28 02:00:00,TRAN-PRV,charging,46.10526315795,YZ,MW
2041-03-29 03:00:00,TRAN-PUB,charging,30.73684210527,YZ,MW
2041-03-30 04:00:00,TRAN-PRV,charging,49.2631578948,YZ,MW
2041-03-31 05:00:00,TRAN-PUB,charging,32.84210526315,YZ,MW
2041-04-01 06:00:00,TRAN-PRV,charging,52.42105263161999,YZ,MW
2041-04-02 07:00:00,TRAN-PUB,charging,34.94736842105,YZ,MW
2041-04-03 08:00:00,TRAN-PRV,charging,53.68421052636,YZ,MW
2041-04-04 09:00:00,TRAN-PUB,charging,35.78947368422,YZ,MW
2041-04-05 10:00:00,TRAN-PRV,charging,51.15789473691,YZ,MW
2041-04-06 11:00:00,TRAN-PUB,charging,34.1052631579,YZ,MW
2041-04-07 12:00:00,TRAN-PRV,charging,52.42105263161999,YZ,MW
2041-04-08 13:00:00,TRAN-PUB,charging,34.94736842105,YZ,MW
2041-04-09 14:00:00,TRAN-PRV,charging,40.42105263162,YZ,MW
2041-04-10 15:00:00,TRAN-PUB,charging,26.94736842106,YZ,MW
2041-04-11 16:00:00,TRAN-PRV,charging,34.73684210532,YZ,MW
2041-04-12 17:00:00,TRAN-PUB,charging,23.15789473685,YZ,MW
2041-04-13 18:00:00,TRAN-PRV,charging,29.684210526330002,YZ,MW
2041-04-14 19:00:00,TRAN-PUB,charging,19.78947368422,YZ,MW
2041-04-15 20:00:00,TRAN-PRV,charging,27.15789473685,YZ,MW
2041-04-16 21:00:00,TRAN-PUB,charging,18.105263157899998,YZ,MW
2041-04-17 22:00:00,TRAN-PRV,charging,26.52631578951,YZ,MW
2041-04-18 23:00:00,TRAN-PUB,charging,17.68421052632,YZ,MW
2041-04-20 00:00:00,TRAN-PRV,charging,20.84210526321,YZ,MW
2041-04-21 01:00:00,TRAN-PUB,charging,13.894736842090001,YZ,MW
2041-04-22 02:00:00,TRAN-PRV,charging,20.21052631581,YZ,MW
2041-04-23 03:00:00,TRAN-PUB,charging,13.47368421054,YZ,MW
2041-04-24 04:00:00,TRAN-PRV,charging,22.73684210529,YZ,MW
2041-04-25 05:00:00,TRAN-PUB,charging,15.15789473685,YZ,MW
2041-04-26 06:00:00,TRAN-PRV,charging,23.36842105266,YZ,MW
2041-04-27 07:00:00,TRAN-PUB,charging,15.57894736841,YZ,MW
2041-04-28 08:00:00,TRAN-PRV,charging,18.94736842107,YZ,MW
2041-04-29 09:00:00,TRAN-PUB,charging,12.63157894737,YZ,MW
2041-04-30 10:00:00,TRAN-PRV,charging,12.63157894737,YZ,MW
2041-05-01 11:00:00,TRAN-PUB,charging,8.4210526316,YZ,MW
2041-05-02 12:00:00,TRAN-PRV,charging,2.526315789477,YZ,MW
2041-05-03 13:00:00,TRAN-PUB,charging,1.684210526315,YZ,MW
2041-05-04 14:00:00,TRAN-PRV,charging,13.26315789474,YZ,MW
2041-05-05 15:00:00,TRAN-PUB,charging,8.84210526315,YZ,MW
2041-05-06 16:00:00,TRAN-PRV,charging,7.57894736844,YZ,MW
2041-05-07 17:00:00,TRAN-PUB,charging,5.052631578941,YZ,MW
2041-05-08 18:00:00,TRAN-PRV,charging,25.89473684211,YZ,MW
2041-05-09 19:00:00,TRAN-PUB,charging,17.26315789474,YZ,MW
2041-05-10 20:00:00,TRAN-PRV,charging,30.947368421070003,YZ,MW
2041-05-11 21:00:00,TRAN-PUB,charging,20.631578947370002,YZ,MW
2041-05-12 22:00:00,TRAN-PRV,charging,34.73684210532,YZ,MW
2041-05-13 23:00:00,TRAN-PUB,charging,23.15789473685,YZ,MW
2041-05-15 00:00:00,TRAN-PRV,charging,37.89473684214,YZ,MW
2041-05-16 01:00:00,TRAN-PUB,charging,25.26315789474,YZ,MW
2041-05-17 02:00:00,TRAN-PRV,charging,38.52631578951,YZ,MW
2041-05-18 03:00:00,TRAN-PUB,charging,25.68421052631,YZ,MW
2041-05-19 04:00:00,TRAN-PRV,charging,44.21052631584,YZ,MW
2041-05-20 05:00:00,TRAN-PUB,charging,29.47368421054,YZ,MW
2041-05-21 06:00:00,TRAN-PRV,charging,49.2631578948,YZ,MW
2041-05-22 07:00:00,TRAN-PUB,charging,32.84210526315,YZ,MW
2041-05-23 08:00:00,TRAN-PRV,charging,56.21052631587,YZ,MW
2041-05-24 09:00:00,TRAN-PUB,charging,37.47368421054,YZ,MW
2041-05-25 10:00:00,TRAN-PRV,charging,56.21052631587,YZ,MW
2041-05-26 11:00:00,TRAN-PUB,charging,37.47368421054,YZ,MW
2041-05-27 12:00:00,TRAN-PRV,charging,53.05263157902,YZ,MW
2041-05-28 13:00:00,TRAN-PUB,charging,35.36842105263,YZ,MW
2041-05-29 14:00:00,TRAN-PRV,charging,44.84210526321,YZ,MW
2041-05-30 15:00:00,TRAN-PUB,charging,29.89473684211,YZ,MW
2041-05-31 16:00:00,TRAN-PRV,charging,48.63157894743,YZ,MW
2041-06-01 17:00:00,TRAN-PUB,charging,32.42105263159,YZ,MW
2041-06-02 18:00:00,TRAN-PRV,charging,49.894736842170005,YZ,MW
2041-06-03 19:00:00,TRAN-PUB,charging,33.263157894740004,YZ,MW
2041-06-04 20:00:00,TRAN-PRV,charging,24.00000000003,YZ,MW
2041-06-05 21:00:00,TRAN-PUB,charging,16.0,YZ,MW
2041-06-06 22:00:00,TRAN-PRV,charging,27.15789473685,YZ,MW
2041-06-07 23:00:00,TRAN-PUB,charging,18.105263157899998,YZ,MW
2041-06-09 00:00:00,TRAN-PRV,charging,27.15789473685,YZ,MW
2041-06-10 01:00:00,TRAN-PUB,charging,18.105263157899998,YZ,MW
2041-06-11 02:00:00,TRAN-PRV,charging,25.89473684211,YZ,MW
2041-06-12 03:00:00,TRAN-PUB,charging,17.26315789474,YZ,MW
2041-06-13 04:00:00,TRAN-PRV,charging,15.789473684219999,YZ,MW
2041-06-14 05:00:00,TRAN-PUB,charging,10.52631578946,YZ,MW
2041-06-15 06:00:00,TRAN-PRV,charging,13.894736842110001,YZ,MW
2041-06-16 07:00:00,TRAN-PUB,charging,9.26315789474,YZ,MW
2041-06-17 08:00:00,TRAN-PRV,charging,13.26315789474,YZ,MW
2041-06-18 09:00:00,TRAN-PUB,charging,8.84210526315,YZ,MW
2041-06-19 10:00:00,TRAN-PRV,charging,15.789473684219999,YZ,MW
2041-06-20 11:00:00,TRAN-PUB,charging,10.52631578946,YZ,MW
2041-06-21 12:00:00,TRAN-PRV,charging,12.63157894737,YZ,MW
2041-06-22 13:00:00,TRAN-PUB,charging,8.4210526316,YZ,MW
2041-06-23 14:00:00,TRAN-PRV,charging,12.00000000003,YZ,MW
2041-06-24 15:00:00,TRAN-PUB,charging,8.0,YZ,MW
2041-06-25 16:00:00,TRAN-PRV,charging,13.26315789474,YZ,MW
2041-06-26 17:00:00,TRAN-PUB,charging,8.84210526315,YZ,MW
2041-06-27 18:00:00,TRAN-PRV,charging,12.00000000003,YZ,MW
2041-06-28 19:00:00,TRAN-PUB,charging,8.0,YZ,MW
2041-06-29 20:00:00,TRAN-PRV,charging,27.78947368425,YZ,MW
2041-06-30 21:00:00,TRAN-PUB,charging,18.52631578947,YZ,MW
2041-07-01 22:00:00,TRAN-PRV,charging,27.15789473685,YZ,MW
2041-07-02 23:00:00,TRAN-PUB,charging,18.105263157899998,YZ,MW
2041-07-04 00:00:00,TRAN-PRV,charging,44.21052631584,YZ,MW
2041-07-05 01:00:00,TRAN-PUB,charging,29.47368421054,YZ,MW
2041-07-06 02:00:00,TRAN-PRV,charging,42.9473684211,YZ,MW
2041-07-07 03:00:00,TRAN-PUB,charging,28.631578947370002,YZ,MW
2041-07-08 04:00:00,TRAN-PRV,charging,51.15789473691,YZ,MW
2041-07-09 05:00:00,TRAN-PUB,charging,34.1052631579,YZ,MW
2041-07-10 06:00:00,TRAN-PRV,charging,53.05263157902,YZ,MW
2041-07-11 07:00:00,TRAN-PUB,charging,35.36842105263,YZ,MW
2041-07-12 08:00:00,TRAN-PRV,charging,52.42105263161999,YZ,MW
2041-07-13 09:00:00,TRAN-PUB,charging,34.94736842105,YZ,MW
2041-07-14 10:00:00,TRAN-PRV,charging,53.68421052636,YZ,MW
2041-07-15 11:00:00,TRAN-PUB,charging,35.78947368422,YZ,MW
2041-07-16 12:00:00,TRAN-PRV,charging,49.2631578948,YZ,MW
2041-07-17 13:00:00,TRAN-PUB,charging,32.84210526315,YZ,MW
2041-07-18 14:00:00,TRAN-PRV,charging,44.84210526321,YZ,MW
2041-07-19 15:00:00,TRAN-PUB,charging,29.89473684211,YZ,MW
2041-07-20 16:00:00,TRAN-PRV,charging,36.00000000003,YZ,MW
2041-07-21 17:00:00,TRAN-PUB,charging,24.0,YZ,MW
2041-07-22 18:00:00,TRAN-PRV,charging,30.31578947373,YZ,MW
2041-07-23 19:00:00,TRAN-PUB,charging,20.21052631579,YZ,MW
2041-07-24 20:00:00,TRAN-PRV,charging,30.31578947373,YZ,MW
2041-07-25 21:00:00,TRAN-PUB,charging,20.21052631579,YZ,MW
2041-07-26 22:00:00,TRAN-PRV,charging,27.78947368425,YZ,MW
2041-07-27 23:00:00,TRAN-PUB,charging,18.52631578947,YZ,MW
2041-07-29 00:00:00,TRAN-PRV,charging,28.42105263162,YZ,MW
2041-07-30 01:00:00,TRAN-PUB,charging,18.947368421060002,YZ,MW
2041-07-31 02:00:00,TRAN-PRV,charging,24.00000000003,YZ,MW
2041-08-01 03:00:00,TRAN-PUB,charging,16.0,YZ,MW
2041-08-02 04:00:00,TRAN-PRV,charging,26.52631578951,YZ,MW
2041-08-03 05:00:00,TRAN-PUB,charging,17.68421052632,YZ,MW
2041-08-04 06:00:00,TRAN-PRV,charging,22.73684210529,YZ,MW
2041-08-05 07:00:00,TRAN-PUB,charging,15.15789473685,YZ,MW
2041-08-06 08:00:00,TRAN-PRV,charging,17.684210526330002,YZ,MW
2041-08-07 09:00:00,TRAN-PUB,charging,11.789473684219999,YZ,MW
2041-08-08 10:00:00,TRAN-PRV,charging,4.421052631584,YZ,MW
2041-08-09 11:00:00,TRAN-PUB,charging,2.947368421054,YZ,MW
2041-08-10 12:00:00,TRAN-PRV,charging,14.526315789509999,YZ,MW
2041-08-11 13:00:00,TRAN-PUB,charging,9.68421052632,YZ,MW
2041-08-12 14:00:00,TRAN-PRV,charging,5.684210526324,YZ,MW
2041-08-13 15:00:00,TRAN-PUB,charging,3.789473684211,YZ,MW
2041-08-14 16:00:00,TRAN-PRV,charging,20.21052631581,YZ,MW
2041-08-15 17:00:00,TRAN-PUB,charging,13.47368421054,YZ,MW
2041-08-16 18:00:00,TRAN-PRV,charging,25.89473684211,YZ,MW
2041-08-17 19:00:00,TRAN-PUB,charging,17.26315789474,YZ,MW
2041-08-18 20:00:00,TRAN-PRV,charging,30.31578947373,YZ,MW
2041-08-19 21:00:00,TRAN-PUB,charging,20.21052631579,YZ,MW
2041-08-20 22:00:00,TRAN-PRV,charging,32.21052631584,YZ,MW
2041-08-21 23:00:00,TRAN-PUB,charging,21.47368421054,YZ,MW
2041-08-23 00:00:00,TRAN-PRV,charging,33.47368421058,YZ,MW
2041-08-24 01:00:00,TRAN-PUB,charging,22.31578947368,YZ,MW
2041-08-25 02:00:00,TRAN-PRV,charging,42.31578947376,YZ,MW
2041-08-26 03:00:00,TRAN-PUB,charging,28.2105263158,YZ,MW
2041-08-27 04:00:00,TRAN-PRV,charging,49.2631578948,YZ,MW
2041-08-28 05:00:00,TRAN-PUB,charging,32.84210526315,YZ,MW
2041-08-29 06:00:00,TRAN-PRV,charging,54.947368421099995,YZ,MW
2041-08-30 07:00:00,TRAN-PUB,charging,36.63157894737,YZ,MW
2041-08-31 08:00:00,TRAN-PRV,charging,55.5789473685,YZ,MW
2041-09-01 09:00:00,TRAN-PUB,charging,37.05263157895,YZ,MW
2041-09-02 10:00:00,TRAN-PRV,charging,54.315789473760006,YZ,MW
2041-09-03 11:00:00,TRAN-PUB,charging,36.21052631579,YZ,MW
2041-09-04 12:00:00,TRAN-PRV,charging,54.947368421099995,YZ,MW
2041-09-05 13:00:00,TRAN-PUB,charging,36.63157894737,YZ,MW
2041-09-06 14:00:00,TRAN-PRV,charging,54.947368421099995,YZ,MW
2041-09-07 15:00:00,TRAN-PUB,charging,36.63157894737,YZ,MW
2041-09-08 16:00:00,TRAN-PRV,charging,55.5789473685,YZ,MW
2041-09-09 17:00:00,TRAN-PUB,charging,37.05263157895,YZ,MW
2041-09-10 18:00:00,TRAN-PRV,charging,24.631578947399998,YZ,MW
2041-09-11 19:00:00,TRAN-PUB,charging,16.4210526316,YZ,MW
2041-09-12 20:00:00,TRAN-PRV,charging,27.15789473685,YZ,MW
2041-09-13 21:00:00,TRAN-PUB,charging,18.105263157899998,YZ,MW
2041-09-14 22:00:00,TRAN-PRV,charging,28.42105263162,YZ,MW
2041-09-15 23:00:00,TRAN-PUB,charging,18.947368421060002,YZ,MW
2041-09-17 00:00:00,TRAN-PRV,charging,28.42105263162,YZ,MW
2041-09-18 01:00:00,TRAN-PUB,charging,18.947368421060002,YZ,MW
2041-09-19 02:00:00,TRAN-PRV,charging,23.36842105266,YZ,MW
2041-09-20 03:00:00,TRAN-PUB,charging,15.57894736841,YZ,MW
2041-09-21 04:00:00,TRAN-PRV,charging,22.10526315792,YZ,MW
2041-09-22 05:00:00,TRAN-PUB,charging,14.73684210527,YZ,MW
2041-09-23 06:00:00,TRAN-PRV,charging,21.47368421055,YZ,MW
2041-09-24 07:00:00,TRAN-PUB,charging,14.31578947368,YZ,MW
2041-09-25 08:00:00,TRAN-PRV,charging,20.84210526321,YZ,MW
2041-09-26 09:00:00,TRAN-PUB,charging,13.894736842090001,YZ,MW
2041-09-27 10:00:00,TRAN-PRV,charging,17.684210526330002,YZ,MW
2041-09-28 11:00:00,TRAN-PUB,charging,11.789473684219999,YZ,MW
2041-09-29 12:00:00,TRAN-PRV,charging,13.26315789474,YZ,MW
2041-09-30 13:00:00,TRAN-PUB,charging,8.84210526315,YZ,MW
2041-10-01 14:00:00,TRAN-PRV,charging,11.36842105266,YZ,MW
2041-10-02 15:00:00,TRAN-PUB,charging,7.578947368415999,YZ,MW
2041-10-03 16:00:00,TRAN-PRV,charging,10.10526315792,YZ,MW
2041-10-04 17:00:00,TRAN-PUB,charging,6.736842105256,YZ,MW
2041-10-05 18:00:00,TRAN-PRV,charging,28.42105263162,YZ,MW
2041-10-06 19:00:00,TRAN-PUB,charging,18.947368421060002,YZ,MW
2041-10-07 20:00:00,TRAN-PRV,charging,26.52631578951,YZ,MW
2041-10-08 21:00:00,TRAN-PUB,charging,17.68421052632,YZ,MW
2041-10-09 22:00:00,TRAN-PRV,charging,39.789473684250005,YZ,MW
2041-10-10 23:00:00,TRAN-PUB,charging,26.52631578947,YZ,MW
2041-10-12 00:00:00,TRAN-PRV,charging,43.57894736847,YZ,MW
2041-10-13 01:00:00,TRAN-PUB,charging,29.05263157895,YZ,MW
2041-10-14 02:00:00,TRAN-PRV,charging,48.00000000006,YZ,MW
2041-10-15 03:00:00,TRAN-PUB,charging,32.0,YZ,MW
2041-10-16 04:00:00,TRAN-PRV,charging,49.894736842170005,YZ,MW
2041-10-17 05:00:00,TRAN-PUB,charging,33.263157894740004,YZ,MW
2041-10-18 06:00:00,TRAN-PRV,charging,49.894736842170005,YZ,MW
2041-10-19 07:00:00,TRAN-PUB,charging,33.263157894740004,YZ,MW
2041-10-20 08:00:00,TRAN-PRV,charging,53.68421052636,YZ,MW
2041-10-21 09:00:00,TRAN-PUB,charging,35.78947368422,YZ,MW
2041-10-22 10:00:00,TRAN-PRV,charging,55.5789473685,YZ,MW
2041-10-23 11:00:00,TRAN-PUB,charging,37.05263157895,YZ,MW
2041-10-24 12:00:00,TRAN-PRV,charging,53.68421052636,YZ,MW
2041-10-25 13:00:00,TRAN-PUB,charging,35.78947368422,YZ,MW
2041-10-26 14:00:00,TRAN-PRV,charging,44.84210526321,YZ,MW
2041-10-27 15:00:00,TRAN-PUB,charging,29.89473684211,YZ,MW
2041-10-28 16:00:00,TRAN-PRV,charging,35.36842105269,YZ,MW
2041-10-29 17:00:00,TRAN-PUB,charging,23.57894736841,YZ,MW
2041-10-30 18:00:00,TRAN-PRV,charging,32.21052631584,YZ,MW
2041-10-31 19:00:00,TRAN-PUB,charging,21.47368421054,YZ,MW
2041-11-01 20:00:00,TRAN-PRV,charging,40.42105263162,YZ,MW
2041-11-02 21:00:00,TRAN-PUB,charging,26.94736842106,YZ,MW
2041-11-03 22:00:00,TRAN-PRV,charging,44.84210526321,YZ,MW
2041-11-04 23:00:00,TRAN-PUB,charging,29.89473684211,YZ,MW
2041-11-06 00:00:00,TRAN-PRV,charging,25.26315789477,YZ,MW
2041-11-07 01:00:00,TRAN-PUB,charging,16.84210526315,YZ,MW
2041-11-08 02:00:00,TRAN-PRV,charging,28.42105263162,YZ,MW
2041-11-09 03:00:00,TRAN-PUB,charging,18.947368421060002,YZ,MW
2041-11-10 04:00:00,TRAN-PRV,charging,26.52631578951,YZ,MW
2041-11-11 05:00:00,TRAN-PUB,charging,17.68421052632,YZ,MW
2041-11-12 06:00:00,TRAN-PRV,charging,22.73684210529,YZ,MW
2041-11-13 07:00:00,TRAN-PUB,charging,15.15789473685,YZ,MW
2041-11-14 08:00:00,TRAN-PRV,charging,8.21052631581,YZ,MW
2041-11-15 09:00:00,TRAN-PUB,charging,5.473684210529,YZ,MW
2041-11-16 10:00:00,TRAN-PRV,charging,18.3157894737,YZ,MW
2041-11-17 11:00:00,TRAN-PUB,charging,12.21052631578,YZ,MW
2041-11-18 12:00:00,TRAN-PRV,charging,13.26315789474,YZ,MW
2041-11-19 13:00:00,TRAN-PUB,charging,8.84210526315,YZ,MW
2041-11-20 14:00:00,TRAN-PRV,charging,15.789473684219999,YZ,MW
2041-11-21 15:00:00,TRAN-PUB,charging,10.52631578946,YZ,MW
2041-11-22 16:00:00,TRAN-PRV,charging,20.84210526321,YZ,MW
2041-11-23 17:00:00,TRAN-PUB,charging,13.894736842090001,YZ,MW
2041-11-24 18:00:00,TRAN-PRV,charging,25.89473684211,YZ,MW
2041-11-25 19:00:00,TRAN-PUB,charging,17.26315789474,YZ,MW
2041-11-26 20:00:00,TRAN-PRV,charging,29.05263157899,YZ,MW
2041-11-27 21:00:00,TRAN-PUB,charging,19.368421052619997,YZ,MW
2041-11-28 22:00:00,TRAN-PRV,charging,30.947368421070003,YZ,MW
2041-11-29 23:00:00,TRAN-PUB,charging,20.631578947370002,YZ,MW
2041-12-01 00:00:00,TRAN-PRV,charging,39.157894736879996,YZ,MW
2041-12-02 01:00:00,TRAN-PUB,charging,26.105263157899998,YZ,MW
2041-12-03 02:00:00,TRAN-PRV,charging,47.36842105269,YZ,MW
2041-12-04 03:00:00,TRAN-PUB,charging,31.57894736841,YZ,MW
2041-12-05 04:00:00,TRAN-PRV,charging,52.42105263161999,YZ,MW
2041-12-06 05:00:00,TRAN-PUB,charging,34.94736842105,YZ,MW
2041-12-07 06:00:00,TRAN-PRV,charging,53.68421052636,YZ,MW
2041-12-08 07:00:00,TRAN-PUB,charging,35.78947368422,YZ,MW
2041-12-09 08:00:00,TRAN-PRV,charging,54.315789473760006,YZ,MW
2041-12-10 09:00:00,TRAN-PUB,charging,36.21052631579,YZ,MW
2041-12-11 10:00:00,TRAN-PRV,charging,53.68421052636,YZ,MW
2041-12-12 11:00:00,TRAN-PUB,charging,35.78947368422,YZ,MW
2041-12-13 12:00:00,TRAN-PRV,charging,49.2631578948,YZ,MW
2041-12-14 13:00:00,TRAN-PUB,charging,32.84210526315,YZ,MW
2041-12-15 14:00:00,TRAN-PRV,charging,54.947368421099995,YZ,MW
2041-12-16 15:00:00,TRAN-PUB,charging,36.63157894737,YZ,MW
2041-12-17 16:00:00,TRAN-PRV,charging,55.5789473685,YZ,MW
2041-12-18 17:00:00,TRAN-PUB,charging,37.05263157895,YZ,MW
2041-12-19 18:00:00,TRAN-PRV,charging,56.21052631587,YZ,MW
2041-12-20 19:00:00,TRAN-PUB,charging,37.47368421054,YZ,MW
2041-12-21 20:00:00,TRAN-PRV,charging,48.00000000006,YZ,MW
2041-12-22 21:00:00,TRAN-PUB,charging,32.0,YZ,MW
2041-12-23 22:00:00,TRAN-PRV,charging,32.21052631584,YZ,MW
2041-12-24 23:00:00,TRAN-PUB,charging,21.47368421054,YZ,MW
2041-12-26 00:00:00,TRAN-PRV,charging,27.15789473685,YZ,MW
2041-12-27 01:00:00,TRAN-PUB,charging,18.105263157899998,YZ,MW
2041-12-28 02:00:00,TRAN-PRV,charging,19.578947368439998,YZ,MW
2041-12-29 03:00:00,TRAN-PUB,charging,13.05263157894,YZ,MW
2041-12-30 04:00:00,TRAN-PRV,charging,24.00000000003,YZ,MW
2041-12-31 05:00:00,TRAN-PUB,charging,16.0,YZ,MW
2042-01-01 06:00:00,TRAN-PRV,charging,35.36842105269,YZ,MW
2042-01-02 07:00:00,TRAN-PUB,charging,23.57894736841,YZ,MW
2040-01-01 00:00:00,TRAN-PRV,load,37.25,YZ,MW
2040-01-02 01:00:00,TRAN-PUB,load,1851.3600000000001,YZ,MW
2040-01-03 02:00:00,TRAN-PRV,load,178.8,YZ,MW
2040-01-04 03:00:00,TRAN-PUB,load,1851.3600000000001,YZ,MW
2040-01-05 04:00:00,TRAN-PRV,load,417.2,YZ,MW
2040-01-06 05:00:00,TRAN-PUB,load,1851.3600000000001,YZ,MW
2040-01-07 06:00:00,TRAN-PRV,load,476.8,YZ,MW
2040-01-08 07:00:00,TRAN-PUB,load,1851.3600000000001,YZ,MW
2040-01-09 08:00:00,TRAN-PRV,load,536.4,YZ,MW
2040-01-10 09:00:00,TRAN-PUB,load,1851.3600000000001,YZ,MW
2040-01-11 10:00:00,TRAN-PRV,load,365.04999999999995,YZ,MW
2040-01-12 11:00:00,TRAN-PUB,load,1851.3600000000001,YZ,MW
2040-01-13 12:00:00,TRAN-PRV,load,111.75,YZ,MW
2040-01-14 13:00:00,TRAN-PUB,load,1851.3600000000001,YZ,MW
2040-01-15 14:00:00,TRAN-PRV,load,1065.35,YZ,MW
2040-01-16 15:00:00,TRAN-PUB,load,1851.3600000000001,YZ,MW
2040-01-17 16:00:00,TRAN-PRV,load,1236.6999999999998,YZ,MW
2040-01-18 17:00:00,TRAN-PUB,load,1851.3600000000001,YZ,MW
2040-01-19 18:00:00,TRAN-PRV,load,1236.6999999999998,YZ,MW
2040-01-20 19:00:00,TRAN-PUB,load,1851.3600000000001,YZ,MW
2040-01-21 20:00:00,TRAN-PRV,load,1221.8,YZ,MW
2040-01-22 21:00:00,TRAN-PUB,load,1851.3600000000001,YZ,MW
2040-01-23 22:00:00,TRAN-PRV,load,1162.2,YZ,MW
2040-01-24 23:00:00,TRAN-PUB,load,1851.3600000000001,YZ,MW
2040-01-26 00:00:00,TRAN-PRV,load,633.25,YZ,MW
2040-01-27 01:00:00,TRAN-PUB,load,1851.3600000000001,YZ,MW
2040-01-28 02:00:00,TRAN-PRV,load,365.04999999999995,YZ,MW
2040-01-29 03:00:00,TRAN-PUB,load,1851.3600000000001,YZ,MW
2040-01-30 04:00:00,TRAN-PRV,load,1266.5,YZ,MW
2040-01-31 05:00:00,TRAN-PUB,load,1851.3600000000001,YZ,MW
2040-02-01 06:00:00,TRAN-PRV,load,1415.5,YZ,MW
2040-02-02 07:00:00,TRAN-PUB,load,1851.3600000000001,YZ,MW
2040-02-03 08:00:00,TRAN-PRV,load,1437.85,YZ,MW
2040-02-04 09:00:00,TRAN-PUB,load,1851.3600000000001,YZ,MW
2040-02-05 10:00:00,TRAN-PRV,load,1296.3,YZ,MW
2040-02-06 11:00:00,TRAN-PUB,load,1851.3600000000001,YZ,MW
2040-02-07 12:00:00,TRAN-PRV,load,1087.6999999999998,YZ,MW
2040-02-08 13:00:00,TRAN-PUB,load,1851.3600000000001,YZ,MW
2040-02-09 14:00:00,TRAN-PRV,load,424.65000000000003,YZ,MW
2040-02-10 15:00:00,TRAN-PUB,load,1851.3600000000001,YZ,MW
2040-02-11 16:00:00,TRAN-PRV,load,260.75,YZ,MW
2040-02-12 17:00:00,TRAN-PUB,load,1851.3600000000001,YZ,MW
2040-02-13 18:00:00,TRAN-PRV,load,804.5999999999999,YZ,MW
2040-02-14 19:00:00,TRAN-PUB,load,1851.3600000000001,YZ,MW
2040-02-15 20:00:00,TRAN-PRV,load,834.4,YZ,MW
2040-02-16 21:00:00,TRAN-PUB,load,1851.3600000000001,YZ,MW
2040-02-17 22:00:00,TRAN-PRV,load,759.9000000000001,YZ,MW
2040-02-18 23:00:00,TRAN-PUB,load,1851.3600000000001,YZ,MW
2040-02-20 00:00:00,TRAN-PRV,load,700.3,YZ,MW
2040-02-21 01:00:00,TRAN-PUB,load,1851.3600000000001,YZ,MW
2040-02-22 02:00:00,TRAN-PRV,load,528.95,YZ,MW
2040-02-23 03:00:00,TRAN-PUB,load,1851.3600000000001,YZ,MW
2040-02-24 04:00:00,TRAN-PRV,load,141.55,YZ,MW
2040-02-25 05:00:00,TRAN-PUB,load,1851.3600000000001,YZ,MW
2040-02-26 06:00:00,TRAN-PRV,load,417.2,YZ,MW
2040-02-27 07:00:00,TRAN-PUB,load,1851.3600000000001,YZ,MW
2040-02-28 08:00:00,TRAN-PRV,load,700.3,YZ,MW
2040-02-29 09:00:00,TRAN-PUB,load,1851.3600000000001,YZ,MW
2040-03-01 10:00:00,TRAN-PRV,load,968.4999999999999,YZ,MW
2040-03-02 11:00:00,TRAN-PUB,load,1851.3600000000001,YZ,MW
2040-03-03 12:00:00,TRAN-PRV,load,1244.15,YZ,MW
2040-03-04 13:00:00,TRAN-PUB,load,1851.3600000000001,YZ,MW
2040-03-05 14:00:00,TRAN-PRV,load,1192.0,YZ,MW
2040-03-06 15:00:00,TRAN-PUB,load,1851.3600000000001,YZ,MW
2040-03-07 16:00:00,TRAN-PRV,load,573.6500000000001,YZ,MW
2040-03-08 17:00:00,TRAN-PUB,load,1851.3600000000001,YZ,MW
2040-03-09 18:00:00,TRAN-PRV,load,193.7,YZ,MW
2040-03-10 19:00:00,TRAN-PUB,load,1851.3600000000001,YZ,MW
2040-03-11 20:00:00,TRAN-PRV,load,1132.4,YZ,MW
2040-03-12 21:00:00,TRAN-PUB,load,1851.3600000000001,YZ,MW
2040-03-13 22:00:00,TRAN-PRV,load,1266.5,YZ,MW
2040-03-14 23:00:00,TRAN-PUB,load,1851.3600000000001,YZ,MW
2040-03-16 00:00:00,TRAN-PRV,load,1311.2,YZ,MW
2040-03-17 01:00:00,TRAN-PUB,load,1851.3600000000001,YZ,MW
2040-03-18 02:00:00,TRAN-PRV,load,1326.1,YZ,MW
2040-03-19 03:00:00,TRAN-PUB,load,1851.3600000000001,YZ,MW
2040-03-20 04:00:00,TRAN-PRV,load,1311.2,YZ,MW
2040-03-21 05:00:00,TRAN-PUB,load,1851.3600000000001,YZ,MW
2040-03-22 06:00:00,TRAN-PRV,load,596.0,YZ,MW
2040-03-23 07:00:00,TRAN-PUB,load,1851.3600000000001,YZ,MW
2040-03-24 08:00:00,TRAN-PRV,load,342.7,YZ,MW
2040-03-25 09:00:00,TRAN-PUB,load,1851.3600000000001,YZ,MW
2040-03-26 10:00:00,TRAN-PRV,load,1124.9500000000003,YZ,MW
2040-03-27 11:00:00,TRAN-PUB,load,1851.3600000000001,YZ,MW
2040-03-28 12:00:00,TRAN-PRV,load,1184.55,YZ,MW
2040-03-29 13:00:00,TRAN-PUB,load,1851.3600000000001,YZ,MW
2040-03-30 14:00:00,TRAN-PRV,load,1095.15,YZ,MW
2040-03-31 15:00:00,TRAN-PUB,load,1851.3600000000001,YZ,MW
2040-04-01 16:00:00,TRAN-PRV,load,931.25,YZ,MW
2040-04-02 17:00:00,TRAN-PUB,load,1851.3600000000001,YZ,MW
2040-04-03 18:00:00,TRAN-PRV,load,797.15,YZ,MW
2040-04-04 19:00:00,TRAN-PUB,load,1851.3600000000001,YZ,MW
2040-04-05 20:00:00,TRAN-PRV,load,298.0,YZ,MW
2040-04-06 21:00:00,TRAN-PUB,load,1851.3600000000001,YZ,MW
2040-04-07 22:00:00,TRAN-PRV,load,253.29999999999998,YZ,MW
2040-04-08 23:00:00,TRAN-PUB,load,1851.3600000000001,YZ,MW
2040-04-10 00:00:00,TRAN-PRV,load,670.5,YZ,MW
2040-04-11 01:00:00,TRAN-PUB,load,1851.3600000000001,YZ,MW
2040-04-12 02:00:00,TRAN-PRV,load,685.4,YZ,MW
2040-04-13 03:00:00,TRAN-PUB,load,1851.3600000000001,YZ,MW
2040-04-14 04:00:00,TRAN-PRV,load,640.7,YZ,MW
2040-04-15 05:00:00,TRAN-PUB,load,1851.3600000000001,YZ,MW
2040-04-16 06:00:00,TRAN-PRV,load,588.55,YZ,MW
2040-04-17 07:00:00,TRAN-PUB,load,1851.3600000000001,YZ,MW
2040-04-18 08:00:00,TRAN-PRV,load,424.65000000000003,YZ,MW
2040-04-19 09:00:00,TRAN-PUB,load,1851.3600000000001,YZ,MW
2040-04-20 10:00:00,TRAN-PRV,load,111.75,YZ,MW
2040-04-21 11:00:00,TRAN-PUB,load,1851.3600000000001,YZ,MW
2040-04-22 12:00:00,TRAN-PRV,load,1057.9,YZ,MW
2040-04-23 13:00:00,TRAN-PUB,load,1851.3600000000001,YZ,MW
2040-04-24 14:00:00,TRAN-PRV,load,1318.6499999999999,YZ,MW
2040-04-25 15:00:00,TRAN-PUB,load,1851.3600000000001,YZ,MW
2040-04-26 16:00:00,TRAN-PRV,load,1303.75,YZ,MW
2040-04-27 17:00:00,TRAN-PUB,load,1851.3600000000001,YZ,MW
2040-04-28 18:00:00,TRAN-PRV,load,1259.05,YZ,MW
2040-04-29 19:00:00,TRAN-PUB,load,1851.3600000000001,YZ,MW
2040-04-30 20:00:00,TRAN-PRV,load,1147.3000000000002,YZ,MW
2040-05-01 21:00:00,TRAN-PUB,load,1851.3600000000001,YZ,MW
2040-05-02 22:00:00,TRAN-PRV,load,685.4,YZ,MW
2040-05-03 23:00:00,TRAN-PUB,load,1851.3600000000001,YZ,MW
2040-05-05 00:00:00,TRAN-PRV,load,372.5,YZ,MW
2040-05-06 01:00:00,TRAN-PUB,load,1851.3600000000001,YZ,MW
2040-05-07 02:00:00,TRAN-PRV,load,1199.45,YZ,MW
2040-05-08 03:00:00,TRAN-PUB,load,1851.3600000000001,YZ,MW
2040-05-09 04:00:00,TRAN-PRV,load,1385.7,YZ,MW
2040-05-10 05:00:00,TRAN-PUB,load,1851.3600000000001,YZ,MW
2040-05-11 06:00:00,TRAN-PRV,load,1467.6499999999999,YZ,MW
2040-05-12 07:00:00,TRAN-PUB,load,1851.3600000000001,YZ,MW
2040-05-13 08:00:00,TRAN-PRV,load,1460.1999999999998,YZ,MW
2040-05-14 09:00:00,TRAN-PUB,load,1851.3600000000001,YZ,MW
2040-05-15 10:00:00,TRAN-PRV,load,1214.35,YZ,MW
2040-05-16 11:00:00,TRAN-PUB,load,1851.3600000000001,YZ,MW
2040-05-17 12:00:00,TRAN-PRV,load,551.3,YZ,MW
2040-05-18 13:00:00,TRAN-PUB,load,1851.3600000000001,YZ,MW
2040-05-19 14:00:00,TRAN-PRV,load,342.7,YZ,MW
2040-05-20 15:00:00,TRAN-PUB,load,1851.3600000000001,YZ,MW
2040-05-21 16:00:00,TRAN-PRV,load,901.45,YZ,MW
2040-05-22 17:00:00,TRAN-PUB,load,1851.3600000000001,YZ,MW
2040-05-23 18:00:00,TRAN-PRV,load,901.45,YZ,MW
2040-05-24 19:00:00,TRAN-PUB,load,1851.3600000000001,YZ,MW
2040-05-25 20:00:00,TRAN-PRV,load,871.65,YZ,MW
2040-05-26 21:00:00,TRAN-PUB,load,1851.3600000000001,YZ,MW
2040-05-27 22:00:00,TRAN-PRV,load,789.7,YZ,MW
2040-05-28 23:00:00,TRAN-PUB,load,1851.3600000000001,YZ,MW
2040-05-30 00:00:00,TRAN-PRV,load,588.55,YZ,MW
2040-05-31 01:00:00,TRAN-PUB,load,1851.3600000000001,YZ,MW
2040-06-01 02:00:00,TRAN-PRV,load,186.25,YZ,MW
2040-06-02 03:00:00,TRAN-PUB,load,1851.3600000000001,YZ,MW
2040-06-03 04:00:00,TRAN-PRV,load,327.8,YZ,MW
2040-06-04 05:00:00,TRAN-PUB,load,1851.3600000000001,YZ,MW
2040-06-05 06:00:00,TRAN-PRV,load,625.8,YZ,MW
2040-06-06 07:00:00,TRAN-PUB,load,1851.3600000000001,YZ,MW
2040-06-07 08:00:00,TRAN-PRV,load,745.0,YZ,MW
2040-06-08 09:00:00,TRAN-PUB,load,1851.3600000000001,YZ,MW
2040-06-09 10:00:00,TRAN-PRV,load,1035.55,YZ,MW
2040-06-10 11:00:00,TRAN-PUB,load,1851.3600000000001,YZ,MW
2040-06-11 12:00:00,TRAN-PRV,load,1251.6,YZ,MW
2040-06-12 13:00:00,TRAN-PUB,load,1851.3600000000001,YZ,MW
2040-06-13 14:00:00,TRAN-PRV,load,670.5,YZ,MW
2040-06-14 15:00:00,TRAN-PUB,load,1851.3600000000001,YZ,MW
2040-06-15 16:00:00,TRAN-PRV,load,208.6,YZ,MW
2040-06-16 17:00:00,TRAN-PUB,load,1851.3600000000001,YZ,MW
2040-06-17 18:00:00,TRAN-PRV,load,1214.35,YZ,MW
2040-06-18 19:00:00,TRAN-PUB,load,1851.3600000000001,YZ,MW
2040-06-19 20:00:00,TRAN-PRV,load,1341.0,YZ,MW
2040-06-20 21:00:00,TRAN-PUB,load,1851.3600000000001,YZ,MW
2040-06-21 22:00:00,TRAN-PRV,load,1378.25,YZ,MW
2040-06-22 23:00:00,TRAN-PUB,load,1851.3600000000001,YZ,MW
2040-06-24 00:00:00,TRAN-PRV,load,1348.45,YZ,MW
2040-06-25 01:00:00,TRAN-PUB,load,1851.3600000000001,YZ,MW
2040-06-26 02:00:00,TRAN-PRV,load,499.15,YZ,MW
2040-06-27 03:00:00,TRAN-PUB,load,1851.3600000000001,YZ,MW
2040-06-28 04:00:00,TRAN-PRV,load,596.0,YZ,MW
2040-06-29 05:00:00,TRAN-PUB,load,1851.3600000000001,YZ,MW
2040-06-30 06:00:00,TRAN-PRV,load,350.15,YZ,MW
2040-07-01 07:00:00,TRAN-PUB,load,1851.3600000000001,YZ,MW
2040-07-02 08:00:00,TRAN-PRV,load,506.59999999999997,YZ,MW
2040-07-03 09:00:00,TRAN-PUB,load,1851.3600000000001,YZ,MW
2040-07-04 10:00:00,TRAN-PRV,load,1273.95,YZ,MW
2040-07-05 11:00:00,TRAN-PUB,load,1851.3600000000001,YZ,MW
2040-07-06 12:00:00,TRAN-PRV,load,1296.3,YZ,MW
2040-07-07 13:00:00,TRAN-PUB,load,1851.3600000000001,YZ,MW
2040-07-08 14:00:00,TRAN-PRV,load,1154.75,YZ,MW
2040-07-09 15:00:00,TRAN-PUB,load,1851.3600000000001,YZ,MW
2040-07-10 16:00:00,TRAN-PRV,load,953.6,YZ,MW
2040-07-11 17:00:00,TRAN-PUB,load,1851.3600000000001,YZ,MW
2040-07-12 18:00:00,TRAN-PRV,load,417.2,YZ,MW
2040-07-13 19:00:00,TRAN-PUB,load,1851.3600000000001,YZ,MW
2040-07-14 20:00:00,TRAN-PRV,load,298.0,YZ,MW
2040-07-15 21:00:00,TRAN-PUB,load,1851.3600000000001,YZ,MW
2040-07-16 22:00:00,TRAN-PRV,load,745.0,YZ,MW
2040-07-17 23:00:00,TRAN-PUB,load,1851.3600000000001,YZ,MW
2040-07-19 00:00:00,TRAN-PRV,load,745.0,YZ,MW
2040-07-20 01:00:00,TRAN-PUB,load,1851.3600000000001,YZ,MW
2040-07-21 02:00:00,TRAN-PRV,load,715.2,YZ,MW
2040-07-22 03:00:00,TRAN-PUB,load,1851.3600000000001,YZ,MW
2040-07-23 04:00:00,TRAN-PRV,load,648.15,YZ,MW
2040-07-24 05:00:00,TRAN-PUB,load,1851.3600000000001,YZ,MW
2040-07-25 06:00:00,TRAN-PRV,load,447.0,YZ,MW
2040-07-26 07:00:00,TRAN-PUB,load,1851.3600000000001,YZ,MW
2040-07-27 08:00:00,TRAN-PRV,load,126.64999999999999,YZ,MW
2040-07-28 09:00:00,TRAN-PUB,load,1851.3600000000001,YZ,MW
2040-07-29 10:00:00,TRAN-PRV,load,908.9,YZ,MW
2040-07-30 11:00:00,TRAN-PUB,load,1851.3600000000001,YZ,MW
2040-07-31 12:00:00,TRAN-PRV,load,1393.15,YZ,MW
2040-08-01 13:00:00,TRAN-PUB,load,1851.3600000000001,YZ,MW
2040-08-02 14:00:00,TRAN-PRV,load,1460.1999999999998,YZ,MW
2040-08-03 15:00:00,TRAN-PUB,load,1851.3600000000001,YZ,MW
2040-08-04 16:00:00,TRAN-PRV,load,1408.0500000000002,YZ,MW
2040-08-05 17:00:00,TRAN-PUB,load,1851.3600000000001,YZ,MW
2040-08-06 18:00:00,TRAN-PRV,load,1273.95,YZ,MW
2040-08-07 19:00:00,TRAN-PUB,load,1851.3600000000001,YZ,MW
2040-08-08 20:00:00,TRAN-PRV,load,752.45,YZ,MW
2040-08-09 21:00:00,TRAN-PUB,load,1851.3600000000001,YZ,MW
2040-08-10 22:00:00,TRAN-PRV,load,402.29999999999995,YZ,MW
2040-08-11 23:00:00,TRAN-PUB,load,1851.3600000000001,YZ,MW
2040-08-13 00:00:00,TRAN-PRV,load,1273.95,YZ,MW
2040-08-14 01:00:00,TRAN-PUB,load,1851.3600000000001,YZ,MW
2040-08-15 02:00:00,TRAN-PRV,load,1422.95,YZ,MW
2040-08-16 03:00:00,TRAN-PUB,load,1851.3600000000001,YZ,MW
2040-08-17 04:00:00,TRAN-PRV,load,1512.3500000000001,YZ,MW
2040-08-18 05:00:00,TRAN-PUB,load,1851.3600000000001,YZ,MW
2040-08-19 06:00:00,TRAN-PRV,load,1512.3500000000001,YZ,MW
2040-08-20 07:00:00,TRAN-PUB,load,1851.3600000000001,YZ,MW
2040-08-21 08:00:00,TRAN-PRV,load,1348.45,YZ,MW
2040-08-22 09:00:00,TRAN-PUB,load,1851.3600000000001,YZ,MW
2040-08-23 10:00:00,TRAN-PRV,load,640.7,YZ,MW
2040-08-24 11:00:00,TRAN-PUB,load,1851.3600000000001,YZ,MW
2040-08-25 12:00:00,TRAN-PRV,load,424.65000000000003,YZ,MW
2040-08-26 13:00:00,TRAN-PUB,load,1851.3600000000001,YZ,MW
2040-08-27 14:00:00,TRAN-PRV,load,894.0,YZ,MW
2040-08-28 15:00:00,TRAN-PUB,load,1851.3600000000001,YZ,MW
2040-08-29 16:00:00,TRAN-PRV,load,327.8,YZ,MW
2040-08-30 17:00:00,TRAN-PUB,load,1851.3600000000001,YZ,MW
2040-08-31 18:00:00,TRAN-PRV,load,879.0999999999999,YZ,MW
2040-09-01 19:00:00,TRAN-PUB,load,1851.3600000000001,YZ,MW
2040-09-02 20:00:00,TRAN-PRV,load,864.2,YZ,MW
2040-09-03 21:00:00,TRAN-PUB,load,1851.3600000000001,YZ,MW
2040-09-04 22:00:00,TRAN-PRV,load,700.3,YZ,MW
2040-09-05 23:00:00,TRAN-PUB,load,1851.3600000000001,YZ,MW
2040-09-07 00:00:00,TRAN-PRV,load,253.29999999999998,YZ,MW
2040-09-08 01:00:00,TRAN-PUB,load,1851.3600000000001,YZ,MW
2040-09-09 02:00:00,TRAN-PRV,load,327.8,YZ,MW
2040-09-10 03:00:00,TRAN-PUB,load,1851.3600000000001,YZ,MW
2040-09-11 04:00:00,TRAN-PRV,load,655.6,YZ,MW
2040-09-12 05:00:00,TRAN-PUB,load,1851.3600000000001,YZ,MW
2040-09-13 06:00:00,TRAN-PRV,load,685.4,YZ,MW
2040-09-14 07:00:00,TRAN-PUB,load,1851.3600000000001,YZ,MW
2040-09-15 08:00:00,TRAN-PRV,load,409.75,YZ,MW
2040-09-16 09:00:00,TRAN-PUB,load,1851.3600000000001,YZ,MW
2040-09-17 10:00:00,TRAN-PRV,load,886.55,YZ,MW
2040-09-18 11:00:00,TRAN-PUB,load,1851.3600000000001,YZ,MW
2040-09-19 12:00:00,TRAN-PRV,load,551.3,YZ,MW
2040-09-20 13:00:00,TRAN-PUB,load,1851.3600000000001,YZ,MW
2040-09-21 14:00:00,TRAN-PRV,load,163.9,YZ,MW
2040-09-22 15:00:00,TRAN-PUB,load,1851.3600000000001,YZ,MW
2040-09-23 16:00:00,TRAN-PRV,load,1229.25,YZ,MW
2040-09-24 17:00:00,TRAN-PUB,load,1851.3600000000001,YZ,MW
2040-09-25 18:00:00,TRAN-PRV,load,1408.0500000000002,YZ,MW
2040-09-26 19:00:00,TRAN-PUB,load,1851.3600000000001,YZ,MW
2040-09-27 20:00:00,TRAN-PRV,load,1385.7,YZ,MW
2040-09-28 21:00:00,TRAN-PUB,load,1851.3600000000001,YZ,MW
2040-09-29 22:00:00,TRAN-PRV,load,1370.8,YZ,MW
2040-09-30 23:00:00,TRAN-PUB,load,1851.3600000000001,YZ,MW
2040-10-02 00:00:00,TRAN-PRV,load,1385.7,YZ,MW
2040-10-03 01:00:00,TRAN-PUB,load,1851.3600000000001,YZ,MW
2040-10-04 02:00:00,TRAN-PRV,load,767.35,YZ,MW
2040-10-05 03:00:00,TRAN-PUB,load,1851.3600000000001,YZ,MW
2040-10-06 04:00:00,TRAN-PRV,load,387.4,YZ,MW
2040-10-07 05:00:00,TRAN-PUB,load,1851.3600000000001,YZ,MW
2040-10-08 06:00:00,TRAN-PRV,load,476.8,YZ,MW
2040-10-09 07:00:00,TRAN-PUB,load,1851.3600000000001,YZ,MW
2040-10-10 08:00:00,TRAN-PRV,load,1400.6,YZ,MW
2040-10-11 09:00:00,TRAN-PUB,load,1851.3600000000001,YZ,MW
2040-10-12 10:00:00,TRAN-PRV,load,1452.75,YZ,MW
2040-10-13 11:00:00,TRAN-PUB,load,1851.3600000000001,YZ,MW
2040-10-14 12:00:00,TRAN-PRV,load,1333.5499999999997,YZ,MW
2040-10-15 13:00:00,TRAN-PUB,load,1851.3600000000001,YZ,MW
2040-10-16 14:00:00,TRAN-PRV,load,1050.45,YZ,MW
2040-10-17 15:00:00,TRAN-PUB,load,1851.3600000000001,YZ,MW
2040-10-18 16:00:00,TRAN-PRV,load,461.90000000000003,YZ,MW
2040-10-19 17:00:00,TRAN-PUB,load,1851.3600000000001,YZ,MW
2040-10-20 18:00:00,TRAN-PRV,load,275.65,YZ,MW
2040-10-21 19:00:00,TRAN-PUB,load,1851.3600000000001,YZ,MW
2040-10-22 20:00:00,TRAN-PRV,load,826.95,YZ,MW
2040-10-23 21:00:00,TRAN-PUB,load,1851.3600000000001,YZ,MW
2040-10-24 22:00:00,TRAN-PRV,load,826.95,YZ,MW
2040-10-25 23:00:00,TRAN-PUB,load,1851.3600000000001,YZ,MW
2040-10-27 00:00:00,TRAN-PRV,load,692.85,YZ,MW
2040-10-28 01:00:00,TRAN-PUB,load,1851.3600000000001,YZ,MW
2040-10-29 02:00:00,TRAN-PRV,load,461.90000000000003,YZ,MW
2040-10-30 03:00:00,TRAN-PUB,load,1851.3600000000001,YZ,MW
2040-10-31 04:00:00,TRAN-PRV,load,484.24999999999994,YZ,MW
2040-11-01 05:00:00,TRAN-PUB,load,1851.3600000000001,YZ,MW
2040-11-02 06:00:00,TRAN-PRV,load,149.0,YZ,MW
2040-11-03 07:00:00,TRAN-PUB,load,1851.3600000000001,YZ,MW
2040-11-04 08:00:00,TRAN-PRV,load,625.8,YZ,MW
2040-11-05 09:00:00,TRAN-PUB,load,1851.3600000000001,YZ,MW
2040-11-06 10:00:00,TRAN-PRV,load,1095.15,YZ,MW
2040-11-07 11:00:00,TRAN-PUB,load,1851.3600000000001,YZ,MW
2040-11-08 12:00:00,TRAN-PRV,load,1408.0500000000002,YZ,MW
2040-11-09 13:00:00,TRAN-PUB,load,1851.3600000000001,YZ,MW
2040-11-10 14:00:00,TRAN-PRV,load,1378.25,YZ,MW
2040-11-11 15:00:00,TRAN-PUB,load,1851.3600000000001,YZ,MW
2040-11-12 16:00:00,TRAN-PRV,load,1430.4,YZ,MW
2040-11-13 17:00:00,TRAN-PUB,load,1851.3600000000001,YZ,MW
2040-11-14 18:00:00,TRAN-PRV,load,1296.3,YZ,MW
2040-11-15 19:00:00,TRAN-PUB,load,1851.3600000000001,YZ,MW
2040-11-16 20:00:00,TRAN-PRV,load,759.9000000000001,YZ,MW
2040-11-17 21:00:00,TRAN-PUB,load,1851.3600000000001,YZ,MW
2040-11-18 22:00:00,TRAN-PRV,load,379.95000000000005,YZ,MW
2040-11-19 23:00:00,TRAN-PUB,load,1851.3600000000001,YZ,MW
2040-11-21 00:00:00,TRAN-PRV,load,1236.6999999999998,YZ,MW
2040-11-22 01:00:00,TRAN-PUB,load,1851.3600000000001,YZ,MW
2040-11-23 02:00:00,TRAN-PRV,load,1355.9,YZ,MW
2040-11-24 03:00:00,TRAN-PUB,load,1851.3600000000001,YZ,MW
2040-11-25 04:00:00,TRAN-PRV,load,1415.5,YZ,MW
2040-11-26 05:00:00,TRAN-PUB,load,1851.3600000000001,YZ,MW
2040-11-27 06:00:00,TRAN-PRV,load,1460.1999999999998,YZ,MW
2040-11-28 07:00:00,TRAN-PUB,load,1851.3600000000001,YZ,MW
2040-11-29 08:00:00,TRAN-PRV,load,1348.45,YZ,MW
2040-11-30 09:00:00,TRAN-PUB,load,1851.3600000000001,YZ,MW
2040-12-01 10:00:00,TRAN-PRV,load,633.25,YZ,MW
2040-12-02 11:00:00,TRAN-PUB,load,1851.3600000000001,YZ,MW
2040-12-03 12:00:00,TRAN-PRV,load,417.2,YZ,MW
2040-12-04 13:00:00,TRAN-PUB,load,1851.3600000000001,YZ,MW
2040-12-05 14:00:00,TRAN-PRV,load,1169.65,YZ,MW
2040-12-06 15:00:00,TRAN-PUB,load,1851.3600000000001,YZ,MW
2040-12-07 16:00:00,TRAN-PRV,load,1110.05,YZ,MW
2040-12-08 17:00:00,TRAN-PUB,load,1851.3600000000001,YZ,MW
2040-12-09 18:00:00,TRAN-PRV,load,1005.75,YZ,MW
2040-12-10 19:00:00,TRAN-PUB,load,1851.3600000000001,YZ,MW
2040-12-11 20:00:00,TRAN-PRV,load,923.8000000000001,YZ,MW
2040-12-12 21:00:00,TRAN-PUB,load,1851.3600000000001,YZ,MW
2040-12-13 22:00:00,TRAN-PRV,load,789.7,YZ,MW
2040-12-14 23:00:00,TRAN-PUB,load,1851.3600000000001,YZ,MW
2040-12-16 00:00:00,TRAN-PRV,load,305.45,YZ,MW
2040-12-17 01:00:00,TRAN-PUB,load,1851.3600000000001,YZ,MW
2040-12-18 02:00:00,TRAN-PRV,load,312.9,YZ,MW
2040-12-19 03:00:00,TRAN-PUB,load,1851.3600000000001,YZ,MW
2040-12-20 04:00:00,TRAN-PRV,load,663.05,YZ,MW
2040-12-21 05:00:00,TRAN-PUB,load,1851.3600000000001,YZ,MW
2040-12-22 06:00:00,TRAN-PRV,load,663.05,YZ,MW
2040-12-23 07:00:00,TRAN-PUB,load,1851.3600000000001,YZ,MW
2040-12-24 08:00:00,TRAN-PRV,load,670.5,YZ,MW
2040-12-25 09:00:00,TRAN-PUB,load,1851.3600000000001,YZ,MW
2040-12-26 10:00:00,TRAN-PRV,load,745.0,YZ,MW
2040-12-27 11:00:00,TRAN-PUB,load,1851.3600000000001,YZ,MW
2040-12-28 12:00:00,TRAN-PRV,load,514.05,YZ,MW
2040-12-29 13:00:00,TRAN-PUB,load,1851.3600000000001,YZ,MW
2040-12-30 14:00:00,TRAN-PRV,load,163.9,YZ,MW
2040-12-31 15:00:00,TRAN-PUB,load,1851.3600000000001,YZ,MW
2041-01-01 16:00:00,TRAN-PRV,load,1221.8,YZ,MW
2041-01-02 17:00:00,TRAN-PUB,load,1851.3600000000001,YZ,MW
2041-01-03 18:00:00,TRAN-PRV,load,1326.1,YZ,MW
2041-01-04 19:00:00,TRAN-PUB,load,1851.3600000000001,YZ,MW
2041-01-05 20:00:00,TRAN-PRV,load,1341.0,YZ,MW
2041-01-06 21:00:00,TRAN-PUB,load,1851.3600000000001,YZ,MW
2041-01-07 22:00:00,TRAN-PRV,load,1318.6499999999999,YZ,MW
2041-01-08 23:00:00,TRAN-PUB,load,1851.3600000000001,YZ,MW
2041-01-10 00:00:00,TRAN-PRV,load,1281.4,YZ,MW
2041-01-11 01:00:00,TRAN-PUB,load,1851.3600000000001,YZ,MW
2041-01-12 02:00:00,TRAN-PRV,load,633.25,YZ,MW
2041-01-13 03:00:00,TRAN-PUB,load,1851.3600000000001,YZ,MW
2041-01-14 04:00:00,TRAN-PRV,load,476.8,YZ,MW
2041-01-15 05:00:00,TRAN-PUB,load,1851.3600000000001,YZ,MW
2041-01-16 06:00:00,TRAN-PRV,load,1281.4,YZ,MW
2041-01-17 07:00:00,TRAN-PUB,load,1851.3600000000001,YZ,MW
2041-01-18 08:00:00,TRAN-PRV,load,1430.4,YZ,MW
2041-01-19 09:00:00,TRAN-PUB,load,1851.3600000000001,YZ,MW
2041-01-20 10:00:00,TRAN-PRV,load,1452.75,YZ,MW
2041-01-21 11:00:00,TRAN-PUB,load,1851.3600000000001,YZ,MW
2041-01-22 12:00:00,TRAN-PRV,load,1348.45,YZ,MW
2041-01-23 13:00:00,TRAN-PUB,load,1851.3600000000001,YZ,MW
2041-01-24 14:00:00,TRAN-PRV,load,1110.05,YZ,MW
2041-01-25 15:00:00,TRAN-PUB,load,1851.3600000000001,YZ,MW
2041-01-26 16:00:00,TRAN-PRV,load,417.2,YZ,MW
2041-01-27 17:00:00,TRAN-PUB,load,1851.3600000000001,YZ,MW
2041-01-28 18:00:00,TRAN-PRV,load,372.5,YZ,MW
2041-01-29 19:00:00,TRAN-PUB,load,1851.3600000000001,YZ,MW
2041-01-30 20:00:00,TRAN-PRV,load,819.5,YZ,MW
2041-01-31 21:00:00,TRAN-PUB,load,1851.3600000000001,YZ,MW
2041-02-01 22:00:00,TRAN-PRV,load,841.8499999999999,YZ,MW
2041-02-02 23:00:00,TRAN-PUB,load,1851.3600000000001,YZ,MW
2041-02-04 00:00:00,TRAN-PRV,load,782.25,YZ,MW
2041-02-05 01:00:00,TRAN-PUB,load,1851.3600000000001,YZ,MW
2041-02-06 02:00:00,TRAN-PRV,load,715.2,YZ,MW
2041-02-07 03:00:00,TRAN-PUB,load,1851.3600000000001,YZ,MW
2041-02-08 04:00:00,TRAN-PRV,load,551.3,YZ,MW
2041-02-09 05:00:00,TRAN-PUB,load,1851.3600000000001,YZ,MW
2041-02-10 06:00:00,TRAN-PRV,load,178.8,YZ,MW
2041-02-11 07:00:00,TRAN-PUB,load,1851.3600000000001,YZ,MW
2041-02-12 08:00:00,TRAN-PRV,load,439.54999999999995,YZ,MW
2041-02-13 09:00:00,TRAN-PUB,load,1851.3600000000001,YZ,MW
2041-02-14 10:00:00,TRAN-PRV,load,722.65,YZ,MW
2041-02-15 11:00:00,TRAN-PUB,load,1851.3600000000001,YZ,MW
2041-02-16 12:00:00,TRAN-PRV,load,1005.75,YZ,MW
2041-02-17 13:00:00,TRAN-PUB,load,1851.3600000000001,YZ,MW
2041-02-18 14:00:00,TRAN-PRV,load,1273.95,YZ,MW
2041-02-19 15:00:00,TRAN-PUB,load,1851.3600000000001,YZ,MW
2041-02-20 16:00:00,TRAN-PRV,load,1206.9,YZ,MW
2041-02-21 17:00:00,TRAN-PUB,load,1851.3600000000001,YZ,MW
2041-02-22 18:00:00,TRAN-PRV,load,536.4,YZ,MW
2041-02-23 19:00:00,TRAN-PUB,load,1851.3600000000001,YZ,MW
2041-02-24 20:00:00,TRAN-PRV,load,335.25,YZ,MW
2041-02-25 21:00:00,TRAN-PUB,load,1851.3600000000001,YZ,MW
2041-02-26 22:00:00,TRAN-PRV,load,1154.75,YZ,MW
2041-02-27 23:00:00,TRAN-PUB,load,1851.3600000000001,YZ,MW
2041-03-01 00:00:00,TRAN-PRV,load,1244.15,YZ,MW
2041-03-02 01:00:00,TRAN-PUB,load,1851.3600000000001,YZ,MW
2041-03-03 02:00:00,TRAN-PRV,load,1266.5,YZ,MW
2041-03-04 03:00:00,TRAN-PUB,load,1851.3600000000001,YZ,MW
2041-03-05 04:00:00,TRAN-PRV,load,1273.95,YZ,MW
2041-03-06 05:00:00,TRAN-PUB,load,1851.3600000000001,YZ,MW
2041-03-07 06:00:00,TRAN-PRV,load,1251.6,YZ,MW
2041-03-08 07:00:00,TRAN-PUB,load,1851.3600000000001,YZ,MW
2041-03-09 08:00:00,TRAN-PRV,load,558.75,YZ,MW
2041-03-10 09:00:00,TRAN-PUB,load,1851.3600000000001,YZ,MW
2041-03-11 10:00:00,TRAN-PRV,load,476.8,YZ,MW
2041-03-12 11:00:00,TRAN-PUB,load,1851.3600000000001,YZ,MW
2041-03-13 12:00:00,TRAN-PRV,load,1199.45,YZ,MW
2041-03-14 13:00:00,TRAN-PUB,load,1851.3600000000001,YZ,MW
2041-03-15 14:00:00,TRAN-PRV,load,1177.1,YZ,MW
2041-03-16 15:00:00,TRAN-PUB,load,1851.3600000000001,YZ,MW
2041-03-17 16:00:00,TRAN-PRV,load,1050.45,YZ,MW
2041-03-18 17:00:00,TRAN-PUB,load,1851.3600000000001,YZ,MW
2041-03-19 18:00:00,TRAN-PRV,load,931.25,YZ,MW
2041-03-20 19:00:00,TRAN-PUB,load,1851.3600000000001,YZ,MW
2041-03-21 20:00:00,TRAN-PRV,load,804.5999999999999,YZ,MW
2041-03-22 21:00:00,TRAN-PUB,load,1851.3600000000001,YZ,MW
2041-03-23 22:00:00,TRAN-PRV,load,342.7,YZ,MW
2041-03-24 23:00:00,TRAN-PUB,load,1851.3600000000001,YZ,MW
2041-03-26 00:00:00,TRAN-PRV,load,305.45,YZ,MW
2041-03-27 01:00:00,TRAN-PUB,load,1851.3600000000001,YZ,MW
2041-03-28 02:00:00,TRAN-PRV,load,633.25,YZ,MW
2041-03-29 03:00:00,TRAN-PUB,load,1851.3600000000001,YZ,MW
2041-03-30 04:00:00,TRAN-PRV,load,610.9,YZ,MW
2041-03-31 05:00:00,TRAN-PUB,load,1851.3600000000001,YZ,MW
2041-04-01 06:00:00,TRAN-PRV,load,521.5,YZ,MW
2041-04-02 07:00:00,TRAN-PUB,load,1851.3600000000001,YZ,MW
2041-04-03 08:00:00,TRAN-PRV,load,558.75,YZ,MW
2041-04-04 09:00:00,TRAN-PUB,load,1851.3600000000001,YZ,MW
2041-04-05 10:00:00,TRAN-PRV,load,432.1,YZ,MW
2041-04-06 11:00:00,TRAN-PUB,load,1851.3600000000001,YZ,MW
2041-04-07 12:00:00,TRAN-PRV,load,156.45,YZ,MW
2041-04-08 13:00:00,TRAN-PUB,load,1851.3600000000001,YZ,MW
2041-04-09 14:00:00,TRAN-PRV,load,1124.9500000000003,YZ,MW
2041-04-10 15:00:00,TRAN-PUB,load,1851.3600000000001,YZ,MW
2041-04-11 16:00:00,TRAN-PRV,load,1326.1,YZ,MW
2041-04-12 17:00:00,TRAN-PUB,load,1851.3600000000001,YZ,MW
2041-04-13 18:00:00,TRAN-PRV,load,1288.8500000000001,YZ,MW
2041-04-14 19:00:00,TRAN-PUB,load,1851.3600000000001,YZ,MW
2041-04-15 20:00:00,TRAN-PRV,load,1303.75,YZ,MW
2041-04-16 21:00:00,TRAN-PUB,load,1851.3600000000001,YZ,MW
2041-04-17 22:00:00,TRAN-PRV,load,1214.35,YZ,MW
2041-04-18 23:00:00,TRAN-PUB,load,1851.3600000000001,YZ,MW
2041-04-20 00:00:00,TRAN-PRV,load,648.15,YZ,MW
2041-04-21 01:00:00,TRAN-PUB,load,1851.3600000000001,YZ,MW
2041-04-22 02:00:00,TRAN-PRV,load,491.70000000000005,YZ,MW
2041-04-23 03:00:00,TRAN-PUB,load,1851.3600000000001,YZ,MW
2041-04-24 04:00:00,TRAN-PRV,load,1229.25,YZ,MW
2041-04-25 05:00:00,TRAN-PUB,load,1851.3600000000001,YZ,MW
2041-04-26 06:00:00,TRAN-PRV,load,1363.35,YZ,MW
2041-04-27 07:00:00,TRAN-PUB,load,1851.3600000000001,YZ,MW
2041-04-28 08:00:00,TRAN-PRV,load,1415.5,YZ,MW
2041-04-29 09:00:00,TRAN-PUB,load,1851.3600000000001,YZ,MW
2041-04-30 10:00:00,TRAN-PRV,load,1400.6,YZ,MW
2041-05-01 11:00:00,TRAN-PUB,load,1851.3600000000001,YZ,MW
2041-05-02 12:00:00,TRAN-PRV,load,1192.0,YZ,MW
2041-05-03 13:00:00,TRAN-PUB,load,1851.3600000000001,YZ,MW
2041-05-04 14:00:00,TRAN-PRV,load,581.1,YZ,MW
2041-05-05 15:00:00,TRAN-PUB,load,1851.3600000000001,YZ,MW
2041-05-06 16:00:00,TRAN-PRV,load,439.54999999999995,YZ,MW
2041-05-07 17:00:00,TRAN-PUB,load,1851.3600000000001,YZ,MW
2041-05-08 18:00:00,TRAN-PRV,load,879.0999999999999,YZ,MW
2041-05-09 19:00:00,TRAN-PUB,load,1851.3600000000001,YZ,MW
2041-05-10 20:00:00,TRAN-PRV,load,886.55,YZ,MW
2041-05-11 21:00:00,TRAN-PUB,load,1851.3600000000001,YZ,MW
2041-05-12 22:00:00,TRAN-PRV,load,856.75,YZ,MW
2041-05-13 23:00:00,TRAN-PUB,load,1851.3600000000001,YZ,MW
2041-05-15 00:00:00,TRAN-PRV,load,774.8,YZ,MW
2041-05-16 01:00:00,TRAN-PUB,load,1851.3600000000001,YZ,MW
2041-05-17 02:00:00,TRAN-PRV,load,596.0,YZ,MW
2041-05-18 03:00:00,TRAN-PUB,load,1851.3600000000001,YZ,MW
2041-05-19 04:00:00,TRAN-PRV,load,208.6,YZ,MW
2041-05-20 05:00:00,TRAN-PUB,load,1851.3600000000001,YZ,MW
2041-05-21 06:00:00,TRAN-PRV,load,350.15,YZ,MW
2041-05-22 07:00:00,TRAN-PUB,load,1851.3600000000001,YZ,MW
2041-05-23 08:00:00,TRAN-PRV,load,640.7,YZ,MW
2041-05-24 09:00:00,TRAN-PUB,load,1851.3600000000001,YZ,MW
2041-05-25 10:00:00,TRAN-PRV,load,774.8,YZ,MW
2041-05-26 11:00:00,TRAN-PUB,load,1851.3600000000001,YZ,MW
2041-05-27 12:00:00,TRAN-PRV,load,1043.0,YZ,MW
2041-05-28 13:00:00,TRAN-PUB,load,1851.3600000000001,YZ,MW
2041-05-29 14:00:00,TRAN-PRV,load,1206.9,YZ,MW
2041-05-30 15:00:00,TRAN-PUB,load,1851.3600000000001,YZ,MW
2041-05-31 16:00:00,TRAN-PRV,load,618.3499999999999,YZ,MW
2041-06-01 17:00:00,TRAN-PUB,load,1851.3600000000001,YZ,MW
2041-06-02 18:00:00,TRAN-PRV,load,238.4,YZ,MW
2041-06-03 19:00:00,TRAN-PUB,load,1851.3600000000001,YZ,MW
2041-06-04 20:00:00,TRAN-PRV,load,1206.9,YZ,MW
2041-06-05 21:00:00,TRAN-PUB,load,1851.3600000000001,YZ,MW
2041-06-06 22:00:00,TRAN-PRV,load,1318.6499999999999,YZ,MW
2041-06-07 23:00:00,TRAN-PUB,load,1851.3600000000001,YZ,MW
2041-06-09 00:00:00,TRAN-PRV,load,1341.0,YZ,MW
2041-06-10 01:00:00,TRAN-PUB,load,1851.3600000000001,YZ,MW
2041-06-11 02:00:00,TRAN-PRV,load,1341.0,YZ,MW
2041-06-12 03:00:00,TRAN-PUB,load,1851.3600000000001,YZ,MW
2041-06-13 04:00:00,TRAN-PRV,load,1355.9,YZ,MW
2041-06-14 05:00:00,TRAN-PUB,load,1851.3600000000001,YZ,MW
2041-06-15 06:00:00,TRAN-PRV,load,722.65,YZ,MW
2041-06-16 07:00:00,TRAN-PUB,load,1851.3600000000001,YZ,MW
2041-06-17 08:00:00,TRAN-PRV,load,484.24999999999994,YZ,MW
2041-06-18 09:00:00,TRAN-PUB,load,1851.3600000000001,YZ,MW
2041-06-19 10:00:00,TRAN-PRV,load,1363.35,YZ,MW
2041-06-20 11:00:00,TRAN-PUB,load,1851.3600000000001,YZ,MW
2041-06-21 12:00:00,TRAN-PRV,load,1415.5,YZ,MW
2041-06-22 13:00:00,TRAN-PUB,load,1851.3600000000001,YZ,MW
2041-06-23 14:00:00,TRAN-PRV,load,1288.8500000000001,YZ,MW
2041-06-24 15:00:00,TRAN-PUB,load,1851.3600000000001,YZ,MW
2041-06-25 16:00:00,TRAN-PRV,load,1199.45,YZ,MW
2041-06-26 17:00:00,TRAN-PUB,load,1851.3600000000001,YZ,MW
2041-06-27 18:00:00,TRAN-PRV,load,961.05,YZ,MW
2041-06-28 19:00:00,TRAN-PUB,load,1851.3600000000001,YZ,MW
2041-06-29 20:00:00,TRAN-PRV,load,394.85,YZ,MW
2041-06-30 21:00:00,TRAN-PUB,load,1851.3600000000001,YZ,MW
2041-07-01 22:00:00,TRAN-PRV,load,298.0,YZ,MW
2041-07-02 23:00:00,TRAN-PUB,load,1851.3600000000001,YZ,MW
2041-07-04 00:00:00,TRAN-PRV,load,737.55,YZ,MW
2041-07-05 01:00:00,TRAN-PUB,load,1851.3600000000001,YZ,MW
2041-07-06 02:00:00,TRAN-PRV,load,670.5,YZ,MW
2041-07-07 03:00:00,TRAN-PUB,load,1851.3600000000001,YZ,MW
2041-07-08 04:00:00,TRAN-PRV,load,506.59999999999997,YZ,MW
2041-07-09 05:00:00,TRAN-PUB,load,1851.3600000000001,YZ,MW
2041-07-10 06:00:00,TRAN-PRV,load,677.95,YZ,MW
2041-07-11 07:00:00,TRAN-PUB,load,1851.3600000000001,YZ,MW
2041-07-12 08:00:00,TRAN-PRV,load,469.35,YZ,MW
2041-07-13 09:00:00,TRAN-PUB,load,1851.3600000000001,YZ,MW
2041-07-14 10:00:00,TRAN-PRV,load,134.1,YZ,MW
2041-07-15 11:00:00,TRAN-PUB,load,1851.3600000000001,YZ,MW
2041-07-16 12:00:00,TRAN-PRV,load,916.3500000000001,YZ,MW
2041-07-17 13:00:00,TRAN-PUB,load,1851.3600000000001,YZ,MW
2041-07-18 14:00:00,TRAN-PRV,load,1341.0,YZ,MW
2041-07-19 15:00:00,TRAN-PUB,load,1851.3600000000001,YZ,MW
2041-07-20 16:00:00,TRAN-PRV,load,1408.0500000000002,YZ,MW
2041-07-21 17:00:00,TRAN-PUB,load,1851.3600000000001,YZ,MW
2041-07-22 18:00:00,TRAN-PRV,load,1370.8,YZ,MW
2041-07-23 19:00:00,TRAN-PUB,load,1851.3600000000001,YZ,MW
2041-07-24 20:00:00,TRAN-PRV,load,1266.5,YZ,MW
2041-07-25 21:00:00,TRAN-PUB,load,1851.3600000000001,YZ,MW
2041-07-26 22:00:00,TRAN-PRV,load,789.7,YZ,MW
2041-07-27 23:00:00,TRAN-PUB,load,1851.3600000000001,YZ,MW
2041-07-29 00:00:00,TRAN-PRV,load,461.90000000000003,YZ,MW
2041-07-30 01:00:00,TRAN-PUB,load,1851.3600000000001,YZ,MW
2041-07-31 02:00:00,TRAN-PRV,load,1259.05,YZ,MW
2041-08-01 03:00:00,TRAN-PUB,load,1851.3600000000001,YZ,MW
2041-08-02 04:00:00,TRAN-PRV,load,1400.6,YZ,MW
2041-08-03 05:00:00,TRAN-PUB,load,1851.3600000000001,YZ,MW
2041-08-04 06:00:00,TRAN-PRV,load,1467.6499999999999,YZ,MW
2041-08-05 07:00:00,TRAN-PUB,load,1851.3600000000001,YZ,MW
2041-08-06 08:00:00,TRAN-PRV,load,1504.9,YZ,MW
2041-08-07 09:00:00,TRAN-PUB,load,1851.3600000000001,YZ,MW
2041-08-08 10:00:00,TRAN-PRV,load,1311.2,YZ,MW
2041-08-09 11:00:00,TRAN-PUB,load,1851.3600000000001,YZ,MW
2041-08-10 12:00:00,TRAN-PRV,load,633.25,YZ,MW
2041-08-11 13:00:00,TRAN-PUB,load,1851.3600000000001,YZ,MW
2041-08-12 14:00:00,TRAN-PRV,load,476.8,YZ,MW
2041-08-13 15:00:00,TRAN-PUB,load,1851.3600000000001,YZ,MW
2041-08-14 16:00:00,TRAN-PRV,load,1020.65,YZ,MW
2041-08-15 17:00:00,TRAN-PUB,load,1851.3600000000001,YZ,MW
2041-08-16 18:00:00,TRAN-PRV,load,998.3,YZ,MW
2041-08-17 19:00:00,TRAN-PUB,load,1851.3600000000001,YZ,MW
2041-08-18 20:00:00,TRAN-PRV,load,931.25,YZ,MW
2041-08-19 21:00:00,TRAN-PUB,load,1851.3600000000001,YZ,MW
2041-08-20 22:00:00,TRAN-PRV,load,879.0999999999999,YZ,MW
2041-08-21 23:00:00,TRAN-PUB,load,1851.3600000000001,YZ,MW
2041-08-23 00:00:00,TRAN-PRV,load,692.85,YZ,MW
2041-08-24 01:00:00,TRAN-PUB,load,1851.3600000000001,YZ,MW
2041-08-25 02:00:00,TRAN-PRV,load,238.4,YZ,MW
2041-08-26 03:00:00,TRAN-PUB,load,1851.3600000000001,YZ,MW
2041-08-27 04:00:00,TRAN-PRV,load,320.35,YZ,MW
2041-08-28 05:00:00,TRAN-PUB,load,1851.3600000000001,YZ,MW
2041-08-29 06:00:00,TRAN-PRV,load,640.7,YZ,MW
2041-08-30 07:00:00,TRAN-PUB,load,1851.3600000000001,YZ,MW
2041-08-31 08:00:00,TRAN-PRV,load,596.0,YZ,MW
2041-09-01 09:00:00,TRAN-PUB,load,1851.3600000000001,YZ,MW
2041-09-02 10:00:00,TRAN-PRV,load,409.75,YZ,MW
2041-09-03 11:00:00,TRAN-PUB,load,1851.3600000000001,YZ,MW
2041-09-04 12:00:00,TRAN-PRV,load,864.2,YZ,MW
2041-09-05 13:00:00,TRAN-PUB,load,1851.3600000000001,YZ,MW
2041-09-06 14:00:00,TRAN-PRV,load,491.70000000000005,YZ,MW
2041-09-07 15:00:00,TRAN-PUB,load,1851.3600000000001,YZ,MW
2041-09-08 16:00:00,TRAN-PRV,load,126.64999999999999,YZ,MW
2041-09-09 17:00:00,TRAN-PUB,load,1851.3600000000001,YZ,MW
2041-09-10 18:00:00,TRAN-PRV,load,1214.35,YZ,MW
2041-09-11 19:00:00,TRAN-PUB,load,1851.3600000000001,YZ,MW
2041-09-12 20:00:00,TRAN-PRV,load,1370.8,YZ,MW
2041-09-13 21:00:00,TRAN-PUB,load,1851.3600000000001,YZ,MW
2041-09-14 22:00:00,TRAN-PRV,load,1378.25,YZ,MW
2041-09-15 23:00:00,TRAN-PUB,load,1851.3600000000001,YZ,MW
2041-09-17 00:00:00,TRAN-PRV,load,1370.8,YZ,MW
2041-09-18 01:00:00,TRAN-PUB,load,1851.3600000000001,YZ,MW
2041-09-19 02:00:00,TRAN-PRV,load,1341.0,YZ,MW
2041-09-20 03:00:00,TRAN-PUB,load,1851.3600000000001,YZ,MW
2041-09-21 04:00:00,TRAN-PRV,load,692.85,YZ,MW
2041-09-22 05:00:00,TRAN-PUB,load,1851.3600000000001,YZ,MW
2041-09-23 06:00:00,TRAN-PRV,load,424.65000000000003,YZ,MW
2041-09-24 07:00:00,TRAN-PUB,load,1851.3600000000001,YZ,MW
2041-09-25 08:00:00,TRAN-PRV,load,1415.5,YZ,MW
2041-09-26 09:00:00,TRAN-PUB,load,1851.3600000000001,YZ,MW
2041-09-27 10:00:00,TRAN-PRV,load,1512.3500000000001,YZ,MW
2041-09-28 11:00:00,TRAN-PUB,load,1851.3600000000001,YZ,MW
2041-09-29 12:00:00,TRAN-PRV,load,1422.95,YZ,MW
2041-09-30 13:00:00,TRAN-PUB,load,1851.3600000000001,YZ,MW
2041-10-01 14:00:00,TRAN-PRV,load,1273.95,YZ,MW
2041-10-02 15:00:00,TRAN-PUB,load,1851.3600000000001,YZ,MW
2041-10-03 16:00:00,TRAN-PRV,load,1013.1999999999999,YZ,MW
2041-10-04 17:00:00,TRAN-PUB,load,1851.3600000000001,YZ,MW
2041-10-05 18:00:00,TRAN-PRV,load,387.4,YZ,MW
2041-10-06 19:00:00,TRAN-PUB,load,1851.3600000000001,YZ,MW
2041-10-07 20:00:00,TRAN-PRV,load,238.4,YZ,MW
2041-10-08 21:00:00,TRAN-PUB,load,1851.3600000000001,YZ,MW
2041-10-09 22:00:00,TRAN-PRV,load,819.5,YZ,MW
2041-10-10 23:00:00,TRAN-PUB,load,1851.3600000000001,YZ,MW
2041-10-12 00:00:00,TRAN-PRV,load,812.0500000000001,YZ,MW
2041-10-13 01:00:00,TRAN-PUB,load,1851.3600000000001,YZ,MW
2041-10-14 02:00:00,TRAN-PRV,load,752.45,YZ,MW
2041-10-15 03:00:00,TRAN-PUB,load,1851.3600000000001,YZ,MW
2041-10-16 04:00:00,TRAN-PRV,load,692.85,YZ,MW
2041-10-17 05:00:00,TRAN-PUB,load,1851.3600000000001,YZ,MW
2041-10-18 06:00:00,TRAN-PRV,load,476.8,YZ,MW
2041-10-19 07:00:00,TRAN-PUB,load,1851.3600000000001,YZ,MW
2041-10-20 08:00:00,TRAN-PRV,load,126.64999999999999,YZ,MW
2041-10-21 09:00:00,TRAN-PUB,load,1851.3600000000001,YZ,MW
2041-10-22 10:00:00,TRAN-PRV,load,610.9,YZ,MW
2041-10-23 11:00:00,TRAN-PUB,load,1851.3600000000001,YZ,MW
2041-10-24 12:00:00,TRAN-PRV,load,1087.6999999999998,YZ,MW
2041-10-25 13:00:00,TRAN-PUB,load,1851.3600000000001,YZ,MW
2041-10-26 14:00:00,TRAN-PRV,load,1385.7,YZ,MW
2041-10-27 15:00:00,TRAN-PUB,load,1851.3600000000001,YZ,MW
2041-10-28 16:00:00,TRAN-PRV,load,1408.0500000000002,YZ,MW
2041-10-29 17:00:00,TRAN-PUB,load,1851.3600000000001,YZ,MW
2041-10-30 18:00:00,TRAN-PRV,load,1281.4,YZ,MW
2041-10-31 19:00:00,TRAN-PUB,load,1851.3600000000001,YZ,MW
2041-11-01 20:00:00,TRAN-PRV,load,692.85,YZ,MW
2041-11-02 21:00:00,TRAN-PUB,load,1851.3600000000001,YZ,MW
2041-11-03 22:00:00,TRAN-PRV,load,298.0,YZ,MW
2041-11-04 23:00:00,TRAN-PUB,load,1851.3600000000001,YZ,MW
2041-11-06 00:00:00,TRAN-PRV,load,1251.6,YZ,MW
2041-11-07 01:00:00,TRAN-PUB,load,1851.3600000000001,YZ,MW
2041-11-08 02:00:00,TRAN-PRV,load,1408.0500000000002,YZ,MW
2041-11-09 03:00:00,TRAN-PUB,load,1851.3600000000001,YZ,MW
2041-11-10 04:00:00,TRAN-PRV,load,1437.85,YZ,MW
2041-11-11 05:00:00,TRAN-PUB,load,1851.3600000000001,YZ,MW
2041-11-12 06:00:00,TRAN-PRV,load,1490.0,YZ,MW
2041-11-13 07:00:00,TRAN-PUB,load,1851.3600000000001,YZ,MW
2041-11-14 08:00:00,TRAN-PRV,load,1370.8,YZ,MW
2041-11-15 09:00:00,TRAN-PUB,load,1851.3600000000001,YZ,MW
2041-11-16 10:00:00,TRAN-PRV,load,610.9,YZ,MW
2041-11-17 11:00:00,TRAN-PUB,load,1851.3600000000001,YZ,MW
2041-11-18 12:00:00,TRAN-PRV,load,424.65000000000003,YZ,MW
2041-11-19 13:00:00,TRAN-PUB,load,1851.3600000000001,YZ,MW
2041-11-20 14:00:00,TRAN-PRV,load,1184.55,YZ,MW
2041-11-21 15:00:00,TRAN-PUB,load,1851.3600000000001,YZ,MW
2041-11-22 16:00:00,TRAN-PRV,load,1132.4,YZ,MW
2041-11-23 17:00:00,TRAN-PUB,load,1851.3600000000001,YZ,MW
2041-11-24 18:00:00,TRAN-PRV,load,1035.55,YZ,MW
2041-11-25 19:00:00,TRAN-PUB,load,1851.3600000000001,YZ,MW
2041-11-26 20:00:00,TRAN-PRV,load,961.05,YZ,MW
2041-11-27 21:00:00,TRAN-PUB,load,1851.3600000000001,YZ,MW
2041-11-28 22:00:00,TRAN-PRV,load,812.0500000000001,YZ,MW
2041-11-29 23:00:00,TRAN-PUB,load,1851.3600000000001,YZ,MW
2041-12-01 00:00:00,TRAN-PRV,load,290.55,YZ,MW
2041-12-02 01:00:00,TRAN-PUB,load,1851.3600000000001,YZ,MW
2041-12-03 02:00:00,TRAN-PRV,load,298.0,YZ,MW
2041-12-04 03:00:00,TRAN-PUB,load,1851.3600000000001,YZ,MW
2041-12-05 04:00:00,TRAN-PRV,load,685.4,YZ,MW
2041-12-06 05:00:00,TRAN-PUB,load,1851.3600000000001,YZ,MW
2041-12-07 06:00:00,TRAN-PRV,load,663.05,YZ,MW
2041-12-08 07:00:00,TRAN-PUB,load,1851.3600000000001,YZ,MW
2041-12-09 08:00:00,TRAN-PRV,load,633.25,YZ,MW
2041-12-10 09:00:00,TRAN-PUB,load,1851.3600000000001,YZ,MW
2041-12-11 10:00:00,TRAN-PRV,load,618.3499999999999,YZ,MW
2041-12-12 11:00:00,TRAN-PUB,load,1851.3600000000001,YZ,MW
2041-12-13 12:00:00,TRAN-PRV,load,379.95000000000005,YZ,MW
2041-12-14 13:00:00,TRAN-PUB,load,1851.3600000000001,YZ,MW
2041-12-15 14:00:00,TRAN-PRV,load,104.3,YZ,MW
2041-12-16 15:00:00,TRAN-PUB,load,1851.3600000000001,YZ,MW
2041-12-17 16:00:00,TRAN-PRV,load,208.6,YZ,MW
2041-12-18 17:00:00,TRAN-PUB,load,1851.3600000000001,YZ,MW
2041-12-19 18:00:00,TRAN-PRV,load,96.85,YZ,MW
2041-12-20 19:00:00,TRAN-PUB,load,1851.3600000000001,YZ,MW
2041-12-21 20:00:00,TRAN-PRV,load,223.5,YZ,MW
2041-12-22 21:00:00,TRAN-PUB,load,1851.3600000000001,YZ,MW
2041-12-23 22:00:00,TRAN-PRV,load,722.65,YZ,MW
2041-12-24 23:00:00,TRAN-PUB,load,1851.3600000000001,YZ,MW
2041-12-26 00:00:00,TRAN-PRV,load,774.8,YZ,MW
2041-12-27 01:00:00,TRAN-PUB,load,1851.3600000000001,YZ,MW
2041-12-28 02:00:00,TRAN-PRV,load,558.75,YZ,MW
2041-12-29 03:00:00,TRAN-PUB,load,1851.3600000000001,YZ,MW
2041-12-30 04:00:00,TRAN-PRV,load,387.4,YZ,MW
2041-12-31 05:00:00,TRAN-PUB,load,1851.3600000000001,YZ,MW
2042-01-01 06:00:00,TRAN-PRV,load,335.25,YZ,MW
2042-01-02 07:00:00,TRAN-PUB,load,1851.3600000000001,YZ,MW
2040-01-01 00:00:00,TRAN-PRV,store_discharge,-14.4,YZ,MW
2040-01-02 01:00:00,TRAN-PUB,store_discharge,0.0,YZ,MW
2040-01-03 02:00:00,TRAN-PRV,store_discharge,14.4,YZ,MW
2040-01-04 03:00:00,TRAN-PUB,store_discharge,0.0,YZ,MW
2040-01-05 04:00:00,TRAN-PRV,store_discharge,0.0,YZ,MW
2040-01-06 05:00:00,TRAN-PUB,store_discharge,0.0,YZ,MW
2040-01-07 06:00:00,TRAN-PRV,store_discharge,0.0,YZ,MW
2040-01-08 07:00:00,TRAN-PUB,store_discharge,0.0,YZ,MW
2040-01-09 08:00:00,TRAN-PRV,store_discharge,0.0,YZ,MW
2040-01-10 09:00:00,TRAN-PUB,store_discharge,0.0,YZ,MW
2040-01-11 10:00:00,TRAN-PRV,store_discharge,0.0,YZ,MW
2040-01-12 11:00:00,TRAN-PUB,store_discharge,0.0,YZ,MW
2040-01-13 12:00:00,TRAN-PRV,store_discharge,-10.8,YZ,MW
2040-01-14 13:00:00,TRAN-PUB,store_discharge,-3.6,YZ,MW
2040-01-15 14:00:00,TRAN-PRV,store_discharge,10.8,YZ,MW
2040-01-16 15:00:00,TRAN-PUB,store_discharge,3.6,YZ,MW
2040-01-17 16:00:00,TRAN-PRV,store_discharge,0.0,YZ,MW
2040-01-18 17:00:00,TRAN-PUB,store_discharge,0.0,YZ,MW
2040-01-19 18:00:00,TRAN-PRV,store_discharge,0.0,YZ,MW
2040-01-20 19:00:00,TRAN-PUB,store_discharge,0.0,YZ,MW
2040-01-21 20:00:00,TRAN-PRV,store_discharge,0.0,YZ,MW
2040-01-22 21:00:00,TRAN-PUB,store_discharge,0.0,YZ,MW
2040-01-23 22:00:00,TRAN-PRV,store_discharge,0.0,YZ,MW
2040-01-24 23:00:00,TRAN-PUB,store_discharge,0.0,YZ,MW
2040-01-26 00:00:00,TRAN-PRV,store_discharge,0.0,YZ,MW
2040-01-27 01:00:00,TRAN-PUB,store_discharge,0.0,YZ,MW
2040-01-28 02:00:00,TRAN-PRV,store_discharge,0.0,YZ,MW
2040-01-29 03:00:00,TRAN-PUB,store_discharge,0.0,YZ,MW
2040-01-30 04:00:00,TRAN-PRV,store_discharge,0.0,YZ,MW
2040-01-31 05:00:00,TRAN-PUB,store_discharge,0.0,YZ,MW
2040-02-01 06:00:00,TRAN-PRV,store_discharge,0.0,YZ,MW
2040-02-02 07:00:00,TRAN-PUB,store_discharge,0.0,YZ,MW
2040-02-03 08:00:00,TRAN-PRV,store_discharge,0.0,YZ,MW
2040-02-04 09:00:00,TRAN-PUB,store_discharge,0.0,YZ,MW
2040-02-05 10:00:00,TRAN-PRV,store_discharge,0.0,YZ,MW
2040-02-06 11:00:00,TRAN-PUB,store_discharge,0.0,YZ,MW
2040-02-07 12:00:00,TRAN-PRV,store_discharge,0.0,YZ,MW
2040-02-08 13:00:00,TRAN-PUB,store_discharge,0.0,YZ,MW
2040-02-09 14:00:00,TRAN-PRV,store_discharge,0.0,YZ,MW
2040-02-10 15:00:00,TRAN-PUB,store_discharge,0.0,YZ,MW
2040-02-11 16:00:00,TRAN-PRV,store_discharge,0.0,YZ,MW
2040-02-12 17:00:00,TRAN-PUB,store_discharge,0.0,YZ,MW
2040-02-13 18:00:00,TRAN-PRV,store_discharge,0.0,YZ,MW
2040-02-14 19:00:00,TRAN-PUB,store_discharge,0.0,YZ,MW
2040-02-15 20:00:00,TRAN-PRV,store_discharge,0.0,YZ,MW
2040-02-16 21:00:00,TRAN-PUB,store_discharge,0.0,YZ,MW
2040-02-17 22:00:00,TRAN-PRV,store_discharge,0.0,YZ,MW
2040-02-18 23:00:00,TRAN-PUB,store_discharge,0.0,YZ,MW
2040-02-20 00:00:00,TRAN-PRV,store_discharge,0.0,YZ,MW
2040-02-21 01:00:00,TRAN-PUB,store_discharge,0.0,YZ,MW
2040-02-22 02:00:00,TRAN-PRV,store_discharge,0.0,YZ,MW
2040-02-23 03:00:00,TRAN-PUB,store_discharge,0.0,YZ,MW
2040-02-24 04:00:00,TRAN-PRV,store_discharge,0.0,YZ,MW
2040-02-25 05:00:00,TRAN-PUB,store_discharge,0.0,YZ,MW
2040-02-26 06:00:00,TRAN-PRV,store_discharge,0.0,YZ,MW
2040-02-27 07:00:00,TRAN-PUB,store_discharge,0.0,YZ,MW
2040-02-28 08:00:00,TRAN-PRV,store_discharge,0.0,YZ,MW
2040-02-29 09:00:00,TRAN-PUB,store_discharge,0.0,YZ,MW
2040-03-01 10:00:00,TRAN-PRV,store_discharge,0.0,YZ,MW
2040-03-02 11:00:00,TRAN-PUB,store_discharge,0.0,YZ,MW
2040-03-03 12:00:00,TRAN-PRV,store_discharge,-10.8,YZ,MW
2040-03-04 13:00:00,TRAN-PUB,store_discharge,-3.6,YZ,MW
2040-03-05 14:00:00,TRAN-PRV,store_discharge,10.8,YZ,MW
2040-03-06 15:00:00,TRAN-PUB,store_discharge,3.6,YZ,MW
2040-03-07 16:00:00,TRAN-PRV,store_discharge,0.0,YZ,MW
2040-03-08 17:00:00,TRAN-PUB,store_discharge,0.0,YZ,MW
2040-03-09 18:00:00,TRAN-PRV,store_discharge,0.0,YZ,MW
2040-03-10 19:00:00,TRAN-PUB,store_discharge,0.0,YZ,MW
2040-03-11 20:00:00,TRAN-PRV,store_discharge,0.0,YZ,MW
2040-03-12 21:00:00,TRAN-PUB,store_discharge,0.0,YZ,MW
2040-03-13 22:00:00,TRAN-PRV,store_discharge,0.0,YZ,MW
2040-03-14 23:00:00,TRAN-PUB,store_discharge,0.0,YZ,MW
2040-03-16 00:00:00,TRAN-PRV,store_discharge,0.0,YZ,MW
2040-03-17 01:00:00,TRAN-PUB,store_discharge,0.0,YZ,MW
2040-03-18 02:00:00,TRAN-PRV,store_discharge,0.0,YZ,MW
2040-03-19 03:00:00,TRAN-PUB,store_discharge,0.0,YZ,MW
2040-03-20 04:00:00,TRAN-PRV,store_discharge,0.0,YZ,MW
2040-03-21 05:00:00,TRAN-PUB,store_discharge,0.0,YZ,MW
2040-03-22 06:00:00,TRAN-PRV,store_discharge,0.0,YZ,MW
2040-03-23 07:00:00,TRAN-PUB,store_discharge,0.0,YZ,MW
2040-03-24 08:00:00,TRAN-PRV,store_discharge,0.0,YZ,MW
2040-03-25 09:00:00,TRAN-PUB,store_discharge,0.0,YZ,MW
2040-03-26 10:00:00,TRAN-PRV,store_discharge,0.0,YZ,MW
2040-03-27 11:00:00,TRAN-PUB,store_discharge,0.0,YZ,MW
2040-03-28 12:00:00,TRAN-PRV,store_discharge,0.0,YZ,MW
2040-03-29 13:00:00,TRAN-PUB,store_discharge,0.0,YZ,MW
2040-03-30 14:00:00,TRAN-PRV,store_discharge,0.0,YZ,MW
2040-03-31 15:00:00,TRAN-PUB,store_discharge,0.0,YZ,MW
2040-04-01 16:00:00,TRAN-PRV,store_discharge,0.0,YZ,MW
2040-04-02 17:00:00,TRAN-PUB,store_discharge,0.0,YZ,MW
2040-04-03 18:00:00,TRAN-PRV,store_discharge,0.0,YZ,MW
2040-04-04 19:00:00,TRAN-PUB,store_discharge,0.0,YZ,MW
2040-04-05 20:00:00,TRAN-PRV,store_discharge,0.0,YZ,MW
2040-04-06 21:00:00,TRAN-PUB,store_discharge,0.0,YZ,MW
2040-04-07 22:00:00,TRAN-PRV,store_discharge,0.0,YZ,MW
2040-04-08 23:00:00,TRAN-PUB,store_discharge,0.0,YZ,MW
2040-04-10 00:00:00,TRAN-PRV,store_discharge,0.0,YZ,MW
2040-04-11 01:00:00,TRAN-PUB,store_discharge,0.0,YZ,MW
2040-04-12 02:00:00,TRAN-PRV,store_discharge,0.0,YZ,MW
2040-04-13 03:00:00,TRAN-PUB,store_discharge,0.0,YZ,MW
2040-04-14 04:00:00,TRAN-PRV,store_discharge,0.0,YZ,MW
2040-04-15 05:00:00,TRAN-PUB,store_discharge,0.0,YZ,MW
2040-04-16 06:00:00,TRAN-PRV,store_discharge,0.0,YZ,MW
2040-04-17 07:00:00,TRAN-PUB,store_discharge,0.0,YZ,MW
2040-04-18 08:00:00,TRAN-PRV,store_discharge,0.0,YZ,MW
2040-04-19 09:00:00,TRAN-PUB,store_discharge,0.0,YZ,MW
2040-04-20 10:00:00,TRAN-PRV,store_discharge,0.0,YZ,MW
2040-04-21 11:00:00,TRAN-PUB,store_discharge,0.0,YZ,MW
2040-04-22 12:00:00,TRAN-PRV,store_discharge,-10.8,YZ,MW
2040-04-23 13:00:00,TRAN-PUB,store_discharge,-3.6,YZ,MW
2040-04-24 14:00:00,TRAN-PRV,store_discharge,10.8,YZ,MW
2040-04-25 15:00:00,TRAN-PUB,store_discharge,3.6,YZ,MW
2040-04-26 16:00:00,TRAN-PRV,store_discharge,0.0,YZ,MW
2040-04-27 17:00:00,TRAN-PUB,store_discharge,0.0,YZ,MW
2040-04-28 18:00:00,TRAN-PRV,store_discharge,0.0,YZ,MW
2040-04-29 19:00:00,TRAN-PUB,store_discharge,0.0,YZ,MW
2040-04-30 20:00:00,TRAN-PRV,store_discharge,0.0,YZ,MW
2040-05-01 21:00:00,TRAN-PUB,store_discharge,0.0,YZ,MW
2040-05-02 22:00:00,TRAN-PRV,store_discharge,0.0,YZ,MW
2040-05-03 23:00:00,TRAN-PUB,store_discharge,0.0,YZ,MW
2040-05-05 00:00:00,TRAN-PRV,store_discharge,0.0,YZ,MW
2040-05-06 01:00:00,TRAN-PUB,store_discharge,0.0,YZ,MW
2040-05-07 02:00:00,TRAN-PRV,store_discharge,0.0,YZ,MW
2040-05-08 03:00:00,TRAN-PUB,store_discharge,0.0,YZ,MW
2040-05-09 04:00:00,TRAN-PRV,store_discharge,0.0,YZ,MW
2040-05-10 05:00:00,TRAN-PUB,store_discharge,0.0,YZ,MW
2040-05-11 06:00:00,TRAN-PRV,store_discharge,0.0,YZ,MW
2040-05-12 07:00:00,TRAN-PUB,store_discharge,0.0,YZ,MW
2040-05-13 08:00:00,TRAN-PRV,store_discharge,0.0,YZ,MW
2040-05-14 09:00:00,TRAN-PUB,store_discharge,0.0,YZ,MW
2040-05-15 10:00:00,TRAN-PRV,store_discharge,0.0,YZ,MW
2040-05-16 11:00:00,TRAN-PUB,store_discharge,0.0,YZ,MW
2040-05-17 12:00:00,TRAN-PRV,store_discharge,0.0,YZ,MW
2040-05-18 13:00:00,TRAN-PUB,store_discharge,0.0,YZ,MW
2040-05-19 14:00:00,TRAN-PRV,store_discharge,0.0,YZ,MW
2040-05-20 15:00:00,TRAN-PUB,store_discharge,0.0,YZ,MW
2040-05-21 16:00:00,TRAN-PRV,store_discharge,0.0,YZ,MW
2040-05-22 17:00:00,TRAN-PUB,store_discharge,0.0,YZ,MW
2040-05-23 18:00:00,TRAN-PRV,store_discharge,0.0,YZ,MW
2040-05-24 19:00:00,TRAN-PUB,store_discharge,0.0,YZ,MW
2040-05-25 20:00:00,TRAN-PRV,store_discharge,0.0,YZ,MW
2040-05-26 21:00:00,TRAN-PUB,store_discharge,0.0,YZ,MW
2040-05-27 22:00:00,TRAN-PRV,store_discharge,0.0,YZ,MW
2040-05-28 23:00:00,TRAN-PUB,store_discharge,0.0,YZ,MW
2040-05-30 00:00:00,TRAN-PRV,store_discharge,0.0,YZ,MW
2040-05-31 01:00:00,TRAN-PUB,store_discharge,0.0,YZ,MW
2040-06-01 02:00:00,TRAN-PRV,store_discharge,0.0,YZ,MW
2040-06-02 03:00:00,TRAN-PUB,store_discharge,0.0,YZ,MW
2040-06-03 04:00:00,TRAN-PRV,store_discharge,0.0,YZ,MW
2040-06-04 05:00:00,TRAN-PUB,store_discharge,0.0,YZ,MW
2040-06-05 06:00:00,TRAN-PRV,store_discharge,0.0,YZ,MW
2040-06-06 07:00:00,TRAN-PUB,store_discharge,0.0,YZ,MW
2040-06-07 08:00:00,TRAN-PRV,store_discharge,0.0,YZ,MW
2040-06-08 09:00:00,TRAN-PUB,store_discharge,0.0,YZ,MW
2040-06-09 10:00:00,TRAN-PRV,store_discharge,0.0,YZ,MW
2040-06-10 11:00:00,TRAN-PUB,store_discharge,0.0,YZ,MW
2040-06-11 12:00:00,TRAN-PRV,store_discharge,-10.8,YZ,MW
2040-06-12 13:00:00,TRAN-PUB,store_discharge,-3.6,YZ,MW
2040-06-13 14:00:00,TRAN-PRV,store_discharge,10.8,YZ,MW
2040-06-14 15:00:00,TRAN-PUB,store_discharge,3.6,YZ,MW
2040-06-15 16:00:00,TRAN-PRV,store_discharge,0.0,YZ,MW
2040-06-16 17:00:00,TRAN-PUB,store_discharge,0.0,YZ,MW
2040-06-17 18:00:00,TRAN-PRV,store_discharge,0.0,YZ,MW
2040-06-18 19:00:00,TRAN-PUB,store_discharge,0.0,YZ,MW
2040-06-19 20:00:00,TRAN-PRV,store_discharge,0.0,YZ,MW
2040-06-20 21:00:00,TRAN-PUB,store_discharge,0.0,YZ,MW
2040-06-21 22:00:00,TRAN-PRV,store_discharge,0.0,YZ,MW
2040-06-22 23:00:00,TRAN-PUB,store_discharge,0.0,YZ,MW
2040-06-24 00:00:00,TRAN-PRV,store_discharge,0.0,YZ,MW
2040-06-25 01:00:00,TRAN-PUB,store_discharge,0.0,YZ,MW
2040-06-26 02:00:00,TRAN-PRV,store_discharge,0.0,YZ,MW
2040-06-27 03:00:00,TRAN-PUB,store_discharge,0.0,YZ,MW
2040-06-28 04:00:00,TRAN-PRV,store_discharge,0.0,YZ,MW
2040-06-29 05:00:00,TRAN-PUB,store_discharge,0.0,YZ,MW
2040-06-30 06:00:00,TRAN-PRV,store_discharge,0.0,YZ,MW
2040-07-01 07:00:00,TRAN-PUB,store_discharge,0.0,YZ,MW
2040-07-02 08:00:00,TRAN-PRV,store_discharge,0.0,YZ,MW
2040-07-03 09:00:00,TRAN-PUB,store_discharge,0.0,YZ,MW
2040-07-04 10:00:00,TRAN-PRV,store_discharge,0.0,YZ,MW
2040-07-05 11:00:00,TRAN-PUB,store_discharge,0.0,YZ,MW
2040-07-06 12:00:00,TRAN-PRV,store_discharge,0.0,YZ,MW
2040-07-07 13:00:00,TRAN-PUB,store_discharge,0.0,YZ,MW
2040-07-08 14:00:00,TRAN-PRV,store_discharge,0.0,YZ,MW
2040-07-09 15:00:00,TRAN-PUB,store_discharge,0.0,YZ,MW
2040-07-10 16:00:00,TRAN-PRV,store_discharge,0.0,YZ,MW
2040-07-11 17:00:00,TRAN-PUB,store_discharge,0.0,YZ,MW
2040-07-12 18:00:00,TRAN-PRV,store_discharge,0.0,YZ,MW
2040-07-13 19:00:00,TRAN-PUB,store_discharge,0.0,YZ,MW
2040-07-14 20:00:00,TRAN-PRV,store_discharge,0.0,YZ,MW
2040-07-15 21:00:00,TRAN-PUB,store_discharge,0.0,YZ,MW
2040-07-16 22:00:00,TRAN-PRV,store_discharge,0.0,YZ,MW
2040-07-17 23:00:00,TRAN-PUB,store_discharge,0.0,YZ,MW
2040-07-19 00:00:00,TRAN-PRV,store_discharge,0.0,YZ,MW
2040-07-20 01:00:00,TRAN-PUB,store_discharge,0.0,YZ,MW
2040-07-21 02:00:00,TRAN-PRV,store_discharge,0.0,YZ,MW
2040-07-22 03:00:00,TRAN-PUB,store_discharge,0.0,YZ,MW
2040-07-23 04:00:00,TRAN-PRV,store_discharge,0.0,YZ,MW
2040-07-24 05:00:00,TRAN-PUB,store_discharge,0.0,YZ,MW
2040-07-25 06:00:00,TRAN-PRV,store_discharge,0.0,YZ,MW
2040-07-26 07:00:00,TRAN-PUB,store_discharge,0.0,YZ,MW
2040-07-27 08:00:00,TRAN-PRV,store_discharge,0.0,YZ,MW
2040-07-28 09:00:00,TRAN-PUB,store_discharge,0.0,YZ,MW
2040-07-29 10:00:00,TRAN-PRV,store_discharge,-10.8,YZ,MW
2040-07-30 11:00:00,TRAN-PUB,store_discharge,-3.6,YZ,MW
2040-07-31 12:00:00,TRAN-PRV,store_discharge,10.8,YZ,MW
2040-08-01 13:00:00,TRAN-PUB,store_discharge,3.6,YZ,MW
2040-08-02 14:00:00,TRAN-PRV,store_discharge,0.0,YZ,MW
2040-08-03 15:00:00,TRAN-PUB,store_discharge,0.0,YZ,MW
2040-08-04 16:00:00,TRAN-PRV,store_discharge,0.0,YZ,MW
2040-08-05 17:00:00,TRAN-PUB,store_discharge,0.0,YZ,MW
2040-08-06 18:00:00,TRAN-PRV,store_discharge,0.0,YZ,MW
2040-08-07 19:00:00,TRAN-PUB,store_discharge,0.0,YZ,MW
2040-08-08 20:00:00,TRAN-PRV,store_discharge,0.0,YZ,MW
2040-08-09 21:00:00,TRAN-PUB,store_discharge,0.0,YZ,MW
2040-08-10 22:00:00,TRAN-PRV,store_discharge,0.0,YZ,MW
2040-08-11 23:00:00,TRAN-PUB,store_discharge,0.0,YZ,MW
2040-08-13 00:00:00,TRAN-PRV,store_discharge,0.0,YZ,MW
2040-08-14 01:00:00,TRAN-PUB,store_discharge,0.0,YZ,MW
2040-08-15 02:00:00,TRAN-PRV,store_discharge,0.0,YZ,MW
2040-08-16 03:00:00,TRAN-PUB,store_discharge,0.0,YZ,MW
2040-08-17 04:00:00,TRAN-PRV,store_discharge,0.0,YZ,MW
2040-08-18 05:00:00,TRAN-PUB,store_discharge,0.0,YZ,MW
2040-08-19 06:00:00,TRAN-PRV,store_discharge,0.0,YZ,MW
2040-08-20 07:00:00,TRAN-PUB,store_discharge,0.0,YZ,MW
2040-08-21 08:00:00,TRAN-PRV,store_discharge,0.0,YZ,MW
2040-08-22 09:00:00,TRAN-PUB,store_discharge,0.0,YZ,MW
2040-08-23 10:00:00,TRAN-PRV,store_discharge,0.0,YZ,MW
2040-08-24 11:00:00,TRAN-PUB,store_discharge,0.0,YZ,MW
2040-08-25 12:00:00,TRAN-PRV,store_discharge,0.0,YZ,MW
2040-08-26 13:00:00,TRAN-PUB,store_discharge,0.0,YZ,MW
2040-08-27 14:00:00,TRAN-PRV,store_discharge,0.0,YZ,MW
2040-08-28 15:00:00,TRAN-PUB,store_discharge,0.0,YZ,MW
2040-08-29 16:00:00,TRAN-PRV,store_discharge,0.0,YZ,MW
2040-08-30 17:00:00,TRAN-PUB,store_discharge,0.0,YZ,MW
2040-08-31 18:00:00,TRAN-PRV,store_discharge,0.0,YZ,MW
2040-09-01 19:00:00,TRAN-PUB,store_discharge,0.0,YZ,MW
2040-09-02 20:00:00,TRAN-PRV,store_discharge,0.0,YZ,MW
2040-09-03 21:00:00,TRAN-PUB,store_discharge,0.0,YZ,MW
2040-09-04 22:00:00,TRAN-PRV,store_discharge,0.0,YZ,MW
2040-09-05 23:00:00,TRAN-PUB,store_discharge,0.0,YZ,MW
2040-09-07 00:00:00,TRAN-PRV,store_discharge,0.0,YZ,MW
2040-09-08 01:00:00,TRAN-PUB,store_discharge,0.0,YZ,MW
2040-09-09 02:00:00,TRAN-PRV,store_discharge,0.0,YZ,MW
2040-09-10 03:00:00,TRAN-PUB,store_discharge,0.0,YZ,MW
2040-09-11 04:00:00,TRAN-PRV,store_discharge,0.0,YZ,MW
2040-09-12 05:00:00,TRAN-PUB,store_discharge,0.0,YZ,MW
2040-09-13 06:00:00,TRAN-PRV,store_discharge,0.0,YZ,MW
2040-09-14 07:00:00,TRAN-PUB,store_discharge,0.0,YZ,MW
2040-09-15 08:00:00,TRAN-PRV,store_discharge,0.0,YZ,MW
2040-09-16 09:00:00,TRAN-PUB,store_discharge,0.0,YZ,MW
2040-09-17 10:00:00,TRAN-PRV,store_discharge,-10.8,YZ,MW
2040-09-18 11:00:00,TRAN-PUB,store_discharge,-3.6,YZ,MW
2040-09-19 12:00:00,TRAN-PRV,store_discharge,10.8,YZ,MW
2040-09-20 13:00:00,TRAN-PUB,store_discharge,3.6,YZ,MW
2040-09-21 14:00:00,TRAN-PRV,store_discharge,0.0,YZ,MW
2040-09-22 15:00:00,TRAN-PUB,store_discharge,0.0,YZ,MW
2040-09-23 16:00:00,TRAN-PRV,store_discharge,0.0,YZ,MW
2040-09-24 17:00:00,TRAN-PUB,store_discharge,0.0,YZ,MW
2040-09-25 18:00:00,TRAN-PRV,store_discharge,0.0,YZ,MW
2040-09-26 19:00:00,TRAN-PUB,store_discharge,0.0,YZ,MW
2040-09-27 20:00:00,TRAN-PRV,store_discharge,0.0,YZ,MW
2040-09-28 21:00:00,TRAN-PUB,store_discharge,0.0,YZ,MW
2040-09-29 22:00:00,TRAN-PRV,store_discharge,0.0,YZ,MW
2040-09-30 23:00:00,TRAN-PUB,store_discharge,0.0,YZ,MW
2040-10-02 00:00:00,TRAN-PRV,store_discharge,0.0,YZ,MW
2040-10-03 01:00:00,TRAN-PUB,store_discharge,0.0,YZ,MW
2040-10-04 02:00:00,TRAN-PRV,store_discharge,0.0,YZ,MW
2040-10-05 03:00:00,TRAN-PUB,store_discharge,0.0,YZ,MW
2040-10-06 04:00:00,TRAN-PRV,store_discharge,0.0,YZ,MW
2040-10-07 05:00:00,TRAN-PUB,store_discharge,0.0,YZ,MW
2040-10-08 06:00:00,TRAN-PRV,store_discharge,0.0,YZ,MW
2040-10-09 07:00:00,TRAN-PUB,store_discharge,0.0,YZ,MW
2040-10-10 08:00:00,TRAN-PRV,store_discharge,0.0,YZ,MW
2040-10-11 09:00:00,TRAN-PUB,store_discharge,0.0,YZ,MW
2040-10-12 10:00:00,TRAN-PRV,store_discharge,0.0,YZ,MW
2040-10-13 11:00:00,TRAN-PUB,store_discharge,0.0,YZ,MW
2040-10-14 12:00:00,TRAN-PRV,store_discharge,0.0,YZ,MW
2040-10-15 13:00:00,TRAN-PUB,store_discharge,0.0,YZ,MW
2040-10-16 14:00:00,TRAN-PRV,store_discharge,0.0,YZ,MW
2040-10-17 15:00:00,TRAN-PUB,store_discharge,0.0,YZ,MW
2040-10-18 16:00:00,TRAN-PRV,store_discharge,0.0,YZ,MW
2040-10-19 17:00:00,TRAN-PUB,store_discharge,0.0,YZ,MW
2040-10-20 18:00:00,TRAN-PRV,store_discharge,0.0,YZ,MW
2040-10-21 19:00:00,TRAN-PUB,store_discharge,0.0,YZ,MW
2040-10-22 20:00:00,TRAN-PRV,store_discharge,0.0,YZ,MW
2040-10-23 21:00:00,TRAN-PUB,store_discharge,0.0,YZ,MW
2040-10-24 22:00:00,TRAN-PRV,store_discharge,0.0,YZ,MW
2040-10-25 23:00:00,TRAN-PUB,store_discharge,0.0,YZ,MW
2040-10-27 00:00:00,TRAN-PRV,store_discharge,0.0,YZ,MW
2040-10-28 01:00:00,TRAN-PUB,store_discharge,0.0,YZ,MW
2040-10-29 02:00:00,TRAN-PRV,store_discharge,0.0,YZ,MW
2040-10-30 03:00:00,TRAN-PUB,store_discharge,0.0,YZ,MW
2040-10-31 04:00:00,TRAN-PRV,store_discharge,0.0,YZ,MW
2040-11-01 05:00:00,TRAN-PUB,store_discharge,0.0,YZ,MW
2040-11-02 06:00:00,TRAN-PRV,store_discharge,0.0,YZ,MW
2040-11-03 07:00:00,TRAN-PUB,store_discharge,0.0,YZ,MW
2040-11-04 08:00:00,TRAN-PRV,store_discharge,0.0,YZ,MW
2040-11-05 09:00:00,TRAN-PUB,store_discharge,0.0,YZ,MW
2040-11-06 10:00:00,TRAN-PRV,store_discharge,-10.8,YZ,MW
2040-11-07 11:00:00,TRAN-PUB,store_discharge,-3.6,YZ,MW
2040-11-08 12:00:00,TRAN-PRV,store_discharge,10.8,YZ,MW
2040-11-09 13:00:00,TRAN-PUB,store_discharge,3.6,YZ,MW
2040-11-10 14:00:00,TRAN-PRV,store_discharge,0.0,YZ,MW
2040-11-11 15:00:00,TRAN-PUB,store_discharge,0.0,YZ,MW
2040-11-12 16:00:00,TRAN-PRV,store_discharge,0.0,YZ,MW
2040-11-13 17:00:00,TRAN-PUB,store_discharge,0.0,YZ,MW
2040-11-14 18:00:00,TRAN-PRV,store_discharge,0.0,YZ,MW
2040-11-15 19:00:00,TRAN-PUB,store_discharge,0.0,YZ,MW
2040-11-16 20:00:00,TRAN-PRV,store_discharge,0.0,YZ,MW
2040-11-17 21:00:00,TRAN-PUB,store_discharge,0.0,YZ,MW
2040-11-18 22:00:00,TRAN-PRV,store_discharge,0.0,YZ,MW
2040-11-19 23:00:00,TRAN-PUB,store_discharge,0.0,YZ,MW
2040-11-21 00:00:00,TRAN-PRV,store_discharge,0.0,YZ,MW
2040-11-22 01:00:00,TRAN-PUB,store_discharge,0.0,YZ,MW
2040-11-23 02:00:00,TRAN-PRV,store_discharge,0.0,YZ,MW
2040-11-24 03:00:00,TRAN-PUB,store_discharge,0.0,YZ,MW
2040-11-25 04:00:00,TRAN-PRV,store_discharge,0.0,YZ,MW
2040-11-26 05:00:00,TRAN-PUB,store_discharge,0.0,YZ,MW
2040-11-27 06:00:00,TRAN-PRV,store_discharge,0.0,YZ,MW
2040-11-28 07:00:00,TRAN-PUB,store_discharge,0.0,YZ,MW
2040-11-29 08:00:00,TRAN-PRV,store_discharge,0.0,YZ,MW
2040-11-30 09:00:00,TRAN-PUB,store_discharge,0.0,YZ,MW
2040-12-01 10:00:00,TRAN-PRV,store_discharge,0.0,YZ,MW
2040-12-02 11:00:00,TRAN-PUB,store_discharge,0.0,YZ,MW
2040-12-03 12:00:00,TRAN-PRV,store_discharge,0.0,YZ,MW
2040-12-04 13:00:00,TRAN-PUB,store_discharge,0.0,YZ,MW
2040-12-05 14:00:00,TRAN-PRV,store_discharge,0.0,YZ,MW
2040-12-06 15:00:00,TRAN-PUB,store_discharge,0.0,YZ,MW
2040-12-07 16:00:00,TRAN-PRV,store_discharge,0.0,YZ,MW
2040-12-08 17:00:00,TRAN-PUB,store_discharge,0.0,YZ,MW
2040-12-09 18:00:00,TRAN-PRV,store_discharge,0.0,YZ,MW
2040-12-10 19:00:00,TRAN-PUB,store_discharge,0.0,YZ,MW
2040-12-11 20:00:00,TRAN-PRV,store_discharge,0.0,YZ,MW
2040-12-12 21:00:00,TRAN-PUB,store_discharge,0.0,YZ,MW
2040-12-13 22:00:00,TRAN-PRV,store_discharge,0.0,YZ,MW
2040-12-14 23:00:00,TRAN-PUB,store_discharge,0.0,YZ,MW
2040-12-16 00:00:00,TRAN-PRV,store_discharge,0.0,YZ,MW
2040-12-17 01:00:00,TRAN-PUB,store_discharge,0.0,YZ,MW
2040-12-18 02:00:00,TRAN-PRV,store_discharge,0.0,YZ,MW
2040-12-19 03:00:00,TRAN-PUB,store_discharge,0.0,YZ,MW
2040-12-20 04:00:00,TRAN-PRV,store_discharge,0.0,YZ,MW
2040-12-21 05:00:00,TRAN-PUB,store_discharge,0.0,YZ,MW
2040-12-22 06:00:00,TRAN-PRV,store_discharge,0.0,YZ,MW
2040-12-23 07:00:00,TRAN-PUB,store_discharge,0.0,YZ,MW
2040-12-24 08:00:00,TRAN-PRV,store_discharge,0.0,YZ,MW
2040-12-25 09:00:00,TRAN-PUB,store_discharge,0.0,YZ,MW
2040-12-26 10:00:00,TRAN-PRV,store_discharge,0.0,YZ,MW
2040-12-27 11:00:00,TRAN-PUB,store_discharge,0.0,YZ,MW
2040-12-28 12:00:00,TRAN-PRV,store_discharge,-10.8,YZ,MW
2040-12-29 13:00:00,TRAN-PUB,store_discharge,-3.6,YZ,MW
2040-12-30 14:00:00,TRAN-PRV,store_discharge,10.8,YZ,MW
2040-12-31 15:00:00,TRAN-PUB,store_discharge,3.6,YZ,MW
2041-01-01 16:00:00,TRAN-PRV,store_discharge,0.0,YZ,MW
2041-01-02 17:00:00,TRAN-PUB,store_discharge,0.0,YZ,MW
2041-01-03 18:00:00,TRAN-PRV,store_discharge,0.0,YZ,MW
2041-01-04 19:00:00,TRAN-PUB,store_discharge,0.0,YZ,MW
2041-01-05 20:00:00,TRAN-PRV,store_discharge,0.0,YZ,MW
2041-01-06 21:00:00,TRAN-PUB,store_discharge,0.0,YZ,MW
2041-01-07 22:00:00,TRAN-PRV,store_discharge,0.0,YZ,MW
2041-01-08 23:00:00,TRAN-PUB,store_discharge,0.0,YZ,MW
2041-01-10 00:00:00,TRAN-PRV,store_discharge,0.0,YZ,MW
2041-01-11 01:00:00,TRAN-PUB,store_discharge,0.0,YZ,MW
2041-01-12 02:00:00,TRAN-PRV,store_discharge,0.0,YZ,MW
2041-01-13 03:00:00,TRAN-PUB,store_discharge,0.0,YZ,MW
2041-01-14 04:00:00,TRAN-PRV,store_discharge,0.0,YZ,MW
2041-01-15 05:00:00,TRAN-PUB,store_discharge,0.0,YZ,MW
2041-01-16 06:00:00,TRAN-PRV,store_discharge,0.0,YZ,MW
2041-01-17 07:00:00,TRAN-PUB,store_discharge,0.0,YZ,MW
2041-01-18 08:00:00,TRAN-PRV,store_discharge,0.0,YZ,MW
2041-01-19 09:00:00,TRAN-PUB,store_discharge,0.0,YZ,MW
2041-01-20 10:00:00,TRAN-PRV,store_discharge,0.0,YZ,MW
2041-01-21 11:00:00,TRAN-PUB,store_discharge,0.0,YZ,MW
2041-01-22 12:00:00,TRAN-PRV,store_discharge,0.0,YZ,MW
2041-01-23 13:00:00,TRAN-PUB,store_discharge,0.0,YZ,MW
2041-01-24 14:00:00,TRAN-PRV,store_discharge,0.0,YZ,MW
2041-01-25 15:00:00,TRAN-PUB,store_discharge,0.0,YZ,MW
2041-01-26 16:00:00,TRAN-PRV,store_discharge,0.0,YZ,MW
2041-01-27 17:00:00,TRAN-PUB,store_discharge,0.0,YZ,MW
2041-01-28 18:00:00,TRAN-PRV,store_discharge,0.0,YZ,MW
2041-01-29 19:00:00,TRAN-PUB,store_discharge,0.0,YZ,MW
2041-01-30 20:00:00,TRAN-PRV,store_discharge,0.0,YZ,MW
2041-01-31 21:00:00,TRAN-PUB,store_discharge,0.0,YZ,MW
2041-02-01 22:00:00,TRAN-PRV,store_discharge,0.0,YZ,MW
2041-02-02 23:00:00,TRAN-PUB,store_discharge,0.0,YZ,MW
2041-02-04 00:00:00,TRAN-PRV,store_discharge,0.0,YZ,MW
2041-02-05 01:00:00,TRAN-PUB,store_discharge,0.0,YZ,MW
2041-02-06 02:00:00,TRAN-PRV,store_discharge,0.0,YZ,MW
2041-02-07 03:00:00,TRAN-PUB,store_discharge,0.0,YZ,MW
2041-02-08 04:00:00,TRAN-PRV,store_discharge,0.0,YZ,MW
2041-02-09 05:00:00,TRAN-PUB,store_discharge,0.0,YZ,MW
2041-02-10 06:00:00,TRAN-PRV,store_discharge,0.0,YZ,MW
2041-02-11 07:00:00,TRAN-PUB,store_discharge,0.0,YZ,MW
2041-02-12 08:00:00,TRAN-PRV,store_discharge,0.0,YZ,MW
2041-02-13 09:00:00,TRAN-PUB,store_discharge,0.0,YZ,MW
2041-02-14 10:00:00,TRAN-PRV,store_discharge,0.0,YZ,MW
2041-02-15 11:00:00,TRAN-PUB,store_discharge,0.0,YZ,MW
2041-02-16 12:00:00,TRAN-PRV,store_discharge,-10.8,YZ,MW
2041-02-17 13:00:00,TRAN-PUB,store_discharge,-3.6,YZ,MW
2041-02-18 14:00:00,TRAN-PRV,store_discharge,10.8,YZ,MW
2041-02-19 15:00:00,TRAN-PUB,store_discharge,3.6,YZ,MW
2041-02-20 16:00:00,TRAN-PRV,store_discharge,0.0,YZ,MW
2041-02-21 17:00:00,TRAN-PUB,store_discharge,0.0,YZ,MW
2041-02-22 18:00:00,TRAN-PRV,store_discharge,0.0,YZ,MW
2041-02-23 19:00:00,TRAN-PUB,store_discharge,0.0,YZ,MW
2041-02-24 20:00:00,TRAN-PRV,store_discharge,0.0,YZ,MW
2041-02-25 21:00:00,TRAN-PUB,store_discharge,0.0,YZ,MW
2041-02-26 22:00:00,TRAN-PRV,store_discharge,0.0,YZ,MW
2041-02-27 23:00:00,TRAN-PUB,store_discharge,0.0,YZ,MW
2041-03-01 00:00:00,TRAN-PRV,store_discharge,0.0,YZ,MW
2041-03-02 01:00:00,TRAN-PUB,store_discharge,0.0,YZ,MW
2041-03-03 02:00:00,TRAN-PRV,store_discharge,0.0,YZ,MW
2041-03-04 03:00:00,TRAN-PUB,store_discharge,0.0,YZ,MW
2041-03-05 04:00:00,TRAN-PRV,store_discharge,0.0,YZ,MW
2041-03-06 05:00:00,TRAN-PUB,store_discharge,0.0,YZ,MW
2041-03-07 06:00:00,TRAN-PRV,store_discharge,0.0,YZ,MW
2041-03-08 07:00:00,TRAN-PUB,store_discharge,0.0,YZ,MW
2041-03-09 08:00:00,TRAN-PRV,store_discharge,0.0,YZ,MW
2041-03-10 09:00:00,TRAN-PUB,store_discharge,0.0,YZ,MW
2041-03-11 10:00:00,TRAN-PRV,store_discharge,0.0,YZ,MW
2041-03-12 11:00:00,TRAN-PUB,store_discharge,0.0,YZ,MW
2041-03-13 12:00:00,TRAN-PRV,store_discharge,0.0,YZ,MW
2041-03-14 13:00:00,TRAN-PUB,store_discharge,0.0,YZ,MW
2041-03-15 14:00:00,TRAN-PRV,store_discharge,0.0,YZ,MW
2041-03-16 15:00:00,TRAN-PUB,store_discharge,0.0,YZ,MW
2041-03-17 16:00:00,TRAN-PRV,store_discharge,0.0,YZ,MW
2041-03-18 17:00:00,TRAN-PUB,store_discharge,0.0,YZ,MW
2041-03-19 18:00:00,TRAN-PRV,store_discharge,0.0,YZ,MW
2041-03-20 19:00:00,TRAN-PUB,store_discharge,0.0,YZ,MW
2041-03-21 20:00:00,TRAN-PRV,store_discharge,0.0,YZ,MW
2041-03-22 21:00:00,TRAN-PUB,store_discharge,0.0,YZ,MW
2041-03-23 22:00:00,TRAN-PRV,store_discharge,0.0,YZ,MW
2041-03-24 23:00:00,TRAN-PUB,store_discharge,0.0,YZ,MW
2041-03-26 00:00:00,TRAN-PRV,store_discharge,0.0,YZ,MW
2041-03-27 01:00:00,TRAN-PUB,store_discharge,0.0,YZ,MW
2041-03-28 02:00:00,TRAN-PRV,store_discharge,0.0,YZ,MW
2041-03-29 03:00:00,TRAN-PUB,store_discharge,0.0,YZ,MW
2041-03-30 04:00:00,TRAN-PRV,store_discharge,0.0,YZ,MW
2041-03-31 05:00:00,TRAN-PUB,store_discharge,0.0,YZ,MW
2041-04-01 06:00:00,TRAN-PRV,store_discharge,0.0,YZ,MW
2041-04-02 07:00:00,TRAN-PUB,store_discharge,0.0,YZ,MW
2041-04-03 08:00:00,TRAN-PRV,store_discharge,0.0,YZ,MW
2041-04-04 09:00:00,TRAN-PUB,store_discharge,0.0,YZ,MW
2041-04-05 10:00:00,TRAN-PRV,store_discharge,0.0,YZ,MW
2041-04-06 11:00:00,TRAN-PUB,store_discharge,0.0,YZ,MW
2041-04-07 12:00:00,TRAN-PRV,store_discharge,-10.8,YZ,MW
2041-04-08 13:00:00,TRAN-PUB,store_discharge,-3.6,YZ,MW
2041-04-09 14:00:00,TRAN-PRV,store_discharge,10.8,YZ,MW
2041-04-10 15:00:00,TRAN-PUB,store_discharge,3.6,YZ,MW
2041-04-11 16:00:00,TRAN-PRV,store_discharge,0.0,YZ,MW
2041-04-12 17:00:00,TRAN-PUB,store_discharge,0.0,YZ,MW
2041-04-13 18:00:00,TRAN-PRV,store_discharge,0.0,YZ,MW
2041-04-14 19:00:00,TRAN-PUB,store_discharge,0.0,YZ,MW
2041-04-15 20:00:00,TRAN-PRV,store_discharge,0.0,YZ,MW
2041-04-16 21:00:00,TRAN-PUB,store_discharge,0.0,YZ,MW
2041-04-17 22:00:00,TRAN-PRV,store_discharge,0.0,YZ,MW
2041-04-18 23:00:00,TRAN-PUB,store_discharge,0.0,YZ,MW
2041-04-20 00:00:00,TRAN-PRV,store_discharge,0.0,YZ,MW
2041-04-21 01:00:00,TRAN-PUB,store_discharge,0.0,YZ,MW
2041-04-22 02:00:00,TRAN-PRV,store_discharge,0.0,YZ,MW
2041-04-23 03:00:00,TRAN-PUB,store_discharge,0.0,YZ,MW
2041-04-24 04:00:00,TRAN-PRV,store_discharge,0.0,YZ,MW
2041-04-25 05:00:00,TRAN-PUB,store_discharge,0.0,YZ,MW
2041-04-26 06:00:00,TRAN-PRV,store_discharge,0.0,YZ,MW
2041-04-27 07:00:00,TRAN-PUB,store_discharge,0.0,YZ,MW
2041-04-28 08:00:00,TRAN-PRV,store_discharge,0.0,YZ,MW
2041-04-29 09:00:00,TRAN-PUB,store_discharge,0.0,YZ,MW
2041-04-30 10:00:00,TRAN-PRV,store_discharge,0.0,YZ,MW
2041-05-01 11:00:00,TRAN-PUB,store_discharge,0.0,YZ,MW
2041-05-02 12:00:00,TRAN-PRV,store_discharge,0.0,YZ,MW
2041-05-03 13:00:00,TRAN-PUB,store_discharge,0.0,YZ,MW
2041-05-04 14:00:00,TRAN-PRV,store_discharge,0.0,YZ,MW
2041-05-05 15:00:00,TRAN-PUB,store_discharge,0.0,YZ,MW
2041-05-06 16:00:00,TRAN-PRV,store_discharge,0.0,YZ,MW
2041-05-07 17:00:00,TRAN-PUB,store_discharge,0.0,YZ,MW
2041-05-08 18:00:00,TRAN-PRV,store_discharge,0.0,YZ,MW
2041-05-09 19:00:00,TRAN-PUB,store_discharge,0.0,YZ,MW
2041-05-10 20:00:00,TRAN-PRV,store_discharge,0.0,YZ,MW
2041-05-11 21:00:00,TRAN-PUB,store_discharge,0.0,YZ,MW
2041-05-12 22:00:00,TRAN-PRV,store_discharge,0.0,YZ,MW
2041-05-13 23:00:00,TRAN-PUB,store_discharge,0.0,YZ,MW
2041-05-15 00:00:00,TRAN-PRV,store_discharge,0.0,YZ,MW
2041-05-16 01:00:00,TRAN-PUB,store_discharge,0.0,YZ,MW
2041-05-17 02:00:00,TRAN-PRV,store_discharge,0.0,YZ,MW
2041-05-18 03:00:00,TRAN-PUB,store_discharge,0.0,YZ,MW
2041-05-19 04:00:00,TRAN-PRV,store_discharge,0.0,YZ,MW
2041-05-20 05:00:00,TRAN-PUB,store_discharge,0.0,YZ,MW
2041-05-21 06:00:00,TRAN-PRV,store_discharge,0.0,YZ,MW
2041-05-22 07:00:00,TRAN-PUB,store_discharge,0.0,YZ,MW
2041-05-23 08:00:00,TRAN-PRV,store_discharge,0.0,YZ,MW
2041-05-24 09:00:00,TRAN-PUB,store_discharge,0.0,YZ,MW
2041-05-25 10:00:00,TRAN-PRV,store_discharge,0.0,YZ,MW
2041-05-26 11:00:00,TRAN-PUB,store_discharge,0.0,YZ,MW
2041-05-27 12:00:00,TRAN-PRV,store_discharge,-10.8,YZ,MW
2041-05-28 13:00:00,TRAN-PUB,store_discharge,-3.6,YZ,MW
2041-05-29 14:00:00,TRAN-PRV,store_discharge,10.8,YZ,MW
2041-05-30 15:00:00,TRAN-PUB,store_discharge,3.6,YZ,MW
2041-05-31 16:00:00,TRAN-PRV,store_discharge,0.0,YZ,MW
2041-06-01 17:00:00,TRAN-PUB,store_discharge,0.0,YZ,MW
2041-06-02 18:00:00,TRAN-PRV,store_discharge,0.0,YZ,MW
2041-06-03 19:00:00,TRAN-PUB,store_discharge,0.0,YZ,MW
2041-06-04 20:00:00,TRAN-PRV,store_discharge,0.0,YZ,MW
2041-06-05 21:00:00,TRAN-PUB,store_discharge,0.0,YZ,MW
2041-06-06 22:00:00,TRAN-PRV,store_discharge,0.0,YZ,MW
2041-06-07 23:00:00,TRAN-PUB,store_discharge,0.0,YZ,MW
2041-06-09 00:00:00,TRAN-PRV,store_discharge,0.0,YZ,MW
2041-06-10 01:00:00,TRAN-PUB,store_discharge,0.0,YZ,MW
2041-06-11 02:00:00,TRAN-PRV,store_discharge,0.0,YZ,MW
2041-06-12 03:00:00,TRAN-PUB,store_discharge,0.0,YZ,MW
2041-06-13 04:00:00,TRAN-PRV,store_discharge,0.0,YZ,MW
2041-06-14 05:00:00,TRAN-PUB,store_discharge,0.0,YZ,MW
2041-06-15 06:00:00,TRAN-PRV,store_discharge,0.0,YZ,MW
2041-06-16 07:00:00,TRAN-PUB,store_discharge,0.0,YZ,MW
2041-06-17 08:00:00,TRAN-PRV,store_discharge,0.0,YZ,MW
2041-06-18 09:00:00,TRAN-PUB,store_discharge,0.0,YZ,MW
2041-06-19 10:00:00,TRAN-PRV,store_discharge,0.0,YZ,MW
2041-06-20 11:00:00,TRAN-PUB,store_discharge,0.0,YZ,MW
2041-06-21 12:00:00,TRAN-PRV,store_discharge,0.0,YZ,MW
2041-06-22 13:00:00,TRAN-PUB,store_discharge,0.0,YZ,MW
2041-06-23 14:00:00,TRAN-PRV,store_discharge,0.0,YZ,MW
2041-06-24 15:00:00,TRAN-PUB,store_discharge,0.0,YZ,MW
2041-06-25 16:00:00,TRAN-PRV,store_discharge,0.0,YZ,MW
2041-06-26 17:00:00,TRAN-PUB,store_discharge,0.0,YZ,MW
2041-06-27 18:00:00,TRAN-PRV,store_discharge,0.0,YZ,MW
2041-06-28 19:00:00,TRAN-PUB,store_discharge,0.0,YZ,MW
2041-06-29 20:00:00,TRAN-PRV,store_discharge,0.0,YZ,MW
2041-06-30 21:00:00,TRAN-PUB,store_discharge,0.0,YZ,MW
2041-07-01 22:00:00,TRAN-PRV,store_discharge,0.0,YZ,MW
2041-07-02 23:00:00,TRAN-PUB,store_discharge,0.0,YZ,MW
2041-07-04 00:00:00,TRAN-PRV,store_discharge,0.0,YZ,MW
2041-07-05 01:00:00,TRAN-PUB,store_discharge,0.0,YZ,MW
2041-07-06 02:00:00,TRAN-PRV,store_discharge,0.0,YZ,MW
2041-07-07 03:00:00,TRAN-PUB,store_discharge,0.0,YZ,MW
2041-07-08 04:00:00,TRAN-PRV,store_discharge,0.0,YZ,MW
2041-07-09 05:00:00,TRAN-PUB,store_discharge,0.0,YZ,MW
2041-07-10 06:00:00,TRAN-PRV,store_discharge,0.0,YZ,MW
2041-07-11 07:00:00,TRAN-PUB,store_discharge,0.0,YZ,MW
2041-07-12 08:00:00,TRAN-PRV,store_discharge,0.0,YZ,MW
2041-07-13 09:00:00,TRAN-PUB,store_discharge,0.0,YZ,MW
2041-07-14 10:00:00,TRAN-PRV,store_discharge,0.0,YZ,MW
2041-07-15 11:00:00,TRAN-PUB,store_discharge,0.0,YZ,MW
2041-07-16 12:00:00,TRAN-PRV,store_discharge,-10.8,YZ,MW
2041-07-17 13:00:00,TRAN-PUB,store_discharge,-3.6,YZ,MW
2041-07-18 14:00:00,TRAN-PRV,store_discharge,10.8,YZ,MW
2041-07-19 15:00:00,TRAN-PUB,store_discharge,3.6,YZ,MW
2041-07-20 16:00:00,TRAN-PRV,store_discharge,0.0,YZ,MW
2041-07-21 17:00:00,TRAN-PUB,store_discharge,0.0,YZ,MW
2041-07-22 18:00:00,TRAN-PRV,store_discharge,0.0,YZ,MW
2041-07-23 19:00:00,TRAN-PUB,store_discharge,0.0,YZ,MW
2041-07-24 20:00:00,TRAN-PRV,store_discharge,0.0,YZ,MW
2041-07-25 21:00:00,TRAN-PUB,store_discharge,0.0,YZ,MW
2041-07-26 22:00:00,TRAN-PRV,store_discharge,0.0,YZ,MW
2041-07-27 23:00:00,TRAN-PUB,store_discharge,0.0,YZ,MW
2041-07-29 00:00:00,TRAN-PRV,store_discharge,0.0,YZ,MW
2041-07-30 01:00:00,TRAN-PUB,store_discharge,0.0,YZ,MW
2041-07-31 02:00:00,TRAN-PRV,store_discharge,0.0,YZ,MW
2041-08-01 03:00:00,TRAN-PUB,store_discharge,0.0,YZ,MW
2041-08-02 04:00:00,TRAN-PRV,store_discharge,0.0,YZ,MW
2041-08-03 05:00:00,TRAN-PUB,store_discharge,0.0,YZ,MW
2041-08-04 06:00:00,TRAN-PRV,store_discharge,0.0,YZ,MW
2041-08-05 07:00:00,TRAN-PUB,store_discharge,0.0,YZ,MW
2041-08-06 08:00:00,TRAN-PRV,store_discharge,0.0,YZ,MW
2041-08-07 09:00:00,TRAN-PUB,store_discharge,0.0,YZ,MW
2041-08-08 10:00:00,TRAN-PRV,store_discharge,0.0,YZ,MW
2041-08-09 11:00:00,TRAN-PUB,store_discharge,0.0,YZ,MW
2041-08-10 12:00:00,TRAN-PRV,store_discharge,0.0,YZ,MW
2041-08-11 13:00:00,TRAN-PUB,store_discharge,0.0,YZ,MW
2041-08-12 14:00:00,TRAN-PRV,store_discharge,0.0,YZ,MW
2041-08-13 15:00:00,TRAN-PUB,store_discharge,0.0,YZ,MW
2041-08-14 16:00:00,TRAN-PRV,store_discharge,0.0,YZ,MW
2041-08-15 17:00:00,TRAN-PUB,store_discharge,0.0,YZ,MW
2041-08-16 18:00:00,TRAN-PRV,store_discharge,0.0,YZ,MW
2041-08-17 19:00:00,TRAN-PUB,store_discharge,0.0,YZ,MW
2041-08-18 20:00:00,TRAN-PRV,store_discharge,0.0,YZ,MW
2041-08-19 21:00:00,TRAN-PUB,store_discharge,0.0,YZ,MW
2041-08-20 22:00:00,TRAN-PRV,store_discharge,0.0,YZ,MW
2041-08-21 23:00:00,TRAN-PUB,store_discharge,0.0,YZ,MW
2041-08-23 00:00:00,TRAN-PRV,store_discharge,0.0,YZ,MW
2041-08-24 01:00:00,TRAN-PUB,store_discharge,0.0,YZ,MW
2041-08-25 02:00:00,TRAN-PRV,store_discharge,0.0,YZ,MW
2041-08-26 03:00:00,TRAN-PUB,store_discharge,0.0,YZ,MW
2041-08-27 04:00:00,TRAN-PRV,store_discharge,0.0,YZ,MW
2041-08-28 05:00:00,TRAN-PUB,store_discharge,0.0,YZ,MW
2041-08-29 06:00:00,TRAN-PRV,store_discharge,0.0,YZ,MW
2041-08-30 07:00:00,TRAN-PUB,store_discharge,0.0,YZ,MW
2041-08-31 08:00:00,TRAN-PRV,store_discharge,0.0,YZ,MW
2041-09-01 09:00:00,TRAN-PUB,store_discharge,0.0,YZ,MW
2041-09-02 10:00:00,TRAN-PRV,store_discharge,0.0,YZ,MW
2041-09-03 11:00:00,TRAN-PUB,store_discharge,0.0,YZ,MW
2041-09-04 12:00:00,TRAN-PRV,store_discharge,0.0,YZ,MW
2041-09-05 13:00:00,TRAN-PUB,store_discharge,0.0,YZ,MW
2041-09-06 14:00:00,TRAN-PRV,store_discharge,-10.8,YZ,MW
2041-09-07 15:00:00,TRAN-PUB,store_discharge,-3.6,YZ,MW
2041-09-08 16:00:00,TRAN-PRV,store_discharge,10.8,YZ,MW
2041-09-09 17:00:00,TRAN-PUB,store_discharge,3.6,YZ,MW
2041-09-10 18:00:00,TRAN-PRV,store_discharge,0.0,YZ,MW
2041-09-11 19:00:00,TRAN-PUB,store_discharge,0.0,YZ,MW
2041-09-12 20:00:00,TRAN-PRV,store_discharge,0.0,YZ,MW
2041-09-13 21:00:00,TRAN-PUB,store_discharge,0.0,YZ,MW
2041-09-14 22:00:00,TRAN-PRV,store_discharge,0.0,YZ,MW
2041-09-15 23:00:00,TRAN-PUB,store_discharge,0.0,YZ,MW
2041-09-17 00:00:00,TRAN-PRV,store_discharge,0.0,YZ,MW
2041-09-18 01:00:00,TRAN-PUB,store_discharge,0.0,YZ,MW
2041-09-19 02:00:00,TRAN-PRV,store_discharge,0.0,YZ,MW
2041-09-20 03:00:00,TRAN-PUB,store_discharge,0.0,YZ,MW
2041-09-21 04:00:00,TRAN-PRV,store_discharge,0.0,YZ,MW
2041-09-22 05:00:00,TRAN-PUB,store_discharge,0.0,YZ,MW
2041-09-23 06:00:00,TRAN-PRV,store_discharge,0.0,YZ,MW
2041-09-24 07:00:00,TRAN-PUB,store_discharge,0.0,YZ,MW
2041-09-25 08:00:00,TRAN-PRV,store_discharge,0.0,YZ,MW
2041-09-26 09:00:00,TRAN-PUB,store_discharge,0.0,YZ,MW
2041-09-27 10:00:00,TRAN-PRV,store_discharge,0.0,YZ,MW
2041-09-28 11:00:00,TRAN-PUB,store_discharge,0.0,YZ,MW
2041-09-29 12:00:00,TRAN-PRV,store_discharge,0.0,YZ,MW
2041-09-30 13:00:00,TRAN-PUB,store_discharge,0.0,YZ,MW
2041-10-01 14:00:00,TRAN-PRV,store_discharge,0.0,YZ,MW
2041-10-02 15:00:00,TRAN-PUB,store_discharge,0.0,YZ,MW
2041-10-03 16:00:00,TRAN-PRV,store_discharge,0.0,YZ,MW
2041-10-04 17:00:00,TRAN-PUB,store_discharge,0.0,YZ,MW
2041-10-05 18:00:00,TRAN-PRV,store_discharge,0.0,YZ,MW
2041-10-06 19:00:00,TRAN-PUB,store_discharge,0.0,YZ,MW
2041-10-07 20:00:00,TRAN-PRV,store_discharge,0.0,YZ,MW
2041-10-08 21:00:00,TRAN-PUB,store_discharge,0.0,YZ,MW
2041-10-09 22:00:00,TRAN-PRV,store_discharge,0.0,YZ,MW
2041-10-10 23:00:00,TRAN-PUB,store_discharge,0.0,YZ,MW
2041-10-12 00:00:00,TRAN-PRV,store_discharge,0.0,YZ,MW
2041-10-13 01:00:00,TRAN-PUB,store_discharge,0.0,YZ,MW
2041-10-14 02:00:00,TRAN-PRV,store_discharge,0.0,YZ,MW
2041-10-15 03:00:00,TRAN-PUB,store_discharge,0.0,YZ,MW
2041-10-16 04:00:00,TRAN-PRV,store_discharge,0.0,YZ,MW
2041-10-17 05:00:00,TRAN-PUB,store_discharge,0.0,YZ,MW
2041-10-18 06:00:00,TRAN-PRV,store_discharge,0.0,YZ,MW
2041-10-19 07:00:00,TRAN-PUB,store_discharge,0.0,YZ,MW
2041-10-20 08:00:00,TRAN-PRV,store_discharge,0.0,YZ,MW
2041-10-21 09:00:00,TRAN-PUB,store_discharge,0.0,YZ,MW
2041-10-22 10:00:00,TRAN-PRV,store_discharge,0.0,YZ,MW
2041-10-23 11:00:00,TRAN-PUB,store_discharge,0.0,YZ,MW
2041-10-24 12:00:00,TRAN-PRV,store_discharge,0.0,YZ,MW
2041-10-25 13:00:00,TRAN-PUB,store_discharge,0.0,YZ,MW
2041-10-26 14:00:00,TRAN-PRV,store_discharge,-10.8,YZ,MW
2041-10-27 15:00:00,TRAN-PUB,store_discharge,-3.6,YZ,MW
2041-10-28 16:00:00,TRAN-PRV,store_discharge,10.8,YZ,MW
2041-10-29 17:00:00,TRAN-PUB,store_discharge,3.6,YZ,MW
2041-10-30 18:00:00,TRAN-PRV,store_discharge,0.0,YZ,MW
2041-10-31 19:00:00,TRAN-PUB,store_discharge,0.0,YZ,MW
2041-11-01 20:00:00,TRAN-PRV,store_discharge,0.0,YZ,MW
2041-11-02 21:00:00,TRAN-PUB,store_discharge,0.0,YZ,MW
2041-11-03 22:00:00,TRAN-PRV,store_discharge,0.0,YZ,MW
2041-11-04 23:00:00,TRAN-PUB,store_discharge,0.0,YZ,MW
2041-11-06 00:00:00,TRAN-PRV,store_discharge,0.0,YZ,MW
2041-11-07 01:00:00,TRAN-PUB,store_discharge,0.0,YZ,MW
2041-11-08 02:00:00,TRAN-PRV,store_discharge,0.0,YZ,MW
2041-11-09 03:00:00,TRAN-PUB,store_discharge,0.0,YZ,MW
2041-11-10 04:00:00,TRAN-PRV,store_discharge,0.0,YZ,MW
2041-11-11 05:00:00,TRAN-PUB,store_discharge,0.0,YZ,MW
2041-11-12 06:00:00,TRAN-PRV,store_discharge,0.0,YZ,MW
2041-11-13 07:00:00,TRAN-PUB,store_discharge,0.0,YZ,MW
2041-11-14 08:00:00,TRAN-PRV,store_discharge,0.0,YZ,MW
2041-11-15 09:00:00,TRAN-PUB,store_discharge,0.0,YZ,MW
2041-11-16 10:00:00,TRAN-PRV,store_discharge,0.0,YZ,MW
2041-11-17 11:00:00,TRAN-PUB,store_discharge,0.0,YZ,MW
2041-11-18 12:00:00,TRAN-PRV,store_discharge,0.0,YZ,MW
2041-11-19 13:00:00,TRAN-PUB,store_discharge,0.0,YZ,MW
2041-11-20 14:00:00,TRAN-PRV,store_discharge,0.0,YZ,MW
2041-11-21 15:00:00,TRAN-PUB,store_discharge,0.0,YZ,MW
2041-11-22 16:00:00,TRAN-PRV,store_discharge,0.0,YZ,MW
2041-11-23 17:00:00,TRAN-PUB,store_discharge,0.0,YZ,MW
2041-11-24 18:00:00,TRAN-PRV,store_discharge,0.0,YZ,MW
2041-11-25 19:00:00,TRAN-PUB,store_discharge,0.0,YZ,MW
2041-11-26 20:00:00,TRAN-PRV,store_discharge,0.0,YZ,MW
2041-11-27 21:00:00,TRAN-PUB,store_discharge,0.0,YZ,MW
2041-11-28 22:00:00,TRAN-PRV,store_discharge,0.0,YZ,MW
2041-11-29 23:00:00,TRAN-PUB,store_discharge,0.0,YZ,MW
2041-12-01 00:00:00,TRAN-PRV,store_discharge,0.0,YZ,MW
2041-12-02 01:00:00,TRAN-PUB,store_discharge,0.0,YZ,MW
2041-12-03 02:00:00,TRAN-PRV,store_discharge,0.0,YZ,MW
2041-12-04 03:00:00,TRAN-PUB,store_discharge,0.0,YZ,MW
2041-12-05 04:00:00,TRAN-PRV,store_discharge,0.0,YZ,MW
2041-12-06 05:00:00,TRAN-PUB,store_discharge,0.0,YZ,MW
2041-12-07 06:00:00,TRAN-PRV,store_discharge,0.0,YZ,MW
2041-12-08 07:00:00,TRAN-PUB,store_discharge,0.0,YZ,MW
2041-12-09 08:00:00,TRAN-PRV,store_discharge,0.0,YZ,MW
2041-12-10 09:00:00,TRAN-PUB,store_discharge,0.0,YZ,MW
2041-12-11 10:00:00,TRAN-PRV,store_discharge,0.0,YZ,MW
2041-12-12 11:00:00,TRAN-PUB,store_discharge,0.0,YZ,MW
2041-12-13 12:00:00,TRAN-PRV,store_discharge,0.0,YZ,MW
2041-12-14 13:00:00,TRAN-PUB,store_discharge,0.0,YZ,MW
2041-12-15 14:00:00,TRAN-PRV,store_discharge,-10.8,YZ,MW
2041-12-16 15:00:00,TRAN-PUB,store_discharge,-3.6,YZ,MW
2041-12-17 16:00:00,TRAN-PRV,store_discharge,10.8,YZ,MW
2041-12-18 17:00:00,TRAN-PUB,store_discharge,3.6,YZ,MW
2041-12-19 18:00:00,TRAN-PRV,store_discharge,-6.48,YZ,MW
2041-12-20 19:00:00,TRAN-PUB,store_discharge,0.0,YZ,MW
2041-12-21 20:00:00,TRAN-PRV,store_discharge,6.48,YZ,MW
2041-12-22 21:00:00,TRAN-PUB,store_discharge,0.0,YZ,MW
2041-12-23 22:00:00,TRAN-PRV,store_discharge,0.0,YZ,MW
2041-12-24 23:00:00,TRAN-PUB,store_discharge,0.0,YZ,MW
2041-12-26 00:00:00,TRAN-PRV,store_discharge,0.0,YZ,MW
2041-12-27 01:00:00,TRAN-PUB,store_discharge,0.0,YZ,MW
2041-12-28 02:00:00,TRAN-PRV,store_discharge,0.0,YZ,MW
2041-12-29 03:00:00,TRAN-PUB,store_discharge,0.0,YZ,MW
2041-12-30 04:00:00,TRAN-PRV,store_discharge,0.0,YZ,MW
2041-12-31 05:00:00,TRAN-PUB,store_discharge,0.0,YZ,MW
2042-01-01 06:00:00,TRAN-PRV,store_discharge,0.0,YZ,MW
2042-01-02 07:00:00,TRAN-PUB,store_discharge,0.0,YZ,MW
2040-01-01 00:00:00,TRAN-PRV,state_of_charge,360.0,YZ,MW
2040-01-02 01:00:00,TRAN-PUB,state_of_charge,0.0,YZ,MW
2040-01-03 02:00:00,TRAN-PRV,state_of_charge,0.0,YZ,MW
2040-01-04 03:00:00,TRAN-PUB,state_of_charge,0.0,YZ,MW
2040-01-05 04:00:00,TRAN-PRV,state_of_charge,0.0,YZ,MW
2040-01-06 05:00:00,TRAN-PUB,state_of_charge,0.0,YZ,MW
2040-01-07 06:00:00,TRAN-PRV,state_of_charge,0.0,YZ,MW
2040-01-08 07:00:00,TRAN-PUB,state_of_charge,0.0,YZ,MW
2040-01-09 08:00:00,TRAN-PRV,state_of_charge,0.0,YZ,MW
2040-01-10 09:00:00,TRAN-PUB,state_of_charge,0.0,YZ,MW
2040-01-11 10:00:00,TRAN-PRV,state_of_charge,0.0,YZ,MW
2040-01-12 11:00:00,TRAN-PUB,state_of_charge,0.0,YZ,MW
2040-01-13 12:00:00,TRAN-PRV,state_of_charge,270.0,YZ,MW
2040-01-14 13:00:00,TRAN-PUB,state_of_charge,90.0,YZ,MW
2040-01-15 14:00:00,TRAN-PRV,state_of_charge,0.0,YZ,MW
2040-01-16 15:00:00,TRAN-PUB,state_of_charge,0.0,YZ,MW
2040-01-17 16:00:00,TRAN-PRV,state_of_charge,0.0,YZ,MW
2040-01-18 17:00:00,TRAN-PUB,state_of_charge,0.0,YZ,MW
2040-01-19 18:00:00,TRAN-PRV,state_of_charge,0.0,YZ,MW
2040-01-20 19:00:00,TRAN-PUB,state_of_charge,0.0,YZ,MW
2040-01-21 20:00:00,TRAN-PRV,state_of_charge,0.0,YZ,MW
2040-01-22 21:00:00,TRAN-PUB,state_of_charge,0.0,YZ,MW
2040-01-23 22:00:00,TRAN-PRV,state_of_charge,0.0,YZ,MW
2040-01-24 23:00:00,TRAN-PUB,state_of_charge,0.0,YZ,MW
2040-01-26 00:00:00,TRAN-PRV,state_of_charge,0.0,YZ,MW
2040-01-27 01:00:00,TRAN-PUB,state_of_charge,0.0,YZ,MW
2040-01-28 02:00:00,TRAN-PRV,state_of_charge,0.0,YZ,MW
2040-01-29 03:00:00,TRAN-PUB,state_of_charge,0.0,YZ,MW
2040-01-30 04:00:00,TRAN-PRV,state_of_charge,0.0,YZ,MW
2040-01-31 05:00:00,TRAN-PUB,state_of_charge,0.0,YZ,MW
2040-02-01 06:00:00,TRAN-PRV,state_of_charge,0.0,YZ,MW
2040-02-02 07:00:00,TRAN-PUB,state_of_charge,0.0,YZ,MW
2040-02-03 08:00:00,TRAN-PRV,state_of_charge,0.0,YZ,MW
2040-02-04 09:00:00,TRAN-PUB,state_of_charge,0.0,YZ,MW
2040-02-05 10:00:00,TRAN-PRV,state_of_charge,0.0,YZ,MW
2040-02-06 11:00:00,TRAN-PUB,state_of_charge,0.0,YZ,MW
2040-02-07 12:00:00,TRAN-PRV,state_of_charge,0.0,YZ,MW
2040-02-08 13:00:00,TRAN-PUB,state_of_charge,0.0,YZ,MW
2040-02-09 14:00:00,TRAN-PRV,state_of_charge,0.0,YZ,MW
2040-02-10 15:00:00,TRAN-PUB,state_of_charge,0.0,YZ,MW
2040-02-11 16:00:00,TRAN-PRV,state_of_charge,0.0,YZ,MW
2040-02-12 17:00:00,TRAN-PUB,state_of_charge,0.0,YZ,MW
2040-02-13 18:00:00,TRAN-PRV,state_of_charge,0.0,YZ,MW
2040-02-14 19:00:00,TRAN-PUB,state_of_charge,0.0,YZ,MW
2040-02-15 20:00:00,TRAN-PRV,state_of_charge,0.0,YZ,MW
2040-02-16 21:00:00,TRAN-PUB,state_of_charge,0.0,YZ,MW
2040-02-17 22:00:00,TRAN-PRV,state_of_charge,0.0,YZ,MW
2040-02-18 23:00:00,TRAN-PUB,state_of_charge,0.0,YZ,MW
2040-02-20 00:00:00,TRAN-PRV,state_of_charge,0.0,YZ,MW
2040-02-21 01:00:00,TRAN-PUB,state_of_charge,0.0,YZ,MW
2040-02-22 02:00:00,TRAN-PRV,state_of_charge,0.0,YZ,MW
2040-02-23 03:00:00,TRAN-PUB,state_of_charge,0.0,YZ,MW
2040-02-24 04:00:00,TRAN-PRV,state_of_charge,0.0,YZ,MW
2040-02-25 05:00:00,TRAN-PUB,state_of_charge,0.0,YZ,MW
2040-02-26 06:00:00,TRAN-PRV,state_of_charge,0.0,YZ,MW
2040-02-27 07:00:00,TRAN-PUB,state_of_charge,0.0,YZ,MW
2040-02-28 08:00:00,TRAN-PRV,state_of_charge,0.0,YZ,MW
2040-02-29 09:00:00,TRAN-PUB,state_of_charge,0.0,YZ,MW
2040-03-01 10:00:00,TRAN-PRV,state_of_charge,0.0,YZ,MW
2040-03-02 11:00:00,TRAN-PUB,state_of_charge,0.0,YZ,MW
2040-03-03 12:00:00,TRAN-PRV,state_of_charge,270.0,YZ,MW
2040-03-04 13:00:00,TRAN-PUB,state_of_charge,90.0,YZ,MW
2040-03-05 14:00:00,TRAN-PRV,state_of_charge,0.0,YZ,MW
2040-03-06 15:00:00,TRAN-PUB,state_of_charge,0.0,YZ,MW
2040-03-07 16:00:00,TRAN-PRV,state_of_charge,0.0,YZ,MW
2040-03-08 17:00:00,TRAN-PUB,state_of_charge,0.0,YZ,MW
2040-03-09 18:00:00,TRAN-PRV,state_of_charge,0.0,YZ,MW
2040-03-10 19:00:00,TRAN-PUB,state_of_charge,0.0,YZ,MW
2040-03-11 20:00:00,TRAN-PRV,state_of_charge,0.0,YZ,MW
2040-03-12 21:00:00,TRAN-PUB,state_of_charge,0.0,YZ,MW
2040-03-13 22:00:00,TRAN-PRV,state_of_charge,0.0,YZ,MW
2040-03-14 23:00:00,TRAN-PUB,state_of_charge,0.0,YZ,MW
2040-03-16 00:00:00,TRAN-PRV,state_of_charge,0.0,YZ,MW
2040-03-17 01:00:00,TRAN-PUB,state_of_charge,0.0,YZ,MW
2040-03-18 02:00:00,TRAN-PRV,state_of_charge,0.0,YZ,MW
2040-03-19 03:00:00,TRAN-PUB,state_of_charge,0.0,YZ,MW
2040-03-20 04:00:00,TRAN-PRV,state_of_charge,0.0,YZ,MW
2040-03-21 05:00:00,TRAN-PUB,state_of_charge,0.0,YZ,MW
2040-03-22 06:00:00,TRAN-PRV,state_of_charge,0.0,YZ,MW
2040-03-23 07:00:00,TRAN-PUB,state_of_charge,0.0,YZ,MW
2040-03-24 08:00:00,TRAN-PRV,state_of_charge,0.0,YZ,MW
2040-03-25 09:00:00,TRAN-PUB,state_of_charge,0.0,YZ,MW
2040-03-26 10:00:00,TRAN-PRV,state_of_charge,0.0,YZ,MW
2040-03-27 11:00:00,TRAN-PUB,state_of_charge,0.0,YZ,MW
2040-03-28 12:00:00,TRAN-PRV,state_of_charge,0.0,YZ,MW
2040-03-29 13:00:00,TRAN-PUB,state_of_charge,0.0,YZ,MW
2040-03-30 14:00:00,TRAN-PRV,state_of_charge,0.0,YZ,MW
2040-03-31 15:00:00,TRAN-PUB,state_of_charge,0.0,YZ,MW
2040-04-01 16:00:00,TRAN-PRV,state_of_charge,0.0,YZ,MW
2040-04-02 17:00:00,TRAN-PUB,state_of_charge,0.0,YZ,MW
2040-04-03 18:00:00,TRAN-PRV,state_of_charge,0.0,YZ,MW
2040-04-04 19:00:00,TRAN-PUB,state_of_charge,0.0,YZ,MW
2040-04-05 20:00:00,TRAN-PRV,state_of_charge,0.0,YZ,MW
2040-04-06 21:00:00,TRAN-PUB,state_of_charge,0.0,YZ,MW
2040-04-07 22:00:00,TRAN-PRV,state_of_charge,0.0,YZ,MW
2040-04-08 23:00:00,TRAN-PUB,state_of_charge,0.0,YZ,MW
2040-04-10 00:00:00,TRAN-PRV,state_of_charge,0.0,YZ,MW
2040-04-11 01:00:00,TRAN-PUB,state_of_charge,0.0,YZ,MW
2040-04-12 02:00:00,TRAN-PRV,state_of_charge,0.0,YZ,MW
2040-04-13 03:00:00,TRAN-PUB,state_of_charge,0.0,YZ,MW
2040-04-14 04:00:00,TRAN-PRV,state_of_charge,0.0,YZ,MW
2040-04-15 05:00:00,TRAN-PUB,state_of_charge,0.0,YZ,MW
2040-04-16 06:00:00,TRAN-PRV,state_of_charge,0.0,YZ,MW
2040-04-17 07:00:00,TRAN-PUB,state_of_charge,0.0,YZ,MW
2040-04-18 08:00:00,TRAN-PRV,state_of_charge,0.0,YZ,MW
2040-04-19 09:00:00,TRAN-PUB,state_of_charge,0.0,YZ,MW
2040-04-20 10:00:00,TRAN-PRV,state_of_charge,0.0,YZ,MW
2040-04-21 11:00:00,TRAN-PUB,state_of_charge,0.0,YZ,MW
2040-04-22 12:00:00,TRAN-PRV,state_of_charge,270.0,YZ,MW
2040-04-23 13:00:00,TRAN-PUB,state_of_charge,90.0,YZ,MW
2040-04-24 14:00:00,TRAN-PRV,state_of_charge,0.0,YZ,MW
2040-04-25 15:00:00,TRAN-PUB,state_of_charge,0.0,YZ,MW
2040-04-26 16:00:00,TRAN-PRV,state_of_charge,0.0,YZ,MW
2040-04-27 17:00:00,TRAN-PUB,state_of_charge,0.0,YZ,MW
2040-04-28 18:00:00,TRAN-PRV,state_of_charge,0.0,YZ,MW
2040-04-29 19:00:00,TRAN-PUB,state_of_charge,0.0,YZ,MW
2040-04-30 20:00:00,TRAN-PRV,state_of_charge,0.0,YZ,MW
2040-05-01 21:00:00,TRAN-PUB,state_of_charge,0.0,YZ,MW
2040-05-02 22:00:00,TRAN-PRV,state_of_charge,0.0,YZ,MW
2040-05-03 23:00:00,TRAN-PUB,state_of_charge,0.0,YZ,MW
2040-05-05 00:00:00,TRAN-PRV,state_of_charge,0.0,YZ,MW
2040-05-06 01:00:00,TRAN-PUB,state_of_charge,0.0,YZ,MW
2040-05-07 02:00:00,TRAN-PRV,state_of_charge,0.0,YZ,MW
2040-05-08 03:00:00,TRAN-PUB,state_of_charge,0.0,YZ,MW
2040-05-09 04:00:00,TRAN-PRV,state_of_charge,0.0,YZ,MW
2040-05-10 05:00:00,TRAN-PUB,state_of_charge,0.0,YZ,MW
2040-05-11 06:00:00,TRAN-PRV,state_of_charge,0.0,YZ,MW
2040-05-12 07:00:00,TRAN-PUB,state_of_charge,0.0,YZ,MW
2040-05-13 08:00:00,TRAN-PRV,state_of_charge,0.0,YZ,MW
2040-05-14 09:00:00,TRAN-PUB,state_of_charge,0.0,YZ,MW
2040-05-15 10:00:00,TRAN-PRV,state_of_charge,0.0,YZ,MW
2040-05-16 11:00:00,TRAN-PUB,state_of_charge,0.0,YZ,MW
2040-05-17 12:00:00,TRAN-PRV,state_of_charge,0.0,YZ,MW
2040-05-18 13:00:00,TRAN-PUB,state_of_charge,0.0,YZ,MW
2040-05-19 14:00:00,TRAN-PRV,state_of_charge,0.0,YZ,MW
2040-05-20 15:00:00,TRAN-PUB,state_of_charge,0.0,YZ,MW
2040-05-21 16:00:00,TRAN-PRV,state_of_charge,0.0,YZ,MW
2040-05-22 17:00:00,TRAN-PUB,state_of_charge,0.0,YZ,MW
2040-05-23 18:00:00,TRAN-PRV,state_of_charge,0.0,YZ,MW
2040-05-24 19:00:00,TRAN-PUB,state_of_charge,0.0,YZ,MW
2040-05-25 20:00:00,TRAN-PRV,state_of_charge,0.0,YZ,MW
2040-05-26 21:00:00,TRAN-PUB,state_of_charge,0.0,YZ,MW
2040-05-27 22:00:00,TRAN-PRV,state_of_charge,0.0,YZ,MW
2040-05-28 23:00:00,TRAN-PUB,state_of_charge,0.0,YZ,MW
2040-05-30 00:00:00,TRAN-PRV,state_of_charge,0.0,YZ,MW
2040-05-31 01:00:00,TRAN-PUB,state_of_charge,0.0,YZ,MW
2040-06-01 02:00:00,TRAN-PRV,state_of_charge,0.0,YZ,MW
2040-06-02 03:00:00,TRAN-PUB,state_of_charge,0.0,YZ,MW
2040-06-03 04:00:00,TRAN-PRV,state_of_charge,0.0,YZ,MW
2040-06-04 05:00:00,TRAN-PUB,state_of_charge,0.0,YZ,MW
2040-06-05 06:00:00,TRAN-PRV,state_of_charge,0.0,YZ,MW
2040-06-06 07:00:00,TRAN-PUB,state_of_charge,0.0,YZ,MW
2040-06-07 08:00:00,TRAN-PRV,state_of_charge,0.0,YZ,MW
2040-06-08 09:00:00,TRAN-PUB,state_of_charge,0.0,YZ,MW
2040-06-09 10:00:00,TRAN-PRV,state_of_charge,0.0,YZ,MW
2040-06-10 11:00:00,TRAN-PUB,state_of_charge,0.0,YZ,MW
2040-06-11 12:00:00,TRAN-PRV,state_of_charge,270.0,YZ,MW
2040-06-12 13:00:00,TRAN-PUB,state_of_charge,90.0,YZ,MW
2040-06-13 14:00:00,TRAN-PRV,state_of_charge,0.0,YZ,MW
2040-06-14 15:00:00,TRAN-PUB,state_of_charge,0.0,YZ,MW
2040-06-15 16:00:00,TRAN-PRV,state_of_charge,0.0,YZ,MW
2040-06-16 17:00:00,TRAN-PUB,state_of_charge,0.0,YZ,MW
2040-06-17 18:00:00,TRAN-PRV,state_of_charge,0.0,YZ,MW
2040-06-18 19:00:00,TRAN-PUB,state_of_charge,0.0,YZ,MW
2040-06-19 20:00:00,TRAN-PRV,state_of_charge,0.0,YZ,MW
2040-06-20 21:00:00,TRAN-PUB,state_of_charge,0.0,YZ,MW
2040-06-21 22:00:00,TRAN-PRV,state_of_charge,0.0,YZ,MW
2040-06-22 23:00:00,TRAN-PUB,state_of_charge,0.0,YZ,MW
2040-06-24 00:00:00,TRAN-PRV,state_of_charge,0.0,YZ,MW
2040-06-25 01:00:00,TRAN-PUB,state_of_charge,0.0,YZ,MW
2040-06-26 02:00:00,TRAN-PRV,state_of_charge,0.0,YZ,MW
2040-06-27 03:00:00,TRAN-PUB,state_of_charge,0.0,YZ,MW
2040-06-28 04:00:00,TRAN-PRV,state_of_charge,0.0,YZ,MW
2040-06-29 05:00:00,TRAN-PUB,state_of_charge,0.0,YZ,MW
2040-06-30 06:00:00,TRAN-PRV,state_of_charge,0.0,YZ,MW
2040-07-01 07:00:00,TRAN-PUB,state_of_charge,0.0,YZ,MW
2040-07-02 08:00:00,TRAN-PRV,state_of_charge,0.0,YZ,MW
2040-07-03 09:00:00,TRAN-PUB,state_of_charge,0.0,YZ,MW
2040-07-04 10:00:00,TRAN-PRV,state_of_charge,0.0,YZ,MW
2040-07-05 11:00:00,TRAN-PUB,state_of_charge,0.0,YZ,MW
2040-07-06 12:00:00,TRAN-PRV,state_of_charge,0.0,YZ,MW
2040-07-07 13:00:00,TRAN-PUB,state_of_charge,0.0,YZ,MW
2040-07-08 14:00:00,TRAN-PRV,state_of_charge,0.0,YZ,MW
2040-07-09 15:00:00,TRAN-PUB,state_of_charge,0.0,YZ,MW
2040-07-10 16:00:00,TRAN-PRV,state_of_charge,0.0,YZ,MW
2040-07-11 17:00:00,TRAN-PUB,state_of_charge,0.0,YZ,MW
2040-07-12 18:00:00,TRAN-PRV,state_of_charge,0.0,YZ,MW
2040-07-13 19:00:00,TRAN-PUB,state_of_charge,0.0,YZ,MW
2040-07-14 20:00:00,TRAN-PRV,state_of_charge,0.0,YZ,MW
2040-07-15 21:00:00,TRAN-PUB,state_of_charge,0.0,YZ,MW
2040-07-16 22:00:00,TRAN-PRV,state_of_charge,0.0,YZ,MW
2040-07-17 23:00:00,TRAN-PUB,state_of_charge,0.0,YZ,MW
2040-07-19 00:00:00,TRAN-PRV,state_of_charge,0.0,YZ,MW
2040-07-20 01:00:00,TRAN-PUB,state_of_charge,0.0,YZ,MW
2040-07-21 02:00:00,TRAN-PRV,state_of_charge,0.0,YZ,MW
2040-07-22 03:00:00,TRAN-PUB,state_of_charge,0.0,YZ,MW
2040-07-23 04:00:00,TRAN-PRV,state_of_charge,0.0,YZ,MW
2040-07-24 05:00:00,TRAN-PUB,state_of_charge,0.0,YZ,MW
2040-07-25 06:00:00,TRAN-PRV,state_of_charge,0.0,YZ,MW
2040-07-26 07:00:00,TRAN-PUB,state_of_charge,0.0,YZ,MW
2040-07-27 08:00:00,TRAN-PRV,state_of_charge,0.0,YZ,MW
2040-07-28 09:00:00,TRAN-PUB,state_of_charge,0.0,YZ,MW
2040-07-29 10:00:00,TRAN-PRV,state_of_charge,270.0,YZ,MW
2040-07-30 11:00:00,TRAN-PUB,state_of_charge,90.0,YZ,MW
2040-07-31 12:00:00,TRAN-PRV,state_of_charge,0.0,YZ,MW
2040-08-01 13:00:00,TRAN-PUB,state_of_charge,0.0,YZ,MW
2040-08-02 14:00:00,TRAN-PRV,state_of_charge,0.0,YZ,MW
2040-08-03 15:00:00,TRAN-PUB,state_of_charge,0.0,YZ,MW
2040-08-04 16:00:00,TRAN-PRV,state_of_charge,0.0,YZ,MW
2040-08-05 17:00:00,TRAN-PUB,state_of_charge,0.0,YZ,MW
2040-08-06 18:00:00,TRAN-PRV,state_of_charge,0.0,YZ,MW
2040-08-07 19:00:00,TRAN-PUB,state_of_charge,0.0,YZ,MW
2040-08-08 20:00:00,TRAN-PRV,state_of_charge,0.0,YZ,MW
2040-08-09 21:00:00,TRAN-PUB,state_of_charge,0.0,YZ,MW
2040-08-10 22:00:00,TRAN-PRV,state_of_charge,0.0,YZ,MW
2040-08-11 23:00:00,TRAN-PUB,state_of_charge,0.0,YZ,MW
2040-08-13 00:00:00,TRAN-PRV,state_of_charge,0.0,YZ,MW
2040-08-14 01:00:00,TRAN-PUB,state_of_charge,0.0,YZ,MW
2040-08-15 02:00:00,TRAN-PRV,state_of_charge,0.0,YZ,MW
2040-08-16 03:00:00,TRAN-PUB,state_of_charge,0.0,YZ,MW
2040-08-17 04:00:00,TRAN-PRV,state_of_charge,0.0,YZ,MW
2040-08-18 05:00:00,TRAN-PUB,state_of_charge,0.0,YZ,MW
2040-08-19 06:00:00,TRAN-PRV,state_of_charge,0.0,YZ,MW
2040-08-20 07:00:00,TRAN-PUB,state_of_charge,0.0,YZ,MW
2040-08-21 08:00:00,TRAN-PRV,state_of_charge,0.0,YZ,MW
2040-08-22 09:00:00,TRAN-PUB,state_of_charge,0.0,YZ,MW
2040-08-23 10:00:00,TRAN-PRV,state_of_charge,0.0,YZ,MW
2040-08-24 11:00:00,TRAN-PUB,state_of_charge,0.0,YZ,MW
2040-08-25 12:00:00,TRAN-PRV,state_of_charge,0.0,YZ,MW
2040-08-26 13:00:00,TRAN-PUB,state_of_charge,0.0,YZ,MW
2040-08-27 14:00:00,TRAN-PRV,state_of_charge,0.0,YZ,MW
2040-08-28 15:00:00,TRAN-PUB,state_of_charge,0.0,YZ,MW
2040-08-29 16:00:00,TRAN-PRV,state_of_charge,0.0,YZ,MW
2040-08-30 17:00:00,TRAN-PUB,state_of_charge,0.0,YZ,MW
2040-08-31 18:00:00,TRAN-PRV,state_of_charge,0.0,YZ,MW
2040-09-01 19:00:00,TRAN-PUB,state_of_charge,0.0,YZ,MW
2040-09-02 20:00:00,TRAN-PRV,state_of_charge,0.0,YZ,MW
2040-09-03 21:00:00,TRAN-PUB,state_of_charge,0.0,YZ,MW
2040-09-04 22:00:00,TRAN-PRV,state_of_charge,0.0,YZ,MW
2040-09-05 23:00:00,TRAN-PUB,state_of_charge,0.0,YZ,MW
2040-09-07 00:00:00,TRAN-PRV,state_of_charge,0.0,YZ,MW
2040-09-08 01:00:00,TRAN-PUB,state_of_charge,0.0,YZ,MW
2040-09-09 02:00:00,TRAN-PRV,state_of_charge,0.0,YZ,MW
2040-09-10 03:00:00,TRAN-PUB,state_of_charge,0.0,YZ,MW
2040-09-11 04:00:00,TRAN-PRV,state_of_charge,0.0,YZ,MW
2040-09-12 05:00:00,TRAN-PUB,state_of_charge,0.0,YZ,MW
2040-09-13 06:00:00,TRAN-PRV,state_of_charge,0.0,YZ,MW
2040-09-14 07:00:00,TRAN-PUB,state_of_charge,0.0,YZ,MW
2040-09-15 08:00:00,TRAN-PRV,state_of_charge,0.0,YZ,MW
2040-09-16 09:00:00,TRAN-PUB,state_of_charge,0.0,YZ,MW
2040-09-17 10:00:00,TRAN-PRV,state_of_charge,270.0,YZ,MW
2040-09-18 11:00:00,TRAN-PUB,state_of_charge,90.0,YZ,MW
2040-09-19 12:00:00,TRAN-PRV,state_of_charge,0.0,YZ,MW
2040-09-20 13:00:00,TRAN-PUB,state_of_charge,0.0,YZ,MW
2040-09-21 14:00:00,TRAN-PRV,state_of_charge,0.0,YZ,MW
2040-09-22 15:00:00,TRAN-PUB,state_of_charge,0.0,YZ,MW
2040-09-23 16:00:00,TRAN-PRV,state_of_charge,0.0,YZ,MW
2040-09-24 17:00:00,TRAN-PUB,state_of_charge,0.0,YZ,MW
2040-09-25 18:00:00,TRAN-PRV,state_of_charge,0.0,YZ,MW
2040-09-26 19:00:00,TRAN-PUB,state_of_charge,0.0,YZ,MW
2040-09-27 20:00:00,TRAN-PRV,state_of_charge,0.0,YZ,MW
2040-09-28 21:00:00,TRAN-PUB,state_of_charge,0.0,YZ,MW
2040-09-29 22:00:00,TRAN-PRV,state_of_charge,0.0,YZ,MW
2040-09-30 23:00:00,TRAN-PUB,state_of_charge,0.0,YZ,MW
2040-10-02 00:00:00,TRAN-PRV,state_of_charge,0.0,YZ,MW
2040-10-03 01:00:00,TRAN-PUB,state_of_charge,0.0,YZ,MW
2040-10-04 02:00:00,TRAN-PRV,state_of_charge,0.0,YZ,MW
2040-10-05 03:00:00,TRAN-PUB,state_of_charge,0.0,YZ,MW
2040-10-06 04:00:00,TRAN-PRV,state_of_charge,0.0,YZ,MW
2040-10-07 05:00:00,TRAN-PUB,state_of_charge,0.0,YZ,MW
2040-10-08 06:00:00,TRAN-PRV,state_of_charge,0.0,YZ,MW
2040-10-09 07:00:00,TRAN-PUB,state_of_charge,0.0,YZ,MW
2040-10-10 08:00:00,TRAN-PRV,state_of_charge,0.0,YZ,MW
2040-10-11 09:00:00,TRAN-PUB,state_of_charge,0.0,YZ,MW
2040-10-12 10:00:00,TRAN-PRV,state_of_charge,0.0,YZ,MW
2040-10-13 11:00:00,TRAN-PUB,state_of_charge,0.0,YZ,MW
2040-10-14 12:00:00,TRAN-PRV,state_of_charge,0.0,YZ,MW
2040-10-15 13:00:00,TRAN-PUB,state_of_charge,0.0,YZ,MW
2040-10-16 14:00:00,TRAN-PRV,state_of_charge,0.0,YZ,MW
2040-10-17 15:00:00,TRAN-PUB,state_of_charge,0.0,YZ,MW
2040-10-18 16:00:00,TRAN-PRV,state_of_charge,0.0,YZ,MW
2040-10-19 17:00:00,TRAN-PUB,state_of_charge,0.0,YZ,MW
2040-10-20 18:00:00,TRAN-PRV,state_of_charge,0.0,YZ,MW
2040-10-21 19:00:00,TRAN-PUB,state_of_charge,0.0,YZ,MW
2040-10-22 20:00:00,TRAN-PRV,state_of_charge,0.0,YZ,MW
2040-10-23 21:00:00,TRAN-PUB,state_of_charge,0.0,YZ,MW
2040-10-24 22:00:00,TRAN-PRV,state_of_charge,0.0,YZ,MW
2040-10-25 23:00:00,TRAN-PUB,state_of_charge,0.0,YZ,MW
2040-10-27 00:00:00,TRAN-PRV,state_of_charge,0.0,YZ,MW
2040-10-28 01:00:00,TRAN-PUB,state_of_charge,0.0,YZ,MW
2040-10-29 02:00:00,TRAN-PRV,state_of_charge,0.0,YZ,MW
2040-10-30 03:00:00,TRAN-PUB,state_of_charge,0.0,YZ,MW
2040-10-31 04:00:00,TRAN-PRV,state_of_charge,0.0,YZ,MW
2040-11-01 05:00:00,TRAN-PUB,state_of_charge,0.0,YZ,MW
2040-11-02 06:00:00,TRAN-PRV,state_of_charge,0.0,YZ,MW
2040-11-03 07:00:00,TRAN-PUB,state_of_charge,0.0,YZ,MW
2040-11-04 08:00:00,TRAN-PRV,state_of_charge,0.0,YZ,MW
2040-11-05 09:00:00,TRAN-PUB,state_of_charge,0.0,YZ,MW
2040-11-06 10:00:00,TRAN-PRV,state_of_charge,270.0,YZ,MW
2040-11-07 11:00:00,TRAN-PUB,state_of_charge,90.0,YZ,MW
2040-11-08 12:00:00,TRAN-PRV,state_of_charge,0.0,YZ,MW
2040-11-09 13:00:00,TRAN-PUB,state_of_charge,0.0,YZ,MW
2040-11-10 14:00:00,TRAN-PRV,state_of_charge,0.0,YZ,MW
2040-11-11 15:00:00,TRAN-PUB,state_of_charge,0.0,YZ,MW
2040-11-12 16:00:00,TRAN-PRV,state_of_charge,0.0,YZ,MW
2040-11-13 17:00:00,TRAN-PUB,state_of_charge,0.0,YZ,MW
2040-11-14 18:00:00,TRAN-PRV,state_of_charge,0.0,YZ,MW
2040-11-15 19:00:00,TRAN-PUB,state_of_charge,0.0,YZ,MW
2040-11-16 20:00:00,TRAN-PRV,state_of_charge,0.0,YZ,MW
2040-11-17 21:00:00,TRAN-PUB,state_of_charge,0.0,YZ,MW
2040-11-18 22:00:00,TRAN-PRV,state_of_charge,0.0,YZ,MW
2040-11-19 23:00:00,TRAN-PUB,state_of_charge,0.0,YZ,MW
2040-11-21 00:00:00,TRAN-PRV,state_of_charge,0.0,YZ,MW
2040-11-22 01:00:00,TRAN-PUB,state_of_charge,0.0,YZ,MW
2040-11-23 02:00:00,TRAN-PRV,state_of_charge,0.0,YZ,MW
2040-11-24 03:00:00,TRAN-PUB,state_of_charge,0.0,YZ,MW
2040-11-25 04:00:00,TRAN-PRV,state_of_charge,0.0,YZ,MW
2040-11-26 05:00:00,TRAN-PUB,state_of_charge,0.0,YZ,MW
2040-11-27 06:00:00,TRAN-PRV,state_of_charge,0.0,YZ,MW
2040-11-28 07:00:00,TRAN-PUB,state_of_charge,0.0,YZ,MW
2040-11-29 08:00:00,TRAN-PRV,state_of_charge,0.0,YZ,MW
2040-11-30 09:00:00,TRAN-PUB,state_of_charge,0.0,YZ,MW
2040-12-01 10:00:00,TRAN-PRV,state_of_charge,0.0,YZ,MW
2040-12-02 11:00:00,TRAN-PUB,state_of_charge,0.0,YZ,MW
2040-12-03 12:00:00,TRAN-PRV,state_of_charge,0.0,YZ,MW
2040-12-04 13:00:00,TRAN-PUB,state_of_charge,0.0,YZ,MW
2040-12-05 14:00:00,TRAN-PRV,state_of_charge,0.0,YZ,MW
2040-12-06 15:00:00,TRAN-PUB,state_of_charge,0.0,YZ,MW
2040-12-07 16:00:00,TRAN-PRV,state_of_charge,0.0,YZ,MW
2040-12-08 17:00:00,TRAN-PUB,state_of_charge,0.0,YZ,MW
2040-12-09 18:00:00,TRAN-PRV,state_of_charge,0.0,YZ,MW
2040-12-10 19:00:00,TRAN-PUB,state_of_charge,0.0,YZ,MW
2040-12-11 20:00:00,TRAN-PRV,state_of_charge,0.0,YZ,MW
2040-12-12 21:00:00,TRAN-PUB,state_of_charge,0.0,YZ,MW
2040-12-13 22:00:00,TRAN-PRV,state_of_charge,0.0,YZ,MW
2040-12-14 23:00:00,TRAN-PUB,state_of_charge,0.0,YZ,MW
2040-12-16 00:00:00,TRAN-PRV,state_of_charge,0.0,YZ,MW
2040-12-17 01:00:00,TRAN-PUB,state_of_charge,0.0,YZ,MW
2040-12-18 02:00:00,TRAN-PRV,state_of_charge,0.0,YZ,MW
2040-12-19 03:00:00,TRAN-PUB,state_of_charge,0.0,YZ,MW
2040-12-20 04:00:00,TRAN-PRV,state_of_charge,0.0,YZ,MW
2040-12-21 05:00:00,TRAN-PUB,state_of_charge,0.0,YZ,MW
2040-12-22 06:00:00,TRAN-PRV,state_of_charge,0.0,YZ,MW
2040-12-23 07:00:00,TRAN-PUB,state_of_charge,0.0,YZ,MW
2040-12-24 08:00:00,TRAN-PRV,state_of_charge,0.0,YZ,MW
2040-12-25 09:00:00,TRAN-PUB,state_of_charge,0.0,YZ,MW
2040-12-26 10:00:00,TRAN-PRV,state_of_charge,0.0,YZ,MW
2040-12-27 11:00:00,TRAN-PUB,state_of_charge,0.0,YZ,MW
2040-12-28 12:00:00,TRAN-PRV,state_of_charge,270.0,YZ,MW
2040-12-29 13:00:00,TRAN-PUB,state_of_charge,90.0,YZ,MW
2040-12-30 14:00:00,TRAN-PRV,state_of_charge,0.0,YZ,MW
2040-12-31 15:00:00,TRAN-PUB,state_of_charge,0.0,YZ,MW
2041-01-01 16:00:00,TRAN-PRV,state_of_charge,0.0,YZ,MW
2041-01-02 17:00:00,TRAN-PUB,state_of_charge,0.0,YZ,MW
2041-01-03 18:00:00,TRAN-PRV,state_of_charge,0.0,YZ,MW
2041-01-04 19:00:00,TRAN-PUB,state_of_charge,0.0,YZ,MW
2041-01-05 20:00:00,TRAN-PRV,state_of_charge,0.0,YZ,MW
2041-01-06 21:00:00,TRAN-PUB,state_of_charge,0.0,YZ,MW
2041-01-07 22:00:00,TRAN-PRV,state_of_charge,0.0,YZ,MW
2041-01-08 23:00:00,TRAN-PUB,state_of_charge,0.0,YZ,MW
2041-01-10 00:00:00,TRAN-PRV,state_of_charge,0.0,YZ,MW
2041-01-11 01:00:00,TRAN-PUB,state_of_charge,0.0,YZ,MW
2041-01-12 02:00:00,TRAN-PRV,state_of_charge,0.0,YZ,MW
2041-01-13 03:00:00,TRAN-PUB,state_of_charge,0.0,YZ,MW
2041-01-14 04:00:00,TRAN-PRV,state_of_charge,0.0,YZ,MW
2041-01-15 05:00:00,TRAN-PUB,state_of_charge,0.0,YZ,MW
2041-01-16 06:00:00,TRAN-PRV,state_of_charge,0.0,YZ,MW
2041-01-17 07:00:00,TRAN-PUB,state_of_charge,0.0,YZ,MW
2041-01-18 08:00:00,TRAN-PRV,state_of_charge,0.0,YZ,MW
2041-01-19 09:00:00,TRAN-PUB,state_of_charge,0.0,YZ,MW
2041-01-20 10:00:00,TRAN-PRV,state_of_charge,0.0,YZ,MW
2041-01-21 11:00:00,TRAN-PUB,state_of_charge,0.0,YZ,MW
2041-01-22 12:00:00,TRAN-PRV,state_of_charge,0.0,YZ,MW
2041-01-23 13:00:00,TRAN-PUB,state_of_charge,0.0,YZ,MW
2041-01-24 14:00:00,TRAN-PRV,state_of_charge,0.0,YZ,MW
2041-01-25 15:00:00,TRAN-PUB,state_of_charge,0.0,YZ,MW
2041-01-26 16:00:00,TRAN-PRV,state_of_charge,0.0,YZ,MW
2041-01-27 17:00:00,TRAN-PUB,state_of_charge,0.0,YZ,MW
2041-01-28 18:00:00,TRAN-PRV,state_of_charge,0.0,YZ,MW
2041-01-29 19:00:00,TRAN-PUB,state_of_charge,0.0,YZ,MW
2041-01-30 20:00:00,TRAN-PRV,state_of_charge,0.0,YZ,MW
2041-01-31 21:00:00,TRAN-PUB,state_of_charge,0.0,YZ,MW
2041-02-01 22:00:00,TRAN-PRV,state_of_charge,0.0,YZ,MW
2041-02-02 23:00:00,TRAN-PUB,state_of_charge,0.0,YZ,MW
2041-02-04 00:00:00,TRAN-PRV,state_of_charge,0.0,YZ,MW
2041-02-05 01:00:00,TRAN-PUB,state_of_charge,0.0,YZ,MW
2041-02-06 02:00:00,TRAN-PRV,state_of_charge,0.0,YZ,MW
2041-02-07 03:00:00,TRAN-PUB,state_of_charge,0.0,YZ,MW
2041-02-08 04:00:00,TRAN-PRV,state_of_charge,0.0,YZ,MW
2041-02-09 05:00:00,TRAN-PUB,state_of_charge,0.0,YZ,MW
2041-02-10 06:00:00,TRAN-PRV,state_of_charge,0.0,YZ,MW
2041-02-11 07:00:00,TRAN-PUB,state_of_charge,0.0,YZ,MW
2041-02-12 08:00:00,TRAN-PRV,state_of_charge,0.0,YZ,MW
2041-02-13 09:00:00,TRAN-PUB,state_of_charge,0.0,YZ,MW
2041-02-14 10:00:00,TRAN-PRV,state_of_charge,0.0,YZ,MW
2041-02-15 11:00:00,TRAN-PUB,state_of_charge,0.0,YZ,MW
2041-02-16 12:00:00,TRAN-PRV,state_of_charge,270.0,YZ,MW
2041-02-17 13:00:00,TRAN-PUB,state_of_charge,90.0,YZ,MW
2041-02-18 14:00:00,TRAN-PRV,state_of_charge,0.0,YZ,MW
2041-02-19 15:00:00,TRAN-PUB,state_of_charge,0.0,YZ,MW
2041-02-20 16:00:00,TRAN-PRV,state_of_charge,0.0,YZ,MW
2041-02-21 17:00:00,TRAN-PUB,state_of_charge,0.0,YZ,MW
2041-02-22 18:00:00,TRAN-PRV,state_of_charge,0.0,YZ,MW
2041-02-23 19:00:00,TRAN-PUB,state_of_charge,0.0,YZ,MW
2041-02-24 20:00:00,TRAN-PRV,state_of_charge,0.0,YZ,MW
2041-02-25 21:00:00,TRAN-PUB,state_of_charge,0.0,YZ,MW
2041-02-26 22:00:00,TRAN-PRV,state_of_charge,0.0,YZ,MW
2041-02-27 23:00:00,TRAN-PUB,state_of_charge,0.0,YZ,MW
2041-03-01 00:00:00,TRAN-PRV,state_of_charge,0.0,YZ,MW
2041-03-02 01:00:00,TRAN-PUB,state_of_charge,0.0,YZ,MW
2041-03-03 02:00:00,TRAN-PRV,state_of_charge,0.0,YZ,MW
2041-03-04 03:00:00,TRAN-PUB,state_of_charge,0.0,YZ,MW
2041-03-05 04:00:00,TRAN-PRV,state_of_charge,0.0,YZ,MW
2041-03-06 05:00:00,TRAN-PUB,state_of_charge,0.0,YZ,MW
2041-03-07 06:00:00,TRAN-PRV,state_of_charge,0.0,YZ,MW
2041-03-08 07:00:00,TRAN-PUB,state_of_charge,0.0,YZ,MW
2041-03-09 08:00:00,TRAN-PRV,state_of_charge,0.0,YZ,MW
2041-03-10 09:00:00,TRAN-PUB,state_of_charge,0.0,YZ,MW
2041-03-11 10:00:00,TRAN-PRV,state_of_charge,0.0,YZ,MW
2041-03-12 11:00:00,TRAN-PUB,state_of_charge,0.0,YZ,MW
2041-03-13 12:00:00,TRAN-PRV,state_of_charge,0.0,YZ,MW
2041-03-14 13:00:00,TRAN-PUB,state_of_charge,0.0,YZ,MW
2041-03-15 14:00:00,TRAN-PRV,state_of_charge,0.0,YZ,MW
2041-03-16 15:00:00,TRAN-PUB,state_of_charge,0.0,YZ,MW
2041-03-17 16:00:00,TRAN-PRV,state_of_charge,0.0,YZ,MW
2041-03-18 17:00:00,TRAN-PUB,state_of_charge,0.0,YZ,MW
2041-03-19 18:00:00,TRAN-PRV,state_of_charge,0.0,YZ,MW
2041-03-20 19:00:00,TRAN-PUB,state_of_charge,0.0,YZ,MW
2041-03-21 20:00:00,TRAN-PRV,state_of_charge,0.0,YZ,MW
2041-03-22 21:00:00,TRAN-PUB,state_of_charge,0.0,YZ,MW
2041-03-23 22:00:00,TRAN-PRV,state_of_charge,0.0,YZ,MW
2041-03-24 23:00:00,TRAN-PUB,state_of_charge,0.0,YZ,MW
2041-03-26 00:00:00,TRAN-PRV,state_of_charge,0.0,YZ,MW
2041-03-27 01:00:00,TRAN-PUB,state_of_charge,0.0,YZ,MW
2041-03-28 02:00:00,TRAN-PRV,state_of_charge,0.0,YZ,MW
2041-03-29 03:00:00,TRAN-PUB,state_of_charge,0.0,YZ,MW
2041-03-30 04:00:00,TRAN-PRV,state_of_charge,0.0,YZ,MW
2041-03-31 05:00:00,TRAN-PUB,state_of_charge,0.0,YZ,MW
2041-04-01 06:00:00,TRAN-PRV,state_of_charge,0.0,YZ,MW
2041-04-02 07:00:00,TRAN-PUB,state_of_charge,0.0,YZ,MW
2041-04-03 08:00:00,TRAN-PRV,state_of_charge,0.0,YZ,MW
2041-04-04 09:00:00,TRAN-PUB,state_of_charge,0.0,YZ,MW
2041-04-05 10:00:00,TRAN-PRV,state_of_charge,0.0,YZ,MW
2041-04-06 11:00:00,TRAN-PUB,state_of_charge,0.0,YZ,MW
2041-04-07 12:00:00,TRAN-PRV,state_of_charge,270.0,YZ,MW
2041-04-08 13:00:00,TRAN-PUB,state_of_charge,90.0,YZ,MW
2041-04-09 14:00:00,TRAN-PRV,state_of_charge,0.0,YZ,MW
2041-04-10 15:00:00,TRAN-PUB,state_of_charge,0.0,YZ,MW
2041-04-11 16:00:00,TRAN-PRV,state_of_charge,0.0,YZ,MW
2041-04-12 17:00:00,TRAN-PUB,state_of_charge,0.0,YZ,MW
2041-04-13 18:00:00,TRAN-PRV,state_of_charge,0.0,YZ,MW
2041-04-14 19:00:00,TRAN-PUB,state_of_charge,0.0,YZ,MW
2041-04-15 20:00:00,TRAN-PRV,state_of_charge,0.0,YZ,MW
2041-04-16 21:00:00,TRAN-PUB,state_of_charge,0.0,YZ,MW
2041-04-17 22:00:00,TRAN-PRV,state_of_charge,0.0,YZ,MW
2041-04-18 23:00:00,TRAN-PUB,state_of_charge,0.0,YZ,MW
2041-04-20 00:00:00,TRAN-PRV,state_of_charge,0.0,YZ,MW
2041-04-21 01:00:00,TRAN-PUB,state_of_charge,0.0,YZ,MW
2041-04-22 02:00:00,TRAN-PRV,state_of_charge,0.0,YZ,MW
2041-04-23 03:00:00,TRAN-PUB,state_of_charge,0.0,YZ,MW
2041-04-24 04:00:00,TRAN-PRV,state_of_charge,0.0,YZ,MW
2041-04-25 05:00:00,TRAN-PUB,state_of_charge,0.0,YZ,MW
2041-04-26 06:00:00,TRAN-PRV,state_of_charge,0.0,YZ,MW
2041-04-27 07:00:00,TRAN-PUB,state_of_charge,0.0,YZ,MW
2041-04-28 08:00:00,TRAN-PRV,state_of_charge,0.0,YZ,MW
2041-04-29 09:00:00,TRAN-PUB,state_of_charge,0.0,YZ,MW
2041-04-30 10:00:00,TRAN-PRV,state_of_charge,0.0,YZ,MW
2041-05-01 11:00:00,TRAN-PUB,state_of_charge,0.0,YZ,MW
2041-05-02 12:00:00,TRAN-PRV,state_of_charge,0.0,YZ,MW
2041-05-03 13:00:00,TRAN-PUB,state_of_charge,0.0,YZ,MW
2041-05-04 14:00:00,TRAN-PRV,state_of_charge,0.0,YZ,MW
2041-05-05 15:00:00,TRAN-PUB,state_of_charge,0.0,YZ,MW
2041-05-06 16:00:00,TRAN-PRV,state_of_charge,0.0,YZ,MW
2041-05-07 17:00:00,TRAN-PUB,state_of_charge,0.0,YZ,MW
2041-05-08 18:00:00,TRAN-PRV,state_of_charge,0.0,YZ,MW
2041-05-09 19:00:00,TRAN-PUB,state_of_charge,0.0,YZ,MW
2041-05-10 20:00:00,TRAN-PRV,state_of_charge,0.0,YZ,MW
2041-05-11 21:00:00,TRAN-PUB,state_of_charge,0.0,YZ,MW
2041-05-12 22:00:00,TRAN-PRV,state_of_charge,0.0,YZ,MW
2041-05-13 23:00:00,TRAN-PUB,state_of_charge,0.0,YZ,MW
2041-05-15 00:00:00,TRAN-PRV,state_of_charge,0.0,YZ,MW
2041-05-16 01:00:00,TRAN-PUB,state_of_charge,0.0,YZ,MW
2041-05-17 02:00:00,TRAN-PRV,state_of_charge,0.0,YZ,MW
2041-05-18 03:00:00,TRAN-PUB,state_of_charge,0.0,YZ,MW
2041-05-19 04:00:00,TRAN-PRV,state_of_charge,0.0,YZ,MW
2041-05-20 05:00:00,TRAN-PUB,state_of_charge,0.0,YZ,MW
2041-05-21 06:00:00,TRAN-PRV,state_of_charge,0.0,YZ,MW
2041-05-22 07:00:00,TRAN-PUB,state_of_charge,0.0,YZ,MW
2041-05-23 08:00:00,TRAN-PRV,state_of_charge,0.0,YZ,MW
2041-05-24 09:00:00,TRAN-PUB,state_of_charge,0.0,YZ,MW
2041-05-25 10:00:00,TRAN-PRV,state_of_charge,0.0,YZ,MW
2041-05-26 11:00:00,TRAN-PUB,state_of_charge,0.0,YZ,MW
2041-05-27 12:00:00,TRAN-PRV,state_of_charge,270.0,YZ,MW
2041-05-28 13:00:00,TRAN-PUB,state_of_charge,90.0,YZ,MW
2041-05-29 14:00:00,TRAN-PRV,state_of_charge,0.0,YZ,MW
2041-05-30 15:00:00,TRAN-PUB,state_of_charge,0.0,YZ,MW
2041-05-31 16:00:00,TRAN-PRV,state_of_charge,0.0,YZ,MW
2041-06-01 17:00:00,TRAN-PUB,state_of_charge,0.0,YZ,MW
2041-06-02 18:00:00,TRAN-PRV,state_of_charge,0.0,YZ,MW
2041-06-03 19:00:00,TRAN-PUB,state_of_charge,0.0,YZ,MW
2041-06-04 20:00:00,TRAN-PRV,state_of_charge,0.0,YZ,MW
2041-06-05 21:00:00,TRAN-PUB,state_of_charge,0.0,YZ,MW
2041-06-06 22:00:00,TRAN-PRV,state_of_charge,0.0,YZ,MW
2041-06-07 23:00:00,TRAN-PUB,state_of_charge,0.0,YZ,MW
2041-06-09 00:00:00,TRAN-PRV,state_of_charge,0.0,YZ,MW
2041-06-10 01:00:00,TRAN-PUB,state_of_charge,0.0,YZ,MW
2041-06-11 02:00:00,TRAN-PRV,state_of_charge,0.0,YZ,MW
2041-06-12 03:00:00,TRAN-PUB,state_of_charge,0.0,YZ,MW
2041-06-13 04:00:00,TRAN-PRV,state_of_charge,0.0,YZ,MW
2041-06-14 05:00:00,TRAN-PUB,state_of_charge,0.0,YZ,MW
2041-06-15 06:00:00,TRAN-PRV,state_of_charge,0.0,YZ,MW
2041-06-16 07:00:00,TRAN-PUB,state_of_charge,0.0,YZ,MW
2041-06-17 08:00:00,TRAN-PRV,state_of_charge,0.0,YZ,MW
2041-06-18 09:00:00,TRAN-PUB,state_of_charge,0.0,YZ,MW
2041-06-19 10:00:00,TRAN-PRV,state_of_charge,0.0,YZ,MW
2041-06-20 11:00:00,TRAN-PUB,state_of_charge,0.0,YZ,MW
2041-06-21 12:00:00,TRAN-PRV,state_of_charge,0.0,YZ,MW
2041-06-22 13:00:00,TRAN-PUB,state_of_charge,0.0,YZ,MW
2041-06-23 14:00:00,TRAN-PRV,state_of_charge,0.0,YZ,MW
2041-06-24 15:00:00,TRAN-PUB,state_of_charge,0.0,YZ,MW
2041-06-25 16:00:00,TRAN-PRV,state_of_charge,0.0,YZ,MW
2041-06-26 17:00:00,TRAN-PUB,state_of_charge,0.0,YZ,MW
2041-06-27 18:00:00,TRAN-PRV,state_of_charge,0.0,YZ,MW
2041-06-28 19:00:00,TRAN-PUB,state_of_charge,0.0,YZ,MW
2041-06-29 20:00:00,TRAN-PRV,state_of_charge,0.0,YZ,MW
2041-06-30 21:00:00,TRAN-PUB,state_of_charge,0.0,YZ,MW
2041-07-01 22:00:00,TRAN-PRV,state_of_charge,0.0,YZ,MW
2041-07-02 23:00:00,TRAN-PUB,state_of_charge,0.0,YZ,MW
2041-07-04 00:00:00,TRAN-PRV,state_of_charge,0.0,YZ,MW
2041-07-05 01:00:00,TRAN-PUB,state_of_charge,0.0,YZ,MW
2041-07-06 02:00:00,TRAN-PRV,state_of_charge,0.0,YZ,MW
2041-07-07 03:00:00,TRAN-PUB,state_of_charge,0.0,YZ,MW
2041-07-08 04:00:00,TRAN-PRV,state_of_charge,0.0,YZ,MW
2041-07-09 05:00:00,TRAN-PUB,state_of_charge,0.0,YZ,MW
2041-07-10 06:00:00,TRAN-PRV,state_of_charge,0.0,YZ,MW
2041-07-11 07:00:00,TRAN-PUB,state_of_charge,0.0,YZ,MW
2041-07-12 08:00:00,TRAN-PRV,state_of_charge,0.0,YZ,MW
2041-07-13 09:00:00,TRAN-PUB,state_of_charge,0.0,YZ,MW
2041-07-14 10:00:00,TRAN-PRV,state_of_charge,0.0,YZ,MW
2041-07-15 11:00:00,TRAN-PUB,state_of_charge,0.0,YZ,MW
2041-07-16 12:00:00,TRAN-PRV,state_of_charge,270.0,YZ,MW
2041-07-17 13:00:00,TRAN-PUB,state_of_charge,90.0,YZ,MW
2041-07-18 14:00:00,TRAN-PRV,state_of_charge,0.0,YZ,MW
2041-07-19 15:00:00,TRAN-PUB,state_of_charge,0.0,YZ,MW
2041-07-20 16:00:00,TRAN-PRV,state_of_charge,0.0,YZ,MW
2041-07-21 17:00:00,TRAN-PUB,state_of_charge,0.0,YZ,MW
2041-07-22 18:00:00,TRAN-PRV,state_of_charge,0.0,YZ,MW
2041-07-23 19:00:00,TRAN-PUB,state_of_charge,0.0,YZ,MW
2041-07-24 20:00:00,TRAN-PRV,state_of_charge,0.0,YZ,MW
2041-07-25 21:00:00,TRAN-PUB,state_of_charge,0.0,YZ,MW
2041-07-26 22:00:00,TRAN-PRV,state_of_charge,0.0,YZ,MW
2041-07-27 23:00:00,TRAN-PUB,state_of_charge,0.0,YZ,MW
2041-07-29 00:00:00,TRAN-PRV,state_of_charge,0.0,YZ,MW
2041-07-30 01:00:00,TRAN-PUB,state_of_charge,0.0,YZ,MW
2041-07-31 02:00:00,TRAN-PRV,state_of_charge,0.0,YZ,MW
2041-08-01 03:00:00,TRAN-PUB,state_of_charge,0.0,YZ,MW
2041-08-02 04:00:00,TRAN-PRV,state_of_charge,0.0,YZ,MW
2041-08-03 05:00:00,TRAN-PUB,state_of_charge,0.0,YZ,MW
2041-08-04 06:00:00,TRAN-PRV,state_of_charge,0.0,YZ,MW
2041-08-05 07:00:00,TRAN-PUB,state_of_charge,0.0,YZ,MW
2041-08-06 08:00:00,TRAN-PRV,state_of_charge,0.0,YZ,MW
2041-08-07 09:00:00,TRAN-PUB,state_of_charge,0.0,YZ,MW
2041-08-08 10:00:00,TRAN-PRV,state_of_charge,0.0,YZ,MW
2041-08-09 11:00:00,TRAN-PUB,state_of_charge,0.0,YZ,MW
2041-08-10 12:00:00,TRAN-PRV,state_of_charge,0.0,YZ,MW
2041-08-11 13:00:00,TRAN-PUB,state_of_charge,0.0,YZ,MW
2041-08-12 14:00:00,TRAN-PRV,state_of_charge,0.0,YZ,MW
2041-08-13 15:00:00,TRAN-PUB,state_of_charge,0.0,YZ,MW
2041-08-14 16:00:00,TRAN-PRV,state_of_charge,0.0,YZ,MW
2041-08-15 17:00:00,TRAN-PUB,state_of_charge,0.0,YZ,MW
2041-08-16 18:00:00,TRAN-PRV,state_of_charge,0.0,YZ,MW
2041-08-17 19:00:00,TRAN-PUB,state_of_charge,0.0,YZ,MW
2041-08-18 20:00:00,TRAN-PRV,state_of_charge,0.0,YZ,MW
2041-08-19 21:00:00,TRAN-PUB,state_of_charge,0.0,YZ,MW
2041-08-20 22:00:00,TRAN-PRV,state_of_charge,0.0,YZ,MW
2041-08-21 23:00:00,TRAN-PUB,state_of_charge,0.0,YZ,MW
2041-08-23 00:00:00,TRAN-PRV,state_of_charge,0.0,YZ,MW
2041-08-24 01:00:00,TRAN-PUB,state_of_charge,0.0,YZ,MW
2041-08-25 02:00:00,TRAN-PRV,state_of_charge,0.0,YZ,MW
2041-08-26 03:00:00,TRAN-PUB,state_of_charge,0.0,YZ,MW
2041-08-27 04:00:00,TRAN-PRV,state_of_charge,0.0,YZ,MW
2041-08-28 05:00:00,TRAN-PUB,state_of_charge,0.0,YZ,MW
2041-08-29 06:00:00,TRAN-PRV,state_of_charge,0.0,YZ,MW
2041-08-30 07:00:00,TRAN-PUB,state_of_charge,0.0,YZ,MW
2041-08-31 08:00:00,TRAN-PRV,state_of_charge,0.0,YZ,MW
2041-09-01 09:00:00,TRAN-PUB,state_of_charge,0.0,YZ,MW
2041-09-02 10:00:00,TRAN-PRV,state_of_charge,0.0,YZ,MW
2041-09-03 11:00:00,TRAN-PUB,state_of_charge,0.0,YZ,MW
2041-09-04 12:00:00,TRAN-PRV,state_of_charge,0.0,YZ,MW
2041-09-05 13:00:00,TRAN-PUB,state_of_charge,0.0,YZ,MW
2041-09-06 14:00:00,TRAN-PRV,state_of_charge,270.0,YZ,MW
2041-09-07 15:00:00,TRAN-PUB,state_of_charge,90.0,YZ,MW
2041-09-08 16:00:00,TRAN-PRV,state_of_charge,0.0,YZ,MW
2041-09-09 17:00:00,TRAN-PUB,state_of_charge,0.0,YZ,MW
2041-09-10 18:00:00,TRAN-PRV,state_of_charge,0.0,YZ,MW
2041-09-11 19:00:00,TRAN-PUB,state_of_charge,0.0,YZ,MW
2041-09-12 20:00:00,TRAN-PRV,state_of_charge,0.0,YZ,MW
2041-09-13 21:00:00,TRAN-PUB,state_of_charge,0.0,YZ,MW
2041-09-14 22:00:00,TRAN-PRV,state_of_charge,0.0,YZ,MW
2041-09-15 23:00:00,TRAN-PUB,state_of_charge,0.0,YZ,MW
2041-09-17 00:00:00,TRAN-PRV,state_of_charge,0.0,YZ,MW
2041-09-18 01:00:00,TRAN-PUB,state_of_charge,0.0,YZ,MW
2041-09-19 02:00:00,TRAN-PRV,state_of_charge,0.0,YZ,MW
2041-09-20 03:00:00,TRAN-PUB,state_of_charge,0.0,YZ,MW
2041-09-21 04:00:00,TRAN-PRV,state_of_charge,0.0,YZ,MW
2041-09-22 05:00:00,TRAN-PUB,state_of_charge,0.0,YZ,MW
2041-09-23 06:00:00,TRAN-PRV,state_of_charge,0.0,YZ,MW
2041-09-24 07:00:00,TRAN-PUB,state_of_charge,0.0,YZ,MW
2041-09-25 08:00:00,TRAN-PRV,state_of_charge,0.0,YZ,MW
2041-09-26 09:00:00,TRAN-PUB,state_of_charge,0.0,YZ,MW
2041-09-27 10:00:00,TRAN-PRV,state_of_charge,0.0,YZ,MW
2041-09-28 11:00:00,TRAN-PUB,state_of_charge,0.0,YZ,MW
2041-09-29 12:00:00,TRAN-PRV,state_of_charge,0.0,YZ,MW
2041-09-30 13:00:00,TRAN-PUB,state_of_charge,0.0,YZ,MW
2041-10-01 14:00:00,TRAN-PRV,state_of_charge,0.0,YZ,MW
2041-10-02 15:00:00,TRAN-PUB,state_of_charge,0.0,YZ,MW
2041-10-03 16:00:00,TRAN-PRV,state_of_charge,0.0,YZ,MW
2041-10-04 17:00:00,TRAN-PUB,state_of_charge,0.0,YZ,MW
2041-10-05 18:00:00,TRAN-PRV,state_of_charge,0.0,YZ,MW
2041-10-06 19:00:00,TRAN-PUB,state_of_charge,0.0,YZ,MW
2041-10-07 20:00:00,TRAN-PRV,state_of_charge,0.0,YZ,MW
2041-10-08 21:00:00,TRAN-PUB,state_of_charge,0.0,YZ,MW
2041-10-09 22:00:00,TRAN-PRV,state_of_charge,0.0,YZ,MW
2041-10-10 23:00:00,TRAN-PUB,state_of_charge,0.0,YZ,MW
2041-10-12 00:00:00,TRAN-PRV,state_of_charge,0.0,YZ,MW
2041-10-13 01:00:00,TRAN-PUB,state_of_charge,0.0,YZ,MW
2041-10-14 02:00:00,TRAN-PRV,state_of_charge,0.0,YZ,MW
2041-10-15 03:00:00,TRAN-PUB,state_of_charge,0.0,YZ,MW
2041-10-16 04:00:00,TRAN-PRV,state_of_charge,0.0,YZ,MW
2041-10-17 05:00:00,TRAN-PUB,state_of_charge,0.0,YZ,MW
2041-10-18 06:00:00,TRAN-PRV,state_of_charge,0.0,YZ,MW
2041-10-19 07:00:00,TRAN-PUB,state_of_charge,0.0,YZ,MW
2041-10-20 08:00:00,TRAN-PRV,state_of_charge,0.0,YZ,MW
2041-10-21 09:00:00,TRAN-PUB,state_of_charge,0.0,YZ,MW
2041-10-22 10:00:00,TRAN-PRV,state_of_charge,0.0,YZ,MW
2041-10-23 11:00:00,TRAN-PUB,state_of_charge,0.0,YZ,MW
2041-10-24 12:00:00,TRAN-PRV,state_of_charge,0.0,YZ,MW
2041-10-25 13:00:00,TRAN-PUB,state_of_charge,0.0,YZ,MW
2041-10-26 14:00:00,TRAN-PRV,state_of_charge,270.0,YZ,MW
2041-10-27 15:00:00,TRAN-PUB,state_of_charge,90.0,YZ,MW
2041-10-28 16:00:00,TRAN-PRV,state_of_charge,0.0,YZ,MW
2041-10-29 17:00:00,TRAN-PUB,state_of_charge,0.0,YZ,MW
2041-10-30 18:00:00,TRAN-PRV,state_of_charge,0.0,YZ,MW
2041-10-31 19:00:00,TRAN-PUB,state_of_charge,0.0,YZ,MW
2041-11-01 20:00:00,TRAN-PRV,state_of_charge,0.0,YZ,MW
2041-11-02 21:00:00,TRAN-PUB,state_of_charge,0.0,YZ,MW
2041-11-03 22:00:00,TRAN-PRV,state_of_charge,0.0,YZ,MW
2041-11-04 23:00:00,TRAN-PUB,state_of_charge,0.0,YZ,MW
2041-11-06 00:00:00,TRAN-PRV,state_of_charge,0.0,YZ,MW
2041-11-07 01:00:00,TRAN-PUB,state_of_charge,0.0,YZ,MW
2041-11-08 02:00:00,TRAN-PRV,state_of_charge,0.0,YZ,MW
2041-11-09 03:00:00,TRAN-PUB,state_of_charge,0.0,YZ,MW
2041-11-10 04:00:00,TRAN-PRV,state_of_charge,0.0,YZ,MW
2041-11-11 05:00:00,TRAN-PUB,state_of_charge,0.0,YZ,MW
2041-11-12 06:00:00,TRAN-PRV,state_of_charge,0.0,YZ,MW
2041-11-13 07:00:00,TRAN-PUB,state_of_charge,0.0,YZ,MW
2041-11-14 08:00:00,TRAN-PRV,state_of_charge,0.0,YZ,MW
2041-11-15 09:00:00,TRAN-PUB,state_of_charge,0.0,YZ,MW
2041-11-16 10:00:00,TRAN-PRV,state_of_charge,0.0,YZ,MW
2041-11-17 11:00:00,TRAN-PUB,state_of_charge,0.0,YZ,MW
2041-11-18 12:00:00,TRAN-PRV,state_of_charge,0.0,YZ,MW
2041-11-19 13:00:00,TRAN-PUB,state_of_charge,0.0,YZ,MW
2041-11-20 14:00:00,TRAN-PRV,state_of_charge,0.0,YZ,MW
2041-11-21 15:00:00,TRAN-PUB,state_of_charge,0.0,YZ,MW
2041-11-22 16:00:00,TRAN-PRV,state_of_charge,0.0,YZ,MW
2041-11-23 17:00:00,TRAN-PUB,state_of_charge,0.0,YZ,MW
2041-11-24 18:00:00,TRAN-PRV,state_of_charge,0.0,YZ,MW
2041-11-25 19:00:00,TRAN-PUB,state_of_charge,0.0,YZ,MW
2041-11-26 20:00:00,TRAN-PRV,state_of_charge,0.0,YZ,MW
2041-11-27 21:00:00,TRAN-PUB,state_of_charge,0.0,YZ,MW
2041-11-28 22:00:00,TRAN-PRV,state_of_charge,0.0,YZ,MW
2041-11-29 23:00:00,TRAN-PUB,state_of_charge,0.0,YZ,MW
2041-12-01 00:00:00,TRAN-PRV,state_of_charge,0.0,YZ,MW
2041-12-02 01:00:00,TRAN-PUB,state_of_charge,0.0,YZ,MW
2041-12-03 02:00:00,TRAN-PRV,state_of_charge,0.0,YZ,MW
2041-12-04 03:00:00,TRAN-PUB,state_of_charge,0.0,YZ,MW
2041-12-05 04:00:00,TRAN-PRV,state_of_charge,0.0,YZ,MW
2041-12-06 05:00:00,TRAN-PUB,state_of_charge,0.0,YZ,MW
2041-12-07 06:00:00,TRAN-PRV,state_of_charge,0.0,YZ,MW
2041-12-08 07:00:00,TRAN-PUB,state_of_charge,0.0,YZ,MW
2041-12-09 08:00:00,TRAN-PRV,state_of_charge,0.0,YZ,MW
2041-12-10 09:00:00,TRAN-PUB,state_of_charge,0.0,YZ,MW
2041-12-11 10:00:00,TRAN-PRV,state_of_charge,0.0,YZ,MW
2041-12-12 11:00:00,TRAN-PUB,state_of_charge,0.0,YZ,MW
2041-12-13 12:00:00,TRAN-PRV,state_of_charge,0.0,YZ,MW
2041-12-14 13:00:00,TRAN-PUB,state_of_charge,0.0,YZ,MW
2041-12-15 14:00:00,TRAN-PRV,state_of_charge,270.0,YZ,MW
2041-12-16 15:00:00,TRAN-PUB,state_of_charge,90.0,YZ,MW
2041-12-17 16:00:00,TRAN-PRV,state_of_charge,0.0,YZ,MW
2041-12-18 17:00:00,TRAN-PUB,state_of_charge,0.0,YZ,MW
2041-12-19 18:00:00,TRAN-PRV,state_of_charge,162.0,YZ,MW
2041-12-20 19:00:00,TRAN-PUB,state_of_charge,0.0,YZ,MW
2041-12-21 20:00:00,TRAN-PRV,state_of_charge,0.0,YZ,MW
2041-12-22 21:00:00,TRAN-PUB,state_of_charge,0.0,YZ,MW
2041-12-23 22:00:00,TRAN-PRV,state_of_charge,0.0,YZ,MW
2041-12-24 23:00:00,TRAN-PUB,state_of_charge,0.0,YZ,MW
2041-12-26 00:00:00,TRAN-PRV,state_of_charge,0.0,YZ,MW
2041-12-27 01:00:00,TRAN-PUB,state_of_charge,0.0,YZ,MW
2041-12-28 02:00:00,TRAN-PRV,state_of_charge,0.0,YZ,MW
2041-12-29 03:00:00,TRAN-PUB,state_of_charge,0.0,YZ,MW
2041-12-30 04:00:00,TRAN-PRV,state_of_charge,0.0,YZ,MW
2041-12-31 05:00:00,TRAN-PUB,state_of_charge,0.0,YZ,MW
2042-01-01 06:00:00,TRAN-PRV,state_of_charge,0.0,YZ,MW
2042-01-02 07:00:00,TRAN-PUB,state_of_charge,0.0,YZ,MW
