snapshot,country,value,region,technology,unit
2025-01-01 00:00:00,XY,13850.0,CE,IND_BOILER,MW
2025-01-02 01:00:00,XY,13475.0,CE,IND_BOILER,MW
2025-01-03 02:00:00,XY,12975.0,CE,IND_BOILER,MW
2025-01-04 03:00:00,XY,12850.0,CE,IND_BOILER,MW
2025-01-05 04:00:00,XY,12475.0,CE,IND_BOILER,MW
2025-01-06 05:00:00,XY,12725.0,CE,IND_BOILER,MW
2025-01-07 06:00:00,XY,13600.0,CE,IND_BOILER,MW
2025-01-08 07:00:00,XY,14350.0,CE,IND_BOILER,MW
2025-01-09 08:00:00,XY,14850.0,CE,IND_BOILER,MW
2025-01-10 09:00:00,XY,14725.0,CE,IND_BOILER,MW
2025-01-11 10:00:00,XY,14350.0,CE,IND_BOILER,MW
2025-01-12 11:00:00,XY,13350.0,CE,IND_BOILER,MW
2025-01-13 12:00:00,XY,13600.0,CE,IND_BOILER,MW
2025-01-14 13:00:00,XY,14725.0,CE,IND_BOILER,MW
2025-01-15 14:00:00,XY,14975.0,CE,IND_BOILER,MW
2025-01-16 15:00:00,XY,15861.0,CE,IND_BOILER,MW
2025-01-17 16:00:00,XY,15225.0,CE,IND_BOILER,MW
2025-01-18 17:00:00,XY,12725.0,CE,IND_BOILER,MW
2025-01-19 18:00:00,XY,12975.0,CE,IND_BOILER,MW
2025-01-20 19:00:00,XY,15350.0,CE,IND_BOILER,MW
2025-01-21 20:00:00,XY,15600.0,CE,IND_BOILER,MW
2025-01-22 21:00:00,XY,15928.0,CE,IND_BOILER,MW
2025-01-23 22:00:00,XY,15861.0,CE,IND_BOILER,MW
2025-01-24 23:00:00,XY,14350.0,CE,IND_BOILER,MW
2025-01-26 00:00:00,XY,12350.0,CE,IND_BOILER,MW
2025-01-27 01:00:00,XY,11884.0,CE,IND_BOILER,MW
2025-01-28 02:00:00,XY,11942.0,CE,IND_BOILER,MW
2025-01-29 03:00:00,XY,12058.0,CE,IND_BOILER,MW
2025-01-30 04:00:00,XY,12475.0,CE,IND_BOILER,MW
2025-01-31 05:00:00,XY,12350.0,CE,IND_BOILER,MW
2025-02-01 06:00:00,XY,12225.0,CE,IND_BOILER,MW
2025-02-02 07:00:00,XY,13100.0,CE,IND_BOILER,MW
2025-02-03 08:00:00,XY,14850.0,CE,IND_BOILER,MW
2025-02-04 09:00:00,XY,15600.0,CE,IND_BOILER,MW
2025-02-05 10:00:00,XY,15995.0,CE,IND_BOILER,MW
2025-02-06 11:00:00,XY,15928.0,CE,IND_BOILER,MW
2025-02-07 12:00:00,XY,15350.0,CE,IND_BOILER,MW
2025-02-08 13:00:00,XY,12850.0,CE,IND_BOILER,MW
2025-02-09 14:00:00,XY,13100.0,CE,IND_BOILER,MW
2025-02-10 15:00:00,XY,15475.0,CE,IND_BOILER,MW
2025-02-11 16:00:00,XY,15725.0,CE,IND_BOILER,MW
2025-02-12 17:00:00,XY,15995.0,CE,IND_BOILER,MW
2025-02-13 18:00:00,XY,15928.0,CE,IND_BOILER,MW
2025-02-14 19:00:00,XY,15350.0,CE,IND_BOILER,MW
2025-02-15 20:00:00,XY,12850.0,CE,IND_BOILER,MW
2025-02-16 21:00:00,XY,13100.0,CE,IND_BOILER,MW
2025-02-17 22:00:00,XY,15475.0,CE,IND_BOILER,MW
2025-02-18 23:00:00,XY,15100.0,CE,IND_BOILER,MW
2025-02-20 00:00:00,XY,13975.0,CE,IND_BOILER,MW
2025-02-21 01:00:00,XY,12475.0,CE,IND_BOILER,MW
2025-02-22 02:00:00,XY,11768.0,CE,IND_BOILER,MW
2025-02-23 03:00:00,XY,11250.0,CE,IND_BOILER,MW
2025-02-24 04:00:00,XY,11594.0,CE,IND_BOILER,MW
2025-02-25 05:00:00,XY,12225.0,CE,IND_BOILER,MW
2025-02-26 06:00:00,XY,13600.0,CE,IND_BOILER,MW
2025-02-27 07:00:00,XY,14725.0,CE,IND_BOILER,MW
2025-02-28 08:00:00,XY,14850.0,CE,IND_BOILER,MW
2025-03-01 09:00:00,XY,12725.0,CE,IND_BOILER,MW
2025-03-02 10:00:00,XY,12975.0,CE,IND_BOILER,MW
2025-03-03 11:00:00,XY,15350.0,CE,IND_BOILER,MW
2025-03-04 12:00:00,XY,15475.0,CE,IND_BOILER,MW
2025-03-05 13:00:00,XY,15928.0,CE,IND_BOILER,MW
2025-03-06 14:00:00,XY,15794.0,CE,IND_BOILER,MW
2025-03-07 15:00:00,XY,15100.0,CE,IND_BOILER,MW
2025-03-08 16:00:00,XY,12725.0,CE,IND_BOILER,MW
2025-03-09 17:00:00,XY,12975.0,CE,IND_BOILER,MW
2025-03-10 18:00:00,XY,15225.0,CE,IND_BOILER,MW
2025-03-11 19:00:00,XY,15475.0,CE,IND_BOILER,MW
2025-03-12 20:00:00,XY,15861.0,CE,IND_BOILER,MW
2025-03-13 21:00:00,XY,15794.0,CE,IND_BOILER,MW
2025-03-14 22:00:00,XY,15100.0,CE,IND_BOILER,MW
2025-03-15 23:00:00,XY,12600.0,CE,IND_BOILER,MW
2025-03-17 00:00:00,XY,12350.0,CE,IND_BOILER,MW
2025-03-18 01:00:00,XY,12116.0,CE,IND_BOILER,MW
2025-03-19 02:00:00,XY,12058.0,CE,IND_BOILER,MW
2025-03-20 03:00:00,XY,12058.0,CE,IND_BOILER,MW
2025-03-21 04:00:00,XY,11884.0,CE,IND_BOILER,MW
2025-03-22 05:00:00,XY,11652.0,CE,IND_BOILER,MW
2025-03-23 06:00:00,XY,12116.0,CE,IND_BOILER,MW
2025-03-24 07:00:00,XY,13725.0,CE,IND_BOILER,MW
2025-03-25 08:00:00,XY,14725.0,CE,IND_BOILER,MW
2025-03-26 09:00:00,XY,15725.0,CE,IND_BOILER,MW
2025-03-27 10:00:00,XY,15725.0,CE,IND_BOILER,MW
2025-03-28 11:00:00,XY,14975.0,CE,IND_BOILER,MW
2025-03-29 12:00:00,XY,12600.0,CE,IND_BOILER,MW
2025-03-30 13:00:00,XY,12850.0,CE,IND_BOILER,MW
2025-03-31 14:00:00,XY,15100.0,CE,IND_BOILER,MW
2025-04-01 15:00:00,XY,15350.0,CE,IND_BOILER,MW
2025-04-02 16:00:00,XY,15794.0,CE,IND_BOILER,MW
2025-04-03 17:00:00,XY,15725.0,CE,IND_BOILER,MW
2025-04-04 18:00:00,XY,14975.0,CE,IND_BOILER,MW
2025-04-05 19:00:00,XY,12475.0,CE,IND_BOILER,MW
2025-04-06 20:00:00,XY,12725.0,CE,IND_BOILER,MW
2025-04-07 21:00:00,XY,15100.0,CE,IND_BOILER,MW
2025-04-08 22:00:00,XY,15225.0,CE,IND_BOILER,MW
2025-04-09 23:00:00,XY,15100.0,CE,IND_BOILER,MW
2025-04-11 00:00:00,XY,13100.0,CE,IND_BOILER,MW
2025-04-12 01:00:00,XY,11884.0,CE,IND_BOILER,MW
2025-04-13 02:00:00,XY,11250.0,CE,IND_BOILER,MW
2025-04-14 03:00:00,XY,11125.0,CE,IND_BOILER,MW
2025-04-15 04:00:00,XY,11768.0,CE,IND_BOILER,MW
2025-04-16 05:00:00,XY,12475.0,CE,IND_BOILER,MW
2025-04-17 06:00:00,XY,13475.0,CE,IND_BOILER,MW
2025-04-18 07:00:00,XY,13725.0,CE,IND_BOILER,MW
2025-04-19 08:00:00,XY,12475.0,CE,IND_BOILER,MW
2025-04-20 09:00:00,XY,12725.0,CE,IND_BOILER,MW
2025-04-21 10:00:00,XY,14975.0,CE,IND_BOILER,MW
2025-04-22 11:00:00,XY,15225.0,CE,IND_BOILER,MW
2025-04-23 12:00:00,XY,15725.0,CE,IND_BOILER,MW
2025-04-24 13:00:00,XY,15600.0,CE,IND_BOILER,MW
2025-04-25 14:00:00,XY,14850.0,CE,IND_BOILER,MW
2025-04-26 15:00:00,XY,12475.0,CE,IND_BOILER,MW
2025-04-27 16:00:00,XY,12725.0,CE,IND_BOILER,MW
2025-04-28 17:00:00,XY,14975.0,CE,IND_BOILER,MW
2025-04-29 18:00:00,XY,15225.0,CE,IND_BOILER,MW
2025-04-30 19:00:00,XY,15725.0,CE,IND_BOILER,MW
2025-05-01 20:00:00,XY,15475.0,CE,IND_BOILER,MW
2025-05-02 21:00:00,XY,14850.0,CE,IND_BOILER,MW
2025-05-03 22:00:00,XY,12350.0,CE,IND_BOILER,MW
2025-05-04 23:00:00,XY,12725.0,CE,IND_BOILER,MW
2025-05-06 00:00:00,XY,12725.0,CE,IND_BOILER,MW
2025-05-07 01:00:00,XY,12350.0,CE,IND_BOILER,MW
2025-05-08 02:00:00,XY,12116.0,CE,IND_BOILER,MW
2025-05-09 03:00:00,XY,11710.0,CE,IND_BOILER,MW
2025-05-10 04:00:00,XY,11000.0,CE,IND_BOILER,MW
2025-05-11 05:00:00,XY,11652.0,CE,IND_BOILER,MW
2025-05-12 06:00:00,XY,12600.0,CE,IND_BOILER,MW
2025-05-13 07:00:00,XY,13600.0,CE,IND_BOILER,MW
2025-05-14 08:00:00,XY,14975.0,CE,IND_BOILER,MW
2025-05-15 09:00:00,XY,15475.0,CE,IND_BOILER,MW
2025-05-16 10:00:00,XY,14725.0,CE,IND_BOILER,MW
2025-05-17 11:00:00,XY,12350.0,CE,IND_BOILER,MW
2025-05-18 12:00:00,XY,12600.0,CE,IND_BOILER,MW
2025-05-19 13:00:00,XY,14850.0,CE,IND_BOILER,MW
2025-05-20 14:00:00,XY,15100.0,CE,IND_BOILER,MW
2025-05-21 15:00:00,XY,15600.0,CE,IND_BOILER,MW
2025-05-22 16:00:00,XY,15475.0,CE,IND_BOILER,MW
2025-05-23 17:00:00,XY,14725.0,CE,IND_BOILER,MW
2025-05-24 18:00:00,XY,12350.0,CE,IND_BOILER,MW
2025-05-25 19:00:00,XY,12600.0,CE,IND_BOILER,MW
2025-05-26 20:00:00,XY,14850.0,CE,IND_BOILER,MW
2025-05-27 21:00:00,XY,15100.0,CE,IND_BOILER,MW
2025-05-28 22:00:00,XY,15600.0,CE,IND_BOILER,MW
2025-05-29 23:00:00,XY,14475.0,CE,IND_BOILER,MW
2025-05-31 00:00:00,XY,12350.0,CE,IND_BOILER,MW
2025-06-01 01:00:00,XY,11594.0,CE,IND_BOILER,MW
2025-06-02 02:00:00,XY,11250.0,CE,IND_BOILER,MW
2025-06-03 03:00:00,XY,11594.0,CE,IND_BOILER,MW
2025-06-04 04:00:00,XY,11942.0,CE,IND_BOILER,MW
2025-06-05 05:00:00,XY,12475.0,CE,IND_BOILER,MW
2025-06-06 06:00:00,XY,12600.0,CE,IND_BOILER,MW
2025-06-07 07:00:00,XY,14600.0,CE,IND_BOILER,MW
2025-06-08 08:00:00,XY,12225.0,CE,IND_BOILER,MW
2025-06-09 09:00:00,XY,12475.0,CE,IND_BOILER,MW
2025-06-10 10:00:00,XY,14725.0,CE,IND_BOILER,MW
2025-06-11 11:00:00,XY,14975.0,CE,IND_BOILER,MW
2025-06-12 12:00:00,XY,15475.0,CE,IND_BOILER,MW
2025-06-13 13:00:00,XY,15350.0,CE,IND_BOILER,MW
2025-06-14 14:00:00,XY,14600.0,CE,IND_BOILER,MW
2025-06-15 15:00:00,XY,12225.0,CE,IND_BOILER,MW
2025-06-16 16:00:00,XY,12475.0,CE,IND_BOILER,MW
2025-06-17 17:00:00,XY,14725.0,CE,IND_BOILER,MW
2025-06-18 18:00:00,XY,14975.0,CE,IND_BOILER,MW
2025-06-19 19:00:00,XY,15475.0,CE,IND_BOILER,MW
2025-06-20 20:00:00,XY,15350.0,CE,IND_BOILER,MW
2025-06-21 21:00:00,XY,14725.0,CE,IND_BOILER,MW
2025-06-22 22:00:00,XY,12225.0,CE,IND_BOILER,MW
2025-06-23 23:00:00,XY,12475.0,CE,IND_BOILER,MW
2025-06-25 00:00:00,XY,14100.0,CE,IND_BOILER,MW
2025-06-26 01:00:00,XY,12975.0,CE,IND_BOILER,MW
2025-06-27 02:00:00,XY,12475.0,CE,IND_BOILER,MW
2025-06-28 03:00:00,XY,11768.0,CE,IND_BOILER,MW
2025-06-29 04:00:00,XY,11250.0,CE,IND_BOILER,MW
2025-06-30 05:00:00,XY,11000.0,CE,IND_BOILER,MW
2025-07-01 06:00:00,XY,11942.0,CE,IND_BOILER,MW
2025-07-02 07:00:00,XY,12600.0,CE,IND_BOILER,MW
2025-07-03 08:00:00,XY,13975.0,CE,IND_BOILER,MW
2025-07-04 09:00:00,XY,14975.0,CE,IND_BOILER,MW
2025-07-05 10:00:00,XY,14600.0,CE,IND_BOILER,MW
2025-07-06 11:00:00,XY,12225.0,CE,IND_BOILER,MW
2025-07-07 12:00:00,XY,12475.0,CE,IND_BOILER,MW
2025-07-08 13:00:00,XY,14725.0,CE,IND_BOILER,MW
2025-07-09 14:00:00,XY,14975.0,CE,IND_BOILER,MW
2025-07-10 15:00:00,XY,15475.0,CE,IND_BOILER,MW
2025-07-11 16:00:00,XY,15350.0,CE,IND_BOILER,MW
2025-07-12 17:00:00,XY,14600.0,CE,IND_BOILER,MW
2025-07-13 18:00:00,XY,12225.0,CE,IND_BOILER,MW
2025-07-14 19:00:00,XY,12475.0,CE,IND_BOILER,MW
2025-07-15 20:00:00,XY,14725.0,CE,IND_BOILER,MW
2025-07-16 21:00:00,XY,14975.0,CE,IND_BOILER,MW
2025-07-17 22:00:00,XY,15475.0,CE,IND_BOILER,MW
2025-07-18 23:00:00,XY,15350.0,CE,IND_BOILER,MW
2025-07-20 00:00:00,XY,13725.0,CE,IND_BOILER,MW
2025-07-21 01:00:00,XY,12000.0,CE,IND_BOILER,MW
2025-07-22 02:00:00,XY,11652.0,CE,IND_BOILER,MW
2025-07-23 03:00:00,XY,11710.0,CE,IND_BOILER,MW
2025-07-24 04:00:00,XY,11826.0,CE,IND_BOILER,MW
2025-07-25 05:00:00,XY,12000.0,CE,IND_BOILER,MW
2025-07-26 06:00:00,XY,12000.0,CE,IND_BOILER,MW
2025-07-27 07:00:00,XY,11884.0,CE,IND_BOILER,MW
2025-07-28 08:00:00,XY,12475.0,CE,IND_BOILER,MW
2025-07-29 09:00:00,XY,14225.0,CE,IND_BOILER,MW
2025-07-30 10:00:00,XY,14850.0,CE,IND_BOILER,MW
2025-07-31 11:00:00,XY,15475.0,CE,IND_BOILER,MW
2025-08-01 12:00:00,XY,15350.0,CE,IND_BOILER,MW
2025-08-02 13:00:00,XY,14600.0,CE,IND_BOILER,MW
2025-08-03 14:00:00,XY,12225.0,CE,IND_BOILER,MW
2025-08-04 15:00:00,XY,12475.0,CE,IND_BOILER,MW
2025-08-05 16:00:00,XY,14725.0,CE,IND_BOILER,MW
2025-08-06 17:00:00,XY,14975.0,CE,IND_BOILER,MW
2025-08-07 18:00:00,XY,15475.0,CE,IND_BOILER,MW
2025-08-08 19:00:00,XY,15350.0,CE,IND_BOILER,MW
2025-08-09 20:00:00,XY,14600.0,CE,IND_BOILER,MW
2025-08-10 21:00:00,XY,12225.0,CE,IND_BOILER,MW
2025-08-11 22:00:00,XY,12475.0,CE,IND_BOILER,MW
2025-08-12 23:00:00,XY,14725.0,CE,IND_BOILER,MW
2025-08-14 00:00:00,XY,14475.0,CE,IND_BOILER,MW
2025-08-15 01:00:00,XY,13350.0,CE,IND_BOILER,MW
2025-08-16 02:00:00,XY,12058.0,CE,IND_BOILER,MW
2025-08-17 03:00:00,XY,11500.0,CE,IND_BOILER,MW
2025-08-18 04:00:00,XY,10750.0,CE,IND_BOILER,MW
2025-08-19 05:00:00,XY,11125.0,CE,IND_BOILER,MW
2025-08-20 06:00:00,XY,11942.0,CE,IND_BOILER,MW
2025-08-21 07:00:00,XY,13100.0,CE,IND_BOILER,MW
2025-08-22 08:00:00,XY,14100.0,CE,IND_BOILER,MW
2025-08-23 09:00:00,XY,14225.0,CE,IND_BOILER,MW
2025-08-24 10:00:00,XY,12225.0,CE,IND_BOILER,MW
2025-08-25 11:00:00,XY,12475.0,CE,IND_BOILER,MW
2025-08-26 12:00:00,XY,14725.0,CE,IND_BOILER,MW
2025-08-27 13:00:00,XY,14975.0,CE,IND_BOILER,MW
2025-08-28 14:00:00,XY,15475.0,CE,IND_BOILER,MW
2025-08-29 15:00:00,XY,15350.0,CE,IND_BOILER,MW
2025-08-30 16:00:00,XY,14600.0,CE,IND_BOILER,MW
2025-08-31 17:00:00,XY,12225.0,CE,IND_BOILER,MW
2025-09-01 18:00:00,XY,12475.0,CE,IND_BOILER,MW
2025-09-02 19:00:00,XY,14725.0,CE,IND_BOILER,MW
2025-09-03 20:00:00,XY,14975.0,CE,IND_BOILER,MW
2025-09-04 21:00:00,XY,15475.0,CE,IND_BOILER,MW
2025-09-05 22:00:00,XY,15225.0,CE,IND_BOILER,MW
2025-09-06 23:00:00,XY,14600.0,CE,IND_BOILER,MW
2025-09-08 00:00:00,XY,12225.0,CE,IND_BOILER,MW
2025-09-09 01:00:00,XY,12058.0,CE,IND_BOILER,MW
2025-09-10 02:00:00,XY,11942.0,CE,IND_BOILER,MW
2025-09-11 03:00:00,XY,11884.0,CE,IND_BOILER,MW
2025-09-12 04:00:00,XY,11884.0,CE,IND_BOILER,MW
2025-09-13 05:00:00,XY,11710.0,CE,IND_BOILER,MW
2025-09-14 06:00:00,XY,11375.0,CE,IND_BOILER,MW
2025-09-15 07:00:00,XY,11942.0,CE,IND_BOILER,MW
2025-09-16 08:00:00,XY,13350.0,CE,IND_BOILER,MW
2025-09-17 09:00:00,XY,14225.0,CE,IND_BOILER,MW
2025-09-18 10:00:00,XY,15350.0,CE,IND_BOILER,MW
2025-09-19 11:00:00,XY,15225.0,CE,IND_BOILER,MW
2025-09-20 12:00:00,XY,14600.0,CE,IND_BOILER,MW
2025-09-21 13:00:00,XY,12225.0,CE,IND_BOILER,MW
2025-09-22 14:00:00,XY,12475.0,CE,IND_BOILER,MW
2025-09-23 15:00:00,XY,14725.0,CE,IND_BOILER,MW
2025-09-24 16:00:00,XY,14975.0,CE,IND_BOILER,MW
2025-09-25 17:00:00,XY,15475.0,CE,IND_BOILER,MW
2025-09-26 18:00:00,XY,15350.0,CE,IND_BOILER,MW
2025-09-27 19:00:00,XY,14600.0,CE,IND_BOILER,MW
2025-09-28 20:00:00,XY,12225.0,CE,IND_BOILER,MW
2025-09-29 21:00:00,XY,12475.0,CE,IND_BOILER,MW
2025-09-30 22:00:00,XY,14725.0,CE,IND_BOILER,MW
2025-10-01 23:00:00,XY,14975.0,CE,IND_BOILER,MW
2025-10-03 00:00:00,XY,14850.0,CE,IND_BOILER,MW
2025-10-04 01:00:00,XY,12850.0,CE,IND_BOILER,MW
2025-10-05 02:00:00,XY,11826.0,CE,IND_BOILER,MW
2025-10-06 03:00:00,XY,11000.0,CE,IND_BOILER,MW
2025-10-07 04:00:00,XY,11000.0,CE,IND_BOILER,MW
2025-10-08 05:00:00,XY,11710.0,CE,IND_BOILER,MW
2025-10-09 06:00:00,XY,12350.0,CE,IND_BOILER,MW
2025-10-10 07:00:00,XY,13350.0,CE,IND_BOILER,MW
2025-10-11 08:00:00,XY,13600.0,CE,IND_BOILER,MW
2025-10-12 09:00:00,XY,12350.0,CE,IND_BOILER,MW
2025-10-13 10:00:00,XY,12600.0,CE,IND_BOILER,MW
2025-10-14 11:00:00,XY,14850.0,CE,IND_BOILER,MW
2025-10-15 12:00:00,XY,15100.0,CE,IND_BOILER,MW
2025-10-16 13:00:00,XY,15600.0,CE,IND_BOILER,MW
2025-10-17 14:00:00,XY,15475.0,CE,IND_BOILER,MW
2025-10-18 15:00:00,XY,14725.0,CE,IND_BOILER,MW
2025-10-19 16:00:00,XY,12350.0,CE,IND_BOILER,MW
2025-10-20 17:00:00,XY,12600.0,CE,IND_BOILER,MW
2025-10-21 18:00:00,XY,14850.0,CE,IND_BOILER,MW
2025-10-22 19:00:00,XY,15100.0,CE,IND_BOILER,MW
2025-10-23 20:00:00,XY,15600.0,CE,IND_BOILER,MW
2025-10-24 21:00:00,XY,15350.0,CE,IND_BOILER,MW
2025-10-25 22:00:00,XY,14725.0,CE,IND_BOILER,MW
2025-10-26 23:00:00,XY,12350.0,CE,IND_BOILER,MW
2025-10-28 00:00:00,XY,12600.0,CE,IND_BOILER,MW
2025-10-29 01:00:00,XY,12600.0,CE,IND_BOILER,MW
2025-10-30 02:00:00,XY,12225.0,CE,IND_BOILER,MW
2025-10-31 03:00:00,XY,12058.0,CE,IND_BOILER,MW
2025-11-01 04:00:00,XY,11652.0,CE,IND_BOILER,MW
2025-11-02 05:00:00,XY,10875.0,CE,IND_BOILER,MW
2025-11-03 06:00:00,XY,11594.0,CE,IND_BOILER,MW
2025-11-04 07:00:00,XY,12600.0,CE,IND_BOILER,MW
2025-11-05 08:00:00,XY,13600.0,CE,IND_BOILER,MW
2025-11-06 09:00:00,XY,14850.0,CE,IND_BOILER,MW
2025-11-07 10:00:00,XY,15350.0,CE,IND_BOILER,MW
2025-11-08 11:00:00,XY,14725.0,CE,IND_BOILER,MW
2025-11-09 12:00:00,XY,12350.0,CE,IND_BOILER,MW
2025-11-10 13:00:00,XY,12600.0,CE,IND_BOILER,MW
2025-11-11 14:00:00,XY,14850.0,CE,IND_BOILER,MW
2025-11-12 15:00:00,XY,15100.0,CE,IND_BOILER,MW
2025-11-13 16:00:00,XY,15600.0,CE,IND_BOILER,MW
2025-11-14 17:00:00,XY,15475.0,CE,IND_BOILER,MW
2025-11-15 18:00:00,XY,14725.0,CE,IND_BOILER,MW
2025-11-16 19:00:00,XY,12350.0,CE,IND_BOILER,MW
2025-11-17 20:00:00,XY,12600.0,CE,IND_BOILER,MW
2025-11-18 21:00:00,XY,14850.0,CE,IND_BOILER,MW
2025-11-19 22:00:00,XY,15100.0,CE,IND_BOILER,MW
2025-11-20 23:00:00,XY,15600.0,CE,IND_BOILER,MW
2025-11-22 00:00:00,XY,14475.0,CE,IND_BOILER,MW
2025-11-23 01:00:00,XY,12350.0,CE,IND_BOILER,MW
2025-11-24 02:00:00,XY,11652.0,CE,IND_BOILER,MW
2025-11-25 03:00:00,XY,11375.0,CE,IND_BOILER,MW
2025-11-26 04:00:00,XY,11652.0,CE,IND_BOILER,MW
2025-11-27 05:00:00,XY,12000.0,CE,IND_BOILER,MW
2025-11-28 06:00:00,XY,12600.0,CE,IND_BOILER,MW
2025-11-29 07:00:00,XY,12850.0,CE,IND_BOILER,MW
2025-11-30 08:00:00,XY,12350.0,CE,IND_BOILER,MW
2025-12-01 09:00:00,XY,12725.0,CE,IND_BOILER,MW
2025-12-02 10:00:00,XY,14850.0,CE,IND_BOILER,MW
2025-12-03 11:00:00,XY,15225.0,CE,IND_BOILER,MW
2025-12-04 12:00:00,XY,15725.0,CE,IND_BOILER,MW
2025-12-05 13:00:00,XY,15600.0,CE,IND_BOILER,MW
2025-12-06 14:00:00,XY,14850.0,CE,IND_BOILER,MW
2025-12-07 15:00:00,XY,12475.0,CE,IND_BOILER,MW
2025-12-08 16:00:00,XY,12725.0,CE,IND_BOILER,MW
2025-12-09 17:00:00,XY,14975.0,CE,IND_BOILER,MW
2025-12-10 18:00:00,XY,15225.0,CE,IND_BOILER,MW
2025-12-11 19:00:00,XY,15725.0,CE,IND_BOILER,MW
2025-12-12 20:00:00,XY,15600.0,CE,IND_BOILER,MW
2025-12-13 21:00:00,XY,14850.0,CE,IND_BOILER,MW
2025-12-14 22:00:00,XY,12475.0,CE,IND_BOILER,MW
2025-12-15 23:00:00,XY,12725.0,CE,IND_BOILER,MW
2025-12-17 00:00:00,XY,14350.0,CE,IND_BOILER,MW
2025-12-18 01:00:00,XY,13225.0,CE,IND_BOILER,MW
2025-12-19 02:00:00,XY,12725.0,CE,IND_BOILER,MW
2025-12-20 03:00:00,XY,11884.0,CE,IND_BOILER,MW
2025-12-21 04:00:00,XY,11500.0,CE,IND_BOILER,MW
2025-12-22 05:00:00,XY,11250.0,CE,IND_BOILER,MW
2025-12-23 06:00:00,XY,12058.0,CE,IND_BOILER,MW
2025-12-24 07:00:00,XY,12850.0,CE,IND_BOILER,MW
2025-12-25 08:00:00,XY,14225.0,CE,IND_BOILER,MW
2025-12-26 09:00:00,XY,15225.0,CE,IND_BOILER,MW
2025-12-27 10:00:00,XY,14850.0,CE,IND_BOILER,MW
2025-12-28 11:00:00,XY,12475.0,CE,IND_BOILER,MW
2025-12-29 12:00:00,XY,12725.0,CE,IND_BOILER,MW
2025-12-30 13:00:00,XY,15100.0,CE,IND_BOILER,MW
2025-12-31 14:00:00,XY,15350.0,CE,IND_BOILER,MW
2026-01-01 15:00:00,XY,15794.0,CE,IND_BOILER,MW
2025-01-01 00:00:00,XY,50.0,NR,EIDT,MW
2025-01-02 01:00:00,XY,50.0,NR,EIDT,MW
2025-01-03 02:00:00,XY,50.0,NR,EIDT,MW
2025-01-04 03:00:00,XY,50.0,NR,EIDT,MW
2025-01-05 04:00:00,XY,50.0,NR,EIDT,MW
2025-01-06 05:00:00,XY,50.0,NR,EIDT,MW
2025-01-07 06:00:00,XY,50.0,NR,EIDT,MW
2025-01-08 07:00:00,XY,50.0,NR,EIDT,MW
2025-01-09 08:00:00,XY,50.0,NR,EIDT,MW
2025-01-10 09:00:00,XY,50.0,NR,EIDT,MW
2025-01-11 10:00:00,XY,50.0,NR,EIDT,MW
2025-01-12 11:00:00,XY,50.0,NR,EIDT,MW
2025-01-13 12:00:00,XY,50.0,NR,EIDT,MW
2025-01-14 13:00:00,XY,50.0,NR,EIDT,MW
2025-01-15 14:00:00,XY,50.0,NR,EIDT,MW
2025-01-16 15:00:00,XY,50.0,NR,EIDT,MW
2025-01-17 16:00:00,XY,50.0,NR,EIDT,MW
2025-01-18 17:00:00,XY,50.0,NR,EIDT,MW
2025-01-19 18:00:00,XY,50.0,NR,EIDT,MW
2025-01-20 19:00:00,XY,50.0,NR,EIDT,MW
2025-01-21 20:00:00,XY,50.0,NR,EIDT,MW
2025-01-22 21:00:00,XY,50.0,NR,EIDT,MW
2025-01-23 22:00:00,XY,50.0,NR,EIDT,MW
2025-01-24 23:00:00,XY,50.0,NR,EIDT,MW
2025-01-26 00:00:00,XY,50.0,NR,EIDT,MW
2025-01-27 01:00:00,XY,50.0,NR,EIDT,MW
2025-01-28 02:00:00,XY,50.0,NR,EIDT,MW
2025-01-29 03:00:00,XY,50.0,NR,EIDT,MW
2025-01-30 04:00:00,XY,50.0,NR,EIDT,MW
2025-01-31 05:00:00,XY,50.0,NR,EIDT,MW
2025-02-01 06:00:00,XY,50.0,NR,EIDT,MW
2025-02-02 07:00:00,XY,50.0,NR,EIDT,MW
2025-02-03 08:00:00,XY,50.0,NR,EIDT,MW
2025-02-04 09:00:00,XY,50.0,NR,EIDT,MW
2025-02-05 10:00:00,XY,50.0,NR,EIDT,MW
2025-02-06 11:00:00,XY,50.0,NR,EIDT,MW
2025-02-07 12:00:00,XY,50.0,NR,EIDT,MW
2025-02-08 13:00:00,XY,50.0,NR,EIDT,MW
2025-02-09 14:00:00,XY,50.0,NR,EIDT,MW
2025-02-10 15:00:00,XY,50.0,NR,EIDT,MW
2025-02-11 16:00:00,XY,50.0,NR,EIDT,MW
2025-02-12 17:00:00,XY,50.0,NR,EIDT,MW
2025-02-13 18:00:00,XY,50.0,NR,EIDT,MW
2025-02-14 19:00:00,XY,50.0,NR,EIDT,MW
2025-02-15 20:00:00,XY,50.0,NR,EIDT,MW
2025-02-16 21:00:00,XY,50.0,NR,EIDT,MW
2025-02-17 22:00:00,XY,50.0,NR,EIDT,MW
2025-02-18 23:00:00,XY,50.0,NR,EIDT,MW
2025-02-20 00:00:00,XY,50.0,NR,EIDT,MW
2025-02-21 01:00:00,XY,50.0,NR,EIDT,MW
2025-02-22 02:00:00,XY,50.0,NR,EIDT,MW
2025-02-23 03:00:00,XY,50.0,NR,EIDT,MW
2025-02-24 04:00:00,XY,50.0,NR,EIDT,MW
2025-02-25 05:00:00,XY,50.0,NR,EIDT,MW
2025-02-26 06:00:00,XY,50.0,NR,EIDT,MW
2025-02-27 07:00:00,XY,50.0,NR,EIDT,MW
2025-02-28 08:00:00,XY,50.0,NR,EIDT,MW
2025-03-01 09:00:00,XY,50.0,NR,EIDT,MW
2025-03-02 10:00:00,XY,50.0,NR,EIDT,MW
2025-03-03 11:00:00,XY,50.0,NR,EIDT,MW
2025-03-04 12:00:00,XY,50.0,NR,EIDT,MW
2025-03-05 13:00:00,XY,50.0,NR,EIDT,MW
2025-03-06 14:00:00,XY,50.0,NR,EIDT,MW
2025-03-07 15:00:00,XY,50.0,NR,EIDT,MW
2025-03-08 16:00:00,XY,50.0,NR,EIDT,MW
2025-03-09 17:00:00,XY,50.0,NR,EIDT,MW
2025-03-10 18:00:00,XY,50.0,NR,EIDT,MW
2025-03-11 19:00:00,XY,50.0,NR,EIDT,MW
2025-03-12 20:00:00,XY,50.0,NR,EIDT,MW
2025-03-13 21:00:00,XY,50.0,NR,EIDT,MW
2025-03-14 22:00:00,XY,50.0,NR,EIDT,MW
2025-03-15 23:00:00,XY,50.0,NR,EIDT,MW
2025-03-17 00:00:00,XY,50.0,NR,EIDT,MW
2025-03-18 01:00:00,XY,50.0,NR,EIDT,MW
2025-03-19 02:00:00,XY,50.0,NR,EIDT,MW
2025-03-20 03:00:00,XY,50.0,NR,EIDT,MW
2025-03-21 04:00:00,XY,50.0,NR,EIDT,MW
2025-03-22 05:00:00,XY,50.0,NR,EIDT,MW
2025-03-23 06:00:00,XY,50.0,NR,EIDT,MW
2025-03-24 07:00:00,XY,50.0,NR,EIDT,MW
2025-03-25 08:00:00,XY,50.0,NR,EIDT,MW
2025-03-26 09:00:00,XY,50.0,NR,EIDT,MW
2025-03-27 10:00:00,XY,50.0,NR,EIDT,MW
2025-03-28 11:00:00,XY,50.0,NR,EIDT,MW
2025-03-29 12:00:00,XY,50.0,NR,EIDT,MW
2025-03-30 13:00:00,XY,50.0,NR,EIDT,MW
2025-03-31 14:00:00,XY,50.0,NR,EIDT,MW
2025-04-01 15:00:00,XY,50.0,NR,EIDT,MW
2025-04-02 16:00:00,XY,50.0,NR,EIDT,MW
2025-04-03 17:00:00,XY,50.0,NR,EIDT,MW
2025-04-04 18:00:00,XY,50.0,NR,EIDT,MW
2025-04-05 19:00:00,XY,50.0,NR,EIDT,MW
2025-04-06 20:00:00,XY,50.0,NR,EIDT,MW
2025-04-07 21:00:00,XY,50.0,NR,EIDT,MW
2025-04-08 22:00:00,XY,50.0,NR,EIDT,MW
2025-04-09 23:00:00,XY,50.0,NR,EIDT,MW
2025-04-11 00:00:00,XY,50.0,NR,EIDT,MW
2025-04-12 01:00:00,XY,50.0,NR,EIDT,MW
2025-04-13 02:00:00,XY,50.0,NR,EIDT,MW
2025-04-14 03:00:00,XY,50.0,NR,EIDT,MW
2025-04-15 04:00:00,XY,50.0,NR,EIDT,MW
2025-04-16 05:00:00,XY,50.0,NR,EIDT,MW
2025-04-17 06:00:00,XY,50.0,NR,EIDT,MW
2025-04-18 07:00:00,XY,50.0,NR,EIDT,MW
2025-04-19 08:00:00,XY,50.0,NR,EIDT,MW
2025-04-20 09:00:00,XY,50.0,NR,EIDT,MW
2025-04-21 10:00:00,XY,50.0,NR,EIDT,MW
2025-04-22 11:00:00,XY,50.0,NR,EIDT,MW
2025-04-23 12:00:00,XY,50.0,NR,EIDT,MW
2025-04-24 13:00:00,XY,50.0,NR,EIDT,MW
2025-04-25 14:00:00,XY,50.0,NR,EIDT,MW
2025-04-26 15:00:00,XY,50.0,NR,EIDT,MW
2025-04-27 16:00:00,XY,50.0,NR,EIDT,MW
2025-04-28 17:00:00,XY,50.0,NR,EIDT,MW
2025-04-29 18:00:00,XY,50.0,NR,EIDT,MW
2025-04-30 19:00:00,XY,50.0,NR,EIDT,MW
2025-05-01 20:00:00,XY,50.0,NR,EIDT,MW
2025-05-02 21:00:00,XY,50.0,NR,EIDT,MW
2025-05-03 22:00:00,XY,50.0,NR,EIDT,MW
2025-05-04 23:00:00,XY,50.0,NR,EIDT,MW
2025-05-06 00:00:00,XY,50.0,NR,EIDT,MW
2025-05-07 01:00:00,XY,50.0,NR,EIDT,MW
2025-05-08 02:00:00,XY,50.0,NR,EIDT,MW
2025-05-09 03:00:00,XY,50.0,NR,EIDT,MW
2025-05-10 04:00:00,XY,50.0,NR,EIDT,MW
2025-05-11 05:00:00,XY,50.0,NR,EIDT,MW
2025-05-12 06:00:00,XY,50.0,NR,EIDT,MW
2025-05-13 07:00:00,XY,50.0,NR,EIDT,MW
2025-05-14 08:00:00,XY,50.0,NR,EIDT,MW
2025-05-15 09:00:00,XY,50.0,NR,EIDT,MW
2025-05-16 10:00:00,XY,50.0,NR,EIDT,MW
2025-05-17 11:00:00,XY,50.0,NR,EIDT,MW
2025-05-18 12:00:00,XY,50.0,NR,EIDT,MW
2025-05-19 13:00:00,XY,50.0,NR,EIDT,MW
2025-05-20 14:00:00,XY,50.0,NR,EIDT,MW
2025-05-21 15:00:00,XY,50.0,NR,EIDT,MW
2025-05-22 16:00:00,XY,50.0,NR,EIDT,MW
2025-05-23 17:00:00,XY,50.0,NR,EIDT,MW
2025-05-24 18:00:00,XY,50.0,NR,EIDT,MW
2025-05-25 19:00:00,XY,50.0,NR,EIDT,MW
2025-05-26 20:00:00,XY,50.0,NR,EIDT,MW
2025-05-27 21:00:00,XY,50.0,NR,EIDT,MW
2025-05-28 22:00:00,XY,50.0,NR,EIDT,MW
2025-05-29 23:00:00,XY,50.0,NR,EIDT,MW
2025-05-31 00:00:00,XY,50.0,NR,EIDT,MW
2025-06-01 01:00:00,XY,50.0,NR,EIDT,MW
2025-06-02 02:00:00,XY,50.0,NR,EIDT,MW
2025-06-03 03:00:00,XY,50.0,NR,EIDT,MW
2025-06-04 04:00:00,XY,50.0,NR,EIDT,MW
2025-06-05 05:00:00,XY,50.0,NR,EIDT,MW
2025-06-06 06:00:00,XY,50.0,NR,EIDT,MW
2025-06-07 07:00:00,XY,50.0,NR,EIDT,MW
2025-06-08 08:00:00,XY,50.0,NR,EIDT,MW
2025-06-09 09:00:00,XY,50.0,NR,EIDT,MW
2025-06-10 10:00:00,XY,50.0,NR,EIDT,MW
2025-06-11 11:00:00,XY,50.0,NR,EIDT,MW
2025-06-12 12:00:00,XY,50.0,NR,EIDT,MW
2025-06-13 13:00:00,XY,50.0,NR,EIDT,MW
2025-06-14 14:00:00,XY,50.0,NR,EIDT,MW
2025-06-15 15:00:00,XY,50.0,NR,EIDT,MW
2025-06-16 16:00:00,XY,50.0,NR,EIDT,MW
2025-06-17 17:00:00,XY,50.0,NR,EIDT,MW
2025-06-18 18:00:00,XY,50.0,NR,EIDT,MW
2025-06-19 19:00:00,XY,50.0,NR,EIDT,MW
2025-06-20 20:00:00,XY,50.0,NR,EIDT,MW
2025-06-21 21:00:00,XY,50.0,NR,EIDT,MW
2025-06-22 22:00:00,XY,50.0,NR,EIDT,MW
2025-06-23 23:00:00,XY,50.0,NR,EIDT,MW
2025-06-25 00:00:00,XY,50.0,NR,EIDT,MW
2025-06-26 01:00:00,XY,50.0,NR,EIDT,MW
2025-06-27 02:00:00,XY,50.0,NR,EIDT,MW
2025-06-28 03:00:00,XY,50.0,NR,EIDT,MW
2025-06-29 04:00:00,XY,50.0,NR,EIDT,MW
2025-06-30 05:00:00,XY,50.0,NR,EIDT,MW
2025-07-01 06:00:00,XY,50.0,NR,EIDT,MW
2025-07-02 07:00:00,XY,50.0,NR,EIDT,MW
2025-07-03 08:00:00,XY,50.0,NR,EIDT,MW
2025-07-04 09:00:00,XY,50.0,NR,EIDT,MW
2025-07-05 10:00:00,XY,50.0,NR,EIDT,MW
2025-07-06 11:00:00,XY,50.0,NR,EIDT,MW
2025-07-07 12:00:00,XY,50.0,NR,EIDT,MW
2025-07-08 13:00:00,XY,50.0,NR,EIDT,MW
2025-07-09 14:00:00,XY,50.0,NR,EIDT,MW
2025-07-10 15:00:00,XY,50.0,NR,EIDT,MW
2025-07-11 16:00:00,XY,50.0,NR,EIDT,MW
2025-07-12 17:00:00,XY,50.0,NR,EIDT,MW
2025-07-13 18:00:00,XY,50.0,NR,EIDT,MW
2025-07-14 19:00:00,XY,50.0,NR,EIDT,MW
2025-07-15 20:00:00,XY,50.0,NR,EIDT,MW
2025-07-16 21:00:00,XY,50.0,NR,EIDT,MW
2025-07-17 22:00:00,XY,50.0,NR,EIDT,MW
2025-07-18 23:00:00,XY,50.0,NR,EIDT,MW
2025-07-20 00:00:00,XY,50.0,NR,EIDT,MW
2025-07-21 01:00:00,XY,50.0,NR,EIDT,MW
2025-07-22 02:00:00,XY,50.0,NR,EIDT,MW
2025-07-23 03:00:00,XY,50.0,NR,EIDT,MW
2025-07-24 04:00:00,XY,50.0,NR,EIDT,MW
2025-07-25 05:00:00,XY,50.0,NR,EIDT,MW
2025-07-26 06:00:00,XY,50.0,NR,EIDT,MW
2025-07-27 07:00:00,XY,50.0,NR,EIDT,MW
2025-07-28 08:00:00,XY,50.0,NR,EIDT,MW
2025-07-29 09:00:00,XY,50.0,NR,EIDT,MW
2025-07-30 10:00:00,XY,50.0,NR,EIDT,MW
2025-07-31 11:00:00,XY,50.0,NR,EIDT,MW
2025-08-01 12:00:00,XY,50.0,NR,EIDT,MW
2025-08-02 13:00:00,XY,50.0,NR,EIDT,MW
2025-08-03 14:00:00,XY,50.0,NR,EIDT,MW
2025-08-04 15:00:00,XY,50.0,NR,EIDT,MW
2025-08-05 16:00:00,XY,50.0,NR,EIDT,MW
2025-08-06 17:00:00,XY,50.0,NR,EIDT,MW
2025-08-07 18:00:00,XY,50.0,NR,EIDT,MW
2025-08-08 19:00:00,XY,50.0,NR,EIDT,MW
2025-08-09 20:00:00,XY,50.0,NR,EIDT,MW
2025-08-10 21:00:00,XY,50.0,NR,EIDT,MW
2025-08-11 22:00:00,XY,50.0,NR,EIDT,MW
2025-08-12 23:00:00,XY,50.0,NR,EIDT,MW
2025-08-14 00:00:00,XY,50.0,NR,EIDT,MW
2025-08-15 01:00:00,XY,50.0,NR,EIDT,MW
2025-08-16 02:00:00,XY,50.0,NR,EIDT,MW
2025-08-17 03:00:00,XY,50.0,NR,EIDT,MW
2025-08-18 04:00:00,XY,50.0,NR,EIDT,MW
2025-08-19 05:00:00,XY,50.0,NR,EIDT,MW
2025-08-20 06:00:00,XY,50.0,NR,EIDT,MW
2025-08-21 07:00:00,XY,50.0,NR,EIDT,MW
2025-08-22 08:00:00,XY,50.0,NR,EIDT,MW
2025-08-23 09:00:00,XY,50.0,NR,EIDT,MW
2025-08-24 10:00:00,XY,50.0,NR,EIDT,MW
2025-08-25 11:00:00,XY,50.0,NR,EIDT,MW
2025-08-26 12:00:00,XY,50.0,NR,EIDT,MW
2025-08-27 13:00:00,XY,50.0,NR,EIDT,MW
2025-08-28 14:00:00,XY,50.0,NR,EIDT,MW
2025-08-29 15:00:00,XY,50.0,NR,EIDT,MW
2025-08-30 16:00:00,XY,50.0,NR,EIDT,MW
2025-08-31 17:00:00,XY,50.0,NR,EIDT,MW
2025-09-01 18:00:00,XY,50.0,NR,EIDT,MW
2025-09-02 19:00:00,XY,50.0,NR,EIDT,MW
2025-09-03 20:00:00,XY,50.0,NR,EIDT,MW
2025-09-04 21:00:00,XY,50.0,NR,EIDT,MW
2025-09-05 22:00:00,XY,50.0,NR,EIDT,MW
2025-09-06 23:00:00,XY,50.0,NR,EIDT,MW
2025-09-08 00:00:00,XY,50.0,NR,EIDT,MW
2025-09-09 01:00:00,XY,50.0,NR,EIDT,MW
2025-09-10 02:00:00,XY,50.0,NR,EIDT,MW
2025-09-11 03:00:00,XY,50.0,NR,EIDT,MW
2025-09-12 04:00:00,XY,50.0,NR,EIDT,MW
2025-09-13 05:00:00,XY,50.0,NR,EIDT,MW
2025-09-14 06:00:00,XY,50.0,NR,EIDT,MW
2025-09-15 07:00:00,XY,50.0,NR,EIDT,MW
2025-09-16 08:00:00,XY,50.0,NR,EIDT,MW
2025-09-17 09:00:00,XY,50.0,NR,EIDT,MW
2025-09-18 10:00:00,XY,50.0,NR,EIDT,MW
2025-09-19 11:00:00,XY,50.0,NR,EIDT,MW
2025-09-20 12:00:00,XY,50.0,NR,EIDT,MW
2025-09-21 13:00:00,XY,50.0,NR,EIDT,MW
2025-09-22 14:00:00,XY,50.0,NR,EIDT,MW
2025-09-23 15:00:00,XY,50.0,NR,EIDT,MW
2025-09-24 16:00:00,XY,50.0,NR,EIDT,MW
2025-09-25 17:00:00,XY,50.0,NR,EIDT,MW
2025-09-26 18:00:00,XY,50.0,NR,EIDT,MW
2025-09-27 19:00:00,XY,50.0,NR,EIDT,MW
2025-09-28 20:00:00,XY,50.0,NR,EIDT,MW
2025-09-29 21:00:00,XY,50.0,NR,EIDT,MW
2025-09-30 22:00:00,XY,50.0,NR,EIDT,MW
2025-10-01 23:00:00,XY,50.0,NR,EIDT,MW
2025-10-03 00:00:00,XY,50.0,NR,EIDT,MW
2025-10-04 01:00:00,XY,50.0,NR,EIDT,MW
2025-10-05 02:00:00,XY,50.0,NR,EIDT,MW
2025-10-06 03:00:00,XY,50.0,NR,EIDT,MW
2025-10-07 04:00:00,XY,50.0,NR,EIDT,MW
2025-10-08 05:00:00,XY,50.0,NR,EIDT,MW
2025-10-09 06:00:00,XY,50.0,NR,EIDT,MW
2025-10-10 07:00:00,XY,50.0,NR,EIDT,MW
2025-10-11 08:00:00,XY,50.0,NR,EIDT,MW
2025-10-12 09:00:00,XY,50.0,NR,EIDT,MW
2025-10-13 10:00:00,XY,50.0,NR,EIDT,MW
2025-10-14 11:00:00,XY,50.0,NR,EIDT,MW
2025-10-15 12:00:00,XY,50.0,NR,EIDT,MW
2025-10-16 13:00:00,XY,50.0,NR,EIDT,MW
2025-10-17 14:00:00,XY,50.0,NR,EIDT,MW
2025-10-18 15:00:00,XY,50.0,NR,EIDT,MW
2025-10-19 16:00:00,XY,50.0,NR,EIDT,MW
2025-10-20 17:00:00,XY,50.0,NR,EIDT,MW
2025-10-21 18:00:00,XY,50.0,NR,EIDT,MW
2025-10-22 19:00:00,XY,50.0,NR,EIDT,MW
2025-10-23 20:00:00,XY,50.0,NR,EIDT,MW
2025-10-24 21:00:00,XY,50.0,NR,EIDT,MW
2025-10-25 22:00:00,XY,50.0,NR,EIDT,MW
2025-10-26 23:00:00,XY,50.0,NR,EIDT,MW
2025-10-28 00:00:00,XY,50.0,NR,EIDT,MW
2025-10-29 01:00:00,XY,50.0,NR,EIDT,MW
2025-10-30 02:00:00,XY,50.0,NR,EIDT,MW
2025-10-31 03:00:00,XY,50.0,NR,EIDT,MW
2025-11-01 04:00:00,XY,50.0,NR,EIDT,MW
2025-11-02 05:00:00,XY,50.0,NR,EIDT,MW
2025-11-03 06:00:00,XY,50.0,NR,EIDT,MW
2025-11-04 07:00:00,XY,50.0,NR,EIDT,MW
2025-11-05 08:00:00,XY,50.0,NR,EIDT,MW
2025-11-06 09:00:00,XY,50.0,NR,EIDT,MW
2025-11-07 10:00:00,XY,50.0,NR,EIDT,MW
2025-11-08 11:00:00,XY,50.0,NR,EIDT,MW
2025-11-09 12:00:00,XY,50.0,NR,EIDT,MW
2025-11-10 13:00:00,XY,50.0,NR,EIDT,MW
2025-11-11 14:00:00,XY,50.0,NR,EIDT,MW
2025-11-12 15:00:00,XY,50.0,NR,EIDT,MW
2025-11-13 16:00:00,XY,50.0,NR,EIDT,MW
2025-11-14 17:00:00,XY,50.0,NR,EIDT,MW
2025-11-15 18:00:00,XY,50.0,NR,EIDT,MW
2025-11-16 19:00:00,XY,50.0,NR,EIDT,MW
2025-11-17 20:00:00,XY,50.0,NR,EIDT,MW
2025-11-18 21:00:00,XY,50.0,NR,EIDT,MW
2025-11-19 22:00:00,XY,50.0,NR,EIDT,MW
2025-11-20 23:00:00,XY,50.0,NR,EIDT,MW
2025-11-22 00:00:00,XY,50.0,NR,EIDT,MW
2025-11-23 01:00:00,XY,50.0,NR,EIDT,MW
2025-11-24 02:00:00,XY,50.0,NR,EIDT,MW
2025-11-25 03:00:00,XY,50.0,NR,EIDT,MW
2025-11-26 04:00:00,XY,50.0,NR,EIDT,MW
2025-11-27 05:00:00,XY,50.0,NR,EIDT,MW
2025-11-28 06:00:00,XY,50.0,NR,EIDT,MW
2025-11-29 07:00:00,XY,50.0,NR,EIDT,MW
2025-11-30 08:00:00,XY,50.0,NR,EIDT,MW
2025-12-01 09:00:00,XY,50.0,NR,EIDT,MW
2025-12-02 10:00:00,XY,50.0,NR,EIDT,MW
2025-12-03 11:00:00,XY,50.0,NR,EIDT,MW
2025-12-04 12:00:00,XY,50.0,NR,EIDT,MW
2025-12-05 13:00:00,XY,50.0,NR,EIDT,MW
2025-12-06 14:00:00,XY,50.0,NR,EIDT,MW
2025-12-07 15:00:00,XY,50.0,NR,EIDT,MW
2025-12-08 16:00:00,XY,50.0,NR,EIDT,MW
2025-12-09 17:00:00,XY,50.0,NR,EIDT,MW
2025-12-10 18:00:00,XY,50.0,NR,EIDT,MW
2025-12-11 19:00:00,XY,50.0,NR,EIDT,MW
2025-12-12 20:00:00,XY,50.0,NR,EIDT,MW
2025-12-13 21:00:00,XY,50.0,NR,EIDT,MW
2025-12-14 22:00:00,XY,50.0,NR,EIDT,MW
2025-12-15 23:00:00,XY,50.0,NR,EIDT,MW
2025-12-17 00:00:00,XY,50.0,NR,EIDT,MW
2025-12-18 01:00:00,XY,50.0,NR,EIDT,MW
2025-12-19 02:00:00,XY,50.0,NR,EIDT,MW
2025-12-20 03:00:00,XY,50.0,NR,EIDT,MW
2025-12-21 04:00:00,XY,50.0,NR,EIDT,MW
2025-12-22 05:00:00,XY,50.0,NR,EIDT,MW
2025-12-23 06:00:00,XY,50.0,NR,EIDT,MW
2025-12-24 07:00:00,XY,50.0,NR,EIDT,MW
2025-12-25 08:00:00,XY,50.0,NR,EIDT,MW
2025-12-26 09:00:00,XY,50.0,NR,EIDT,MW
2025-12-27 10:00:00,XY,50.0,NR,EIDT,MW
2025-12-28 11:00:00,XY,50.0,NR,EIDT,MW
2025-12-29 12:00:00,XY,50.0,NR,EIDT,MW
2025-12-30 13:00:00,XY,50.0,NR,EIDT,MW
2025-12-31 14:00:00,XY,50.0,NR,EIDT,MW
2026-01-01 15:00:00,XY,50.0,NR,EIDT,MW
2025-01-01 00:00:00,XY,1945.2,NR,IND_BOILER,MW
2025-01-02 01:00:00,XY,1893.6,NR,IND_BOILER,MW
2025-01-03 02:00:00,XY,1824.8,NR,IND_BOILER,MW
2025-01-04 03:00:00,XY,1807.6,NR,IND_BOILER,MW
2025-01-05 04:00:00,XY,1756.0,NR,IND_BOILER,MW
2025-01-06 05:00:00,XY,1790.4,NR,IND_BOILER,MW
2025-01-07 06:00:00,XY,1910.8,NR,IND_BOILER,MW
2025-01-08 07:00:00,XY,2014.0,NR,IND_BOILER,MW
2025-01-09 08:00:00,XY,2082.8,NR,IND_BOILER,MW
2025-01-10 09:00:00,XY,2065.6,NR,IND_BOILER,MW
2025-01-11 10:00:00,XY,2014.0,NR,IND_BOILER,MW
2025-01-12 11:00:00,XY,1876.4,NR,IND_BOILER,MW
2025-01-13 12:00:00,XY,1910.8,NR,IND_BOILER,MW
2025-01-14 13:00:00,XY,2065.6,NR,IND_BOILER,MW
2025-01-15 14:00:00,XY,2100.0,NR,IND_BOILER,MW
2025-01-16 15:00:00,XY,2237.6,NR,IND_BOILER,MW
2025-01-17 16:00:00,XY,2134.4,NR,IND_BOILER,MW
2025-01-18 17:00:00,XY,1790.4,NR,IND_BOILER,MW
2025-01-19 18:00:00,XY,1824.8,NR,IND_BOILER,MW
2025-01-20 19:00:00,XY,2151.6,NR,IND_BOILER,MW
2025-01-21 20:00:00,XY,2186.0,NR,IND_BOILER,MW
2025-01-22 21:00:00,XY,2254.8,NR,IND_BOILER,MW
2025-01-23 22:00:00,XY,2237.6,NR,IND_BOILER,MW
2025-01-24 23:00:00,XY,2014.0,NR,IND_BOILER,MW
2025-01-26 00:00:00,XY,1738.8,NR,IND_BOILER,MW
2025-01-27 01:00:00,XY,1635.6,NR,IND_BOILER,MW
2025-01-28 02:00:00,XY,1652.8,NR,IND_BOILER,MW
2025-01-29 03:00:00,XY,1687.2,NR,IND_BOILER,MW
2025-01-30 04:00:00,XY,1756.0,NR,IND_BOILER,MW
2025-01-31 05:00:00,XY,1738.8,NR,IND_BOILER,MW
2025-02-01 06:00:00,XY,1721.6,NR,IND_BOILER,MW
2025-02-02 07:00:00,XY,1842.0,NR,IND_BOILER,MW
2025-02-03 08:00:00,XY,2082.8,NR,IND_BOILER,MW
2025-02-04 09:00:00,XY,2186.0,NR,IND_BOILER,MW
2025-02-05 10:00:00,XY,2272.0,NR,IND_BOILER,MW
2025-02-06 11:00:00,XY,2254.8,NR,IND_BOILER,MW
2025-02-07 12:00:00,XY,2151.6,NR,IND_BOILER,MW
2025-02-08 13:00:00,XY,1805.6,NR,IND_BOILER,MW
2025-02-09 14:00:00,XY,1842.0,NR,IND_BOILER,MW
2025-02-10 15:00:00,XY,2168.8,NR,IND_BOILER,MW
2025-02-11 16:00:00,XY,2203.2,NR,IND_BOILER,MW
2025-02-12 17:00:00,XY,2272.0,NR,IND_BOILER,MW
2025-02-13 18:00:00,XY,2254.8,NR,IND_BOILER,MW
2025-02-14 19:00:00,XY,2151.6,NR,IND_BOILER,MW
2025-02-15 20:00:00,XY,1807.6,NR,IND_BOILER,MW
2025-02-16 21:00:00,XY,1842.0,NR,IND_BOILER,MW
2025-02-17 22:00:00,XY,2168.8,NR,IND_BOILER,MW
2025-02-18 23:00:00,XY,2117.2,NR,IND_BOILER,MW
2025-02-20 00:00:00,XY,1962.4,NR,IND_BOILER,MW
2025-02-21 01:00:00,XY,1756.0,NR,IND_BOILER,MW
2025-02-22 02:00:00,XY,1601.2,NR,IND_BOILER,MW
2025-02-23 03:00:00,XY,1498.0,NR,IND_BOILER,MW
2025-02-24 04:00:00,XY,1549.6,NR,IND_BOILER,MW
2025-02-25 05:00:00,XY,1721.6,NR,IND_BOILER,MW
2025-02-26 06:00:00,XY,1910.8,NR,IND_BOILER,MW
2025-02-27 07:00:00,XY,2065.6,NR,IND_BOILER,MW
2025-02-28 08:00:00,XY,2082.8,NR,IND_BOILER,MW
2025-03-01 09:00:00,XY,1790.4,NR,IND_BOILER,MW
2025-03-02 10:00:00,XY,1824.8,NR,IND_BOILER,MW
2025-03-03 11:00:00,XY,2151.6,NR,IND_BOILER,MW
2025-03-04 12:00:00,XY,2168.8,NR,IND_BOILER,MW
2025-03-05 13:00:00,XY,2254.8,NR,IND_BOILER,MW
2025-03-06 14:00:00,XY,2220.4,NR,IND_BOILER,MW
2025-03-07 15:00:00,XY,2117.2,NR,IND_BOILER,MW
2025-03-08 16:00:00,XY,1790.4,NR,IND_BOILER,MW
2025-03-09 17:00:00,XY,1824.8,NR,IND_BOILER,MW
2025-03-10 18:00:00,XY,2134.4,NR,IND_BOILER,MW
2025-03-11 19:00:00,XY,2168.8,NR,IND_BOILER,MW
2025-03-12 20:00:00,XY,2237.6,NR,IND_BOILER,MW
2025-03-13 21:00:00,XY,2220.4,NR,IND_BOILER,MW
2025-03-14 22:00:00,XY,2117.2,NR,IND_BOILER,MW
2025-03-15 23:00:00,XY,1773.2,NR,IND_BOILER,MW
2025-03-17 00:00:00,XY,1738.8,NR,IND_BOILER,MW
2025-03-18 01:00:00,XY,1704.4,NR,IND_BOILER,MW
2025-03-19 02:00:00,XY,1687.2,NR,IND_BOILER,MW
2025-03-20 03:00:00,XY,1687.2,NR,IND_BOILER,MW
2025-03-21 04:00:00,XY,1635.6,NR,IND_BOILER,MW
2025-03-22 05:00:00,XY,1566.8,NR,IND_BOILER,MW
2025-03-23 06:00:00,XY,1704.4,NR,IND_BOILER,MW
2025-03-24 07:00:00,XY,1928.0,NR,IND_BOILER,MW
2025-03-25 08:00:00,XY,2065.6,NR,IND_BOILER,MW
2025-03-26 09:00:00,XY,2203.2,NR,IND_BOILER,MW
2025-03-27 10:00:00,XY,2203.2,NR,IND_BOILER,MW
2025-03-28 11:00:00,XY,2100.0,NR,IND_BOILER,MW
2025-03-29 12:00:00,XY,1773.2,NR,IND_BOILER,MW
2025-03-30 13:00:00,XY,1807.6,NR,IND_BOILER,MW
2025-03-31 14:00:00,XY,2117.2,NR,IND_BOILER,MW
2025-04-01 15:00:00,XY,2151.6,NR,IND_BOILER,MW
2025-04-02 16:00:00,XY,2220.4,NR,IND_BOILER,MW
2025-04-03 17:00:00,XY,2203.2,NR,IND_BOILER,MW
2025-04-04 18:00:00,XY,2100.0,NR,IND_BOILER,MW
2025-04-05 19:00:00,XY,1756.0,NR,IND_BOILER,MW
2025-04-06 20:00:00,XY,1790.4,NR,IND_BOILER,MW
2025-04-07 21:00:00,XY,2117.2,NR,IND_BOILER,MW
2025-04-08 22:00:00,XY,2134.4,NR,IND_BOILER,MW
2025-04-09 23:00:00,XY,2117.2,NR,IND_BOILER,MW
2025-04-11 00:00:00,XY,1842.0,NR,IND_BOILER,MW
2025-04-12 01:00:00,XY,1635.6,NR,IND_BOILER,MW
2025-04-13 02:00:00,XY,1498.0,NR,IND_BOILER,MW
2025-04-14 03:00:00,XY,1480.8,NR,IND_BOILER,MW
2025-04-15 04:00:00,XY,1601.2,NR,IND_BOILER,MW
2025-04-16 05:00:00,XY,1756.0,NR,IND_BOILER,MW
2025-04-17 06:00:00,XY,1893.6,NR,IND_BOILER,MW
2025-04-18 07:00:00,XY,1928.0,NR,IND_BOILER,MW
2025-04-19 08:00:00,XY,1756.0,NR,IND_BOILER,MW
2025-04-20 09:00:00,XY,1790.4,NR,IND_BOILER,MW
2025-04-21 10:00:00,XY,2100.0,NR,IND_BOILER,MW
2025-04-22 11:00:00,XY,2134.4,NR,IND_BOILER,MW
2025-04-23 12:00:00,XY,2203.2,NR,IND_BOILER,MW
2025-04-24 13:00:00,XY,2186.0,NR,IND_BOILER,MW
2025-04-25 14:00:00,XY,2082.8,NR,IND_BOILER,MW
2025-04-26 15:00:00,XY,1756.0,NR,IND_BOILER,MW
2025-04-27 16:00:00,XY,1790.4,NR,IND_BOILER,MW
2025-04-28 17:00:00,XY,2100.0,NR,IND_BOILER,MW
2025-04-29 18:00:00,XY,2134.4,NR,IND_BOILER,MW
2025-04-30 19:00:00,XY,2203.2,NR,IND_BOILER,MW
2025-05-01 20:00:00,XY,2168.8,NR,IND_BOILER,MW
2025-05-02 21:00:00,XY,2082.8,NR,IND_BOILER,MW
2025-05-03 22:00:00,XY,1738.8,NR,IND_BOILER,MW
2025-05-04 23:00:00,XY,1790.4,NR,IND_BOILER,MW
2025-05-06 00:00:00,XY,1790.4,NR,IND_BOILER,MW
2025-05-07 01:00:00,XY,1738.8,NR,IND_BOILER,MW
2025-05-08 02:00:00,XY,1704.4,NR,IND_BOILER,MW
2025-05-09 03:00:00,XY,1584.0,NR,IND_BOILER,MW
2025-05-10 04:00:00,XY,1463.6,NR,IND_BOILER,MW
2025-05-11 05:00:00,XY,1566.8,NR,IND_BOILER,MW
2025-05-12 06:00:00,XY,1773.2,NR,IND_BOILER,MW
2025-05-13 07:00:00,XY,1910.8,NR,IND_BOILER,MW
2025-05-14 08:00:00,XY,2100.0,NR,IND_BOILER,MW
2025-05-15 09:00:00,XY,2168.8,NR,IND_BOILER,MW
2025-05-16 10:00:00,XY,2065.6,NR,IND_BOILER,MW
2025-05-17 11:00:00,XY,1738.8,NR,IND_BOILER,MW
2025-05-18 12:00:00,XY,1773.2,NR,IND_BOILER,MW
2025-05-19 13:00:00,XY,2082.8,NR,IND_BOILER,MW
2025-05-20 14:00:00,XY,2117.2,NR,IND_BOILER,MW
2025-05-21 15:00:00,XY,2186.0,NR,IND_BOILER,MW
2025-05-22 16:00:00,XY,2168.8,NR,IND_BOILER,MW
2025-05-23 17:00:00,XY,2065.6,NR,IND_BOILER,MW
2025-05-24 18:00:00,XY,1738.8,NR,IND_BOILER,MW
2025-05-25 19:00:00,XY,1773.2,NR,IND_BOILER,MW
2025-05-26 20:00:00,XY,2082.8,NR,IND_BOILER,MW
2025-05-27 21:00:00,XY,2117.2,NR,IND_BOILER,MW
2025-05-28 22:00:00,XY,2186.0,NR,IND_BOILER,MW
2025-05-29 23:00:00,XY,2031.2,NR,IND_BOILER,MW
2025-05-31 00:00:00,XY,1738.8,NR,IND_BOILER,MW
2025-06-01 01:00:00,XY,1549.6,NR,IND_BOILER,MW
2025-06-02 02:00:00,XY,1498.0,NR,IND_BOILER,MW
2025-06-03 03:00:00,XY,1549.6,NR,IND_BOILER,MW
2025-06-04 04:00:00,XY,1652.8,NR,IND_BOILER,MW
2025-06-05 05:00:00,XY,1756.0,NR,IND_BOILER,MW
2025-06-06 06:00:00,XY,1773.2,NR,IND_BOILER,MW
2025-06-07 07:00:00,XY,2048.4,NR,IND_BOILER,MW
2025-06-08 08:00:00,XY,1721.6,NR,IND_BOILER,MW
2025-06-09 09:00:00,XY,1756.0,NR,IND_BOILER,MW
2025-06-10 10:00:00,XY,2065.6,NR,IND_BOILER,MW
2025-06-11 11:00:00,XY,2100.0,NR,IND_BOILER,MW
2025-06-12 12:00:00,XY,2168.8,NR,IND_BOILER,MW
2025-06-13 13:00:00,XY,2151.6,NR,IND_BOILER,MW
2025-06-14 14:00:00,XY,2048.4,NR,IND_BOILER,MW
2025-06-15 15:00:00,XY,1721.6,NR,IND_BOILER,MW
2025-06-16 16:00:00,XY,1756.0,NR,IND_BOILER,MW
2025-06-17 17:00:00,XY,2065.6,NR,IND_BOILER,MW
2025-06-18 18:00:00,XY,2100.0,NR,IND_BOILER,MW
2025-06-19 19:00:00,XY,2168.8,NR,IND_BOILER,MW
2025-06-20 20:00:00,XY,2151.6,NR,IND_BOILER,MW
2025-06-21 21:00:00,XY,2065.6,NR,IND_BOILER,MW
2025-06-22 22:00:00,XY,1721.6,NR,IND_BOILER,MW
2025-06-23 23:00:00,XY,1756.0,NR,IND_BOILER,MW
2025-06-25 00:00:00,XY,1979.6,NR,IND_BOILER,MW
2025-06-26 01:00:00,XY,1824.8,NR,IND_BOILER,MW
2025-06-27 02:00:00,XY,1756.0,NR,IND_BOILER,MW
2025-06-28 03:00:00,XY,1601.2,NR,IND_BOILER,MW
2025-06-29 04:00:00,XY,1498.0,NR,IND_BOILER,MW
2025-06-30 05:00:00,XY,1463.6,NR,IND_BOILER,MW
2025-07-01 06:00:00,XY,1652.8,NR,IND_BOILER,MW
2025-07-02 07:00:00,XY,1773.2,NR,IND_BOILER,MW
2025-07-03 08:00:00,XY,1962.4,NR,IND_BOILER,MW
2025-07-04 09:00:00,XY,2100.0,NR,IND_BOILER,MW
2025-07-05 10:00:00,XY,2048.4,NR,IND_BOILER,MW
2025-07-06 11:00:00,XY,1721.6,NR,IND_BOILER,MW
2025-07-07 12:00:00,XY,1756.0,NR,IND_BOILER,MW
2025-07-08 13:00:00,XY,2065.6,NR,IND_BOILER,MW
2025-07-09 14:00:00,XY,2100.0,NR,IND_BOILER,MW
2025-07-10 15:00:00,XY,2168.8,NR,IND_BOILER,MW
2025-07-11 16:00:00,XY,2151.6,NR,IND_BOILER,MW
2025-07-12 17:00:00,XY,2048.4,NR,IND_BOILER,MW
2025-07-13 18:00:00,XY,1721.6,NR,IND_BOILER,MW
2025-07-14 19:00:00,XY,1756.0,NR,IND_BOILER,MW
2025-07-15 20:00:00,XY,2065.6,NR,IND_BOILER,MW
2025-07-16 21:00:00,XY,2100.0,NR,IND_BOILER,MW
2025-07-17 22:00:00,XY,2168.8,NR,IND_BOILER,MW
2025-07-18 23:00:00,XY,2151.6,NR,IND_BOILER,MW
2025-07-20 00:00:00,XY,1928.0,NR,IND_BOILER,MW
2025-07-21 01:00:00,XY,1670.0,NR,IND_BOILER,MW
2025-07-22 02:00:00,XY,1566.8,NR,IND_BOILER,MW
2025-07-23 03:00:00,XY,1584.0,NR,IND_BOILER,MW
2025-07-24 04:00:00,XY,1618.4,NR,IND_BOILER,MW
2025-07-25 05:00:00,XY,1670.0,NR,IND_BOILER,MW
2025-07-26 06:00:00,XY,1670.0,NR,IND_BOILER,MW
2025-07-27 07:00:00,XY,1635.6,NR,IND_BOILER,MW
2025-07-28 08:00:00,XY,1756.0,NR,IND_BOILER,MW
2025-07-29 09:00:00,XY,1996.8,NR,IND_BOILER,MW
2025-07-30 10:00:00,XY,2082.8,NR,IND_BOILER,MW
2025-07-31 11:00:00,XY,2168.8,NR,IND_BOILER,MW
2025-08-01 12:00:00,XY,2151.6,NR,IND_BOILER,MW
2025-08-02 13:00:00,XY,2048.4,NR,IND_BOILER,MW
2025-08-03 14:00:00,XY,1721.6,NR,IND_BOILER,MW
2025-08-04 15:00:00,XY,1756.0,NR,IND_BOILER,MW
2025-08-05 16:00:00,XY,2065.6,NR,IND_BOILER,MW
2025-08-06 17:00:00,XY,2100.0,NR,IND_BOILER,MW
2025-08-07 18:00:00,XY,2168.8,NR,IND_BOILER,MW
2025-08-08 19:00:00,XY,2151.6,NR,IND_BOILER,MW
2025-08-09 20:00:00,XY,2048.4,NR,IND_BOILER,MW
2025-08-10 21:00:00,XY,1721.6,NR,IND_BOILER,MW
2025-08-11 22:00:00,XY,1756.0,NR,IND_BOILER,MW
2025-08-12 23:00:00,XY,2065.6,NR,IND_BOILER,MW
2025-08-14 00:00:00,XY,2031.2,NR,IND_BOILER,MW
2025-08-15 01:00:00,XY,1876.4,NR,IND_BOILER,MW
2025-08-16 02:00:00,XY,1687.2,NR,IND_BOILER,MW
2025-08-17 03:00:00,XY,1532.4,NR,IND_BOILER,MW
2025-08-18 04:00:00,XY,1429.2,NR,IND_BOILER,MW
2025-08-19 05:00:00,XY,1480.8,NR,IND_BOILER,MW
2025-08-20 06:00:00,XY,1652.8,NR,IND_BOILER,MW
2025-08-21 07:00:00,XY,1842.0,NR,IND_BOILER,MW
2025-08-22 08:00:00,XY,1979.6,NR,IND_BOILER,MW
2025-08-23 09:00:00,XY,1996.8,NR,IND_BOILER,MW
2025-08-24 10:00:00,XY,1721.6,NR,IND_BOILER,MW
2025-08-25 11:00:00,XY,1756.0,NR,IND_BOILER,MW
2025-08-26 12:00:00,XY,2065.6,NR,IND_BOILER,MW
2025-08-27 13:00:00,XY,2100.0,NR,IND_BOILER,MW
2025-08-28 14:00:00,XY,2168.8,NR,IND_BOILER,MW
2025-08-29 15:00:00,XY,2151.6,NR,IND_BOILER,MW
2025-08-30 16:00:00,XY,2048.4,NR,IND_BOILER,MW
2025-08-31 17:00:00,XY,1721.6,NR,IND_BOILER,MW
2025-09-01 18:00:00,XY,1756.0,NR,IND_BOILER,MW
2025-09-02 19:00:00,XY,2065.6,NR,IND_BOILER,MW
2025-09-03 20:00:00,XY,2100.0,NR,IND_BOILER,MW
2025-09-04 21:00:00,XY,2168.8,NR,IND_BOILER,MW
2025-09-05 22:00:00,XY,2134.4,NR,IND_BOILER,MW
2025-09-06 23:00:00,XY,2048.4,NR,IND_BOILER,MW
2025-09-08 00:00:00,XY,1721.6,NR,IND_BOILER,MW
2025-09-09 01:00:00,XY,1687.2,NR,IND_BOILER,MW
2025-09-10 02:00:00,XY,1652.8,NR,IND_BOILER,MW
2025-09-11 03:00:00,XY,1635.6,NR,IND_BOILER,MW
2025-09-12 04:00:00,XY,1635.6,NR,IND_BOILER,MW
2025-09-13 05:00:00,XY,1584.0,NR,IND_BOILER,MW
2025-09-14 06:00:00,XY,1515.2,NR,IND_BOILER,MW
2025-09-15 07:00:00,XY,1652.8,NR,IND_BOILER,MW
2025-09-16 08:00:00,XY,1876.4,NR,IND_BOILER,MW
2025-09-17 09:00:00,XY,1996.8,NR,IND_BOILER,MW
2025-09-18 10:00:00,XY,2151.6,NR,IND_BOILER,MW
2025-09-19 11:00:00,XY,2134.4,NR,IND_BOILER,MW
2025-09-20 12:00:00,XY,2048.4,NR,IND_BOILER,MW
2025-09-21 13:00:00,XY,1721.6,NR,IND_BOILER,MW
2025-09-22 14:00:00,XY,1756.0,NR,IND_BOILER,MW
2025-09-23 15:00:00,XY,2065.6,NR,IND_BOILER,MW
2025-09-24 16:00:00,XY,2100.0,NR,IND_BOILER,MW
2025-09-25 17:00:00,XY,2168.8,NR,IND_BOILER,MW
2025-09-26 18:00:00,XY,2151.6,NR,IND_BOILER,MW
2025-09-27 19:00:00,XY,2048.4,NR,IND_BOILER,MW
2025-09-28 20:00:00,XY,1721.6,NR,IND_BOILER,MW
2025-09-29 21:00:00,XY,1756.0,NR,IND_BOILER,MW
2025-09-30 22:00:00,XY,2065.6,NR,IND_BOILER,MW
2025-10-01 23:00:00,XY,2100.0,NR,IND_BOILER,MW
2025-10-03 00:00:00,XY,2082.8,NR,IND_BOILER,MW
2025-10-04 01:00:00,XY,1807.6,NR,IND_BOILER,MW
2025-10-05 02:00:00,XY,1618.4,NR,IND_BOILER,MW
2025-10-06 03:00:00,XY,1463.6,NR,IND_BOILER,MW
2025-10-07 04:00:00,XY,1463.6,NR,IND_BOILER,MW
2025-10-08 05:00:00,XY,1584.0,NR,IND_BOILER,MW
2025-10-09 06:00:00,XY,1738.8,NR,IND_BOILER,MW
2025-10-10 07:00:00,XY,1876.4,NR,IND_BOILER,MW
2025-10-11 08:00:00,XY,1910.8,NR,IND_BOILER,MW
2025-10-12 09:00:00,XY,1738.8,NR,IND_BOILER,MW
2025-10-13 10:00:00,XY,1773.2,NR,IND_BOILER,MW
2025-10-14 11:00:00,XY,2082.8,NR,IND_BOILER,MW
2025-10-15 12:00:00,XY,2117.2,NR,IND_BOILER,MW
2025-10-16 13:00:00,XY,2186.0,NR,IND_BOILER,MW
2025-10-17 14:00:00,XY,2168.8,NR,IND_BOILER,MW
2025-10-18 15:00:00,XY,2065.6,NR,IND_BOILER,MW
2025-10-19 16:00:00,XY,1738.8,NR,IND_BOILER,MW
2025-10-20 17:00:00,XY,1773.2,NR,IND_BOILER,MW
2025-10-21 18:00:00,XY,2082.8,NR,IND_BOILER,MW
2025-10-22 19:00:00,XY,2117.2,NR,IND_BOILER,MW
2025-10-23 20:00:00,XY,2186.0,NR,IND_BOILER,MW
2025-10-24 21:00:00,XY,2151.6,NR,IND_BOILER,MW
2025-10-25 22:00:00,XY,2065.6,NR,IND_BOILER,MW
2025-10-26 23:00:00,XY,1738.8,NR,IND_BOILER,MW
2025-10-28 00:00:00,XY,1773.2,NR,IND_BOILER,MW
2025-10-29 01:00:00,XY,1773.2,NR,IND_BOILER,MW
2025-10-30 02:00:00,XY,1721.6,NR,IND_BOILER,MW
2025-10-31 03:00:00,XY,1687.2,NR,IND_BOILER,MW
2025-11-01 04:00:00,XY,1566.8,NR,IND_BOILER,MW
2025-11-02 05:00:00,XY,1446.4,NR,IND_BOILER,MW
2025-11-03 06:00:00,XY,1549.6,NR,IND_BOILER,MW
2025-11-04 07:00:00,XY,1773.2,NR,IND_BOILER,MW
2025-11-05 08:00:00,XY,1910.8,NR,IND_BOILER,MW
2025-11-06 09:00:00,XY,2082.8,NR,IND_BOILER,MW
2025-11-07 10:00:00,XY,2151.6,NR,IND_BOILER,MW
2025-11-08 11:00:00,XY,2065.6,NR,IND_BOILER,MW
2025-11-09 12:00:00,XY,1738.8,NR,IND_BOILER,MW
2025-11-10 13:00:00,XY,1773.2,NR,IND_BOILER,MW
2025-11-11 14:00:00,XY,2082.8,NR,IND_BOILER,MW
2025-11-12 15:00:00,XY,2117.2,NR,IND_BOILER,MW
2025-11-13 16:00:00,XY,2186.0,NR,IND_BOILER,MW
2025-11-14 17:00:00,XY,2168.8,NR,IND_BOILER,MW
2025-11-15 18:00:00,XY,2065.6,NR,IND_BOILER,MW
2025-11-16 19:00:00,XY,1738.8,NR,IND_BOILER,MW
2025-11-17 20:00:00,XY,1773.2,NR,IND_BOILER,MW
2025-11-18 21:00:00,XY,2082.8,NR,IND_BOILER,MW
2025-11-19 22:00:00,XY,2117.2,NR,IND_BOILER,MW
2025-11-20 23:00:00,XY,2186.0,NR,IND_BOILER,MW
2025-11-22 00:00:00,XY,2031.2,NR,IND_BOILER,MW
2025-11-23 01:00:00,XY,1738.8,NR,IND_BOILER,MW
2025-11-24 02:00:00,XY,1566.8,NR,IND_BOILER,MW
2025-11-25 03:00:00,XY,1515.2,NR,IND_BOILER,MW
2025-11-26 04:00:00,XY,1566.8,NR,IND_BOILER,MW
2025-11-27 05:00:00,XY,1670.0,NR,IND_BOILER,MW
2025-11-28 06:00:00,XY,1773.2,NR,IND_BOILER,MW
2025-11-29 07:00:00,XY,1807.6,NR,IND_BOILER,MW
2025-11-30 08:00:00,XY,1738.8,NR,IND_BOILER,MW
2025-12-01 09:00:00,XY,1790.4,NR,IND_BOILER,MW
2025-12-02 10:00:00,XY,2082.8,NR,IND_BOILER,MW
2025-12-03 11:00:00,XY,2134.4,NR,IND_BOILER,MW
2025-12-04 12:00:00,XY,2203.2,NR,IND_BOILER,MW
2025-12-05 13:00:00,XY,2186.0,NR,IND_BOILER,MW
2025-12-06 14:00:00,XY,2082.8,NR,IND_BOILER,MW
2025-12-07 15:00:00,XY,1756.0,NR,IND_BOILER,MW
2025-12-08 16:00:00,XY,1790.4,NR,IND_BOILER,MW
2025-12-09 17:00:00,XY,2100.0,NR,IND_BOILER,MW
2025-12-10 18:00:00,XY,2134.4,NR,IND_BOILER,MW
2025-12-11 19:00:00,XY,2203.2,NR,IND_BOILER,MW
2025-12-12 20:00:00,XY,2186.0,NR,IND_BOILER,MW
2025-12-13 21:00:00,XY,2082.8,NR,IND_BOILER,MW
2025-12-14 22:00:00,XY,1756.0,NR,IND_BOILER,MW
2025-12-15 23:00:00,XY,1790.4,NR,IND_BOILER,MW
2025-12-17 00:00:00,XY,2014.0,NR,IND_BOILER,MW
2025-12-18 01:00:00,XY,1859.2,NR,IND_BOILER,MW
2025-12-19 02:00:00,XY,1790.4,NR,IND_BOILER,MW
2025-12-20 03:00:00,XY,1635.6,NR,IND_BOILER,MW
2025-12-21 04:00:00,XY,1532.4,NR,IND_BOILER,MW
2025-12-22 05:00:00,XY,1498.0,NR,IND_BOILER,MW
2025-12-23 06:00:00,XY,1687.2,NR,IND_BOILER,MW
2025-12-24 07:00:00,XY,1807.6,NR,IND_BOILER,MW
2025-12-25 08:00:00,XY,1996.8,NR,IND_BOILER,MW
2025-12-26 09:00:00,XY,2134.4,NR,IND_BOILER,MW
2025-12-27 10:00:00,XY,2082.8,NR,IND_BOILER,MW
2025-12-28 11:00:00,XY,1756.0,NR,IND_BOILER,MW
2025-12-29 12:00:00,XY,1790.4,NR,IND_BOILER,MW
2025-12-30 13:00:00,XY,2117.2,NR,IND_BOILER,MW
2025-12-31 14:00:00,XY,2151.6,NR,IND_BOILER,MW
2026-01-01 15:00:00,XY,2220.4,NR,IND_BOILER,MW
2025-01-01 00:00:00,XY,3804.8,SO,IND_BOILER,MW
2025-01-02 01:00:00,XY,3706.4,SO,IND_BOILER,MW
2025-01-03 02:00:00,XY,3575.2,SO,IND_BOILER,MW
2025-01-04 03:00:00,XY,3542.4,SO,IND_BOILER,MW
2025-01-05 04:00:00,XY,3444.0,SO,IND_BOILER,MW
2025-01-06 05:00:00,XY,3509.6,SO,IND_BOILER,MW
2025-01-07 06:00:00,XY,3739.2,SO,IND_BOILER,MW
2025-01-08 07:00:00,XY,3936.0,SO,IND_BOILER,MW
2025-01-09 08:00:00,XY,4067.2,SO,IND_BOILER,MW
2025-01-10 09:00:00,XY,4034.4,SO,IND_BOILER,MW
2025-01-11 10:00:00,XY,3936.0,SO,IND_BOILER,MW
2025-01-12 11:00:00,XY,3673.6,SO,IND_BOILER,MW
2025-01-13 12:00:00,XY,3739.2,SO,IND_BOILER,MW
2025-01-14 13:00:00,XY,4034.4,SO,IND_BOILER,MW
2025-01-15 14:00:00,XY,4100.0,SO,IND_BOILER,MW
2025-01-16 15:00:00,XY,4362.4,SO,IND_BOILER,MW
2025-01-17 16:00:00,XY,4165.6,SO,IND_BOILER,MW
2025-01-18 17:00:00,XY,3509.6,SO,IND_BOILER,MW
2025-01-19 18:00:00,XY,3575.2,SO,IND_BOILER,MW
2025-01-20 19:00:00,XY,4198.4,SO,IND_BOILER,MW
2025-01-21 20:00:00,XY,4264.0,SO,IND_BOILER,MW
2025-01-22 21:00:00,XY,4395.2,SO,IND_BOILER,MW
2025-01-23 22:00:00,XY,4362.4,SO,IND_BOILER,MW
2025-01-24 23:00:00,XY,3936.0,SO,IND_BOILER,MW
2025-01-26 00:00:00,XY,3411.2,SO,IND_BOILER,MW
2025-01-27 01:00:00,XY,3214.4,SO,IND_BOILER,MW
2025-01-28 02:00:00,XY,3247.2,SO,IND_BOILER,MW
2025-01-29 03:00:00,XY,3312.8,SO,IND_BOILER,MW
2025-01-30 04:00:00,XY,3444.0,SO,IND_BOILER,MW
2025-01-31 05:00:00,XY,3411.2,SO,IND_BOILER,MW
2025-02-01 06:00:00,XY,3378.4,SO,IND_BOILER,MW
2025-02-02 07:00:00,XY,3608.0,SO,IND_BOILER,MW
2025-02-03 08:00:00,XY,4067.2,SO,IND_BOILER,MW
2025-02-04 09:00:00,XY,4264.0,SO,IND_BOILER,MW
2025-02-05 10:00:00,XY,4428.0,SO,IND_BOILER,MW
2025-02-06 11:00:00,XY,4395.2,SO,IND_BOILER,MW
2025-02-07 12:00:00,XY,4198.4,SO,IND_BOILER,MW
2025-02-08 13:00:00,XY,3502.4,SO,IND_BOILER,MW
2025-02-09 14:00:00,XY,3608.0,SO,IND_BOILER,MW
2025-02-10 15:00:00,XY,4231.2,SO,IND_BOILER,MW
2025-02-11 16:00:00,XY,4296.8,SO,IND_BOILER,MW
2025-02-12 17:00:00,XY,4428.0,SO,IND_BOILER,MW
2025-02-13 18:00:00,XY,4395.2,SO,IND_BOILER,MW
2025-02-14 19:00:00,XY,4198.4,SO,IND_BOILER,MW
2025-02-15 20:00:00,XY,3542.4,SO,IND_BOILER,MW
2025-02-16 21:00:00,XY,3608.0,SO,IND_BOILER,MW
2025-02-17 22:00:00,XY,4231.2,SO,IND_BOILER,MW
2025-02-18 23:00:00,XY,4132.8,SO,IND_BOILER,MW
2025-02-20 00:00:00,XY,3837.6,SO,IND_BOILER,MW
2025-02-21 01:00:00,XY,3444.0,SO,IND_BOILER,MW
2025-02-22 02:00:00,XY,3148.8,SO,IND_BOILER,MW
2025-02-23 03:00:00,XY,2952.0,SO,IND_BOILER,MW
2025-02-24 04:00:00,XY,3050.4,SO,IND_BOILER,MW
2025-02-25 05:00:00,XY,3378.4,SO,IND_BOILER,MW
2025-02-26 06:00:00,XY,3739.2,SO,IND_BOILER,MW
2025-02-27 07:00:00,XY,4034.4,SO,IND_BOILER,MW
2025-02-28 08:00:00,XY,4067.2,SO,IND_BOILER,MW
2025-03-01 09:00:00,XY,3509.6,SO,IND_BOILER,MW
2025-03-02 10:00:00,XY,3575.2,SO,IND_BOILER,MW
2025-03-03 11:00:00,XY,4198.4,SO,IND_BOILER,MW
2025-03-04 12:00:00,XY,4231.2,SO,IND_BOILER,MW
2025-03-05 13:00:00,XY,4395.2,SO,IND_BOILER,MW
2025-03-06 14:00:00,XY,4329.6,SO,IND_BOILER,MW
2025-03-07 15:00:00,XY,4132.8,SO,IND_BOILER,MW
2025-03-08 16:00:00,XY,3509.6,SO,IND_BOILER,MW
2025-03-09 17:00:00,XY,3575.2,SO,IND_BOILER,MW
2025-03-10 18:00:00,XY,4165.6,SO,IND_BOILER,MW
2025-03-11 19:00:00,XY,4231.2,SO,IND_BOILER,MW
2025-03-12 20:00:00,XY,4362.4,SO,IND_BOILER,MW
2025-03-13 21:00:00,XY,4329.6,SO,IND_BOILER,MW
2025-03-14 22:00:00,XY,4132.8,SO,IND_BOILER,MW
2025-03-15 23:00:00,XY,3476.8,SO,IND_BOILER,MW
2025-03-17 00:00:00,XY,3411.2,SO,IND_BOILER,MW
2025-03-18 01:00:00,XY,3345.6,SO,IND_BOILER,MW
2025-03-19 02:00:00,XY,3312.8,SO,IND_BOILER,MW
2025-03-20 03:00:00,XY,3312.8,SO,IND_BOILER,MW
2025-03-21 04:00:00,XY,3214.4,SO,IND_BOILER,MW
2025-03-22 05:00:00,XY,3083.2,SO,IND_BOILER,MW
2025-03-23 06:00:00,XY,3345.6,SO,IND_BOILER,MW
2025-03-24 07:00:00,XY,3772.0,SO,IND_BOILER,MW
2025-03-25 08:00:00,XY,4034.4,SO,IND_BOILER,MW
2025-03-26 09:00:00,XY,4296.8,SO,IND_BOILER,MW
2025-03-27 10:00:00,XY,4296.8,SO,IND_BOILER,MW
2025-03-28 11:00:00,XY,4100.0,SO,IND_BOILER,MW
2025-03-29 12:00:00,XY,3476.8,SO,IND_BOILER,MW
2025-03-30 13:00:00,XY,3542.4,SO,IND_BOILER,MW
2025-03-31 14:00:00,XY,4132.8,SO,IND_BOILER,MW
2025-04-01 15:00:00,XY,4198.4,SO,IND_BOILER,MW
2025-04-02 16:00:00,XY,4329.6,SO,IND_BOILER,MW
2025-04-03 17:00:00,XY,4296.8,SO,IND_BOILER,MW
2025-04-04 18:00:00,XY,4100.0,SO,IND_BOILER,MW
2025-04-05 19:00:00,XY,3444.0,SO,IND_BOILER,MW
2025-04-06 20:00:00,XY,3509.6,SO,IND_BOILER,MW
2025-04-07 21:00:00,XY,4132.8,SO,IND_BOILER,MW
2025-04-08 22:00:00,XY,4165.6,SO,IND_BOILER,MW
2025-04-09 23:00:00,XY,4132.8,SO,IND_BOILER,MW
2025-04-11 00:00:00,XY,3608.0,SO,IND_BOILER,MW
2025-04-12 01:00:00,XY,3214.4,SO,IND_BOILER,MW
2025-04-13 02:00:00,XY,2952.0,SO,IND_BOILER,MW
2025-04-14 03:00:00,XY,2919.2,SO,IND_BOILER,MW
2025-04-15 04:00:00,XY,3148.8,SO,IND_BOILER,MW
2025-04-16 05:00:00,XY,3444.0,SO,IND_BOILER,MW
2025-04-17 06:00:00,XY,3706.4,SO,IND_BOILER,MW
2025-04-18 07:00:00,XY,3772.0,SO,IND_BOILER,MW
2025-04-19 08:00:00,XY,3444.0,SO,IND_BOILER,MW
2025-04-20 09:00:00,XY,3509.6,SO,IND_BOILER,MW
2025-04-21 10:00:00,XY,4100.0,SO,IND_BOILER,MW
2025-04-22 11:00:00,XY,4165.6,SO,IND_BOILER,MW
2025-04-23 12:00:00,XY,4296.8,SO,IND_BOILER,MW
2025-04-24 13:00:00,XY,4264.0,SO,IND_BOILER,MW
2025-04-25 14:00:00,XY,4067.2,SO,IND_BOILER,MW
2025-04-26 15:00:00,XY,3444.0,SO,IND_BOILER,MW
2025-04-27 16:00:00,XY,3509.6,SO,IND_BOILER,MW
2025-04-28 17:00:00,XY,4100.0,SO,IND_BOILER,MW
2025-04-29 18:00:00,XY,4165.6,SO,IND_BOILER,MW
2025-04-30 19:00:00,XY,4296.8,SO,IND_BOILER,MW
2025-05-01 20:00:00,XY,4231.2,SO,IND_BOILER,MW
2025-05-02 21:00:00,XY,4067.2,SO,IND_BOILER,MW
2025-05-03 22:00:00,XY,3411.2,SO,IND_BOILER,MW
2025-05-04 23:00:00,XY,3509.6,SO,IND_BOILER,MW
2025-05-06 00:00:00,XY,3509.6,SO,IND_BOILER,MW
2025-05-07 01:00:00,XY,3411.2,SO,IND_BOILER,MW
2025-05-08 02:00:00,XY,3345.6,SO,IND_BOILER,MW
2025-05-09 03:00:00,XY,3116.0,SO,IND_BOILER,MW
2025-05-10 04:00:00,XY,2886.4,SO,IND_BOILER,MW
2025-05-11 05:00:00,XY,3083.2,SO,IND_BOILER,MW
2025-05-12 06:00:00,XY,3476.8,SO,IND_BOILER,MW
2025-05-13 07:00:00,XY,3739.2,SO,IND_BOILER,MW
2025-05-14 08:00:00,XY,4100.0,SO,IND_BOILER,MW
2025-05-15 09:00:00,XY,4231.2,SO,IND_BOILER,MW
2025-05-16 10:00:00,XY,4034.4,SO,IND_BOILER,MW
2025-05-17 11:00:00,XY,3411.2,SO,IND_BOILER,MW
2025-05-18 12:00:00,XY,3476.8,SO,IND_BOILER,MW
2025-05-19 13:00:00,XY,4067.2,SO,IND_BOILER,MW
2025-05-20 14:00:00,XY,4132.8,SO,IND_BOILER,MW
2025-05-21 15:00:00,XY,4264.0,SO,IND_BOILER,MW
2025-05-22 16:00:00,XY,4231.2,SO,IND_BOILER,MW
2025-05-23 17:00:00,XY,4034.4,SO,IND_BOILER,MW
2025-05-24 18:00:00,XY,3411.2,SO,IND_BOILER,MW
2025-05-25 19:00:00,XY,3476.8,SO,IND_BOILER,MW
2025-05-26 20:00:00,XY,4067.2,SO,IND_BOILER,MW
2025-05-27 21:00:00,XY,4132.8,SO,IND_BOILER,MW
2025-05-28 22:00:00,XY,4264.0,SO,IND_BOILER,MW
2025-05-29 23:00:00,XY,3968.8,SO,IND_BOILER,MW
2025-05-31 00:00:00,XY,3411.2,SO,IND_BOILER,MW
2025-06-01 01:00:00,XY,3050.4,SO,IND_BOILER,MW
2025-06-02 02:00:00,XY,2952.0,SO,IND_BOILER,MW
2025-06-03 03:00:00,XY,3050.4,SO,IND_BOILER,MW
2025-06-04 04:00:00,XY,3247.2,SO,IND_BOILER,MW
2025-06-05 05:00:00,XY,3444.0,SO,IND_BOILER,MW
2025-06-06 06:00:00,XY,3476.8,SO,IND_BOILER,MW
2025-06-07 07:00:00,XY,4001.6,SO,IND_BOILER,MW
2025-06-08 08:00:00,XY,3378.4,SO,IND_BOILER,MW
2025-06-09 09:00:00,XY,3444.0,SO,IND_BOILER,MW
2025-06-10 10:00:00,XY,4034.4,SO,IND_BOILER,MW
2025-06-11 11:00:00,XY,4100.0,SO,IND_BOILER,MW
2025-06-12 12:00:00,XY,4231.2,SO,IND_BOILER,MW
2025-06-13 13:00:00,XY,4198.4,SO,IND_BOILER,MW
2025-06-14 14:00:00,XY,4001.6,SO,IND_BOILER,MW
2025-06-15 15:00:00,XY,3378.4,SO,IND_BOILER,MW
2025-06-16 16:00:00,XY,3444.0,SO,IND_BOILER,MW
2025-06-17 17:00:00,XY,4034.4,SO,IND_BOILER,MW
2025-06-18 18:00:00,XY,4100.0,SO,IND_BOILER,MW
2025-06-19 19:00:00,XY,4231.2,SO,IND_BOILER,MW
2025-06-20 20:00:00,XY,4198.4,SO,IND_BOILER,MW
2025-06-21 21:00:00,XY,4034.4,SO,IND_BOILER,MW
2025-06-22 22:00:00,XY,3378.4,SO,IND_BOILER,MW
2025-06-23 23:00:00,XY,3444.0,SO,IND_BOILER,MW
2025-06-25 00:00:00,XY,3870.4,SO,IND_BOILER,MW
2025-06-26 01:00:00,XY,3575.2,SO,IND_BOILER,MW
2025-06-27 02:00:00,XY,3444.0,SO,IND_BOILER,MW
2025-06-28 03:00:00,XY,3148.8,SO,IND_BOILER,MW
2025-06-29 04:00:00,XY,2952.0,SO,IND_BOILER,MW
2025-06-30 05:00:00,XY,2886.4,SO,IND_BOILER,MW
2025-07-01 06:00:00,XY,3247.2,SO,IND_BOILER,MW
2025-07-02 07:00:00,XY,3476.8,SO,IND_BOILER,MW
2025-07-03 08:00:00,XY,3837.6,SO,IND_BOILER,MW
2025-07-04 09:00:00,XY,4100.0,SO,IND_BOILER,MW
2025-07-05 10:00:00,XY,4001.6,SO,IND_BOILER,MW
2025-07-06 11:00:00,XY,3378.4,SO,IND_BOILER,MW
2025-07-07 12:00:00,XY,3444.0,SO,IND_BOILER,MW
2025-07-08 13:00:00,XY,4034.4,SO,IND_BOILER,MW
2025-07-09 14:00:00,XY,4100.0,SO,IND_BOILER,MW
2025-07-10 15:00:00,XY,4231.2,SO,IND_BOILER,MW
2025-07-11 16:00:00,XY,4198.4,SO,IND_BOILER,MW
2025-07-12 17:00:00,XY,4001.6,SO,IND_BOILER,MW
2025-07-13 18:00:00,XY,3378.4,SO,IND_BOILER,MW
2025-07-14 19:00:00,XY,3444.0,SO,IND_BOILER,MW
2025-07-15 20:00:00,XY,4034.4,SO,IND_BOILER,MW
2025-07-16 21:00:00,XY,4100.0,SO,IND_BOILER,MW
2025-07-17 22:00:00,XY,4231.2,SO,IND_BOILER,MW
2025-07-18 23:00:00,XY,4198.4,SO,IND_BOILER,MW
2025-07-20 00:00:00,XY,3772.0,SO,IND_BOILER,MW
2025-07-21 01:00:00,XY,3280.0,SO,IND_BOILER,MW
2025-07-22 02:00:00,XY,3083.2,SO,IND_BOILER,MW
2025-07-23 03:00:00,XY,3116.0,SO,IND_BOILER,MW
2025-07-24 04:00:00,XY,3181.6,SO,IND_BOILER,MW
2025-07-25 05:00:00,XY,3280.0,SO,IND_BOILER,MW
2025-07-26 06:00:00,XY,3280.0,SO,IND_BOILER,MW
2025-07-27 07:00:00,XY,3214.4,SO,IND_BOILER,MW
2025-07-28 08:00:00,XY,3444.0,SO,IND_BOILER,MW
2025-07-29 09:00:00,XY,3903.2,SO,IND_BOILER,MW
2025-07-30 10:00:00,XY,4067.2,SO,IND_BOILER,MW
2025-07-31 11:00:00,XY,4231.2,SO,IND_BOILER,MW
2025-08-01 12:00:00,XY,4198.4,SO,IND_BOILER,MW
2025-08-02 13:00:00,XY,4001.6,SO,IND_BOILER,MW
2025-08-03 14:00:00,XY,3378.4,SO,IND_BOILER,MW
2025-08-04 15:00:00,XY,3444.0,SO,IND_BOILER,MW
2025-08-05 16:00:00,XY,4034.4,SO,IND_BOILER,MW
2025-08-06 17:00:00,XY,4100.0,SO,IND_BOILER,MW
2025-08-07 18:00:00,XY,4231.2,SO,IND_BOILER,MW
2025-08-08 19:00:00,XY,4198.4,SO,IND_BOILER,MW
2025-08-09 20:00:00,XY,4001.6,SO,IND_BOILER,MW
2025-08-10 21:00:00,XY,3378.4,SO,IND_BOILER,MW
2025-08-11 22:00:00,XY,3444.0,SO,IND_BOILER,MW
2025-08-12 23:00:00,XY,4034.4,SO,IND_BOILER,MW
2025-08-14 00:00:00,XY,3968.8,SO,IND_BOILER,MW
2025-08-15 01:00:00,XY,3673.6,SO,IND_BOILER,MW
2025-08-16 02:00:00,XY,3312.8,SO,IND_BOILER,MW
2025-08-17 03:00:00,XY,3017.6,SO,IND_BOILER,MW
2025-08-18 04:00:00,XY,2820.8,SO,IND_BOILER,MW
2025-08-19 05:00:00,XY,2919.2,SO,IND_BOILER,MW
2025-08-20 06:00:00,XY,3247.2,SO,IND_BOILER,MW
2025-08-21 07:00:00,XY,3608.0,SO,IND_BOILER,MW
2025-08-22 08:00:00,XY,3870.4,SO,IND_BOILER,MW
2025-08-23 09:00:00,XY,3903.2,SO,IND_BOILER,MW
2025-08-24 10:00:00,XY,3378.4,SO,IND_BOILER,MW
2025-08-25 11:00:00,XY,3444.0,SO,IND_BOILER,MW
2025-08-26 12:00:00,XY,4034.4,SO,IND_BOILER,MW
2025-08-27 13:00:00,XY,4100.0,SO,IND_BOILER,MW
2025-08-28 14:00:00,XY,4231.2,SO,IND_BOILER,MW
2025-08-29 15:00:00,XY,4198.4,SO,IND_BOILER,MW
2025-08-30 16:00:00,XY,4001.6,SO,IND_BOILER,MW
2025-08-31 17:00:00,XY,3378.4,SO,IND_BOILER,MW
2025-09-01 18:00:00,XY,3444.0,SO,IND_BOILER,MW
2025-09-02 19:00:00,XY,4034.4,SO,IND_BOILER,MW
2025-09-03 20:00:00,XY,4100.0,SO,IND_BOILER,MW
2025-09-04 21:00:00,XY,4231.2,SO,IND_BOILER,MW
2025-09-05 22:00:00,XY,4165.6,SO,IND_BOILER,MW
2025-09-06 23:00:00,XY,4001.6,SO,IND_BOILER,MW
2025-09-08 00:00:00,XY,3378.4,SO,IND_BOILER,MW
2025-09-09 01:00:00,XY,3312.8,SO,IND_BOILER,MW
2025-09-10 02:00:00,XY,3247.2,SO,IND_BOILER,MW
2025-09-11 03:00:00,XY,3214.4,SO,IND_BOILER,MW
2025-09-12 04:00:00,XY,3214.4,SO,IND_BOILER,MW
2025-09-13 05:00:00,XY,3116.0,SO,IND_BOILER,MW
2025-09-14 06:00:00,XY,2984.8,SO,IND_BOILER,MW
2025-09-15 07:00:00,XY,3247.2,SO,IND_BOILER,MW
2025-09-16 08:00:00,XY,3673.6,SO,IND_BOILER,MW
2025-09-17 09:00:00,XY,3903.2,SO,IND_BOILER,MW
2025-09-18 10:00:00,XY,4198.4,SO,IND_BOILER,MW
2025-09-19 11:00:00,XY,4165.6,SO,IND_BOILER,MW
2025-09-20 12:00:00,XY,4001.6,SO,IND_BOILER,MW
2025-09-21 13:00:00,XY,3378.4,SO,IND_BOILER,MW
2025-09-22 14:00:00,XY,3444.0,SO,IND_BOILER,MW
2025-09-23 15:00:00,XY,4034.4,SO,IND_BOILER,MW
2025-09-24 16:00:00,XY,4100.0,SO,IND_BOILER,MW
2025-09-25 17:00:00,XY,4231.2,SO,IND_BOILER,MW
2025-09-26 18:00:00,XY,4198.4,SO,IND_BOILER,MW
2025-09-27 19:00:00,XY,4001.6,SO,IND_BOILER,MW
2025-09-28 20:00:00,XY,3378.4,SO,IND_BOILER,MW
2025-09-29 21:00:00,XY,3444.0,SO,IND_BOILER,MW
2025-09-30 22:00:00,XY,4034.4,SO,IND_BOILER,MW
2025-10-01 23:00:00,XY,4100.0,SO,IND_BOILER,MW
2025-10-03 00:00:00,XY,4067.2,SO,IND_BOILER,MW
2025-10-04 01:00:00,XY,3542.4,SO,IND_BOILER,MW
2025-10-05 02:00:00,XY,3181.6,SO,IND_BOILER,MW
2025-10-06 03:00:00,XY,2886.4,SO,IND_BOILER,MW
2025-10-07 04:00:00,XY,2886.4,SO,IND_BOILER,MW
2025-10-08 05:00:00,XY,3116.0,SO,IND_BOILER,MW
2025-10-09 06:00:00,XY,3411.2,SO,IND_BOILER,MW
2025-10-10 07:00:00,XY,3673.6,SO,IND_BOILER,MW
2025-10-11 08:00:00,XY,3739.2,SO,IND_BOILER,MW
2025-10-12 09:00:00,XY,3411.2,SO,IND_BOILER,MW
2025-10-13 10:00:00,XY,3476.8,SO,IND_BOILER,MW
2025-10-14 11:00:00,XY,4067.2,SO,IND_BOILER,MW
2025-10-15 12:00:00,XY,4132.8,SO,IND_BOILER,MW
2025-10-16 13:00:00,XY,4264.0,SO,IND_BOILER,MW
2025-10-17 14:00:00,XY,4231.2,SO,IND_BOILER,MW
2025-10-18 15:00:00,XY,4034.4,SO,IND_BOILER,MW
2025-10-19 16:00:00,XY,3411.2,SO,IND_BOILER,MW
2025-10-20 17:00:00,XY,3476.8,SO,IND_BOILER,MW
2025-10-21 18:00:00,XY,4067.2,SO,IND_BOILER,MW
2025-10-22 19:00:00,XY,4132.8,SO,IND_BOILER,MW
2025-10-23 20:00:00,XY,4264.0,SO,IND_BOILER,MW
2025-10-24 21:00:00,XY,4198.4,SO,IND_BOILER,MW
2025-10-25 22:00:00,XY,4034.4,SO,IND_BOILER,MW
2025-10-26 23:00:00,XY,3411.2,SO,IND_BOILER,MW
2025-10-28 00:00:00,XY,3476.8,SO,IND_BOILER,MW
2025-10-29 01:00:00,XY,3476.8,SO,IND_BOILER,MW
2025-10-30 02:00:00,XY,3378.4,SO,IND_BOILER,MW
2025-10-31 03:00:00,XY,3312.8,SO,IND_BOILER,MW
2025-11-01 04:00:00,XY,3083.2,SO,IND_BOILER,MW
2025-11-02 05:00:00,XY,2853.6,SO,IND_BOILER,MW
2025-11-03 06:00:00,XY,3050.4,SO,IND_BOILER,MW
2025-11-04 07:00:00,XY,3476.8,SO,IND_BOILER,MW
2025-11-05 08:00:00,XY,3739.2,SO,IND_BOILER,MW
2025-11-06 09:00:00,XY,4067.2,SO,IND_BOILER,MW
2025-11-07 10:00:00,XY,4198.4,SO,IND_BOILER,MW
2025-11-08 11:00:00,XY,4034.4,SO,IND_BOILER,MW
2025-11-09 12:00:00,XY,3411.2,SO,IND_BOILER,MW
2025-11-10 13:00:00,XY,3476.8,SO,IND_BOILER,MW
2025-11-11 14:00:00,XY,4067.2,SO,IND_BOILER,MW
2025-11-12 15:00:00,XY,4132.8,SO,IND_BOILER,MW
2025-11-13 16:00:00,XY,4264.0,SO,IND_BOILER,MW
2025-11-14 17:00:00,XY,4231.2,SO,IND_BOILER,MW
2025-11-15 18:00:00,XY,4034.4,SO,IND_BOILER,MW
2025-11-16 19:00:00,XY,3411.2,SO,IND_BOILER,MW
2025-11-17 20:00:00,XY,3476.8,SO,IND_BOILER,MW
2025-11-18 21:00:00,XY,4067.2,SO,IND_BOILER,MW
2025-11-19 22:00:00,XY,4132.8,SO,IND_BOILER,MW
2025-11-20 23:00:00,XY,4264.0,SO,IND_BOILER,MW
2025-11-22 00:00:00,XY,3968.8,SO,IND_BOILER,MW
2025-11-23 01:00:00,XY,3411.2,SO,IND_BOILER,MW
2025-11-24 02:00:00,XY,3083.2,SO,IND_BOILER,MW
2025-11-25 03:00:00,XY,2984.8,SO,IND_BOILER,MW
2025-11-26 04:00:00,XY,3083.2,SO,IND_BOILER,MW
2025-11-27 05:00:00,XY,3280.0,SO,IND_BOILER,MW
2025-11-28 06:00:00,XY,3476.8,SO,IND_BOILER,MW
2025-11-29 07:00:00,XY,3542.4,SO,IND_BOILER,MW
2025-11-30 08:00:00,XY,3411.2,SO,IND_BOILER,MW
2025-12-01 09:00:00,XY,3509.6,SO,IND_BOILER,MW
2025-12-02 10:00:00,XY,4067.2,SO,IND_BOILER,MW
2025-12-03 11:00:00,XY,4165.6,SO,IND_BOILER,MW
2025-12-04 12:00:00,XY,4296.8,SO,IND_BOILER,MW
2025-12-05 13:00:00,XY,4264.0,SO,IND_BOILER,MW
2025-12-06 14:00:00,XY,4067.2,SO,IND_BOILER,MW
2025-12-07 15:00:00,XY,3444.0,SO,IND_BOILER,MW
2025-12-08 16:00:00,XY,3509.6,SO,IND_BOILER,MW
2025-12-09 17:00:00,XY,4100.0,SO,IND_BOILER,MW
2025-12-10 18:00:00,XY,4165.6,SO,IND_BOILER,MW
2025-12-11 19:00:00,XY,4296.8,SO,IND_BOILER,MW
2025-12-12 20:00:00,XY,4264.0,SO,IND_BOILER,MW
2025-12-13 21:00:00,XY,4067.2,SO,IND_BOILER,MW
2025-12-14 22:00:00,XY,3444.0,SO,IND_BOILER,MW
2025-12-15 23:00:00,XY,3509.6,SO,IND_BOILER,MW
2025-12-17 00:00:00,XY,3936.0,SO,IND_BOILER,MW
2025-12-18 01:00:00,XY,3640.8,SO,IND_BOILER,MW
2025-12-19 02:00:00,XY,3509.6,SO,IND_BOILER,MW
2025-12-20 03:00:00,XY,3214.4,SO,IND_BOILER,MW
2025-12-21 04:00:00,XY,3017.6,SO,IND_BOILER,MW
2025-12-22 05:00:00,XY,2952.0,SO,IND_BOILER,MW
2025-12-23 06:00:00,XY,3312.8,SO,IND_BOILER,MW
2025-12-24 07:00:00,XY,3542.4,SO,IND_BOILER,MW
2025-12-25 08:00:00,XY,3903.2,SO,IND_BOILER,MW
2025-12-26 09:00:00,XY,4165.6,SO,IND_BOILER,MW
2025-12-27 10:00:00,XY,4067.2,SO,IND_BOILER,MW
2025-12-28 11:00:00,XY,3444.0,SO,IND_BOILER,MW
2025-12-29 12:00:00,XY,3509.6,SO,IND_BOILER,MW
2025-12-30 13:00:00,XY,4132.8,SO,IND_BOILER,MW
2025-12-31 14:00:00,XY,4198.4,SO,IND_BOILER,MW
2026-01-01 15:00:00,XY,4329.6,SO,IND_BOILER,MW
2025-01-01 00:00:00,YZ,9900.0,CE,IND_BOILER,MW
2025-01-02 01:00:00,YZ,9900.0,CE,IND_BOILER,MW
2025-01-03 02:00:00,YZ,12300.0,CE,IND_BOILER,MW
2025-01-04 03:00:00,YZ,10286.0,CE,IND_BOILER,MW
2025-01-05 04:00:00,YZ,10085.0,CE,IND_BOILER,MW
2025-01-06 05:00:00,YZ,12725.0,CE,IND_BOILER,MW
2025-01-07 06:00:00,YZ,9900.0,CE,IND_BOILER,MW
2025-01-08 07:00:00,YZ,9900.0,CE,IND_BOILER,MW
2025-01-09 08:00:00,YZ,11358.0,CE,IND_BOILER,MW
2025-01-10 09:00:00,YZ,9900.0,CE,IND_BOILER,MW
2025-01-11 10:00:00,YZ,11090.0,CE,IND_BOILER,MW
2025-01-12 11:00:00,YZ,9900.0,CE,IND_BOILER,MW
2025-01-13 12:00:00,YZ,13088.0,CE,IND_BOILER,MW
2025-01-14 13:00:00,YZ,13691.0,CE,IND_BOILER,MW
2025-01-15 14:00:00,YZ,9900.0,CE,IND_BOILER,MW
2025-01-16 15:00:00,YZ,9900.0,CE,IND_BOILER,MW
2025-01-17 16:00:00,YZ,11559.0,CE,IND_BOILER,MW
2025-01-18 17:00:00,YZ,10219.0,CE,IND_BOILER,MW
2025-01-19 18:00:00,YZ,12753.0,CE,IND_BOILER,MW
2025-01-20 19:00:00,YZ,14026.0,CE,IND_BOILER,MW
2025-01-21 20:00:00,YZ,11760.0,CE,IND_BOILER,MW
2025-01-22 21:00:00,YZ,12300.0,CE,IND_BOILER,MW
2025-01-23 22:00:00,YZ,11961.0,CE,IND_BOILER,MW
2025-01-24 23:00:00,YZ,9900.0,CE,IND_BOILER,MW
2025-01-26 00:00:00,YZ,12350.0,CE,IND_BOILER,MW
2025-01-27 01:00:00,YZ,11884.0,CE,IND_BOILER,MW
2025-01-28 02:00:00,YZ,9900.0,CE,IND_BOILER,MW
2025-01-29 03:00:00,YZ,9900.0,CE,IND_BOILER,MW
2025-01-30 04:00:00,YZ,9900.0,CE,IND_BOILER,MW
2025-01-31 05:00:00,YZ,9900.0,CE,IND_BOILER,MW
2025-02-01 06:00:00,YZ,12174.0,CE,IND_BOILER,MW
2025-02-02 07:00:00,YZ,10420.0,CE,IND_BOILER,MW
2025-02-03 08:00:00,YZ,13758.0,CE,IND_BOILER,MW
2025-02-04 09:00:00,YZ,14160.0,CE,IND_BOILER,MW
2025-02-05 10:00:00,YZ,14095.0,CE,IND_BOILER,MW
2025-02-06 11:00:00,YZ,12028.0,CE,IND_BOILER,MW
2025-02-07 12:00:00,YZ,11626.0,CE,IND_BOILER,MW
2025-02-08 13:00:00,YZ,12850.0,CE,IND_BOILER,MW
2025-02-09 14:00:00,YZ,12300.0,CE,IND_BOILER,MW
2025-02-10 15:00:00,YZ,12300.0,CE,IND_BOILER,MW
2025-02-11 16:00:00,YZ,11827.0,CE,IND_BOILER,MW
2025-02-12 17:00:00,YZ,9900.0,CE,IND_BOILER,MW
2025-02-13 18:00:00,YZ,12028.0,CE,IND_BOILER,MW
2025-02-14 19:00:00,YZ,11626.0,CE,IND_BOILER,MW
2025-02-15 20:00:00,YZ,12686.0,CE,IND_BOILER,MW
2025-02-16 21:00:00,YZ,9900.0,CE,IND_BOILER,MW
2025-02-17 22:00:00,YZ,9900.0,CE,IND_BOILER,MW
2025-02-18 23:00:00,YZ,9900.0,CE,IND_BOILER,MW
2025-02-20 00:00:00,YZ,9900.0,CE,IND_BOILER,MW
2025-02-21 01:00:00,YZ,12475.0,CE,IND_BOILER,MW
2025-02-22 02:00:00,YZ,9900.0,CE,IND_BOILER,MW
2025-02-23 03:00:00,YZ,11250.0,CE,IND_BOILER,MW
2025-02-24 04:00:00,YZ,9900.0,CE,IND_BOILER,MW
2025-02-25 05:00:00,YZ,9951.0,CE,IND_BOILER,MW
2025-02-26 06:00:00,YZ,9900.0,CE,IND_BOILER,MW
2025-02-27 07:00:00,YZ,9900.0,CE,IND_BOILER,MW
2025-02-28 08:00:00,YZ,13758.0,CE,IND_BOILER,MW
2025-03-01 09:00:00,YZ,9900.0,CE,IND_BOILER,MW
2025-03-02 10:00:00,YZ,10353.0,CE,IND_BOILER,MW
2025-03-03 11:00:00,YZ,9900.0,CE,IND_BOILER,MW
2025-03-04 12:00:00,YZ,12300.0,CE,IND_BOILER,MW
2025-03-05 13:00:00,YZ,12300.0,CE,IND_BOILER,MW
2025-03-06 14:00:00,YZ,9900.0,CE,IND_BOILER,MW
2025-03-07 15:00:00,YZ,11900.0,CE,IND_BOILER,MW
2025-03-08 16:00:00,YZ,12406.0,CE,IND_BOILER,MW
2025-03-09 17:00:00,YZ,9900.0,CE,IND_BOILER,MW
2025-03-10 18:00:00,YZ,13959.0,CE,IND_BOILER,MW
2025-03-11 19:00:00,YZ,9900.0,CE,IND_BOILER,MW
2025-03-12 20:00:00,YZ,14361.0,CE,IND_BOILER,MW
2025-03-13 21:00:00,YZ,12300.0,CE,IND_BOILER,MW
2025-03-14 22:00:00,YZ,15100.0,CE,IND_BOILER,MW
2025-03-15 23:00:00,YZ,12348.0,CE,IND_BOILER,MW
2025-03-17 00:00:00,YZ,9900.0,CE,IND_BOILER,MW
2025-03-18 01:00:00,YZ,9900.0,CE,IND_BOILER,MW
2025-03-19 02:00:00,YZ,9900.0,CE,IND_BOILER,MW
2025-03-20 03:00:00,YZ,12058.0,CE,IND_BOILER,MW
2025-03-21 04:00:00,YZ,9900.0,CE,IND_BOILER,MW
2025-03-22 05:00:00,YZ,11652.0,CE,IND_BOILER,MW
2025-03-23 06:00:00,YZ,9900.0,CE,IND_BOILER,MW
2025-03-24 07:00:00,YZ,12300.0,CE,IND_BOILER,MW
2025-03-25 08:00:00,YZ,11291.0,CE,IND_BOILER,MW
2025-03-26 09:00:00,YZ,9900.0,CE,IND_BOILER,MW
2025-03-27 10:00:00,YZ,14227.0,CE,IND_BOILER,MW
2025-03-28 11:00:00,YZ,9900.0,CE,IND_BOILER,MW
2025-03-29 12:00:00,YZ,10152.0,CE,IND_BOILER,MW
2025-03-30 13:00:00,YZ,9900.0,CE,IND_BOILER,MW
2025-03-31 14:00:00,YZ,9900.0,CE,IND_BOILER,MW
2025-04-01 15:00:00,YZ,12300.0,CE,IND_BOILER,MW
2025-04-02 16:00:00,YZ,11894.0,CE,IND_BOILER,MW
2025-04-03 17:00:00,YZ,12300.0,CE,IND_BOILER,MW
2025-04-04 18:00:00,YZ,9900.0,CE,IND_BOILER,MW
2025-04-05 19:00:00,YZ,9900.0,CE,IND_BOILER,MW
2025-04-06 20:00:00,YZ,10219.0,CE,IND_BOILER,MW
2025-04-07 21:00:00,YZ,9900.0,CE,IND_BOILER,MW
2025-04-08 22:00:00,YZ,13959.0,CE,IND_BOILER,MW
2025-04-09 23:00:00,YZ,12300.0,CE,IND_BOILER,MW
2025-04-11 00:00:00,YZ,10420.0,CE,IND_BOILER,MW
2025-04-12 01:00:00,YZ,9900.0,CE,IND_BOILER,MW
2025-04-13 02:00:00,YZ,9730.0,CE,IND_BOILER,MW
2025-04-14 03:00:00,YZ,11125.0,CE,IND_BOILER,MW
2025-04-15 04:00:00,YZ,11768.0,CE,IND_BOILER,MW
2025-04-16 05:00:00,YZ,10085.0,CE,IND_BOILER,MW
2025-04-17 06:00:00,YZ,12300.0,CE,IND_BOILER,MW
2025-04-18 07:00:00,YZ,10755.0,CE,IND_BOILER,MW
2025-04-19 08:00:00,YZ,12475.0,CE,IND_BOILER,MW
2025-04-20 09:00:00,YZ,11900.0,CE,IND_BOILER,MW
2025-04-21 10:00:00,YZ,11425.0,CE,IND_BOILER,MW
2025-04-22 11:00:00,YZ,9900.0,CE,IND_BOILER,MW
2025-04-23 12:00:00,YZ,11900.0,CE,IND_BOILER,MW
2025-04-24 13:00:00,YZ,9900.0,CE,IND_BOILER,MW
2025-04-25 14:00:00,YZ,9900.0,CE,IND_BOILER,MW
2025-04-26 15:00:00,YZ,12475.0,CE,IND_BOILER,MW
2025-04-27 16:00:00,YZ,12406.0,CE,IND_BOILER,MW
2025-04-28 17:00:00,YZ,12300.0,CE,IND_BOILER,MW
2025-04-29 18:00:00,YZ,11559.0,CE,IND_BOILER,MW
2025-04-30 19:00:00,YZ,9900.0,CE,IND_BOILER,MW
2025-05-01 20:00:00,YZ,14093.0,CE,IND_BOILER,MW
2025-05-02 21:00:00,YZ,13758.0,CE,IND_BOILER,MW
2025-05-03 22:00:00,YZ,12350.0,CE,IND_BOILER,MW
2025-05-04 23:00:00,YZ,9900.0,CE,IND_BOILER,MW
2025-05-06 00:00:00,YZ,12406.0,CE,IND_BOILER,MW
2025-05-07 01:00:00,YZ,10018.0,CE,IND_BOILER,MW
2025-05-08 02:00:00,YZ,12116.0,CE,IND_BOILER,MW
2025-05-09 03:00:00,YZ,11710.0,CE,IND_BOILER,MW
2025-05-10 04:00:00,YZ,9596.0,CE,IND_BOILER,MW
2025-05-11 05:00:00,YZ,9900.0,CE,IND_BOILER,MW
2025-05-12 06:00:00,YZ,10152.0,CE,IND_BOILER,MW
2025-05-13 07:00:00,YZ,10688.0,CE,IND_BOILER,MW
2025-05-14 08:00:00,YZ,11425.0,CE,IND_BOILER,MW
2025-05-15 09:00:00,YZ,9900.0,CE,IND_BOILER,MW
2025-05-16 10:00:00,YZ,11900.0,CE,IND_BOILER,MW
2025-05-17 11:00:00,YZ,12232.0,CE,IND_BOILER,MW
2025-05-18 12:00:00,YZ,12600.0,CE,IND_BOILER,MW
2025-05-19 13:00:00,YZ,11358.0,CE,IND_BOILER,MW
2025-05-20 14:00:00,YZ,11492.0,CE,IND_BOILER,MW
2025-05-21 15:00:00,YZ,9900.0,CE,IND_BOILER,MW
2025-05-22 16:00:00,YZ,11693.0,CE,IND_BOILER,MW
2025-05-23 17:00:00,YZ,9900.0,CE,IND_BOILER,MW
2025-05-24 18:00:00,YZ,10018.0,CE,IND_BOILER,MW
2025-05-25 19:00:00,YZ,12600.0,CE,IND_BOILER,MW
2025-05-26 20:00:00,YZ,11900.0,CE,IND_BOILER,MW
2025-05-27 21:00:00,YZ,12300.0,CE,IND_BOILER,MW
2025-05-28 22:00:00,YZ,14160.0,CE,IND_BOILER,MW
2025-05-29 23:00:00,YZ,13557.0,CE,IND_BOILER,MW
2025-05-31 00:00:00,YZ,12232.0,CE,IND_BOILER,MW
2025-06-01 01:00:00,YZ,11594.0,CE,IND_BOILER,MW
2025-06-02 02:00:00,YZ,11250.0,CE,IND_BOILER,MW
2025-06-03 03:00:00,YZ,9900.0,CE,IND_BOILER,MW
2025-06-04 04:00:00,YZ,9900.0,CE,IND_BOILER,MW
2025-06-05 05:00:00,YZ,10085.0,CE,IND_BOILER,MW
2025-06-06 06:00:00,YZ,12348.0,CE,IND_BOILER,MW
2025-06-07 07:00:00,YZ,14600.0,CE,IND_BOILER,MW
2025-06-08 08:00:00,YZ,9951.0,CE,IND_BOILER,MW
2025-06-09 09:00:00,YZ,9900.0,CE,IND_BOILER,MW
2025-06-10 10:00:00,YZ,9900.0,CE,IND_BOILER,MW
2025-06-11 11:00:00,YZ,9900.0,CE,IND_BOILER,MW
2025-06-12 12:00:00,YZ,14093.0,CE,IND_BOILER,MW
2025-06-13 13:00:00,YZ,11626.0,CE,IND_BOILER,MW
2025-06-14 14:00:00,YZ,11224.0,CE,IND_BOILER,MW
2025-06-15 15:00:00,YZ,12225.0,CE,IND_BOILER,MW
2025-06-16 16:00:00,YZ,12290.0,CE,IND_BOILER,MW
2025-06-17 17:00:00,YZ,12300.0,CE,IND_BOILER,MW
2025-06-18 18:00:00,YZ,11425.0,CE,IND_BOILER,MW
2025-06-19 19:00:00,YZ,9900.0,CE,IND_BOILER,MW
2025-06-20 20:00:00,YZ,9900.0,CE,IND_BOILER,MW
2025-06-21 21:00:00,YZ,9900.0,CE,IND_BOILER,MW
2025-06-22 22:00:00,YZ,12174.0,CE,IND_BOILER,MW
2025-06-23 23:00:00,YZ,9900.0,CE,IND_BOILER,MW
2025-06-25 00:00:00,YZ,14100.0,CE,IND_BOILER,MW
2025-06-26 01:00:00,YZ,9900.0,CE,IND_BOILER,MW
2025-06-27 02:00:00,YZ,9900.0,CE,IND_BOILER,MW
2025-06-28 03:00:00,YZ,9900.0,CE,IND_BOILER,MW
2025-06-29 04:00:00,YZ,11250.0,CE,IND_BOILER,MW
2025-06-30 05:00:00,YZ,9596.0,CE,IND_BOILER,MW
2025-07-01 06:00:00,YZ,11942.0,CE,IND_BOILER,MW
2025-07-02 07:00:00,YZ,12600.0,CE,IND_BOILER,MW
2025-07-03 08:00:00,YZ,13289.0,CE,IND_BOILER,MW
2025-07-04 09:00:00,YZ,13825.0,CE,IND_BOILER,MW
2025-07-05 10:00:00,YZ,9900.0,CE,IND_BOILER,MW
2025-07-06 11:00:00,YZ,9951.0,CE,IND_BOILER,MW
2025-07-07 12:00:00,YZ,10085.0,CE,IND_BOILER,MW
2025-07-08 13:00:00,YZ,9900.0,CE,IND_BOILER,MW
2025-07-09 14:00:00,YZ,9900.0,CE,IND_BOILER,MW
2025-07-10 15:00:00,YZ,11693.0,CE,IND_BOILER,MW
2025-07-11 16:00:00,YZ,11626.0,CE,IND_BOILER,MW
2025-07-12 17:00:00,YZ,13624.0,CE,IND_BOILER,MW
2025-07-13 18:00:00,YZ,9900.0,CE,IND_BOILER,MW
2025-07-14 19:00:00,YZ,9900.0,CE,IND_BOILER,MW
2025-07-15 20:00:00,YZ,11291.0,CE,IND_BOILER,MW
2025-07-16 21:00:00,YZ,13825.0,CE,IND_BOILER,MW
2025-07-17 22:00:00,YZ,12300.0,CE,IND_BOILER,MW
2025-07-18 23:00:00,YZ,13626.0,CE,IND_BOILER,MW
2025-07-20 00:00:00,YZ,10755.0,CE,IND_BOILER,MW
2025-07-21 01:00:00,YZ,9900.0,CE,IND_BOILER,MW
2025-07-22 02:00:00,YZ,11652.0,CE,IND_BOILER,MW
2025-07-23 03:00:00,YZ,9900.0,CE,IND_BOILER,MW
2025-07-24 04:00:00,YZ,9900.0,CE,IND_BOILER,MW
2025-07-25 05:00:00,YZ,12000.0,CE,IND_BOILER,MW
2025-07-26 06:00:00,YZ,9900.0,CE,IND_BOILER,MW
2025-07-27 07:00:00,YZ,11884.0,CE,IND_BOILER,MW
2025-07-28 08:00:00,YZ,12290.0,CE,IND_BOILER,MW
2025-07-29 09:00:00,YZ,12300.0,CE,IND_BOILER,MW
2025-07-30 10:00:00,YZ,9900.0,CE,IND_BOILER,MW
2025-07-31 11:00:00,YZ,14093.0,CE,IND_BOILER,MW
2025-08-01 12:00:00,YZ,11626.0,CE,IND_BOILER,MW
2025-08-02 13:00:00,YZ,11224.0,CE,IND_BOILER,MW
2025-08-03 14:00:00,YZ,9951.0,CE,IND_BOILER,MW
2025-08-04 15:00:00,YZ,9900.0,CE,IND_BOILER,MW
2025-08-05 16:00:00,YZ,9900.0,CE,IND_BOILER,MW
2025-08-06 17:00:00,YZ,14975.0,CE,IND_BOILER,MW
2025-08-07 18:00:00,YZ,9900.0,CE,IND_BOILER,MW
2025-08-08 19:00:00,YZ,12300.0,CE,IND_BOILER,MW
2025-08-09 20:00:00,YZ,9900.0,CE,IND_BOILER,MW
2025-08-10 21:00:00,YZ,9951.0,CE,IND_BOILER,MW
2025-08-11 22:00:00,YZ,12475.0,CE,IND_BOILER,MW
2025-08-12 23:00:00,YZ,12300.0,CE,IND_BOILER,MW
2025-08-14 00:00:00,YZ,9900.0,CE,IND_BOILER,MW
2025-08-15 01:00:00,YZ,12954.0,CE,IND_BOILER,MW
2025-08-16 02:00:00,YZ,9900.0,CE,IND_BOILER,MW
2025-08-17 03:00:00,YZ,11500.0,CE,IND_BOILER,MW
2025-08-18 04:00:00,YZ,10750.0,CE,IND_BOILER,MW
2025-08-19 05:00:00,YZ,9663.0,CE,IND_BOILER,MW
2025-08-20 06:00:00,YZ,9900.0,CE,IND_BOILER,MW
2025-08-21 07:00:00,YZ,12820.0,CE,IND_BOILER,MW
2025-08-22 08:00:00,YZ,9900.0,CE,IND_BOILER,MW
2025-08-23 09:00:00,YZ,9900.0,CE,IND_BOILER,MW
2025-08-24 10:00:00,YZ,12174.0,CE,IND_BOILER,MW
2025-08-25 11:00:00,YZ,9900.0,CE,IND_BOILER,MW
2025-08-26 12:00:00,YZ,11291.0,CE,IND_BOILER,MW
2025-08-27 13:00:00,YZ,9900.0,CE,IND_BOILER,MW
2025-08-28 14:00:00,YZ,11693.0,CE,IND_BOILER,MW
2025-08-29 15:00:00,YZ,12300.0,CE,IND_BOILER,MW
2025-08-30 16:00:00,YZ,9900.0,CE,IND_BOILER,MW
2025-08-31 17:00:00,YZ,12225.0,CE,IND_BOILER,MW
2025-09-01 18:00:00,YZ,12475.0,CE,IND_BOILER,MW
2025-09-02 19:00:00,YZ,13691.0,CE,IND_BOILER,MW
2025-09-03 20:00:00,YZ,13825.0,CE,IND_BOILER,MW
2025-09-04 21:00:00,YZ,11693.0,CE,IND_BOILER,MW
2025-09-05 22:00:00,YZ,13566.0,CE,IND_BOILER,MW
2025-09-06 23:00:00,YZ,12300.0,CE,IND_BOILER,MW
2025-09-08 00:00:00,YZ,9922.8,CE,IND_BOILER,MW
2025-09-09 01:00:00,YZ,12058.0,CE,IND_BOILER,MW
2025-09-10 02:00:00,YZ,11942.0,CE,IND_BOILER,MW
2025-09-11 03:00:00,YZ,9900.0,CE,IND_BOILER,MW
2025-09-12 04:00:00,YZ,11884.0,CE,IND_BOILER,MW
2025-09-13 05:00:00,YZ,11710.0,CE,IND_BOILER,MW
2025-09-14 06:00:00,YZ,11375.0,CE,IND_BOILER,MW
2025-09-15 07:00:00,YZ,11942.0,CE,IND_BOILER,MW
2025-09-16 08:00:00,YZ,9900.0,CE,IND_BOILER,MW
2025-09-17 09:00:00,YZ,11023.0,CE,IND_BOILER,MW
2025-09-18 10:00:00,YZ,9900.0,CE,IND_BOILER,MW
2025-09-19 11:00:00,YZ,11559.0,CE,IND_BOILER,MW
2025-09-20 12:00:00,YZ,11224.0,CE,IND_BOILER,MW
2025-09-21 13:00:00,YZ,11951.0,CE,IND_BOILER,MW
2025-09-22 14:00:00,YZ,12085.0,CE,IND_BOILER,MW
2025-09-23 15:00:00,YZ,11291.0,CE,IND_BOILER,MW
2025-09-24 16:00:00,YZ,9900.0,CE,IND_BOILER,MW
2025-09-25 17:00:00,YZ,13682.0,CE,IND_BOILER,MW
2025-09-26 18:00:00,YZ,9900.0,CE,IND_BOILER,MW
2025-09-27 19:00:00,YZ,11224.0,CE,IND_BOILER,MW
2025-09-28 20:00:00,YZ,12174.0,CE,IND_BOILER,MW
2025-09-29 21:00:00,YZ,12475.0,CE,IND_BOILER,MW
2025-09-30 22:00:00,YZ,12300.0,CE,IND_BOILER,MW
2025-10-01 23:00:00,YZ,9900.0,CE,IND_BOILER,MW
2025-10-03 00:00:00,YZ,9900.0,CE,IND_BOILER,MW
2025-10-04 01:00:00,YZ,9900.0,CE,IND_BOILER,MW
2025-10-05 02:00:00,YZ,11826.0,CE,IND_BOILER,MW
2025-10-06 03:00:00,YZ,11000.0,CE,IND_BOILER,MW
2025-10-07 04:00:00,YZ,11000.0,CE,IND_BOILER,MW
2025-10-08 05:00:00,YZ,9900.0,CE,IND_BOILER,MW
2025-10-09 06:00:00,YZ,10018.0,CE,IND_BOILER,MW
2025-10-10 07:00:00,YZ,10554.0,CE,IND_BOILER,MW
2025-10-11 08:00:00,YZ,13088.0,CE,IND_BOILER,MW
2025-10-12 09:00:00,YZ,12232.0,CE,IND_BOILER,MW
2025-10-13 10:00:00,YZ,9900.0,CE,IND_BOILER,MW
2025-10-14 11:00:00,YZ,11358.0,CE,IND_BOILER,MW
2025-10-15 12:00:00,YZ,9900.0,CE,IND_BOILER,MW
2025-10-16 13:00:00,YZ,11760.0,CE,IND_BOILER,MW
2025-10-17 14:00:00,YZ,9900.0,CE,IND_BOILER,MW
2025-10-18 15:00:00,YZ,11291.0,CE,IND_BOILER,MW
2025-10-19 16:00:00,YZ,12350.0,CE,IND_BOILER,MW
2025-10-20 17:00:00,YZ,9900.0,CE,IND_BOILER,MW
2025-10-21 18:00:00,YZ,13758.0,CE,IND_BOILER,MW
2025-10-22 19:00:00,YZ,11492.0,CE,IND_BOILER,MW
2025-10-23 20:00:00,YZ,12300.0,CE,IND_BOILER,MW
2025-10-24 21:00:00,YZ,9900.0,CE,IND_BOILER,MW
2025-10-25 22:00:00,YZ,13691.0,CE,IND_BOILER,MW
2025-10-26 23:00:00,YZ,9900.0,CE,IND_BOILER,MW
2025-10-28 00:00:00,YZ,9900.0,CE,IND_BOILER,MW
2025-10-29 01:00:00,YZ,12600.0,CE,IND_BOILER,MW
2025-10-30 02:00:00,YZ,9951.0,CE,IND_BOILER,MW
2025-10-31 03:00:00,YZ,12058.0,CE,IND_BOILER,MW
2025-11-01 04:00:00,YZ,9900.0,CE,IND_BOILER,MW
2025-11-02 05:00:00,YZ,10875.0,CE,IND_BOILER,MW
2025-11-03 06:00:00,YZ,11594.0,CE,IND_BOILER,MW
2025-11-04 07:00:00,YZ,9900.0,CE,IND_BOILER,MW
2025-11-05 08:00:00,YZ,10688.0,CE,IND_BOILER,MW
2025-11-06 09:00:00,YZ,14850.0,CE,IND_BOILER,MW
2025-11-07 10:00:00,YZ,14026.0,CE,IND_BOILER,MW
2025-11-08 11:00:00,YZ,13691.0,CE,IND_BOILER,MW
2025-11-09 12:00:00,YZ,10018.0,CE,IND_BOILER,MW
2025-11-10 13:00:00,YZ,11900.0,CE,IND_BOILER,MW
2025-11-11 14:00:00,YZ,9900.0,CE,IND_BOILER,MW
2025-11-12 15:00:00,YZ,13892.0,CE,IND_BOILER,MW
2025-11-13 16:00:00,YZ,9900.0,CE,IND_BOILER,MW
2025-11-14 17:00:00,YZ,11693.0,CE,IND_BOILER,MW
2025-11-15 18:00:00,YZ,13691.0,CE,IND_BOILER,MW
2025-11-16 19:00:00,YZ,10018.0,CE,IND_BOILER,MW
2025-11-17 20:00:00,YZ,10152.0,CE,IND_BOILER,MW
2025-11-18 21:00:00,YZ,9900.0,CE,IND_BOILER,MW
2025-11-19 22:00:00,YZ,11492.0,CE,IND_BOILER,MW
2025-11-20 23:00:00,YZ,9900.0,CE,IND_BOILER,MW
2025-11-22 00:00:00,YZ,9900.0,CE,IND_BOILER,MW
2025-11-23 01:00:00,YZ,11900.0,CE,IND_BOILER,MW
2025-11-24 02:00:00,YZ,11652.0,CE,IND_BOILER,MW
2025-11-25 03:00:00,YZ,9797.0,CE,IND_BOILER,MW
2025-11-26 04:00:00,YZ,9900.0,CE,IND_BOILER,MW
2025-11-27 05:00:00,YZ,12000.0,CE,IND_BOILER,MW
2025-11-28 06:00:00,YZ,10152.0,CE,IND_BOILER,MW
2025-11-29 07:00:00,YZ,9900.0,CE,IND_BOILER,MW
2025-11-30 08:00:00,YZ,12350.0,CE,IND_BOILER,MW
2025-12-01 09:00:00,YZ,9900.0,CE,IND_BOILER,MW
2025-12-02 10:00:00,YZ,9900.0,CE,IND_BOILER,MW
2025-12-03 11:00:00,YZ,9900.0,CE,IND_BOILER,MW
2025-12-04 12:00:00,YZ,9900.0,CE,IND_BOILER,MW
2025-12-05 13:00:00,YZ,11900.0,CE,IND_BOILER,MW
2025-12-06 14:00:00,YZ,9900.0,CE,IND_BOILER,MW
2025-12-07 15:00:00,YZ,10085.0,CE,IND_BOILER,MW
2025-12-08 16:00:00,YZ,12725.0,CE,IND_BOILER,MW
2025-12-09 17:00:00,YZ,13825.0,CE,IND_BOILER,MW
2025-12-10 18:00:00,YZ,9900.0,CE,IND_BOILER,MW
2025-12-11 19:00:00,YZ,11827.0,CE,IND_BOILER,MW
2025-12-12 20:00:00,YZ,14160.0,CE,IND_BOILER,MW
2025-12-13 21:00:00,YZ,13758.0,CE,IND_BOILER,MW
2025-12-14 22:00:00,YZ,12085.0,CE,IND_BOILER,MW
2025-12-15 23:00:00,YZ,10219.0,CE,IND_BOILER,MW
2025-12-17 00:00:00,YZ,13490.0,CE,IND_BOILER,MW
2025-12-18 01:00:00,YZ,10487.0,CE,IND_BOILER,MW
2025-12-19 02:00:00,YZ,10219.0,CE,IND_BOILER,MW
2025-12-20 03:00:00,YZ,9900.0,CE,IND_BOILER,MW
2025-12-21 04:00:00,YZ,9864.0,CE,IND_BOILER,MW
2025-12-22 05:00:00,YZ,9730.0,CE,IND_BOILER,MW
2025-12-23 06:00:00,YZ,9900.0,CE,IND_BOILER,MW
2025-12-24 07:00:00,YZ,10286.0,CE,IND_BOILER,MW
2025-12-25 08:00:00,YZ,11023.0,CE,IND_BOILER,MW
2025-12-26 09:00:00,YZ,9900.0,CE,IND_BOILER,MW
2025-12-27 10:00:00,YZ,9900.0,CE,IND_BOILER,MW
2025-12-28 11:00:00,YZ,11900.0,CE,IND_BOILER,MW
2025-12-29 12:00:00,YZ,9900.0,CE,IND_BOILER,MW
2025-12-30 13:00:00,YZ,13892.0,CE,IND_BOILER,MW
2025-12-31 14:00:00,YZ,12300.0,CE,IND_BOILER,MW
2026-01-01 15:00:00,YZ,12300.0,CE,IND_BOILER,MW
2025-01-01 00:00:00,YZ,50.0,NR,EIDT,MW
2025-01-02 01:00:00,YZ,50.0,NR,EIDT,MW
2025-01-03 02:00:00,YZ,50.0,NR,EIDT,MW
2025-01-04 03:00:00,YZ,50.0,NR,EIDT,MW
2025-01-05 04:00:00,YZ,50.0,NR,EIDT,MW
2025-01-06 05:00:00,YZ,50.0,NR,EIDT,MW
2025-01-07 06:00:00,YZ,50.0,NR,EIDT,MW
2025-01-08 07:00:00,YZ,50.0,NR,EIDT,MW
2025-01-09 08:00:00,YZ,50.0,NR,EIDT,MW
2025-01-10 09:00:00,YZ,50.0,NR,EIDT,MW
2025-01-11 10:00:00,YZ,50.0,NR,EIDT,MW
2025-01-12 11:00:00,YZ,50.0,NR,EIDT,MW
2025-01-13 12:00:00,YZ,50.0,NR,EIDT,MW
2025-01-14 13:00:00,YZ,50.0,NR,EIDT,MW
2025-01-15 14:00:00,YZ,50.0,NR,EIDT,MW
2025-01-16 15:00:00,YZ,50.0,NR,EIDT,MW
2025-01-17 16:00:00,YZ,50.0,NR,EIDT,MW
2025-01-18 17:00:00,YZ,50.0,NR,EIDT,MW
2025-01-19 18:00:00,YZ,50.0,NR,EIDT,MW
2025-01-20 19:00:00,YZ,50.0,NR,EIDT,MW
2025-01-21 20:00:00,YZ,50.0,NR,EIDT,MW
2025-01-22 21:00:00,YZ,50.0,NR,EIDT,MW
2025-01-23 22:00:00,YZ,50.0,NR,EIDT,MW
2025-01-24 23:00:00,YZ,50.0,NR,EIDT,MW
2025-01-26 00:00:00,YZ,50.0,NR,EIDT,MW
2025-01-27 01:00:00,YZ,50.0,NR,EIDT,MW
2025-01-28 02:00:00,YZ,50.0,NR,EIDT,MW
2025-01-29 03:00:00,YZ,50.0,NR,EIDT,MW
2025-01-30 04:00:00,YZ,50.0,NR,EIDT,MW
2025-01-31 05:00:00,YZ,50.0,NR,EIDT,MW
2025-02-01 06:00:00,YZ,50.0,NR,EIDT,MW
2025-02-02 07:00:00,YZ,50.0,NR,EIDT,MW
2025-02-03 08:00:00,YZ,50.0,NR,EIDT,MW
2025-02-04 09:00:00,YZ,50.0,NR,EIDT,MW
2025-02-05 10:00:00,YZ,50.0,NR,EIDT,MW
2025-02-06 11:00:00,YZ,50.0,NR,EIDT,MW
2025-02-07 12:00:00,YZ,50.0,NR,EIDT,MW
2025-02-08 13:00:00,YZ,50.0,NR,EIDT,MW
2025-02-09 14:00:00,YZ,50.0,NR,EIDT,MW
2025-02-10 15:00:00,YZ,50.0,NR,EIDT,MW
2025-02-11 16:00:00,YZ,50.0,NR,EIDT,MW
2025-02-12 17:00:00,YZ,50.0,NR,EIDT,MW
2025-02-13 18:00:00,YZ,50.0,NR,EIDT,MW
2025-02-14 19:00:00,YZ,50.0,NR,EIDT,MW
2025-02-15 20:00:00,YZ,50.0,NR,EIDT,MW
2025-02-16 21:00:00,YZ,50.0,NR,EIDT,MW
2025-02-17 22:00:00,YZ,50.0,NR,EIDT,MW
2025-02-18 23:00:00,YZ,50.0,NR,EIDT,MW
2025-02-20 00:00:00,YZ,50.0,NR,EIDT,MW
2025-02-21 01:00:00,YZ,50.0,NR,EIDT,MW
2025-02-22 02:00:00,YZ,50.0,NR,EIDT,MW
2025-02-23 03:00:00,YZ,50.0,NR,EIDT,MW
2025-02-24 04:00:00,YZ,50.0,NR,EIDT,MW
2025-02-25 05:00:00,YZ,50.0,NR,EIDT,MW
2025-02-26 06:00:00,YZ,50.0,NR,EIDT,MW
2025-02-27 07:00:00,YZ,50.0,NR,EIDT,MW
2025-02-28 08:00:00,YZ,50.0,NR,EIDT,MW
2025-03-01 09:00:00,YZ,50.0,NR,EIDT,MW
2025-03-02 10:00:00,YZ,50.0,NR,EIDT,MW
2025-03-03 11:00:00,YZ,50.0,NR,EIDT,MW
2025-03-04 12:00:00,YZ,50.0,NR,EIDT,MW
2025-03-05 13:00:00,YZ,50.0,NR,EIDT,MW
2025-03-06 14:00:00,YZ,50.0,NR,EIDT,MW
2025-03-07 15:00:00,YZ,50.0,NR,EIDT,MW
2025-03-08 16:00:00,YZ,50.0,NR,EIDT,MW
2025-03-09 17:00:00,YZ,50.0,NR,EIDT,MW
2025-03-10 18:00:00,YZ,50.0,NR,EIDT,MW
2025-03-11 19:00:00,YZ,50.0,NR,EIDT,MW
2025-03-12 20:00:00,YZ,50.0,NR,EIDT,MW
2025-03-13 21:00:00,YZ,50.0,NR,EIDT,MW
2025-03-14 22:00:00,YZ,50.0,NR,EIDT,MW
2025-03-15 23:00:00,YZ,50.0,NR,EIDT,MW
2025-03-17 00:00:00,YZ,50.0,NR,EIDT,MW
2025-03-18 01:00:00,YZ,50.0,NR,EIDT,MW
2025-03-19 02:00:00,YZ,50.0,NR,EIDT,MW
2025-03-20 03:00:00,YZ,50.0,NR,EIDT,MW
2025-03-21 04:00:00,YZ,50.0,NR,EIDT,MW
2025-03-22 05:00:00,YZ,50.0,NR,EIDT,MW
2025-03-23 06:00:00,YZ,50.0,NR,EIDT,MW
2025-03-24 07:00:00,YZ,50.0,NR,EIDT,MW
2025-03-25 08:00:00,YZ,50.0,NR,EIDT,MW
2025-03-26 09:00:00,YZ,50.0,NR,EIDT,MW
2025-03-27 10:00:00,YZ,50.0,NR,EIDT,MW
2025-03-28 11:00:00,YZ,50.0,NR,EIDT,MW
2025-03-29 12:00:00,YZ,50.0,NR,EIDT,MW
2025-03-30 13:00:00,YZ,50.0,NR,EIDT,MW
2025-03-31 14:00:00,YZ,50.0,NR,EIDT,MW
2025-04-01 15:00:00,YZ,50.0,NR,EIDT,MW
2025-04-02 16:00:00,YZ,50.0,NR,EIDT,MW
2025-04-03 17:00:00,YZ,50.0,NR,EIDT,MW
2025-04-04 18:00:00,YZ,50.0,NR,EIDT,MW
2025-04-05 19:00:00,YZ,50.0,NR,EIDT,MW
2025-04-06 20:00:00,YZ,50.0,NR,EIDT,MW
2025-04-07 21:00:00,YZ,50.0,NR,EIDT,MW
2025-04-08 22:00:00,YZ,50.0,NR,EIDT,MW
2025-04-09 23:00:00,YZ,50.0,NR,EIDT,MW
2025-04-11 00:00:00,YZ,50.0,NR,EIDT,MW
2025-04-12 01:00:00,YZ,50.0,NR,EIDT,MW
2025-04-13 02:00:00,YZ,50.0,NR,EIDT,MW
2025-04-14 03:00:00,YZ,50.0,NR,EIDT,MW
2025-04-15 04:00:00,YZ,50.0,NR,EIDT,MW
2025-04-16 05:00:00,YZ,50.0,NR,EIDT,MW
2025-04-17 06:00:00,YZ,50.0,NR,EIDT,MW
2025-04-18 07:00:00,YZ,50.0,NR,EIDT,MW
2025-04-19 08:00:00,YZ,50.0,NR,EIDT,MW
2025-04-20 09:00:00,YZ,50.0,NR,EIDT,MW
2025-04-21 10:00:00,YZ,50.0,NR,EIDT,MW
2025-04-22 11:00:00,YZ,50.0,NR,EIDT,MW
2025-04-23 12:00:00,YZ,50.0,NR,EIDT,MW
2025-04-24 13:00:00,YZ,50.0,NR,EIDT,MW
2025-04-25 14:00:00,YZ,50.0,NR,EIDT,MW
2025-04-26 15:00:00,YZ,50.0,NR,EIDT,MW
2025-04-27 16:00:00,YZ,50.0,NR,EIDT,MW
2025-04-28 17:00:00,YZ,50.0,NR,EIDT,MW
2025-04-29 18:00:00,YZ,50.0,NR,EIDT,MW
2025-04-30 19:00:00,YZ,50.0,NR,EIDT,MW
2025-05-01 20:00:00,YZ,50.0,NR,EIDT,MW
2025-05-02 21:00:00,YZ,50.0,NR,EIDT,MW
2025-05-03 22:00:00,YZ,50.0,NR,EIDT,MW
2025-05-04 23:00:00,YZ,50.0,NR,EIDT,MW
2025-05-06 00:00:00,YZ,50.0,NR,EIDT,MW
2025-05-07 01:00:00,YZ,50.0,NR,EIDT,MW
2025-05-08 02:00:00,YZ,50.0,NR,EIDT,MW
2025-05-09 03:00:00,YZ,50.0,NR,EIDT,MW
2025-05-10 04:00:00,YZ,50.0,NR,EIDT,MW
2025-05-11 05:00:00,YZ,50.0,NR,EIDT,MW
2025-05-12 06:00:00,YZ,50.0,NR,EIDT,MW
2025-05-13 07:00:00,YZ,50.0,NR,EIDT,MW
2025-05-14 08:00:00,YZ,50.0,NR,EIDT,MW
2025-05-15 09:00:00,YZ,50.0,NR,EIDT,MW
2025-05-16 10:00:00,YZ,50.0,NR,EIDT,MW
2025-05-17 11:00:00,YZ,50.0,NR,EIDT,MW
2025-05-18 12:00:00,YZ,50.0,NR,EIDT,MW
2025-05-19 13:00:00,YZ,50.0,NR,EIDT,MW
2025-05-20 14:00:00,YZ,50.0,NR,EIDT,MW
2025-05-21 15:00:00,YZ,50.0,NR,EIDT,MW
2025-05-22 16:00:00,YZ,50.0,NR,EIDT,MW
2025-05-23 17:00:00,YZ,50.0,NR,EIDT,MW
2025-05-24 18:00:00,YZ,50.0,NR,EIDT,MW
2025-05-25 19:00:00,YZ,50.0,NR,EIDT,MW
2025-05-26 20:00:00,YZ,50.0,NR,EIDT,MW
2025-05-27 21:00:00,YZ,50.0,NR,EIDT,MW
2025-05-28 22:00:00,YZ,50.0,NR,EIDT,MW
2025-05-29 23:00:00,YZ,50.0,NR,EIDT,MW
2025-05-31 00:00:00,YZ,50.0,NR,EIDT,MW
2025-06-01 01:00:00,YZ,50.0,NR,EIDT,MW
2025-06-02 02:00:00,YZ,50.0,NR,EIDT,MW
2025-06-03 03:00:00,YZ,50.0,NR,EIDT,MW
2025-06-04 04:00:00,YZ,50.0,NR,EIDT,MW
2025-06-05 05:00:00,YZ,50.0,NR,EIDT,MW
2025-06-06 06:00:00,YZ,50.0,NR,EIDT,MW
2025-06-07 07:00:00,YZ,50.0,NR,EIDT,MW
2025-06-08 08:00:00,YZ,50.0,NR,EIDT,MW
2025-06-09 09:00:00,YZ,50.0,NR,EIDT,MW
2025-06-10 10:00:00,YZ,50.0,NR,EIDT,MW
2025-06-11 11:00:00,YZ,50.0,NR,EIDT,MW
2025-06-12 12:00:00,YZ,50.0,NR,EIDT,MW
2025-06-13 13:00:00,YZ,50.0,NR,EIDT,MW
2025-06-14 14:00:00,YZ,50.0,NR,EIDT,MW
2025-06-15 15:00:00,YZ,50.0,NR,EIDT,MW
2025-06-16 16:00:00,YZ,50.0,NR,EIDT,MW
2025-06-17 17:00:00,YZ,50.0,NR,EIDT,MW
2025-06-18 18:00:00,YZ,50.0,NR,EIDT,MW
2025-06-19 19:00:00,YZ,50.0,NR,EIDT,MW
2025-06-20 20:00:00,YZ,50.0,NR,EIDT,MW
2025-06-21 21:00:00,YZ,50.0,NR,EIDT,MW
2025-06-22 22:00:00,YZ,50.0,NR,EIDT,MW
2025-06-23 23:00:00,YZ,50.0,NR,EIDT,MW
2025-06-25 00:00:00,YZ,50.0,NR,EIDT,MW
2025-06-26 01:00:00,YZ,50.0,NR,EIDT,MW
2025-06-27 02:00:00,YZ,50.0,NR,EIDT,MW
2025-06-28 03:00:00,YZ,50.0,NR,EIDT,MW
2025-06-29 04:00:00,YZ,50.0,NR,EIDT,MW
2025-06-30 05:00:00,YZ,50.0,NR,EIDT,MW
2025-07-01 06:00:00,YZ,50.0,NR,EIDT,MW
2025-07-02 07:00:00,YZ,50.0,NR,EIDT,MW
2025-07-03 08:00:00,YZ,50.0,NR,EIDT,MW
2025-07-04 09:00:00,YZ,50.0,NR,EIDT,MW
2025-07-05 10:00:00,YZ,50.0,NR,EIDT,MW
2025-07-06 11:00:00,YZ,50.0,NR,EIDT,MW
2025-07-07 12:00:00,YZ,50.0,NR,EIDT,MW
2025-07-08 13:00:00,YZ,50.0,NR,EIDT,MW
2025-07-09 14:00:00,YZ,50.0,NR,EIDT,MW
2025-07-10 15:00:00,YZ,50.0,NR,EIDT,MW
2025-07-11 16:00:00,YZ,50.0,NR,EIDT,MW
2025-07-12 17:00:00,YZ,50.0,NR,EIDT,MW
2025-07-13 18:00:00,YZ,50.0,NR,EIDT,MW
2025-07-14 19:00:00,YZ,50.0,NR,EIDT,MW
2025-07-15 20:00:00,YZ,50.0,NR,EIDT,MW
2025-07-16 21:00:00,YZ,50.0,NR,EIDT,MW
2025-07-17 22:00:00,YZ,50.0,NR,EIDT,MW
2025-07-18 23:00:00,YZ,50.0,NR,EIDT,MW
2025-07-20 00:00:00,YZ,50.0,NR,EIDT,MW
2025-07-21 01:00:00,YZ,50.0,NR,EIDT,MW
2025-07-22 02:00:00,YZ,50.0,NR,EIDT,MW
2025-07-23 03:00:00,YZ,50.0,NR,EIDT,MW
2025-07-24 04:00:00,YZ,50.0,NR,EIDT,MW
2025-07-25 05:00:00,YZ,50.0,NR,EIDT,MW
2025-07-26 06:00:00,YZ,50.0,NR,EIDT,MW
2025-07-27 07:00:00,YZ,50.0,NR,EIDT,MW
2025-07-28 08:00:00,YZ,50.0,NR,EIDT,MW
2025-07-29 09:00:00,YZ,50.0,NR,EIDT,MW
2025-07-30 10:00:00,YZ,50.0,NR,EIDT,MW
2025-07-31 11:00:00,YZ,50.0,NR,EIDT,MW
2025-08-01 12:00:00,YZ,50.0,NR,EIDT,MW
2025-08-02 13:00:00,YZ,50.0,NR,EIDT,MW
2025-08-03 14:00:00,YZ,50.0,NR,EIDT,MW
2025-08-04 15:00:00,YZ,50.0,NR,EIDT,MW
2025-08-05 16:00:00,YZ,50.0,NR,EIDT,MW
2025-08-06 17:00:00,YZ,50.0,NR,EIDT,MW
2025-08-07 18:00:00,YZ,50.0,NR,EIDT,MW
2025-08-08 19:00:00,YZ,50.0,NR,EIDT,MW
2025-08-09 20:00:00,YZ,50.0,NR,EIDT,MW
2025-08-10 21:00:00,YZ,50.0,NR,EIDT,MW
2025-08-11 22:00:00,YZ,50.0,NR,EIDT,MW
2025-08-12 23:00:00,YZ,50.0,NR,EIDT,MW
2025-08-14 00:00:00,YZ,50.0,NR,EIDT,MW
2025-08-15 01:00:00,YZ,50.0,NR,EIDT,MW
2025-08-16 02:00:00,YZ,50.0,NR,EIDT,MW
2025-08-17 03:00:00,YZ,50.0,NR,EIDT,MW
2025-08-18 04:00:00,YZ,50.0,NR,EIDT,MW
2025-08-19 05:00:00,YZ,50.0,NR,EIDT,MW
2025-08-20 06:00:00,YZ,50.0,NR,EIDT,MW
2025-08-21 07:00:00,YZ,50.0,NR,EIDT,MW
2025-08-22 08:00:00,YZ,50.0,NR,EIDT,MW
2025-08-23 09:00:00,YZ,50.0,NR,EIDT,MW
2025-08-24 10:00:00,YZ,50.0,NR,EIDT,MW
2025-08-25 11:00:00,YZ,50.0,NR,EIDT,MW
2025-08-26 12:00:00,YZ,50.0,NR,EIDT,MW
2025-08-27 13:00:00,YZ,50.0,NR,EIDT,MW
2025-08-28 14:00:00,YZ,50.0,NR,EIDT,MW
2025-08-29 15:00:00,YZ,50.0,NR,EIDT,MW
2025-08-30 16:00:00,YZ,50.0,NR,EIDT,MW
2025-08-31 17:00:00,YZ,50.0,NR,EIDT,MW
2025-09-01 18:00:00,YZ,50.0,NR,EIDT,MW
2025-09-02 19:00:00,YZ,50.0,NR,EIDT,MW
2025-09-03 20:00:00,YZ,50.0,NR,EIDT,MW
2025-09-04 21:00:00,YZ,50.0,NR,EIDT,MW
2025-09-05 22:00:00,YZ,50.0,NR,EIDT,MW
2025-09-06 23:00:00,YZ,50.0,NR,EIDT,MW
2025-09-08 00:00:00,YZ,50.0,NR,EIDT,MW
2025-09-09 01:00:00,YZ,50.0,NR,EIDT,MW
2025-09-10 02:00:00,YZ,50.0,NR,EIDT,MW
2025-09-11 03:00:00,YZ,50.0,NR,EIDT,MW
2025-09-12 04:00:00,YZ,50.0,NR,EIDT,MW
2025-09-13 05:00:00,YZ,50.0,NR,EIDT,MW
2025-09-14 06:00:00,YZ,50.0,NR,EIDT,MW
2025-09-15 07:00:00,YZ,50.0,NR,EIDT,MW
2025-09-16 08:00:00,YZ,50.0,NR,EIDT,MW
2025-09-17 09:00:00,YZ,50.0,NR,EIDT,MW
2025-09-18 10:00:00,YZ,50.0,NR,EIDT,MW
2025-09-19 11:00:00,YZ,50.0,NR,EIDT,MW
2025-09-20 12:00:00,YZ,50.0,NR,EIDT,MW
2025-09-21 13:00:00,YZ,50.0,NR,EIDT,MW
2025-09-22 14:00:00,YZ,50.0,NR,EIDT,MW
2025-09-23 15:00:00,YZ,50.0,NR,EIDT,MW
2025-09-24 16:00:00,YZ,50.0,NR,EIDT,MW
2025-09-25 17:00:00,YZ,50.0,NR,EIDT,MW
2025-09-26 18:00:00,YZ,50.0,NR,EIDT,MW
2025-09-27 19:00:00,YZ,50.0,NR,EIDT,MW
2025-09-28 20:00:00,YZ,50.0,NR,EIDT,MW
2025-09-29 21:00:00,YZ,50.0,NR,EIDT,MW
2025-09-30 22:00:00,YZ,50.0,NR,EIDT,MW
2025-10-01 23:00:00,YZ,50.0,NR,EIDT,MW
2025-10-03 00:00:00,YZ,50.0,NR,EIDT,MW
2025-10-04 01:00:00,YZ,50.0,NR,EIDT,MW
2025-10-05 02:00:00,YZ,50.0,NR,EIDT,MW
2025-10-06 03:00:00,YZ,50.0,NR,EIDT,MW
2025-10-07 04:00:00,YZ,50.0,NR,EIDT,MW
2025-10-08 05:00:00,YZ,50.0,NR,EIDT,MW
2025-10-09 06:00:00,YZ,50.0,NR,EIDT,MW
2025-10-10 07:00:00,YZ,50.0,NR,EIDT,MW
2025-10-11 08:00:00,YZ,50.0,NR,EIDT,MW
2025-10-12 09:00:00,YZ,50.0,NR,EIDT,MW
2025-10-13 10:00:00,YZ,50.0,NR,EIDT,MW
2025-10-14 11:00:00,YZ,50.0,NR,EIDT,MW
2025-10-15 12:00:00,YZ,50.0,NR,EIDT,MW
2025-10-16 13:00:00,YZ,50.0,NR,EIDT,MW
2025-10-17 14:00:00,YZ,50.0,NR,EIDT,MW
2025-10-18 15:00:00,YZ,50.0,NR,EIDT,MW
2025-10-19 16:00:00,YZ,50.0,NR,EIDT,MW
2025-10-20 17:00:00,YZ,50.0,NR,EIDT,MW
2025-10-21 18:00:00,YZ,50.0,NR,EIDT,MW
2025-10-22 19:00:00,YZ,50.0,NR,EIDT,MW
2025-10-23 20:00:00,YZ,50.0,NR,EIDT,MW
2025-10-24 21:00:00,YZ,50.0,NR,EIDT,MW
2025-10-25 22:00:00,YZ,50.0,NR,EIDT,MW
2025-10-26 23:00:00,YZ,50.0,NR,EIDT,MW
2025-10-28 00:00:00,YZ,50.0,NR,EIDT,MW
2025-10-29 01:00:00,YZ,50.0,NR,EIDT,MW
2025-10-30 02:00:00,YZ,50.0,NR,EIDT,MW
2025-10-31 03:00:00,YZ,50.0,NR,EIDT,MW
2025-11-01 04:00:00,YZ,50.0,NR,EIDT,MW
2025-11-02 05:00:00,YZ,50.0,NR,EIDT,MW
2025-11-03 06:00:00,YZ,50.0,NR,EIDT,MW
2025-11-04 07:00:00,YZ,50.0,NR,EIDT,MW
2025-11-05 08:00:00,YZ,50.0,NR,EIDT,MW
2025-11-06 09:00:00,YZ,50.0,NR,EIDT,MW
2025-11-07 10:00:00,YZ,50.0,NR,EIDT,MW
2025-11-08 11:00:00,YZ,50.0,NR,EIDT,MW
2025-11-09 12:00:00,YZ,50.0,NR,EIDT,MW
2025-11-10 13:00:00,YZ,50.0,NR,EIDT,MW
2025-11-11 14:00:00,YZ,50.0,NR,EIDT,MW
2025-11-12 15:00:00,YZ,50.0,NR,EIDT,MW
2025-11-13 16:00:00,YZ,50.0,NR,EIDT,MW
2025-11-14 17:00:00,YZ,50.0,NR,EIDT,MW
2025-11-15 18:00:00,YZ,50.0,NR,EIDT,MW
2025-11-16 19:00:00,YZ,50.0,NR,EIDT,MW
2025-11-17 20:00:00,YZ,50.0,NR,EIDT,MW
2025-11-18 21:00:00,YZ,50.0,NR,EIDT,MW
2025-11-19 22:00:00,YZ,50.0,NR,EIDT,MW
2025-11-20 23:00:00,YZ,50.0,NR,EIDT,MW
2025-11-22 00:00:00,YZ,50.0,NR,EIDT,MW
2025-11-23 01:00:00,YZ,50.0,NR,EIDT,MW
2025-11-24 02:00:00,YZ,50.0,NR,EIDT,MW
2025-11-25 03:00:00,YZ,50.0,NR,EIDT,MW
2025-11-26 04:00:00,YZ,50.0,NR,EIDT,MW
2025-11-27 05:00:00,YZ,50.0,NR,EIDT,MW
2025-11-28 06:00:00,YZ,50.0,NR,EIDT,MW
2025-11-29 07:00:00,YZ,50.0,NR,EIDT,MW
2025-11-30 08:00:00,YZ,50.0,NR,EIDT,MW
2025-12-01 09:00:00,YZ,50.0,NR,EIDT,MW
2025-12-02 10:00:00,YZ,50.0,NR,EIDT,MW
2025-12-03 11:00:00,YZ,50.0,NR,EIDT,MW
2025-12-04 12:00:00,YZ,50.0,NR,EIDT,MW
2025-12-05 13:00:00,YZ,50.0,NR,EIDT,MW
2025-12-06 14:00:00,YZ,50.0,NR,EIDT,MW
2025-12-07 15:00:00,YZ,50.0,NR,EIDT,MW
2025-12-08 16:00:00,YZ,50.0,NR,EIDT,MW
2025-12-09 17:00:00,YZ,50.0,NR,EIDT,MW
2025-12-10 18:00:00,YZ,50.0,NR,EIDT,MW
2025-12-11 19:00:00,YZ,50.0,NR,EIDT,MW
2025-12-12 20:00:00,YZ,50.0,NR,EIDT,MW
2025-12-13 21:00:00,YZ,50.0,NR,EIDT,MW
2025-12-14 22:00:00,YZ,50.0,NR,EIDT,MW
2025-12-15 23:00:00,YZ,50.0,NR,EIDT,MW
2025-12-17 00:00:00,YZ,50.0,NR,EIDT,MW
2025-12-18 01:00:00,YZ,50.0,NR,EIDT,MW
2025-12-19 02:00:00,YZ,50.0,NR,EIDT,MW
2025-12-20 03:00:00,YZ,50.0,NR,EIDT,MW
2025-12-21 04:00:00,YZ,50.0,NR,EIDT,MW
2025-12-22 05:00:00,YZ,50.0,NR,EIDT,MW
2025-12-23 06:00:00,YZ,50.0,NR,EIDT,MW
2025-12-24 07:00:00,YZ,50.0,NR,EIDT,MW
2025-12-25 08:00:00,YZ,50.0,NR,EIDT,MW
2025-12-26 09:00:00,YZ,50.0,NR,EIDT,MW
2025-12-27 10:00:00,YZ,50.0,NR,EIDT,MW
2025-12-28 11:00:00,YZ,50.0,NR,EIDT,MW
2025-12-29 12:00:00,YZ,50.0,NR,EIDT,MW
2025-12-30 13:00:00,YZ,50.0,NR,EIDT,MW
2025-12-31 14:00:00,YZ,50.0,NR,EIDT,MW
2026-01-01 15:00:00,YZ,50.0,NR,EIDT,MW
2025-01-01 00:00:00,YZ,570.0,NR,IND_BOILER,MW
2025-01-02 01:00:00,YZ,570.0,NR,IND_BOILER,MW
2025-01-03 02:00:00,YZ,1812.6,NR,IND_BOILER,MW
2025-01-04 03:00:00,YZ,370.0,NR,IND_BOILER,MW
2025-01-05 04:00:00,YZ,830.0,NR,IND_BOILER,MW
2025-01-06 05:00:00,YZ,570.0,NR,IND_BOILER,MW
2025-01-07 06:00:00,YZ,611.2,NR,IND_BOILER,MW
2025-01-08 07:00:00,YZ,370.0,NR,IND_BOILER,MW
2025-01-09 08:00:00,YZ,570.0,NR,IND_BOILER,MW
2025-01-10 09:00:00,YZ,570.0,NR,IND_BOILER,MW
2025-01-11 10:00:00,YZ,830.0,NR,IND_BOILER,MW
2025-01-12 11:00:00,YZ,599.6,NR,IND_BOILER,MW
2025-01-13 12:00:00,YZ,1030.0,NR,IND_BOILER,MW
2025-01-14 13:00:00,YZ,1123.4,NR,IND_BOILER,MW
2025-01-15 14:00:00,YZ,370.0,NR,IND_BOILER,MW
2025-01-16 15:00:00,YZ,570.0,NR,IND_BOILER,MW
2025-01-17 16:00:00,YZ,830.0,NR,IND_BOILER,MW
2025-01-18 17:00:00,YZ,830.0,NR,IND_BOILER,MW
2025-01-19 18:00:00,YZ,1042.2,NR,IND_BOILER,MW
2025-01-20 19:00:00,YZ,692.4,NR,IND_BOILER,MW
2025-01-21 20:00:00,YZ,370.0,NR,IND_BOILER,MW
2025-01-22 21:00:00,YZ,830.0,NR,IND_BOILER,MW
2025-01-23 22:00:00,YZ,830.0,NR,IND_BOILER,MW
2025-01-24 23:00:00,YZ,1030.0,NR,IND_BOILER,MW
2025-01-26 00:00:00,YZ,1013.2,NR,IND_BOILER,MW
2025-01-27 01:00:00,YZ,518.4,NR,IND_BOILER,MW
2025-01-28 02:00:00,YZ,370.0,NR,IND_BOILER,MW
2025-01-29 03:00:00,YZ,535.8,NR,IND_BOILER,MW
2025-01-30 04:00:00,YZ,830.0,NR,IND_BOILER,MW
2025-01-31 05:00:00,YZ,553.2,NR,IND_BOILER,MW
2025-02-01 06:00:00,YZ,1007.4,NR,IND_BOILER,MW
2025-02-02 07:00:00,YZ,570.0,NR,IND_BOILER,MW
2025-02-03 08:00:00,YZ,669.2,NR,IND_BOILER,MW
2025-02-04 09:00:00,YZ,704.0,NR,IND_BOILER,MW
2025-02-05 10:00:00,YZ,1030.0,NR,IND_BOILER,MW
2025-02-06 11:00:00,YZ,1030.0,NR,IND_BOILER,MW
2025-02-07 12:00:00,YZ,370.0,NR,IND_BOILER,MW
2025-02-08 13:00:00,YZ,1801.2,NR,IND_BOILER,MW
2025-02-09 14:00:00,YZ,1624.0,NR,IND_BOILER,MW
2025-02-10 15:00:00,YZ,830.0,NR,IND_BOILER,MW
2025-02-11 16:00:00,YZ,1169.8,NR,IND_BOILER,MW
2025-02-12 17:00:00,YZ,370.0,NR,IND_BOILER,MW
2025-02-13 18:00:00,YZ,727.2,NR,IND_BOILER,MW
2025-02-14 19:00:00,YZ,1829.2,NR,IND_BOILER,MW
2025-02-15 20:00:00,YZ,1030.0,NR,IND_BOILER,MW
2025-02-16 21:00:00,YZ,1048.0,NR,IND_BOILER,MW
2025-02-17 22:00:00,YZ,1158.2,NR,IND_BOILER,MW
2025-02-18 23:00:00,YZ,1140.8,NR,IND_BOILER,MW
2025-02-20 00:00:00,YZ,1088.6,NR,IND_BOILER,MW
2025-02-21 01:00:00,YZ,559.0,NR,IND_BOILER,MW
2025-02-22 02:00:00,YZ,370.0,NR,IND_BOILER,MW
2025-02-23 03:00:00,YZ,830.0,NR,IND_BOILER,MW
2025-02-24 04:00:00,YZ,1430.2,NR,IND_BOILER,MW
2025-02-25 05:00:00,YZ,370.0,NR,IND_BOILER,MW
2025-02-26 06:00:00,YZ,370.0,NR,IND_BOILER,MW
2025-02-27 07:00:00,YZ,370.0,NR,IND_BOILER,MW
2025-02-28 08:00:00,YZ,1129.2,NR,IND_BOILER,MW
2025-03-01 09:00:00,YZ,570.6,NR,IND_BOILER,MW
2025-03-02 10:00:00,YZ,1030.0,NR,IND_BOILER,MW
2025-03-03 11:00:00,YZ,370.0,NR,IND_BOILER,MW
2025-03-04 12:00:00,YZ,370.0,NR,IND_BOILER,MW
2025-03-05 13:00:00,YZ,1870.0,NR,IND_BOILER,MW
2025-03-06 14:00:00,YZ,570.0,NR,IND_BOILER,MW
2025-03-07 15:00:00,YZ,680.8,NR,IND_BOILER,MW
2025-03-08 16:00:00,YZ,570.6,NR,IND_BOILER,MW
2025-03-09 17:00:00,YZ,370.0,NR,IND_BOILER,MW
2025-03-10 18:00:00,YZ,370.0,NR,IND_BOILER,MW
2025-03-11 19:00:00,YZ,1840.6,NR,IND_BOILER,MW
2025-03-12 20:00:00,YZ,721.4,NR,IND_BOILER,MW
2025-03-13 21:00:00,YZ,1175.6,NR,IND_BOILER,MW
2025-03-14 22:00:00,YZ,1140.8,NR,IND_BOILER,MW
2025-03-15 23:00:00,YZ,564.8,NR,IND_BOILER,MW
2025-03-17 00:00:00,YZ,830.0,NR,IND_BOILER,MW
2025-03-18 01:00:00,YZ,541.6,NR,IND_BOILER,MW
2025-03-19 02:00:00,YZ,995.8,NR,IND_BOILER,MW
2025-03-20 03:00:00,YZ,830.0,NR,IND_BOILER,MW
2025-03-21 04:00:00,YZ,518.4,NR,IND_BOILER,MW
2025-03-22 05:00:00,YZ,370.0,NR,IND_BOILER,MW
2025-03-23 06:00:00,YZ,370.0,NR,IND_BOILER,MW
2025-03-24 07:00:00,YZ,1030.0,NR,IND_BOILER,MW
2025-03-25 08:00:00,YZ,1972.2,NR,IND_BOILER,MW
2025-03-26 09:00:00,YZ,830.0,NR,IND_BOILER,MW
2025-03-27 10:00:00,YZ,2203.2,NR,IND_BOILER,MW
2025-03-28 11:00:00,YZ,1795.0,NR,IND_BOILER,MW
2025-03-29 12:00:00,YZ,1024.8,NR,IND_BOILER,MW
2025-03-30 13:00:00,YZ,830.0,NR,IND_BOILER,MW
2025-03-31 14:00:00,YZ,370.0,NR,IND_BOILER,MW
2025-04-01 15:00:00,YZ,1152.4,NR,IND_BOILER,MW
2025-04-02 16:00:00,YZ,370.0,NR,IND_BOILER,MW
2025-04-03 17:00:00,YZ,1030.0,NR,IND_BOILER,MW
2025-04-04 18:00:00,YZ,370.0,NR,IND_BOILER,MW
2025-04-05 19:00:00,YZ,830.0,NR,IND_BOILER,MW
2025-04-06 20:00:00,YZ,570.6,NR,IND_BOILER,MW
2025-04-07 21:00:00,YZ,830.0,NR,IND_BOILER,MW
2025-04-08 22:00:00,YZ,830.0,NR,IND_BOILER,MW
2025-04-09 23:00:00,YZ,370.0,NR,IND_BOILER,MW
2025-04-11 00:00:00,YZ,370.0,NR,IND_BOILER,MW
2025-04-12 01:00:00,YZ,370.0,NR,IND_BOILER,MW
2025-04-13 02:00:00,YZ,472.0,NR,IND_BOILER,MW
2025-04-14 03:00:00,YZ,370.0,NR,IND_BOILER,MW
2025-04-15 04:00:00,YZ,506.8,NR,IND_BOILER,MW
2025-04-16 05:00:00,YZ,370.0,NR,IND_BOILER,MW
2025-04-17 06:00:00,YZ,605.4,NR,IND_BOILER,MW
2025-04-18 07:00:00,YZ,830.0,NR,IND_BOILER,MW
2025-04-19 08:00:00,YZ,1756.0,NR,IND_BOILER,MW
2025-04-20 09:00:00,YZ,370.0,NR,IND_BOILER,MW
2025-04-21 10:00:00,YZ,1135.0,NR,IND_BOILER,MW
2025-04-22 11:00:00,YZ,686.6,NR,IND_BOILER,MW
2025-04-23 12:00:00,YZ,370.0,NR,IND_BOILER,MW
2025-04-24 13:00:00,YZ,830.0,NR,IND_BOILER,MW
2025-04-25 14:00:00,YZ,1983.6,NR,IND_BOILER,MW
2025-04-26 15:00:00,YZ,559.0,NR,IND_BOILER,MW
2025-04-27 16:00:00,YZ,830.0,NR,IND_BOILER,MW
2025-04-28 17:00:00,YZ,570.0,NR,IND_BOILER,MW
2025-04-29 18:00:00,YZ,1146.6,NR,IND_BOILER,MW
2025-04-30 19:00:00,YZ,709.8,NR,IND_BOILER,MW
2025-05-01 20:00:00,YZ,698.2,NR,IND_BOILER,MW
2025-05-02 21:00:00,YZ,370.0,NR,IND_BOILER,MW
2025-05-03 22:00:00,YZ,553.2,NR,IND_BOILER,MW
2025-05-04 23:00:00,YZ,1030.0,NR,IND_BOILER,MW
2025-05-06 00:00:00,YZ,570.6,NR,IND_BOILER,MW
2025-05-07 01:00:00,YZ,553.2,NR,IND_BOILER,MW
2025-05-08 02:00:00,YZ,1001.6,NR,IND_BOILER,MW
2025-05-09 03:00:00,YZ,961.0,NR,IND_BOILER,MW
2025-05-10 04:00:00,YZ,830.0,NR,IND_BOILER,MW
2025-05-11 05:00:00,YZ,955.2,NR,IND_BOILER,MW
2025-05-12 06:00:00,YZ,830.0,NR,IND_BOILER,MW
2025-05-13 07:00:00,YZ,370.0,NR,IND_BOILER,MW
2025-05-14 08:00:00,YZ,1135.0,NR,IND_BOILER,MW
2025-05-15 09:00:00,YZ,698.2,NR,IND_BOILER,MW
2025-05-16 10:00:00,YZ,1123.4,NR,IND_BOILER,MW
2025-05-17 11:00:00,YZ,370.0,NR,IND_BOILER,MW
2025-05-18 12:00:00,YZ,830.0,NR,IND_BOILER,MW
2025-05-19 13:00:00,YZ,2082.8,NR,IND_BOILER,MW
2025-05-20 14:00:00,YZ,680.8,NR,IND_BOILER,MW
2025-05-21 15:00:00,YZ,704.0,NR,IND_BOILER,MW
2025-05-22 16:00:00,YZ,1158.2,NR,IND_BOILER,MW
2025-05-23 17:00:00,YZ,1123.4,NR,IND_BOILER,MW
2025-05-24 18:00:00,YZ,1013.2,NR,IND_BOILER,MW
2025-05-25 19:00:00,YZ,370.0,NR,IND_BOILER,MW
2025-05-26 20:00:00,YZ,570.0,NR,IND_BOILER,MW
2025-05-27 21:00:00,YZ,570.0,NR,IND_BOILER,MW
2025-05-28 22:00:00,YZ,570.0,NR,IND_BOILER,MW
2025-05-29 23:00:00,YZ,370.0,NR,IND_BOILER,MW
2025-05-31 00:00:00,YZ,1738.8,NR,IND_BOILER,MW
2025-06-01 01:00:00,YZ,489.4,NR,IND_BOILER,MW
2025-06-02 02:00:00,YZ,830.0,NR,IND_BOILER,MW
2025-06-03 03:00:00,YZ,949.4,NR,IND_BOILER,MW
2025-06-04 04:00:00,YZ,524.2,NR,IND_BOILER,MW
2025-06-05 05:00:00,YZ,1019.0,NR,IND_BOILER,MW
2025-06-06 06:00:00,YZ,370.0,NR,IND_BOILER,MW
2025-06-07 07:00:00,YZ,570.0,NR,IND_BOILER,MW
2025-06-08 08:00:00,YZ,547.4,NR,IND_BOILER,MW
2025-06-09 09:00:00,YZ,1756.0,NR,IND_BOILER,MW
2025-06-10 10:00:00,YZ,570.0,NR,IND_BOILER,MW
2025-06-11 11:00:00,YZ,2100.0,NR,IND_BOILER,MW
2025-06-12 12:00:00,YZ,698.2,NR,IND_BOILER,MW
2025-06-13 13:00:00,YZ,1152.4,NR,IND_BOILER,MW
2025-06-14 14:00:00,YZ,657.6,NR,IND_BOILER,MW
2025-06-15 15:00:00,YZ,1721.6,NR,IND_BOILER,MW
2025-06-16 16:00:00,YZ,370.0,NR,IND_BOILER,MW
2025-06-17 17:00:00,YZ,370.0,NR,IND_BOILER,MW
2025-06-18 18:00:00,YZ,1030.0,NR,IND_BOILER,MW
2025-06-19 19:00:00,YZ,1030.0,NR,IND_BOILER,MW
2025-06-20 20:00:00,YZ,1030.0,NR,IND_BOILER,MW
2025-06-21 21:00:00,YZ,370.0,NR,IND_BOILER,MW
2025-06-22 22:00:00,YZ,547.4,NR,IND_BOILER,MW
2025-06-23 23:00:00,YZ,1019.0,NR,IND_BOILER,MW
2025-06-25 00:00:00,YZ,570.0,NR,IND_BOILER,MW
2025-06-26 01:00:00,YZ,1612.6,NR,IND_BOILER,MW
2025-06-27 02:00:00,YZ,370.0,NR,IND_BOILER,MW
2025-06-28 03:00:00,YZ,966.8,NR,IND_BOILER,MW
2025-06-29 04:00:00,YZ,370.0,NR,IND_BOILER,MW
2025-06-30 05:00:00,YZ,370.0,NR,IND_BOILER,MW
2025-07-01 06:00:00,YZ,524.2,NR,IND_BOILER,MW
2025-07-02 07:00:00,YZ,370.0,NR,IND_BOILER,MW
2025-07-03 08:00:00,YZ,370.0,NR,IND_BOILER,MW
2025-07-04 09:00:00,YZ,675.0,NR,IND_BOILER,MW
2025-07-05 10:00:00,YZ,657.6,NR,IND_BOILER,MW
2025-07-06 11:00:00,YZ,547.4,NR,IND_BOILER,MW
2025-07-07 12:00:00,YZ,1019.0,NR,IND_BOILER,MW
2025-07-08 13:00:00,YZ,570.0,NR,IND_BOILER,MW
2025-07-09 14:00:00,YZ,370.0,NR,IND_BOILER,MW
2025-07-10 15:00:00,YZ,570.0,NR,IND_BOILER,MW
2025-07-11 16:00:00,YZ,692.4,NR,IND_BOILER,MW
2025-07-12 17:00:00,YZ,830.0,NR,IND_BOILER,MW
2025-07-13 18:00:00,YZ,547.4,NR,IND_BOILER,MW
2025-07-14 19:00:00,YZ,559.0,NR,IND_BOILER,MW
2025-07-15 20:00:00,YZ,663.4,NR,IND_BOILER,MW
2025-07-16 21:00:00,YZ,370.0,NR,IND_BOILER,MW
2025-07-17 22:00:00,YZ,570.0,NR,IND_BOILER,MW
2025-07-18 23:00:00,YZ,1152.4,NR,IND_BOILER,MW
2025-07-20 00:00:00,YZ,617.0,NR,IND_BOILER,MW
2025-07-21 01:00:00,YZ,990.0,NR,IND_BOILER,MW
2025-07-22 02:00:00,YZ,830.0,NR,IND_BOILER,MW
2025-07-23 03:00:00,YZ,1584.0,NR,IND_BOILER,MW
2025-07-24 04:00:00,YZ,1475.8,NR,IND_BOILER,MW
2025-07-25 05:00:00,YZ,530.0,NR,IND_BOILER,MW
2025-07-26 06:00:00,YZ,830.0,NR,IND_BOILER,MW
2025-07-27 07:00:00,YZ,518.4,NR,IND_BOILER,MW
2025-07-28 08:00:00,YZ,370.0,NR,IND_BOILER,MW
2025-07-29 09:00:00,YZ,830.0,NR,IND_BOILER,MW
2025-07-30 10:00:00,YZ,1129.2,NR,IND_BOILER,MW
2025-07-31 11:00:00,YZ,570.0,NR,IND_BOILER,MW
2025-08-01 12:00:00,YZ,2029.2,NR,IND_BOILER,MW
2025-08-02 13:00:00,YZ,830.0,NR,IND_BOILER,MW
2025-08-03 14:00:00,YZ,1007.4,NR,IND_BOILER,MW
2025-08-04 15:00:00,YZ,1019.0,NR,IND_BOILER,MW
2025-08-05 16:00:00,YZ,1123.4,NR,IND_BOILER,MW
2025-08-06 17:00:00,YZ,570.0,NR,IND_BOILER,MW
2025-08-07 18:00:00,YZ,370.0,NR,IND_BOILER,MW
2025-08-08 19:00:00,YZ,830.0,NR,IND_BOILER,MW
2025-08-09 20:00:00,YZ,370.0,NR,IND_BOILER,MW
2025-08-10 21:00:00,YZ,370.0,NR,IND_BOILER,MW
2025-08-11 22:00:00,YZ,559.0,NR,IND_BOILER,MW
2025-08-12 23:00:00,YZ,830.0,NR,IND_BOILER,MW
2025-08-14 00:00:00,YZ,1030.0,NR,IND_BOILER,MW
2025-08-15 01:00:00,YZ,1059.6,NR,IND_BOILER,MW
2025-08-16 02:00:00,YZ,830.0,NR,IND_BOILER,MW
2025-08-17 03:00:00,YZ,943.6,NR,IND_BOILER,MW
2025-08-18 04:00:00,YZ,1429.2,NR,IND_BOILER,MW
2025-08-19 05:00:00,YZ,1384.6,NR,IND_BOILER,MW
2025-08-20 06:00:00,YZ,984.2,NR,IND_BOILER,MW
2025-08-21 07:00:00,YZ,1048.0,NR,IND_BOILER,MW
2025-08-22 08:00:00,YZ,370.0,NR,IND_BOILER,MW
2025-08-23 09:00:00,YZ,640.2,NR,IND_BOILER,MW
2025-08-24 10:00:00,YZ,1007.4,NR,IND_BOILER,MW
2025-08-25 11:00:00,YZ,559.0,NR,IND_BOILER,MW
2025-08-26 12:00:00,YZ,370.0,NR,IND_BOILER,MW
2025-08-27 13:00:00,YZ,570.0,NR,IND_BOILER,MW
2025-08-28 14:00:00,YZ,1158.2,NR,IND_BOILER,MW
2025-08-29 15:00:00,YZ,570.0,NR,IND_BOILER,MW
2025-08-30 16:00:00,YZ,2048.4,NR,IND_BOILER,MW
2025-08-31 17:00:00,YZ,830.0,NR,IND_BOILER,MW
2025-09-01 18:00:00,YZ,830.0,NR,IND_BOILER,MW
2025-09-02 19:00:00,YZ,1030.0,NR,IND_BOILER,MW
2025-09-03 20:00:00,YZ,1030.0,NR,IND_BOILER,MW
2025-09-04 21:00:00,YZ,370.0,NR,IND_BOILER,MW
2025-09-05 22:00:00,YZ,686.6,NR,IND_BOILER,MW
2025-09-06 23:00:00,YZ,570.0,NR,IND_BOILER,MW
2025-09-08 00:00:00,YZ,370.0,NR,IND_BOILER,MW
2025-09-09 01:00:00,YZ,1687.2,NR,IND_BOILER,MW
2025-09-10 02:00:00,YZ,830.0,NR,IND_BOILER,MW
2025-09-11 03:00:00,YZ,978.4,NR,IND_BOILER,MW
2025-09-12 04:00:00,YZ,1487.2,NR,IND_BOILER,MW
2025-09-13 05:00:00,YZ,830.0,NR,IND_BOILER,MW
2025-09-14 06:00:00,YZ,937.8,NR,IND_BOILER,MW
2025-09-15 07:00:00,YZ,984.2,NR,IND_BOILER,MW
2025-09-16 08:00:00,YZ,830.0,NR,IND_BOILER,MW
2025-09-17 09:00:00,YZ,640.2,NR,IND_BOILER,MW
2025-09-18 10:00:00,YZ,370.0,NR,IND_BOILER,MW
2025-09-19 11:00:00,YZ,2017.8,NR,IND_BOILER,MW
2025-09-20 12:00:00,YZ,830.0,NR,IND_BOILER,MW
2025-09-21 13:00:00,YZ,370.0,NR,IND_BOILER,MW
2025-09-22 14:00:00,YZ,559.0,NR,IND_BOILER,MW
2025-09-23 15:00:00,YZ,370.0,NR,IND_BOILER,MW
2025-09-24 16:00:00,YZ,1135.0,NR,IND_BOILER,MW
2025-09-25 17:00:00,YZ,2040.6,NR,IND_BOILER,MW
2025-09-26 18:00:00,YZ,370.0,NR,IND_BOILER,MW
2025-09-27 19:00:00,YZ,1117.6,NR,IND_BOILER,MW
2025-09-28 20:00:00,YZ,1007.4,NR,IND_BOILER,MW
2025-09-29 21:00:00,YZ,1019.0,NR,IND_BOILER,MW
2025-09-30 22:00:00,YZ,370.0,NR,IND_BOILER,MW
2025-10-01 23:00:00,YZ,830.0,NR,IND_BOILER,MW
2025-10-03 00:00:00,YZ,830.0,NR,IND_BOILER,MW
2025-10-04 01:00:00,YZ,1036.4,NR,IND_BOILER,MW
2025-10-05 02:00:00,YZ,512.6,NR,IND_BOILER,MW
2025-10-06 03:00:00,YZ,920.4,NR,IND_BOILER,MW
2025-10-07 04:00:00,YZ,460.4,NR,IND_BOILER,MW
2025-10-08 05:00:00,YZ,370.0,NR,IND_BOILER,MW
2025-10-09 06:00:00,YZ,830.0,NR,IND_BOILER,MW
2025-10-10 07:00:00,YZ,1030.0,NR,IND_BOILER,MW
2025-10-11 08:00:00,YZ,1071.2,NR,IND_BOILER,MW
2025-10-12 09:00:00,YZ,1013.2,NR,IND_BOILER,MW
2025-10-13 10:00:00,YZ,1024.8,NR,IND_BOILER,MW
2025-10-14 11:00:00,YZ,370.0,NR,IND_BOILER,MW
2025-10-15 12:00:00,YZ,1806.4,NR,IND_BOILER,MW
2025-10-16 13:00:00,YZ,1852.0,NR,IND_BOILER,MW
2025-10-17 14:00:00,YZ,830.0,NR,IND_BOILER,MW
2025-10-18 15:00:00,YZ,1772.2,NR,IND_BOILER,MW
2025-10-19 16:00:00,YZ,553.2,NR,IND_BOILER,MW
2025-10-20 17:00:00,YZ,1773.2,NR,IND_BOILER,MW
2025-10-21 18:00:00,YZ,669.2,NR,IND_BOILER,MW
2025-10-22 19:00:00,YZ,1030.0,NR,IND_BOILER,MW
2025-10-23 20:00:00,YZ,370.0,NR,IND_BOILER,MW
2025-10-24 21:00:00,YZ,570.0,NR,IND_BOILER,MW
2025-10-25 22:00:00,YZ,830.0,NR,IND_BOILER,MW
2025-10-26 23:00:00,YZ,830.0,NR,IND_BOILER,MW
2025-10-28 00:00:00,YZ,564.8,NR,IND_BOILER,MW
2025-10-29 01:00:00,YZ,1024.8,NR,IND_BOILER,MW
2025-10-30 02:00:00,YZ,1721.6,NR,IND_BOILER,MW
2025-10-31 03:00:00,YZ,535.8,NR,IND_BOILER,MW
2025-11-01 04:00:00,YZ,370.0,NR,IND_BOILER,MW
2025-11-02 05:00:00,YZ,454.6,NR,IND_BOILER,MW
2025-11-03 06:00:00,YZ,489.4,NR,IND_BOILER,MW
2025-11-04 07:00:00,YZ,830.0,NR,IND_BOILER,MW
2025-11-05 08:00:00,YZ,611.2,NR,IND_BOILER,MW
2025-11-06 09:00:00,YZ,370.0,NR,IND_BOILER,MW
2025-11-07 10:00:00,YZ,370.0,NR,IND_BOILER,MW
2025-11-08 11:00:00,YZ,1123.4,NR,IND_BOILER,MW
2025-11-09 12:00:00,YZ,1013.2,NR,IND_BOILER,MW
2025-11-10 13:00:00,YZ,1024.8,NR,IND_BOILER,MW
2025-11-11 14:00:00,YZ,830.0,NR,IND_BOILER,MW
2025-11-12 15:00:00,YZ,1030.0,NR,IND_BOILER,MW
2025-11-13 16:00:00,YZ,1030.0,NR,IND_BOILER,MW
2025-11-14 17:00:00,YZ,370.0,NR,IND_BOILER,MW
2025-11-15 18:00:00,YZ,1123.4,NR,IND_BOILER,MW
2025-11-16 19:00:00,YZ,830.0,NR,IND_BOILER,MW
2025-11-17 20:00:00,YZ,564.8,NR,IND_BOILER,MW
2025-11-18 21:00:00,YZ,830.0,NR,IND_BOILER,MW
2025-11-19 22:00:00,YZ,370.0,NR,IND_BOILER,MW
2025-11-20 23:00:00,YZ,1164.0,NR,IND_BOILER,MW
2025-11-22 00:00:00,YZ,1111.8,NR,IND_BOILER,MW
2025-11-23 01:00:00,YZ,370.0,NR,IND_BOILER,MW
2025-11-24 02:00:00,YZ,955.2,NR,IND_BOILER,MW
2025-11-25 03:00:00,YZ,477.8,NR,IND_BOILER,MW
2025-11-26 04:00:00,YZ,495.2,NR,IND_BOILER,MW
2025-11-27 05:00:00,YZ,1510.0,NR,IND_BOILER,MW
2025-11-28 06:00:00,YZ,564.8,NR,IND_BOILER,MW
2025-11-29 07:00:00,YZ,1036.4,NR,IND_BOILER,MW
2025-11-30 08:00:00,YZ,553.2,NR,IND_BOILER,MW
2025-12-01 09:00:00,YZ,830.0,NR,IND_BOILER,MW
2025-12-02 10:00:00,YZ,570.0,NR,IND_BOILER,MW
2025-12-03 11:00:00,YZ,570.0,NR,IND_BOILER,MW
2025-12-04 12:00:00,YZ,370.0,NR,IND_BOILER,MW
2025-12-05 13:00:00,YZ,370.0,NR,IND_BOILER,MW
2025-12-06 14:00:00,YZ,669.2,NR,IND_BOILER,MW
2025-12-07 15:00:00,YZ,830.0,NR,IND_BOILER,MW
2025-12-08 16:00:00,YZ,1790.4,NR,IND_BOILER,MW
2025-12-09 17:00:00,YZ,370.0,NR,IND_BOILER,MW
2025-12-10 18:00:00,YZ,1817.8,NR,IND_BOILER,MW
2025-12-11 19:00:00,YZ,1030.0,NR,IND_BOILER,MW
2025-12-12 20:00:00,YZ,1030.0,NR,IND_BOILER,MW
2025-12-13 21:00:00,YZ,669.2,NR,IND_BOILER,MW
2025-12-14 22:00:00,YZ,1756.0,NR,IND_BOILER,MW
2025-12-15 23:00:00,YZ,1790.4,NR,IND_BOILER,MW
2025-12-17 00:00:00,YZ,646.0,NR,IND_BOILER,MW
2025-12-18 01:00:00,YZ,370.0,NR,IND_BOILER,MW
2025-12-19 02:00:00,YZ,1589.8,NR,IND_BOILER,MW
2025-12-20 03:00:00,YZ,978.4,NR,IND_BOILER,MW
2025-12-21 04:00:00,YZ,1532.4,NR,IND_BOILER,MW
2025-12-22 05:00:00,YZ,472.0,NR,IND_BOILER,MW
2025-12-23 06:00:00,YZ,830.0,NR,IND_BOILER,MW
2025-12-24 07:00:00,YZ,370.0,NR,IND_BOILER,MW
2025-12-25 08:00:00,YZ,1926.6,NR,IND_BOILER,MW
2025-12-26 09:00:00,YZ,686.6,NR,IND_BOILER,MW
2025-12-27 10:00:00,YZ,1030.0,NR,IND_BOILER,MW
2025-12-28 11:00:00,YZ,370.0,NR,IND_BOILER,MW
2025-12-29 12:00:00,YZ,570.6,NR,IND_BOILER,MW
2025-12-30 13:00:00,YZ,570.0,NR,IND_BOILER,MW
2025-12-31 14:00:00,YZ,1030.0,NR,IND_BOILER,MW
2026-01-01 15:00:00,YZ,370.0,NR,IND_BOILER,MW
2025-01-01 00:00:00,YZ,3804.8,SO,IND_BOILER,MW
2025-01-02 01:00:00,YZ,3706.4,SO,IND_BOILER,MW
2025-01-03 02:00:00,YZ,3575.2,SO,IND_BOILER,MW
2025-01-04 03:00:00,YZ,3542.4,SO,IND_BOILER,MW
2025-01-05 04:00:00,YZ,3444.0,SO,IND_BOILER,MW
2025-01-06 05:00:00,YZ,3509.6,SO,IND_BOILER,MW
2025-01-07 06:00:00,YZ,3739.2,SO,IND_BOILER,MW
2025-01-08 07:00:00,YZ,3936.0,SO,IND_BOILER,MW
2025-01-09 08:00:00,YZ,4067.2,SO,IND_BOILER,MW
2025-01-10 09:00:00,YZ,4034.4,SO,IND_BOILER,MW
2025-01-11 10:00:00,YZ,3936.0,SO,IND_BOILER,MW
2025-01-12 11:00:00,YZ,3673.6,SO,IND_BOILER,MW
2025-01-13 12:00:00,YZ,3739.2,SO,IND_BOILER,MW
2025-01-14 13:00:00,YZ,4034.4,SO,IND_BOILER,MW
2025-01-15 14:00:00,YZ,4100.0,SO,IND_BOILER,MW
2025-01-16 15:00:00,YZ,4362.4,SO,IND_BOILER,MW
2025-01-17 16:00:00,YZ,4165.6,SO,IND_BOILER,MW
2025-01-18 17:00:00,YZ,3509.6,SO,IND_BOILER,MW
2025-01-19 18:00:00,YZ,3575.2,SO,IND_BOILER,MW
2025-01-20 19:00:00,YZ,4198.4,SO,IND_BOILER,MW
2025-01-21 20:00:00,YZ,4264.0,SO,IND_BOILER,MW
2025-01-22 21:00:00,YZ,4395.2,SO,IND_BOILER,MW
2025-01-23 22:00:00,YZ,4362.4,SO,IND_BOILER,MW
2025-01-24 23:00:00,YZ,3936.0,SO,IND_BOILER,MW
2025-01-26 00:00:00,YZ,3411.2,SO,IND_BOILER,MW
2025-01-27 01:00:00,YZ,3214.4,SO,IND_BOILER,MW
2025-01-28 02:00:00,YZ,3247.2,SO,IND_BOILER,MW
2025-01-29 03:00:00,YZ,3312.8,SO,IND_BOILER,MW
2025-01-30 04:00:00,YZ,3444.0,SO,IND_BOILER,MW
2025-01-31 05:00:00,YZ,3411.2,SO,IND_BOILER,MW
2025-02-01 06:00:00,YZ,3378.4,SO,IND_BOILER,MW
2025-02-02 07:00:00,YZ,3608.0,SO,IND_BOILER,MW
2025-02-03 08:00:00,YZ,4067.2,SO,IND_BOILER,MW
2025-02-04 09:00:00,YZ,4264.0,SO,IND_BOILER,MW
2025-02-05 10:00:00,YZ,4428.0,SO,IND_BOILER,MW
2025-02-06 11:00:00,YZ,4395.2,SO,IND_BOILER,MW
2025-02-07 12:00:00,YZ,4198.4,SO,IND_BOILER,MW
2025-02-08 13:00:00,YZ,3542.4,SO,IND_BOILER,MW
2025-02-09 14:00:00,YZ,3608.0,SO,IND_BOILER,MW
2025-02-10 15:00:00,YZ,4231.2,SO,IND_BOILER,MW
2025-02-11 16:00:00,YZ,4296.8,SO,IND_BOILER,MW
2025-02-12 17:00:00,YZ,4428.0,SO,IND_BOILER,MW
2025-02-13 18:00:00,YZ,4395.2,SO,IND_BOILER,MW
2025-02-14 19:00:00,YZ,4198.4,SO,IND_BOILER,MW
2025-02-15 20:00:00,YZ,3542.4,SO,IND_BOILER,MW
2025-02-16 21:00:00,YZ,3608.0,SO,IND_BOILER,MW
2025-02-17 22:00:00,YZ,4231.2,SO,IND_BOILER,MW
2025-02-18 23:00:00,YZ,4132.8,SO,IND_BOILER,MW
2025-02-20 00:00:00,YZ,3837.6,SO,IND_BOILER,MW
2025-02-21 01:00:00,YZ,3444.0,SO,IND_BOILER,MW
2025-02-22 02:00:00,YZ,3148.8,SO,IND_BOILER,MW
2025-02-23 03:00:00,YZ,2952.0,SO,IND_BOILER,MW
2025-02-24 04:00:00,YZ,3050.4,SO,IND_BOILER,MW
2025-02-25 05:00:00,YZ,3378.4,SO,IND_BOILER,MW
2025-02-26 06:00:00,YZ,3739.2,SO,IND_BOILER,MW
2025-02-27 07:00:00,YZ,4034.4,SO,IND_BOILER,MW
2025-02-28 08:00:00,YZ,4067.2,SO,IND_BOILER,MW
2025-03-01 09:00:00,YZ,3509.6,SO,IND_BOILER,MW
2025-03-02 10:00:00,YZ,3575.2,SO,IND_BOILER,MW
2025-03-03 11:00:00,YZ,4198.4,SO,IND_BOILER,MW
2025-03-04 12:00:00,YZ,4231.2,SO,IND_BOILER,MW
2025-03-05 13:00:00,YZ,4395.2,SO,IND_BOILER,MW
2025-03-06 14:00:00,YZ,4329.6,SO,IND_BOILER,MW
2025-03-07 15:00:00,YZ,4132.8,SO,IND_BOILER,MW
2025-03-08 16:00:00,YZ,3509.6,SO,IND_BOILER,MW
2025-03-09 17:00:00,YZ,3575.2,SO,IND_BOILER,MW
2025-03-10 18:00:00,YZ,4165.6,SO,IND_BOILER,MW
2025-03-11 19:00:00,YZ,4231.2,SO,IND_BOILER,MW
2025-03-12 20:00:00,YZ,4362.4,SO,IND_BOILER,MW
2025-03-13 21:00:00,YZ,4329.6,SO,IND_BOILER,MW
2025-03-14 22:00:00,YZ,4132.8,SO,IND_BOILER,MW
2025-03-15 23:00:00,YZ,3476.8,SO,IND_BOILER,MW
2025-03-17 00:00:00,YZ,3411.2,SO,IND_BOILER,MW
2025-03-18 01:00:00,YZ,3345.6,SO,IND_BOILER,MW
2025-03-19 02:00:00,YZ,3312.8,SO,IND_BOILER,MW
2025-03-20 03:00:00,YZ,3312.8,SO,IND_BOILER,MW
2025-03-21 04:00:00,YZ,3214.4,SO,IND_BOILER,MW
2025-03-22 05:00:00,YZ,3083.2,SO,IND_BOILER,MW
2025-03-23 06:00:00,YZ,3345.6,SO,IND_BOILER,MW
2025-03-24 07:00:00,YZ,3772.0,SO,IND_BOILER,MW
2025-03-25 08:00:00,YZ,4034.4,SO,IND_BOILER,MW
2025-03-26 09:00:00,YZ,4296.8,SO,IND_BOILER,MW
2025-03-27 10:00:00,YZ,4296.8,SO,IND_BOILER,MW
2025-03-28 11:00:00,YZ,4100.0,SO,IND_BOILER,MW
2025-03-29 12:00:00,YZ,3476.8,SO,IND_BOILER,MW
2025-03-30 13:00:00,YZ,3542.4,SO,IND_BOILER,MW
2025-03-31 14:00:00,YZ,4132.8,SO,IND_BOILER,MW
2025-04-01 15:00:00,YZ,4198.4,SO,IND_BOILER,MW
2025-04-02 16:00:00,YZ,4329.6,SO,IND_BOILER,MW
2025-04-03 17:00:00,YZ,4296.8,SO,IND_BOILER,MW
2025-04-04 18:00:00,YZ,4100.0,SO,IND_BOILER,MW
2025-04-05 19:00:00,YZ,3444.0,SO,IND_BOILER,MW
2025-04-06 20:00:00,YZ,3509.6,SO,IND_BOILER,MW
2025-04-07 21:00:00,YZ,4132.8,SO,IND_BOILER,MW
2025-04-08 22:00:00,YZ,4165.6,SO,IND_BOILER,MW
2025-04-09 23:00:00,YZ,4132.8,SO,IND_BOILER,MW
2025-04-11 00:00:00,YZ,3608.0,SO,IND_BOILER,MW
2025-04-12 01:00:00,YZ,3214.4,SO,IND_BOILER,MW
2025-04-13 02:00:00,YZ,2952.0,SO,IND_BOILER,MW
2025-04-14 03:00:00,YZ,2919.2,SO,IND_BOILER,MW
2025-04-15 04:00:00,YZ,3148.8,SO,IND_BOILER,MW
2025-04-16 05:00:00,YZ,3444.0,SO,IND_BOILER,MW
2025-04-17 06:00:00,YZ,3706.4,SO,IND_BOILER,MW
2025-04-18 07:00:00,YZ,3772.0,SO,IND_BOILER,MW
2025-04-19 08:00:00,YZ,3444.0,SO,IND_BOILER,MW
2025-04-20 09:00:00,YZ,3509.6,SO,IND_BOILER,MW
2025-04-21 10:00:00,YZ,4100.0,SO,IND_BOILER,MW
2025-04-22 11:00:00,YZ,4165.6,SO,IND_BOILER,MW
2025-04-23 12:00:00,YZ,4296.8,SO,IND_BOILER,MW
2025-04-24 13:00:00,YZ,4264.0,SO,IND_BOILER,MW
2025-04-25 14:00:00,YZ,4067.2,SO,IND_BOILER,MW
2025-04-26 15:00:00,YZ,3444.0,SO,IND_BOILER,MW
2025-04-27 16:00:00,YZ,3509.6,SO,IND_BOILER,MW
2025-04-28 17:00:00,YZ,4100.0,SO,IND_BOILER,MW
2025-04-29 18:00:00,YZ,4165.6,SO,IND_BOILER,MW
2025-04-30 19:00:00,YZ,4296.8,SO,IND_BOILER,MW
2025-05-01 20:00:00,YZ,4231.2,SO,IND_BOILER,MW
2025-05-02 21:00:00,YZ,4067.2,SO,IND_BOILER,MW
2025-05-03 22:00:00,YZ,3411.2,SO,IND_BOILER,MW
2025-05-04 23:00:00,YZ,3509.6,SO,IND_BOILER,MW
2025-05-06 00:00:00,YZ,3509.6,SO,IND_BOILER,MW
2025-05-07 01:00:00,YZ,3411.2,SO,IND_BOILER,MW
2025-05-08 02:00:00,YZ,3345.6,SO,IND_BOILER,MW
2025-05-09 03:00:00,YZ,3116.0,SO,IND_BOILER,MW
2025-05-10 04:00:00,YZ,2886.4,SO,IND_BOILER,MW
2025-05-11 05:00:00,YZ,3083.2,SO,IND_BOILER,MW
2025-05-12 06:00:00,YZ,3476.8,SO,IND_BOILER,MW
2025-05-13 07:00:00,YZ,3739.2,SO,IND_BOILER,MW
2025-05-14 08:00:00,YZ,4100.0,SO,IND_BOILER,MW
2025-05-15 09:00:00,YZ,4231.2,SO,IND_BOILER,MW
2025-05-16 10:00:00,YZ,4034.4,SO,IND_BOILER,MW
2025-05-17 11:00:00,YZ,3411.2,SO,IND_BOILER,MW
2025-05-18 12:00:00,YZ,3476.8,SO,IND_BOILER,MW
2025-05-19 13:00:00,YZ,4067.2,SO,IND_BOILER,MW
2025-05-20 14:00:00,YZ,4132.8,SO,IND_BOILER,MW
2025-05-21 15:00:00,YZ,4264.0,SO,IND_BOILER,MW
2025-05-22 16:00:00,YZ,4231.2,SO,IND_BOILER,MW
2025-05-23 17:00:00,YZ,4034.4,SO,IND_BOILER,MW
2025-05-24 18:00:00,YZ,3411.2,SO,IND_BOILER,MW
2025-05-25 19:00:00,YZ,3476.8,SO,IND_BOILER,MW
2025-05-26 20:00:00,YZ,4067.2,SO,IND_BOILER,MW
2025-05-27 21:00:00,YZ,4132.8,SO,IND_BOILER,MW
2025-05-28 22:00:00,YZ,4264.0,SO,IND_BOILER,MW
2025-05-29 23:00:00,YZ,3968.8,SO,IND_BOILER,MW
2025-05-31 00:00:00,YZ,3411.2,SO,IND_BOILER,MW
2025-06-01 01:00:00,YZ,3050.4,SO,IND_BOILER,MW
2025-06-02 02:00:00,YZ,2952.0,SO,IND_BOILER,MW
2025-06-03 03:00:00,YZ,3050.4,SO,IND_BOILER,MW
2025-06-04 04:00:00,YZ,3247.2,SO,IND_BOILER,MW
2025-06-05 05:00:00,YZ,3444.0,SO,IND_BOILER,MW
2025-06-06 06:00:00,YZ,3476.8,SO,IND_BOILER,MW
2025-06-07 07:00:00,YZ,4001.6,SO,IND_BOILER,MW
2025-06-08 08:00:00,YZ,3378.4,SO,IND_BOILER,MW
2025-06-09 09:00:00,YZ,3444.0,SO,IND_BOILER,MW
2025-06-10 10:00:00,YZ,4034.4,SO,IND_BOILER,MW
2025-06-11 11:00:00,YZ,4100.0,SO,IND_BOILER,MW
2025-06-12 12:00:00,YZ,4231.2,SO,IND_BOILER,MW
2025-06-13 13:00:00,YZ,4198.4,SO,IND_BOILER,MW
2025-06-14 14:00:00,YZ,4001.6,SO,IND_BOILER,MW
2025-06-15 15:00:00,YZ,3378.4,SO,IND_BOILER,MW
2025-06-16 16:00:00,YZ,3444.0,SO,IND_BOILER,MW
2025-06-17 17:00:00,YZ,4034.4,SO,IND_BOILER,MW
2025-06-18 18:00:00,YZ,4100.0,SO,IND_BOILER,MW
2025-06-19 19:00:00,YZ,4231.2,SO,IND_BOILER,MW
2025-06-20 20:00:00,YZ,4198.4,SO,IND_BOILER,MW
2025-06-21 21:00:00,YZ,4034.4,SO,IND_BOILER,MW
2025-06-22 22:00:00,YZ,3378.4,SO,IND_BOILER,MW
2025-06-23 23:00:00,YZ,3444.0,SO,IND_BOILER,MW
2025-06-25 00:00:00,YZ,3870.4,SO,IND_BOILER,MW
2025-06-26 01:00:00,YZ,3575.2,SO,IND_BOILER,MW
2025-06-27 02:00:00,YZ,3444.0,SO,IND_BOILER,MW
2025-06-28 03:00:00,YZ,3148.8,SO,IND_BOILER,MW
2025-06-29 04:00:00,YZ,2952.0,SO,IND_BOILER,MW
2025-06-30 05:00:00,YZ,2886.4,SO,IND_BOILER,MW
2025-07-01 06:00:00,YZ,3247.2,SO,IND_BOILER,MW
2025-07-02 07:00:00,YZ,3476.8,SO,IND_BOILER,MW
2025-07-03 08:00:00,YZ,3837.6,SO,IND_BOILER,MW
2025-07-04 09:00:00,YZ,4100.0,SO,IND_BOILER,MW
2025-07-05 10:00:00,YZ,4001.6,SO,IND_BOILER,MW
2025-07-06 11:00:00,YZ,3378.4,SO,IND_BOILER,MW
2025-07-07 12:00:00,YZ,3444.0,SO,IND_BOILER,MW
2025-07-08 13:00:00,YZ,4034.4,SO,IND_BOILER,MW
2025-07-09 14:00:00,YZ,4100.0,SO,IND_BOILER,MW
2025-07-10 15:00:00,YZ,4231.2,SO,IND_BOILER,MW
2025-07-11 16:00:00,YZ,4198.4,SO,IND_BOILER,MW
2025-07-12 17:00:00,YZ,4001.6,SO,IND_BOILER,MW
2025-07-13 18:00:00,YZ,3378.4,SO,IND_BOILER,MW
2025-07-14 19:00:00,YZ,3444.0,SO,IND_BOILER,MW
2025-07-15 20:00:00,YZ,4034.4,SO,IND_BOILER,MW
2025-07-16 21:00:00,YZ,4100.0,SO,IND_BOILER,MW
2025-07-17 22:00:00,YZ,4231.2,SO,IND_BOILER,MW
2025-07-18 23:00:00,YZ,4198.4,SO,IND_BOILER,MW
2025-07-20 00:00:00,YZ,3772.0,SO,IND_BOILER,MW
2025-07-21 01:00:00,YZ,3280.0,SO,IND_BOILER,MW
2025-07-22 02:00:00,YZ,3083.2,SO,IND_BOILER,MW
2025-07-23 03:00:00,YZ,3116.0,SO,IND_BOILER,MW
2025-07-24 04:00:00,YZ,3181.6,SO,IND_BOILER,MW
2025-07-25 05:00:00,YZ,3280.0,SO,IND_BOILER,MW
2025-07-26 06:00:00,YZ,3280.0,SO,IND_BOILER,MW
2025-07-27 07:00:00,YZ,3214.4,SO,IND_BOILER,MW
2025-07-28 08:00:00,YZ,3444.0,SO,IND_BOILER,MW
2025-07-29 09:00:00,YZ,3903.2,SO,IND_BOILER,MW
2025-07-30 10:00:00,YZ,4067.2,SO,IND_BOILER,MW
2025-07-31 11:00:00,YZ,4231.2,SO,IND_BOILER,MW
2025-08-01 12:00:00,YZ,4198.4,SO,IND_BOILER,MW
2025-08-02 13:00:00,YZ,4001.6,SO,IND_BOILER,MW
2025-08-03 14:00:00,YZ,3378.4,SO,IND_BOILER,MW
2025-08-04 15:00:00,YZ,3444.0,SO,IND_BOILER,MW
2025-08-05 16:00:00,YZ,4034.4,SO,IND_BOILER,MW
2025-08-06 17:00:00,YZ,4100.0,SO,IND_BOILER,MW
2025-08-07 18:00:00,YZ,4231.2,SO,IND_BOILER,MW
2025-08-08 19:00:00,YZ,4198.4,SO,IND_BOILER,MW
2025-08-09 20:00:00,YZ,4001.6,SO,IND_BOILER,MW
2025-08-10 21:00:00,YZ,3378.4,SO,IND_BOILER,MW
2025-08-11 22:00:00,YZ,3444.0,SO,IND_BOILER,MW
2025-08-12 23:00:00,YZ,4034.4,SO,IND_BOILER,MW
2025-08-14 00:00:00,YZ,3968.8,SO,IND_BOILER,MW
2025-08-15 01:00:00,YZ,3673.6,SO,IND_BOILER,MW
2025-08-16 02:00:00,YZ,3312.8,SO,IND_BOILER,MW
2025-08-17 03:00:00,YZ,3017.6,SO,IND_BOILER,MW
2025-08-18 04:00:00,YZ,2820.8,SO,IND_BOILER,MW
2025-08-19 05:00:00,YZ,2919.2,SO,IND_BOILER,MW
2025-08-20 06:00:00,YZ,3247.2,SO,IND_BOILER,MW
2025-08-21 07:00:00,YZ,3608.0,SO,IND_BOILER,MW
2025-08-22 08:00:00,YZ,3870.4,SO,IND_BOILER,MW
2025-08-23 09:00:00,YZ,3903.2,SO,IND_BOILER,MW
2025-08-24 10:00:00,YZ,3378.4,SO,IND_BOILER,MW
2025-08-25 11:00:00,YZ,3444.0,SO,IND_BOILER,MW
2025-08-26 12:00:00,YZ,4034.4,SO,IND_BOILER,MW
2025-08-27 13:00:00,YZ,4100.0,SO,IND_BOILER,MW
2025-08-28 14:00:00,YZ,4231.2,SO,IND_BOILER,MW
2025-08-29 15:00:00,YZ,4198.4,SO,IND_BOILER,MW
2025-08-30 16:00:00,YZ,4001.6,SO,IND_BOILER,MW
2025-08-31 17:00:00,YZ,3378.4,SO,IND_BOILER,MW
2025-09-01 18:00:00,YZ,3444.0,SO,IND_BOILER,MW
2025-09-02 19:00:00,YZ,4034.4,SO,IND_BOILER,MW
2025-09-03 20:00:00,YZ,4100.0,SO,IND_BOILER,MW
2025-09-04 21:00:00,YZ,4231.2,SO,IND_BOILER,MW
2025-09-05 22:00:00,YZ,4165.6,SO,IND_BOILER,MW
2025-09-06 23:00:00,YZ,4001.6,SO,IND_BOILER,MW
2025-09-08 00:00:00,YZ,3378.4,SO,IND_BOILER,MW
2025-09-09 01:00:00,YZ,3312.8,SO,IND_BOILER,MW
2025-09-10 02:00:00,YZ,3247.2,SO,IND_BOILER,MW
2025-09-11 03:00:00,YZ,3214.4,SO,IND_BOILER,MW
2025-09-12 04:00:00,YZ,3214.4,SO,IND_BOILER,MW
2025-09-13 05:00:00,YZ,3116.0,SO,IND_BOILER,MW
2025-09-14 06:00:00,YZ,2984.8,SO,IND_BOILER,MW
2025-09-15 07:00:00,YZ,3247.2,SO,IND_BOILER,MW
2025-09-16 08:00:00,YZ,3673.6,SO,IND_BOILER,MW
2025-09-17 09:00:00,YZ,3903.2,SO,IND_BOILER,MW
2025-09-18 10:00:00,YZ,4198.4,SO,IND_BOILER,MW
2025-09-19 11:00:00,YZ,4165.6,SO,IND_BOILER,MW
2025-09-20 12:00:00,YZ,4001.6,SO,IND_BOILER,MW
2025-09-21 13:00:00,YZ,3378.4,SO,IND_BOILER,MW
2025-09-22 14:00:00,YZ,3444.0,SO,IND_BOILER,MW
2025-09-23 15:00:00,YZ,4034.4,SO,IND_BOILER,MW
2025-09-24 16:00:00,YZ,4100.0,SO,IND_BOILER,MW
2025-09-25 17:00:00,YZ,4231.2,SO,IND_BOILER,MW
2025-09-26 18:00:00,YZ,4198.4,SO,IND_BOILER,MW
2025-09-27 19:00:00,YZ,4001.6,SO,IND_BOILER,MW
2025-09-28 20:00:00,YZ,3378.4,SO,IND_BOILER,MW
2025-09-29 21:00:00,YZ,3444.0,SO,IND_BOILER,MW
2025-09-30 22:00:00,YZ,4034.4,SO,IND_BOILER,MW
2025-10-01 23:00:00,YZ,4100.0,SO,IND_BOILER,MW
2025-10-03 00:00:00,YZ,4067.2,SO,IND_BOILER,MW
2025-10-04 01:00:00,YZ,3542.4,SO,IND_BOILER,MW
2025-10-05 02:00:00,YZ,3181.6,SO,IND_BOILER,MW
2025-10-06 03:00:00,YZ,2886.4,SO,IND_BOILER,MW
2025-10-07 04:00:00,YZ,2886.4,SO,IND_BOILER,MW
2025-10-08 05:00:00,YZ,3116.0,SO,IND_BOILER,MW
2025-10-09 06:00:00,YZ,3411.2,SO,IND_BOILER,MW
2025-10-10 07:00:00,YZ,3673.6,SO,IND_BOILER,MW
2025-10-11 08:00:00,YZ,3739.2,SO,IND_BOILER,MW
2025-10-12 09:00:00,YZ,3411.2,SO,IND_BOILER,MW
2025-10-13 10:00:00,YZ,3476.8,SO,IND_BOILER,MW
2025-10-14 11:00:00,YZ,4067.2,SO,IND_BOILER,MW
2025-10-15 12:00:00,YZ,4132.8,SO,IND_BOILER,MW
2025-10-16 13:00:00,YZ,4264.0,SO,IND_BOILER,MW
2025-10-17 14:00:00,YZ,4231.2,SO,IND_BOILER,MW
2025-10-18 15:00:00,YZ,4034.4,SO,IND_BOILER,MW
2025-10-19 16:00:00,YZ,3411.2,SO,IND_BOILER,MW
2025-10-20 17:00:00,YZ,3476.8,SO,IND_BOILER,MW
2025-10-21 18:00:00,YZ,4067.2,SO,IND_BOILER,MW
2025-10-22 19:00:00,YZ,4132.8,SO,IND_BOILER,MW
2025-10-23 20:00:00,YZ,4264.0,SO,IND_BOILER,MW
2025-10-24 21:00:00,YZ,4198.4,SO,IND_BOILER,MW
2025-10-25 22:00:00,YZ,4034.4,SO,IND_BOILER,MW
2025-10-26 23:00:00,YZ,3411.2,SO,IND_BOILER,MW
2025-10-28 00:00:00,YZ,3476.8,SO,IND_BOILER,MW
2025-10-29 01:00:00,YZ,3476.8,SO,IND_BOILER,MW
2025-10-30 02:00:00,YZ,3378.4,SO,IND_BOILER,MW
2025-10-31 03:00:00,YZ,3312.8,SO,IND_BOILER,MW
2025-11-01 04:00:00,YZ,3083.2,SO,IND_BOILER,MW
2025-11-02 05:00:00,YZ,2853.6,SO,IND_BOILER,MW
2025-11-03 06:00:00,YZ,3050.4,SO,IND_BOILER,MW
2025-11-04 07:00:00,YZ,3476.8,SO,IND_BOILER,MW
2025-11-05 08:00:00,YZ,3739.2,SO,IND_BOILER,MW
2025-11-06 09:00:00,YZ,4067.2,SO,IND_BOILER,MW
2025-11-07 10:00:00,YZ,4198.4,SO,IND_BOILER,MW
2025-11-08 11:00:00,YZ,4034.4,SO,IND_BOILER,MW
2025-11-09 12:00:00,YZ,3411.2,SO,IND_BOILER,MW
2025-11-10 13:00:00,YZ,3476.8,SO,IND_BOILER,MW
2025-11-11 14:00:00,YZ,4067.2,SO,IND_BOILER,MW
2025-11-12 15:00:00,YZ,4132.8,SO,IND_BOILER,MW
2025-11-13 16:00:00,YZ,4264.0,SO,IND_BOILER,MW
2025-11-14 17:00:00,YZ,4231.2,SO,IND_BOILER,MW
2025-11-15 18:00:00,YZ,4034.4,SO,IND_BOILER,MW
2025-11-16 19:00:00,YZ,3411.2,SO,IND_BOILER,MW
2025-11-17 20:00:00,YZ,3476.8,SO,IND_BOILER,MW
2025-11-18 21:00:00,YZ,4067.2,SO,IND_BOILER,MW
2025-11-19 22:00:00,YZ,4132.8,SO,IND_BOILER,MW
2025-11-20 23:00:00,YZ,4264.0,SO,IND_BOILER,MW
2025-11-22 00:00:00,YZ,3968.8,SO,IND_BOILER,MW
2025-11-23 01:00:00,YZ,3411.2,SO,IND_BOILER,MW
2025-11-24 02:00:00,YZ,3083.2,SO,IND_BOILER,MW
2025-11-25 03:00:00,YZ,2984.8,SO,IND_BOILER,MW
2025-11-26 04:00:00,YZ,3083.2,SO,IND_BOILER,MW
2025-11-27 05:00:00,YZ,3280.0,SO,IND_BOILER,MW
2025-11-28 06:00:00,YZ,3476.8,SO,IND_BOILER,MW
2025-11-29 07:00:00,YZ,3542.4,SO,IND_BOILER,MW
2025-11-30 08:00:00,YZ,3411.2,SO,IND_BOILER,MW
2025-12-01 09:00:00,YZ,3509.6,SO,IND_BOILER,MW
2025-12-02 10:00:00,YZ,4067.2,SO,IND_BOILER,MW
2025-12-03 11:00:00,YZ,4165.6,SO,IND_BOILER,MW
2025-12-04 12:00:00,YZ,4296.8,SO,IND_BOILER,MW
2025-12-05 13:00:00,YZ,4264.0,SO,IND_BOILER,MW
2025-12-06 14:00:00,YZ,4067.2,SO,IND_BOILER,MW
2025-12-07 15:00:00,YZ,3444.0,SO,IND_BOILER,MW
2025-12-08 16:00:00,YZ,3509.6,SO,IND_BOILER,MW
2025-12-09 17:00:00,YZ,4100.0,SO,IND_BOILER,MW
2025-12-10 18:00:00,YZ,4165.6,SO,IND_BOILER,MW
2025-12-11 19:00:00,YZ,4296.8,SO,IND_BOILER,MW
2025-12-12 20:00:00,YZ,4264.0,SO,IND_BOILER,MW
2025-12-13 21:00:00,YZ,4067.2,SO,IND_BOILER,MW
2025-12-14 22:00:00,YZ,3444.0,SO,IND_BOILER,MW
2025-12-15 23:00:00,YZ,3509.6,SO,IND_BOILER,MW
2025-12-17 00:00:00,YZ,3936.0,SO,IND_BOILER,MW
2025-12-18 01:00:00,YZ,3640.8,SO,IND_BOILER,MW
2025-12-19 02:00:00,YZ,3509.6,SO,IND_BOILER,MW
2025-12-20 03:00:00,YZ,3214.4,SO,IND_BOILER,MW
2025-12-21 04:00:00,YZ,3017.6,SO,IND_BOILER,MW
2025-12-22 05:00:00,YZ,2952.0,SO,IND_BOILER,MW
2025-12-23 06:00:00,YZ,3312.8,SO,IND_BOILER,MW
2025-12-24 07:00:00,YZ,3542.4,SO,IND_BOILER,MW
2025-12-25 08:00:00,YZ,3903.2,SO,IND_BOILER,MW
2025-12-26 09:00:00,YZ,4165.6,SO,IND_BOILER,MW
2025-12-27 10:00:00,YZ,4067.2,SO,IND_BOILER,MW
2025-12-28 11:00:00,YZ,3444.0,SO,IND_BOILER,MW
2025-12-29 12:00:00,YZ,3509.6,SO,IND_BOILER,MW
2025-12-30 13:00:00,YZ,4132.8,SO,IND_BOILER,MW
2025-12-31 14:00:00,YZ,4198.4,SO,IND_BOILER,MW
2026-01-01 15:00:00,YZ,4329.6,SO,IND_BOILER,MW
