snapshot,country,value,region,technology,unit
2045-01-01 00:00:00,XY,7446.3,CE,EIDT,MW
2045-01-02 01:00:00,XY,7422.1,CE,EIDT,MW
2045-01-03 02:00:00,XY,6570.5,CE,EIDT,MW
2045-01-04 03:00:00,XY,5884.0,CE,EIDT,MW
2045-01-05 04:00:00,XY,7446.3,CE,EIDT,MW
2045-01-06 05:00:00,XY,7446.3,CE,EIDT,MW
2045-01-07 06:00:00,XY,6322.0,CE,EIDT,MW
2045-01-08 07:00:00,XY,7446.3,CE,EIDT,MW
2045-01-09 08:00:00,XY,7446.3,CE,EIDT,MW
2045-01-10 09:00:00,XY,7446.3,CE,EIDT,MW
2045-01-11 10:00:00,XY,7446.3,CE,EIDT,MW
2045-01-12 11:00:00,XY,7446.3,CE,EIDT,MW
2045-01-13 12:00:00,XY,7446.3,CE,EIDT,MW
2045-01-14 13:00:00,XY,7446.3,CE,EIDT,MW
2045-01-15 14:00:00,XY,7446.3,CE,EIDT,MW
2045-01-16 15:00:00,XY,7446.3,CE,EIDT,MW
2045-01-17 16:00:00,XY,7446.3,CE,EIDT,MW
2045-01-18 17:00:00,XY,7446.3,CE,EIDT,MW
2045-01-19 18:00:00,XY,7353.3,CE,EIDT,MW
2045-01-20 19:00:00,XY,7344.0,CE,EIDT,MW
2045-01-21 20:00:00,XY,7446.3,CE,EIDT,MW
2045-01-22 21:00:00,XY,7446.3,CE,EIDT,MW
2045-01-23 22:00:00,XY,7446.3,CE,EIDT,MW
2045-01-24 23:00:00,XY,6760.0,CE,EIDT,MW
2045-01-26 00:00:00,XY,7446.3,CE,EIDT,MW
2045-01-27 01:00:00,XY,6632.3,CE,EIDT,MW
2045-01-28 02:00:00,XY,6284.9,CE,EIDT,MW
2045-01-29 03:00:00,XY,7373.0,CE,EIDT,MW
2045-01-30 04:00:00,XY,7446.3,CE,EIDT,MW
2045-01-31 05:00:00,XY,7446.3,CE,EIDT,MW
2045-02-01 06:00:00,XY,7446.3,CE,EIDT,MW
2045-02-02 07:00:00,XY,7446.3,CE,EIDT,MW
2045-02-03 08:00:00,XY,7446.3,CE,EIDT,MW
2045-02-04 09:00:00,XY,7446.3,CE,EIDT,MW
2045-02-05 10:00:00,XY,7446.3,CE,EIDT,MW
2045-02-06 11:00:00,XY,7446.3,CE,EIDT,MW
2045-02-07 12:00:00,XY,7446.3,CE,EIDT,MW
2045-02-08 13:00:00,XY,7446.3,CE,EIDT,MW
2045-02-09 14:00:00,XY,7446.3,CE,EIDT,MW
2045-02-10 15:00:00,XY,7446.3,CE,EIDT,MW
2045-02-11 16:00:00,XY,7446.3,CE,EIDT,MW
2045-02-12 17:00:00,XY,7446.3,CE,EIDT,MW
2045-02-13 18:00:00,XY,7446.3,CE,EIDT,MW
2045-02-14 19:00:00,XY,7344.0,CE,EIDT,MW
2045-02-15 20:00:00,XY,6097.9,CE,EIDT,MW
2045-02-16 21:00:00,XY,7133.5,CE,EIDT,MW
2045-02-17 22:00:00,XY,7446.3,CE,EIDT,MW
2045-02-18 23:00:00,XY,7446.3,CE,EIDT,MW
2045-02-20 00:00:00,XY,7446.3,CE,EIDT,MW
2045-02-21 01:00:00,XY,7446.3,CE,EIDT,MW
2045-02-22 02:00:00,XY,7008.0,CE,EIDT,MW
2045-02-23 03:00:00,XY,6570.0,CE,EIDT,MW
2045-02-24 04:00:00,XY,6789.0,CE,EIDT,MW
2045-02-25 05:00:00,XY,7446.3,CE,EIDT,MW
2045-02-26 06:00:00,XY,7446.3,CE,EIDT,MW
2045-02-27 07:00:00,XY,7446.3,CE,EIDT,MW
2045-02-28 08:00:00,XY,7446.3,CE,EIDT,MW
2045-03-01 09:00:00,XY,7446.3,CE,EIDT,MW
2045-03-02 10:00:00,XY,7446.3,CE,EIDT,MW
2045-03-03 11:00:00,XY,7446.3,CE,EIDT,MW
2045-03-04 12:00:00,XY,7446.3,CE,EIDT,MW
2045-03-05 13:00:00,XY,7446.3,CE,EIDT,MW
2045-03-06 14:00:00,XY,7446.3,CE,EIDT,MW
2045-03-07 15:00:00,XY,7446.3,CE,EIDT,MW
2045-03-08 16:00:00,XY,7446.3,CE,EIDT,MW
2045-03-09 17:00:00,XY,7446.3,CE,EIDT,MW
2045-03-10 18:00:00,XY,7271.0,CE,EIDT,MW
2045-03-11 19:00:00,XY,7417.0,CE,EIDT,MW
2045-03-12 20:00:00,XY,7446.3,CE,EIDT,MW
2045-03-13 21:00:00,XY,7446.3,CE,EIDT,MW
2045-03-14 22:00:00,XY,7198.0,CE,EIDT,MW
2045-03-15 23:00:00,XY,7446.3,CE,EIDT,MW
2045-03-17 00:00:00,XY,7446.3,CE,EIDT,MW
2045-03-18 01:00:00,XY,6677.2,CE,EIDT,MW
2045-03-19 02:00:00,XY,5373.0,CE,EIDT,MW
2045-03-20 03:00:00,XY,5373.0,CE,EIDT,MW
2045-03-21 04:00:00,XY,7154.0,CE,EIDT,MW
2045-03-22 05:00:00,XY,6862.0,CE,EIDT,MW
2045-03-23 06:00:00,XY,7446.0,CE,EIDT,MW
2045-03-24 07:00:00,XY,7446.3,CE,EIDT,MW
2045-03-25 08:00:00,XY,7446.3,CE,EIDT,MW
2045-03-26 09:00:00,XY,7446.3,CE,EIDT,MW
2045-03-27 10:00:00,XY,7446.3,CE,EIDT,MW
2045-03-28 11:00:00,XY,7446.3,CE,EIDT,MW
2045-03-29 12:00:00,XY,7446.3,CE,EIDT,MW
2045-03-30 13:00:00,XY,7446.3,CE,EIDT,MW
2045-03-31 14:00:00,XY,7446.3,CE,EIDT,MW
2045-04-01 15:00:00,XY,7446.3,CE,EIDT,MW
2045-04-02 16:00:00,XY,7446.3,CE,EIDT,MW
2045-04-03 17:00:00,XY,7446.3,CE,EIDT,MW
2045-04-04 18:00:00,XY,7125.0,CE,EIDT,MW
2045-04-05 19:00:00,XY,5665.0,CE,EIDT,MW
2045-04-06 20:00:00,XY,5811.0,CE,EIDT,MW
2045-04-07 21:00:00,XY,7198.0,CE,EIDT,MW
2045-04-08 22:00:00,XY,7271.0,CE,EIDT,MW
2045-04-09 23:00:00,XY,7198.0,CE,EIDT,MW
2045-04-11 00:00:00,XY,6030.0,CE,EIDT,MW
2045-04-12 01:00:00,XY,5154.0,CE,EIDT,MW
2045-04-13 02:00:00,XY,4570.0,CE,EIDT,MW
2045-04-14 03:00:00,XY,4497.0,CE,EIDT,MW
2045-04-15 04:00:00,XY,5008.0,CE,EIDT,MW
2045-04-16 05:00:00,XY,5665.0,CE,EIDT,MW
2045-04-17 06:00:00,XY,6249.0,CE,EIDT,MW
2045-04-18 07:00:00,XY,7446.3,CE,EIDT,MW
2045-04-19 08:00:00,XY,7446.3,CE,EIDT,MW
2045-04-20 09:00:00,XY,7446.3,CE,EIDT,MW
2045-04-21 10:00:00,XY,7446.3,CE,EIDT,MW
2045-04-22 11:00:00,XY,7446.3,CE,EIDT,MW
2045-04-23 12:00:00,XY,7446.3,CE,EIDT,MW
2045-04-24 13:00:00,XY,7446.3,CE,EIDT,MW
2045-04-25 14:00:00,XY,7446.3,CE,EIDT,MW
2045-04-26 15:00:00,XY,7446.3,CE,EIDT,MW
2045-04-27 16:00:00,XY,7446.3,CE,EIDT,MW
2045-04-28 17:00:00,XY,7125.0,CE,EIDT,MW
2045-04-29 18:00:00,XY,7271.0,CE,EIDT,MW
2045-04-30 19:00:00,XY,7446.3,CE,EIDT,MW
2045-05-01 20:00:00,XY,7417.0,CE,EIDT,MW
2045-05-02 21:00:00,XY,7052.0,CE,EIDT,MW
2045-05-03 22:00:00,XY,5592.0,CE,EIDT,MW
2045-05-04 23:00:00,XY,5811.0,CE,EIDT,MW
2045-05-06 00:00:00,XY,5811.0,CE,EIDT,MW
2045-05-07 01:00:00,XY,5592.0,CE,EIDT,MW
2045-05-08 02:00:00,XY,5446.0,CE,EIDT,MW
2045-05-09 03:00:00,XY,4935.0,CE,EIDT,MW
2045-05-10 04:00:00,XY,4424.0,CE,EIDT,MW
2045-05-11 05:00:00,XY,4862.0,CE,EIDT,MW
2045-05-12 06:00:00,XY,5738.0,CE,EIDT,MW
2045-05-13 07:00:00,XY,6322.0,CE,EIDT,MW
2045-05-14 08:00:00,XY,7446.3,CE,EIDT,MW
2045-05-15 09:00:00,XY,7446.3,CE,EIDT,MW
2045-05-16 10:00:00,XY,7446.3,CE,EIDT,MW
2045-05-17 11:00:00,XY,7446.3,CE,EIDT,MW
2045-05-18 12:00:00,XY,7446.3,CE,EIDT,MW
2045-05-19 13:00:00,XY,7446.3,CE,EIDT,MW
2045-05-20 14:00:00,XY,7446.3,CE,EIDT,MW
2045-05-21 15:00:00,XY,7446.3,CE,EIDT,MW
2045-05-22 16:00:00,XY,7417.0,CE,EIDT,MW
2045-05-23 17:00:00,XY,6979.0,CE,EIDT,MW
2045-05-24 18:00:00,XY,5592.0,CE,EIDT,MW
2045-05-25 19:00:00,XY,5738.0,CE,EIDT,MW
2045-05-26 20:00:00,XY,7052.0,CE,EIDT,MW
2045-05-27 21:00:00,XY,7198.0,CE,EIDT,MW
2045-05-28 22:00:00,XY,7446.3,CE,EIDT,MW
2045-05-29 23:00:00,XY,6833.0,CE,EIDT,MW
2045-05-31 00:00:00,XY,5592.0,CE,EIDT,MW
2045-06-01 01:00:00,XY,4789.0,CE,EIDT,MW
2045-06-02 02:00:00,XY,4570.0,CE,EIDT,MW
2045-06-03 03:00:00,XY,4789.0,CE,EIDT,MW
2045-06-04 04:00:00,XY,5227.0,CE,EIDT,MW
2045-06-05 05:00:00,XY,5665.0,CE,EIDT,MW
2045-06-06 06:00:00,XY,5738.0,CE,EIDT,MW
2045-06-07 07:00:00,XY,7446.3,CE,EIDT,MW
2045-06-08 08:00:00,XY,7446.3,CE,EIDT,MW
2045-06-09 09:00:00,XY,6746.0,CE,EIDT,MW
2045-06-10 10:00:00,XY,6979.0,CE,EIDT,MW
2045-06-11 11:00:00,XY,7446.3,CE,EIDT,MW
2045-06-12 12:00:00,XY,7446.3,CE,EIDT,MW
2045-06-13 13:00:00,XY,7446.3,CE,EIDT,MW
2045-06-14 14:00:00,XY,7446.3,CE,EIDT,MW
2045-06-15 15:00:00,XY,7446.3,CE,EIDT,MW
2045-06-16 16:00:00,XY,7446.3,CE,EIDT,MW
2045-06-17 17:00:00,XY,6979.0,CE,EIDT,MW
2045-06-18 18:00:00,XY,7125.0,CE,EIDT,MW
2045-06-19 19:00:00,XY,7417.0,CE,EIDT,MW
2045-06-20 20:00:00,XY,7344.0,CE,EIDT,MW
2045-06-21 21:00:00,XY,6979.0,CE,EIDT,MW
2045-06-22 22:00:00,XY,5519.0,CE,EIDT,MW
2045-06-23 23:00:00,XY,5665.0,CE,EIDT,MW
2045-06-25 00:00:00,XY,6614.0,CE,EIDT,MW
2045-06-26 01:00:00,XY,5957.0,CE,EIDT,MW
2045-06-27 02:00:00,XY,5665.0,CE,EIDT,MW
2045-06-28 03:00:00,XY,5008.0,CE,EIDT,MW
2045-06-29 04:00:00,XY,4570.0,CE,EIDT,MW
2045-06-30 05:00:00,XY,4424.0,CE,EIDT,MW
2045-07-01 06:00:00,XY,5227.0,CE,EIDT,MW
2045-07-02 07:00:00,XY,5738.0,CE,EIDT,MW
2045-07-03 08:00:00,XY,6705.4,CE,EIDT,MW
2045-07-04 09:00:00,XY,7125.0,CE,EIDT,MW
2045-07-05 10:00:00,XY,7446.3,CE,EIDT,MW
2045-07-06 11:00:00,XY,7446.3,CE,EIDT,MW
2045-07-07 12:00:00,XY,7446.3,CE,EIDT,MW
2045-07-08 13:00:00,XY,7446.3,CE,EIDT,MW
2045-07-09 14:00:00,XY,7446.3,CE,EIDT,MW
2045-07-10 15:00:00,XY,7446.3,CE,EIDT,MW
2045-07-11 16:00:00,XY,7446.3,CE,EIDT,MW
2045-07-12 17:00:00,XY,7446.3,CE,EIDT,MW
2045-07-13 18:00:00,XY,7446.3,CE,EIDT,MW
2045-07-14 19:00:00,XY,5665.0,CE,EIDT,MW
2045-07-15 20:00:00,XY,6979.0,CE,EIDT,MW
2045-07-16 21:00:00,XY,7125.0,CE,EIDT,MW
2045-07-17 22:00:00,XY,7417.0,CE,EIDT,MW
2045-07-18 23:00:00,XY,7344.0,CE,EIDT,MW
2045-07-20 00:00:00,XY,6395.0,CE,EIDT,MW
2045-07-21 01:00:00,XY,5300.0,CE,EIDT,MW
2045-07-22 02:00:00,XY,4862.0,CE,EIDT,MW
2045-07-23 03:00:00,XY,4935.0,CE,EIDT,MW
2045-07-24 04:00:00,XY,5572.4,CE,EIDT,MW
2045-07-25 05:00:00,XY,5300.0,CE,EIDT,MW
2045-07-26 06:00:00,XY,5300.0,CE,EIDT,MW
2045-07-27 07:00:00,XY,7154.0,CE,EIDT,MW
2045-07-28 08:00:00,XY,5665.0,CE,EIDT,MW
2045-07-29 09:00:00,XY,6687.0,CE,EIDT,MW
2045-07-30 10:00:00,XY,7446.3,CE,EIDT,MW
2045-07-31 11:00:00,XY,7446.3,CE,EIDT,MW
2045-08-01 12:00:00,XY,7446.3,CE,EIDT,MW
2045-08-02 13:00:00,XY,7446.3,CE,EIDT,MW
2045-08-03 14:00:00,XY,7446.3,CE,EIDT,MW
2045-08-04 15:00:00,XY,7446.3,CE,EIDT,MW
2045-08-05 16:00:00,XY,7275.0,CE,EIDT,MW
2045-08-06 17:00:00,XY,7125.0,CE,EIDT,MW
2045-08-07 18:00:00,XY,7417.0,CE,EIDT,MW
2045-08-08 19:00:00,XY,7344.0,CE,EIDT,MW
2045-08-09 20:00:00,XY,6906.0,CE,EIDT,MW
2045-08-10 21:00:00,XY,5519.0,CE,EIDT,MW
2045-08-11 22:00:00,XY,5665.0,CE,EIDT,MW
2045-08-12 23:00:00,XY,6979.0,CE,EIDT,MW
2045-08-14 00:00:00,XY,6833.0,CE,EIDT,MW
2045-08-15 01:00:00,XY,6176.0,CE,EIDT,MW
2045-08-16 02:00:00,XY,5373.0,CE,EIDT,MW
2045-08-17 03:00:00,XY,5993.2,CE,EIDT,MW
2045-08-18 04:00:00,XY,6278.0,CE,EIDT,MW
2045-08-19 05:00:00,XY,4497.0,CE,EIDT,MW
2045-08-20 06:00:00,XY,5227.0,CE,EIDT,MW
2045-08-21 07:00:00,XY,6030.0,CE,EIDT,MW
2045-08-22 08:00:00,XY,6614.0,CE,EIDT,MW
2045-08-23 09:00:00,XY,7351.6,CE,EIDT,MW
2045-08-24 10:00:00,XY,7446.3,CE,EIDT,MW
2045-08-25 11:00:00,XY,7446.3,CE,EIDT,MW
2045-08-26 12:00:00,XY,7446.3,CE,EIDT,MW
2045-08-27 13:00:00,XY,7446.3,CE,EIDT,MW
2045-08-28 14:00:00,XY,7446.3,CE,EIDT,MW
2045-08-29 15:00:00,XY,7446.3,CE,EIDT,MW
2045-08-30 16:00:00,XY,6906.0,CE,EIDT,MW
2045-08-31 17:00:00,XY,7446.3,CE,EIDT,MW
2045-09-01 18:00:00,XY,6007.6,CE,EIDT,MW
2045-09-02 19:00:00,XY,6979.0,CE,EIDT,MW
2045-09-03 20:00:00,XY,7125.0,CE,EIDT,MW
2045-09-04 21:00:00,XY,7417.0,CE,EIDT,MW
2045-09-05 22:00:00,XY,7271.0,CE,EIDT,MW
2045-09-06 23:00:00,XY,6906.0,CE,EIDT,MW
2045-09-08 00:00:00,XY,5519.0,CE,EIDT,MW
2045-09-09 01:00:00,XY,5373.0,CE,EIDT,MW
2045-09-10 02:00:00,XY,5227.0,CE,EIDT,MW
2045-09-11 03:00:00,XY,5154.0,CE,EIDT,MW
2045-09-12 04:00:00,XY,7154.0,CE,EIDT,MW
2045-09-13 05:00:00,XY,4935.0,CE,EIDT,MW
2045-09-14 06:00:00,XY,6643.0,CE,EIDT,MW
2045-09-15 07:00:00,XY,6656.3,CE,EIDT,MW
2045-09-16 08:00:00,XY,6176.0,CE,EIDT,MW
2045-09-17 09:00:00,XY,6687.0,CE,EIDT,MW
2045-09-18 10:00:00,XY,7446.3,CE,EIDT,MW
2045-09-19 11:00:00,XY,7446.3,CE,EIDT,MW
2045-09-20 12:00:00,XY,7446.3,CE,EIDT,MW
2045-09-21 13:00:00,XY,7446.3,CE,EIDT,MW
2045-09-22 14:00:00,XY,7446.3,CE,EIDT,MW
2045-09-23 15:00:00,XY,6979.0,CE,EIDT,MW
2045-09-24 16:00:00,XY,7353.6,CE,EIDT,MW
2045-09-25 17:00:00,XY,7417.0,CE,EIDT,MW
2045-09-26 18:00:00,XY,7344.0,CE,EIDT,MW
2045-09-27 19:00:00,XY,6906.0,CE,EIDT,MW
2045-09-28 20:00:00,XY,5519.0,CE,EIDT,MW
2045-09-29 21:00:00,XY,5665.0,CE,EIDT,MW
2045-09-30 22:00:00,XY,6979.0,CE,EIDT,MW
2045-10-01 23:00:00,XY,7125.0,CE,EIDT,MW
2045-10-03 00:00:00,XY,7052.0,CE,EIDT,MW
2045-10-04 01:00:00,XY,5884.0,CE,EIDT,MW
2045-10-05 02:00:00,XY,6050.7,CE,EIDT,MW
2045-10-06 03:00:00,XY,4424.0,CE,EIDT,MW
2045-10-07 04:00:00,XY,4424.0,CE,EIDT,MW
2045-10-08 05:00:00,XY,5946.8,CE,EIDT,MW
2045-10-09 06:00:00,XY,6893.7,CE,EIDT,MW
2045-10-10 07:00:00,XY,6176.0,CE,EIDT,MW
2045-10-11 08:00:00,XY,7446.3,CE,EIDT,MW
2045-10-12 09:00:00,XY,7446.3,CE,EIDT,MW
2045-10-13 10:00:00,XY,7446.3,CE,EIDT,MW
2045-10-14 11:00:00,XY,7446.3,CE,EIDT,MW
2045-10-15 12:00:00,XY,7446.3,CE,EIDT,MW
2045-10-16 13:00:00,XY,7446.3,CE,EIDT,MW
2045-10-17 14:00:00,XY,7446.3,CE,EIDT,MW
2045-10-18 15:00:00,XY,7446.3,CE,EIDT,MW
2045-10-19 16:00:00,XY,7446.3,CE,EIDT,MW
2045-10-20 17:00:00,XY,7446.3,CE,EIDT,MW
2045-10-21 18:00:00,XY,7052.0,CE,EIDT,MW
2045-10-22 19:00:00,XY,7198.0,CE,EIDT,MW
2045-10-23 20:00:00,XY,7446.3,CE,EIDT,MW
2045-10-24 21:00:00,XY,7344.0,CE,EIDT,MW
2045-10-25 22:00:00,XY,6979.0,CE,EIDT,MW
2045-10-26 23:00:00,XY,5592.0,CE,EIDT,MW
2045-10-28 00:00:00,XY,5738.0,CE,EIDT,MW
2045-10-29 01:00:00,XY,5738.0,CE,EIDT,MW
2045-10-30 02:00:00,XY,7446.3,CE,EIDT,MW
2045-10-31 03:00:00,XY,7373.0,CE,EIDT,MW
2045-11-01 04:00:00,XY,6862.0,CE,EIDT,MW
2045-11-02 05:00:00,XY,6351.0,CE,EIDT,MW
2045-11-03 06:00:00,XY,6789.0,CE,EIDT,MW
2045-11-04 07:00:00,XY,5738.0,CE,EIDT,MW
2045-11-05 08:00:00,XY,6589.4,CE,EIDT,MW
2045-11-06 09:00:00,XY,7446.3,CE,EIDT,MW
2045-11-07 10:00:00,XY,7446.3,CE,EIDT,MW
2045-11-08 11:00:00,XY,7446.3,CE,EIDT,MW
2045-11-09 12:00:00,XY,7446.3,CE,EIDT,MW
2045-11-10 13:00:00,XY,7446.3,CE,EIDT,MW
2045-11-11 14:00:00,XY,7446.3,CE,EIDT,MW
2045-11-12 15:00:00,XY,7446.3,CE,EIDT,MW
2045-11-13 16:00:00,XY,7446.3,CE,EIDT,MW
2045-11-14 17:00:00,XY,7446.3,CE,EIDT,MW
2045-11-15 18:00:00,XY,6979.0,CE,EIDT,MW
2045-11-16 19:00:00,XY,5592.0,CE,EIDT,MW
2045-11-17 20:00:00,XY,5835.0,CE,EIDT,MW
2045-11-18 21:00:00,XY,7052.0,CE,EIDT,MW
2045-11-19 22:00:00,XY,7198.0,CE,EIDT,MW
2045-11-20 23:00:00,XY,7446.3,CE,EIDT,MW
2045-11-22 00:00:00,XY,6833.0,CE,EIDT,MW
2045-11-23 01:00:00,XY,5592.0,CE,EIDT,MW
2045-11-24 02:00:00,XY,6862.0,CE,EIDT,MW
2045-11-25 03:00:00,XY,6643.0,CE,EIDT,MW
2045-11-26 04:00:00,XY,6862.0,CE,EIDT,MW
2045-11-27 05:00:00,XY,7300.0,CE,EIDT,MW
2045-11-28 06:00:00,XY,7446.3,CE,EIDT,MW
2045-11-29 07:00:00,XY,7446.3,CE,EIDT,MW
2045-11-30 08:00:00,XY,7446.3,CE,EIDT,MW
2045-12-01 09:00:00,XY,7446.3,CE,EIDT,MW
2045-12-02 10:00:00,XY,7446.3,CE,EIDT,MW
2045-12-03 11:00:00,XY,7446.3,CE,EIDT,MW
2045-12-04 12:00:00,XY,7446.3,CE,EIDT,MW
2045-12-05 13:00:00,XY,7446.3,CE,EIDT,MW
2045-12-06 14:00:00,XY,7446.3,CE,EIDT,MW
2045-12-07 15:00:00,XY,7446.3,CE,EIDT,MW
2045-12-08 16:00:00,XY,7446.3,CE,EIDT,MW
2045-12-09 17:00:00,XY,7446.3,CE,EIDT,MW
2045-12-10 18:00:00,XY,7271.0,CE,EIDT,MW
2045-12-11 19:00:00,XY,7446.3,CE,EIDT,MW
2045-12-12 20:00:00,XY,7446.3,CE,EIDT,MW
2045-12-13 21:00:00,XY,7052.0,CE,EIDT,MW
2045-12-14 22:00:00,XY,7446.3,CE,EIDT,MW
2045-12-15 23:00:00,XY,7446.3,CE,EIDT,MW
2045-12-17 00:00:00,XY,7446.3,CE,EIDT,MW
2045-12-18 01:00:00,XY,7446.3,CE,EIDT,MW
2045-12-19 02:00:00,XY,7446.3,CE,EIDT,MW
2045-12-20 03:00:00,XY,7154.0,CE,EIDT,MW
2045-12-21 04:00:00,XY,6664.0,CE,EIDT,MW
2045-12-22 05:00:00,XY,5447.7,CE,EIDT,MW
2045-12-23 06:00:00,XY,5373.0,CE,EIDT,MW
2045-12-24 07:00:00,XY,5884.0,CE,EIDT,MW
2045-12-25 08:00:00,XY,7446.3,CE,EIDT,MW
2045-12-26 09:00:00,XY,7446.3,CE,EIDT,MW
2045-12-27 10:00:00,XY,7446.3,CE,EIDT,MW
2045-12-28 11:00:00,XY,7446.3,CE,EIDT,MW
2045-12-29 12:00:00,XY,7446.3,CE,EIDT,MW
2045-12-30 13:00:00,XY,7446.3,CE,EIDT,MW
2045-12-31 14:00:00,XY,7446.3,CE,EIDT,MW
2046-01-01 15:00:00,XY,7446.3,CE,EIDT,MW
2045-01-01 00:00:00,XY,7670.7,CE,IND_BOILER,MW
2045-01-02 01:00:00,XY,7719.9,CE,IND_BOILER,MW
2045-01-03 02:00:00,XY,8035.5,CE,IND_BOILER,MW
2045-01-04 03:00:00,XY,8588.0,CE,IND_BOILER,MW
2045-01-05 04:00:00,XY,6458.5,CE,IND_BOILER,MW
2045-01-06 05:00:00,XY,6385.5,CE,IND_BOILER,MW
2045-01-07 06:00:00,XY,8954.0,CE,IND_BOILER,MW
2045-01-08 07:00:00,XY,8633.7,CE,IND_BOILER,MW
2045-01-09 08:00:00,XY,8512.1,CE,IND_BOILER,MW
2045-01-10 09:00:00,XY,7329.2,CE,IND_BOILER,MW
2045-01-11 10:00:00,XY,5975.8,CE,IND_BOILER,MW
2045-01-12 11:00:00,XY,4557.9,CE,IND_BOILER,MW
2045-01-13 12:00:00,XY,4797.1,CE,IND_BOILER,MW
2045-01-14 13:00:00,XY,6124.3,CE,IND_BOILER,MW
2045-01-15 14:00:00,XY,6887.5,CE,IND_BOILER,MW
2045-01-16 15:00:00,XY,8046.0,CE,IND_BOILER,MW
2045-01-17 16:00:00,XY,7694.8,CE,IND_BOILER,MW
2045-01-18 17:00:00,XY,5973.0,CE,IND_BOILER,MW
2045-01-19 18:00:00,XY,7166.2,CE,IND_BOILER,MW
2045-01-20 19:00:00,XY,9808.0,CE,IND_BOILER,MW
2045-01-21 20:00:00,XY,9973.7,CE,IND_BOILER,MW
2045-01-22 21:00:00,XY,10509.7,CE,IND_BOILER,MW
2045-01-23 22:00:00,XY,10375.7,CE,IND_BOILER,MW
2045-01-24 23:00:00,XY,9320.0,CE,IND_BOILER,MW
2045-01-26 00:00:00,XY,6422.2,CE,IND_BOILER,MW
2045-01-27 01:00:00,XY,6499.7,CE,IND_BOILER,MW
2045-01-28 02:00:00,XY,6981.1,CE,IND_BOILER,MW
2045-01-29 03:00:00,XY,5954.1,CE,IND_BOILER,MW
2045-01-30 04:00:00,XY,6494.0,CE,IND_BOILER,MW
2045-01-31 05:00:00,XY,5942.2,CE,IND_BOILER,MW
2045-02-01 06:00:00,XY,5869.2,CE,IND_BOILER,MW
2045-02-02 07:00:00,XY,6546.0,CE,IND_BOILER,MW
2045-02-03 08:00:00,XY,8368.0,CE,IND_BOILER,MW
2045-02-04 09:00:00,XY,8415.7,CE,IND_BOILER,MW
2045-02-05 10:00:00,XY,8274.1,CE,IND_BOILER,MW
2045-02-06 11:00:00,XY,7304.1,CE,IND_BOILER,MW
2045-02-07 12:00:00,XY,6154.1,CE,IND_BOILER,MW
2045-02-08 13:00:00,XY,3647.1,CE,IND_BOILER,MW
2045-02-09 14:00:00,XY,4001.6,CE,IND_BOILER,MW
2045-02-10 15:00:00,XY,7181.8,CE,IND_BOILER,MW
2045-02-11 16:00:00,XY,7680.5,CE,IND_BOILER,MW
2045-02-12 17:00:00,XY,9158.0,CE,IND_BOILER,MW
2045-02-13 18:00:00,XY,10279.1,CE,IND_BOILER,MW
2045-02-14 19:00:00,XY,9808.0,CE,IND_BOILER,MW
2045-02-15 20:00:00,XY,8374.1,CE,IND_BOILER,MW
2045-02-16 21:00:00,XY,7606.5,CE,IND_BOILER,MW
2045-02-17 22:00:00,XY,9839.7,CE,IND_BOILER,MW
2045-02-18 23:00:00,XY,9437.7,CE,IND_BOILER,MW
2045-02-20 00:00:00,XY,7648.9,CE,IND_BOILER,MW
2045-02-21 01:00:00,XY,6168.1,CE,IND_BOILER,MW
2045-02-22 02:00:00,XY,5229.9,CE,IND_BOILER,MW
2045-02-23 03:00:00,XY,4554.9,CE,IND_BOILER,MW
2045-02-24 04:00:00,XY,5246.0,CE,IND_BOILER,MW
2045-02-25 05:00:00,XY,5869.2,CE,IND_BOILER,MW
2045-02-26 06:00:00,XY,7829.7,CE,IND_BOILER,MW
2045-02-27 07:00:00,XY,8716.0,CE,IND_BOILER,MW
2045-02-28 08:00:00,XY,8293.1,CE,IND_BOILER,MW
2045-03-01 09:00:00,XY,4637.4,CE,IND_BOILER,MW
2045-03-02 10:00:00,XY,4386.5,CE,IND_BOILER,MW
2045-03-03 11:00:00,XY,6586.6,CE,IND_BOILER,MW
2045-03-04 12:00:00,XY,6518.8,CE,IND_BOILER,MW
2045-03-05 13:00:00,XY,7275.3,CE,IND_BOILER,MW
2045-03-06 14:00:00,XY,7093.7,CE,IND_BOILER,MW
2045-03-07 15:00:00,XY,6520.4,CE,IND_BOILER,MW
2045-03-08 16:00:00,XY,4378.0,CE,IND_BOILER,MW
2045-03-09 17:00:00,XY,5999.4,CE,IND_BOILER,MW
2045-03-10 18:00:00,XY,9545.2,CE,IND_BOILER,MW
2045-03-11 19:00:00,XY,9869.0,CE,IND_BOILER,MW
2045-03-12 20:00:00,XY,10375.7,CE,IND_BOILER,MW
2045-03-13 21:00:00,XY,10241.7,CE,IND_BOILER,MW
2045-03-14 22:00:00,XY,9686.0,CE,IND_BOILER,MW
2045-03-15 23:00:00,XY,6757.7,CE,IND_BOILER,MW
2045-03-17 00:00:00,XY,6489.7,CE,IND_BOILER,MW
2045-03-18 01:00:00,XY,6990.8,CE,IND_BOILER,MW
2045-03-19 02:00:00,XY,8161.0,CE,IND_BOILER,MW
2045-03-20 03:00:00,XY,8161.0,CE,IND_BOILER,MW
2045-03-21 04:00:00,XY,5978.0,CE,IND_BOILER,MW
2045-03-22 05:00:00,XY,5307.0,CE,IND_BOILER,MW
2045-03-23 06:00:00,XY,5853.9,CE,IND_BOILER,MW
2045-03-24 07:00:00,XY,7877.3,CE,IND_BOILER,MW
2045-03-25 08:00:00,XY,8632.1,CE,IND_BOILER,MW
2045-03-26 09:00:00,XY,8613.3,CE,IND_BOILER,MW
2045-03-27 10:00:00,XY,8556.4,CE,IND_BOILER,MW
2045-03-28 11:00:00,XY,6934.1,CE,IND_BOILER,MW
2045-03-29 12:00:00,XY,3552.1,CE,IND_BOILER,MW
2045-03-30 13:00:00,XY,3848.9,CE,IND_BOILER,MW
2045-03-31 14:00:00,XY,6664.5,CE,IND_BOILER,MW
2045-04-01 15:00:00,XY,7462.5,CE,IND_BOILER,MW
2045-04-02 16:00:00,XY,8973.3,CE,IND_BOILER,MW
2045-04-03 17:00:00,XY,9242.9,CE,IND_BOILER,MW
2045-04-04 18:00:00,XY,9423.2,CE,IND_BOILER,MW
2045-04-05 19:00:00,XY,8405.0,CE,IND_BOILER,MW
2045-04-06 20:00:00,XY,8527.0,CE,IND_BOILER,MW
2045-04-07 21:00:00,XY,9686.0,CE,IND_BOILER,MW
2045-04-08 22:00:00,XY,9747.0,CE,IND_BOILER,MW
2045-04-09 23:00:00,XY,9686.0,CE,IND_BOILER,MW
2045-04-11 00:00:00,XY,8710.0,CE,IND_BOILER,MW
2045-04-12 01:00:00,XY,7978.0,CE,IND_BOILER,MW
2045-04-13 02:00:00,XY,7490.0,CE,IND_BOILER,MW
2045-04-14 03:00:00,XY,7429.0,CE,IND_BOILER,MW
2045-04-15 04:00:00,XY,7856.0,CE,IND_BOILER,MW
2045-04-16 05:00:00,XY,8405.0,CE,IND_BOILER,MW
2045-04-17 06:00:00,XY,8893.0,CE,IND_BOILER,MW
2045-04-18 07:00:00,XY,7761.9,CE,IND_BOILER,MW
2045-04-19 08:00:00,XY,5770.4,CE,IND_BOILER,MW
2045-04-20 09:00:00,XY,5196.3,CE,IND_BOILER,MW
2045-04-21 10:00:00,XY,7118.2,CE,IND_BOILER,MW
2045-04-22 11:00:00,XY,6924.9,CE,IND_BOILER,MW
2045-04-23 12:00:00,XY,6832.2,CE,IND_BOILER,MW
2045-04-24 13:00:00,XY,6652.8,CE,IND_BOILER,MW
2045-04-25 14:00:00,XY,6580.6,CE,IND_BOILER,MW
2045-04-26 15:00:00,XY,4409.4,CE,IND_BOILER,MW
2045-04-27 16:00:00,XY,5467.6,CE,IND_BOILER,MW
2045-04-28 17:00:00,XY,8846.6,CE,IND_BOILER,MW
2045-04-29 18:00:00,XY,9574.0,CE,IND_BOILER,MW
2045-04-30 19:00:00,XY,10107.7,CE,IND_BOILER,MW
2045-05-01 20:00:00,XY,9869.0,CE,IND_BOILER,MW
2045-05-02 21:00:00,XY,9564.0,CE,IND_BOILER,MW
2045-05-03 22:00:00,XY,8344.0,CE,IND_BOILER,MW
2045-05-04 23:00:00,XY,8527.0,CE,IND_BOILER,MW
2045-05-06 00:00:00,XY,8527.0,CE,IND_BOILER,MW
2045-05-07 01:00:00,XY,8344.0,CE,IND_BOILER,MW
2045-05-08 02:00:00,XY,8222.0,CE,IND_BOILER,MW
2045-05-09 03:00:00,XY,7795.0,CE,IND_BOILER,MW
2045-05-10 04:00:00,XY,7368.0,CE,IND_BOILER,MW
2045-05-11 05:00:00,XY,7734.0,CE,IND_BOILER,MW
2045-05-12 06:00:00,XY,8466.0,CE,IND_BOILER,MW
2045-05-13 07:00:00,XY,8752.2,CE,IND_BOILER,MW
2045-05-14 08:00:00,XY,8957.8,CE,IND_BOILER,MW
2045-05-15 09:00:00,XY,8432.6,CE,IND_BOILER,MW
2045-05-16 10:00:00,XY,7138.5,CE,IND_BOILER,MW
2045-05-17 11:00:00,XY,4015.9,CE,IND_BOILER,MW
2045-05-18 12:00:00,XY,4168.6,CE,IND_BOILER,MW
2045-05-19 13:00:00,XY,6811.2,CE,IND_BOILER,MW
2045-05-20 14:00:00,XY,8019.1,CE,IND_BOILER,MW
2045-05-21 15:00:00,XY,8417.0,CE,IND_BOILER,MW
2045-05-22 16:00:00,XY,9263.6,CE,IND_BOILER,MW
2045-05-23 17:00:00,XY,8926.4,CE,IND_BOILER,MW
2045-05-24 18:00:00,XY,8228.7,CE,IND_BOILER,MW
2045-05-25 19:00:00,XY,8466.0,CE,IND_BOILER,MW
2045-05-26 20:00:00,XY,9564.0,CE,IND_BOILER,MW
2045-05-27 21:00:00,XY,9686.0,CE,IND_BOILER,MW
2045-05-28 22:00:00,XY,9973.7,CE,IND_BOILER,MW
2045-05-29 23:00:00,XY,9381.0,CE,IND_BOILER,MW
2045-05-31 00:00:00,XY,8344.0,CE,IND_BOILER,MW
2045-06-01 01:00:00,XY,7673.0,CE,IND_BOILER,MW
2045-06-02 02:00:00,XY,7490.0,CE,IND_BOILER,MW
2045-06-03 03:00:00,XY,7673.0,CE,IND_BOILER,MW
2045-06-04 04:00:00,XY,8039.0,CE,IND_BOILER,MW
2045-06-05 05:00:00,XY,8405.0,CE,IND_BOILER,MW
2045-06-06 06:00:00,XY,8466.0,CE,IND_BOILER,MW
2045-06-07 07:00:00,XY,7465.7,CE,IND_BOILER,MW
2045-06-08 08:00:00,XY,6240.4,CE,IND_BOILER,MW
2045-06-09 09:00:00,XY,7151.0,CE,IND_BOILER,MW
2045-06-10 10:00:00,XY,8782.3,CE,IND_BOILER,MW
2045-06-11 11:00:00,XY,7891.1,CE,IND_BOILER,MW
2045-06-12 12:00:00,XY,7942.5,CE,IND_BOILER,MW
2045-06-13 13:00:00,XY,8212.1,CE,IND_BOILER,MW
2045-06-14 14:00:00,XY,6359.2,CE,IND_BOILER,MW
2045-06-15 15:00:00,XY,4360.9,CE,IND_BOILER,MW
2045-06-16 16:00:00,XY,4813.0,CE,IND_BOILER,MW
2045-06-17 17:00:00,XY,8638.1,CE,IND_BOILER,MW
2045-06-18 18:00:00,XY,9134.9,CE,IND_BOILER,MW
2045-06-19 19:00:00,XY,9724.9,CE,IND_BOILER,MW
2045-06-20 20:00:00,XY,9808.0,CE,IND_BOILER,MW
2045-06-21 21:00:00,XY,9503.0,CE,IND_BOILER,MW
2045-06-22 22:00:00,XY,8283.0,CE,IND_BOILER,MW
2045-06-23 23:00:00,XY,8405.0,CE,IND_BOILER,MW
2045-06-25 00:00:00,XY,9198.0,CE,IND_BOILER,MW
2045-06-26 01:00:00,XY,8649.0,CE,IND_BOILER,MW
2045-06-27 02:00:00,XY,8405.0,CE,IND_BOILER,MW
2045-06-28 03:00:00,XY,7856.0,CE,IND_BOILER,MW
2045-06-29 04:00:00,XY,7490.0,CE,IND_BOILER,MW
2045-06-30 05:00:00,XY,7368.0,CE,IND_BOILER,MW
2045-07-01 06:00:00,XY,8039.0,CE,IND_BOILER,MW
2045-07-02 07:00:00,XY,8466.0,CE,IND_BOILER,MW
2045-07-03 08:00:00,XY,8943.8,CE,IND_BOILER,MW
2045-07-04 09:00:00,XY,9538.5,CE,IND_BOILER,MW
2045-07-05 10:00:00,XY,7804.3,CE,IND_BOILER,MW
2045-07-06 11:00:00,XY,5121.5,CE,IND_BOILER,MW
2045-07-07 12:00:00,XY,5418.4,CE,IND_BOILER,MW
2045-07-08 13:00:00,XY,7036.5,CE,IND_BOILER,MW
2045-07-09 14:00:00,XY,7637.1,CE,IND_BOILER,MW
2045-07-10 15:00:00,XY,7844.9,CE,IND_BOILER,MW
2045-07-11 16:00:00,XY,8731.0,CE,IND_BOILER,MW
2045-07-12 17:00:00,XY,7748.6,CE,IND_BOILER,MW
2045-07-13 18:00:00,XY,5663.9,CE,IND_BOILER,MW
2045-07-14 19:00:00,XY,8289.7,CE,IND_BOILER,MW
2045-07-15 20:00:00,XY,9503.0,CE,IND_BOILER,MW
2045-07-16 21:00:00,XY,9625.0,CE,IND_BOILER,MW
2045-07-17 22:00:00,XY,9869.0,CE,IND_BOILER,MW
2045-07-18 23:00:00,XY,9808.0,CE,IND_BOILER,MW
2045-07-20 00:00:00,XY,9015.0,CE,IND_BOILER,MW
2045-07-21 01:00:00,XY,8100.0,CE,IND_BOILER,MW
2045-07-22 02:00:00,XY,7734.0,CE,IND_BOILER,MW
2045-07-23 03:00:00,XY,7795.0,CE,IND_BOILER,MW
2045-07-24 04:00:00,XY,7425.6,CE,IND_BOILER,MW
2045-07-25 05:00:00,XY,8100.0,CE,IND_BOILER,MW
2045-07-26 06:00:00,XY,8100.0,CE,IND_BOILER,MW
2045-07-27 07:00:00,XY,5978.0,CE,IND_BOILER,MW
2045-07-28 08:00:00,XY,8260.9,CE,IND_BOILER,MW
2045-07-29 09:00:00,XY,8826.6,CE,IND_BOILER,MW
2045-07-30 10:00:00,XY,8506.7,CE,IND_BOILER,MW
2045-07-31 11:00:00,XY,8051.4,CE,IND_BOILER,MW
2045-08-01 12:00:00,XY,7192.0,CE,IND_BOILER,MW
2045-08-02 13:00:00,XY,6128.5,CE,IND_BOILER,MW
2045-08-03 14:00:00,XY,3957.3,CE,IND_BOILER,MW
2045-08-04 15:00:00,XY,4755.3,CE,IND_BOILER,MW
2045-08-05 16:00:00,XY,8169.1,CE,IND_BOILER,MW
2045-08-06 17:00:00,XY,8731.3,CE,IND_BOILER,MW
2045-08-07 18:00:00,XY,9292.4,CE,IND_BOILER,MW
2045-08-08 19:00:00,XY,9635.0,CE,IND_BOILER,MW
2045-08-09 20:00:00,XY,9442.0,CE,IND_BOILER,MW
2045-08-10 21:00:00,XY,8283.0,CE,IND_BOILER,MW
2045-08-11 22:00:00,XY,8405.0,CE,IND_BOILER,MW
2045-08-12 23:00:00,XY,9503.0,CE,IND_BOILER,MW
2045-08-14 00:00:00,XY,9381.0,CE,IND_BOILER,MW
2045-08-15 01:00:00,XY,8832.0,CE,IND_BOILER,MW
2045-08-16 02:00:00,XY,8161.0,CE,IND_BOILER,MW
2045-08-17 03:00:00,XY,6334.8,CE,IND_BOILER,MW
2045-08-18 04:00:00,XY,5246.0,CE,IND_BOILER,MW
2045-08-19 05:00:00,XY,7429.0,CE,IND_BOILER,MW
2045-08-20 06:00:00,XY,8039.0,CE,IND_BOILER,MW
2045-08-21 07:00:00,XY,8710.0,CE,IND_BOILER,MW
2045-08-22 08:00:00,XY,9053.9,CE,IND_BOILER,MW
2045-08-23 09:00:00,XY,8017.8,CE,IND_BOILER,MW
2045-08-24 10:00:00,XY,5438.7,CE,IND_BOILER,MW
2045-08-25 11:00:00,XY,4517.9,CE,IND_BOILER,MW
2045-08-26 12:00:00,XY,6544.2,CE,IND_BOILER,MW
2045-08-27 13:00:00,XY,6357.5,CE,IND_BOILER,MW
2045-08-28 14:00:00,XY,6942.7,CE,IND_BOILER,MW
2045-08-29 15:00:00,XY,8138.2,CE,IND_BOILER,MW
2045-08-30 16:00:00,XY,7856.4,CE,IND_BOILER,MW
2045-08-31 17:00:00,XY,5404.1,CE,IND_BOILER,MW
2045-09-01 18:00:00,XY,7774.1,CE,IND_BOILER,MW
2045-09-02 19:00:00,XY,9358.9,CE,IND_BOILER,MW
2045-09-03 20:00:00,XY,9625.0,CE,IND_BOILER,MW
2045-09-04 21:00:00,XY,9869.0,CE,IND_BOILER,MW
2045-09-05 22:00:00,XY,9747.0,CE,IND_BOILER,MW
2045-09-06 23:00:00,XY,9442.0,CE,IND_BOILER,MW
2045-09-08 00:00:00,XY,8283.0,CE,IND_BOILER,MW
2045-09-09 01:00:00,XY,8161.0,CE,IND_BOILER,MW
2045-09-10 02:00:00,XY,8039.0,CE,IND_BOILER,MW
2045-09-11 03:00:00,XY,7978.0,CE,IND_BOILER,MW
2045-09-12 04:00:00,XY,5978.0,CE,IND_BOILER,MW
2045-09-13 05:00:00,XY,7795.0,CE,IND_BOILER,MW
2045-09-14 06:00:00,XY,5551.0,CE,IND_BOILER,MW
2045-09-15 07:00:00,XY,6609.7,CE,IND_BOILER,MW
2045-09-16 08:00:00,XY,8630.2,CE,IND_BOILER,MW
2045-09-17 09:00:00,XY,9028.4,CE,IND_BOILER,MW
2045-09-18 10:00:00,XY,7923.8,CE,IND_BOILER,MW
2045-09-19 11:00:00,XY,7761.0,CE,IND_BOILER,MW
2045-09-20 12:00:00,XY,6629.7,CE,IND_BOILER,MW
2045-09-21 13:00:00,XY,4717.9,CE,IND_BOILER,MW
2045-09-22 14:00:00,XY,5251.0,CE,IND_BOILER,MW
2045-09-23 15:00:00,XY,8522.8,CE,IND_BOILER,MW
2045-09-24 16:00:00,XY,8387.3,CE,IND_BOILER,MW
2045-09-25 17:00:00,XY,9263.6,CE,IND_BOILER,MW
2045-09-26 18:00:00,XY,9346.7,CE,IND_BOILER,MW
2045-09-27 19:00:00,XY,9413.2,CE,IND_BOILER,MW
2045-09-28 20:00:00,XY,8283.0,CE,IND_BOILER,MW
2045-09-29 21:00:00,XY,8405.0,CE,IND_BOILER,MW
2045-09-30 22:00:00,XY,9503.0,CE,IND_BOILER,MW
2045-10-01 23:00:00,XY,9625.0,CE,IND_BOILER,MW
2045-10-03 00:00:00,XY,9564.0,CE,IND_BOILER,MW
2045-10-04 01:00:00,XY,8588.0,CE,IND_BOILER,MW
2045-10-05 02:00:00,XY,6947.3,CE,IND_BOILER,MW
2045-10-06 03:00:00,XY,7368.0,CE,IND_BOILER,MW
2045-10-07 04:00:00,XY,7368.0,CE,IND_BOILER,MW
2045-10-08 05:00:00,XY,6783.2,CE,IND_BOILER,MW
2045-10-09 06:00:00,XY,7042.3,CE,IND_BOILER,MW
2045-10-10 07:00:00,XY,8832.0,CE,IND_BOILER,MW
2045-10-11 08:00:00,XY,7627.9,CE,IND_BOILER,MW
2045-10-12 09:00:00,XY,5515.0,CE,IND_BOILER,MW
2045-10-13 10:00:00,XY,5177.6,CE,IND_BOILER,MW
2045-10-14 11:00:00,XY,7428.6,CE,IND_BOILER,MW
2045-10-15 12:00:00,XY,6935.1,CE,IND_BOILER,MW
2045-10-16 13:00:00,XY,7355.7,CE,IND_BOILER,MW
2045-10-17 14:00:00,XY,8403.7,CE,IND_BOILER,MW
2045-10-18 15:00:00,XY,7570.9,CE,IND_BOILER,MW
2045-10-19 16:00:00,XY,4592.5,CE,IND_BOILER,MW
2045-10-20 17:00:00,XY,5696.5,CE,IND_BOILER,MW
2045-10-21 18:00:00,XY,9419.9,CE,IND_BOILER,MW
2045-10-22 19:00:00,XY,9686.0,CE,IND_BOILER,MW
2045-10-23 20:00:00,XY,9973.7,CE,IND_BOILER,MW
2045-10-24 21:00:00,XY,9808.0,CE,IND_BOILER,MW
2045-10-25 22:00:00,XY,9503.0,CE,IND_BOILER,MW
2045-10-26 23:00:00,XY,8344.0,CE,IND_BOILER,MW
2045-10-28 00:00:00,XY,8466.0,CE,IND_BOILER,MW
2045-10-29 01:00:00,XY,8466.0,CE,IND_BOILER,MW
2045-10-30 02:00:00,XY,6267.3,CE,IND_BOILER,MW
2045-10-31 03:00:00,XY,6161.0,CE,IND_BOILER,MW
2045-11-01 04:00:00,XY,5307.0,CE,IND_BOILER,MW
2045-11-02 05:00:00,XY,5307.0,CE,IND_BOILER,MW
2045-11-03 06:00:00,XY,5566.2,CE,IND_BOILER,MW
2045-11-04 07:00:00,XY,8466.0,CE,IND_BOILER,MW
2045-11-05 08:00:00,XY,8369.5,CE,IND_BOILER,MW
2045-11-06 09:00:00,XY,8823.8,CE,IND_BOILER,MW
2045-11-07 10:00:00,XY,8500.4,CE,IND_BOILER,MW
2045-11-08 11:00:00,XY,6821.4,CE,IND_BOILER,MW
2045-11-09 12:00:00,XY,4264.3,CE,IND_BOILER,MW
2045-11-10 13:00:00,XY,4157.5,CE,IND_BOILER,MW
2045-11-11 14:00:00,XY,6656.0,CE,IND_BOILER,MW
2045-11-12 15:00:00,XY,6877.4,CE,IND_BOILER,MW
2045-11-13 16:00:00,XY,7701.7,CE,IND_BOILER,MW
2045-11-14 17:00:00,XY,8461.4,CE,IND_BOILER,MW
2045-11-15 18:00:00,XY,9070.6,CE,IND_BOILER,MW
2045-11-16 19:00:00,XY,8344.0,CE,IND_BOILER,MW
2045-11-17 20:00:00,XY,8369.0,CE,IND_BOILER,MW
2045-11-18 21:00:00,XY,9564.0,CE,IND_BOILER,MW
2045-11-19 22:00:00,XY,9686.0,CE,IND_BOILER,MW
2045-11-20 23:00:00,XY,9973.7,CE,IND_BOILER,MW
2045-11-22 00:00:00,XY,9381.0,CE,IND_BOILER,MW
2045-11-23 01:00:00,XY,8344.0,CE,IND_BOILER,MW
2045-11-24 02:00:00,XY,5307.0,CE,IND_BOILER,MW
2045-11-25 03:00:00,XY,5233.6,CE,IND_BOILER,MW
2045-11-26 04:00:00,XY,5335.6,CE,IND_BOILER,MW
2045-11-27 05:00:00,XY,6100.0,CE,IND_BOILER,MW
2045-11-28 06:00:00,XY,6757.7,CE,IND_BOILER,MW
2045-11-29 07:00:00,XY,6690.1,CE,IND_BOILER,MW
2045-11-30 08:00:00,XY,5860.9,CE,IND_BOILER,MW
2045-12-01 09:00:00,XY,5801.7,CE,IND_BOILER,MW
2045-12-02 10:00:00,XY,7330.1,CE,IND_BOILER,MW
2045-12-03 11:00:00,XY,7299.7,CE,IND_BOILER,MW
2045-12-04 12:00:00,XY,7968.8,CE,IND_BOILER,MW
2045-12-05 13:00:00,XY,7344.7,CE,IND_BOILER,MW
2045-12-06 14:00:00,XY,6656.0,CE,IND_BOILER,MW
2045-12-07 15:00:00,XY,5331.9,CE,IND_BOILER,MW
2045-12-08 16:00:00,XY,5369.2,CE,IND_BOILER,MW
2045-12-09 17:00:00,XY,8727.2,CE,IND_BOILER,MW
2045-12-10 18:00:00,XY,9170.4,CE,IND_BOILER,MW
2045-12-11 19:00:00,XY,10107.7,CE,IND_BOILER,MW
2045-12-12 20:00:00,XY,9973.7,CE,IND_BOILER,MW
2045-12-13 21:00:00,XY,9564.0,CE,IND_BOILER,MW
2045-12-14 22:00:00,XY,6623.7,CE,IND_BOILER,MW
2045-12-15 23:00:00,XY,6891.7,CE,IND_BOILER,MW
2045-12-17 00:00:00,XY,8633.7,CE,IND_BOILER,MW
2045-12-18 01:00:00,XY,7152.2,CE,IND_BOILER,MW
2045-12-19 02:00:00,XY,6824.0,CE,IND_BOILER,MW
2045-12-20 03:00:00,XY,5978.0,CE,IND_BOILER,MW
2045-12-21 04:00:00,XY,5664.0,CE,IND_BOILER,MW
2045-12-22 05:00:00,XY,6612.3,CE,IND_BOILER,MW
2045-12-23 06:00:00,XY,8161.0,CE,IND_BOILER,MW
2045-12-24 07:00:00,XY,8588.0,CE,IND_BOILER,MW
2045-12-25 08:00:00,XY,8499.7,CE,IND_BOILER,MW
2045-12-26 09:00:00,XY,8983.4,CE,IND_BOILER,MW
2045-12-27 10:00:00,XY,7402.2,CE,IND_BOILER,MW
2045-12-28 11:00:00,XY,4553.5,CE,IND_BOILER,MW
2045-12-29 12:00:00,XY,3686.1,CE,IND_BOILER,MW
2045-12-30 13:00:00,XY,6001.5,CE,IND_BOILER,MW
2045-12-31 14:00:00,XY,6240.6,CE,IND_BOILER,MW
2046-01-01 15:00:00,XY,7854.4,CE,IND_BOILER,MW
2045-01-01 00:00:00,XY,754.0,NR,EIDT,MW
2045-01-02 01:00:00,XY,734.5,NR,EIDT,MW
2045-01-03 02:00:00,XY,708.5,NR,EIDT,MW
2045-01-04 03:00:00,XY,702.0,NR,EIDT,MW
2045-01-05 04:00:00,XY,682.5,NR,EIDT,MW
2045-01-06 05:00:00,XY,695.5,NR,EIDT,MW
2045-01-07 06:00:00,XY,741.0,NR,EIDT,MW
2045-01-08 07:00:00,XY,780.0,NR,EIDT,MW
2045-01-09 08:00:00,XY,806.0,NR,EIDT,MW
2045-01-10 09:00:00,XY,799.5,NR,EIDT,MW
2045-01-11 10:00:00,XY,780.0,NR,EIDT,MW
2045-01-12 11:00:00,XY,728.0,NR,EIDT,MW
2045-01-13 12:00:00,XY,741.0,NR,EIDT,MW
2045-01-14 13:00:00,XY,799.5,NR,EIDT,MW
2045-01-15 14:00:00,XY,812.5,NR,EIDT,MW
2045-01-16 15:00:00,XY,812.5,NR,EIDT,MW
2045-01-17 16:00:00,XY,812.5,NR,EIDT,MW
2045-01-18 17:00:00,XY,695.5,NR,EIDT,MW
2045-01-19 18:00:00,XY,708.5,NR,EIDT,MW
2045-01-20 19:00:00,XY,812.5,NR,EIDT,MW
2045-01-21 20:00:00,XY,812.5,NR,EIDT,MW
2045-01-22 21:00:00,XY,812.5,NR,EIDT,MW
2045-01-23 22:00:00,XY,812.5,NR,EIDT,MW
2045-01-24 23:00:00,XY,780.0,NR,EIDT,MW
2045-01-26 00:00:00,XY,676.0,NR,EIDT,MW
2045-01-27 01:00:00,XY,637.0,NR,EIDT,MW
2045-01-28 02:00:00,XY,643.5,NR,EIDT,MW
2045-01-29 03:00:00,XY,656.5,NR,EIDT,MW
2045-01-30 04:00:00,XY,682.5,NR,EIDT,MW
2045-01-31 05:00:00,XY,676.0,NR,EIDT,MW
2045-02-01 06:00:00,XY,669.5,NR,EIDT,MW
2045-02-02 07:00:00,XY,715.0,NR,EIDT,MW
2045-02-03 08:00:00,XY,806.0,NR,EIDT,MW
2045-02-04 09:00:00,XY,812.5,NR,EIDT,MW
2045-02-05 10:00:00,XY,812.5,NR,EIDT,MW
2045-02-06 11:00:00,XY,812.5,NR,EIDT,MW
2045-02-07 12:00:00,XY,812.5,NR,EIDT,MW
2045-02-08 13:00:00,XY,702.0,NR,EIDT,MW
2045-02-09 14:00:00,XY,715.0,NR,EIDT,MW
2045-02-10 15:00:00,XY,812.5,NR,EIDT,MW
2045-02-11 16:00:00,XY,812.5,NR,EIDT,MW
2045-02-12 17:00:00,XY,812.5,NR,EIDT,MW
2045-02-13 18:00:00,XY,812.5,NR,EIDT,MW
2045-02-14 19:00:00,XY,812.5,NR,EIDT,MW
2045-02-15 20:00:00,XY,702.0,NR,EIDT,MW
2045-02-16 21:00:00,XY,715.0,NR,EIDT,MW
2045-02-17 22:00:00,XY,812.5,NR,EIDT,MW
2045-02-18 23:00:00,XY,812.5,NR,EIDT,MW
2045-02-20 00:00:00,XY,760.5,NR,EIDT,MW
2045-02-21 01:00:00,XY,682.5,NR,EIDT,MW
2045-02-22 02:00:00,XY,624.0,NR,EIDT,MW
2045-02-23 03:00:00,XY,585.0,NR,EIDT,MW
2045-02-24 04:00:00,XY,604.5,NR,EIDT,MW
2045-02-25 05:00:00,XY,669.5,NR,EIDT,MW
2045-02-26 06:00:00,XY,741.0,NR,EIDT,MW
2045-02-27 07:00:00,XY,799.5,NR,EIDT,MW
2045-02-28 08:00:00,XY,806.0,NR,EIDT,MW
2045-03-01 09:00:00,XY,695.5,NR,EIDT,MW
2045-03-02 10:00:00,XY,708.5,NR,EIDT,MW
2045-03-03 11:00:00,XY,812.5,NR,EIDT,MW
2045-03-04 12:00:00,XY,812.5,NR,EIDT,MW
2045-03-05 13:00:00,XY,812.5,NR,EIDT,MW
2045-03-06 14:00:00,XY,812.5,NR,EIDT,MW
2045-03-07 15:00:00,XY,812.5,NR,EIDT,MW
2045-03-08 16:00:00,XY,695.5,NR,EIDT,MW
2045-03-09 17:00:00,XY,708.5,NR,EIDT,MW
2045-03-10 18:00:00,XY,812.5,NR,EIDT,MW
2045-03-11 19:00:00,XY,812.5,NR,EIDT,MW
2045-03-12 20:00:00,XY,812.5,NR,EIDT,MW
2045-03-13 21:00:00,XY,812.5,NR,EIDT,MW
2045-03-14 22:00:00,XY,812.5,NR,EIDT,MW
2045-03-15 23:00:00,XY,689.0,NR,EIDT,MW
2045-03-17 00:00:00,XY,676.0,NR,EIDT,MW
2045-03-18 01:00:00,XY,663.0,NR,EIDT,MW
2045-03-19 02:00:00,XY,656.5,NR,EIDT,MW
2045-03-20 03:00:00,XY,656.5,NR,EIDT,MW
2045-03-21 04:00:00,XY,637.0,NR,EIDT,MW
2045-03-22 05:00:00,XY,611.0,NR,EIDT,MW
2045-03-23 06:00:00,XY,663.0,NR,EIDT,MW
2045-03-24 07:00:00,XY,747.5,NR,EIDT,MW
2045-03-25 08:00:00,XY,799.5,NR,EIDT,MW
2045-03-26 09:00:00,XY,812.5,NR,EIDT,MW
2045-03-27 10:00:00,XY,812.5,NR,EIDT,MW
2045-03-28 11:00:00,XY,812.5,NR,EIDT,MW
2045-03-29 12:00:00,XY,689.0,NR,EIDT,MW
2045-03-30 13:00:00,XY,702.0,NR,EIDT,MW
2045-03-31 14:00:00,XY,812.5,NR,EIDT,MW
2045-04-01 15:00:00,XY,812.5,NR,EIDT,MW
2045-04-02 16:00:00,XY,812.5,NR,EIDT,MW
2045-04-03 17:00:00,XY,812.5,NR,EIDT,MW
2045-04-04 18:00:00,XY,812.5,NR,EIDT,MW
2045-04-05 19:00:00,XY,682.5,NR,EIDT,MW
2045-04-06 20:00:00,XY,695.5,NR,EIDT,MW
2045-04-07 21:00:00,XY,812.5,NR,EIDT,MW
2045-04-08 22:00:00,XY,812.5,NR,EIDT,MW
2045-04-09 23:00:00,XY,812.5,NR,EIDT,MW
2045-04-11 00:00:00,XY,715.0,NR,EIDT,MW
2045-04-12 01:00:00,XY,637.0,NR,EIDT,MW
2045-04-13 02:00:00,XY,585.0,NR,EIDT,MW
2045-04-14 03:00:00,XY,578.5,NR,EIDT,MW
2045-04-15 04:00:00,XY,624.0,NR,EIDT,MW
2045-04-16 05:00:00,XY,682.5,NR,EIDT,MW
2045-04-17 06:00:00,XY,734.5,NR,EIDT,MW
2045-04-18 07:00:00,XY,747.5,NR,EIDT,MW
2045-04-19 08:00:00,XY,682.5,NR,EIDT,MW
2045-04-20 09:00:00,XY,695.5,NR,EIDT,MW
2045-04-21 10:00:00,XY,812.5,NR,EIDT,MW
2045-04-22 11:00:00,XY,812.5,NR,EIDT,MW
2045-04-23 12:00:00,XY,812.5,NR,EIDT,MW
2045-04-24 13:00:00,XY,812.5,NR,EIDT,MW
2045-04-25 14:00:00,XY,806.0,NR,EIDT,MW
2045-04-26 15:00:00,XY,682.5,NR,EIDT,MW
2045-04-27 16:00:00,XY,695.5,NR,EIDT,MW
2045-04-28 17:00:00,XY,812.5,NR,EIDT,MW
2045-04-29 18:00:00,XY,812.5,NR,EIDT,MW
2045-04-30 19:00:00,XY,812.5,NR,EIDT,MW
2045-05-01 20:00:00,XY,812.5,NR,EIDT,MW
2045-05-02 21:00:00,XY,806.0,NR,EIDT,MW
2045-05-03 22:00:00,XY,676.0,NR,EIDT,MW
2045-05-04 23:00:00,XY,695.5,NR,EIDT,MW
2045-05-06 00:00:00,XY,695.5,NR,EIDT,MW
2045-05-07 01:00:00,XY,676.0,NR,EIDT,MW
2045-05-08 02:00:00,XY,663.0,NR,EIDT,MW
2045-05-09 03:00:00,XY,617.5,NR,EIDT,MW
2045-05-10 04:00:00,XY,572.0,NR,EIDT,MW
2045-05-11 05:00:00,XY,611.0,NR,EIDT,MW
2045-05-12 06:00:00,XY,689.0,NR,EIDT,MW
2045-05-13 07:00:00,XY,741.0,NR,EIDT,MW
2045-05-14 08:00:00,XY,812.5,NR,EIDT,MW
2045-05-15 09:00:00,XY,812.5,NR,EIDT,MW
2045-05-16 10:00:00,XY,799.5,NR,EIDT,MW
2045-05-17 11:00:00,XY,676.0,NR,EIDT,MW
2045-05-18 12:00:00,XY,689.0,NR,EIDT,MW
2045-05-19 13:00:00,XY,806.0,NR,EIDT,MW
2045-05-20 14:00:00,XY,812.5,NR,EIDT,MW
2045-05-21 15:00:00,XY,812.5,NR,EIDT,MW
2045-05-22 16:00:00,XY,812.5,NR,EIDT,MW
2045-05-23 17:00:00,XY,799.5,NR,EIDT,MW
2045-05-24 18:00:00,XY,676.0,NR,EIDT,MW
2045-05-25 19:00:00,XY,689.0,NR,EIDT,MW
2045-05-26 20:00:00,XY,806.0,NR,EIDT,MW
2045-05-27 21:00:00,XY,812.5,NR,EIDT,MW
2045-05-28 22:00:00,XY,812.5,NR,EIDT,MW
2045-05-29 23:00:00,XY,786.5,NR,EIDT,MW
2045-05-31 00:00:00,XY,676.0,NR,EIDT,MW
2045-06-01 01:00:00,XY,604.5,NR,EIDT,MW
2045-06-02 02:00:00,XY,585.0,NR,EIDT,MW
2045-06-03 03:00:00,XY,604.5,NR,EIDT,MW
2045-06-04 04:00:00,XY,643.5,NR,EIDT,MW
2045-06-05 05:00:00,XY,682.5,NR,EIDT,MW
2045-06-06 06:00:00,XY,689.0,NR,EIDT,MW
2045-06-07 07:00:00,XY,793.0,NR,EIDT,MW
2045-06-08 08:00:00,XY,669.5,NR,EIDT,MW
2045-06-09 09:00:00,XY,682.5,NR,EIDT,MW
2045-06-10 10:00:00,XY,799.5,NR,EIDT,MW
2045-06-11 11:00:00,XY,812.5,NR,EIDT,MW
2045-06-12 12:00:00,XY,812.5,NR,EIDT,MW
2045-06-13 13:00:00,XY,812.5,NR,EIDT,MW
2045-06-14 14:00:00,XY,793.0,NR,EIDT,MW
2045-06-15 15:00:00,XY,669.5,NR,EIDT,MW
2045-06-16 16:00:00,XY,682.5,NR,EIDT,MW
2045-06-17 17:00:00,XY,799.5,NR,EIDT,MW
2045-06-18 18:00:00,XY,812.5,NR,EIDT,MW
2045-06-19 19:00:00,XY,812.5,NR,EIDT,MW
2045-06-20 20:00:00,XY,812.5,NR,EIDT,MW
2045-06-21 21:00:00,XY,799.5,NR,EIDT,MW
2045-06-22 22:00:00,XY,669.5,NR,EIDT,MW
2045-06-23 23:00:00,XY,682.5,NR,EIDT,MW
2045-06-25 00:00:00,XY,767.0,NR,EIDT,MW
2045-06-26 01:00:00,XY,708.5,NR,EIDT,MW
2045-06-27 02:00:00,XY,682.5,NR,EIDT,MW
2045-06-28 03:00:00,XY,624.0,NR,EIDT,MW
2045-06-29 04:00:00,XY,585.0,NR,EIDT,MW
2045-06-30 05:00:00,XY,572.0,NR,EIDT,MW
2045-07-01 06:00:00,XY,643.5,NR,EIDT,MW
2045-07-02 07:00:00,XY,689.0,NR,EIDT,MW
2045-07-03 08:00:00,XY,760.5,NR,EIDT,MW
2045-07-04 09:00:00,XY,812.5,NR,EIDT,MW
2045-07-05 10:00:00,XY,793.0,NR,EIDT,MW
2045-07-06 11:00:00,XY,669.5,NR,EIDT,MW
2045-07-07 12:00:00,XY,682.5,NR,EIDT,MW
2045-07-08 13:00:00,XY,799.5,NR,EIDT,MW
2045-07-09 14:00:00,XY,812.5,NR,EIDT,MW
2045-07-10 15:00:00,XY,812.5,NR,EIDT,MW
2045-07-11 16:00:00,XY,812.5,NR,EIDT,MW
2045-07-12 17:00:00,XY,793.0,NR,EIDT,MW
2045-07-13 18:00:00,XY,669.5,NR,EIDT,MW
2045-07-14 19:00:00,XY,682.5,NR,EIDT,MW
2045-07-15 20:00:00,XY,799.5,NR,EIDT,MW
2045-07-16 21:00:00,XY,812.5,NR,EIDT,MW
2045-07-17 22:00:00,XY,812.5,NR,EIDT,MW
2045-07-18 23:00:00,XY,812.5,NR,EIDT,MW
2045-07-20 00:00:00,XY,747.5,NR,EIDT,MW
2045-07-21 01:00:00,XY,650.0,NR,EIDT,MW
2045-07-22 02:00:00,XY,611.0,NR,EIDT,MW
2045-07-23 03:00:00,XY,617.5,NR,EIDT,MW
2045-07-24 04:00:00,XY,630.5,NR,EIDT,MW
2045-07-25 05:00:00,XY,650.0,NR,EIDT,MW
2045-07-26 06:00:00,XY,650.0,NR,EIDT,MW
2045-07-27 07:00:00,XY,637.0,NR,EIDT,MW
2045-07-28 08:00:00,XY,682.5,NR,EIDT,MW
2045-07-29 09:00:00,XY,773.5,NR,EIDT,MW
2045-07-30 10:00:00,XY,806.0,NR,EIDT,MW
2045-07-31 11:00:00,XY,812.5,NR,EIDT,MW
2045-08-01 12:00:00,XY,812.5,NR,EIDT,MW
2045-08-02 13:00:00,XY,793.0,NR,EIDT,MW
2045-08-03 14:00:00,XY,669.5,NR,EIDT,MW
2045-08-04 15:00:00,XY,682.5,NR,EIDT,MW
2045-08-05 16:00:00,XY,799.5,NR,EIDT,MW
2045-08-06 17:00:00,XY,812.5,NR,EIDT,MW
2045-08-07 18:00:00,XY,812.5,NR,EIDT,MW
2045-08-08 19:00:00,XY,812.5,NR,EIDT,MW
2045-08-09 20:00:00,XY,793.0,NR,EIDT,MW
2045-08-10 21:00:00,XY,669.5,NR,EIDT,MW
2045-08-11 22:00:00,XY,682.5,NR,EIDT,MW
2045-08-12 23:00:00,XY,799.5,NR,EIDT,MW
2045-08-14 00:00:00,XY,786.5,NR,EIDT,MW
2045-08-15 01:00:00,XY,728.0,NR,EIDT,MW
2045-08-16 02:00:00,XY,656.5,NR,EIDT,MW
2045-08-17 03:00:00,XY,598.0,NR,EIDT,MW
2045-08-18 04:00:00,XY,559.0,NR,EIDT,MW
2045-08-19 05:00:00,XY,578.5,NR,EIDT,MW
2045-08-20 06:00:00,XY,643.5,NR,EIDT,MW
2045-08-21 07:00:00,XY,715.0,NR,EIDT,MW
2045-08-22 08:00:00,XY,767.0,NR,EIDT,MW
2045-08-23 09:00:00,XY,773.5,NR,EIDT,MW
2045-08-24 10:00:00,XY,669.5,NR,EIDT,MW
2045-08-25 11:00:00,XY,682.5,NR,EIDT,MW
2045-08-26 12:00:00,XY,799.5,NR,EIDT,MW
2045-08-27 13:00:00,XY,812.5,NR,EIDT,MW
2045-08-28 14:00:00,XY,812.5,NR,EIDT,MW
2045-08-29 15:00:00,XY,812.5,NR,EIDT,MW
2045-08-30 16:00:00,XY,793.0,NR,EIDT,MW
2045-08-31 17:00:00,XY,669.5,NR,EIDT,MW
2045-09-01 18:00:00,XY,682.5,NR,EIDT,MW
2045-09-02 19:00:00,XY,799.5,NR,EIDT,MW
2045-09-03 20:00:00,XY,812.5,NR,EIDT,MW
2045-09-04 21:00:00,XY,812.5,NR,EIDT,MW
2045-09-05 22:00:00,XY,812.5,NR,EIDT,MW
2045-09-06 23:00:00,XY,793.0,NR,EIDT,MW
2045-09-08 00:00:00,XY,669.5,NR,EIDT,MW
2045-09-09 01:00:00,XY,656.5,NR,EIDT,MW
2045-09-10 02:00:00,XY,643.5,NR,EIDT,MW
2045-09-11 03:00:00,XY,637.0,NR,EIDT,MW
2045-09-12 04:00:00,XY,637.0,NR,EIDT,MW
2045-09-13 05:00:00,XY,617.5,NR,EIDT,MW
2045-09-14 06:00:00,XY,591.5,NR,EIDT,MW
2045-09-15 07:00:00,XY,643.5,NR,EIDT,MW
2045-09-16 08:00:00,XY,728.0,NR,EIDT,MW
2045-09-17 09:00:00,XY,773.5,NR,EIDT,MW
2045-09-18 10:00:00,XY,812.5,NR,EIDT,MW
2045-09-19 11:00:00,XY,812.5,NR,EIDT,MW
2045-09-20 12:00:00,XY,793.0,NR,EIDT,MW
2045-09-21 13:00:00,XY,669.5,NR,EIDT,MW
2045-09-22 14:00:00,XY,682.5,NR,EIDT,MW
2045-09-23 15:00:00,XY,799.5,NR,EIDT,MW
2045-09-24 16:00:00,XY,812.5,NR,EIDT,MW
2045-09-25 17:00:00,XY,812.5,NR,EIDT,MW
2045-09-26 18:00:00,XY,812.5,NR,EIDT,MW
2045-09-27 19:00:00,XY,793.0,NR,EIDT,MW
2045-09-28 20:00:00,XY,669.5,NR,EIDT,MW
2045-09-29 21:00:00,XY,682.5,NR,EIDT,MW
2045-09-30 22:00:00,XY,799.5,NR,EIDT,MW
2045-10-01 23:00:00,XY,812.5,NR,EIDT,MW
2045-10-03 00:00:00,XY,806.0,NR,EIDT,MW
2045-10-04 01:00:00,XY,702.0,NR,EIDT,MW
2045-10-05 02:00:00,XY,630.5,NR,EIDT,MW
2045-10-06 03:00:00,XY,572.0,NR,EIDT,MW
2045-10-07 04:00:00,XY,572.0,NR,EIDT,MW
2045-10-08 05:00:00,XY,617.5,NR,EIDT,MW
2045-10-09 06:00:00,XY,676.0,NR,EIDT,MW
2045-10-10 07:00:00,XY,728.0,NR,EIDT,MW
2045-10-11 08:00:00,XY,741.0,NR,EIDT,MW
2045-10-12 09:00:00,XY,676.0,NR,EIDT,MW
2045-10-13 10:00:00,XY,689.0,NR,EIDT,MW
2045-10-14 11:00:00,XY,806.0,NR,EIDT,MW
2045-10-15 12:00:00,XY,812.5,NR,EIDT,MW
2045-10-16 13:00:00,XY,812.5,NR,EIDT,MW
2045-10-17 14:00:00,XY,812.5,NR,EIDT,MW
2045-10-18 15:00:00,XY,799.5,NR,EIDT,MW
2045-10-19 16:00:00,XY,676.0,NR,EIDT,MW
2045-10-20 17:00:00,XY,689.0,NR,EIDT,MW
2045-10-21 18:00:00,XY,806.0,NR,EIDT,MW
2045-10-22 19:00:00,XY,812.5,NR,EIDT,MW
2045-10-23 20:00:00,XY,812.5,NR,EIDT,MW
2045-10-24 21:00:00,XY,812.5,NR,EIDT,MW
2045-10-25 22:00:00,XY,799.5,NR,EIDT,MW
2045-10-26 23:00:00,XY,676.0,NR,EIDT,MW
2045-10-28 00:00:00,XY,689.0,NR,EIDT,MW
2045-10-29 01:00:00,XY,689.0,NR,EIDT,MW
2045-10-30 02:00:00,XY,669.5,NR,EIDT,MW
2045-10-31 03:00:00,XY,656.5,NR,EIDT,MW
2045-11-01 04:00:00,XY,611.0,NR,EIDT,MW
2045-11-02 05:00:00,XY,565.5,NR,EIDT,MW
2045-11-03 06:00:00,XY,604.5,NR,EIDT,MW
2045-11-04 07:00:00,XY,689.0,NR,EIDT,MW
2045-11-05 08:00:00,XY,741.0,NR,EIDT,MW
2045-11-06 09:00:00,XY,806.0,NR,EIDT,MW
2045-11-07 10:00:00,XY,812.5,NR,EIDT,MW
2045-11-08 11:00:00,XY,799.5,NR,EIDT,MW
2045-11-09 12:00:00,XY,676.0,NR,EIDT,MW
2045-11-10 13:00:00,XY,689.0,NR,EIDT,MW
2045-11-11 14:00:00,XY,806.0,NR,EIDT,MW
2045-11-12 15:00:00,XY,812.5,NR,EIDT,MW
2045-11-13 16:00:00,XY,812.5,NR,EIDT,MW
2045-11-14 17:00:00,XY,812.5,NR,EIDT,MW
2045-11-15 18:00:00,XY,799.5,NR,EIDT,MW
2045-11-16 19:00:00,XY,676.0,NR,EIDT,MW
2045-11-17 20:00:00,XY,689.0,NR,EIDT,MW
2045-11-18 21:00:00,XY,806.0,NR,EIDT,MW
2045-11-19 22:00:00,XY,812.5,NR,EIDT,MW
2045-11-20 23:00:00,XY,812.5,NR,EIDT,MW
2045-11-22 00:00:00,XY,786.5,NR,EIDT,MW
2045-11-23 01:00:00,XY,676.0,NR,EIDT,MW
2045-11-24 02:00:00,XY,611.0,NR,EIDT,MW
2045-11-25 03:00:00,XY,591.5,NR,EIDT,MW
2045-11-26 04:00:00,XY,611.0,NR,EIDT,MW
2045-11-27 05:00:00,XY,650.0,NR,EIDT,MW
2045-11-28 06:00:00,XY,689.0,NR,EIDT,MW
2045-11-29 07:00:00,XY,702.0,NR,EIDT,MW
2045-11-30 08:00:00,XY,676.0,NR,EIDT,MW
2045-12-01 09:00:00,XY,695.5,NR,EIDT,MW
2045-12-02 10:00:00,XY,806.0,NR,EIDT,MW
2045-12-03 11:00:00,XY,812.5,NR,EIDT,MW
2045-12-04 12:00:00,XY,812.5,NR,EIDT,MW
2045-12-05 13:00:00,XY,812.5,NR,EIDT,MW
2045-12-06 14:00:00,XY,806.0,NR,EIDT,MW
2045-12-07 15:00:00,XY,682.5,NR,EIDT,MW
2045-12-08 16:00:00,XY,695.5,NR,EIDT,MW
2045-12-09 17:00:00,XY,812.5,NR,EIDT,MW
2045-12-10 18:00:00,XY,812.5,NR,EIDT,MW
2045-12-11 19:00:00,XY,812.5,NR,EIDT,MW
2045-12-12 20:00:00,XY,812.5,NR,EIDT,MW
2045-12-13 21:00:00,XY,806.0,NR,EIDT,MW
2045-12-14 22:00:00,XY,682.5,NR,EIDT,MW
2045-12-15 23:00:00,XY,695.5,NR,EIDT,MW
2045-12-17 00:00:00,XY,780.0,NR,EIDT,MW
2045-12-18 01:00:00,XY,721.5,NR,EIDT,MW
2045-12-19 02:00:00,XY,695.5,NR,EIDT,MW
2045-12-20 03:00:00,XY,637.0,NR,EIDT,MW
2045-12-21 04:00:00,XY,598.0,NR,EIDT,MW
2045-12-22 05:00:00,XY,585.0,NR,EIDT,MW
2045-12-23 06:00:00,XY,656.5,NR,EIDT,MW
2045-12-24 07:00:00,XY,702.0,NR,EIDT,MW
2045-12-25 08:00:00,XY,773.5,NR,EIDT,MW
2045-12-26 09:00:00,XY,812.5,NR,EIDT,MW
2045-12-27 10:00:00,XY,806.0,NR,EIDT,MW
2045-12-28 11:00:00,XY,682.5,NR,EIDT,MW
2045-12-29 12:00:00,XY,695.5,NR,EIDT,MW
2045-12-30 13:00:00,XY,812.5,NR,EIDT,MW
2045-12-31 14:00:00,XY,812.5,NR,EIDT,MW
2046-01-01 15:00:00,XY,812.5,NR,EIDT,MW
2045-01-01 00:00:00,XY,535.6,SO,EIDT,MW
2045-01-02 01:00:00,XY,495.6,SO,EIDT,MW
2045-01-03 02:00:00,XY,495.6,SO,EIDT,MW
2045-01-04 03:00:00,XY,211.6,SO,EIDT,MW
2045-01-05 04:00:00,XY,535.6,SO,EIDT,MW
2045-01-06 05:00:00,XY,535.6,SO,EIDT,MW
2045-01-07 06:00:00,XY,242.8,SO,EIDT,MW
2045-01-08 07:00:00,XY,535.6,SO,EIDT,MW
2045-01-09 08:00:00,XY,535.6,SO,EIDT,MW
2045-01-10 09:00:00,XY,535.6,SO,EIDT,MW
2045-01-11 10:00:00,XY,535.6,SO,EIDT,MW
2045-01-12 11:00:00,XY,535.6,SO,EIDT,MW
2045-01-13 12:00:00,XY,535.6,SO,EIDT,MW
2045-01-14 13:00:00,XY,535.6,SO,EIDT,MW
2045-01-15 14:00:00,XY,535.6,SO,EIDT,MW
2045-01-16 15:00:00,XY,535.6,SO,EIDT,MW
2045-01-17 16:00:00,XY,535.6,SO,EIDT,MW
2045-01-18 17:00:00,XY,535.6,SO,EIDT,MW
2045-01-19 18:00:00,XY,535.6,SO,EIDT,MW
2045-01-20 19:00:00,XY,315.6,SO,EIDT,MW
2045-01-21 20:00:00,XY,326.0,SO,EIDT,MW
2045-01-22 21:00:00,XY,346.8,SO,EIDT,MW
2045-01-23 22:00:00,XY,341.6,SO,EIDT,MW
2045-01-24 23:00:00,XY,274.0,SO,EIDT,MW
2045-01-26 00:00:00,XY,535.6,SO,EIDT,MW
2045-01-27 01:00:00,XY,495.6,SO,EIDT,MW
2045-01-28 02:00:00,XY,495.6,SO,EIDT,MW
2045-01-29 03:00:00,XY,525.2,SO,EIDT,MW
2045-01-30 04:00:00,XY,535.6,SO,EIDT,MW
2045-01-31 05:00:00,XY,535.6,SO,EIDT,MW
2045-02-01 06:00:00,XY,535.6,SO,EIDT,MW
2045-02-02 07:00:00,XY,535.6,SO,EIDT,MW
2045-02-03 08:00:00,XY,535.6,SO,EIDT,MW
2045-02-04 09:00:00,XY,535.6,SO,EIDT,MW
2045-02-05 10:00:00,XY,535.6,SO,EIDT,MW
2045-02-06 11:00:00,XY,535.6,SO,EIDT,MW
2045-02-07 12:00:00,XY,535.6,SO,EIDT,MW
2045-02-08 13:00:00,XY,535.6,SO,EIDT,MW
2045-02-09 14:00:00,XY,535.6,SO,EIDT,MW
2045-02-10 15:00:00,XY,535.6,SO,EIDT,MW
2045-02-11 16:00:00,XY,535.6,SO,EIDT,MW
2045-02-12 17:00:00,XY,535.6,SO,EIDT,MW
2045-02-13 18:00:00,XY,346.8,SO,EIDT,MW
2045-02-14 19:00:00,XY,315.6,SO,EIDT,MW
2045-02-15 20:00:00,XY,495.6,SO,EIDT,MW
2045-02-16 21:00:00,XY,495.6,SO,EIDT,MW
2045-02-17 22:00:00,XY,535.6,SO,EIDT,MW
2045-02-18 23:00:00,XY,535.6,SO,EIDT,MW
2045-02-20 00:00:00,XY,535.6,SO,EIDT,MW
2045-02-21 01:00:00,XY,535.6,SO,EIDT,MW
2045-02-22 02:00:00,XY,499.2,SO,EIDT,MW
2045-02-23 03:00:00,XY,468.0,SO,EIDT,MW
2045-02-24 04:00:00,XY,483.6,SO,EIDT,MW
2045-02-25 05:00:00,XY,535.6,SO,EIDT,MW
2045-02-26 06:00:00,XY,535.6,SO,EIDT,MW
2045-02-27 07:00:00,XY,535.6,SO,EIDT,MW
2045-02-28 08:00:00,XY,535.6,SO,EIDT,MW
2045-03-01 09:00:00,XY,535.6,SO,EIDT,MW
2045-03-02 10:00:00,XY,535.6,SO,EIDT,MW
2045-03-03 11:00:00,XY,535.6,SO,EIDT,MW
2045-03-04 12:00:00,XY,535.6,SO,EIDT,MW
2045-03-05 13:00:00,XY,535.6,SO,EIDT,MW
2045-03-06 14:00:00,XY,535.6,SO,EIDT,MW
2045-03-07 15:00:00,XY,535.6,SO,EIDT,MW
2045-03-08 16:00:00,XY,535.6,SO,EIDT,MW
2045-03-09 17:00:00,XY,535.6,SO,EIDT,MW
2045-03-10 18:00:00,XY,535.6,SO,EIDT,MW
2045-03-11 19:00:00,XY,535.6,SO,EIDT,MW
2045-03-12 20:00:00,XY,535.6,SO,EIDT,MW
2045-03-13 21:00:00,XY,535.6,SO,EIDT,MW
2045-03-14 22:00:00,XY,305.2,SO,EIDT,MW
2045-03-15 23:00:00,XY,535.6,SO,EIDT,MW
2045-03-17 00:00:00,XY,535.6,SO,EIDT,MW
2045-03-18 01:00:00,XY,495.6,SO,EIDT,MW
2045-03-19 02:00:00,XY,175.2,SO,EIDT,MW
2045-03-20 03:00:00,XY,175.2,SO,EIDT,MW
2045-03-21 04:00:00,XY,509.6,SO,EIDT,MW
2045-03-22 05:00:00,XY,488.8,SO,EIDT,MW
2045-03-23 06:00:00,XY,530.4,SO,EIDT,MW
2045-03-24 07:00:00,XY,535.6,SO,EIDT,MW
2045-03-25 08:00:00,XY,535.6,SO,EIDT,MW
2045-03-26 09:00:00,XY,535.6,SO,EIDT,MW
2045-03-27 10:00:00,XY,535.6,SO,EIDT,MW
2045-03-28 11:00:00,XY,535.6,SO,EIDT,MW
2045-03-29 12:00:00,XY,535.6,SO,EIDT,MW
2045-03-30 13:00:00,XY,535.6,SO,EIDT,MW
2045-03-31 14:00:00,XY,535.6,SO,EIDT,MW
2045-04-01 15:00:00,XY,535.6,SO,EIDT,MW
2045-04-02 16:00:00,XY,535.6,SO,EIDT,MW
2045-04-03 17:00:00,XY,535.6,SO,EIDT,MW
2045-04-04 18:00:00,XY,300.0,SO,EIDT,MW
2045-04-05 19:00:00,XY,535.6,SO,EIDT,MW
2045-04-06 20:00:00,XY,535.6,SO,EIDT,MW
2045-04-07 21:00:00,XY,535.6,SO,EIDT,MW
2045-04-08 22:00:00,XY,535.6,SO,EIDT,MW
2045-04-09 23:00:00,XY,305.2,SO,EIDT,MW
2045-04-11 00:00:00,XY,222.0,SO,EIDT,MW
2045-04-12 01:00:00,XY,159.6,SO,EIDT,MW
2045-04-13 02:00:00,XY,118.0,SO,EIDT,MW
2045-04-14 03:00:00,XY,112.8,SO,EIDT,MW
2045-04-15 04:00:00,XY,149.2,SO,EIDT,MW
2045-04-16 05:00:00,XY,196.0,SO,EIDT,MW
2045-04-17 06:00:00,XY,237.6,SO,EIDT,MW
2045-04-18 07:00:00,XY,535.6,SO,EIDT,MW
2045-04-19 08:00:00,XY,535.6,SO,EIDT,MW
2045-04-20 09:00:00,XY,535.6,SO,EIDT,MW
2045-04-21 10:00:00,XY,535.6,SO,EIDT,MW
2045-04-22 11:00:00,XY,535.6,SO,EIDT,MW
2045-04-23 12:00:00,XY,535.6,SO,EIDT,MW
2045-04-24 13:00:00,XY,535.6,SO,EIDT,MW
2045-04-25 14:00:00,XY,535.6,SO,EIDT,MW
2045-04-26 15:00:00,XY,535.6,SO,EIDT,MW
2045-04-27 16:00:00,XY,535.6,SO,EIDT,MW
2045-04-28 17:00:00,XY,535.6,SO,EIDT,MW
2045-04-29 18:00:00,XY,310.4,SO,EIDT,MW
2045-04-30 19:00:00,XY,331.2,SO,EIDT,MW
2045-05-01 20:00:00,XY,320.8,SO,EIDT,MW
2045-05-02 21:00:00,XY,294.8,SO,EIDT,MW
2045-05-03 22:00:00,XY,190.8,SO,EIDT,MW
2045-05-04 23:00:00,XY,206.4,SO,EIDT,MW
2045-05-06 00:00:00,XY,206.4,SO,EIDT,MW
2045-05-07 01:00:00,XY,190.8,SO,EIDT,MW
2045-05-08 02:00:00,XY,180.4,SO,EIDT,MW
2045-05-09 03:00:00,XY,144.0,SO,EIDT,MW
2045-05-10 04:00:00,XY,107.6,SO,EIDT,MW
2045-05-11 05:00:00,XY,138.8,SO,EIDT,MW
2045-05-12 06:00:00,XY,201.2,SO,EIDT,MW
2045-05-13 07:00:00,XY,242.8,SO,EIDT,MW
2045-05-14 08:00:00,XY,535.6,SO,EIDT,MW
2045-05-15 09:00:00,XY,535.6,SO,EIDT,MW
2045-05-16 10:00:00,XY,535.6,SO,EIDT,MW
2045-05-17 11:00:00,XY,535.6,SO,EIDT,MW
2045-05-18 12:00:00,XY,535.6,SO,EIDT,MW
2045-05-19 13:00:00,XY,535.6,SO,EIDT,MW
2045-05-20 14:00:00,XY,535.6,SO,EIDT,MW
2045-05-21 15:00:00,XY,535.6,SO,EIDT,MW
2045-05-22 16:00:00,XY,535.6,SO,EIDT,MW
2045-05-23 17:00:00,XY,289.6,SO,EIDT,MW
2045-05-24 18:00:00,XY,190.8,SO,EIDT,MW
2045-05-25 19:00:00,XY,201.2,SO,EIDT,MW
2045-05-26 20:00:00,XY,294.8,SO,EIDT,MW
2045-05-27 21:00:00,XY,305.2,SO,EIDT,MW
2045-05-28 22:00:00,XY,326.0,SO,EIDT,MW
2045-05-29 23:00:00,XY,279.2,SO,EIDT,MW
2045-05-31 00:00:00,XY,190.8,SO,EIDT,MW
2045-06-01 01:00:00,XY,133.6,SO,EIDT,MW
2045-06-02 02:00:00,XY,118.0,SO,EIDT,MW
2045-06-03 03:00:00,XY,483.6,SO,EIDT,MW
2045-06-04 04:00:00,XY,164.8,SO,EIDT,MW
2045-06-05 05:00:00,XY,196.0,SO,EIDT,MW
2045-06-06 06:00:00,XY,201.2,SO,EIDT,MW
2045-06-07 07:00:00,XY,535.6,SO,EIDT,MW
2045-06-08 08:00:00,XY,535.6,SO,EIDT,MW
2045-06-09 09:00:00,XY,535.6,SO,EIDT,MW
2045-06-10 10:00:00,XY,535.6,SO,EIDT,MW
2045-06-11 11:00:00,XY,535.6,SO,EIDT,MW
2045-06-12 12:00:00,XY,535.6,SO,EIDT,MW
2045-06-13 13:00:00,XY,535.6,SO,EIDT,MW
2045-06-14 14:00:00,XY,535.6,SO,EIDT,MW
2045-06-15 15:00:00,XY,535.6,SO,EIDT,MW
2045-06-16 16:00:00,XY,535.6,SO,EIDT,MW
2045-06-17 17:00:00,XY,535.6,SO,EIDT,MW
2045-06-18 18:00:00,XY,535.6,SO,EIDT,MW
2045-06-19 19:00:00,XY,535.6,SO,EIDT,MW
2045-06-20 20:00:00,XY,315.6,SO,EIDT,MW
2045-06-21 21:00:00,XY,289.6,SO,EIDT,MW
2045-06-22 22:00:00,XY,185.6,SO,EIDT,MW
2045-06-23 23:00:00,XY,196.0,SO,EIDT,MW
2045-06-25 00:00:00,XY,263.6,SO,EIDT,MW
2045-06-26 01:00:00,XY,216.8,SO,EIDT,MW
2045-06-27 02:00:00,XY,196.0,SO,EIDT,MW
2045-06-28 03:00:00,XY,149.2,SO,EIDT,MW
2045-06-29 04:00:00,XY,118.0,SO,EIDT,MW
2045-06-30 05:00:00,XY,107.6,SO,EIDT,MW
2045-07-01 06:00:00,XY,164.8,SO,EIDT,MW
2045-07-02 07:00:00,XY,535.6,SO,EIDT,MW
2045-07-03 08:00:00,XY,535.6,SO,EIDT,MW
2045-07-04 09:00:00,XY,535.6,SO,EIDT,MW
2045-07-05 10:00:00,XY,535.6,SO,EIDT,MW
2045-07-06 11:00:00,XY,535.6,SO,EIDT,MW
2045-07-07 12:00:00,XY,535.6,SO,EIDT,MW
2045-07-08 13:00:00,XY,535.6,SO,EIDT,MW
2045-07-09 14:00:00,XY,535.6,SO,EIDT,MW
2045-07-10 15:00:00,XY,535.6,SO,EIDT,MW
2045-07-11 16:00:00,XY,535.6,SO,EIDT,MW
2045-07-12 17:00:00,XY,535.6,SO,EIDT,MW
2045-07-13 18:00:00,XY,535.6,SO,EIDT,MW
2045-07-14 19:00:00,XY,535.6,SO,EIDT,MW
2045-07-15 20:00:00,XY,535.6,SO,EIDT,MW
2045-07-16 21:00:00,XY,535.6,SO,EIDT,MW
2045-07-17 22:00:00,XY,535.6,SO,EIDT,MW
2045-07-18 23:00:00,XY,535.6,SO,EIDT,MW
2045-07-20 00:00:00,XY,248.0,SO,EIDT,MW
2045-07-21 01:00:00,XY,520.0,SO,EIDT,MW
2045-07-22 02:00:00,XY,488.8,SO,EIDT,MW
2045-07-23 03:00:00,XY,494.0,SO,EIDT,MW
2045-07-24 04:00:00,XY,504.4,SO,EIDT,MW
2045-07-25 05:00:00,XY,520.0,SO,EIDT,MW
2045-07-26 06:00:00,XY,170.0,SO,EIDT,MW
2045-07-27 07:00:00,XY,509.6,SO,EIDT,MW
2045-07-28 08:00:00,XY,196.0,SO,EIDT,MW
2045-07-29 09:00:00,XY,535.6,SO,EIDT,MW
2045-07-30 10:00:00,XY,535.6,SO,EIDT,MW
2045-07-31 11:00:00,XY,535.6,SO,EIDT,MW
2045-08-01 12:00:00,XY,535.6,SO,EIDT,MW
2045-08-02 13:00:00,XY,535.6,SO,EIDT,MW
2045-08-03 14:00:00,XY,535.6,SO,EIDT,MW
2045-08-04 15:00:00,XY,535.6,SO,EIDT,MW
2045-08-05 16:00:00,XY,535.6,SO,EIDT,MW
2045-08-06 17:00:00,XY,535.6,SO,EIDT,MW
2045-08-07 18:00:00,XY,535.6,SO,EIDT,MW
2045-08-08 19:00:00,XY,535.6,SO,EIDT,MW
2045-08-09 20:00:00,XY,535.6,SO,EIDT,MW
2045-08-10 21:00:00,XY,535.6,SO,EIDT,MW
2045-08-11 22:00:00,XY,535.6,SO,EIDT,MW
2045-08-12 23:00:00,XY,535.6,SO,EIDT,MW
2045-08-14 00:00:00,XY,279.2,SO,EIDT,MW
2045-08-15 01:00:00,XY,232.4,SO,EIDT,MW
2045-08-16 02:00:00,XY,525.2,SO,EIDT,MW
2045-08-17 03:00:00,XY,478.4,SO,EIDT,MW
2045-08-18 04:00:00,XY,447.2,SO,EIDT,MW
2045-08-19 05:00:00,XY,462.8,SO,EIDT,MW
2045-08-20 06:00:00,XY,164.8,SO,EIDT,MW
2045-08-21 07:00:00,XY,222.0,SO,EIDT,MW
2045-08-22 08:00:00,XY,535.6,SO,EIDT,MW
2045-08-23 09:00:00,XY,535.6,SO,EIDT,MW
2045-08-24 10:00:00,XY,535.6,SO,EIDT,MW
2045-08-25 11:00:00,XY,535.6,SO,EIDT,MW
2045-08-26 12:00:00,XY,535.6,SO,EIDT,MW
2045-08-27 13:00:00,XY,535.6,SO,EIDT,MW
2045-08-28 14:00:00,XY,535.6,SO,EIDT,MW
2045-08-29 15:00:00,XY,535.6,SO,EIDT,MW
2045-08-30 16:00:00,XY,535.6,SO,EIDT,MW
2045-08-31 17:00:00,XY,535.6,SO,EIDT,MW
2045-09-01 18:00:00,XY,535.6,SO,EIDT,MW
2045-09-02 19:00:00,XY,535.6,SO,EIDT,MW
2045-09-03 20:00:00,XY,535.6,SO,EIDT,MW
2045-09-04 21:00:00,XY,320.8,SO,EIDT,MW
2045-09-05 22:00:00,XY,310.4,SO,EIDT,MW
2045-09-06 23:00:00,XY,535.6,SO,EIDT,MW
2045-09-08 00:00:00,XY,535.6,SO,EIDT,MW
2045-09-09 01:00:00,XY,175.2,SO,EIDT,MW
2045-09-10 02:00:00,XY,164.8,SO,EIDT,MW
2045-09-11 03:00:00,XY,159.6,SO,EIDT,MW
2045-09-12 04:00:00,XY,509.6,SO,EIDT,MW
2045-09-13 05:00:00,XY,144.0,SO,EIDT,MW
2045-09-14 06:00:00,XY,473.2,SO,EIDT,MW
2045-09-15 07:00:00,XY,495.6,SO,EIDT,MW
2045-09-16 08:00:00,XY,535.6,SO,EIDT,MW
2045-09-17 09:00:00,XY,535.6,SO,EIDT,MW
2045-09-18 10:00:00,XY,535.6,SO,EIDT,MW
2045-09-19 11:00:00,XY,535.6,SO,EIDT,MW
2045-09-20 12:00:00,XY,535.6,SO,EIDT,MW
2045-09-21 13:00:00,XY,535.6,SO,EIDT,MW
2045-09-22 14:00:00,XY,535.6,SO,EIDT,MW
2045-09-23 15:00:00,XY,535.6,SO,EIDT,MW
2045-09-24 16:00:00,XY,535.6,SO,EIDT,MW
2045-09-25 17:00:00,XY,535.6,SO,EIDT,MW
2045-09-26 18:00:00,XY,535.6,SO,EIDT,MW
2045-09-27 19:00:00,XY,284.4,SO,EIDT,MW
2045-09-28 20:00:00,XY,185.6,SO,EIDT,MW
2045-09-29 21:00:00,XY,196.0,SO,EIDT,MW
2045-09-30 22:00:00,XY,289.6,SO,EIDT,MW
2045-10-01 23:00:00,XY,300.0,SO,EIDT,MW
2045-10-03 00:00:00,XY,294.8,SO,EIDT,MW
2045-10-04 01:00:00,XY,211.6,SO,EIDT,MW
2045-10-05 02:00:00,XY,495.6,SO,EIDT,MW
2045-10-06 03:00:00,XY,107.6,SO,EIDT,MW
2045-10-07 04:00:00,XY,378.8,SO,EIDT,MW
2045-10-08 05:00:00,XY,494.0,SO,EIDT,MW
2045-10-09 06:00:00,XY,495.6,SO,EIDT,MW
2045-10-10 07:00:00,XY,232.4,SO,EIDT,MW
2045-10-11 08:00:00,XY,535.6,SO,EIDT,MW
2045-10-12 09:00:00,XY,535.6,SO,EIDT,MW
2045-10-13 10:00:00,XY,535.6,SO,EIDT,MW
2045-10-14 11:00:00,XY,535.6,SO,EIDT,MW
2045-10-15 12:00:00,XY,535.6,SO,EIDT,MW
2045-10-16 13:00:00,XY,535.6,SO,EIDT,MW
2045-10-17 14:00:00,XY,535.6,SO,EIDT,MW
2045-10-18 15:00:00,XY,535.6,SO,EIDT,MW
2045-10-19 16:00:00,XY,535.6,SO,EIDT,MW
2045-10-20 17:00:00,XY,535.6,SO,EIDT,MW
2045-10-21 18:00:00,XY,294.8,SO,EIDT,MW
2045-10-22 19:00:00,XY,305.2,SO,EIDT,MW
2045-10-23 20:00:00,XY,326.0,SO,EIDT,MW
2045-10-24 21:00:00,XY,315.6,SO,EIDT,MW
2045-10-25 22:00:00,XY,289.6,SO,EIDT,MW
2045-10-26 23:00:00,XY,190.8,SO,EIDT,MW
2045-10-28 00:00:00,XY,232.2,SO,EIDT,MW
2045-10-29 01:00:00,XY,201.2,SO,EIDT,MW
2045-10-30 02:00:00,XY,535.6,SO,EIDT,MW
2045-10-31 03:00:00,XY,525.2,SO,EIDT,MW
2045-11-01 04:00:00,XY,488.8,SO,EIDT,MW
2045-11-02 05:00:00,XY,452.4,SO,EIDT,MW
2045-11-03 06:00:00,XY,483.6,SO,EIDT,MW
2045-11-04 07:00:00,XY,201.2,SO,EIDT,MW
2045-11-05 08:00:00,XY,495.6,SO,EIDT,MW
2045-11-06 09:00:00,XY,535.6,SO,EIDT,MW
2045-11-07 10:00:00,XY,535.6,SO,EIDT,MW
2045-11-08 11:00:00,XY,535.6,SO,EIDT,MW
2045-11-09 12:00:00,XY,535.6,SO,EIDT,MW
2045-11-10 13:00:00,XY,535.6,SO,EIDT,MW
2045-11-11 14:00:00,XY,535.6,SO,EIDT,MW
2045-11-12 15:00:00,XY,535.6,SO,EIDT,MW
2045-11-13 16:00:00,XY,535.6,SO,EIDT,MW
2045-11-14 17:00:00,XY,535.6,SO,EIDT,MW
2045-11-15 18:00:00,XY,535.6,SO,EIDT,MW
2045-11-16 19:00:00,XY,268.4,SO,EIDT,MW
2045-11-17 20:00:00,XY,535.6,SO,EIDT,MW
2045-11-18 21:00:00,XY,294.8,SO,EIDT,MW
2045-11-19 22:00:00,XY,305.2,SO,EIDT,MW
2045-11-20 23:00:00,XY,535.6,SO,EIDT,MW
2045-11-22 00:00:00,XY,279.2,SO,EIDT,MW
2045-11-23 01:00:00,XY,190.8,SO,EIDT,MW
2045-11-24 02:00:00,XY,488.8,SO,EIDT,MW
2045-11-25 03:00:00,XY,473.2,SO,EIDT,MW
2045-11-26 04:00:00,XY,488.8,SO,EIDT,MW
2045-11-27 05:00:00,XY,520.0,SO,EIDT,MW
2045-11-28 06:00:00,XY,535.6,SO,EIDT,MW
2045-11-29 07:00:00,XY,535.6,SO,EIDT,MW
2045-11-30 08:00:00,XY,535.6,SO,EIDT,MW
2045-12-01 09:00:00,XY,535.6,SO,EIDT,MW
2045-12-02 10:00:00,XY,535.6,SO,EIDT,MW
2045-12-03 11:00:00,XY,535.6,SO,EIDT,MW
2045-12-04 12:00:00,XY,535.6,SO,EIDT,MW
2045-12-05 13:00:00,XY,535.6,SO,EIDT,MW
2045-12-06 14:00:00,XY,535.6,SO,EIDT,MW
2045-12-07 15:00:00,XY,535.6,SO,EIDT,MW
2045-12-08 16:00:00,XY,535.6,SO,EIDT,MW
2045-12-09 17:00:00,XY,535.6,SO,EIDT,MW
2045-12-10 18:00:00,XY,535.6,SO,EIDT,MW
2045-12-11 19:00:00,XY,535.6,SO,EIDT,MW
2045-12-12 20:00:00,XY,535.6,SO,EIDT,MW
2045-12-13 21:00:00,XY,535.6,SO,EIDT,MW
2045-12-14 22:00:00,XY,535.6,SO,EIDT,MW
2045-12-15 23:00:00,XY,535.6,SO,EIDT,MW
2045-12-17 00:00:00,XY,535.6,SO,EIDT,MW
2045-12-18 01:00:00,XY,535.6,SO,EIDT,MW
2045-12-19 02:00:00,XY,535.6,SO,EIDT,MW
2045-12-20 03:00:00,XY,509.6,SO,EIDT,MW
2045-12-21 04:00:00,XY,478.4,SO,EIDT,MW
2045-12-22 05:00:00,XY,468.0,SO,EIDT,MW
2045-12-23 06:00:00,XY,175.2,SO,EIDT,MW
2045-12-24 07:00:00,XY,211.6,SO,EIDT,MW
2045-12-25 08:00:00,XY,535.6,SO,EIDT,MW
2045-12-26 09:00:00,XY,535.6,SO,EIDT,MW
2045-12-27 10:00:00,XY,535.6,SO,EIDT,MW
2045-12-28 11:00:00,XY,535.6,SO,EIDT,MW
2045-12-29 12:00:00,XY,535.6,SO,EIDT,MW
2045-12-30 13:00:00,XY,535.6,SO,EIDT,MW
2045-12-31 14:00:00,XY,535.6,SO,EIDT,MW
2046-01-01 15:00:00,XY,535.6,SO,EIDT,MW
2045-01-01 00:00:00,XY,3004.5,SO,IND_BOILER,MW
2045-01-02 01:00:00,XY,3143.0,SO,IND_BOILER,MW
2045-01-03 02:00:00,XY,3014.2,SO,IND_BOILER,MW
2045-01-04 03:00:00,XY,3266.0,SO,IND_BOILER,MW
2045-01-05 04:00:00,XY,2845.4,SO,IND_BOILER,MW
2045-01-06 05:00:00,XY,2866.1,SO,IND_BOILER,MW
2045-01-07 06:00:00,XY,3428.0,SO,IND_BOILER,MW
2045-01-08 07:00:00,XY,3328.4,SO,IND_BOILER,MW
2045-01-09 08:00:00,XY,3137.2,SO,IND_BOILER,MW
2045-01-10 09:00:00,XY,3105.0,SO,IND_BOILER,MW
2045-01-11 10:00:00,XY,3008.4,SO,IND_BOILER,MW
2045-01-12 11:00:00,XY,2750.8,SO,IND_BOILER,MW
2045-01-13 12:00:00,XY,2815.2,SO,IND_BOILER,MW
2045-01-14 13:00:00,XY,3105.0,SO,IND_BOILER,MW
2045-01-15 14:00:00,XY,3169.4,SO,IND_BOILER,MW
2045-01-16 15:00:00,XY,3427.0,SO,IND_BOILER,MW
2045-01-17 16:00:00,XY,3233.8,SO,IND_BOILER,MW
2045-01-18 17:00:00,XY,2589.8,SO,IND_BOILER,MW
2045-01-19 18:00:00,XY,2974.2,SO,IND_BOILER,MW
2045-01-20 19:00:00,XY,3806.0,SO,IND_BOILER,MW
2045-01-21 20:00:00,XY,3860.0,SO,IND_BOILER,MW
2045-01-22 21:00:00,XY,3968.0,SO,IND_BOILER,MW
2045-01-23 22:00:00,XY,3941.0,SO,IND_BOILER,MW
2045-01-24 23:00:00,XY,3590.0,SO,IND_BOILER,MW
2045-01-26 00:00:00,XY,2813.2,SO,IND_BOILER,MW
2045-01-27 01:00:00,XY,2660.0,SO,IND_BOILER,MW
2045-01-28 02:00:00,XY,2692.2,SO,IND_BOILER,MW
2045-01-29 03:00:00,XY,2727.0,SO,IND_BOILER,MW
2045-01-30 04:00:00,XY,2845.4,SO,IND_BOILER,MW
2045-01-31 05:00:00,XY,2744.2,SO,IND_BOILER,MW
2045-02-01 06:00:00,XY,2461.0,SO,IND_BOILER,MW
2045-02-02 07:00:00,XY,2686.4,SO,IND_BOILER,MW
2045-02-03 08:00:00,XY,3137.2,SO,IND_BOILER,MW
2045-02-04 09:00:00,XY,3330.4,SO,IND_BOILER,MW
2045-02-05 10:00:00,XY,3491.4,SO,IND_BOILER,MW
2045-02-06 11:00:00,XY,3459.2,SO,IND_BOILER,MW
2045-02-07 12:00:00,XY,3266.0,SO,IND_BOILER,MW
2045-02-08 13:00:00,XY,2622.0,SO,IND_BOILER,MW
2045-02-09 14:00:00,XY,2686.4,SO,IND_BOILER,MW
2045-02-10 15:00:00,XY,3298.2,SO,IND_BOILER,MW
2045-02-11 16:00:00,XY,3362.6,SO,IND_BOILER,MW
2045-02-12 17:00:00,XY,3491.4,SO,IND_BOILER,MW
2045-02-13 18:00:00,XY,3968.0,SO,IND_BOILER,MW
2045-02-14 19:00:00,XY,3806.0,SO,IND_BOILER,MW
2045-02-15 20:00:00,XY,2982.0,SO,IND_BOILER,MW
2045-02-16 21:00:00,XY,3046.4,SO,IND_BOILER,MW
2045-02-17 22:00:00,XY,3618.2,SO,IND_BOILER,MW
2045-02-18 23:00:00,XY,3308.7,SO,IND_BOILER,MW
2045-02-20 00:00:00,XY,3173.1,SO,IND_BOILER,MW
2045-02-21 01:00:00,XY,2845.4,SO,IND_BOILER,MW
2045-02-22 02:00:00,XY,2272.0,SO,IND_BOILER,MW
2045-02-23 03:00:00,XY,2110.0,SO,IND_BOILER,MW
2045-02-24 04:00:00,XY,2191.0,SO,IND_BOILER,MW
2045-02-25 05:00:00,XY,2461.0,SO,IND_BOILER,MW
2045-02-26 06:00:00,XY,3135.2,SO,IND_BOILER,MW
2045-02-27 07:00:00,XY,3425.0,SO,IND_BOILER,MW
2045-02-28 08:00:00,XY,3137.2,SO,IND_BOILER,MW
2045-03-01 09:00:00,XY,2589.8,SO,IND_BOILER,MW
2045-03-02 10:00:00,XY,2654.2,SO,IND_BOILER,MW
2045-03-03 11:00:00,XY,3266.0,SO,IND_BOILER,MW
2045-03-04 12:00:00,XY,3298.2,SO,IND_BOILER,MW
2045-03-05 13:00:00,XY,3459.2,SO,IND_BOILER,MW
2045-03-06 14:00:00,XY,3394.8,SO,IND_BOILER,MW
2045-03-07 15:00:00,XY,3201.6,SO,IND_BOILER,MW
2045-03-08 16:00:00,XY,2589.8,SO,IND_BOILER,MW
2045-03-09 17:00:00,XY,2654.2,SO,IND_BOILER,MW
2045-03-10 18:00:00,XY,3504.8,SO,IND_BOILER,MW
2045-03-11 19:00:00,XY,3515.2,SO,IND_BOILER,MW
2045-03-12 20:00:00,XY,3536.0,SO,IND_BOILER,MW
2045-03-13 21:00:00,XY,3545.9,SO,IND_BOILER,MW
2045-03-14 22:00:00,XY,3752.0,SO,IND_BOILER,MW
2045-03-15 23:00:00,XY,2877.6,SO,IND_BOILER,MW
2045-03-17 00:00:00,XY,2813.2,SO,IND_BOILER,MW
2045-03-18 01:00:00,XY,2788.8,SO,IND_BOILER,MW
2045-03-19 02:00:00,XY,3077.0,SO,IND_BOILER,MW
2045-03-20 03:00:00,XY,3077.0,SO,IND_BOILER,MW
2045-03-21 04:00:00,XY,2646.0,SO,IND_BOILER,MW
2045-03-22 05:00:00,XY,2538.0,SO,IND_BOILER,MW
2045-03-23 06:00:00,XY,2754.0,SO,IND_BOILER,MW
2045-03-24 07:00:00,XY,3167.4,SO,IND_BOILER,MW
2045-03-25 08:00:00,XY,3425.0,SO,IND_BOILER,MW
2045-03-26 09:00:00,XY,3525.6,SO,IND_BOILER,MW
2045-03-27 10:00:00,XY,3525.6,SO,IND_BOILER,MW
2045-03-28 11:00:00,XY,3323.4,SO,IND_BOILER,MW
2045-03-29 12:00:00,XY,2557.6,SO,IND_BOILER,MW
2045-03-30 13:00:00,XY,2622.0,SO,IND_BOILER,MW
2045-03-31 14:00:00,XY,3201.6,SO,IND_BOILER,MW
2045-04-01 15:00:00,XY,3510.0,SO,IND_BOILER,MW
2045-04-02 16:00:00,XY,3530.8,SO,IND_BOILER,MW
2045-04-03 17:00:00,XY,3525.6,SO,IND_BOILER,MW
2045-04-04 18:00:00,XY,3725.0,SO,IND_BOILER,MW
2045-04-05 19:00:00,XY,2845.4,SO,IND_BOILER,MW
2045-04-06 20:00:00,XY,2909.8,SO,IND_BOILER,MW
2045-04-07 21:00:00,XY,3499.6,SO,IND_BOILER,MW
2045-04-08 22:00:00,XY,3504.8,SO,IND_BOILER,MW
2045-04-09 23:00:00,XY,3752.0,SO,IND_BOILER,MW
2045-04-11 00:00:00,XY,3320.0,SO,IND_BOILER,MW
2045-04-12 01:00:00,XY,2996.0,SO,IND_BOILER,MW
2045-04-13 02:00:00,XY,2780.0,SO,IND_BOILER,MW
2045-04-14 03:00:00,XY,2753.0,SO,IND_BOILER,MW
2045-04-15 04:00:00,XY,2942.0,SO,IND_BOILER,MW
2045-04-16 05:00:00,XY,3185.0,SO,IND_BOILER,MW
2045-04-17 06:00:00,XY,3401.0,SO,IND_BOILER,MW
2045-04-18 07:00:00,XY,3167.4,SO,IND_BOILER,MW
2045-04-19 08:00:00,XY,2845.4,SO,IND_BOILER,MW
2045-04-20 09:00:00,XY,2909.8,SO,IND_BOILER,MW
2045-04-21 10:00:00,XY,3489.4,SO,IND_BOILER,MW
2045-04-22 11:00:00,XY,3504.8,SO,IND_BOILER,MW
2045-04-23 12:00:00,XY,3525.6,SO,IND_BOILER,MW
2045-04-24 13:00:00,XY,3330.4,SO,IND_BOILER,MW
2045-04-25 14:00:00,XY,3457.2,SO,IND_BOILER,MW
2045-04-26 15:00:00,XY,2845.4,SO,IND_BOILER,MW
2045-04-27 16:00:00,XY,2909.8,SO,IND_BOILER,MW
2045-04-28 17:00:00,XY,3489.4,SO,IND_BOILER,MW
2045-04-29 18:00:00,XY,3779.0,SO,IND_BOILER,MW
2045-04-30 19:00:00,XY,3887.0,SO,IND_BOILER,MW
2045-05-01 20:00:00,XY,3833.0,SO,IND_BOILER,MW
2045-05-02 21:00:00,XY,3698.0,SO,IND_BOILER,MW
2045-05-03 22:00:00,XY,3158.0,SO,IND_BOILER,MW
2045-05-04 23:00:00,XY,3239.0,SO,IND_BOILER,MW
2045-05-06 00:00:00,XY,3239.0,SO,IND_BOILER,MW
2045-05-07 01:00:00,XY,3158.0,SO,IND_BOILER,MW
2045-05-08 02:00:00,XY,3104.0,SO,IND_BOILER,MW
2045-05-09 03:00:00,XY,2915.0,SO,IND_BOILER,MW
2045-05-10 04:00:00,XY,2726.0,SO,IND_BOILER,MW
2045-05-11 05:00:00,XY,2888.0,SO,IND_BOILER,MW
2045-05-12 06:00:00,XY,3212.0,SO,IND_BOILER,MW
2045-05-13 07:00:00,XY,3428.0,SO,IND_BOILER,MW
2045-05-14 08:00:00,XY,3489.4,SO,IND_BOILER,MW
2045-05-15 09:00:00,XY,3515.2,SO,IND_BOILER,MW
2045-05-16 10:00:00,XY,3425.0,SO,IND_BOILER,MW
2045-05-17 11:00:00,XY,2813.2,SO,IND_BOILER,MW
2045-05-18 12:00:00,XY,2877.6,SO,IND_BOILER,MW
2045-05-19 13:00:00,XY,3457.2,SO,IND_BOILER,MW
2045-05-20 14:00:00,XY,3499.6,SO,IND_BOILER,MW
2045-05-21 15:00:00,XY,3520.4,SO,IND_BOILER,MW
2045-05-22 16:00:00,XY,3602.3,SO,IND_BOILER,MW
2045-05-23 17:00:00,XY,3671.0,SO,IND_BOILER,MW
2045-05-24 18:00:00,XY,3158.0,SO,IND_BOILER,MW
2045-05-25 19:00:00,XY,3212.0,SO,IND_BOILER,MW
2045-05-26 20:00:00,XY,3698.0,SO,IND_BOILER,MW
2045-05-27 21:00:00,XY,3752.0,SO,IND_BOILER,MW
2045-05-28 22:00:00,XY,3860.0,SO,IND_BOILER,MW
2045-05-29 23:00:00,XY,3617.0,SO,IND_BOILER,MW
2045-05-31 00:00:00,XY,3158.0,SO,IND_BOILER,MW
2045-06-01 01:00:00,XY,2861.0,SO,IND_BOILER,MW
2045-06-02 02:00:00,XY,2780.0,SO,IND_BOILER,MW
2045-06-03 03:00:00,XY,2511.0,SO,IND_BOILER,MW
2045-06-04 04:00:00,XY,3023.0,SO,IND_BOILER,MW
2045-06-05 05:00:00,XY,3185.0,SO,IND_BOILER,MW
2045-06-06 06:00:00,XY,3212.0,SO,IND_BOILER,MW
2045-06-07 07:00:00,XY,3392.8,SO,IND_BOILER,MW
2045-06-08 08:00:00,XY,2781.0,SO,IND_BOILER,MW
2045-06-09 09:00:00,XY,2845.4,SO,IND_BOILER,MW
2045-06-10 10:00:00,XY,3425.0,SO,IND_BOILER,MW
2045-06-11 11:00:00,XY,3489.4,SO,IND_BOILER,MW
2045-06-12 12:00:00,XY,3515.2,SO,IND_BOILER,MW
2045-06-13 13:00:00,XY,3510.0,SO,IND_BOILER,MW
2045-06-14 14:00:00,XY,3072.8,SO,IND_BOILER,MW
2045-06-15 15:00:00,XY,2781.0,SO,IND_BOILER,MW
2045-06-16 16:00:00,XY,2845.4,SO,IND_BOILER,MW
2045-06-17 17:00:00,XY,3425.0,SO,IND_BOILER,MW
2045-06-18 18:00:00,XY,3489.4,SO,IND_BOILER,MW
2045-06-19 19:00:00,XY,3515.2,SO,IND_BOILER,MW
2045-06-20 20:00:00,XY,3806.0,SO,IND_BOILER,MW
2045-06-21 21:00:00,XY,3671.0,SO,IND_BOILER,MW
2045-06-22 22:00:00,XY,3131.0,SO,IND_BOILER,MW
2045-06-23 23:00:00,XY,3185.0,SO,IND_BOILER,MW
2045-06-25 00:00:00,XY,3536.0,SO,IND_BOILER,MW
2045-06-26 01:00:00,XY,3293.0,SO,IND_BOILER,MW
2045-06-27 02:00:00,XY,3185.0,SO,IND_BOILER,MW
2045-06-28 03:00:00,XY,2942.0,SO,IND_BOILER,MW
2045-06-29 04:00:00,XY,2780.0,SO,IND_BOILER,MW
2045-06-30 05:00:00,XY,2726.0,SO,IND_BOILER,MW
2045-07-01 06:00:00,XY,3023.0,SO,IND_BOILER,MW
2045-07-02 07:00:00,XY,2877.6,SO,IND_BOILER,MW
2045-07-03 08:00:00,XY,3231.8,SO,IND_BOILER,MW
2045-07-04 09:00:00,XY,3489.4,SO,IND_BOILER,MW
2045-07-05 10:00:00,XY,3392.8,SO,IND_BOILER,MW
2045-07-06 11:00:00,XY,2461.0,SO,IND_BOILER,MW
2045-07-07 12:00:00,XY,2845.4,SO,IND_BOILER,MW
2045-07-08 13:00:00,XY,3425.0,SO,IND_BOILER,MW
2045-07-09 14:00:00,XY,3489.4,SO,IND_BOILER,MW
2045-07-10 15:00:00,XY,3328.3,SO,IND_BOILER,MW
2045-07-11 16:00:00,XY,3510.0,SO,IND_BOILER,MW
2045-07-12 17:00:00,XY,3392.8,SO,IND_BOILER,MW
2045-07-13 18:00:00,XY,2781.0,SO,IND_BOILER,MW
2045-07-14 19:00:00,XY,2845.4,SO,IND_BOILER,MW
2045-07-15 20:00:00,XY,3425.0,SO,IND_BOILER,MW
2045-07-16 21:00:00,XY,3489.4,SO,IND_BOILER,MW
2045-07-17 22:00:00,XY,3515.2,SO,IND_BOILER,MW
2045-07-18 23:00:00,XY,3510.0,SO,IND_BOILER,MW
2045-07-20 00:00:00,XY,3455.0,SO,IND_BOILER,MW
2045-07-21 01:00:00,XY,2700.0,SO,IND_BOILER,MW
2045-07-22 02:00:00,XY,2538.0,SO,IND_BOILER,MW
2045-07-23 03:00:00,XY,2565.0,SO,IND_BOILER,MW
2045-07-24 04:00:00,XY,2619.0,SO,IND_BOILER,MW
2045-07-25 05:00:00,XY,2700.0,SO,IND_BOILER,MW
2045-07-26 06:00:00,XY,3050.0,SO,IND_BOILER,MW
2045-07-27 07:00:00,XY,2646.0,SO,IND_BOILER,MW
2045-07-28 08:00:00,XY,3185.0,SO,IND_BOILER,MW
2045-07-29 09:00:00,XY,3296.2,SO,IND_BOILER,MW
2045-07-30 10:00:00,XY,3457.2,SO,IND_BOILER,MW
2045-07-31 11:00:00,XY,3515.2,SO,IND_BOILER,MW
2045-08-01 12:00:00,XY,3266.0,SO,IND_BOILER,MW
2045-08-02 13:00:00,XY,3072.8,SO,IND_BOILER,MW
2045-08-03 14:00:00,XY,2461.0,SO,IND_BOILER,MW
2045-08-04 15:00:00,XY,2845.4,SO,IND_BOILER,MW
2045-08-05 16:00:00,XY,3425.0,SO,IND_BOILER,MW
2045-08-06 17:00:00,XY,3489.4,SO,IND_BOILER,MW
2045-08-07 18:00:00,XY,3515.2,SO,IND_BOILER,MW
2045-08-08 19:00:00,XY,3510.0,SO,IND_BOILER,MW
2045-08-09 20:00:00,XY,3392.8,SO,IND_BOILER,MW
2045-08-10 21:00:00,XY,2781.0,SO,IND_BOILER,MW
2045-08-11 22:00:00,XY,2845.4,SO,IND_BOILER,MW
2045-08-12 23:00:00,XY,3425.0,SO,IND_BOILER,MW
2045-08-14 00:00:00,XY,3617.0,SO,IND_BOILER,MW
2045-08-15 01:00:00,XY,3374.0,SO,IND_BOILER,MW
2045-08-16 02:00:00,XY,2727.0,SO,IND_BOILER,MW
2045-08-17 03:00:00,XY,2484.0,SO,IND_BOILER,MW
2045-08-18 04:00:00,XY,2322.0,SO,IND_BOILER,MW
2045-08-19 05:00:00,XY,2403.0,SO,IND_BOILER,MW
2045-08-20 06:00:00,XY,3023.0,SO,IND_BOILER,MW
2045-08-21 07:00:00,XY,3320.0,SO,IND_BOILER,MW
2045-08-22 08:00:00,XY,3264.0,SO,IND_BOILER,MW
2045-08-23 09:00:00,XY,3296.2,SO,IND_BOILER,MW
2045-08-24 10:00:00,XY,2781.0,SO,IND_BOILER,MW
2045-08-25 11:00:00,XY,2845.4,SO,IND_BOILER,MW
2045-08-26 12:00:00,XY,3105.0,SO,IND_BOILER,MW
2045-08-27 13:00:00,XY,3169.4,SO,IND_BOILER,MW
2045-08-28 14:00:00,XY,3298.2,SO,IND_BOILER,MW
2045-08-29 15:00:00,XY,3510.0,SO,IND_BOILER,MW
2045-08-30 16:00:00,XY,3392.8,SO,IND_BOILER,MW
2045-08-31 17:00:00,XY,2781.0,SO,IND_BOILER,MW
2045-09-01 18:00:00,XY,2845.4,SO,IND_BOILER,MW
2045-09-02 19:00:00,XY,3425.0,SO,IND_BOILER,MW
2045-09-03 20:00:00,XY,3489.4,SO,IND_BOILER,MW
2045-09-04 21:00:00,XY,3833.0,SO,IND_BOILER,MW
2045-09-05 22:00:00,XY,3779.0,SO,IND_BOILER,MW
2045-09-06 23:00:00,XY,3392.8,SO,IND_BOILER,MW
2045-09-08 00:00:00,XY,2781.0,SO,IND_BOILER,MW
2045-09-09 01:00:00,XY,3077.0,SO,IND_BOILER,MW
2045-09-10 02:00:00,XY,3023.0,SO,IND_BOILER,MW
2045-09-11 03:00:00,XY,2996.0,SO,IND_BOILER,MW
2045-09-12 04:00:00,XY,2646.0,SO,IND_BOILER,MW
2045-09-13 05:00:00,XY,2915.0,SO,IND_BOILER,MW
2045-09-14 06:00:00,XY,2457.0,SO,IND_BOILER,MW
2045-09-15 07:00:00,XY,2692.2,SO,IND_BOILER,MW
2045-09-16 08:00:00,XY,3070.8,SO,IND_BOILER,MW
2045-09-17 09:00:00,XY,3296.2,SO,IND_BOILER,MW
2045-09-18 10:00:00,XY,3510.0,SO,IND_BOILER,MW
2045-09-19 11:00:00,XY,3504.8,SO,IND_BOILER,MW
2045-09-20 12:00:00,XY,3392.8,SO,IND_BOILER,MW
2045-09-21 13:00:00,XY,2781.0,SO,IND_BOILER,MW
2045-09-22 14:00:00,XY,2845.4,SO,IND_BOILER,MW
2045-09-23 15:00:00,XY,3425.0,SO,IND_BOILER,MW
2045-09-24 16:00:00,XY,3489.4,SO,IND_BOILER,MW
2045-09-25 17:00:00,XY,3515.2,SO,IND_BOILER,MW
2045-09-26 18:00:00,XY,3510.0,SO,IND_BOILER,MW
2045-09-27 19:00:00,XY,3644.0,SO,IND_BOILER,MW
2045-09-28 20:00:00,XY,3131.0,SO,IND_BOILER,MW
2045-09-29 21:00:00,XY,3185.0,SO,IND_BOILER,MW
2045-09-30 22:00:00,XY,3671.0,SO,IND_BOILER,MW
2045-10-01 23:00:00,XY,3725.0,SO,IND_BOILER,MW
2045-10-03 00:00:00,XY,3698.0,SO,IND_BOILER,MW
2045-10-04 01:00:00,XY,3266.0,SO,IND_BOILER,MW
2045-10-05 02:00:00,XY,2627.8,SO,IND_BOILER,MW
2045-10-06 03:00:00,XY,2726.0,SO,IND_BOILER,MW
2045-10-07 04:00:00,XY,2454.8,SO,IND_BOILER,MW
2045-10-08 05:00:00,XY,2565.0,SO,IND_BOILER,MW
2045-10-09 06:00:00,XY,2853.2,SO,IND_BOILER,MW
2045-10-10 07:00:00,XY,3374.0,SO,IND_BOILER,MW
2045-10-11 08:00:00,XY,3135.2,SO,IND_BOILER,MW
2045-10-12 09:00:00,XY,2813.2,SO,IND_BOILER,MW
2045-10-13 10:00:00,XY,2877.6,SO,IND_BOILER,MW
2045-10-14 11:00:00,XY,3457.2,SO,IND_BOILER,MW
2045-10-15 12:00:00,XY,3499.6,SO,IND_BOILER,MW
2045-10-16 13:00:00,XY,3520.4,SO,IND_BOILER,MW
2045-10-17 14:00:00,XY,3515.2,SO,IND_BOILER,MW
2045-10-18 15:00:00,XY,3425.0,SO,IND_BOILER,MW
2045-10-19 16:00:00,XY,2813.2,SO,IND_BOILER,MW
2045-10-20 17:00:00,XY,2877.6,SO,IND_BOILER,MW
2045-10-21 18:00:00,XY,3698.0,SO,IND_BOILER,MW
2045-10-22 19:00:00,XY,3752.0,SO,IND_BOILER,MW
2045-10-23 20:00:00,XY,3860.0,SO,IND_BOILER,MW
2045-10-24 21:00:00,XY,3806.0,SO,IND_BOILER,MW
2045-10-25 22:00:00,XY,3671.0,SO,IND_BOILER,MW
2045-10-26 23:00:00,XY,3158.0,SO,IND_BOILER,MW
2045-10-28 00:00:00,XY,3181.0,SO,IND_BOILER,MW
2045-10-29 01:00:00,XY,3212.0,SO,IND_BOILER,MW
2045-10-30 02:00:00,XY,2781.0,SO,IND_BOILER,MW
2045-10-31 03:00:00,XY,2727.0,SO,IND_BOILER,MW
2045-11-01 04:00:00,XY,2538.0,SO,IND_BOILER,MW
2045-11-02 05:00:00,XY,2349.0,SO,IND_BOILER,MW
2045-11-03 06:00:00,XY,2511.0,SO,IND_BOILER,MW
2045-11-04 07:00:00,XY,3212.0,SO,IND_BOILER,MW
2045-11-05 08:00:00,XY,3175.2,SO,IND_BOILER,MW
2045-11-06 09:00:00,XY,3457.2,SO,IND_BOILER,MW
2045-11-07 10:00:00,XY,3510.0,SO,IND_BOILER,MW
2045-11-08 11:00:00,XY,3425.0,SO,IND_BOILER,MW
2045-11-09 12:00:00,XY,2493.2,SO,IND_BOILER,MW
2045-11-10 13:00:00,XY,2557.6,SO,IND_BOILER,MW
2045-11-11 14:00:00,XY,3137.2,SO,IND_BOILER,MW
2045-11-12 15:00:00,XY,3499.6,SO,IND_BOILER,MW
2045-11-13 16:00:00,XY,3520.4,SO,IND_BOILER,MW
2045-11-14 17:00:00,XY,3515.2,SO,IND_BOILER,MW
2045-11-15 18:00:00,XY,3425.0,SO,IND_BOILER,MW
2045-11-16 19:00:00,XY,3080.4,SO,IND_BOILER,MW
2045-11-17 20:00:00,XY,2877.6,SO,IND_BOILER,MW
2045-11-18 21:00:00,XY,3698.0,SO,IND_BOILER,MW
2045-11-19 22:00:00,XY,3752.0,SO,IND_BOILER,MW
2045-11-20 23:00:00,XY,3520.4,SO,IND_BOILER,MW
2045-11-22 00:00:00,XY,3617.0,SO,IND_BOILER,MW
2045-11-23 01:00:00,XY,3158.0,SO,IND_BOILER,MW
2045-11-24 02:00:00,XY,2538.0,SO,IND_BOILER,MW
2045-11-25 03:00:00,XY,2457.0,SO,IND_BOILER,MW
2045-11-26 04:00:00,XY,2538.0,SO,IND_BOILER,MW
2045-11-27 05:00:00,XY,2700.0,SO,IND_BOILER,MW
2045-11-28 06:00:00,XY,2877.6,SO,IND_BOILER,MW
2045-11-29 07:00:00,XY,2942.0,SO,IND_BOILER,MW
2045-11-30 08:00:00,XY,2813.2,SO,IND_BOILER,MW
2045-12-01 09:00:00,XY,2909.8,SO,IND_BOILER,MW
2045-12-02 10:00:00,XY,3457.2,SO,IND_BOILER,MW
2045-12-03 11:00:00,XY,3504.8,SO,IND_BOILER,MW
2045-12-04 12:00:00,XY,3362.6,SO,IND_BOILER,MW
2045-12-05 13:00:00,XY,3330.4,SO,IND_BOILER,MW
2045-12-06 14:00:00,XY,3137.2,SO,IND_BOILER,MW
2045-12-07 15:00:00,XY,2845.4,SO,IND_BOILER,MW
2045-12-08 16:00:00,XY,2909.8,SO,IND_BOILER,MW
2045-12-09 17:00:00,XY,3489.4,SO,IND_BOILER,MW
2045-12-10 18:00:00,XY,3504.8,SO,IND_BOILER,MW
2045-12-11 19:00:00,XY,3525.6,SO,IND_BOILER,MW
2045-12-12 20:00:00,XY,3520.4,SO,IND_BOILER,MW
2045-12-13 21:00:00,XY,3457.2,SO,IND_BOILER,MW
2045-12-14 22:00:00,XY,2845.4,SO,IND_BOILER,MW
2045-12-15 23:00:00,XY,2909.8,SO,IND_BOILER,MW
2045-12-17 00:00:00,XY,3328.4,SO,IND_BOILER,MW
2045-12-18 01:00:00,XY,3038.6,SO,IND_BOILER,MW
2045-12-19 02:00:00,XY,2909.8,SO,IND_BOILER,MW
2045-12-20 03:00:00,XY,2646.0,SO,IND_BOILER,MW
2045-12-21 04:00:00,XY,2484.0,SO,IND_BOILER,MW
2045-12-22 05:00:00,XY,2430.0,SO,IND_BOILER,MW
2045-12-23 06:00:00,XY,3077.0,SO,IND_BOILER,MW
2045-12-24 07:00:00,XY,3266.0,SO,IND_BOILER,MW
2045-12-25 08:00:00,XY,3296.2,SO,IND_BOILER,MW
2045-12-26 09:00:00,XY,3504.8,SO,IND_BOILER,MW
2045-12-27 10:00:00,XY,3229.3,SO,IND_BOILER,MW
2045-12-28 11:00:00,XY,2525.4,SO,IND_BOILER,MW
2045-12-29 12:00:00,XY,2589.8,SO,IND_BOILER,MW
2045-12-30 13:00:00,XY,3201.6,SO,IND_BOILER,MW
2045-12-31 14:00:00,XY,3266.0,SO,IND_BOILER,MW
2046-01-01 15:00:00,XY,3394.8,SO,IND_BOILER,MW
2045-01-01 00:00:00,YZ,6979.0,CE,EIDT,MW
2045-01-02 01:00:00,YZ,2689.0,CE,EIDT,MW
2045-01-03 02:00:00,YZ,2397.0,CE,EIDT,MW
2045-01-04 03:00:00,YZ,2324.0,CE,EIDT,MW
2045-01-05 04:00:00,YZ,6979.0,CE,EIDT,MW
2045-01-06 05:00:00,YZ,6979.0,CE,EIDT,MW
2045-01-07 06:00:00,YZ,6979.0,CE,EIDT,MW
2045-01-08 07:00:00,YZ,6979.0,CE,EIDT,MW
2045-01-09 08:00:00,YZ,6979.0,CE,EIDT,MW
2045-01-10 09:00:00,YZ,6979.0,CE,EIDT,MW
2045-01-11 10:00:00,YZ,6979.0,CE,EIDT,MW
2045-01-12 11:00:00,YZ,6979.0,CE,EIDT,MW
2045-01-13 12:00:00,YZ,6979.0,CE,EIDT,MW
2045-01-14 13:00:00,YZ,6979.0,CE,EIDT,MW
2045-01-15 14:00:00,YZ,6979.0,CE,EIDT,MW
2045-01-16 15:00:00,YZ,6979.0,CE,EIDT,MW
2045-01-17 16:00:00,YZ,6979.0,CE,EIDT,MW
2045-01-18 17:00:00,YZ,6979.0,CE,EIDT,MW
2045-01-19 18:00:00,YZ,6979.0,CE,EIDT,MW
2045-01-20 19:00:00,YZ,6979.0,CE,EIDT,MW
2045-01-21 20:00:00,YZ,6979.0,CE,EIDT,MW
2045-01-22 21:00:00,YZ,6979.0,CE,EIDT,MW
2045-01-23 22:00:00,YZ,6979.0,CE,EIDT,MW
2045-01-24 23:00:00,YZ,6979.0,CE,EIDT,MW
2045-01-26 00:00:00,YZ,6979.0,CE,EIDT,MW
2045-01-27 01:00:00,YZ,6979.0,CE,EIDT,MW
2045-01-28 02:00:00,YZ,6979.0,CE,EIDT,MW
2045-01-29 03:00:00,YZ,1813.0,CE,EIDT,MW
2045-01-30 04:00:00,YZ,2105.0,CE,EIDT,MW
2045-01-31 05:00:00,YZ,2032.0,CE,EIDT,MW
2045-02-01 06:00:00,YZ,6979.0,CE,EIDT,MW
2045-02-02 07:00:00,YZ,6979.0,CE,EIDT,MW
2045-02-03 08:00:00,YZ,3492.0,CE,EIDT,MW
2045-02-04 09:00:00,YZ,6979.0,CE,EIDT,MW
2045-02-05 10:00:00,YZ,6979.0,CE,EIDT,MW
2045-02-06 11:00:00,YZ,6979.0,CE,EIDT,MW
2045-02-07 12:00:00,YZ,6979.0,CE,EIDT,MW
2045-02-08 13:00:00,YZ,6979.0,CE,EIDT,MW
2045-02-09 14:00:00,YZ,6979.0,CE,EIDT,MW
2045-02-10 15:00:00,YZ,6979.0,CE,EIDT,MW
2045-02-11 16:00:00,YZ,6979.0,CE,EIDT,MW
2045-02-12 17:00:00,YZ,6979.0,CE,EIDT,MW
2045-02-13 18:00:00,YZ,6979.0,CE,EIDT,MW
2045-02-14 19:00:00,YZ,6979.0,CE,EIDT,MW
2045-02-15 20:00:00,YZ,6979.0,CE,EIDT,MW
2045-02-16 21:00:00,YZ,6979.0,CE,EIDT,MW
2045-02-17 22:00:00,YZ,6979.0,CE,EIDT,MW
2045-02-18 23:00:00,YZ,6979.0,CE,EIDT,MW
2045-02-20 00:00:00,YZ,2981.0,CE,EIDT,MW
2045-02-21 01:00:00,YZ,2105.0,CE,EIDT,MW
2045-02-22 02:00:00,YZ,6979.0,CE,EIDT,MW
2045-02-23 03:00:00,YZ,6570.0,CE,EIDT,MW
2045-02-24 04:00:00,YZ,6789.0,CE,EIDT,MW
2045-02-25 05:00:00,YZ,6979.0,CE,EIDT,MW
2045-02-26 06:00:00,YZ,6979.0,CE,EIDT,MW
2045-02-27 07:00:00,YZ,6979.0,CE,EIDT,MW
2045-02-28 08:00:00,YZ,6979.0,CE,EIDT,MW
2045-03-01 09:00:00,YZ,6979.0,CE,EIDT,MW
2045-03-02 10:00:00,YZ,6979.0,CE,EIDT,MW
2045-03-03 11:00:00,YZ,6979.0,CE,EIDT,MW
2045-03-04 12:00:00,YZ,6979.0,CE,EIDT,MW
2045-03-05 13:00:00,YZ,6979.0,CE,EIDT,MW
2045-03-06 14:00:00,YZ,6979.0,CE,EIDT,MW
2045-03-07 15:00:00,YZ,6979.0,CE,EIDT,MW
2045-03-08 16:00:00,YZ,6979.0,CE,EIDT,MW
2045-03-09 17:00:00,YZ,6979.0,CE,EIDT,MW
2045-03-10 18:00:00,YZ,6979.0,CE,EIDT,MW
2045-03-11 19:00:00,YZ,6979.0,CE,EIDT,MW
2045-03-12 20:00:00,YZ,6979.0,CE,EIDT,MW
2045-03-13 21:00:00,YZ,6979.0,CE,EIDT,MW
2045-03-14 22:00:00,YZ,6979.0,CE,EIDT,MW
2045-03-15 23:00:00,YZ,6979.0,CE,EIDT,MW
2045-03-17 00:00:00,YZ,6979.0,CE,EIDT,MW
2045-03-18 01:00:00,YZ,6979.0,CE,EIDT,MW
2045-03-19 02:00:00,YZ,6979.0,CE,EIDT,MW
2045-03-20 03:00:00,YZ,6979.0,CE,EIDT,MW
2045-03-21 04:00:00,YZ,2928.8,CE,EIDT,MW
2045-03-22 05:00:00,YZ,6862.0,CE,EIDT,MW
2045-03-23 06:00:00,YZ,6979.0,CE,EIDT,MW
2045-03-24 07:00:00,YZ,6979.0,CE,EIDT,MW
2045-03-25 08:00:00,YZ,6979.0,CE,EIDT,MW
2045-03-26 09:00:00,YZ,6979.0,CE,EIDT,MW
2045-03-27 10:00:00,YZ,6979.0,CE,EIDT,MW
2045-03-28 11:00:00,YZ,6979.0,CE,EIDT,MW
2045-03-29 12:00:00,YZ,6979.0,CE,EIDT,MW
2045-03-30 13:00:00,YZ,6979.0,CE,EIDT,MW
2045-03-31 14:00:00,YZ,6979.0,CE,EIDT,MW
2045-04-01 15:00:00,YZ,6979.0,CE,EIDT,MW
2045-04-02 16:00:00,YZ,6979.0,CE,EIDT,MW
2045-04-03 17:00:00,YZ,6979.0,CE,EIDT,MW
2045-04-04 18:00:00,YZ,6979.0,CE,EIDT,MW
2045-04-05 19:00:00,YZ,6979.0,CE,EIDT,MW
2045-04-06 20:00:00,YZ,6979.0,CE,EIDT,MW
2045-04-07 21:00:00,YZ,6979.0,CE,EIDT,MW
2045-04-08 22:00:00,YZ,6979.0,CE,EIDT,MW
2045-04-09 23:00:00,YZ,6979.0,CE,EIDT,MW
2045-04-11 00:00:00,YZ,6979.0,CE,EIDT,MW
2045-04-12 01:00:00,YZ,6979.0,CE,EIDT,MW
2045-04-13 02:00:00,YZ,6570.0,CE,EIDT,MW
2045-04-14 03:00:00,YZ,6497.0,CE,EIDT,MW
2045-04-15 04:00:00,YZ,6979.0,CE,EIDT,MW
2045-04-16 05:00:00,YZ,6979.0,CE,EIDT,MW
2045-04-17 06:00:00,YZ,2689.0,CE,EIDT,MW
2045-04-18 07:00:00,YZ,6395.0,CE,EIDT,MW
2045-04-19 08:00:00,YZ,6979.0,CE,EIDT,MW
2045-04-20 09:00:00,YZ,6979.0,CE,EIDT,MW
2045-04-21 10:00:00,YZ,6979.0,CE,EIDT,MW
2045-04-22 11:00:00,YZ,6979.0,CE,EIDT,MW
2045-04-23 12:00:00,YZ,6979.0,CE,EIDT,MW
2045-04-24 13:00:00,YZ,6979.0,CE,EIDT,MW
2045-04-25 14:00:00,YZ,6979.0,CE,EIDT,MW
2045-04-26 15:00:00,YZ,6979.0,CE,EIDT,MW
2045-04-27 16:00:00,YZ,6979.0,CE,EIDT,MW
2045-04-28 17:00:00,YZ,6979.0,CE,EIDT,MW
2045-04-29 18:00:00,YZ,6979.0,CE,EIDT,MW
2045-04-30 19:00:00,YZ,6979.0,CE,EIDT,MW
2045-05-01 20:00:00,YZ,6979.0,CE,EIDT,MW
2045-05-02 21:00:00,YZ,6979.0,CE,EIDT,MW
2045-05-03 22:00:00,YZ,6979.0,CE,EIDT,MW
2045-05-04 23:00:00,YZ,6979.0,CE,EIDT,MW
2045-05-06 00:00:00,YZ,6979.0,CE,EIDT,MW
2045-05-07 01:00:00,YZ,6979.0,CE,EIDT,MW
2045-05-08 02:00:00,YZ,6979.0,CE,EIDT,MW
2045-05-09 03:00:00,YZ,6935.0,CE,EIDT,MW
2045-05-10 04:00:00,YZ,6424.0,CE,EIDT,MW
2045-05-11 05:00:00,YZ,6862.0,CE,EIDT,MW
2045-05-12 06:00:00,YZ,6979.0,CE,EIDT,MW
2045-05-13 07:00:00,YZ,6979.0,CE,EIDT,MW
2045-05-14 08:00:00,YZ,6979.0,CE,EIDT,MW
2045-05-15 09:00:00,YZ,6979.0,CE,EIDT,MW
2045-05-16 10:00:00,YZ,6979.0,CE,EIDT,MW
2045-05-17 11:00:00,YZ,6979.0,CE,EIDT,MW
2045-05-18 12:00:00,YZ,6979.0,CE,EIDT,MW
2045-05-19 13:00:00,YZ,6979.0,CE,EIDT,MW
2045-05-20 14:00:00,YZ,6979.0,CE,EIDT,MW
2045-05-21 15:00:00,YZ,6979.0,CE,EIDT,MW
2045-05-22 16:00:00,YZ,6979.0,CE,EIDT,MW
2045-05-23 17:00:00,YZ,6979.0,CE,EIDT,MW
2045-05-24 18:00:00,YZ,6979.0,CE,EIDT,MW
2045-05-25 19:00:00,YZ,6979.0,CE,EIDT,MW
2045-05-26 20:00:00,YZ,6979.0,CE,EIDT,MW
2045-05-27 21:00:00,YZ,6979.0,CE,EIDT,MW
2045-05-28 22:00:00,YZ,6979.0,CE,EIDT,MW
2045-05-29 23:00:00,YZ,6979.0,CE,EIDT,MW
2045-05-31 00:00:00,YZ,6979.0,CE,EIDT,MW
2045-06-01 01:00:00,YZ,6789.0,CE,EIDT,MW
2045-06-02 02:00:00,YZ,6570.0,CE,EIDT,MW
2045-06-03 03:00:00,YZ,6789.0,CE,EIDT,MW
2045-06-04 04:00:00,YZ,6979.0,CE,EIDT,MW
2045-06-05 05:00:00,YZ,6979.0,CE,EIDT,MW
2045-06-06 06:00:00,YZ,2178.0,CE,EIDT,MW
2045-06-07 07:00:00,YZ,6979.0,CE,EIDT,MW
2045-06-08 08:00:00,YZ,6979.0,CE,EIDT,MW
2045-06-09 09:00:00,YZ,6979.0,CE,EIDT,MW
2045-06-10 10:00:00,YZ,6979.0,CE,EIDT,MW
2045-06-11 11:00:00,YZ,6979.0,CE,EIDT,MW
2045-06-12 12:00:00,YZ,6979.0,CE,EIDT,MW
2045-06-13 13:00:00,YZ,6979.0,CE,EIDT,MW
2045-06-14 14:00:00,YZ,6979.0,CE,EIDT,MW
2045-06-15 15:00:00,YZ,6979.0,CE,EIDT,MW
2045-06-16 16:00:00,YZ,6979.0,CE,EIDT,MW
2045-06-17 17:00:00,YZ,6979.0,CE,EIDT,MW
2045-06-18 18:00:00,YZ,6979.0,CE,EIDT,MW
2045-06-19 19:00:00,YZ,6979.0,CE,EIDT,MW
2045-06-20 20:00:00,YZ,6979.0,CE,EIDT,MW
2045-06-21 21:00:00,YZ,6979.0,CE,EIDT,MW
2045-06-22 22:00:00,YZ,6979.0,CE,EIDT,MW
2045-06-23 23:00:00,YZ,6979.0,CE,EIDT,MW
2045-06-25 00:00:00,YZ,6979.0,CE,EIDT,MW
2045-06-26 01:00:00,YZ,6979.0,CE,EIDT,MW
2045-06-27 02:00:00,YZ,6979.0,CE,EIDT,MW
2045-06-28 03:00:00,YZ,6979.0,CE,EIDT,MW
2045-06-29 04:00:00,YZ,6570.0,CE,EIDT,MW
2045-06-30 05:00:00,YZ,6424.0,CE,EIDT,MW
2045-07-01 06:00:00,YZ,6979.0,CE,EIDT,MW
2045-07-02 07:00:00,YZ,6979.0,CE,EIDT,MW
2045-07-03 08:00:00,YZ,6979.0,CE,EIDT,MW
2045-07-04 09:00:00,YZ,6979.0,CE,EIDT,MW
2045-07-05 10:00:00,YZ,6979.0,CE,EIDT,MW
2045-07-06 11:00:00,YZ,6979.0,CE,EIDT,MW
2045-07-07 12:00:00,YZ,6979.0,CE,EIDT,MW
2045-07-08 13:00:00,YZ,6979.0,CE,EIDT,MW
2045-07-09 14:00:00,YZ,6979.0,CE,EIDT,MW
2045-07-10 15:00:00,YZ,6979.0,CE,EIDT,MW
2045-07-11 16:00:00,YZ,6979.0,CE,EIDT,MW
2045-07-12 17:00:00,YZ,6979.0,CE,EIDT,MW
2045-07-13 18:00:00,YZ,6979.0,CE,EIDT,MW
2045-07-14 19:00:00,YZ,6979.0,CE,EIDT,MW
2045-07-15 20:00:00,YZ,6979.0,CE,EIDT,MW
2045-07-16 21:00:00,YZ,6979.0,CE,EIDT,MW
2045-07-17 22:00:00,YZ,6979.0,CE,EIDT,MW
2045-07-18 23:00:00,YZ,6979.0,CE,EIDT,MW
2045-07-20 00:00:00,YZ,6979.0,CE,EIDT,MW
2045-07-21 01:00:00,YZ,6979.0,CE,EIDT,MW
2045-07-22 02:00:00,YZ,6862.0,CE,EIDT,MW
2045-07-23 03:00:00,YZ,6935.0,CE,EIDT,MW
2045-07-24 04:00:00,YZ,6979.0,CE,EIDT,MW
2045-07-25 05:00:00,YZ,6979.0,CE,EIDT,MW
2045-07-26 06:00:00,YZ,6979.0,CE,EIDT,MW
2045-07-27 07:00:00,YZ,6979.0,CE,EIDT,MW
2045-07-28 08:00:00,YZ,6979.0,CE,EIDT,MW
2045-07-29 09:00:00,YZ,6979.0,CE,EIDT,MW
2045-07-30 10:00:00,YZ,6979.0,CE,EIDT,MW
2045-07-31 11:00:00,YZ,6979.0,CE,EIDT,MW
2045-08-01 12:00:00,YZ,6979.0,CE,EIDT,MW
2045-08-02 13:00:00,YZ,6979.0,CE,EIDT,MW
2045-08-03 14:00:00,YZ,6979.0,CE,EIDT,MW
2045-08-04 15:00:00,YZ,6979.0,CE,EIDT,MW
2045-08-05 16:00:00,YZ,6979.0,CE,EIDT,MW
2045-08-06 17:00:00,YZ,6979.0,CE,EIDT,MW
2045-08-07 18:00:00,YZ,6979.0,CE,EIDT,MW
2045-08-08 19:00:00,YZ,6979.0,CE,EIDT,MW
2045-08-09 20:00:00,YZ,6979.0,CE,EIDT,MW
2045-08-10 21:00:00,YZ,6979.0,CE,EIDT,MW
2045-08-11 22:00:00,YZ,6979.0,CE,EIDT,MW
2045-08-12 23:00:00,YZ,6979.0,CE,EIDT,MW
2045-08-14 00:00:00,YZ,6979.0,CE,EIDT,MW
2045-08-15 01:00:00,YZ,6979.0,CE,EIDT,MW
2045-08-16 02:00:00,YZ,3382.8,CE,EIDT,MW
2045-08-17 03:00:00,YZ,1156.0,CE,EIDT,MW
2045-08-18 04:00:00,YZ,4396.4,CE,EIDT,MW
2045-08-19 05:00:00,YZ,6497.0,CE,EIDT,MW
2045-08-20 06:00:00,YZ,6979.0,CE,EIDT,MW
2045-08-21 07:00:00,YZ,6979.0,CE,EIDT,MW
2045-08-22 08:00:00,YZ,6979.0,CE,EIDT,MW
2045-08-23 09:00:00,YZ,6979.0,CE,EIDT,MW
2045-08-24 10:00:00,YZ,6979.0,CE,EIDT,MW
2045-08-25 11:00:00,YZ,6979.0,CE,EIDT,MW
2045-08-26 12:00:00,YZ,6979.0,CE,EIDT,MW
2045-08-27 13:00:00,YZ,6979.0,CE,EIDT,MW
2045-08-28 14:00:00,YZ,6979.0,CE,EIDT,MW
2045-08-29 15:00:00,YZ,6979.0,CE,EIDT,MW
2045-08-30 16:00:00,YZ,6979.0,CE,EIDT,MW
2045-08-31 17:00:00,YZ,6979.0,CE,EIDT,MW
2045-09-01 18:00:00,YZ,6979.0,CE,EIDT,MW
2045-09-02 19:00:00,YZ,6979.0,CE,EIDT,MW
2045-09-03 20:00:00,YZ,6979.0,CE,EIDT,MW
2045-09-04 21:00:00,YZ,6979.0,CE,EIDT,MW
2045-09-05 22:00:00,YZ,6979.0,CE,EIDT,MW
2045-09-06 23:00:00,YZ,6979.0,CE,EIDT,MW
2045-09-08 00:00:00,YZ,6979.0,CE,EIDT,MW
2045-09-09 01:00:00,YZ,6979.0,CE,EIDT,MW
2045-09-10 02:00:00,YZ,6979.0,CE,EIDT,MW
2045-09-11 03:00:00,YZ,6979.0,CE,EIDT,MW
2045-09-12 04:00:00,YZ,6979.0,CE,EIDT,MW
2045-09-13 05:00:00,YZ,6935.0,CE,EIDT,MW
2045-09-14 06:00:00,YZ,6643.0,CE,EIDT,MW
2045-09-15 07:00:00,YZ,6979.0,CE,EIDT,MW
2045-09-16 08:00:00,YZ,6979.0,CE,EIDT,MW
2045-09-17 09:00:00,YZ,6979.0,CE,EIDT,MW
2045-09-18 10:00:00,YZ,6979.0,CE,EIDT,MW
2045-09-19 11:00:00,YZ,6979.0,CE,EIDT,MW
2045-09-20 12:00:00,YZ,6979.0,CE,EIDT,MW
2045-09-21 13:00:00,YZ,6979.0,CE,EIDT,MW
2045-09-22 14:00:00,YZ,6979.0,CE,EIDT,MW
2045-09-23 15:00:00,YZ,6979.0,CE,EIDT,MW
2045-09-24 16:00:00,YZ,6979.0,CE,EIDT,MW
2045-09-25 17:00:00,YZ,6979.0,CE,EIDT,MW
2045-09-26 18:00:00,YZ,6979.0,CE,EIDT,MW
2045-09-27 19:00:00,YZ,6979.0,CE,EIDT,MW
2045-09-28 20:00:00,YZ,6979.0,CE,EIDT,MW
2045-09-29 21:00:00,YZ,6979.0,CE,EIDT,MW
2045-09-30 22:00:00,YZ,6979.0,CE,EIDT,MW
2045-10-01 23:00:00,YZ,6979.0,CE,EIDT,MW
2045-10-03 00:00:00,YZ,6979.0,CE,EIDT,MW
2045-10-04 01:00:00,YZ,6979.0,CE,EIDT,MW
2045-10-05 02:00:00,YZ,6979.0,CE,EIDT,MW
2045-10-06 03:00:00,YZ,6424.0,CE,EIDT,MW
2045-10-07 04:00:00,YZ,6424.0,CE,EIDT,MW
2045-10-08 05:00:00,YZ,6935.0,CE,EIDT,MW
2045-10-09 06:00:00,YZ,6979.0,CE,EIDT,MW
2045-10-10 07:00:00,YZ,2616.0,CE,EIDT,MW
2045-10-11 08:00:00,YZ,2762.0,CE,EIDT,MW
2045-10-12 09:00:00,YZ,6979.0,CE,EIDT,MW
2045-10-13 10:00:00,YZ,6979.0,CE,EIDT,MW
2045-10-14 11:00:00,YZ,6979.0,CE,EIDT,MW
2045-10-15 12:00:00,YZ,6979.0,CE,EIDT,MW
2045-10-16 13:00:00,YZ,6979.0,CE,EIDT,MW
2045-10-17 14:00:00,YZ,6979.0,CE,EIDT,MW
2045-10-18 15:00:00,YZ,6979.0,CE,EIDT,MW
2045-10-19 16:00:00,YZ,6979.0,CE,EIDT,MW
2045-10-20 17:00:00,YZ,6979.0,CE,EIDT,MW
2045-10-21 18:00:00,YZ,6979.0,CE,EIDT,MW
2045-10-22 19:00:00,YZ,6979.0,CE,EIDT,MW
2045-10-23 20:00:00,YZ,6979.0,CE,EIDT,MW
2045-10-24 21:00:00,YZ,6979.0,CE,EIDT,MW
2045-10-25 22:00:00,YZ,6979.0,CE,EIDT,MW
2045-10-26 23:00:00,YZ,6979.0,CE,EIDT,MW
2045-10-28 00:00:00,YZ,6979.0,CE,EIDT,MW
2045-10-29 01:00:00,YZ,6979.0,CE,EIDT,MW
2045-10-30 02:00:00,YZ,6979.0,CE,EIDT,MW
2045-10-31 03:00:00,YZ,6979.0,CE,EIDT,MW
2045-11-01 04:00:00,YZ,6862.0,CE,EIDT,MW
2045-11-02 05:00:00,YZ,6351.0,CE,EIDT,MW
2045-11-03 06:00:00,YZ,6789.0,CE,EIDT,MW
2045-11-04 07:00:00,YZ,6979.0,CE,EIDT,MW
2045-11-05 08:00:00,YZ,6979.0,CE,EIDT,MW
2045-11-06 09:00:00,YZ,6979.0,CE,EIDT,MW
2045-11-07 10:00:00,YZ,6979.0,CE,EIDT,MW
2045-11-08 11:00:00,YZ,6979.0,CE,EIDT,MW
2045-11-09 12:00:00,YZ,6979.0,CE,EIDT,MW
2045-11-10 13:00:00,YZ,6979.0,CE,EIDT,MW
2045-11-11 14:00:00,YZ,6979.0,CE,EIDT,MW
2045-11-12 15:00:00,YZ,6979.0,CE,EIDT,MW
2045-11-13 16:00:00,YZ,6979.0,CE,EIDT,MW
2045-11-14 17:00:00,YZ,6979.0,CE,EIDT,MW
2045-11-15 18:00:00,YZ,3419.0,CE,EIDT,MW
2045-11-16 19:00:00,YZ,6979.0,CE,EIDT,MW
2045-11-17 20:00:00,YZ,6979.0,CE,EIDT,MW
2045-11-18 21:00:00,YZ,6979.0,CE,EIDT,MW
2045-11-19 22:00:00,YZ,6979.0,CE,EIDT,MW
2045-11-20 23:00:00,YZ,6979.0,CE,EIDT,MW
2045-11-22 00:00:00,YZ,6979.0,CE,EIDT,MW
2045-11-23 01:00:00,YZ,6979.0,CE,EIDT,MW
2045-11-24 02:00:00,YZ,6862.0,CE,EIDT,MW
2045-11-25 03:00:00,YZ,6643.0,CE,EIDT,MW
2045-11-26 04:00:00,YZ,6862.0,CE,EIDT,MW
2045-11-27 05:00:00,YZ,6979.0,CE,EIDT,MW
2045-11-28 06:00:00,YZ,6979.0,CE,EIDT,MW
2045-11-29 07:00:00,YZ,3062.8,CE,EIDT,MW
2045-11-30 08:00:00,YZ,6979.0,CE,EIDT,MW
2045-12-01 09:00:00,YZ,6979.0,CE,EIDT,MW
2045-12-02 10:00:00,YZ,6979.0,CE,EIDT,MW
2045-12-03 11:00:00,YZ,6979.0,CE,EIDT,MW
2045-12-04 12:00:00,YZ,6979.0,CE,EIDT,MW
2045-12-05 13:00:00,YZ,6979.0,CE,EIDT,MW
2045-12-06 14:00:00,YZ,6979.0,CE,EIDT,MW
2045-12-07 15:00:00,YZ,6979.0,CE,EIDT,MW
2045-12-08 16:00:00,YZ,6979.0,CE,EIDT,MW
2045-12-09 17:00:00,YZ,6979.0,CE,EIDT,MW
2045-12-10 18:00:00,YZ,6979.0,CE,EIDT,MW
2045-12-11 19:00:00,YZ,6979.0,CE,EIDT,MW
2045-12-12 20:00:00,YZ,6979.0,CE,EIDT,MW
2045-12-13 21:00:00,YZ,6979.0,CE,EIDT,MW
2045-12-14 22:00:00,YZ,6979.0,CE,EIDT,MW
2045-12-15 23:00:00,YZ,6979.0,CE,EIDT,MW
2045-12-17 00:00:00,YZ,6979.0,CE,EIDT,MW
2045-12-18 01:00:00,YZ,6979.0,CE,EIDT,MW
2045-12-19 02:00:00,YZ,3610.8,CE,EIDT,MW
2045-12-20 03:00:00,YZ,6979.0,CE,EIDT,MW
2045-12-21 04:00:00,YZ,6716.0,CE,EIDT,MW
2045-12-22 05:00:00,YZ,6570.0,CE,EIDT,MW
2045-12-23 06:00:00,YZ,6979.0,CE,EIDT,MW
2045-12-24 07:00:00,YZ,6979.0,CE,EIDT,MW
2045-12-25 08:00:00,YZ,6979.0,CE,EIDT,MW
2045-12-26 09:00:00,YZ,6979.0,CE,EIDT,MW
2045-12-27 10:00:00,YZ,6979.0,CE,EIDT,MW
2045-12-28 11:00:00,YZ,6979.0,CE,EIDT,MW
2045-12-29 12:00:00,YZ,6979.0,CE,EIDT,MW
2045-12-30 13:00:00,YZ,6979.0,CE,EIDT,MW
2045-12-31 14:00:00,YZ,6979.0,CE,EIDT,MW
2046-01-01 15:00:00,YZ,6979.0,CE,EIDT,MW
2045-01-01 00:00:00,YZ,5970.5,CE,IND_BOILER,MW
2045-01-02 01:00:00,YZ,12453.0,CE,IND_BOILER,MW
2045-01-03 02:00:00,YZ,12209.0,CE,IND_BOILER,MW
2045-01-04 03:00:00,YZ,12148.0,CE,IND_BOILER,MW
2045-01-05 04:00:00,YZ,5646.9,CE,IND_BOILER,MW
2045-01-06 05:00:00,YZ,4649.0,CE,IND_BOILER,MW
2045-01-07 06:00:00,YZ,6556.8,CE,IND_BOILER,MW
2045-01-08 07:00:00,YZ,7465.8,CE,IND_BOILER,MW
2045-01-09 08:00:00,YZ,7620.2,CE,IND_BOILER,MW
2045-01-10 09:00:00,YZ,6953.8,CE,IND_BOILER,MW
2045-01-11 10:00:00,YZ,8495.3,CE,IND_BOILER,MW
2045-01-12 11:00:00,YZ,4897.0,CE,IND_BOILER,MW
2045-01-13 12:00:00,YZ,3844.0,CE,IND_BOILER,MW
2045-01-14 13:00:00,YZ,5050.0,CE,IND_BOILER,MW
2045-01-15 14:00:00,YZ,6498.0,CE,IND_BOILER,MW
2045-01-16 15:00:00,YZ,7570.0,CE,IND_BOILER,MW
2045-01-17 16:00:00,YZ,7339.1,CE,IND_BOILER,MW
2045-01-18 17:00:00,YZ,4550.2,CE,IND_BOILER,MW
2045-01-19 18:00:00,YZ,6368.1,CE,IND_BOILER,MW
2045-01-20 19:00:00,YZ,8833.6,CE,IND_BOILER,MW
2045-01-21 20:00:00,YZ,7168.0,CE,IND_BOILER,MW
2045-01-22 21:00:00,YZ,9362.5,CE,IND_BOILER,MW
2045-01-23 22:00:00,YZ,7570.0,CE,IND_BOILER,MW
2045-01-24 23:00:00,YZ,5828.0,CE,IND_BOILER,MW
2045-01-26 00:00:00,YZ,4313.0,CE,IND_BOILER,MW
2045-01-27 01:00:00,YZ,3875.0,CE,IND_BOILER,MW
2045-01-28 02:00:00,YZ,3636.2,CE,IND_BOILER,MW
2045-01-29 03:00:00,YZ,11721.0,CE,IND_BOILER,MW
2045-01-30 04:00:00,YZ,11965.0,CE,IND_BOILER,MW
2045-01-31 05:00:00,YZ,11904.0,CE,IND_BOILER,MW
2045-02-01 06:00:00,YZ,5899.7,CE,IND_BOILER,MW
2045-02-02 07:00:00,YZ,6448.6,CE,IND_BOILER,MW
2045-02-03 08:00:00,YZ,13124.0,CE,IND_BOILER,MW
2045-02-04 09:00:00,YZ,9957.8,CE,IND_BOILER,MW
2045-02-05 10:00:00,YZ,7305.4,CE,IND_BOILER,MW
2045-02-06 11:00:00,YZ,7661.4,CE,IND_BOILER,MW
2045-02-07 12:00:00,YZ,5720.0,CE,IND_BOILER,MW
2045-02-08 13:00:00,YZ,3040.0,CE,IND_BOILER,MW
2045-02-09 14:00:00,YZ,3308.0,CE,IND_BOILER,MW
2045-02-10 15:00:00,YZ,7301.0,CE,IND_BOILER,MW
2045-02-11 16:00:00,YZ,6829.1,CE,IND_BOILER,MW
2045-02-12 17:00:00,YZ,7838.0,CE,IND_BOILER,MW
2045-02-13 18:00:00,YZ,7704.0,CE,IND_BOILER,MW
2045-02-14 19:00:00,YZ,8943.6,CE,IND_BOILER,MW
2045-02-15 20:00:00,YZ,4747.5,CE,IND_BOILER,MW
2045-02-16 21:00:00,YZ,4751.0,CE,IND_BOILER,MW
2045-02-17 22:00:00,YZ,7034.0,CE,IND_BOILER,MW
2045-02-18 23:00:00,YZ,9539.7,CE,IND_BOILER,MW
2045-02-20 00:00:00,YZ,12697.0,CE,IND_BOILER,MW
2045-02-21 01:00:00,YZ,11965.0,CE,IND_BOILER,MW
2045-02-22 02:00:00,YZ,3496.5,CE,IND_BOILER,MW
2045-02-23 03:00:00,YZ,3681.2,CE,IND_BOILER,MW
2045-02-24 04:00:00,YZ,3700.0,CE,IND_BOILER,MW
2045-02-25 05:00:00,YZ,4240.0,CE,IND_BOILER,MW
2045-02-26 06:00:00,YZ,5956.8,CE,IND_BOILER,MW
2045-02-27 07:00:00,YZ,6230.0,CE,IND_BOILER,MW
2045-02-28 08:00:00,YZ,8574.4,CE,IND_BOILER,MW
2045-03-01 09:00:00,YZ,6100.1,CE,IND_BOILER,MW
2045-03-02 10:00:00,YZ,3174.0,CE,IND_BOILER,MW
2045-03-03 11:00:00,YZ,5720.0,CE,IND_BOILER,MW
2045-03-04 12:00:00,YZ,5854.0,CE,IND_BOILER,MW
2045-03-05 13:00:00,YZ,6524.0,CE,IND_BOILER,MW
2045-03-06 14:00:00,YZ,6256.0,CE,IND_BOILER,MW
2045-03-07 15:00:00,YZ,5452.0,CE,IND_BOILER,MW
2045-03-08 16:00:00,YZ,3430.5,CE,IND_BOILER,MW
2045-03-09 17:00:00,YZ,3174.0,CE,IND_BOILER,MW
2045-03-10 18:00:00,YZ,5944.0,CE,IND_BOILER,MW
2045-03-11 19:00:00,YZ,8477.4,CE,IND_BOILER,MW
2045-03-12 20:00:00,YZ,8188.9,CE,IND_BOILER,MW
2045-03-13 21:00:00,YZ,9450.1,CE,IND_BOILER,MW
2045-03-14 22:00:00,YZ,6632.0,CE,IND_BOILER,MW
2045-03-15 23:00:00,YZ,4459.0,CE,IND_BOILER,MW
2045-03-17 00:00:00,YZ,4313.0,CE,IND_BOILER,MW
2045-03-18 01:00:00,YZ,4167.0,CE,IND_BOILER,MW
2045-03-19 02:00:00,YZ,4094.0,CE,IND_BOILER,MW
2045-03-20 03:00:00,YZ,6216.9,CE,IND_BOILER,MW
2045-03-21 04:00:00,YZ,10203.2,CE,IND_BOILER,MW
2045-03-22 05:00:00,YZ,3888.2,CE,IND_BOILER,MW
2045-03-23 06:00:00,YZ,4167.0,CE,IND_BOILER,MW
2045-03-24 07:00:00,YZ,5158.0,CE,IND_BOILER,MW
2045-03-25 08:00:00,YZ,5900.3,CE,IND_BOILER,MW
2045-03-26 09:00:00,YZ,7302.0,CE,IND_BOILER,MW
2045-03-27 10:00:00,YZ,6851.5,CE,IND_BOILER,MW
2045-03-28 11:00:00,YZ,5318.0,CE,IND_BOILER,MW
2045-03-29 12:00:00,YZ,2772.0,CE,IND_BOILER,MW
2045-03-30 13:00:00,YZ,3040.0,CE,IND_BOILER,MW
2045-03-31 14:00:00,YZ,5452.0,CE,IND_BOILER,MW
2045-04-01 15:00:00,YZ,5720.0,CE,IND_BOILER,MW
2045-04-02 16:00:00,YZ,6256.0,CE,IND_BOILER,MW
2045-04-03 17:00:00,YZ,6122.0,CE,IND_BOILER,MW
2045-04-04 18:00:00,YZ,6498.0,CE,IND_BOILER,MW
2045-04-05 19:00:00,YZ,4386.0,CE,IND_BOILER,MW
2045-04-06 20:00:00,YZ,7047.9,CE,IND_BOILER,MW
2045-04-07 21:00:00,YZ,6632.0,CE,IND_BOILER,MW
2045-04-08 22:00:00,YZ,6766.0,CE,IND_BOILER,MW
2045-04-09 23:00:00,YZ,6102.0,CE,IND_BOILER,MW
2045-04-11 00:00:00,YZ,4751.0,CE,IND_BOILER,MW
2045-04-12 01:00:00,YZ,3875.0,CE,IND_BOILER,MW
2045-04-13 02:00:00,YZ,3700.0,CE,IND_BOILER,MW
2045-04-14 03:00:00,YZ,3411.7,CE,IND_BOILER,MW
2045-04-15 04:00:00,YZ,3729.0,CE,IND_BOILER,MW
2045-04-16 05:00:00,YZ,5739.2,CE,IND_BOILER,MW
2045-04-17 06:00:00,YZ,12453.0,CE,IND_BOILER,MW
2045-04-18 07:00:00,YZ,9015.0,CE,IND_BOILER,MW
2045-04-19 08:00:00,YZ,4070.7,CE,IND_BOILER,MW
2045-04-20 09:00:00,YZ,2906.0,CE,IND_BOILER,MW
2045-04-21 10:00:00,YZ,5318.0,CE,IND_BOILER,MW
2045-04-22 11:00:00,YZ,5586.0,CE,IND_BOILER,MW
2045-04-23 12:00:00,YZ,6122.0,CE,IND_BOILER,MW
2045-04-24 13:00:00,YZ,5988.0,CE,IND_BOILER,MW
2045-04-25 14:00:00,YZ,5184.0,CE,IND_BOILER,MW
2045-04-26 15:00:00,YZ,2638.0,CE,IND_BOILER,MW
2045-04-27 16:00:00,YZ,3436.0,CE,IND_BOILER,MW
2045-04-28 17:00:00,YZ,5968.0,CE,IND_BOILER,MW
2045-04-29 18:00:00,YZ,6766.0,CE,IND_BOILER,MW
2045-04-30 19:00:00,YZ,7383.0,CE,IND_BOILER,MW
2045-05-01 20:00:00,YZ,7465.0,CE,IND_BOILER,MW
2045-05-02 21:00:00,YZ,6364.0,CE,IND_BOILER,MW
2045-05-03 22:00:00,YZ,4313.0,CE,IND_BOILER,MW
2045-05-04 23:00:00,YZ,4532.0,CE,IND_BOILER,MW
2045-05-06 00:00:00,YZ,6269.7,CE,IND_BOILER,MW
2045-05-07 01:00:00,YZ,6369.9,CE,IND_BOILER,MW
2045-05-08 02:00:00,YZ,6469.7,CE,IND_BOILER,MW
2045-05-09 03:00:00,YZ,3700.0,CE,IND_BOILER,MW
2045-05-10 04:00:00,YZ,4109.1,CE,IND_BOILER,MW
2045-05-11 05:00:00,YZ,4076.7,CE,IND_BOILER,MW
2045-05-12 06:00:00,YZ,4459.0,CE,IND_BOILER,MW
2045-05-13 07:00:00,YZ,5043.0,CE,IND_BOILER,MW
2045-05-14 08:00:00,YZ,6498.0,CE,IND_BOILER,MW
2045-05-15 09:00:00,YZ,5854.0,CE,IND_BOILER,MW
2045-05-16 10:00:00,YZ,5050.0,CE,IND_BOILER,MW
2045-05-17 11:00:00,YZ,2541.0,CE,IND_BOILER,MW
2045-05-18 12:00:00,YZ,2772.0,CE,IND_BOILER,MW
2045-05-19 13:00:00,YZ,5184.0,CE,IND_BOILER,MW
2045-05-20 14:00:00,YZ,5452.0,CE,IND_BOILER,MW
2045-05-21 15:00:00,YZ,5988.0,CE,IND_BOILER,MW
2045-05-22 16:00:00,YZ,5854.0,CE,IND_BOILER,MW
2045-05-23 17:00:00,YZ,5445.3,CE,IND_BOILER,MW
2045-05-24 18:00:00,YZ,4313.0,CE,IND_BOILER,MW
2045-05-25 19:00:00,YZ,4459.0,CE,IND_BOILER,MW
2045-05-26 20:00:00,YZ,6364.0,CE,IND_BOILER,MW
2045-05-27 21:00:00,YZ,8855.4,CE,IND_BOILER,MW
2045-05-28 22:00:00,YZ,8626.1,CE,IND_BOILER,MW
2045-05-29 23:00:00,YZ,5962.0,CE,IND_BOILER,MW
2045-05-31 00:00:00,YZ,5370.4,CE,IND_BOILER,MW
2045-06-01 01:00:00,YZ,4838.9,CE,IND_BOILER,MW
2045-06-02 02:00:00,YZ,3700.0,CE,IND_BOILER,MW
2045-06-03 03:00:00,YZ,3700.0,CE,IND_BOILER,MW
2045-06-04 04:00:00,YZ,3948.0,CE,IND_BOILER,MW
2045-06-05 05:00:00,YZ,4386.0,CE,IND_BOILER,MW
2045-06-06 06:00:00,YZ,12026.0,CE,IND_BOILER,MW
2045-06-07 07:00:00,YZ,4916.0,CE,IND_BOILER,MW
2045-06-08 08:00:00,YZ,6702.1,CE,IND_BOILER,MW
2045-06-09 09:00:00,YZ,6543.8,CE,IND_BOILER,MW
2045-06-10 10:00:00,YZ,6230.0,CE,IND_BOILER,MW
2045-06-11 11:00:00,YZ,5916.7,CE,IND_BOILER,MW
2045-06-12 12:00:00,YZ,5854.0,CE,IND_BOILER,MW
2045-06-13 13:00:00,YZ,5720.0,CE,IND_BOILER,MW
2045-06-14 14:00:00,YZ,4916.0,CE,IND_BOILER,MW
2045-06-15 15:00:00,YZ,2480.0,CE,IND_BOILER,MW
2045-06-16 16:00:00,YZ,2638.0,CE,IND_BOILER,MW
2045-06-17 17:00:00,YZ,5050.0,CE,IND_BOILER,MW
2045-06-18 18:00:00,YZ,5318.0,CE,IND_BOILER,MW
2045-06-19 19:00:00,YZ,5854.0,CE,IND_BOILER,MW
2045-06-20 20:00:00,YZ,7226.9,CE,IND_BOILER,MW
2045-06-21 21:00:00,YZ,6614.7,CE,IND_BOILER,MW
2045-06-22 22:00:00,YZ,4475.9,CE,IND_BOILER,MW
2045-06-23 23:00:00,YZ,4386.0,CE,IND_BOILER,MW
2045-06-25 00:00:00,YZ,5560.0,CE,IND_BOILER,MW
2045-06-26 01:00:00,YZ,5632.1,CE,IND_BOILER,MW
2045-06-27 02:00:00,YZ,4386.0,CE,IND_BOILER,MW
2045-06-28 03:00:00,YZ,3907.5,CE,IND_BOILER,MW
2045-06-29 04:00:00,YZ,3867.9,CE,IND_BOILER,MW
2045-06-30 05:00:00,YZ,4109.1,CE,IND_BOILER,MW
2045-07-01 06:00:00,YZ,5028.1,CE,IND_BOILER,MW
2045-07-02 07:00:00,YZ,6187.7,CE,IND_BOILER,MW
2045-07-03 08:00:00,YZ,7838.7,CE,IND_BOILER,MW
2045-07-04 09:00:00,YZ,7959.1,CE,IND_BOILER,MW
2045-07-05 10:00:00,YZ,6096.0,CE,IND_BOILER,MW
2045-07-06 11:00:00,YZ,3275.7,CE,IND_BOILER,MW
2045-07-07 12:00:00,YZ,2638.0,CE,IND_BOILER,MW
2045-07-08 13:00:00,YZ,5050.0,CE,IND_BOILER,MW
2045-07-09 14:00:00,YZ,5318.0,CE,IND_BOILER,MW
2045-07-10 15:00:00,YZ,5854.0,CE,IND_BOILER,MW
2045-07-11 16:00:00,YZ,6202.8,CE,IND_BOILER,MW
2045-07-12 17:00:00,YZ,4916.0,CE,IND_BOILER,MW
2045-07-13 18:00:00,YZ,3584.8,CE,IND_BOILER,MW
2045-07-14 19:00:00,YZ,4386.0,CE,IND_BOILER,MW
2045-07-15 20:00:00,YZ,7402.5,CE,IND_BOILER,MW
2045-07-16 21:00:00,YZ,8493.2,CE,IND_BOILER,MW
2045-07-17 22:00:00,YZ,9048.1,CE,IND_BOILER,MW
2045-07-18 23:00:00,YZ,8914.1,CE,IND_BOILER,MW
2045-07-20 00:00:00,YZ,5308.5,CE,IND_BOILER,MW
2045-07-21 01:00:00,YZ,4061.5,CE,IND_BOILER,MW
2045-07-22 02:00:00,YZ,3716.5,CE,IND_BOILER,MW
2045-07-23 03:00:00,YZ,4202.9,CE,IND_BOILER,MW
2045-07-24 04:00:00,YZ,5828.2,CE,IND_BOILER,MW
2045-07-25 05:00:00,YZ,4834.0,CE,IND_BOILER,MW
2045-07-26 06:00:00,YZ,4021.0,CE,IND_BOILER,MW
2045-07-27 07:00:00,YZ,4196.1,CE,IND_BOILER,MW
2045-07-28 08:00:00,YZ,5471.2,CE,IND_BOILER,MW
2045-07-29 09:00:00,YZ,7362.1,CE,IND_BOILER,MW
2045-07-30 10:00:00,YZ,6364.0,CE,IND_BOILER,MW
2045-07-31 11:00:00,YZ,6443.5,CE,IND_BOILER,MW
2045-08-01 12:00:00,YZ,6005.0,CE,IND_BOILER,MW
2045-08-02 13:00:00,YZ,4916.0,CE,IND_BOILER,MW
2045-08-03 14:00:00,YZ,2480.0,CE,IND_BOILER,MW
2045-08-04 15:00:00,YZ,2638.0,CE,IND_BOILER,MW
2045-08-05 16:00:00,YZ,5050.0,CE,IND_BOILER,MW
2045-08-06 17:00:00,YZ,6290.3,CE,IND_BOILER,MW
2045-08-07 18:00:00,YZ,7034.0,CE,IND_BOILER,MW
2045-08-08 19:00:00,YZ,6900.0,CE,IND_BOILER,MW
2045-08-09 20:00:00,YZ,6096.0,CE,IND_BOILER,MW
2045-08-10 21:00:00,YZ,4751.0,CE,IND_BOILER,MW
2045-08-11 22:00:00,YZ,4695.6,CE,IND_BOILER,MW
2045-08-12 23:00:00,YZ,6230.0,CE,IND_BOILER,MW
2045-08-14 00:00:00,YZ,6810.7,CE,IND_BOILER,MW
2045-08-15 01:00:00,YZ,6770.1,CE,IND_BOILER,MW
2045-08-16 02:00:00,YZ,10151.2,CE,IND_BOILER,MW
2045-08-17 03:00:00,YZ,11172.0,CE,IND_BOILER,MW
2045-08-18 04:00:00,YZ,7127.6,CE,IND_BOILER,MW
2045-08-19 05:00:00,YZ,5155.6,CE,IND_BOILER,MW
2045-08-20 06:00:00,YZ,3948.0,CE,IND_BOILER,MW
2045-08-21 07:00:00,YZ,7175.2,CE,IND_BOILER,MW
2045-08-22 08:00:00,YZ,6485.2,CE,IND_BOILER,MW
2045-08-23 09:00:00,YZ,5716.7,CE,IND_BOILER,MW
2045-08-24 10:00:00,YZ,4383.7,CE,IND_BOILER,MW
2045-08-25 11:00:00,YZ,3620.3,CE,IND_BOILER,MW
2045-08-26 12:00:00,YZ,5050.0,CE,IND_BOILER,MW
2045-08-27 13:00:00,YZ,5318.0,CE,IND_BOILER,MW
2045-08-28 14:00:00,YZ,5854.0,CE,IND_BOILER,MW
2045-08-29 15:00:00,YZ,5720.0,CE,IND_BOILER,MW
2045-08-30 16:00:00,YZ,4916.0,CE,IND_BOILER,MW
2045-08-31 17:00:00,YZ,2480.0,CE,IND_BOILER,MW
2045-09-01 18:00:00,YZ,4049.3,CE,IND_BOILER,MW
2045-09-02 19:00:00,YZ,6230.0,CE,IND_BOILER,MW
2045-09-03 20:00:00,YZ,6498.0,CE,IND_BOILER,MW
2045-09-04 21:00:00,YZ,7923.6,CE,IND_BOILER,MW
2045-09-05 22:00:00,YZ,8780.1,CE,IND_BOILER,MW
2045-09-06 23:00:00,YZ,6458.9,CE,IND_BOILER,MW
2045-09-08 00:00:00,YZ,4240.0,CE,IND_BOILER,MW
2045-09-09 01:00:00,YZ,4094.0,CE,IND_BOILER,MW
2045-09-10 02:00:00,YZ,3948.0,CE,IND_BOILER,MW
2045-09-11 03:00:00,YZ,4316.7,CE,IND_BOILER,MW
2045-09-12 04:00:00,YZ,3875.0,CE,IND_BOILER,MW
2045-09-13 05:00:00,YZ,4381.3,CE,IND_BOILER,MW
2045-09-14 06:00:00,YZ,3700.0,CE,IND_BOILER,MW
2045-09-15 07:00:00,YZ,4188.8,CE,IND_BOILER,MW
2045-09-16 08:00:00,YZ,7183.8,CE,IND_BOILER,MW
2045-09-17 09:00:00,YZ,5694.0,CE,IND_BOILER,MW
2045-09-18 10:00:00,YZ,7039.4,CE,IND_BOILER,MW
2045-09-19 11:00:00,YZ,5586.0,CE,IND_BOILER,MW
2045-09-20 12:00:00,YZ,4916.0,CE,IND_BOILER,MW
2045-09-21 13:00:00,YZ,2480.0,CE,IND_BOILER,MW
2045-09-22 14:00:00,YZ,2638.0,CE,IND_BOILER,MW
2045-09-23 15:00:00,YZ,5050.0,CE,IND_BOILER,MW
2045-09-24 16:00:00,YZ,5318.0,CE,IND_BOILER,MW
2045-09-25 17:00:00,YZ,5966.8,CE,IND_BOILER,MW
2045-09-26 18:00:00,YZ,6900.0,CE,IND_BOILER,MW
2045-09-27 19:00:00,YZ,6096.0,CE,IND_BOILER,MW
2045-09-28 20:00:00,YZ,4240.0,CE,IND_BOILER,MW
2045-09-29 21:00:00,YZ,5090.3,CE,IND_BOILER,MW
2045-09-30 22:00:00,YZ,7760.0,CE,IND_BOILER,MW
2045-10-01 23:00:00,YZ,8070.1,CE,IND_BOILER,MW
2045-10-03 00:00:00,YZ,8378.1,CE,IND_BOILER,MW
2045-10-04 01:00:00,YZ,6475.8,CE,IND_BOILER,MW
2045-10-05 02:00:00,YZ,3802.0,CE,IND_BOILER,MW
2045-10-06 03:00:00,YZ,3700.0,CE,IND_BOILER,MW
2045-10-07 04:00:00,YZ,3700.0,CE,IND_BOILER,MW
2045-10-08 05:00:00,YZ,3700.0,CE,IND_BOILER,MW
2045-10-09 06:00:00,YZ,5709.9,CE,IND_BOILER,MW
2045-10-10 07:00:00,YZ,12392.0,CE,IND_BOILER,MW
2045-10-11 08:00:00,YZ,12514.0,CE,IND_BOILER,MW
2045-10-12 09:00:00,YZ,5698.1,CE,IND_BOILER,MW
2045-10-13 10:00:00,YZ,2907.7,CE,IND_BOILER,MW
2045-10-14 11:00:00,YZ,5184.0,CE,IND_BOILER,MW
2045-10-15 12:00:00,YZ,5452.0,CE,IND_BOILER,MW
2045-10-16 13:00:00,YZ,5988.0,CE,IND_BOILER,MW
2045-10-17 14:00:00,YZ,5854.0,CE,IND_BOILER,MW
2045-10-18 15:00:00,YZ,5187.5,CE,IND_BOILER,MW
2045-10-19 16:00:00,YZ,3193.2,CE,IND_BOILER,MW
2045-10-20 17:00:00,YZ,2772.0,CE,IND_BOILER,MW
2045-10-21 18:00:00,YZ,6335.8,CE,IND_BOILER,MW
2045-10-22 19:00:00,YZ,5452.0,CE,IND_BOILER,MW
2045-10-23 20:00:00,YZ,7631.0,CE,IND_BOILER,MW
2045-10-24 21:00:00,YZ,7978.7,CE,IND_BOILER,MW
2045-10-25 22:00:00,YZ,6230.0,CE,IND_BOILER,MW
2045-10-26 23:00:00,YZ,6187.5,CE,IND_BOILER,MW
2045-10-28 00:00:00,YZ,4955.0,CE,IND_BOILER,MW
2045-10-29 01:00:00,YZ,4459.0,CE,IND_BOILER,MW
2045-10-30 02:00:00,YZ,6638.1,CE,IND_BOILER,MW
2045-10-31 03:00:00,YZ,5961.2,CE,IND_BOILER,MW
2045-11-01 04:00:00,YZ,4679.3,CE,IND_BOILER,MW
2045-11-02 05:00:00,YZ,3931.1,CE,IND_BOILER,MW
2045-11-03 06:00:00,YZ,3700.0,CE,IND_BOILER,MW
2045-11-04 07:00:00,YZ,4459.0,CE,IND_BOILER,MW
2045-11-05 08:00:00,YZ,5043.0,CE,IND_BOILER,MW
2045-11-06 09:00:00,YZ,6364.0,CE,IND_BOILER,MW
2045-11-07 10:00:00,YZ,6900.0,CE,IND_BOILER,MW
2045-11-08 11:00:00,YZ,6299.1,CE,IND_BOILER,MW
2045-11-09 12:00:00,YZ,2541.0,CE,IND_BOILER,MW
2045-11-10 13:00:00,YZ,4459.0,CE,IND_BOILER,MW
2045-11-11 14:00:00,YZ,5184.0,CE,IND_BOILER,MW
2045-11-12 15:00:00,YZ,5589.7,CE,IND_BOILER,MW
2045-11-13 16:00:00,YZ,5988.0,CE,IND_BOILER,MW
2045-11-14 17:00:00,YZ,7034.0,CE,IND_BOILER,MW
2045-11-15 18:00:00,YZ,13063.0,CE,IND_BOILER,MW
2045-11-16 19:00:00,YZ,4313.0,CE,IND_BOILER,MW
2045-11-17 20:00:00,YZ,4459.0,CE,IND_BOILER,MW
2045-11-18 21:00:00,YZ,9637.0,CE,IND_BOILER,MW
2045-11-19 22:00:00,YZ,5629.8,CE,IND_BOILER,MW
2045-11-20 23:00:00,YZ,7168.0,CE,IND_BOILER,MW
2045-11-22 00:00:00,YZ,5554.0,CE,IND_BOILER,MW
2045-11-23 01:00:00,YZ,4511.4,CE,IND_BOILER,MW
2045-11-24 02:00:00,YZ,4403.2,CE,IND_BOILER,MW
2045-11-25 03:00:00,YZ,3700.0,CE,IND_BOILER,MW
2045-11-26 04:00:00,YZ,5153.0,CE,IND_BOILER,MW
2045-11-27 05:00:00,YZ,4021.0,CE,IND_BOILER,MW
2045-11-28 06:00:00,YZ,4459.0,CE,IND_BOILER,MW
2045-11-29 07:00:00,YZ,11409.2,CE,IND_BOILER,MW
2045-11-30 08:00:00,YZ,4313.0,CE,IND_BOILER,MW
2045-12-01 09:00:00,YZ,4532.0,CE,IND_BOILER,MW
2045-12-02 10:00:00,YZ,6364.0,CE,IND_BOILER,MW
2045-12-03 11:00:00,YZ,7678.4,CE,IND_BOILER,MW
2045-12-04 12:00:00,YZ,6122.0,CE,IND_BOILER,MW
2045-12-05 13:00:00,YZ,7168.0,CE,IND_BOILER,MW
2045-12-06 14:00:00,YZ,8179.0,CE,IND_BOILER,MW
2045-12-07 15:00:00,YZ,4970.2,CE,IND_BOILER,MW
2045-12-08 16:00:00,YZ,2906.0,CE,IND_BOILER,MW
2045-12-09 17:00:00,YZ,5599.9,CE,IND_BOILER,MW
2045-12-10 18:00:00,YZ,6798.1,CE,IND_BOILER,MW
2045-12-11 19:00:00,YZ,7302.0,CE,IND_BOILER,MW
2045-12-12 20:00:00,YZ,7168.0,CE,IND_BOILER,MW
2045-12-13 21:00:00,YZ,6364.0,CE,IND_BOILER,MW
2045-12-14 22:00:00,YZ,4386.0,CE,IND_BOILER,MW
2045-12-15 23:00:00,YZ,3623.1,CE,IND_BOILER,MW
2045-12-17 00:00:00,YZ,8910.7,CE,IND_BOILER,MW
2045-12-18 01:00:00,YZ,7015.7,CE,IND_BOILER,MW
2045-12-19 02:00:00,YZ,10727.2,CE,IND_BOILER,MW
2045-12-20 03:00:00,YZ,4893.6,CE,IND_BOILER,MW
2045-12-21 04:00:00,YZ,3700.0,CE,IND_BOILER,MW
2045-12-22 05:00:00,YZ,3700.0,CE,IND_BOILER,MW
2045-12-23 06:00:00,YZ,4094.0,CE,IND_BOILER,MW
2045-12-24 07:00:00,YZ,7379.8,CE,IND_BOILER,MW
2045-12-25 08:00:00,YZ,7708.1,CE,IND_BOILER,MW
2045-12-26 09:00:00,YZ,6766.0,CE,IND_BOILER,MW
2045-12-27 10:00:00,YZ,6364.0,CE,IND_BOILER,MW
2045-12-28 11:00:00,YZ,5073.7,CE,IND_BOILER,MW
2045-12-29 12:00:00,YZ,4532.0,CE,IND_BOILER,MW
2045-12-30 13:00:00,YZ,5452.0,CE,IND_BOILER,MW
2045-12-31 14:00:00,YZ,7414.1,CE,IND_BOILER,MW
2046-01-01 15:00:00,YZ,6256.0,CE,IND_BOILER,MW
2045-01-01 00:00:00,YZ,514.0,NR,EIDT,MW
2045-01-02 01:00:00,YZ,494.5,NR,EIDT,MW
2045-01-03 02:00:00,YZ,468.5,NR,EIDT,MW
2045-01-04 03:00:00,YZ,462.0,NR,EIDT,MW
2045-01-05 04:00:00,YZ,682.5,NR,EIDT,MW
2045-01-06 05:00:00,YZ,455.5,NR,EIDT,MW
2045-01-07 06:00:00,YZ,741.0,NR,EIDT,MW
2045-01-08 07:00:00,YZ,743.0,NR,EIDT,MW
2045-01-09 08:00:00,YZ,743.0,NR,EIDT,MW
2045-01-10 09:00:00,YZ,743.0,NR,EIDT,MW
2045-01-11 10:00:00,YZ,743.0,NR,EIDT,MW
2045-01-12 11:00:00,YZ,728.0,NR,EIDT,MW
2045-01-13 12:00:00,YZ,741.0,NR,EIDT,MW
2045-01-14 13:00:00,YZ,743.0,NR,EIDT,MW
2045-01-15 14:00:00,YZ,743.0,NR,EIDT,MW
2045-01-16 15:00:00,YZ,743.0,NR,EIDT,MW
2045-01-17 16:00:00,YZ,743.0,NR,EIDT,MW
2045-01-18 17:00:00,YZ,695.5,NR,EIDT,MW
2045-01-19 18:00:00,YZ,708.5,NR,EIDT,MW
2045-01-20 19:00:00,YZ,743.0,NR,EIDT,MW
2045-01-21 20:00:00,YZ,743.0,NR,EIDT,MW
2045-01-22 21:00:00,YZ,743.0,NR,EIDT,MW
2045-01-23 22:00:00,YZ,743.0,NR,EIDT,MW
2045-01-24 23:00:00,YZ,743.0,NR,EIDT,MW
2045-01-26 00:00:00,YZ,676.0,NR,EIDT,MW
2045-01-27 01:00:00,YZ,637.0,NR,EIDT,MW
2045-01-28 02:00:00,YZ,643.5,NR,EIDT,MW
2045-01-29 03:00:00,YZ,416.5,NR,EIDT,MW
2045-01-30 04:00:00,YZ,442.5,NR,EIDT,MW
2045-01-31 05:00:00,YZ,436.0,NR,EIDT,MW
2045-02-01 06:00:00,YZ,669.5,NR,EIDT,MW
2045-02-02 07:00:00,YZ,715.0,NR,EIDT,MW
2045-02-03 08:00:00,YZ,566.0,NR,EIDT,MW
2045-02-04 09:00:00,YZ,743.0,NR,EIDT,MW
2045-02-05 10:00:00,YZ,743.0,NR,EIDT,MW
2045-02-06 11:00:00,YZ,743.0,NR,EIDT,MW
2045-02-07 12:00:00,YZ,743.0,NR,EIDT,MW
2045-02-08 13:00:00,YZ,702.0,NR,EIDT,MW
2045-02-09 14:00:00,YZ,715.0,NR,EIDT,MW
2045-02-10 15:00:00,YZ,743.0,NR,EIDT,MW
2045-02-11 16:00:00,YZ,743.0,NR,EIDT,MW
2045-02-12 17:00:00,YZ,743.0,NR,EIDT,MW
2045-02-13 18:00:00,YZ,743.0,NR,EIDT,MW
2045-02-14 19:00:00,YZ,743.0,NR,EIDT,MW
2045-02-15 20:00:00,YZ,702.0,NR,EIDT,MW
2045-02-16 21:00:00,YZ,715.0,NR,EIDT,MW
2045-02-17 22:00:00,YZ,743.0,NR,EIDT,MW
2045-02-18 23:00:00,YZ,743.0,NR,EIDT,MW
2045-02-20 00:00:00,YZ,520.5,NR,EIDT,MW
2045-02-21 01:00:00,YZ,442.5,NR,EIDT,MW
2045-02-22 02:00:00,YZ,624.0,NR,EIDT,MW
2045-02-23 03:00:00,YZ,585.0,NR,EIDT,MW
2045-02-24 04:00:00,YZ,604.5,NR,EIDT,MW
2045-02-25 05:00:00,YZ,669.5,NR,EIDT,MW
2045-02-26 06:00:00,YZ,741.0,NR,EIDT,MW
2045-02-27 07:00:00,YZ,743.0,NR,EIDT,MW
2045-02-28 08:00:00,YZ,743.0,NR,EIDT,MW
2045-03-01 09:00:00,YZ,695.5,NR,EIDT,MW
2045-03-02 10:00:00,YZ,708.5,NR,EIDT,MW
2045-03-03 11:00:00,YZ,743.0,NR,EIDT,MW
2045-03-04 12:00:00,YZ,743.0,NR,EIDT,MW
2045-03-05 13:00:00,YZ,743.0,NR,EIDT,MW
2045-03-06 14:00:00,YZ,743.0,NR,EIDT,MW
2045-03-07 15:00:00,YZ,743.0,NR,EIDT,MW
2045-03-08 16:00:00,YZ,695.5,NR,EIDT,MW
2045-03-09 17:00:00,YZ,708.5,NR,EIDT,MW
2045-03-10 18:00:00,YZ,743.0,NR,EIDT,MW
2045-03-11 19:00:00,YZ,743.0,NR,EIDT,MW
2045-03-12 20:00:00,YZ,743.0,NR,EIDT,MW
2045-03-13 21:00:00,YZ,743.0,NR,EIDT,MW
2045-03-14 22:00:00,YZ,743.0,NR,EIDT,MW
2045-03-15 23:00:00,YZ,689.0,NR,EIDT,MW
2045-03-17 00:00:00,YZ,676.0,NR,EIDT,MW
2045-03-18 01:00:00,YZ,663.0,NR,EIDT,MW
2045-03-19 02:00:00,YZ,656.5,NR,EIDT,MW
2045-03-20 03:00:00,YZ,656.5,NR,EIDT,MW
2045-03-21 04:00:00,YZ,397.0,NR,EIDT,MW
2045-03-22 05:00:00,YZ,611.0,NR,EIDT,MW
2045-03-23 06:00:00,YZ,663.0,NR,EIDT,MW
2045-03-24 07:00:00,YZ,743.0,NR,EIDT,MW
2045-03-25 08:00:00,YZ,743.0,NR,EIDT,MW
2045-03-26 09:00:00,YZ,743.0,NR,EIDT,MW
2045-03-27 10:00:00,YZ,743.0,NR,EIDT,MW
2045-03-28 11:00:00,YZ,743.0,NR,EIDT,MW
2045-03-29 12:00:00,YZ,689.0,NR,EIDT,MW
2045-03-30 13:00:00,YZ,702.0,NR,EIDT,MW
2045-03-31 14:00:00,YZ,743.0,NR,EIDT,MW
2045-04-01 15:00:00,YZ,743.0,NR,EIDT,MW
2045-04-02 16:00:00,YZ,743.0,NR,EIDT,MW
2045-04-03 17:00:00,YZ,743.0,NR,EIDT,MW
2045-04-04 18:00:00,YZ,743.0,NR,EIDT,MW
2045-04-05 19:00:00,YZ,682.5,NR,EIDT,MW
2045-04-06 20:00:00,YZ,695.5,NR,EIDT,MW
2045-04-07 21:00:00,YZ,743.0,NR,EIDT,MW
2045-04-08 22:00:00,YZ,743.0,NR,EIDT,MW
2045-04-09 23:00:00,YZ,743.0,NR,EIDT,MW
2045-04-11 00:00:00,YZ,715.0,NR,EIDT,MW
2045-04-12 01:00:00,YZ,637.0,NR,EIDT,MW
2045-04-13 02:00:00,YZ,585.0,NR,EIDT,MW
2045-04-14 03:00:00,YZ,578.5,NR,EIDT,MW
2045-04-15 04:00:00,YZ,624.0,NR,EIDT,MW
2045-04-16 05:00:00,YZ,682.5,NR,EIDT,MW
2045-04-17 06:00:00,YZ,494.5,NR,EIDT,MW
2045-04-18 07:00:00,YZ,743.0,NR,EIDT,MW
2045-04-19 08:00:00,YZ,682.5,NR,EIDT,MW
2045-04-20 09:00:00,YZ,695.5,NR,EIDT,MW
2045-04-21 10:00:00,YZ,743.0,NR,EIDT,MW
2045-04-22 11:00:00,YZ,743.0,NR,EIDT,MW
2045-04-23 12:00:00,YZ,743.0,NR,EIDT,MW
2045-04-24 13:00:00,YZ,743.0,NR,EIDT,MW
2045-04-25 14:00:00,YZ,743.0,NR,EIDT,MW
2045-04-26 15:00:00,YZ,682.5,NR,EIDT,MW
2045-04-27 16:00:00,YZ,695.5,NR,EIDT,MW
2045-04-28 17:00:00,YZ,743.0,NR,EIDT,MW
2045-04-29 18:00:00,YZ,743.0,NR,EIDT,MW
2045-04-30 19:00:00,YZ,743.0,NR,EIDT,MW
2045-05-01 20:00:00,YZ,743.0,NR,EIDT,MW
2045-05-02 21:00:00,YZ,743.0,NR,EIDT,MW
2045-05-03 22:00:00,YZ,676.0,NR,EIDT,MW
2045-05-04 23:00:00,YZ,695.5,NR,EIDT,MW
2045-05-06 00:00:00,YZ,695.5,NR,EIDT,MW
2045-05-07 01:00:00,YZ,676.0,NR,EIDT,MW
2045-05-08 02:00:00,YZ,663.0,NR,EIDT,MW
2045-05-09 03:00:00,YZ,617.5,NR,EIDT,MW
2045-05-10 04:00:00,YZ,572.0,NR,EIDT,MW
2045-05-11 05:00:00,YZ,611.0,NR,EIDT,MW
2045-05-12 06:00:00,YZ,689.0,NR,EIDT,MW
2045-05-13 07:00:00,YZ,741.0,NR,EIDT,MW
2045-05-14 08:00:00,YZ,743.0,NR,EIDT,MW
2045-05-15 09:00:00,YZ,743.0,NR,EIDT,MW
2045-05-16 10:00:00,YZ,743.0,NR,EIDT,MW
2045-05-17 11:00:00,YZ,676.0,NR,EIDT,MW
2045-05-18 12:00:00,YZ,689.0,NR,EIDT,MW
2045-05-19 13:00:00,YZ,743.0,NR,EIDT,MW
2045-05-20 14:00:00,YZ,743.0,NR,EIDT,MW
2045-05-21 15:00:00,YZ,743.0,NR,EIDT,MW
2045-05-22 16:00:00,YZ,743.0,NR,EIDT,MW
2045-05-23 17:00:00,YZ,743.0,NR,EIDT,MW
2045-05-24 18:00:00,YZ,676.0,NR,EIDT,MW
2045-05-25 19:00:00,YZ,689.0,NR,EIDT,MW
2045-05-26 20:00:00,YZ,743.0,NR,EIDT,MW
2045-05-27 21:00:00,YZ,743.0,NR,EIDT,MW
2045-05-28 22:00:00,YZ,743.0,NR,EIDT,MW
2045-05-29 23:00:00,YZ,743.0,NR,EIDT,MW
2045-05-31 00:00:00,YZ,676.0,NR,EIDT,MW
2045-06-01 01:00:00,YZ,604.5,NR,EIDT,MW
2045-06-02 02:00:00,YZ,585.0,NR,EIDT,MW
2045-06-03 03:00:00,YZ,604.5,NR,EIDT,MW
2045-06-04 04:00:00,YZ,643.5,NR,EIDT,MW
2045-06-05 05:00:00,YZ,682.5,NR,EIDT,MW
2045-06-06 06:00:00,YZ,449.0,NR,EIDT,MW
2045-06-07 07:00:00,YZ,743.0,NR,EIDT,MW
2045-06-08 08:00:00,YZ,669.5,NR,EIDT,MW
2045-06-09 09:00:00,YZ,682.5,NR,EIDT,MW
2045-06-10 10:00:00,YZ,743.0,NR,EIDT,MW
2045-06-11 11:00:00,YZ,743.0,NR,EIDT,MW
2045-06-12 12:00:00,YZ,743.0,NR,EIDT,MW
2045-06-13 13:00:00,YZ,743.0,NR,EIDT,MW
2045-06-14 14:00:00,YZ,743.0,NR,EIDT,MW
2045-06-15 15:00:00,YZ,669.5,NR,EIDT,MW
2045-06-16 16:00:00,YZ,682.5,NR,EIDT,MW
2045-06-17 17:00:00,YZ,743.0,NR,EIDT,MW
2045-06-18 18:00:00,YZ,743.0,NR,EIDT,MW
2045-06-19 19:00:00,YZ,743.0,NR,EIDT,MW
2045-06-20 20:00:00,YZ,743.0,NR,EIDT,MW
2045-06-21 21:00:00,YZ,743.0,NR,EIDT,MW
2045-06-22 22:00:00,YZ,669.5,NR,EIDT,MW
2045-06-23 23:00:00,YZ,682.5,NR,EIDT,MW
2045-06-25 00:00:00,YZ,743.0,NR,EIDT,MW
2045-06-26 01:00:00,YZ,708.5,NR,EIDT,MW
2045-06-27 02:00:00,YZ,682.5,NR,EIDT,MW
2045-06-28 03:00:00,YZ,624.0,NR,EIDT,MW
2045-06-29 04:00:00,YZ,585.0,NR,EIDT,MW
2045-06-30 05:00:00,YZ,572.0,NR,EIDT,MW
2045-07-01 06:00:00,YZ,643.5,NR,EIDT,MW
2045-07-02 07:00:00,YZ,689.0,NR,EIDT,MW
2045-07-03 08:00:00,YZ,743.0,NR,EIDT,MW
2045-07-04 09:00:00,YZ,743.0,NR,EIDT,MW
2045-07-05 10:00:00,YZ,743.0,NR,EIDT,MW
2045-07-06 11:00:00,YZ,669.5,NR,EIDT,MW
2045-07-07 12:00:00,YZ,682.5,NR,EIDT,MW
2045-07-08 13:00:00,YZ,743.0,NR,EIDT,MW
2045-07-09 14:00:00,YZ,743.0,NR,EIDT,MW
2045-07-10 15:00:00,YZ,743.0,NR,EIDT,MW
2045-07-11 16:00:00,YZ,743.0,NR,EIDT,MW
2045-07-12 17:00:00,YZ,743.0,NR,EIDT,MW
2045-07-13 18:00:00,YZ,669.5,NR,EIDT,MW
2045-07-14 19:00:00,YZ,682.5,NR,EIDT,MW
2045-07-15 20:00:00,YZ,743.0,NR,EIDT,MW
2045-07-16 21:00:00,YZ,743.0,NR,EIDT,MW
2045-07-17 22:00:00,YZ,743.0,NR,EIDT,MW
2045-07-18 23:00:00,YZ,743.0,NR,EIDT,MW
2045-07-20 00:00:00,YZ,743.0,NR,EIDT,MW
2045-07-21 01:00:00,YZ,650.0,NR,EIDT,MW
2045-07-22 02:00:00,YZ,611.0,NR,EIDT,MW
2045-07-23 03:00:00,YZ,617.5,NR,EIDT,MW
2045-07-24 04:00:00,YZ,630.5,NR,EIDT,MW
2045-07-25 05:00:00,YZ,650.0,NR,EIDT,MW
2045-07-26 06:00:00,YZ,650.0,NR,EIDT,MW
2045-07-27 07:00:00,YZ,637.0,NR,EIDT,MW
2045-07-28 08:00:00,YZ,682.5,NR,EIDT,MW
2045-07-29 09:00:00,YZ,743.0,NR,EIDT,MW
2045-07-30 10:00:00,YZ,743.0,NR,EIDT,MW
2045-07-31 11:00:00,YZ,743.0,NR,EIDT,MW
2045-08-01 12:00:00,YZ,743.0,NR,EIDT,MW
2045-08-02 13:00:00,YZ,743.0,NR,EIDT,MW
2045-08-03 14:00:00,YZ,669.5,NR,EIDT,MW
2045-08-04 15:00:00,YZ,682.5,NR,EIDT,MW
2045-08-05 16:00:00,YZ,743.0,NR,EIDT,MW
2045-08-06 17:00:00,YZ,743.0,NR,EIDT,MW
2045-08-07 18:00:00,YZ,743.0,NR,EIDT,MW
2045-08-08 19:00:00,YZ,743.0,NR,EIDT,MW
2045-08-09 20:00:00,YZ,743.0,NR,EIDT,MW
2045-08-10 21:00:00,YZ,669.5,NR,EIDT,MW
2045-08-11 22:00:00,YZ,682.5,NR,EIDT,MW
2045-08-12 23:00:00,YZ,743.0,NR,EIDT,MW
2045-08-14 00:00:00,YZ,743.0,NR,EIDT,MW
2045-08-15 01:00:00,YZ,728.0,NR,EIDT,MW
2045-08-16 02:00:00,YZ,416.5,NR,EIDT,MW
2045-08-17 03:00:00,YZ,358.0,NR,EIDT,MW
2045-08-18 04:00:00,YZ,559.0,NR,EIDT,MW
2045-08-19 05:00:00,YZ,578.5,NR,EIDT,MW
2045-08-20 06:00:00,YZ,643.5,NR,EIDT,MW
2045-08-21 07:00:00,YZ,715.0,NR,EIDT,MW
2045-08-22 08:00:00,YZ,743.0,NR,EIDT,MW
2045-08-23 09:00:00,YZ,743.0,NR,EIDT,MW
2045-08-24 10:00:00,YZ,669.5,NR,EIDT,MW
2045-08-25 11:00:00,YZ,682.5,NR,EIDT,MW
2045-08-26 12:00:00,YZ,743.0,NR,EIDT,MW
2045-08-27 13:00:00,YZ,743.0,NR,EIDT,MW
2045-08-28 14:00:00,YZ,743.0,NR,EIDT,MW
2045-08-29 15:00:00,YZ,743.0,NR,EIDT,MW
2045-08-30 16:00:00,YZ,743.0,NR,EIDT,MW
2045-08-31 17:00:00,YZ,669.5,NR,EIDT,MW
2045-09-01 18:00:00,YZ,682.5,NR,EIDT,MW
2045-09-02 19:00:00,YZ,743.0,NR,EIDT,MW
2045-09-03 20:00:00,YZ,743.0,NR,EIDT,MW
2045-09-04 21:00:00,YZ,743.0,NR,EIDT,MW
2045-09-05 22:00:00,YZ,743.0,NR,EIDT,MW
2045-09-06 23:00:00,YZ,743.0,NR,EIDT,MW
2045-09-08 00:00:00,YZ,669.5,NR,EIDT,MW
2045-09-09 01:00:00,YZ,656.5,NR,EIDT,MW
2045-09-10 02:00:00,YZ,643.5,NR,EIDT,MW
2045-09-11 03:00:00,YZ,637.0,NR,EIDT,MW
2045-09-12 04:00:00,YZ,637.0,NR,EIDT,MW
2045-09-13 05:00:00,YZ,617.5,NR,EIDT,MW
2045-09-14 06:00:00,YZ,591.5,NR,EIDT,MW
2045-09-15 07:00:00,YZ,643.5,NR,EIDT,MW
2045-09-16 08:00:00,YZ,728.0,NR,EIDT,MW
2045-09-17 09:00:00,YZ,743.0,NR,EIDT,MW
2045-09-18 10:00:00,YZ,743.0,NR,EIDT,MW
2045-09-19 11:00:00,YZ,743.0,NR,EIDT,MW
2045-09-20 12:00:00,YZ,743.0,NR,EIDT,MW
2045-09-21 13:00:00,YZ,669.5,NR,EIDT,MW
2045-09-22 14:00:00,YZ,682.5,NR,EIDT,MW
2045-09-23 15:00:00,YZ,743.0,NR,EIDT,MW
2045-09-24 16:00:00,YZ,743.0,NR,EIDT,MW
2045-09-25 17:00:00,YZ,743.0,NR,EIDT,MW
2045-09-26 18:00:00,YZ,743.0,NR,EIDT,MW
2045-09-27 19:00:00,YZ,743.0,NR,EIDT,MW
2045-09-28 20:00:00,YZ,669.5,NR,EIDT,MW
2045-09-29 21:00:00,YZ,682.5,NR,EIDT,MW
2045-09-30 22:00:00,YZ,743.0,NR,EIDT,MW
2045-10-01 23:00:00,YZ,743.0,NR,EIDT,MW
2045-10-03 00:00:00,YZ,743.0,NR,EIDT,MW
2045-10-04 01:00:00,YZ,702.0,NR,EIDT,MW
2045-10-05 02:00:00,YZ,630.5,NR,EIDT,MW
2045-10-06 03:00:00,YZ,572.0,NR,EIDT,MW
2045-10-07 04:00:00,YZ,572.0,NR,EIDT,MW
2045-10-08 05:00:00,YZ,617.5,NR,EIDT,MW
2045-10-09 06:00:00,YZ,676.0,NR,EIDT,MW
2045-10-10 07:00:00,YZ,488.0,NR,EIDT,MW
2045-10-11 08:00:00,YZ,501.0,NR,EIDT,MW
2045-10-12 09:00:00,YZ,676.0,NR,EIDT,MW
2045-10-13 10:00:00,YZ,689.0,NR,EIDT,MW
2045-10-14 11:00:00,YZ,743.0,NR,EIDT,MW
2045-10-15 12:00:00,YZ,743.0,NR,EIDT,MW
2045-10-16 13:00:00,YZ,743.0,NR,EIDT,MW
2045-10-17 14:00:00,YZ,743.0,NR,EIDT,MW
2045-10-18 15:00:00,YZ,743.0,NR,EIDT,MW
2045-10-19 16:00:00,YZ,676.0,NR,EIDT,MW
2045-10-20 17:00:00,YZ,689.0,NR,EIDT,MW
2045-10-21 18:00:00,YZ,743.0,NR,EIDT,MW
2045-10-22 19:00:00,YZ,743.0,NR,EIDT,MW
2045-10-23 20:00:00,YZ,743.0,NR,EIDT,MW
2045-10-24 21:00:00,YZ,743.0,NR,EIDT,MW
2045-10-25 22:00:00,YZ,743.0,NR,EIDT,MW
2045-10-26 23:00:00,YZ,676.0,NR,EIDT,MW
2045-10-28 00:00:00,YZ,689.0,NR,EIDT,MW
2045-10-29 01:00:00,YZ,689.0,NR,EIDT,MW
2045-10-30 02:00:00,YZ,669.5,NR,EIDT,MW
2045-10-31 03:00:00,YZ,656.5,NR,EIDT,MW
2045-11-01 04:00:00,YZ,611.0,NR,EIDT,MW
2045-11-02 05:00:00,YZ,565.5,NR,EIDT,MW
2045-11-03 06:00:00,YZ,604.5,NR,EIDT,MW
2045-11-04 07:00:00,YZ,689.0,NR,EIDT,MW
2045-11-05 08:00:00,YZ,741.0,NR,EIDT,MW
2045-11-06 09:00:00,YZ,743.0,NR,EIDT,MW
2045-11-07 10:00:00,YZ,743.0,NR,EIDT,MW
2045-11-08 11:00:00,YZ,743.0,NR,EIDT,MW
2045-11-09 12:00:00,YZ,676.0,NR,EIDT,MW
2045-11-10 13:00:00,YZ,689.0,NR,EIDT,MW
2045-11-11 14:00:00,YZ,743.0,NR,EIDT,MW
2045-11-12 15:00:00,YZ,743.0,NR,EIDT,MW
2045-11-13 16:00:00,YZ,743.0,NR,EIDT,MW
2045-11-14 17:00:00,YZ,743.0,NR,EIDT,MW
2045-11-15 18:00:00,YZ,559.5,NR,EIDT,MW
2045-11-16 19:00:00,YZ,676.0,NR,EIDT,MW
2045-11-17 20:00:00,YZ,689.0,NR,EIDT,MW
2045-11-18 21:00:00,YZ,743.0,NR,EIDT,MW
2045-11-19 22:00:00,YZ,743.0,NR,EIDT,MW
2045-11-20 23:00:00,YZ,743.0,NR,EIDT,MW
2045-11-22 00:00:00,YZ,743.0,NR,EIDT,MW
2045-11-23 01:00:00,YZ,676.0,NR,EIDT,MW
2045-11-24 02:00:00,YZ,611.0,NR,EIDT,MW
2045-11-25 03:00:00,YZ,591.5,NR,EIDT,MW
2045-11-26 04:00:00,YZ,611.0,NR,EIDT,MW
2045-11-27 05:00:00,YZ,650.0,NR,EIDT,MW
2045-11-28 06:00:00,YZ,689.0,NR,EIDT,MW
2045-11-29 07:00:00,YZ,462.0,NR,EIDT,MW
2045-11-30 08:00:00,YZ,676.0,NR,EIDT,MW
2045-12-01 09:00:00,YZ,695.5,NR,EIDT,MW
2045-12-02 10:00:00,YZ,743.0,NR,EIDT,MW
2045-12-03 11:00:00,YZ,743.0,NR,EIDT,MW
2045-12-04 12:00:00,YZ,743.0,NR,EIDT,MW
2045-12-05 13:00:00,YZ,743.0,NR,EIDT,MW
2045-12-06 14:00:00,YZ,743.0,NR,EIDT,MW
2045-12-07 15:00:00,YZ,682.5,NR,EIDT,MW
2045-12-08 16:00:00,YZ,695.5,NR,EIDT,MW
2045-12-09 17:00:00,YZ,743.0,NR,EIDT,MW
2045-12-10 18:00:00,YZ,743.0,NR,EIDT,MW
2045-12-11 19:00:00,YZ,743.0,NR,EIDT,MW
2045-12-12 20:00:00,YZ,743.0,NR,EIDT,MW
2045-12-13 21:00:00,YZ,743.0,NR,EIDT,MW
2045-12-14 22:00:00,YZ,682.5,NR,EIDT,MW
2045-12-15 23:00:00,YZ,695.5,NR,EIDT,MW
2045-12-17 00:00:00,YZ,743.0,NR,EIDT,MW
2045-12-18 01:00:00,YZ,721.5,NR,EIDT,MW
2045-12-19 02:00:00,YZ,455.5,NR,EIDT,MW
2045-12-20 03:00:00,YZ,637.0,NR,EIDT,MW
2045-12-21 04:00:00,YZ,598.0,NR,EIDT,MW
2045-12-22 05:00:00,YZ,585.0,NR,EIDT,MW
2045-12-23 06:00:00,YZ,656.5,NR,EIDT,MW
2045-12-24 07:00:00,YZ,702.0,NR,EIDT,MW
2045-12-25 08:00:00,YZ,743.0,NR,EIDT,MW
2045-12-26 09:00:00,YZ,743.0,NR,EIDT,MW
2045-12-27 10:00:00,YZ,743.0,NR,EIDT,MW
2045-12-28 11:00:00,YZ,682.5,NR,EIDT,MW
2045-12-29 12:00:00,YZ,695.5,NR,EIDT,MW
2045-12-30 13:00:00,YZ,743.0,NR,EIDT,MW
2045-12-31 14:00:00,YZ,743.0,NR,EIDT,MW
2046-01-01 15:00:00,YZ,743.0,NR,EIDT,MW
2045-01-01 00:00:00,YZ,3735.2,SO,IND_BOILER,MW
2045-01-02 01:00:00,YZ,3638.6,SO,IND_BOILER,MW
2045-01-03 02:00:00,YZ,3509.8,SO,IND_BOILER,MW
2045-01-04 03:00:00,YZ,3477.6,SO,IND_BOILER,MW
2045-01-05 04:00:00,YZ,3381.0,SO,IND_BOILER,MW
2045-01-06 05:00:00,YZ,3445.4,SO,IND_BOILER,MW
2045-01-07 06:00:00,YZ,3670.8,SO,IND_BOILER,MW
2045-01-08 07:00:00,YZ,3864.0,SO,IND_BOILER,MW
2045-01-09 08:00:00,YZ,3703.2,SO,IND_BOILER,MW
2045-01-10 09:00:00,YZ,3671.0,SO,IND_BOILER,MW
2045-01-11 10:00:00,YZ,3214.4,SO,IND_BOILER,MW
2045-01-12 11:00:00,YZ,2956.8,SO,IND_BOILER,MW
2045-01-13 12:00:00,YZ,3021.2,SO,IND_BOILER,MW
2045-01-14 13:00:00,YZ,3311.0,SO,IND_BOILER,MW
2045-01-15 14:00:00,YZ,3375.4,SO,IND_BOILER,MW
2045-01-16 15:00:00,YZ,3642.8,SO,IND_BOILER,MW
2045-01-17 16:00:00,YZ,3770.8,SO,IND_BOILER,MW
2045-01-18 17:00:00,YZ,3155.8,SO,IND_BOILER,MW
2045-01-19 18:00:00,YZ,3509.8,SO,IND_BOILER,MW
2045-01-20 19:00:00,YZ,3832.0,SO,IND_BOILER,MW
2045-01-21 20:00:00,YZ,3786.4,SO,IND_BOILER,MW
2045-01-22 21:00:00,YZ,4025.2,SO,IND_BOILER,MW
2045-01-23 22:00:00,YZ,3879.5,SO,IND_BOILER,MW
2045-01-24 23:00:00,YZ,3864.0,SO,IND_BOILER,MW
2045-01-26 00:00:00,YZ,3348.8,SO,IND_BOILER,MW
2045-01-27 01:00:00,YZ,2866.0,SO,IND_BOILER,MW
2045-01-28 02:00:00,YZ,2898.2,SO,IND_BOILER,MW
2045-01-29 03:00:00,YZ,3252.2,SO,IND_BOILER,MW
2045-01-30 04:00:00,YZ,3381.0,SO,IND_BOILER,MW
2045-01-31 05:00:00,YZ,3348.8,SO,IND_BOILER,MW
2045-02-01 06:00:00,YZ,3316.6,SO,IND_BOILER,MW
2045-02-02 07:00:00,YZ,3542.0,SO,IND_BOILER,MW
2045-02-03 08:00:00,YZ,3992.8,SO,IND_BOILER,MW
2045-02-04 09:00:00,YZ,3896.4,SO,IND_BOILER,MW
2045-02-05 10:00:00,YZ,3697.4,SO,IND_BOILER,MW
2045-02-06 11:00:00,YZ,3665.2,SO,IND_BOILER,MW
2045-02-07 12:00:00,YZ,3472.0,SO,IND_BOILER,MW
2045-02-08 13:00:00,YZ,2828.0,SO,IND_BOILER,MW
2045-02-09 14:00:00,YZ,2892.4,SO,IND_BOILER,MW
2045-02-10 15:00:00,YZ,3504.2,SO,IND_BOILER,MW
2045-02-11 16:00:00,YZ,3791.6,SO,IND_BOILER,MW
2045-02-12 17:00:00,YZ,4025.3,SO,IND_BOILER,MW
2045-02-13 18:00:00,YZ,4007.3,SO,IND_BOILER,MW
2045-02-14 19:00:00,YZ,4116.0,SO,IND_BOILER,MW
2045-02-15 20:00:00,YZ,3477.6,SO,IND_BOILER,MW
2045-02-16 21:00:00,YZ,3252.4,SO,IND_BOILER,MW
2045-02-17 22:00:00,YZ,3781.2,SO,IND_BOILER,MW
2045-02-18 23:00:00,YZ,3767.6,SO,IND_BOILER,MW
2045-02-20 00:00:00,YZ,3767.4,SO,IND_BOILER,MW
2045-02-21 01:00:00,YZ,3381.0,SO,IND_BOILER,MW
2045-02-22 02:00:00,YZ,3091.2,SO,IND_BOILER,MW
2045-02-23 03:00:00,YZ,2558.1,SO,IND_BOILER,MW
2045-02-24 04:00:00,YZ,2705.0,SO,IND_BOILER,MW
2045-02-25 05:00:00,YZ,3316.6,SO,IND_BOILER,MW
2045-02-26 06:00:00,YZ,3670.8,SO,IND_BOILER,MW
2045-02-27 07:00:00,YZ,3671.0,SO,IND_BOILER,MW
2045-02-28 08:00:00,YZ,3703.2,SO,IND_BOILER,MW
2045-03-01 09:00:00,YZ,2795.8,SO,IND_BOILER,MW
2045-03-02 10:00:00,YZ,2860.2,SO,IND_BOILER,MW
2045-03-03 11:00:00,YZ,3472.0,SO,IND_BOILER,MW
2045-03-04 12:00:00,YZ,3504.2,SO,IND_BOILER,MW
2045-03-05 13:00:00,YZ,3665.2,SO,IND_BOILER,MW
2045-03-06 14:00:00,YZ,3600.8,SO,IND_BOILER,MW
2045-03-07 15:00:00,YZ,3407.6,SO,IND_BOILER,MW
2045-03-08 16:00:00,YZ,2795.8,SO,IND_BOILER,MW
2045-03-09 17:00:00,YZ,2860.2,SO,IND_BOILER,MW
2045-03-10 18:00:00,YZ,3799.8,SO,IND_BOILER,MW
2045-03-11 19:00:00,YZ,3864.2,SO,IND_BOILER,MW
2045-03-12 20:00:00,YZ,3802.0,SO,IND_BOILER,MW
2045-03-13 21:00:00,YZ,3960.8,SO,IND_BOILER,MW
2045-03-14 22:00:00,YZ,3820.8,SO,IND_BOILER,MW
2045-03-15 23:00:00,YZ,3123.6,SO,IND_BOILER,MW
2045-03-17 00:00:00,YZ,3059.2,SO,IND_BOILER,MW
2045-03-18 01:00:00,YZ,2994.8,SO,IND_BOILER,MW
2045-03-19 02:00:00,YZ,2962.6,SO,IND_BOILER,MW
2045-03-20 03:00:00,YZ,3252.2,SO,IND_BOILER,MW
2045-03-21 04:00:00,YZ,3155.6,SO,IND_BOILER,MW
2045-03-22 05:00:00,YZ,2737.2,SO,IND_BOILER,MW
2045-03-23 06:00:00,YZ,3284.4,SO,IND_BOILER,MW
2045-03-24 07:00:00,YZ,3413.4,SO,IND_BOILER,MW
2045-03-25 08:00:00,YZ,3671.0,SO,IND_BOILER,MW
2045-03-26 09:00:00,YZ,3791.6,SO,IND_BOILER,MW
2045-03-27 10:00:00,YZ,3568.6,SO,IND_BOILER,MW
2045-03-28 11:00:00,YZ,3375.4,SO,IND_BOILER,MW
2045-03-29 12:00:00,YZ,2763.6,SO,IND_BOILER,MW
2045-03-30 13:00:00,YZ,2828.0,SO,IND_BOILER,MW
2045-03-31 14:00:00,YZ,3407.6,SO,IND_BOILER,MW
2045-04-01 15:00:00,YZ,3472.0,SO,IND_BOILER,MW
2045-04-02 16:00:00,YZ,3600.8,SO,IND_BOILER,MW
2045-04-03 17:00:00,YZ,3568.6,SO,IND_BOILER,MW
2045-04-04 18:00:00,YZ,3735.4,SO,IND_BOILER,MW
2045-04-05 19:00:00,YZ,3091.4,SO,IND_BOILER,MW
2045-04-06 20:00:00,YZ,3155.8,SO,IND_BOILER,MW
2045-04-07 21:00:00,YZ,3765.6,SO,IND_BOILER,MW
2045-04-08 22:00:00,YZ,3770.8,SO,IND_BOILER,MW
2045-04-09 23:00:00,YZ,3765.6,SO,IND_BOILER,MW
2045-04-11 00:00:00,YZ,3252.4,SO,IND_BOILER,MW
2045-04-12 01:00:00,YZ,3155.6,SO,IND_BOILER,MW
2045-04-13 02:00:00,YZ,2608.4,SO,IND_BOILER,MW
2045-04-14 03:00:00,YZ,2233.2,SO,IND_BOILER,MW
2045-04-15 04:00:00,YZ,3091.2,SO,IND_BOILER,MW
2045-04-16 05:00:00,YZ,3381.0,SO,IND_BOILER,MW
2045-04-17 06:00:00,YZ,3638.6,SO,IND_BOILER,MW
2045-04-18 07:00:00,YZ,3455.0,SO,IND_BOILER,MW
2045-04-19 08:00:00,YZ,2771.4,SO,IND_BOILER,MW
2045-04-20 09:00:00,YZ,2795.8,SO,IND_BOILER,MW
2045-04-21 10:00:00,YZ,3375.4,SO,IND_BOILER,MW
2045-04-22 11:00:00,YZ,3439.8,SO,IND_BOILER,MW
2045-04-23 12:00:00,YZ,3568.6,SO,IND_BOILER,MW
2045-04-24 13:00:00,YZ,3536.4,SO,IND_BOILER,MW
2045-04-25 14:00:00,YZ,3343.2,SO,IND_BOILER,MW
2045-04-26 15:00:00,YZ,2731.4,SO,IND_BOILER,MW
2045-04-27 16:00:00,YZ,2795.8,SO,IND_BOILER,MW
2045-04-28 17:00:00,YZ,3735.4,SO,IND_BOILER,MW
2045-04-29 18:00:00,YZ,3770.8,SO,IND_BOILER,MW
2045-04-30 19:00:00,YZ,3928.6,SO,IND_BOILER,MW
2045-05-01 20:00:00,YZ,3864.2,SO,IND_BOILER,MW
2045-05-02 21:00:00,YZ,3703.2,SO,IND_BOILER,MW
2045-05-03 22:00:00,YZ,3059.2,SO,IND_BOILER,MW
2045-05-04 23:00:00,YZ,3155.8,SO,IND_BOILER,MW
2045-05-06 00:00:00,YZ,3155.8,SO,IND_BOILER,MW
2045-05-07 01:00:00,YZ,3348.8,SO,IND_BOILER,MW
2045-05-08 02:00:00,YZ,3284.4,SO,IND_BOILER,MW
2045-05-09 03:00:00,YZ,3059.0,SO,IND_BOILER,MW
2045-05-10 04:00:00,YZ,2833.6,SO,IND_BOILER,MW
2045-05-11 05:00:00,YZ,2737.2,SO,IND_BOILER,MW
2045-05-12 06:00:00,YZ,3123.6,SO,IND_BOILER,MW
2045-05-13 07:00:00,YZ,3381.2,SO,IND_BOILER,MW
2045-05-14 08:00:00,YZ,3735.4,SO,IND_BOILER,MW
2045-05-15 09:00:00,YZ,3504.2,SO,IND_BOILER,MW
2045-05-16 10:00:00,YZ,3311.0,SO,IND_BOILER,MW
2045-05-17 11:00:00,YZ,2699.2,SO,IND_BOILER,MW
2045-05-18 12:00:00,YZ,2763.6,SO,IND_BOILER,MW
2045-05-19 13:00:00,YZ,3343.2,SO,IND_BOILER,MW
2045-05-20 14:00:00,YZ,3407.6,SO,IND_BOILER,MW
2045-05-21 15:00:00,YZ,3536.4,SO,IND_BOILER,MW
2045-05-22 16:00:00,YZ,3504.2,SO,IND_BOILER,MW
2045-05-23 17:00:00,YZ,3351.0,SO,IND_BOILER,MW
2045-05-24 18:00:00,YZ,3059.2,SO,IND_BOILER,MW
2045-05-25 19:00:00,YZ,3212.0,SO,IND_BOILER,MW
2045-05-26 20:00:00,YZ,3703.2,SO,IND_BOILER,MW
2045-05-27 21:00:00,YZ,3767.6,SO,IND_BOILER,MW
2045-05-28 22:00:00,YZ,3896.4,SO,IND_BOILER,MW
2045-05-29 23:00:00,YZ,3606.6,SO,IND_BOILER,MW
2045-05-31 00:00:00,YZ,3059.2,SO,IND_BOILER,MW
2045-06-01 01:00:00,YZ,2705.0,SO,IND_BOILER,MW
2045-06-02 02:00:00,YZ,2608.4,SO,IND_BOILER,MW
2045-06-03 03:00:00,YZ,2705.0,SO,IND_BOILER,MW
2045-06-04 04:00:00,YZ,2898.2,SO,IND_BOILER,MW
2045-06-05 05:00:00,YZ,3091.4,SO,IND_BOILER,MW
2045-06-06 06:00:00,YZ,3413.2,SO,IND_BOILER,MW
2045-06-07 07:00:00,YZ,3278.8,SO,IND_BOILER,MW
2045-06-08 08:00:00,YZ,3027.0,SO,IND_BOILER,MW
2045-06-09 09:00:00,YZ,3185.0,SO,IND_BOILER,MW
2045-06-10 10:00:00,YZ,3311.0,SO,IND_BOILER,MW
2045-06-11 11:00:00,YZ,3375.4,SO,IND_BOILER,MW
2045-06-12 12:00:00,YZ,3504.2,SO,IND_BOILER,MW
2045-06-13 13:00:00,YZ,3472.0,SO,IND_BOILER,MW
2045-06-14 14:00:00,YZ,3278.8,SO,IND_BOILER,MW
2045-06-15 15:00:00,YZ,2667.0,SO,IND_BOILER,MW
2045-06-16 16:00:00,YZ,2731.4,SO,IND_BOILER,MW
2045-06-17 17:00:00,YZ,3671.0,SO,IND_BOILER,MW
2045-06-18 18:00:00,YZ,3735.4,SO,IND_BOILER,MW
2045-06-19 19:00:00,YZ,3504.2,SO,IND_BOILER,MW
2045-06-20 20:00:00,YZ,3832.0,SO,IND_BOILER,MW
2045-06-21 21:00:00,YZ,3671.0,SO,IND_BOILER,MW
2045-06-22 22:00:00,YZ,3027.0,SO,IND_BOILER,MW
2045-06-23 23:00:00,YZ,3091.4,SO,IND_BOILER,MW
2045-06-25 00:00:00,YZ,3510.0,SO,IND_BOILER,MW
2045-06-26 01:00:00,YZ,3220.2,SO,IND_BOILER,MW
2045-06-27 02:00:00,YZ,3091.4,SO,IND_BOILER,MW
2045-06-28 03:00:00,YZ,2801.6,SO,IND_BOILER,MW
2045-06-29 04:00:00,YZ,2898.0,SO,IND_BOILER,MW
2045-06-30 05:00:00,YZ,2833.6,SO,IND_BOILER,MW
2045-07-01 06:00:00,YZ,3061.7,SO,IND_BOILER,MW
2045-07-02 07:00:00,YZ,3123.6,SO,IND_BOILER,MW
2045-07-03 08:00:00,YZ,3521.7,SO,IND_BOILER,MW
2045-07-04 09:00:00,YZ,3735.4,SO,IND_BOILER,MW
2045-07-05 10:00:00,YZ,3638.8,SO,IND_BOILER,MW
2045-07-06 11:00:00,YZ,2667.0,SO,IND_BOILER,MW
2045-07-07 12:00:00,YZ,2731.4,SO,IND_BOILER,MW
2045-07-08 13:00:00,YZ,3311.0,SO,IND_BOILER,MW
2045-07-09 14:00:00,YZ,3375.4,SO,IND_BOILER,MW
2045-07-10 15:00:00,YZ,3504.2,SO,IND_BOILER,MW
2045-07-11 16:00:00,YZ,3747.4,SO,IND_BOILER,MW
2045-07-12 17:00:00,YZ,3638.8,SO,IND_BOILER,MW
2045-07-13 18:00:00,YZ,2667.0,SO,IND_BOILER,MW
2045-07-14 19:00:00,YZ,3071.3,SO,IND_BOILER,MW
2045-07-15 20:00:00,YZ,3799.7,SO,IND_BOILER,MW
2045-07-16 21:00:00,YZ,3735.4,SO,IND_BOILER,MW
2045-07-17 22:00:00,YZ,3864.2,SO,IND_BOILER,MW
2045-07-18 23:00:00,YZ,3832.0,SO,IND_BOILER,MW
2045-07-20 00:00:00,YZ,3413.4,SO,IND_BOILER,MW
2045-07-21 01:00:00,YZ,2930.4,SO,IND_BOILER,MW
2045-07-22 02:00:00,YZ,2737.2,SO,IND_BOILER,MW
2045-07-23 03:00:00,YZ,2769.4,SO,IND_BOILER,MW
2045-07-24 04:00:00,YZ,3123.4,SO,IND_BOILER,MW
2045-07-25 05:00:00,YZ,3220.0,SO,IND_BOILER,MW
2045-07-26 06:00:00,YZ,2930.4,SO,IND_BOILER,MW
2045-07-27 07:00:00,YZ,2866.0,SO,IND_BOILER,MW
2045-07-28 08:00:00,YZ,3091.4,SO,IND_BOILER,MW
2045-07-29 09:00:00,YZ,3542.2,SO,IND_BOILER,MW
2045-07-30 10:00:00,YZ,3703.2,SO,IND_BOILER,MW
2045-07-31 11:00:00,YZ,3504.2,SO,IND_BOILER,MW
2045-08-01 12:00:00,YZ,3472.0,SO,IND_BOILER,MW
2045-08-02 13:00:00,YZ,3278.8,SO,IND_BOILER,MW
2045-08-03 14:00:00,YZ,2667.0,SO,IND_BOILER,MW
2045-08-04 15:00:00,YZ,2731.4,SO,IND_BOILER,MW
2045-08-05 16:00:00,YZ,3311.0,SO,IND_BOILER,MW
2045-08-06 17:00:00,YZ,3735.4,SO,IND_BOILER,MW
2045-08-07 18:00:00,YZ,3781.2,SO,IND_BOILER,MW
2045-08-08 19:00:00,YZ,3776.0,SO,IND_BOILER,MW
2045-08-09 20:00:00,YZ,3638.8,SO,IND_BOILER,MW
2045-08-10 21:00:00,YZ,3027.0,SO,IND_BOILER,MW
2045-08-11 22:00:00,YZ,3091.4,SO,IND_BOILER,MW
2045-08-12 23:00:00,YZ,3671.0,SO,IND_BOILER,MW
2045-08-14 00:00:00,YZ,3606.6,SO,IND_BOILER,MW
2045-08-15 01:00:00,YZ,3316.8,SO,IND_BOILER,MW
2045-08-16 02:00:00,YZ,3077.0,SO,IND_BOILER,MW
2045-08-17 03:00:00,YZ,2962.4,SO,IND_BOILER,MW
2045-08-18 04:00:00,YZ,2769.2,SO,IND_BOILER,MW
2045-08-19 05:00:00,YZ,2576.2,SO,IND_BOILER,MW
2045-08-20 06:00:00,YZ,2898.2,SO,IND_BOILER,MW
2045-08-21 07:00:00,YZ,3252.4,SO,IND_BOILER,MW
2045-08-22 08:00:00,YZ,3510.0,SO,IND_BOILER,MW
2045-08-23 09:00:00,YZ,3542.2,SO,IND_BOILER,MW
2045-08-24 10:00:00,YZ,3027.0,SO,IND_BOILER,MW
2045-08-25 11:00:00,YZ,2731.4,SO,IND_BOILER,MW
2045-08-26 12:00:00,YZ,3311.0,SO,IND_BOILER,MW
2045-08-27 13:00:00,YZ,3375.4,SO,IND_BOILER,MW
2045-08-28 14:00:00,YZ,3504.2,SO,IND_BOILER,MW
2045-08-29 15:00:00,YZ,3472.0,SO,IND_BOILER,MW
2045-08-30 16:00:00,YZ,3278.8,SO,IND_BOILER,MW
2045-08-31 17:00:00,YZ,2667.0,SO,IND_BOILER,MW
2045-09-01 18:00:00,YZ,3042.4,SO,IND_BOILER,MW
2045-09-02 19:00:00,YZ,3671.0,SO,IND_BOILER,MW
2045-09-03 20:00:00,YZ,3735.4,SO,IND_BOILER,MW
2045-09-04 21:00:00,YZ,3864.2,SO,IND_BOILER,MW
2045-09-05 22:00:00,YZ,3799.8,SO,IND_BOILER,MW
2045-09-06 23:00:00,YZ,3638.8,SO,IND_BOILER,MW
2045-09-08 00:00:00,YZ,3027.0,SO,IND_BOILER,MW
2045-09-09 01:00:00,YZ,2962.6,SO,IND_BOILER,MW
2045-09-10 02:00:00,YZ,2898.2,SO,IND_BOILER,MW
2045-09-11 03:00:00,YZ,3155.6,SO,IND_BOILER,MW
2045-09-12 04:00:00,YZ,3155.6,SO,IND_BOILER,MW
2045-09-13 05:00:00,YZ,3059.0,SO,IND_BOILER,MW
2045-09-14 06:00:00,YZ,2775.7,SO,IND_BOILER,MW
2045-09-15 07:00:00,YZ,3187.8,SO,IND_BOILER,MW
2045-09-16 08:00:00,YZ,3316.8,SO,IND_BOILER,MW
2045-09-17 09:00:00,YZ,3542.2,SO,IND_BOILER,MW
2045-09-18 10:00:00,YZ,3776.0,SO,IND_BOILER,MW
2045-09-19 11:00:00,YZ,3439.8,SO,IND_BOILER,MW
2045-09-20 12:00:00,YZ,3278.8,SO,IND_BOILER,MW
2045-09-21 13:00:00,YZ,2667.0,SO,IND_BOILER,MW
2045-09-22 14:00:00,YZ,2731.4,SO,IND_BOILER,MW
2045-09-23 15:00:00,YZ,3311.0,SO,IND_BOILER,MW
2045-09-24 16:00:00,YZ,3375.4,SO,IND_BOILER,MW
2045-09-25 17:00:00,YZ,3513.0,SO,IND_BOILER,MW
2045-09-26 18:00:00,YZ,3776.0,SO,IND_BOILER,MW
2045-09-27 19:00:00,YZ,3638.8,SO,IND_BOILER,MW
2045-09-28 20:00:00,YZ,3027.0,SO,IND_BOILER,MW
2045-09-29 21:00:00,YZ,3091.4,SO,IND_BOILER,MW
2045-09-30 22:00:00,YZ,3671.0,SO,IND_BOILER,MW
2045-10-01 23:00:00,YZ,3735.4,SO,IND_BOILER,MW
2045-10-03 00:00:00,YZ,3764.9,SO,IND_BOILER,MW
2045-10-04 01:00:00,YZ,3477.6,SO,IND_BOILER,MW
2045-10-05 02:00:00,YZ,2833.8,SO,IND_BOILER,MW
2045-10-06 03:00:00,YZ,2544.0,SO,IND_BOILER,MW
2045-10-07 04:00:00,YZ,2544.0,SO,IND_BOILER,MW
2045-10-08 05:00:00,YZ,2769.4,SO,IND_BOILER,MW
2045-10-09 06:00:00,YZ,3348.8,SO,IND_BOILER,MW
2045-10-10 07:00:00,YZ,3606.4,SO,IND_BOILER,MW
2045-10-11 08:00:00,YZ,3670.8,SO,IND_BOILER,MW
2045-10-12 09:00:00,YZ,3070.3,SO,IND_BOILER,MW
2045-10-13 10:00:00,YZ,2763.6,SO,IND_BOILER,MW
2045-10-14 11:00:00,YZ,3343.2,SO,IND_BOILER,MW
2045-10-15 12:00:00,YZ,3407.6,SO,IND_BOILER,MW
2045-10-16 13:00:00,YZ,3536.4,SO,IND_BOILER,MW
2045-10-17 14:00:00,YZ,3504.2,SO,IND_BOILER,MW
2045-10-18 15:00:00,YZ,3351.0,SO,IND_BOILER,MW
2045-10-19 16:00:00,YZ,3066.0,SO,IND_BOILER,MW
2045-10-20 17:00:00,YZ,3123.6,SO,IND_BOILER,MW
2045-10-21 18:00:00,YZ,3703.2,SO,IND_BOILER,MW
2045-10-22 19:00:00,YZ,3767.6,SO,IND_BOILER,MW
2045-10-23 20:00:00,YZ,3896.4,SO,IND_BOILER,MW
2045-10-24 21:00:00,YZ,3776.0,SO,IND_BOILER,MW
2045-10-25 22:00:00,YZ,3671.0,SO,IND_BOILER,MW
2045-10-26 23:00:00,YZ,3059.2,SO,IND_BOILER,MW
2045-10-28 00:00:00,YZ,3123.6,SO,IND_BOILER,MW
2045-10-29 01:00:00,YZ,3413.2,SO,IND_BOILER,MW
2045-10-30 02:00:00,YZ,3316.6,SO,IND_BOILER,MW
2045-10-31 03:00:00,YZ,3252.2,SO,IND_BOILER,MW
2045-11-01 04:00:00,YZ,3026.8,SO,IND_BOILER,MW
2045-11-02 05:00:00,YZ,2801.4,SO,IND_BOILER,MW
2045-11-03 06:00:00,YZ,2994.6,SO,IND_BOILER,MW
2045-11-04 07:00:00,YZ,3123.6,SO,IND_BOILER,MW
2045-11-05 08:00:00,YZ,3381.2,SO,IND_BOILER,MW
2045-11-06 09:00:00,YZ,3703.2,SO,IND_BOILER,MW
2045-11-07 10:00:00,YZ,3776.0,SO,IND_BOILER,MW
2045-11-08 11:00:00,YZ,3671.0,SO,IND_BOILER,MW
2045-11-09 12:00:00,YZ,2699.2,SO,IND_BOILER,MW
2045-11-10 13:00:00,YZ,2763.6,SO,IND_BOILER,MW
2045-11-11 14:00:00,YZ,3343.2,SO,IND_BOILER,MW
2045-11-12 15:00:00,YZ,3407.6,SO,IND_BOILER,MW
2045-11-13 16:00:00,YZ,3536.4,SO,IND_BOILER,MW
2045-11-14 17:00:00,YZ,3504.2,SO,IND_BOILER,MW
2045-11-15 18:00:00,YZ,3960.6,SO,IND_BOILER,MW
2045-11-16 19:00:00,YZ,3059.2,SO,IND_BOILER,MW
2045-11-17 20:00:00,YZ,3123.6,SO,IND_BOILER,MW
2045-11-18 21:00:00,YZ,3992.8,SO,IND_BOILER,MW
2045-11-19 22:00:00,YZ,3432.0,SO,IND_BOILER,MW
2045-11-20 23:00:00,YZ,3786.4,SO,IND_BOILER,MW
2045-11-22 00:00:00,YZ,3567.0,SO,IND_BOILER,MW
2045-11-23 01:00:00,YZ,3158.0,SO,IND_BOILER,MW
2045-11-24 02:00:00,YZ,3026.8,SO,IND_BOILER,MW
2045-11-25 03:00:00,YZ,2640.6,SO,IND_BOILER,MW
2045-11-26 04:00:00,YZ,3026.8,SO,IND_BOILER,MW
2045-11-27 05:00:00,YZ,2963.6,SO,IND_BOILER,MW
2045-11-28 06:00:00,YZ,3123.6,SO,IND_BOILER,MW
2045-11-29 07:00:00,YZ,3477.6,SO,IND_BOILER,MW
2045-11-30 08:00:00,YZ,3059.2,SO,IND_BOILER,MW
2045-12-01 09:00:00,YZ,3155.8,SO,IND_BOILER,MW
2045-12-02 10:00:00,YZ,3343.2,SO,IND_BOILER,MW
2045-12-03 11:00:00,YZ,3439.8,SO,IND_BOILER,MW
2045-12-04 12:00:00,YZ,3568.6,SO,IND_BOILER,MW
2045-12-05 13:00:00,YZ,3536.4,SO,IND_BOILER,MW
2045-12-06 14:00:00,YZ,3343.2,SO,IND_BOILER,MW
2045-12-07 15:00:00,YZ,3091.4,SO,IND_BOILER,MW
2045-12-08 16:00:00,YZ,3040.7,SO,IND_BOILER,MW
2045-12-09 17:00:00,YZ,3405.0,SO,IND_BOILER,MW
2045-12-10 18:00:00,YZ,3799.8,SO,IND_BOILER,MW
2045-12-11 19:00:00,YZ,4076.1,SO,IND_BOILER,MW
2045-12-12 20:00:00,YZ,4170.0,SO,IND_BOILER,MW
2045-12-13 21:00:00,YZ,3992.8,SO,IND_BOILER,MW
2045-12-14 22:00:00,YZ,3381.0,SO,IND_BOILER,MW
2045-12-15 23:00:00,YZ,3445.4,SO,IND_BOILER,MW
2045-12-17 00:00:00,YZ,3574.4,SO,IND_BOILER,MW
2045-12-18 01:00:00,YZ,3574.2,SO,IND_BOILER,MW
2045-12-19 02:00:00,YZ,3445.4,SO,IND_BOILER,MW
2045-12-20 03:00:00,YZ,2866.0,SO,IND_BOILER,MW
2045-12-21 04:00:00,YZ,2962.4,SO,IND_BOILER,MW
2045-12-22 05:00:00,YZ,2608.4,SO,IND_BOILER,MW
2045-12-23 06:00:00,YZ,3252.2,SO,IND_BOILER,MW
2045-12-24 07:00:00,YZ,3477.6,SO,IND_BOILER,MW
2045-12-25 08:00:00,YZ,3542.2,SO,IND_BOILER,MW
2045-12-26 09:00:00,YZ,3770.8,SO,IND_BOILER,MW
2045-12-27 10:00:00,YZ,3703.2,SO,IND_BOILER,MW
2045-12-28 11:00:00,YZ,2731.4,SO,IND_BOILER,MW
2045-12-29 12:00:00,YZ,2795.8,SO,IND_BOILER,MW
2045-12-30 13:00:00,YZ,3407.6,SO,IND_BOILER,MW
2045-12-31 14:00:00,YZ,3472.0,SO,IND_BOILER,MW
2046-01-01 15:00:00,YZ,3600.8,SO,IND_BOILER,MW
