snapshot,region,status,value,country,unit
2045-01-01 00:00:00,CE,charging,28.96842105265,XY,MW
2045-01-02 01:00:00,NR,charging,34.400000000030005,XY,MW
2045-01-03 02:00:00,SO,charging,27.157894736870002,XY,MW
2045-01-04 03:00:00,CE,charging,27.6210526316,XY,MW
2045-01-05 04:00:00,NR,charging,32.80000000002,XY,MW
2045-01-06 05:00:00,SO,charging,25.89473684213,XY,MW
2045-01-07 06:00:00,CE,charging,28.294736842120003,XY,MW
2045-01-08 07:00:00,NR,charging,33.60000000003,XY,MW
2045-01-09 08:00:00,SO,charging,26.526315789500003,XY,MW
2045-01-10 09:00:00,CE,charging,30.315789473709998,XY,MW
2045-01-11 10:00:00,NR,charging,36.00000000003,XY,MW
2045-01-12 11:00:00,SO,charging,28.421052631609996,XY,MW
2045-01-13 12:00:00,CE,charging,30.315789473709998,XY,MW
2045-01-14 13:00:00,NR,charging,36.00000000003,XY,MW
2045-01-15 14:00:00,SO,charging,28.421052631609996,XY,MW
2045-01-16 15:00:00,CE,charging,28.96842105265,XY,MW
2045-01-17 16:00:00,NR,charging,34.400000000030005,XY,MW
2045-01-18 17:00:00,SO,charging,27.157894736870002,XY,MW
2045-01-19 18:00:00,CE,charging,29.64210526318,XY,MW
2045-01-20 19:00:00,NR,charging,35.20000000003,XY,MW
2045-01-21 20:00:00,SO,charging,27.78947368424,XY,MW
2045-01-22 21:00:00,CE,charging,17.17894736844,XY,MW
2045-01-23 22:00:00,NR,charging,20.40000000002,XY,MW
2045-01-24 23:00:00,SO,charging,16.10526315792,XY,MW
2045-01-26 00:00:00,CE,charging,16.16842105265,XY,MW
2045-01-27 01:00:00,NR,charging,19.20000000001,XY,MW
2045-01-28 02:00:00,SO,charging,15.15789473686,XY,MW
2045-01-29 03:00:00,CE,charging,15.831578947370001,XY,MW
2045-01-30 04:00:00,NR,charging,18.80000000001,XY,MW
2045-01-31 05:00:00,SO,charging,14.842105263170001,XY,MW
2045-02-01 06:00:00,CE,charging,16.16842105265,XY,MW
2045-02-02 07:00:00,NR,charging,19.20000000001,XY,MW
2045-02-03 08:00:00,SO,charging,15.15789473686,XY,MW
2045-02-04 09:00:00,CE,charging,16.16842105265,XY,MW
2045-02-05 10:00:00,NR,charging,19.20000000001,XY,MW
2045-02-06 11:00:00,SO,charging,15.15789473686,XY,MW
2045-02-07 12:00:00,CE,charging,14.484210526310001,XY,MW
2045-02-08 13:00:00,NR,charging,17.20000000001,XY,MW
2045-02-09 14:00:00,SO,charging,13.57894736843,XY,MW
2045-02-10 15:00:00,CE,charging,15.831578947370001,XY,MW
2045-02-11 16:00:00,NR,charging,18.80000000001,XY,MW
2045-02-12 17:00:00,SO,charging,14.842105263170001,XY,MW
2045-02-13 18:00:00,CE,charging,13.81052631579,XY,MW
2045-02-14 19:00:00,NR,charging,16.40000000001,XY,MW
2045-02-15 20:00:00,SO,charging,12.94736842105,XY,MW
2045-02-16 21:00:00,CE,charging,12.80000000001,XY,MW
2045-02-17 22:00:00,NR,charging,15.20000000001,XY,MW
2045-02-18 23:00:00,SO,charging,12.000000000010001,XY,MW
2045-02-20 00:00:00,CE,charging,10.44210526316,XY,MW
2045-02-21 01:00:00,NR,charging,12.399999999999999,XY,MW
2045-02-22 02:00:00,SO,charging,9.789473684219999,XY,MW
2045-02-23 03:00:00,CE,charging,8.75789473685,XY,MW
2045-02-24 04:00:00,NR,charging,10.40000000001,XY,MW
2045-02-25 05:00:00,SO,charging,8.21052631579,XY,MW
2045-02-26 06:00:00,CE,charging,4.042105263164,XY,MW
2045-02-27 07:00:00,NR,charging,4.8,XY,MW
2045-02-28 08:00:00,SO,charging,3.789473684217,XY,MW
2045-03-01 09:00:00,CE,charging,14.14736842107,XY,MW
2045-03-02 10:00:00,NR,charging,16.80000000001,XY,MW
2045-03-03 11:00:00,SO,charging,13.263157894750002,XY,MW
2045-03-04 12:00:00,CE,charging,13.47368421053,XY,MW
2045-03-05 13:00:00,NR,charging,16.00000000001,XY,MW
2045-03-06 14:00:00,SO,charging,12.631578947380001,XY,MW
2045-03-07 15:00:00,CE,charging,18.86315789475,XY,MW
2045-03-08 16:00:00,NR,charging,22.40000000002,XY,MW
2045-03-09 17:00:00,SO,charging,17.684210526330002,XY,MW
2045-03-10 18:00:00,CE,charging,20.88421052632,XY,MW
2045-03-11 19:00:00,NR,charging,24.80000000002,XY,MW
2045-03-12 20:00:00,SO,charging,19.578947368439998,XY,MW
2045-03-13 21:00:00,CE,charging,22.90526315791,XY,MW
2045-03-14 22:00:00,NR,charging,27.20000000002,XY,MW
2045-03-15 23:00:00,SO,charging,21.47368421054,XY,MW
2045-03-17 00:00:00,CE,charging,24.58947368423,XY,MW
2045-03-18 01:00:00,NR,charging,29.20000000002,XY,MW
2045-03-19 02:00:00,SO,charging,23.05263157897,XY,MW
2045-03-20 03:00:00,CE,charging,24.58947368423,XY,MW
2045-03-21 04:00:00,NR,charging,29.20000000002,XY,MW
2045-03-22 05:00:00,SO,charging,23.05263157897,XY,MW
2045-03-23 06:00:00,CE,charging,27.28421052633,XY,MW
2045-03-24 07:00:00,NR,charging,32.400000000030005,XY,MW
2045-03-25 08:00:00,SO,charging,25.578947368450002,XY,MW
2045-03-26 09:00:00,CE,charging,29.64210526318,XY,MW
2045-03-27 10:00:00,NR,charging,35.20000000003,XY,MW
2045-03-28 11:00:00,SO,charging,27.78947368424,XY,MW
2045-03-29 12:00:00,CE,charging,30.652631578970002,XY,MW
2045-03-30 13:00:00,NR,charging,36.40000000003,XY,MW
2045-03-31 14:00:00,SO,charging,28.736842105290002,XY,MW
2045-04-01 15:00:00,CE,charging,28.63157894738,XY,MW
2045-04-02 16:00:00,NR,charging,34.00000000002,XY,MW
2045-04-03 17:00:00,SO,charging,26.84210526318,XY,MW
2045-04-04 18:00:00,CE,charging,24.25263157896,XY,MW
2045-04-05 19:00:00,NR,charging,28.80000000002,XY,MW
2045-04-06 20:00:00,SO,charging,22.736842105279997,XY,MW
2045-04-07 21:00:00,CE,charging,19.87368421053,XY,MW
2045-04-08 22:00:00,NR,charging,23.60000000001,XY,MW
2045-04-09 23:00:00,SO,charging,18.63157894738,XY,MW
2045-04-11 00:00:00,CE,charging,24.92631578949,XY,MW
2045-04-12 01:00:00,NR,charging,29.60000000002,XY,MW
2045-04-13 02:00:00,SO,charging,23.368421052659997,XY,MW
2045-04-14 03:00:00,CE,charging,27.28421052633,XY,MW
2045-04-15 04:00:00,NR,charging,32.400000000030005,XY,MW
2045-04-16 05:00:00,SO,charging,25.578947368450002,XY,MW
2045-04-17 06:00:00,CE,charging,14.14736842107,XY,MW
2045-04-18 07:00:00,NR,charging,16.80000000001,XY,MW
2045-04-19 08:00:00,SO,charging,13.263157894750002,XY,MW
2045-04-20 09:00:00,CE,charging,15.831578947370001,XY,MW
2045-04-21 10:00:00,NR,charging,18.80000000001,XY,MW
2045-04-22 11:00:00,SO,charging,14.842105263170001,XY,MW
2045-04-23 12:00:00,CE,charging,15.49473684211,XY,MW
2045-04-24 13:00:00,NR,charging,18.40000000001,XY,MW
2045-04-25 14:00:00,SO,charging,14.526315789489999,XY,MW
2045-04-26 15:00:00,CE,charging,13.81052631579,XY,MW
2045-04-27 16:00:00,NR,charging,16.40000000001,XY,MW
2045-04-28 17:00:00,SO,charging,12.94736842105,XY,MW
2045-04-29 18:00:00,CE,charging,6.40000000001,XY,MW
2045-04-30 19:00:00,NR,charging,7.6000000000100005,XY,MW
2045-05-01 20:00:00,SO,charging,6.00000000001,XY,MW
2045-05-02 21:00:00,CE,charging,8.75789473685,XY,MW
2045-05-03 22:00:00,NR,charging,10.40000000001,XY,MW
2045-05-04 23:00:00,SO,charging,8.21052631579,XY,MW
2045-05-06 00:00:00,CE,charging,12.46315789474,XY,MW
2045-05-07 01:00:00,NR,charging,14.80000000001,XY,MW
2045-05-08 02:00:00,SO,charging,11.684210526320001,XY,MW
2045-05-09 03:00:00,CE,charging,10.77894736843,XY,MW
2045-05-10 04:00:00,NR,charging,12.80000000001,XY,MW
2045-05-11 05:00:00,SO,charging,10.10526315791,XY,MW
2045-05-12 06:00:00,CE,charging,9.09473684211,XY,MW
2045-05-13 07:00:00,NR,charging,10.80000000001,XY,MW
2045-05-14 08:00:00,SO,charging,8.52631578949,XY,MW
2045-05-15 09:00:00,CE,charging,10.1052631579,XY,MW
2045-05-16 10:00:00,NR,charging,12.000000000010001,XY,MW
2045-05-17 11:00:00,SO,charging,9.47368421053,XY,MW
2045-05-18 12:00:00,CE,charging,13.47368421053,XY,MW
2045-05-19 13:00:00,NR,charging,16.00000000001,XY,MW
2045-05-20 14:00:00,SO,charging,12.631578947380001,XY,MW
2045-05-21 15:00:00,CE,charging,12.80000000001,XY,MW
2045-05-22 16:00:00,NR,charging,15.20000000001,XY,MW
2045-05-23 17:00:00,SO,charging,12.000000000010001,XY,MW
2045-05-24 18:00:00,CE,charging,19.20000000001,XY,MW
2045-05-25 19:00:00,NR,charging,22.80000000001,XY,MW
2045-05-26 20:00:00,SO,charging,18.00000000001,XY,MW
2045-05-27 21:00:00,CE,charging,21.221052631590002,XY,MW
2045-05-28 22:00:00,NR,charging,25.20000000001,XY,MW
2045-05-29 23:00:00,SO,charging,19.894736842120004,XY,MW
2045-05-31 00:00:00,CE,charging,26.27368421054,XY,MW
2045-06-01 01:00:00,NR,charging,31.20000000002,XY,MW
2045-06-02 02:00:00,SO,charging,24.63157894739,XY,MW
2045-06-03 03:00:00,CE,charging,27.6210526316,XY,MW
2045-06-04 04:00:00,NR,charging,32.80000000002,XY,MW
2045-06-05 05:00:00,SO,charging,25.89473684213,XY,MW
2045-06-06 06:00:00,CE,charging,28.96842105265,XY,MW
2045-06-07 07:00:00,NR,charging,34.400000000030005,XY,MW
2045-06-08 08:00:00,SO,charging,27.157894736870002,XY,MW
2045-06-09 09:00:00,CE,charging,29.64210526318,XY,MW
2045-06-10 10:00:00,NR,charging,35.20000000003,XY,MW
2045-06-11 11:00:00,SO,charging,27.78947368424,XY,MW
2045-06-12 12:00:00,CE,charging,28.294736842120003,XY,MW
2045-06-13 13:00:00,NR,charging,33.60000000003,XY,MW
2045-06-14 14:00:00,SO,charging,26.526315789500003,XY,MW
2045-06-15 15:00:00,CE,charging,29.97894736845,XY,MW
2045-06-16 16:00:00,NR,charging,35.60000000003,XY,MW
2045-06-17 17:00:00,SO,charging,28.10526315793,XY,MW
2045-06-18 18:00:00,CE,charging,22.56842105266,XY,MW
2045-06-19 19:00:00,NR,charging,26.80000000003,XY,MW
2045-06-20 20:00:00,SO,charging,21.15789473687,XY,MW
2045-06-21 21:00:00,CE,charging,18.86315789475,XY,MW
2045-06-22 22:00:00,NR,charging,22.40000000002,XY,MW
2045-06-23 23:00:00,SO,charging,17.684210526330002,XY,MW
2045-06-25 00:00:00,CE,charging,15.831578947370001,XY,MW
2045-06-26 01:00:00,NR,charging,18.80000000001,XY,MW
2045-06-27 02:00:00,SO,charging,14.842105263170001,XY,MW
2045-06-28 03:00:00,CE,charging,15.157894736860001,XY,MW
2045-06-29 04:00:00,NR,charging,18.000000000020002,XY,MW
2045-06-30 05:00:00,SO,charging,14.2105263158,XY,MW
2045-07-01 06:00:00,CE,charging,16.16842105265,XY,MW
2045-07-02 07:00:00,NR,charging,19.20000000001,XY,MW
2045-07-03 08:00:00,SO,charging,15.15789473686,XY,MW
2045-07-04 09:00:00,CE,charging,14.14736842107,XY,MW
2045-07-05 10:00:00,NR,charging,16.80000000001,XY,MW
2045-07-06 11:00:00,SO,charging,13.263157894750002,XY,MW
2045-07-07 12:00:00,CE,charging,16.16842105265,XY,MW
2045-07-08 13:00:00,NR,charging,19.20000000001,XY,MW
2045-07-09 14:00:00,SO,charging,15.15789473686,XY,MW
2045-07-10 15:00:00,CE,charging,14.14736842107,XY,MW
2045-07-11 16:00:00,NR,charging,16.80000000001,XY,MW
2045-07-12 17:00:00,SO,charging,13.263157894750002,XY,MW
2045-07-13 18:00:00,CE,charging,14.14736842107,XY,MW
2045-07-14 19:00:00,NR,charging,16.80000000001,XY,MW
2045-07-15 20:00:00,SO,charging,13.263157894750002,XY,MW
2045-07-16 21:00:00,CE,charging,11.452631578950001,XY,MW
2045-07-17 22:00:00,NR,charging,13.60000000001,XY,MW
2045-07-18 23:00:00,SO,charging,10.73684210527,XY,MW
2045-07-20 00:00:00,CE,charging,8.084210526309999,XY,MW
2045-07-21 01:00:00,NR,charging,9.600000000009999,XY,MW
2045-07-22 02:00:00,SO,charging,7.57894736843,XY,MW
2045-07-23 03:00:00,CE,charging,2.357894736844,XY,MW
2045-07-24 04:00:00,NR,charging,2.800000000002,XY,MW
2045-07-25 05:00:00,SO,charging,2.210526315792,XY,MW
2045-07-26 06:00:00,CE,charging,9.09473684211,XY,MW
2045-07-27 07:00:00,NR,charging,10.80000000001,XY,MW
2045-07-28 08:00:00,SO,charging,8.52631578949,XY,MW
2045-07-29 09:00:00,CE,charging,8.084210526309999,XY,MW
2045-07-30 10:00:00,NR,charging,9.600000000009999,XY,MW
2045-07-31 11:00:00,SO,charging,7.57894736843,XY,MW
2045-08-01 12:00:00,CE,charging,14.82105263159,XY,MW
2045-08-02 13:00:00,NR,charging,17.600000000010002,XY,MW
2045-08-03 14:00:00,SO,charging,13.894736842120002,XY,MW
2045-08-04 15:00:00,CE,charging,17.5157894737,XY,MW
2045-08-05 16:00:00,NR,charging,20.80000000002,XY,MW
2045-08-06 17:00:00,SO,charging,16.42105263159,XY,MW
2045-08-07 18:00:00,CE,charging,19.536842105269997,XY,MW
2045-08-08 19:00:00,NR,charging,23.200000000019998,XY,MW
2045-08-09 20:00:00,SO,charging,18.3157894737,XY,MW
2045-08-10 21:00:00,CE,charging,21.221052631590002,XY,MW
2045-08-11 22:00:00,NR,charging,25.20000000001,XY,MW
2045-08-12 23:00:00,SO,charging,19.894736842120004,XY,MW
2045-08-14 00:00:00,CE,charging,22.23157894738,XY,MW
2045-08-15 01:00:00,NR,charging,26.40000000002,XY,MW
2045-08-16 02:00:00,SO,charging,20.842105263180002,XY,MW
2045-08-17 03:00:00,CE,charging,25.60000000002,XY,MW
2045-08-18 04:00:00,NR,charging,30.40000000002,XY,MW
2045-08-19 05:00:00,SO,charging,24.000000000020002,XY,MW
2045-08-20 06:00:00,CE,charging,28.294736842120003,XY,MW
2045-08-21 07:00:00,NR,charging,33.60000000003,XY,MW
2045-08-22 08:00:00,SO,charging,26.526315789500003,XY,MW
2045-08-23 09:00:00,CE,charging,30.315789473709998,XY,MW
2045-08-24 10:00:00,NR,charging,36.00000000003,XY,MW
2045-08-25 11:00:00,SO,charging,28.421052631609996,XY,MW
2045-08-26 12:00:00,CE,charging,30.315789473709998,XY,MW
2045-08-27 13:00:00,NR,charging,36.00000000003,XY,MW
2045-08-28 14:00:00,SO,charging,28.421052631609996,XY,MW
2045-08-29 15:00:00,CE,charging,28.294736842120003,XY,MW
2045-08-30 16:00:00,NR,charging,33.60000000003,XY,MW
2045-08-31 17:00:00,SO,charging,26.526315789500003,XY,MW
2045-09-01 18:00:00,CE,charging,24.25263157896,XY,MW
2045-09-02 19:00:00,NR,charging,28.80000000002,XY,MW
2045-09-03 20:00:00,SO,charging,22.736842105279997,XY,MW
2045-09-04 21:00:00,CE,charging,24.58947368423,XY,MW
2045-09-05 22:00:00,NR,charging,29.20000000002,XY,MW
2045-09-06 23:00:00,SO,charging,23.05263157897,XY,MW
2045-09-08 00:00:00,CE,charging,27.957894736849997,XY,MW
2045-09-09 01:00:00,NR,charging,33.20000000002,XY,MW
2045-09-10 02:00:00,SO,charging,26.210526315799996,XY,MW
2045-09-11 03:00:00,CE,charging,13.81052631579,XY,MW
2045-09-12 04:00:00,NR,charging,16.40000000001,XY,MW
2045-09-13 05:00:00,SO,charging,12.94736842105,XY,MW
2045-09-14 06:00:00,CE,charging,15.157894736860001,XY,MW
2045-09-15 07:00:00,NR,charging,18.000000000020002,XY,MW
2045-09-16 08:00:00,SO,charging,14.2105263158,XY,MW
2045-09-17 09:00:00,CE,charging,14.484210526310001,XY,MW
2045-09-18 10:00:00,NR,charging,17.20000000001,XY,MW
2045-09-19 11:00:00,SO,charging,13.57894736843,XY,MW
2045-09-20 12:00:00,CE,charging,11.115789473700001,XY,MW
2045-09-21 13:00:00,NR,charging,13.20000000001,XY,MW
2045-09-22 14:00:00,SO,charging,10.421052631590001,XY,MW
2045-09-23 15:00:00,CE,charging,5.72631578949,XY,MW
2045-09-24 16:00:00,NR,charging,6.80000000001,XY,MW
2045-09-25 17:00:00,SO,charging,5.368421052641001,XY,MW
2045-09-26 18:00:00,CE,charging,7.74736842107,XY,MW
2045-09-27 19:00:00,NR,charging,9.20000000001,XY,MW
2045-09-28 20:00:00,SO,charging,7.26315789475,XY,MW
2045-09-29 21:00:00,CE,charging,10.1052631579,XY,MW
2045-09-30 22:00:00,NR,charging,12.000000000010001,XY,MW
2045-10-01 23:00:00,SO,charging,9.47368421053,XY,MW
2045-10-03 00:00:00,CE,charging,1.347368421053,XY,MW
2045-10-04 01:00:00,NR,charging,1.6000000000010002,XY,MW
2045-10-05 02:00:00,SO,charging,1.263157894738,XY,MW
2045-10-06 03:00:00,CE,charging,5.052631578945,XY,MW
2045-10-07 04:00:00,NR,charging,6.0,XY,MW
2045-10-08 05:00:00,SO,charging,4.736842105261999,XY,MW
2045-10-09 06:00:00,CE,charging,6.73684210527,XY,MW
2045-10-10 07:00:00,NR,charging,8.000000000010001,XY,MW
2045-10-11 08:00:00,SO,charging,6.31578947369,XY,MW
2045-10-12 09:00:00,CE,charging,8.084210526309999,XY,MW
2045-10-13 10:00:00,NR,charging,9.600000000009999,XY,MW
2045-10-14 11:00:00,SO,charging,7.57894736843,XY,MW
2045-10-15 12:00:00,CE,charging,8.42105263158,XY,MW
2045-10-16 13:00:00,NR,charging,10.0,XY,MW
2045-10-17 14:00:00,SO,charging,7.8947368420999995,XY,MW
2045-10-18 15:00:00,CE,charging,14.484210526310001,XY,MW
2045-10-19 16:00:00,NR,charging,17.20000000001,XY,MW
2045-10-20 17:00:00,SO,charging,13.57894736843,XY,MW
2045-10-21 18:00:00,CE,charging,14.14736842107,XY,MW
2045-10-22 19:00:00,NR,charging,16.80000000001,XY,MW
2045-10-23 20:00:00,SO,charging,13.263157894750002,XY,MW
2045-10-24 21:00:00,CE,charging,22.90526315791,XY,MW
2045-10-25 22:00:00,NR,charging,27.20000000002,XY,MW
2045-10-26 23:00:00,SO,charging,21.47368421054,XY,MW
2045-10-28 00:00:00,CE,charging,25.26315789475,XY,MW
2045-10-29 01:00:00,NR,charging,30.000000000020002,XY,MW
2045-10-30 02:00:00,SO,charging,23.684210526330002,XY,MW
2045-10-31 03:00:00,CE,charging,26.610526315810002,XY,MW
2045-11-01 04:00:00,NR,charging,31.60000000003,XY,MW
2045-11-02 05:00:00,SO,charging,24.94736842107,XY,MW
2045-11-03 06:00:00,CE,charging,27.957894736849997,XY,MW
2045-11-04 07:00:00,NR,charging,33.20000000002,XY,MW
2045-11-05 08:00:00,SO,charging,26.210526315799996,XY,MW
2045-11-06 09:00:00,CE,charging,27.957894736849997,XY,MW
2045-11-07 10:00:00,NR,charging,33.20000000002,XY,MW
2045-11-08 11:00:00,SO,charging,26.210526315799996,XY,MW
2045-11-09 12:00:00,CE,charging,28.96842105265,XY,MW
2045-11-10 13:00:00,NR,charging,34.400000000030005,XY,MW
2045-11-11 14:00:00,SO,charging,27.157894736870002,XY,MW
2045-11-12 15:00:00,CE,charging,26.610526315810002,XY,MW
2045-11-13 16:00:00,NR,charging,31.60000000003,XY,MW
2045-11-14 17:00:00,SO,charging,24.94736842107,XY,MW
2045-11-15 18:00:00,CE,charging,23.578947368439998,XY,MW
2045-11-16 19:00:00,NR,charging,28.000000000020002,XY,MW
2045-11-17 20:00:00,SO,charging,22.10526315792,XY,MW
2045-11-18 21:00:00,CE,charging,17.85263157896,XY,MW
2045-11-19 22:00:00,NR,charging,21.200000000019998,XY,MW
2045-11-20 23:00:00,SO,charging,16.736842105279997,XY,MW
2045-11-22 00:00:00,CE,charging,14.82105263159,XY,MW
2045-11-23 01:00:00,NR,charging,17.600000000010002,XY,MW
2045-11-24 02:00:00,SO,charging,13.894736842120002,XY,MW
2045-11-25 03:00:00,CE,charging,15.157894736860001,XY,MW
2045-11-26 04:00:00,NR,charging,18.000000000020002,XY,MW
2045-11-27 05:00:00,SO,charging,14.2105263158,XY,MW
2045-11-28 06:00:00,CE,charging,16.505263157900004,XY,MW
2045-11-29 07:00:00,NR,charging,19.600000000010002,XY,MW
2045-11-30 08:00:00,SO,charging,15.473684210530001,XY,MW
2045-12-01 09:00:00,CE,charging,17.5157894737,XY,MW
2045-12-02 10:00:00,NR,charging,20.80000000002,XY,MW
2045-12-03 11:00:00,SO,charging,16.42105263159,XY,MW
2045-12-04 12:00:00,CE,charging,12.80000000001,XY,MW
2045-12-05 13:00:00,NR,charging,15.20000000001,XY,MW
2045-12-06 14:00:00,SO,charging,12.000000000010001,XY,MW
2045-12-07 15:00:00,CE,charging,14.14736842107,XY,MW
2045-12-08 16:00:00,NR,charging,16.80000000001,XY,MW
2045-12-09 17:00:00,SO,charging,13.263157894750002,XY,MW
2045-12-10 18:00:00,CE,charging,12.12631578948,XY,MW
2045-12-11 19:00:00,NR,charging,14.40000000001,XY,MW
2045-12-12 20:00:00,SO,charging,11.36842105265,XY,MW
2045-12-13 21:00:00,CE,charging,9.09473684211,XY,MW
2045-12-14 22:00:00,NR,charging,10.80000000001,XY,MW
2045-12-15 23:00:00,SO,charging,8.52631578949,XY,MW
2045-12-17 00:00:00,CE,charging,1.01052631579,XY,MW
2045-12-18 01:00:00,NR,charging,1.200000000001,XY,MW
2045-12-19 02:00:00,SO,charging,0.947368421053,XY,MW
2045-12-20 03:00:00,CE,charging,7.07368421052,XY,MW
2045-12-21 04:00:00,NR,charging,8.4,XY,MW
2045-12-22 05:00:00,SO,charging,6.63157894737,XY,MW
2045-12-23 06:00:00,CE,charging,7.41052631579,XY,MW
2045-12-24 07:00:00,NR,charging,8.800000000010002,XY,MW
2045-12-25 08:00:00,SO,charging,6.947368421050001,XY,MW
2045-12-26 09:00:00,CE,charging,10.77894736843,XY,MW
2045-12-27 10:00:00,NR,charging,12.80000000001,XY,MW
2045-12-28 11:00:00,SO,charging,10.10526315791,XY,MW
2045-12-29 12:00:00,CE,charging,12.12631578948,XY,MW
2045-12-30 13:00:00,NR,charging,14.40000000001,XY,MW
2045-12-31 14:00:00,SO,charging,11.36842105265,XY,MW
2046-01-01 15:00:00,CE,charging,16.505263157900004,XY,MW
2046-01-02 16:00:00,NR,charging,19.600000000010002,XY,MW
2046-01-03 17:00:00,SO,charging,15.473684210530001,XY,MW
2046-01-04 18:00:00,CE,charging,18.189473684230002,XY,MW
2046-01-05 19:00:00,NR,charging,21.60000000002,XY,MW
2046-01-06 20:00:00,SO,charging,17.05263157897,XY,MW
2046-01-07 21:00:00,CE,charging,18.189473684230002,XY,MW
2046-01-08 22:00:00,NR,charging,21.60000000002,XY,MW
2046-01-09 23:00:00,SO,charging,17.05263157897,XY,MW
2046-01-11 00:00:00,CE,charging,22.23157894738,XY,MW
2046-01-12 01:00:00,NR,charging,26.40000000002,XY,MW
2046-01-13 02:00:00,SO,charging,20.842105263180002,XY,MW
2046-01-14 03:00:00,CE,charging,24.92631578949,XY,MW
2046-01-15 04:00:00,NR,charging,29.60000000002,XY,MW
2046-01-16 05:00:00,SO,charging,23.368421052659997,XY,MW
2046-01-17 06:00:00,CE,charging,28.96842105265,XY,MW
2046-01-18 07:00:00,NR,charging,34.400000000030005,XY,MW
2046-01-19 08:00:00,SO,charging,27.157894736870002,XY,MW
2046-01-20 09:00:00,CE,charging,29.64210526318,XY,MW
2046-01-21 10:00:00,NR,charging,35.20000000003,XY,MW
2046-01-22 11:00:00,SO,charging,27.78947368424,XY,MW
2046-01-23 12:00:00,CE,charging,27.6210526316,XY,MW
2046-01-24 13:00:00,NR,charging,32.80000000002,XY,MW
2046-01-25 14:00:00,SO,charging,25.89473684213,XY,MW
2046-01-26 15:00:00,CE,charging,29.64210526318,XY,MW
2046-01-27 16:00:00,NR,charging,35.20000000003,XY,MW
2046-01-28 17:00:00,SO,charging,27.78947368424,XY,MW
2046-01-29 18:00:00,CE,charging,28.96842105265,XY,MW
2046-01-30 19:00:00,NR,charging,34.400000000030005,XY,MW
2046-01-31 20:00:00,SO,charging,27.157894736870002,XY,MW
2046-02-01 21:00:00,CE,charging,28.63157894738,XY,MW
2046-02-02 22:00:00,NR,charging,34.00000000002,XY,MW
2046-02-03 23:00:00,SO,charging,26.84210526318,XY,MW
2046-02-05 00:00:00,CE,charging,12.80000000001,XY,MW
2046-02-06 01:00:00,NR,charging,15.20000000001,XY,MW
2046-02-07 02:00:00,SO,charging,12.000000000010001,XY,MW
2046-02-08 03:00:00,CE,charging,13.81052631579,XY,MW
2046-02-09 04:00:00,NR,charging,16.40000000001,XY,MW
2046-02-10 05:00:00,SO,charging,12.94736842105,XY,MW
2046-02-11 06:00:00,CE,charging,14.484210526310001,XY,MW
2046-02-12 07:00:00,NR,charging,17.20000000001,XY,MW
2046-02-13 08:00:00,SO,charging,13.57894736843,XY,MW
2046-02-14 09:00:00,CE,charging,14.14736842107,XY,MW
2046-02-15 10:00:00,NR,charging,16.80000000001,XY,MW
2046-02-16 11:00:00,SO,charging,13.263157894750002,XY,MW
2046-02-17 12:00:00,CE,charging,9.768421052639999,XY,MW
2046-02-18 13:00:00,NR,charging,11.6,XY,MW
2046-02-19 14:00:00,SO,charging,9.15789473684,XY,MW
2046-02-20 15:00:00,CE,charging,7.07368421052,XY,MW
2046-02-21 16:00:00,NR,charging,8.4,XY,MW
2046-02-22 17:00:00,SO,charging,6.63157894737,XY,MW
2046-02-23 18:00:00,CE,charging,10.44210526316,XY,MW
2046-02-24 19:00:00,NR,charging,12.399999999999999,XY,MW
2046-02-25 20:00:00,SO,charging,9.789473684219999,XY,MW
2046-02-26 21:00:00,CE,charging,7.41052631579,XY,MW
2046-02-27 22:00:00,NR,charging,8.800000000010002,XY,MW
2046-02-28 23:00:00,SO,charging,6.947368421050001,XY,MW
2046-03-02 00:00:00,CE,charging,7.74736842107,XY,MW
2046-03-03 01:00:00,NR,charging,9.20000000001,XY,MW
2046-03-04 02:00:00,SO,charging,7.26315789475,XY,MW
2046-03-05 03:00:00,CE,charging,7.41052631579,XY,MW
2046-03-06 04:00:00,NR,charging,8.800000000010002,XY,MW
2046-03-07 05:00:00,SO,charging,6.947368421050001,XY,MW
2046-03-08 06:00:00,CE,charging,6.06315789474,XY,MW
2046-03-09 07:00:00,NR,charging,7.20000000001,XY,MW
2046-03-10 08:00:00,SO,charging,5.684210526326,XY,MW
2046-03-11 09:00:00,CE,charging,5.72631578949,XY,MW
2046-03-12 10:00:00,NR,charging,6.80000000001,XY,MW
2046-03-13 11:00:00,SO,charging,5.368421052641001,XY,MW
2046-03-14 12:00:00,CE,charging,14.14736842107,XY,MW
2046-03-15 13:00:00,NR,charging,16.80000000001,XY,MW
2046-03-16 14:00:00,SO,charging,13.263157894750002,XY,MW
2046-03-17 15:00:00,CE,charging,13.13684210528,XY,MW
2046-03-18 16:00:00,NR,charging,15.60000000002,XY,MW
2046-03-19 17:00:00,SO,charging,12.315789473699999,XY,MW
2046-03-20 18:00:00,CE,charging,20.54736842106,XY,MW
2046-03-21 19:00:00,NR,charging,24.40000000001,XY,MW
2046-03-22 20:00:00,SO,charging,19.26315789475,XY,MW
2046-03-23 21:00:00,CE,charging,22.56842105266,XY,MW
2046-03-24 22:00:00,NR,charging,26.80000000003,XY,MW
2046-03-25 23:00:00,SO,charging,21.15789473687,XY,MW
2046-03-27 00:00:00,CE,charging,20.88421052632,XY,MW
2046-03-28 01:00:00,NR,charging,24.80000000002,XY,MW
2046-03-29 02:00:00,SO,charging,19.578947368439998,XY,MW
2046-03-30 03:00:00,CE,charging,26.610526315810002,XY,MW
2046-03-31 04:00:00,NR,charging,31.60000000003,XY,MW
2046-04-01 05:00:00,SO,charging,24.94736842107,XY,MW
2046-04-02 06:00:00,CE,charging,26.27368421054,XY,MW
2046-04-03 07:00:00,NR,charging,31.20000000002,XY,MW
2046-04-04 08:00:00,SO,charging,24.63157894739,XY,MW
2046-04-05 09:00:00,CE,charging,27.28421052633,XY,MW
2046-04-06 10:00:00,NR,charging,32.400000000030005,XY,MW
2046-04-07 11:00:00,SO,charging,25.578947368450002,XY,MW
2046-04-08 12:00:00,CE,charging,27.6210526316,XY,MW
2046-04-09 13:00:00,NR,charging,32.80000000002,XY,MW
2046-04-10 14:00:00,SO,charging,25.89473684213,XY,MW
2046-04-11 15:00:00,CE,charging,28.294736842120003,XY,MW
2046-04-12 16:00:00,NR,charging,33.60000000003,XY,MW
2046-04-13 17:00:00,SO,charging,26.526315789500003,XY,MW
2046-04-14 18:00:00,CE,charging,23.578947368439998,XY,MW
2046-04-15 19:00:00,NR,charging,28.000000000020002,XY,MW
2046-04-16 20:00:00,SO,charging,22.10526315792,XY,MW
2046-04-17 21:00:00,CE,charging,14.82105263159,XY,MW
2046-04-18 22:00:00,NR,charging,17.600000000010002,XY,MW
2046-04-19 23:00:00,SO,charging,13.894736842120002,XY,MW
2046-04-21 00:00:00,CE,charging,18.189473684230002,XY,MW
2046-04-22 01:00:00,NR,charging,21.60000000002,XY,MW
2046-04-23 02:00:00,SO,charging,17.05263157897,XY,MW
2046-04-24 03:00:00,CE,charging,16.505263157900004,XY,MW
2046-04-25 04:00:00,NR,charging,19.600000000010002,XY,MW
2046-04-26 05:00:00,SO,charging,15.473684210530001,XY,MW
2046-04-27 06:00:00,CE,charging,19.536842105269997,XY,MW
2046-04-28 07:00:00,NR,charging,23.200000000019998,XY,MW
2046-04-29 08:00:00,SO,charging,18.3157894737,XY,MW
2046-04-30 09:00:00,CE,charging,20.2105263158,XY,MW
2046-05-01 10:00:00,NR,charging,24.000000000020002,XY,MW
2046-05-02 11:00:00,SO,charging,18.94736842106,XY,MW
2046-05-03 12:00:00,CE,charging,13.13684210528,XY,MW
2046-05-04 13:00:00,NR,charging,15.60000000002,XY,MW
2046-05-05 14:00:00,SO,charging,12.315789473699999,XY,MW
2046-05-06 15:00:00,CE,charging,14.82105263159,XY,MW
2046-05-07 16:00:00,NR,charging,17.600000000010002,XY,MW
2046-05-08 17:00:00,SO,charging,13.894736842120002,XY,MW
2046-05-09 18:00:00,CE,charging,13.47368421053,XY,MW
2046-05-10 19:00:00,NR,charging,16.00000000001,XY,MW
2046-05-11 20:00:00,SO,charging,12.631578947380001,XY,MW
2046-05-12 21:00:00,CE,charging,11.452631578950001,XY,MW
2046-05-13 22:00:00,NR,charging,13.60000000001,XY,MW
2046-05-14 23:00:00,SO,charging,10.73684210527,XY,MW
2046-05-16 00:00:00,CE,charging,3.7052631579,XY,MW
2046-05-17 01:00:00,NR,charging,4.40000000001,XY,MW
2046-05-18 02:00:00,SO,charging,3.4736842105320003,XY,MW
2046-05-19 03:00:00,CE,charging,8.42105263158,XY,MW
2046-05-20 04:00:00,NR,charging,10.0,XY,MW
2046-05-21 05:00:00,SO,charging,7.8947368420999995,XY,MW
2046-05-22 06:00:00,CE,charging,6.06315789474,XY,MW
2046-05-23 07:00:00,NR,charging,7.20000000001,XY,MW
2046-05-24 08:00:00,SO,charging,5.684210526326,XY,MW
2046-05-25 09:00:00,CE,charging,8.084210526309999,XY,MW
2046-05-26 10:00:00,NR,charging,9.600000000009999,XY,MW
2046-05-27 11:00:00,SO,charging,7.57894736843,XY,MW
2046-05-28 12:00:00,CE,charging,10.1052631579,XY,MW
2046-05-29 13:00:00,NR,charging,12.000000000010001,XY,MW
2046-05-30 14:00:00,SO,charging,9.47368421053,XY,MW
2046-05-31 15:00:00,CE,charging,12.80000000001,XY,MW
2046-06-01 16:00:00,NR,charging,15.20000000001,XY,MW
2046-06-02 17:00:00,SO,charging,12.000000000010001,XY,MW
2046-06-03 18:00:00,CE,charging,14.14736842107,XY,MW
2046-06-04 19:00:00,NR,charging,16.80000000001,XY,MW
2046-06-05 20:00:00,SO,charging,13.263157894750002,XY,MW
2046-06-06 21:00:00,CE,charging,14.484210526310001,XY,MW
2046-06-07 22:00:00,NR,charging,17.20000000001,XY,MW
2046-06-08 23:00:00,SO,charging,13.57894736843,XY,MW
2046-06-10 00:00:00,CE,charging,21.221052631590002,XY,MW
2046-06-11 01:00:00,NR,charging,25.20000000001,XY,MW
2046-06-12 02:00:00,SO,charging,19.894736842120004,XY,MW
2046-06-13 03:00:00,CE,charging,21.55789473686,XY,MW
2046-06-14 04:00:00,NR,charging,25.60000000002,XY,MW
2046-06-15 05:00:00,SO,charging,20.2105263158,XY,MW
2046-06-16 06:00:00,CE,charging,27.28421052633,XY,MW
2046-06-17 07:00:00,NR,charging,32.400000000030005,XY,MW
2046-06-18 08:00:00,SO,charging,25.578947368450002,XY,MW
2046-06-19 09:00:00,CE,charging,28.63157894738,XY,MW
2046-06-20 10:00:00,NR,charging,34.00000000002,XY,MW
2046-06-21 11:00:00,SO,charging,26.84210526318,XY,MW
2046-06-22 12:00:00,CE,charging,29.64210526318,XY,MW
2046-06-23 13:00:00,NR,charging,35.20000000003,XY,MW
2046-06-24 14:00:00,SO,charging,27.78947368424,XY,MW
2046-06-25 15:00:00,CE,charging,29.305263157909998,XY,MW
2046-06-26 16:00:00,NR,charging,34.80000000002,XY,MW
2046-06-27 17:00:00,SO,charging,27.47368421054,XY,MW
2046-06-28 18:00:00,CE,charging,26.94736842107,XY,MW
2046-06-29 19:00:00,NR,charging,32.00000000002,XY,MW
2046-06-30 20:00:00,SO,charging,25.26315789476,XY,MW
2046-07-01 21:00:00,CE,charging,27.957894736849997,XY,MW
2046-07-02 22:00:00,NR,charging,33.20000000002,XY,MW
2046-07-03 23:00:00,SO,charging,26.210526315799996,XY,MW
2046-07-05 00:00:00,CE,charging,16.505263157900004,XY,MW
2046-07-06 01:00:00,NR,charging,19.600000000010002,XY,MW
2046-07-07 02:00:00,SO,charging,15.473684210530001,XY,MW
2046-07-08 03:00:00,CE,charging,16.16842105265,XY,MW
2046-07-09 04:00:00,NR,charging,19.20000000001,XY,MW
2046-07-10 05:00:00,SO,charging,15.15789473686,XY,MW
2046-07-11 06:00:00,CE,charging,15.157894736860001,XY,MW
2046-07-12 07:00:00,NR,charging,18.000000000020002,XY,MW
2046-07-13 08:00:00,SO,charging,14.2105263158,XY,MW
2046-07-14 09:00:00,CE,charging,14.484210526310001,XY,MW
2046-07-15 10:00:00,NR,charging,17.20000000001,XY,MW
2046-07-16 11:00:00,SO,charging,13.57894736843,XY,MW
2046-07-17 12:00:00,CE,charging,13.13684210528,XY,MW
2046-07-18 13:00:00,NR,charging,15.60000000002,XY,MW
2046-07-19 14:00:00,SO,charging,12.315789473699999,XY,MW
2046-07-20 15:00:00,CE,charging,9.43157894737,XY,MW
2046-07-21 16:00:00,NR,charging,11.20000000001,XY,MW
2046-07-22 17:00:00,SO,charging,8.842105263170001,XY,MW
2046-07-23 18:00:00,CE,charging,9.43157894737,XY,MW
2046-07-24 19:00:00,NR,charging,11.20000000001,XY,MW
2046-07-25 20:00:00,SO,charging,8.842105263170001,XY,MW
2046-07-26 21:00:00,CE,charging,11.789473684219999,XY,MW
2046-07-27 22:00:00,NR,charging,14.000000000010001,XY,MW
2046-07-28 23:00:00,SO,charging,11.05263157896,XY,MW
2046-07-30 00:00:00,CE,charging,11.115789473700001,XY,MW
2046-07-31 01:00:00,NR,charging,13.20000000001,XY,MW
2046-08-01 02:00:00,SO,charging,10.421052631590001,XY,MW
2046-08-02 03:00:00,CE,charging,8.42105263158,XY,MW
2046-08-03 04:00:00,NR,charging,10.0,XY,MW
2046-08-04 05:00:00,SO,charging,7.8947368420999995,XY,MW
2046-08-05 06:00:00,CE,charging,5.72631578949,XY,MW
2046-08-06 07:00:00,NR,charging,6.80000000001,XY,MW
2046-08-07 08:00:00,SO,charging,5.368421052641001,XY,MW
2046-08-08 09:00:00,CE,charging,2.694736842107,XY,MW
2046-08-09 10:00:00,NR,charging,3.2000000000020004,XY,MW
2046-08-10 11:00:00,SO,charging,2.526315789476,XY,MW
2046-08-11 12:00:00,CE,charging,10.77894736843,XY,MW
2046-08-12 13:00:00,NR,charging,12.80000000001,XY,MW
2046-08-13 14:00:00,SO,charging,10.10526315791,XY,MW
2046-08-14 15:00:00,CE,charging,9.09473684211,XY,MW
2046-08-15 16:00:00,NR,charging,10.80000000001,XY,MW
2046-08-16 17:00:00,SO,charging,8.52631578949,XY,MW
2046-08-17 18:00:00,CE,charging,16.842105263169998,XY,MW
2046-08-18 19:00:00,NR,charging,20.00000000001,XY,MW
2046-08-19 20:00:00,SO,charging,15.78947368423,XY,MW
2046-08-20 21:00:00,CE,charging,19.20000000001,XY,MW
2046-08-21 22:00:00,NR,charging,22.80000000001,XY,MW
2046-08-22 23:00:00,SO,charging,18.00000000001,XY,MW
2046-08-24 00:00:00,CE,charging,21.221052631590002,XY,MW
2046-08-25 01:00:00,NR,charging,25.20000000001,XY,MW
2046-08-26 02:00:00,SO,charging,19.894736842120004,XY,MW
2046-08-27 03:00:00,CE,charging,22.56842105266,XY,MW
2046-08-28 04:00:00,NR,charging,26.80000000003,XY,MW
2046-08-29 05:00:00,SO,charging,21.15789473687,XY,MW
2046-08-30 06:00:00,CE,charging,21.55789473686,XY,MW
2046-08-31 07:00:00,NR,charging,25.60000000002,XY,MW
2046-09-01 08:00:00,SO,charging,20.2105263158,XY,MW
2046-09-02 09:00:00,CE,charging,24.92631578949,XY,MW
2046-09-03 10:00:00,NR,charging,29.60000000002,XY,MW
2046-09-04 11:00:00,SO,charging,23.368421052659997,XY,MW
2046-09-05 12:00:00,CE,charging,26.94736842107,XY,MW
2046-09-06 13:00:00,NR,charging,32.00000000002,XY,MW
2046-09-07 14:00:00,SO,charging,25.26315789476,XY,MW
2046-09-08 15:00:00,CE,charging,29.64210526318,XY,MW
2046-09-09 16:00:00,NR,charging,35.20000000003,XY,MW
2046-09-10 17:00:00,SO,charging,27.78947368424,XY,MW
2046-09-11 18:00:00,CE,charging,27.957894736849997,XY,MW
2046-09-12 19:00:00,NR,charging,33.20000000002,XY,MW
2046-09-13 20:00:00,SO,charging,26.210526315799996,XY,MW
2046-09-14 21:00:00,CE,charging,23.578947368439998,XY,MW
2046-09-15 22:00:00,NR,charging,28.000000000020002,XY,MW
2046-09-16 23:00:00,SO,charging,22.10526315792,XY,MW
2046-09-18 00:00:00,CE,charging,19.536842105269997,XY,MW
2046-09-19 01:00:00,NR,charging,23.200000000019998,XY,MW
2046-09-20 02:00:00,SO,charging,18.3157894737,XY,MW
2046-09-21 03:00:00,CE,charging,20.54736842106,XY,MW
2046-09-22 04:00:00,NR,charging,24.40000000001,XY,MW
2046-09-23 05:00:00,SO,charging,19.26315789475,XY,MW
2046-09-24 06:00:00,CE,charging,21.55789473686,XY,MW
2046-09-25 07:00:00,NR,charging,25.60000000002,XY,MW
2046-09-26 08:00:00,SO,charging,20.2105263158,XY,MW
2046-09-27 09:00:00,CE,charging,12.80000000001,XY,MW
2046-09-28 10:00:00,NR,charging,15.20000000001,XY,MW
2046-09-29 11:00:00,SO,charging,12.000000000010001,XY,MW
2046-09-30 12:00:00,CE,charging,14.14736842107,XY,MW
2046-10-01 13:00:00,NR,charging,16.80000000001,XY,MW
2046-10-02 14:00:00,SO,charging,13.263157894750002,XY,MW
2046-10-03 15:00:00,CE,charging,13.13684210528,XY,MW
2046-10-04 16:00:00,NR,charging,15.60000000002,XY,MW
2046-10-05 17:00:00,SO,charging,12.315789473699999,XY,MW
2046-10-06 18:00:00,CE,charging,12.12631578948,XY,MW
2046-10-07 19:00:00,NR,charging,14.40000000001,XY,MW
2046-10-08 20:00:00,SO,charging,11.36842105265,XY,MW
2046-10-09 21:00:00,CE,charging,6.06315789474,XY,MW
2046-10-10 22:00:00,NR,charging,7.20000000001,XY,MW
2046-10-11 23:00:00,SO,charging,5.684210526326,XY,MW
2046-10-13 00:00:00,CE,charging,6.40000000001,XY,MW
2046-10-14 01:00:00,NR,charging,7.6000000000100005,XY,MW
2046-10-15 02:00:00,SO,charging,6.00000000001,XY,MW
2046-10-16 03:00:00,CE,charging,4.715789473691,XY,MW
2046-10-17 04:00:00,NR,charging,5.6,XY,MW
2046-10-18 05:00:00,SO,charging,4.421052631587,XY,MW
2046-10-19 06:00:00,CE,charging,7.41052631579,XY,MW
2046-10-20 07:00:00,NR,charging,8.800000000010002,XY,MW
2046-10-21 08:00:00,SO,charging,6.947368421050001,XY,MW
2046-10-22 09:00:00,CE,charging,8.42105263158,XY,MW
2046-10-23 10:00:00,NR,charging,10.0,XY,MW
2046-10-24 11:00:00,SO,charging,7.8947368420999995,XY,MW
2046-10-25 12:00:00,CE,charging,9.768421052639999,XY,MW
2046-10-26 13:00:00,NR,charging,11.6,XY,MW
2046-10-27 14:00:00,SO,charging,9.15789473684,XY,MW
2046-10-28 15:00:00,CE,charging,11.115789473700001,XY,MW
2046-10-29 16:00:00,NR,charging,13.20000000001,XY,MW
2046-10-30 17:00:00,SO,charging,10.421052631590001,XY,MW
2046-10-31 18:00:00,CE,charging,9.768421052639999,XY,MW
2046-11-01 19:00:00,NR,charging,11.6,XY,MW
2046-11-02 20:00:00,SO,charging,9.15789473684,XY,MW
2046-11-03 21:00:00,CE,charging,16.16842105265,XY,MW
2046-11-04 22:00:00,NR,charging,19.20000000001,XY,MW
2046-11-05 23:00:00,SO,charging,15.15789473686,XY,MW
2046-11-07 00:00:00,CE,charging,16.842105263169998,XY,MW
2046-11-08 01:00:00,NR,charging,20.00000000001,XY,MW
2046-11-09 02:00:00,SO,charging,15.78947368423,XY,MW
2046-11-10 03:00:00,CE,charging,24.58947368423,XY,MW
2046-11-11 04:00:00,NR,charging,29.20000000002,XY,MW
2046-11-12 05:00:00,SO,charging,23.05263157897,XY,MW
2046-11-13 06:00:00,CE,charging,26.27368421054,XY,MW
2046-11-14 07:00:00,NR,charging,31.20000000002,XY,MW
2046-11-15 08:00:00,SO,charging,24.63157894739,XY,MW
2046-11-16 09:00:00,CE,charging,27.957894736849997,XY,MW
2046-11-17 10:00:00,NR,charging,33.20000000002,XY,MW
2046-11-18 11:00:00,SO,charging,26.210526315799996,XY,MW
2046-11-19 12:00:00,CE,charging,28.63157894738,XY,MW
2046-11-20 13:00:00,NR,charging,34.00000000002,XY,MW
2046-11-21 14:00:00,SO,charging,26.84210526318,XY,MW
2046-11-22 15:00:00,CE,charging,27.28421052633,XY,MW
2046-11-23 16:00:00,NR,charging,32.400000000030005,XY,MW
2046-11-24 17:00:00,SO,charging,25.578947368450002,XY,MW
2046-11-25 18:00:00,CE,charging,27.957894736849997,XY,MW
2046-11-26 19:00:00,NR,charging,33.20000000002,XY,MW
2046-11-27 20:00:00,SO,charging,26.210526315799996,XY,MW
2046-11-28 21:00:00,CE,charging,21.55789473686,XY,MW
2046-11-29 22:00:00,NR,charging,25.60000000002,XY,MW
2046-11-30 23:00:00,SO,charging,20.2105263158,XY,MW
2046-12-02 00:00:00,CE,charging,18.52631578949,XY,MW
2046-12-03 01:00:00,NR,charging,22.000000000020002,XY,MW
2046-12-04 02:00:00,SO,charging,17.368421052659997,XY,MW
2046-12-05 03:00:00,CE,charging,15.831578947370001,XY,MW
2046-12-06 04:00:00,NR,charging,18.80000000001,XY,MW
2046-12-07 05:00:00,SO,charging,14.842105263170001,XY,MW
2046-12-08 06:00:00,CE,charging,14.484210526310001,XY,MW
2046-12-09 07:00:00,NR,charging,17.20000000001,XY,MW
2046-12-10 08:00:00,SO,charging,13.57894736843,XY,MW
2046-12-11 09:00:00,CE,charging,14.14736842107,XY,MW
2046-12-12 10:00:00,NR,charging,16.80000000001,XY,MW
2046-12-13 11:00:00,SO,charging,13.263157894750002,XY,MW
2046-12-14 12:00:00,CE,charging,11.115789473700001,XY,MW
2046-12-15 13:00:00,NR,charging,13.20000000001,XY,MW
2046-12-16 14:00:00,SO,charging,10.421052631590001,XY,MW
2046-12-17 15:00:00,CE,charging,10.77894736843,XY,MW
2046-12-18 16:00:00,NR,charging,12.80000000001,XY,MW
2046-12-19 17:00:00,SO,charging,10.10526315791,XY,MW
2046-12-20 18:00:00,CE,charging,12.12631578948,XY,MW
2046-12-21 19:00:00,NR,charging,14.40000000001,XY,MW
2046-12-22 20:00:00,SO,charging,11.36842105265,XY,MW
2046-12-23 21:00:00,CE,charging,12.46315789474,XY,MW
2046-12-24 22:00:00,NR,charging,14.80000000001,XY,MW
2046-12-25 23:00:00,SO,charging,11.684210526320001,XY,MW
2046-12-27 00:00:00,CE,charging,10.1052631579,XY,MW
2046-12-28 01:00:00,NR,charging,12.000000000010001,XY,MW
2046-12-29 02:00:00,SO,charging,9.47368421053,XY,MW
2046-12-30 03:00:00,CE,charging,6.73684210527,XY,MW
2046-12-31 04:00:00,NR,charging,8.000000000010001,XY,MW
2047-01-01 05:00:00,SO,charging,6.31578947369,XY,MW
2047-01-02 06:00:00,CE,charging,1.347368421053,XY,MW
2047-01-03 07:00:00,NR,charging,1.6000000000010002,XY,MW
2047-01-04 08:00:00,SO,charging,1.263157894738,XY,MW
2047-01-05 09:00:00,CE,charging,7.07368421052,XY,MW
2047-01-06 10:00:00,NR,charging,8.4,XY,MW
2047-01-07 11:00:00,SO,charging,6.63157894737,XY,MW
2047-01-08 12:00:00,CE,charging,4.042105263164,XY,MW
2047-01-09 13:00:00,NR,charging,4.8,XY,MW
2047-01-10 14:00:00,SO,charging,3.789473684217,XY,MW
2047-01-11 15:00:00,CE,charging,13.81052631579,XY,MW
2047-01-12 16:00:00,NR,charging,16.40000000001,XY,MW
2047-01-13 17:00:00,SO,charging,12.94736842105,XY,MW
2047-01-14 18:00:00,CE,charging,16.505263157900004,XY,MW
2047-01-15 19:00:00,NR,charging,19.600000000010002,XY,MW
2047-01-16 20:00:00,SO,charging,15.473684210530001,XY,MW
2047-01-17 21:00:00,CE,charging,18.52631578949,XY,MW
2047-01-18 22:00:00,NR,charging,22.000000000020002,XY,MW
2047-01-19 23:00:00,SO,charging,17.368421052659997,XY,MW
2047-01-21 00:00:00,CE,charging,20.2105263158,XY,MW
2047-01-22 01:00:00,NR,charging,24.000000000020002,XY,MW
2047-01-23 02:00:00,SO,charging,18.94736842106,XY,MW
2047-01-24 03:00:00,CE,charging,20.54736842106,XY,MW
2047-01-25 04:00:00,NR,charging,24.40000000001,XY,MW
2047-01-26 05:00:00,SO,charging,19.26315789475,XY,MW
2047-01-27 06:00:00,CE,charging,23.578947368439998,XY,MW
2047-01-28 07:00:00,NR,charging,28.000000000020002,XY,MW
2047-01-29 08:00:00,SO,charging,22.10526315792,XY,MW
2047-01-30 09:00:00,CE,charging,26.27368421054,XY,MW
2047-01-31 10:00:00,NR,charging,31.20000000002,XY,MW
2047-02-01 11:00:00,SO,charging,24.63157894739,XY,MW
2047-02-02 12:00:00,CE,charging,29.97894736845,XY,MW
2047-02-03 13:00:00,NR,charging,35.60000000003,XY,MW
2047-02-04 14:00:00,SO,charging,28.10526315793,XY,MW
2047-02-05 15:00:00,CE,charging,29.97894736845,XY,MW
2047-02-06 16:00:00,NR,charging,35.60000000003,XY,MW
2047-02-07 17:00:00,SO,charging,28.10526315793,XY,MW
2047-02-08 18:00:00,CE,charging,28.294736842120003,XY,MW
2047-02-09 19:00:00,NR,charging,33.60000000003,XY,MW
2047-02-10 20:00:00,SO,charging,26.526315789500003,XY,MW
2047-02-11 21:00:00,CE,charging,23.915789473700002,XY,MW
2047-02-12 22:00:00,NR,charging,28.40000000002,XY,MW
2047-02-13 23:00:00,SO,charging,22.4210526316,XY,MW
2047-02-15 00:00:00,CE,charging,25.93684210528,XY,MW
2047-02-16 01:00:00,NR,charging,30.80000000003,XY,MW
2047-02-17 02:00:00,SO,charging,24.315789473709998,XY,MW
2047-02-18 03:00:00,CE,charging,26.610526315810002,XY,MW
2047-02-19 04:00:00,NR,charging,31.60000000003,XY,MW
2047-02-20 05:00:00,SO,charging,24.94736842107,XY,MW
2047-02-21 06:00:00,CE,charging,12.80000000001,XY,MW
2047-02-22 07:00:00,NR,charging,15.20000000001,XY,MW
2047-02-23 08:00:00,SO,charging,12.000000000010001,XY,MW
2047-02-24 09:00:00,CE,charging,14.484210526310001,XY,MW
2047-02-25 10:00:00,NR,charging,17.20000000001,XY,MW
2047-02-26 11:00:00,SO,charging,13.57894736843,XY,MW
2047-02-27 12:00:00,CE,charging,14.484210526310001,XY,MW
2047-02-28 13:00:00,NR,charging,17.20000000001,XY,MW
2047-03-01 14:00:00,SO,charging,13.57894736843,XY,MW
2047-03-02 15:00:00,CE,charging,13.81052631579,XY,MW
2047-03-03 16:00:00,NR,charging,16.40000000001,XY,MW
2047-03-04 17:00:00,SO,charging,12.94736842105,XY,MW
2047-03-05 18:00:00,CE,charging,8.42105263158,XY,MW
2047-03-06 19:00:00,NR,charging,10.0,XY,MW
2047-03-07 20:00:00,SO,charging,7.8947368420999995,XY,MW
2047-03-08 21:00:00,CE,charging,7.41052631579,XY,MW
2047-03-09 22:00:00,NR,charging,8.800000000010002,XY,MW
2047-03-10 23:00:00,SO,charging,6.947368421050001,XY,MW
2047-03-12 00:00:00,CE,charging,7.07368421052,XY,MW
2047-03-13 01:00:00,NR,charging,8.4,XY,MW
2047-03-14 02:00:00,SO,charging,6.63157894737,XY,MW
2047-03-15 03:00:00,CE,charging,8.42105263158,XY,MW
2047-03-16 04:00:00,NR,charging,10.0,XY,MW
2047-03-17 05:00:00,SO,charging,7.8947368420999995,XY,MW
2047-03-18 06:00:00,CE,charging,6.73684210527,XY,MW
2047-03-19 07:00:00,NR,charging,8.000000000010001,XY,MW
2047-03-20 08:00:00,SO,charging,6.31578947369,XY,MW
2047-03-21 09:00:00,CE,charging,6.40000000001,XY,MW
2047-03-22 10:00:00,NR,charging,7.6000000000100005,XY,MW
2047-03-23 11:00:00,SO,charging,6.00000000001,XY,MW
2047-03-24 12:00:00,CE,charging,7.07368421052,XY,MW
2047-03-25 13:00:00,NR,charging,8.4,XY,MW
2047-03-26 14:00:00,SO,charging,6.63157894737,XY,MW
2047-03-27 15:00:00,CE,charging,6.40000000001,XY,MW
2047-03-28 16:00:00,NR,charging,7.6000000000100005,XY,MW
2047-03-29 17:00:00,SO,charging,6.00000000001,XY,MW
2047-03-30 18:00:00,CE,charging,14.82105263159,XY,MW
2047-03-31 19:00:00,NR,charging,17.600000000010002,XY,MW
2047-04-01 20:00:00,SO,charging,13.894736842120002,XY,MW
2047-04-02 21:00:00,CE,charging,14.484210526310001,XY,MW
2047-04-03 22:00:00,NR,charging,17.20000000001,XY,MW
2047-04-04 23:00:00,SO,charging,13.57894736843,XY,MW
2047-04-06 00:00:00,CE,charging,23.578947368439998,XY,MW
2047-04-07 01:00:00,NR,charging,28.000000000020002,XY,MW
2047-04-08 02:00:00,SO,charging,22.10526315792,XY,MW
2047-04-09 03:00:00,CE,charging,22.90526315791,XY,MW
2047-04-10 04:00:00,NR,charging,27.20000000002,XY,MW
2047-04-11 05:00:00,SO,charging,21.47368421054,XY,MW
2047-04-12 06:00:00,CE,charging,27.28421052633,XY,MW
2047-04-13 07:00:00,NR,charging,32.400000000030005,XY,MW
2047-04-14 08:00:00,SO,charging,25.578947368450002,XY,MW
2047-04-15 09:00:00,CE,charging,28.294736842120003,XY,MW
2047-04-16 10:00:00,NR,charging,33.60000000003,XY,MW
2047-04-17 11:00:00,SO,charging,26.526315789500003,XY,MW
2047-04-18 12:00:00,CE,charging,27.957894736849997,XY,MW
2047-04-19 13:00:00,NR,charging,33.20000000002,XY,MW
2047-04-20 14:00:00,SO,charging,26.210526315799996,XY,MW
2047-04-21 15:00:00,CE,charging,28.63157894738,XY,MW
2047-04-22 16:00:00,NR,charging,34.00000000002,XY,MW
2047-04-23 17:00:00,SO,charging,26.84210526318,XY,MW
2047-04-24 18:00:00,CE,charging,26.27368421054,XY,MW
2047-04-25 19:00:00,NR,charging,31.20000000002,XY,MW
2047-04-26 20:00:00,SO,charging,24.63157894739,XY,MW
2047-04-27 21:00:00,CE,charging,23.915789473700002,XY,MW
2047-04-28 22:00:00,NR,charging,28.40000000002,XY,MW
2047-04-29 23:00:00,SO,charging,22.4210526316,XY,MW
2047-05-01 00:00:00,CE,charging,19.20000000001,XY,MW
2047-05-02 01:00:00,NR,charging,22.80000000001,XY,MW
2047-05-03 02:00:00,SO,charging,18.00000000001,XY,MW
2047-05-04 03:00:00,CE,charging,16.16842105265,XY,MW
2047-05-05 04:00:00,NR,charging,19.20000000001,XY,MW
2047-05-06 05:00:00,SO,charging,15.15789473686,XY,MW
2047-05-07 06:00:00,CE,charging,16.16842105265,XY,MW
2047-05-08 07:00:00,NR,charging,19.20000000001,XY,MW
2047-05-09 08:00:00,SO,charging,15.15789473686,XY,MW
2047-05-10 09:00:00,CE,charging,14.82105263159,XY,MW
2047-05-11 10:00:00,NR,charging,17.600000000010002,XY,MW
2047-05-12 11:00:00,SO,charging,13.894736842120002,XY,MW
2047-05-13 12:00:00,CE,charging,15.157894736860001,XY,MW
2047-05-14 13:00:00,NR,charging,18.000000000020002,XY,MW
2047-05-15 14:00:00,SO,charging,14.2105263158,XY,MW
2047-05-16 15:00:00,CE,charging,12.80000000001,XY,MW
2047-05-17 16:00:00,NR,charging,15.20000000001,XY,MW
2047-05-18 17:00:00,SO,charging,12.000000000010001,XY,MW
2047-05-19 18:00:00,CE,charging,14.14736842107,XY,MW
2047-05-20 19:00:00,NR,charging,16.80000000001,XY,MW
2047-05-21 20:00:00,SO,charging,13.263157894750002,XY,MW
2047-05-22 21:00:00,CE,charging,12.12631578948,XY,MW
2047-05-23 22:00:00,NR,charging,14.40000000001,XY,MW
2047-05-24 23:00:00,SO,charging,11.36842105265,XY,MW
2047-05-26 00:00:00,CE,charging,9.43157894737,XY,MW
2047-05-27 01:00:00,NR,charging,11.20000000001,XY,MW
2047-05-28 02:00:00,SO,charging,8.842105263170001,XY,MW
2047-05-29 03:00:00,CE,charging,2.357894736844,XY,MW
2047-05-30 04:00:00,NR,charging,2.800000000002,XY,MW
2047-05-31 05:00:00,SO,charging,2.210526315792,XY,MW
2047-06-01 06:00:00,CE,charging,7.74736842107,XY,MW
2047-06-02 07:00:00,NR,charging,9.20000000001,XY,MW
2047-06-03 08:00:00,SO,charging,7.26315789475,XY,MW
2047-06-04 09:00:00,CE,charging,3.031578947371,XY,MW
2047-06-05 10:00:00,NR,charging,3.600000000003,XY,MW
2047-06-06 11:00:00,SO,charging,2.8421052631609998,XY,MW
2047-06-07 12:00:00,CE,charging,10.77894736843,XY,MW
2047-06-08 13:00:00,NR,charging,12.80000000001,XY,MW
2047-06-09 14:00:00,SO,charging,10.10526315791,XY,MW
2047-06-10 15:00:00,CE,charging,13.81052631579,XY,MW
2047-06-11 16:00:00,NR,charging,16.40000000001,XY,MW
2047-06-12 17:00:00,SO,charging,12.94736842105,XY,MW
2047-06-13 18:00:00,CE,charging,16.16842105265,XY,MW
2047-06-14 19:00:00,NR,charging,19.20000000001,XY,MW
2047-06-15 20:00:00,SO,charging,15.15789473686,XY,MW
2047-06-16 21:00:00,CE,charging,17.17894736844,XY,MW
2047-06-17 22:00:00,NR,charging,20.40000000002,XY,MW
2047-06-18 23:00:00,SO,charging,16.10526315792,XY,MW
2047-06-20 00:00:00,CE,charging,17.85263157896,XY,MW
2047-06-21 01:00:00,NR,charging,21.200000000019998,XY,MW
2047-06-22 02:00:00,SO,charging,16.736842105279997,XY,MW
2047-06-23 03:00:00,CE,charging,22.56842105266,XY,MW
2047-06-24 04:00:00,NR,charging,26.80000000003,XY,MW
2047-06-25 05:00:00,SO,charging,21.15789473687,XY,MW
2047-06-26 06:00:00,CE,charging,26.27368421054,XY,MW
2047-06-27 07:00:00,NR,charging,31.20000000002,XY,MW
2047-06-28 08:00:00,SO,charging,24.63157894739,XY,MW
2047-06-29 09:00:00,CE,charging,29.305263157909998,XY,MW
2047-06-30 10:00:00,NR,charging,34.80000000002,XY,MW
2047-07-01 11:00:00,SO,charging,27.47368421054,XY,MW
2047-07-02 12:00:00,CE,charging,29.64210526318,XY,MW
2047-07-03 13:00:00,NR,charging,35.20000000003,XY,MW
2047-07-04 14:00:00,SO,charging,27.78947368424,XY,MW
2047-07-05 15:00:00,CE,charging,28.96842105265,XY,MW
2047-07-06 16:00:00,NR,charging,34.400000000030005,XY,MW
2047-07-07 17:00:00,SO,charging,27.157894736870002,XY,MW
2047-07-08 18:00:00,CE,charging,29.305263157909998,XY,MW
2047-07-09 19:00:00,NR,charging,34.80000000002,XY,MW
2047-07-10 20:00:00,SO,charging,27.47368421054,XY,MW
2047-07-11 21:00:00,CE,charging,29.305263157909998,XY,MW
2047-07-12 22:00:00,NR,charging,34.80000000002,XY,MW
2047-07-13 23:00:00,SO,charging,27.47368421054,XY,MW
2047-07-15 00:00:00,CE,charging,29.64210526318,XY,MW
2047-07-16 01:00:00,NR,charging,35.20000000003,XY,MW
2047-07-17 02:00:00,SO,charging,27.78947368424,XY,MW
2047-07-18 03:00:00,CE,charging,13.13684210528,XY,MW
2047-07-19 04:00:00,NR,charging,15.60000000002,XY,MW
2047-07-20 05:00:00,SO,charging,12.315789473699999,XY,MW
2047-07-21 06:00:00,CE,charging,14.484210526310001,XY,MW
2047-07-22 07:00:00,NR,charging,17.20000000001,XY,MW
2047-07-23 08:00:00,SO,charging,13.57894736843,XY,MW
2047-07-24 09:00:00,CE,charging,15.157894736860001,XY,MW
2047-07-25 10:00:00,NR,charging,18.000000000020002,XY,MW
2047-07-26 11:00:00,SO,charging,14.2105263158,XY,MW
2047-07-27 12:00:00,CE,charging,15.157894736860001,XY,MW
2047-07-28 13:00:00,NR,charging,18.000000000020002,XY,MW
2047-07-29 14:00:00,SO,charging,14.2105263158,XY,MW
2047-07-30 15:00:00,CE,charging,12.46315789474,XY,MW
2047-07-31 16:00:00,NR,charging,14.80000000001,XY,MW
2047-08-01 17:00:00,SO,charging,11.684210526320001,XY,MW
2047-08-02 18:00:00,CE,charging,11.789473684219999,XY,MW
2047-08-03 19:00:00,NR,charging,14.000000000010001,XY,MW
2047-08-04 20:00:00,SO,charging,11.05263157896,XY,MW
2047-08-05 21:00:00,CE,charging,11.452631578950001,XY,MW
2047-08-06 22:00:00,NR,charging,13.60000000001,XY,MW
2047-08-07 23:00:00,SO,charging,10.73684210527,XY,MW
2047-08-09 00:00:00,CE,charging,11.115789473700001,XY,MW
2047-08-10 01:00:00,NR,charging,13.20000000001,XY,MW
2047-08-11 02:00:00,SO,charging,10.421052631590001,XY,MW
2047-08-12 03:00:00,CE,charging,9.43157894737,XY,MW
2047-08-13 04:00:00,NR,charging,11.20000000001,XY,MW
2047-08-14 05:00:00,SO,charging,8.842105263170001,XY,MW
2047-08-15 06:00:00,CE,charging,7.07368421052,XY,MW
2047-08-16 07:00:00,NR,charging,8.4,XY,MW
2047-08-17 08:00:00,SO,charging,6.63157894737,XY,MW
2047-08-18 09:00:00,CE,charging,6.06315789474,XY,MW
2047-08-19 10:00:00,NR,charging,7.20000000001,XY,MW
2047-08-20 11:00:00,SO,charging,5.684210526326,XY,MW
2047-08-21 12:00:00,CE,charging,5.38947368422,XY,MW
2047-08-22 13:00:00,NR,charging,6.4,XY,MW
2047-08-23 14:00:00,SO,charging,5.0526315789559995,XY,MW
2047-08-24 15:00:00,CE,charging,15.157894736860001,XY,MW
2047-08-25 16:00:00,NR,charging,18.000000000020002,XY,MW
2047-08-26 17:00:00,SO,charging,14.2105263158,XY,MW
2047-08-27 18:00:00,CE,charging,14.14736842107,XY,MW
2047-08-28 19:00:00,NR,charging,16.80000000001,XY,MW
2047-08-29 20:00:00,SO,charging,13.263157894750002,XY,MW
2047-08-30 21:00:00,CE,charging,21.221052631590002,XY,MW
2047-08-31 22:00:00,NR,charging,25.20000000001,XY,MW
2047-09-01 23:00:00,SO,charging,19.894736842120004,XY,MW
2047-09-03 00:00:00,CE,charging,23.24210526317,XY,MW
2047-09-04 01:00:00,NR,charging,27.60000000002,XY,MW
2047-09-05 02:00:00,SO,charging,21.78947368423,XY,MW
2047-09-06 03:00:00,CE,charging,25.60000000002,XY,MW
2047-09-07 04:00:00,NR,charging,30.40000000002,XY,MW
2047-09-08 05:00:00,SO,charging,24.000000000020002,XY,MW
2047-09-09 06:00:00,CE,charging,26.610526315810002,XY,MW
2047-09-10 07:00:00,NR,charging,31.60000000003,XY,MW
2047-09-11 08:00:00,SO,charging,24.94736842107,XY,MW
2047-09-12 09:00:00,CE,charging,26.610526315810002,XY,MW
2047-09-13 10:00:00,NR,charging,31.60000000003,XY,MW
2047-09-14 11:00:00,SO,charging,24.94736842107,XY,MW
2047-09-15 12:00:00,CE,charging,28.63157894738,XY,MW
2047-09-16 13:00:00,NR,charging,34.00000000002,XY,MW
2047-09-17 14:00:00,SO,charging,26.84210526318,XY,MW
2047-09-18 15:00:00,CE,charging,29.64210526318,XY,MW
2047-09-19 16:00:00,NR,charging,35.20000000003,XY,MW
2047-09-20 17:00:00,SO,charging,27.78947368424,XY,MW
2047-09-21 18:00:00,CE,charging,28.63157894738,XY,MW
2047-09-22 19:00:00,NR,charging,34.00000000002,XY,MW
2047-09-23 20:00:00,SO,charging,26.84210526318,XY,MW
2047-09-24 21:00:00,CE,charging,23.915789473700002,XY,MW
2047-09-25 22:00:00,NR,charging,28.40000000002,XY,MW
2047-09-26 23:00:00,SO,charging,22.4210526316,XY,MW
2047-09-28 00:00:00,CE,charging,18.86315789475,XY,MW
2047-09-29 01:00:00,NR,charging,22.40000000002,XY,MW
2047-09-30 02:00:00,SO,charging,17.684210526330002,XY,MW
2047-10-01 03:00:00,CE,charging,17.17894736844,XY,MW
2047-10-02 04:00:00,NR,charging,20.40000000002,XY,MW
2047-10-03 05:00:00,SO,charging,16.10526315792,XY,MW
2047-10-04 06:00:00,CE,charging,21.55789473686,XY,MW
2047-10-05 07:00:00,NR,charging,25.60000000002,XY,MW
2047-10-06 08:00:00,SO,charging,20.2105263158,XY,MW
2047-10-07 09:00:00,CE,charging,23.915789473700002,XY,MW
2047-10-08 10:00:00,NR,charging,28.40000000002,XY,MW
2047-10-09 11:00:00,SO,charging,22.4210526316,XY,MW
2047-10-10 12:00:00,CE,charging,13.47368421053,XY,MW
2047-10-11 13:00:00,NR,charging,16.00000000001,XY,MW
2047-10-12 14:00:00,SO,charging,12.631578947380001,XY,MW
2047-10-13 15:00:00,CE,charging,15.157894736860001,XY,MW
2047-10-14 16:00:00,NR,charging,18.000000000020002,XY,MW
2047-10-15 17:00:00,SO,charging,14.2105263158,XY,MW
2047-10-16 18:00:00,CE,charging,14.14736842107,XY,MW
2047-10-17 19:00:00,NR,charging,16.80000000001,XY,MW
2047-10-18 20:00:00,SO,charging,13.263157894750002,XY,MW
2047-10-19 21:00:00,CE,charging,12.12631578948,XY,MW
2047-10-20 22:00:00,NR,charging,14.40000000001,XY,MW
2047-10-21 23:00:00,SO,charging,11.36842105265,XY,MW
2047-10-23 00:00:00,CE,charging,4.378947368427,XY,MW
2047-10-24 01:00:00,NR,charging,5.20000000001,XY,MW
2047-10-25 02:00:00,SO,charging,4.105263157902,XY,MW
2047-10-26 03:00:00,CE,charging,9.768421052639999,XY,MW
2047-10-27 04:00:00,NR,charging,11.6,XY,MW
2047-10-28 05:00:00,SO,charging,9.15789473684,XY,MW
2047-10-29 06:00:00,CE,charging,7.07368421052,XY,MW
2047-10-30 07:00:00,NR,charging,8.4,XY,MW
2047-10-31 08:00:00,SO,charging,6.63157894737,XY,MW
2047-11-01 09:00:00,CE,charging,8.42105263158,XY,MW
2047-11-02 10:00:00,NR,charging,10.0,XY,MW
2047-11-03 11:00:00,SO,charging,7.8947368420999995,XY,MW
2047-11-04 12:00:00,CE,charging,11.115789473700001,XY,MW
2047-11-05 13:00:00,NR,charging,13.20000000001,XY,MW
2047-11-06 14:00:00,SO,charging,10.421052631590001,XY,MW
2047-11-07 15:00:00,CE,charging,13.81052631579,XY,MW
2047-11-08 16:00:00,NR,charging,16.40000000001,XY,MW
2047-11-09 17:00:00,SO,charging,12.94736842105,XY,MW
2047-11-10 18:00:00,CE,charging,15.49473684211,XY,MW
2047-11-11 19:00:00,NR,charging,18.40000000001,XY,MW
2047-11-12 20:00:00,SO,charging,14.526315789489999,XY,MW
2047-11-13 21:00:00,CE,charging,16.505263157900004,XY,MW
2047-11-14 22:00:00,NR,charging,19.600000000010002,XY,MW
2047-11-15 23:00:00,SO,charging,15.473684210530001,XY,MW
2047-11-17 00:00:00,CE,charging,20.88421052632,XY,MW
2047-11-18 01:00:00,NR,charging,24.80000000002,XY,MW
2047-11-19 02:00:00,SO,charging,19.578947368439998,XY,MW
2047-11-20 03:00:00,CE,charging,25.26315789475,XY,MW
2047-11-21 04:00:00,NR,charging,30.000000000020002,XY,MW
2047-11-22 05:00:00,SO,charging,23.684210526330002,XY,MW
2047-11-23 06:00:00,CE,charging,27.957894736849997,XY,MW
2047-11-24 07:00:00,NR,charging,33.20000000002,XY,MW
2047-11-25 08:00:00,SO,charging,26.210526315799996,XY,MW
2047-11-26 09:00:00,CE,charging,28.63157894738,XY,MW
2047-11-27 10:00:00,NR,charging,34.00000000002,XY,MW
2047-11-28 11:00:00,SO,charging,26.84210526318,XY,MW
2047-11-29 12:00:00,CE,charging,28.96842105265,XY,MW
2047-11-30 13:00:00,NR,charging,34.400000000030005,XY,MW
2047-12-01 14:00:00,SO,charging,27.157894736870002,XY,MW
2047-12-02 15:00:00,CE,charging,28.63157894738,XY,MW
2047-12-03 16:00:00,NR,charging,34.00000000002,XY,MW
2047-12-04 17:00:00,SO,charging,26.84210526318,XY,MW
2047-12-05 18:00:00,CE,charging,26.27368421054,XY,MW
2047-12-06 19:00:00,NR,charging,31.20000000002,XY,MW
2047-12-07 20:00:00,SO,charging,24.63157894739,XY,MW
2047-12-08 21:00:00,CE,charging,29.305263157909998,XY,MW
2047-12-09 22:00:00,NR,charging,34.80000000002,XY,MW
2047-12-10 23:00:00,SO,charging,27.47368421054,XY,MW
2047-12-12 00:00:00,CE,charging,29.64210526318,XY,MW
2047-12-13 01:00:00,NR,charging,35.20000000003,XY,MW
2047-12-14 02:00:00,SO,charging,27.78947368424,XY,MW
2047-12-15 03:00:00,CE,charging,29.97894736845,XY,MW
2047-12-16 04:00:00,NR,charging,35.60000000003,XY,MW
2047-12-17 05:00:00,SO,charging,28.10526315793,XY,MW
2047-12-18 06:00:00,CE,charging,25.60000000002,XY,MW
2047-12-19 07:00:00,NR,charging,30.40000000002,XY,MW
2047-12-20 08:00:00,SO,charging,24.000000000020002,XY,MW
2047-12-21 09:00:00,CE,charging,17.17894736844,XY,MW
2047-12-22 10:00:00,NR,charging,20.40000000002,XY,MW
2047-12-23 11:00:00,SO,charging,16.10526315792,XY,MW
2047-12-24 12:00:00,CE,charging,14.484210526310001,XY,MW
2047-12-25 13:00:00,NR,charging,17.20000000001,XY,MW
2047-12-26 14:00:00,SO,charging,13.57894736843,XY,MW
2047-12-27 15:00:00,CE,charging,10.44210526316,XY,MW
2047-12-28 16:00:00,NR,charging,12.399999999999999,XY,MW
2047-12-29 17:00:00,SO,charging,9.789473684219999,XY,MW
2047-12-30 18:00:00,CE,charging,12.80000000001,XY,MW
2047-12-31 19:00:00,NR,charging,15.20000000001,XY,MW
2048-01-01 20:00:00,SO,charging,12.000000000010001,XY,MW
2048-01-02 21:00:00,CE,charging,18.86315789475,XY,MW
2048-01-03 22:00:00,NR,charging,22.40000000002,XY,MW
2048-01-04 23:00:00,SO,charging,17.684210526330002,XY,MW
2045-01-01 00:00:00,CE,load,1721.4,XY,MW
2045-01-02 01:00:00,NR,load,834.9300000000001,XY,MW
2045-01-03 02:00:00,SO,load,463.61,XY,MW
2045-01-04 03:00:00,CE,load,1808.0400000000002,XY,MW
2045-01-05 04:00:00,NR,load,879.96,XY,MW
2045-01-06 05:00:00,SO,load,518.52,XY,MW
2045-01-07 06:00:00,CE,load,1953.96,XY,MW
2045-01-08 07:00:00,NR,load,955.8000000000001,XY,MW
2045-01-09 08:00:00,SO,load,611.0,XY,MW
2045-01-10 09:00:00,CE,load,1990.44,XY,MW
2045-01-11 10:00:00,NR,load,974.76,XY,MW
2045-01-12 11:00:00,SO,load,634.12,XY,MW
2045-01-13 12:00:00,CE,load,2026.92,XY,MW
2045-01-14 13:00:00,NR,load,993.72,XY,MW
2045-01-15 14:00:00,SO,load,657.24,XY,MW
2045-01-16 15:00:00,CE,load,1922.0400000000002,XY,MW
2045-01-17 16:00:00,NR,load,939.21,XY,MW
2045-01-18 17:00:00,SO,load,590.77,XY,MW
2045-01-19 18:00:00,CE,load,1767.0000000000002,XY,MW
2045-01-20 19:00:00,NR,load,858.63,XY,MW
2045-01-21 20:00:00,SO,load,492.51000000000005,XY,MW
2045-01-22 21:00:00,CE,load,2350.6800000000003,XY,MW
2045-01-23 22:00:00,NR,load,1161.99,XY,MW
2045-01-24 23:00:00,SO,load,862.4300000000001,XY,MW
2045-01-26 00:00:00,CE,load,2455.5600000000004,XY,MW
2045-01-27 01:00:00,NR,load,1216.5,XY,MW
2045-01-28 02:00:00,SO,load,928.9000000000001,XY,MW
2045-01-29 03:00:00,CE,load,2455.5600000000004,XY,MW
2045-01-30 04:00:00,NR,load,1216.5,XY,MW
2045-01-31 05:00:00,SO,load,928.9000000000001,XY,MW
2045-02-01 06:00:00,CE,load,2446.44,XY,MW
2045-02-02 07:00:00,NR,load,1211.76,XY,MW
2045-02-03 08:00:00,SO,load,923.12,XY,MW
2045-02-04 09:00:00,CE,load,2409.96,XY,MW
2045-02-05 10:00:00,NR,load,1192.8,XY,MW
2045-02-06 11:00:00,SO,load,900.0,XY,MW
2045-02-07 12:00:00,CE,load,2086.2000000000003,XY,MW
2045-02-08 13:00:00,NR,load,1024.53,XY,MW
2045-02-09 14:00:00,SO,load,694.8100000000001,XY,MW
2045-02-10 15:00:00,CE,load,1922.0400000000002,XY,MW
2045-02-11 16:00:00,NR,load,939.21,XY,MW
2045-02-12 17:00:00,SO,load,590.77,XY,MW
2045-02-13 18:00:00,CE,load,2473.8,XY,MW
2045-02-14 19:00:00,NR,load,1225.98,XY,MW
2045-02-15 20:00:00,SO,load,940.46,XY,MW
2045-02-16 21:00:00,CE,load,2565.0,XY,MW
2045-02-17 22:00:00,NR,load,1273.38,XY,MW
2045-02-18 23:00:00,SO,load,998.26,XY,MW
2045-02-20 00:00:00,CE,load,2578.6800000000003,XY,MW
2045-02-21 01:00:00,NR,load,1280.49,XY,MW
2045-02-22 02:00:00,SO,load,1006.9300000000001,XY,MW
2045-02-23 03:00:00,CE,load,2492.04,XY,MW
2045-02-24 04:00:00,NR,load,1235.46,XY,MW
2045-02-25 05:00:00,SO,load,952.02,XY,MW
2045-02-26 06:00:00,CE,load,2364.36,XY,MW
2045-02-27 07:00:00,NR,load,1169.1,XY,MW
2045-02-28 08:00:00,SO,load,871.1,XY,MW
2045-03-01 09:00:00,CE,load,1958.5200000000002,XY,MW
2045-03-02 10:00:00,NR,load,958.1700000000001,XY,MW
2045-03-03 11:00:00,SO,load,613.8900000000001,XY,MW
2045-03-04 12:00:00,CE,load,1858.2,XY,MW
2045-03-05 13:00:00,NR,load,906.03,XY,MW
2045-03-06 14:00:00,SO,load,550.3100000000001,XY,MW
2045-03-07 15:00:00,CE,load,2191.08,XY,MW
2045-03-08 16:00:00,NR,load,1079.04,XY,MW
2045-03-09 17:00:00,SO,load,761.28,XY,MW
2045-03-10 18:00:00,CE,load,2209.32,XY,MW
2045-03-11 19:00:00,NR,load,1088.52,XY,MW
2045-03-12 20:00:00,SO,load,772.84,XY,MW
2045-03-13 21:00:00,CE,load,2163.7200000000003,XY,MW
2045-03-14 22:00:00,NR,load,1064.8200000000002,XY,MW
2045-03-15 23:00:00,SO,load,743.94,XY,MW
2045-03-17 00:00:00,CE,load,2127.2400000000002,XY,MW
2045-03-18 01:00:00,NR,load,1045.8600000000001,XY,MW
2045-03-19 02:00:00,SO,load,720.8199999999999,XY,MW
2045-03-20 03:00:00,CE,load,2022.3600000000001,XY,MW
2045-03-21 04:00:00,NR,load,991.35,XY,MW
2045-03-22 05:00:00,SO,load,654.35,XY,MW
2045-03-23 06:00:00,CE,load,1785.2400000000002,XY,MW
2045-03-24 07:00:00,NR,load,868.11,XY,MW
2045-03-25 08:00:00,SO,load,504.07000000000005,XY,MW
2045-03-26 09:00:00,CE,load,1953.96,XY,MW
2045-03-27 10:00:00,NR,load,955.8000000000001,XY,MW
2045-03-28 11:00:00,SO,load,611.0,XY,MW
2045-03-29 12:00:00,CE,load,2127.2400000000002,XY,MW
2045-03-30 13:00:00,NR,load,1045.8600000000001,XY,MW
2045-03-31 14:00:00,SO,load,720.8199999999999,XY,MW
2045-04-01 15:00:00,CE,load,2291.4,XY,MW
2045-04-02 16:00:00,NR,load,1131.18,XY,MW
2045-04-03 17:00:00,SO,load,824.86,XY,MW
2045-04-04 18:00:00,CE,load,2460.12,XY,MW
2045-04-05 19:00:00,NR,load,1218.87,XY,MW
2045-04-06 20:00:00,SO,load,931.79,XY,MW
2045-04-07 21:00:00,CE,load,2428.2000000000003,XY,MW
2045-04-08 22:00:00,NR,load,1202.2800000000002,XY,MW
2045-04-09 23:00:00,SO,load,911.5600000000001,XY,MW
2045-04-11 00:00:00,CE,load,2049.7200000000003,XY,MW
2045-04-12 01:00:00,NR,load,1005.57,XY,MW
2045-04-13 02:00:00,SO,load,671.69,XY,MW
2045-04-14 03:00:00,CE,load,1817.16,XY,MW
2045-04-15 04:00:00,NR,load,884.7,XY,MW
2045-04-16 05:00:00,SO,load,524.3000000000001,XY,MW
2045-04-17 06:00:00,CE,load,2391.7200000000003,XY,MW
2045-04-18 07:00:00,NR,load,1183.3200000000002,XY,MW
2045-04-19 08:00:00,SO,load,888.44,XY,MW
2045-04-20 09:00:00,CE,load,2473.8,XY,MW
2045-04-21 10:00:00,NR,load,1225.98,XY,MW
2045-04-22 11:00:00,SO,load,940.46,XY,MW
2045-04-23 12:00:00,CE,load,2501.16,XY,MW
2045-04-24 13:00:00,NR,load,1240.2,XY,MW
2045-04-25 14:00:00,SO,load,957.8,XY,MW
2045-04-26 15:00:00,CE,load,2510.28,XY,MW
2045-04-27 16:00:00,NR,load,1244.94,XY,MW
2045-04-28 17:00:00,SO,load,963.5799999999999,XY,MW
2045-04-29 18:00:00,CE,load,2501.16,XY,MW
2045-04-30 19:00:00,NR,load,1240.2,XY,MW
2045-05-01 20:00:00,SO,load,957.8,XY,MW
2045-05-02 21:00:00,CE,load,2063.4,XY,MW
2045-05-03 22:00:00,NR,load,1012.6800000000001,XY,MW
2045-05-04 23:00:00,SO,load,680.36,XY,MW
2045-05-06 00:00:00,CE,load,1908.3600000000001,XY,MW
2045-05-07 01:00:00,NR,load,932.1,XY,MW
2045-05-08 02:00:00,SO,load,582.1,XY,MW
2045-05-09 03:00:00,CE,load,2387.1600000000003,XY,MW
2045-05-10 04:00:00,NR,load,1180.95,XY,MW
2045-05-11 05:00:00,SO,load,885.5500000000001,XY,MW
2045-05-12 06:00:00,CE,load,2423.6400000000003,XY,MW
2045-05-13 07:00:00,NR,load,1199.91,XY,MW
2045-05-14 08:00:00,SO,load,908.6700000000001,XY,MW
2045-05-15 09:00:00,CE,load,2368.92,XY,MW
2045-05-16 10:00:00,NR,load,1171.47,XY,MW
2045-05-17 11:00:00,SO,load,873.99,XY,MW
2045-05-18 12:00:00,CE,load,2268.6000000000004,XY,MW
2045-05-19 13:00:00,NR,load,1119.33,XY,MW
2045-05-20 14:00:00,SO,load,810.4100000000001,XY,MW
2045-05-21 15:00:00,CE,load,2186.52,XY,MW
2045-05-22 16:00:00,NR,load,1076.67,XY,MW
2045-05-23 17:00:00,SO,load,758.3900000000001,XY,MW
2045-05-24 18:00:00,CE,load,1881.0000000000002,XY,MW
2045-05-25 19:00:00,NR,load,917.8800000000001,XY,MW
2045-05-26 20:00:00,SO,load,564.76,XY,MW
2045-05-27 21:00:00,CE,load,1853.64,XY,MW
2045-05-28 22:00:00,NR,load,903.6600000000001,XY,MW
2045-05-29 23:00:00,SO,load,547.4200000000001,XY,MW
2045-05-31 00:00:00,CE,load,2109.0,XY,MW
2045-06-01 01:00:00,NR,load,1036.38,XY,MW
2045-06-02 02:00:00,SO,load,709.26,XY,MW
2045-06-03 03:00:00,CE,load,2118.12,XY,MW
2045-06-04 04:00:00,NR,load,1041.1200000000001,XY,MW
2045-06-05 05:00:00,SO,load,715.04,XY,MW
2045-06-06 06:00:00,CE,load,2090.76,XY,MW
2045-06-07 07:00:00,NR,load,1026.9,XY,MW
2045-06-08 08:00:00,SO,load,697.7,XY,MW
2045-06-09 09:00:00,CE,load,2058.84,XY,MW
2045-06-10 10:00:00,NR,load,1010.3100000000001,XY,MW
2045-06-11 11:00:00,SO,load,677.47,XY,MW
2045-06-12 12:00:00,CE,load,1958.5200000000002,XY,MW
2045-06-13 13:00:00,NR,load,958.1700000000001,XY,MW
2045-06-14 14:00:00,SO,load,613.8900000000001,XY,MW
2045-06-15 15:00:00,CE,load,1767.0000000000002,XY,MW
2045-06-16 16:00:00,NR,load,858.63,XY,MW
2045-06-17 17:00:00,SO,load,492.51000000000005,XY,MW
2045-06-18 18:00:00,CE,load,2346.1200000000003,XY,MW
2045-06-19 19:00:00,NR,load,1159.6200000000001,XY,MW
2045-06-20 20:00:00,SO,load,859.5400000000001,XY,MW
2045-06-21 21:00:00,CE,load,2505.7200000000003,XY,MW
2045-06-22 22:00:00,NR,load,1242.5700000000002,XY,MW
2045-06-23 23:00:00,SO,load,960.69,XY,MW
2045-06-25 00:00:00,CE,load,2496.6000000000004,XY,MW
2045-06-26 01:00:00,NR,load,1237.83,XY,MW
2045-06-27 02:00:00,SO,load,954.9100000000001,XY,MW
2045-06-28 03:00:00,CE,load,2469.2400000000002,XY,MW
2045-06-29 04:00:00,NR,load,1223.6100000000001,XY,MW
2045-06-30 05:00:00,SO,load,937.5699999999999,XY,MW
2045-07-01 06:00:00,CE,load,2400.84,XY,MW
2045-07-02 07:00:00,NR,load,1188.06,XY,MW
2045-07-03 08:00:00,SO,load,894.22,XY,MW
2045-07-04 09:00:00,CE,load,2118.12,XY,MW
2045-07-05 10:00:00,NR,load,1041.1200000000001,XY,MW
2045-07-06 11:00:00,SO,load,715.04,XY,MW
2045-07-07 12:00:00,CE,load,1926.6000000000001,XY,MW
2045-07-08 13:00:00,NR,load,941.58,XY,MW
2045-07-09 14:00:00,SO,load,593.6600000000001,XY,MW
2045-07-10 15:00:00,CE,load,2432.76,XY,MW
2045-07-11 16:00:00,NR,load,1204.65,XY,MW
2045-07-12 17:00:00,SO,load,914.45,XY,MW
2045-07-13 18:00:00,CE,load,2546.76,XY,MW
2045-07-14 19:00:00,NR,load,1263.9,XY,MW
2045-07-15 20:00:00,SO,load,986.7,XY,MW
2045-07-16 21:00:00,CE,load,2596.92,XY,MW
2045-07-17 22:00:00,NR,load,1289.97,XY,MW
2045-07-18 23:00:00,SO,load,1018.49,XY,MW
2045-07-20 00:00:00,CE,load,2592.36,XY,MW
2045-07-21 01:00:00,NR,load,1287.6,XY,MW
2045-07-22 02:00:00,SO,load,1015.5999999999999,XY,MW
2045-07-23 03:00:00,CE,load,2441.88,XY,MW
2045-07-24 04:00:00,NR,load,1209.39,XY,MW
2045-07-25 05:00:00,SO,load,920.23,XY,MW
2045-07-26 06:00:00,CE,load,2036.0400000000002,XY,MW
2045-07-27 07:00:00,NR,load,998.46,XY,MW
2045-07-28 08:00:00,SO,load,663.02,XY,MW
2045-07-29 09:00:00,CE,load,1908.3600000000001,XY,MW
2045-07-30 10:00:00,NR,load,932.1,XY,MW
2045-07-31 11:00:00,SO,load,582.1,XY,MW
2045-08-01 12:00:00,CE,load,2250.36,XY,MW
2045-08-02 13:00:00,NR,load,1109.85,XY,MW
2045-08-03 14:00:00,SO,load,798.85,XY,MW
2045-08-04 15:00:00,CE,load,2250.36,XY,MW
2045-08-05 16:00:00,NR,load,1109.85,XY,MW
2045-08-06 17:00:00,SO,load,798.85,XY,MW
2045-08-07 18:00:00,CE,load,2232.12,XY,MW
2045-08-08 19:00:00,NR,load,1100.3700000000001,XY,MW
2045-08-09 20:00:00,SO,load,787.29,XY,MW
2045-08-10 21:00:00,CE,load,2181.96,XY,MW
2045-08-11 22:00:00,NR,load,1074.3,XY,MW
2045-08-12 23:00:00,SO,load,755.5,XY,MW
2045-08-14 00:00:00,CE,load,2058.84,XY,MW
2045-08-15 01:00:00,NR,load,1010.3100000000001,XY,MW
2045-08-16 02:00:00,SO,load,677.47,XY,MW
2045-08-17 03:00:00,CE,load,1812.6000000000001,XY,MW
2045-08-18 04:00:00,NR,load,882.33,XY,MW
2045-08-19 05:00:00,SO,load,521.4100000000001,XY,MW
2045-08-20 06:00:00,CE,load,1899.2400000000002,XY,MW
2045-08-21 07:00:00,NR,load,927.36,XY,MW
2045-08-22 08:00:00,SO,load,576.32,XY,MW
2045-08-23 09:00:00,CE,load,2081.6400000000003,XY,MW
2045-08-24 10:00:00,NR,load,1022.1600000000001,XY,MW
2045-08-25 11:00:00,SO,load,691.9200000000001,XY,MW
2045-08-26 12:00:00,CE,load,2154.6000000000004,XY,MW
2045-08-27 13:00:00,NR,load,1060.08,XY,MW
2045-08-28 14:00:00,SO,load,738.1600000000001,XY,MW
2045-08-29 15:00:00,CE,load,2332.44,XY,MW
2045-08-30 16:00:00,NR,load,1152.51,XY,MW
2045-08-31 17:00:00,SO,load,850.87,XY,MW
2045-09-01 18:00:00,CE,load,2464.6800000000003,XY,MW
2045-09-02 19:00:00,NR,load,1221.24,XY,MW
2045-09-03 20:00:00,SO,load,934.6800000000001,XY,MW
2045-09-04 21:00:00,CE,load,2109.0,XY,MW
2045-09-05 22:00:00,NR,load,1036.38,XY,MW
2045-09-06 23:00:00,SO,load,709.26,XY,MW
2045-09-08 00:00:00,CE,load,1826.2800000000002,XY,MW
2045-09-09 01:00:00,NR,load,889.44,XY,MW
2045-09-10 02:00:00,SO,load,530.08,XY,MW
2045-09-11 03:00:00,CE,load,2441.88,XY,MW
2045-09-12 04:00:00,NR,load,1209.39,XY,MW
2045-09-13 05:00:00,SO,load,920.23,XY,MW
2045-09-14 06:00:00,CE,load,2519.4,XY,MW
2045-09-15 07:00:00,NR,load,1249.68,XY,MW
2045-09-16 08:00:00,SO,load,969.3600000000001,XY,MW
2045-09-17 09:00:00,CE,load,2542.2000000000003,XY,MW
2045-09-18 10:00:00,NR,load,1261.53,XY,MW
2045-09-19 11:00:00,SO,load,983.81,XY,MW
2045-09-20 12:00:00,CE,load,2523.96,XY,MW
2045-09-21 13:00:00,NR,load,1252.0500000000002,XY,MW
2045-09-22 14:00:00,SO,load,972.25,XY,MW
2045-09-23 15:00:00,CE,load,2004.1200000000001,XY,MW
2045-09-24 16:00:00,NR,load,981.87,XY,MW
2045-09-25 17:00:00,SO,load,642.79,XY,MW
2045-09-26 18:00:00,CE,load,2063.4,XY,MW
2045-09-27 19:00:00,NR,load,1012.6800000000001,XY,MW
2045-09-28 20:00:00,SO,load,680.36,XY,MW
2045-09-29 21:00:00,CE,load,1912.92,XY,MW
2045-09-30 22:00:00,NR,load,934.47,XY,MW
2045-10-01 23:00:00,SO,load,584.99,XY,MW
2045-10-03 00:00:00,CE,load,2008.68,XY,MW
2045-10-04 01:00:00,NR,load,984.24,XY,MW
2045-10-05 02:00:00,SO,load,645.6800000000001,XY,MW
2045-10-06 03:00:00,CE,load,2478.36,XY,MW
2045-10-07 04:00:00,NR,load,1228.3500000000001,XY,MW
2045-10-08 05:00:00,SO,load,943.3500000000001,XY,MW
2045-10-09 06:00:00,CE,load,2492.04,XY,MW
2045-10-10 07:00:00,NR,load,1235.46,XY,MW
2045-10-11 08:00:00,SO,load,952.02,XY,MW
2045-10-12 09:00:00,CE,load,2405.4,XY,MW
2045-10-13 10:00:00,NR,load,1190.43,XY,MW
2045-10-14 11:00:00,SO,load,897.11,XY,MW
2045-10-15 12:00:00,CE,load,2282.28,XY,MW
2045-10-16 13:00:00,NR,load,1126.44,XY,MW
2045-10-17 14:00:00,SO,load,819.0799999999999,XY,MW
2045-10-18 15:00:00,CE,load,1953.96,XY,MW
2045-10-19 16:00:00,NR,load,955.8000000000001,XY,MW
2045-10-20 17:00:00,SO,load,611.0,XY,MW
2045-10-21 18:00:00,CE,load,1881.0000000000002,XY,MW
2045-10-22 19:00:00,NR,load,917.8800000000001,XY,MW
2045-10-23 20:00:00,SO,load,564.76,XY,MW
2045-10-24 21:00:00,CE,load,2154.6000000000004,XY,MW
2045-10-25 22:00:00,NR,load,1060.08,XY,MW
2045-10-26 23:00:00,SO,load,738.1600000000001,XY,MW
2045-10-28 00:00:00,CE,load,2154.6000000000004,XY,MW
2045-10-29 01:00:00,NR,load,1060.08,XY,MW
2045-10-30 02:00:00,SO,load,738.1600000000001,XY,MW
2045-10-31 03:00:00,CE,load,2136.36,XY,MW
2045-11-01 04:00:00,NR,load,1050.6000000000001,XY,MW
2045-11-02 05:00:00,SO,load,726.6,XY,MW
2045-11-03 06:00:00,CE,load,2095.32,XY,MW
2045-11-04 07:00:00,NR,load,1029.27,XY,MW
2045-11-05 08:00:00,SO,load,700.59,XY,MW
2045-11-06 09:00:00,CE,load,1972.2000000000003,XY,MW
2045-11-07 10:00:00,NR,load,965.2800000000001,XY,MW
2045-11-08 11:00:00,SO,load,622.5600000000001,XY,MW
2045-11-09 12:00:00,CE,load,1776.1200000000001,XY,MW
2045-11-10 13:00:00,NR,load,863.37,XY,MW
2045-11-11 14:00:00,SO,load,498.29,XY,MW
2045-11-12 15:00:00,CE,load,2254.92,XY,MW
2045-11-13 16:00:00,NR,load,1112.22,XY,MW
2045-11-14 17:00:00,SO,load,801.74,XY,MW
2045-11-15 18:00:00,CE,load,2551.32,XY,MW
2045-11-16 19:00:00,NR,load,1266.27,XY,MW
2045-11-17 20:00:00,SO,load,989.5899999999999,XY,MW
2045-11-18 21:00:00,CE,load,2592.36,XY,MW
2045-11-19 22:00:00,NR,load,1287.6,XY,MW
2045-11-20 23:00:00,SO,load,1015.5999999999999,XY,MW
2045-11-22 00:00:00,CE,load,2560.44,XY,MW
2045-11-23 01:00:00,NR,load,1271.01,XY,MW
2045-11-24 02:00:00,SO,load,995.3700000000001,XY,MW
2045-11-25 03:00:00,CE,load,2478.36,XY,MW
2045-11-26 04:00:00,NR,load,1228.3500000000001,XY,MW
2045-11-27 05:00:00,SO,load,943.3500000000001,XY,MW
2045-11-28 06:00:00,CE,load,2159.1600000000003,XY,MW
2045-11-29 07:00:00,NR,load,1062.45,XY,MW
2045-11-30 08:00:00,SO,load,741.05,XY,MW
2045-12-01 09:00:00,CE,load,1944.8400000000001,XY,MW
2045-12-02 10:00:00,NR,load,951.0600000000001,XY,MW
2045-12-03 11:00:00,SO,load,605.22,XY,MW
2045-12-04 12:00:00,CE,load,2478.36,XY,MW
2045-12-05 13:00:00,NR,load,1228.3500000000001,XY,MW
2045-12-06 14:00:00,SO,load,943.3500000000001,XY,MW
2045-12-07 15:00:00,CE,load,2569.5600000000004,XY,MW
2045-12-08 16:00:00,NR,load,1275.75,XY,MW
2045-12-09 17:00:00,SO,load,1001.1500000000001,XY,MW
2045-12-10 18:00:00,CE,load,2624.28,XY,MW
2045-12-11 19:00:00,NR,load,1304.19,XY,MW
2045-12-12 20:00:00,SO,load,1035.83,XY,MW
2045-12-13 21:00:00,CE,load,2624.28,XY,MW
2045-12-14 22:00:00,NR,load,1304.19,XY,MW
2045-12-15 23:00:00,SO,load,1035.83,XY,MW
2045-12-17 00:00:00,CE,load,2523.96,XY,MW
2045-12-18 01:00:00,NR,load,1252.0500000000002,XY,MW
2045-12-19 02:00:00,SO,load,972.25,XY,MW
2045-12-20 03:00:00,CE,load,2090.76,XY,MW
2045-12-21 04:00:00,NR,load,1026.9,XY,MW
2045-12-22 05:00:00,SO,load,697.7,XY,MW
2045-12-23 06:00:00,CE,load,1958.5200000000002,XY,MW
2045-12-24 07:00:00,NR,load,958.1700000000001,XY,MW
2045-12-25 08:00:00,SO,load,613.8900000000001,XY,MW
2045-12-26 09:00:00,CE,load,2245.8,XY,MW
2045-12-27 10:00:00,NR,load,1107.48,XY,MW
2045-12-28 11:00:00,SO,load,795.96,XY,MW
2045-12-29 12:00:00,CE,load,1899.2400000000002,XY,MW
2045-12-30 13:00:00,NR,load,927.36,XY,MW
2045-12-31 14:00:00,SO,load,576.32,XY,MW
2046-01-01 15:00:00,CE,load,2236.6800000000003,XY,MW
2046-01-02 16:00:00,NR,load,1102.74,XY,MW
2046-01-03 17:00:00,SO,load,790.1800000000001,XY,MW
2046-01-04 18:00:00,CE,load,2227.5600000000004,XY,MW
2046-01-05 19:00:00,NR,load,1098.0,XY,MW
2046-01-06 20:00:00,SO,load,784.4000000000001,XY,MW
2046-01-07 21:00:00,CE,load,2127.2400000000002,XY,MW
2046-01-08 22:00:00,NR,load,1045.8600000000001,XY,MW
2046-01-09 23:00:00,SO,load,720.8199999999999,XY,MW
2046-01-11 00:00:00,CE,load,1853.64,XY,MW
2046-01-12 01:00:00,NR,load,903.6600000000001,XY,MW
2046-01-13 02:00:00,SO,load,547.4200000000001,XY,MW
2046-01-14 03:00:00,CE,load,1899.2400000000002,XY,MW
2046-01-15 04:00:00,NR,load,927.36,XY,MW
2046-01-16 05:00:00,SO,load,576.32,XY,MW
2046-01-17 06:00:00,CE,load,2099.88,XY,MW
2046-01-18 07:00:00,NR,load,1031.64,XY,MW
2046-01-19 08:00:00,SO,load,703.48,XY,MW
2046-01-20 09:00:00,CE,load,2118.12,XY,MW
2046-01-21 10:00:00,NR,load,1041.1200000000001,XY,MW
2046-01-22 11:00:00,SO,load,715.04,XY,MW
2046-01-23 12:00:00,CE,load,1949.4,XY,MW
2046-01-24 13:00:00,NR,load,953.4300000000001,XY,MW
2046-01-25 14:00:00,SO,load,608.11,XY,MW
2046-01-26 15:00:00,CE,load,2241.2400000000002,XY,MW
2046-01-27 16:00:00,NR,load,1105.1100000000001,XY,MW
2046-01-28 17:00:00,SO,load,793.07,XY,MW
2046-01-29 18:00:00,CE,load,2036.0400000000002,XY,MW
2046-01-30 19:00:00,NR,load,998.46,XY,MW
2046-01-31 20:00:00,SO,load,663.02,XY,MW
2046-02-01 21:00:00,CE,load,1798.92,XY,MW
2046-02-02 22:00:00,NR,load,875.22,XY,MW
2046-02-03 23:00:00,SO,load,512.74,XY,MW
2046-02-05 00:00:00,CE,load,2451.0,XY,MW
2046-02-06 01:00:00,NR,load,1214.13,XY,MW
2046-02-07 02:00:00,SO,load,926.01,XY,MW
2046-02-08 03:00:00,CE,load,2560.44,XY,MW
2046-02-09 04:00:00,NR,load,1271.01,XY,MW
2046-02-10 05:00:00,SO,load,995.3700000000001,XY,MW
2046-02-11 06:00:00,CE,load,2546.76,XY,MW
2046-02-12 07:00:00,NR,load,1263.9,XY,MW
2046-02-13 08:00:00,SO,load,986.7,XY,MW
2046-02-14 09:00:00,CE,load,2537.6400000000003,XY,MW
2046-02-15 10:00:00,NR,load,1259.16,XY,MW
2046-02-16 11:00:00,SO,load,980.9200000000001,XY,MW
2046-02-17 12:00:00,CE,load,2546.76,XY,MW
2046-02-18 13:00:00,NR,load,1263.9,XY,MW
2046-02-19 14:00:00,SO,load,986.7,XY,MW
2046-02-20 15:00:00,CE,load,2168.28,XY,MW
2046-02-21 16:00:00,NR,load,1067.19,XY,MW
2046-02-22 17:00:00,SO,load,746.83,XY,MW
2046-02-23 18:00:00,CE,load,1935.72,XY,MW
2046-02-24 19:00:00,NR,load,946.32,XY,MW
2046-02-25 20:00:00,SO,load,599.44,XY,MW
2046-02-26 21:00:00,CE,load,1990.44,XY,MW
2046-02-27 22:00:00,NR,load,974.76,XY,MW
2046-02-28 23:00:00,SO,load,634.12,XY,MW
2046-03-02 00:00:00,CE,load,2555.88,XY,MW
2046-03-03 01:00:00,NR,load,1268.6399999999999,XY,MW
2046-03-04 02:00:00,SO,load,992.48,XY,MW
2046-03-05 03:00:00,CE,load,2587.8,XY,MW
2046-03-06 04:00:00,NR,load,1285.23,XY,MW
2046-03-07 05:00:00,SO,load,1012.71,XY,MW
2046-03-08 06:00:00,CE,load,2514.84,XY,MW
2046-03-09 07:00:00,NR,load,1247.31,XY,MW
2046-03-10 08:00:00,SO,load,966.47,XY,MW
2046-03-11 09:00:00,CE,load,2341.5600000000004,XY,MW
2046-03-12 10:00:00,NR,load,1157.25,XY,MW
2046-03-13 11:00:00,SO,load,856.6500000000001,XY,MW
2046-03-14 12:00:00,CE,load,1981.3200000000002,XY,MW
2046-03-15 13:00:00,NR,load,970.02,XY,MW
2046-03-16 14:00:00,SO,load,628.34,XY,MW
2046-03-17 15:00:00,CE,load,1867.3200000000002,XY,MW
2046-03-18 16:00:00,NR,load,910.77,XY,MW
2046-03-19 17:00:00,SO,load,556.09,XY,MW
2046-03-20 18:00:00,CE,load,2204.76,XY,MW
2046-03-21 19:00:00,NR,load,1086.15,XY,MW
2046-03-22 20:00:00,SO,load,769.95,XY,MW
2046-03-23 21:00:00,CE,load,2204.76,XY,MW
2046-03-24 22:00:00,NR,load,1086.15,XY,MW
2046-03-25 23:00:00,SO,load,769.95,XY,MW
2046-03-27 00:00:00,CE,load,2122.6800000000003,XY,MW
2046-03-28 01:00:00,NR,load,1043.49,XY,MW
2046-03-29 02:00:00,SO,load,717.9300000000001,XY,MW
2046-03-30 03:00:00,CE,load,1981.3200000000002,XY,MW
2046-03-31 04:00:00,NR,load,970.02,XY,MW
2046-04-01 05:00:00,SO,load,628.34,XY,MW
2046-04-02 06:00:00,CE,load,1995.0,XY,MW
2046-04-03 07:00:00,NR,load,977.13,XY,MW
2046-04-04 08:00:00,SO,load,637.01,XY,MW
2046-04-05 09:00:00,CE,load,1789.8000000000002,XY,MW
2046-04-06 10:00:00,NR,load,870.48,XY,MW
2046-04-07 11:00:00,SO,load,506.96000000000004,XY,MW
2046-04-08 12:00:00,CE,load,2081.6400000000003,XY,MW
2046-04-09 13:00:00,NR,load,1022.1600000000001,XY,MW
2046-04-10 14:00:00,SO,load,691.9200000000001,XY,MW
2046-04-11 15:00:00,CE,load,2368.92,XY,MW
2046-04-12 16:00:00,NR,load,1171.47,XY,MW
2046-04-13 17:00:00,SO,load,873.99,XY,MW
2046-04-14 18:00:00,CE,load,2560.44,XY,MW
2046-04-15 19:00:00,NR,load,1271.01,XY,MW
2046-04-16 20:00:00,SO,load,995.3700000000001,XY,MW
2046-04-17 21:00:00,CE,load,2542.2000000000003,XY,MW
2046-04-18 22:00:00,NR,load,1261.53,XY,MW
2046-04-19 23:00:00,SO,load,983.81,XY,MW
2046-04-21 00:00:00,CE,load,2574.12,XY,MW
2046-04-22 01:00:00,NR,load,1278.1200000000001,XY,MW
2046-04-23 02:00:00,SO,load,1004.04,XY,MW
2046-04-24 03:00:00,CE,load,2492.04,XY,MW
2046-04-25 04:00:00,NR,load,1235.46,XY,MW
2046-04-26 05:00:00,SO,load,952.02,XY,MW
2046-04-27 06:00:00,CE,load,2163.7200000000003,XY,MW
2046-04-28 07:00:00,NR,load,1064.8200000000002,XY,MW
2046-04-29 08:00:00,SO,load,743.94,XY,MW
2046-04-30 09:00:00,CE,load,1931.16,XY,MW
2046-05-01 10:00:00,NR,load,943.95,XY,MW
2046-05-02 11:00:00,SO,load,596.55,XY,MW
2046-05-03 12:00:00,CE,load,2455.5600000000004,XY,MW
2046-05-04 13:00:00,NR,load,1216.5,XY,MW
2046-05-05 14:00:00,SO,load,928.9000000000001,XY,MW
2046-05-06 15:00:00,CE,load,2528.5200000000004,XY,MW
2046-05-07 16:00:00,NR,load,1254.42,XY,MW
2046-05-08 17:00:00,SO,load,975.1400000000001,XY,MW
2046-05-09 18:00:00,CE,load,2565.0,XY,MW
2046-05-10 19:00:00,NR,load,1273.38,XY,MW
2046-05-11 20:00:00,SO,load,998.26,XY,MW
2046-05-12 21:00:00,CE,load,2592.36,XY,MW
2046-05-13 22:00:00,NR,load,1287.6,XY,MW
2046-05-14 23:00:00,SO,load,1015.5999999999999,XY,MW
2046-05-16 00:00:00,CE,load,2523.96,XY,MW
2046-05-17 01:00:00,NR,load,1252.0500000000002,XY,MW
2046-05-18 02:00:00,SO,load,972.25,XY,MW
2046-05-19 03:00:00,CE,load,2086.2000000000003,XY,MW
2046-05-20 04:00:00,NR,load,1024.53,XY,MW
2046-05-21 05:00:00,SO,load,694.8100000000001,XY,MW
2046-05-22 06:00:00,CE,load,1953.96,XY,MW
2046-05-23 07:00:00,NR,load,955.8000000000001,XY,MW
2046-05-24 08:00:00,SO,load,611.0,XY,MW
2046-05-25 09:00:00,CE,load,2414.52,XY,MW
2046-05-26 10:00:00,NR,load,1195.17,XY,MW
2046-05-27 11:00:00,SO,load,902.89,XY,MW
2046-05-28 12:00:00,CE,load,2378.04,XY,MW
2046-05-29 13:00:00,NR,load,1176.21,XY,MW
2046-05-30 14:00:00,SO,load,879.77,XY,MW
2046-05-31 15:00:00,CE,load,2314.2000000000003,XY,MW
2046-06-01 16:00:00,NR,load,1143.03,XY,MW
2046-06-02 17:00:00,SO,load,839.31,XY,MW
2046-06-03 18:00:00,CE,load,2264.04,XY,MW
2046-06-04 19:00:00,NR,load,1116.96,XY,MW
2046-06-05 20:00:00,SO,load,807.52,XY,MW
2046-06-06 21:00:00,CE,load,2181.96,XY,MW
2046-06-07 22:00:00,NR,load,1074.3,XY,MW
2046-06-08 23:00:00,SO,load,755.5,XY,MW
2046-06-10 00:00:00,CE,load,1885.5600000000002,XY,MW
2046-06-11 01:00:00,NR,load,920.25,XY,MW
2046-06-12 02:00:00,SO,load,567.65,XY,MW
2046-06-13 03:00:00,CE,load,1890.1200000000001,XY,MW
2046-06-14 04:00:00,NR,load,922.62,XY,MW
2046-06-15 05:00:00,SO,load,570.54,XY,MW
2046-06-16 06:00:00,CE,load,2104.44,XY,MW
2046-06-17 07:00:00,NR,load,1034.01,XY,MW
2046-06-18 08:00:00,SO,load,706.37,XY,MW
2046-06-19 09:00:00,CE,load,2104.44,XY,MW
2046-06-20 10:00:00,NR,load,1034.01,XY,MW
2046-06-21 11:00:00,SO,load,706.37,XY,MW
2046-06-22 12:00:00,CE,load,2109.0,XY,MW
2046-06-23 13:00:00,NR,load,1036.38,XY,MW
2046-06-24 14:00:00,SO,load,709.26,XY,MW
2046-06-25 15:00:00,CE,load,2154.6000000000004,XY,MW
2046-06-26 16:00:00,NR,load,1060.08,XY,MW
2046-06-27 17:00:00,SO,load,738.1600000000001,XY,MW
2046-06-28 18:00:00,CE,load,2013.2400000000002,XY,MW
2046-06-29 19:00:00,NR,load,986.61,XY,MW
2046-06-30 20:00:00,SO,load,648.57,XY,MW
2046-07-01 21:00:00,CE,load,1798.92,XY,MW
2046-07-02 22:00:00,NR,load,875.22,XY,MW
2046-07-03 23:00:00,SO,load,512.74,XY,MW
2046-07-05 00:00:00,CE,load,2446.44,XY,MW
2046-07-06 01:00:00,NR,load,1211.76,XY,MW
2046-07-07 02:00:00,SO,load,923.12,XY,MW
2046-07-08 03:00:00,CE,load,2510.28,XY,MW
2046-07-09 04:00:00,NR,load,1244.94,XY,MW
2046-07-10 05:00:00,SO,load,963.5799999999999,XY,MW
2046-07-11 06:00:00,CE,load,2519.4,XY,MW
2046-07-12 07:00:00,NR,load,1249.68,XY,MW
2046-07-13 08:00:00,SO,load,969.3600000000001,XY,MW
2046-07-14 09:00:00,CE,load,2505.7200000000003,XY,MW
2046-07-15 10:00:00,NR,load,1242.5700000000002,XY,MW
2046-07-16 11:00:00,SO,load,960.69,XY,MW
2046-07-17 12:00:00,CE,load,2482.92,XY,MW
2046-07-18 13:00:00,NR,load,1230.72,XY,MW
2046-07-19 14:00:00,SO,load,946.24,XY,MW
2046-07-20 15:00:00,CE,load,2086.2000000000003,XY,MW
2046-07-21 16:00:00,NR,load,1024.53,XY,MW
2046-07-22 17:00:00,SO,load,694.8100000000001,XY,MW
2046-07-23 18:00:00,CE,load,1990.44,XY,MW
2046-07-24 19:00:00,NR,load,974.76,XY,MW
2046-07-25 20:00:00,SO,load,634.12,XY,MW
2046-07-26 21:00:00,CE,load,2482.92,XY,MW
2046-07-27 22:00:00,NR,load,1230.72,XY,MW
2046-07-28 23:00:00,SO,load,946.24,XY,MW
2046-07-30 00:00:00,CE,load,2574.12,XY,MW
2046-07-31 01:00:00,NR,load,1278.1200000000001,XY,MW
2046-08-01 02:00:00,SO,load,1004.04,XY,MW
2046-08-02 03:00:00,CE,load,2587.8,XY,MW
2046-08-03 04:00:00,NR,load,1285.23,XY,MW
2046-08-04 05:00:00,SO,load,1012.71,XY,MW
2046-08-05 06:00:00,CE,load,2523.96,XY,MW
2046-08-06 07:00:00,NR,load,1252.0500000000002,XY,MW
2046-08-07 08:00:00,SO,load,972.25,XY,MW
2046-08-08 09:00:00,CE,load,2378.04,XY,MW
2046-08-09 10:00:00,NR,load,1176.21,XY,MW
2046-08-10 11:00:00,SO,load,879.77,XY,MW
2046-08-11 12:00:00,CE,load,1953.96,XY,MW
2046-08-12 13:00:00,NR,load,955.8000000000001,XY,MW
2046-08-13 14:00:00,SO,load,611.0,XY,MW
2046-08-14 15:00:00,CE,load,1926.6000000000001,XY,MW
2046-08-15 16:00:00,NR,load,941.58,XY,MW
2046-08-16 17:00:00,SO,load,593.6600000000001,XY,MW
2046-08-17 18:00:00,CE,load,2200.2000000000003,XY,MW
2046-08-18 19:00:00,NR,load,1083.78,XY,MW
2046-08-19 20:00:00,SO,load,767.0600000000001,XY,MW
2046-08-20 21:00:00,CE,load,2213.88,XY,MW
2046-08-21 22:00:00,NR,load,1090.89,XY,MW
2046-08-22 23:00:00,SO,load,775.73,XY,MW
2046-08-24 00:00:00,CE,load,2177.4,XY,MW
2046-08-25 01:00:00,NR,load,1071.93,XY,MW
2046-08-26 02:00:00,SO,load,752.61,XY,MW
2046-08-27 03:00:00,CE,load,2136.36,XY,MW
2046-08-28 04:00:00,NR,load,1050.6000000000001,XY,MW
2046-08-29 05:00:00,SO,load,726.6,XY,MW
2046-08-30 06:00:00,CE,load,2036.0400000000002,XY,MW
2046-08-31 07:00:00,NR,load,998.46,XY,MW
2046-09-01 08:00:00,SO,load,663.02,XY,MW
2046-09-02 09:00:00,CE,load,1808.0400000000002,XY,MW
2046-09-03 10:00:00,NR,load,879.96,XY,MW
2046-09-04 11:00:00,SO,load,518.52,XY,MW
2046-09-05 12:00:00,CE,load,1967.64,XY,MW
2046-09-06 13:00:00,NR,load,962.9100000000001,XY,MW
2046-09-07 14:00:00,SO,load,619.6700000000001,XY,MW
2046-09-08 15:00:00,CE,load,2140.92,XY,MW
2046-09-09 16:00:00,NR,load,1052.97,XY,MW
2046-09-10 17:00:00,SO,load,729.49,XY,MW
2046-09-11 18:00:00,CE,load,2314.2000000000003,XY,MW
2046-09-12 19:00:00,NR,load,1143.03,XY,MW
2046-09-13 20:00:00,SO,load,839.31,XY,MW
2046-09-14 21:00:00,CE,load,2478.36,XY,MW
2046-09-15 22:00:00,NR,load,1228.3500000000001,XY,MW
2046-09-16 23:00:00,SO,load,943.3500000000001,XY,MW
2046-09-18 00:00:00,CE,load,2437.32,XY,MW
2046-09-19 01:00:00,NR,load,1207.02,XY,MW
2046-09-20 02:00:00,SO,load,917.34,XY,MW
2046-09-21 03:00:00,CE,load,2026.92,XY,MW
2046-09-22 04:00:00,NR,load,993.72,XY,MW
2046-09-23 05:00:00,SO,load,657.24,XY,MW
2046-09-24 06:00:00,CE,load,1903.8000000000002,XY,MW
2046-09-25 07:00:00,NR,load,929.73,XY,MW
2046-09-26 08:00:00,SO,load,579.21,XY,MW
2046-09-27 09:00:00,CE,load,2405.4,XY,MW
2046-09-28 10:00:00,NR,load,1190.43,XY,MW
2046-09-29 11:00:00,SO,load,897.11,XY,MW
2046-09-30 12:00:00,CE,load,2460.12,XY,MW
2046-10-01 13:00:00,NR,load,1218.87,XY,MW
2046-10-02 14:00:00,SO,load,931.79,XY,MW
2046-10-03 15:00:00,CE,load,2473.8,XY,MW
2046-10-04 16:00:00,NR,load,1225.98,XY,MW
2046-10-05 17:00:00,SO,load,940.46,XY,MW
2046-10-06 18:00:00,CE,load,2478.36,XY,MW
2046-10-07 19:00:00,NR,load,1228.3500000000001,XY,MW
2046-10-08 20:00:00,SO,load,943.3500000000001,XY,MW
2046-10-09 21:00:00,CE,load,2464.6800000000003,XY,MW
2046-10-10 22:00:00,NR,load,1221.24,XY,MW
2046-10-11 23:00:00,SO,load,934.6800000000001,XY,MW
2046-10-13 00:00:00,CE,load,2040.6000000000001,XY,MW
2046-10-14 01:00:00,NR,load,1000.83,XY,MW
2046-10-15 02:00:00,SO,load,665.91,XY,MW
2046-10-16 03:00:00,CE,load,1990.44,XY,MW
2046-10-17 04:00:00,NR,load,974.76,XY,MW
2046-10-18 05:00:00,SO,load,634.12,XY,MW
2046-10-19 06:00:00,CE,load,2432.76,XY,MW
2046-10-20 07:00:00,NR,load,1204.65,XY,MW
2046-10-21 08:00:00,SO,load,914.45,XY,MW
2046-10-22 09:00:00,CE,load,2419.08,XY,MW
2046-10-23 10:00:00,NR,load,1197.54,XY,MW
2046-10-24 11:00:00,SO,load,905.78,XY,MW
2046-10-25 12:00:00,CE,load,2341.5600000000004,XY,MW
2046-10-26 13:00:00,NR,load,1157.25,XY,MW
2046-10-27 14:00:00,SO,load,856.6500000000001,XY,MW
2046-10-28 15:00:00,CE,load,2268.6000000000004,XY,MW
2046-10-29 16:00:00,NR,load,1119.33,XY,MW
2046-10-30 17:00:00,SO,load,810.4100000000001,XY,MW
2046-10-31 18:00:00,CE,load,2191.08,XY,MW
2046-11-01 19:00:00,NR,load,1079.04,XY,MW
2046-11-02 20:00:00,SO,load,761.28,XY,MW
2046-11-03 21:00:00,CE,load,1908.3600000000001,XY,MW
2046-11-04 22:00:00,NR,load,932.1,XY,MW
2046-11-05 23:00:00,SO,load,582.1,XY,MW
2046-11-07 00:00:00,CE,load,1885.5600000000002,XY,MW
2046-11-08 01:00:00,NR,load,920.25,XY,MW
2046-11-09 02:00:00,SO,load,567.65,XY,MW
2046-11-10 03:00:00,CE,load,2086.2000000000003,XY,MW
2046-11-11 04:00:00,NR,load,1024.53,XY,MW
2046-11-12 05:00:00,SO,load,694.8100000000001,XY,MW
2046-11-13 06:00:00,CE,load,2072.52,XY,MW
2046-11-14 07:00:00,NR,load,1017.4200000000001,XY,MW
2046-11-15 08:00:00,SO,load,686.14,XY,MW
2046-11-16 09:00:00,CE,load,2017.8000000000002,XY,MW
2046-11-17 10:00:00,NR,load,988.98,XY,MW
2046-11-18 11:00:00,SO,load,651.46,XY,MW
2046-11-19 12:00:00,CE,load,2040.6000000000001,XY,MW
2046-11-20 13:00:00,NR,load,1000.83,XY,MW
2046-11-21 14:00:00,SO,load,665.91,XY,MW
2046-11-22 15:00:00,CE,load,1963.0800000000002,XY,MW
2046-11-23 16:00:00,NR,load,960.5400000000001,XY,MW
2046-11-24 17:00:00,SO,load,616.78,XY,MW
2046-11-25 18:00:00,CE,load,1794.3600000000001,XY,MW
2046-11-26 19:00:00,NR,load,872.85,XY,MW
2046-11-27 20:00:00,SO,load,509.85,XY,MW
2046-11-28 21:00:00,CE,load,2387.1600000000003,XY,MW
2046-11-29 22:00:00,NR,load,1180.95,XY,MW
2046-11-30 23:00:00,SO,load,885.5500000000001,XY,MW
2046-12-02 00:00:00,CE,load,2510.28,XY,MW
2046-12-03 01:00:00,NR,load,1244.94,XY,MW
2046-12-04 02:00:00,SO,load,963.5799999999999,XY,MW
2046-12-05 03:00:00,CE,load,2487.48,XY,MW
2046-12-06 04:00:00,NR,load,1233.0900000000001,XY,MW
2046-12-07 05:00:00,SO,load,949.1300000000001,XY,MW
2046-12-08 06:00:00,CE,load,2496.6000000000004,XY,MW
2046-12-09 07:00:00,NR,load,1237.83,XY,MW
2046-12-10 08:00:00,SO,load,954.9100000000001,XY,MW
2046-12-11 09:00:00,CE,load,2441.88,XY,MW
2046-12-12 10:00:00,NR,load,1209.39,XY,MW
2046-12-13 11:00:00,SO,load,920.23,XY,MW
2046-12-14 12:00:00,CE,load,2095.32,XY,MW
2046-12-15 13:00:00,NR,load,1029.27,XY,MW
2046-12-16 14:00:00,SO,load,700.59,XY,MW
2046-12-17 15:00:00,CE,load,1999.5600000000002,XY,MW
2046-12-18 16:00:00,NR,load,979.5,XY,MW
2046-12-19 17:00:00,SO,load,639.9000000000001,XY,MW
2046-12-20 18:00:00,CE,load,2451.0,XY,MW
2046-12-21 19:00:00,NR,load,1214.13,XY,MW
2046-12-22 20:00:00,SO,load,926.01,XY,MW
2046-12-23 21:00:00,CE,load,2533.08,XY,MW
2046-12-24 22:00:00,NR,load,1256.79,XY,MW
2046-12-25 23:00:00,SO,load,978.03,XY,MW
2046-12-27 00:00:00,CE,load,2565.0,XY,MW
2046-12-28 01:00:00,NR,load,1273.38,XY,MW
2046-12-29 02:00:00,SO,load,998.26,XY,MW
2046-12-30 03:00:00,CE,load,2555.88,XY,MW
2046-12-31 04:00:00,NR,load,1268.6399999999999,XY,MW
2047-01-01 05:00:00,SO,load,992.48,XY,MW
2047-01-02 06:00:00,CE,load,2428.2000000000003,XY,MW
2047-01-03 07:00:00,NR,load,1202.2800000000002,XY,MW
2047-01-04 08:00:00,SO,load,911.5600000000001,XY,MW
2047-01-05 09:00:00,CE,load,2054.28,XY,MW
2047-01-06 10:00:00,NR,load,1007.94,XY,MW
2047-01-07 11:00:00,SO,load,674.58,XY,MW
2047-01-08 12:00:00,CE,load,1967.64,XY,MW
2047-01-09 13:00:00,NR,load,962.9100000000001,XY,MW
2047-01-10 14:00:00,SO,load,619.6700000000001,XY,MW
2047-01-11 15:00:00,CE,load,2236.6800000000003,XY,MW
2047-01-12 16:00:00,NR,load,1102.74,XY,MW
2047-01-13 17:00:00,SO,load,790.1800000000001,XY,MW
2047-01-14 18:00:00,CE,load,2241.2400000000002,XY,MW
2047-01-15 19:00:00,NR,load,1105.1100000000001,XY,MW
2047-01-16 20:00:00,SO,load,793.07,XY,MW
2047-01-17 21:00:00,CE,load,2223.0,XY,MW
2047-01-18 22:00:00,NR,load,1095.63,XY,MW
2047-01-19 23:00:00,SO,load,781.51,XY,MW
2047-01-21 00:00:00,CE,load,2172.84,XY,MW
2047-01-22 01:00:00,NR,load,1069.56,XY,MW
2047-01-23 02:00:00,SO,load,749.72,XY,MW
2047-01-24 03:00:00,CE,load,2063.4,XY,MW
2047-01-25 04:00:00,NR,load,1012.6800000000001,XY,MW
2047-01-26 05:00:00,SO,load,680.36,XY,MW
2047-01-27 06:00:00,CE,load,1826.2800000000002,XY,MW
2047-01-28 07:00:00,NR,load,889.44,XY,MW
2047-01-29 08:00:00,SO,load,530.08,XY,MW
2047-01-30 09:00:00,CE,load,1912.92,XY,MW
2047-01-31 10:00:00,NR,load,934.47,XY,MW
2047-02-01 11:00:00,SO,load,584.99,XY,MW
2047-02-02 12:00:00,CE,load,2090.76,XY,MW
2047-02-03 13:00:00,NR,load,1026.9,XY,MW
2047-02-04 14:00:00,SO,load,697.7,XY,MW
2047-02-05 15:00:00,CE,load,2172.84,XY,MW
2047-02-06 16:00:00,NR,load,1069.56,XY,MW
2047-02-07 17:00:00,SO,load,749.72,XY,MW
2047-02-08 18:00:00,CE,load,2337.0,XY,MW
2047-02-09 19:00:00,NR,load,1154.88,XY,MW
2047-02-10 20:00:00,SO,load,853.76,XY,MW
2047-02-11 21:00:00,CE,load,2437.32,XY,MW
2047-02-12 22:00:00,NR,load,1207.02,XY,MW
2047-02-13 23:00:00,SO,load,917.34,XY,MW
2047-02-15 00:00:00,CE,load,2077.08,XY,MW
2047-02-16 01:00:00,NR,load,1019.7900000000001,XY,MW
2047-02-17 02:00:00,SO,load,689.03,XY,MW
2047-02-18 03:00:00,CE,load,1844.5200000000002,XY,MW
2047-02-19 04:00:00,NR,load,898.9200000000001,XY,MW
2047-02-20 05:00:00,SO,load,541.64,XY,MW
2047-02-21 06:00:00,CE,load,2437.32,XY,MW
2047-02-22 07:00:00,NR,load,1207.02,XY,MW
2047-02-23 08:00:00,SO,load,917.34,XY,MW
2047-02-24 09:00:00,CE,load,2505.7200000000003,XY,MW
2047-02-25 10:00:00,NR,load,1242.5700000000002,XY,MW
2047-02-26 11:00:00,SO,load,960.69,XY,MW
2047-02-27 12:00:00,CE,load,2519.4,XY,MW
2047-02-28 13:00:00,NR,load,1249.68,XY,MW
2047-03-01 14:00:00,SO,load,969.3600000000001,XY,MW
2047-03-02 15:00:00,CE,load,2519.4,XY,MW
2047-03-03 16:00:00,NR,load,1249.68,XY,MW
2047-03-04 17:00:00,SO,load,969.3600000000001,XY,MW
2047-03-05 18:00:00,CE,load,2528.5200000000004,XY,MW
2047-03-06 19:00:00,NR,load,1254.42,XY,MW
2047-03-07 20:00:00,SO,load,975.1400000000001,XY,MW
2047-03-08 21:00:00,CE,load,2140.92,XY,MW
2047-03-09 22:00:00,NR,load,1052.97,XY,MW
2047-03-10 23:00:00,SO,load,729.49,XY,MW
2047-03-12 00:00:00,CE,load,1995.0,XY,MW
2047-03-13 01:00:00,NR,load,977.13,XY,MW
2047-03-14 02:00:00,SO,load,637.01,XY,MW
2047-03-15 03:00:00,CE,load,2533.08,XY,MW
2047-03-16 04:00:00,NR,load,1256.79,XY,MW
2047-03-17 05:00:00,SO,load,978.03,XY,MW
2047-03-18 06:00:00,CE,load,2565.0,XY,MW
2047-03-19 07:00:00,NR,load,1273.38,XY,MW
2047-03-20 08:00:00,SO,load,998.26,XY,MW
2047-03-21 09:00:00,CE,load,2487.48,XY,MW
2047-03-22 10:00:00,NR,load,1233.0900000000001,XY,MW
2047-03-23 11:00:00,SO,load,949.1300000000001,XY,MW
2047-03-24 12:00:00,CE,load,2432.76,XY,MW
2047-03-25 13:00:00,NR,load,1204.65,XY,MW
2047-03-26 14:00:00,SO,load,914.45,XY,MW
2047-03-27 15:00:00,CE,load,2286.84,XY,MW
2047-03-28 16:00:00,NR,load,1128.81,XY,MW
2047-03-29 17:00:00,SO,load,821.97,XY,MW
2047-03-30 18:00:00,CE,load,1940.2800000000002,XY,MW
2047-03-31 19:00:00,NR,load,948.69,XY,MW
2047-04-01 20:00:00,SO,load,602.33,XY,MW
2047-04-02 21:00:00,CE,load,1881.0000000000002,XY,MW
2047-04-03 22:00:00,NR,load,917.8800000000001,XY,MW
2047-04-04 23:00:00,SO,load,564.76,XY,MW
2047-04-06 00:00:00,CE,load,2150.04,XY,MW
2047-04-07 01:00:00,NR,load,1057.71,XY,MW
2047-04-08 02:00:00,SO,load,735.27,XY,MW
2047-04-09 03:00:00,CE,load,2109.0,XY,MW
2047-04-10 04:00:00,NR,load,1036.38,XY,MW
2047-04-11 05:00:00,SO,load,709.26,XY,MW
2047-04-12 06:00:00,CE,load,2008.68,XY,MW
2047-04-13 07:00:00,NR,load,984.24,XY,MW
2047-04-14 08:00:00,SO,load,645.6800000000001,XY,MW
2047-04-15 09:00:00,CE,load,2113.5600000000004,XY,MW
2047-04-16 10:00:00,NR,load,1038.75,XY,MW
2047-04-17 11:00:00,SO,load,712.1500000000001,XY,MW
2047-04-18 12:00:00,CE,load,1985.88,XY,MW
2047-04-19 13:00:00,NR,load,972.3900000000001,XY,MW
2047-04-20 14:00:00,SO,load,631.23,XY,MW
2047-04-21 15:00:00,CE,load,1780.68,XY,MW
2047-04-22 16:00:00,NR,load,865.74,XY,MW
2047-04-23 17:00:00,SO,load,501.18,XY,MW
2047-04-24 18:00:00,CE,load,2259.48,XY,MW
2047-04-25 19:00:00,NR,load,1114.5900000000001,XY,MW
2047-04-26 20:00:00,SO,load,804.6300000000001,XY,MW
2047-04-27 21:00:00,CE,load,2519.4,XY,MW
2047-04-28 22:00:00,NR,load,1249.68,XY,MW
2047-04-29 23:00:00,SO,load,969.3600000000001,XY,MW
2047-05-01 00:00:00,CE,load,2560.44,XY,MW
2047-05-02 01:00:00,NR,load,1271.01,XY,MW
2047-05-03 02:00:00,SO,load,995.3700000000001,XY,MW
2047-05-04 03:00:00,CE,load,2537.6400000000003,XY,MW
2047-05-05 04:00:00,NR,load,1259.16,XY,MW
2047-05-06 05:00:00,SO,load,980.9200000000001,XY,MW
2047-05-07 06:00:00,CE,load,2473.8,XY,MW
2047-05-08 07:00:00,NR,load,1225.98,XY,MW
2047-05-09 08:00:00,SO,load,940.46,XY,MW
2047-05-10 09:00:00,CE,load,2181.96,XY,MW
2047-05-11 10:00:00,NR,load,1074.3,XY,MW
2047-05-12 11:00:00,SO,load,755.5,XY,MW
2047-05-13 12:00:00,CE,load,1981.3200000000002,XY,MW
2047-05-14 13:00:00,NR,load,970.02,XY,MW
2047-05-15 14:00:00,SO,load,628.34,XY,MW
2047-05-16 15:00:00,CE,load,2469.2400000000002,XY,MW
2047-05-17 16:00:00,NR,load,1223.6100000000001,XY,MW
2047-05-18 17:00:00,SO,load,937.5699999999999,XY,MW
2047-05-19 18:00:00,CE,load,2555.88,XY,MW
2047-05-20 19:00:00,NR,load,1268.6399999999999,XY,MW
2047-05-21 20:00:00,SO,load,992.48,XY,MW
2047-05-22 21:00:00,CE,load,2596.92,XY,MW
2047-05-23 22:00:00,NR,load,1289.97,XY,MW
2047-05-24 23:00:00,SO,load,1018.49,XY,MW
2047-05-26 00:00:00,CE,load,2619.7200000000003,XY,MW
2047-05-27 01:00:00,NR,load,1301.8200000000002,XY,MW
2047-05-28 02:00:00,SO,load,1032.94,XY,MW
2047-05-29 03:00:00,CE,load,2501.16,XY,MW
2047-05-30 04:00:00,NR,load,1240.2,XY,MW
2047-05-31 05:00:00,SO,load,957.8,XY,MW
2047-06-01 06:00:00,CE,load,2086.2000000000003,XY,MW
2047-06-02 07:00:00,NR,load,1024.53,XY,MW
2047-06-03 08:00:00,SO,load,694.8100000000001,XY,MW
2047-06-04 09:00:00,CE,load,1990.44,XY,MW
2047-06-05 10:00:00,NR,load,974.76,XY,MW
2047-06-06 11:00:00,SO,load,634.12,XY,MW
2047-06-07 12:00:00,CE,load,2323.32,XY,MW
2047-06-08 13:00:00,NR,load,1147.77,XY,MW
2047-06-09 14:00:00,SO,load,845.09,XY,MW
2047-06-10 15:00:00,CE,load,2309.6400000000003,XY,MW
2047-06-11 16:00:00,NR,load,1140.66,XY,MW
2047-06-12 17:00:00,SO,load,836.4200000000001,XY,MW
2047-06-13 18:00:00,CE,load,2268.6000000000004,XY,MW
2047-06-14 19:00:00,NR,load,1119.33,XY,MW
2047-06-15 20:00:00,SO,load,810.4100000000001,XY,MW
2047-06-16 21:00:00,CE,load,2236.6800000000003,XY,MW
2047-06-17 22:00:00,NR,load,1102.74,XY,MW
2047-06-18 23:00:00,SO,load,790.1800000000001,XY,MW
2047-06-20 00:00:00,CE,load,2122.6800000000003,XY,MW
2047-06-21 01:00:00,NR,load,1043.49,XY,MW
2047-06-22 02:00:00,SO,load,717.9300000000001,XY,MW
2047-06-23 03:00:00,CE,load,1844.5200000000002,XY,MW
2047-06-24 04:00:00,NR,load,898.9200000000001,XY,MW
2047-06-25 05:00:00,SO,load,541.64,XY,MW
2047-06-26 06:00:00,CE,load,1894.68,XY,MW
2047-06-27 07:00:00,NR,load,924.99,XY,MW
2047-06-28 08:00:00,SO,load,573.4300000000001,XY,MW
2047-06-29 09:00:00,CE,load,2090.76,XY,MW
2047-06-30 10:00:00,NR,load,1026.9,XY,MW
2047-07-01 11:00:00,SO,load,697.7,XY,MW
2047-07-02 12:00:00,CE,load,2063.4,XY,MW
2047-07-03 13:00:00,NR,load,1012.6800000000001,XY,MW
2047-07-04 14:00:00,SO,load,680.36,XY,MW
2047-07-05 15:00:00,CE,load,1949.4,XY,MW
2047-07-06 16:00:00,NR,load,953.4300000000001,XY,MW
2047-07-07 17:00:00,SO,load,608.11,XY,MW
2047-07-08 18:00:00,CE,load,2227.5600000000004,XY,MW
2047-07-09 19:00:00,NR,load,1098.0,XY,MW
2047-07-10 20:00:00,SO,load,784.4000000000001,XY,MW
2047-07-11 21:00:00,CE,load,1999.5600000000002,XY,MW
2047-07-12 22:00:00,NR,load,979.5,XY,MW
2047-07-13 23:00:00,SO,load,639.9000000000001,XY,MW
2047-07-15 00:00:00,CE,load,1776.1200000000001,XY,MW
2047-07-16 01:00:00,NR,load,863.37,XY,MW
2047-07-17 02:00:00,SO,load,498.29,XY,MW
2047-07-18 03:00:00,CE,load,2441.88,XY,MW
2047-07-19 04:00:00,NR,load,1209.39,XY,MW
2047-07-20 05:00:00,SO,load,920.23,XY,MW
2047-07-21 06:00:00,CE,load,2537.6400000000003,XY,MW
2047-07-22 07:00:00,NR,load,1259.16,XY,MW
2047-07-23 08:00:00,SO,load,980.9200000000001,XY,MW
2047-07-24 09:00:00,CE,load,2542.2000000000003,XY,MW
2047-07-25 10:00:00,NR,load,1261.53,XY,MW
2047-07-26 11:00:00,SO,load,983.81,XY,MW
2047-07-27 12:00:00,CE,load,2537.6400000000003,XY,MW
2047-07-28 13:00:00,NR,load,1259.16,XY,MW
2047-07-29 14:00:00,SO,load,980.9200000000001,XY,MW
2047-07-30 15:00:00,CE,load,2519.4,XY,MW
2047-07-31 16:00:00,NR,load,1249.68,XY,MW
2047-08-01 17:00:00,SO,load,969.3600000000001,XY,MW
2047-08-02 18:00:00,CE,load,2122.6800000000003,XY,MW
2047-08-03 19:00:00,NR,load,1043.49,XY,MW
2047-08-04 20:00:00,SO,load,717.9300000000001,XY,MW
2047-08-05 21:00:00,CE,load,1958.5200000000002,XY,MW
2047-08-06 22:00:00,NR,load,958.1700000000001,XY,MW
2047-08-07 23:00:00,SO,load,613.8900000000001,XY,MW
2047-08-09 00:00:00,CE,load,2565.0,XY,MW
2047-08-10 01:00:00,NR,load,1273.38,XY,MW
2047-08-11 02:00:00,SO,load,998.26,XY,MW
2047-08-12 03:00:00,CE,load,2624.28,XY,MW
2047-08-13 04:00:00,NR,load,1304.19,XY,MW
2047-08-14 05:00:00,SO,load,1035.83,XY,MW
2047-08-15 06:00:00,CE,load,2569.5600000000004,XY,MW
2047-08-16 07:00:00,NR,load,1275.75,XY,MW
2047-08-17 08:00:00,SO,load,1001.1500000000001,XY,MW
2047-08-18 09:00:00,CE,load,2478.36,XY,MW
2047-08-19 10:00:00,NR,load,1228.3500000000001,XY,MW
2047-08-20 11:00:00,SO,load,943.3500000000001,XY,MW
2047-08-21 12:00:00,CE,load,2318.76,XY,MW
2047-08-22 13:00:00,NR,load,1145.4,XY,MW
2047-08-23 14:00:00,SO,load,842.2,XY,MW
2047-08-24 15:00:00,CE,load,1935.72,XY,MW
2047-08-25 16:00:00,NR,load,946.32,XY,MW
2047-08-26 17:00:00,SO,load,599.44,XY,MW
2047-08-27 18:00:00,CE,load,1844.5200000000002,XY,MW
2047-08-28 19:00:00,NR,load,898.9200000000001,XY,MW
2047-08-29 20:00:00,SO,load,541.64,XY,MW
2047-08-30 21:00:00,CE,load,2200.2000000000003,XY,MW
2047-08-31 22:00:00,NR,load,1083.78,XY,MW
2047-09-01 23:00:00,SO,load,767.0600000000001,XY,MW
2047-09-03 00:00:00,CE,load,2195.6400000000003,XY,MW
2047-09-04 01:00:00,NR,load,1081.41,XY,MW
2047-09-05 02:00:00,SO,load,764.1700000000001,XY,MW
2047-09-06 03:00:00,CE,load,2159.1600000000003,XY,MW
2047-09-07 04:00:00,NR,load,1062.45,XY,MW
2047-09-08 05:00:00,SO,load,741.05,XY,MW
2047-09-09 06:00:00,CE,load,2122.6800000000003,XY,MW
2047-09-10 07:00:00,NR,load,1043.49,XY,MW
2047-09-11 08:00:00,SO,load,717.9300000000001,XY,MW
2047-09-12 09:00:00,CE,load,1990.44,XY,MW
2047-09-13 10:00:00,NR,load,974.76,XY,MW
2047-09-14 11:00:00,SO,load,634.12,XY,MW
2047-09-15 12:00:00,CE,load,1776.1200000000001,XY,MW
2047-09-16 13:00:00,NR,load,863.37,XY,MW
2047-09-17 14:00:00,SO,load,498.29,XY,MW
2047-09-18 15:00:00,CE,load,2072.52,XY,MW
2047-09-19 16:00:00,NR,load,1017.4200000000001,XY,MW
2047-09-20 17:00:00,SO,load,686.14,XY,MW
2047-09-21 18:00:00,CE,load,2364.36,XY,MW
2047-09-22 19:00:00,NR,load,1169.1,XY,MW
2047-09-23 20:00:00,SO,load,871.1,XY,MW
2047-09-24 21:00:00,CE,load,2546.76,XY,MW
2047-09-25 22:00:00,NR,load,1263.9,XY,MW
2047-09-26 23:00:00,SO,load,986.7,XY,MW
2047-09-28 00:00:00,CE,load,2560.44,XY,MW
2047-09-29 01:00:00,NR,load,1271.01,XY,MW
2047-09-30 02:00:00,SO,load,995.3700000000001,XY,MW
2047-10-01 03:00:00,CE,load,2482.92,XY,MW
2047-10-02 04:00:00,NR,load,1230.72,XY,MW
2047-10-03 05:00:00,SO,load,946.24,XY,MW
2047-10-04 06:00:00,CE,load,2122.6800000000003,XY,MW
2047-10-05 07:00:00,NR,load,1043.49,XY,MW
2047-10-06 08:00:00,SO,load,717.9300000000001,XY,MW
2047-10-07 09:00:00,CE,load,1881.0000000000002,XY,MW
2047-10-08 10:00:00,NR,load,917.8800000000001,XY,MW
2047-10-09 11:00:00,SO,load,564.76,XY,MW
2047-10-10 12:00:00,CE,load,2464.6800000000003,XY,MW
2047-10-11 13:00:00,NR,load,1221.24,XY,MW
2047-10-12 14:00:00,SO,load,934.6800000000001,XY,MW
2047-10-13 15:00:00,CE,load,2560.44,XY,MW
2047-10-14 16:00:00,NR,load,1271.01,XY,MW
2047-10-15 17:00:00,SO,load,995.3700000000001,XY,MW
2047-10-16 18:00:00,CE,load,2578.6800000000003,XY,MW
2047-10-17 19:00:00,NR,load,1280.49,XY,MW
2047-10-18 20:00:00,SO,load,1006.9300000000001,XY,MW
2047-10-19 21:00:00,CE,load,2610.6000000000004,XY,MW
2047-10-20 22:00:00,NR,load,1297.08,XY,MW
2047-10-21 23:00:00,SO,load,1027.16,XY,MW
2047-10-23 00:00:00,CE,load,2537.6400000000003,XY,MW
2047-10-24 01:00:00,NR,load,1259.16,XY,MW
2047-10-25 02:00:00,SO,load,980.9200000000001,XY,MW
2047-10-26 03:00:00,CE,load,2072.52,XY,MW
2047-10-27 04:00:00,NR,load,1017.4200000000001,XY,MW
2047-10-28 05:00:00,SO,load,686.14,XY,MW
2047-10-29 06:00:00,CE,load,1958.5200000000002,XY,MW
2047-10-30 07:00:00,NR,load,958.1700000000001,XY,MW
2047-10-31 08:00:00,SO,load,613.8900000000001,XY,MW
2047-11-01 09:00:00,CE,load,2423.6400000000003,XY,MW
2047-11-02 10:00:00,NR,load,1199.91,XY,MW
2047-11-03 11:00:00,SO,load,908.6700000000001,XY,MW
2047-11-04 12:00:00,CE,load,2391.7200000000003,XY,MW
2047-11-05 13:00:00,NR,load,1183.3200000000002,XY,MW
2047-11-06 14:00:00,SO,load,888.44,XY,MW
2047-11-07 15:00:00,CE,load,2332.44,XY,MW
2047-11-08 16:00:00,NR,load,1152.51,XY,MW
2047-11-09 17:00:00,SO,load,850.87,XY,MW
2047-11-10 18:00:00,CE,load,2286.84,XY,MW
2047-11-11 19:00:00,NR,load,1128.81,XY,MW
2047-11-12 20:00:00,SO,load,821.97,XY,MW
2047-11-13 21:00:00,CE,load,2195.6400000000003,XY,MW
2047-11-14 22:00:00,NR,load,1081.41,XY,MW
2047-11-15 23:00:00,SO,load,764.1700000000001,XY,MW
2047-11-17 00:00:00,CE,load,1876.44,XY,MW
2047-11-18 01:00:00,NR,load,915.51,XY,MW
2047-11-19 02:00:00,SO,load,561.87,XY,MW
2047-11-20 03:00:00,CE,load,1881.0000000000002,XY,MW
2047-11-21 04:00:00,NR,load,917.8800000000001,XY,MW
2047-11-22 05:00:00,SO,load,564.76,XY,MW
2047-11-23 06:00:00,CE,load,2118.12,XY,MW
2047-11-24 07:00:00,NR,load,1041.1200000000001,XY,MW
2047-11-25 08:00:00,SO,load,715.04,XY,MW
2047-11-26 09:00:00,CE,load,2104.44,XY,MW
2047-11-27 10:00:00,NR,load,1034.01,XY,MW
2047-11-28 11:00:00,SO,load,706.37,XY,MW
2047-11-29 12:00:00,CE,load,2086.2000000000003,XY,MW
2047-11-30 13:00:00,NR,load,1024.53,XY,MW
2047-12-01 14:00:00,SO,load,694.8100000000001,XY,MW
2047-12-02 15:00:00,CE,load,2077.08,XY,MW
2047-12-03 16:00:00,NR,load,1019.7900000000001,XY,MW
2047-12-04 17:00:00,SO,load,689.03,XY,MW
2047-12-05 18:00:00,CE,load,1931.16,XY,MW
2047-12-06 19:00:00,NR,load,943.95,XY,MW
2047-12-07 20:00:00,SO,load,596.55,XY,MW
2047-12-08 21:00:00,CE,load,1762.44,XY,MW
2047-12-09 22:00:00,NR,load,856.26,XY,MW
2047-12-10 23:00:00,SO,load,489.62,XY,MW
2047-12-12 00:00:00,CE,load,1826.2800000000002,XY,MW
2047-12-13 01:00:00,NR,load,889.44,XY,MW
2047-12-14 02:00:00,SO,load,530.08,XY,MW
2047-12-15 03:00:00,CE,load,1757.88,XY,MW
2047-12-16 04:00:00,NR,load,853.89,XY,MW
2047-12-17 05:00:00,SO,load,486.73,XY,MW
2047-12-18 06:00:00,CE,load,1835.4,XY,MW
2047-12-19 07:00:00,NR,load,894.1800000000001,XY,MW
2047-12-20 08:00:00,SO,load,535.86,XY,MW
2047-12-21 09:00:00,CE,load,2140.92,XY,MW
2047-12-22 10:00:00,NR,load,1052.97,XY,MW
2047-12-23 11:00:00,SO,load,729.49,XY,MW
2047-12-24 12:00:00,CE,load,2172.84,XY,MW
2047-12-25 13:00:00,NR,load,1069.56,XY,MW
2047-12-26 14:00:00,SO,load,749.72,XY,MW
2047-12-27 15:00:00,CE,load,2040.6000000000001,XY,MW
2047-12-28 16:00:00,NR,load,1000.83,XY,MW
2047-12-29 17:00:00,SO,load,665.91,XY,MW
2047-12-30 18:00:00,CE,load,1935.72,XY,MW
2047-12-31 19:00:00,NR,load,946.32,XY,MW
2048-01-01 20:00:00,SO,load,599.44,XY,MW
2048-01-02 21:00:00,CE,load,1903.8000000000002,XY,MW
2048-01-03 22:00:00,NR,load,929.73,XY,MW
2048-01-04 23:00:00,SO,load,579.21,XY,MW
2045-01-01 00:00:00,CE,store_discharge,0.0,XY,MW
2045-01-02 01:00:00,NR,store_discharge,-6.48,XY,MW
2045-01-03 02:00:00,SO,store_discharge,-3.5999999999999996,XY,MW
2045-01-04 03:00:00,CE,store_discharge,0.0,XY,MW
2045-01-05 04:00:00,NR,store_discharge,6.48,XY,MW
2045-01-06 05:00:00,SO,store_discharge,3.5999999999999996,XY,MW
2045-01-07 06:00:00,CE,store_discharge,0.0,XY,MW
2045-01-08 07:00:00,NR,store_discharge,0.0,XY,MW
2045-01-09 08:00:00,SO,store_discharge,0.0,XY,MW
2045-01-10 09:00:00,CE,store_discharge,0.0,XY,MW
2045-01-11 10:00:00,NR,store_discharge,0.0,XY,MW
2045-01-12 11:00:00,SO,store_discharge,0.0,XY,MW
2045-01-13 12:00:00,CE,store_discharge,0.0,XY,MW
2045-01-14 13:00:00,NR,store_discharge,0.0,XY,MW
2045-01-15 14:00:00,SO,store_discharge,0.0,XY,MW
2045-01-16 15:00:00,CE,store_discharge,0.0,XY,MW
2045-01-17 16:00:00,NR,store_discharge,0.0,XY,MW
2045-01-18 17:00:00,SO,store_discharge,0.0,XY,MW
2045-01-19 18:00:00,CE,store_discharge,-3.69,XY,MW
2045-01-20 19:00:00,NR,store_discharge,-6.21,XY,MW
2045-01-21 20:00:00,SO,store_discharge,-4.5,XY,MW
2045-01-22 21:00:00,CE,store_discharge,3.69,XY,MW
2045-01-23 22:00:00,NR,store_discharge,6.21,XY,MW
2045-01-24 23:00:00,SO,store_discharge,4.5,XY,MW
2045-01-26 00:00:00,CE,store_discharge,0.0,XY,MW
2045-01-27 01:00:00,NR,store_discharge,0.0,XY,MW
2045-01-28 02:00:00,SO,store_discharge,0.0,XY,MW
2045-01-29 03:00:00,CE,store_discharge,0.0,XY,MW
2045-01-30 04:00:00,NR,store_discharge,0.0,XY,MW
2045-01-31 05:00:00,SO,store_discharge,0.0,XY,MW
2045-02-01 06:00:00,CE,store_discharge,0.0,XY,MW
2045-02-02 07:00:00,NR,store_discharge,0.0,XY,MW
2045-02-03 08:00:00,SO,store_discharge,0.0,XY,MW
2045-02-04 09:00:00,CE,store_discharge,0.0,XY,MW
2045-02-05 10:00:00,NR,store_discharge,0.0,XY,MW
2045-02-06 11:00:00,SO,store_discharge,0.0,XY,MW
2045-02-07 12:00:00,CE,store_discharge,0.0,XY,MW
2045-02-08 13:00:00,NR,store_discharge,0.0,XY,MW
2045-02-09 14:00:00,SO,store_discharge,0.0,XY,MW
2045-02-10 15:00:00,CE,store_discharge,0.0,XY,MW
2045-02-11 16:00:00,NR,store_discharge,0.0,XY,MW
2045-02-12 17:00:00,SO,store_discharge,0.0,XY,MW
2045-02-13 18:00:00,CE,store_discharge,0.0,XY,MW
2045-02-14 19:00:00,NR,store_discharge,0.0,XY,MW
2045-02-15 20:00:00,SO,store_discharge,0.0,XY,MW
2045-02-16 21:00:00,CE,store_discharge,0.0,XY,MW
2045-02-17 22:00:00,NR,store_discharge,0.0,XY,MW
2045-02-18 23:00:00,SO,store_discharge,0.0,XY,MW
2045-02-20 00:00:00,CE,store_discharge,0.0,XY,MW
2045-02-21 01:00:00,NR,store_discharge,0.0,XY,MW
2045-02-22 02:00:00,SO,store_discharge,0.0,XY,MW
2045-02-23 03:00:00,CE,store_discharge,0.0,XY,MW
2045-02-24 04:00:00,NR,store_discharge,0.0,XY,MW
2045-02-25 05:00:00,SO,store_discharge,0.0,XY,MW
2045-02-26 06:00:00,CE,store_discharge,0.0,XY,MW
2045-02-27 07:00:00,NR,store_discharge,0.0,XY,MW
2045-02-28 08:00:00,SO,store_discharge,0.0,XY,MW
2045-03-01 09:00:00,CE,store_discharge,0.0,XY,MW
2045-03-02 10:00:00,NR,store_discharge,0.0,XY,MW
2045-03-03 11:00:00,SO,store_discharge,0.0,XY,MW
2045-03-04 12:00:00,CE,store_discharge,0.0,XY,MW
2045-03-05 13:00:00,NR,store_discharge,0.0,XY,MW
2045-03-06 14:00:00,SO,store_discharge,0.0,XY,MW
2045-03-07 15:00:00,CE,store_discharge,0.0,XY,MW
2045-03-08 16:00:00,NR,store_discharge,0.0,XY,MW
2045-03-09 17:00:00,SO,store_discharge,0.0,XY,MW
2045-03-10 18:00:00,CE,store_discharge,0.0,XY,MW
2045-03-11 19:00:00,NR,store_discharge,0.0,XY,MW
2045-03-12 20:00:00,SO,store_discharge,0.0,XY,MW
2045-03-13 21:00:00,CE,store_discharge,0.0,XY,MW
2045-03-14 22:00:00,NR,store_discharge,0.0,XY,MW
2045-03-15 23:00:00,SO,store_discharge,0.0,XY,MW
2045-03-17 00:00:00,CE,store_discharge,0.0,XY,MW
2045-03-18 01:00:00,NR,store_discharge,0.0,XY,MW
2045-03-19 02:00:00,SO,store_discharge,0.0,XY,MW
2045-03-20 03:00:00,CE,store_discharge,0.0,XY,MW
2045-03-21 04:00:00,NR,store_discharge,0.0,XY,MW
2045-03-22 05:00:00,SO,store_discharge,0.0,XY,MW
2045-03-23 06:00:00,CE,store_discharge,0.0,XY,MW
2045-03-24 07:00:00,NR,store_discharge,0.0,XY,MW
2045-03-25 08:00:00,SO,store_discharge,0.0,XY,MW
2045-03-26 09:00:00,CE,store_discharge,0.0,XY,MW
2045-03-27 10:00:00,NR,store_discharge,0.0,XY,MW
2045-03-28 11:00:00,SO,store_discharge,0.0,XY,MW
2045-03-29 12:00:00,CE,store_discharge,0.0,XY,MW
2045-03-30 13:00:00,NR,store_discharge,0.0,XY,MW
2045-03-31 14:00:00,SO,store_discharge,0.0,XY,MW
2045-04-01 15:00:00,CE,store_discharge,0.0,XY,MW
2045-04-02 16:00:00,NR,store_discharge,0.0,XY,MW
2045-04-03 17:00:00,SO,store_discharge,0.0,XY,MW
2045-04-04 18:00:00,CE,store_discharge,-3.69,XY,MW
2045-04-05 19:00:00,NR,store_discharge,-6.21,XY,MW
2045-04-06 20:00:00,SO,store_discharge,-4.5,XY,MW
2045-04-07 21:00:00,CE,store_discharge,3.69,XY,MW
2045-04-08 22:00:00,NR,store_discharge,6.21,XY,MW
2045-04-09 23:00:00,SO,store_discharge,4.5,XY,MW
2045-04-11 00:00:00,CE,store_discharge,0.0,XY,MW
2045-04-12 01:00:00,NR,store_discharge,0.0,XY,MW
2045-04-13 02:00:00,SO,store_discharge,0.0,XY,MW
2045-04-14 03:00:00,CE,store_discharge,0.0,XY,MW
2045-04-15 04:00:00,NR,store_discharge,0.0,XY,MW
2045-04-16 05:00:00,SO,store_discharge,0.0,XY,MW
2045-04-17 06:00:00,CE,store_discharge,0.0,XY,MW
2045-04-18 07:00:00,NR,store_discharge,0.0,XY,MW
2045-04-19 08:00:00,SO,store_discharge,0.0,XY,MW
2045-04-20 09:00:00,CE,store_discharge,0.0,XY,MW
2045-04-21 10:00:00,NR,store_discharge,0.0,XY,MW
2045-04-22 11:00:00,SO,store_discharge,0.0,XY,MW
2045-04-23 12:00:00,CE,store_discharge,0.0,XY,MW
2045-04-24 13:00:00,NR,store_discharge,0.0,XY,MW
2045-04-25 14:00:00,SO,store_discharge,0.0,XY,MW
2045-04-26 15:00:00,CE,store_discharge,0.0,XY,MW
2045-04-27 16:00:00,NR,store_discharge,0.0,XY,MW
2045-04-28 17:00:00,SO,store_discharge,0.0,XY,MW
2045-04-29 18:00:00,CE,store_discharge,0.0,XY,MW
2045-04-30 19:00:00,NR,store_discharge,0.0,XY,MW
2045-05-01 20:00:00,SO,store_discharge,0.0,XY,MW
2045-05-02 21:00:00,CE,store_discharge,0.0,XY,MW
2045-05-03 22:00:00,NR,store_discharge,0.0,XY,MW
2045-05-04 23:00:00,SO,store_discharge,0.0,XY,MW
2045-05-06 00:00:00,CE,store_discharge,0.0,XY,MW
2045-05-07 01:00:00,NR,store_discharge,0.0,XY,MW
2045-05-08 02:00:00,SO,store_discharge,0.0,XY,MW
2045-05-09 03:00:00,CE,store_discharge,0.0,XY,MW
2045-05-10 04:00:00,NR,store_discharge,0.0,XY,MW
2045-05-11 05:00:00,SO,store_discharge,0.0,XY,MW
2045-05-12 06:00:00,CE,store_discharge,0.0,XY,MW
2045-05-13 07:00:00,NR,store_discharge,0.0,XY,MW
2045-05-14 08:00:00,SO,store_discharge,0.0,XY,MW
2045-05-15 09:00:00,CE,store_discharge,0.0,XY,MW
2045-05-16 10:00:00,NR,store_discharge,0.0,XY,MW
2045-05-17 11:00:00,SO,store_discharge,0.0,XY,MW
2045-05-18 12:00:00,CE,store_discharge,0.0,XY,MW
2045-05-19 13:00:00,NR,store_discharge,0.0,XY,MW
2045-05-20 14:00:00,SO,store_discharge,0.0,XY,MW
2045-05-21 15:00:00,CE,store_discharge,0.0,XY,MW
2045-05-22 16:00:00,NR,store_discharge,0.0,XY,MW
2045-05-23 17:00:00,SO,store_discharge,0.0,XY,MW
2045-05-24 18:00:00,CE,store_discharge,0.0,XY,MW
2045-05-25 19:00:00,NR,store_discharge,0.0,XY,MW
2045-05-26 20:00:00,SO,store_discharge,0.0,XY,MW
2045-05-27 21:00:00,CE,store_discharge,0.0,XY,MW
2045-05-28 22:00:00,NR,store_discharge,0.0,XY,MW
2045-05-29 23:00:00,SO,store_discharge,0.0,XY,MW
2045-05-31 00:00:00,CE,store_discharge,0.0,XY,MW
2045-06-01 01:00:00,NR,store_discharge,0.0,XY,MW
2045-06-02 02:00:00,SO,store_discharge,0.0,XY,MW
2045-06-03 03:00:00,CE,store_discharge,0.0,XY,MW
2045-06-04 04:00:00,NR,store_discharge,0.0,XY,MW
2045-06-05 05:00:00,SO,store_discharge,0.0,XY,MW
2045-06-06 06:00:00,CE,store_discharge,0.0,XY,MW
2045-06-07 07:00:00,NR,store_discharge,0.0,XY,MW
2045-06-08 08:00:00,SO,store_discharge,0.0,XY,MW
2045-06-09 09:00:00,CE,store_discharge,0.0,XY,MW
2045-06-10 10:00:00,NR,store_discharge,0.0,XY,MW
2045-06-11 11:00:00,SO,store_discharge,0.0,XY,MW
2045-06-12 12:00:00,CE,store_discharge,0.0,XY,MW
2045-06-13 13:00:00,NR,store_discharge,0.0,XY,MW
2045-06-14 14:00:00,SO,store_discharge,0.0,XY,MW
2045-06-15 15:00:00,CE,store_discharge,0.0,XY,MW
2045-06-16 16:00:00,NR,store_discharge,0.0,XY,MW
2045-06-17 17:00:00,SO,store_discharge,0.0,XY,MW
2045-06-18 18:00:00,CE,store_discharge,-3.69,XY,MW
2045-06-19 19:00:00,NR,store_discharge,-6.21,XY,MW
2045-06-20 20:00:00,SO,store_discharge,-4.5,XY,MW
2045-06-21 21:00:00,CE,store_discharge,3.69,XY,MW
2045-06-22 22:00:00,NR,store_discharge,6.21,XY,MW
2045-06-23 23:00:00,SO,store_discharge,4.5,XY,MW
2045-06-25 00:00:00,CE,store_discharge,0.0,XY,MW
2045-06-26 01:00:00,NR,store_discharge,0.0,XY,MW
2045-06-27 02:00:00,SO,store_discharge,0.0,XY,MW
2045-06-28 03:00:00,CE,store_discharge,0.0,XY,MW
2045-06-29 04:00:00,NR,store_discharge,0.0,XY,MW
2045-06-30 05:00:00,SO,store_discharge,0.0,XY,MW
2045-07-01 06:00:00,CE,store_discharge,0.0,XY,MW
2045-07-02 07:00:00,NR,store_discharge,0.0,XY,MW
2045-07-03 08:00:00,SO,store_discharge,0.0,XY,MW
2045-07-04 09:00:00,CE,store_discharge,0.0,XY,MW
2045-07-05 10:00:00,NR,store_discharge,0.0,XY,MW
2045-07-06 11:00:00,SO,store_discharge,0.0,XY,MW
2045-07-07 12:00:00,CE,store_discharge,0.0,XY,MW
2045-07-08 13:00:00,NR,store_discharge,0.0,XY,MW
2045-07-09 14:00:00,SO,store_discharge,0.0,XY,MW
2045-07-10 15:00:00,CE,store_discharge,0.0,XY,MW
2045-07-11 16:00:00,NR,store_discharge,0.0,XY,MW
2045-07-12 17:00:00,SO,store_discharge,0.0,XY,MW
2045-07-13 18:00:00,CE,store_discharge,0.0,XY,MW
2045-07-14 19:00:00,NR,store_discharge,0.0,XY,MW
2045-07-15 20:00:00,SO,store_discharge,0.0,XY,MW
2045-07-16 21:00:00,CE,store_discharge,0.0,XY,MW
2045-07-17 22:00:00,NR,store_discharge,0.0,XY,MW
2045-07-18 23:00:00,SO,store_discharge,0.0,XY,MW
2045-07-20 00:00:00,CE,store_discharge,0.0,XY,MW
2045-07-21 01:00:00,NR,store_discharge,0.0,XY,MW
2045-07-22 02:00:00,SO,store_discharge,0.0,XY,MW
2045-07-23 03:00:00,CE,store_discharge,0.0,XY,MW
2045-07-24 04:00:00,NR,store_discharge,0.0,XY,MW
2045-07-25 05:00:00,SO,store_discharge,0.0,XY,MW
2045-07-26 06:00:00,CE,store_discharge,0.0,XY,MW
2045-07-27 07:00:00,NR,store_discharge,0.0,XY,MW
2045-07-28 08:00:00,SO,store_discharge,0.0,XY,MW
2045-07-29 09:00:00,CE,store_discharge,0.0,XY,MW
2045-07-30 10:00:00,NR,store_discharge,0.0,XY,MW
2045-07-31 11:00:00,SO,store_discharge,0.0,XY,MW
2045-08-01 12:00:00,CE,store_discharge,0.0,XY,MW
2045-08-02 13:00:00,NR,store_discharge,0.0,XY,MW
2045-08-03 14:00:00,SO,store_discharge,0.0,XY,MW
2045-08-04 15:00:00,CE,store_discharge,0.0,XY,MW
2045-08-05 16:00:00,NR,store_discharge,0.0,XY,MW
2045-08-06 17:00:00,SO,store_discharge,0.0,XY,MW
2045-08-07 18:00:00,CE,store_discharge,0.0,XY,MW
2045-08-08 19:00:00,NR,store_discharge,0.0,XY,MW
2045-08-09 20:00:00,SO,store_discharge,0.0,XY,MW
2045-08-10 21:00:00,CE,store_discharge,0.0,XY,MW
2045-08-11 22:00:00,NR,store_discharge,0.0,XY,MW
2045-08-12 23:00:00,SO,store_discharge,0.0,XY,MW
2045-08-14 00:00:00,CE,store_discharge,0.0,XY,MW
2045-08-15 01:00:00,NR,store_discharge,0.0,XY,MW
2045-08-16 02:00:00,SO,store_discharge,0.0,XY,MW
2045-08-17 03:00:00,CE,store_discharge,0.0,XY,MW
2045-08-18 04:00:00,NR,store_discharge,0.0,XY,MW
2045-08-19 05:00:00,SO,store_discharge,0.0,XY,MW
2045-08-20 06:00:00,CE,store_discharge,0.0,XY,MW
2045-08-21 07:00:00,NR,store_discharge,0.0,XY,MW
2045-08-22 08:00:00,SO,store_discharge,0.0,XY,MW
2045-08-23 09:00:00,CE,store_discharge,0.0,XY,MW
2045-08-24 10:00:00,NR,store_discharge,0.0,XY,MW
2045-08-25 11:00:00,SO,store_discharge,0.0,XY,MW
2045-08-26 12:00:00,CE,store_discharge,0.0,XY,MW
2045-08-27 13:00:00,NR,store_discharge,0.0,XY,MW
2045-08-28 14:00:00,SO,store_discharge,0.0,XY,MW
2045-08-29 15:00:00,CE,store_discharge,0.0,XY,MW
2045-08-30 16:00:00,NR,store_discharge,0.0,XY,MW
2045-08-31 17:00:00,SO,store_discharge,0.0,XY,MW
2045-09-01 18:00:00,CE,store_discharge,-3.69,XY,MW
2045-09-02 19:00:00,NR,store_discharge,-6.21,XY,MW
2045-09-03 20:00:00,SO,store_discharge,-4.5,XY,MW
2045-09-04 21:00:00,CE,store_discharge,3.69,XY,MW
2045-09-05 22:00:00,NR,store_discharge,6.21,XY,MW
2045-09-06 23:00:00,SO,store_discharge,4.5,XY,MW
2045-09-08 00:00:00,CE,store_discharge,0.0,XY,MW
2045-09-09 01:00:00,NR,store_discharge,0.0,XY,MW
2045-09-10 02:00:00,SO,store_discharge,0.0,XY,MW
2045-09-11 03:00:00,CE,store_discharge,0.0,XY,MW
2045-09-12 04:00:00,NR,store_discharge,0.0,XY,MW
2045-09-13 05:00:00,SO,store_discharge,0.0,XY,MW
2045-09-14 06:00:00,CE,store_discharge,0.0,XY,MW
2045-09-15 07:00:00,NR,store_discharge,0.0,XY,MW
2045-09-16 08:00:00,SO,store_discharge,0.0,XY,MW
2045-09-17 09:00:00,CE,store_discharge,0.0,XY,MW
2045-09-18 10:00:00,NR,store_discharge,0.0,XY,MW
2045-09-19 11:00:00,SO,store_discharge,0.0,XY,MW
2045-09-20 12:00:00,CE,store_discharge,0.0,XY,MW
2045-09-21 13:00:00,NR,store_discharge,0.0,XY,MW
2045-09-22 14:00:00,SO,store_discharge,0.0,XY,MW
2045-09-23 15:00:00,CE,store_discharge,0.0,XY,MW
2045-09-24 16:00:00,NR,store_discharge,0.0,XY,MW
2045-09-25 17:00:00,SO,store_discharge,0.0,XY,MW
2045-09-26 18:00:00,CE,store_discharge,0.0,XY,MW
2045-09-27 19:00:00,NR,store_discharge,0.0,XY,MW
2045-09-28 20:00:00,SO,store_discharge,0.0,XY,MW
2045-09-29 21:00:00,CE,store_discharge,0.0,XY,MW
2045-09-30 22:00:00,NR,store_discharge,0.0,XY,MW
2045-10-01 23:00:00,SO,store_discharge,0.0,XY,MW
2045-10-03 00:00:00,CE,store_discharge,0.0,XY,MW
2045-10-04 01:00:00,NR,store_discharge,0.0,XY,MW
2045-10-05 02:00:00,SO,store_discharge,0.0,XY,MW
2045-10-06 03:00:00,CE,store_discharge,0.0,XY,MW
2045-10-07 04:00:00,NR,store_discharge,0.0,XY,MW
2045-10-08 05:00:00,SO,store_discharge,0.0,XY,MW
2045-10-09 06:00:00,CE,store_discharge,0.0,XY,MW
2045-10-10 07:00:00,NR,store_discharge,0.0,XY,MW
2045-10-11 08:00:00,SO,store_discharge,0.0,XY,MW
2045-10-12 09:00:00,CE,store_discharge,0.0,XY,MW
2045-10-13 10:00:00,NR,store_discharge,0.0,XY,MW
2045-10-14 11:00:00,SO,store_discharge,0.0,XY,MW
2045-10-15 12:00:00,CE,store_discharge,0.0,XY,MW
2045-10-16 13:00:00,NR,store_discharge,0.0,XY,MW
2045-10-17 14:00:00,SO,store_discharge,0.0,XY,MW
2045-10-18 15:00:00,CE,store_discharge,0.0,XY,MW
2045-10-19 16:00:00,NR,store_discharge,0.0,XY,MW
2045-10-20 17:00:00,SO,store_discharge,0.0,XY,MW
2045-10-21 18:00:00,CE,store_discharge,0.0,XY,MW
2045-10-22 19:00:00,NR,store_discharge,0.0,XY,MW
2045-10-23 20:00:00,SO,store_discharge,0.0,XY,MW
2045-10-24 21:00:00,CE,store_discharge,0.0,XY,MW
2045-10-25 22:00:00,NR,store_discharge,0.0,XY,MW
2045-10-26 23:00:00,SO,store_discharge,0.0,XY,MW
2045-10-28 00:00:00,CE,store_discharge,0.0,XY,MW
2045-10-29 01:00:00,NR,store_discharge,0.0,XY,MW
2045-10-30 02:00:00,SO,store_discharge,0.0,XY,MW
2045-10-31 03:00:00,CE,store_discharge,0.0,XY,MW
2045-11-01 04:00:00,NR,store_discharge,0.0,XY,MW
2045-11-02 05:00:00,SO,store_discharge,0.0,XY,MW
2045-11-03 06:00:00,CE,store_discharge,0.0,XY,MW
2045-11-04 07:00:00,NR,store_discharge,0.0,XY,MW
2045-11-05 08:00:00,SO,store_discharge,0.0,XY,MW
2045-11-06 09:00:00,CE,store_discharge,0.0,XY,MW
2045-11-07 10:00:00,NR,store_discharge,0.0,XY,MW
2045-11-08 11:00:00,SO,store_discharge,0.0,XY,MW
2045-11-09 12:00:00,CE,store_discharge,0.0,XY,MW
2045-11-10 13:00:00,NR,store_discharge,0.0,XY,MW
2045-11-11 14:00:00,SO,store_discharge,0.0,XY,MW
2045-11-12 15:00:00,CE,store_discharge,-3.69,XY,MW
2045-11-13 16:00:00,NR,store_discharge,-6.21,XY,MW
2045-11-14 17:00:00,SO,store_discharge,-4.5,XY,MW
2045-11-15 18:00:00,CE,store_discharge,3.69,XY,MW
2045-11-16 19:00:00,NR,store_discharge,6.21,XY,MW
2045-11-17 20:00:00,SO,store_discharge,4.5,XY,MW
2045-11-18 21:00:00,CE,store_discharge,0.0,XY,MW
2045-11-19 22:00:00,NR,store_discharge,0.0,XY,MW
2045-11-20 23:00:00,SO,store_discharge,0.0,XY,MW
2045-11-22 00:00:00,CE,store_discharge,0.0,XY,MW
2045-11-23 01:00:00,NR,store_discharge,0.0,XY,MW
2045-11-24 02:00:00,SO,store_discharge,0.0,XY,MW
2045-11-25 03:00:00,CE,store_discharge,0.0,XY,MW
2045-11-26 04:00:00,NR,store_discharge,0.0,XY,MW
2045-11-27 05:00:00,SO,store_discharge,0.0,XY,MW
2045-11-28 06:00:00,CE,store_discharge,0.0,XY,MW
2045-11-29 07:00:00,NR,store_discharge,0.0,XY,MW
2045-11-30 08:00:00,SO,store_discharge,0.0,XY,MW
2045-12-01 09:00:00,CE,store_discharge,0.0,XY,MW
2045-12-02 10:00:00,NR,store_discharge,0.0,XY,MW
2045-12-03 11:00:00,SO,store_discharge,0.0,XY,MW
2045-12-04 12:00:00,CE,store_discharge,0.0,XY,MW
2045-12-05 13:00:00,NR,store_discharge,0.0,XY,MW
2045-12-06 14:00:00,SO,store_discharge,0.0,XY,MW
2045-12-07 15:00:00,CE,store_discharge,0.0,XY,MW
2045-12-08 16:00:00,NR,store_discharge,0.0,XY,MW
2045-12-09 17:00:00,SO,store_discharge,0.0,XY,MW
2045-12-10 18:00:00,CE,store_discharge,0.0,XY,MW
2045-12-11 19:00:00,NR,store_discharge,0.0,XY,MW
2045-12-12 20:00:00,SO,store_discharge,0.0,XY,MW
2045-12-13 21:00:00,CE,store_discharge,0.0,XY,MW
2045-12-14 22:00:00,NR,store_discharge,0.0,XY,MW
2045-12-15 23:00:00,SO,store_discharge,0.0,XY,MW
2045-12-17 00:00:00,CE,store_discharge,0.0,XY,MW
2045-12-18 01:00:00,NR,store_discharge,0.0,XY,MW
2045-12-19 02:00:00,SO,store_discharge,0.0,XY,MW
2045-12-20 03:00:00,CE,store_discharge,0.0,XY,MW
2045-12-21 04:00:00,NR,store_discharge,0.0,XY,MW
2045-12-22 05:00:00,SO,store_discharge,0.0,XY,MW
2045-12-23 06:00:00,CE,store_discharge,0.0,XY,MW
2045-12-24 07:00:00,NR,store_discharge,0.0,XY,MW
2045-12-25 08:00:00,SO,store_discharge,0.0,XY,MW
2045-12-26 09:00:00,CE,store_discharge,0.0,XY,MW
2045-12-27 10:00:00,NR,store_discharge,0.0,XY,MW
2045-12-28 11:00:00,SO,store_discharge,0.0,XY,MW
2045-12-29 12:00:00,CE,store_discharge,0.0,XY,MW
2045-12-30 13:00:00,NR,store_discharge,0.0,XY,MW
2045-12-31 14:00:00,SO,store_discharge,0.0,XY,MW
2046-01-01 15:00:00,CE,store_discharge,0.0,XY,MW
2046-01-02 16:00:00,NR,store_discharge,0.0,XY,MW
2046-01-03 17:00:00,SO,store_discharge,0.0,XY,MW
2046-01-04 18:00:00,CE,store_discharge,0.0,XY,MW
2046-01-05 19:00:00,NR,store_discharge,0.0,XY,MW
2046-01-06 20:00:00,SO,store_discharge,0.0,XY,MW
2046-01-07 21:00:00,CE,store_discharge,0.0,XY,MW
2046-01-08 22:00:00,NR,store_discharge,0.0,XY,MW
2046-01-09 23:00:00,SO,store_discharge,0.0,XY,MW
2046-01-11 00:00:00,CE,store_discharge,0.0,XY,MW
2046-01-12 01:00:00,NR,store_discharge,0.0,XY,MW
2046-01-13 02:00:00,SO,store_discharge,0.0,XY,MW
2046-01-14 03:00:00,CE,store_discharge,0.0,XY,MW
2046-01-15 04:00:00,NR,store_discharge,0.0,XY,MW
2046-01-16 05:00:00,SO,store_discharge,0.0,XY,MW
2046-01-17 06:00:00,CE,store_discharge,0.0,XY,MW
2046-01-18 07:00:00,NR,store_discharge,0.0,XY,MW
2046-01-19 08:00:00,SO,store_discharge,0.0,XY,MW
2046-01-20 09:00:00,CE,store_discharge,0.0,XY,MW
2046-01-21 10:00:00,NR,store_discharge,0.0,XY,MW
2046-01-22 11:00:00,SO,store_discharge,0.0,XY,MW
2046-01-23 12:00:00,CE,store_discharge,0.0,XY,MW
2046-01-24 13:00:00,NR,store_discharge,0.0,XY,MW
2046-01-25 14:00:00,SO,store_discharge,0.0,XY,MW
2046-01-26 15:00:00,CE,store_discharge,-3.69,XY,MW
2046-01-27 16:00:00,NR,store_discharge,-6.21,XY,MW
2046-01-28 17:00:00,SO,store_discharge,-4.5,XY,MW
2046-01-29 18:00:00,CE,store_discharge,3.69,XY,MW
2046-01-30 19:00:00,NR,store_discharge,6.21,XY,MW
2046-01-31 20:00:00,SO,store_discharge,4.5,XY,MW
2046-02-01 21:00:00,CE,store_discharge,0.0,XY,MW
2046-02-02 22:00:00,NR,store_discharge,0.0,XY,MW
2046-02-03 23:00:00,SO,store_discharge,0.0,XY,MW
2046-02-05 00:00:00,CE,store_discharge,0.0,XY,MW
2046-02-06 01:00:00,NR,store_discharge,0.0,XY,MW
2046-02-07 02:00:00,SO,store_discharge,0.0,XY,MW
2046-02-08 03:00:00,CE,store_discharge,0.0,XY,MW
2046-02-09 04:00:00,NR,store_discharge,0.0,XY,MW
2046-02-10 05:00:00,SO,store_discharge,0.0,XY,MW
2046-02-11 06:00:00,CE,store_discharge,0.0,XY,MW
2046-02-12 07:00:00,NR,store_discharge,0.0,XY,MW
2046-02-13 08:00:00,SO,store_discharge,0.0,XY,MW
2046-02-14 09:00:00,CE,store_discharge,0.0,XY,MW
2046-02-15 10:00:00,NR,store_discharge,0.0,XY,MW
2046-02-16 11:00:00,SO,store_discharge,0.0,XY,MW
2046-02-17 12:00:00,CE,store_discharge,0.0,XY,MW
2046-02-18 13:00:00,NR,store_discharge,0.0,XY,MW
2046-02-19 14:00:00,SO,store_discharge,0.0,XY,MW
2046-02-20 15:00:00,CE,store_discharge,0.0,XY,MW
2046-02-21 16:00:00,NR,store_discharge,0.0,XY,MW
2046-02-22 17:00:00,SO,store_discharge,0.0,XY,MW
2046-02-23 18:00:00,CE,store_discharge,0.0,XY,MW
2046-02-24 19:00:00,NR,store_discharge,0.0,XY,MW
2046-02-25 20:00:00,SO,store_discharge,0.0,XY,MW
2046-02-26 21:00:00,CE,store_discharge,0.0,XY,MW
2046-02-27 22:00:00,NR,store_discharge,0.0,XY,MW
2046-02-28 23:00:00,SO,store_discharge,0.0,XY,MW
2046-03-02 00:00:00,CE,store_discharge,0.0,XY,MW
2046-03-03 01:00:00,NR,store_discharge,0.0,XY,MW
2046-03-04 02:00:00,SO,store_discharge,0.0,XY,MW
2046-03-05 03:00:00,CE,store_discharge,0.0,XY,MW
2046-03-06 04:00:00,NR,store_discharge,0.0,XY,MW
2046-03-07 05:00:00,SO,store_discharge,0.0,XY,MW
2046-03-08 06:00:00,CE,store_discharge,0.0,XY,MW
2046-03-09 07:00:00,NR,store_discharge,0.0,XY,MW
2046-03-10 08:00:00,SO,store_discharge,0.0,XY,MW
2046-03-11 09:00:00,CE,store_discharge,0.0,XY,MW
2046-03-12 10:00:00,NR,store_discharge,0.0,XY,MW
2046-03-13 11:00:00,SO,store_discharge,0.0,XY,MW
2046-03-14 12:00:00,CE,store_discharge,0.0,XY,MW
2046-03-15 13:00:00,NR,store_discharge,0.0,XY,MW
2046-03-16 14:00:00,SO,store_discharge,0.0,XY,MW
2046-03-17 15:00:00,CE,store_discharge,0.0,XY,MW
2046-03-18 16:00:00,NR,store_discharge,0.0,XY,MW
2046-03-19 17:00:00,SO,store_discharge,0.0,XY,MW
2046-03-20 18:00:00,CE,store_discharge,0.0,XY,MW
2046-03-21 19:00:00,NR,store_discharge,0.0,XY,MW
2046-03-22 20:00:00,SO,store_discharge,0.0,XY,MW
2046-03-23 21:00:00,CE,store_discharge,0.0,XY,MW
2046-03-24 22:00:00,NR,store_discharge,0.0,XY,MW
2046-03-25 23:00:00,SO,store_discharge,0.0,XY,MW
2046-03-27 00:00:00,CE,store_discharge,0.0,XY,MW
2046-03-28 01:00:00,NR,store_discharge,0.0,XY,MW
2046-03-29 02:00:00,SO,store_discharge,0.0,XY,MW
2046-03-30 03:00:00,CE,store_discharge,0.0,XY,MW
2046-03-31 04:00:00,NR,store_discharge,0.0,XY,MW
2046-04-01 05:00:00,SO,store_discharge,0.0,XY,MW
2046-04-02 06:00:00,CE,store_discharge,0.0,XY,MW
2046-04-03 07:00:00,NR,store_discharge,0.0,XY,MW
2046-04-04 08:00:00,SO,store_discharge,0.0,XY,MW
2046-04-05 09:00:00,CE,store_discharge,0.0,XY,MW
2046-04-06 10:00:00,NR,store_discharge,0.0,XY,MW
2046-04-07 11:00:00,SO,store_discharge,0.0,XY,MW
2046-04-08 12:00:00,CE,store_discharge,0.0,XY,MW
2046-04-09 13:00:00,NR,store_discharge,0.0,XY,MW
2046-04-10 14:00:00,SO,store_discharge,0.0,XY,MW
2046-04-11 15:00:00,CE,store_discharge,-3.69,XY,MW
2046-04-12 16:00:00,NR,store_discharge,-6.21,XY,MW
2046-04-13 17:00:00,SO,store_discharge,-4.5,XY,MW
2046-04-14 18:00:00,CE,store_discharge,3.69,XY,MW
2046-04-15 19:00:00,NR,store_discharge,6.21,XY,MW
2046-04-16 20:00:00,SO,store_discharge,4.5,XY,MW
2046-04-17 21:00:00,CE,store_discharge,0.0,XY,MW
2046-04-18 22:00:00,NR,store_discharge,0.0,XY,MW
2046-04-19 23:00:00,SO,store_discharge,0.0,XY,MW
2046-04-21 00:00:00,CE,store_discharge,0.0,XY,MW
2046-04-22 01:00:00,NR,store_discharge,0.0,XY,MW
2046-04-23 02:00:00,SO,store_discharge,0.0,XY,MW
2046-04-24 03:00:00,CE,store_discharge,0.0,XY,MW
2046-04-25 04:00:00,NR,store_discharge,0.0,XY,MW
2046-04-26 05:00:00,SO,store_discharge,0.0,XY,MW
2046-04-27 06:00:00,CE,store_discharge,0.0,XY,MW
2046-04-28 07:00:00,NR,store_discharge,0.0,XY,MW
2046-04-29 08:00:00,SO,store_discharge,0.0,XY,MW
2046-04-30 09:00:00,CE,store_discharge,0.0,XY,MW
2046-05-01 10:00:00,NR,store_discharge,0.0,XY,MW
2046-05-02 11:00:00,SO,store_discharge,0.0,XY,MW
2046-05-03 12:00:00,CE,store_discharge,0.0,XY,MW
2046-05-04 13:00:00,NR,store_discharge,0.0,XY,MW
2046-05-05 14:00:00,SO,store_discharge,0.0,XY,MW
2046-05-06 15:00:00,CE,store_discharge,0.0,XY,MW
2046-05-07 16:00:00,NR,store_discharge,0.0,XY,MW
2046-05-08 17:00:00,SO,store_discharge,0.0,XY,MW
2046-05-09 18:00:00,CE,store_discharge,0.0,XY,MW
2046-05-10 19:00:00,NR,store_discharge,0.0,XY,MW
2046-05-11 20:00:00,SO,store_discharge,0.0,XY,MW
2046-05-12 21:00:00,CE,store_discharge,0.0,XY,MW
2046-05-13 22:00:00,NR,store_discharge,0.0,XY,MW
2046-05-14 23:00:00,SO,store_discharge,0.0,XY,MW
2046-05-16 00:00:00,CE,store_discharge,0.0,XY,MW
2046-05-17 01:00:00,NR,store_discharge,0.0,XY,MW
2046-05-18 02:00:00,SO,store_discharge,0.0,XY,MW
2046-05-19 03:00:00,CE,store_discharge,0.0,XY,MW
2046-05-20 04:00:00,NR,store_discharge,0.0,XY,MW
2046-05-21 05:00:00,SO,store_discharge,0.0,XY,MW
2046-05-22 06:00:00,CE,store_discharge,0.0,XY,MW
2046-05-23 07:00:00,NR,store_discharge,0.0,XY,MW
2046-05-24 08:00:00,SO,store_discharge,0.0,XY,MW
2046-05-25 09:00:00,CE,store_discharge,0.0,XY,MW
2046-05-26 10:00:00,NR,store_discharge,0.0,XY,MW
2046-05-27 11:00:00,SO,store_discharge,0.0,XY,MW
2046-05-28 12:00:00,CE,store_discharge,0.0,XY,MW
2046-05-29 13:00:00,NR,store_discharge,0.0,XY,MW
2046-05-30 14:00:00,SO,store_discharge,0.0,XY,MW
2046-05-31 15:00:00,CE,store_discharge,0.0,XY,MW
2046-06-01 16:00:00,NR,store_discharge,0.0,XY,MW
2046-06-02 17:00:00,SO,store_discharge,0.0,XY,MW
2046-06-03 18:00:00,CE,store_discharge,0.0,XY,MW
2046-06-04 19:00:00,NR,store_discharge,0.0,XY,MW
2046-06-05 20:00:00,SO,store_discharge,0.0,XY,MW
2046-06-06 21:00:00,CE,store_discharge,0.0,XY,MW
2046-06-07 22:00:00,NR,store_discharge,0.0,XY,MW
2046-06-08 23:00:00,SO,store_discharge,0.0,XY,MW
2046-06-10 00:00:00,CE,store_discharge,0.0,XY,MW
2046-06-11 01:00:00,NR,store_discharge,0.0,XY,MW
2046-06-12 02:00:00,SO,store_discharge,0.0,XY,MW
2046-06-13 03:00:00,CE,store_discharge,0.0,XY,MW
2046-06-14 04:00:00,NR,store_discharge,0.0,XY,MW
2046-06-15 05:00:00,SO,store_discharge,0.0,XY,MW
2046-06-16 06:00:00,CE,store_discharge,0.0,XY,MW
2046-06-17 07:00:00,NR,store_discharge,0.0,XY,MW
2046-06-18 08:00:00,SO,store_discharge,0.0,XY,MW
2046-06-19 09:00:00,CE,store_discharge,0.0,XY,MW
2046-06-20 10:00:00,NR,store_discharge,0.0,XY,MW
2046-06-21 11:00:00,SO,store_discharge,0.0,XY,MW
2046-06-22 12:00:00,CE,store_discharge,0.0,XY,MW
2046-06-23 13:00:00,NR,store_discharge,0.0,XY,MW
2046-06-24 14:00:00,SO,store_discharge,0.0,XY,MW
2046-06-25 15:00:00,CE,store_discharge,0.0,XY,MW
2046-06-26 16:00:00,NR,store_discharge,0.0,XY,MW
2046-06-27 17:00:00,SO,store_discharge,0.0,XY,MW
2046-06-28 18:00:00,CE,store_discharge,-3.69,XY,MW
2046-06-29 19:00:00,NR,store_discharge,-6.21,XY,MW
2046-06-30 20:00:00,SO,store_discharge,-4.5,XY,MW
2046-07-01 21:00:00,CE,store_discharge,3.69,XY,MW
2046-07-02 22:00:00,NR,store_discharge,6.21,XY,MW
2046-07-03 23:00:00,SO,store_discharge,4.5,XY,MW
2046-07-05 00:00:00,CE,store_discharge,0.0,XY,MW
2046-07-06 01:00:00,NR,store_discharge,0.0,XY,MW
2046-07-07 02:00:00,SO,store_discharge,0.0,XY,MW
2046-07-08 03:00:00,CE,store_discharge,0.0,XY,MW
2046-07-09 04:00:00,NR,store_discharge,0.0,XY,MW
2046-07-10 05:00:00,SO,store_discharge,0.0,XY,MW
2046-07-11 06:00:00,CE,store_discharge,0.0,XY,MW
2046-07-12 07:00:00,NR,store_discharge,0.0,XY,MW
2046-07-13 08:00:00,SO,store_discharge,0.0,XY,MW
2046-07-14 09:00:00,CE,store_discharge,0.0,XY,MW
2046-07-15 10:00:00,NR,store_discharge,0.0,XY,MW
2046-07-16 11:00:00,SO,store_discharge,0.0,XY,MW
2046-07-17 12:00:00,CE,store_discharge,0.0,XY,MW
2046-07-18 13:00:00,NR,store_discharge,0.0,XY,MW
2046-07-19 14:00:00,SO,store_discharge,0.0,XY,MW
2046-07-20 15:00:00,CE,store_discharge,0.0,XY,MW
2046-07-21 16:00:00,NR,store_discharge,0.0,XY,MW
2046-07-22 17:00:00,SO,store_discharge,0.0,XY,MW
2046-07-23 18:00:00,CE,store_discharge,0.0,XY,MW
2046-07-24 19:00:00,NR,store_discharge,0.0,XY,MW
2046-07-25 20:00:00,SO,store_discharge,0.0,XY,MW
2046-07-26 21:00:00,CE,store_discharge,0.0,XY,MW
2046-07-27 22:00:00,NR,store_discharge,0.0,XY,MW
2046-07-28 23:00:00,SO,store_discharge,0.0,XY,MW
2046-07-30 00:00:00,CE,store_discharge,0.0,XY,MW
2046-07-31 01:00:00,NR,store_discharge,0.0,XY,MW
2046-08-01 02:00:00,SO,store_discharge,0.0,XY,MW
2046-08-02 03:00:00,CE,store_discharge,0.0,XY,MW
2046-08-03 04:00:00,NR,store_discharge,0.0,XY,MW
2046-08-04 05:00:00,SO,store_discharge,0.0,XY,MW
2046-08-05 06:00:00,CE,store_discharge,0.0,XY,MW
2046-08-06 07:00:00,NR,store_discharge,0.0,XY,MW
2046-08-07 08:00:00,SO,store_discharge,0.0,XY,MW
2046-08-08 09:00:00,CE,store_discharge,0.0,XY,MW
2046-08-09 10:00:00,NR,store_discharge,0.0,XY,MW
2046-08-10 11:00:00,SO,store_discharge,0.0,XY,MW
2046-08-11 12:00:00,CE,store_discharge,0.0,XY,MW
2046-08-12 13:00:00,NR,store_discharge,0.0,XY,MW
2046-08-13 14:00:00,SO,store_discharge,0.0,XY,MW
2046-08-14 15:00:00,CE,store_discharge,0.0,XY,MW
2046-08-15 16:00:00,NR,store_discharge,0.0,XY,MW
2046-08-16 17:00:00,SO,store_discharge,0.0,XY,MW
2046-08-17 18:00:00,CE,store_discharge,0.0,XY,MW
2046-08-18 19:00:00,NR,store_discharge,0.0,XY,MW
2046-08-19 20:00:00,SO,store_discharge,0.0,XY,MW
2046-08-20 21:00:00,CE,store_discharge,0.0,XY,MW
2046-08-21 22:00:00,NR,store_discharge,0.0,XY,MW
2046-08-22 23:00:00,SO,store_discharge,0.0,XY,MW
2046-08-24 00:00:00,CE,store_discharge,0.0,XY,MW
2046-08-25 01:00:00,NR,store_discharge,0.0,XY,MW
2046-08-26 02:00:00,SO,store_discharge,0.0,XY,MW
2046-08-27 03:00:00,CE,store_discharge,0.0,XY,MW
2046-08-28 04:00:00,NR,store_discharge,0.0,XY,MW
2046-08-29 05:00:00,SO,store_discharge,0.0,XY,MW
2046-08-30 06:00:00,CE,store_discharge,0.0,XY,MW
2046-08-31 07:00:00,NR,store_discharge,0.0,XY,MW
2046-09-01 08:00:00,SO,store_discharge,0.0,XY,MW
2046-09-02 09:00:00,CE,store_discharge,0.0,XY,MW
2046-09-03 10:00:00,NR,store_discharge,0.0,XY,MW
2046-09-04 11:00:00,SO,store_discharge,0.0,XY,MW
2046-09-05 12:00:00,CE,store_discharge,0.0,XY,MW
2046-09-06 13:00:00,NR,store_discharge,0.0,XY,MW
2046-09-07 14:00:00,SO,store_discharge,0.0,XY,MW
2046-09-08 15:00:00,CE,store_discharge,0.0,XY,MW
2046-09-09 16:00:00,NR,store_discharge,0.0,XY,MW
2046-09-10 17:00:00,SO,store_discharge,0.0,XY,MW
2046-09-11 18:00:00,CE,store_discharge,-3.69,XY,MW
2046-09-12 19:00:00,NR,store_discharge,-6.21,XY,MW
2046-09-13 20:00:00,SO,store_discharge,-4.5,XY,MW
2046-09-14 21:00:00,CE,store_discharge,3.69,XY,MW
2046-09-15 22:00:00,NR,store_discharge,6.21,XY,MW
2046-09-16 23:00:00,SO,store_discharge,4.5,XY,MW
2046-09-18 00:00:00,CE,store_discharge,0.0,XY,MW
2046-09-19 01:00:00,NR,store_discharge,0.0,XY,MW
2046-09-20 02:00:00,SO,store_discharge,0.0,XY,MW
2046-09-21 03:00:00,CE,store_discharge,0.0,XY,MW
2046-09-22 04:00:00,NR,store_discharge,0.0,XY,MW
2046-09-23 05:00:00,SO,store_discharge,0.0,XY,MW
2046-09-24 06:00:00,CE,store_discharge,0.0,XY,MW
2046-09-25 07:00:00,NR,store_discharge,0.0,XY,MW
2046-09-26 08:00:00,SO,store_discharge,0.0,XY,MW
2046-09-27 09:00:00,CE,store_discharge,0.0,XY,MW
2046-09-28 10:00:00,NR,store_discharge,0.0,XY,MW
2046-09-29 11:00:00,SO,store_discharge,0.0,XY,MW
2046-09-30 12:00:00,CE,store_discharge,0.0,XY,MW
2046-10-01 13:00:00,NR,store_discharge,0.0,XY,MW
2046-10-02 14:00:00,SO,store_discharge,0.0,XY,MW
2046-10-03 15:00:00,CE,store_discharge,0.0,XY,MW
2046-10-04 16:00:00,NR,store_discharge,0.0,XY,MW
2046-10-05 17:00:00,SO,store_discharge,0.0,XY,MW
2046-10-06 18:00:00,CE,store_discharge,0.0,XY,MW
2046-10-07 19:00:00,NR,store_discharge,0.0,XY,MW
2046-10-08 20:00:00,SO,store_discharge,0.0,XY,MW
2046-10-09 21:00:00,CE,store_discharge,0.0,XY,MW
2046-10-10 22:00:00,NR,store_discharge,0.0,XY,MW
2046-10-11 23:00:00,SO,store_discharge,0.0,XY,MW
2046-10-13 00:00:00,CE,store_discharge,0.0,XY,MW
2046-10-14 01:00:00,NR,store_discharge,0.0,XY,MW
2046-10-15 02:00:00,SO,store_discharge,0.0,XY,MW
2046-10-16 03:00:00,CE,store_discharge,0.0,XY,MW
2046-10-17 04:00:00,NR,store_discharge,0.0,XY,MW
2046-10-18 05:00:00,SO,store_discharge,0.0,XY,MW
2046-10-19 06:00:00,CE,store_discharge,0.0,XY,MW
2046-10-20 07:00:00,NR,store_discharge,0.0,XY,MW
2046-10-21 08:00:00,SO,store_discharge,0.0,XY,MW
2046-10-22 09:00:00,CE,store_discharge,0.0,XY,MW
2046-10-23 10:00:00,NR,store_discharge,0.0,XY,MW
2046-10-24 11:00:00,SO,store_discharge,0.0,XY,MW
2046-10-25 12:00:00,CE,store_discharge,0.0,XY,MW
2046-10-26 13:00:00,NR,store_discharge,0.0,XY,MW
2046-10-27 14:00:00,SO,store_discharge,0.0,XY,MW
2046-10-28 15:00:00,CE,store_discharge,0.0,XY,MW
2046-10-29 16:00:00,NR,store_discharge,0.0,XY,MW
2046-10-30 17:00:00,SO,store_discharge,0.0,XY,MW
2046-10-31 18:00:00,CE,store_discharge,0.0,XY,MW
2046-11-01 19:00:00,NR,store_discharge,0.0,XY,MW
2046-11-02 20:00:00,SO,store_discharge,0.0,XY,MW
2046-11-03 21:00:00,CE,store_discharge,0.0,XY,MW
2046-11-04 22:00:00,NR,store_discharge,0.0,XY,MW
2046-11-05 23:00:00,SO,store_discharge,0.0,XY,MW
2046-11-07 00:00:00,CE,store_discharge,0.0,XY,MW
2046-11-08 01:00:00,NR,store_discharge,0.0,XY,MW
2046-11-09 02:00:00,SO,store_discharge,0.0,XY,MW
2046-11-10 03:00:00,CE,store_discharge,0.0,XY,MW
2046-11-11 04:00:00,NR,store_discharge,0.0,XY,MW
2046-11-12 05:00:00,SO,store_discharge,0.0,XY,MW
2046-11-13 06:00:00,CE,store_discharge,0.0,XY,MW
2046-11-14 07:00:00,NR,store_discharge,0.0,XY,MW
2046-11-15 08:00:00,SO,store_discharge,0.0,XY,MW
2046-11-16 09:00:00,CE,store_discharge,0.0,XY,MW
2046-11-17 10:00:00,NR,store_discharge,0.0,XY,MW
2046-11-18 11:00:00,SO,store_discharge,0.0,XY,MW
2046-11-19 12:00:00,CE,store_discharge,0.0,XY,MW
2046-11-20 13:00:00,NR,store_discharge,0.0,XY,MW
2046-11-21 14:00:00,SO,store_discharge,0.0,XY,MW
2046-11-22 15:00:00,CE,store_discharge,0.0,XY,MW
2046-11-23 16:00:00,NR,store_discharge,0.0,XY,MW
2046-11-24 17:00:00,SO,store_discharge,0.0,XY,MW
2046-11-25 18:00:00,CE,store_discharge,-3.69,XY,MW
2046-11-26 19:00:00,NR,store_discharge,-6.21,XY,MW
2046-11-27 20:00:00,SO,store_discharge,-4.5,XY,MW
2046-11-28 21:00:00,CE,store_discharge,3.69,XY,MW
2046-11-29 22:00:00,NR,store_discharge,6.21,XY,MW
2046-11-30 23:00:00,SO,store_discharge,4.5,XY,MW
2046-12-02 00:00:00,CE,store_discharge,0.0,XY,MW
2046-12-03 01:00:00,NR,store_discharge,0.0,XY,MW
2046-12-04 02:00:00,SO,store_discharge,0.0,XY,MW
2046-12-05 03:00:00,CE,store_discharge,0.0,XY,MW
2046-12-06 04:00:00,NR,store_discharge,0.0,XY,MW
2046-12-07 05:00:00,SO,store_discharge,0.0,XY,MW
2046-12-08 06:00:00,CE,store_discharge,0.0,XY,MW
2046-12-09 07:00:00,NR,store_discharge,0.0,XY,MW
2046-12-10 08:00:00,SO,store_discharge,0.0,XY,MW
2046-12-11 09:00:00,CE,store_discharge,0.0,XY,MW
2046-12-12 10:00:00,NR,store_discharge,0.0,XY,MW
2046-12-13 11:00:00,SO,store_discharge,0.0,XY,MW
2046-12-14 12:00:00,CE,store_discharge,0.0,XY,MW
2046-12-15 13:00:00,NR,store_discharge,0.0,XY,MW
2046-12-16 14:00:00,SO,store_discharge,0.0,XY,MW
2046-12-17 15:00:00,CE,store_discharge,0.0,XY,MW
2046-12-18 16:00:00,NR,store_discharge,0.0,XY,MW
2046-12-19 17:00:00,SO,store_discharge,0.0,XY,MW
2046-12-20 18:00:00,CE,store_discharge,0.0,XY,MW
2046-12-21 19:00:00,NR,store_discharge,0.0,XY,MW
2046-12-22 20:00:00,SO,store_discharge,0.0,XY,MW
2046-12-23 21:00:00,CE,store_discharge,0.0,XY,MW
2046-12-24 22:00:00,NR,store_discharge,0.0,XY,MW
2046-12-25 23:00:00,SO,store_discharge,0.0,XY,MW
2046-12-27 00:00:00,CE,store_discharge,0.0,XY,MW
2046-12-28 01:00:00,NR,store_discharge,0.0,XY,MW
2046-12-29 02:00:00,SO,store_discharge,0.0,XY,MW
2046-12-30 03:00:00,CE,store_discharge,0.0,XY,MW
2046-12-31 04:00:00,NR,store_discharge,0.0,XY,MW
2047-01-01 05:00:00,SO,store_discharge,0.0,XY,MW
2047-01-02 06:00:00,CE,store_discharge,0.0,XY,MW
2047-01-03 07:00:00,NR,store_discharge,0.0,XY,MW
2047-01-04 08:00:00,SO,store_discharge,0.0,XY,MW
2047-01-05 09:00:00,CE,store_discharge,0.0,XY,MW
2047-01-06 10:00:00,NR,store_discharge,0.0,XY,MW
2047-01-07 11:00:00,SO,store_discharge,0.0,XY,MW
2047-01-08 12:00:00,CE,store_discharge,0.0,XY,MW
2047-01-09 13:00:00,NR,store_discharge,0.0,XY,MW
2047-01-10 14:00:00,SO,store_discharge,0.0,XY,MW
2047-01-11 15:00:00,CE,store_discharge,0.0,XY,MW
2047-01-12 16:00:00,NR,store_discharge,0.0,XY,MW
2047-01-13 17:00:00,SO,store_discharge,0.0,XY,MW
2047-01-14 18:00:00,CE,store_discharge,0.0,XY,MW
2047-01-15 19:00:00,NR,store_discharge,0.0,XY,MW
2047-01-16 20:00:00,SO,store_discharge,0.0,XY,MW
2047-01-17 21:00:00,CE,store_discharge,0.0,XY,MW
2047-01-18 22:00:00,NR,store_discharge,0.0,XY,MW
2047-01-19 23:00:00,SO,store_discharge,0.0,XY,MW
2047-01-21 00:00:00,CE,store_discharge,0.0,XY,MW
2047-01-22 01:00:00,NR,store_discharge,0.0,XY,MW
2047-01-23 02:00:00,SO,store_discharge,0.0,XY,MW
2047-01-24 03:00:00,CE,store_discharge,0.0,XY,MW
2047-01-25 04:00:00,NR,store_discharge,0.0,XY,MW
2047-01-26 05:00:00,SO,store_discharge,0.0,XY,MW
2047-01-27 06:00:00,CE,store_discharge,0.0,XY,MW
2047-01-28 07:00:00,NR,store_discharge,0.0,XY,MW
2047-01-29 08:00:00,SO,store_discharge,0.0,XY,MW
2047-01-30 09:00:00,CE,store_discharge,0.0,XY,MW
2047-01-31 10:00:00,NR,store_discharge,0.0,XY,MW
2047-02-01 11:00:00,SO,store_discharge,0.0,XY,MW
2047-02-02 12:00:00,CE,store_discharge,0.0,XY,MW
2047-02-03 13:00:00,NR,store_discharge,0.0,XY,MW
2047-02-04 14:00:00,SO,store_discharge,0.0,XY,MW
2047-02-05 15:00:00,CE,store_discharge,0.0,XY,MW
2047-02-06 16:00:00,NR,store_discharge,0.0,XY,MW
2047-02-07 17:00:00,SO,store_discharge,0.0,XY,MW
2047-02-08 18:00:00,CE,store_discharge,-3.69,XY,MW
2047-02-09 19:00:00,NR,store_discharge,-6.21,XY,MW
2047-02-10 20:00:00,SO,store_discharge,-4.5,XY,MW
2047-02-11 21:00:00,CE,store_discharge,3.69,XY,MW
2047-02-12 22:00:00,NR,store_discharge,6.21,XY,MW
2047-02-13 23:00:00,SO,store_discharge,4.5,XY,MW
2047-02-15 00:00:00,CE,store_discharge,0.0,XY,MW
2047-02-16 01:00:00,NR,store_discharge,0.0,XY,MW
2047-02-17 02:00:00,SO,store_discharge,0.0,XY,MW
2047-02-18 03:00:00,CE,store_discharge,0.0,XY,MW
2047-02-19 04:00:00,NR,store_discharge,0.0,XY,MW
2047-02-20 05:00:00,SO,store_discharge,0.0,XY,MW
2047-02-21 06:00:00,CE,store_discharge,0.0,XY,MW
2047-02-22 07:00:00,NR,store_discharge,0.0,XY,MW
2047-02-23 08:00:00,SO,store_discharge,0.0,XY,MW
2047-02-24 09:00:00,CE,store_discharge,0.0,XY,MW
2047-02-25 10:00:00,NR,store_discharge,0.0,XY,MW
2047-02-26 11:00:00,SO,store_discharge,0.0,XY,MW
2047-02-27 12:00:00,CE,store_discharge,0.0,XY,MW
2047-02-28 13:00:00,NR,store_discharge,0.0,XY,MW
2047-03-01 14:00:00,SO,store_discharge,0.0,XY,MW
2047-03-02 15:00:00,CE,store_discharge,0.0,XY,MW
2047-03-03 16:00:00,NR,store_discharge,0.0,XY,MW
2047-03-04 17:00:00,SO,store_discharge,0.0,XY,MW
2047-03-05 18:00:00,CE,store_discharge,0.0,XY,MW
2047-03-06 19:00:00,NR,store_discharge,0.0,XY,MW
2047-03-07 20:00:00,SO,store_discharge,0.0,XY,MW
2047-03-08 21:00:00,CE,store_discharge,0.0,XY,MW
2047-03-09 22:00:00,NR,store_discharge,0.0,XY,MW
2047-03-10 23:00:00,SO,store_discharge,0.0,XY,MW
2047-03-12 00:00:00,CE,store_discharge,0.0,XY,MW
2047-03-13 01:00:00,NR,store_discharge,0.0,XY,MW
2047-03-14 02:00:00,SO,store_discharge,0.0,XY,MW
2047-03-15 03:00:00,CE,store_discharge,0.0,XY,MW
2047-03-16 04:00:00,NR,store_discharge,0.0,XY,MW
2047-03-17 05:00:00,SO,store_discharge,0.0,XY,MW
2047-03-18 06:00:00,CE,store_discharge,0.0,XY,MW
2047-03-19 07:00:00,NR,store_discharge,0.0,XY,MW
2047-03-20 08:00:00,SO,store_discharge,0.0,XY,MW
2047-03-21 09:00:00,CE,store_discharge,0.0,XY,MW
2047-03-22 10:00:00,NR,store_discharge,0.0,XY,MW
2047-03-23 11:00:00,SO,store_discharge,0.0,XY,MW
2047-03-24 12:00:00,CE,store_discharge,0.0,XY,MW
2047-03-25 13:00:00,NR,store_discharge,0.0,XY,MW
2047-03-26 14:00:00,SO,store_discharge,0.0,XY,MW
2047-03-27 15:00:00,CE,store_discharge,0.0,XY,MW
2047-03-28 16:00:00,NR,store_discharge,0.0,XY,MW
2047-03-29 17:00:00,SO,store_discharge,0.0,XY,MW
2047-03-30 18:00:00,CE,store_discharge,0.0,XY,MW
2047-03-31 19:00:00,NR,store_discharge,0.0,XY,MW
2047-04-01 20:00:00,SO,store_discharge,0.0,XY,MW
2047-04-02 21:00:00,CE,store_discharge,0.0,XY,MW
2047-04-03 22:00:00,NR,store_discharge,0.0,XY,MW
2047-04-04 23:00:00,SO,store_discharge,0.0,XY,MW
2047-04-06 00:00:00,CE,store_discharge,0.0,XY,MW
2047-04-07 01:00:00,NR,store_discharge,0.0,XY,MW
2047-04-08 02:00:00,SO,store_discharge,0.0,XY,MW
2047-04-09 03:00:00,CE,store_discharge,0.0,XY,MW
2047-04-10 04:00:00,NR,store_discharge,0.0,XY,MW
2047-04-11 05:00:00,SO,store_discharge,0.0,XY,MW
2047-04-12 06:00:00,CE,store_discharge,0.0,XY,MW
2047-04-13 07:00:00,NR,store_discharge,0.0,XY,MW
2047-04-14 08:00:00,SO,store_discharge,0.0,XY,MW
2047-04-15 09:00:00,CE,store_discharge,0.0,XY,MW
2047-04-16 10:00:00,NR,store_discharge,0.0,XY,MW
2047-04-17 11:00:00,SO,store_discharge,0.0,XY,MW
2047-04-18 12:00:00,CE,store_discharge,0.0,XY,MW
2047-04-19 13:00:00,NR,store_discharge,0.0,XY,MW
2047-04-20 14:00:00,SO,store_discharge,0.0,XY,MW
2047-04-21 15:00:00,CE,store_discharge,0.0,XY,MW
2047-04-22 16:00:00,NR,store_discharge,0.0,XY,MW
2047-04-23 17:00:00,SO,store_discharge,0.0,XY,MW
2047-04-24 18:00:00,CE,store_discharge,-3.69,XY,MW
2047-04-25 19:00:00,NR,store_discharge,-6.21,XY,MW
2047-04-26 20:00:00,SO,store_discharge,-4.5,XY,MW
2047-04-27 21:00:00,CE,store_discharge,3.69,XY,MW
2047-04-28 22:00:00,NR,store_discharge,6.21,XY,MW
2047-04-29 23:00:00,SO,store_discharge,4.5,XY,MW
2047-05-01 00:00:00,CE,store_discharge,0.0,XY,MW
2047-05-02 01:00:00,NR,store_discharge,0.0,XY,MW
2047-05-03 02:00:00,SO,store_discharge,0.0,XY,MW
2047-05-04 03:00:00,CE,store_discharge,0.0,XY,MW
2047-05-05 04:00:00,NR,store_discharge,0.0,XY,MW
2047-05-06 05:00:00,SO,store_discharge,0.0,XY,MW
2047-05-07 06:00:00,CE,store_discharge,0.0,XY,MW
2047-05-08 07:00:00,NR,store_discharge,0.0,XY,MW
2047-05-09 08:00:00,SO,store_discharge,0.0,XY,MW
2047-05-10 09:00:00,CE,store_discharge,0.0,XY,MW
2047-05-11 10:00:00,NR,store_discharge,0.0,XY,MW
2047-05-12 11:00:00,SO,store_discharge,0.0,XY,MW
2047-05-13 12:00:00,CE,store_discharge,0.0,XY,MW
2047-05-14 13:00:00,NR,store_discharge,0.0,XY,MW
2047-05-15 14:00:00,SO,store_discharge,0.0,XY,MW
2047-05-16 15:00:00,CE,store_discharge,0.0,XY,MW
2047-05-17 16:00:00,NR,store_discharge,0.0,XY,MW
2047-05-18 17:00:00,SO,store_discharge,0.0,XY,MW
2047-05-19 18:00:00,CE,store_discharge,0.0,XY,MW
2047-05-20 19:00:00,NR,store_discharge,0.0,XY,MW
2047-05-21 20:00:00,SO,store_discharge,0.0,XY,MW
2047-05-22 21:00:00,CE,store_discharge,0.0,XY,MW
2047-05-23 22:00:00,NR,store_discharge,0.0,XY,MW
2047-05-24 23:00:00,SO,store_discharge,0.0,XY,MW
2047-05-26 00:00:00,CE,store_discharge,0.0,XY,MW
2047-05-27 01:00:00,NR,store_discharge,0.0,XY,MW
2047-05-28 02:00:00,SO,store_discharge,0.0,XY,MW
2047-05-29 03:00:00,CE,store_discharge,0.0,XY,MW
2047-05-30 04:00:00,NR,store_discharge,0.0,XY,MW
2047-05-31 05:00:00,SO,store_discharge,0.0,XY,MW
2047-06-01 06:00:00,CE,store_discharge,0.0,XY,MW
2047-06-02 07:00:00,NR,store_discharge,0.0,XY,MW
2047-06-03 08:00:00,SO,store_discharge,0.0,XY,MW
2047-06-04 09:00:00,CE,store_discharge,0.0,XY,MW
2047-06-05 10:00:00,NR,store_discharge,0.0,XY,MW
2047-06-06 11:00:00,SO,store_discharge,0.0,XY,MW
2047-06-07 12:00:00,CE,store_discharge,0.0,XY,MW
2047-06-08 13:00:00,NR,store_discharge,0.0,XY,MW
2047-06-09 14:00:00,SO,store_discharge,0.0,XY,MW
2047-06-10 15:00:00,CE,store_discharge,0.0,XY,MW
2047-06-11 16:00:00,NR,store_discharge,0.0,XY,MW
2047-06-12 17:00:00,SO,store_discharge,0.0,XY,MW
2047-06-13 18:00:00,CE,store_discharge,0.0,XY,MW
2047-06-14 19:00:00,NR,store_discharge,0.0,XY,MW
2047-06-15 20:00:00,SO,store_discharge,0.0,XY,MW
2047-06-16 21:00:00,CE,store_discharge,0.0,XY,MW
2047-06-17 22:00:00,NR,store_discharge,0.0,XY,MW
2047-06-18 23:00:00,SO,store_discharge,0.0,XY,MW
2047-06-20 00:00:00,CE,store_discharge,0.0,XY,MW
2047-06-21 01:00:00,NR,store_discharge,0.0,XY,MW
2047-06-22 02:00:00,SO,store_discharge,0.0,XY,MW
2047-06-23 03:00:00,CE,store_discharge,0.0,XY,MW
2047-06-24 04:00:00,NR,store_discharge,0.0,XY,MW
2047-06-25 05:00:00,SO,store_discharge,0.0,XY,MW
2047-06-26 06:00:00,CE,store_discharge,0.0,XY,MW
2047-06-27 07:00:00,NR,store_discharge,0.0,XY,MW
2047-06-28 08:00:00,SO,store_discharge,0.0,XY,MW
2047-06-29 09:00:00,CE,store_discharge,0.0,XY,MW
2047-06-30 10:00:00,NR,store_discharge,0.0,XY,MW
2047-07-01 11:00:00,SO,store_discharge,0.0,XY,MW
2047-07-02 12:00:00,CE,store_discharge,0.0,XY,MW
2047-07-03 13:00:00,NR,store_discharge,0.0,XY,MW
2047-07-04 14:00:00,SO,store_discharge,0.0,XY,MW
2047-07-05 15:00:00,CE,store_discharge,0.0,XY,MW
2047-07-06 16:00:00,NR,store_discharge,0.0,XY,MW
2047-07-07 17:00:00,SO,store_discharge,0.0,XY,MW
2047-07-08 18:00:00,CE,store_discharge,0.0,XY,MW
2047-07-09 19:00:00,NR,store_discharge,0.0,XY,MW
2047-07-10 20:00:00,SO,store_discharge,0.0,XY,MW
2047-07-11 21:00:00,CE,store_discharge,-3.69,XY,MW
2047-07-12 22:00:00,NR,store_discharge,-6.21,XY,MW
2047-07-13 23:00:00,SO,store_discharge,-4.5,XY,MW
2047-07-15 00:00:00,CE,store_discharge,3.69,XY,MW
2047-07-16 01:00:00,NR,store_discharge,6.21,XY,MW
2047-07-17 02:00:00,SO,store_discharge,4.5,XY,MW
2047-07-18 03:00:00,CE,store_discharge,0.0,XY,MW
2047-07-19 04:00:00,NR,store_discharge,0.0,XY,MW
2047-07-20 05:00:00,SO,store_discharge,0.0,XY,MW
2047-07-21 06:00:00,CE,store_discharge,0.0,XY,MW
2047-07-22 07:00:00,NR,store_discharge,0.0,XY,MW
2047-07-23 08:00:00,SO,store_discharge,0.0,XY,MW
2047-07-24 09:00:00,CE,store_discharge,0.0,XY,MW
2047-07-25 10:00:00,NR,store_discharge,0.0,XY,MW
2047-07-26 11:00:00,SO,store_discharge,0.0,XY,MW
2047-07-27 12:00:00,CE,store_discharge,0.0,XY,MW
2047-07-28 13:00:00,NR,store_discharge,0.0,XY,MW
2047-07-29 14:00:00,SO,store_discharge,0.0,XY,MW
2047-07-30 15:00:00,CE,store_discharge,0.0,XY,MW
2047-07-31 16:00:00,NR,store_discharge,0.0,XY,MW
2047-08-01 17:00:00,SO,store_discharge,0.0,XY,MW
2047-08-02 18:00:00,CE,store_discharge,0.0,XY,MW
2047-08-03 19:00:00,NR,store_discharge,0.0,XY,MW
2047-08-04 20:00:00,SO,store_discharge,0.0,XY,MW
2047-08-05 21:00:00,CE,store_discharge,0.0,XY,MW
2047-08-06 22:00:00,NR,store_discharge,0.0,XY,MW
2047-08-07 23:00:00,SO,store_discharge,0.0,XY,MW
2047-08-09 00:00:00,CE,store_discharge,0.0,XY,MW
2047-08-10 01:00:00,NR,store_discharge,0.0,XY,MW
2047-08-11 02:00:00,SO,store_discharge,0.0,XY,MW
2047-08-12 03:00:00,CE,store_discharge,0.0,XY,MW
2047-08-13 04:00:00,NR,store_discharge,0.0,XY,MW
2047-08-14 05:00:00,SO,store_discharge,0.0,XY,MW
2047-08-15 06:00:00,CE,store_discharge,0.0,XY,MW
2047-08-16 07:00:00,NR,store_discharge,0.0,XY,MW
2047-08-17 08:00:00,SO,store_discharge,0.0,XY,MW
2047-08-18 09:00:00,CE,store_discharge,0.0,XY,MW
2047-08-19 10:00:00,NR,store_discharge,0.0,XY,MW
2047-08-20 11:00:00,SO,store_discharge,0.0,XY,MW
2047-08-21 12:00:00,CE,store_discharge,0.0,XY,MW
2047-08-22 13:00:00,NR,store_discharge,0.0,XY,MW
2047-08-23 14:00:00,SO,store_discharge,0.0,XY,MW
2047-08-24 15:00:00,CE,store_discharge,0.0,XY,MW
2047-08-25 16:00:00,NR,store_discharge,0.0,XY,MW
2047-08-26 17:00:00,SO,store_discharge,0.0,XY,MW
2047-08-27 18:00:00,CE,store_discharge,0.0,XY,MW
2047-08-28 19:00:00,NR,store_discharge,0.0,XY,MW
2047-08-29 20:00:00,SO,store_discharge,0.0,XY,MW
2047-08-30 21:00:00,CE,store_discharge,0.0,XY,MW
2047-08-31 22:00:00,NR,store_discharge,0.0,XY,MW
2047-09-01 23:00:00,SO,store_discharge,0.0,XY,MW
2047-09-03 00:00:00,CE,store_discharge,0.0,XY,MW
2047-09-04 01:00:00,NR,store_discharge,0.0,XY,MW
2047-09-05 02:00:00,SO,store_discharge,0.0,XY,MW
2047-09-06 03:00:00,CE,store_discharge,0.0,XY,MW
2047-09-07 04:00:00,NR,store_discharge,0.0,XY,MW
2047-09-08 05:00:00,SO,store_discharge,0.0,XY,MW
2047-09-09 06:00:00,CE,store_discharge,0.0,XY,MW
2047-09-10 07:00:00,NR,store_discharge,0.0,XY,MW
2047-09-11 08:00:00,SO,store_discharge,0.0,XY,MW
2047-09-12 09:00:00,CE,store_discharge,0.0,XY,MW
2047-09-13 10:00:00,NR,store_discharge,0.0,XY,MW
2047-09-14 11:00:00,SO,store_discharge,0.0,XY,MW
2047-09-15 12:00:00,CE,store_discharge,0.0,XY,MW
2047-09-16 13:00:00,NR,store_discharge,0.0,XY,MW
2047-09-17 14:00:00,SO,store_discharge,0.0,XY,MW
2047-09-18 15:00:00,CE,store_discharge,0.0,XY,MW
2047-09-19 16:00:00,NR,store_discharge,0.0,XY,MW
2047-09-20 17:00:00,SO,store_discharge,0.0,XY,MW
2047-09-21 18:00:00,CE,store_discharge,0.0,XY,MW
2047-09-22 19:00:00,NR,store_discharge,0.0,XY,MW
2047-09-23 20:00:00,SO,store_discharge,0.0,XY,MW
2047-09-24 21:00:00,CE,store_discharge,-3.69,XY,MW
2047-09-25 22:00:00,NR,store_discharge,-6.21,XY,MW
2047-09-26 23:00:00,SO,store_discharge,-4.5,XY,MW
2047-09-28 00:00:00,CE,store_discharge,3.69,XY,MW
2047-09-29 01:00:00,NR,store_discharge,6.21,XY,MW
2047-09-30 02:00:00,SO,store_discharge,4.5,XY,MW
2047-10-01 03:00:00,CE,store_discharge,0.0,XY,MW
2047-10-02 04:00:00,NR,store_discharge,0.0,XY,MW
2047-10-03 05:00:00,SO,store_discharge,0.0,XY,MW
2047-10-04 06:00:00,CE,store_discharge,0.0,XY,MW
2047-10-05 07:00:00,NR,store_discharge,0.0,XY,MW
2047-10-06 08:00:00,SO,store_discharge,0.0,XY,MW
2047-10-07 09:00:00,CE,store_discharge,0.0,XY,MW
2047-10-08 10:00:00,NR,store_discharge,0.0,XY,MW
2047-10-09 11:00:00,SO,store_discharge,0.0,XY,MW
2047-10-10 12:00:00,CE,store_discharge,0.0,XY,MW
2047-10-11 13:00:00,NR,store_discharge,0.0,XY,MW
2047-10-12 14:00:00,SO,store_discharge,0.0,XY,MW
2047-10-13 15:00:00,CE,store_discharge,0.0,XY,MW
2047-10-14 16:00:00,NR,store_discharge,0.0,XY,MW
2047-10-15 17:00:00,SO,store_discharge,0.0,XY,MW
2047-10-16 18:00:00,CE,store_discharge,0.0,XY,MW
2047-10-17 19:00:00,NR,store_discharge,0.0,XY,MW
2047-10-18 20:00:00,SO,store_discharge,0.0,XY,MW
2047-10-19 21:00:00,CE,store_discharge,0.0,XY,MW
2047-10-20 22:00:00,NR,store_discharge,0.0,XY,MW
2047-10-21 23:00:00,SO,store_discharge,0.0,XY,MW
2047-10-23 00:00:00,CE,store_discharge,0.0,XY,MW
2047-10-24 01:00:00,NR,store_discharge,0.0,XY,MW
2047-10-25 02:00:00,SO,store_discharge,0.0,XY,MW
2047-10-26 03:00:00,CE,store_discharge,0.0,XY,MW
2047-10-27 04:00:00,NR,store_discharge,0.0,XY,MW
2047-10-28 05:00:00,SO,store_discharge,0.0,XY,MW
2047-10-29 06:00:00,CE,store_discharge,0.0,XY,MW
2047-10-30 07:00:00,NR,store_discharge,0.0,XY,MW
2047-10-31 08:00:00,SO,store_discharge,0.0,XY,MW
2047-11-01 09:00:00,CE,store_discharge,0.0,XY,MW
2047-11-02 10:00:00,NR,store_discharge,0.0,XY,MW
2047-11-03 11:00:00,SO,store_discharge,0.0,XY,MW
2047-11-04 12:00:00,CE,store_discharge,0.0,XY,MW
2047-11-05 13:00:00,NR,store_discharge,0.0,XY,MW
2047-11-06 14:00:00,SO,store_discharge,0.0,XY,MW
2047-11-07 15:00:00,CE,store_discharge,0.0,XY,MW
2047-11-08 16:00:00,NR,store_discharge,0.0,XY,MW
2047-11-09 17:00:00,SO,store_discharge,0.0,XY,MW
2047-11-10 18:00:00,CE,store_discharge,0.0,XY,MW
2047-11-11 19:00:00,NR,store_discharge,0.0,XY,MW
2047-11-12 20:00:00,SO,store_discharge,0.0,XY,MW
2047-11-13 21:00:00,CE,store_discharge,0.0,XY,MW
2047-11-14 22:00:00,NR,store_discharge,0.0,XY,MW
2047-11-15 23:00:00,SO,store_discharge,0.0,XY,MW
2047-11-17 00:00:00,CE,store_discharge,0.0,XY,MW
2047-11-18 01:00:00,NR,store_discharge,0.0,XY,MW
2047-11-19 02:00:00,SO,store_discharge,0.0,XY,MW
2047-11-20 03:00:00,CE,store_discharge,0.0,XY,MW
2047-11-21 04:00:00,NR,store_discharge,0.0,XY,MW
2047-11-22 05:00:00,SO,store_discharge,0.0,XY,MW
2047-11-23 06:00:00,CE,store_discharge,0.0,XY,MW
2047-11-24 07:00:00,NR,store_discharge,0.0,XY,MW
2047-11-25 08:00:00,SO,store_discharge,0.0,XY,MW
2047-11-26 09:00:00,CE,store_discharge,0.0,XY,MW
2047-11-27 10:00:00,NR,store_discharge,0.0,XY,MW
2047-11-28 11:00:00,SO,store_discharge,0.0,XY,MW
2047-11-29 12:00:00,CE,store_discharge,0.0,XY,MW
2047-11-30 13:00:00,NR,store_discharge,0.0,XY,MW
2047-12-01 14:00:00,SO,store_discharge,0.0,XY,MW
2047-12-02 15:00:00,CE,store_discharge,0.0,XY,MW
2047-12-03 16:00:00,NR,store_discharge,0.0,XY,MW
2047-12-04 17:00:00,SO,store_discharge,0.0,XY,MW
2047-12-05 18:00:00,CE,store_discharge,0.0,XY,MW
2047-12-06 19:00:00,NR,store_discharge,0.0,XY,MW
2047-12-07 20:00:00,SO,store_discharge,0.0,XY,MW
2047-12-08 21:00:00,CE,store_discharge,-3.69,XY,MW
2047-12-09 22:00:00,NR,store_discharge,-6.21,XY,MW
2047-12-10 23:00:00,SO,store_discharge,-4.5,XY,MW
2047-12-12 00:00:00,CE,store_discharge,3.69,XY,MW
2047-12-13 01:00:00,NR,store_discharge,6.21,XY,MW
2047-12-14 02:00:00,SO,store_discharge,4.5,XY,MW
2047-12-15 03:00:00,CE,store_discharge,0.0,XY,MW
2047-12-16 04:00:00,NR,store_discharge,0.0,XY,MW
2047-12-17 05:00:00,SO,store_discharge,0.0,XY,MW
2047-12-18 06:00:00,CE,store_discharge,0.0,XY,MW
2047-12-19 07:00:00,NR,store_discharge,0.0,XY,MW
2047-12-20 08:00:00,SO,store_discharge,0.0,XY,MW
2047-12-21 09:00:00,CE,store_discharge,0.0,XY,MW
2047-12-22 10:00:00,NR,store_discharge,0.0,XY,MW
2047-12-23 11:00:00,SO,store_discharge,0.0,XY,MW
2047-12-24 12:00:00,CE,store_discharge,0.0,XY,MW
2047-12-25 13:00:00,NR,store_discharge,0.0,XY,MW
2047-12-26 14:00:00,SO,store_discharge,0.0,XY,MW
2047-12-27 15:00:00,CE,store_discharge,0.0,XY,MW
2047-12-28 16:00:00,NR,store_discharge,0.0,XY,MW
2047-12-29 17:00:00,SO,store_discharge,0.0,XY,MW
2047-12-30 18:00:00,CE,store_discharge,0.0,XY,MW
2047-12-31 19:00:00,NR,store_discharge,0.0,XY,MW
2048-01-01 20:00:00,SO,store_discharge,0.0,XY,MW
2048-01-02 21:00:00,CE,store_discharge,0.0,XY,MW
2048-01-03 22:00:00,NR,store_discharge,0.0,XY,MW
2048-01-04 23:00:00,SO,store_discharge,0.0,XY,MW
2045-01-01 00:00:00,CE,state_of_charge,0.0,XY,MW
2045-01-02 01:00:00,NR,state_of_charge,162.0,XY,MW
2045-01-03 02:00:00,SO,state_of_charge,90.0,XY,MW
2045-01-04 03:00:00,CE,state_of_charge,0.0,XY,MW
2045-01-05 04:00:00,NR,state_of_charge,0.0,XY,MW
2045-01-06 05:00:00,SO,state_of_charge,0.0,XY,MW
2045-01-07 06:00:00,CE,state_of_charge,0.0,XY,MW
2045-01-08 07:00:00,NR,state_of_charge,0.0,XY,MW
2045-01-09 08:00:00,SO,state_of_charge,0.0,XY,MW
2045-01-10 09:00:00,CE,state_of_charge,0.0,XY,MW
2045-01-11 10:00:00,NR,state_of_charge,0.0,XY,MW
2045-01-12 11:00:00,SO,state_of_charge,0.0,XY,MW
2045-01-13 12:00:00,CE,state_of_charge,0.0,XY,MW
2045-01-14 13:00:00,NR,state_of_charge,0.0,XY,MW
2045-01-15 14:00:00,SO,state_of_charge,0.0,XY,MW
2045-01-16 15:00:00,CE,state_of_charge,0.0,XY,MW
2045-01-17 16:00:00,NR,state_of_charge,0.0,XY,MW
2045-01-18 17:00:00,SO,state_of_charge,0.0,XY,MW
2045-01-19 18:00:00,CE,state_of_charge,92.25,XY,MW
2045-01-20 19:00:00,NR,state_of_charge,155.25,XY,MW
2045-01-21 20:00:00,SO,state_of_charge,112.5,XY,MW
2045-01-22 21:00:00,CE,state_of_charge,0.0,XY,MW
2045-01-23 22:00:00,NR,state_of_charge,0.0,XY,MW
2045-01-24 23:00:00,SO,state_of_charge,0.0,XY,MW
2045-01-26 00:00:00,CE,state_of_charge,0.0,XY,MW
2045-01-27 01:00:00,NR,state_of_charge,0.0,XY,MW
2045-01-28 02:00:00,SO,state_of_charge,0.0,XY,MW
2045-01-29 03:00:00,CE,state_of_charge,0.0,XY,MW
2045-01-30 04:00:00,NR,state_of_charge,0.0,XY,MW
2045-01-31 05:00:00,SO,state_of_charge,0.0,XY,MW
2045-02-01 06:00:00,CE,state_of_charge,0.0,XY,MW
2045-02-02 07:00:00,NR,state_of_charge,0.0,XY,MW
2045-02-03 08:00:00,SO,state_of_charge,0.0,XY,MW
2045-02-04 09:00:00,CE,state_of_charge,0.0,XY,MW
2045-02-05 10:00:00,NR,state_of_charge,0.0,XY,MW
2045-02-06 11:00:00,SO,state_of_charge,0.0,XY,MW
2045-02-07 12:00:00,CE,state_of_charge,0.0,XY,MW
2045-02-08 13:00:00,NR,state_of_charge,0.0,XY,MW
2045-02-09 14:00:00,SO,state_of_charge,0.0,XY,MW
2045-02-10 15:00:00,CE,state_of_charge,0.0,XY,MW
2045-02-11 16:00:00,NR,state_of_charge,0.0,XY,MW
2045-02-12 17:00:00,SO,state_of_charge,0.0,XY,MW
2045-02-13 18:00:00,CE,state_of_charge,0.0,XY,MW
2045-02-14 19:00:00,NR,state_of_charge,0.0,XY,MW
2045-02-15 20:00:00,SO,state_of_charge,0.0,XY,MW
2045-02-16 21:00:00,CE,state_of_charge,0.0,XY,MW
2045-02-17 22:00:00,NR,state_of_charge,0.0,XY,MW
2045-02-18 23:00:00,SO,state_of_charge,0.0,XY,MW
2045-02-20 00:00:00,CE,state_of_charge,0.0,XY,MW
2045-02-21 01:00:00,NR,state_of_charge,0.0,XY,MW
2045-02-22 02:00:00,SO,state_of_charge,0.0,XY,MW
2045-02-23 03:00:00,CE,state_of_charge,0.0,XY,MW
2045-02-24 04:00:00,NR,state_of_charge,0.0,XY,MW
2045-02-25 05:00:00,SO,state_of_charge,0.0,XY,MW
2045-02-26 06:00:00,CE,state_of_charge,0.0,XY,MW
2045-02-27 07:00:00,NR,state_of_charge,0.0,XY,MW
2045-02-28 08:00:00,SO,state_of_charge,0.0,XY,MW
2045-03-01 09:00:00,CE,state_of_charge,0.0,XY,MW
2045-03-02 10:00:00,NR,state_of_charge,0.0,XY,MW
2045-03-03 11:00:00,SO,state_of_charge,0.0,XY,MW
2045-03-04 12:00:00,CE,state_of_charge,0.0,XY,MW
2045-03-05 13:00:00,NR,state_of_charge,0.0,XY,MW
2045-03-06 14:00:00,SO,state_of_charge,0.0,XY,MW
2045-03-07 15:00:00,CE,state_of_charge,0.0,XY,MW
2045-03-08 16:00:00,NR,state_of_charge,0.0,XY,MW
2045-03-09 17:00:00,SO,state_of_charge,0.0,XY,MW
2045-03-10 18:00:00,CE,state_of_charge,0.0,XY,MW
2045-03-11 19:00:00,NR,state_of_charge,0.0,XY,MW
2045-03-12 20:00:00,SO,state_of_charge,0.0,XY,MW
2045-03-13 21:00:00,CE,state_of_charge,0.0,XY,MW
2045-03-14 22:00:00,NR,state_of_charge,0.0,XY,MW
2045-03-15 23:00:00,SO,state_of_charge,0.0,XY,MW
2045-03-17 00:00:00,CE,state_of_charge,0.0,XY,MW
2045-03-18 01:00:00,NR,state_of_charge,0.0,XY,MW
2045-03-19 02:00:00,SO,state_of_charge,0.0,XY,MW
2045-03-20 03:00:00,CE,state_of_charge,0.0,XY,MW
2045-03-21 04:00:00,NR,state_of_charge,0.0,XY,MW
2045-03-22 05:00:00,SO,state_of_charge,0.0,XY,MW
2045-03-23 06:00:00,CE,state_of_charge,0.0,XY,MW
2045-03-24 07:00:00,NR,state_of_charge,0.0,XY,MW
2045-03-25 08:00:00,SO,state_of_charge,0.0,XY,MW
2045-03-26 09:00:00,CE,state_of_charge,0.0,XY,MW
2045-03-27 10:00:00,NR,state_of_charge,0.0,XY,MW
2045-03-28 11:00:00,SO,state_of_charge,0.0,XY,MW
2045-03-29 12:00:00,CE,state_of_charge,0.0,XY,MW
2045-03-30 13:00:00,NR,state_of_charge,0.0,XY,MW
2045-03-31 14:00:00,SO,state_of_charge,0.0,XY,MW
2045-04-01 15:00:00,CE,state_of_charge,0.0,XY,MW
2045-04-02 16:00:00,NR,state_of_charge,0.0,XY,MW
2045-04-03 17:00:00,SO,state_of_charge,0.0,XY,MW
2045-04-04 18:00:00,CE,state_of_charge,92.25,XY,MW
2045-04-05 19:00:00,NR,state_of_charge,155.25,XY,MW
2045-04-06 20:00:00,SO,state_of_charge,112.5,XY,MW
2045-04-07 21:00:00,CE,state_of_charge,0.0,XY,MW
2045-04-08 22:00:00,NR,state_of_charge,0.0,XY,MW
2045-04-09 23:00:00,SO,state_of_charge,0.0,XY,MW
2045-04-11 00:00:00,CE,state_of_charge,0.0,XY,MW
2045-04-12 01:00:00,NR,state_of_charge,0.0,XY,MW
2045-04-13 02:00:00,SO,state_of_charge,0.0,XY,MW
2045-04-14 03:00:00,CE,state_of_charge,0.0,XY,MW
2045-04-15 04:00:00,NR,state_of_charge,0.0,XY,MW
2045-04-16 05:00:00,SO,state_of_charge,0.0,XY,MW
2045-04-17 06:00:00,CE,state_of_charge,0.0,XY,MW
2045-04-18 07:00:00,NR,state_of_charge,0.0,XY,MW
2045-04-19 08:00:00,SO,state_of_charge,0.0,XY,MW
2045-04-20 09:00:00,CE,state_of_charge,0.0,XY,MW
2045-04-21 10:00:00,NR,state_of_charge,0.0,XY,MW
2045-04-22 11:00:00,SO,state_of_charge,0.0,XY,MW
2045-04-23 12:00:00,CE,state_of_charge,0.0,XY,MW
2045-04-24 13:00:00,NR,state_of_charge,0.0,XY,MW
2045-04-25 14:00:00,SO,state_of_charge,0.0,XY,MW
2045-04-26 15:00:00,CE,state_of_charge,0.0,XY,MW
2045-04-27 16:00:00,NR,state_of_charge,0.0,XY,MW
2045-04-28 17:00:00,SO,state_of_charge,0.0,XY,MW
2045-04-29 18:00:00,CE,state_of_charge,0.0,XY,MW
2045-04-30 19:00:00,NR,state_of_charge,0.0,XY,MW
2045-05-01 20:00:00,SO,state_of_charge,0.0,XY,MW
2045-05-02 21:00:00,CE,state_of_charge,0.0,XY,MW
2045-05-03 22:00:00,NR,state_of_charge,0.0,XY,MW
2045-05-04 23:00:00,SO,state_of_charge,0.0,XY,MW
2045-05-06 00:00:00,CE,state_of_charge,0.0,XY,MW
2045-05-07 01:00:00,NR,state_of_charge,0.0,XY,MW
2045-05-08 02:00:00,SO,state_of_charge,0.0,XY,MW
2045-05-09 03:00:00,CE,state_of_charge,0.0,XY,MW
2045-05-10 04:00:00,NR,state_of_charge,0.0,XY,MW
2045-05-11 05:00:00,SO,state_of_charge,0.0,XY,MW
2045-05-12 06:00:00,CE,state_of_charge,0.0,XY,MW
2045-05-13 07:00:00,NR,state_of_charge,0.0,XY,MW
2045-05-14 08:00:00,SO,state_of_charge,0.0,XY,MW
2045-05-15 09:00:00,CE,state_of_charge,0.0,XY,MW
2045-05-16 10:00:00,NR,state_of_charge,0.0,XY,MW
2045-05-17 11:00:00,SO,state_of_charge,0.0,XY,MW
2045-05-18 12:00:00,CE,state_of_charge,0.0,XY,MW
2045-05-19 13:00:00,NR,state_of_charge,0.0,XY,MW
2045-05-20 14:00:00,SO,state_of_charge,0.0,XY,MW
2045-05-21 15:00:00,CE,state_of_charge,0.0,XY,MW
2045-05-22 16:00:00,NR,state_of_charge,0.0,XY,MW
2045-05-23 17:00:00,SO,state_of_charge,0.0,XY,MW
2045-05-24 18:00:00,CE,state_of_charge,0.0,XY,MW
2045-05-25 19:00:00,NR,state_of_charge,0.0,XY,MW
2045-05-26 20:00:00,SO,state_of_charge,0.0,XY,MW
2045-05-27 21:00:00,CE,state_of_charge,0.0,XY,MW
2045-05-28 22:00:00,NR,state_of_charge,0.0,XY,MW
2045-05-29 23:00:00,SO,state_of_charge,0.0,XY,MW
2045-05-31 00:00:00,CE,state_of_charge,0.0,XY,MW
2045-06-01 01:00:00,NR,state_of_charge,0.0,XY,MW
2045-06-02 02:00:00,SO,state_of_charge,0.0,XY,MW
2045-06-03 03:00:00,CE,state_of_charge,0.0,XY,MW
2045-06-04 04:00:00,NR,state_of_charge,0.0,XY,MW
2045-06-05 05:00:00,SO,state_of_charge,0.0,XY,MW
2045-06-06 06:00:00,CE,state_of_charge,0.0,XY,MW
2045-06-07 07:00:00,NR,state_of_charge,0.0,XY,MW
2045-06-08 08:00:00,SO,state_of_charge,0.0,XY,MW
2045-06-09 09:00:00,CE,state_of_charge,0.0,XY,MW
2045-06-10 10:00:00,NR,state_of_charge,0.0,XY,MW
2045-06-11 11:00:00,SO,state_of_charge,0.0,XY,MW
2045-06-12 12:00:00,CE,state_of_charge,0.0,XY,MW
2045-06-13 13:00:00,NR,state_of_charge,0.0,XY,MW
2045-06-14 14:00:00,SO,state_of_charge,0.0,XY,MW
2045-06-15 15:00:00,CE,state_of_charge,0.0,XY,MW
2045-06-16 16:00:00,NR,state_of_charge,0.0,XY,MW
2045-06-17 17:00:00,SO,state_of_charge,0.0,XY,MW
2045-06-18 18:00:00,CE,state_of_charge,92.25,XY,MW
2045-06-19 19:00:00,NR,state_of_charge,155.25,XY,MW
2045-06-20 20:00:00,SO,state_of_charge,112.5,XY,MW
2045-06-21 21:00:00,CE,state_of_charge,0.0,XY,MW
2045-06-22 22:00:00,NR,state_of_charge,0.0,XY,MW
2045-06-23 23:00:00,SO,state_of_charge,0.0,XY,MW
2045-06-25 00:00:00,CE,state_of_charge,0.0,XY,MW
2045-06-26 01:00:00,NR,state_of_charge,0.0,XY,MW
2045-06-27 02:00:00,SO,state_of_charge,0.0,XY,MW
2045-06-28 03:00:00,CE,state_of_charge,0.0,XY,MW
2045-06-29 04:00:00,NR,state_of_charge,0.0,XY,MW
2045-06-30 05:00:00,SO,state_of_charge,0.0,XY,MW
2045-07-01 06:00:00,CE,state_of_charge,0.0,XY,MW
2045-07-02 07:00:00,NR,state_of_charge,0.0,XY,MW
2045-07-03 08:00:00,SO,state_of_charge,0.0,XY,MW
2045-07-04 09:00:00,CE,state_of_charge,0.0,XY,MW
2045-07-05 10:00:00,NR,state_of_charge,0.0,XY,MW
2045-07-06 11:00:00,SO,state_of_charge,0.0,XY,MW
2045-07-07 12:00:00,CE,state_of_charge,0.0,XY,MW
2045-07-08 13:00:00,NR,state_of_charge,0.0,XY,MW
2045-07-09 14:00:00,SO,state_of_charge,0.0,XY,MW
2045-07-10 15:00:00,CE,state_of_charge,0.0,XY,MW
2045-07-11 16:00:00,NR,state_of_charge,0.0,XY,MW
2045-07-12 17:00:00,SO,state_of_charge,0.0,XY,MW
2045-07-13 18:00:00,CE,state_of_charge,0.0,XY,MW
2045-07-14 19:00:00,NR,state_of_charge,0.0,XY,MW
2045-07-15 20:00:00,SO,state_of_charge,0.0,XY,MW
2045-07-16 21:00:00,CE,state_of_charge,0.0,XY,MW
2045-07-17 22:00:00,NR,state_of_charge,0.0,XY,MW
2045-07-18 23:00:00,SO,state_of_charge,0.0,XY,MW
2045-07-20 00:00:00,CE,state_of_charge,0.0,XY,MW
2045-07-21 01:00:00,NR,state_of_charge,0.0,XY,MW
2045-07-22 02:00:00,SO,state_of_charge,0.0,XY,MW
2045-07-23 03:00:00,CE,state_of_charge,0.0,XY,MW
2045-07-24 04:00:00,NR,state_of_charge,0.0,XY,MW
2045-07-25 05:00:00,SO,state_of_charge,0.0,XY,MW
2045-07-26 06:00:00,CE,state_of_charge,0.0,XY,MW
2045-07-27 07:00:00,NR,state_of_charge,0.0,XY,MW
2045-07-28 08:00:00,SO,state_of_charge,0.0,XY,MW
2045-07-29 09:00:00,CE,state_of_charge,0.0,XY,MW
2045-07-30 10:00:00,NR,state_of_charge,0.0,XY,MW
2045-07-31 11:00:00,SO,state_of_charge,0.0,XY,MW
2045-08-01 12:00:00,CE,state_of_charge,0.0,XY,MW
2045-08-02 13:00:00,NR,state_of_charge,0.0,XY,MW
2045-08-03 14:00:00,SO,state_of_charge,0.0,XY,MW
2045-08-04 15:00:00,CE,state_of_charge,0.0,XY,MW
2045-08-05 16:00:00,NR,state_of_charge,0.0,XY,MW
2045-08-06 17:00:00,SO,state_of_charge,0.0,XY,MW
2045-08-07 18:00:00,CE,state_of_charge,0.0,XY,MW
2045-08-08 19:00:00,NR,state_of_charge,0.0,XY,MW
2045-08-09 20:00:00,SO,state_of_charge,0.0,XY,MW
2045-08-10 21:00:00,CE,state_of_charge,0.0,XY,MW
2045-08-11 22:00:00,NR,state_of_charge,0.0,XY,MW
2045-08-12 23:00:00,SO,state_of_charge,0.0,XY,MW
2045-08-14 00:00:00,CE,state_of_charge,0.0,XY,MW
2045-08-15 01:00:00,NR,state_of_charge,0.0,XY,MW
2045-08-16 02:00:00,SO,state_of_charge,0.0,XY,MW
2045-08-17 03:00:00,CE,state_of_charge,0.0,XY,MW
2045-08-18 04:00:00,NR,state_of_charge,0.0,XY,MW
2045-08-19 05:00:00,SO,state_of_charge,0.0,XY,MW
2045-08-20 06:00:00,CE,state_of_charge,0.0,XY,MW
2045-08-21 07:00:00,NR,state_of_charge,0.0,XY,MW
2045-08-22 08:00:00,SO,state_of_charge,0.0,XY,MW
2045-08-23 09:00:00,CE,state_of_charge,0.0,XY,MW
2045-08-24 10:00:00,NR,state_of_charge,0.0,XY,MW
2045-08-25 11:00:00,SO,state_of_charge,0.0,XY,MW
2045-08-26 12:00:00,CE,state_of_charge,0.0,XY,MW
2045-08-27 13:00:00,NR,state_of_charge,0.0,XY,MW
2045-08-28 14:00:00,SO,state_of_charge,0.0,XY,MW
2045-08-29 15:00:00,CE,state_of_charge,0.0,XY,MW
2045-08-30 16:00:00,NR,state_of_charge,0.0,XY,MW
2045-08-31 17:00:00,SO,state_of_charge,0.0,XY,MW
2045-09-01 18:00:00,CE,state_of_charge,92.25,XY,MW
2045-09-02 19:00:00,NR,state_of_charge,155.25,XY,MW
2045-09-03 20:00:00,SO,state_of_charge,112.5,XY,MW
2045-09-04 21:00:00,CE,state_of_charge,0.0,XY,MW
2045-09-05 22:00:00,NR,state_of_charge,0.0,XY,MW
2045-09-06 23:00:00,SO,state_of_charge,0.0,XY,MW
2045-09-08 00:00:00,CE,state_of_charge,0.0,XY,MW
2045-09-09 01:00:00,NR,state_of_charge,0.0,XY,MW
2045-09-10 02:00:00,SO,state_of_charge,0.0,XY,MW
2045-09-11 03:00:00,CE,state_of_charge,0.0,XY,MW
2045-09-12 04:00:00,NR,state_of_charge,0.0,XY,MW
2045-09-13 05:00:00,SO,state_of_charge,0.0,XY,MW
2045-09-14 06:00:00,CE,state_of_charge,0.0,XY,MW
2045-09-15 07:00:00,NR,state_of_charge,0.0,XY,MW
2045-09-16 08:00:00,SO,state_of_charge,0.0,XY,MW
2045-09-17 09:00:00,CE,state_of_charge,0.0,XY,MW
2045-09-18 10:00:00,NR,state_of_charge,0.0,XY,MW
2045-09-19 11:00:00,SO,state_of_charge,0.0,XY,MW
2045-09-20 12:00:00,CE,state_of_charge,0.0,XY,MW
2045-09-21 13:00:00,NR,state_of_charge,0.0,XY,MW
2045-09-22 14:00:00,SO,state_of_charge,0.0,XY,MW
2045-09-23 15:00:00,CE,state_of_charge,0.0,XY,MW
2045-09-24 16:00:00,NR,state_of_charge,0.0,XY,MW
2045-09-25 17:00:00,SO,state_of_charge,0.0,XY,MW
2045-09-26 18:00:00,CE,state_of_charge,0.0,XY,MW
2045-09-27 19:00:00,NR,state_of_charge,0.0,XY,MW
2045-09-28 20:00:00,SO,state_of_charge,0.0,XY,MW
2045-09-29 21:00:00,CE,state_of_charge,0.0,XY,MW
2045-09-30 22:00:00,NR,state_of_charge,0.0,XY,MW
2045-10-01 23:00:00,SO,state_of_charge,0.0,XY,MW
2045-10-03 00:00:00,CE,state_of_charge,0.0,XY,MW
2045-10-04 01:00:00,NR,state_of_charge,0.0,XY,MW
2045-10-05 02:00:00,SO,state_of_charge,0.0,XY,MW
2045-10-06 03:00:00,CE,state_of_charge,0.0,XY,MW
2045-10-07 04:00:00,NR,state_of_charge,0.0,XY,MW
2045-10-08 05:00:00,SO,state_of_charge,0.0,XY,MW
2045-10-09 06:00:00,CE,state_of_charge,0.0,XY,MW
2045-10-10 07:00:00,NR,state_of_charge,0.0,XY,MW
2045-10-11 08:00:00,SO,state_of_charge,0.0,XY,MW
2045-10-12 09:00:00,CE,state_of_charge,0.0,XY,MW
2045-10-13 10:00:00,NR,state_of_charge,0.0,XY,MW
2045-10-14 11:00:00,SO,state_of_charge,0.0,XY,MW
2045-10-15 12:00:00,CE,state_of_charge,0.0,XY,MW
2045-10-16 13:00:00,NR,state_of_charge,0.0,XY,MW
2045-10-17 14:00:00,SO,state_of_charge,0.0,XY,MW
2045-10-18 15:00:00,CE,state_of_charge,0.0,XY,MW
2045-10-19 16:00:00,NR,state_of_charge,0.0,XY,MW
2045-10-20 17:00:00,SO,state_of_charge,0.0,XY,MW
2045-10-21 18:00:00,CE,state_of_charge,0.0,XY,MW
2045-10-22 19:00:00,NR,state_of_charge,0.0,XY,MW
2045-10-23 20:00:00,SO,state_of_charge,0.0,XY,MW
2045-10-24 21:00:00,CE,state_of_charge,0.0,XY,MW
2045-10-25 22:00:00,NR,state_of_charge,0.0,XY,MW
2045-10-26 23:00:00,SO,state_of_charge,0.0,XY,MW
2045-10-28 00:00:00,CE,state_of_charge,0.0,XY,MW
2045-10-29 01:00:00,NR,state_of_charge,0.0,XY,MW
2045-10-30 02:00:00,SO,state_of_charge,0.0,XY,MW
2045-10-31 03:00:00,CE,state_of_charge,0.0,XY,MW
2045-11-01 04:00:00,NR,state_of_charge,0.0,XY,MW
2045-11-02 05:00:00,SO,state_of_charge,0.0,XY,MW
2045-11-03 06:00:00,CE,state_of_charge,0.0,XY,MW
2045-11-04 07:00:00,NR,state_of_charge,0.0,XY,MW
2045-11-05 08:00:00,SO,state_of_charge,0.0,XY,MW
2045-11-06 09:00:00,CE,state_of_charge,0.0,XY,MW
2045-11-07 10:00:00,NR,state_of_charge,0.0,XY,MW
2045-11-08 11:00:00,SO,state_of_charge,0.0,XY,MW
2045-11-09 12:00:00,CE,state_of_charge,0.0,XY,MW
2045-11-10 13:00:00,NR,state_of_charge,0.0,XY,MW
2045-11-11 14:00:00,SO,state_of_charge,0.0,XY,MW
2045-11-12 15:00:00,CE,state_of_charge,92.25,XY,MW
2045-11-13 16:00:00,NR,state_of_charge,155.25,XY,MW
2045-11-14 17:00:00,SO,state_of_charge,112.5,XY,MW
2045-11-15 18:00:00,CE,state_of_charge,0.0,XY,MW
2045-11-16 19:00:00,NR,state_of_charge,0.0,XY,MW
2045-11-17 20:00:00,SO,state_of_charge,0.0,XY,MW
2045-11-18 21:00:00,CE,state_of_charge,0.0,XY,MW
2045-11-19 22:00:00,NR,state_of_charge,0.0,XY,MW
2045-11-20 23:00:00,SO,state_of_charge,0.0,XY,MW
2045-11-22 00:00:00,CE,state_of_charge,0.0,XY,MW
2045-11-23 01:00:00,NR,state_of_charge,0.0,XY,MW
2045-11-24 02:00:00,SO,state_of_charge,0.0,XY,MW
2045-11-25 03:00:00,CE,state_of_charge,0.0,XY,MW
2045-11-26 04:00:00,NR,state_of_charge,0.0,XY,MW
2045-11-27 05:00:00,SO,state_of_charge,0.0,XY,MW
2045-11-28 06:00:00,CE,state_of_charge,0.0,XY,MW
2045-11-29 07:00:00,NR,state_of_charge,0.0,XY,MW
2045-11-30 08:00:00,SO,state_of_charge,0.0,XY,MW
2045-12-01 09:00:00,CE,state_of_charge,0.0,XY,MW
2045-12-02 10:00:00,NR,state_of_charge,0.0,XY,MW
2045-12-03 11:00:00,SO,state_of_charge,0.0,XY,MW
2045-12-04 12:00:00,CE,state_of_charge,0.0,XY,MW
2045-12-05 13:00:00,NR,state_of_charge,0.0,XY,MW
2045-12-06 14:00:00,SO,state_of_charge,0.0,XY,MW
2045-12-07 15:00:00,CE,state_of_charge,0.0,XY,MW
2045-12-08 16:00:00,NR,state_of_charge,0.0,XY,MW
2045-12-09 17:00:00,SO,state_of_charge,0.0,XY,MW
2045-12-10 18:00:00,CE,state_of_charge,0.0,XY,MW
2045-12-11 19:00:00,NR,state_of_charge,0.0,XY,MW
2045-12-12 20:00:00,SO,state_of_charge,0.0,XY,MW
2045-12-13 21:00:00,CE,state_of_charge,0.0,XY,MW
2045-12-14 22:00:00,NR,state_of_charge,0.0,XY,MW
2045-12-15 23:00:00,SO,state_of_charge,0.0,XY,MW
2045-12-17 00:00:00,CE,state_of_charge,0.0,XY,MW
2045-12-18 01:00:00,NR,state_of_charge,0.0,XY,MW
2045-12-19 02:00:00,SO,state_of_charge,0.0,XY,MW
2045-12-20 03:00:00,CE,state_of_charge,0.0,XY,MW
2045-12-21 04:00:00,NR,state_of_charge,0.0,XY,MW
2045-12-22 05:00:00,SO,state_of_charge,0.0,XY,MW
2045-12-23 06:00:00,CE,state_of_charge,0.0,XY,MW
2045-12-24 07:00:00,NR,state_of_charge,0.0,XY,MW
2045-12-25 08:00:00,SO,state_of_charge,0.0,XY,MW
2045-12-26 09:00:00,CE,state_of_charge,0.0,XY,MW
2045-12-27 10:00:00,NR,state_of_charge,0.0,XY,MW
2045-12-28 11:00:00,SO,state_of_charge,0.0,XY,MW
2045-12-29 12:00:00,CE,state_of_charge,0.0,XY,MW
2045-12-30 13:00:00,NR,state_of_charge,0.0,XY,MW
2045-12-31 14:00:00,SO,state_of_charge,0.0,XY,MW
2046-01-01 15:00:00,CE,state_of_charge,0.0,XY,MW
2046-01-02 16:00:00,NR,state_of_charge,0.0,XY,MW
2046-01-03 17:00:00,SO,state_of_charge,0.0,XY,MW
2046-01-04 18:00:00,CE,state_of_charge,0.0,XY,MW
2046-01-05 19:00:00,NR,state_of_charge,0.0,XY,MW
2046-01-06 20:00:00,SO,state_of_charge,0.0,XY,MW
2046-01-07 21:00:00,CE,state_of_charge,0.0,XY,MW
2046-01-08 22:00:00,NR,state_of_charge,0.0,XY,MW
2046-01-09 23:00:00,SO,state_of_charge,0.0,XY,MW
2046-01-11 00:00:00,CE,state_of_charge,0.0,XY,MW
2046-01-12 01:00:00,NR,state_of_charge,0.0,XY,MW
2046-01-13 02:00:00,SO,state_of_charge,0.0,XY,MW
2046-01-14 03:00:00,CE,state_of_charge,0.0,XY,MW
2046-01-15 04:00:00,NR,state_of_charge,0.0,XY,MW
2046-01-16 05:00:00,SO,state_of_charge,0.0,XY,MW
2046-01-17 06:00:00,CE,state_of_charge,0.0,XY,MW
2046-01-18 07:00:00,NR,state_of_charge,0.0,XY,MW
2046-01-19 08:00:00,SO,state_of_charge,0.0,XY,MW
2046-01-20 09:00:00,CE,state_of_charge,0.0,XY,MW
2046-01-21 10:00:00,NR,state_of_charge,0.0,XY,MW
2046-01-22 11:00:00,SO,state_of_charge,0.0,XY,MW
2046-01-23 12:00:00,CE,state_of_charge,0.0,XY,MW
2046-01-24 13:00:00,NR,state_of_charge,0.0,XY,MW
2046-01-25 14:00:00,SO,state_of_charge,0.0,XY,MW
2046-01-26 15:00:00,CE,state_of_charge,92.25,XY,MW
2046-01-27 16:00:00,NR,state_of_charge,155.25,XY,MW
2046-01-28 17:00:00,SO,state_of_charge,112.5,XY,MW
2046-01-29 18:00:00,CE,state_of_charge,0.0,XY,MW
2046-01-30 19:00:00,NR,state_of_charge,0.0,XY,MW
2046-01-31 20:00:00,SO,state_of_charge,0.0,XY,MW
2046-02-01 21:00:00,CE,state_of_charge,0.0,XY,MW
2046-02-02 22:00:00,NR,state_of_charge,0.0,XY,MW
2046-02-03 23:00:00,SO,state_of_charge,0.0,XY,MW
2046-02-05 00:00:00,CE,state_of_charge,0.0,XY,MW
2046-02-06 01:00:00,NR,state_of_charge,0.0,XY,MW
2046-02-07 02:00:00,SO,state_of_charge,0.0,XY,MW
2046-02-08 03:00:00,CE,state_of_charge,0.0,XY,MW
2046-02-09 04:00:00,NR,state_of_charge,0.0,XY,MW
2046-02-10 05:00:00,SO,state_of_charge,0.0,XY,MW
2046-02-11 06:00:00,CE,state_of_charge,0.0,XY,MW
2046-02-12 07:00:00,NR,state_of_charge,0.0,XY,MW
2046-02-13 08:00:00,SO,state_of_charge,0.0,XY,MW
2046-02-14 09:00:00,CE,state_of_charge,0.0,XY,MW
2046-02-15 10:00:00,NR,state_of_charge,0.0,XY,MW
2046-02-16 11:00:00,SO,state_of_charge,0.0,XY,MW
2046-02-17 12:00:00,CE,state_of_charge,0.0,XY,MW
2046-02-18 13:00:00,NR,state_of_charge,0.0,XY,MW
2046-02-19 14:00:00,SO,state_of_charge,0.0,XY,MW
2046-02-20 15:00:00,CE,state_of_charge,0.0,XY,MW
2046-02-21 16:00:00,NR,state_of_charge,0.0,XY,MW
2046-02-22 17:00:00,SO,state_of_charge,0.0,XY,MW
2046-02-23 18:00:00,CE,state_of_charge,0.0,XY,MW
2046-02-24 19:00:00,NR,state_of_charge,0.0,XY,MW
2046-02-25 20:00:00,SO,state_of_charge,0.0,XY,MW
2046-02-26 21:00:00,CE,state_of_charge,0.0,XY,MW
2046-02-27 22:00:00,NR,state_of_charge,0.0,XY,MW
2046-02-28 23:00:00,SO,state_of_charge,0.0,XY,MW
2046-03-02 00:00:00,CE,state_of_charge,0.0,XY,MW
2046-03-03 01:00:00,NR,state_of_charge,0.0,XY,MW
2046-03-04 02:00:00,SO,state_of_charge,0.0,XY,MW
2046-03-05 03:00:00,CE,state_of_charge,0.0,XY,MW
2046-03-06 04:00:00,NR,state_of_charge,0.0,XY,MW
2046-03-07 05:00:00,SO,state_of_charge,0.0,XY,MW
2046-03-08 06:00:00,CE,state_of_charge,0.0,XY,MW
2046-03-09 07:00:00,NR,state_of_charge,0.0,XY,MW
2046-03-10 08:00:00,SO,state_of_charge,0.0,XY,MW
2046-03-11 09:00:00,CE,state_of_charge,0.0,XY,MW
2046-03-12 10:00:00,NR,state_of_charge,0.0,XY,MW
2046-03-13 11:00:00,SO,state_of_charge,0.0,XY,MW
2046-03-14 12:00:00,CE,state_of_charge,0.0,XY,MW
2046-03-15 13:00:00,NR,state_of_charge,0.0,XY,MW
2046-03-16 14:00:00,SO,state_of_charge,0.0,XY,MW
2046-03-17 15:00:00,CE,state_of_charge,0.0,XY,MW
2046-03-18 16:00:00,NR,state_of_charge,0.0,XY,MW
2046-03-19 17:00:00,SO,state_of_charge,0.0,XY,MW
2046-03-20 18:00:00,CE,state_of_charge,0.0,XY,MW
2046-03-21 19:00:00,NR,state_of_charge,0.0,XY,MW
2046-03-22 20:00:00,SO,state_of_charge,0.0,XY,MW
2046-03-23 21:00:00,CE,state_of_charge,0.0,XY,MW
2046-03-24 22:00:00,NR,state_of_charge,0.0,XY,MW
2046-03-25 23:00:00,SO,state_of_charge,0.0,XY,MW
2046-03-27 00:00:00,CE,state_of_charge,0.0,XY,MW
2046-03-28 01:00:00,NR,state_of_charge,0.0,XY,MW
2046-03-29 02:00:00,SO,state_of_charge,0.0,XY,MW
2046-03-30 03:00:00,CE,state_of_charge,0.0,XY,MW
2046-03-31 04:00:00,NR,state_of_charge,0.0,XY,MW
2046-04-01 05:00:00,SO,state_of_charge,0.0,XY,MW
2046-04-02 06:00:00,CE,state_of_charge,0.0,XY,MW
2046-04-03 07:00:00,NR,state_of_charge,0.0,XY,MW
2046-04-04 08:00:00,SO,state_of_charge,0.0,XY,MW
2046-04-05 09:00:00,CE,state_of_charge,0.0,XY,MW
2046-04-06 10:00:00,NR,state_of_charge,0.0,XY,MW
2046-04-07 11:00:00,SO,state_of_charge,0.0,XY,MW
2046-04-08 12:00:00,CE,state_of_charge,0.0,XY,MW
2046-04-09 13:00:00,NR,state_of_charge,0.0,XY,MW
2046-04-10 14:00:00,SO,state_of_charge,0.0,XY,MW
2046-04-11 15:00:00,CE,state_of_charge,92.25,XY,MW
2046-04-12 16:00:00,NR,state_of_charge,155.25,XY,MW
2046-04-13 17:00:00,SO,state_of_charge,112.5,XY,MW
2046-04-14 18:00:00,CE,state_of_charge,0.0,XY,MW
2046-04-15 19:00:00,NR,state_of_charge,0.0,XY,MW
2046-04-16 20:00:00,SO,state_of_charge,0.0,XY,MW
2046-04-17 21:00:00,CE,state_of_charge,0.0,XY,MW
2046-04-18 22:00:00,NR,state_of_charge,0.0,XY,MW
2046-04-19 23:00:00,SO,state_of_charge,0.0,XY,MW
2046-04-21 00:00:00,CE,state_of_charge,0.0,XY,MW
2046-04-22 01:00:00,NR,state_of_charge,0.0,XY,MW
2046-04-23 02:00:00,SO,state_of_charge,0.0,XY,MW
2046-04-24 03:00:00,CE,state_of_charge,0.0,XY,MW
2046-04-25 04:00:00,NR,state_of_charge,0.0,XY,MW
2046-04-26 05:00:00,SO,state_of_charge,0.0,XY,MW
2046-04-27 06:00:00,CE,state_of_charge,0.0,XY,MW
2046-04-28 07:00:00,NR,state_of_charge,0.0,XY,MW
2046-04-29 08:00:00,SO,state_of_charge,0.0,XY,MW
2046-04-30 09:00:00,CE,state_of_charge,0.0,XY,MW
2046-05-01 10:00:00,NR,state_of_charge,0.0,XY,MW
2046-05-02 11:00:00,SO,state_of_charge,0.0,XY,MW
2046-05-03 12:00:00,CE,state_of_charge,0.0,XY,MW
2046-05-04 13:00:00,NR,state_of_charge,0.0,XY,MW
2046-05-05 14:00:00,SO,state_of_charge,0.0,XY,MW
2046-05-06 15:00:00,CE,state_of_charge,0.0,XY,MW
2046-05-07 16:00:00,NR,state_of_charge,0.0,XY,MW
2046-05-08 17:00:00,SO,state_of_charge,0.0,XY,MW
2046-05-09 18:00:00,CE,state_of_charge,0.0,XY,MW
2046-05-10 19:00:00,NR,state_of_charge,0.0,XY,MW
2046-05-11 20:00:00,SO,state_of_charge,0.0,XY,MW
2046-05-12 21:00:00,CE,state_of_charge,0.0,XY,MW
2046-05-13 22:00:00,NR,state_of_charge,0.0,XY,MW
2046-05-14 23:00:00,SO,state_of_charge,0.0,XY,MW
2046-05-16 00:00:00,CE,state_of_charge,0.0,XY,MW
2046-05-17 01:00:00,NR,state_of_charge,0.0,XY,MW
2046-05-18 02:00:00,SO,state_of_charge,0.0,XY,MW
2046-05-19 03:00:00,CE,state_of_charge,0.0,XY,MW
2046-05-20 04:00:00,NR,state_of_charge,0.0,XY,MW
2046-05-21 05:00:00,SO,state_of_charge,0.0,XY,MW
2046-05-22 06:00:00,CE,state_of_charge,0.0,XY,MW
2046-05-23 07:00:00,NR,state_of_charge,0.0,XY,MW
2046-05-24 08:00:00,SO,state_of_charge,0.0,XY,MW
2046-05-25 09:00:00,CE,state_of_charge,0.0,XY,MW
2046-05-26 10:00:00,NR,state_of_charge,0.0,XY,MW
2046-05-27 11:00:00,SO,state_of_charge,0.0,XY,MW
2046-05-28 12:00:00,CE,state_of_charge,0.0,XY,MW
2046-05-29 13:00:00,NR,state_of_charge,0.0,XY,MW
2046-05-30 14:00:00,SO,state_of_charge,0.0,XY,MW
2046-05-31 15:00:00,CE,state_of_charge,0.0,XY,MW
2046-06-01 16:00:00,NR,state_of_charge,0.0,XY,MW
2046-06-02 17:00:00,SO,state_of_charge,0.0,XY,MW
2046-06-03 18:00:00,CE,state_of_charge,0.0,XY,MW
2046-06-04 19:00:00,NR,state_of_charge,0.0,XY,MW
2046-06-05 20:00:00,SO,state_of_charge,0.0,XY,MW
2046-06-06 21:00:00,CE,state_of_charge,0.0,XY,MW
2046-06-07 22:00:00,NR,state_of_charge,0.0,XY,MW
2046-06-08 23:00:00,SO,state_of_charge,0.0,XY,MW
2046-06-10 00:00:00,CE,state_of_charge,0.0,XY,MW
2046-06-11 01:00:00,NR,state_of_charge,0.0,XY,MW
2046-06-12 02:00:00,SO,state_of_charge,0.0,XY,MW
2046-06-13 03:00:00,CE,state_of_charge,0.0,XY,MW
2046-06-14 04:00:00,NR,state_of_charge,0.0,XY,MW
2046-06-15 05:00:00,SO,state_of_charge,0.0,XY,MW
2046-06-16 06:00:00,CE,state_of_charge,0.0,XY,MW
2046-06-17 07:00:00,NR,state_of_charge,0.0,XY,MW
2046-06-18 08:00:00,SO,state_of_charge,0.0,XY,MW
2046-06-19 09:00:00,CE,state_of_charge,0.0,XY,MW
2046-06-20 10:00:00,NR,state_of_charge,0.0,XY,MW
2046-06-21 11:00:00,SO,state_of_charge,0.0,XY,MW
2046-06-22 12:00:00,CE,state_of_charge,0.0,XY,MW
2046-06-23 13:00:00,NR,state_of_charge,0.0,XY,MW
2046-06-24 14:00:00,SO,state_of_charge,0.0,XY,MW
2046-06-25 15:00:00,CE,state_of_charge,0.0,XY,MW
2046-06-26 16:00:00,NR,state_of_charge,0.0,XY,MW
2046-06-27 17:00:00,SO,state_of_charge,0.0,XY,MW
2046-06-28 18:00:00,CE,state_of_charge,92.25,XY,MW
2046-06-29 19:00:00,NR,state_of_charge,155.25,XY,MW
2046-06-30 20:00:00,SO,state_of_charge,112.5,XY,MW
2046-07-01 21:00:00,CE,state_of_charge,0.0,XY,MW
2046-07-02 22:00:00,NR,state_of_charge,0.0,XY,MW
2046-07-03 23:00:00,SO,state_of_charge,0.0,XY,MW
2046-07-05 00:00:00,CE,state_of_charge,0.0,XY,MW
2046-07-06 01:00:00,NR,state_of_charge,0.0,XY,MW
2046-07-07 02:00:00,SO,state_of_charge,0.0,XY,MW
2046-07-08 03:00:00,CE,state_of_charge,0.0,XY,MW
2046-07-09 04:00:00,NR,state_of_charge,0.0,XY,MW
2046-07-10 05:00:00,SO,state_of_charge,0.0,XY,MW
2046-07-11 06:00:00,CE,state_of_charge,0.0,XY,MW
2046-07-12 07:00:00,NR,state_of_charge,0.0,XY,MW
2046-07-13 08:00:00,SO,state_of_charge,0.0,XY,MW
2046-07-14 09:00:00,CE,state_of_charge,0.0,XY,MW
2046-07-15 10:00:00,NR,state_of_charge,0.0,XY,MW
2046-07-16 11:00:00,SO,state_of_charge,0.0,XY,MW
2046-07-17 12:00:00,CE,state_of_charge,0.0,XY,MW
2046-07-18 13:00:00,NR,state_of_charge,0.0,XY,MW
2046-07-19 14:00:00,SO,state_of_charge,0.0,XY,MW
2046-07-20 15:00:00,CE,state_of_charge,0.0,XY,MW
2046-07-21 16:00:00,NR,state_of_charge,0.0,XY,MW
2046-07-22 17:00:00,SO,state_of_charge,0.0,XY,MW
2046-07-23 18:00:00,CE,state_of_charge,0.0,XY,MW
2046-07-24 19:00:00,NR,state_of_charge,0.0,XY,MW
2046-07-25 20:00:00,SO,state_of_charge,0.0,XY,MW
2046-07-26 21:00:00,CE,state_of_charge,0.0,XY,MW
2046-07-27 22:00:00,NR,state_of_charge,0.0,XY,MW
2046-07-28 23:00:00,SO,state_of_charge,0.0,XY,MW
2046-07-30 00:00:00,CE,state_of_charge,0.0,XY,MW
2046-07-31 01:00:00,NR,state_of_charge,0.0,XY,MW
2046-08-01 02:00:00,SO,state_of_charge,0.0,XY,MW
2046-08-02 03:00:00,CE,state_of_charge,0.0,XY,MW
2046-08-03 04:00:00,NR,state_of_charge,0.0,XY,MW
2046-08-04 05:00:00,SO,state_of_charge,0.0,XY,MW
2046-08-05 06:00:00,CE,state_of_charge,0.0,XY,MW
2046-08-06 07:00:00,NR,state_of_charge,0.0,XY,MW
2046-08-07 08:00:00,SO,state_of_charge,0.0,XY,MW
2046-08-08 09:00:00,CE,state_of_charge,0.0,XY,MW
2046-08-09 10:00:00,NR,state_of_charge,0.0,XY,MW
2046-08-10 11:00:00,SO,state_of_charge,0.0,XY,MW
2046-08-11 12:00:00,CE,state_of_charge,0.0,XY,MW
2046-08-12 13:00:00,NR,state_of_charge,0.0,XY,MW
2046-08-13 14:00:00,SO,state_of_charge,0.0,XY,MW
2046-08-14 15:00:00,CE,state_of_charge,0.0,XY,MW
2046-08-15 16:00:00,NR,state_of_charge,0.0,XY,MW
2046-08-16 17:00:00,SO,state_of_charge,0.0,XY,MW
2046-08-17 18:00:00,CE,state_of_charge,0.0,XY,MW
2046-08-18 19:00:00,NR,state_of_charge,0.0,XY,MW
2046-08-19 20:00:00,SO,state_of_charge,0.0,XY,MW
2046-08-20 21:00:00,CE,state_of_charge,0.0,XY,MW
2046-08-21 22:00:00,NR,state_of_charge,0.0,XY,MW
2046-08-22 23:00:00,SO,state_of_charge,0.0,XY,MW
2046-08-24 00:00:00,CE,state_of_charge,0.0,XY,MW
2046-08-25 01:00:00,NR,state_of_charge,0.0,XY,MW
2046-08-26 02:00:00,SO,state_of_charge,0.0,XY,MW
2046-08-27 03:00:00,CE,state_of_charge,0.0,XY,MW
2046-08-28 04:00:00,NR,state_of_charge,0.0,XY,MW
2046-08-29 05:00:00,SO,state_of_charge,0.0,XY,MW
2046-08-30 06:00:00,CE,state_of_charge,0.0,XY,MW
2046-08-31 07:00:00,NR,state_of_charge,0.0,XY,MW
2046-09-01 08:00:00,SO,state_of_charge,0.0,XY,MW
2046-09-02 09:00:00,CE,state_of_charge,0.0,XY,MW
2046-09-03 10:00:00,NR,state_of_charge,0.0,XY,MW
2046-09-04 11:00:00,SO,state_of_charge,0.0,XY,MW
2046-09-05 12:00:00,CE,state_of_charge,0.0,XY,MW
2046-09-06 13:00:00,NR,state_of_charge,0.0,XY,MW
2046-09-07 14:00:00,SO,state_of_charge,0.0,XY,MW
2046-09-08 15:00:00,CE,state_of_charge,0.0,XY,MW
2046-09-09 16:00:00,NR,state_of_charge,0.0,XY,MW
2046-09-10 17:00:00,SO,state_of_charge,0.0,XY,MW
2046-09-11 18:00:00,CE,state_of_charge,92.25,XY,MW
2046-09-12 19:00:00,NR,state_of_charge,155.25,XY,MW
2046-09-13 20:00:00,SO,state_of_charge,112.5,XY,MW
2046-09-14 21:00:00,CE,state_of_charge,0.0,XY,MW
2046-09-15 22:00:00,NR,state_of_charge,0.0,XY,MW
2046-09-16 23:00:00,SO,state_of_charge,0.0,XY,MW
2046-09-18 00:00:00,CE,state_of_charge,0.0,XY,MW
2046-09-19 01:00:00,NR,state_of_charge,0.0,XY,MW
2046-09-20 02:00:00,SO,state_of_charge,0.0,XY,MW
2046-09-21 03:00:00,CE,state_of_charge,0.0,XY,MW
2046-09-22 04:00:00,NR,state_of_charge,0.0,XY,MW
2046-09-23 05:00:00,SO,state_of_charge,0.0,XY,MW
2046-09-24 06:00:00,CE,state_of_charge,0.0,XY,MW
2046-09-25 07:00:00,NR,state_of_charge,0.0,XY,MW
2046-09-26 08:00:00,SO,state_of_charge,0.0,XY,MW
2046-09-27 09:00:00,CE,state_of_charge,0.0,XY,MW
2046-09-28 10:00:00,NR,state_of_charge,0.0,XY,MW
2046-09-29 11:00:00,SO,state_of_charge,0.0,XY,MW
2046-09-30 12:00:00,CE,state_of_charge,0.0,XY,MW
2046-10-01 13:00:00,NR,state_of_charge,0.0,XY,MW
2046-10-02 14:00:00,SO,state_of_charge,0.0,XY,MW
2046-10-03 15:00:00,CE,state_of_charge,0.0,XY,MW
2046-10-04 16:00:00,NR,state_of_charge,0.0,XY,MW
2046-10-05 17:00:00,SO,state_of_charge,0.0,XY,MW
2046-10-06 18:00:00,CE,state_of_charge,0.0,XY,MW
2046-10-07 19:00:00,NR,state_of_charge,0.0,XY,MW
2046-10-08 20:00:00,SO,state_of_charge,0.0,XY,MW
2046-10-09 21:00:00,CE,state_of_charge,0.0,XY,MW
2046-10-10 22:00:00,NR,state_of_charge,0.0,XY,MW
2046-10-11 23:00:00,SO,state_of_charge,0.0,XY,MW
2046-10-13 00:00:00,CE,state_of_charge,0.0,XY,MW
2046-10-14 01:00:00,NR,state_of_charge,0.0,XY,MW
2046-10-15 02:00:00,SO,state_of_charge,0.0,XY,MW
2046-10-16 03:00:00,CE,state_of_charge,0.0,XY,MW
2046-10-17 04:00:00,NR,state_of_charge,0.0,XY,MW
2046-10-18 05:00:00,SO,state_of_charge,0.0,XY,MW
2046-10-19 06:00:00,CE,state_of_charge,0.0,XY,MW
2046-10-20 07:00:00,NR,state_of_charge,0.0,XY,MW
2046-10-21 08:00:00,SO,state_of_charge,0.0,XY,MW
2046-10-22 09:00:00,CE,state_of_charge,0.0,XY,MW
2046-10-23 10:00:00,NR,state_of_charge,0.0,XY,MW
2046-10-24 11:00:00,SO,state_of_charge,0.0,XY,MW
2046-10-25 12:00:00,CE,state_of_charge,0.0,XY,MW
2046-10-26 13:00:00,NR,state_of_charge,0.0,XY,MW
2046-10-27 14:00:00,SO,state_of_charge,0.0,XY,MW
2046-10-28 15:00:00,CE,state_of_charge,0.0,XY,MW
2046-10-29 16:00:00,NR,state_of_charge,0.0,XY,MW
2046-10-30 17:00:00,SO,state_of_charge,0.0,XY,MW
2046-10-31 18:00:00,CE,state_of_charge,0.0,XY,MW
2046-11-01 19:00:00,NR,state_of_charge,0.0,XY,MW
2046-11-02 20:00:00,SO,state_of_charge,0.0,XY,MW
2046-11-03 21:00:00,CE,state_of_charge,0.0,XY,MW
2046-11-04 22:00:00,NR,state_of_charge,0.0,XY,MW
2046-11-05 23:00:00,SO,state_of_charge,0.0,XY,MW
2046-11-07 00:00:00,CE,state_of_charge,0.0,XY,MW
2046-11-08 01:00:00,NR,state_of_charge,0.0,XY,MW
2046-11-09 02:00:00,SO,state_of_charge,0.0,XY,MW
2046-11-10 03:00:00,CE,state_of_charge,0.0,XY,MW
2046-11-11 04:00:00,NR,state_of_charge,0.0,XY,MW
2046-11-12 05:00:00,SO,state_of_charge,0.0,XY,MW
2046-11-13 06:00:00,CE,state_of_charge,0.0,XY,MW
2046-11-14 07:00:00,NR,state_of_charge,0.0,XY,MW
2046-11-15 08:00:00,SO,state_of_charge,0.0,XY,MW
2046-11-16 09:00:00,CE,state_of_charge,0.0,XY,MW
2046-11-17 10:00:00,NR,state_of_charge,0.0,XY,MW
2046-11-18 11:00:00,SO,state_of_charge,0.0,XY,MW
2046-11-19 12:00:00,CE,state_of_charge,0.0,XY,MW
2046-11-20 13:00:00,NR,state_of_charge,0.0,XY,MW
2046-11-21 14:00:00,SO,state_of_charge,0.0,XY,MW
2046-11-22 15:00:00,CE,state_of_charge,0.0,XY,MW
2046-11-23 16:00:00,NR,state_of_charge,0.0,XY,MW
2046-11-24 17:00:00,SO,state_of_charge,0.0,XY,MW
2046-11-25 18:00:00,CE,state_of_charge,92.25,XY,MW
2046-11-26 19:00:00,NR,state_of_charge,155.25,XY,MW
2046-11-27 20:00:00,SO,state_of_charge,112.5,XY,MW
2046-11-28 21:00:00,CE,state_of_charge,0.0,XY,MW
2046-11-29 22:00:00,NR,state_of_charge,0.0,XY,MW
2046-11-30 23:00:00,SO,state_of_charge,0.0,XY,MW
2046-12-02 00:00:00,CE,state_of_charge,0.0,XY,MW
2046-12-03 01:00:00,NR,state_of_charge,0.0,XY,MW
2046-12-04 02:00:00,SO,state_of_charge,0.0,XY,MW
2046-12-05 03:00:00,CE,state_of_charge,0.0,XY,MW
2046-12-06 04:00:00,NR,state_of_charge,0.0,XY,MW
2046-12-07 05:00:00,SO,state_of_charge,0.0,XY,MW
2046-12-08 06:00:00,CE,state_of_charge,0.0,XY,MW
2046-12-09 07:00:00,NR,state_of_charge,0.0,XY,MW
2046-12-10 08:00:00,SO,state_of_charge,0.0,XY,MW
2046-12-11 09:00:00,CE,state_of_charge,0.0,XY,MW
2046-12-12 10:00:00,NR,state_of_charge,0.0,XY,MW
2046-12-13 11:00:00,SO,state_of_charge,0.0,XY,MW
2046-12-14 12:00:00,CE,state_of_charge,0.0,XY,MW
2046-12-15 13:00:00,NR,state_of_charge,0.0,XY,MW
2046-12-16 14:00:00,SO,state_of_charge,0.0,XY,MW
2046-12-17 15:00:00,CE,state_of_charge,0.0,XY,MW
2046-12-18 16:00:00,NR,state_of_charge,0.0,XY,MW
2046-12-19 17:00:00,SO,state_of_charge,0.0,XY,MW
2046-12-20 18:00:00,CE,state_of_charge,0.0,XY,MW
2046-12-21 19:00:00,NR,state_of_charge,0.0,XY,MW
2046-12-22 20:00:00,SO,state_of_charge,0.0,XY,MW
2046-12-23 21:00:00,CE,state_of_charge,0.0,XY,MW
2046-12-24 22:00:00,NR,state_of_charge,0.0,XY,MW
2046-12-25 23:00:00,SO,state_of_charge,0.0,XY,MW
2046-12-27 00:00:00,CE,state_of_charge,0.0,XY,MW
2046-12-28 01:00:00,NR,state_of_charge,0.0,XY,MW
2046-12-29 02:00:00,SO,state_of_charge,0.0,XY,MW
2046-12-30 03:00:00,CE,state_of_charge,0.0,XY,MW
2046-12-31 04:00:00,NR,state_of_charge,0.0,XY,MW
2047-01-01 05:00:00,SO,state_of_charge,0.0,XY,MW
2047-01-02 06:00:00,CE,state_of_charge,0.0,XY,MW
2047-01-03 07:00:00,NR,state_of_charge,0.0,XY,MW
2047-01-04 08:00:00,SO,state_of_charge,0.0,XY,MW
2047-01-05 09:00:00,CE,state_of_charge,0.0,XY,MW
2047-01-06 10:00:00,NR,state_of_charge,0.0,XY,MW
2047-01-07 11:00:00,SO,state_of_charge,0.0,XY,MW
2047-01-08 12:00:00,CE,state_of_charge,0.0,XY,MW
2047-01-09 13:00:00,NR,state_of_charge,0.0,XY,MW
2047-01-10 14:00:00,SO,state_of_charge,0.0,XY,MW
2047-01-11 15:00:00,CE,state_of_charge,0.0,XY,MW
2047-01-12 16:00:00,NR,state_of_charge,0.0,XY,MW
2047-01-13 17:00:00,SO,state_of_charge,0.0,XY,MW
2047-01-14 18:00:00,CE,state_of_charge,0.0,XY,MW
2047-01-15 19:00:00,NR,state_of_charge,0.0,XY,MW
2047-01-16 20:00:00,SO,state_of_charge,0.0,XY,MW
2047-01-17 21:00:00,CE,state_of_charge,0.0,XY,MW
2047-01-18 22:00:00,NR,state_of_charge,0.0,XY,MW
2047-01-19 23:00:00,SO,state_of_charge,0.0,XY,MW
2047-01-21 00:00:00,CE,state_of_charge,0.0,XY,MW
2047-01-22 01:00:00,NR,state_of_charge,0.0,XY,MW
2047-01-23 02:00:00,SO,state_of_charge,0.0,XY,MW
2047-01-24 03:00:00,CE,state_of_charge,0.0,XY,MW
2047-01-25 04:00:00,NR,state_of_charge,0.0,XY,MW
2047-01-26 05:00:00,SO,state_of_charge,0.0,XY,MW
2047-01-27 06:00:00,CE,state_of_charge,0.0,XY,MW
2047-01-28 07:00:00,NR,state_of_charge,0.0,XY,MW
2047-01-29 08:00:00,SO,state_of_charge,0.0,XY,MW
2047-01-30 09:00:00,CE,state_of_charge,0.0,XY,MW
2047-01-31 10:00:00,NR,state_of_charge,0.0,XY,MW
2047-02-01 11:00:00,SO,state_of_charge,0.0,XY,MW
2047-02-02 12:00:00,CE,state_of_charge,0.0,XY,MW
2047-02-03 13:00:00,NR,state_of_charge,0.0,XY,MW
2047-02-04 14:00:00,SO,state_of_charge,0.0,XY,MW
2047-02-05 15:00:00,CE,state_of_charge,0.0,XY,MW
2047-02-06 16:00:00,NR,state_of_charge,0.0,XY,MW
2047-02-07 17:00:00,SO,state_of_charge,0.0,XY,MW
2047-02-08 18:00:00,CE,state_of_charge,92.25,XY,MW
2047-02-09 19:00:00,NR,state_of_charge,155.25,XY,MW
2047-02-10 20:00:00,SO,state_of_charge,112.5,XY,MW
2047-02-11 21:00:00,CE,state_of_charge,0.0,XY,MW
2047-02-12 22:00:00,NR,state_of_charge,0.0,XY,MW
2047-02-13 23:00:00,SO,state_of_charge,0.0,XY,MW
2047-02-15 00:00:00,CE,state_of_charge,0.0,XY,MW
2047-02-16 01:00:00,NR,state_of_charge,0.0,XY,MW
2047-02-17 02:00:00,SO,state_of_charge,0.0,XY,MW
2047-02-18 03:00:00,CE,state_of_charge,0.0,XY,MW
2047-02-19 04:00:00,NR,state_of_charge,0.0,XY,MW
2047-02-20 05:00:00,SO,state_of_charge,0.0,XY,MW
2047-02-21 06:00:00,CE,state_of_charge,0.0,XY,MW
2047-02-22 07:00:00,NR,state_of_charge,0.0,XY,MW
2047-02-23 08:00:00,SO,state_of_charge,0.0,XY,MW
2047-02-24 09:00:00,CE,state_of_charge,0.0,XY,MW
2047-02-25 10:00:00,NR,state_of_charge,0.0,XY,MW
2047-02-26 11:00:00,SO,state_of_charge,0.0,XY,MW
2047-02-27 12:00:00,CE,state_of_charge,0.0,XY,MW
2047-02-28 13:00:00,NR,state_of_charge,0.0,XY,MW
2047-03-01 14:00:00,SO,state_of_charge,0.0,XY,MW
2047-03-02 15:00:00,CE,state_of_charge,0.0,XY,MW
2047-03-03 16:00:00,NR,state_of_charge,0.0,XY,MW
2047-03-04 17:00:00,SO,state_of_charge,0.0,XY,MW
2047-03-05 18:00:00,CE,state_of_charge,0.0,XY,MW
2047-03-06 19:00:00,NR,state_of_charge,0.0,XY,MW
2047-03-07 20:00:00,SO,state_of_charge,0.0,XY,MW
2047-03-08 21:00:00,CE,state_of_charge,0.0,XY,MW
2047-03-09 22:00:00,NR,state_of_charge,0.0,XY,MW
2047-03-10 23:00:00,SO,state_of_charge,0.0,XY,MW
2047-03-12 00:00:00,CE,state_of_charge,0.0,XY,MW
2047-03-13 01:00:00,NR,state_of_charge,0.0,XY,MW
2047-03-14 02:00:00,SO,state_of_charge,0.0,XY,MW
2047-03-15 03:00:00,CE,state_of_charge,0.0,XY,MW
2047-03-16 04:00:00,NR,state_of_charge,0.0,XY,MW
2047-03-17 05:00:00,SO,state_of_charge,0.0,XY,MW
2047-03-18 06:00:00,CE,state_of_charge,0.0,XY,MW
2047-03-19 07:00:00,NR,state_of_charge,0.0,XY,MW
2047-03-20 08:00:00,SO,state_of_charge,0.0,XY,MW
2047-03-21 09:00:00,CE,state_of_charge,0.0,XY,MW
2047-03-22 10:00:00,NR,state_of_charge,0.0,XY,MW
2047-03-23 11:00:00,SO,state_of_charge,0.0,XY,MW
2047-03-24 12:00:00,CE,state_of_charge,0.0,XY,MW
2047-03-25 13:00:00,NR,state_of_charge,0.0,XY,MW
2047-03-26 14:00:00,SO,state_of_charge,0.0,XY,MW
2047-03-27 15:00:00,CE,state_of_charge,0.0,XY,MW
2047-03-28 16:00:00,NR,state_of_charge,0.0,XY,MW
2047-03-29 17:00:00,SO,state_of_charge,0.0,XY,MW
2047-03-30 18:00:00,CE,state_of_charge,0.0,XY,MW
2047-03-31 19:00:00,NR,state_of_charge,0.0,XY,MW
2047-04-01 20:00:00,SO,state_of_charge,0.0,XY,MW
2047-04-02 21:00:00,CE,state_of_charge,0.0,XY,MW
2047-04-03 22:00:00,NR,state_of_charge,0.0,XY,MW
2047-04-04 23:00:00,SO,state_of_charge,0.0,XY,MW
2047-04-06 00:00:00,CE,state_of_charge,0.0,XY,MW
2047-04-07 01:00:00,NR,state_of_charge,0.0,XY,MW
2047-04-08 02:00:00,SO,state_of_charge,0.0,XY,MW
2047-04-09 03:00:00,CE,state_of_charge,0.0,XY,MW
2047-04-10 04:00:00,NR,state_of_charge,0.0,XY,MW
2047-04-11 05:00:00,SO,state_of_charge,0.0,XY,MW
2047-04-12 06:00:00,CE,state_of_charge,0.0,XY,MW
2047-04-13 07:00:00,NR,state_of_charge,0.0,XY,MW
2047-04-14 08:00:00,SO,state_of_charge,0.0,XY,MW
2047-04-15 09:00:00,CE,state_of_charge,0.0,XY,MW
2047-04-16 10:00:00,NR,state_of_charge,0.0,XY,MW
2047-04-17 11:00:00,SO,state_of_charge,0.0,XY,MW
2047-04-18 12:00:00,CE,state_of_charge,0.0,XY,MW
2047-04-19 13:00:00,NR,state_of_charge,0.0,XY,MW
2047-04-20 14:00:00,SO,state_of_charge,0.0,XY,MW
2047-04-21 15:00:00,CE,state_of_charge,0.0,XY,MW
2047-04-22 16:00:00,NR,state_of_charge,0.0,XY,MW
2047-04-23 17:00:00,SO,state_of_charge,0.0,XY,MW
2047-04-24 18:00:00,CE,state_of_charge,92.25,XY,MW
2047-04-25 19:00:00,NR,state_of_charge,155.25,XY,MW
2047-04-26 20:00:00,SO,state_of_charge,112.5,XY,MW
2047-04-27 21:00:00,CE,state_of_charge,0.0,XY,MW
2047-04-28 22:00:00,NR,state_of_charge,0.0,XY,MW
2047-04-29 23:00:00,SO,state_of_charge,0.0,XY,MW
2047-05-01 00:00:00,CE,state_of_charge,0.0,XY,MW
2047-05-02 01:00:00,NR,state_of_charge,0.0,XY,MW
2047-05-03 02:00:00,SO,state_of_charge,0.0,XY,MW
2047-05-04 03:00:00,CE,state_of_charge,0.0,XY,MW
2047-05-05 04:00:00,NR,state_of_charge,0.0,XY,MW
2047-05-06 05:00:00,SO,state_of_charge,0.0,XY,MW
2047-05-07 06:00:00,CE,state_of_charge,0.0,XY,MW
2047-05-08 07:00:00,NR,state_of_charge,0.0,XY,MW
2047-05-09 08:00:00,SO,state_of_charge,0.0,XY,MW
2047-05-10 09:00:00,CE,state_of_charge,0.0,XY,MW
2047-05-11 10:00:00,NR,state_of_charge,0.0,XY,MW
2047-05-12 11:00:00,SO,state_of_charge,0.0,XY,MW
2047-05-13 12:00:00,CE,state_of_charge,0.0,XY,MW
2047-05-14 13:00:00,NR,state_of_charge,0.0,XY,MW
2047-05-15 14:00:00,SO,state_of_charge,0.0,XY,MW
2047-05-16 15:00:00,CE,state_of_charge,0.0,XY,MW
2047-05-17 16:00:00,NR,state_of_charge,0.0,XY,MW
2047-05-18 17:00:00,SO,state_of_charge,0.0,XY,MW
2047-05-19 18:00:00,CE,state_of_charge,0.0,XY,MW
2047-05-20 19:00:00,NR,state_of_charge,0.0,XY,MW
2047-05-21 20:00:00,SO,state_of_charge,0.0,XY,MW
2047-05-22 21:00:00,CE,state_of_charge,0.0,XY,MW
2047-05-23 22:00:00,NR,state_of_charge,0.0,XY,MW
2047-05-24 23:00:00,SO,state_of_charge,0.0,XY,MW
2047-05-26 00:00:00,CE,state_of_charge,0.0,XY,MW
2047-05-27 01:00:00,NR,state_of_charge,0.0,XY,MW
2047-05-28 02:00:00,SO,state_of_charge,0.0,XY,MW
2047-05-29 03:00:00,CE,state_of_charge,0.0,XY,MW
2047-05-30 04:00:00,NR,state_of_charge,0.0,XY,MW
2047-05-31 05:00:00,SO,state_of_charge,0.0,XY,MW
2047-06-01 06:00:00,CE,state_of_charge,0.0,XY,MW
2047-06-02 07:00:00,NR,state_of_charge,0.0,XY,MW
2047-06-03 08:00:00,SO,state_of_charge,0.0,XY,MW
2047-06-04 09:00:00,CE,state_of_charge,0.0,XY,MW
2047-06-05 10:00:00,NR,state_of_charge,0.0,XY,MW
2047-06-06 11:00:00,SO,state_of_charge,0.0,XY,MW
2047-06-07 12:00:00,CE,state_of_charge,0.0,XY,MW
2047-06-08 13:00:00,NR,state_of_charge,0.0,XY,MW
2047-06-09 14:00:00,SO,state_of_charge,0.0,XY,MW
2047-06-10 15:00:00,CE,state_of_charge,0.0,XY,MW
2047-06-11 16:00:00,NR,state_of_charge,0.0,XY,MW
2047-06-12 17:00:00,SO,state_of_charge,0.0,XY,MW
2047-06-13 18:00:00,CE,state_of_charge,0.0,XY,MW
2047-06-14 19:00:00,NR,state_of_charge,0.0,XY,MW
2047-06-15 20:00:00,SO,state_of_charge,0.0,XY,MW
2047-06-16 21:00:00,CE,state_of_charge,0.0,XY,MW
2047-06-17 22:00:00,NR,state_of_charge,0.0,XY,MW
2047-06-18 23:00:00,SO,state_of_charge,0.0,XY,MW
2047-06-20 00:00:00,CE,state_of_charge,0.0,XY,MW
2047-06-21 01:00:00,NR,state_of_charge,0.0,XY,MW
2047-06-22 02:00:00,SO,state_of_charge,0.0,XY,MW
2047-06-23 03:00:00,CE,state_of_charge,0.0,XY,MW
2047-06-24 04:00:00,NR,state_of_charge,0.0,XY,MW
2047-06-25 05:00:00,SO,state_of_charge,0.0,XY,MW
2047-06-26 06:00:00,CE,state_of_charge,0.0,XY,MW
2047-06-27 07:00:00,NR,state_of_charge,0.0,XY,MW
2047-06-28 08:00:00,SO,state_of_charge,0.0,XY,MW
2047-06-29 09:00:00,CE,state_of_charge,0.0,XY,MW
2047-06-30 10:00:00,NR,state_of_charge,0.0,XY,MW
2047-07-01 11:00:00,SO,state_of_charge,0.0,XY,MW
2047-07-02 12:00:00,CE,state_of_charge,0.0,XY,MW
2047-07-03 13:00:00,NR,state_of_charge,0.0,XY,MW
2047-07-04 14:00:00,SO,state_of_charge,0.0,XY,MW
2047-07-05 15:00:00,CE,state_of_charge,0.0,XY,MW
2047-07-06 16:00:00,NR,state_of_charge,0.0,XY,MW
2047-07-07 17:00:00,SO,state_of_charge,0.0,XY,MW
2047-07-08 18:00:00,CE,state_of_charge,0.0,XY,MW
2047-07-09 19:00:00,NR,state_of_charge,0.0,XY,MW
2047-07-10 20:00:00,SO,state_of_charge,0.0,XY,MW
2047-07-11 21:00:00,CE,state_of_charge,92.25,XY,MW
2047-07-12 22:00:00,NR,state_of_charge,155.25,XY,MW
2047-07-13 23:00:00,SO,state_of_charge,112.5,XY,MW
2047-07-15 00:00:00,CE,state_of_charge,0.0,XY,MW
2047-07-16 01:00:00,NR,state_of_charge,0.0,XY,MW
2047-07-17 02:00:00,SO,state_of_charge,0.0,XY,MW
2047-07-18 03:00:00,CE,state_of_charge,0.0,XY,MW
2047-07-19 04:00:00,NR,state_of_charge,0.0,XY,MW
2047-07-20 05:00:00,SO,state_of_charge,0.0,XY,MW
2047-07-21 06:00:00,CE,state_of_charge,0.0,XY,MW
2047-07-22 07:00:00,NR,state_of_charge,0.0,XY,MW
2047-07-23 08:00:00,SO,state_of_charge,0.0,XY,MW
2047-07-24 09:00:00,CE,state_of_charge,0.0,XY,MW
2047-07-25 10:00:00,NR,state_of_charge,0.0,XY,MW
2047-07-26 11:00:00,SO,state_of_charge,0.0,XY,MW
2047-07-27 12:00:00,CE,state_of_charge,0.0,XY,MW
2047-07-28 13:00:00,NR,state_of_charge,0.0,XY,MW
2047-07-29 14:00:00,SO,state_of_charge,0.0,XY,MW
2047-07-30 15:00:00,CE,state_of_charge,0.0,XY,MW
2047-07-31 16:00:00,NR,state_of_charge,0.0,XY,MW
2047-08-01 17:00:00,SO,state_of_charge,0.0,XY,MW
2047-08-02 18:00:00,CE,state_of_charge,0.0,XY,MW
2047-08-03 19:00:00,NR,state_of_charge,0.0,XY,MW
2047-08-04 20:00:00,SO,state_of_charge,0.0,XY,MW
2047-08-05 21:00:00,CE,state_of_charge,0.0,XY,MW
2047-08-06 22:00:00,NR,state_of_charge,0.0,XY,MW
2047-08-07 23:00:00,SO,state_of_charge,0.0,XY,MW
2047-08-09 00:00:00,CE,state_of_charge,0.0,XY,MW
2047-08-10 01:00:00,NR,state_of_charge,0.0,XY,MW
2047-08-11 02:00:00,SO,state_of_charge,0.0,XY,MW
2047-08-12 03:00:00,CE,state_of_charge,0.0,XY,MW
2047-08-13 04:00:00,NR,state_of_charge,0.0,XY,MW
2047-08-14 05:00:00,SO,state_of_charge,0.0,XY,MW
2047-08-15 06:00:00,CE,state_of_charge,0.0,XY,MW
2047-08-16 07:00:00,NR,state_of_charge,0.0,XY,MW
2047-08-17 08:00:00,SO,state_of_charge,0.0,XY,MW
2047-08-18 09:00:00,CE,state_of_charge,0.0,XY,MW
2047-08-19 10:00:00,NR,state_of_charge,0.0,XY,MW
2047-08-20 11:00:00,SO,state_of_charge,0.0,XY,MW
2047-08-21 12:00:00,CE,state_of_charge,0.0,XY,MW
2047-08-22 13:00:00,NR,state_of_charge,0.0,XY,MW
2047-08-23 14:00:00,SO,state_of_charge,0.0,XY,MW
2047-08-24 15:00:00,CE,state_of_charge,0.0,XY,MW
2047-08-25 16:00:00,NR,state_of_charge,0.0,XY,MW
2047-08-26 17:00:00,SO,state_of_charge,0.0,XY,MW
2047-08-27 18:00:00,CE,state_of_charge,0.0,XY,MW
2047-08-28 19:00:00,NR,state_of_charge,0.0,XY,MW
2047-08-29 20:00:00,SO,state_of_charge,0.0,XY,MW
2047-08-30 21:00:00,CE,state_of_charge,0.0,XY,MW
2047-08-31 22:00:00,NR,state_of_charge,0.0,XY,MW
2047-09-01 23:00:00,SO,state_of_charge,0.0,XY,MW
2047-09-03 00:00:00,CE,state_of_charge,0.0,XY,MW
2047-09-04 01:00:00,NR,state_of_charge,0.0,XY,MW
2047-09-05 02:00:00,SO,state_of_charge,0.0,XY,MW
2047-09-06 03:00:00,CE,state_of_charge,0.0,XY,MW
2047-09-07 04:00:00,NR,state_of_charge,0.0,XY,MW
2047-09-08 05:00:00,SO,state_of_charge,0.0,XY,MW
2047-09-09 06:00:00,CE,state_of_charge,0.0,XY,MW
2047-09-10 07:00:00,NR,state_of_charge,0.0,XY,MW
2047-09-11 08:00:00,SO,state_of_charge,0.0,XY,MW
2047-09-12 09:00:00,CE,state_of_charge,0.0,XY,MW
2047-09-13 10:00:00,NR,state_of_charge,0.0,XY,MW
2047-09-14 11:00:00,SO,state_of_charge,0.0,XY,MW
2047-09-15 12:00:00,CE,state_of_charge,0.0,XY,MW
2047-09-16 13:00:00,NR,state_of_charge,0.0,XY,MW
2047-09-17 14:00:00,SO,state_of_charge,0.0,XY,MW
2047-09-18 15:00:00,CE,state_of_charge,0.0,XY,MW
2047-09-19 16:00:00,NR,state_of_charge,0.0,XY,MW
2047-09-20 17:00:00,SO,state_of_charge,0.0,XY,MW
2047-09-21 18:00:00,CE,state_of_charge,0.0,XY,MW
2047-09-22 19:00:00,NR,state_of_charge,0.0,XY,MW
2047-09-23 20:00:00,SO,state_of_charge,0.0,XY,MW
2047-09-24 21:00:00,CE,state_of_charge,92.25,XY,MW
2047-09-25 22:00:00,NR,state_of_charge,155.25,XY,MW
2047-09-26 23:00:00,SO,state_of_charge,112.5,XY,MW
2047-09-28 00:00:00,CE,state_of_charge,0.0,XY,MW
2047-09-29 01:00:00,NR,state_of_charge,0.0,XY,MW
2047-09-30 02:00:00,SO,state_of_charge,0.0,XY,MW
2047-10-01 03:00:00,CE,state_of_charge,0.0,XY,MW
2047-10-02 04:00:00,NR,state_of_charge,0.0,XY,MW
2047-10-03 05:00:00,SO,state_of_charge,0.0,XY,MW
2047-10-04 06:00:00,CE,state_of_charge,0.0,XY,MW
2047-10-05 07:00:00,NR,state_of_charge,0.0,XY,MW
2047-10-06 08:00:00,SO,state_of_charge,0.0,XY,MW
2047-10-07 09:00:00,CE,state_of_charge,0.0,XY,MW
2047-10-08 10:00:00,NR,state_of_charge,0.0,XY,MW
2047-10-09 11:00:00,SO,state_of_charge,0.0,XY,MW
2047-10-10 12:00:00,CE,state_of_charge,0.0,XY,MW
2047-10-11 13:00:00,NR,state_of_charge,0.0,XY,MW
2047-10-12 14:00:00,SO,state_of_charge,0.0,XY,MW
2047-10-13 15:00:00,CE,state_of_charge,0.0,XY,MW
2047-10-14 16:00:00,NR,state_of_charge,0.0,XY,MW
2047-10-15 17:00:00,SO,state_of_charge,0.0,XY,MW
2047-10-16 18:00:00,CE,state_of_charge,0.0,XY,MW
2047-10-17 19:00:00,NR,state_of_charge,0.0,XY,MW
2047-10-18 20:00:00,SO,state_of_charge,0.0,XY,MW
2047-10-19 21:00:00,CE,state_of_charge,0.0,XY,MW
2047-10-20 22:00:00,NR,state_of_charge,0.0,XY,MW
2047-10-21 23:00:00,SO,state_of_charge,0.0,XY,MW
2047-10-23 00:00:00,CE,state_of_charge,0.0,XY,MW
2047-10-24 01:00:00,NR,state_of_charge,0.0,XY,MW
2047-10-25 02:00:00,SO,state_of_charge,0.0,XY,MW
2047-10-26 03:00:00,CE,state_of_charge,0.0,XY,MW
2047-10-27 04:00:00,NR,state_of_charge,0.0,XY,MW
2047-10-28 05:00:00,SO,state_of_charge,0.0,XY,MW
2047-10-29 06:00:00,CE,state_of_charge,0.0,XY,MW
2047-10-30 07:00:00,NR,state_of_charge,0.0,XY,MW
2047-10-31 08:00:00,SO,state_of_charge,0.0,XY,MW
2047-11-01 09:00:00,CE,state_of_charge,0.0,XY,MW
2047-11-02 10:00:00,NR,state_of_charge,0.0,XY,MW
2047-11-03 11:00:00,SO,state_of_charge,0.0,XY,MW
2047-11-04 12:00:00,CE,state_of_charge,0.0,XY,MW
2047-11-05 13:00:00,NR,state_of_charge,0.0,XY,MW
2047-11-06 14:00:00,SO,state_of_charge,0.0,XY,MW
2047-11-07 15:00:00,CE,state_of_charge,0.0,XY,MW
2047-11-08 16:00:00,NR,state_of_charge,0.0,XY,MW
2047-11-09 17:00:00,SO,state_of_charge,0.0,XY,MW
2047-11-10 18:00:00,CE,state_of_charge,0.0,XY,MW
2047-11-11 19:00:00,NR,state_of_charge,0.0,XY,MW
2047-11-12 20:00:00,SO,state_of_charge,0.0,XY,MW
2047-11-13 21:00:00,CE,state_of_charge,0.0,XY,MW
2047-11-14 22:00:00,NR,state_of_charge,0.0,XY,MW
2047-11-15 23:00:00,SO,state_of_charge,0.0,XY,MW
2047-11-17 00:00:00,CE,state_of_charge,0.0,XY,MW
2047-11-18 01:00:00,NR,state_of_charge,0.0,XY,MW
2047-11-19 02:00:00,SO,state_of_charge,0.0,XY,MW
2047-11-20 03:00:00,CE,state_of_charge,0.0,XY,MW
2047-11-21 04:00:00,NR,state_of_charge,0.0,XY,MW
2047-11-22 05:00:00,SO,state_of_charge,0.0,XY,MW
2047-11-23 06:00:00,CE,state_of_charge,0.0,XY,MW
2047-11-24 07:00:00,NR,state_of_charge,0.0,XY,MW
2047-11-25 08:00:00,SO,state_of_charge,0.0,XY,MW
2047-11-26 09:00:00,CE,state_of_charge,0.0,XY,MW
2047-11-27 10:00:00,NR,state_of_charge,0.0,XY,MW
2047-11-28 11:00:00,SO,state_of_charge,0.0,XY,MW
2047-11-29 12:00:00,CE,state_of_charge,0.0,XY,MW
2047-11-30 13:00:00,NR,state_of_charge,0.0,XY,MW
2047-12-01 14:00:00,SO,state_of_charge,0.0,XY,MW
2047-12-02 15:00:00,CE,state_of_charge,0.0,XY,MW
2047-12-03 16:00:00,NR,state_of_charge,0.0,XY,MW
2047-12-04 17:00:00,SO,state_of_charge,0.0,XY,MW
2047-12-05 18:00:00,CE,state_of_charge,0.0,XY,MW
2047-12-06 19:00:00,NR,state_of_charge,0.0,XY,MW
2047-12-07 20:00:00,SO,state_of_charge,0.0,XY,MW
2047-12-08 21:00:00,CE,state_of_charge,92.25,XY,MW
2047-12-09 22:00:00,NR,state_of_charge,155.25,XY,MW
2047-12-10 23:00:00,SO,state_of_charge,112.5,XY,MW
2047-12-12 00:00:00,CE,state_of_charge,0.0,XY,MW
2047-12-13 01:00:00,NR,state_of_charge,0.0,XY,MW
2047-12-14 02:00:00,SO,state_of_charge,0.0,XY,MW
2047-12-15 03:00:00,CE,state_of_charge,0.0,XY,MW
2047-12-16 04:00:00,NR,state_of_charge,0.0,XY,MW
2047-12-17 05:00:00,SO,state_of_charge,0.0,XY,MW
2047-12-18 06:00:00,CE,state_of_charge,0.0,XY,MW
2047-12-19 07:00:00,NR,state_of_charge,0.0,XY,MW
2047-12-20 08:00:00,SO,state_of_charge,0.0,XY,MW
2047-12-21 09:00:00,CE,state_of_charge,0.0,XY,MW
2047-12-22 10:00:00,NR,state_of_charge,0.0,XY,MW
2047-12-23 11:00:00,SO,state_of_charge,0.0,XY,MW
2047-12-24 12:00:00,CE,state_of_charge,0.0,XY,MW
2047-12-25 13:00:00,NR,state_of_charge,0.0,XY,MW
2047-12-26 14:00:00,SO,state_of_charge,0.0,XY,MW
2047-12-27 15:00:00,CE,state_of_charge,0.0,XY,MW
2047-12-28 16:00:00,NR,state_of_charge,0.0,XY,MW
2047-12-29 17:00:00,SO,state_of_charge,0.0,XY,MW
2047-12-30 18:00:00,CE,state_of_charge,0.0,XY,MW
2047-12-31 19:00:00,NR,state_of_charge,0.0,XY,MW
2048-01-01 20:00:00,SO,state_of_charge,0.0,XY,MW
2048-01-02 21:00:00,CE,state_of_charge,0.0,XY,MW
2048-01-03 22:00:00,NR,state_of_charge,0.0,XY,MW
2048-01-04 23:00:00,SO,state_of_charge,0.0,XY,MW
2045-01-01 00:00:00,CE,charging,28.96842105265,YZ,MW
2045-01-02 01:00:00,NR,charging,34.400000000030005,YZ,MW
2045-01-03 02:00:00,SO,charging,27.157894736870002,YZ,MW
2045-01-04 03:00:00,CE,charging,27.6210526316,YZ,MW
2045-01-05 04:00:00,NR,charging,32.80000000002,YZ,MW
2045-01-06 05:00:00,SO,charging,25.89473684213,YZ,MW
2045-01-07 06:00:00,CE,charging,28.294736842120003,YZ,MW
2045-01-08 07:00:00,NR,charging,33.60000000003,YZ,MW
2045-01-09 08:00:00,SO,charging,26.526315789500003,YZ,MW
2045-01-10 09:00:00,CE,charging,30.315789473709998,YZ,MW
2045-01-11 10:00:00,NR,charging,36.00000000003,YZ,MW
2045-01-12 11:00:00,SO,charging,28.421052631609996,YZ,MW
2045-01-13 12:00:00,CE,charging,30.315789473709998,YZ,MW
2045-01-14 13:00:00,NR,charging,36.00000000003,YZ,MW
2045-01-15 14:00:00,SO,charging,28.421052631609996,YZ,MW
2045-01-16 15:00:00,CE,charging,28.96842105265,YZ,MW
2045-01-17 16:00:00,NR,charging,34.400000000030005,YZ,MW
2045-01-18 17:00:00,SO,charging,27.157894736870002,YZ,MW
2045-01-19 18:00:00,CE,charging,29.64210526318,YZ,MW
2045-01-20 19:00:00,NR,charging,35.20000000003,YZ,MW
2045-01-21 20:00:00,SO,charging,27.78947368424,YZ,MW
2045-01-22 21:00:00,CE,charging,17.17894736844,YZ,MW
2045-01-23 22:00:00,NR,charging,20.40000000002,YZ,MW
2045-01-24 23:00:00,SO,charging,16.10526315792,YZ,MW
2045-01-26 00:00:00,CE,charging,16.16842105265,YZ,MW
2045-01-27 01:00:00,NR,charging,19.20000000001,YZ,MW
2045-01-28 02:00:00,SO,charging,15.15789473686,YZ,MW
2045-01-29 03:00:00,CE,charging,15.831578947370001,YZ,MW
2045-01-30 04:00:00,NR,charging,18.80000000001,YZ,MW
2045-01-31 05:00:00,SO,charging,14.842105263170001,YZ,MW
2045-02-01 06:00:00,CE,charging,16.16842105265,YZ,MW
2045-02-02 07:00:00,NR,charging,19.20000000001,YZ,MW
2045-02-03 08:00:00,SO,charging,15.15789473686,YZ,MW
2045-02-04 09:00:00,CE,charging,16.16842105265,YZ,MW
2045-02-05 10:00:00,NR,charging,19.20000000001,YZ,MW
2045-02-06 11:00:00,SO,charging,15.15789473686,YZ,MW
2045-02-07 12:00:00,CE,charging,14.484210526310001,YZ,MW
2045-02-08 13:00:00,NR,charging,17.20000000001,YZ,MW
2045-02-09 14:00:00,SO,charging,13.57894736843,YZ,MW
2045-02-10 15:00:00,CE,charging,15.831578947370001,YZ,MW
2045-02-11 16:00:00,NR,charging,18.80000000001,YZ,MW
2045-02-12 17:00:00,SO,charging,14.842105263170001,YZ,MW
2045-02-13 18:00:00,CE,charging,13.81052631579,YZ,MW
2045-02-14 19:00:00,NR,charging,16.40000000001,YZ,MW
2045-02-15 20:00:00,SO,charging,12.94736842105,YZ,MW
2045-02-16 21:00:00,CE,charging,12.80000000001,YZ,MW
2045-02-17 22:00:00,NR,charging,15.20000000001,YZ,MW
2045-02-18 23:00:00,SO,charging,12.000000000010001,YZ,MW
2045-02-20 00:00:00,CE,charging,10.44210526316,YZ,MW
2045-02-21 01:00:00,NR,charging,12.399999999999999,YZ,MW
2045-02-22 02:00:00,SO,charging,9.789473684219999,YZ,MW
2045-02-23 03:00:00,CE,charging,8.75789473685,YZ,MW
2045-02-24 04:00:00,NR,charging,10.40000000001,YZ,MW
2045-02-25 05:00:00,SO,charging,8.21052631579,YZ,MW
2045-02-26 06:00:00,CE,charging,4.042105263164,YZ,MW
2045-02-27 07:00:00,NR,charging,4.8,YZ,MW
2045-02-28 08:00:00,SO,charging,3.789473684217,YZ,MW
2045-03-01 09:00:00,CE,charging,14.14736842107,YZ,MW
2045-03-02 10:00:00,NR,charging,16.80000000001,YZ,MW
2045-03-03 11:00:00,SO,charging,13.263157894750002,YZ,MW
2045-03-04 12:00:00,CE,charging,13.47368421053,YZ,MW
2045-03-05 13:00:00,NR,charging,16.00000000001,YZ,MW
2045-03-06 14:00:00,SO,charging,12.631578947380001,YZ,MW
2045-03-07 15:00:00,CE,charging,18.86315789475,YZ,MW
2045-03-08 16:00:00,NR,charging,22.40000000002,YZ,MW
2045-03-09 17:00:00,SO,charging,17.684210526330002,YZ,MW
2045-03-10 18:00:00,CE,charging,20.88421052632,YZ,MW
2045-03-11 19:00:00,NR,charging,24.80000000002,YZ,MW
2045-03-12 20:00:00,SO,charging,19.578947368439998,YZ,MW
2045-03-13 21:00:00,CE,charging,22.90526315791,YZ,MW
2045-03-14 22:00:00,NR,charging,27.20000000002,YZ,MW
2045-03-15 23:00:00,SO,charging,21.47368421054,YZ,MW
2045-03-17 00:00:00,CE,charging,24.58947368423,YZ,MW
2045-03-18 01:00:00,NR,charging,29.20000000002,YZ,MW
2045-03-19 02:00:00,SO,charging,23.05263157897,YZ,MW
2045-03-20 03:00:00,CE,charging,24.58947368423,YZ,MW
2045-03-21 04:00:00,NR,charging,29.20000000002,YZ,MW
2045-03-22 05:00:00,SO,charging,23.05263157897,YZ,MW
2045-03-23 06:00:00,CE,charging,27.28421052633,YZ,MW
2045-03-24 07:00:00,NR,charging,32.400000000030005,YZ,MW
2045-03-25 08:00:00,SO,charging,25.578947368450002,YZ,MW
2045-03-26 09:00:00,CE,charging,29.64210526318,YZ,MW
2045-03-27 10:00:00,NR,charging,35.20000000003,YZ,MW
2045-03-28 11:00:00,SO,charging,27.78947368424,YZ,MW
2045-03-29 12:00:00,CE,charging,30.652631578970002,YZ,MW
2045-03-30 13:00:00,NR,charging,36.40000000003,YZ,MW
2045-03-31 14:00:00,SO,charging,28.736842105290002,YZ,MW
2045-04-01 15:00:00,CE,charging,28.63157894738,YZ,MW
2045-04-02 16:00:00,NR,charging,34.00000000002,YZ,MW
2045-04-03 17:00:00,SO,charging,26.84210526318,YZ,MW
2045-04-04 18:00:00,CE,charging,24.25263157896,YZ,MW
2045-04-05 19:00:00,NR,charging,28.80000000002,YZ,MW
2045-04-06 20:00:00,SO,charging,22.736842105279997,YZ,MW
2045-04-07 21:00:00,CE,charging,19.87368421053,YZ,MW
2045-04-08 22:00:00,NR,charging,23.60000000001,YZ,MW
2045-04-09 23:00:00,SO,charging,18.63157894738,YZ,MW
2045-04-11 00:00:00,CE,charging,24.92631578949,YZ,MW
2045-04-12 01:00:00,NR,charging,29.60000000002,YZ,MW
2045-04-13 02:00:00,SO,charging,23.368421052659997,YZ,MW
2045-04-14 03:00:00,CE,charging,27.28421052633,YZ,MW
2045-04-15 04:00:00,NR,charging,32.400000000030005,YZ,MW
2045-04-16 05:00:00,SO,charging,25.578947368450002,YZ,MW
2045-04-17 06:00:00,CE,charging,14.14736842107,YZ,MW
2045-04-18 07:00:00,NR,charging,16.80000000001,YZ,MW
2045-04-19 08:00:00,SO,charging,13.263157894750002,YZ,MW
2045-04-20 09:00:00,CE,charging,15.831578947370001,YZ,MW
2045-04-21 10:00:00,NR,charging,18.80000000001,YZ,MW
2045-04-22 11:00:00,SO,charging,14.842105263170001,YZ,MW
2045-04-23 12:00:00,CE,charging,15.49473684211,YZ,MW
2045-04-24 13:00:00,NR,charging,18.40000000001,YZ,MW
2045-04-25 14:00:00,SO,charging,14.526315789489999,YZ,MW
2045-04-26 15:00:00,CE,charging,13.81052631579,YZ,MW
2045-04-27 16:00:00,NR,charging,16.40000000001,YZ,MW
2045-04-28 17:00:00,SO,charging,12.94736842105,YZ,MW
2045-04-29 18:00:00,CE,charging,6.40000000001,YZ,MW
2045-04-30 19:00:00,NR,charging,7.6000000000100005,YZ,MW
2045-05-01 20:00:00,SO,charging,6.00000000001,YZ,MW
2045-05-02 21:00:00,CE,charging,8.75789473685,YZ,MW
2045-05-03 22:00:00,NR,charging,10.40000000001,YZ,MW
2045-05-04 23:00:00,SO,charging,8.21052631579,YZ,MW
2045-05-06 00:00:00,CE,charging,12.46315789474,YZ,MW
2045-05-07 01:00:00,NR,charging,14.80000000001,YZ,MW
2045-05-08 02:00:00,SO,charging,11.684210526320001,YZ,MW
2045-05-09 03:00:00,CE,charging,10.77894736843,YZ,MW
2045-05-10 04:00:00,NR,charging,12.80000000001,YZ,MW
2045-05-11 05:00:00,SO,charging,10.10526315791,YZ,MW
2045-05-12 06:00:00,CE,charging,9.09473684211,YZ,MW
2045-05-13 07:00:00,NR,charging,10.80000000001,YZ,MW
2045-05-14 08:00:00,SO,charging,8.52631578949,YZ,MW
2045-05-15 09:00:00,CE,charging,10.1052631579,YZ,MW
2045-05-16 10:00:00,NR,charging,12.000000000010001,YZ,MW
2045-05-17 11:00:00,SO,charging,9.47368421053,YZ,MW
2045-05-18 12:00:00,CE,charging,13.47368421053,YZ,MW
2045-05-19 13:00:00,NR,charging,16.00000000001,YZ,MW
2045-05-20 14:00:00,SO,charging,12.631578947380001,YZ,MW
2045-05-21 15:00:00,CE,charging,12.80000000001,YZ,MW
2045-05-22 16:00:00,NR,charging,15.20000000001,YZ,MW
2045-05-23 17:00:00,SO,charging,12.000000000010001,YZ,MW
2045-05-24 18:00:00,CE,charging,19.20000000001,YZ,MW
2045-05-25 19:00:00,NR,charging,22.80000000001,YZ,MW
2045-05-26 20:00:00,SO,charging,18.00000000001,YZ,MW
2045-05-27 21:00:00,CE,charging,21.221052631590002,YZ,MW
2045-05-28 22:00:00,NR,charging,25.20000000001,YZ,MW
2045-05-29 23:00:00,SO,charging,19.894736842120004,YZ,MW
2045-05-31 00:00:00,CE,charging,26.27368421054,YZ,MW
2045-06-01 01:00:00,NR,charging,31.20000000002,YZ,MW
2045-06-02 02:00:00,SO,charging,24.63157894739,YZ,MW
2045-06-03 03:00:00,CE,charging,27.6210526316,YZ,MW
2045-06-04 04:00:00,NR,charging,32.80000000002,YZ,MW
2045-06-05 05:00:00,SO,charging,25.89473684213,YZ,MW
2045-06-06 06:00:00,CE,charging,28.96842105265,YZ,MW
2045-06-07 07:00:00,NR,charging,34.400000000030005,YZ,MW
2045-06-08 08:00:00,SO,charging,27.157894736870002,YZ,MW
2045-06-09 09:00:00,CE,charging,29.64210526318,YZ,MW
2045-06-10 10:00:00,NR,charging,35.20000000003,YZ,MW
2045-06-11 11:00:00,SO,charging,27.78947368424,YZ,MW
2045-06-12 12:00:00,CE,charging,28.294736842120003,YZ,MW
2045-06-13 13:00:00,NR,charging,33.60000000003,YZ,MW
2045-06-14 14:00:00,SO,charging,26.526315789500003,YZ,MW
2045-06-15 15:00:00,CE,charging,29.97894736845,YZ,MW
2045-06-16 16:00:00,NR,charging,35.60000000003,YZ,MW
2045-06-17 17:00:00,SO,charging,28.10526315793,YZ,MW
2045-06-18 18:00:00,CE,charging,22.56842105266,YZ,MW
2045-06-19 19:00:00,NR,charging,26.80000000003,YZ,MW
2045-06-20 20:00:00,SO,charging,21.15789473687,YZ,MW
2045-06-21 21:00:00,CE,charging,18.86315789475,YZ,MW
2045-06-22 22:00:00,NR,charging,22.40000000002,YZ,MW
2045-06-23 23:00:00,SO,charging,17.684210526330002,YZ,MW
2045-06-25 00:00:00,CE,charging,15.831578947370001,YZ,MW
2045-06-26 01:00:00,NR,charging,18.80000000001,YZ,MW
2045-06-27 02:00:00,SO,charging,14.842105263170001,YZ,MW
2045-06-28 03:00:00,CE,charging,15.157894736860001,YZ,MW
2045-06-29 04:00:00,NR,charging,18.000000000020002,YZ,MW
2045-06-30 05:00:00,SO,charging,14.2105263158,YZ,MW
2045-07-01 06:00:00,CE,charging,16.16842105265,YZ,MW
2045-07-02 07:00:00,NR,charging,19.20000000001,YZ,MW
2045-07-03 08:00:00,SO,charging,15.15789473686,YZ,MW
2045-07-04 09:00:00,CE,charging,14.14736842107,YZ,MW
2045-07-05 10:00:00,NR,charging,16.80000000001,YZ,MW
2045-07-06 11:00:00,SO,charging,13.263157894750002,YZ,MW
2045-07-07 12:00:00,CE,charging,16.16842105265,YZ,MW
2045-07-08 13:00:00,NR,charging,19.20000000001,YZ,MW
2045-07-09 14:00:00,SO,charging,15.15789473686,YZ,MW
2045-07-10 15:00:00,CE,charging,14.14736842107,YZ,MW
2045-07-11 16:00:00,NR,charging,16.80000000001,YZ,MW
2045-07-12 17:00:00,SO,charging,13.263157894750002,YZ,MW
2045-07-13 18:00:00,CE,charging,14.14736842107,YZ,MW
2045-07-14 19:00:00,NR,charging,16.80000000001,YZ,MW
2045-07-15 20:00:00,SO,charging,13.263157894750002,YZ,MW
2045-07-16 21:00:00,CE,charging,11.452631578950001,YZ,MW
2045-07-17 22:00:00,NR,charging,13.60000000001,YZ,MW
2045-07-18 23:00:00,SO,charging,10.73684210527,YZ,MW
2045-07-20 00:00:00,CE,charging,8.084210526309999,YZ,MW
2045-07-21 01:00:00,NR,charging,9.600000000009999,YZ,MW
2045-07-22 02:00:00,SO,charging,7.57894736843,YZ,MW
2045-07-23 03:00:00,CE,charging,2.357894736844,YZ,MW
2045-07-24 04:00:00,NR,charging,2.800000000002,YZ,MW
2045-07-25 05:00:00,SO,charging,2.210526315792,YZ,MW
2045-07-26 06:00:00,CE,charging,9.09473684211,YZ,MW
2045-07-27 07:00:00,NR,charging,10.80000000001,YZ,MW
2045-07-28 08:00:00,SO,charging,8.52631578949,YZ,MW
2045-07-29 09:00:00,CE,charging,8.084210526309999,YZ,MW
2045-07-30 10:00:00,NR,charging,9.600000000009999,YZ,MW
2045-07-31 11:00:00,SO,charging,7.57894736843,YZ,MW
2045-08-01 12:00:00,CE,charging,14.82105263159,YZ,MW
2045-08-02 13:00:00,NR,charging,17.600000000010002,YZ,MW
2045-08-03 14:00:00,SO,charging,13.894736842120002,YZ,MW
2045-08-04 15:00:00,CE,charging,17.5157894737,YZ,MW
2045-08-05 16:00:00,NR,charging,20.80000000002,YZ,MW
2045-08-06 17:00:00,SO,charging,16.42105263159,YZ,MW
2045-08-07 18:00:00,CE,charging,19.536842105269997,YZ,MW
2045-08-08 19:00:00,NR,charging,23.200000000019998,YZ,MW
2045-08-09 20:00:00,SO,charging,18.3157894737,YZ,MW
2045-08-10 21:00:00,CE,charging,21.221052631590002,YZ,MW
2045-08-11 22:00:00,NR,charging,25.20000000001,YZ,MW
2045-08-12 23:00:00,SO,charging,19.894736842120004,YZ,MW
2045-08-14 00:00:00,CE,charging,22.23157894738,YZ,MW
2045-08-15 01:00:00,NR,charging,26.40000000002,YZ,MW
2045-08-16 02:00:00,SO,charging,20.842105263180002,YZ,MW
2045-08-17 03:00:00,CE,charging,25.60000000002,YZ,MW
2045-08-18 04:00:00,NR,charging,30.40000000002,YZ,MW
2045-08-19 05:00:00,SO,charging,24.000000000020002,YZ,MW
2045-08-20 06:00:00,CE,charging,28.294736842120003,YZ,MW
2045-08-21 07:00:00,NR,charging,33.60000000003,YZ,MW
2045-08-22 08:00:00,SO,charging,26.526315789500003,YZ,MW
2045-08-23 09:00:00,CE,charging,30.315789473709998,YZ,MW
2045-08-24 10:00:00,NR,charging,36.00000000003,YZ,MW
2045-08-25 11:00:00,SO,charging,28.421052631609996,YZ,MW
2045-08-26 12:00:00,CE,charging,30.315789473709998,YZ,MW
2045-08-27 13:00:00,NR,charging,36.00000000003,YZ,MW
2045-08-28 14:00:00,SO,charging,28.421052631609996,YZ,MW
2045-08-29 15:00:00,CE,charging,28.294736842120003,YZ,MW
2045-08-30 16:00:00,NR,charging,33.60000000003,YZ,MW
2045-08-31 17:00:00,SO,charging,26.526315789500003,YZ,MW
2045-09-01 18:00:00,CE,charging,24.25263157896,YZ,MW
2045-09-02 19:00:00,NR,charging,28.80000000002,YZ,MW
2045-09-03 20:00:00,SO,charging,22.736842105279997,YZ,MW
2045-09-04 21:00:00,CE,charging,24.58947368423,YZ,MW
2045-09-05 22:00:00,NR,charging,29.20000000002,YZ,MW
2045-09-06 23:00:00,SO,charging,23.05263157897,YZ,MW
2045-09-08 00:00:00,CE,charging,27.957894736849997,YZ,MW
2045-09-09 01:00:00,NR,charging,33.20000000002,YZ,MW
2045-09-10 02:00:00,SO,charging,26.210526315799996,YZ,MW
2045-09-11 03:00:00,CE,charging,13.81052631579,YZ,MW
2045-09-12 04:00:00,NR,charging,16.40000000001,YZ,MW
2045-09-13 05:00:00,SO,charging,12.94736842105,YZ,MW
2045-09-14 06:00:00,CE,charging,15.157894736860001,YZ,MW
2045-09-15 07:00:00,NR,charging,18.000000000020002,YZ,MW
2045-09-16 08:00:00,SO,charging,14.2105263158,YZ,MW
2045-09-17 09:00:00,CE,charging,14.484210526310001,YZ,MW
2045-09-18 10:00:00,NR,charging,17.20000000001,YZ,MW
2045-09-19 11:00:00,SO,charging,13.57894736843,YZ,MW
2045-09-20 12:00:00,CE,charging,11.115789473700001,YZ,MW
2045-09-21 13:00:00,NR,charging,13.20000000001,YZ,MW
2045-09-22 14:00:00,SO,charging,10.421052631590001,YZ,MW
2045-09-23 15:00:00,CE,charging,5.72631578949,YZ,MW
2045-09-24 16:00:00,NR,charging,6.80000000001,YZ,MW
2045-09-25 17:00:00,SO,charging,5.368421052641001,YZ,MW
2045-09-26 18:00:00,CE,charging,7.74736842107,YZ,MW
2045-09-27 19:00:00,NR,charging,9.20000000001,YZ,MW
2045-09-28 20:00:00,SO,charging,7.26315789475,YZ,MW
2045-09-29 21:00:00,CE,charging,10.1052631579,YZ,MW
2045-09-30 22:00:00,NR,charging,12.000000000010001,YZ,MW
2045-10-01 23:00:00,SO,charging,9.47368421053,YZ,MW
2045-10-03 00:00:00,CE,charging,1.347368421053,YZ,MW
2045-10-04 01:00:00,NR,charging,1.6000000000010002,YZ,MW
2045-10-05 02:00:00,SO,charging,1.263157894738,YZ,MW
2045-10-06 03:00:00,CE,charging,5.052631578945,YZ,MW
2045-10-07 04:00:00,NR,charging,6.0,YZ,MW
2045-10-08 05:00:00,SO,charging,4.736842105261999,YZ,MW
2045-10-09 06:00:00,CE,charging,6.73684210527,YZ,MW
2045-10-10 07:00:00,NR,charging,8.000000000010001,YZ,MW
2045-10-11 08:00:00,SO,charging,6.31578947369,YZ,MW
2045-10-12 09:00:00,CE,charging,8.084210526309999,YZ,MW
2045-10-13 10:00:00,NR,charging,9.600000000009999,YZ,MW
2045-10-14 11:00:00,SO,charging,7.57894736843,YZ,MW
2045-10-15 12:00:00,CE,charging,8.42105263158,YZ,MW
2045-10-16 13:00:00,NR,charging,10.0,YZ,MW
2045-10-17 14:00:00,SO,charging,7.8947368420999995,YZ,MW
2045-10-18 15:00:00,CE,charging,14.484210526310001,YZ,MW
2045-10-19 16:00:00,NR,charging,17.20000000001,YZ,MW
2045-10-20 17:00:00,SO,charging,13.57894736843,YZ,MW
2045-10-21 18:00:00,CE,charging,14.14736842107,YZ,MW
2045-10-22 19:00:00,NR,charging,16.80000000001,YZ,MW
2045-10-23 20:00:00,SO,charging,13.263157894750002,YZ,MW
2045-10-24 21:00:00,CE,charging,22.90526315791,YZ,MW
2045-10-25 22:00:00,NR,charging,27.20000000002,YZ,MW
2045-10-26 23:00:00,SO,charging,21.47368421054,YZ,MW
2045-10-28 00:00:00,CE,charging,25.26315789475,YZ,MW
2045-10-29 01:00:00,NR,charging,30.000000000020002,YZ,MW
2045-10-30 02:00:00,SO,charging,23.684210526330002,YZ,MW
2045-10-31 03:00:00,CE,charging,26.610526315810002,YZ,MW
2045-11-01 04:00:00,NR,charging,31.60000000003,YZ,MW
2045-11-02 05:00:00,SO,charging,24.94736842107,YZ,MW
2045-11-03 06:00:00,CE,charging,27.957894736849997,YZ,MW
2045-11-04 07:00:00,NR,charging,33.20000000002,YZ,MW
2045-11-05 08:00:00,SO,charging,26.210526315799996,YZ,MW
2045-11-06 09:00:00,CE,charging,27.957894736849997,YZ,MW
2045-11-07 10:00:00,NR,charging,33.20000000002,YZ,MW
2045-11-08 11:00:00,SO,charging,26.210526315799996,YZ,MW
2045-11-09 12:00:00,CE,charging,28.96842105265,YZ,MW
2045-11-10 13:00:00,NR,charging,34.400000000030005,YZ,MW
2045-11-11 14:00:00,SO,charging,27.157894736870002,YZ,MW
2045-11-12 15:00:00,CE,charging,26.610526315810002,YZ,MW
2045-11-13 16:00:00,NR,charging,31.60000000003,YZ,MW
2045-11-14 17:00:00,SO,charging,24.94736842107,YZ,MW
2045-11-15 18:00:00,CE,charging,23.578947368439998,YZ,MW
2045-11-16 19:00:00,NR,charging,28.000000000020002,YZ,MW
2045-11-17 20:00:00,SO,charging,22.10526315792,YZ,MW
2045-11-18 21:00:00,CE,charging,17.85263157896,YZ,MW
2045-11-19 22:00:00,NR,charging,21.200000000019998,YZ,MW
2045-11-20 23:00:00,SO,charging,16.736842105279997,YZ,MW
2045-11-22 00:00:00,CE,charging,14.82105263159,YZ,MW
2045-11-23 01:00:00,NR,charging,17.600000000010002,YZ,MW
2045-11-24 02:00:00,SO,charging,13.894736842120002,YZ,MW
2045-11-25 03:00:00,CE,charging,15.157894736860001,YZ,MW
2045-11-26 04:00:00,NR,charging,18.000000000020002,YZ,MW
2045-11-27 05:00:00,SO,charging,14.2105263158,YZ,MW
2045-11-28 06:00:00,CE,charging,16.505263157900004,YZ,MW
2045-11-29 07:00:00,NR,charging,19.600000000010002,YZ,MW
2045-11-30 08:00:00,SO,charging,15.473684210530001,YZ,MW
2045-12-01 09:00:00,CE,charging,17.5157894737,YZ,MW
2045-12-02 10:00:00,NR,charging,20.80000000002,YZ,MW
2045-12-03 11:00:00,SO,charging,16.42105263159,YZ,MW
2045-12-04 12:00:00,CE,charging,12.80000000001,YZ,MW
2045-12-05 13:00:00,NR,charging,15.20000000001,YZ,MW
2045-12-06 14:00:00,SO,charging,12.000000000010001,YZ,MW
2045-12-07 15:00:00,CE,charging,14.14736842107,YZ,MW
2045-12-08 16:00:00,NR,charging,16.80000000001,YZ,MW
2045-12-09 17:00:00,SO,charging,13.263157894750002,YZ,MW
2045-12-10 18:00:00,CE,charging,12.12631578948,YZ,MW
2045-12-11 19:00:00,NR,charging,14.40000000001,YZ,MW
2045-12-12 20:00:00,SO,charging,11.36842105265,YZ,MW
2045-12-13 21:00:00,CE,charging,9.09473684211,YZ,MW
2045-12-14 22:00:00,NR,charging,10.80000000001,YZ,MW
2045-12-15 23:00:00,SO,charging,8.52631578949,YZ,MW
2045-12-17 00:00:00,CE,charging,1.01052631579,YZ,MW
2045-12-18 01:00:00,NR,charging,1.200000000001,YZ,MW
2045-12-19 02:00:00,SO,charging,0.947368421053,YZ,MW
2045-12-20 03:00:00,CE,charging,7.07368421052,YZ,MW
2045-12-21 04:00:00,NR,charging,8.4,YZ,MW
2045-12-22 05:00:00,SO,charging,6.63157894737,YZ,MW
2045-12-23 06:00:00,CE,charging,7.41052631579,YZ,MW
2045-12-24 07:00:00,NR,charging,8.800000000010002,YZ,MW
2045-12-25 08:00:00,SO,charging,6.947368421050001,YZ,MW
2045-12-26 09:00:00,CE,charging,10.77894736843,YZ,MW
2045-12-27 10:00:00,NR,charging,12.80000000001,YZ,MW
2045-12-28 11:00:00,SO,charging,10.10526315791,YZ,MW
2045-12-29 12:00:00,CE,charging,12.12631578948,YZ,MW
2045-12-30 13:00:00,NR,charging,14.40000000001,YZ,MW
2045-12-31 14:00:00,SO,charging,11.36842105265,YZ,MW
2046-01-01 15:00:00,CE,charging,16.505263157900004,YZ,MW
2046-01-02 16:00:00,NR,charging,19.600000000010002,YZ,MW
2046-01-03 17:00:00,SO,charging,15.473684210530001,YZ,MW
2046-01-04 18:00:00,CE,charging,18.189473684230002,YZ,MW
2046-01-05 19:00:00,NR,charging,21.60000000002,YZ,MW
2046-01-06 20:00:00,SO,charging,17.05263157897,YZ,MW
2046-01-07 21:00:00,CE,charging,18.189473684230002,YZ,MW
2046-01-08 22:00:00,NR,charging,21.60000000002,YZ,MW
2046-01-09 23:00:00,SO,charging,17.05263157897,YZ,MW
2046-01-11 00:00:00,CE,charging,22.23157894738,YZ,MW
2046-01-12 01:00:00,NR,charging,26.40000000002,YZ,MW
2046-01-13 02:00:00,SO,charging,20.842105263180002,YZ,MW
2046-01-14 03:00:00,CE,charging,24.92631578949,YZ,MW
2046-01-15 04:00:00,NR,charging,29.60000000002,YZ,MW
2046-01-16 05:00:00,SO,charging,23.368421052659997,YZ,MW
2046-01-17 06:00:00,CE,charging,28.96842105265,YZ,MW
2046-01-18 07:00:00,NR,charging,34.400000000030005,YZ,MW
2046-01-19 08:00:00,SO,charging,27.157894736870002,YZ,MW
2046-01-20 09:00:00,CE,charging,29.64210526318,YZ,MW
2046-01-21 10:00:00,NR,charging,35.20000000003,YZ,MW
2046-01-22 11:00:00,SO,charging,27.78947368424,YZ,MW
2046-01-23 12:00:00,CE,charging,27.6210526316,YZ,MW
2046-01-24 13:00:00,NR,charging,32.80000000002,YZ,MW
2046-01-25 14:00:00,SO,charging,25.89473684213,YZ,MW
2046-01-26 15:00:00,CE,charging,29.64210526318,YZ,MW
2046-01-27 16:00:00,NR,charging,35.20000000003,YZ,MW
2046-01-28 17:00:00,SO,charging,27.78947368424,YZ,MW
2046-01-29 18:00:00,CE,charging,28.96842105265,YZ,MW
2046-01-30 19:00:00,NR,charging,34.400000000030005,YZ,MW
2046-01-31 20:00:00,SO,charging,27.157894736870002,YZ,MW
2046-02-01 21:00:00,CE,charging,28.63157894738,YZ,MW
2046-02-02 22:00:00,NR,charging,34.00000000002,YZ,MW
2046-02-03 23:00:00,SO,charging,26.84210526318,YZ,MW
2046-02-05 00:00:00,CE,charging,12.80000000001,YZ,MW
2046-02-06 01:00:00,NR,charging,15.20000000001,YZ,MW
2046-02-07 02:00:00,SO,charging,12.000000000010001,YZ,MW
2046-02-08 03:00:00,CE,charging,13.81052631579,YZ,MW
2046-02-09 04:00:00,NR,charging,16.40000000001,YZ,MW
2046-02-10 05:00:00,SO,charging,12.94736842105,YZ,MW
2046-02-11 06:00:00,CE,charging,14.484210526310001,YZ,MW
2046-02-12 07:00:00,NR,charging,17.20000000001,YZ,MW
2046-02-13 08:00:00,SO,charging,13.57894736843,YZ,MW
2046-02-14 09:00:00,CE,charging,14.14736842107,YZ,MW
2046-02-15 10:00:00,NR,charging,16.80000000001,YZ,MW
2046-02-16 11:00:00,SO,charging,13.263157894750002,YZ,MW
2046-02-17 12:00:00,CE,charging,9.768421052639999,YZ,MW
2046-02-18 13:00:00,NR,charging,11.6,YZ,MW
2046-02-19 14:00:00,SO,charging,9.15789473684,YZ,MW
2046-02-20 15:00:00,CE,charging,7.07368421052,YZ,MW
2046-02-21 16:00:00,NR,charging,8.4,YZ,MW
2046-02-22 17:00:00,SO,charging,6.63157894737,YZ,MW
2046-02-23 18:00:00,CE,charging,10.44210526316,YZ,MW
2046-02-24 19:00:00,NR,charging,12.399999999999999,YZ,MW
2046-02-25 20:00:00,SO,charging,9.789473684219999,YZ,MW
2046-02-26 21:00:00,CE,charging,7.41052631579,YZ,MW
2046-02-27 22:00:00,NR,charging,8.800000000010002,YZ,MW
2046-02-28 23:00:00,SO,charging,6.947368421050001,YZ,MW
2046-03-02 00:00:00,CE,charging,7.74736842107,YZ,MW
2046-03-03 01:00:00,NR,charging,9.20000000001,YZ,MW
2046-03-04 02:00:00,SO,charging,7.26315789475,YZ,MW
2046-03-05 03:00:00,CE,charging,7.41052631579,YZ,MW
2046-03-06 04:00:00,NR,charging,8.800000000010002,YZ,MW
2046-03-07 05:00:00,SO,charging,6.947368421050001,YZ,MW
2046-03-08 06:00:00,CE,charging,6.06315789474,YZ,MW
2046-03-09 07:00:00,NR,charging,7.20000000001,YZ,MW
2046-03-10 08:00:00,SO,charging,5.684210526326,YZ,MW
2046-03-11 09:00:00,CE,charging,5.72631578949,YZ,MW
2046-03-12 10:00:00,NR,charging,6.80000000001,YZ,MW
2046-03-13 11:00:00,SO,charging,5.368421052641001,YZ,MW
2046-03-14 12:00:00,CE,charging,14.14736842107,YZ,MW
2046-03-15 13:00:00,NR,charging,16.80000000001,YZ,MW
2046-03-16 14:00:00,SO,charging,13.263157894750002,YZ,MW
2046-03-17 15:00:00,CE,charging,13.13684210528,YZ,MW
2046-03-18 16:00:00,NR,charging,15.60000000002,YZ,MW
2046-03-19 17:00:00,SO,charging,12.315789473699999,YZ,MW
2046-03-20 18:00:00,CE,charging,20.54736842106,YZ,MW
2046-03-21 19:00:00,NR,charging,24.40000000001,YZ,MW
2046-03-22 20:00:00,SO,charging,19.26315789475,YZ,MW
2046-03-23 21:00:00,CE,charging,22.56842105266,YZ,MW
2046-03-24 22:00:00,NR,charging,26.80000000003,YZ,MW
2046-03-25 23:00:00,SO,charging,21.15789473687,YZ,MW
2046-03-27 00:00:00,CE,charging,20.88421052632,YZ,MW
2046-03-28 01:00:00,NR,charging,24.80000000002,YZ,MW
2046-03-29 02:00:00,SO,charging,19.578947368439998,YZ,MW
2046-03-30 03:00:00,CE,charging,26.610526315810002,YZ,MW
2046-03-31 04:00:00,NR,charging,31.60000000003,YZ,MW
2046-04-01 05:00:00,SO,charging,24.94736842107,YZ,MW
2046-04-02 06:00:00,CE,charging,26.27368421054,YZ,MW
2046-04-03 07:00:00,NR,charging,31.20000000002,YZ,MW
2046-04-04 08:00:00,SO,charging,24.63157894739,YZ,MW
2046-04-05 09:00:00,CE,charging,27.28421052633,YZ,MW
2046-04-06 10:00:00,NR,charging,32.400000000030005,YZ,MW
2046-04-07 11:00:00,SO,charging,25.578947368450002,YZ,MW
2046-04-08 12:00:00,CE,charging,27.6210526316,YZ,MW
2046-04-09 13:00:00,NR,charging,32.80000000002,YZ,MW
2046-04-10 14:00:00,SO,charging,25.89473684213,YZ,MW
2046-04-11 15:00:00,CE,charging,28.294736842120003,YZ,MW
2046-04-12 16:00:00,NR,charging,33.60000000003,YZ,MW
2046-04-13 17:00:00,SO,charging,26.526315789500003,YZ,MW
2046-04-14 18:00:00,CE,charging,23.578947368439998,YZ,MW
2046-04-15 19:00:00,NR,charging,28.000000000020002,YZ,MW
2046-04-16 20:00:00,SO,charging,22.10526315792,YZ,MW
2046-04-17 21:00:00,CE,charging,14.82105263159,YZ,MW
2046-04-18 22:00:00,NR,charging,17.600000000010002,YZ,MW
2046-04-19 23:00:00,SO,charging,13.894736842120002,YZ,MW
2046-04-21 00:00:00,CE,charging,18.189473684230002,YZ,MW
2046-04-22 01:00:00,NR,charging,21.60000000002,YZ,MW
2046-04-23 02:00:00,SO,charging,17.05263157897,YZ,MW
2046-04-24 03:00:00,CE,charging,16.505263157900004,YZ,MW
2046-04-25 04:00:00,NR,charging,19.600000000010002,YZ,MW
2046-04-26 05:00:00,SO,charging,15.473684210530001,YZ,MW
2046-04-27 06:00:00,CE,charging,19.536842105269997,YZ,MW
2046-04-28 07:00:00,NR,charging,23.200000000019998,YZ,MW
2046-04-29 08:00:00,SO,charging,18.3157894737,YZ,MW
2046-04-30 09:00:00,CE,charging,20.2105263158,YZ,MW
2046-05-01 10:00:00,NR,charging,24.000000000020002,YZ,MW
2046-05-02 11:00:00,SO,charging,18.94736842106,YZ,MW
2046-05-03 12:00:00,CE,charging,13.13684210528,YZ,MW
2046-05-04 13:00:00,NR,charging,15.60000000002,YZ,MW
2046-05-05 14:00:00,SO,charging,12.315789473699999,YZ,MW
2046-05-06 15:00:00,CE,charging,14.82105263159,YZ,MW
2046-05-07 16:00:00,NR,charging,17.600000000010002,YZ,MW
2046-05-08 17:00:00,SO,charging,13.894736842120002,YZ,MW
2046-05-09 18:00:00,CE,charging,13.47368421053,YZ,MW
2046-05-10 19:00:00,NR,charging,16.00000000001,YZ,MW
2046-05-11 20:00:00,SO,charging,12.631578947380001,YZ,MW
2046-05-12 21:00:00,CE,charging,11.452631578950001,YZ,MW
2046-05-13 22:00:00,NR,charging,13.60000000001,YZ,MW
2046-05-14 23:00:00,SO,charging,10.73684210527,YZ,MW
2046-05-16 00:00:00,CE,charging,3.7052631579,YZ,MW
2046-05-17 01:00:00,NR,charging,4.40000000001,YZ,MW
2046-05-18 02:00:00,SO,charging,3.4736842105320003,YZ,MW
2046-05-19 03:00:00,CE,charging,8.42105263158,YZ,MW
2046-05-20 04:00:00,NR,charging,10.0,YZ,MW
2046-05-21 05:00:00,SO,charging,7.8947368420999995,YZ,MW
2046-05-22 06:00:00,CE,charging,6.06315789474,YZ,MW
2046-05-23 07:00:00,NR,charging,7.20000000001,YZ,MW
2046-05-24 08:00:00,SO,charging,5.684210526326,YZ,MW
2046-05-25 09:00:00,CE,charging,8.084210526309999,YZ,MW
2046-05-26 10:00:00,NR,charging,9.600000000009999,YZ,MW
2046-05-27 11:00:00,SO,charging,7.57894736843,YZ,MW
2046-05-28 12:00:00,CE,charging,10.1052631579,YZ,MW
2046-05-29 13:00:00,NR,charging,12.000000000010001,YZ,MW
2046-05-30 14:00:00,SO,charging,9.47368421053,YZ,MW
2046-05-31 15:00:00,CE,charging,12.80000000001,YZ,MW
2046-06-01 16:00:00,NR,charging,15.20000000001,YZ,MW
2046-06-02 17:00:00,SO,charging,12.000000000010001,YZ,MW
2046-06-03 18:00:00,CE,charging,14.14736842107,YZ,MW
2046-06-04 19:00:00,NR,charging,16.80000000001,YZ,MW
2046-06-05 20:00:00,SO,charging,13.263157894750002,YZ,MW
2046-06-06 21:00:00,CE,charging,14.484210526310001,YZ,MW
2046-06-07 22:00:00,NR,charging,17.20000000001,YZ,MW
2046-06-08 23:00:00,SO,charging,13.57894736843,YZ,MW
2046-06-10 00:00:00,CE,charging,21.221052631590002,YZ,MW
2046-06-11 01:00:00,NR,charging,25.20000000001,YZ,MW
2046-06-12 02:00:00,SO,charging,19.894736842120004,YZ,MW
2046-06-13 03:00:00,CE,charging,21.55789473686,YZ,MW
2046-06-14 04:00:00,NR,charging,25.60000000002,YZ,MW
2046-06-15 05:00:00,SO,charging,20.2105263158,YZ,MW
2046-06-16 06:00:00,CE,charging,27.28421052633,YZ,MW
2046-06-17 07:00:00,NR,charging,32.400000000030005,YZ,MW
2046-06-18 08:00:00,SO,charging,25.578947368450002,YZ,MW
2046-06-19 09:00:00,CE,charging,28.63157894738,YZ,MW
2046-06-20 10:00:00,NR,charging,34.00000000002,YZ,MW
2046-06-21 11:00:00,SO,charging,26.84210526318,YZ,MW
2046-06-22 12:00:00,CE,charging,29.64210526318,YZ,MW
2046-06-23 13:00:00,NR,charging,35.20000000003,YZ,MW
2046-06-24 14:00:00,SO,charging,27.78947368424,YZ,MW
2046-06-25 15:00:00,CE,charging,29.305263157909998,YZ,MW
2046-06-26 16:00:00,NR,charging,34.80000000002,YZ,MW
2046-06-27 17:00:00,SO,charging,27.47368421054,YZ,MW
2046-06-28 18:00:00,CE,charging,26.94736842107,YZ,MW
2046-06-29 19:00:00,NR,charging,32.00000000002,YZ,MW
2046-06-30 20:00:00,SO,charging,25.26315789476,YZ,MW
2046-07-01 21:00:00,CE,charging,27.957894736849997,YZ,MW
2046-07-02 22:00:00,NR,charging,33.20000000002,YZ,MW
2046-07-03 23:00:00,SO,charging,26.210526315799996,YZ,MW
2046-07-05 00:00:00,CE,charging,16.505263157900004,YZ,MW
2046-07-06 01:00:00,NR,charging,19.600000000010002,YZ,MW
2046-07-07 02:00:00,SO,charging,15.473684210530001,YZ,MW
2046-07-08 03:00:00,CE,charging,16.16842105265,YZ,MW
2046-07-09 04:00:00,NR,charging,19.20000000001,YZ,MW
2046-07-10 05:00:00,SO,charging,15.15789473686,YZ,MW
2046-07-11 06:00:00,CE,charging,15.157894736860001,YZ,MW
2046-07-12 07:00:00,NR,charging,18.000000000020002,YZ,MW
2046-07-13 08:00:00,SO,charging,14.2105263158,YZ,MW
2046-07-14 09:00:00,CE,charging,14.484210526310001,YZ,MW
2046-07-15 10:00:00,NR,charging,17.20000000001,YZ,MW
2046-07-16 11:00:00,SO,charging,13.57894736843,YZ,MW
2046-07-17 12:00:00,CE,charging,13.13684210528,YZ,MW
2046-07-18 13:00:00,NR,charging,15.60000000002,YZ,MW
2046-07-19 14:00:00,SO,charging,12.315789473699999,YZ,MW
2046-07-20 15:00:00,CE,charging,9.43157894737,YZ,MW
2046-07-21 16:00:00,NR,charging,11.20000000001,YZ,MW
2046-07-22 17:00:00,SO,charging,8.842105263170001,YZ,MW
2046-07-23 18:00:00,CE,charging,9.43157894737,YZ,MW
2046-07-24 19:00:00,NR,charging,11.20000000001,YZ,MW
2046-07-25 20:00:00,SO,charging,8.842105263170001,YZ,MW
2046-07-26 21:00:00,CE,charging,11.789473684219999,YZ,MW
2046-07-27 22:00:00,NR,charging,14.000000000010001,YZ,MW
2046-07-28 23:00:00,SO,charging,11.05263157896,YZ,MW
2046-07-30 00:00:00,CE,charging,11.115789473700001,YZ,MW
2046-07-31 01:00:00,NR,charging,13.20000000001,YZ,MW
2046-08-01 02:00:00,SO,charging,10.421052631590001,YZ,MW
2046-08-02 03:00:00,CE,charging,8.42105263158,YZ,MW
2046-08-03 04:00:00,NR,charging,10.0,YZ,MW
2046-08-04 05:00:00,SO,charging,7.8947368420999995,YZ,MW
2046-08-05 06:00:00,CE,charging,5.72631578949,YZ,MW
2046-08-06 07:00:00,NR,charging,6.80000000001,YZ,MW
2046-08-07 08:00:00,SO,charging,5.368421052641001,YZ,MW
2046-08-08 09:00:00,CE,charging,2.694736842107,YZ,MW
2046-08-09 10:00:00,NR,charging,3.2000000000020004,YZ,MW
2046-08-10 11:00:00,SO,charging,2.526315789476,YZ,MW
2046-08-11 12:00:00,CE,charging,10.77894736843,YZ,MW
2046-08-12 13:00:00,NR,charging,12.80000000001,YZ,MW
2046-08-13 14:00:00,SO,charging,10.10526315791,YZ,MW
2046-08-14 15:00:00,CE,charging,9.09473684211,YZ,MW
2046-08-15 16:00:00,NR,charging,10.80000000001,YZ,MW
2046-08-16 17:00:00,SO,charging,8.52631578949,YZ,MW
2046-08-17 18:00:00,CE,charging,16.842105263169998,YZ,MW
2046-08-18 19:00:00,NR,charging,20.00000000001,YZ,MW
2046-08-19 20:00:00,SO,charging,15.78947368423,YZ,MW
2046-08-20 21:00:00,CE,charging,19.20000000001,YZ,MW
2046-08-21 22:00:00,NR,charging,22.80000000001,YZ,MW
2046-08-22 23:00:00,SO,charging,18.00000000001,YZ,MW
2046-08-24 00:00:00,CE,charging,21.221052631590002,YZ,MW
2046-08-25 01:00:00,NR,charging,25.20000000001,YZ,MW
2046-08-26 02:00:00,SO,charging,19.894736842120004,YZ,MW
2046-08-27 03:00:00,CE,charging,22.56842105266,YZ,MW
2046-08-28 04:00:00,NR,charging,26.80000000003,YZ,MW
2046-08-29 05:00:00,SO,charging,21.15789473687,YZ,MW
2046-08-30 06:00:00,CE,charging,21.55789473686,YZ,MW
2046-08-31 07:00:00,NR,charging,25.60000000002,YZ,MW
2046-09-01 08:00:00,SO,charging,20.2105263158,YZ,MW
2046-09-02 09:00:00,CE,charging,24.92631578949,YZ,MW
2046-09-03 10:00:00,NR,charging,29.60000000002,YZ,MW
2046-09-04 11:00:00,SO,charging,23.368421052659997,YZ,MW
2046-09-05 12:00:00,CE,charging,26.94736842107,YZ,MW
2046-09-06 13:00:00,NR,charging,32.00000000002,YZ,MW
2046-09-07 14:00:00,SO,charging,25.26315789476,YZ,MW
2046-09-08 15:00:00,CE,charging,29.64210526318,YZ,MW
2046-09-09 16:00:00,NR,charging,35.20000000003,YZ,MW
2046-09-10 17:00:00,SO,charging,27.78947368424,YZ,MW
2046-09-11 18:00:00,CE,charging,27.957894736849997,YZ,MW
2046-09-12 19:00:00,NR,charging,33.20000000002,YZ,MW
2046-09-13 20:00:00,SO,charging,26.210526315799996,YZ,MW
2046-09-14 21:00:00,CE,charging,23.578947368439998,YZ,MW
2046-09-15 22:00:00,NR,charging,28.000000000020002,YZ,MW
2046-09-16 23:00:00,SO,charging,22.10526315792,YZ,MW
2046-09-18 00:00:00,CE,charging,19.536842105269997,YZ,MW
2046-09-19 01:00:00,NR,charging,23.200000000019998,YZ,MW
2046-09-20 02:00:00,SO,charging,18.3157894737,YZ,MW
2046-09-21 03:00:00,CE,charging,20.54736842106,YZ,MW
2046-09-22 04:00:00,NR,charging,24.40000000001,YZ,MW
2046-09-23 05:00:00,SO,charging,19.26315789475,YZ,MW
2046-09-24 06:00:00,CE,charging,21.55789473686,YZ,MW
2046-09-25 07:00:00,NR,charging,25.60000000002,YZ,MW
2046-09-26 08:00:00,SO,charging,20.2105263158,YZ,MW
2046-09-27 09:00:00,CE,charging,12.80000000001,YZ,MW
2046-09-28 10:00:00,NR,charging,15.20000000001,YZ,MW
2046-09-29 11:00:00,SO,charging,12.000000000010001,YZ,MW
2046-09-30 12:00:00,CE,charging,14.14736842107,YZ,MW
2046-10-01 13:00:00,NR,charging,16.80000000001,YZ,MW
2046-10-02 14:00:00,SO,charging,13.263157894750002,YZ,MW
2046-10-03 15:00:00,CE,charging,13.13684210528,YZ,MW
2046-10-04 16:00:00,NR,charging,15.60000000002,YZ,MW
2046-10-05 17:00:00,SO,charging,12.315789473699999,YZ,MW
2046-10-06 18:00:00,CE,charging,12.12631578948,YZ,MW
2046-10-07 19:00:00,NR,charging,14.40000000001,YZ,MW
2046-10-08 20:00:00,SO,charging,11.36842105265,YZ,MW
2046-10-09 21:00:00,CE,charging,6.06315789474,YZ,MW
2046-10-10 22:00:00,NR,charging,7.20000000001,YZ,MW
2046-10-11 23:00:00,SO,charging,5.684210526326,YZ,MW
2046-10-13 00:00:00,CE,charging,6.40000000001,YZ,MW
2046-10-14 01:00:00,NR,charging,7.6000000000100005,YZ,MW
2046-10-15 02:00:00,SO,charging,6.00000000001,YZ,MW
2046-10-16 03:00:00,CE,charging,4.715789473691,YZ,MW
2046-10-17 04:00:00,NR,charging,5.6,YZ,MW
2046-10-18 05:00:00,SO,charging,4.421052631587,YZ,MW
2046-10-19 06:00:00,CE,charging,7.41052631579,YZ,MW
2046-10-20 07:00:00,NR,charging,8.800000000010002,YZ,MW
2046-10-21 08:00:00,SO,charging,6.947368421050001,YZ,MW
2046-10-22 09:00:00,CE,charging,8.42105263158,YZ,MW
2046-10-23 10:00:00,NR,charging,10.0,YZ,MW
2046-10-24 11:00:00,SO,charging,7.8947368420999995,YZ,MW
2046-10-25 12:00:00,CE,charging,9.768421052639999,YZ,MW
2046-10-26 13:00:00,NR,charging,11.6,YZ,MW
2046-10-27 14:00:00,SO,charging,9.15789473684,YZ,MW
2046-10-28 15:00:00,CE,charging,11.115789473700001,YZ,MW
2046-10-29 16:00:00,NR,charging,13.20000000001,YZ,MW
2046-10-30 17:00:00,SO,charging,10.421052631590001,YZ,MW
2046-10-31 18:00:00,CE,charging,9.768421052639999,YZ,MW
2046-11-01 19:00:00,NR,charging,11.6,YZ,MW
2046-11-02 20:00:00,SO,charging,9.15789473684,YZ,MW
2046-11-03 21:00:00,CE,charging,16.16842105265,YZ,MW
2046-11-04 22:00:00,NR,charging,19.20000000001,YZ,MW
2046-11-05 23:00:00,SO,charging,15.15789473686,YZ,MW
2046-11-07 00:00:00,CE,charging,16.842105263169998,YZ,MW
2046-11-08 01:00:00,NR,charging,20.00000000001,YZ,MW
2046-11-09 02:00:00,SO,charging,15.78947368423,YZ,MW
2046-11-10 03:00:00,CE,charging,24.58947368423,YZ,MW
2046-11-11 04:00:00,NR,charging,29.20000000002,YZ,MW
2046-11-12 05:00:00,SO,charging,23.05263157897,YZ,MW
2046-11-13 06:00:00,CE,charging,26.27368421054,YZ,MW
2046-11-14 07:00:00,NR,charging,31.20000000002,YZ,MW
2046-11-15 08:00:00,SO,charging,24.63157894739,YZ,MW
2046-11-16 09:00:00,CE,charging,27.957894736849997,YZ,MW
2046-11-17 10:00:00,NR,charging,33.20000000002,YZ,MW
2046-11-18 11:00:00,SO,charging,26.210526315799996,YZ,MW
2046-11-19 12:00:00,CE,charging,28.63157894738,YZ,MW
2046-11-20 13:00:00,NR,charging,34.00000000002,YZ,MW
2046-11-21 14:00:00,SO,charging,26.84210526318,YZ,MW
2046-11-22 15:00:00,CE,charging,27.28421052633,YZ,MW
2046-11-23 16:00:00,NR,charging,32.400000000030005,YZ,MW
2046-11-24 17:00:00,SO,charging,25.578947368450002,YZ,MW
2046-11-25 18:00:00,CE,charging,27.957894736849997,YZ,MW
2046-11-26 19:00:00,NR,charging,33.20000000002,YZ,MW
2046-11-27 20:00:00,SO,charging,26.210526315799996,YZ,MW
2046-11-28 21:00:00,CE,charging,21.55789473686,YZ,MW
2046-11-29 22:00:00,NR,charging,25.60000000002,YZ,MW
2046-11-30 23:00:00,SO,charging,20.2105263158,YZ,MW
2046-12-02 00:00:00,CE,charging,18.52631578949,YZ,MW
2046-12-03 01:00:00,NR,charging,22.000000000020002,YZ,MW
2046-12-04 02:00:00,SO,charging,17.368421052659997,YZ,MW
2046-12-05 03:00:00,CE,charging,15.831578947370001,YZ,MW
2046-12-06 04:00:00,NR,charging,18.80000000001,YZ,MW
2046-12-07 05:00:00,SO,charging,14.842105263170001,YZ,MW
2046-12-08 06:00:00,CE,charging,14.484210526310001,YZ,MW
2046-12-09 07:00:00,NR,charging,17.20000000001,YZ,MW
2046-12-10 08:00:00,SO,charging,13.57894736843,YZ,MW
2046-12-11 09:00:00,CE,charging,14.14736842107,YZ,MW
2046-12-12 10:00:00,NR,charging,16.80000000001,YZ,MW
2046-12-13 11:00:00,SO,charging,13.263157894750002,YZ,MW
2046-12-14 12:00:00,CE,charging,11.115789473700001,YZ,MW
2046-12-15 13:00:00,NR,charging,13.20000000001,YZ,MW
2046-12-16 14:00:00,SO,charging,10.421052631590001,YZ,MW
2046-12-17 15:00:00,CE,charging,10.77894736843,YZ,MW
2046-12-18 16:00:00,NR,charging,12.80000000001,YZ,MW
2046-12-19 17:00:00,SO,charging,10.10526315791,YZ,MW
2046-12-20 18:00:00,CE,charging,12.12631578948,YZ,MW
2046-12-21 19:00:00,NR,charging,14.40000000001,YZ,MW
2046-12-22 20:00:00,SO,charging,11.36842105265,YZ,MW
2046-12-23 21:00:00,CE,charging,12.46315789474,YZ,MW
2046-12-24 22:00:00,NR,charging,14.80000000001,YZ,MW
2046-12-25 23:00:00,SO,charging,11.684210526320001,YZ,MW
2046-12-27 00:00:00,CE,charging,10.1052631579,YZ,MW
2046-12-28 01:00:00,NR,charging,12.000000000010001,YZ,MW
2046-12-29 02:00:00,SO,charging,9.47368421053,YZ,MW
2046-12-30 03:00:00,CE,charging,6.73684210527,YZ,MW
2046-12-31 04:00:00,NR,charging,8.000000000010001,YZ,MW
2047-01-01 05:00:00,SO,charging,6.31578947369,YZ,MW
2047-01-02 06:00:00,CE,charging,1.347368421053,YZ,MW
2047-01-03 07:00:00,NR,charging,1.6000000000010002,YZ,MW
2047-01-04 08:00:00,SO,charging,1.263157894738,YZ,MW
2047-01-05 09:00:00,CE,charging,7.07368421052,YZ,MW
2047-01-06 10:00:00,NR,charging,8.4,YZ,MW
2047-01-07 11:00:00,SO,charging,6.63157894737,YZ,MW
2047-01-08 12:00:00,CE,charging,4.042105263164,YZ,MW
2047-01-09 13:00:00,NR,charging,4.8,YZ,MW
2047-01-10 14:00:00,SO,charging,3.789473684217,YZ,MW
2047-01-11 15:00:00,CE,charging,13.81052631579,YZ,MW
2047-01-12 16:00:00,NR,charging,16.40000000001,YZ,MW
2047-01-13 17:00:00,SO,charging,12.94736842105,YZ,MW
2047-01-14 18:00:00,CE,charging,16.505263157900004,YZ,MW
2047-01-15 19:00:00,NR,charging,19.600000000010002,YZ,MW
2047-01-16 20:00:00,SO,charging,15.473684210530001,YZ,MW
2047-01-17 21:00:00,CE,charging,18.52631578949,YZ,MW
2047-01-18 22:00:00,NR,charging,22.000000000020002,YZ,MW
2047-01-19 23:00:00,SO,charging,17.368421052659997,YZ,MW
2047-01-21 00:00:00,CE,charging,20.2105263158,YZ,MW
2047-01-22 01:00:00,NR,charging,24.000000000020002,YZ,MW
2047-01-23 02:00:00,SO,charging,18.94736842106,YZ,MW
2047-01-24 03:00:00,CE,charging,20.54736842106,YZ,MW
2047-01-25 04:00:00,NR,charging,24.40000000001,YZ,MW
2047-01-26 05:00:00,SO,charging,19.26315789475,YZ,MW
2047-01-27 06:00:00,CE,charging,23.578947368439998,YZ,MW
2047-01-28 07:00:00,NR,charging,28.000000000020002,YZ,MW
2047-01-29 08:00:00,SO,charging,22.10526315792,YZ,MW
2047-01-30 09:00:00,CE,charging,26.27368421054,YZ,MW
2047-01-31 10:00:00,NR,charging,31.20000000002,YZ,MW
2047-02-01 11:00:00,SO,charging,24.63157894739,YZ,MW
2047-02-02 12:00:00,CE,charging,29.97894736845,YZ,MW
2047-02-03 13:00:00,NR,charging,35.60000000003,YZ,MW
2047-02-04 14:00:00,SO,charging,28.10526315793,YZ,MW
2047-02-05 15:00:00,CE,charging,29.97894736845,YZ,MW
2047-02-06 16:00:00,NR,charging,35.60000000003,YZ,MW
2047-02-07 17:00:00,SO,charging,28.10526315793,YZ,MW
2047-02-08 18:00:00,CE,charging,28.294736842120003,YZ,MW
2047-02-09 19:00:00,NR,charging,33.60000000003,YZ,MW
2047-02-10 20:00:00,SO,charging,26.526315789500003,YZ,MW
2047-02-11 21:00:00,CE,charging,23.915789473700002,YZ,MW
2047-02-12 22:00:00,NR,charging,28.40000000002,YZ,MW
2047-02-13 23:00:00,SO,charging,22.4210526316,YZ,MW
2047-02-15 00:00:00,CE,charging,25.93684210528,YZ,MW
2047-02-16 01:00:00,NR,charging,30.80000000003,YZ,MW
2047-02-17 02:00:00,SO,charging,24.315789473709998,YZ,MW
2047-02-18 03:00:00,CE,charging,26.610526315810002,YZ,MW
2047-02-19 04:00:00,NR,charging,31.60000000003,YZ,MW
2047-02-20 05:00:00,SO,charging,24.94736842107,YZ,MW
2047-02-21 06:00:00,CE,charging,12.80000000001,YZ,MW
2047-02-22 07:00:00,NR,charging,15.20000000001,YZ,MW
2047-02-23 08:00:00,SO,charging,12.000000000010001,YZ,MW
2047-02-24 09:00:00,CE,charging,14.484210526310001,YZ,MW
2047-02-25 10:00:00,NR,charging,17.20000000001,YZ,MW
2047-02-26 11:00:00,SO,charging,13.57894736843,YZ,MW
2047-02-27 12:00:00,CE,charging,14.484210526310001,YZ,MW
2047-02-28 13:00:00,NR,charging,17.20000000001,YZ,MW
2047-03-01 14:00:00,SO,charging,13.57894736843,YZ,MW
2047-03-02 15:00:00,CE,charging,13.81052631579,YZ,MW
2047-03-03 16:00:00,NR,charging,16.40000000001,YZ,MW
2047-03-04 17:00:00,SO,charging,12.94736842105,YZ,MW
2047-03-05 18:00:00,CE,charging,8.42105263158,YZ,MW
2047-03-06 19:00:00,NR,charging,10.0,YZ,MW
2047-03-07 20:00:00,SO,charging,7.8947368420999995,YZ,MW
2047-03-08 21:00:00,CE,charging,7.41052631579,YZ,MW
2047-03-09 22:00:00,NR,charging,8.800000000010002,YZ,MW
2047-03-10 23:00:00,SO,charging,6.947368421050001,YZ,MW
2047-03-12 00:00:00,CE,charging,7.07368421052,YZ,MW
2047-03-13 01:00:00,NR,charging,8.4,YZ,MW
2047-03-14 02:00:00,SO,charging,6.63157894737,YZ,MW
2047-03-15 03:00:00,CE,charging,8.42105263158,YZ,MW
2047-03-16 04:00:00,NR,charging,10.0,YZ,MW
2047-03-17 05:00:00,SO,charging,7.8947368420999995,YZ,MW
2047-03-18 06:00:00,CE,charging,6.73684210527,YZ,MW
2047-03-19 07:00:00,NR,charging,8.000000000010001,YZ,MW
2047-03-20 08:00:00,SO,charging,6.31578947369,YZ,MW
2047-03-21 09:00:00,CE,charging,6.40000000001,YZ,MW
2047-03-22 10:00:00,NR,charging,7.6000000000100005,YZ,MW
2047-03-23 11:00:00,SO,charging,6.00000000001,YZ,MW
2047-03-24 12:00:00,CE,charging,7.07368421052,YZ,MW
2047-03-25 13:00:00,NR,charging,8.4,YZ,MW
2047-03-26 14:00:00,SO,charging,6.63157894737,YZ,MW
2047-03-27 15:00:00,CE,charging,6.40000000001,YZ,MW
2047-03-28 16:00:00,NR,charging,7.6000000000100005,YZ,MW
2047-03-29 17:00:00,SO,charging,6.00000000001,YZ,MW
2047-03-30 18:00:00,CE,charging,14.82105263159,YZ,MW
2047-03-31 19:00:00,NR,charging,17.600000000010002,YZ,MW
2047-04-01 20:00:00,SO,charging,13.894736842120002,YZ,MW
2047-04-02 21:00:00,CE,charging,14.484210526310001,YZ,MW
2047-04-03 22:00:00,NR,charging,17.20000000001,YZ,MW
2047-04-04 23:00:00,SO,charging,13.57894736843,YZ,MW
2047-04-06 00:00:00,CE,charging,23.578947368439998,YZ,MW
2047-04-07 01:00:00,NR,charging,28.000000000020002,YZ,MW
2047-04-08 02:00:00,SO,charging,22.10526315792,YZ,MW
2047-04-09 03:00:00,CE,charging,22.90526315791,YZ,MW
2047-04-10 04:00:00,NR,charging,27.20000000002,YZ,MW
2047-04-11 05:00:00,SO,charging,21.47368421054,YZ,MW
2047-04-12 06:00:00,CE,charging,27.28421052633,YZ,MW
2047-04-13 07:00:00,NR,charging,32.400000000030005,YZ,MW
2047-04-14 08:00:00,SO,charging,25.578947368450002,YZ,MW
2047-04-15 09:00:00,CE,charging,28.294736842120003,YZ,MW
2047-04-16 10:00:00,NR,charging,33.60000000003,YZ,MW
2047-04-17 11:00:00,SO,charging,26.526315789500003,YZ,MW
2047-04-18 12:00:00,CE,charging,27.957894736849997,YZ,MW
2047-04-19 13:00:00,NR,charging,33.20000000002,YZ,MW
2047-04-20 14:00:00,SO,charging,26.210526315799996,YZ,MW
2047-04-21 15:00:00,CE,charging,28.63157894738,YZ,MW
2047-04-22 16:00:00,NR,charging,34.00000000002,YZ,MW
2047-04-23 17:00:00,SO,charging,26.84210526318,YZ,MW
2047-04-24 18:00:00,CE,charging,26.27368421054,YZ,MW
2047-04-25 19:00:00,NR,charging,31.20000000002,YZ,MW
2047-04-26 20:00:00,SO,charging,24.63157894739,YZ,MW
2047-04-27 21:00:00,CE,charging,23.915789473700002,YZ,MW
2047-04-28 22:00:00,NR,charging,28.40000000002,YZ,MW
2047-04-29 23:00:00,SO,charging,22.4210526316,YZ,MW
2047-05-01 00:00:00,CE,charging,19.20000000001,YZ,MW
2047-05-02 01:00:00,NR,charging,22.80000000001,YZ,MW
2047-05-03 02:00:00,SO,charging,18.00000000001,YZ,MW
2047-05-04 03:00:00,CE,charging,16.16842105265,YZ,MW
2047-05-05 04:00:00,NR,charging,19.20000000001,YZ,MW
2047-05-06 05:00:00,SO,charging,15.15789473686,YZ,MW
2047-05-07 06:00:00,CE,charging,16.16842105265,YZ,MW
2047-05-08 07:00:00,NR,charging,19.20000000001,YZ,MW
2047-05-09 08:00:00,SO,charging,15.15789473686,YZ,MW
2047-05-10 09:00:00,CE,charging,14.82105263159,YZ,MW
2047-05-11 10:00:00,NR,charging,17.600000000010002,YZ,MW
2047-05-12 11:00:00,SO,charging,13.894736842120002,YZ,MW
2047-05-13 12:00:00,CE,charging,15.157894736860001,YZ,MW
2047-05-14 13:00:00,NR,charging,18.000000000020002,YZ,MW
2047-05-15 14:00:00,SO,charging,14.2105263158,YZ,MW
2047-05-16 15:00:00,CE,charging,12.80000000001,YZ,MW
2047-05-17 16:00:00,NR,charging,15.20000000001,YZ,MW
2047-05-18 17:00:00,SO,charging,12.000000000010001,YZ,MW
2047-05-19 18:00:00,CE,charging,14.14736842107,YZ,MW
2047-05-20 19:00:00,NR,charging,16.80000000001,YZ,MW
2047-05-21 20:00:00,SO,charging,13.263157894750002,YZ,MW
2047-05-22 21:00:00,CE,charging,12.12631578948,YZ,MW
2047-05-23 22:00:00,NR,charging,14.40000000001,YZ,MW
2047-05-24 23:00:00,SO,charging,11.36842105265,YZ,MW
2047-05-26 00:00:00,CE,charging,9.43157894737,YZ,MW
2047-05-27 01:00:00,NR,charging,11.20000000001,YZ,MW
2047-05-28 02:00:00,SO,charging,8.842105263170001,YZ,MW
2047-05-29 03:00:00,CE,charging,2.357894736844,YZ,MW
2047-05-30 04:00:00,NR,charging,2.800000000002,YZ,MW
2047-05-31 05:00:00,SO,charging,2.210526315792,YZ,MW
2047-06-01 06:00:00,CE,charging,7.74736842107,YZ,MW
2047-06-02 07:00:00,NR,charging,9.20000000001,YZ,MW
2047-06-03 08:00:00,SO,charging,7.26315789475,YZ,MW
2047-06-04 09:00:00,CE,charging,3.031578947371,YZ,MW
2047-06-05 10:00:00,NR,charging,3.600000000003,YZ,MW
2047-06-06 11:00:00,SO,charging,2.8421052631609998,YZ,MW
2047-06-07 12:00:00,CE,charging,10.77894736843,YZ,MW
2047-06-08 13:00:00,NR,charging,12.80000000001,YZ,MW
2047-06-09 14:00:00,SO,charging,10.10526315791,YZ,MW
2047-06-10 15:00:00,CE,charging,13.81052631579,YZ,MW
2047-06-11 16:00:00,NR,charging,16.40000000001,YZ,MW
2047-06-12 17:00:00,SO,charging,12.94736842105,YZ,MW
2047-06-13 18:00:00,CE,charging,16.16842105265,YZ,MW
2047-06-14 19:00:00,NR,charging,19.20000000001,YZ,MW
2047-06-15 20:00:00,SO,charging,15.15789473686,YZ,MW
2047-06-16 21:00:00,CE,charging,17.17894736844,YZ,MW
2047-06-17 22:00:00,NR,charging,20.40000000002,YZ,MW
2047-06-18 23:00:00,SO,charging,16.10526315792,YZ,MW
2047-06-20 00:00:00,CE,charging,17.85263157896,YZ,MW
2047-06-21 01:00:00,NR,charging,21.200000000019998,YZ,MW
2047-06-22 02:00:00,SO,charging,16.736842105279997,YZ,MW
2047-06-23 03:00:00,CE,charging,22.56842105266,YZ,MW
2047-06-24 04:00:00,NR,charging,26.80000000003,YZ,MW
2047-06-25 05:00:00,SO,charging,21.15789473687,YZ,MW
2047-06-26 06:00:00,CE,charging,26.27368421054,YZ,MW
2047-06-27 07:00:00,NR,charging,31.20000000002,YZ,MW
2047-06-28 08:00:00,SO,charging,24.63157894739,YZ,MW
2047-06-29 09:00:00,CE,charging,29.305263157909998,YZ,MW
2047-06-30 10:00:00,NR,charging,34.80000000002,YZ,MW
2047-07-01 11:00:00,SO,charging,27.47368421054,YZ,MW
2047-07-02 12:00:00,CE,charging,29.64210526318,YZ,MW
2047-07-03 13:00:00,NR,charging,35.20000000003,YZ,MW
2047-07-04 14:00:00,SO,charging,27.78947368424,YZ,MW
2047-07-05 15:00:00,CE,charging,28.96842105265,YZ,MW
2047-07-06 16:00:00,NR,charging,34.400000000030005,YZ,MW
2047-07-07 17:00:00,SO,charging,27.157894736870002,YZ,MW
2047-07-08 18:00:00,CE,charging,29.305263157909998,YZ,MW
2047-07-09 19:00:00,NR,charging,34.80000000002,YZ,MW
2047-07-10 20:00:00,SO,charging,27.47368421054,YZ,MW
2047-07-11 21:00:00,CE,charging,29.305263157909998,YZ,MW
2047-07-12 22:00:00,NR,charging,34.80000000002,YZ,MW
2047-07-13 23:00:00,SO,charging,27.47368421054,YZ,MW
2047-07-15 00:00:00,CE,charging,29.64210526318,YZ,MW
2047-07-16 01:00:00,NR,charging,35.20000000003,YZ,MW
2047-07-17 02:00:00,SO,charging,27.78947368424,YZ,MW
2047-07-18 03:00:00,CE,charging,13.13684210528,YZ,MW
2047-07-19 04:00:00,NR,charging,15.60000000002,YZ,MW
2047-07-20 05:00:00,SO,charging,12.315789473699999,YZ,MW
2047-07-21 06:00:00,CE,charging,14.484210526310001,YZ,MW
2047-07-22 07:00:00,NR,charging,17.20000000001,YZ,MW
2047-07-23 08:00:00,SO,charging,13.57894736843,YZ,MW
2047-07-24 09:00:00,CE,charging,15.157894736860001,YZ,MW
2047-07-25 10:00:00,NR,charging,18.000000000020002,YZ,MW
2047-07-26 11:00:00,SO,charging,14.2105263158,YZ,MW
2047-07-27 12:00:00,CE,charging,15.157894736860001,YZ,MW
2047-07-28 13:00:00,NR,charging,18.000000000020002,YZ,MW
2047-07-29 14:00:00,SO,charging,14.2105263158,YZ,MW
2047-07-30 15:00:00,CE,charging,12.46315789474,YZ,MW
2047-07-31 16:00:00,NR,charging,14.80000000001,YZ,MW
2047-08-01 17:00:00,SO,charging,11.684210526320001,YZ,MW
2047-08-02 18:00:00,CE,charging,11.789473684219999,YZ,MW
2047-08-03 19:00:00,NR,charging,14.000000000010001,YZ,MW
2047-08-04 20:00:00,SO,charging,11.05263157896,YZ,MW
2047-08-05 21:00:00,CE,charging,11.452631578950001,YZ,MW
2047-08-06 22:00:00,NR,charging,13.60000000001,YZ,MW
2047-08-07 23:00:00,SO,charging,10.73684210527,YZ,MW
2047-08-09 00:00:00,CE,charging,11.115789473700001,YZ,MW
2047-08-10 01:00:00,NR,charging,13.20000000001,YZ,MW
2047-08-11 02:00:00,SO,charging,10.421052631590001,YZ,MW
2047-08-12 03:00:00,CE,charging,9.43157894737,YZ,MW
2047-08-13 04:00:00,NR,charging,11.20000000001,YZ,MW
2047-08-14 05:00:00,SO,charging,8.842105263170001,YZ,MW
2047-08-15 06:00:00,CE,charging,7.07368421052,YZ,MW
2047-08-16 07:00:00,NR,charging,8.4,YZ,MW
2047-08-17 08:00:00,SO,charging,6.63157894737,YZ,MW
2047-08-18 09:00:00,CE,charging,6.06315789474,YZ,MW
2047-08-19 10:00:00,NR,charging,7.20000000001,YZ,MW
2047-08-20 11:00:00,SO,charging,5.684210526326,YZ,MW
2047-08-21 12:00:00,CE,charging,5.38947368422,YZ,MW
2047-08-22 13:00:00,NR,charging,6.4,YZ,MW
2047-08-23 14:00:00,SO,charging,5.0526315789559995,YZ,MW
2047-08-24 15:00:00,CE,charging,15.157894736860001,YZ,MW
2047-08-25 16:00:00,NR,charging,18.000000000020002,YZ,MW
2047-08-26 17:00:00,SO,charging,14.2105263158,YZ,MW
2047-08-27 18:00:00,CE,charging,14.14736842107,YZ,MW
2047-08-28 19:00:00,NR,charging,16.80000000001,YZ,MW
2047-08-29 20:00:00,SO,charging,13.263157894750002,YZ,MW
2047-08-30 21:00:00,CE,charging,21.221052631590002,YZ,MW
2047-08-31 22:00:00,NR,charging,25.20000000001,YZ,MW
2047-09-01 23:00:00,SO,charging,19.894736842120004,YZ,MW
2047-09-03 00:00:00,CE,charging,23.24210526317,YZ,MW
2047-09-04 01:00:00,NR,charging,27.60000000002,YZ,MW
2047-09-05 02:00:00,SO,charging,21.78947368423,YZ,MW
2047-09-06 03:00:00,CE,charging,25.60000000002,YZ,MW
2047-09-07 04:00:00,NR,charging,30.40000000002,YZ,MW
2047-09-08 05:00:00,SO,charging,24.000000000020002,YZ,MW
2047-09-09 06:00:00,CE,charging,26.610526315810002,YZ,MW
2047-09-10 07:00:00,NR,charging,31.60000000003,YZ,MW
2047-09-11 08:00:00,SO,charging,24.94736842107,YZ,MW
2047-09-12 09:00:00,CE,charging,26.610526315810002,YZ,MW
2047-09-13 10:00:00,NR,charging,31.60000000003,YZ,MW
2047-09-14 11:00:00,SO,charging,24.94736842107,YZ,MW
2047-09-15 12:00:00,CE,charging,28.63157894738,YZ,MW
2047-09-16 13:00:00,NR,charging,34.00000000002,YZ,MW
2047-09-17 14:00:00,SO,charging,26.84210526318,YZ,MW
2047-09-18 15:00:00,CE,charging,29.64210526318,YZ,MW
2047-09-19 16:00:00,NR,charging,35.20000000003,YZ,MW
2047-09-20 17:00:00,SO,charging,27.78947368424,YZ,MW
2047-09-21 18:00:00,CE,charging,28.63157894738,YZ,MW
2047-09-22 19:00:00,NR,charging,34.00000000002,YZ,MW
2047-09-23 20:00:00,SO,charging,26.84210526318,YZ,MW
2047-09-24 21:00:00,CE,charging,23.915789473700002,YZ,MW
2047-09-25 22:00:00,NR,charging,28.40000000002,YZ,MW
2047-09-26 23:00:00,SO,charging,22.4210526316,YZ,MW
2047-09-28 00:00:00,CE,charging,18.86315789475,YZ,MW
2047-09-29 01:00:00,NR,charging,22.40000000002,YZ,MW
2047-09-30 02:00:00,SO,charging,17.684210526330002,YZ,MW
2047-10-01 03:00:00,CE,charging,17.17894736844,YZ,MW
2047-10-02 04:00:00,NR,charging,20.40000000002,YZ,MW
2047-10-03 05:00:00,SO,charging,16.10526315792,YZ,MW
2047-10-04 06:00:00,CE,charging,21.55789473686,YZ,MW
2047-10-05 07:00:00,NR,charging,25.60000000002,YZ,MW
2047-10-06 08:00:00,SO,charging,20.2105263158,YZ,MW
2047-10-07 09:00:00,CE,charging,23.915789473700002,YZ,MW
2047-10-08 10:00:00,NR,charging,28.40000000002,YZ,MW
2047-10-09 11:00:00,SO,charging,22.4210526316,YZ,MW
2047-10-10 12:00:00,CE,charging,13.47368421053,YZ,MW
2047-10-11 13:00:00,NR,charging,16.00000000001,YZ,MW
2047-10-12 14:00:00,SO,charging,12.631578947380001,YZ,MW
2047-10-13 15:00:00,CE,charging,15.157894736860001,YZ,MW
2047-10-14 16:00:00,NR,charging,18.000000000020002,YZ,MW
2047-10-15 17:00:00,SO,charging,14.2105263158,YZ,MW
2047-10-16 18:00:00,CE,charging,14.14736842107,YZ,MW
2047-10-17 19:00:00,NR,charging,16.80000000001,YZ,MW
2047-10-18 20:00:00,SO,charging,13.263157894750002,YZ,MW
2047-10-19 21:00:00,CE,charging,12.12631578948,YZ,MW
2047-10-20 22:00:00,NR,charging,14.40000000001,YZ,MW
2047-10-21 23:00:00,SO,charging,11.36842105265,YZ,MW
2047-10-23 00:00:00,CE,charging,4.378947368427,YZ,MW
2047-10-24 01:00:00,NR,charging,5.20000000001,YZ,MW
2047-10-25 02:00:00,SO,charging,4.105263157902,YZ,MW
2047-10-26 03:00:00,CE,charging,9.768421052639999,YZ,MW
2047-10-27 04:00:00,NR,charging,11.6,YZ,MW
2047-10-28 05:00:00,SO,charging,9.15789473684,YZ,MW
2047-10-29 06:00:00,CE,charging,7.07368421052,YZ,MW
2047-10-30 07:00:00,NR,charging,8.4,YZ,MW
2047-10-31 08:00:00,SO,charging,6.63157894737,YZ,MW
2047-11-01 09:00:00,CE,charging,8.42105263158,YZ,MW
2047-11-02 10:00:00,NR,charging,10.0,YZ,MW
2047-11-03 11:00:00,SO,charging,7.8947368420999995,YZ,MW
2047-11-04 12:00:00,CE,charging,11.115789473700001,YZ,MW
2047-11-05 13:00:00,NR,charging,13.20000000001,YZ,MW
2047-11-06 14:00:00,SO,charging,10.421052631590001,YZ,MW
2047-11-07 15:00:00,CE,charging,13.81052631579,YZ,MW
2047-11-08 16:00:00,NR,charging,16.40000000001,YZ,MW
2047-11-09 17:00:00,SO,charging,12.94736842105,YZ,MW
2047-11-10 18:00:00,CE,charging,15.49473684211,YZ,MW
2047-11-11 19:00:00,NR,charging,18.40000000001,YZ,MW
2047-11-12 20:00:00,SO,charging,14.526315789489999,YZ,MW
2047-11-13 21:00:00,CE,charging,16.505263157900004,YZ,MW
2047-11-14 22:00:00,NR,charging,19.600000000010002,YZ,MW
2047-11-15 23:00:00,SO,charging,15.473684210530001,YZ,MW
2047-11-17 00:00:00,CE,charging,20.88421052632,YZ,MW
2047-11-18 01:00:00,NR,charging,24.80000000002,YZ,MW
2047-11-19 02:00:00,SO,charging,19.578947368439998,YZ,MW
2047-11-20 03:00:00,CE,charging,25.26315789475,YZ,MW
2047-11-21 04:00:00,NR,charging,30.000000000020002,YZ,MW
2047-11-22 05:00:00,SO,charging,23.684210526330002,YZ,MW
2047-11-23 06:00:00,CE,charging,27.957894736849997,YZ,MW
2047-11-24 07:00:00,NR,charging,33.20000000002,YZ,MW
2047-11-25 08:00:00,SO,charging,26.210526315799996,YZ,MW
2047-11-26 09:00:00,CE,charging,28.63157894738,YZ,MW
2047-11-27 10:00:00,NR,charging,34.00000000002,YZ,MW
2047-11-28 11:00:00,SO,charging,26.84210526318,YZ,MW
2047-11-29 12:00:00,CE,charging,28.96842105265,YZ,MW
2047-11-30 13:00:00,NR,charging,34.400000000030005,YZ,MW
2047-12-01 14:00:00,SO,charging,27.157894736870002,YZ,MW
2047-12-02 15:00:00,CE,charging,28.63157894738,YZ,MW
2047-12-03 16:00:00,NR,charging,34.00000000002,YZ,MW
2047-12-04 17:00:00,SO,charging,26.84210526318,YZ,MW
2047-12-05 18:00:00,CE,charging,26.27368421054,YZ,MW
2047-12-06 19:00:00,NR,charging,31.20000000002,YZ,MW
2047-12-07 20:00:00,SO,charging,24.63157894739,YZ,MW
2047-12-08 21:00:00,CE,charging,29.305263157909998,YZ,MW
2047-12-09 22:00:00,NR,charging,34.80000000002,YZ,MW
2047-12-10 23:00:00,SO,charging,27.47368421054,YZ,MW
2047-12-12 00:00:00,CE,charging,29.64210526318,YZ,MW
2047-12-13 01:00:00,NR,charging,35.20000000003,YZ,MW
2047-12-14 02:00:00,SO,charging,27.78947368424,YZ,MW
2047-12-15 03:00:00,CE,charging,29.97894736845,YZ,MW
2047-12-16 04:00:00,NR,charging,35.60000000003,YZ,MW
2047-12-17 05:00:00,SO,charging,28.10526315793,YZ,MW
2047-12-18 06:00:00,CE,charging,25.60000000002,YZ,MW
2047-12-19 07:00:00,NR,charging,30.40000000002,YZ,MW
2047-12-20 08:00:00,SO,charging,24.000000000020002,YZ,MW
2047-12-21 09:00:00,CE,charging,17.17894736844,YZ,MW
2047-12-22 10:00:00,NR,charging,20.40000000002,YZ,MW
2047-12-23 11:00:00,SO,charging,16.10526315792,YZ,MW
2047-12-24 12:00:00,CE,charging,14.484210526310001,YZ,MW
2047-12-25 13:00:00,NR,charging,17.20000000001,YZ,MW
2047-12-26 14:00:00,SO,charging,13.57894736843,YZ,MW
2047-12-27 15:00:00,CE,charging,10.44210526316,YZ,MW
2047-12-28 16:00:00,NR,charging,12.399999999999999,YZ,MW
2047-12-29 17:00:00,SO,charging,9.789473684219999,YZ,MW
2047-12-30 18:00:00,CE,charging,12.80000000001,YZ,MW
2047-12-31 19:00:00,NR,charging,15.20000000001,YZ,MW
2048-01-01 20:00:00,SO,charging,12.000000000010001,YZ,MW
2048-01-02 21:00:00,CE,charging,18.86315789475,YZ,MW
2048-01-03 22:00:00,NR,charging,22.40000000002,YZ,MW
2048-01-04 23:00:00,SO,charging,17.684210526330002,YZ,MW
2045-01-01 00:00:00,CE,load,1721.4,YZ,MW
2045-01-02 01:00:00,NR,load,834.58,YZ,MW
2045-01-03 02:00:00,SO,load,463.61,YZ,MW
2045-01-04 03:00:00,CE,load,1808.0400000000002,YZ,MW
2045-01-05 04:00:00,NR,load,878.2800000000001,YZ,MW
2045-01-06 05:00:00,SO,load,518.52,YZ,MW
2045-01-07 06:00:00,CE,load,1953.96,YZ,MW
2045-01-08 07:00:00,NR,load,951.8800000000001,YZ,MW
2045-01-09 08:00:00,SO,load,611.0,YZ,MW
2045-01-10 09:00:00,CE,load,1990.44,YZ,MW
2045-01-11 10:00:00,NR,load,970.28,YZ,MW
2045-01-12 11:00:00,SO,load,634.12,YZ,MW
2045-01-13 12:00:00,CE,load,2026.92,YZ,MW
2045-01-14 13:00:00,NR,load,988.6800000000001,YZ,MW
2045-01-15 14:00:00,SO,load,657.24,YZ,MW
2045-01-16 15:00:00,CE,load,1922.0400000000002,YZ,MW
2045-01-17 16:00:00,NR,load,935.7800000000001,YZ,MW
2045-01-18 17:00:00,SO,load,590.77,YZ,MW
2045-01-19 18:00:00,CE,load,1767.0000000000002,YZ,MW
2045-01-20 19:00:00,NR,load,857.58,YZ,MW
2045-01-21 20:00:00,SO,load,492.51000000000005,YZ,MW
2045-01-22 21:00:00,CE,load,2350.6800000000003,YZ,MW
2045-01-23 22:00:00,NR,load,1151.98,YZ,MW
2045-01-24 23:00:00,SO,load,862.4300000000001,YZ,MW
2045-01-26 00:00:00,CE,load,2455.5600000000004,YZ,MW
2045-01-27 01:00:00,NR,load,1204.88,YZ,MW
2045-01-28 02:00:00,SO,load,928.9000000000001,YZ,MW
2045-01-29 03:00:00,CE,load,2455.5600000000004,YZ,MW
2045-01-30 04:00:00,NR,load,1204.88,YZ,MW
2045-01-31 05:00:00,SO,load,928.9000000000001,YZ,MW
2045-02-01 06:00:00,CE,load,2446.44,YZ,MW
2045-02-02 07:00:00,NR,load,1200.28,YZ,MW
2045-02-03 08:00:00,SO,load,923.12,YZ,MW
2045-02-04 09:00:00,CE,load,2409.96,YZ,MW
2045-02-05 10:00:00,NR,load,1181.88,YZ,MW
2045-02-06 11:00:00,SO,load,900.0,YZ,MW
2045-02-07 12:00:00,CE,load,2086.2000000000003,YZ,MW
2045-02-08 13:00:00,NR,load,1018.58,YZ,MW
2045-02-09 14:00:00,SO,load,694.8100000000001,YZ,MW
2045-02-10 15:00:00,CE,load,1922.0400000000002,YZ,MW
2045-02-11 16:00:00,NR,load,935.7800000000001,YZ,MW
2045-02-12 17:00:00,SO,load,590.77,YZ,MW
2045-02-13 18:00:00,CE,load,2473.8,YZ,MW
2045-02-14 19:00:00,NR,load,1214.08,YZ,MW
2045-02-15 20:00:00,SO,load,940.46,YZ,MW
2045-02-16 21:00:00,CE,load,2565.0,YZ,MW
2045-02-17 22:00:00,NR,load,1260.08,YZ,MW
2045-02-18 23:00:00,SO,load,998.26,YZ,MW
2045-02-20 00:00:00,CE,load,2578.6800000000003,YZ,MW
2045-02-21 01:00:00,NR,load,1266.98,YZ,MW
2045-02-22 02:00:00,SO,load,1006.9300000000001,YZ,MW
2045-02-23 03:00:00,CE,load,2492.04,YZ,MW
2045-02-24 04:00:00,NR,load,1223.28,YZ,MW
2045-02-25 05:00:00,SO,load,952.02,YZ,MW
2045-02-26 06:00:00,CE,load,2364.36,YZ,MW
2045-02-27 07:00:00,NR,load,1158.88,YZ,MW
2045-02-28 08:00:00,SO,load,871.1,YZ,MW
2045-03-01 09:00:00,CE,load,1958.5200000000002,YZ,MW
2045-03-02 10:00:00,NR,load,954.1800000000001,YZ,MW
2045-03-03 11:00:00,SO,load,613.8900000000001,YZ,MW
2045-03-04 12:00:00,CE,load,1858.2,YZ,MW
2045-03-05 13:00:00,NR,load,903.58,YZ,MW
2045-03-06 14:00:00,SO,load,550.3100000000001,YZ,MW
2045-03-07 15:00:00,CE,load,2191.08,YZ,MW
2045-03-08 16:00:00,NR,load,1071.48,YZ,MW
2045-03-09 17:00:00,SO,load,761.28,YZ,MW
2045-03-10 18:00:00,CE,load,2209.32,YZ,MW
2045-03-11 19:00:00,NR,load,1080.68,YZ,MW
2045-03-12 20:00:00,SO,load,772.84,YZ,MW
2045-03-13 21:00:00,CE,load,2163.7200000000003,YZ,MW
2045-03-14 22:00:00,NR,load,1057.68,YZ,MW
2045-03-15 23:00:00,SO,load,743.94,YZ,MW
2045-03-17 00:00:00,CE,load,2127.2400000000002,YZ,MW
2045-03-18 01:00:00,NR,load,1039.28,YZ,MW
2045-03-19 02:00:00,SO,load,720.8199999999999,YZ,MW
2045-03-20 03:00:00,CE,load,2022.3600000000001,YZ,MW
2045-03-21 04:00:00,NR,load,986.3800000000001,YZ,MW
2045-03-22 05:00:00,SO,load,654.35,YZ,MW
2045-03-23 06:00:00,CE,load,1785.2400000000002,YZ,MW
2045-03-24 07:00:00,NR,load,866.7800000000001,YZ,MW
2045-03-25 08:00:00,SO,load,504.07000000000005,YZ,MW
2045-03-26 09:00:00,CE,load,1953.96,YZ,MW
2045-03-27 10:00:00,NR,load,951.8800000000001,YZ,MW
2045-03-28 11:00:00,SO,load,611.0,YZ,MW
2045-03-29 12:00:00,CE,load,2127.2400000000002,YZ,MW
2045-03-30 13:00:00,NR,load,1039.28,YZ,MW
2045-03-31 14:00:00,SO,load,720.8199999999999,YZ,MW
2045-04-01 15:00:00,CE,load,2291.4,YZ,MW
2045-04-02 16:00:00,NR,load,1122.08,YZ,MW
2045-04-03 17:00:00,SO,load,824.86,YZ,MW
2045-04-04 18:00:00,CE,load,2460.12,YZ,MW
2045-04-05 19:00:00,NR,load,1207.18,YZ,MW
2045-04-06 20:00:00,SO,load,931.79,YZ,MW
2045-04-07 21:00:00,CE,load,2428.2000000000003,YZ,MW
2045-04-08 22:00:00,NR,load,1191.0800000000002,YZ,MW
2045-04-09 23:00:00,SO,load,911.5600000000001,YZ,MW
2045-04-11 00:00:00,CE,load,2049.7200000000003,YZ,MW
2045-04-12 01:00:00,NR,load,1000.1800000000001,YZ,MW
2045-04-13 02:00:00,SO,load,671.69,YZ,MW
2045-04-14 03:00:00,CE,load,1817.16,YZ,MW
2045-04-15 04:00:00,NR,load,882.88,YZ,MW
2045-04-16 05:00:00,SO,load,524.3000000000001,YZ,MW
2045-04-17 06:00:00,CE,load,2391.7200000000003,YZ,MW
2045-04-18 07:00:00,NR,load,1172.68,YZ,MW
2045-04-19 08:00:00,SO,load,888.44,YZ,MW
2045-04-20 09:00:00,CE,load,2473.8,YZ,MW
2045-04-21 10:00:00,NR,load,1214.08,YZ,MW
2045-04-22 11:00:00,SO,load,940.46,YZ,MW
2045-04-23 12:00:00,CE,load,2501.16,YZ,MW
2045-04-24 13:00:00,NR,load,1227.88,YZ,MW
2045-04-25 14:00:00,SO,load,957.8,YZ,MW
2045-04-26 15:00:00,CE,load,2510.28,YZ,MW
2045-04-27 16:00:00,NR,load,1232.48,YZ,MW
2045-04-28 17:00:00,SO,load,963.5799999999999,YZ,MW
2045-04-29 18:00:00,CE,load,2501.16,YZ,MW
2045-04-30 19:00:00,NR,load,1227.88,YZ,MW
2045-05-01 20:00:00,SO,load,957.8,YZ,MW
2045-05-02 21:00:00,CE,load,2063.4,YZ,MW
2045-05-03 22:00:00,NR,load,1007.08,YZ,MW
2045-05-04 23:00:00,SO,load,680.36,YZ,MW
2045-05-06 00:00:00,CE,load,1908.3600000000001,YZ,MW
2045-05-07 01:00:00,NR,load,928.88,YZ,MW
2045-05-08 02:00:00,SO,load,582.1,YZ,MW
2045-05-09 03:00:00,CE,load,2387.1600000000003,YZ,MW
2045-05-10 04:00:00,NR,load,1170.38,YZ,MW
2045-05-11 05:00:00,SO,load,885.5500000000001,YZ,MW
2045-05-12 06:00:00,CE,load,2423.6400000000003,YZ,MW
2045-05-13 07:00:00,NR,load,1188.78,YZ,MW
2045-05-14 08:00:00,SO,load,908.6700000000001,YZ,MW
2045-05-15 09:00:00,CE,load,2368.92,YZ,MW
2045-05-16 10:00:00,NR,load,1161.18,YZ,MW
2045-05-17 11:00:00,SO,load,873.99,YZ,MW
2045-05-18 12:00:00,CE,load,2268.6000000000004,YZ,MW
2045-05-19 13:00:00,NR,load,1110.58,YZ,MW
2045-05-20 14:00:00,SO,load,810.4100000000001,YZ,MW
2045-05-21 15:00:00,CE,load,2186.52,YZ,MW
2045-05-22 16:00:00,NR,load,1069.18,YZ,MW
2045-05-23 17:00:00,SO,load,758.3900000000001,YZ,MW
2045-05-24 18:00:00,CE,load,1881.0000000000002,YZ,MW
2045-05-25 19:00:00,NR,load,915.08,YZ,MW
2045-05-26 20:00:00,SO,load,564.76,YZ,MW
2045-05-27 21:00:00,CE,load,1853.64,YZ,MW
2045-05-28 22:00:00,NR,load,901.2800000000001,YZ,MW
2045-05-29 23:00:00,SO,load,547.4200000000001,YZ,MW
2045-05-31 00:00:00,CE,load,2109.0,YZ,MW
2045-06-01 01:00:00,NR,load,1030.08,YZ,MW
2045-06-02 02:00:00,SO,load,709.26,YZ,MW
2045-06-03 03:00:00,CE,load,2118.12,YZ,MW
2045-06-04 04:00:00,NR,load,1034.68,YZ,MW
2045-06-05 05:00:00,SO,load,715.04,YZ,MW
2045-06-06 06:00:00,CE,load,2090.76,YZ,MW
2045-06-07 07:00:00,NR,load,1020.8800000000001,YZ,MW
2045-06-08 08:00:00,SO,load,697.7,YZ,MW
2045-06-09 09:00:00,CE,load,2058.84,YZ,MW
2045-06-10 10:00:00,NR,load,1004.78,YZ,MW
2045-06-11 11:00:00,SO,load,677.47,YZ,MW
2045-06-12 12:00:00,CE,load,1958.5200000000002,YZ,MW
2045-06-13 13:00:00,NR,load,954.1800000000001,YZ,MW
2045-06-14 14:00:00,SO,load,613.8900000000001,YZ,MW
2045-06-15 15:00:00,CE,load,1767.0000000000002,YZ,MW
2045-06-16 16:00:00,NR,load,857.58,YZ,MW
2045-06-17 17:00:00,SO,load,492.51000000000005,YZ,MW
2045-06-18 18:00:00,CE,load,2346.1200000000003,YZ,MW
2045-06-19 19:00:00,NR,load,1149.68,YZ,MW
2045-06-20 20:00:00,SO,load,859.5400000000001,YZ,MW
2045-06-21 21:00:00,CE,load,2505.7200000000003,YZ,MW
2045-06-22 22:00:00,NR,load,1230.18,YZ,MW
2045-06-23 23:00:00,SO,load,960.69,YZ,MW
2045-06-25 00:00:00,CE,load,2496.6000000000004,YZ,MW
2045-06-26 01:00:00,NR,load,1225.58,YZ,MW
2045-06-27 02:00:00,SO,load,954.9100000000001,YZ,MW
2045-06-28 03:00:00,CE,load,2469.2400000000002,YZ,MW
2045-06-29 04:00:00,NR,load,1211.78,YZ,MW
2045-06-30 05:00:00,SO,load,937.5699999999999,YZ,MW
2045-07-01 06:00:00,CE,load,2400.84,YZ,MW
2045-07-02 07:00:00,NR,load,1177.28,YZ,MW
2045-07-03 08:00:00,SO,load,894.22,YZ,MW
2045-07-04 09:00:00,CE,load,2118.12,YZ,MW
2045-07-05 10:00:00,NR,load,1034.68,YZ,MW
2045-07-06 11:00:00,SO,load,715.04,YZ,MW
2045-07-07 12:00:00,CE,load,1926.6000000000001,YZ,MW
2045-07-08 13:00:00,NR,load,938.08,YZ,MW
2045-07-09 14:00:00,SO,load,593.6600000000001,YZ,MW
2045-07-10 15:00:00,CE,load,2432.76,YZ,MW
2045-07-11 16:00:00,NR,load,1193.38,YZ,MW
2045-07-12 17:00:00,SO,load,914.45,YZ,MW
2045-07-13 18:00:00,CE,load,2546.76,YZ,MW
2045-07-14 19:00:00,NR,load,1250.88,YZ,MW
2045-07-15 20:00:00,SO,load,986.7,YZ,MW
2045-07-16 21:00:00,CE,load,2596.92,YZ,MW
2045-07-17 22:00:00,NR,load,1276.18,YZ,MW
2045-07-18 23:00:00,SO,load,1018.49,YZ,MW
2045-07-20 00:00:00,CE,load,2592.36,YZ,MW
2045-07-21 01:00:00,NR,load,1273.88,YZ,MW
2045-07-22 02:00:00,SO,load,1015.5999999999999,YZ,MW
2045-07-23 03:00:00,CE,load,2441.88,YZ,MW
2045-07-24 04:00:00,NR,load,1197.98,YZ,MW
2045-07-25 05:00:00,SO,load,920.23,YZ,MW
2045-07-26 06:00:00,CE,load,2036.0400000000002,YZ,MW
2045-07-27 07:00:00,NR,load,993.28,YZ,MW
2045-07-28 08:00:00,SO,load,663.02,YZ,MW
2045-07-29 09:00:00,CE,load,1908.3600000000001,YZ,MW
2045-07-30 10:00:00,NR,load,928.88,YZ,MW
2045-07-31 11:00:00,SO,load,582.1,YZ,MW
2045-08-01 12:00:00,CE,load,2250.36,YZ,MW
2045-08-02 13:00:00,NR,load,1101.38,YZ,MW
2045-08-03 14:00:00,SO,load,798.85,YZ,MW
2045-08-04 15:00:00,CE,load,2250.36,YZ,MW
2045-08-05 16:00:00,NR,load,1101.38,YZ,MW
2045-08-06 17:00:00,SO,load,798.85,YZ,MW
2045-08-07 18:00:00,CE,load,2232.12,YZ,MW
2045-08-08 19:00:00,NR,load,1092.18,YZ,MW
2045-08-09 20:00:00,SO,load,787.29,YZ,MW
2045-08-10 21:00:00,CE,load,2181.96,YZ,MW
2045-08-11 22:00:00,NR,load,1066.88,YZ,MW
2045-08-12 23:00:00,SO,load,755.5,YZ,MW
2045-08-14 00:00:00,CE,load,2058.84,YZ,MW
2045-08-15 01:00:00,NR,load,1004.78,YZ,MW
2045-08-16 02:00:00,SO,load,677.47,YZ,MW
2045-08-17 03:00:00,CE,load,1812.6000000000001,YZ,MW
2045-08-18 04:00:00,NR,load,880.58,YZ,MW
2045-08-19 05:00:00,SO,load,521.4100000000001,YZ,MW
2045-08-20 06:00:00,CE,load,1899.2400000000002,YZ,MW
2045-08-21 07:00:00,NR,load,924.2800000000001,YZ,MW
2045-08-22 08:00:00,SO,load,576.32,YZ,MW
2045-08-23 09:00:00,CE,load,2081.6400000000003,YZ,MW
2045-08-24 10:00:00,NR,load,1016.28,YZ,MW
2045-08-25 11:00:00,SO,load,691.9200000000001,YZ,MW
2045-08-26 12:00:00,CE,load,2154.6000000000004,YZ,MW
2045-08-27 13:00:00,NR,load,1053.08,YZ,MW
2045-08-28 14:00:00,SO,load,738.1600000000001,YZ,MW
2045-08-29 15:00:00,CE,load,2332.44,YZ,MW
2045-08-30 16:00:00,NR,load,1142.78,YZ,MW
2045-08-31 17:00:00,SO,load,850.87,YZ,MW
2045-09-01 18:00:00,CE,load,2464.6800000000003,YZ,MW
2045-09-02 19:00:00,NR,load,1209.48,YZ,MW
2045-09-03 20:00:00,SO,load,934.6800000000001,YZ,MW
2045-09-04 21:00:00,CE,load,2109.0,YZ,MW
2045-09-05 22:00:00,NR,load,1030.08,YZ,MW
2045-09-06 23:00:00,SO,load,709.26,YZ,MW
2045-09-08 00:00:00,CE,load,1826.2800000000002,YZ,MW
2045-09-09 01:00:00,NR,load,887.48,YZ,MW
2045-09-10 02:00:00,SO,load,530.08,YZ,MW
2045-09-11 03:00:00,CE,load,2441.88,YZ,MW
2045-09-12 04:00:00,NR,load,1197.98,YZ,MW
2045-09-13 05:00:00,SO,load,920.23,YZ,MW
2045-09-14 06:00:00,CE,load,2519.4,YZ,MW
2045-09-15 07:00:00,NR,load,1237.08,YZ,MW
2045-09-16 08:00:00,SO,load,969.3600000000001,YZ,MW
2045-09-17 09:00:00,CE,load,2542.2000000000003,YZ,MW
2045-09-18 10:00:00,NR,load,1248.58,YZ,MW
2045-09-19 11:00:00,SO,load,983.81,YZ,MW
2045-09-20 12:00:00,CE,load,2523.96,YZ,MW
2045-09-21 13:00:00,NR,load,1239.38,YZ,MW
2045-09-22 14:00:00,SO,load,972.25,YZ,MW
2045-09-23 15:00:00,CE,load,2004.1200000000001,YZ,MW
2045-09-24 16:00:00,NR,load,977.1800000000001,YZ,MW
2045-09-25 17:00:00,SO,load,642.79,YZ,MW
2045-09-26 18:00:00,CE,load,2063.4,YZ,MW
2045-09-27 19:00:00,NR,load,1007.08,YZ,MW
2045-09-28 20:00:00,SO,load,680.36,YZ,MW
2045-09-29 21:00:00,CE,load,1912.92,YZ,MW
2045-09-30 22:00:00,NR,load,931.1800000000001,YZ,MW
2045-10-01 23:00:00,SO,load,584.99,YZ,MW
2045-10-03 00:00:00,CE,load,2008.68,YZ,MW
2045-10-04 01:00:00,NR,load,979.48,YZ,MW
2045-10-05 02:00:00,SO,load,645.6800000000001,YZ,MW
2045-10-06 03:00:00,CE,load,2478.36,YZ,MW
2045-10-07 04:00:00,NR,load,1216.38,YZ,MW
2045-10-08 05:00:00,SO,load,943.3500000000001,YZ,MW
2045-10-09 06:00:00,CE,load,2492.04,YZ,MW
2045-10-10 07:00:00,NR,load,1223.28,YZ,MW
2045-10-11 08:00:00,SO,load,952.02,YZ,MW
2045-10-12 09:00:00,CE,load,2405.4,YZ,MW
2045-10-13 10:00:00,NR,load,1179.58,YZ,MW
2045-10-14 11:00:00,SO,load,897.11,YZ,MW
2045-10-15 12:00:00,CE,load,2282.28,YZ,MW
2045-10-16 13:00:00,NR,load,1117.48,YZ,MW
2045-10-17 14:00:00,SO,load,819.0799999999999,YZ,MW
2045-10-18 15:00:00,CE,load,1953.96,YZ,MW
2045-10-19 16:00:00,NR,load,951.8800000000001,YZ,MW
2045-10-20 17:00:00,SO,load,611.0,YZ,MW
2045-10-21 18:00:00,CE,load,1881.0000000000002,YZ,MW
2045-10-22 19:00:00,NR,load,915.08,YZ,MW
2045-10-23 20:00:00,SO,load,564.76,YZ,MW
2045-10-24 21:00:00,CE,load,2154.6000000000004,YZ,MW
2045-10-25 22:00:00,NR,load,1053.08,YZ,MW
2045-10-26 23:00:00,SO,load,738.1600000000001,YZ,MW
2045-10-28 00:00:00,CE,load,2154.6000000000004,YZ,MW
2045-10-29 01:00:00,NR,load,1053.08,YZ,MW
2045-10-30 02:00:00,SO,load,738.1600000000001,YZ,MW
2045-10-31 03:00:00,CE,load,2136.36,YZ,MW
2045-11-01 04:00:00,NR,load,1043.88,YZ,MW
2045-11-02 05:00:00,SO,load,726.6,YZ,MW
2045-11-03 06:00:00,CE,load,2095.32,YZ,MW
2045-11-04 07:00:00,NR,load,1023.1800000000001,YZ,MW
2045-11-05 08:00:00,SO,load,700.59,YZ,MW
2045-11-06 09:00:00,CE,load,1972.2000000000003,YZ,MW
2045-11-07 10:00:00,NR,load,961.08,YZ,MW
2045-11-08 11:00:00,SO,load,622.5600000000001,YZ,MW
2045-11-09 12:00:00,CE,load,1776.1200000000001,YZ,MW
2045-11-10 13:00:00,NR,load,862.1800000000001,YZ,MW
2045-11-11 14:00:00,SO,load,498.29,YZ,MW
2045-11-12 15:00:00,CE,load,2254.92,YZ,MW
2045-11-13 16:00:00,NR,load,1103.68,YZ,MW
2045-11-14 17:00:00,SO,load,801.74,YZ,MW
2045-11-15 18:00:00,CE,load,2551.32,YZ,MW
2045-11-16 19:00:00,NR,load,1253.18,YZ,MW
2045-11-17 20:00:00,SO,load,989.5899999999999,YZ,MW
2045-11-18 21:00:00,CE,load,2592.36,YZ,MW
2045-11-19 22:00:00,NR,load,1273.88,YZ,MW
2045-11-20 23:00:00,SO,load,1015.5999999999999,YZ,MW
2045-11-22 00:00:00,CE,load,2560.44,YZ,MW
2045-11-23 01:00:00,NR,load,1257.7800000000002,YZ,MW
2045-11-24 02:00:00,SO,load,995.3700000000001,YZ,MW
2045-11-25 03:00:00,CE,load,2478.36,YZ,MW
2045-11-26 04:00:00,NR,load,1216.38,YZ,MW
2045-11-27 05:00:00,SO,load,943.3500000000001,YZ,MW
2045-11-28 06:00:00,CE,load,2159.1600000000003,YZ,MW
2045-11-29 07:00:00,NR,load,1055.38,YZ,MW
2045-11-30 08:00:00,SO,load,741.05,YZ,MW
2045-12-01 09:00:00,CE,load,1944.8400000000001,YZ,MW
2045-12-02 10:00:00,NR,load,947.28,YZ,MW
2045-12-03 11:00:00,SO,load,605.22,YZ,MW
2045-12-04 12:00:00,CE,load,2478.36,YZ,MW
2045-12-05 13:00:00,NR,load,1216.38,YZ,MW
2045-12-06 14:00:00,SO,load,943.3500000000001,YZ,MW
2045-12-07 15:00:00,CE,load,2569.5600000000004,YZ,MW
2045-12-08 16:00:00,NR,load,1262.38,YZ,MW
2045-12-09 17:00:00,SO,load,1001.1500000000001,YZ,MW
2045-12-10 18:00:00,CE,load,2624.28,YZ,MW
2045-12-11 19:00:00,NR,load,1289.98,YZ,MW
2045-12-12 20:00:00,SO,load,1035.83,YZ,MW
2045-12-13 21:00:00,CE,load,2624.28,YZ,MW
2045-12-14 22:00:00,NR,load,1289.98,YZ,MW
2045-12-15 23:00:00,SO,load,1035.83,YZ,MW
2045-12-17 00:00:00,CE,load,2523.96,YZ,MW
2045-12-18 01:00:00,NR,load,1239.38,YZ,MW
2045-12-19 02:00:00,SO,load,972.25,YZ,MW
2045-12-20 03:00:00,CE,load,2090.76,YZ,MW
2045-12-21 04:00:00,NR,load,1020.8800000000001,YZ,MW
2045-12-22 05:00:00,SO,load,697.7,YZ,MW
2045-12-23 06:00:00,CE,load,1958.5200000000002,YZ,MW
2045-12-24 07:00:00,NR,load,954.1800000000001,YZ,MW
2045-12-25 08:00:00,SO,load,613.8900000000001,YZ,MW
2045-12-26 09:00:00,CE,load,2245.8,YZ,MW
2045-12-27 10:00:00,NR,load,1099.08,YZ,MW
2045-12-28 11:00:00,SO,load,795.96,YZ,MW
2045-12-29 12:00:00,CE,load,1899.2400000000002,YZ,MW
2045-12-30 13:00:00,NR,load,924.2800000000001,YZ,MW
2045-12-31 14:00:00,SO,load,576.32,YZ,MW
2046-01-01 15:00:00,CE,load,2236.6800000000003,YZ,MW
2046-01-02 16:00:00,NR,load,1094.48,YZ,MW
2046-01-03 17:00:00,SO,load,790.1800000000001,YZ,MW
2046-01-04 18:00:00,CE,load,2227.5600000000004,YZ,MW
2046-01-05 19:00:00,NR,load,1089.88,YZ,MW
2046-01-06 20:00:00,SO,load,784.4000000000001,YZ,MW
2046-01-07 21:00:00,CE,load,2127.2400000000002,YZ,MW
2046-01-08 22:00:00,NR,load,1039.28,YZ,MW
2046-01-09 23:00:00,SO,load,720.8199999999999,YZ,MW
2046-01-11 00:00:00,CE,load,1853.64,YZ,MW
2046-01-12 01:00:00,NR,load,901.2800000000001,YZ,MW
2046-01-13 02:00:00,SO,load,547.4200000000001,YZ,MW
2046-01-14 03:00:00,CE,load,1899.2400000000002,YZ,MW
2046-01-15 04:00:00,NR,load,924.2800000000001,YZ,MW
2046-01-16 05:00:00,SO,load,576.32,YZ,MW
2046-01-17 06:00:00,CE,load,2099.88,YZ,MW
2046-01-18 07:00:00,NR,load,1025.48,YZ,MW
2046-01-19 08:00:00,SO,load,703.48,YZ,MW
2046-01-20 09:00:00,CE,load,2118.12,YZ,MW
2046-01-21 10:00:00,NR,load,1034.68,YZ,MW
2046-01-22 11:00:00,SO,load,715.04,YZ,MW
2046-01-23 12:00:00,CE,load,1949.4,YZ,MW
2046-01-24 13:00:00,NR,load,949.58,YZ,MW
2046-01-25 14:00:00,SO,load,608.11,YZ,MW
2046-01-26 15:00:00,CE,load,2241.2400000000002,YZ,MW
2046-01-27 16:00:00,NR,load,1096.78,YZ,MW
2046-01-28 17:00:00,SO,load,793.07,YZ,MW
2046-01-29 18:00:00,CE,load,2036.0400000000002,YZ,MW
2046-01-30 19:00:00,NR,load,993.28,YZ,MW
2046-01-31 20:00:00,SO,load,663.02,YZ,MW
2046-02-01 21:00:00,CE,load,1798.92,YZ,MW
2046-02-02 22:00:00,NR,load,873.6800000000001,YZ,MW
2046-02-03 23:00:00,SO,load,512.74,YZ,MW
2046-02-05 00:00:00,CE,load,2451.0,YZ,MW
2046-02-06 01:00:00,NR,load,1202.58,YZ,MW
2046-02-07 02:00:00,SO,load,926.01,YZ,MW
2046-02-08 03:00:00,CE,load,2560.44,YZ,MW
2046-02-09 04:00:00,NR,load,1257.7800000000002,YZ,MW
2046-02-10 05:00:00,SO,load,995.3700000000001,YZ,MW
2046-02-11 06:00:00,CE,load,2546.76,YZ,MW
2046-02-12 07:00:00,NR,load,1250.88,YZ,MW
2046-02-13 08:00:00,SO,load,986.7,YZ,MW
2046-02-14 09:00:00,CE,load,2537.6400000000003,YZ,MW
2046-02-15 10:00:00,NR,load,1246.28,YZ,MW
2046-02-16 11:00:00,SO,load,980.9200000000001,YZ,MW
2046-02-17 12:00:00,CE,load,2546.76,YZ,MW
2046-02-18 13:00:00,NR,load,1250.88,YZ,MW
2046-02-19 14:00:00,SO,load,986.7,YZ,MW
2046-02-20 15:00:00,CE,load,2168.28,YZ,MW
2046-02-21 16:00:00,NR,load,1059.98,YZ,MW
2046-02-22 17:00:00,SO,load,746.83,YZ,MW
2046-02-23 18:00:00,CE,load,1935.72,YZ,MW
2046-02-24 19:00:00,NR,load,942.6800000000001,YZ,MW
2046-02-25 20:00:00,SO,load,599.44,YZ,MW
2046-02-26 21:00:00,CE,load,1990.44,YZ,MW
2046-02-27 22:00:00,NR,load,970.28,YZ,MW
2046-02-28 23:00:00,SO,load,634.12,YZ,MW
2046-03-02 00:00:00,CE,load,2555.88,YZ,MW
2046-03-03 01:00:00,NR,load,1255.48,YZ,MW
2046-03-04 02:00:00,SO,load,992.48,YZ,MW
2046-03-05 03:00:00,CE,load,2587.8,YZ,MW
2046-03-06 04:00:00,NR,load,1271.58,YZ,MW
2046-03-07 05:00:00,SO,load,1012.71,YZ,MW
2046-03-08 06:00:00,CE,load,2514.84,YZ,MW
2046-03-09 07:00:00,NR,load,1234.78,YZ,MW
2046-03-10 08:00:00,SO,load,966.47,YZ,MW
2046-03-11 09:00:00,CE,load,2341.5600000000004,YZ,MW
2046-03-12 10:00:00,NR,load,1147.38,YZ,MW
2046-03-13 11:00:00,SO,load,856.6500000000001,YZ,MW
2046-03-14 12:00:00,CE,load,1981.3200000000002,YZ,MW
2046-03-15 13:00:00,NR,load,965.6800000000001,YZ,MW
2046-03-16 14:00:00,SO,load,628.34,YZ,MW
2046-03-17 15:00:00,CE,load,1867.3200000000002,YZ,MW
2046-03-18 16:00:00,NR,load,908.1800000000001,YZ,MW
2046-03-19 17:00:00,SO,load,556.09,YZ,MW
2046-03-20 18:00:00,CE,load,2204.76,YZ,MW
2046-03-21 19:00:00,NR,load,1078.38,YZ,MW
2046-03-22 20:00:00,SO,load,769.95,YZ,MW
2046-03-23 21:00:00,CE,load,2204.76,YZ,MW
2046-03-24 22:00:00,NR,load,1078.38,YZ,MW
2046-03-25 23:00:00,SO,load,769.95,YZ,MW
2046-03-27 00:00:00,CE,load,2122.6800000000003,YZ,MW
2046-03-28 01:00:00,NR,load,1036.98,YZ,MW
2046-03-29 02:00:00,SO,load,717.9300000000001,YZ,MW
2046-03-30 03:00:00,CE,load,1981.3200000000002,YZ,MW
2046-03-31 04:00:00,NR,load,965.6800000000001,YZ,MW
2046-04-01 05:00:00,SO,load,628.34,YZ,MW
2046-04-02 06:00:00,CE,load,1995.0,YZ,MW
2046-04-03 07:00:00,NR,load,972.58,YZ,MW
2046-04-04 08:00:00,SO,load,637.01,YZ,MW
2046-04-05 09:00:00,CE,load,1789.8000000000002,YZ,MW
2046-04-06 10:00:00,NR,load,869.08,YZ,MW
2046-04-07 11:00:00,SO,load,506.96000000000004,YZ,MW
2046-04-08 12:00:00,CE,load,2081.6400000000003,YZ,MW
2046-04-09 13:00:00,NR,load,1016.28,YZ,MW
2046-04-10 14:00:00,SO,load,691.9200000000001,YZ,MW
2046-04-11 15:00:00,CE,load,2368.92,YZ,MW
2046-04-12 16:00:00,NR,load,1161.18,YZ,MW
2046-04-13 17:00:00,SO,load,873.99,YZ,MW
2046-04-14 18:00:00,CE,load,2560.44,YZ,MW
2046-04-15 19:00:00,NR,load,1257.7800000000002,YZ,MW
2046-04-16 20:00:00,SO,load,995.3700000000001,YZ,MW
2046-04-17 21:00:00,CE,load,2542.2000000000003,YZ,MW
2046-04-18 22:00:00,NR,load,1248.58,YZ,MW
2046-04-19 23:00:00,SO,load,983.81,YZ,MW
2046-04-21 00:00:00,CE,load,2574.12,YZ,MW
2046-04-22 01:00:00,NR,load,1264.68,YZ,MW
2046-04-23 02:00:00,SO,load,1004.04,YZ,MW
2046-04-24 03:00:00,CE,load,2492.04,YZ,MW
2046-04-25 04:00:00,NR,load,1223.28,YZ,MW
2046-04-26 05:00:00,SO,load,952.02,YZ,MW
2046-04-27 06:00:00,CE,load,2163.7200000000003,YZ,MW
2046-04-28 07:00:00,NR,load,1057.68,YZ,MW
2046-04-29 08:00:00,SO,load,743.94,YZ,MW
2046-04-30 09:00:00,CE,load,1931.16,YZ,MW
2046-05-01 10:00:00,NR,load,940.38,YZ,MW
2046-05-02 11:00:00,SO,load,596.55,YZ,MW
2046-05-03 12:00:00,CE,load,2455.5600000000004,YZ,MW
2046-05-04 13:00:00,NR,load,1204.88,YZ,MW
2046-05-05 14:00:00,SO,load,928.9000000000001,YZ,MW
2046-05-06 15:00:00,CE,load,2528.5200000000004,YZ,MW
2046-05-07 16:00:00,NR,load,1241.68,YZ,MW
2046-05-08 17:00:00,SO,load,975.1400000000001,YZ,MW
2046-05-09 18:00:00,CE,load,2565.0,YZ,MW
2046-05-10 19:00:00,NR,load,1260.08,YZ,MW
2046-05-11 20:00:00,SO,load,998.26,YZ,MW
2046-05-12 21:00:00,CE,load,2592.36,YZ,MW
2046-05-13 22:00:00,NR,load,1273.88,YZ,MW
2046-05-14 23:00:00,SO,load,1015.5999999999999,YZ,MW
2046-05-16 00:00:00,CE,load,2523.96,YZ,MW
2046-05-17 01:00:00,NR,load,1239.38,YZ,MW
2046-05-18 02:00:00,SO,load,972.25,YZ,MW
2046-05-19 03:00:00,CE,load,2086.2000000000003,YZ,MW
2046-05-20 04:00:00,NR,load,1018.58,YZ,MW
2046-05-21 05:00:00,SO,load,694.8100000000001,YZ,MW
2046-05-22 06:00:00,CE,load,1953.96,YZ,MW
2046-05-23 07:00:00,NR,load,951.8800000000001,YZ,MW
2046-05-24 08:00:00,SO,load,611.0,YZ,MW
2046-05-25 09:00:00,CE,load,2414.52,YZ,MW
2046-05-26 10:00:00,NR,load,1184.18,YZ,MW
2046-05-27 11:00:00,SO,load,902.89,YZ,MW
2046-05-28 12:00:00,CE,load,2378.04,YZ,MW
2046-05-29 13:00:00,NR,load,1165.78,YZ,MW
2046-05-30 14:00:00,SO,load,879.77,YZ,MW
2046-05-31 15:00:00,CE,load,2314.2000000000003,YZ,MW
2046-06-01 16:00:00,NR,load,1133.58,YZ,MW
2046-06-02 17:00:00,SO,load,839.31,YZ,MW
2046-06-03 18:00:00,CE,load,2264.04,YZ,MW
2046-06-04 19:00:00,NR,load,1108.28,YZ,MW
2046-06-05 20:00:00,SO,load,807.52,YZ,MW
2046-06-06 21:00:00,CE,load,2181.96,YZ,MW
2046-06-07 22:00:00,NR,load,1066.88,YZ,MW
2046-06-08 23:00:00,SO,load,755.5,YZ,MW
2046-06-10 00:00:00,CE,load,1885.5600000000002,YZ,MW
2046-06-11 01:00:00,NR,load,917.38,YZ,MW
2046-06-12 02:00:00,SO,load,567.65,YZ,MW
2046-06-13 03:00:00,CE,load,1890.1200000000001,YZ,MW
2046-06-14 04:00:00,NR,load,919.6800000000001,YZ,MW
2046-06-15 05:00:00,SO,load,570.54,YZ,MW
2046-06-16 06:00:00,CE,load,2104.44,YZ,MW
2046-06-17 07:00:00,NR,load,1027.78,YZ,MW
2046-06-18 08:00:00,SO,load,706.37,YZ,MW
2046-06-19 09:00:00,CE,load,2104.44,YZ,MW
2046-06-20 10:00:00,NR,load,1027.78,YZ,MW
2046-06-21 11:00:00,SO,load,706.37,YZ,MW
2046-06-22 12:00:00,CE,load,2109.0,YZ,MW
2046-06-23 13:00:00,NR,load,1030.08,YZ,MW
2046-06-24 14:00:00,SO,load,709.26,YZ,MW
2046-06-25 15:00:00,CE,load,2154.6000000000004,YZ,MW
2046-06-26 16:00:00,NR,load,1053.08,YZ,MW
2046-06-27 17:00:00,SO,load,738.1600000000001,YZ,MW
2046-06-28 18:00:00,CE,load,2013.2400000000002,YZ,MW
2046-06-29 19:00:00,NR,load,981.78,YZ,MW
2046-06-30 20:00:00,SO,load,648.57,YZ,MW
2046-07-01 21:00:00,CE,load,1798.92,YZ,MW
2046-07-02 22:00:00,NR,load,873.6800000000001,YZ,MW
2046-07-03 23:00:00,SO,load,512.74,YZ,MW
2046-07-05 00:00:00,CE,load,2446.44,YZ,MW
2046-07-06 01:00:00,NR,load,1200.28,YZ,MW
2046-07-07 02:00:00,SO,load,923.12,YZ,MW
2046-07-08 03:00:00,CE,load,2510.28,YZ,MW
2046-07-09 04:00:00,NR,load,1232.48,YZ,MW
2046-07-10 05:00:00,SO,load,963.5799999999999,YZ,MW
2046-07-11 06:00:00,CE,load,2519.4,YZ,MW
2046-07-12 07:00:00,NR,load,1237.08,YZ,MW
2046-07-13 08:00:00,SO,load,969.3600000000001,YZ,MW
2046-07-14 09:00:00,CE,load,2505.7200000000003,YZ,MW
2046-07-15 10:00:00,NR,load,1230.18,YZ,MW
2046-07-16 11:00:00,SO,load,960.69,YZ,MW
2046-07-17 12:00:00,CE,load,2482.92,YZ,MW
2046-07-18 13:00:00,NR,load,1218.68,YZ,MW
2046-07-19 14:00:00,SO,load,946.24,YZ,MW
2046-07-20 15:00:00,CE,load,2086.2000000000003,YZ,MW
2046-07-21 16:00:00,NR,load,1018.58,YZ,MW
2046-07-22 17:00:00,SO,load,694.8100000000001,YZ,MW
2046-07-23 18:00:00,CE,load,1990.44,YZ,MW
2046-07-24 19:00:00,NR,load,970.28,YZ,MW
2046-07-25 20:00:00,SO,load,634.12,YZ,MW
2046-07-26 21:00:00,CE,load,2482.92,YZ,MW
2046-07-27 22:00:00,NR,load,1218.68,YZ,MW
2046-07-28 23:00:00,SO,load,946.24,YZ,MW
2046-07-30 00:00:00,CE,load,2574.12,YZ,MW
2046-07-31 01:00:00,NR,load,1264.68,YZ,MW
2046-08-01 02:00:00,SO,load,1004.04,YZ,MW
2046-08-02 03:00:00,CE,load,2587.8,YZ,MW
2046-08-03 04:00:00,NR,load,1271.58,YZ,MW
2046-08-04 05:00:00,SO,load,1012.71,YZ,MW
2046-08-05 06:00:00,CE,load,2523.96,YZ,MW
2046-08-06 07:00:00,NR,load,1239.38,YZ,MW
2046-08-07 08:00:00,SO,load,972.25,YZ,MW
2046-08-08 09:00:00,CE,load,2378.04,YZ,MW
2046-08-09 10:00:00,NR,load,1165.78,YZ,MW
2046-08-10 11:00:00,SO,load,879.77,YZ,MW
2046-08-11 12:00:00,CE,load,1953.96,YZ,MW
2046-08-12 13:00:00,NR,load,951.8800000000001,YZ,MW
2046-08-13 14:00:00,SO,load,611.0,YZ,MW
2046-08-14 15:00:00,CE,load,1926.6000000000001,YZ,MW
2046-08-15 16:00:00,NR,load,938.08,YZ,MW
2046-08-16 17:00:00,SO,load,593.6600000000001,YZ,MW
2046-08-17 18:00:00,CE,load,2200.2000000000003,YZ,MW
2046-08-18 19:00:00,NR,load,1076.08,YZ,MW
2046-08-19 20:00:00,SO,load,767.0600000000001,YZ,MW
2046-08-20 21:00:00,CE,load,2213.88,YZ,MW
2046-08-21 22:00:00,NR,load,1082.98,YZ,MW
2046-08-22 23:00:00,SO,load,775.73,YZ,MW
2046-08-24 00:00:00,CE,load,2177.4,YZ,MW
2046-08-25 01:00:00,NR,load,1064.58,YZ,MW
2046-08-26 02:00:00,SO,load,752.61,YZ,MW
2046-08-27 03:00:00,CE,load,2136.36,YZ,MW
2046-08-28 04:00:00,NR,load,1043.88,YZ,MW
2046-08-29 05:00:00,SO,load,726.6,YZ,MW
2046-08-30 06:00:00,CE,load,2036.0400000000002,YZ,MW
2046-08-31 07:00:00,NR,load,993.28,YZ,MW
2046-09-01 08:00:00,SO,load,663.02,YZ,MW
2046-09-02 09:00:00,CE,load,1808.0400000000002,YZ,MW
2046-09-03 10:00:00,NR,load,878.2800000000001,YZ,MW
2046-09-04 11:00:00,SO,load,518.52,YZ,MW
2046-09-05 12:00:00,CE,load,1967.64,YZ,MW
2046-09-06 13:00:00,NR,load,958.78,YZ,MW
2046-09-07 14:00:00,SO,load,619.6700000000001,YZ,MW
2046-09-08 15:00:00,CE,load,2140.92,YZ,MW
2046-09-09 16:00:00,NR,load,1046.18,YZ,MW
2046-09-10 17:00:00,SO,load,729.49,YZ,MW
2046-09-11 18:00:00,CE,load,2314.2000000000003,YZ,MW
2046-09-12 19:00:00,NR,load,1133.58,YZ,MW
2046-09-13 20:00:00,SO,load,839.31,YZ,MW
2046-09-14 21:00:00,CE,load,2478.36,YZ,MW
2046-09-15 22:00:00,NR,load,1216.38,YZ,MW
2046-09-16 23:00:00,SO,load,943.3500000000001,YZ,MW
2046-09-18 00:00:00,CE,load,2437.32,YZ,MW
2046-09-19 01:00:00,NR,load,1195.68,YZ,MW
2046-09-20 02:00:00,SO,load,917.34,YZ,MW
2046-09-21 03:00:00,CE,load,2026.92,YZ,MW
2046-09-22 04:00:00,NR,load,988.6800000000001,YZ,MW
2046-09-23 05:00:00,SO,load,657.24,YZ,MW
2046-09-24 06:00:00,CE,load,1903.8000000000002,YZ,MW
2046-09-25 07:00:00,NR,load,926.58,YZ,MW
2046-09-26 08:00:00,SO,load,579.21,YZ,MW
2046-09-27 09:00:00,CE,load,2405.4,YZ,MW
2046-09-28 10:00:00,NR,load,1179.58,YZ,MW
2046-09-29 11:00:00,SO,load,897.11,YZ,MW
2046-09-30 12:00:00,CE,load,2460.12,YZ,MW
2046-10-01 13:00:00,NR,load,1207.18,YZ,MW
2046-10-02 14:00:00,SO,load,931.79,YZ,MW
2046-10-03 15:00:00,CE,load,2473.8,YZ,MW
2046-10-04 16:00:00,NR,load,1214.08,YZ,MW
2046-10-05 17:00:00,SO,load,940.46,YZ,MW
2046-10-06 18:00:00,CE,load,2478.36,YZ,MW
2046-10-07 19:00:00,NR,load,1216.38,YZ,MW
2046-10-08 20:00:00,SO,load,943.3500000000001,YZ,MW
2046-10-09 21:00:00,CE,load,2464.6800000000003,YZ,MW
2046-10-10 22:00:00,NR,load,1209.48,YZ,MW
2046-10-11 23:00:00,SO,load,934.6800000000001,YZ,MW
2046-10-13 00:00:00,CE,load,2040.6000000000001,YZ,MW
2046-10-14 01:00:00,NR,load,995.58,YZ,MW
2046-10-15 02:00:00,SO,load,665.91,YZ,MW
2046-10-16 03:00:00,CE,load,1990.44,YZ,MW
2046-10-17 04:00:00,NR,load,970.28,YZ,MW
2046-10-18 05:00:00,SO,load,634.12,YZ,MW
2046-10-19 06:00:00,CE,load,2432.76,YZ,MW
2046-10-20 07:00:00,NR,load,1193.38,YZ,MW
2046-10-21 08:00:00,SO,load,914.45,YZ,MW
2046-10-22 09:00:00,CE,load,2419.08,YZ,MW
2046-10-23 10:00:00,NR,load,1186.48,YZ,MW
2046-10-24 11:00:00,SO,load,905.78,YZ,MW
2046-10-25 12:00:00,CE,load,2341.5600000000004,YZ,MW
2046-10-26 13:00:00,NR,load,1147.38,YZ,MW
2046-10-27 14:00:00,SO,load,856.6500000000001,YZ,MW
2046-10-28 15:00:00,CE,load,2268.6000000000004,YZ,MW
2046-10-29 16:00:00,NR,load,1110.58,YZ,MW
2046-10-30 17:00:00,SO,load,810.4100000000001,YZ,MW
2046-10-31 18:00:00,CE,load,2191.08,YZ,MW
2046-11-01 19:00:00,NR,load,1071.48,YZ,MW
2046-11-02 20:00:00,SO,load,761.28,YZ,MW
2046-11-03 21:00:00,CE,load,1908.3600000000001,YZ,MW
2046-11-04 22:00:00,NR,load,928.88,YZ,MW
2046-11-05 23:00:00,SO,load,582.1,YZ,MW
2046-11-07 00:00:00,CE,load,1885.5600000000002,YZ,MW
2046-11-08 01:00:00,NR,load,917.38,YZ,MW
2046-11-09 02:00:00,SO,load,567.65,YZ,MW
2046-11-10 03:00:00,CE,load,2086.2000000000003,YZ,MW
2046-11-11 04:00:00,NR,load,1018.58,YZ,MW
2046-11-12 05:00:00,SO,load,694.8100000000001,YZ,MW
2046-11-13 06:00:00,CE,load,2072.52,YZ,MW
2046-11-14 07:00:00,NR,load,1011.6800000000001,YZ,MW
2046-11-15 08:00:00,SO,load,686.14,YZ,MW
2046-11-16 09:00:00,CE,load,2017.8000000000002,YZ,MW
2046-11-17 10:00:00,NR,load,984.08,YZ,MW
2046-11-18 11:00:00,SO,load,651.46,YZ,MW
2046-11-19 12:00:00,CE,load,2040.6000000000001,YZ,MW
2046-11-20 13:00:00,NR,load,995.58,YZ,MW
2046-11-21 14:00:00,SO,load,665.91,YZ,MW
2046-11-22 15:00:00,CE,load,1963.0800000000002,YZ,MW
2046-11-23 16:00:00,NR,load,956.48,YZ,MW
2046-11-24 17:00:00,SO,load,616.78,YZ,MW
2046-11-25 18:00:00,CE,load,1794.3600000000001,YZ,MW
2046-11-26 19:00:00,NR,load,871.38,YZ,MW
2046-11-27 20:00:00,SO,load,509.85,YZ,MW
2046-11-28 21:00:00,CE,load,2387.1600000000003,YZ,MW
2046-11-29 22:00:00,NR,load,1170.38,YZ,MW
2046-11-30 23:00:00,SO,load,885.5500000000001,YZ,MW
2046-12-02 00:00:00,CE,load,2510.28,YZ,MW
2046-12-03 01:00:00,NR,load,1232.48,YZ,MW
2046-12-04 02:00:00,SO,load,963.5799999999999,YZ,MW
2046-12-05 03:00:00,CE,load,2487.48,YZ,MW
2046-12-06 04:00:00,NR,load,1220.98,YZ,MW
2046-12-07 05:00:00,SO,load,949.1300000000001,YZ,MW
2046-12-08 06:00:00,CE,load,2496.6000000000004,YZ,MW
2046-12-09 07:00:00,NR,load,1225.58,YZ,MW
2046-12-10 08:00:00,SO,load,954.9100000000001,YZ,MW
2046-12-11 09:00:00,CE,load,2441.88,YZ,MW
2046-12-12 10:00:00,NR,load,1197.98,YZ,MW
2046-12-13 11:00:00,SO,load,920.23,YZ,MW
2046-12-14 12:00:00,CE,load,2095.32,YZ,MW
2046-12-15 13:00:00,NR,load,1023.1800000000001,YZ,MW
2046-12-16 14:00:00,SO,load,700.59,YZ,MW
2046-12-17 15:00:00,CE,load,1999.5600000000002,YZ,MW
2046-12-18 16:00:00,NR,load,974.8800000000001,YZ,MW
2046-12-19 17:00:00,SO,load,639.9000000000001,YZ,MW
2046-12-20 18:00:00,CE,load,2451.0,YZ,MW
2046-12-21 19:00:00,NR,load,1202.58,YZ,MW
2046-12-22 20:00:00,SO,load,926.01,YZ,MW
2046-12-23 21:00:00,CE,load,2533.08,YZ,MW
2046-12-24 22:00:00,NR,load,1243.98,YZ,MW
2046-12-25 23:00:00,SO,load,978.03,YZ,MW
2046-12-27 00:00:00,CE,load,2565.0,YZ,MW
2046-12-28 01:00:00,NR,load,1260.08,YZ,MW
2046-12-29 02:00:00,SO,load,998.26,YZ,MW
2046-12-30 03:00:00,CE,load,2555.88,YZ,MW
2046-12-31 04:00:00,NR,load,1255.48,YZ,MW
2047-01-01 05:00:00,SO,load,992.48,YZ,MW
2047-01-02 06:00:00,CE,load,2428.2000000000003,YZ,MW
2047-01-03 07:00:00,NR,load,1191.0800000000002,YZ,MW
2047-01-04 08:00:00,SO,load,911.5600000000001,YZ,MW
2047-01-05 09:00:00,CE,load,2054.28,YZ,MW
2047-01-06 10:00:00,NR,load,1002.48,YZ,MW
2047-01-07 11:00:00,SO,load,674.58,YZ,MW
2047-01-08 12:00:00,CE,load,1967.64,YZ,MW
2047-01-09 13:00:00,NR,load,958.78,YZ,MW
2047-01-10 14:00:00,SO,load,619.6700000000001,YZ,MW
2047-01-11 15:00:00,CE,load,2236.6800000000003,YZ,MW
2047-01-12 16:00:00,NR,load,1094.48,YZ,MW
2047-01-13 17:00:00,SO,load,790.1800000000001,YZ,MW
2047-01-14 18:00:00,CE,load,2241.2400000000002,YZ,MW
2047-01-15 19:00:00,NR,load,1096.78,YZ,MW
2047-01-16 20:00:00,SO,load,793.07,YZ,MW
2047-01-17 21:00:00,CE,load,2223.0,YZ,MW
2047-01-18 22:00:00,NR,load,1087.58,YZ,MW
2047-01-19 23:00:00,SO,load,781.51,YZ,MW
2047-01-21 00:00:00,CE,load,2172.84,YZ,MW
2047-01-22 01:00:00,NR,load,1062.28,YZ,MW
2047-01-23 02:00:00,SO,load,749.72,YZ,MW
2047-01-24 03:00:00,CE,load,2063.4,YZ,MW
2047-01-25 04:00:00,NR,load,1007.08,YZ,MW
2047-01-26 05:00:00,SO,load,680.36,YZ,MW
2047-01-27 06:00:00,CE,load,1826.2800000000002,YZ,MW
2047-01-28 07:00:00,NR,load,887.48,YZ,MW
2047-01-29 08:00:00,SO,load,530.08,YZ,MW
2047-01-30 09:00:00,CE,load,1912.92,YZ,MW
2047-01-31 10:00:00,NR,load,931.1800000000001,YZ,MW
2047-02-01 11:00:00,SO,load,584.99,YZ,MW
2047-02-02 12:00:00,CE,load,2090.76,YZ,MW
2047-02-03 13:00:00,NR,load,1020.8800000000001,YZ,MW
2047-02-04 14:00:00,SO,load,697.7,YZ,MW
2047-02-05 15:00:00,CE,load,2172.84,YZ,MW
2047-02-06 16:00:00,NR,load,1062.28,YZ,MW
2047-02-07 17:00:00,SO,load,749.72,YZ,MW
2047-02-08 18:00:00,CE,load,2337.0,YZ,MW
2047-02-09 19:00:00,NR,load,1145.08,YZ,MW
2047-02-10 20:00:00,SO,load,853.76,YZ,MW
2047-02-11 21:00:00,CE,load,2437.32,YZ,MW
2047-02-12 22:00:00,NR,load,1195.68,YZ,MW
2047-02-13 23:00:00,SO,load,917.34,YZ,MW
2047-02-15 00:00:00,CE,load,2077.08,YZ,MW
2047-02-16 01:00:00,NR,load,1013.98,YZ,MW
2047-02-17 02:00:00,SO,load,689.03,YZ,MW
2047-02-18 03:00:00,CE,load,1844.5200000000002,YZ,MW
2047-02-19 04:00:00,NR,load,896.6800000000001,YZ,MW
2047-02-20 05:00:00,SO,load,541.64,YZ,MW
2047-02-21 06:00:00,CE,load,2437.32,YZ,MW
2047-02-22 07:00:00,NR,load,1195.68,YZ,MW
2047-02-23 08:00:00,SO,load,917.34,YZ,MW
2047-02-24 09:00:00,CE,load,2505.7200000000003,YZ,MW
2047-02-25 10:00:00,NR,load,1230.18,YZ,MW
2047-02-26 11:00:00,SO,load,960.69,YZ,MW
2047-02-27 12:00:00,CE,load,2519.4,YZ,MW
2047-02-28 13:00:00,NR,load,1237.08,YZ,MW
2047-03-01 14:00:00,SO,load,969.3600000000001,YZ,MW
2047-03-02 15:00:00,CE,load,2519.4,YZ,MW
2047-03-03 16:00:00,NR,load,1237.08,YZ,MW
2047-03-04 17:00:00,SO,load,969.3600000000001,YZ,MW
2047-03-05 18:00:00,CE,load,2528.5200000000004,YZ,MW
2047-03-06 19:00:00,NR,load,1241.68,YZ,MW
2047-03-07 20:00:00,SO,load,975.1400000000001,YZ,MW
2047-03-08 21:00:00,CE,load,2140.92,YZ,MW
2047-03-09 22:00:00,NR,load,1046.18,YZ,MW
2047-03-10 23:00:00,SO,load,729.49,YZ,MW
2047-03-12 00:00:00,CE,load,1995.0,YZ,MW
2047-03-13 01:00:00,NR,load,972.58,YZ,MW
2047-03-14 02:00:00,SO,load,637.01,YZ,MW
2047-03-15 03:00:00,CE,load,2533.08,YZ,MW
2047-03-16 04:00:00,NR,load,1243.98,YZ,MW
2047-03-17 05:00:00,SO,load,978.03,YZ,MW
2047-03-18 06:00:00,CE,load,2565.0,YZ,MW
2047-03-19 07:00:00,NR,load,1260.08,YZ,MW
2047-03-20 08:00:00,SO,load,998.26,YZ,MW
2047-03-21 09:00:00,CE,load,2487.48,YZ,MW
2047-03-22 10:00:00,NR,load,1220.98,YZ,MW
2047-03-23 11:00:00,SO,load,949.1300000000001,YZ,MW
2047-03-24 12:00:00,CE,load,2432.76,YZ,MW
2047-03-25 13:00:00,NR,load,1193.38,YZ,MW
2047-03-26 14:00:00,SO,load,914.45,YZ,MW
2047-03-27 15:00:00,CE,load,2286.84,YZ,MW
2047-03-28 16:00:00,NR,load,1119.78,YZ,MW
2047-03-29 17:00:00,SO,load,821.97,YZ,MW
2047-03-30 18:00:00,CE,load,1940.2800000000002,YZ,MW
2047-03-31 19:00:00,NR,load,944.98,YZ,MW
2047-04-01 20:00:00,SO,load,602.33,YZ,MW
2047-04-02 21:00:00,CE,load,1881.0000000000002,YZ,MW
2047-04-03 22:00:00,NR,load,915.08,YZ,MW
2047-04-04 23:00:00,SO,load,564.76,YZ,MW
2047-04-06 00:00:00,CE,load,2150.04,YZ,MW
2047-04-07 01:00:00,NR,load,1050.78,YZ,MW
2047-04-08 02:00:00,SO,load,735.27,YZ,MW
2047-04-09 03:00:00,CE,load,2109.0,YZ,MW
2047-04-10 04:00:00,NR,load,1030.08,YZ,MW
2047-04-11 05:00:00,SO,load,709.26,YZ,MW
2047-04-12 06:00:00,CE,load,2008.68,YZ,MW
2047-04-13 07:00:00,NR,load,979.48,YZ,MW
2047-04-14 08:00:00,SO,load,645.6800000000001,YZ,MW
2047-04-15 09:00:00,CE,load,2113.5600000000004,YZ,MW
2047-04-16 10:00:00,NR,load,1032.38,YZ,MW
2047-04-17 11:00:00,SO,load,712.1500000000001,YZ,MW
2047-04-18 12:00:00,CE,load,1985.88,YZ,MW
2047-04-19 13:00:00,NR,load,967.98,YZ,MW
2047-04-20 14:00:00,SO,load,631.23,YZ,MW
2047-04-21 15:00:00,CE,load,1780.68,YZ,MW
2047-04-22 16:00:00,NR,load,864.48,YZ,MW
2047-04-23 17:00:00,SO,load,501.18,YZ,MW
2047-04-24 18:00:00,CE,load,2259.48,YZ,MW
2047-04-25 19:00:00,NR,load,1105.98,YZ,MW
2047-04-26 20:00:00,SO,load,804.6300000000001,YZ,MW
2047-04-27 21:00:00,CE,load,2519.4,YZ,MW
2047-04-28 22:00:00,NR,load,1237.08,YZ,MW
2047-04-29 23:00:00,SO,load,969.3600000000001,YZ,MW
2047-05-01 00:00:00,CE,load,2560.44,YZ,MW
2047-05-02 01:00:00,NR,load,1257.7800000000002,YZ,MW
2047-05-03 02:00:00,SO,load,995.3700000000001,YZ,MW
2047-05-04 03:00:00,CE,load,2537.6400000000003,YZ,MW
2047-05-05 04:00:00,NR,load,1246.28,YZ,MW
2047-05-06 05:00:00,SO,load,980.9200000000001,YZ,MW
2047-05-07 06:00:00,CE,load,2473.8,YZ,MW
2047-05-08 07:00:00,NR,load,1214.08,YZ,MW
2047-05-09 08:00:00,SO,load,940.46,YZ,MW
2047-05-10 09:00:00,CE,load,2181.96,YZ,MW
2047-05-11 10:00:00,NR,load,1066.88,YZ,MW
2047-05-12 11:00:00,SO,load,755.5,YZ,MW
2047-05-13 12:00:00,CE,load,1981.3200000000002,YZ,MW
2047-05-14 13:00:00,NR,load,965.6800000000001,YZ,MW
2047-05-15 14:00:00,SO,load,628.34,YZ,MW
2047-05-16 15:00:00,CE,load,2469.2400000000002,YZ,MW
2047-05-17 16:00:00,NR,load,1211.78,YZ,MW
2047-05-18 17:00:00,SO,load,937.5699999999999,YZ,MW
2047-05-19 18:00:00,CE,load,2555.88,YZ,MW
2047-05-20 19:00:00,NR,load,1255.48,YZ,MW
2047-05-21 20:00:00,SO,load,992.48,YZ,MW
2047-05-22 21:00:00,CE,load,2596.92,YZ,MW
2047-05-23 22:00:00,NR,load,1276.18,YZ,MW
2047-05-24 23:00:00,SO,load,1018.49,YZ,MW
2047-05-26 00:00:00,CE,load,2619.7200000000003,YZ,MW
2047-05-27 01:00:00,NR,load,1287.68,YZ,MW
2047-05-28 02:00:00,SO,load,1032.94,YZ,MW
2047-05-29 03:00:00,CE,load,2501.16,YZ,MW
2047-05-30 04:00:00,NR,load,1227.88,YZ,MW
2047-05-31 05:00:00,SO,load,957.8,YZ,MW
2047-06-01 06:00:00,CE,load,2086.2000000000003,YZ,MW
2047-06-02 07:00:00,NR,load,1018.58,YZ,MW
2047-06-03 08:00:00,SO,load,694.8100000000001,YZ,MW
2047-06-04 09:00:00,CE,load,1990.44,YZ,MW
2047-06-05 10:00:00,NR,load,970.28,YZ,MW
2047-06-06 11:00:00,SO,load,634.12,YZ,MW
2047-06-07 12:00:00,CE,load,2323.32,YZ,MW
2047-06-08 13:00:00,NR,load,1138.18,YZ,MW
2047-06-09 14:00:00,SO,load,845.09,YZ,MW
2047-06-10 15:00:00,CE,load,2309.6400000000003,YZ,MW
2047-06-11 16:00:00,NR,load,1131.28,YZ,MW
2047-06-12 17:00:00,SO,load,836.4200000000001,YZ,MW
2047-06-13 18:00:00,CE,load,2268.6000000000004,YZ,MW
2047-06-14 19:00:00,NR,load,1110.58,YZ,MW
2047-06-15 20:00:00,SO,load,810.4100000000001,YZ,MW
2047-06-16 21:00:00,CE,load,2236.6800000000003,YZ,MW
2047-06-17 22:00:00,NR,load,1094.48,YZ,MW
2047-06-18 23:00:00,SO,load,790.1800000000001,YZ,MW
2047-06-20 00:00:00,CE,load,2122.6800000000003,YZ,MW
2047-06-21 01:00:00,NR,load,1036.98,YZ,MW
2047-06-22 02:00:00,SO,load,717.9300000000001,YZ,MW
2047-06-23 03:00:00,CE,load,1844.5200000000002,YZ,MW
2047-06-24 04:00:00,NR,load,896.6800000000001,YZ,MW
2047-06-25 05:00:00,SO,load,541.64,YZ,MW
2047-06-26 06:00:00,CE,load,1894.68,YZ,MW
2047-06-27 07:00:00,NR,load,921.98,YZ,MW
2047-06-28 08:00:00,SO,load,573.4300000000001,YZ,MW
2047-06-29 09:00:00,CE,load,2090.76,YZ,MW
2047-06-30 10:00:00,NR,load,1020.8800000000001,YZ,MW
2047-07-01 11:00:00,SO,load,697.7,YZ,MW
2047-07-02 12:00:00,CE,load,2063.4,YZ,MW
2047-07-03 13:00:00,NR,load,1007.08,YZ,MW
2047-07-04 14:00:00,SO,load,680.36,YZ,MW
2047-07-05 15:00:00,CE,load,1949.4,YZ,MW
2047-07-06 16:00:00,NR,load,949.58,YZ,MW
2047-07-07 17:00:00,SO,load,608.11,YZ,MW
2047-07-08 18:00:00,CE,load,2227.5600000000004,YZ,MW
2047-07-09 19:00:00,NR,load,1089.88,YZ,MW
2047-07-10 20:00:00,SO,load,784.4000000000001,YZ,MW
2047-07-11 21:00:00,CE,load,1999.5600000000002,YZ,MW
2047-07-12 22:00:00,NR,load,974.8800000000001,YZ,MW
2047-07-13 23:00:00,SO,load,639.9000000000001,YZ,MW
2047-07-15 00:00:00,CE,load,1776.1200000000001,YZ,MW
2047-07-16 01:00:00,NR,load,862.1800000000001,YZ,MW
2047-07-17 02:00:00,SO,load,498.29,YZ,MW
2047-07-18 03:00:00,CE,load,2441.88,YZ,MW
2047-07-19 04:00:00,NR,load,1197.98,YZ,MW
2047-07-20 05:00:00,SO,load,920.23,YZ,MW
2047-07-21 06:00:00,CE,load,2537.6400000000003,YZ,MW
2047-07-22 07:00:00,NR,load,1246.28,YZ,MW
2047-07-23 08:00:00,SO,load,980.9200000000001,YZ,MW
2047-07-24 09:00:00,CE,load,2542.2000000000003,YZ,MW
2047-07-25 10:00:00,NR,load,1248.58,YZ,MW
2047-07-26 11:00:00,SO,load,983.81,YZ,MW
2047-07-27 12:00:00,CE,load,2537.6400000000003,YZ,MW
2047-07-28 13:00:00,NR,load,1246.28,YZ,MW
2047-07-29 14:00:00,SO,load,980.9200000000001,YZ,MW
2047-07-30 15:00:00,CE,load,2519.4,YZ,MW
2047-07-31 16:00:00,NR,load,1237.08,YZ,MW
2047-08-01 17:00:00,SO,load,969.3600000000001,YZ,MW
2047-08-02 18:00:00,CE,load,2122.6800000000003,YZ,MW
2047-08-03 19:00:00,NR,load,1036.98,YZ,MW
2047-08-04 20:00:00,SO,load,717.9300000000001,YZ,MW
2047-08-05 21:00:00,CE,load,1958.5200000000002,YZ,MW
2047-08-06 22:00:00,NR,load,954.1800000000001,YZ,MW
2047-08-07 23:00:00,SO,load,613.8900000000001,YZ,MW
2047-08-09 00:00:00,CE,load,2565.0,YZ,MW
2047-08-10 01:00:00,NR,load,1260.08,YZ,MW
2047-08-11 02:00:00,SO,load,998.26,YZ,MW
2047-08-12 03:00:00,CE,load,2624.28,YZ,MW
2047-08-13 04:00:00,NR,load,1289.98,YZ,MW
2047-08-14 05:00:00,SO,load,1035.83,YZ,MW
2047-08-15 06:00:00,CE,load,2569.5600000000004,YZ,MW
2047-08-16 07:00:00,NR,load,1262.38,YZ,MW
2047-08-17 08:00:00,SO,load,1001.1500000000001,YZ,MW
2047-08-18 09:00:00,CE,load,2478.36,YZ,MW
2047-08-19 10:00:00,NR,load,1216.38,YZ,MW
2047-08-20 11:00:00,SO,load,943.3500000000001,YZ,MW
2047-08-21 12:00:00,CE,load,2318.76,YZ,MW
2047-08-22 13:00:00,NR,load,1135.88,YZ,MW
2047-08-23 14:00:00,SO,load,842.2,YZ,MW
2047-08-24 15:00:00,CE,load,1935.72,YZ,MW
2047-08-25 16:00:00,NR,load,942.6800000000001,YZ,MW
2047-08-26 17:00:00,SO,load,599.44,YZ,MW
2047-08-27 18:00:00,CE,load,1844.5200000000002,YZ,MW
2047-08-28 19:00:00,NR,load,896.6800000000001,YZ,MW
2047-08-29 20:00:00,SO,load,541.64,YZ,MW
2047-08-30 21:00:00,CE,load,2200.2000000000003,YZ,MW
2047-08-31 22:00:00,NR,load,1076.08,YZ,MW
2047-09-01 23:00:00,SO,load,767.0600000000001,YZ,MW
2047-09-03 00:00:00,CE,load,2195.6400000000003,YZ,MW
2047-09-04 01:00:00,NR,load,1073.78,YZ,MW
2047-09-05 02:00:00,SO,load,764.1700000000001,YZ,MW
2047-09-06 03:00:00,CE,load,2159.1600000000003,YZ,MW
2047-09-07 04:00:00,NR,load,1055.38,YZ,MW
2047-09-08 05:00:00,SO,load,741.05,YZ,MW
2047-09-09 06:00:00,CE,load,2122.6800000000003,YZ,MW
2047-09-10 07:00:00,NR,load,1036.98,YZ,MW
2047-09-11 08:00:00,SO,load,717.9300000000001,YZ,MW
2047-09-12 09:00:00,CE,load,1990.44,YZ,MW
2047-09-13 10:00:00,NR,load,970.28,YZ,MW
2047-09-14 11:00:00,SO,load,634.12,YZ,MW
2047-09-15 12:00:00,CE,load,1776.1200000000001,YZ,MW
2047-09-16 13:00:00,NR,load,862.1800000000001,YZ,MW
2047-09-17 14:00:00,SO,load,498.29,YZ,MW
2047-09-18 15:00:00,CE,load,2072.52,YZ,MW
2047-09-19 16:00:00,NR,load,1011.6800000000001,YZ,MW
2047-09-20 17:00:00,SO,load,686.14,YZ,MW
2047-09-21 18:00:00,CE,load,2364.36,YZ,MW
2047-09-22 19:00:00,NR,load,1158.88,YZ,MW
2047-09-23 20:00:00,SO,load,871.1,YZ,MW
2047-09-24 21:00:00,CE,load,2546.76,YZ,MW
2047-09-25 22:00:00,NR,load,1250.88,YZ,MW
2047-09-26 23:00:00,SO,load,986.7,YZ,MW
2047-09-28 00:00:00,CE,load,2560.44,YZ,MW
2047-09-29 01:00:00,NR,load,1257.7800000000002,YZ,MW
2047-09-30 02:00:00,SO,load,995.3700000000001,YZ,MW
2047-10-01 03:00:00,CE,load,2482.92,YZ,MW
2047-10-02 04:00:00,NR,load,1218.68,YZ,MW
2047-10-03 05:00:00,SO,load,946.24,YZ,MW
2047-10-04 06:00:00,CE,load,2122.6800000000003,YZ,MW
2047-10-05 07:00:00,NR,load,1036.98,YZ,MW
2047-10-06 08:00:00,SO,load,717.9300000000001,YZ,MW
2047-10-07 09:00:00,CE,load,1881.0000000000002,YZ,MW
2047-10-08 10:00:00,NR,load,915.08,YZ,MW
2047-10-09 11:00:00,SO,load,564.76,YZ,MW
2047-10-10 12:00:00,CE,load,2464.6800000000003,YZ,MW
2047-10-11 13:00:00,NR,load,1209.48,YZ,MW
2047-10-12 14:00:00,SO,load,934.6800000000001,YZ,MW
2047-10-13 15:00:00,CE,load,2560.44,YZ,MW
2047-10-14 16:00:00,NR,load,1257.7800000000002,YZ,MW
2047-10-15 17:00:00,SO,load,995.3700000000001,YZ,MW
2047-10-16 18:00:00,CE,load,2578.6800000000003,YZ,MW
2047-10-17 19:00:00,NR,load,1266.98,YZ,MW
2047-10-18 20:00:00,SO,load,1006.9300000000001,YZ,MW
2047-10-19 21:00:00,CE,load,2610.6000000000004,YZ,MW
2047-10-20 22:00:00,NR,load,1283.08,YZ,MW
2047-10-21 23:00:00,SO,load,1027.16,YZ,MW
2047-10-23 00:00:00,CE,load,2537.6400000000003,YZ,MW
2047-10-24 01:00:00,NR,load,1246.28,YZ,MW
2047-10-25 02:00:00,SO,load,980.9200000000001,YZ,MW
2047-10-26 03:00:00,CE,load,2072.52,YZ,MW
2047-10-27 04:00:00,NR,load,1011.6800000000001,YZ,MW
2047-10-28 05:00:00,SO,load,686.14,YZ,MW
2047-10-29 06:00:00,CE,load,1958.5200000000002,YZ,MW
2047-10-30 07:00:00,NR,load,954.1800000000001,YZ,MW
2047-10-31 08:00:00,SO,load,613.8900000000001,YZ,MW
2047-11-01 09:00:00,CE,load,2423.6400000000003,YZ,MW
2047-11-02 10:00:00,NR,load,1188.78,YZ,MW
2047-11-03 11:00:00,SO,load,908.6700000000001,YZ,MW
2047-11-04 12:00:00,CE,load,2391.7200000000003,YZ,MW
2047-11-05 13:00:00,NR,load,1172.68,YZ,MW
2047-11-06 14:00:00,SO,load,888.44,YZ,MW
2047-11-07 15:00:00,CE,load,2332.44,YZ,MW
2047-11-08 16:00:00,NR,load,1142.78,YZ,MW
2047-11-09 17:00:00,SO,load,850.87,YZ,MW
2047-11-10 18:00:00,CE,load,2286.84,YZ,MW
2047-11-11 19:00:00,NR,load,1119.78,YZ,MW
2047-11-12 20:00:00,SO,load,821.97,YZ,MW
2047-11-13 21:00:00,CE,load,2195.6400000000003,YZ,MW
2047-11-14 22:00:00,NR,load,1073.78,YZ,MW
2047-11-15 23:00:00,SO,load,764.1700000000001,YZ,MW
2047-11-17 00:00:00,CE,load,1876.44,YZ,MW
2047-11-18 01:00:00,NR,load,912.7800000000001,YZ,MW
2047-11-19 02:00:00,SO,load,561.87,YZ,MW
2047-11-20 03:00:00,CE,load,1881.0000000000002,YZ,MW
2047-11-21 04:00:00,NR,load,915.08,YZ,MW
2047-11-22 05:00:00,SO,load,564.76,YZ,MW
2047-11-23 06:00:00,CE,load,2118.12,YZ,MW
2047-11-24 07:00:00,NR,load,1034.68,YZ,MW
2047-11-25 08:00:00,SO,load,715.04,YZ,MW
2047-11-26 09:00:00,CE,load,2104.44,YZ,MW
2047-11-27 10:00:00,NR,load,1027.78,YZ,MW
2047-11-28 11:00:00,SO,load,706.37,YZ,MW
2047-11-29 12:00:00,CE,load,2086.2000000000003,YZ,MW
2047-11-30 13:00:00,NR,load,1018.58,YZ,MW
2047-12-01 14:00:00,SO,load,694.8100000000001,YZ,MW
2047-12-02 15:00:00,CE,load,2077.08,YZ,MW
2047-12-03 16:00:00,NR,load,1013.98,YZ,MW
2047-12-04 17:00:00,SO,load,689.03,YZ,MW
2047-12-05 18:00:00,CE,load,1931.16,YZ,MW
2047-12-06 19:00:00,NR,load,940.38,YZ,MW
2047-12-07 20:00:00,SO,load,596.55,YZ,MW
2047-12-08 21:00:00,CE,load,1762.44,YZ,MW
2047-12-09 22:00:00,NR,load,855.2800000000001,YZ,MW
2047-12-10 23:00:00,SO,load,489.62,YZ,MW
2047-12-12 00:00:00,CE,load,1826.2800000000002,YZ,MW
2047-12-13 01:00:00,NR,load,887.48,YZ,MW
2047-12-14 02:00:00,SO,load,530.08,YZ,MW
2047-12-15 03:00:00,CE,load,1757.88,YZ,MW
2047-12-16 04:00:00,NR,load,852.98,YZ,MW
2047-12-17 05:00:00,SO,load,486.73,YZ,MW
2047-12-18 06:00:00,CE,load,1835.4,YZ,MW
2047-12-19 07:00:00,NR,load,892.08,YZ,MW
2047-12-20 08:00:00,SO,load,535.86,YZ,MW
2047-12-21 09:00:00,CE,load,2140.92,YZ,MW
2047-12-22 10:00:00,NR,load,1046.18,YZ,MW
2047-12-23 11:00:00,SO,load,729.49,YZ,MW
2047-12-24 12:00:00,CE,load,2172.84,YZ,MW
2047-12-25 13:00:00,NR,load,1062.28,YZ,MW
2047-12-26 14:00:00,SO,load,749.72,YZ,MW
2047-12-27 15:00:00,CE,load,2040.6000000000001,YZ,MW
2047-12-28 16:00:00,NR,load,995.58,YZ,MW
2047-12-29 17:00:00,SO,load,665.91,YZ,MW
2047-12-30 18:00:00,CE,load,1935.72,YZ,MW
2047-12-31 19:00:00,NR,load,942.6800000000001,YZ,MW
2048-01-01 20:00:00,SO,load,599.44,YZ,MW
2048-01-02 21:00:00,CE,load,1903.8000000000002,YZ,MW
2048-01-03 22:00:00,NR,load,926.58,YZ,MW
2048-01-04 23:00:00,SO,load,579.21,YZ,MW
2045-01-01 00:00:00,CE,store_discharge,0.0,YZ,MW
2045-01-02 01:00:00,NR,store_discharge,-6.48,YZ,MW
2045-01-03 02:00:00,SO,store_discharge,-3.5999999999999996,YZ,MW
2045-01-04 03:00:00,CE,store_discharge,0.0,YZ,MW
2045-01-05 04:00:00,NR,store_discharge,6.48,YZ,MW
2045-01-06 05:00:00,SO,store_discharge,3.5999999999999996,YZ,MW
2045-01-07 06:00:00,CE,store_discharge,0.0,YZ,MW
2045-01-08 07:00:00,NR,store_discharge,0.0,YZ,MW
2045-01-09 08:00:00,SO,store_discharge,0.0,YZ,MW
2045-01-10 09:00:00,CE,store_discharge,0.0,YZ,MW
2045-01-11 10:00:00,NR,store_discharge,0.0,YZ,MW
2045-01-12 11:00:00,SO,store_discharge,0.0,YZ,MW
2045-01-13 12:00:00,CE,store_discharge,0.0,YZ,MW
2045-01-14 13:00:00,NR,store_discharge,0.0,YZ,MW
2045-01-15 14:00:00,SO,store_discharge,0.0,YZ,MW
2045-01-16 15:00:00,CE,store_discharge,0.0,YZ,MW
2045-01-17 16:00:00,NR,store_discharge,0.0,YZ,MW
2045-01-18 17:00:00,SO,store_discharge,0.0,YZ,MW
2045-01-19 18:00:00,CE,store_discharge,-3.69,YZ,MW
2045-01-20 19:00:00,NR,store_discharge,-6.21,YZ,MW
2045-01-21 20:00:00,SO,store_discharge,-4.5,YZ,MW
2045-01-22 21:00:00,CE,store_discharge,3.69,YZ,MW
2045-01-23 22:00:00,NR,store_discharge,6.21,YZ,MW
2045-01-24 23:00:00,SO,store_discharge,4.5,YZ,MW
2045-01-26 00:00:00,CE,store_discharge,0.0,YZ,MW
2045-01-27 01:00:00,NR,store_discharge,0.0,YZ,MW
2045-01-28 02:00:00,SO,store_discharge,0.0,YZ,MW
2045-01-29 03:00:00,CE,store_discharge,0.0,YZ,MW
2045-01-30 04:00:00,NR,store_discharge,0.0,YZ,MW
2045-01-31 05:00:00,SO,store_discharge,0.0,YZ,MW
2045-02-01 06:00:00,CE,store_discharge,0.0,YZ,MW
2045-02-02 07:00:00,NR,store_discharge,0.0,YZ,MW
2045-02-03 08:00:00,SO,store_discharge,0.0,YZ,MW
2045-02-04 09:00:00,CE,store_discharge,0.0,YZ,MW
2045-02-05 10:00:00,NR,store_discharge,0.0,YZ,MW
2045-02-06 11:00:00,SO,store_discharge,0.0,YZ,MW
2045-02-07 12:00:00,CE,store_discharge,0.0,YZ,MW
2045-02-08 13:00:00,NR,store_discharge,0.0,YZ,MW
2045-02-09 14:00:00,SO,store_discharge,0.0,YZ,MW
2045-02-10 15:00:00,CE,store_discharge,0.0,YZ,MW
2045-02-11 16:00:00,NR,store_discharge,0.0,YZ,MW
2045-02-12 17:00:00,SO,store_discharge,0.0,YZ,MW
2045-02-13 18:00:00,CE,store_discharge,0.0,YZ,MW
2045-02-14 19:00:00,NR,store_discharge,0.0,YZ,MW
2045-02-15 20:00:00,SO,store_discharge,0.0,YZ,MW
2045-02-16 21:00:00,CE,store_discharge,0.0,YZ,MW
2045-02-17 22:00:00,NR,store_discharge,0.0,YZ,MW
2045-02-18 23:00:00,SO,store_discharge,0.0,YZ,MW
2045-02-20 00:00:00,CE,store_discharge,0.0,YZ,MW
2045-02-21 01:00:00,NR,store_discharge,0.0,YZ,MW
2045-02-22 02:00:00,SO,store_discharge,0.0,YZ,MW
2045-02-23 03:00:00,CE,store_discharge,0.0,YZ,MW
2045-02-24 04:00:00,NR,store_discharge,0.0,YZ,MW
2045-02-25 05:00:00,SO,store_discharge,0.0,YZ,MW
2045-02-26 06:00:00,CE,store_discharge,0.0,YZ,MW
2045-02-27 07:00:00,NR,store_discharge,0.0,YZ,MW
2045-02-28 08:00:00,SO,store_discharge,0.0,YZ,MW
2045-03-01 09:00:00,CE,store_discharge,0.0,YZ,MW
2045-03-02 10:00:00,NR,store_discharge,0.0,YZ,MW
2045-03-03 11:00:00,SO,store_discharge,0.0,YZ,MW
2045-03-04 12:00:00,CE,store_discharge,0.0,YZ,MW
2045-03-05 13:00:00,NR,store_discharge,0.0,YZ,MW
2045-03-06 14:00:00,SO,store_discharge,0.0,YZ,MW
2045-03-07 15:00:00,CE,store_discharge,0.0,YZ,MW
2045-03-08 16:00:00,NR,store_discharge,0.0,YZ,MW
2045-03-09 17:00:00,SO,store_discharge,0.0,YZ,MW
2045-03-10 18:00:00,CE,store_discharge,0.0,YZ,MW
2045-03-11 19:00:00,NR,store_discharge,0.0,YZ,MW
2045-03-12 20:00:00,SO,store_discharge,0.0,YZ,MW
2045-03-13 21:00:00,CE,store_discharge,0.0,YZ,MW
2045-03-14 22:00:00,NR,store_discharge,0.0,YZ,MW
2045-03-15 23:00:00,SO,store_discharge,0.0,YZ,MW
2045-03-17 00:00:00,CE,store_discharge,0.0,YZ,MW
2045-03-18 01:00:00,NR,store_discharge,0.0,YZ,MW
2045-03-19 02:00:00,SO,store_discharge,0.0,YZ,MW
2045-03-20 03:00:00,CE,store_discharge,0.0,YZ,MW
2045-03-21 04:00:00,NR,store_discharge,0.0,YZ,MW
2045-03-22 05:00:00,SO,store_discharge,0.0,YZ,MW
2045-03-23 06:00:00,CE,store_discharge,0.0,YZ,MW
2045-03-24 07:00:00,NR,store_discharge,0.0,YZ,MW
2045-03-25 08:00:00,SO,store_discharge,0.0,YZ,MW
2045-03-26 09:00:00,CE,store_discharge,0.0,YZ,MW
2045-03-27 10:00:00,NR,store_discharge,0.0,YZ,MW
2045-03-28 11:00:00,SO,store_discharge,0.0,YZ,MW
2045-03-29 12:00:00,CE,store_discharge,0.0,YZ,MW
2045-03-30 13:00:00,NR,store_discharge,0.0,YZ,MW
2045-03-31 14:00:00,SO,store_discharge,0.0,YZ,MW
2045-04-01 15:00:00,CE,store_discharge,0.0,YZ,MW
2045-04-02 16:00:00,NR,store_discharge,0.0,YZ,MW
2045-04-03 17:00:00,SO,store_discharge,0.0,YZ,MW
2045-04-04 18:00:00,CE,store_discharge,-3.69,YZ,MW
2045-04-05 19:00:00,NR,store_discharge,-6.21,YZ,MW
2045-04-06 20:00:00,SO,store_discharge,-4.5,YZ,MW
2045-04-07 21:00:00,CE,store_discharge,3.69,YZ,MW
2045-04-08 22:00:00,NR,store_discharge,6.21,YZ,MW
2045-04-09 23:00:00,SO,store_discharge,4.5,YZ,MW
2045-04-11 00:00:00,CE,store_discharge,0.0,YZ,MW
2045-04-12 01:00:00,NR,store_discharge,0.0,YZ,MW
2045-04-13 02:00:00,SO,store_discharge,0.0,YZ,MW
2045-04-14 03:00:00,CE,store_discharge,0.0,YZ,MW
2045-04-15 04:00:00,NR,store_discharge,0.0,YZ,MW
2045-04-16 05:00:00,SO,store_discharge,0.0,YZ,MW
2045-04-17 06:00:00,CE,store_discharge,0.0,YZ,MW
2045-04-18 07:00:00,NR,store_discharge,0.0,YZ,MW
2045-04-19 08:00:00,SO,store_discharge,0.0,YZ,MW
2045-04-20 09:00:00,CE,store_discharge,0.0,YZ,MW
2045-04-21 10:00:00,NR,store_discharge,0.0,YZ,MW
2045-04-22 11:00:00,SO,store_discharge,0.0,YZ,MW
2045-04-23 12:00:00,CE,store_discharge,0.0,YZ,MW
2045-04-24 13:00:00,NR,store_discharge,0.0,YZ,MW
2045-04-25 14:00:00,SO,store_discharge,0.0,YZ,MW
2045-04-26 15:00:00,CE,store_discharge,0.0,YZ,MW
2045-04-27 16:00:00,NR,store_discharge,0.0,YZ,MW
2045-04-28 17:00:00,SO,store_discharge,0.0,YZ,MW
2045-04-29 18:00:00,CE,store_discharge,0.0,YZ,MW
2045-04-30 19:00:00,NR,store_discharge,0.0,YZ,MW
2045-05-01 20:00:00,SO,store_discharge,0.0,YZ,MW
2045-05-02 21:00:00,CE,store_discharge,0.0,YZ,MW
2045-05-03 22:00:00,NR,store_discharge,0.0,YZ,MW
2045-05-04 23:00:00,SO,store_discharge,0.0,YZ,MW
2045-05-06 00:00:00,CE,store_discharge,0.0,YZ,MW
2045-05-07 01:00:00,NR,store_discharge,0.0,YZ,MW
2045-05-08 02:00:00,SO,store_discharge,0.0,YZ,MW
2045-05-09 03:00:00,CE,store_discharge,0.0,YZ,MW
2045-05-10 04:00:00,NR,store_discharge,0.0,YZ,MW
2045-05-11 05:00:00,SO,store_discharge,0.0,YZ,MW
2045-05-12 06:00:00,CE,store_discharge,0.0,YZ,MW
2045-05-13 07:00:00,NR,store_discharge,0.0,YZ,MW
2045-05-14 08:00:00,SO,store_discharge,0.0,YZ,MW
2045-05-15 09:00:00,CE,store_discharge,0.0,YZ,MW
2045-05-16 10:00:00,NR,store_discharge,0.0,YZ,MW
2045-05-17 11:00:00,SO,store_discharge,0.0,YZ,MW
2045-05-18 12:00:00,CE,store_discharge,0.0,YZ,MW
2045-05-19 13:00:00,NR,store_discharge,0.0,YZ,MW
2045-05-20 14:00:00,SO,store_discharge,0.0,YZ,MW
2045-05-21 15:00:00,CE,store_discharge,0.0,YZ,MW
2045-05-22 16:00:00,NR,store_discharge,0.0,YZ,MW
2045-05-23 17:00:00,SO,store_discharge,0.0,YZ,MW
2045-05-24 18:00:00,CE,store_discharge,0.0,YZ,MW
2045-05-25 19:00:00,NR,store_discharge,0.0,YZ,MW
2045-05-26 20:00:00,SO,store_discharge,0.0,YZ,MW
2045-05-27 21:00:00,CE,store_discharge,0.0,YZ,MW
2045-05-28 22:00:00,NR,store_discharge,0.0,YZ,MW
2045-05-29 23:00:00,SO,store_discharge,0.0,YZ,MW
2045-05-31 00:00:00,CE,store_discharge,0.0,YZ,MW
2045-06-01 01:00:00,NR,store_discharge,0.0,YZ,MW
2045-06-02 02:00:00,SO,store_discharge,0.0,YZ,MW
2045-06-03 03:00:00,CE,store_discharge,0.0,YZ,MW
2045-06-04 04:00:00,NR,store_discharge,0.0,YZ,MW
2045-06-05 05:00:00,SO,store_discharge,0.0,YZ,MW
2045-06-06 06:00:00,CE,store_discharge,0.0,YZ,MW
2045-06-07 07:00:00,NR,store_discharge,0.0,YZ,MW
2045-06-08 08:00:00,SO,store_discharge,0.0,YZ,MW
2045-06-09 09:00:00,CE,store_discharge,0.0,YZ,MW
2045-06-10 10:00:00,NR,store_discharge,0.0,YZ,MW
2045-06-11 11:00:00,SO,store_discharge,0.0,YZ,MW
2045-06-12 12:00:00,CE,store_discharge,0.0,YZ,MW
2045-06-13 13:00:00,NR,store_discharge,0.0,YZ,MW
2045-06-14 14:00:00,SO,store_discharge,0.0,YZ,MW
2045-06-15 15:00:00,CE,store_discharge,0.0,YZ,MW
2045-06-16 16:00:00,NR,store_discharge,0.0,YZ,MW
2045-06-17 17:00:00,SO,store_discharge,0.0,YZ,MW
2045-06-18 18:00:00,CE,store_discharge,-3.69,YZ,MW
2045-06-19 19:00:00,NR,store_discharge,-6.21,YZ,MW
2045-06-20 20:00:00,SO,store_discharge,-4.5,YZ,MW
2045-06-21 21:00:00,CE,store_discharge,3.69,YZ,MW
2045-06-22 22:00:00,NR,store_discharge,6.21,YZ,MW
2045-06-23 23:00:00,SO,store_discharge,4.5,YZ,MW
2045-06-25 00:00:00,CE,store_discharge,0.0,YZ,MW
2045-06-26 01:00:00,NR,store_discharge,0.0,YZ,MW
2045-06-27 02:00:00,SO,store_discharge,0.0,YZ,MW
2045-06-28 03:00:00,CE,store_discharge,0.0,YZ,MW
2045-06-29 04:00:00,NR,store_discharge,0.0,YZ,MW
2045-06-30 05:00:00,SO,store_discharge,0.0,YZ,MW
2045-07-01 06:00:00,CE,store_discharge,0.0,YZ,MW
2045-07-02 07:00:00,NR,store_discharge,0.0,YZ,MW
2045-07-03 08:00:00,SO,store_discharge,0.0,YZ,MW
2045-07-04 09:00:00,CE,store_discharge,0.0,YZ,MW
2045-07-05 10:00:00,NR,store_discharge,0.0,YZ,MW
2045-07-06 11:00:00,SO,store_discharge,0.0,YZ,MW
2045-07-07 12:00:00,CE,store_discharge,0.0,YZ,MW
2045-07-08 13:00:00,NR,store_discharge,0.0,YZ,MW
2045-07-09 14:00:00,SO,store_discharge,0.0,YZ,MW
2045-07-10 15:00:00,CE,store_discharge,0.0,YZ,MW
2045-07-11 16:00:00,NR,store_discharge,0.0,YZ,MW
2045-07-12 17:00:00,SO,store_discharge,0.0,YZ,MW
2045-07-13 18:00:00,CE,store_discharge,0.0,YZ,MW
2045-07-14 19:00:00,NR,store_discharge,0.0,YZ,MW
2045-07-15 20:00:00,SO,store_discharge,0.0,YZ,MW
2045-07-16 21:00:00,CE,store_discharge,0.0,YZ,MW
2045-07-17 22:00:00,NR,store_discharge,0.0,YZ,MW
2045-07-18 23:00:00,SO,store_discharge,0.0,YZ,MW
2045-07-20 00:00:00,CE,store_discharge,0.0,YZ,MW
2045-07-21 01:00:00,NR,store_discharge,0.0,YZ,MW
2045-07-22 02:00:00,SO,store_discharge,0.0,YZ,MW
2045-07-23 03:00:00,CE,store_discharge,0.0,YZ,MW
2045-07-24 04:00:00,NR,store_discharge,0.0,YZ,MW
2045-07-25 05:00:00,SO,store_discharge,0.0,YZ,MW
2045-07-26 06:00:00,CE,store_discharge,0.0,YZ,MW
2045-07-27 07:00:00,NR,store_discharge,0.0,YZ,MW
2045-07-28 08:00:00,SO,store_discharge,0.0,YZ,MW
2045-07-29 09:00:00,CE,store_discharge,0.0,YZ,MW
2045-07-30 10:00:00,NR,store_discharge,0.0,YZ,MW
2045-07-31 11:00:00,SO,store_discharge,0.0,YZ,MW
2045-08-01 12:00:00,CE,store_discharge,0.0,YZ,MW
2045-08-02 13:00:00,NR,store_discharge,0.0,YZ,MW
2045-08-03 14:00:00,SO,store_discharge,0.0,YZ,MW
2045-08-04 15:00:00,CE,store_discharge,0.0,YZ,MW
2045-08-05 16:00:00,NR,store_discharge,0.0,YZ,MW
2045-08-06 17:00:00,SO,store_discharge,0.0,YZ,MW
2045-08-07 18:00:00,CE,store_discharge,0.0,YZ,MW
2045-08-08 19:00:00,NR,store_discharge,0.0,YZ,MW
2045-08-09 20:00:00,SO,store_discharge,0.0,YZ,MW
2045-08-10 21:00:00,CE,store_discharge,0.0,YZ,MW
2045-08-11 22:00:00,NR,store_discharge,0.0,YZ,MW
2045-08-12 23:00:00,SO,store_discharge,0.0,YZ,MW
2045-08-14 00:00:00,CE,store_discharge,0.0,YZ,MW
2045-08-15 01:00:00,NR,store_discharge,0.0,YZ,MW
2045-08-16 02:00:00,SO,store_discharge,0.0,YZ,MW
2045-08-17 03:00:00,CE,store_discharge,0.0,YZ,MW
2045-08-18 04:00:00,NR,store_discharge,0.0,YZ,MW
2045-08-19 05:00:00,SO,store_discharge,0.0,YZ,MW
2045-08-20 06:00:00,CE,store_discharge,0.0,YZ,MW
2045-08-21 07:00:00,NR,store_discharge,0.0,YZ,MW
2045-08-22 08:00:00,SO,store_discharge,0.0,YZ,MW
2045-08-23 09:00:00,CE,store_discharge,0.0,YZ,MW
2045-08-24 10:00:00,NR,store_discharge,0.0,YZ,MW
2045-08-25 11:00:00,SO,store_discharge,0.0,YZ,MW
2045-08-26 12:00:00,CE,store_discharge,0.0,YZ,MW
2045-08-27 13:00:00,NR,store_discharge,0.0,YZ,MW
2045-08-28 14:00:00,SO,store_discharge,0.0,YZ,MW
2045-08-29 15:00:00,CE,store_discharge,0.0,YZ,MW
2045-08-30 16:00:00,NR,store_discharge,0.0,YZ,MW
2045-08-31 17:00:00,SO,store_discharge,0.0,YZ,MW
2045-09-01 18:00:00,CE,store_discharge,-3.69,YZ,MW
2045-09-02 19:00:00,NR,store_discharge,-6.21,YZ,MW
2045-09-03 20:00:00,SO,store_discharge,-4.5,YZ,MW
2045-09-04 21:00:00,CE,store_discharge,3.69,YZ,MW
2045-09-05 22:00:00,NR,store_discharge,6.21,YZ,MW
2045-09-06 23:00:00,SO,store_discharge,4.5,YZ,MW
2045-09-08 00:00:00,CE,store_discharge,0.0,YZ,MW
2045-09-09 01:00:00,NR,store_discharge,0.0,YZ,MW
2045-09-10 02:00:00,SO,store_discharge,0.0,YZ,MW
2045-09-11 03:00:00,CE,store_discharge,0.0,YZ,MW
2045-09-12 04:00:00,NR,store_discharge,0.0,YZ,MW
2045-09-13 05:00:00,SO,store_discharge,0.0,YZ,MW
2045-09-14 06:00:00,CE,store_discharge,0.0,YZ,MW
2045-09-15 07:00:00,NR,store_discharge,0.0,YZ,MW
2045-09-16 08:00:00,SO,store_discharge,0.0,YZ,MW
2045-09-17 09:00:00,CE,store_discharge,0.0,YZ,MW
2045-09-18 10:00:00,NR,store_discharge,0.0,YZ,MW
2045-09-19 11:00:00,SO,store_discharge,0.0,YZ,MW
2045-09-20 12:00:00,CE,store_discharge,0.0,YZ,MW
2045-09-21 13:00:00,NR,store_discharge,0.0,YZ,MW
2045-09-22 14:00:00,SO,store_discharge,0.0,YZ,MW
2045-09-23 15:00:00,CE,store_discharge,0.0,YZ,MW
2045-09-24 16:00:00,NR,store_discharge,0.0,YZ,MW
2045-09-25 17:00:00,SO,store_discharge,0.0,YZ,MW
2045-09-26 18:00:00,CE,store_discharge,0.0,YZ,MW
2045-09-27 19:00:00,NR,store_discharge,0.0,YZ,MW
2045-09-28 20:00:00,SO,store_discharge,0.0,YZ,MW
2045-09-29 21:00:00,CE,store_discharge,0.0,YZ,MW
2045-09-30 22:00:00,NR,store_discharge,0.0,YZ,MW
2045-10-01 23:00:00,SO,store_discharge,0.0,YZ,MW
2045-10-03 00:00:00,CE,store_discharge,0.0,YZ,MW
2045-10-04 01:00:00,NR,store_discharge,0.0,YZ,MW
2045-10-05 02:00:00,SO,store_discharge,0.0,YZ,MW
2045-10-06 03:00:00,CE,store_discharge,0.0,YZ,MW
2045-10-07 04:00:00,NR,store_discharge,0.0,YZ,MW
2045-10-08 05:00:00,SO,store_discharge,0.0,YZ,MW
2045-10-09 06:00:00,CE,store_discharge,0.0,YZ,MW
2045-10-10 07:00:00,NR,store_discharge,0.0,YZ,MW
2045-10-11 08:00:00,SO,store_discharge,0.0,YZ,MW
2045-10-12 09:00:00,CE,store_discharge,0.0,YZ,MW
2045-10-13 10:00:00,NR,store_discharge,0.0,YZ,MW
2045-10-14 11:00:00,SO,store_discharge,0.0,YZ,MW
2045-10-15 12:00:00,CE,store_discharge,0.0,YZ,MW
2045-10-16 13:00:00,NR,store_discharge,0.0,YZ,MW
2045-10-17 14:00:00,SO,store_discharge,0.0,YZ,MW
2045-10-18 15:00:00,CE,store_discharge,0.0,YZ,MW
2045-10-19 16:00:00,NR,store_discharge,0.0,YZ,MW
2045-10-20 17:00:00,SO,store_discharge,0.0,YZ,MW
2045-10-21 18:00:00,CE,store_discharge,0.0,YZ,MW
2045-10-22 19:00:00,NR,store_discharge,0.0,YZ,MW
2045-10-23 20:00:00,SO,store_discharge,0.0,YZ,MW
2045-10-24 21:00:00,CE,store_discharge,0.0,YZ,MW
2045-10-25 22:00:00,NR,store_discharge,0.0,YZ,MW
2045-10-26 23:00:00,SO,store_discharge,0.0,YZ,MW
2045-10-28 00:00:00,CE,store_discharge,0.0,YZ,MW
2045-10-29 01:00:00,NR,store_discharge,0.0,YZ,MW
2045-10-30 02:00:00,SO,store_discharge,0.0,YZ,MW
2045-10-31 03:00:00,CE,store_discharge,0.0,YZ,MW
2045-11-01 04:00:00,NR,store_discharge,0.0,YZ,MW
2045-11-02 05:00:00,SO,store_discharge,0.0,YZ,MW
2045-11-03 06:00:00,CE,store_discharge,0.0,YZ,MW
2045-11-04 07:00:00,NR,store_discharge,0.0,YZ,MW
2045-11-05 08:00:00,SO,store_discharge,0.0,YZ,MW
2045-11-06 09:00:00,CE,store_discharge,0.0,YZ,MW
2045-11-07 10:00:00,NR,store_discharge,0.0,YZ,MW
2045-11-08 11:00:00,SO,store_discharge,0.0,YZ,MW
2045-11-09 12:00:00,CE,store_discharge,0.0,YZ,MW
2045-11-10 13:00:00,NR,store_discharge,0.0,YZ,MW
2045-11-11 14:00:00,SO,store_discharge,0.0,YZ,MW
2045-11-12 15:00:00,CE,store_discharge,-3.69,YZ,MW
2045-11-13 16:00:00,NR,store_discharge,-6.21,YZ,MW
2045-11-14 17:00:00,SO,store_discharge,-4.5,YZ,MW
2045-11-15 18:00:00,CE,store_discharge,3.69,YZ,MW
2045-11-16 19:00:00,NR,store_discharge,6.21,YZ,MW
2045-11-17 20:00:00,SO,store_discharge,4.5,YZ,MW
2045-11-18 21:00:00,CE,store_discharge,0.0,YZ,MW
2045-11-19 22:00:00,NR,store_discharge,0.0,YZ,MW
2045-11-20 23:00:00,SO,store_discharge,0.0,YZ,MW
2045-11-22 00:00:00,CE,store_discharge,0.0,YZ,MW
2045-11-23 01:00:00,NR,store_discharge,0.0,YZ,MW
2045-11-24 02:00:00,SO,store_discharge,0.0,YZ,MW
2045-11-25 03:00:00,CE,store_discharge,0.0,YZ,MW
2045-11-26 04:00:00,NR,store_discharge,0.0,YZ,MW
2045-11-27 05:00:00,SO,store_discharge,0.0,YZ,MW
2045-11-28 06:00:00,CE,store_discharge,0.0,YZ,MW
2045-11-29 07:00:00,NR,store_discharge,0.0,YZ,MW
2045-11-30 08:00:00,SO,store_discharge,0.0,YZ,MW
2045-12-01 09:00:00,CE,store_discharge,0.0,YZ,MW
2045-12-02 10:00:00,NR,store_discharge,0.0,YZ,MW
2045-12-03 11:00:00,SO,store_discharge,0.0,YZ,MW
2045-12-04 12:00:00,CE,store_discharge,0.0,YZ,MW
2045-12-05 13:00:00,NR,store_discharge,0.0,YZ,MW
2045-12-06 14:00:00,SO,store_discharge,0.0,YZ,MW
2045-12-07 15:00:00,CE,store_discharge,0.0,YZ,MW
2045-12-08 16:00:00,NR,store_discharge,0.0,YZ,MW
2045-12-09 17:00:00,SO,store_discharge,0.0,YZ,MW
2045-12-10 18:00:00,CE,store_discharge,0.0,YZ,MW
2045-12-11 19:00:00,NR,store_discharge,0.0,YZ,MW
2045-12-12 20:00:00,SO,store_discharge,0.0,YZ,MW
2045-12-13 21:00:00,CE,store_discharge,0.0,YZ,MW
2045-12-14 22:00:00,NR,store_discharge,0.0,YZ,MW
2045-12-15 23:00:00,SO,store_discharge,0.0,YZ,MW
2045-12-17 00:00:00,CE,store_discharge,0.0,YZ,MW
2045-12-18 01:00:00,NR,store_discharge,0.0,YZ,MW
2045-12-19 02:00:00,SO,store_discharge,0.0,YZ,MW
2045-12-20 03:00:00,CE,store_discharge,0.0,YZ,MW
2045-12-21 04:00:00,NR,store_discharge,0.0,YZ,MW
2045-12-22 05:00:00,SO,store_discharge,0.0,YZ,MW
2045-12-23 06:00:00,CE,store_discharge,0.0,YZ,MW
2045-12-24 07:00:00,NR,store_discharge,0.0,YZ,MW
2045-12-25 08:00:00,SO,store_discharge,0.0,YZ,MW
2045-12-26 09:00:00,CE,store_discharge,0.0,YZ,MW
2045-12-27 10:00:00,NR,store_discharge,0.0,YZ,MW
2045-12-28 11:00:00,SO,store_discharge,0.0,YZ,MW
2045-12-29 12:00:00,CE,store_discharge,0.0,YZ,MW
2045-12-30 13:00:00,NR,store_discharge,0.0,YZ,MW
2045-12-31 14:00:00,SO,store_discharge,0.0,YZ,MW
2046-01-01 15:00:00,CE,store_discharge,0.0,YZ,MW
2046-01-02 16:00:00,NR,store_discharge,0.0,YZ,MW
2046-01-03 17:00:00,SO,store_discharge,0.0,YZ,MW
2046-01-04 18:00:00,CE,store_discharge,0.0,YZ,MW
2046-01-05 19:00:00,NR,store_discharge,0.0,YZ,MW
2046-01-06 20:00:00,SO,store_discharge,0.0,YZ,MW
2046-01-07 21:00:00,CE,store_discharge,0.0,YZ,MW
2046-01-08 22:00:00,NR,store_discharge,0.0,YZ,MW
2046-01-09 23:00:00,SO,store_discharge,0.0,YZ,MW
2046-01-11 00:00:00,CE,store_discharge,0.0,YZ,MW
2046-01-12 01:00:00,NR,store_discharge,0.0,YZ,MW
2046-01-13 02:00:00,SO,store_discharge,0.0,YZ,MW
2046-01-14 03:00:00,CE,store_discharge,0.0,YZ,MW
2046-01-15 04:00:00,NR,store_discharge,0.0,YZ,MW
2046-01-16 05:00:00,SO,store_discharge,0.0,YZ,MW
2046-01-17 06:00:00,CE,store_discharge,0.0,YZ,MW
2046-01-18 07:00:00,NR,store_discharge,0.0,YZ,MW
2046-01-19 08:00:00,SO,store_discharge,0.0,YZ,MW
2046-01-20 09:00:00,CE,store_discharge,0.0,YZ,MW
2046-01-21 10:00:00,NR,store_discharge,0.0,YZ,MW
2046-01-22 11:00:00,SO,store_discharge,0.0,YZ,MW
2046-01-23 12:00:00,CE,store_discharge,0.0,YZ,MW
2046-01-24 13:00:00,NR,store_discharge,0.0,YZ,MW
2046-01-25 14:00:00,SO,store_discharge,0.0,YZ,MW
2046-01-26 15:00:00,CE,store_discharge,-3.69,YZ,MW
2046-01-27 16:00:00,NR,store_discharge,-6.21,YZ,MW
2046-01-28 17:00:00,SO,store_discharge,-4.5,YZ,MW
2046-01-29 18:00:00,CE,store_discharge,3.69,YZ,MW
2046-01-30 19:00:00,NR,store_discharge,6.21,YZ,MW
2046-01-31 20:00:00,SO,store_discharge,4.5,YZ,MW
2046-02-01 21:00:00,CE,store_discharge,0.0,YZ,MW
2046-02-02 22:00:00,NR,store_discharge,0.0,YZ,MW
2046-02-03 23:00:00,SO,store_discharge,0.0,YZ,MW
2046-02-05 00:00:00,CE,store_discharge,0.0,YZ,MW
2046-02-06 01:00:00,NR,store_discharge,0.0,YZ,MW
2046-02-07 02:00:00,SO,store_discharge,0.0,YZ,MW
2046-02-08 03:00:00,CE,store_discharge,0.0,YZ,MW
2046-02-09 04:00:00,NR,store_discharge,0.0,YZ,MW
2046-02-10 05:00:00,SO,store_discharge,0.0,YZ,MW
2046-02-11 06:00:00,CE,store_discharge,0.0,YZ,MW
2046-02-12 07:00:00,NR,store_discharge,0.0,YZ,MW
2046-02-13 08:00:00,SO,store_discharge,0.0,YZ,MW
2046-02-14 09:00:00,CE,store_discharge,0.0,YZ,MW
2046-02-15 10:00:00,NR,store_discharge,0.0,YZ,MW
2046-02-16 11:00:00,SO,store_discharge,0.0,YZ,MW
2046-02-17 12:00:00,CE,store_discharge,0.0,YZ,MW
2046-02-18 13:00:00,NR,store_discharge,0.0,YZ,MW
2046-02-19 14:00:00,SO,store_discharge,0.0,YZ,MW
2046-02-20 15:00:00,CE,store_discharge,0.0,YZ,MW
2046-02-21 16:00:00,NR,store_discharge,0.0,YZ,MW
2046-02-22 17:00:00,SO,store_discharge,0.0,YZ,MW
2046-02-23 18:00:00,CE,store_discharge,0.0,YZ,MW
2046-02-24 19:00:00,NR,store_discharge,0.0,YZ,MW
2046-02-25 20:00:00,SO,store_discharge,0.0,YZ,MW
2046-02-26 21:00:00,CE,store_discharge,0.0,YZ,MW
2046-02-27 22:00:00,NR,store_discharge,0.0,YZ,MW
2046-02-28 23:00:00,SO,store_discharge,0.0,YZ,MW
2046-03-02 00:00:00,CE,store_discharge,0.0,YZ,MW
2046-03-03 01:00:00,NR,store_discharge,0.0,YZ,MW
2046-03-04 02:00:00,SO,store_discharge,0.0,YZ,MW
2046-03-05 03:00:00,CE,store_discharge,0.0,YZ,MW
2046-03-06 04:00:00,NR,store_discharge,0.0,YZ,MW
2046-03-07 05:00:00,SO,store_discharge,0.0,YZ,MW
2046-03-08 06:00:00,CE,store_discharge,0.0,YZ,MW
2046-03-09 07:00:00,NR,store_discharge,0.0,YZ,MW
2046-03-10 08:00:00,SO,store_discharge,0.0,YZ,MW
2046-03-11 09:00:00,CE,store_discharge,0.0,YZ,MW
2046-03-12 10:00:00,NR,store_discharge,0.0,YZ,MW
2046-03-13 11:00:00,SO,store_discharge,0.0,YZ,MW
2046-03-14 12:00:00,CE,store_discharge,0.0,YZ,MW
2046-03-15 13:00:00,NR,store_discharge,0.0,YZ,MW
2046-03-16 14:00:00,SO,store_discharge,0.0,YZ,MW
2046-03-17 15:00:00,CE,store_discharge,0.0,YZ,MW
2046-03-18 16:00:00,NR,store_discharge,0.0,YZ,MW
2046-03-19 17:00:00,SO,store_discharge,0.0,YZ,MW
2046-03-20 18:00:00,CE,store_discharge,0.0,YZ,MW
2046-03-21 19:00:00,NR,store_discharge,0.0,YZ,MW
2046-03-22 20:00:00,SO,store_discharge,0.0,YZ,MW
2046-03-23 21:00:00,CE,store_discharge,0.0,YZ,MW
2046-03-24 22:00:00,NR,store_discharge,0.0,YZ,MW
2046-03-25 23:00:00,SO,store_discharge,0.0,YZ,MW
2046-03-27 00:00:00,CE,store_discharge,0.0,YZ,MW
2046-03-28 01:00:00,NR,store_discharge,0.0,YZ,MW
2046-03-29 02:00:00,SO,store_discharge,0.0,YZ,MW
2046-03-30 03:00:00,CE,store_discharge,0.0,YZ,MW
2046-03-31 04:00:00,NR,store_discharge,0.0,YZ,MW
2046-04-01 05:00:00,SO,store_discharge,0.0,YZ,MW
2046-04-02 06:00:00,CE,store_discharge,0.0,YZ,MW
2046-04-03 07:00:00,NR,store_discharge,0.0,YZ,MW
2046-04-04 08:00:00,SO,store_discharge,0.0,YZ,MW
2046-04-05 09:00:00,CE,store_discharge,0.0,YZ,MW
2046-04-06 10:00:00,NR,store_discharge,0.0,YZ,MW
2046-04-07 11:00:00,SO,store_discharge,0.0,YZ,MW
2046-04-08 12:00:00,CE,store_discharge,0.0,YZ,MW
2046-04-09 13:00:00,NR,store_discharge,0.0,YZ,MW
2046-04-10 14:00:00,SO,store_discharge,0.0,YZ,MW
2046-04-11 15:00:00,CE,store_discharge,-3.69,YZ,MW
2046-04-12 16:00:00,NR,store_discharge,-6.21,YZ,MW
2046-04-13 17:00:00,SO,store_discharge,-4.5,YZ,MW
2046-04-14 18:00:00,CE,store_discharge,3.69,YZ,MW
2046-04-15 19:00:00,NR,store_discharge,6.21,YZ,MW
2046-04-16 20:00:00,SO,store_discharge,4.5,YZ,MW
2046-04-17 21:00:00,CE,store_discharge,0.0,YZ,MW
2046-04-18 22:00:00,NR,store_discharge,0.0,YZ,MW
2046-04-19 23:00:00,SO,store_discharge,0.0,YZ,MW
2046-04-21 00:00:00,CE,store_discharge,0.0,YZ,MW
2046-04-22 01:00:00,NR,store_discharge,0.0,YZ,MW
2046-04-23 02:00:00,SO,store_discharge,0.0,YZ,MW
2046-04-24 03:00:00,CE,store_discharge,0.0,YZ,MW
2046-04-25 04:00:00,NR,store_discharge,0.0,YZ,MW
2046-04-26 05:00:00,SO,store_discharge,0.0,YZ,MW
2046-04-27 06:00:00,CE,store_discharge,0.0,YZ,MW
2046-04-28 07:00:00,NR,store_discharge,0.0,YZ,MW
2046-04-29 08:00:00,SO,store_discharge,0.0,YZ,MW
2046-04-30 09:00:00,CE,store_discharge,0.0,YZ,MW
2046-05-01 10:00:00,NR,store_discharge,0.0,YZ,MW
2046-05-02 11:00:00,SO,store_discharge,0.0,YZ,MW
2046-05-03 12:00:00,CE,store_discharge,0.0,YZ,MW
2046-05-04 13:00:00,NR,store_discharge,0.0,YZ,MW
2046-05-05 14:00:00,SO,store_discharge,0.0,YZ,MW
2046-05-06 15:00:00,CE,store_discharge,0.0,YZ,MW
2046-05-07 16:00:00,NR,store_discharge,0.0,YZ,MW
2046-05-08 17:00:00,SO,store_discharge,0.0,YZ,MW
2046-05-09 18:00:00,CE,store_discharge,0.0,YZ,MW
2046-05-10 19:00:00,NR,store_discharge,0.0,YZ,MW
2046-05-11 20:00:00,SO,store_discharge,0.0,YZ,MW
2046-05-12 21:00:00,CE,store_discharge,0.0,YZ,MW
2046-05-13 22:00:00,NR,store_discharge,0.0,YZ,MW
2046-05-14 23:00:00,SO,store_discharge,0.0,YZ,MW
2046-05-16 00:00:00,CE,store_discharge,0.0,YZ,MW
2046-05-17 01:00:00,NR,store_discharge,0.0,YZ,MW
2046-05-18 02:00:00,SO,store_discharge,0.0,YZ,MW
2046-05-19 03:00:00,CE,store_discharge,0.0,YZ,MW
2046-05-20 04:00:00,NR,store_discharge,0.0,YZ,MW
2046-05-21 05:00:00,SO,store_discharge,0.0,YZ,MW
2046-05-22 06:00:00,CE,store_discharge,0.0,YZ,MW
2046-05-23 07:00:00,NR,store_discharge,0.0,YZ,MW
2046-05-24 08:00:00,SO,store_discharge,0.0,YZ,MW
2046-05-25 09:00:00,CE,store_discharge,0.0,YZ,MW
2046-05-26 10:00:00,NR,store_discharge,0.0,YZ,MW
2046-05-27 11:00:00,SO,store_discharge,0.0,YZ,MW
2046-05-28 12:00:00,CE,store_discharge,0.0,YZ,MW
2046-05-29 13:00:00,NR,store_discharge,0.0,YZ,MW
2046-05-30 14:00:00,SO,store_discharge,0.0,YZ,MW
2046-05-31 15:00:00,CE,store_discharge,0.0,YZ,MW
2046-06-01 16:00:00,NR,store_discharge,0.0,YZ,MW
2046-06-02 17:00:00,SO,store_discharge,0.0,YZ,MW
2046-06-03 18:00:00,CE,store_discharge,0.0,YZ,MW
2046-06-04 19:00:00,NR,store_discharge,0.0,YZ,MW
2046-06-05 20:00:00,SO,store_discharge,0.0,YZ,MW
2046-06-06 21:00:00,CE,store_discharge,0.0,YZ,MW
2046-06-07 22:00:00,NR,store_discharge,0.0,YZ,MW
2046-06-08 23:00:00,SO,store_discharge,0.0,YZ,MW
2046-06-10 00:00:00,CE,store_discharge,0.0,YZ,MW
2046-06-11 01:00:00,NR,store_discharge,0.0,YZ,MW
2046-06-12 02:00:00,SO,store_discharge,0.0,YZ,MW
2046-06-13 03:00:00,CE,store_discharge,0.0,YZ,MW
2046-06-14 04:00:00,NR,store_discharge,0.0,YZ,MW
2046-06-15 05:00:00,SO,store_discharge,0.0,YZ,MW
2046-06-16 06:00:00,CE,store_discharge,0.0,YZ,MW
2046-06-17 07:00:00,NR,store_discharge,0.0,YZ,MW
2046-06-18 08:00:00,SO,store_discharge,0.0,YZ,MW
2046-06-19 09:00:00,CE,store_discharge,0.0,YZ,MW
2046-06-20 10:00:00,NR,store_discharge,0.0,YZ,MW
2046-06-21 11:00:00,SO,store_discharge,0.0,YZ,MW
2046-06-22 12:00:00,CE,store_discharge,0.0,YZ,MW
2046-06-23 13:00:00,NR,store_discharge,0.0,YZ,MW
2046-06-24 14:00:00,SO,store_discharge,0.0,YZ,MW
2046-06-25 15:00:00,CE,store_discharge,0.0,YZ,MW
2046-06-26 16:00:00,NR,store_discharge,0.0,YZ,MW
2046-06-27 17:00:00,SO,store_discharge,0.0,YZ,MW
2046-06-28 18:00:00,CE,store_discharge,-3.69,YZ,MW
2046-06-29 19:00:00,NR,store_discharge,-6.21,YZ,MW
2046-06-30 20:00:00,SO,store_discharge,-4.5,YZ,MW
2046-07-01 21:00:00,CE,store_discharge,3.69,YZ,MW
2046-07-02 22:00:00,NR,store_discharge,6.21,YZ,MW
2046-07-03 23:00:00,SO,store_discharge,4.5,YZ,MW
2046-07-05 00:00:00,CE,store_discharge,0.0,YZ,MW
2046-07-06 01:00:00,NR,store_discharge,0.0,YZ,MW
2046-07-07 02:00:00,SO,store_discharge,0.0,YZ,MW
2046-07-08 03:00:00,CE,store_discharge,0.0,YZ,MW
2046-07-09 04:00:00,NR,store_discharge,0.0,YZ,MW
2046-07-10 05:00:00,SO,store_discharge,0.0,YZ,MW
2046-07-11 06:00:00,CE,store_discharge,0.0,YZ,MW
2046-07-12 07:00:00,NR,store_discharge,0.0,YZ,MW
2046-07-13 08:00:00,SO,store_discharge,0.0,YZ,MW
2046-07-14 09:00:00,CE,store_discharge,0.0,YZ,MW
2046-07-15 10:00:00,NR,store_discharge,0.0,YZ,MW
2046-07-16 11:00:00,SO,store_discharge,0.0,YZ,MW
2046-07-17 12:00:00,CE,store_discharge,0.0,YZ,MW
2046-07-18 13:00:00,NR,store_discharge,0.0,YZ,MW
2046-07-19 14:00:00,SO,store_discharge,0.0,YZ,MW
2046-07-20 15:00:00,CE,store_discharge,0.0,YZ,MW
2046-07-21 16:00:00,NR,store_discharge,0.0,YZ,MW
2046-07-22 17:00:00,SO,store_discharge,0.0,YZ,MW
2046-07-23 18:00:00,CE,store_discharge,0.0,YZ,MW
2046-07-24 19:00:00,NR,store_discharge,0.0,YZ,MW
2046-07-25 20:00:00,SO,store_discharge,0.0,YZ,MW
2046-07-26 21:00:00,CE,store_discharge,0.0,YZ,MW
2046-07-27 22:00:00,NR,store_discharge,0.0,YZ,MW
2046-07-28 23:00:00,SO,store_discharge,0.0,YZ,MW
2046-07-30 00:00:00,CE,store_discharge,0.0,YZ,MW
2046-07-31 01:00:00,NR,store_discharge,0.0,YZ,MW
2046-08-01 02:00:00,SO,store_discharge,0.0,YZ,MW
2046-08-02 03:00:00,CE,store_discharge,0.0,YZ,MW
2046-08-03 04:00:00,NR,store_discharge,0.0,YZ,MW
2046-08-04 05:00:00,SO,store_discharge,0.0,YZ,MW
2046-08-05 06:00:00,CE,store_discharge,0.0,YZ,MW
2046-08-06 07:00:00,NR,store_discharge,0.0,YZ,MW
2046-08-07 08:00:00,SO,store_discharge,0.0,YZ,MW
2046-08-08 09:00:00,CE,store_discharge,0.0,YZ,MW
2046-08-09 10:00:00,NR,store_discharge,0.0,YZ,MW
2046-08-10 11:00:00,SO,store_discharge,0.0,YZ,MW
2046-08-11 12:00:00,CE,store_discharge,0.0,YZ,MW
2046-08-12 13:00:00,NR,store_discharge,0.0,YZ,MW
2046-08-13 14:00:00,SO,store_discharge,0.0,YZ,MW
2046-08-14 15:00:00,CE,store_discharge,0.0,YZ,MW
2046-08-15 16:00:00,NR,store_discharge,0.0,YZ,MW
2046-08-16 17:00:00,SO,store_discharge,0.0,YZ,MW
2046-08-17 18:00:00,CE,store_discharge,0.0,YZ,MW
2046-08-18 19:00:00,NR,store_discharge,0.0,YZ,MW
2046-08-19 20:00:00,SO,store_discharge,0.0,YZ,MW
2046-08-20 21:00:00,CE,store_discharge,0.0,YZ,MW
2046-08-21 22:00:00,NR,store_discharge,0.0,YZ,MW
2046-08-22 23:00:00,SO,store_discharge,0.0,YZ,MW
2046-08-24 00:00:00,CE,store_discharge,0.0,YZ,MW
2046-08-25 01:00:00,NR,store_discharge,0.0,YZ,MW
2046-08-26 02:00:00,SO,store_discharge,0.0,YZ,MW
2046-08-27 03:00:00,CE,store_discharge,0.0,YZ,MW
2046-08-28 04:00:00,NR,store_discharge,0.0,YZ,MW
2046-08-29 05:00:00,SO,store_discharge,0.0,YZ,MW
2046-08-30 06:00:00,CE,store_discharge,0.0,YZ,MW
2046-08-31 07:00:00,NR,store_discharge,0.0,YZ,MW
2046-09-01 08:00:00,SO,store_discharge,0.0,YZ,MW
2046-09-02 09:00:00,CE,store_discharge,0.0,YZ,MW
2046-09-03 10:00:00,NR,store_discharge,0.0,YZ,MW
2046-09-04 11:00:00,SO,store_discharge,0.0,YZ,MW
2046-09-05 12:00:00,CE,store_discharge,0.0,YZ,MW
2046-09-06 13:00:00,NR,store_discharge,0.0,YZ,MW
2046-09-07 14:00:00,SO,store_discharge,0.0,YZ,MW
2046-09-08 15:00:00,CE,store_discharge,0.0,YZ,MW
2046-09-09 16:00:00,NR,store_discharge,0.0,YZ,MW
2046-09-10 17:00:00,SO,store_discharge,0.0,YZ,MW
2046-09-11 18:00:00,CE,store_discharge,-3.69,YZ,MW
2046-09-12 19:00:00,NR,store_discharge,-6.21,YZ,MW
2046-09-13 20:00:00,SO,store_discharge,-4.5,YZ,MW
2046-09-14 21:00:00,CE,store_discharge,3.69,YZ,MW
2046-09-15 22:00:00,NR,store_discharge,6.21,YZ,MW
2046-09-16 23:00:00,SO,store_discharge,4.5,YZ,MW
2046-09-18 00:00:00,CE,store_discharge,0.0,YZ,MW
2046-09-19 01:00:00,NR,store_discharge,0.0,YZ,MW
2046-09-20 02:00:00,SO,store_discharge,0.0,YZ,MW
2046-09-21 03:00:00,CE,store_discharge,0.0,YZ,MW
2046-09-22 04:00:00,NR,store_discharge,0.0,YZ,MW
2046-09-23 05:00:00,SO,store_discharge,0.0,YZ,MW
2046-09-24 06:00:00,CE,store_discharge,0.0,YZ,MW
2046-09-25 07:00:00,NR,store_discharge,0.0,YZ,MW
2046-09-26 08:00:00,SO,store_discharge,0.0,YZ,MW
2046-09-27 09:00:00,CE,store_discharge,0.0,YZ,MW
2046-09-28 10:00:00,NR,store_discharge,0.0,YZ,MW
2046-09-29 11:00:00,SO,store_discharge,0.0,YZ,MW
2046-09-30 12:00:00,CE,store_discharge,0.0,YZ,MW
2046-10-01 13:00:00,NR,store_discharge,0.0,YZ,MW
2046-10-02 14:00:00,SO,store_discharge,0.0,YZ,MW
2046-10-03 15:00:00,CE,store_discharge,0.0,YZ,MW
2046-10-04 16:00:00,NR,store_discharge,0.0,YZ,MW
2046-10-05 17:00:00,SO,store_discharge,0.0,YZ,MW
2046-10-06 18:00:00,CE,store_discharge,0.0,YZ,MW
2046-10-07 19:00:00,NR,store_discharge,0.0,YZ,MW
2046-10-08 20:00:00,SO,store_discharge,0.0,YZ,MW
2046-10-09 21:00:00,CE,store_discharge,0.0,YZ,MW
2046-10-10 22:00:00,NR,store_discharge,0.0,YZ,MW
2046-10-11 23:00:00,SO,store_discharge,0.0,YZ,MW
2046-10-13 00:00:00,CE,store_discharge,0.0,YZ,MW
2046-10-14 01:00:00,NR,store_discharge,0.0,YZ,MW
2046-10-15 02:00:00,SO,store_discharge,0.0,YZ,MW
2046-10-16 03:00:00,CE,store_discharge,0.0,YZ,MW
2046-10-17 04:00:00,NR,store_discharge,0.0,YZ,MW
2046-10-18 05:00:00,SO,store_discharge,0.0,YZ,MW
2046-10-19 06:00:00,CE,store_discharge,0.0,YZ,MW
2046-10-20 07:00:00,NR,store_discharge,0.0,YZ,MW
2046-10-21 08:00:00,SO,store_discharge,0.0,YZ,MW
2046-10-22 09:00:00,CE,store_discharge,0.0,YZ,MW
2046-10-23 10:00:00,NR,store_discharge,0.0,YZ,MW
2046-10-24 11:00:00,SO,store_discharge,0.0,YZ,MW
2046-10-25 12:00:00,CE,store_discharge,0.0,YZ,MW
2046-10-26 13:00:00,NR,store_discharge,0.0,YZ,MW
2046-10-27 14:00:00,SO,store_discharge,0.0,YZ,MW
2046-10-28 15:00:00,CE,store_discharge,0.0,YZ,MW
2046-10-29 16:00:00,NR,store_discharge,0.0,YZ,MW
2046-10-30 17:00:00,SO,store_discharge,0.0,YZ,MW
2046-10-31 18:00:00,CE,store_discharge,0.0,YZ,MW
2046-11-01 19:00:00,NR,store_discharge,0.0,YZ,MW
2046-11-02 20:00:00,SO,store_discharge,0.0,YZ,MW
2046-11-03 21:00:00,CE,store_discharge,0.0,YZ,MW
2046-11-04 22:00:00,NR,store_discharge,0.0,YZ,MW
2046-11-05 23:00:00,SO,store_discharge,0.0,YZ,MW
2046-11-07 00:00:00,CE,store_discharge,0.0,YZ,MW
2046-11-08 01:00:00,NR,store_discharge,0.0,YZ,MW
2046-11-09 02:00:00,SO,store_discharge,0.0,YZ,MW
2046-11-10 03:00:00,CE,store_discharge,0.0,YZ,MW
2046-11-11 04:00:00,NR,store_discharge,0.0,YZ,MW
2046-11-12 05:00:00,SO,store_discharge,0.0,YZ,MW
2046-11-13 06:00:00,CE,store_discharge,0.0,YZ,MW
2046-11-14 07:00:00,NR,store_discharge,0.0,YZ,MW
2046-11-15 08:00:00,SO,store_discharge,0.0,YZ,MW
2046-11-16 09:00:00,CE,store_discharge,0.0,YZ,MW
2046-11-17 10:00:00,NR,store_discharge,0.0,YZ,MW
2046-11-18 11:00:00,SO,store_discharge,0.0,YZ,MW
2046-11-19 12:00:00,CE,store_discharge,0.0,YZ,MW
2046-11-20 13:00:00,NR,store_discharge,0.0,YZ,MW
2046-11-21 14:00:00,SO,store_discharge,0.0,YZ,MW
2046-11-22 15:00:00,CE,store_discharge,0.0,YZ,MW
2046-11-23 16:00:00,NR,store_discharge,0.0,YZ,MW
2046-11-24 17:00:00,SO,store_discharge,0.0,YZ,MW
2046-11-25 18:00:00,CE,store_discharge,-3.69,YZ,MW
2046-11-26 19:00:00,NR,store_discharge,-6.21,YZ,MW
2046-11-27 20:00:00,SO,store_discharge,-4.5,YZ,MW
2046-11-28 21:00:00,CE,store_discharge,3.69,YZ,MW
2046-11-29 22:00:00,NR,store_discharge,6.21,YZ,MW
2046-11-30 23:00:00,SO,store_discharge,4.5,YZ,MW
2046-12-02 00:00:00,CE,store_discharge,0.0,YZ,MW
2046-12-03 01:00:00,NR,store_discharge,0.0,YZ,MW
2046-12-04 02:00:00,SO,store_discharge,0.0,YZ,MW
2046-12-05 03:00:00,CE,store_discharge,0.0,YZ,MW
2046-12-06 04:00:00,NR,store_discharge,0.0,YZ,MW
2046-12-07 05:00:00,SO,store_discharge,0.0,YZ,MW
2046-12-08 06:00:00,CE,store_discharge,0.0,YZ,MW
2046-12-09 07:00:00,NR,store_discharge,0.0,YZ,MW
2046-12-10 08:00:00,SO,store_discharge,0.0,YZ,MW
2046-12-11 09:00:00,CE,store_discharge,0.0,YZ,MW
2046-12-12 10:00:00,NR,store_discharge,0.0,YZ,MW
2046-12-13 11:00:00,SO,store_discharge,0.0,YZ,MW
2046-12-14 12:00:00,CE,store_discharge,0.0,YZ,MW
2046-12-15 13:00:00,NR,store_discharge,0.0,YZ,MW
2046-12-16 14:00:00,SO,store_discharge,0.0,YZ,MW
2046-12-17 15:00:00,CE,store_discharge,0.0,YZ,MW
2046-12-18 16:00:00,NR,store_discharge,0.0,YZ,MW
2046-12-19 17:00:00,SO,store_discharge,0.0,YZ,MW
2046-12-20 18:00:00,CE,store_discharge,0.0,YZ,MW
2046-12-21 19:00:00,NR,store_discharge,0.0,YZ,MW
2046-12-22 20:00:00,SO,store_discharge,0.0,YZ,MW
2046-12-23 21:00:00,CE,store_discharge,0.0,YZ,MW
2046-12-24 22:00:00,NR,store_discharge,0.0,YZ,MW
2046-12-25 23:00:00,SO,store_discharge,0.0,YZ,MW
2046-12-27 00:00:00,CE,store_discharge,0.0,YZ,MW
2046-12-28 01:00:00,NR,store_discharge,0.0,YZ,MW
2046-12-29 02:00:00,SO,store_discharge,0.0,YZ,MW
2046-12-30 03:00:00,CE,store_discharge,0.0,YZ,MW
2046-12-31 04:00:00,NR,store_discharge,0.0,YZ,MW
2047-01-01 05:00:00,SO,store_discharge,0.0,YZ,MW
2047-01-02 06:00:00,CE,store_discharge,0.0,YZ,MW
2047-01-03 07:00:00,NR,store_discharge,0.0,YZ,MW
2047-01-04 08:00:00,SO,store_discharge,0.0,YZ,MW
2047-01-05 09:00:00,CE,store_discharge,0.0,YZ,MW
2047-01-06 10:00:00,NR,store_discharge,0.0,YZ,MW
2047-01-07 11:00:00,SO,store_discharge,0.0,YZ,MW
2047-01-08 12:00:00,CE,store_discharge,0.0,YZ,MW
2047-01-09 13:00:00,NR,store_discharge,0.0,YZ,MW
2047-01-10 14:00:00,SO,store_discharge,0.0,YZ,MW
2047-01-11 15:00:00,CE,store_discharge,0.0,YZ,MW
2047-01-12 16:00:00,NR,store_discharge,0.0,YZ,MW
2047-01-13 17:00:00,SO,store_discharge,0.0,YZ,MW
2047-01-14 18:00:00,CE,store_discharge,0.0,YZ,MW
2047-01-15 19:00:00,NR,store_discharge,0.0,YZ,MW
2047-01-16 20:00:00,SO,store_discharge,0.0,YZ,MW
2047-01-17 21:00:00,CE,store_discharge,0.0,YZ,MW
2047-01-18 22:00:00,NR,store_discharge,0.0,YZ,MW
2047-01-19 23:00:00,SO,store_discharge,0.0,YZ,MW
2047-01-21 00:00:00,CE,store_discharge,0.0,YZ,MW
2047-01-22 01:00:00,NR,store_discharge,0.0,YZ,MW
2047-01-23 02:00:00,SO,store_discharge,0.0,YZ,MW
2047-01-24 03:00:00,CE,store_discharge,0.0,YZ,MW
2047-01-25 04:00:00,NR,store_discharge,0.0,YZ,MW
2047-01-26 05:00:00,SO,store_discharge,0.0,YZ,MW
2047-01-27 06:00:00,CE,store_discharge,0.0,YZ,MW
2047-01-28 07:00:00,NR,store_discharge,0.0,YZ,MW
2047-01-29 08:00:00,SO,store_discharge,0.0,YZ,MW
2047-01-30 09:00:00,CE,store_discharge,0.0,YZ,MW
2047-01-31 10:00:00,NR,store_discharge,0.0,YZ,MW
2047-02-01 11:00:00,SO,store_discharge,0.0,YZ,MW
2047-02-02 12:00:00,CE,store_discharge,0.0,YZ,MW
2047-02-03 13:00:00,NR,store_discharge,0.0,YZ,MW
2047-02-04 14:00:00,SO,store_discharge,0.0,YZ,MW
2047-02-05 15:00:00,CE,store_discharge,0.0,YZ,MW
2047-02-06 16:00:00,NR,store_discharge,0.0,YZ,MW
2047-02-07 17:00:00,SO,store_discharge,0.0,YZ,MW
2047-02-08 18:00:00,CE,store_discharge,-3.69,YZ,MW
2047-02-09 19:00:00,NR,store_discharge,-6.21,YZ,MW
2047-02-10 20:00:00,SO,store_discharge,-4.5,YZ,MW
2047-02-11 21:00:00,CE,store_discharge,3.69,YZ,MW
2047-02-12 22:00:00,NR,store_discharge,6.21,YZ,MW
2047-02-13 23:00:00,SO,store_discharge,4.5,YZ,MW
2047-02-15 00:00:00,CE,store_discharge,0.0,YZ,MW
2047-02-16 01:00:00,NR,store_discharge,0.0,YZ,MW
2047-02-17 02:00:00,SO,store_discharge,0.0,YZ,MW
2047-02-18 03:00:00,CE,store_discharge,0.0,YZ,MW
2047-02-19 04:00:00,NR,store_discharge,0.0,YZ,MW
2047-02-20 05:00:00,SO,store_discharge,0.0,YZ,MW
2047-02-21 06:00:00,CE,store_discharge,0.0,YZ,MW
2047-02-22 07:00:00,NR,store_discharge,0.0,YZ,MW
2047-02-23 08:00:00,SO,store_discharge,0.0,YZ,MW
2047-02-24 09:00:00,CE,store_discharge,0.0,YZ,MW
2047-02-25 10:00:00,NR,store_discharge,0.0,YZ,MW
2047-02-26 11:00:00,SO,store_discharge,0.0,YZ,MW
2047-02-27 12:00:00,CE,store_discharge,0.0,YZ,MW
2047-02-28 13:00:00,NR,store_discharge,0.0,YZ,MW
2047-03-01 14:00:00,SO,store_discharge,0.0,YZ,MW
2047-03-02 15:00:00,CE,store_discharge,0.0,YZ,MW
2047-03-03 16:00:00,NR,store_discharge,0.0,YZ,MW
2047-03-04 17:00:00,SO,store_discharge,0.0,YZ,MW
2047-03-05 18:00:00,CE,store_discharge,0.0,YZ,MW
2047-03-06 19:00:00,NR,store_discharge,0.0,YZ,MW
2047-03-07 20:00:00,SO,store_discharge,0.0,YZ,MW
2047-03-08 21:00:00,CE,store_discharge,0.0,YZ,MW
2047-03-09 22:00:00,NR,store_discharge,0.0,YZ,MW
2047-03-10 23:00:00,SO,store_discharge,0.0,YZ,MW
2047-03-12 00:00:00,CE,store_discharge,0.0,YZ,MW
2047-03-13 01:00:00,NR,store_discharge,0.0,YZ,MW
2047-03-14 02:00:00,SO,store_discharge,0.0,YZ,MW
2047-03-15 03:00:00,CE,store_discharge,0.0,YZ,MW
2047-03-16 04:00:00,NR,store_discharge,0.0,YZ,MW
2047-03-17 05:00:00,SO,store_discharge,0.0,YZ,MW
2047-03-18 06:00:00,CE,store_discharge,0.0,YZ,MW
2047-03-19 07:00:00,NR,store_discharge,0.0,YZ,MW
2047-03-20 08:00:00,SO,store_discharge,0.0,YZ,MW
2047-03-21 09:00:00,CE,store_discharge,0.0,YZ,MW
2047-03-22 10:00:00,NR,store_discharge,0.0,YZ,MW
2047-03-23 11:00:00,SO,store_discharge,0.0,YZ,MW
2047-03-24 12:00:00,CE,store_discharge,0.0,YZ,MW
2047-03-25 13:00:00,NR,store_discharge,0.0,YZ,MW
2047-03-26 14:00:00,SO,store_discharge,0.0,YZ,MW
2047-03-27 15:00:00,CE,store_discharge,0.0,YZ,MW
2047-03-28 16:00:00,NR,store_discharge,0.0,YZ,MW
2047-03-29 17:00:00,SO,store_discharge,0.0,YZ,MW
2047-03-30 18:00:00,CE,store_discharge,0.0,YZ,MW
2047-03-31 19:00:00,NR,store_discharge,0.0,YZ,MW
2047-04-01 20:00:00,SO,store_discharge,0.0,YZ,MW
2047-04-02 21:00:00,CE,store_discharge,0.0,YZ,MW
2047-04-03 22:00:00,NR,store_discharge,0.0,YZ,MW
2047-04-04 23:00:00,SO,store_discharge,0.0,YZ,MW
2047-04-06 00:00:00,CE,store_discharge,0.0,YZ,MW
2047-04-07 01:00:00,NR,store_discharge,0.0,YZ,MW
2047-04-08 02:00:00,SO,store_discharge,0.0,YZ,MW
2047-04-09 03:00:00,CE,store_discharge,0.0,YZ,MW
2047-04-10 04:00:00,NR,store_discharge,0.0,YZ,MW
2047-04-11 05:00:00,SO,store_discharge,0.0,YZ,MW
2047-04-12 06:00:00,CE,store_discharge,0.0,YZ,MW
2047-04-13 07:00:00,NR,store_discharge,0.0,YZ,MW
2047-04-14 08:00:00,SO,store_discharge,0.0,YZ,MW
2047-04-15 09:00:00,CE,store_discharge,0.0,YZ,MW
2047-04-16 10:00:00,NR,store_discharge,0.0,YZ,MW
2047-04-17 11:00:00,SO,store_discharge,0.0,YZ,MW
2047-04-18 12:00:00,CE,store_discharge,0.0,YZ,MW
2047-04-19 13:00:00,NR,store_discharge,0.0,YZ,MW
2047-04-20 14:00:00,SO,store_discharge,0.0,YZ,MW
2047-04-21 15:00:00,CE,store_discharge,0.0,YZ,MW
2047-04-22 16:00:00,NR,store_discharge,0.0,YZ,MW
2047-04-23 17:00:00,SO,store_discharge,0.0,YZ,MW
2047-04-24 18:00:00,CE,store_discharge,-3.69,YZ,MW
2047-04-25 19:00:00,NR,store_discharge,-6.21,YZ,MW
2047-04-26 20:00:00,SO,store_discharge,-4.5,YZ,MW
2047-04-27 21:00:00,CE,store_discharge,3.69,YZ,MW
2047-04-28 22:00:00,NR,store_discharge,6.21,YZ,MW
2047-04-29 23:00:00,SO,store_discharge,4.5,YZ,MW
2047-05-01 00:00:00,CE,store_discharge,0.0,YZ,MW
2047-05-02 01:00:00,NR,store_discharge,0.0,YZ,MW
2047-05-03 02:00:00,SO,store_discharge,0.0,YZ,MW
2047-05-04 03:00:00,CE,store_discharge,0.0,YZ,MW
2047-05-05 04:00:00,NR,store_discharge,0.0,YZ,MW
2047-05-06 05:00:00,SO,store_discharge,0.0,YZ,MW
2047-05-07 06:00:00,CE,store_discharge,0.0,YZ,MW
2047-05-08 07:00:00,NR,store_discharge,0.0,YZ,MW
2047-05-09 08:00:00,SO,store_discharge,0.0,YZ,MW
2047-05-10 09:00:00,CE,store_discharge,0.0,YZ,MW
2047-05-11 10:00:00,NR,store_discharge,0.0,YZ,MW
2047-05-12 11:00:00,SO,store_discharge,0.0,YZ,MW
2047-05-13 12:00:00,CE,store_discharge,0.0,YZ,MW
2047-05-14 13:00:00,NR,store_discharge,0.0,YZ,MW
2047-05-15 14:00:00,SO,store_discharge,0.0,YZ,MW
2047-05-16 15:00:00,CE,store_discharge,0.0,YZ,MW
2047-05-17 16:00:00,NR,store_discharge,0.0,YZ,MW
2047-05-18 17:00:00,SO,store_discharge,0.0,YZ,MW
2047-05-19 18:00:00,CE,store_discharge,0.0,YZ,MW
2047-05-20 19:00:00,NR,store_discharge,0.0,YZ,MW
2047-05-21 20:00:00,SO,store_discharge,0.0,YZ,MW
2047-05-22 21:00:00,CE,store_discharge,0.0,YZ,MW
2047-05-23 22:00:00,NR,store_discharge,0.0,YZ,MW
2047-05-24 23:00:00,SO,store_discharge,0.0,YZ,MW
2047-05-26 00:00:00,CE,store_discharge,0.0,YZ,MW
2047-05-27 01:00:00,NR,store_discharge,0.0,YZ,MW
2047-05-28 02:00:00,SO,store_discharge,0.0,YZ,MW
2047-05-29 03:00:00,CE,store_discharge,0.0,YZ,MW
2047-05-30 04:00:00,NR,store_discharge,0.0,YZ,MW
2047-05-31 05:00:00,SO,store_discharge,0.0,YZ,MW
2047-06-01 06:00:00,CE,store_discharge,0.0,YZ,MW
2047-06-02 07:00:00,NR,store_discharge,0.0,YZ,MW
2047-06-03 08:00:00,SO,store_discharge,0.0,YZ,MW
2047-06-04 09:00:00,CE,store_discharge,0.0,YZ,MW
2047-06-05 10:00:00,NR,store_discharge,0.0,YZ,MW
2047-06-06 11:00:00,SO,store_discharge,0.0,YZ,MW
2047-06-07 12:00:00,CE,store_discharge,0.0,YZ,MW
2047-06-08 13:00:00,NR,store_discharge,0.0,YZ,MW
2047-06-09 14:00:00,SO,store_discharge,0.0,YZ,MW
2047-06-10 15:00:00,CE,store_discharge,0.0,YZ,MW
2047-06-11 16:00:00,NR,store_discharge,0.0,YZ,MW
2047-06-12 17:00:00,SO,store_discharge,0.0,YZ,MW
2047-06-13 18:00:00,CE,store_discharge,0.0,YZ,MW
2047-06-14 19:00:00,NR,store_discharge,0.0,YZ,MW
2047-06-15 20:00:00,SO,store_discharge,0.0,YZ,MW
2047-06-16 21:00:00,CE,store_discharge,0.0,YZ,MW
2047-06-17 22:00:00,NR,store_discharge,0.0,YZ,MW
2047-06-18 23:00:00,SO,store_discharge,0.0,YZ,MW
2047-06-20 00:00:00,CE,store_discharge,0.0,YZ,MW
2047-06-21 01:00:00,NR,store_discharge,0.0,YZ,MW
2047-06-22 02:00:00,SO,store_discharge,0.0,YZ,MW
2047-06-23 03:00:00,CE,store_discharge,0.0,YZ,MW
2047-06-24 04:00:00,NR,store_discharge,0.0,YZ,MW
2047-06-25 05:00:00,SO,store_discharge,0.0,YZ,MW
2047-06-26 06:00:00,CE,store_discharge,0.0,YZ,MW
2047-06-27 07:00:00,NR,store_discharge,0.0,YZ,MW
2047-06-28 08:00:00,SO,store_discharge,0.0,YZ,MW
2047-06-29 09:00:00,CE,store_discharge,0.0,YZ,MW
2047-06-30 10:00:00,NR,store_discharge,0.0,YZ,MW
2047-07-01 11:00:00,SO,store_discharge,0.0,YZ,MW
2047-07-02 12:00:00,CE,store_discharge,0.0,YZ,MW
2047-07-03 13:00:00,NR,store_discharge,0.0,YZ,MW
2047-07-04 14:00:00,SO,store_discharge,0.0,YZ,MW
2047-07-05 15:00:00,CE,store_discharge,0.0,YZ,MW
2047-07-06 16:00:00,NR,store_discharge,0.0,YZ,MW
2047-07-07 17:00:00,SO,store_discharge,0.0,YZ,MW
2047-07-08 18:00:00,CE,store_discharge,0.0,YZ,MW
2047-07-09 19:00:00,NR,store_discharge,0.0,YZ,MW
2047-07-10 20:00:00,SO,store_discharge,0.0,YZ,MW
2047-07-11 21:00:00,CE,store_discharge,-3.69,YZ,MW
2047-07-12 22:00:00,NR,store_discharge,-6.21,YZ,MW
2047-07-13 23:00:00,SO,store_discharge,-4.5,YZ,MW
2047-07-15 00:00:00,CE,store_discharge,3.69,YZ,MW
2047-07-16 01:00:00,NR,store_discharge,6.21,YZ,MW
2047-07-17 02:00:00,SO,store_discharge,4.5,YZ,MW
2047-07-18 03:00:00,CE,store_discharge,0.0,YZ,MW
2047-07-19 04:00:00,NR,store_discharge,0.0,YZ,MW
2047-07-20 05:00:00,SO,store_discharge,0.0,YZ,MW
2047-07-21 06:00:00,CE,store_discharge,0.0,YZ,MW
2047-07-22 07:00:00,NR,store_discharge,0.0,YZ,MW
2047-07-23 08:00:00,SO,store_discharge,0.0,YZ,MW
2047-07-24 09:00:00,CE,store_discharge,0.0,YZ,MW
2047-07-25 10:00:00,NR,store_discharge,0.0,YZ,MW
2047-07-26 11:00:00,SO,store_discharge,0.0,YZ,MW
2047-07-27 12:00:00,CE,store_discharge,0.0,YZ,MW
2047-07-28 13:00:00,NR,store_discharge,0.0,YZ,MW
2047-07-29 14:00:00,SO,store_discharge,0.0,YZ,MW
2047-07-30 15:00:00,CE,store_discharge,0.0,YZ,MW
2047-07-31 16:00:00,NR,store_discharge,0.0,YZ,MW
2047-08-01 17:00:00,SO,store_discharge,0.0,YZ,MW
2047-08-02 18:00:00,CE,store_discharge,0.0,YZ,MW
2047-08-03 19:00:00,NR,store_discharge,0.0,YZ,MW
2047-08-04 20:00:00,SO,store_discharge,0.0,YZ,MW
2047-08-05 21:00:00,CE,store_discharge,0.0,YZ,MW
2047-08-06 22:00:00,NR,store_discharge,0.0,YZ,MW
2047-08-07 23:00:00,SO,store_discharge,0.0,YZ,MW
2047-08-09 00:00:00,CE,store_discharge,0.0,YZ,MW
2047-08-10 01:00:00,NR,store_discharge,0.0,YZ,MW
2047-08-11 02:00:00,SO,store_discharge,0.0,YZ,MW
2047-08-12 03:00:00,CE,store_discharge,0.0,YZ,MW
2047-08-13 04:00:00,NR,store_discharge,0.0,YZ,MW
2047-08-14 05:00:00,SO,store_discharge,0.0,YZ,MW
2047-08-15 06:00:00,CE,store_discharge,0.0,YZ,MW
2047-08-16 07:00:00,NR,store_discharge,0.0,YZ,MW
2047-08-17 08:00:00,SO,store_discharge,0.0,YZ,MW
2047-08-18 09:00:00,CE,store_discharge,0.0,YZ,MW
2047-08-19 10:00:00,NR,store_discharge,0.0,YZ,MW
2047-08-20 11:00:00,SO,store_discharge,0.0,YZ,MW
2047-08-21 12:00:00,CE,store_discharge,0.0,YZ,MW
2047-08-22 13:00:00,NR,store_discharge,0.0,YZ,MW
2047-08-23 14:00:00,SO,store_discharge,0.0,YZ,MW
2047-08-24 15:00:00,CE,store_discharge,0.0,YZ,MW
2047-08-25 16:00:00,NR,store_discharge,0.0,YZ,MW
2047-08-26 17:00:00,SO,store_discharge,0.0,YZ,MW
2047-08-27 18:00:00,CE,store_discharge,0.0,YZ,MW
2047-08-28 19:00:00,NR,store_discharge,0.0,YZ,MW
2047-08-29 20:00:00,SO,store_discharge,0.0,YZ,MW
2047-08-30 21:00:00,CE,store_discharge,0.0,YZ,MW
2047-08-31 22:00:00,NR,store_discharge,0.0,YZ,MW
2047-09-01 23:00:00,SO,store_discharge,0.0,YZ,MW
2047-09-03 00:00:00,CE,store_discharge,0.0,YZ,MW
2047-09-04 01:00:00,NR,store_discharge,0.0,YZ,MW
2047-09-05 02:00:00,SO,store_discharge,0.0,YZ,MW
2047-09-06 03:00:00,CE,store_discharge,0.0,YZ,MW
2047-09-07 04:00:00,NR,store_discharge,0.0,YZ,MW
2047-09-08 05:00:00,SO,store_discharge,0.0,YZ,MW
2047-09-09 06:00:00,CE,store_discharge,0.0,YZ,MW
2047-09-10 07:00:00,NR,store_discharge,0.0,YZ,MW
2047-09-11 08:00:00,SO,store_discharge,0.0,YZ,MW
2047-09-12 09:00:00,CE,store_discharge,0.0,YZ,MW
2047-09-13 10:00:00,NR,store_discharge,0.0,YZ,MW
2047-09-14 11:00:00,SO,store_discharge,0.0,YZ,MW
2047-09-15 12:00:00,CE,store_discharge,0.0,YZ,MW
2047-09-16 13:00:00,NR,store_discharge,0.0,YZ,MW
2047-09-17 14:00:00,SO,store_discharge,0.0,YZ,MW
2047-09-18 15:00:00,CE,store_discharge,0.0,YZ,MW
2047-09-19 16:00:00,NR,store_discharge,0.0,YZ,MW
2047-09-20 17:00:00,SO,store_discharge,0.0,YZ,MW
2047-09-21 18:00:00,CE,store_discharge,0.0,YZ,MW
2047-09-22 19:00:00,NR,store_discharge,0.0,YZ,MW
2047-09-23 20:00:00,SO,store_discharge,0.0,YZ,MW
2047-09-24 21:00:00,CE,store_discharge,-3.69,YZ,MW
2047-09-25 22:00:00,NR,store_discharge,-6.21,YZ,MW
2047-09-26 23:00:00,SO,store_discharge,-4.5,YZ,MW
2047-09-28 00:00:00,CE,store_discharge,3.69,YZ,MW
2047-09-29 01:00:00,NR,store_discharge,6.21,YZ,MW
2047-09-30 02:00:00,SO,store_discharge,4.5,YZ,MW
2047-10-01 03:00:00,CE,store_discharge,0.0,YZ,MW
2047-10-02 04:00:00,NR,store_discharge,0.0,YZ,MW
2047-10-03 05:00:00,SO,store_discharge,0.0,YZ,MW
2047-10-04 06:00:00,CE,store_discharge,0.0,YZ,MW
2047-10-05 07:00:00,NR,store_discharge,0.0,YZ,MW
2047-10-06 08:00:00,SO,store_discharge,0.0,YZ,MW
2047-10-07 09:00:00,CE,store_discharge,0.0,YZ,MW
2047-10-08 10:00:00,NR,store_discharge,0.0,YZ,MW
2047-10-09 11:00:00,SO,store_discharge,0.0,YZ,MW
2047-10-10 12:00:00,CE,store_discharge,0.0,YZ,MW
2047-10-11 13:00:00,NR,store_discharge,0.0,YZ,MW
2047-10-12 14:00:00,SO,store_discharge,0.0,YZ,MW
2047-10-13 15:00:00,CE,store_discharge,0.0,YZ,MW
2047-10-14 16:00:00,NR,store_discharge,0.0,YZ,MW
2047-10-15 17:00:00,SO,store_discharge,0.0,YZ,MW
2047-10-16 18:00:00,CE,store_discharge,0.0,YZ,MW
2047-10-17 19:00:00,NR,store_discharge,0.0,YZ,MW
2047-10-18 20:00:00,SO,store_discharge,0.0,YZ,MW
2047-10-19 21:00:00,CE,store_discharge,0.0,YZ,MW
2047-10-20 22:00:00,NR,store_discharge,0.0,YZ,MW
2047-10-21 23:00:00,SO,store_discharge,0.0,YZ,MW
2047-10-23 00:00:00,CE,store_discharge,0.0,YZ,MW
2047-10-24 01:00:00,NR,store_discharge,0.0,YZ,MW
2047-10-25 02:00:00,SO,store_discharge,0.0,YZ,MW
2047-10-26 03:00:00,CE,store_discharge,0.0,YZ,MW
2047-10-27 04:00:00,NR,store_discharge,0.0,YZ,MW
2047-10-28 05:00:00,SO,store_discharge,0.0,YZ,MW
2047-10-29 06:00:00,CE,store_discharge,0.0,YZ,MW
2047-10-30 07:00:00,NR,store_discharge,0.0,YZ,MW
2047-10-31 08:00:00,SO,store_discharge,0.0,YZ,MW
2047-11-01 09:00:00,CE,store_discharge,0.0,YZ,MW
2047-11-02 10:00:00,NR,store_discharge,0.0,YZ,MW
2047-11-03 11:00:00,SO,store_discharge,0.0,YZ,MW
2047-11-04 12:00:00,CE,store_discharge,0.0,YZ,MW
2047-11-05 13:00:00,NR,store_discharge,0.0,YZ,MW
2047-11-06 14:00:00,SO,store_discharge,0.0,YZ,MW
2047-11-07 15:00:00,CE,store_discharge,0.0,YZ,MW
2047-11-08 16:00:00,NR,store_discharge,0.0,YZ,MW
2047-11-09 17:00:00,SO,store_discharge,0.0,YZ,MW
2047-11-10 18:00:00,CE,store_discharge,0.0,YZ,MW
2047-11-11 19:00:00,NR,store_discharge,0.0,YZ,MW
2047-11-12 20:00:00,SO,store_discharge,0.0,YZ,MW
2047-11-13 21:00:00,CE,store_discharge,0.0,YZ,MW
2047-11-14 22:00:00,NR,store_discharge,0.0,YZ,MW
2047-11-15 23:00:00,SO,store_discharge,0.0,YZ,MW
2047-11-17 00:00:00,CE,store_discharge,0.0,YZ,MW
2047-11-18 01:00:00,NR,store_discharge,0.0,YZ,MW
2047-11-19 02:00:00,SO,store_discharge,0.0,YZ,MW
2047-11-20 03:00:00,CE,store_discharge,0.0,YZ,MW
2047-11-21 04:00:00,NR,store_discharge,0.0,YZ,MW
2047-11-22 05:00:00,SO,store_discharge,0.0,YZ,MW
2047-11-23 06:00:00,CE,store_discharge,0.0,YZ,MW
2047-11-24 07:00:00,NR,store_discharge,0.0,YZ,MW
2047-11-25 08:00:00,SO,store_discharge,0.0,YZ,MW
2047-11-26 09:00:00,CE,store_discharge,0.0,YZ,MW
2047-11-27 10:00:00,NR,store_discharge,0.0,YZ,MW
2047-11-28 11:00:00,SO,store_discharge,0.0,YZ,MW
2047-11-29 12:00:00,CE,store_discharge,0.0,YZ,MW
2047-11-30 13:00:00,NR,store_discharge,0.0,YZ,MW
2047-12-01 14:00:00,SO,store_discharge,0.0,YZ,MW
2047-12-02 15:00:00,CE,store_discharge,0.0,YZ,MW
2047-12-03 16:00:00,NR,store_discharge,0.0,YZ,MW
2047-12-04 17:00:00,SO,store_discharge,0.0,YZ,MW
2047-12-05 18:00:00,CE,store_discharge,0.0,YZ,MW
2047-12-06 19:00:00,NR,store_discharge,0.0,YZ,MW
2047-12-07 20:00:00,SO,store_discharge,0.0,YZ,MW
2047-12-08 21:00:00,CE,store_discharge,-3.69,YZ,MW
2047-12-09 22:00:00,NR,store_discharge,-6.21,YZ,MW
2047-12-10 23:00:00,SO,store_discharge,-4.5,YZ,MW
2047-12-12 00:00:00,CE,store_discharge,3.69,YZ,MW
2047-12-13 01:00:00,NR,store_discharge,6.21,YZ,MW
2047-12-14 02:00:00,SO,store_discharge,4.5,YZ,MW
2047-12-15 03:00:00,CE,store_discharge,0.0,YZ,MW
2047-12-16 04:00:00,NR,store_discharge,0.0,YZ,MW
2047-12-17 05:00:00,SO,store_discharge,0.0,YZ,MW
2047-12-18 06:00:00,CE,store_discharge,0.0,YZ,MW
2047-12-19 07:00:00,NR,store_discharge,0.0,YZ,MW
2047-12-20 08:00:00,SO,store_discharge,0.0,YZ,MW
2047-12-21 09:00:00,CE,store_discharge,0.0,YZ,MW
2047-12-22 10:00:00,NR,store_discharge,0.0,YZ,MW
2047-12-23 11:00:00,SO,store_discharge,0.0,YZ,MW
2047-12-24 12:00:00,CE,store_discharge,0.0,YZ,MW
2047-12-25 13:00:00,NR,store_discharge,0.0,YZ,MW
2047-12-26 14:00:00,SO,store_discharge,0.0,YZ,MW
2047-12-27 15:00:00,CE,store_discharge,0.0,YZ,MW
2047-12-28 16:00:00,NR,store_discharge,0.0,YZ,MW
2047-12-29 17:00:00,SO,store_discharge,0.0,YZ,MW
2047-12-30 18:00:00,CE,store_discharge,0.0,YZ,MW
2047-12-31 19:00:00,NR,store_discharge,0.0,YZ,MW
2048-01-01 20:00:00,SO,store_discharge,0.0,YZ,MW
2048-01-02 21:00:00,CE,store_discharge,0.0,YZ,MW
2048-01-03 22:00:00,NR,store_discharge,0.0,YZ,MW
2048-01-04 23:00:00,SO,store_discharge,0.0,YZ,MW
2045-01-01 00:00:00,CE,state_of_charge,0.0,YZ,MW
2045-01-02 01:00:00,NR,state_of_charge,162.0,YZ,MW
2045-01-03 02:00:00,SO,state_of_charge,90.0,YZ,MW
2045-01-04 03:00:00,CE,state_of_charge,0.0,YZ,MW
2045-01-05 04:00:00,NR,state_of_charge,0.0,YZ,MW
2045-01-06 05:00:00,SO,state_of_charge,0.0,YZ,MW
2045-01-07 06:00:00,CE,state_of_charge,0.0,YZ,MW
2045-01-08 07:00:00,NR,state_of_charge,0.0,YZ,MW
2045-01-09 08:00:00,SO,state_of_charge,0.0,YZ,MW
2045-01-10 09:00:00,CE,state_of_charge,0.0,YZ,MW
2045-01-11 10:00:00,NR,state_of_charge,0.0,YZ,MW
2045-01-12 11:00:00,SO,state_of_charge,0.0,YZ,MW
2045-01-13 12:00:00,CE,state_of_charge,0.0,YZ,MW
2045-01-14 13:00:00,NR,state_of_charge,0.0,YZ,MW
2045-01-15 14:00:00,SO,state_of_charge,0.0,YZ,MW
2045-01-16 15:00:00,CE,state_of_charge,0.0,YZ,MW
2045-01-17 16:00:00,NR,state_of_charge,0.0,YZ,MW
2045-01-18 17:00:00,SO,state_of_charge,0.0,YZ,MW
2045-01-19 18:00:00,CE,state_of_charge,92.25,YZ,MW
2045-01-20 19:00:00,NR,state_of_charge,155.25,YZ,MW
2045-01-21 20:00:00,SO,state_of_charge,112.5,YZ,MW
2045-01-22 21:00:00,CE,state_of_charge,0.0,YZ,MW
2045-01-23 22:00:00,NR,state_of_charge,0.0,YZ,MW
2045-01-24 23:00:00,SO,state_of_charge,0.0,YZ,MW
2045-01-26 00:00:00,CE,state_of_charge,0.0,YZ,MW
2045-01-27 01:00:00,NR,state_of_charge,0.0,YZ,MW
2045-01-28 02:00:00,SO,state_of_charge,0.0,YZ,MW
2045-01-29 03:00:00,CE,state_of_charge,0.0,YZ,MW
2045-01-30 04:00:00,NR,state_of_charge,0.0,YZ,MW
2045-01-31 05:00:00,SO,state_of_charge,0.0,YZ,MW
2045-02-01 06:00:00,CE,state_of_charge,0.0,YZ,MW
2045-02-02 07:00:00,NR,state_of_charge,0.0,YZ,MW
2045-02-03 08:00:00,SO,state_of_charge,0.0,YZ,MW
2045-02-04 09:00:00,CE,state_of_charge,0.0,YZ,MW
2045-02-05 10:00:00,NR,state_of_charge,0.0,YZ,MW
2045-02-06 11:00:00,SO,state_of_charge,0.0,YZ,MW
2045-02-07 12:00:00,CE,state_of_charge,0.0,YZ,MW
2045-02-08 13:00:00,NR,state_of_charge,0.0,YZ,MW
2045-02-09 14:00:00,SO,state_of_charge,0.0,YZ,MW
2045-02-10 15:00:00,CE,state_of_charge,0.0,YZ,MW
2045-02-11 16:00:00,NR,state_of_charge,0.0,YZ,MW
2045-02-12 17:00:00,SO,state_of_charge,0.0,YZ,MW
2045-02-13 18:00:00,CE,state_of_charge,0.0,YZ,MW
2045-02-14 19:00:00,NR,state_of_charge,0.0,YZ,MW
2045-02-15 20:00:00,SO,state_of_charge,0.0,YZ,MW
2045-02-16 21:00:00,CE,state_of_charge,0.0,YZ,MW
2045-02-17 22:00:00,NR,state_of_charge,0.0,YZ,MW
2045-02-18 23:00:00,SO,state_of_charge,0.0,YZ,MW
2045-02-20 00:00:00,CE,state_of_charge,0.0,YZ,MW
2045-02-21 01:00:00,NR,state_of_charge,0.0,YZ,MW
2045-02-22 02:00:00,SO,state_of_charge,0.0,YZ,MW
2045-02-23 03:00:00,CE,state_of_charge,0.0,YZ,MW
2045-02-24 04:00:00,NR,state_of_charge,0.0,YZ,MW
2045-02-25 05:00:00,SO,state_of_charge,0.0,YZ,MW
2045-02-26 06:00:00,CE,state_of_charge,0.0,YZ,MW
2045-02-27 07:00:00,NR,state_of_charge,0.0,YZ,MW
2045-02-28 08:00:00,SO,state_of_charge,0.0,YZ,MW
2045-03-01 09:00:00,CE,state_of_charge,0.0,YZ,MW
2045-03-02 10:00:00,NR,state_of_charge,0.0,YZ,MW
2045-03-03 11:00:00,SO,state_of_charge,0.0,YZ,MW
2045-03-04 12:00:00,CE,state_of_charge,0.0,YZ,MW
2045-03-05 13:00:00,NR,state_of_charge,0.0,YZ,MW
2045-03-06 14:00:00,SO,state_of_charge,0.0,YZ,MW
2045-03-07 15:00:00,CE,state_of_charge,0.0,YZ,MW
2045-03-08 16:00:00,NR,state_of_charge,0.0,YZ,MW
2045-03-09 17:00:00,SO,state_of_charge,0.0,YZ,MW
2045-03-10 18:00:00,CE,state_of_charge,0.0,YZ,MW
2045-03-11 19:00:00,NR,state_of_charge,0.0,YZ,MW
2045-03-12 20:00:00,SO,state_of_charge,0.0,YZ,MW
2045-03-13 21:00:00,CE,state_of_charge,0.0,YZ,MW
2045-03-14 22:00:00,NR,state_of_charge,0.0,YZ,MW
2045-03-15 23:00:00,SO,state_of_charge,0.0,YZ,MW
2045-03-17 00:00:00,CE,state_of_charge,0.0,YZ,MW
2045-03-18 01:00:00,NR,state_of_charge,0.0,YZ,MW
2045-03-19 02:00:00,SO,state_of_charge,0.0,YZ,MW
2045-03-20 03:00:00,CE,state_of_charge,0.0,YZ,MW
2045-03-21 04:00:00,NR,state_of_charge,0.0,YZ,MW
2045-03-22 05:00:00,SO,state_of_charge,0.0,YZ,MW
2045-03-23 06:00:00,CE,state_of_charge,0.0,YZ,MW
2045-03-24 07:00:00,NR,state_of_charge,0.0,YZ,MW
2045-03-25 08:00:00,SO,state_of_charge,0.0,YZ,MW
2045-03-26 09:00:00,CE,state_of_charge,0.0,YZ,MW
2045-03-27 10:00:00,NR,state_of_charge,0.0,YZ,MW
2045-03-28 11:00:00,SO,state_of_charge,0.0,YZ,MW
2045-03-29 12:00:00,CE,state_of_charge,0.0,YZ,MW
2045-03-30 13:00:00,NR,state_of_charge,0.0,YZ,MW
2045-03-31 14:00:00,SO,state_of_charge,0.0,YZ,MW
2045-04-01 15:00:00,CE,state_of_charge,0.0,YZ,MW
2045-04-02 16:00:00,NR,state_of_charge,0.0,YZ,MW
2045-04-03 17:00:00,SO,state_of_charge,0.0,YZ,MW
2045-04-04 18:00:00,CE,state_of_charge,92.25,YZ,MW
2045-04-05 19:00:00,NR,state_of_charge,155.25,YZ,MW
2045-04-06 20:00:00,SO,state_of_charge,112.5,YZ,MW
2045-04-07 21:00:00,CE,state_of_charge,0.0,YZ,MW
2045-04-08 22:00:00,NR,state_of_charge,0.0,YZ,MW
2045-04-09 23:00:00,SO,state_of_charge,0.0,YZ,MW
2045-04-11 00:00:00,CE,state_of_charge,0.0,YZ,MW
2045-04-12 01:00:00,NR,state_of_charge,0.0,YZ,MW
2045-04-13 02:00:00,SO,state_of_charge,0.0,YZ,MW
2045-04-14 03:00:00,CE,state_of_charge,0.0,YZ,MW
2045-04-15 04:00:00,NR,state_of_charge,0.0,YZ,MW
2045-04-16 05:00:00,SO,state_of_charge,0.0,YZ,MW
2045-04-17 06:00:00,CE,state_of_charge,0.0,YZ,MW
2045-04-18 07:00:00,NR,state_of_charge,0.0,YZ,MW
2045-04-19 08:00:00,SO,state_of_charge,0.0,YZ,MW
2045-04-20 09:00:00,CE,state_of_charge,0.0,YZ,MW
2045-04-21 10:00:00,NR,state_of_charge,0.0,YZ,MW
2045-04-22 11:00:00,SO,state_of_charge,0.0,YZ,MW
2045-04-23 12:00:00,CE,state_of_charge,0.0,YZ,MW
2045-04-24 13:00:00,NR,state_of_charge,0.0,YZ,MW
2045-04-25 14:00:00,SO,state_of_charge,0.0,YZ,MW
2045-04-26 15:00:00,CE,state_of_charge,0.0,YZ,MW
2045-04-27 16:00:00,NR,state_of_charge,0.0,YZ,MW
2045-04-28 17:00:00,SO,state_of_charge,0.0,YZ,MW
2045-04-29 18:00:00,CE,state_of_charge,0.0,YZ,MW
2045-04-30 19:00:00,NR,state_of_charge,0.0,YZ,MW
2045-05-01 20:00:00,SO,state_of_charge,0.0,YZ,MW
2045-05-02 21:00:00,CE,state_of_charge,0.0,YZ,MW
2045-05-03 22:00:00,NR,state_of_charge,0.0,YZ,MW
2045-05-04 23:00:00,SO,state_of_charge,0.0,YZ,MW
2045-05-06 00:00:00,CE,state_of_charge,0.0,YZ,MW
2045-05-07 01:00:00,NR,state_of_charge,0.0,YZ,MW
2045-05-08 02:00:00,SO,state_of_charge,0.0,YZ,MW
2045-05-09 03:00:00,CE,state_of_charge,0.0,YZ,MW
2045-05-10 04:00:00,NR,state_of_charge,0.0,YZ,MW
2045-05-11 05:00:00,SO,state_of_charge,0.0,YZ,MW
2045-05-12 06:00:00,CE,state_of_charge,0.0,YZ,MW
2045-05-13 07:00:00,NR,state_of_charge,0.0,YZ,MW
2045-05-14 08:00:00,SO,state_of_charge,0.0,YZ,MW
2045-05-15 09:00:00,CE,state_of_charge,0.0,YZ,MW
2045-05-16 10:00:00,NR,state_of_charge,0.0,YZ,MW
2045-05-17 11:00:00,SO,state_of_charge,0.0,YZ,MW
2045-05-18 12:00:00,CE,state_of_charge,0.0,YZ,MW
2045-05-19 13:00:00,NR,state_of_charge,0.0,YZ,MW
2045-05-20 14:00:00,SO,state_of_charge,0.0,YZ,MW
2045-05-21 15:00:00,CE,state_of_charge,0.0,YZ,MW
2045-05-22 16:00:00,NR,state_of_charge,0.0,YZ,MW
2045-05-23 17:00:00,SO,state_of_charge,0.0,YZ,MW
2045-05-24 18:00:00,CE,state_of_charge,0.0,YZ,MW
2045-05-25 19:00:00,NR,state_of_charge,0.0,YZ,MW
2045-05-26 20:00:00,SO,state_of_charge,0.0,YZ,MW
2045-05-27 21:00:00,CE,state_of_charge,0.0,YZ,MW
2045-05-28 22:00:00,NR,state_of_charge,0.0,YZ,MW
2045-05-29 23:00:00,SO,state_of_charge,0.0,YZ,MW
2045-05-31 00:00:00,CE,state_of_charge,0.0,YZ,MW
2045-06-01 01:00:00,NR,state_of_charge,0.0,YZ,MW
2045-06-02 02:00:00,SO,state_of_charge,0.0,YZ,MW
2045-06-03 03:00:00,CE,state_of_charge,0.0,YZ,MW
2045-06-04 04:00:00,NR,state_of_charge,0.0,YZ,MW
2045-06-05 05:00:00,SO,state_of_charge,0.0,YZ,MW
2045-06-06 06:00:00,CE,state_of_charge,0.0,YZ,MW
2045-06-07 07:00:00,NR,state_of_charge,0.0,YZ,MW
2045-06-08 08:00:00,SO,state_of_charge,0.0,YZ,MW
2045-06-09 09:00:00,CE,state_of_charge,0.0,YZ,MW
2045-06-10 10:00:00,NR,state_of_charge,0.0,YZ,MW
2045-06-11 11:00:00,SO,state_of_charge,0.0,YZ,MW
2045-06-12 12:00:00,CE,state_of_charge,0.0,YZ,MW
2045-06-13 13:00:00,NR,state_of_charge,0.0,YZ,MW
2045-06-14 14:00:00,SO,state_of_charge,0.0,YZ,MW
2045-06-15 15:00:00,CE,state_of_charge,0.0,YZ,MW
2045-06-16 16:00:00,NR,state_of_charge,0.0,YZ,MW
2045-06-17 17:00:00,SO,state_of_charge,0.0,YZ,MW
2045-06-18 18:00:00,CE,state_of_charge,92.25,YZ,MW
2045-06-19 19:00:00,NR,state_of_charge,155.25,YZ,MW
2045-06-20 20:00:00,SO,state_of_charge,112.5,YZ,MW
2045-06-21 21:00:00,CE,state_of_charge,0.0,YZ,MW
2045-06-22 22:00:00,NR,state_of_charge,0.0,YZ,MW
2045-06-23 23:00:00,SO,state_of_charge,0.0,YZ,MW
2045-06-25 00:00:00,CE,state_of_charge,0.0,YZ,MW
2045-06-26 01:00:00,NR,state_of_charge,0.0,YZ,MW
2045-06-27 02:00:00,SO,state_of_charge,0.0,YZ,MW
2045-06-28 03:00:00,CE,state_of_charge,0.0,YZ,MW
2045-06-29 04:00:00,NR,state_of_charge,0.0,YZ,MW
2045-06-30 05:00:00,SO,state_of_charge,0.0,YZ,MW
2045-07-01 06:00:00,CE,state_of_charge,0.0,YZ,MW
2045-07-02 07:00:00,NR,state_of_charge,0.0,YZ,MW
2045-07-03 08:00:00,SO,state_of_charge,0.0,YZ,MW
2045-07-04 09:00:00,CE,state_of_charge,0.0,YZ,MW
2045-07-05 10:00:00,NR,state_of_charge,0.0,YZ,MW
2045-07-06 11:00:00,SO,state_of_charge,0.0,YZ,MW
2045-07-07 12:00:00,CE,state_of_charge,0.0,YZ,MW
2045-07-08 13:00:00,NR,state_of_charge,0.0,YZ,MW
2045-07-09 14:00:00,SO,state_of_charge,0.0,YZ,MW
2045-07-10 15:00:00,CE,state_of_charge,0.0,YZ,MW
2045-07-11 16:00:00,NR,state_of_charge,0.0,YZ,MW
2045-07-12 17:00:00,SO,state_of_charge,0.0,YZ,MW
2045-07-13 18:00:00,CE,state_of_charge,0.0,YZ,MW
2045-07-14 19:00:00,NR,state_of_charge,0.0,YZ,MW
2045-07-15 20:00:00,SO,state_of_charge,0.0,YZ,MW
2045-07-16 21:00:00,CE,state_of_charge,0.0,YZ,MW
2045-07-17 22:00:00,NR,state_of_charge,0.0,YZ,MW
2045-07-18 23:00:00,SO,state_of_charge,0.0,YZ,MW
2045-07-20 00:00:00,CE,state_of_charge,0.0,YZ,MW
2045-07-21 01:00:00,NR,state_of_charge,0.0,YZ,MW
2045-07-22 02:00:00,SO,state_of_charge,0.0,YZ,MW
2045-07-23 03:00:00,CE,state_of_charge,0.0,YZ,MW
2045-07-24 04:00:00,NR,state_of_charge,0.0,YZ,MW
2045-07-25 05:00:00,SO,state_of_charge,0.0,YZ,MW
2045-07-26 06:00:00,CE,state_of_charge,0.0,YZ,MW
2045-07-27 07:00:00,NR,state_of_charge,0.0,YZ,MW
2045-07-28 08:00:00,SO,state_of_charge,0.0,YZ,MW
2045-07-29 09:00:00,CE,state_of_charge,0.0,YZ,MW
2045-07-30 10:00:00,NR,state_of_charge,0.0,YZ,MW
2045-07-31 11:00:00,SO,state_of_charge,0.0,YZ,MW
2045-08-01 12:00:00,CE,state_of_charge,0.0,YZ,MW
2045-08-02 13:00:00,NR,state_of_charge,0.0,YZ,MW
2045-08-03 14:00:00,SO,state_of_charge,0.0,YZ,MW
2045-08-04 15:00:00,CE,state_of_charge,0.0,YZ,MW
2045-08-05 16:00:00,NR,state_of_charge,0.0,YZ,MW
2045-08-06 17:00:00,SO,state_of_charge,0.0,YZ,MW
2045-08-07 18:00:00,CE,state_of_charge,0.0,YZ,MW
2045-08-08 19:00:00,NR,state_of_charge,0.0,YZ,MW
2045-08-09 20:00:00,SO,state_of_charge,0.0,YZ,MW
2045-08-10 21:00:00,CE,state_of_charge,0.0,YZ,MW
2045-08-11 22:00:00,NR,state_of_charge,0.0,YZ,MW
2045-08-12 23:00:00,SO,state_of_charge,0.0,YZ,MW
2045-08-14 00:00:00,CE,state_of_charge,0.0,YZ,MW
2045-08-15 01:00:00,NR,state_of_charge,0.0,YZ,MW
2045-08-16 02:00:00,SO,state_of_charge,0.0,YZ,MW
2045-08-17 03:00:00,CE,state_of_charge,0.0,YZ,MW
2045-08-18 04:00:00,NR,state_of_charge,0.0,YZ,MW
2045-08-19 05:00:00,SO,state_of_charge,0.0,YZ,MW
2045-08-20 06:00:00,CE,state_of_charge,0.0,YZ,MW
2045-08-21 07:00:00,NR,state_of_charge,0.0,YZ,MW
2045-08-22 08:00:00,SO,state_of_charge,0.0,YZ,MW
2045-08-23 09:00:00,CE,state_of_charge,0.0,YZ,MW
2045-08-24 10:00:00,NR,state_of_charge,0.0,YZ,MW
2045-08-25 11:00:00,SO,state_of_charge,0.0,YZ,MW
2045-08-26 12:00:00,CE,state_of_charge,0.0,YZ,MW
2045-08-27 13:00:00,NR,state_of_charge,0.0,YZ,MW
2045-08-28 14:00:00,SO,state_of_charge,0.0,YZ,MW
2045-08-29 15:00:00,CE,state_of_charge,0.0,YZ,MW
2045-08-30 16:00:00,NR,state_of_charge,0.0,YZ,MW
2045-08-31 17:00:00,SO,state_of_charge,0.0,YZ,MW
2045-09-01 18:00:00,CE,state_of_charge,92.25,YZ,MW
2045-09-02 19:00:00,NR,state_of_charge,155.25,YZ,MW
2045-09-03 20:00:00,SO,state_of_charge,112.5,YZ,MW
2045-09-04 21:00:00,CE,state_of_charge,0.0,YZ,MW
2045-09-05 22:00:00,NR,state_of_charge,0.0,YZ,MW
2045-09-06 23:00:00,SO,state_of_charge,0.0,YZ,MW
2045-09-08 00:00:00,CE,state_of_charge,0.0,YZ,MW
2045-09-09 01:00:00,NR,state_of_charge,0.0,YZ,MW
2045-09-10 02:00:00,SO,state_of_charge,0.0,YZ,MW
2045-09-11 03:00:00,CE,state_of_charge,0.0,YZ,MW
2045-09-12 04:00:00,NR,state_of_charge,0.0,YZ,MW
2045-09-13 05:00:00,SO,state_of_charge,0.0,YZ,MW
2045-09-14 06:00:00,CE,state_of_charge,0.0,YZ,MW
2045-09-15 07:00:00,NR,state_of_charge,0.0,YZ,MW
2045-09-16 08:00:00,SO,state_of_charge,0.0,YZ,MW
2045-09-17 09:00:00,CE,state_of_charge,0.0,YZ,MW
2045-09-18 10:00:00,NR,state_of_charge,0.0,YZ,MW
2045-09-19 11:00:00,SO,state_of_charge,0.0,YZ,MW
2045-09-20 12:00:00,CE,state_of_charge,0.0,YZ,MW
2045-09-21 13:00:00,NR,state_of_charge,0.0,YZ,MW
2045-09-22 14:00:00,SO,state_of_charge,0.0,YZ,MW
2045-09-23 15:00:00,CE,state_of_charge,0.0,YZ,MW
2045-09-24 16:00:00,NR,state_of_charge,0.0,YZ,MW
2045-09-25 17:00:00,SO,state_of_charge,0.0,YZ,MW
2045-09-26 18:00:00,CE,state_of_charge,0.0,YZ,MW
2045-09-27 19:00:00,NR,state_of_charge,0.0,YZ,MW
2045-09-28 20:00:00,SO,state_of_charge,0.0,YZ,MW
2045-09-29 21:00:00,CE,state_of_charge,0.0,YZ,MW
2045-09-30 22:00:00,NR,state_of_charge,0.0,YZ,MW
2045-10-01 23:00:00,SO,state_of_charge,0.0,YZ,MW
2045-10-03 00:00:00,CE,state_of_charge,0.0,YZ,MW
2045-10-04 01:00:00,NR,state_of_charge,0.0,YZ,MW
2045-10-05 02:00:00,SO,state_of_charge,0.0,YZ,MW
2045-10-06 03:00:00,CE,state_of_charge,0.0,YZ,MW
2045-10-07 04:00:00,NR,state_of_charge,0.0,YZ,MW
2045-10-08 05:00:00,SO,state_of_charge,0.0,YZ,MW
2045-10-09 06:00:00,CE,state_of_charge,0.0,YZ,MW
2045-10-10 07:00:00,NR,state_of_charge,0.0,YZ,MW
2045-10-11 08:00:00,SO,state_of_charge,0.0,YZ,MW
2045-10-12 09:00:00,CE,state_of_charge,0.0,YZ,MW
2045-10-13 10:00:00,NR,state_of_charge,0.0,YZ,MW
2045-10-14 11:00:00,SO,state_of_charge,0.0,YZ,MW
2045-10-15 12:00:00,CE,state_of_charge,0.0,YZ,MW
2045-10-16 13:00:00,NR,state_of_charge,0.0,YZ,MW
2045-10-17 14:00:00,SO,state_of_charge,0.0,YZ,MW
2045-10-18 15:00:00,CE,state_of_charge,0.0,YZ,MW
2045-10-19 16:00:00,NR,state_of_charge,0.0,YZ,MW
2045-10-20 17:00:00,SO,state_of_charge,0.0,YZ,MW
2045-10-21 18:00:00,CE,state_of_charge,0.0,YZ,MW
2045-10-22 19:00:00,NR,state_of_charge,0.0,YZ,MW
2045-10-23 20:00:00,SO,state_of_charge,0.0,YZ,MW
2045-10-24 21:00:00,CE,state_of_charge,0.0,YZ,MW
2045-10-25 22:00:00,NR,state_of_charge,0.0,YZ,MW
2045-10-26 23:00:00,SO,state_of_charge,0.0,YZ,MW
2045-10-28 00:00:00,CE,state_of_charge,0.0,YZ,MW
2045-10-29 01:00:00,NR,state_of_charge,0.0,YZ,MW
2045-10-30 02:00:00,SO,state_of_charge,0.0,YZ,MW
2045-10-31 03:00:00,CE,state_of_charge,0.0,YZ,MW
2045-11-01 04:00:00,NR,state_of_charge,0.0,YZ,MW
2045-11-02 05:00:00,SO,state_of_charge,0.0,YZ,MW
2045-11-03 06:00:00,CE,state_of_charge,0.0,YZ,MW
2045-11-04 07:00:00,NR,state_of_charge,0.0,YZ,MW
2045-11-05 08:00:00,SO,state_of_charge,0.0,YZ,MW
2045-11-06 09:00:00,CE,state_of_charge,0.0,YZ,MW
2045-11-07 10:00:00,NR,state_of_charge,0.0,YZ,MW
2045-11-08 11:00:00,SO,state_of_charge,0.0,YZ,MW
2045-11-09 12:00:00,CE,state_of_charge,0.0,YZ,MW
2045-11-10 13:00:00,NR,state_of_charge,0.0,YZ,MW
2045-11-11 14:00:00,SO,state_of_charge,0.0,YZ,MW
2045-11-12 15:00:00,CE,state_of_charge,92.25,YZ,MW
2045-11-13 16:00:00,NR,state_of_charge,155.25,YZ,MW
2045-11-14 17:00:00,SO,state_of_charge,112.5,YZ,MW
2045-11-15 18:00:00,CE,state_of_charge,0.0,YZ,MW
2045-11-16 19:00:00,NR,state_of_charge,0.0,YZ,MW
2045-11-17 20:00:00,SO,state_of_charge,0.0,YZ,MW
2045-11-18 21:00:00,CE,state_of_charge,0.0,YZ,MW
2045-11-19 22:00:00,NR,state_of_charge,0.0,YZ,MW
2045-11-20 23:00:00,SO,state_of_charge,0.0,YZ,MW
2045-11-22 00:00:00,CE,state_of_charge,0.0,YZ,MW
2045-11-23 01:00:00,NR,state_of_charge,0.0,YZ,MW
2045-11-24 02:00:00,SO,state_of_charge,0.0,YZ,MW
2045-11-25 03:00:00,CE,state_of_charge,0.0,YZ,MW
2045-11-26 04:00:00,NR,state_of_charge,0.0,YZ,MW
2045-11-27 05:00:00,SO,state_of_charge,0.0,YZ,MW
2045-11-28 06:00:00,CE,state_of_charge,0.0,YZ,MW
2045-11-29 07:00:00,NR,state_of_charge,0.0,YZ,MW
2045-11-30 08:00:00,SO,state_of_charge,0.0,YZ,MW
2045-12-01 09:00:00,CE,state_of_charge,0.0,YZ,MW
2045-12-02 10:00:00,NR,state_of_charge,0.0,YZ,MW
2045-12-03 11:00:00,SO,state_of_charge,0.0,YZ,MW
2045-12-04 12:00:00,CE,state_of_charge,0.0,YZ,MW
2045-12-05 13:00:00,NR,state_of_charge,0.0,YZ,MW
2045-12-06 14:00:00,SO,state_of_charge,0.0,YZ,MW
2045-12-07 15:00:00,CE,state_of_charge,0.0,YZ,MW
2045-12-08 16:00:00,NR,state_of_charge,0.0,YZ,MW
2045-12-09 17:00:00,SO,state_of_charge,0.0,YZ,MW
2045-12-10 18:00:00,CE,state_of_charge,0.0,YZ,MW
2045-12-11 19:00:00,NR,state_of_charge,0.0,YZ,MW
2045-12-12 20:00:00,SO,state_of_charge,0.0,YZ,MW
2045-12-13 21:00:00,CE,state_of_charge,0.0,YZ,MW
2045-12-14 22:00:00,NR,state_of_charge,0.0,YZ,MW
2045-12-15 23:00:00,SO,state_of_charge,0.0,YZ,MW
2045-12-17 00:00:00,CE,state_of_charge,0.0,YZ,MW
2045-12-18 01:00:00,NR,state_of_charge,0.0,YZ,MW
2045-12-19 02:00:00,SO,state_of_charge,0.0,YZ,MW
2045-12-20 03:00:00,CE,state_of_charge,0.0,YZ,MW
2045-12-21 04:00:00,NR,state_of_charge,0.0,YZ,MW
2045-12-22 05:00:00,SO,state_of_charge,0.0,YZ,MW
2045-12-23 06:00:00,CE,state_of_charge,0.0,YZ,MW
2045-12-24 07:00:00,NR,state_of_charge,0.0,YZ,MW
2045-12-25 08:00:00,SO,state_of_charge,0.0,YZ,MW
2045-12-26 09:00:00,CE,state_of_charge,0.0,YZ,MW
2045-12-27 10:00:00,NR,state_of_charge,0.0,YZ,MW
2045-12-28 11:00:00,SO,state_of_charge,0.0,YZ,MW
2045-12-29 12:00:00,CE,state_of_charge,0.0,YZ,MW
2045-12-30 13:00:00,NR,state_of_charge,0.0,YZ,MW
2045-12-31 14:00:00,SO,state_of_charge,0.0,YZ,MW
2046-01-01 15:00:00,CE,state_of_charge,0.0,YZ,MW
2046-01-02 16:00:00,NR,state_of_charge,0.0,YZ,MW
2046-01-03 17:00:00,SO,state_of_charge,0.0,YZ,MW
2046-01-04 18:00:00,CE,state_of_charge,0.0,YZ,MW
2046-01-05 19:00:00,NR,state_of_charge,0.0,YZ,MW
2046-01-06 20:00:00,SO,state_of_charge,0.0,YZ,MW
2046-01-07 21:00:00,CE,state_of_charge,0.0,YZ,MW
2046-01-08 22:00:00,NR,state_of_charge,0.0,YZ,MW
2046-01-09 23:00:00,SO,state_of_charge,0.0,YZ,MW
2046-01-11 00:00:00,CE,state_of_charge,0.0,YZ,MW
2046-01-12 01:00:00,NR,state_of_charge,0.0,YZ,MW
2046-01-13 02:00:00,SO,state_of_charge,0.0,YZ,MW
2046-01-14 03:00:00,CE,state_of_charge,0.0,YZ,MW
2046-01-15 04:00:00,NR,state_of_charge,0.0,YZ,MW
2046-01-16 05:00:00,SO,state_of_charge,0.0,YZ,MW
2046-01-17 06:00:00,CE,state_of_charge,0.0,YZ,MW
2046-01-18 07:00:00,NR,state_of_charge,0.0,YZ,MW
2046-01-19 08:00:00,SO,state_of_charge,0.0,YZ,MW
2046-01-20 09:00:00,CE,state_of_charge,0.0,YZ,MW
2046-01-21 10:00:00,NR,state_of_charge,0.0,YZ,MW
2046-01-22 11:00:00,SO,state_of_charge,0.0,YZ,MW
2046-01-23 12:00:00,CE,state_of_charge,0.0,YZ,MW
2046-01-24 13:00:00,NR,state_of_charge,0.0,YZ,MW
2046-01-25 14:00:00,SO,state_of_charge,0.0,YZ,MW
2046-01-26 15:00:00,CE,state_of_charge,92.25,YZ,MW
2046-01-27 16:00:00,NR,state_of_charge,155.25,YZ,MW
2046-01-28 17:00:00,SO,state_of_charge,112.5,YZ,MW
2046-01-29 18:00:00,CE,state_of_charge,0.0,YZ,MW
2046-01-30 19:00:00,NR,state_of_charge,0.0,YZ,MW
2046-01-31 20:00:00,SO,state_of_charge,0.0,YZ,MW
2046-02-01 21:00:00,CE,state_of_charge,0.0,YZ,MW
2046-02-02 22:00:00,NR,state_of_charge,0.0,YZ,MW
2046-02-03 23:00:00,SO,state_of_charge,0.0,YZ,MW
2046-02-05 00:00:00,CE,state_of_charge,0.0,YZ,MW
2046-02-06 01:00:00,NR,state_of_charge,0.0,YZ,MW
2046-02-07 02:00:00,SO,state_of_charge,0.0,YZ,MW
2046-02-08 03:00:00,CE,state_of_charge,0.0,YZ,MW
2046-02-09 04:00:00,NR,state_of_charge,0.0,YZ,MW
2046-02-10 05:00:00,SO,state_of_charge,0.0,YZ,MW
2046-02-11 06:00:00,CE,state_of_charge,0.0,YZ,MW
2046-02-12 07:00:00,NR,state_of_charge,0.0,YZ,MW
2046-02-13 08:00:00,SO,state_of_charge,0.0,YZ,MW
2046-02-14 09:00:00,CE,state_of_charge,0.0,YZ,MW
2046-02-15 10:00:00,NR,state_of_charge,0.0,YZ,MW
2046-02-16 11:00:00,SO,state_of_charge,0.0,YZ,MW
2046-02-17 12:00:00,CE,state_of_charge,0.0,YZ,MW
2046-02-18 13:00:00,NR,state_of_charge,0.0,YZ,MW
2046-02-19 14:00:00,SO,state_of_charge,0.0,YZ,MW
2046-02-20 15:00:00,CE,state_of_charge,0.0,YZ,MW
2046-02-21 16:00:00,NR,state_of_charge,0.0,YZ,MW
2046-02-22 17:00:00,SO,state_of_charge,0.0,YZ,MW
2046-02-23 18:00:00,CE,state_of_charge,0.0,YZ,MW
2046-02-24 19:00:00,NR,state_of_charge,0.0,YZ,MW
2046-02-25 20:00:00,SO,state_of_charge,0.0,YZ,MW
2046-02-26 21:00:00,CE,state_of_charge,0.0,YZ,MW
2046-02-27 22:00:00,NR,state_of_charge,0.0,YZ,MW
2046-02-28 23:00:00,SO,state_of_charge,0.0,YZ,MW
2046-03-02 00:00:00,CE,state_of_charge,0.0,YZ,MW
2046-03-03 01:00:00,NR,state_of_charge,0.0,YZ,MW
2046-03-04 02:00:00,SO,state_of_charge,0.0,YZ,MW
2046-03-05 03:00:00,CE,state_of_charge,0.0,YZ,MW
2046-03-06 04:00:00,NR,state_of_charge,0.0,YZ,MW
2046-03-07 05:00:00,SO,state_of_charge,0.0,YZ,MW
2046-03-08 06:00:00,CE,state_of_charge,0.0,YZ,MW
2046-03-09 07:00:00,NR,state_of_charge,0.0,YZ,MW
2046-03-10 08:00:00,SO,state_of_charge,0.0,YZ,MW
2046-03-11 09:00:00,CE,state_of_charge,0.0,YZ,MW
2046-03-12 10:00:00,NR,state_of_charge,0.0,YZ,MW
2046-03-13 11:00:00,SO,state_of_charge,0.0,YZ,MW
2046-03-14 12:00:00,CE,state_of_charge,0.0,YZ,MW
2046-03-15 13:00:00,NR,state_of_charge,0.0,YZ,MW
2046-03-16 14:00:00,SO,state_of_charge,0.0,YZ,MW
2046-03-17 15:00:00,CE,state_of_charge,0.0,YZ,MW
2046-03-18 16:00:00,NR,state_of_charge,0.0,YZ,MW
2046-03-19 17:00:00,SO,state_of_charge,0.0,YZ,MW
2046-03-20 18:00:00,CE,state_of_charge,0.0,YZ,MW
2046-03-21 19:00:00,NR,state_of_charge,0.0,YZ,MW
2046-03-22 20:00:00,SO,state_of_charge,0.0,YZ,MW
2046-03-23 21:00:00,CE,state_of_charge,0.0,YZ,MW
2046-03-24 22:00:00,NR,state_of_charge,0.0,YZ,MW
2046-03-25 23:00:00,SO,state_of_charge,0.0,YZ,MW
2046-03-27 00:00:00,CE,state_of_charge,0.0,YZ,MW
2046-03-28 01:00:00,NR,state_of_charge,0.0,YZ,MW
2046-03-29 02:00:00,SO,state_of_charge,0.0,YZ,MW
2046-03-30 03:00:00,CE,state_of_charge,0.0,YZ,MW
2046-03-31 04:00:00,NR,state_of_charge,0.0,YZ,MW
2046-04-01 05:00:00,SO,state_of_charge,0.0,YZ,MW
2046-04-02 06:00:00,CE,state_of_charge,0.0,YZ,MW
2046-04-03 07:00:00,NR,state_of_charge,0.0,YZ,MW
2046-04-04 08:00:00,SO,state_of_charge,0.0,YZ,MW
2046-04-05 09:00:00,CE,state_of_charge,0.0,YZ,MW
2046-04-06 10:00:00,NR,state_of_charge,0.0,YZ,MW
2046-04-07 11:00:00,SO,state_of_charge,0.0,YZ,MW
2046-04-08 12:00:00,CE,state_of_charge,0.0,YZ,MW
2046-04-09 13:00:00,NR,state_of_charge,0.0,YZ,MW
2046-04-10 14:00:00,SO,state_of_charge,0.0,YZ,MW
2046-04-11 15:00:00,CE,state_of_charge,92.25,YZ,MW
2046-04-12 16:00:00,NR,state_of_charge,155.25,YZ,MW
2046-04-13 17:00:00,SO,state_of_charge,112.5,YZ,MW
2046-04-14 18:00:00,CE,state_of_charge,0.0,YZ,MW
2046-04-15 19:00:00,NR,state_of_charge,0.0,YZ,MW
2046-04-16 20:00:00,SO,state_of_charge,0.0,YZ,MW
2046-04-17 21:00:00,CE,state_of_charge,0.0,YZ,MW
2046-04-18 22:00:00,NR,state_of_charge,0.0,YZ,MW
2046-04-19 23:00:00,SO,state_of_charge,0.0,YZ,MW
2046-04-21 00:00:00,CE,state_of_charge,0.0,YZ,MW
2046-04-22 01:00:00,NR,state_of_charge,0.0,YZ,MW
2046-04-23 02:00:00,SO,state_of_charge,0.0,YZ,MW
2046-04-24 03:00:00,CE,state_of_charge,0.0,YZ,MW
2046-04-25 04:00:00,NR,state_of_charge,0.0,YZ,MW
2046-04-26 05:00:00,SO,state_of_charge,0.0,YZ,MW
2046-04-27 06:00:00,CE,state_of_charge,0.0,YZ,MW
2046-04-28 07:00:00,NR,state_of_charge,0.0,YZ,MW
2046-04-29 08:00:00,SO,state_of_charge,0.0,YZ,MW
2046-04-30 09:00:00,CE,state_of_charge,0.0,YZ,MW
2046-05-01 10:00:00,NR,state_of_charge,0.0,YZ,MW
2046-05-02 11:00:00,SO,state_of_charge,0.0,YZ,MW
2046-05-03 12:00:00,CE,state_of_charge,0.0,YZ,MW
2046-05-04 13:00:00,NR,state_of_charge,0.0,YZ,MW
2046-05-05 14:00:00,SO,state_of_charge,0.0,YZ,MW
2046-05-06 15:00:00,CE,state_of_charge,0.0,YZ,MW
2046-05-07 16:00:00,NR,state_of_charge,0.0,YZ,MW
2046-05-08 17:00:00,SO,state_of_charge,0.0,YZ,MW
2046-05-09 18:00:00,CE,state_of_charge,0.0,YZ,MW
2046-05-10 19:00:00,NR,state_of_charge,0.0,YZ,MW
2046-05-11 20:00:00,SO,state_of_charge,0.0,YZ,MW
2046-05-12 21:00:00,CE,state_of_charge,0.0,YZ,MW
2046-05-13 22:00:00,NR,state_of_charge,0.0,YZ,MW
2046-05-14 23:00:00,SO,state_of_charge,0.0,YZ,MW
2046-05-16 00:00:00,CE,state_of_charge,0.0,YZ,MW
2046-05-17 01:00:00,NR,state_of_charge,0.0,YZ,MW
2046-05-18 02:00:00,SO,state_of_charge,0.0,YZ,MW
2046-05-19 03:00:00,CE,state_of_charge,0.0,YZ,MW
2046-05-20 04:00:00,NR,state_of_charge,0.0,YZ,MW
2046-05-21 05:00:00,SO,state_of_charge,0.0,YZ,MW
2046-05-22 06:00:00,CE,state_of_charge,0.0,YZ,MW
2046-05-23 07:00:00,NR,state_of_charge,0.0,YZ,MW
2046-05-24 08:00:00,SO,state_of_charge,0.0,YZ,MW
2046-05-25 09:00:00,CE,state_of_charge,0.0,YZ,MW
2046-05-26 10:00:00,NR,state_of_charge,0.0,YZ,MW
2046-05-27 11:00:00,SO,state_of_charge,0.0,YZ,MW
2046-05-28 12:00:00,CE,state_of_charge,0.0,YZ,MW
2046-05-29 13:00:00,NR,state_of_charge,0.0,YZ,MW
2046-05-30 14:00:00,SO,state_of_charge,0.0,YZ,MW
2046-05-31 15:00:00,CE,state_of_charge,0.0,YZ,MW
2046-06-01 16:00:00,NR,state_of_charge,0.0,YZ,MW
2046-06-02 17:00:00,SO,state_of_charge,0.0,YZ,MW
2046-06-03 18:00:00,CE,state_of_charge,0.0,YZ,MW
2046-06-04 19:00:00,NR,state_of_charge,0.0,YZ,MW
2046-06-05 20:00:00,SO,state_of_charge,0.0,YZ,MW
2046-06-06 21:00:00,CE,state_of_charge,0.0,YZ,MW
2046-06-07 22:00:00,NR,state_of_charge,0.0,YZ,MW
2046-06-08 23:00:00,SO,state_of_charge,0.0,YZ,MW
2046-06-10 00:00:00,CE,state_of_charge,0.0,YZ,MW
2046-06-11 01:00:00,NR,state_of_charge,0.0,YZ,MW
2046-06-12 02:00:00,SO,state_of_charge,0.0,YZ,MW
2046-06-13 03:00:00,CE,state_of_charge,0.0,YZ,MW
2046-06-14 04:00:00,NR,state_of_charge,0.0,YZ,MW
2046-06-15 05:00:00,SO,state_of_charge,0.0,YZ,MW
2046-06-16 06:00:00,CE,state_of_charge,0.0,YZ,MW
2046-06-17 07:00:00,NR,state_of_charge,0.0,YZ,MW
2046-06-18 08:00:00,SO,state_of_charge,0.0,YZ,MW
2046-06-19 09:00:00,CE,state_of_charge,0.0,YZ,MW
2046-06-20 10:00:00,NR,state_of_charge,0.0,YZ,MW
2046-06-21 11:00:00,SO,state_of_charge,0.0,YZ,MW
2046-06-22 12:00:00,CE,state_of_charge,0.0,YZ,MW
2046-06-23 13:00:00,NR,state_of_charge,0.0,YZ,MW
2046-06-24 14:00:00,SO,state_of_charge,0.0,YZ,MW
2046-06-25 15:00:00,CE,state_of_charge,0.0,YZ,MW
2046-06-26 16:00:00,NR,state_of_charge,0.0,YZ,MW
2046-06-27 17:00:00,SO,state_of_charge,0.0,YZ,MW
2046-06-28 18:00:00,CE,state_of_charge,92.25,YZ,MW
2046-06-29 19:00:00,NR,state_of_charge,155.25,YZ,MW
2046-06-30 20:00:00,SO,state_of_charge,112.5,YZ,MW
2046-07-01 21:00:00,CE,state_of_charge,0.0,YZ,MW
2046-07-02 22:00:00,NR,state_of_charge,0.0,YZ,MW
2046-07-03 23:00:00,SO,state_of_charge,0.0,YZ,MW
2046-07-05 00:00:00,CE,state_of_charge,0.0,YZ,MW
2046-07-06 01:00:00,NR,state_of_charge,0.0,YZ,MW
2046-07-07 02:00:00,SO,state_of_charge,0.0,YZ,MW
2046-07-08 03:00:00,CE,state_of_charge,0.0,YZ,MW
2046-07-09 04:00:00,NR,state_of_charge,0.0,YZ,MW
2046-07-10 05:00:00,SO,state_of_charge,0.0,YZ,MW
2046-07-11 06:00:00,CE,state_of_charge,0.0,YZ,MW
2046-07-12 07:00:00,NR,state_of_charge,0.0,YZ,MW
2046-07-13 08:00:00,SO,state_of_charge,0.0,YZ,MW
2046-07-14 09:00:00,CE,state_of_charge,0.0,YZ,MW
2046-07-15 10:00:00,NR,state_of_charge,0.0,YZ,MW
2046-07-16 11:00:00,SO,state_of_charge,0.0,YZ,MW
2046-07-17 12:00:00,CE,state_of_charge,0.0,YZ,MW
2046-07-18 13:00:00,NR,state_of_charge,0.0,YZ,MW
2046-07-19 14:00:00,SO,state_of_charge,0.0,YZ,MW
2046-07-20 15:00:00,CE,state_of_charge,0.0,YZ,MW
2046-07-21 16:00:00,NR,state_of_charge,0.0,YZ,MW
2046-07-22 17:00:00,SO,state_of_charge,0.0,YZ,MW
2046-07-23 18:00:00,CE,state_of_charge,0.0,YZ,MW
2046-07-24 19:00:00,NR,state_of_charge,0.0,YZ,MW
2046-07-25 20:00:00,SO,state_of_charge,0.0,YZ,MW
2046-07-26 21:00:00,CE,state_of_charge,0.0,YZ,MW
2046-07-27 22:00:00,NR,state_of_charge,0.0,YZ,MW
2046-07-28 23:00:00,SO,state_of_charge,0.0,YZ,MW
2046-07-30 00:00:00,CE,state_of_charge,0.0,YZ,MW
2046-07-31 01:00:00,NR,state_of_charge,0.0,YZ,MW
2046-08-01 02:00:00,SO,state_of_charge,0.0,YZ,MW
2046-08-02 03:00:00,CE,state_of_charge,0.0,YZ,MW
2046-08-03 04:00:00,NR,state_of_charge,0.0,YZ,MW
2046-08-04 05:00:00,SO,state_of_charge,0.0,YZ,MW
2046-08-05 06:00:00,CE,state_of_charge,0.0,YZ,MW
2046-08-06 07:00:00,NR,state_of_charge,0.0,YZ,MW
2046-08-07 08:00:00,SO,state_of_charge,0.0,YZ,MW
2046-08-08 09:00:00,CE,state_of_charge,0.0,YZ,MW
2046-08-09 10:00:00,NR,state_of_charge,0.0,YZ,MW
2046-08-10 11:00:00,SO,state_of_charge,0.0,YZ,MW
2046-08-11 12:00:00,CE,state_of_charge,0.0,YZ,MW
2046-08-12 13:00:00,NR,state_of_charge,0.0,YZ,MW
2046-08-13 14:00:00,SO,state_of_charge,0.0,YZ,MW
2046-08-14 15:00:00,CE,state_of_charge,0.0,YZ,MW
2046-08-15 16:00:00,NR,state_of_charge,0.0,YZ,MW
2046-08-16 17:00:00,SO,state_of_charge,0.0,YZ,MW
2046-08-17 18:00:00,CE,state_of_charge,0.0,YZ,MW
2046-08-18 19:00:00,NR,state_of_charge,0.0,YZ,MW
2046-08-19 20:00:00,SO,state_of_charge,0.0,YZ,MW
2046-08-20 21:00:00,CE,state_of_charge,0.0,YZ,MW
2046-08-21 22:00:00,NR,state_of_charge,0.0,YZ,MW
2046-08-22 23:00:00,SO,state_of_charge,0.0,YZ,MW
2046-08-24 00:00:00,CE,state_of_charge,0.0,YZ,MW
2046-08-25 01:00:00,NR,state_of_charge,0.0,YZ,MW
2046-08-26 02:00:00,SO,state_of_charge,0.0,YZ,MW
2046-08-27 03:00:00,CE,state_of_charge,0.0,YZ,MW
2046-08-28 04:00:00,NR,state_of_charge,0.0,YZ,MW
2046-08-29 05:00:00,SO,state_of_charge,0.0,YZ,MW
2046-08-30 06:00:00,CE,state_of_charge,0.0,YZ,MW
2046-08-31 07:00:00,NR,state_of_charge,0.0,YZ,MW
2046-09-01 08:00:00,SO,state_of_charge,0.0,YZ,MW
2046-09-02 09:00:00,CE,state_of_charge,0.0,YZ,MW
2046-09-03 10:00:00,NR,state_of_charge,0.0,YZ,MW
2046-09-04 11:00:00,SO,state_of_charge,0.0,YZ,MW
2046-09-05 12:00:00,CE,state_of_charge,0.0,YZ,MW
2046-09-06 13:00:00,NR,state_of_charge,0.0,YZ,MW
2046-09-07 14:00:00,SO,state_of_charge,0.0,YZ,MW
2046-09-08 15:00:00,CE,state_of_charge,0.0,YZ,MW
2046-09-09 16:00:00,NR,state_of_charge,0.0,YZ,MW
2046-09-10 17:00:00,SO,state_of_charge,0.0,YZ,MW
2046-09-11 18:00:00,CE,state_of_charge,92.25,YZ,MW
2046-09-12 19:00:00,NR,state_of_charge,155.25,YZ,MW
2046-09-13 20:00:00,SO,state_of_charge,112.5,YZ,MW
2046-09-14 21:00:00,CE,state_of_charge,0.0,YZ,MW
2046-09-15 22:00:00,NR,state_of_charge,0.0,YZ,MW
2046-09-16 23:00:00,SO,state_of_charge,0.0,YZ,MW
2046-09-18 00:00:00,CE,state_of_charge,0.0,YZ,MW
2046-09-19 01:00:00,NR,state_of_charge,0.0,YZ,MW
2046-09-20 02:00:00,SO,state_of_charge,0.0,YZ,MW
2046-09-21 03:00:00,CE,state_of_charge,0.0,YZ,MW
2046-09-22 04:00:00,NR,state_of_charge,0.0,YZ,MW
2046-09-23 05:00:00,SO,state_of_charge,0.0,YZ,MW
2046-09-24 06:00:00,CE,state_of_charge,0.0,YZ,MW
2046-09-25 07:00:00,NR,state_of_charge,0.0,YZ,MW
2046-09-26 08:00:00,SO,state_of_charge,0.0,YZ,MW
2046-09-27 09:00:00,CE,state_of_charge,0.0,YZ,MW
2046-09-28 10:00:00,NR,state_of_charge,0.0,YZ,MW
2046-09-29 11:00:00,SO,state_of_charge,0.0,YZ,MW
2046-09-30 12:00:00,CE,state_of_charge,0.0,YZ,MW
2046-10-01 13:00:00,NR,state_of_charge,0.0,YZ,MW
2046-10-02 14:00:00,SO,state_of_charge,0.0,YZ,MW
2046-10-03 15:00:00,CE,state_of_charge,0.0,YZ,MW
2046-10-04 16:00:00,NR,state_of_charge,0.0,YZ,MW
2046-10-05 17:00:00,SO,state_of_charge,0.0,YZ,MW
2046-10-06 18:00:00,CE,state_of_charge,0.0,YZ,MW
2046-10-07 19:00:00,NR,state_of_charge,0.0,YZ,MW
2046-10-08 20:00:00,SO,state_of_charge,0.0,YZ,MW
2046-10-09 21:00:00,CE,state_of_charge,0.0,YZ,MW
2046-10-10 22:00:00,NR,state_of_charge,0.0,YZ,MW
2046-10-11 23:00:00,SO,state_of_charge,0.0,YZ,MW
2046-10-13 00:00:00,CE,state_of_charge,0.0,YZ,MW
2046-10-14 01:00:00,NR,state_of_charge,0.0,YZ,MW
2046-10-15 02:00:00,SO,state_of_charge,0.0,YZ,MW
2046-10-16 03:00:00,CE,state_of_charge,0.0,YZ,MW
2046-10-17 04:00:00,NR,state_of_charge,0.0,YZ,MW
2046-10-18 05:00:00,SO,state_of_charge,0.0,YZ,MW
2046-10-19 06:00:00,CE,state_of_charge,0.0,YZ,MW
2046-10-20 07:00:00,NR,state_of_charge,0.0,YZ,MW
2046-10-21 08:00:00,SO,state_of_charge,0.0,YZ,MW
2046-10-22 09:00:00,CE,state_of_charge,0.0,YZ,MW
2046-10-23 10:00:00,NR,state_of_charge,0.0,YZ,MW
2046-10-24 11:00:00,SO,state_of_charge,0.0,YZ,MW
2046-10-25 12:00:00,CE,state_of_charge,0.0,YZ,MW
2046-10-26 13:00:00,NR,state_of_charge,0.0,YZ,MW
2046-10-27 14:00:00,SO,state_of_charge,0.0,YZ,MW
2046-10-28 15:00:00,CE,state_of_charge,0.0,YZ,MW
2046-10-29 16:00:00,NR,state_of_charge,0.0,YZ,MW
2046-10-30 17:00:00,SO,state_of_charge,0.0,YZ,MW
2046-10-31 18:00:00,CE,state_of_charge,0.0,YZ,MW
2046-11-01 19:00:00,NR,state_of_charge,0.0,YZ,MW
2046-11-02 20:00:00,SO,state_of_charge,0.0,YZ,MW
2046-11-03 21:00:00,CE,state_of_charge,0.0,YZ,MW
2046-11-04 22:00:00,NR,state_of_charge,0.0,YZ,MW
2046-11-05 23:00:00,SO,state_of_charge,0.0,YZ,MW
2046-11-07 00:00:00,CE,state_of_charge,0.0,YZ,MW
2046-11-08 01:00:00,NR,state_of_charge,0.0,YZ,MW
2046-11-09 02:00:00,SO,state_of_charge,0.0,YZ,MW
2046-11-10 03:00:00,CE,state_of_charge,0.0,YZ,MW
2046-11-11 04:00:00,NR,state_of_charge,0.0,YZ,MW
2046-11-12 05:00:00,SO,state_of_charge,0.0,YZ,MW
2046-11-13 06:00:00,CE,state_of_charge,0.0,YZ,MW
2046-11-14 07:00:00,NR,state_of_charge,0.0,YZ,MW
2046-11-15 08:00:00,SO,state_of_charge,0.0,YZ,MW
2046-11-16 09:00:00,CE,state_of_charge,0.0,YZ,MW
2046-11-17 10:00:00,NR,state_of_charge,0.0,YZ,MW
2046-11-18 11:00:00,SO,state_of_charge,0.0,YZ,MW
2046-11-19 12:00:00,CE,state_of_charge,0.0,YZ,MW
2046-11-20 13:00:00,NR,state_of_charge,0.0,YZ,MW
2046-11-21 14:00:00,SO,state_of_charge,0.0,YZ,MW
2046-11-22 15:00:00,CE,state_of_charge,0.0,YZ,MW
2046-11-23 16:00:00,NR,state_of_charge,0.0,YZ,MW
2046-11-24 17:00:00,SO,state_of_charge,0.0,YZ,MW
2046-11-25 18:00:00,CE,state_of_charge,92.25,YZ,MW
2046-11-26 19:00:00,NR,state_of_charge,155.25,YZ,MW
2046-11-27 20:00:00,SO,state_of_charge,112.5,YZ,MW
2046-11-28 21:00:00,CE,state_of_charge,0.0,YZ,MW
2046-11-29 22:00:00,NR,state_of_charge,0.0,YZ,MW
2046-11-30 23:00:00,SO,state_of_charge,0.0,YZ,MW
2046-12-02 00:00:00,CE,state_of_charge,0.0,YZ,MW
2046-12-03 01:00:00,NR,state_of_charge,0.0,YZ,MW
2046-12-04 02:00:00,SO,state_of_charge,0.0,YZ,MW
2046-12-05 03:00:00,CE,state_of_charge,0.0,YZ,MW
2046-12-06 04:00:00,NR,state_of_charge,0.0,YZ,MW
2046-12-07 05:00:00,SO,state_of_charge,0.0,YZ,MW
2046-12-08 06:00:00,CE,state_of_charge,0.0,YZ,MW
2046-12-09 07:00:00,NR,state_of_charge,0.0,YZ,MW
2046-12-10 08:00:00,SO,state_of_charge,0.0,YZ,MW
2046-12-11 09:00:00,CE,state_of_charge,0.0,YZ,MW
2046-12-12 10:00:00,NR,state_of_charge,0.0,YZ,MW
2046-12-13 11:00:00,SO,state_of_charge,0.0,YZ,MW
2046-12-14 12:00:00,CE,state_of_charge,0.0,YZ,MW
2046-12-15 13:00:00,NR,state_of_charge,0.0,YZ,MW
2046-12-16 14:00:00,SO,state_of_charge,0.0,YZ,MW
2046-12-17 15:00:00,CE,state_of_charge,0.0,YZ,MW
2046-12-18 16:00:00,NR,state_of_charge,0.0,YZ,MW
2046-12-19 17:00:00,SO,state_of_charge,0.0,YZ,MW
2046-12-20 18:00:00,CE,state_of_charge,0.0,YZ,MW
2046-12-21 19:00:00,NR,state_of_charge,0.0,YZ,MW
2046-12-22 20:00:00,SO,state_of_charge,0.0,YZ,MW
2046-12-23 21:00:00,CE,state_of_charge,0.0,YZ,MW
2046-12-24 22:00:00,NR,state_of_charge,0.0,YZ,MW
2046-12-25 23:00:00,SO,state_of_charge,0.0,YZ,MW
2046-12-27 00:00:00,CE,state_of_charge,0.0,YZ,MW
2046-12-28 01:00:00,NR,state_of_charge,0.0,YZ,MW
2046-12-29 02:00:00,SO,state_of_charge,0.0,YZ,MW
2046-12-30 03:00:00,CE,state_of_charge,0.0,YZ,MW
2046-12-31 04:00:00,NR,state_of_charge,0.0,YZ,MW
2047-01-01 05:00:00,SO,state_of_charge,0.0,YZ,MW
2047-01-02 06:00:00,CE,state_of_charge,0.0,YZ,MW
2047-01-03 07:00:00,NR,state_of_charge,0.0,YZ,MW
2047-01-04 08:00:00,SO,state_of_charge,0.0,YZ,MW
2047-01-05 09:00:00,CE,state_of_charge,0.0,YZ,MW
2047-01-06 10:00:00,NR,state_of_charge,0.0,YZ,MW
2047-01-07 11:00:00,SO,state_of_charge,0.0,YZ,MW
2047-01-08 12:00:00,CE,state_of_charge,0.0,YZ,MW
2047-01-09 13:00:00,NR,state_of_charge,0.0,YZ,MW
2047-01-10 14:00:00,SO,state_of_charge,0.0,YZ,MW
2047-01-11 15:00:00,CE,state_of_charge,0.0,YZ,MW
2047-01-12 16:00:00,NR,state_of_charge,0.0,YZ,MW
2047-01-13 17:00:00,SO,state_of_charge,0.0,YZ,MW
2047-01-14 18:00:00,CE,state_of_charge,0.0,YZ,MW
2047-01-15 19:00:00,NR,state_of_charge,0.0,YZ,MW
2047-01-16 20:00:00,SO,state_of_charge,0.0,YZ,MW
2047-01-17 21:00:00,CE,state_of_charge,0.0,YZ,MW
2047-01-18 22:00:00,NR,state_of_charge,0.0,YZ,MW
2047-01-19 23:00:00,SO,state_of_charge,0.0,YZ,MW
2047-01-21 00:00:00,CE,state_of_charge,0.0,YZ,MW
2047-01-22 01:00:00,NR,state_of_charge,0.0,YZ,MW
2047-01-23 02:00:00,SO,state_of_charge,0.0,YZ,MW
2047-01-24 03:00:00,CE,state_of_charge,0.0,YZ,MW
2047-01-25 04:00:00,NR,state_of_charge,0.0,YZ,MW
2047-01-26 05:00:00,SO,state_of_charge,0.0,YZ,MW
2047-01-27 06:00:00,CE,state_of_charge,0.0,YZ,MW
2047-01-28 07:00:00,NR,state_of_charge,0.0,YZ,MW
2047-01-29 08:00:00,SO,state_of_charge,0.0,YZ,MW
2047-01-30 09:00:00,CE,state_of_charge,0.0,YZ,MW
2047-01-31 10:00:00,NR,state_of_charge,0.0,YZ,MW
2047-02-01 11:00:00,SO,state_of_charge,0.0,YZ,MW
2047-02-02 12:00:00,CE,state_of_charge,0.0,YZ,MW
2047-02-03 13:00:00,NR,state_of_charge,0.0,YZ,MW
2047-02-04 14:00:00,SO,state_of_charge,0.0,YZ,MW
2047-02-05 15:00:00,CE,state_of_charge,0.0,YZ,MW
2047-02-06 16:00:00,NR,state_of_charge,0.0,YZ,MW
2047-02-07 17:00:00,SO,state_of_charge,0.0,YZ,MW
2047-02-08 18:00:00,CE,state_of_charge,92.25,YZ,MW
2047-02-09 19:00:00,NR,state_of_charge,155.25,YZ,MW
2047-02-10 20:00:00,SO,state_of_charge,112.5,YZ,MW
2047-02-11 21:00:00,CE,state_of_charge,0.0,YZ,MW
2047-02-12 22:00:00,NR,state_of_charge,0.0,YZ,MW
2047-02-13 23:00:00,SO,state_of_charge,0.0,YZ,MW
2047-02-15 00:00:00,CE,state_of_charge,0.0,YZ,MW
2047-02-16 01:00:00,NR,state_of_charge,0.0,YZ,MW
2047-02-17 02:00:00,SO,state_of_charge,0.0,YZ,MW
2047-02-18 03:00:00,CE,state_of_charge,0.0,YZ,MW
2047-02-19 04:00:00,NR,state_of_charge,0.0,YZ,MW
2047-02-20 05:00:00,SO,state_of_charge,0.0,YZ,MW
2047-02-21 06:00:00,CE,state_of_charge,0.0,YZ,MW
2047-02-22 07:00:00,NR,state_of_charge,0.0,YZ,MW
2047-02-23 08:00:00,SO,state_of_charge,0.0,YZ,MW
2047-02-24 09:00:00,CE,state_of_charge,0.0,YZ,MW
2047-02-25 10:00:00,NR,state_of_charge,0.0,YZ,MW
2047-02-26 11:00:00,SO,state_of_charge,0.0,YZ,MW
2047-02-27 12:00:00,CE,state_of_charge,0.0,YZ,MW
2047-02-28 13:00:00,NR,state_of_charge,0.0,YZ,MW
2047-03-01 14:00:00,SO,state_of_charge,0.0,YZ,MW
2047-03-02 15:00:00,CE,state_of_charge,0.0,YZ,MW
2047-03-03 16:00:00,NR,state_of_charge,0.0,YZ,MW
2047-03-04 17:00:00,SO,state_of_charge,0.0,YZ,MW
2047-03-05 18:00:00,CE,state_of_charge,0.0,YZ,MW
2047-03-06 19:00:00,NR,state_of_charge,0.0,YZ,MW
2047-03-07 20:00:00,SO,state_of_charge,0.0,YZ,MW
2047-03-08 21:00:00,CE,state_of_charge,0.0,YZ,MW
2047-03-09 22:00:00,NR,state_of_charge,0.0,YZ,MW
2047-03-10 23:00:00,SO,state_of_charge,0.0,YZ,MW
2047-03-12 00:00:00,CE,state_of_charge,0.0,YZ,MW
2047-03-13 01:00:00,NR,state_of_charge,0.0,YZ,MW
2047-03-14 02:00:00,SO,state_of_charge,0.0,YZ,MW
2047-03-15 03:00:00,CE,state_of_charge,0.0,YZ,MW
2047-03-16 04:00:00,NR,state_of_charge,0.0,YZ,MW
2047-03-17 05:00:00,SO,state_of_charge,0.0,YZ,MW
2047-03-18 06:00:00,CE,state_of_charge,0.0,YZ,MW
2047-03-19 07:00:00,NR,state_of_charge,0.0,YZ,MW
2047-03-20 08:00:00,SO,state_of_charge,0.0,YZ,MW
2047-03-21 09:00:00,CE,state_of_charge,0.0,YZ,MW
2047-03-22 10:00:00,NR,state_of_charge,0.0,YZ,MW
2047-03-23 11:00:00,SO,state_of_charge,0.0,YZ,MW
2047-03-24 12:00:00,CE,state_of_charge,0.0,YZ,MW
2047-03-25 13:00:00,NR,state_of_charge,0.0,YZ,MW
2047-03-26 14:00:00,SO,state_of_charge,0.0,YZ,MW
2047-03-27 15:00:00,CE,state_of_charge,0.0,YZ,MW
2047-03-28 16:00:00,NR,state_of_charge,0.0,YZ,MW
2047-03-29 17:00:00,SO,state_of_charge,0.0,YZ,MW
2047-03-30 18:00:00,CE,state_of_charge,0.0,YZ,MW
2047-03-31 19:00:00,NR,state_of_charge,0.0,YZ,MW
2047-04-01 20:00:00,SO,state_of_charge,0.0,YZ,MW
2047-04-02 21:00:00,CE,state_of_charge,0.0,YZ,MW
2047-04-03 22:00:00,NR,state_of_charge,0.0,YZ,MW
2047-04-04 23:00:00,SO,state_of_charge,0.0,YZ,MW
2047-04-06 00:00:00,CE,state_of_charge,0.0,YZ,MW
2047-04-07 01:00:00,NR,state_of_charge,0.0,YZ,MW
2047-04-08 02:00:00,SO,state_of_charge,0.0,YZ,MW
2047-04-09 03:00:00,CE,state_of_charge,0.0,YZ,MW
2047-04-10 04:00:00,NR,state_of_charge,0.0,YZ,MW
2047-04-11 05:00:00,SO,state_of_charge,0.0,YZ,MW
2047-04-12 06:00:00,CE,state_of_charge,0.0,YZ,MW
2047-04-13 07:00:00,NR,state_of_charge,0.0,YZ,MW
2047-04-14 08:00:00,SO,state_of_charge,0.0,YZ,MW
2047-04-15 09:00:00,CE,state_of_charge,0.0,YZ,MW
2047-04-16 10:00:00,NR,state_of_charge,0.0,YZ,MW
2047-04-17 11:00:00,SO,state_of_charge,0.0,YZ,MW
2047-04-18 12:00:00,CE,state_of_charge,0.0,YZ,MW
2047-04-19 13:00:00,NR,state_of_charge,0.0,YZ,MW
2047-04-20 14:00:00,SO,state_of_charge,0.0,YZ,MW
2047-04-21 15:00:00,CE,state_of_charge,0.0,YZ,MW
2047-04-22 16:00:00,NR,state_of_charge,0.0,YZ,MW
2047-04-23 17:00:00,SO,state_of_charge,0.0,YZ,MW
2047-04-24 18:00:00,CE,state_of_charge,92.25,YZ,MW
2047-04-25 19:00:00,NR,state_of_charge,155.25,YZ,MW
2047-04-26 20:00:00,SO,state_of_charge,112.5,YZ,MW
2047-04-27 21:00:00,CE,state_of_charge,0.0,YZ,MW
2047-04-28 22:00:00,NR,state_of_charge,0.0,YZ,MW
2047-04-29 23:00:00,SO,state_of_charge,0.0,YZ,MW
2047-05-01 00:00:00,CE,state_of_charge,0.0,YZ,MW
2047-05-02 01:00:00,NR,state_of_charge,0.0,YZ,MW
2047-05-03 02:00:00,SO,state_of_charge,0.0,YZ,MW
2047-05-04 03:00:00,CE,state_of_charge,0.0,YZ,MW
2047-05-05 04:00:00,NR,state_of_charge,0.0,YZ,MW
2047-05-06 05:00:00,SO,state_of_charge,0.0,YZ,MW
2047-05-07 06:00:00,CE,state_of_charge,0.0,YZ,MW
2047-05-08 07:00:00,NR,state_of_charge,0.0,YZ,MW
2047-05-09 08:00:00,SO,state_of_charge,0.0,YZ,MW
2047-05-10 09:00:00,CE,state_of_charge,0.0,YZ,MW
2047-05-11 10:00:00,NR,state_of_charge,0.0,YZ,MW
2047-05-12 11:00:00,SO,state_of_charge,0.0,YZ,MW
2047-05-13 12:00:00,CE,state_of_charge,0.0,YZ,MW
2047-05-14 13:00:00,NR,state_of_charge,0.0,YZ,MW
2047-05-15 14:00:00,SO,state_of_charge,0.0,YZ,MW
2047-05-16 15:00:00,CE,state_of_charge,0.0,YZ,MW
2047-05-17 16:00:00,NR,state_of_charge,0.0,YZ,MW
2047-05-18 17:00:00,SO,state_of_charge,0.0,YZ,MW
2047-05-19 18:00:00,CE,state_of_charge,0.0,YZ,MW
2047-05-20 19:00:00,NR,state_of_charge,0.0,YZ,MW
2047-05-21 20:00:00,SO,state_of_charge,0.0,YZ,MW
2047-05-22 21:00:00,CE,state_of_charge,0.0,YZ,MW
2047-05-23 22:00:00,NR,state_of_charge,0.0,YZ,MW
2047-05-24 23:00:00,SO,state_of_charge,0.0,YZ,MW
2047-05-26 00:00:00,CE,state_of_charge,0.0,YZ,MW
2047-05-27 01:00:00,NR,state_of_charge,0.0,YZ,MW
2047-05-28 02:00:00,SO,state_of_charge,0.0,YZ,MW
2047-05-29 03:00:00,CE,state_of_charge,0.0,YZ,MW
2047-05-30 04:00:00,NR,state_of_charge,0.0,YZ,MW
2047-05-31 05:00:00,SO,state_of_charge,0.0,YZ,MW
2047-06-01 06:00:00,CE,state_of_charge,0.0,YZ,MW
2047-06-02 07:00:00,NR,state_of_charge,0.0,YZ,MW
2047-06-03 08:00:00,SO,state_of_charge,0.0,YZ,MW
2047-06-04 09:00:00,CE,state_of_charge,0.0,YZ,MW
2047-06-05 10:00:00,NR,state_of_charge,0.0,YZ,MW
2047-06-06 11:00:00,SO,state_of_charge,0.0,YZ,MW
2047-06-07 12:00:00,CE,state_of_charge,0.0,YZ,MW
2047-06-08 13:00:00,NR,state_of_charge,0.0,YZ,MW
2047-06-09 14:00:00,SO,state_of_charge,0.0,YZ,MW
2047-06-10 15:00:00,CE,state_of_charge,0.0,YZ,MW
2047-06-11 16:00:00,NR,state_of_charge,0.0,YZ,MW
2047-06-12 17:00:00,SO,state_of_charge,0.0,YZ,MW
2047-06-13 18:00:00,CE,state_of_charge,0.0,YZ,MW
2047-06-14 19:00:00,NR,state_of_charge,0.0,YZ,MW
2047-06-15 20:00:00,SO,state_of_charge,0.0,YZ,MW
2047-06-16 21:00:00,CE,state_of_charge,0.0,YZ,MW
2047-06-17 22:00:00,NR,state_of_charge,0.0,YZ,MW
2047-06-18 23:00:00,SO,state_of_charge,0.0,YZ,MW
2047-06-20 00:00:00,CE,state_of_charge,0.0,YZ,MW
2047-06-21 01:00:00,NR,state_of_charge,0.0,YZ,MW
2047-06-22 02:00:00,SO,state_of_charge,0.0,YZ,MW
2047-06-23 03:00:00,CE,state_of_charge,0.0,YZ,MW
2047-06-24 04:00:00,NR,state_of_charge,0.0,YZ,MW
2047-06-25 05:00:00,SO,state_of_charge,0.0,YZ,MW
2047-06-26 06:00:00,CE,state_of_charge,0.0,YZ,MW
2047-06-27 07:00:00,NR,state_of_charge,0.0,YZ,MW
2047-06-28 08:00:00,SO,state_of_charge,0.0,YZ,MW
2047-06-29 09:00:00,CE,state_of_charge,0.0,YZ,MW
2047-06-30 10:00:00,NR,state_of_charge,0.0,YZ,MW
2047-07-01 11:00:00,SO,state_of_charge,0.0,YZ,MW
2047-07-02 12:00:00,CE,state_of_charge,0.0,YZ,MW
2047-07-03 13:00:00,NR,state_of_charge,0.0,YZ,MW
2047-07-04 14:00:00,SO,state_of_charge,0.0,YZ,MW
2047-07-05 15:00:00,CE,state_of_charge,0.0,YZ,MW
2047-07-06 16:00:00,NR,state_of_charge,0.0,YZ,MW
2047-07-07 17:00:00,SO,state_of_charge,0.0,YZ,MW
2047-07-08 18:00:00,CE,state_of_charge,0.0,YZ,MW
2047-07-09 19:00:00,NR,state_of_charge,0.0,YZ,MW
2047-07-10 20:00:00,SO,state_of_charge,0.0,YZ,MW
2047-07-11 21:00:00,CE,state_of_charge,92.25,YZ,MW
2047-07-12 22:00:00,NR,state_of_charge,155.25,YZ,MW
2047-07-13 23:00:00,SO,state_of_charge,112.5,YZ,MW
2047-07-15 00:00:00,CE,state_of_charge,0.0,YZ,MW
2047-07-16 01:00:00,NR,state_of_charge,0.0,YZ,MW
2047-07-17 02:00:00,SO,state_of_charge,0.0,YZ,MW
2047-07-18 03:00:00,CE,state_of_charge,0.0,YZ,MW
2047-07-19 04:00:00,NR,state_of_charge,0.0,YZ,MW
2047-07-20 05:00:00,SO,state_of_charge,0.0,YZ,MW
2047-07-21 06:00:00,CE,state_of_charge,0.0,YZ,MW
2047-07-22 07:00:00,NR,state_of_charge,0.0,YZ,MW
2047-07-23 08:00:00,SO,state_of_charge,0.0,YZ,MW
2047-07-24 09:00:00,CE,state_of_charge,0.0,YZ,MW
2047-07-25 10:00:00,NR,state_of_charge,0.0,YZ,MW
2047-07-26 11:00:00,SO,state_of_charge,0.0,YZ,MW
2047-07-27 12:00:00,CE,state_of_charge,0.0,YZ,MW
2047-07-28 13:00:00,NR,state_of_charge,0.0,YZ,MW
2047-07-29 14:00:00,SO,state_of_charge,0.0,YZ,MW
2047-07-30 15:00:00,CE,state_of_charge,0.0,YZ,MW
2047-07-31 16:00:00,NR,state_of_charge,0.0,YZ,MW
2047-08-01 17:00:00,SO,state_of_charge,0.0,YZ,MW
2047-08-02 18:00:00,CE,state_of_charge,0.0,YZ,MW
2047-08-03 19:00:00,NR,state_of_charge,0.0,YZ,MW
2047-08-04 20:00:00,SO,state_of_charge,0.0,YZ,MW
2047-08-05 21:00:00,CE,state_of_charge,0.0,YZ,MW
2047-08-06 22:00:00,NR,state_of_charge,0.0,YZ,MW
2047-08-07 23:00:00,SO,state_of_charge,0.0,YZ,MW
2047-08-09 00:00:00,CE,state_of_charge,0.0,YZ,MW
2047-08-10 01:00:00,NR,state_of_charge,0.0,YZ,MW
2047-08-11 02:00:00,SO,state_of_charge,0.0,YZ,MW
2047-08-12 03:00:00,CE,state_of_charge,0.0,YZ,MW
2047-08-13 04:00:00,NR,state_of_charge,0.0,YZ,MW
2047-08-14 05:00:00,SO,state_of_charge,0.0,YZ,MW
2047-08-15 06:00:00,CE,state_of_charge,0.0,YZ,MW
2047-08-16 07:00:00,NR,state_of_charge,0.0,YZ,MW
2047-08-17 08:00:00,SO,state_of_charge,0.0,YZ,MW
2047-08-18 09:00:00,CE,state_of_charge,0.0,YZ,MW
2047-08-19 10:00:00,NR,state_of_charge,0.0,YZ,MW
2047-08-20 11:00:00,SO,state_of_charge,0.0,YZ,MW
2047-08-21 12:00:00,CE,state_of_charge,0.0,YZ,MW
2047-08-22 13:00:00,NR,state_of_charge,0.0,YZ,MW
2047-08-23 14:00:00,SO,state_of_charge,0.0,YZ,MW
2047-08-24 15:00:00,CE,state_of_charge,0.0,YZ,MW
2047-08-25 16:00:00,NR,state_of_charge,0.0,YZ,MW
2047-08-26 17:00:00,SO,state_of_charge,0.0,YZ,MW
2047-08-27 18:00:00,CE,state_of_charge,0.0,YZ,MW
2047-08-28 19:00:00,NR,state_of_charge,0.0,YZ,MW
2047-08-29 20:00:00,SO,state_of_charge,0.0,YZ,MW
2047-08-30 21:00:00,CE,state_of_charge,0.0,YZ,MW
2047-08-31 22:00:00,NR,state_of_charge,0.0,YZ,MW
2047-09-01 23:00:00,SO,state_of_charge,0.0,YZ,MW
2047-09-03 00:00:00,CE,state_of_charge,0.0,YZ,MW
2047-09-04 01:00:00,NR,state_of_charge,0.0,YZ,MW
2047-09-05 02:00:00,SO,state_of_charge,0.0,YZ,MW
2047-09-06 03:00:00,CE,state_of_charge,0.0,YZ,MW
2047-09-07 04:00:00,NR,state_of_charge,0.0,YZ,MW
2047-09-08 05:00:00,SO,state_of_charge,0.0,YZ,MW
2047-09-09 06:00:00,CE,state_of_charge,0.0,YZ,MW
2047-09-10 07:00:00,NR,state_of_charge,0.0,YZ,MW
2047-09-11 08:00:00,SO,state_of_charge,0.0,YZ,MW
2047-09-12 09:00:00,CE,state_of_charge,0.0,YZ,MW
2047-09-13 10:00:00,NR,state_of_charge,0.0,YZ,MW
2047-09-14 11:00:00,SO,state_of_charge,0.0,YZ,MW
2047-09-15 12:00:00,CE,state_of_charge,0.0,YZ,MW
2047-09-16 13:00:00,NR,state_of_charge,0.0,YZ,MW
2047-09-17 14:00:00,SO,state_of_charge,0.0,YZ,MW
2047-09-18 15:00:00,CE,state_of_charge,0.0,YZ,MW
2047-09-19 16:00:00,NR,state_of_charge,0.0,YZ,MW
2047-09-20 17:00:00,SO,state_of_charge,0.0,YZ,MW
2047-09-21 18:00:00,CE,state_of_charge,0.0,YZ,MW
2047-09-22 19:00:00,NR,state_of_charge,0.0,YZ,MW
2047-09-23 20:00:00,SO,state_of_charge,0.0,YZ,MW
2047-09-24 21:00:00,CE,state_of_charge,92.25,YZ,MW
2047-09-25 22:00:00,NR,state_of_charge,155.25,YZ,MW
2047-09-26 23:00:00,SO,state_of_charge,112.5,YZ,MW
2047-09-28 00:00:00,CE,state_of_charge,0.0,YZ,MW
2047-09-29 01:00:00,NR,state_of_charge,0.0,YZ,MW
2047-09-30 02:00:00,SO,state_of_charge,0.0,YZ,MW
2047-10-01 03:00:00,CE,state_of_charge,0.0,YZ,MW
2047-10-02 04:00:00,NR,state_of_charge,0.0,YZ,MW
2047-10-03 05:00:00,SO,state_of_charge,0.0,YZ,MW
2047-10-04 06:00:00,CE,state_of_charge,0.0,YZ,MW
2047-10-05 07:00:00,NR,state_of_charge,0.0,YZ,MW
2047-10-06 08:00:00,SO,state_of_charge,0.0,YZ,MW
2047-10-07 09:00:00,CE,state_of_charge,0.0,YZ,MW
2047-10-08 10:00:00,NR,state_of_charge,0.0,YZ,MW
2047-10-09 11:00:00,SO,state_of_charge,0.0,YZ,MW
2047-10-10 12:00:00,CE,state_of_charge,0.0,YZ,MW
2047-10-11 13:00:00,NR,state_of_charge,0.0,YZ,MW
2047-10-12 14:00:00,SO,state_of_charge,0.0,YZ,MW
2047-10-13 15:00:00,CE,state_of_charge,0.0,YZ,MW
2047-10-14 16:00:00,NR,state_of_charge,0.0,YZ,MW
2047-10-15 17:00:00,SO,state_of_charge,0.0,YZ,MW
2047-10-16 18:00:00,CE,state_of_charge,0.0,YZ,MW
2047-10-17 19:00:00,NR,state_of_charge,0.0,YZ,MW
2047-10-18 20:00:00,SO,state_of_charge,0.0,YZ,MW
2047-10-19 21:00:00,CE,state_of_charge,0.0,YZ,MW
2047-10-20 22:00:00,NR,state_of_charge,0.0,YZ,MW
2047-10-21 23:00:00,SO,state_of_charge,0.0,YZ,MW
2047-10-23 00:00:00,CE,state_of_charge,0.0,YZ,MW
2047-10-24 01:00:00,NR,state_of_charge,0.0,YZ,MW
2047-10-25 02:00:00,SO,state_of_charge,0.0,YZ,MW
2047-10-26 03:00:00,CE,state_of_charge,0.0,YZ,MW
2047-10-27 04:00:00,NR,state_of_charge,0.0,YZ,MW
2047-10-28 05:00:00,SO,state_of_charge,0.0,YZ,MW
2047-10-29 06:00:00,CE,state_of_charge,0.0,YZ,MW
2047-10-30 07:00:00,NR,state_of_charge,0.0,YZ,MW
2047-10-31 08:00:00,SO,state_of_charge,0.0,YZ,MW
2047-11-01 09:00:00,CE,state_of_charge,0.0,YZ,MW
2047-11-02 10:00:00,NR,state_of_charge,0.0,YZ,MW
2047-11-03 11:00:00,SO,state_of_charge,0.0,YZ,MW
2047-11-04 12:00:00,CE,state_of_charge,0.0,YZ,MW
2047-11-05 13:00:00,NR,state_of_charge,0.0,YZ,MW
2047-11-06 14:00:00,SO,state_of_charge,0.0,YZ,MW
2047-11-07 15:00:00,CE,state_of_charge,0.0,YZ,MW
2047-11-08 16:00:00,NR,state_of_charge,0.0,YZ,MW
2047-11-09 17:00:00,SO,state_of_charge,0.0,YZ,MW
2047-11-10 18:00:00,CE,state_of_charge,0.0,YZ,MW
2047-11-11 19:00:00,NR,state_of_charge,0.0,YZ,MW
2047-11-12 20:00:00,SO,state_of_charge,0.0,YZ,MW
2047-11-13 21:00:00,CE,state_of_charge,0.0,YZ,MW
2047-11-14 22:00:00,NR,state_of_charge,0.0,YZ,MW
2047-11-15 23:00:00,SO,state_of_charge,0.0,YZ,MW
2047-11-17 00:00:00,CE,state_of_charge,0.0,YZ,MW
2047-11-18 01:00:00,NR,state_of_charge,0.0,YZ,MW
2047-11-19 02:00:00,SO,state_of_charge,0.0,YZ,MW
2047-11-20 03:00:00,CE,state_of_charge,0.0,YZ,MW
2047-11-21 04:00:00,NR,state_of_charge,0.0,YZ,MW
2047-11-22 05:00:00,SO,state_of_charge,0.0,YZ,MW
2047-11-23 06:00:00,CE,state_of_charge,0.0,YZ,MW
2047-11-24 07:00:00,NR,state_of_charge,0.0,YZ,MW
2047-11-25 08:00:00,SO,state_of_charge,0.0,YZ,MW
2047-11-26 09:00:00,CE,state_of_charge,0.0,YZ,MW
2047-11-27 10:00:00,NR,state_of_charge,0.0,YZ,MW
2047-11-28 11:00:00,SO,state_of_charge,0.0,YZ,MW
2047-11-29 12:00:00,CE,state_of_charge,0.0,YZ,MW
2047-11-30 13:00:00,NR,state_of_charge,0.0,YZ,MW
2047-12-01 14:00:00,SO,state_of_charge,0.0,YZ,MW
2047-12-02 15:00:00,CE,state_of_charge,0.0,YZ,MW
2047-12-03 16:00:00,NR,state_of_charge,0.0,YZ,MW
2047-12-04 17:00:00,SO,state_of_charge,0.0,YZ,MW
2047-12-05 18:00:00,CE,state_of_charge,0.0,YZ,MW
2047-12-06 19:00:00,NR,state_of_charge,0.0,YZ,MW
2047-12-07 20:00:00,SO,state_of_charge,0.0,YZ,MW
2047-12-08 21:00:00,CE,state_of_charge,92.25,YZ,MW
2047-12-09 22:00:00,NR,state_of_charge,155.25,YZ,MW
2047-12-10 23:00:00,SO,state_of_charge,112.5,YZ,MW
2047-12-12 00:00:00,CE,state_of_charge,0.0,YZ,MW
2047-12-13 01:00:00,NR,state_of_charge,0.0,YZ,MW
2047-12-14 02:00:00,SO,state_of_charge,0.0,YZ,MW
2047-12-15 03:00:00,CE,state_of_charge,0.0,YZ,MW
2047-12-16 04:00:00,NR,state_of_charge,0.0,YZ,MW
2047-12-17 05:00:00,SO,state_of_charge,0.0,YZ,MW
2047-12-18 06:00:00,CE,state_of_charge,0.0,YZ,MW
2047-12-19 07:00:00,NR,state_of_charge,0.0,YZ,MW
2047-12-20 08:00:00,SO,state_of_charge,0.0,YZ,MW
2047-12-21 09:00:00,CE,state_of_charge,0.0,YZ,MW
2047-12-22 10:00:00,NR,state_of_charge,0.0,YZ,MW
2047-12-23 11:00:00,SO,state_of_charge,0.0,YZ,MW
2047-12-24 12:00:00,CE,state_of_charge,0.0,YZ,MW
2047-12-25 13:00:00,NR,state_of_charge,0.0,YZ,MW
2047-12-26 14:00:00,SO,state_of_charge,0.0,YZ,MW
2047-12-27 15:00:00,CE,state_of_charge,0.0,YZ,MW
2047-12-28 16:00:00,NR,state_of_charge,0.0,YZ,MW
2047-12-29 17:00:00,SO,state_of_charge,0.0,YZ,MW
2047-12-30 18:00:00,CE,state_of_charge,0.0,YZ,MW
2047-12-31 19:00:00,NR,state_of_charge,0.0,YZ,MW
2048-01-01 20:00:00,SO,state_of_charge,0.0,YZ,MW
2048-01-02 21:00:00,CE,state_of_charge,0.0,YZ,MW
2048-01-03 22:00:00,NR,state_of_charge,0.0,YZ,MW
2048-01-04 23:00:00,SO,state_of_charge,0.0,YZ,MW
