snapshot,country,sector,value,unit
2030-01-01 00:00:00,XY,Inflexible_Power,6392.9,MW
2030-01-02 01:00:00,XY,Inflexible_Power,5935.099999999999,MW
2030-01-03 02:00:00,XY,Inflexible_Power,5797.4,MW
2030-01-04 03:00:00,XY,Inflexible_Power,5964.9,MW
2030-01-05 04:00:00,XY,Inflexible_Power,6041.5,MW
2030-01-06 05:00:00,XY,Inflexible_Power,6118.1,MW
2030-01-07 06:00:00,XY,Inflexible_Power,6865.2,MW
2030-01-08 07:00:00,XY,Inflexible_Power,7198.2,MW
2030-01-09 08:00:00,XY,Inflexible_Power,7902.8,MW
2030-01-10 09:00:00,XY,Inflexible_Power,8696.5,MW
2030-01-11 10:00:00,XY,Inflexible_Power,8087.6,MW
2030-01-12 11:00:00,XY,Inflexible_Power,7918.3,MW
2030-01-13 12:00:00,XY,Inflexible_Power,7675.2,MW
2030-01-14 13:00:00,XY,Inflexible_Power,7676.6,MW
2030-01-15 14:00:00,XY,Inflexible_Power,8119.3,MW
2030-01-16 15:00:00,XY,Inflexible_Power,8483.5,MW
2030-01-17 16:00:00,XY,Inflexible_Power,8836.0,MW
2030-01-18 17:00:00,XY,Inflexible_Power,8265.0,MW
2030-01-19 18:00:00,XY,Inflexible_Power,8628.3,MW
2030-01-20 19:00:00,XY,Inflexible_Power,8817.1,MW
2030-01-21 20:00:00,XY,Inflexible_Power,8161.6,MW
2030-01-22 21:00:00,XY,Inflexible_Power,7933.9,MW
2030-01-23 22:00:00,XY,Inflexible_Power,7384.299999999999,MW
2030-01-24 23:00:00,XY,Inflexible_Power,6971.6,MW
2030-01-26 00:00:00,XY,Inflexible_Power,6392.9,MW
2030-01-27 01:00:00,XY,Inflexible_Power,6009.599999999999,MW
2030-01-28 02:00:00,XY,Inflexible_Power,5874.4,MW
2030-01-29 03:00:00,XY,Inflexible_Power,5782.0,MW
2030-01-30 04:00:00,XY,Inflexible_Power,5827.5,MW
2030-01-31 05:00:00,XY,Inflexible_Power,6302.1,MW
2030-02-01 06:00:00,XY,Inflexible_Power,5598.0,MW
2030-02-02 07:00:00,XY,Inflexible_Power,5886.5,MW
2030-02-03 08:00:00,XY,Inflexible_Power,7474.9,MW
2030-02-04 09:00:00,XY,Inflexible_Power,7461.5,MW
2030-02-05 10:00:00,XY,Inflexible_Power,7461.8,MW
2030-02-06 11:00:00,XY,Inflexible_Power,7446.3,MW
2030-02-07 12:00:00,XY,Inflexible_Power,6958.2,MW
2030-02-08 13:00:00,XY,Inflexible_Power,6150.7,MW
2030-02-09 14:00:00,XY,Inflexible_Power,6394.8,MW
2030-02-10 15:00:00,XY,Inflexible_Power,6562.3,MW
2030-02-11 16:00:00,XY,Inflexible_Power,6866.3,MW
2030-02-12 17:00:00,XY,Inflexible_Power,7243.3,MW
2030-02-13 18:00:00,XY,Inflexible_Power,7591.7,MW
2030-02-14 19:00:00,XY,Inflexible_Power,7412.8,MW
2030-02-15 20:00:00,XY,Inflexible_Power,7063.1,MW
2030-02-16 21:00:00,XY,Inflexible_Power,6866.0,MW
2030-02-17 22:00:00,XY,Inflexible_Power,6957.1,MW
2030-02-18 23:00:00,XY,Inflexible_Power,6636.0,MW
2030-02-20 00:00:00,XY,Inflexible_Power,5875.2,MW
2030-02-21 01:00:00,XY,Inflexible_Power,5522.799999999999,MW
2030-02-22 02:00:00,XY,Inflexible_Power,5171.9,MW
2030-02-23 03:00:00,XY,Inflexible_Power,5110.5,MW
2030-02-24 04:00:00,XY,Inflexible_Power,5385.4,MW
2030-02-25 05:00:00,XY,Inflexible_Power,5645.6,MW
2030-02-26 06:00:00,XY,Inflexible_Power,6206.6,MW
2030-02-27 07:00:00,XY,Inflexible_Power,6711.2,MW
2030-02-28 08:00:00,XY,Inflexible_Power,7155.5,MW
2030-03-01 09:00:00,XY,Inflexible_Power,8316.2,MW
2030-03-02 10:00:00,XY,Inflexible_Power,8469.1,MW
2030-03-03 11:00:00,XY,Inflexible_Power,8849.3,MW
2030-03-04 12:00:00,XY,Inflexible_Power,8393.8,MW
2030-03-05 13:00:00,XY,Inflexible_Power,8422.1,MW
2030-03-06 14:00:00,XY,Inflexible_Power,8943.4,MW
2030-03-07 15:00:00,XY,Inflexible_Power,9080.1,MW
2030-03-08 16:00:00,XY,Inflexible_Power,8560.0,MW
2030-03-09 17:00:00,XY,Inflexible_Power,8554.8,MW
2030-03-10 18:00:00,XY,Inflexible_Power,9268.5,MW
2030-03-11 19:00:00,XY,Inflexible_Power,9182.3,MW
2030-03-12 20:00:00,XY,Inflexible_Power,8802.3,MW
2030-03-13 21:00:00,XY,Inflexible_Power,8544.3,MW
2030-03-14 22:00:00,XY,Inflexible_Power,8314.1,MW
2030-03-15 23:00:00,XY,Inflexible_Power,7125.3,MW
2030-03-17 00:00:00,XY,Inflexible_Power,6835.5,MW
2030-03-18 01:00:00,XY,Inflexible_Power,6621.5,MW
2030-03-19 02:00:00,XY,Inflexible_Power,6637.5,MW
2030-03-20 03:00:00,XY,Inflexible_Power,6392.099999999999,MW
2030-03-21 04:00:00,XY,Inflexible_Power,6497.2,MW
2030-03-22 05:00:00,XY,Inflexible_Power,6621.6,MW
2030-03-23 06:00:00,XY,Inflexible_Power,7032.0,MW
2030-03-24 07:00:00,XY,Inflexible_Power,7790.6,MW
2030-03-25 08:00:00,XY,Inflexible_Power,8498.0,MW
2030-03-26 09:00:00,XY,Inflexible_Power,9018.3,MW
2030-03-27 10:00:00,XY,Inflexible_Power,8987.5,MW
2030-03-28 11:00:00,XY,Inflexible_Power,9125.3,MW
2030-03-29 12:00:00,XY,Inflexible_Power,7675.2,MW
2030-03-30 13:00:00,XY,Inflexible_Power,7738.0,MW
2030-03-31 14:00:00,XY,Inflexible_Power,8943.4,MW
2030-04-01 15:00:00,XY,Inflexible_Power,11085.199999999999,MW
2030-04-02 16:00:00,XY,Inflexible_Power,10762.699999999999,MW
2030-04-03 17:00:00,XY,Inflexible_Power,10654.3,MW
2030-04-04 18:00:00,XY,Inflexible_Power,10419.8,MW
2030-04-05 19:00:00,XY,Inflexible_Power,9920.9,MW
2030-04-06 20:00:00,XY,Inflexible_Power,9631.6,MW
2030-04-07 21:00:00,XY,Inflexible_Power,10594.599999999999,MW
2030-04-08 22:00:00,XY,Inflexible_Power,9798.2,MW
2030-04-09 23:00:00,XY,Inflexible_Power,9156.0,MW
2030-04-11 00:00:00,XY,Inflexible_Power,8530.4,MW
2030-04-12 01:00:00,XY,Inflexible_Power,8697.9,MW
2030-04-13 02:00:00,XY,Inflexible_Power,8484.4,MW
2030-04-14 03:00:00,XY,Inflexible_Power,8131.4,MW
2030-04-15 04:00:00,XY,Inflexible_Power,8089.2,MW
2030-04-16 05:00:00,XY,Inflexible_Power,8441.6,MW
2030-04-17 06:00:00,XY,Inflexible_Power,8562.3,MW
2030-04-18 07:00:00,XY,Inflexible_Power,8730.0,MW
2030-04-19 08:00:00,XY,Inflexible_Power,9205.0,MW
2030-04-20 09:00:00,XY,Inflexible_Power,9755.6,MW
2030-04-21 10:00:00,XY,Inflexible_Power,9968.9,MW
2030-04-22 11:00:00,XY,Inflexible_Power,10656.5,MW
2030-04-23 12:00:00,XY,Inflexible_Power,9692.7,MW
2030-04-24 13:00:00,XY,Inflexible_Power,10179.7,MW
2030-04-25 14:00:00,XY,Inflexible_Power,10626.0,MW
2030-04-26 15:00:00,XY,Inflexible_Power,10014.8,MW
2030-04-27 16:00:00,XY,Inflexible_Power,10030.0,MW
2030-04-28 17:00:00,XY,Inflexible_Power,10665.7,MW
2030-04-29 18:00:00,XY,Inflexible_Power,10300.6,MW
2030-04-30 19:00:00,XY,Inflexible_Power,9920.9,MW
2030-05-01 20:00:00,XY,Inflexible_Power,9845.6,MW
2030-05-02 21:00:00,XY,Inflexible_Power,10640.6,MW
2030-05-03 22:00:00,XY,Inflexible_Power,9614.1,MW
2030-05-04 23:00:00,XY,Inflexible_Power,9262.6,MW
2030-05-06 00:00:00,XY,Inflexible_Power,8787.3,MW
2030-05-07 01:00:00,XY,Inflexible_Power,8469.5,MW
2030-05-08 02:00:00,XY,Inflexible_Power,8270.9,MW
2030-05-09 03:00:00,XY,Inflexible_Power,8194.6,MW
2030-05-10 04:00:00,XY,Inflexible_Power,8302.0,MW
2030-05-11 05:00:00,XY,Inflexible_Power,8333.6,MW
2030-05-12 06:00:00,XY,Inflexible_Power,8577.2,MW
2030-05-13 07:00:00,XY,Inflexible_Power,9326.9,MW
2030-05-14 08:00:00,XY,Inflexible_Power,10256.0,MW
2030-05-15 09:00:00,XY,Inflexible_Power,10839.5,MW
2030-05-16 10:00:00,XY,Inflexible_Power,11084.3,MW
2030-05-17 11:00:00,XY,Inflexible_Power,10013.6,MW
2030-05-18 12:00:00,XY,Inflexible_Power,9616.4,MW
2030-05-19 13:00:00,XY,Inflexible_Power,10488.0,MW
2030-05-20 14:00:00,XY,Inflexible_Power,11068.4,MW
2030-05-21 15:00:00,XY,Inflexible_Power,11512.7,MW
2030-05-22 16:00:00,XY,Inflexible_Power,11310.3,MW
2030-05-23 17:00:00,XY,Inflexible_Power,10668.8,MW
2030-05-24 18:00:00,XY,Inflexible_Power,9629.3,MW
2030-05-25 19:00:00,XY,Inflexible_Power,9920.9,MW
2030-05-26 20:00:00,XY,Inflexible_Power,10334.0,MW
2030-05-27 21:00:00,XY,Inflexible_Power,10226.6,MW
2030-05-28 22:00:00,XY,Inflexible_Power,10288.5,MW
2030-05-29 23:00:00,XY,Inflexible_Power,9427.8,MW
2030-05-31 00:00:00,XY,Inflexible_Power,8911.9,MW
2030-06-01 01:00:00,XY,Inflexible_Power,9278.0,MW
2030-06-02 02:00:00,XY,Inflexible_Power,8957.9,MW
2030-06-03 03:00:00,XY,Inflexible_Power,8744.1,MW
2030-06-04 04:00:00,XY,Inflexible_Power,8683.5,MW
2030-06-05 05:00:00,XY,Inflexible_Power,8745.7,MW
2030-06-06 06:00:00,XY,Inflexible_Power,8956.4,MW
2030-06-07 07:00:00,XY,Inflexible_Power,11584.1,MW
2030-06-08 08:00:00,XY,Inflexible_Power,8638.3,MW
2030-06-09 09:00:00,XY,Inflexible_Power,9342.7,MW
2030-06-10 10:00:00,XY,Inflexible_Power,11221.0,MW
2030-06-11 11:00:00,XY,Inflexible_Power,11464.900000000001,MW
2030-06-12 12:00:00,XY,Inflexible_Power,11204.6,MW
2030-06-13 13:00:00,XY,Inflexible_Power,10987.800000000001,MW
2030-06-14 14:00:00,XY,Inflexible_Power,11373.3,MW
2030-06-15 15:00:00,XY,Inflexible_Power,10626.0,MW
2030-06-16 16:00:00,XY,Inflexible_Power,10380.9,MW
2030-06-17 17:00:00,XY,Inflexible_Power,11587.6,MW
2030-06-18 18:00:00,XY,Inflexible_Power,10683.699999999999,MW
2030-06-19 19:00:00,XY,Inflexible_Power,10270.3,MW
2030-06-20 20:00:00,XY,Inflexible_Power,10638.2,MW
2030-06-21 21:00:00,XY,Inflexible_Power,10758.4,MW
2030-06-22 22:00:00,XY,Inflexible_Power,10302.9,MW
2030-06-23 23:00:00,XY,Inflexible_Power,10194.199999999999,MW
2030-06-25 00:00:00,XY,Inflexible_Power,10251.7,MW
2030-06-26 01:00:00,XY,Inflexible_Power,9400.3,MW
2030-06-27 02:00:00,XY,Inflexible_Power,9171.6,MW
2030-06-28 03:00:00,XY,Inflexible_Power,8865.9,MW
2030-06-29 04:00:00,XY,Inflexible_Power,8865.9,MW
2030-06-30 05:00:00,XY,Inflexible_Power,8759.8,MW
2030-07-01 06:00:00,XY,Inflexible_Power,8745.7,MW
2030-07-02 07:00:00,XY,Inflexible_Power,8762.0,MW
2030-07-03 08:00:00,XY,Inflexible_Power,8895.2,MW
2030-07-04 09:00:00,XY,Inflexible_Power,10106.9,MW
2030-07-05 10:00:00,XY,Inflexible_Power,10625.5,MW
2030-07-06 11:00:00,XY,Inflexible_Power,9968.9,MW
2030-07-07 12:00:00,XY,Inflexible_Power,9861.0,MW
2030-07-08 13:00:00,XY,Inflexible_Power,10300.800000000001,MW
2030-07-09 14:00:00,XY,Inflexible_Power,11269.0,MW
2030-07-10 15:00:00,XY,Inflexible_Power,11221.0,MW
2030-07-11 16:00:00,XY,Inflexible_Power,11098.7,MW
2030-07-12 17:00:00,XY,Inflexible_Power,10976.7,MW
2030-07-13 18:00:00,XY,Inflexible_Power,9478.0,MW
2030-07-14 19:00:00,XY,Inflexible_Power,9201.8,MW
2030-07-15 20:00:00,XY,Inflexible_Power,10149.800000000001,MW
2030-07-16 21:00:00,XY,Inflexible_Power,10059.099999999999,MW
2030-07-17 22:00:00,XY,Inflexible_Power,10288.0,MW
2030-07-18 23:00:00,XY,Inflexible_Power,10621.7,MW
2030-07-20 00:00:00,XY,Inflexible_Power,9537.5,MW
2030-07-21 01:00:00,XY,Inflexible_Power,9278.0,MW
2030-07-22 02:00:00,XY,Inflexible_Power,8787.3,MW
2030-07-23 03:00:00,XY,Inflexible_Power,8484.4,MW
2030-07-24 04:00:00,XY,Inflexible_Power,8347.2,MW
2030-07-25 05:00:00,XY,Inflexible_Power,8716.4,MW
2030-07-26 06:00:00,XY,Inflexible_Power,8318.2,MW
2030-07-27 07:00:00,XY,Inflexible_Power,8409.7,MW
2030-07-28 08:00:00,XY,Inflexible_Power,8424.8,MW
2030-07-29 09:00:00,XY,Inflexible_Power,10367.1,MW
2030-07-30 10:00:00,XY,Inflexible_Power,10744.7,MW
2030-07-31 11:00:00,XY,Inflexible_Power,10961.1,MW
2030-08-01 12:00:00,XY,Inflexible_Power,10839.199999999999,MW
2030-08-02 13:00:00,XY,Inflexible_Power,10272.8,MW
2030-08-03 14:00:00,XY,Inflexible_Power,9342.7,MW
2030-08-04 15:00:00,XY,Inflexible_Power,9603.0,MW
2030-08-05 16:00:00,XY,Inflexible_Power,11235.9,MW
2030-08-06 17:00:00,XY,Inflexible_Power,11144.2,MW
2030-08-07 18:00:00,XY,Inflexible_Power,10665.7,MW
2030-08-08 19:00:00,XY,Inflexible_Power,10332.1,MW
2030-08-09 20:00:00,XY,Inflexible_Power,10853.6,MW
2030-08-10 21:00:00,XY,Inflexible_Power,9418.1,MW
2030-08-11 22:00:00,XY,Inflexible_Power,9555.3,MW
2030-08-12 23:00:00,XY,Inflexible_Power,10041.6,MW
2030-08-14 00:00:00,XY,Inflexible_Power,9749.099999999999,MW
2030-08-15 01:00:00,XY,Inflexible_Power,9049.1,MW
2030-08-16 02:00:00,XY,Inflexible_Power,9096.2,MW
2030-08-17 03:00:00,XY,Inflexible_Power,8194.6,MW
2030-08-18 04:00:00,XY,Inflexible_Power,8042.0,MW
2030-08-19 05:00:00,XY,Inflexible_Power,8378.3,MW
2030-08-20 06:00:00,XY,Inflexible_Power,8486.9,MW
2030-08-21 07:00:00,XY,Inflexible_Power,8699.5,MW
2030-08-22 08:00:00,XY,Inflexible_Power,9446.099999999999,MW
2030-08-23 09:00:00,XY,Inflexible_Power,10228.0,MW
2030-08-24 10:00:00,XY,Inflexible_Power,9328.1,MW
2030-08-25 11:00:00,XY,Inflexible_Power,9740.0,MW
2030-08-26 12:00:00,XY,Inflexible_Power,10991.800000000001,MW
2030-08-27 13:00:00,XY,Inflexible_Power,10272.8,MW
2030-08-28 14:00:00,XY,Inflexible_Power,11326.4,MW
2030-08-29 15:00:00,XY,Inflexible_Power,11282.4,MW
2030-08-30 16:00:00,XY,Inflexible_Power,11235.9,MW
2030-08-31 17:00:00,XY,Inflexible_Power,9556.5,MW
2030-09-01 18:00:00,XY,Inflexible_Power,9386.800000000001,MW
2030-09-02 19:00:00,XY,Inflexible_Power,10603.9,MW
2030-09-03 20:00:00,XY,Inflexible_Power,9631.1,MW
2030-09-04 21:00:00,XY,Inflexible_Power,9494.400000000001,MW
2030-09-05 22:00:00,XY,Inflexible_Power,9936.8,MW
2030-09-06 23:00:00,XY,Inflexible_Power,9844.9,MW
2030-09-08 00:00:00,XY,Inflexible_Power,8927.1,MW
2030-09-09 01:00:00,XY,Inflexible_Power,8331.8,MW
2030-09-10 02:00:00,XY,Inflexible_Power,8118.3,MW
2030-09-11 03:00:00,XY,Inflexible_Power,7919.7,MW
2030-09-12 04:00:00,XY,Inflexible_Power,7828.5,MW
2030-09-13 05:00:00,XY,Inflexible_Power,8302.0,MW
2030-09-14 06:00:00,XY,Inflexible_Power,8104.7,MW
2030-09-15 07:00:00,XY,Inflexible_Power,8134.8,MW
2030-09-16 08:00:00,XY,Inflexible_Power,8960.3,MW
2030-09-17 09:00:00,XY,Inflexible_Power,9708.8,MW
2030-09-18 10:00:00,XY,Inflexible_Power,10335.7,MW
2030-09-19 11:00:00,XY,Inflexible_Power,10898.3,MW
2030-09-20 12:00:00,XY,Inflexible_Power,10380.2,MW
2030-09-21 13:00:00,XY,Inflexible_Power,9188.9,MW
2030-09-22 14:00:00,XY,Inflexible_Power,9465.0,MW
2030-09-23 15:00:00,XY,Inflexible_Power,10978.6,MW
2030-09-24 16:00:00,XY,Inflexible_Power,10714.1,MW
2030-09-25 17:00:00,XY,Inflexible_Power,10686.4,MW
2030-09-26 18:00:00,XY,Inflexible_Power,10347.9,MW
2030-09-27 19:00:00,XY,Inflexible_Power,10484.7,MW
2030-09-28 20:00:00,XY,Inflexible_Power,9631.1,MW
2030-09-29 21:00:00,XY,Inflexible_Power,9494.400000000001,MW
2030-09-30 22:00:00,XY,Inflexible_Power,10304.8,MW
2030-10-01 23:00:00,XY,Inflexible_Power,9476.9,MW
2030-10-03 00:00:00,XY,Inflexible_Power,7628.8,MW
2030-10-04 01:00:00,XY,Inflexible_Power,7184.6,MW
2030-10-05 02:00:00,XY,Inflexible_Power,6896.1,MW
2030-10-06 03:00:00,XY,Inflexible_Power,6789.000000000001,MW
2030-10-07 04:00:00,XY,Inflexible_Power,6621.0,MW
2030-10-08 05:00:00,XY,Inflexible_Power,6667.0,MW
2030-10-09 06:00:00,XY,Inflexible_Power,6880.8,MW
2030-10-10 07:00:00,XY,Inflexible_Power,7747.8,MW
2030-10-11 08:00:00,XY,Inflexible_Power,7624.9,MW
2030-10-12 09:00:00,XY,Inflexible_Power,7750.2,MW
2030-10-13 10:00:00,XY,Inflexible_Power,8163.6,MW
2030-10-14 11:00:00,XY,Inflexible_Power,9397.0,MW
2030-10-15 12:00:00,XY,Inflexible_Power,9385.0,MW
2030-10-16 13:00:00,XY,Inflexible_Power,8255.0,MW
2030-10-17 14:00:00,XY,Inflexible_Power,8485.8,MW
2030-10-18 15:00:00,XY,Inflexible_Power,9096.0,MW
2030-10-19 16:00:00,XY,Inflexible_Power,8347.7,MW
2030-10-20 17:00:00,XY,Inflexible_Power,8483.7,MW
2030-10-21 18:00:00,XY,Inflexible_Power,9482.2,MW
2030-10-22 19:00:00,XY,Inflexible_Power,9772.0,MW
2030-10-23 20:00:00,XY,Inflexible_Power,8861.7,MW
2030-10-24 21:00:00,XY,Inflexible_Power,8573.4,MW
2030-10-25 22:00:00,XY,Inflexible_Power,8774.3,MW
2030-10-26 23:00:00,XY,Inflexible_Power,7689.5,MW
2030-10-28 00:00:00,XY,Inflexible_Power,7308.2,MW
2030-10-29 01:00:00,XY,Inflexible_Power,7153.799999999999,MW
2030-10-30 02:00:00,XY,Inflexible_Power,6819.800000000001,MW
2030-10-31 03:00:00,XY,Inflexible_Power,6881.3,MW
2030-11-01 04:00:00,XY,Inflexible_Power,6621.0,MW
2030-11-02 05:00:00,XY,Inflexible_Power,6422.7,MW
2030-11-03 06:00:00,XY,Inflexible_Power,6621.6,MW
2030-11-04 07:00:00,XY,Inflexible_Power,7291.2,MW
2030-11-05 08:00:00,XY,Inflexible_Power,7702.4,MW
2030-11-06 09:00:00,XY,Inflexible_Power,8666.9,MW
2030-11-07 10:00:00,XY,Inflexible_Power,8896.0,MW
2030-11-08 11:00:00,XY,Inflexible_Power,9346.9,MW
2030-11-09 12:00:00,XY,Inflexible_Power,8070.9,MW
2030-11-10 13:00:00,XY,Inflexible_Power,7446.3,MW
2030-11-11 14:00:00,XY,Inflexible_Power,8403.1,MW
2030-11-12 15:00:00,XY,Inflexible_Power,8836.8,MW
2030-11-13 16:00:00,XY,Inflexible_Power,8988.4,MW
2030-11-14 17:00:00,XY,Inflexible_Power,9415.6,MW
2030-11-15 18:00:00,XY,Inflexible_Power,9837.6,MW
2030-11-16 19:00:00,XY,Inflexible_Power,8933.5,MW
2030-11-17 20:00:00,XY,Inflexible_Power,8221.0,MW
2030-11-18 21:00:00,XY,Inflexible_Power,8795.1,MW
2030-11-19 22:00:00,XY,Inflexible_Power,8254.0,MW
2030-11-20 23:00:00,XY,Inflexible_Power,7887.8,MW
2030-11-22 00:00:00,XY,Inflexible_Power,7446.3,MW
2030-11-23 01:00:00,XY,Inflexible_Power,6835.5,MW
2030-11-24 02:00:00,XY,Inflexible_Power,6545.2,MW
2030-11-25 03:00:00,XY,Inflexible_Power,6600.7,MW
2030-11-26 04:00:00,XY,Inflexible_Power,6622.8,MW
2030-11-27 05:00:00,XY,Inflexible_Power,6407.3,MW
2030-11-28 06:00:00,XY,Inflexible_Power,6697.9,MW
2030-11-29 07:00:00,XY,Inflexible_Power,7291.2,MW
2030-11-30 08:00:00,XY,Inflexible_Power,7045.6,MW
2030-12-01 09:00:00,XY,Inflexible_Power,7567.3,MW
2030-12-02 10:00:00,XY,Inflexible_Power,9031.8,MW
2030-12-03 11:00:00,XY,Inflexible_Power,9218.3,MW
2030-12-04 12:00:00,XY,Inflexible_Power,8773.0,MW
2030-12-05 13:00:00,XY,Inflexible_Power,7995.8,MW
2030-12-06 14:00:00,XY,Inflexible_Power,8058.6,MW
2030-12-07 15:00:00,XY,Inflexible_Power,7783.8,MW
2030-12-08 16:00:00,XY,Inflexible_Power,8027.1,MW
2030-12-09 17:00:00,XY,Inflexible_Power,9627.0,MW
2030-12-10 18:00:00,XY,Inflexible_Power,9547.1,MW
2030-12-11 19:00:00,XY,Inflexible_Power,9893.8,MW
2030-12-12 20:00:00,XY,Inflexible_Power,8938.0,MW
2030-12-13 21:00:00,XY,Inflexible_Power,8420.8,MW
2030-12-14 22:00:00,XY,Inflexible_Power,7765.9,MW
2030-12-15 23:00:00,XY,Inflexible_Power,7277.7,MW
2030-12-17 00:00:00,XY,Inflexible_Power,7140.200000000001,MW
2030-12-18 01:00:00,XY,Inflexible_Power,6711.7,MW
2030-12-19 02:00:00,XY,Inflexible_Power,6469.599999999999,MW
2030-12-20 03:00:00,XY,Inflexible_Power,6285.5,MW
2030-12-21 04:00:00,XY,Inflexible_Power,6224.1,MW
2030-12-22 05:00:00,XY,Inflexible_Power,6316.099999999999,MW
2030-12-23 06:00:00,XY,Inflexible_Power,6898.0,MW
2030-12-24 07:00:00,XY,Inflexible_Power,7304.299999999999,MW
2030-12-25 08:00:00,XY,Inflexible_Power,7610.0,MW
2030-12-26 09:00:00,XY,Inflexible_Power,8314.6,MW
2030-12-27 10:00:00,XY,Inflexible_Power,8804.3,MW
2030-12-28 11:00:00,XY,Inflexible_Power,8194.2,MW
2030-12-29 12:00:00,XY,Inflexible_Power,8132.3,MW
2030-12-30 13:00:00,XY,Inflexible_Power,7995.8,MW
2030-12-31 14:00:00,XY,Inflexible_Power,8334.6,MW
2031-01-01 15:00:00,XY,Inflexible_Power,8668.8,MW
2030-01-01 00:00:00,XY,Flexible_Industry_Heat,8105.899999999999,MW
2030-01-02 01:00:00,XY,Flexible_Industry_Heat,8105.899999999999,MW
2030-01-03 02:00:00,XY,Flexible_Industry_Heat,8105.899999999999,MW
2030-01-04 03:00:00,XY,Flexible_Industry_Heat,8105.899999999999,MW
2030-01-05 04:00:00,XY,Flexible_Industry_Heat,8093.699999999999,MW
2030-01-06 05:00:00,XY,Flexible_Industry_Heat,8105.899999999999,MW
2030-01-07 06:00:00,XY,Flexible_Industry_Heat,8105.899999999999,MW
2030-01-08 07:00:00,XY,Flexible_Industry_Heat,8105.899999999999,MW
2030-01-09 08:00:00,XY,Flexible_Industry_Heat,8105.899999999999,MW
2030-01-10 09:00:00,XY,Flexible_Industry_Heat,8105.899999999999,MW
2030-01-11 10:00:00,XY,Flexible_Industry_Heat,8980.99824155565,MW
2030-01-12 11:00:00,XY,Flexible_Industry_Heat,8919.897075933026,MW
2030-01-13 12:00:00,XY,Flexible_Industry_Heat,9215.899999999901,MW
2030-01-14 13:00:00,XY,Flexible_Industry_Heat,8942.948091837061,MW
2030-01-15 14:00:00,XY,Flexible_Industry_Heat,8105.899999999999,MW
2030-01-16 15:00:00,XY,Flexible_Industry_Heat,8285.9,MW
2030-01-17 16:00:00,XY,Flexible_Industry_Heat,8105.899999999999,MW
2030-01-18 17:00:00,XY,Flexible_Industry_Heat,8105.899999999999,MW
2030-01-19 18:00:00,XY,Flexible_Industry_Heat,7736.013822889369,MW
2030-01-20 19:00:00,XY,Flexible_Industry_Heat,3162.7999999990993,MW
2030-01-21 20:00:00,XY,Flexible_Industry_Heat,4585.21169590378,MW
2030-01-22 21:00:00,XY,Flexible_Industry_Heat,5277.2812106000065,MW
2030-01-23 22:00:00,XY,Flexible_Industry_Heat,8285.9,MW
2030-01-24 23:00:00,XY,Flexible_Industry_Heat,8105.899999999999,MW
2030-01-26 00:00:00,XY,Flexible_Industry_Heat,8087.5999999999985,MW
2030-01-27 01:00:00,XY,Flexible_Industry_Heat,8050.999999999999,MW
2030-01-28 02:00:00,XY,Flexible_Industry_Heat,8057.0999999999985,MW
2030-01-29 03:00:00,XY,Flexible_Industry_Heat,8069.299999999999,MW
2030-01-30 04:00:00,XY,Flexible_Industry_Heat,8093.699999999999,MW
2030-01-31 05:00:00,XY,Flexible_Industry_Heat,8087.5999999999985,MW
2030-02-01 06:00:00,XY,Flexible_Industry_Heat,8081.499999999999,MW
2030-02-02 07:00:00,XY,Flexible_Industry_Heat,8105.899999999999,MW
2030-02-03 08:00:00,XY,Flexible_Industry_Heat,8105.899999999999,MW
2030-02-04 09:00:00,XY,Flexible_Industry_Heat,8105.899999999999,MW
2030-02-05 10:00:00,XY,Flexible_Industry_Heat,8419.895470394022,MW
2030-02-06 11:00:00,XY,Flexible_Industry_Heat,9215.899999999901,MW
2030-02-07 12:00:00,XY,Flexible_Industry_Heat,9215.899999999901,MW
2030-02-08 13:00:00,XY,Flexible_Industry_Heat,9215.899999999901,MW
2030-02-09 14:00:00,XY,Flexible_Industry_Heat,9215.899999999901,MW
2030-02-10 15:00:00,XY,Flexible_Industry_Heat,9215.899999999901,MW
2030-02-11 16:00:00,XY,Flexible_Industry_Heat,8481.526340771217,MW
2030-02-12 17:00:00,XY,Flexible_Industry_Heat,8405.9,MW
2030-02-13 18:00:00,XY,Flexible_Industry_Heat,6661.885890139133,MW
2030-02-14 19:00:00,XY,Flexible_Industry_Heat,8105.899999999999,MW
2030-02-15 20:00:00,XY,Flexible_Industry_Heat,8105.899999999999,MW
2030-02-16 21:00:00,XY,Flexible_Industry_Heat,8105.899999999999,MW
2030-02-17 22:00:00,XY,Flexible_Industry_Heat,8105.899999999999,MW
2030-02-18 23:00:00,XY,Flexible_Industry_Heat,8105.899999999999,MW
2030-02-20 00:00:00,XY,Flexible_Industry_Heat,8105.899999999999,MW
2030-02-21 01:00:00,XY,Flexible_Industry_Heat,8093.699999999999,MW
2030-02-22 02:00:00,XY,Flexible_Industry_Heat,7900.799999999999,MW
2030-02-23 03:00:00,XY,Flexible_Industry_Heat,7430.999999999999,MW
2030-02-24 04:00:00,XY,Flexible_Industry_Heat,7670.7,MW
2030-02-25 05:00:00,XY,Flexible_Industry_Heat,8081.499999999999,MW
2030-02-26 06:00:00,XY,Flexible_Industry_Heat,8105.899999999999,MW
2030-02-27 07:00:00,XY,Flexible_Industry_Heat,8105.899999999999,MW
2030-02-28 08:00:00,XY,Flexible_Industry_Heat,8105.899999999999,MW
2030-03-01 09:00:00,XY,Flexible_Industry_Heat,8105.899999999999,MW
2030-03-02 10:00:00,XY,Flexible_Industry_Heat,8487.750529119117,MW
2030-03-03 11:00:00,XY,Flexible_Industry_Heat,8836.714788652464,MW
2030-03-04 12:00:00,XY,Flexible_Industry_Heat,9215.899999999901,MW
2030-03-05 13:00:00,XY,Flexible_Industry_Heat,9215.899999999901,MW
2030-03-06 14:00:00,XY,Flexible_Industry_Heat,9215.899999999901,MW
2030-03-07 15:00:00,XY,Flexible_Industry_Heat,8576.114285534832,MW
2030-03-08 16:00:00,XY,Flexible_Industry_Heat,8231.79185771845,MW
2030-03-09 17:00:00,XY,Flexible_Industry_Heat,8105.899999999999,MW
2030-03-10 18:00:00,XY,Flexible_Industry_Heat,7123.489934930606,MW
2030-03-11 19:00:00,XY,Flexible_Industry_Heat,6615.114202171648,MW
2030-03-12 20:00:00,XY,Flexible_Industry_Heat,5908.472499429581,MW
2030-03-13 21:00:00,XY,Flexible_Industry_Heat,6401.223604464492,MW
2030-03-14 22:00:00,XY,Flexible_Industry_Heat,6412.502756890058,MW
2030-03-15 23:00:00,XY,Flexible_Industry_Heat,8099.799999999999,MW
2030-03-17 00:00:00,XY,Flexible_Industry_Heat,8087.5999999999985,MW
2030-03-18 01:00:00,XY,Flexible_Industry_Heat,8075.399999999999,MW
2030-03-19 02:00:00,XY,Flexible_Industry_Heat,8069.299999999999,MW
2030-03-20 03:00:00,XY,Flexible_Industry_Heat,8069.299999999999,MW
2030-03-21 04:00:00,XY,Flexible_Industry_Heat,8050.999999999999,MW
2030-03-22 05:00:00,XY,Flexible_Industry_Heat,7750.5999999999985,MW
2030-03-23 06:00:00,XY,Flexible_Industry_Heat,8075.399999999999,MW
2030-03-24 07:00:00,XY,Flexible_Industry_Heat,8105.899999999999,MW
2030-03-25 08:00:00,XY,Flexible_Industry_Heat,8105.899999999999,MW
2030-03-26 09:00:00,XY,Flexible_Industry_Heat,8165.899999999999,MW
2030-03-27 10:00:00,XY,Flexible_Industry_Heat,8165.899999999999,MW
2030-03-28 11:00:00,XY,Flexible_Industry_Heat,8556.73506343466,MW
2030-03-29 12:00:00,XY,Flexible_Industry_Heat,9209.799999999901,MW
2030-03-30 13:00:00,XY,Flexible_Industry_Heat,9215.899999999901,MW
2030-03-31 14:00:00,XY,Flexible_Industry_Heat,8997.890084319735,MW
2030-04-01 15:00:00,XY,Flexible_Industry_Heat,8105.899999999999,MW
2030-04-02 16:00:00,XY,Flexible_Industry_Heat,6522.108980062753,MW
2030-04-03 17:00:00,XY,Flexible_Industry_Heat,3568.099999999099,MW
2030-04-04 18:00:00,XY,Flexible_Industry_Heat,2817.4999999990996,MW
2030-04-05 19:00:00,XY,Flexible_Industry_Heat,3105.6336675010907,MW
2030-04-06 20:00:00,XY,Flexible_Industry_Heat,3665.2589807841027,MW
2030-04-07 21:00:00,XY,Flexible_Industry_Heat,2892.5999999990995,MW
2030-04-08 22:00:00,XY,Flexible_Industry_Heat,3566.008354217933,MW
2030-04-09 23:00:00,XY,Flexible_Industry_Heat,4352.089974935616,MW
2030-04-11 00:00:00,XY,Flexible_Industry_Heat,6391.252130323881,MW
2030-04-12 01:00:00,XY,Flexible_Industry_Heat,4236.129490390213,MW
2030-04-13 02:00:00,XY,Flexible_Industry_Heat,4164.959064324686,MW
2030-04-14 03:00:00,XY,Flexible_Industry_Heat,4876.4187969894065,MW
2030-04-15 04:00:00,XY,Flexible_Industry_Heat,6235.944277357683,MW
2030-04-16 05:00:00,XY,Flexible_Industry_Heat,6383.633918126661,MW
2030-04-17 06:00:00,XY,Flexible_Industry_Heat,4160.472013364071,MW
2030-04-18 07:00:00,XY,Flexible_Industry_Heat,7697.700519242371,MW
2030-04-19 08:00:00,XY,Flexible_Industry_Heat,8093.699999999999,MW
2030-04-20 09:00:00,XY,Flexible_Industry_Heat,8105.899999999999,MW
2030-04-21 10:00:00,XY,Flexible_Industry_Heat,8105.899999999999,MW
2030-04-22 11:00:00,XY,Flexible_Industry_Heat,8105.899999999999,MW
2030-04-23 12:00:00,XY,Flexible_Industry_Heat,8165.899999999999,MW
2030-04-24 13:00:00,XY,Flexible_Industry_Heat,8282.799172438628,MW
2030-04-25 14:00:00,XY,Flexible_Industry_Heat,8105.899999999999,MW
2030-04-26 15:00:00,XY,Flexible_Industry_Heat,8093.699999999999,MW
2030-04-27 16:00:00,XY,Flexible_Industry_Heat,8105.899999999999,MW
2030-04-28 17:00:00,XY,Flexible_Industry_Heat,3004.972301416972,MW
2030-04-29 18:00:00,XY,Flexible_Industry_Heat,3027.6999999990994,MW
2030-04-30 19:00:00,XY,Flexible_Industry_Heat,3568.099999999099,MW
2030-05-01 20:00:00,XY,Flexible_Industry_Heat,3297.8999999990997,MW
2030-05-02 21:00:00,XY,Flexible_Industry_Heat,2742.3999999990997,MW
2030-05-03 22:00:00,XY,Flexible_Industry_Heat,1240.3999999990995,MW
2030-05-04 23:00:00,XY,Flexible_Industry_Heat,2105.392648284942,MW
2030-05-06 00:00:00,XY,Flexible_Industry_Heat,2753.3619047590378,MW
2030-05-07 01:00:00,XY,Flexible_Industry_Heat,4832.006015034992,MW
2030-05-08 02:00:00,XY,Flexible_Industry_Heat,4102.799164574932,MW
2030-05-09 03:00:00,XY,Flexible_Industry_Heat,3813.225898075109,MW
2030-05-10 04:00:00,XY,Flexible_Industry_Heat,4472.205430239295,MW
2030-05-11 05:00:00,XY,Flexible_Industry_Heat,2830.6617376739437,MW
2030-05-12 06:00:00,XY,Flexible_Industry_Heat,3046.9872180419884,MW
2030-05-13 07:00:00,XY,Flexible_Industry_Heat,1991.3999999990995,MW
2030-05-14 08:00:00,XY,Flexible_Industry_Heat,5163.75474385325,MW
2030-05-15 09:00:00,XY,Flexible_Industry_Heat,8105.899999999999,MW
2030-05-16 10:00:00,XY,Flexible_Industry_Heat,8105.899999999999,MW
2030-05-17 11:00:00,XY,Flexible_Industry_Heat,8087.5999999999985,MW
2030-05-18 12:00:00,XY,Flexible_Industry_Heat,8099.799999999999,MW
2030-05-19 13:00:00,XY,Flexible_Industry_Heat,8105.899999999999,MW
2030-05-20 14:00:00,XY,Flexible_Industry_Heat,8105.899999999999,MW
2030-05-21 15:00:00,XY,Flexible_Industry_Heat,3432.999999999099,MW
2030-05-22 16:00:00,XY,Flexible_Industry_Heat,3297.8999999990997,MW
2030-05-23 17:00:00,XY,Flexible_Industry_Heat,2667.2999999990993,MW
2030-05-24 18:00:00,XY,Flexible_Industry_Heat,1240.3999999990995,MW
2030-05-25 19:00:00,XY,Flexible_Industry_Heat,1390.5999999990995,MW
2030-05-26 20:00:00,XY,Flexible_Industry_Heat,2742.3999999990997,MW
2030-05-27 21:00:00,XY,Flexible_Industry_Heat,2892.5999999990995,MW
2030-05-28 22:00:00,XY,Flexible_Industry_Heat,3432.9999999990987,MW
2030-05-29 23:00:00,XY,Flexible_Industry_Heat,2517.0999999990995,MW
2030-05-31 00:00:00,XY,Flexible_Industry_Heat,3276.3203842916255,MW
2030-06-01 01:00:00,XY,Flexible_Industry_Heat,2156.105597324327,MW
2030-06-02 02:00:00,XY,Flexible_Industry_Heat,4625.4205513765455,MW
2030-06-03 03:00:00,XY,Flexible_Industry_Heat,7268.982456139253,MW
2030-06-04 04:00:00,XY,Flexible_Industry_Heat,4002.3218045086865,MW
2030-06-05 05:00:00,XY,Flexible_Industry_Heat,3680.3007518770874,MW
2030-06-06 06:00:00,XY,Flexible_Industry_Heat,3773.5764411005166,MW
2030-06-07 07:00:00,XY,Flexible_Industry_Heat,8105.899999999999,MW
2030-06-08 08:00:00,XY,Flexible_Industry_Heat,7997.671132788164,MW
2030-06-09 09:00:00,XY,Flexible_Industry_Heat,8093.699999999999,MW
2030-06-10 10:00:00,XY,Flexible_Industry_Heat,5760.444870692684,MW
2030-06-11 11:00:00,XY,Flexible_Industry_Heat,8105.899999999999,MW
2030-06-12 12:00:00,XY,Flexible_Industry_Heat,8105.899999999999,MW
2030-06-13 13:00:00,XY,Flexible_Industry_Heat,8105.899999999999,MW
2030-06-14 14:00:00,XY,Flexible_Industry_Heat,8437.850627691401,MW
2030-06-15 15:00:00,XY,Flexible_Industry_Heat,8483.270381189095,MW
2030-06-16 16:00:00,XY,Flexible_Industry_Heat,8270.535167620776,MW
2030-06-17 17:00:00,XY,Flexible_Industry_Heat,7380.100000001899,MW
2030-06-18 18:00:00,XY,Flexible_Industry_Heat,7931.030797305075,MW
2030-06-19 19:00:00,XY,Flexible_Industry_Heat,3297.8999999990997,MW
2030-06-20 20:00:00,XY,Flexible_Industry_Heat,3162.7999999990993,MW
2030-06-21 21:00:00,XY,Flexible_Industry_Heat,2667.2999999990993,MW
2030-06-22 22:00:00,XY,Flexible_Industry_Heat,1165.2999999990996,MW
2030-06-23 23:00:00,XY,Flexible_Industry_Heat,1315.4999999990996,MW
2030-06-25 00:00:00,XY,Flexible_Industry_Heat,2291.7999999990993,MW
2030-06-26 01:00:00,XY,Flexible_Industry_Heat,2144.4395989953064,MW
2030-06-27 02:00:00,XY,Flexible_Industry_Heat,1443.7801169562845,MW
2030-06-28 03:00:00,XY,Flexible_Industry_Heat,861.8813700884189,MW
2030-06-29 04:00:00,XY,Flexible_Industry_Heat,3361.646700080948,MW
2030-06-30 05:00:00,XY,Flexible_Industry_Heat,4977.361654133219,MW
2030-07-01 06:00:00,XY,Flexible_Industry_Heat,5068.035338343744,MW
2030-07-02 07:00:00,XY,Flexible_Industry_Heat,6212.255555554062,MW
2030-07-03 08:00:00,XY,Flexible_Industry_Heat,7286.058028076176,MW
2030-07-04 09:00:00,XY,Flexible_Industry_Heat,8105.899999999999,MW
2030-07-05 10:00:00,XY,Flexible_Industry_Heat,8384.21093027518,MW
2030-07-06 11:00:00,XY,Flexible_Industry_Heat,8401.50000000025,MW
2030-07-07 12:00:00,XY,Flexible_Industry_Heat,8413.70000000025,MW
2030-07-08 13:00:00,XY,Flexible_Industry_Heat,8361.176733924567,MW
2030-07-09 14:00:00,XY,Flexible_Industry_Heat,8364.046637059744,MW
2030-07-10 15:00:00,XY,Flexible_Industry_Heat,8425.900000000249,MW
2030-07-11 16:00:00,XY,Flexible_Industry_Heat,8425.900000000249,MW
2030-07-12 17:00:00,XY,Flexible_Industry_Heat,8105.899999999999,MW
2030-07-13 18:00:00,XY,Flexible_Industry_Heat,8081.499999999999,MW
2030-07-14 19:00:00,XY,Flexible_Industry_Heat,8093.699999999999,MW
2030-07-15 20:00:00,XY,Flexible_Industry_Heat,2667.2999999990993,MW
2030-07-16 21:00:00,XY,Flexible_Industry_Heat,4265.658730158345,MW
2030-07-17 22:00:00,XY,Flexible_Industry_Heat,3297.8999999990997,MW
2030-07-18 23:00:00,XY,Flexible_Industry_Heat,3162.7999999990993,MW
2030-07-20 00:00:00,XY,Flexible_Industry_Heat,2993.73065998164,MW
2030-07-21 01:00:00,XY,Flexible_Industry_Heat,5346.1810359219535,MW
2030-07-22 02:00:00,XY,Flexible_Industry_Heat,7750.5999999999985,MW
2030-07-23 03:00:00,XY,Flexible_Industry_Heat,7825.699999999999,MW
2030-07-24 04:00:00,XY,Flexible_Industry_Heat,7914.394016290473,MW
2030-07-25 05:00:00,XY,Flexible_Industry_Heat,6734.019715955007,MW
2030-07-26 06:00:00,XY,Flexible_Industry_Heat,6741.403759396416,MW
2030-07-27 07:00:00,XY,Flexible_Industry_Heat,7828.291463032296,MW
2030-07-28 08:00:00,XY,Flexible_Industry_Heat,5891.988912609209,MW
2030-07-29 09:00:00,XY,Flexible_Industry_Heat,5562.803359411743,MW
2030-07-30 10:00:00,XY,Flexible_Industry_Heat,8105.899999999999,MW
2030-07-31 11:00:00,XY,Flexible_Industry_Heat,8371.242518267878,MW
2030-08-01 12:00:00,XY,Flexible_Industry_Heat,8947.812062274965,MW
2030-08-02 13:00:00,XY,Flexible_Industry_Heat,8972.309656298974,MW
2030-08-03 14:00:00,XY,Flexible_Industry_Heat,9191.4999999999,MW
2030-08-04 15:00:00,XY,Flexible_Industry_Heat,8413.70000000025,MW
2030-08-05 16:00:00,XY,Flexible_Industry_Heat,8126.9494636685195,MW
2030-08-06 17:00:00,XY,Flexible_Industry_Heat,8105.899999999999,MW
2030-08-07 18:00:00,XY,Flexible_Industry_Heat,8105.899999999999,MW
2030-08-08 19:00:00,XY,Flexible_Industry_Heat,3825.6332125176846,MW
2030-08-09 20:00:00,XY,Flexible_Industry_Heat,2592.1999999990994,MW
2030-08-10 21:00:00,XY,Flexible_Industry_Heat,7841.5,MW
2030-08-11 22:00:00,XY,Flexible_Industry_Heat,4797.145196323244,MW
2030-08-12 23:00:00,XY,Flexible_Industry_Heat,4150.037677526688,MW
2030-08-14 00:00:00,XY,Flexible_Industry_Heat,2517.0999999990995,MW
2030-08-15 01:00:00,XY,Flexible_Industry_Heat,4928.025396823665,MW
2030-08-16 02:00:00,XY,Flexible_Industry_Heat,7679.133834585888,MW
2030-08-17 03:00:00,XY,Flexible_Industry_Heat,7590.799999999999,MW
2030-08-18 04:00:00,XY,Flexible_Industry_Heat,7111.4,MW
2030-08-19 05:00:00,XY,Flexible_Industry_Heat,7325.8590225561275,MW
2030-08-20 06:00:00,XY,Flexible_Industry_Heat,5182.991228067909,MW
2030-08-21 07:00:00,XY,Flexible_Industry_Heat,5419.991812863532,MW
2030-08-22 08:00:00,XY,Flexible_Industry_Heat,5515.387263666482,MW
2030-08-23 09:00:00,XY,Flexible_Industry_Heat,7871.213537748565,MW
2030-08-24 10:00:00,XY,Flexible_Industry_Heat,8081.499999999999,MW
2030-08-25 11:00:00,XY,Flexible_Industry_Heat,8491.21516737233,MW
2030-08-26 12:00:00,XY,Flexible_Industry_Heat,8425.900000000249,MW
2030-08-27 13:00:00,XY,Flexible_Industry_Heat,8645.217729766659,MW
2030-08-28 14:00:00,XY,Flexible_Industry_Heat,8425.900000000249,MW
2030-08-29 15:00:00,XY,Flexible_Industry_Heat,8174.882977911789,MW
2030-08-30 16:00:00,XY,Flexible_Industry_Heat,8105.899999999999,MW
2030-08-31 17:00:00,XY,Flexible_Industry_Heat,8081.499999999999,MW
2030-09-01 18:00:00,XY,Flexible_Industry_Heat,8091.895639648253,MW
2030-09-02 19:00:00,XY,Flexible_Industry_Heat,2667.2999999990993,MW
2030-09-03 20:00:00,XY,Flexible_Industry_Heat,3742.3958228893707,MW
2030-09-04 21:00:00,XY,Flexible_Industry_Heat,3297.8999999990997,MW
2030-09-05 22:00:00,XY,Flexible_Industry_Heat,3027.6999999990994,MW
2030-09-06 23:00:00,XY,Flexible_Industry_Heat,4605.787886382005,MW
2030-09-08 00:00:00,XY,Flexible_Industry_Heat,5950.126399330225,MW
2030-09-09 01:00:00,XY,Flexible_Industry_Heat,6646.2472848767475,MW
2030-09-10 02:00:00,XY,Flexible_Industry_Heat,7882.386152881858,MW
2030-09-11 03:00:00,XY,Flexible_Industry_Heat,7962.8435933580295,MW
2030-09-12 04:00:00,XY,Flexible_Industry_Heat,8050.999999999999,MW
2030-09-13 05:00:00,XY,Flexible_Industry_Heat,6163.388387633397,MW
2030-09-14 06:00:00,XY,Flexible_Industry_Heat,7510.9,MW
2030-09-15 07:00:00,XY,Flexible_Industry_Heat,7872.821679197642,MW
2030-09-16 08:00:00,XY,Flexible_Industry_Heat,8105.899999999999,MW
2030-09-17 09:00:00,XY,Flexible_Industry_Heat,8105.899999999999,MW
2030-09-18 10:00:00,XY,Flexible_Industry_Heat,8105.899999999999,MW
2030-09-19 11:00:00,XY,Flexible_Industry_Heat,8105.899999999999,MW
2030-09-20 12:00:00,XY,Flexible_Industry_Heat,8105.899999999999,MW
2030-09-21 13:00:00,XY,Flexible_Industry_Heat,8081.499999999999,MW
2030-09-22 14:00:00,XY,Flexible_Industry_Heat,8093.699999999999,MW
2030-09-23 15:00:00,XY,Flexible_Industry_Heat,3987.628915689816,MW
2030-09-24 16:00:00,XY,Flexible_Industry_Heat,6055.221978272494,MW
2030-09-25 17:00:00,XY,Flexible_Industry_Heat,5473.213161517381,MW
2030-09-26 18:00:00,XY,Flexible_Industry_Heat,3162.7999999990993,MW
2030-09-27 19:00:00,XY,Flexible_Industry_Heat,2592.1999999990994,MW
2030-09-28 20:00:00,XY,Flexible_Industry_Heat,1165.2999999990996,MW
2030-09-29 21:00:00,XY,Flexible_Industry_Heat,2336.077443607129,MW
2030-09-30 22:00:00,XY,Flexible_Industry_Heat,2667.2999999990993,MW
2030-10-01 23:00:00,XY,Flexible_Industry_Heat,2817.4999999990996,MW
2030-10-03 00:00:00,XY,Flexible_Industry_Heat,6620.779532160568,MW
2030-10-04 01:00:00,XY,Flexible_Industry_Heat,7903.423339598385,MW
2030-10-05 02:00:00,XY,Flexible_Industry_Heat,7975.899999999999,MW
2030-10-06 03:00:00,XY,Flexible_Industry_Heat,7271.2,MW
2030-10-07 04:00:00,XY,Flexible_Industry_Heat,7271.2,MW
2030-10-08 05:00:00,XY,Flexible_Industry_Heat,7825.699999999999,MW
2030-10-09 06:00:00,XY,Flexible_Industry_Heat,8087.5999999999985,MW
2030-10-10 07:00:00,XY,Flexible_Industry_Heat,7226.685380114143,MW
2030-10-11 08:00:00,XY,Flexible_Industry_Heat,8105.899999999999,MW
2030-10-12 09:00:00,XY,Flexible_Industry_Heat,8087.5999999999985,MW
2030-10-13 10:00:00,XY,Flexible_Industry_Heat,8099.799999999999,MW
2030-10-14 11:00:00,XY,Flexible_Industry_Heat,8105.899999999999,MW
2030-10-15 12:00:00,XY,Flexible_Industry_Heat,8105.899999999999,MW
2030-10-16 13:00:00,XY,Flexible_Industry_Heat,8105.899999999999,MW
2030-10-17 14:00:00,XY,Flexible_Industry_Heat,8105.899999999999,MW
2030-10-18 15:00:00,XY,Flexible_Industry_Heat,8105.899999999999,MW
2030-10-19 16:00:00,XY,Flexible_Industry_Heat,8087.5999999999985,MW
2030-10-20 17:00:00,XY,Flexible_Industry_Heat,8099.799999999999,MW
2030-10-21 18:00:00,XY,Flexible_Industry_Heat,2742.3999999990997,MW
2030-10-22 19:00:00,XY,Flexible_Industry_Heat,2892.5999999990995,MW
2030-10-23 20:00:00,XY,Flexible_Industry_Heat,3432.999999999099,MW
2030-10-24 21:00:00,XY,Flexible_Industry_Heat,4508.7175438573895,MW
2030-10-25 22:00:00,XY,Flexible_Industry_Heat,5800.912447784401,MW
2030-10-26 23:00:00,XY,Flexible_Industry_Heat,8087.5999999999985,MW
2030-10-28 00:00:00,XY,Flexible_Industry_Heat,8099.799999999999,MW
2030-10-29 01:00:00,XY,Flexible_Industry_Heat,8099.799999999999,MW
2030-10-30 02:00:00,XY,Flexible_Industry_Heat,8081.499999999999,MW
2030-10-31 03:00:00,XY,Flexible_Industry_Heat,8069.299999999999,MW
2030-11-01 04:00:00,XY,Flexible_Industry_Heat,7750.5999999999985,MW
2030-11-02 05:00:00,XY,Flexible_Industry_Heat,7191.299999999999,MW
2030-11-03 06:00:00,XY,Flexible_Industry_Heat,7670.7,MW
2030-11-04 07:00:00,XY,Flexible_Industry_Heat,8099.799999999999,MW
2030-11-05 08:00:00,XY,Flexible_Industry_Heat,8105.899999999999,MW
2030-11-06 09:00:00,XY,Flexible_Industry_Heat,7921.9521901708695,MW
2030-11-07 10:00:00,XY,Flexible_Industry_Heat,8105.899999999999,MW
2030-11-08 11:00:00,XY,Flexible_Industry_Heat,8168.96001826416,MW
2030-11-09 12:00:00,XY,Flexible_Industry_Heat,9000.683646479018,MW
2030-11-10 13:00:00,XY,Flexible_Industry_Heat,9209.799999999901,MW
2030-11-11 14:00:00,XY,Flexible_Industry_Heat,8678.268703507392,MW
2030-11-12 15:00:00,XY,Flexible_Industry_Heat,8105.899999999999,MW
2030-11-13 16:00:00,XY,Flexible_Industry_Heat,8105.899999999999,MW
2030-11-14 17:00:00,XY,Flexible_Industry_Heat,8105.899999999999,MW
2030-11-15 18:00:00,XY,Flexible_Industry_Heat,5063.163773851075,MW
2030-11-16 19:00:00,XY,Flexible_Industry_Heat,5917.580451126387,MW
2030-11-17 20:00:00,XY,Flexible_Industry_Heat,8057.948041979692,MW
2030-11-18 21:00:00,XY,Flexible_Industry_Heat,2742.3999999990997,MW
2030-11-19 22:00:00,XY,Flexible_Industry_Heat,7983.617716165132,MW
2030-11-20 23:00:00,XY,Flexible_Industry_Heat,8105.899999999999,MW
2030-11-22 00:00:00,XY,Flexible_Industry_Heat,8105.899999999999,MW
2030-11-23 01:00:00,XY,Flexible_Industry_Heat,8070.833020049476,MW
2030-11-24 02:00:00,XY,Flexible_Industry_Heat,7750.5999999999985,MW
2030-11-25 03:00:00,XY,Flexible_Industry_Heat,7510.9,MW
2030-11-26 04:00:00,XY,Flexible_Industry_Heat,7750.5999999999985,MW
2030-11-27 05:00:00,XY,Flexible_Industry_Heat,8063.199999999999,MW
2030-11-28 06:00:00,XY,Flexible_Industry_Heat,8099.799999999999,MW
2030-11-29 07:00:00,XY,Flexible_Industry_Heat,8105.899999999999,MW
2030-11-30 08:00:00,XY,Flexible_Industry_Heat,8087.5999999999985,MW
2030-12-01 09:00:00,XY,Flexible_Industry_Heat,8105.899999999999,MW
2030-12-02 10:00:00,XY,Flexible_Industry_Heat,8105.899999999999,MW
2030-12-03 11:00:00,XY,Flexible_Industry_Heat,8105.899999999999,MW
2030-12-04 12:00:00,XY,Flexible_Industry_Heat,8585.007810469779,MW
2030-12-05 13:00:00,XY,Flexible_Industry_Heat,9215.899999999901,MW
2030-12-06 14:00:00,XY,Flexible_Industry_Heat,8714.777241102654,MW
2030-12-07 15:00:00,XY,Flexible_Industry_Heat,8419.464907480033,MW
2030-12-08 16:00:00,XY,Flexible_Industry_Heat,8105.899999999999,MW
2030-12-09 17:00:00,XY,Flexible_Industry_Heat,6847.768646663354,MW
2030-12-10 18:00:00,XY,Flexible_Industry_Heat,4856.890403995629,MW
2030-12-11 19:00:00,XY,Flexible_Industry_Heat,3933.0503068274547,MW
2030-12-12 20:00:00,XY,Flexible_Industry_Heat,5528.694823724771,MW
2030-12-13 21:00:00,XY,Flexible_Industry_Heat,8105.899999999999,MW
2030-12-14 22:00:00,XY,Flexible_Industry_Heat,8093.699999999999,MW
2030-12-15 23:00:00,XY,Flexible_Industry_Heat,8105.899999999999,MW
2030-12-17 00:00:00,XY,Flexible_Industry_Heat,8105.899999999999,MW
2030-12-18 01:00:00,XY,Flexible_Industry_Heat,8105.899999999999,MW
2030-12-19 02:00:00,XY,Flexible_Industry_Heat,8105.899999999999,MW
2030-12-20 03:00:00,XY,Flexible_Industry_Heat,8050.999999999999,MW
2030-12-21 04:00:00,XY,Flexible_Industry_Heat,7590.799999999999,MW
2030-12-22 05:00:00,XY,Flexible_Industry_Heat,7430.999999999999,MW
2030-12-23 06:00:00,XY,Flexible_Industry_Heat,8069.299999999999,MW
2030-12-24 07:00:00,XY,Flexible_Industry_Heat,8045.309367167424,MW
2030-12-25 08:00:00,XY,Flexible_Industry_Heat,8060.784126831689,MW
2030-12-26 09:00:00,XY,Flexible_Industry_Heat,8060.1481877297065,MW
2030-12-27 10:00:00,XY,Flexible_Industry_Heat,8105.899999999999,MW
2030-12-28 11:00:00,XY,Flexible_Industry_Heat,8093.699999999999,MW
2030-12-29 12:00:00,XY,Flexible_Industry_Heat,9215.899999999901,MW
2030-12-30 13:00:00,XY,Flexible_Industry_Heat,8884.32763144248,MW
2030-12-31 14:00:00,XY,Flexible_Industry_Heat,9026.555827684924,MW
2031-01-01 15:00:00,XY,Flexible_Industry_Heat,8225.9,MW
2030-01-01 00:00:00,XY,Flexible_EV_Charging,54.94736842105016,MW
2030-01-02 01:00:00,XY,Flexible_EV_Charging,74.52631578949216,MW
2030-01-03 02:00:00,XY,Flexible_EV_Charging,88.421052631648,MW
2030-01-04 03:00:00,XY,Flexible_EV_Charging,94.736842105345,MW
2030-01-05 04:00:00,XY,Flexible_EV_Charging,94.736842105345,MW
2030-01-06 05:00:00,XY,Flexible_EV_Charging,90.526315789547,MW
2030-01-07 06:00:00,XY,Flexible_EV_Charging,73.052631578946,MW
2030-01-08 07:00:00,XY,Flexible_EV_Charging,53.6842105263595,MW
2030-01-09 08:00:00,XY,Flexible_EV_Charging,50.526315789516,MW
2030-01-10 09:00:00,XY,Flexible_EV_Charging,49.4736842105615,MW
2030-01-11 10:00:00,XY,Flexible_EV_Charging,50.526315789516,MW
2030-01-12 11:00:00,XY,Flexible_EV_Charging,50.526315789516,MW
2030-01-13 12:00:00,XY,Flexible_EV_Charging,45.263157894763495,MW
2030-01-14 13:00:00,XY,Flexible_EV_Charging,49.4736842105615,MW
2030-01-15 14:00:00,XY,Flexible_EV_Charging,43.1578947368645,MW
2030-01-16 15:00:00,XY,Flexible_EV_Charging,40.000000000031,MW
2030-01-17 16:00:00,XY,Flexible_EV_Charging,32.631578947399504,MW
2030-01-18 17:00:00,XY,Flexible_EV_Charging,27.368421052647,MW
2030-01-19 18:00:00,XY,Flexible_EV_Charging,12.631578947384,MW
2030-01-20 19:00:00,XY,Flexible_EV_Charging,44.210526315829,MW
2030-01-21 20:00:00,XY,Flexible_EV_Charging,42.10526315792,MW
2030-01-22 21:00:00,XY,Flexible_EV_Charging,58.947368421102,MW
2030-01-23 22:00:00,XY,Flexible_EV_Charging,65.263157894779,MW
2030-01-24 23:00:00,XY,Flexible_EV_Charging,71.57894736847601,MW
2030-01-26 00:00:00,XY,Flexible_EV_Charging,76.8421052632285,MW
2030-01-27 01:00:00,XY,Flexible_EV_Charging,76.8421052632285,MW
2030-01-28 02:00:00,XY,Flexible_EV_Charging,76.23157894739083,MW
2030-01-29 03:00:00,XY,Flexible_EV_Charging,92.631578947446,MW
2030-01-30 04:00:00,XY,Flexible_EV_Charging,95.7894736842795,MW
2030-01-31 05:00:00,XY,Flexible_EV_Charging,89.4736842105925,MW
2030-02-01 06:00:00,XY,Flexible_EV_Charging,75.78947368426398,MW
2030-02-02 07:00:00,XY,Flexible_EV_Charging,62.1052631579355,MW
2030-02-03 08:00:00,XY,Flexible_EV_Charging,77.89473684217299,MW
2030-02-04 09:00:00,XY,Flexible_EV_Charging,82.86315789475924,MW
2030-02-05 10:00:00,XY,Flexible_EV_Charging,44.210526315829,MW
2030-02-06 11:00:00,XY,Flexible_EV_Charging,49.4736842105615,MW
2030-02-07 12:00:00,XY,Flexible_EV_Charging,48.421052631617,MW
2030-02-08 13:00:00,XY,Flexible_EV_Charging,43.1578947368645,MW
2030-02-09 14:00:00,XY,Flexible_EV_Charging,20.0000000000155,MW
2030-02-10 15:00:00,XY,Flexible_EV_Charging,27.368421052647,MW
2030-02-11 16:00:00,XY,Flexible_EV_Charging,38.947368421086495,MW
2030-02-12 17:00:00,XY,Flexible_EV_Charging,33.684210526344,MW
2030-02-13 18:00:00,XY,Flexible_EV_Charging,28.4210526316015,MW
2030-02-14 19:00:00,XY,Flexible_EV_Charging,31.578947368445,MW
2030-02-15 20:00:00,XY,Flexible_EV_Charging,42.10526315792,MW
2030-02-16 21:00:00,XY,Flexible_EV_Charging,40.000000000031,MW
2030-02-17 22:00:00,XY,Flexible_EV_Charging,60.0000000000465,MW
2030-02-18 23:00:00,XY,Flexible_EV_Charging,66.3157894737335,MW
2030-02-20 00:00:00,XY,Flexible_EV_Charging,82.105263157951,MW
2030-02-21 01:00:00,XY,Flexible_EV_Charging,86.31578947374899,MW
2030-02-22 02:00:00,XY,Flexible_EV_Charging,90.526315789547,MW
2030-02-23 03:00:00,XY,Flexible_EV_Charging,92.631578947446,MW
2030-02-24 04:00:00,XY,Flexible_EV_Charging,88.421052631648,MW
2030-02-25 05:00:00,XY,Flexible_EV_Charging,73.47368421053551,MW
2030-02-26 06:00:00,XY,Flexible_EV_Charging,70.5263157895315,MW
2030-02-27 07:00:00,XY,Flexible_EV_Charging,58.947368421102,MW
2030-02-28 08:00:00,XY,Flexible_EV_Charging,49.4736842105615,MW
2030-03-01 09:00:00,XY,Flexible_EV_Charging,47.3684210526625,MW
2030-03-02 10:00:00,XY,Flexible_EV_Charging,50.526315789516,MW
2030-03-03 11:00:00,XY,Flexible_EV_Charging,44.210526315829,MW
2030-03-04 12:00:00,XY,Flexible_EV_Charging,50.526315789516,MW
2030-03-05 13:00:00,XY,Flexible_EV_Charging,44.210526315829,MW
2030-03-06 14:00:00,XY,Flexible_EV_Charging,44.210526315829,MW
2030-03-07 15:00:00,XY,Flexible_EV_Charging,35.789473684233,MW
2030-03-08 16:00:00,XY,Flexible_EV_Charging,25.263157894747998,MW
2030-03-09 17:00:00,XY,Flexible_EV_Charging,7.368421052637499,MW
2030-03-10 18:00:00,XY,Flexible_EV_Charging,28.4210526316015,MW
2030-03-11 19:00:00,XY,Flexible_EV_Charging,25.263157894747998,MW
2030-03-12 20:00:00,XY,Flexible_EV_Charging,46.315789473718,MW
2030-03-13 21:00:00,XY,Flexible_EV_Charging,54.736842105314,MW
2030-03-14 22:00:00,XY,Flexible_EV_Charging,61.052631578991,MW
2030-03-15 23:00:00,XY,Flexible_EV_Charging,66.3157894737335,MW
2030-03-17 00:00:00,XY,Flexible_EV_Charging,69.473684210577,MW
2030-03-18 01:00:00,XY,Flexible_EV_Charging,78.7578947368641,MW
2030-03-19 02:00:00,XY,Flexible_EV_Charging,88.421052631648,MW
2030-03-20 03:00:00,XY,Flexible_EV_Charging,94.736842105345,MW
2030-03-21 04:00:00,XY,Flexible_EV_Charging,94.736842105345,MW
2030-03-22 05:00:00,XY,Flexible_EV_Charging,88.421052631648,MW
2030-03-23 06:00:00,XY,Flexible_EV_Charging,75.78947368426398,MW
2030-03-24 07:00:00,XY,Flexible_EV_Charging,76.8421052632285,MW
2030-03-25 08:00:00,XY,Flexible_EV_Charging,86.02105263160351,MW
2030-03-26 09:00:00,XY,Flexible_EV_Charging,43.1578947368645,MW
2030-03-27 10:00:00,XY,Flexible_EV_Charging,47.3684210526625,MW
2030-03-28 11:00:00,XY,Flexible_EV_Charging,45.263157894763495,MW
2030-03-29 12:00:00,XY,Flexible_EV_Charging,34.7368421052985,MW
2030-03-30 13:00:00,XY,Flexible_EV_Charging,17.8947368421215,MW
2030-03-31 14:00:00,XY,Flexible_EV_Charging,24.210526315813503,MW
2030-04-01 15:00:00,XY,Flexible_EV_Charging,31.578947368445,MW
2030-04-02 16:00:00,XY,Flexible_EV_Charging,4.210526315792,MW
2030-04-03 17:00:00,XY,Flexible_EV_Charging,15.7894736842215,MW
2030-04-04 18:00:00,XY,Flexible_EV_Charging,21.05263157896,MW
2030-04-05 19:00:00,XY,Flexible_EV_Charging,25.263157894747998,MW
2030-04-06 20:00:00,XY,Flexible_EV_Charging,26.315789473702498,MW
2030-04-07 21:00:00,XY,Flexible_EV_Charging,45.263157894763495,MW
2030-04-08 22:00:00,XY,Flexible_EV_Charging,44.210526315829,MW
2030-04-09 23:00:00,XY,Flexible_EV_Charging,71.57894736847601,MW
2030-04-11 00:00:00,XY,Flexible_EV_Charging,78.9473684211175,MW
2030-04-12 01:00:00,XY,Flexible_EV_Charging,83.1578947368955,MW
2030-04-13 02:00:00,XY,Flexible_EV_Charging,87.36842105269349,MW
2030-04-14 03:00:00,XY,Flexible_EV_Charging,87.36842105269349,MW
2030-04-15 04:00:00,XY,Flexible_EV_Charging,75.66315789473437,MW
2030-04-16 05:00:00,XY,Flexible_EV_Charging,83.1578947368955,MW
2030-04-17 06:00:00,XY,Flexible_EV_Charging,73.68421052637498,MW
2030-04-18 07:00:00,XY,Flexible_EV_Charging,55.7894736842485,MW
2030-04-19 08:00:00,XY,Flexible_EV_Charging,46.315789473718,MW
2030-04-20 09:00:00,XY,Flexible_EV_Charging,47.3684210526625,MW
2030-04-21 10:00:00,XY,Flexible_EV_Charging,51.5789473684605,MW
2030-04-22 11:00:00,XY,Flexible_EV_Charging,54.736842105314,MW
2030-04-23 12:00:00,XY,Flexible_EV_Charging,40.000000000031,MW
2030-04-24 13:00:00,XY,Flexible_EV_Charging,44.210526315829,MW
2030-04-25 14:00:00,XY,Flexible_EV_Charging,37.894736842141995,MW
2030-04-26 15:00:00,XY,Flexible_EV_Charging,28.4210526316015,MW
2030-04-27 16:00:00,XY,Flexible_EV_Charging,3.1578947368445,MW
2030-04-28 17:00:00,XY,Flexible_EV_Charging,22.1052631579045,MW
2030-04-29 18:00:00,XY,Flexible_EV_Charging,23.157894736849002,MW
2030-04-30 19:00:00,XY,Flexible_EV_Charging,33.684210526344,MW
2030-05-01 20:00:00,XY,Flexible_EV_Charging,37.894736842141995,MW
2030-05-02 21:00:00,XY,Flexible_EV_Charging,51.5789473684605,MW
2030-05-03 22:00:00,XY,Flexible_EV_Charging,56.84210526321301,MW
2030-05-04 23:00:00,XY,Flexible_EV_Charging,56.84210526321301,MW
2030-05-06 00:00:00,XY,Flexible_EV_Charging,69.473684210577,MW
2030-05-07 01:00:00,XY,Flexible_EV_Charging,77.89473684217299,MW
2030-05-08 02:00:00,XY,Flexible_EV_Charging,90.526315789547,MW
2030-05-09 03:00:00,XY,Flexible_EV_Charging,92.631578947446,MW
2030-05-10 04:00:00,XY,Flexible_EV_Charging,86.31578947374899,MW
2030-05-11 05:00:00,XY,Flexible_EV_Charging,92.631578947446,MW
2030-05-12 06:00:00,XY,Flexible_EV_Charging,90.526315789547,MW
2030-05-13 07:00:00,XY,Flexible_EV_Charging,81.60000000002671,MW
2030-05-14 08:00:00,XY,Flexible_EV_Charging,40.000000000031,MW
2030-05-15 09:00:00,XY,Flexible_EV_Charging,43.1578947368645,MW
2030-05-16 10:00:00,XY,Flexible_EV_Charging,45.263157894763495,MW
2030-05-17 11:00:00,XY,Flexible_EV_Charging,44.210526315829,MW
2030-05-18 12:00:00,XY,Flexible_EV_Charging,30.526315789500497,MW
2030-05-19 13:00:00,XY,Flexible_EV_Charging,22.1052631579045,MW
2030-05-20 14:00:00,XY,Flexible_EV_Charging,32.631578947399504,MW
2030-05-21 15:00:00,XY,Flexible_EV_Charging,23.157894736849002,MW
2030-05-22 16:00:00,XY,Flexible_EV_Charging,24.210526315813503,MW
2030-05-23 17:00:00,XY,Flexible_EV_Charging,23.157894736849002,MW
2030-05-24 18:00:00,XY,Flexible_EV_Charging,18.947368421074,MW
2030-05-25 19:00:00,XY,Flexible_EV_Charging,17.8947368421215,MW
2030-05-26 20:00:00,XY,Flexible_EV_Charging,44.210526315829,MW
2030-05-27 21:00:00,XY,Flexible_EV_Charging,41.0526315789755,MW
2030-05-28 22:00:00,XY,Flexible_EV_Charging,64.2105263158445,MW
2030-05-29 23:00:00,XY,Flexible_EV_Charging,70.5263157895315,MW
2030-05-31 00:00:00,XY,Flexible_EV_Charging,65.263157894779,MW
2030-06-01 01:00:00,XY,Flexible_EV_Charging,83.1578947368955,MW
2030-06-02 02:00:00,XY,Flexible_EV_Charging,82.105263157951,MW
2030-06-03 03:00:00,XY,Flexible_EV_Charging,77.17894736844346,MW
2030-06-04 04:00:00,XY,Flexible_EV_Charging,86.31578947374899,MW
2030-06-05 05:00:00,XY,Flexible_EV_Charging,88.421052631648,MW
2030-06-06 06:00:00,XY,Flexible_EV_Charging,73.68421052637498,MW
2030-06-07 07:00:00,XY,Flexible_EV_Charging,46.315789473718,MW
2030-06-08 08:00:00,XY,Flexible_EV_Charging,56.84210526321301,MW
2030-06-09 09:00:00,XY,Flexible_EV_Charging,51.5789473684605,MW
2030-06-10 10:00:00,XY,Flexible_EV_Charging,61.052631578991,MW
2030-06-11 11:00:00,XY,Flexible_EV_Charging,63.157894736879996,MW
2030-06-12 12:00:00,XY,Flexible_EV_Charging,41.0526315789755,MW
2030-06-13 13:00:00,XY,Flexible_EV_Charging,46.315789473718,MW
2030-06-14 14:00:00,XY,Flexible_EV_Charging,42.10526315792,MW
2030-06-15 15:00:00,XY,Flexible_EV_Charging,35.789473684233,MW
2030-06-16 16:00:00,XY,Flexible_EV_Charging,11.578947368425501,MW
2030-06-17 17:00:00,XY,Flexible_EV_Charging,26.315789473702498,MW
2030-06-18 18:00:00,XY,Flexible_EV_Charging,18.947368421074,MW
2030-06-19 19:00:00,XY,Flexible_EV_Charging,25.263157894747998,MW
2030-06-20 20:00:00,XY,Flexible_EV_Charging,31.578947368445,MW
2030-06-21 21:00:00,XY,Flexible_EV_Charging,40.000000000031,MW
2030-06-22 22:00:00,XY,Flexible_EV_Charging,44.210526315829,MW
2030-06-23 23:00:00,XY,Flexible_EV_Charging,45.263157894763495,MW
2030-06-25 00:00:00,XY,Flexible_EV_Charging,66.3157894737335,MW
2030-06-26 01:00:00,XY,Flexible_EV_Charging,67.368421052678,MW
2030-06-27 02:00:00,XY,Flexible_EV_Charging,85.26315789479452,MW
2030-06-28 03:00:00,XY,Flexible_EV_Charging,89.4736842105925,MW
2030-06-29 04:00:00,XY,Flexible_EV_Charging,92.631578947446,MW
2030-06-30 05:00:00,XY,Flexible_EV_Charging,91.57894736849148,MW
2030-07-01 06:00:00,XY,Flexible_EV_Charging,84.21052631586001,MW
2030-07-02 07:00:00,XY,Flexible_EV_Charging,75.03157894739297,MW
2030-07-03 08:00:00,XY,Flexible_EV_Charging,51.5789473684605,MW
2030-07-04 09:00:00,XY,Flexible_EV_Charging,50.526315789516,MW
2030-07-05 10:00:00,XY,Flexible_EV_Charging,47.3684210526625,MW
2030-07-06 11:00:00,XY,Flexible_EV_Charging,45.263157894763495,MW
2030-07-07 12:00:00,XY,Flexible_EV_Charging,41.0526315789755,MW
2030-07-08 13:00:00,XY,Flexible_EV_Charging,29.473684210545997,MW
2030-07-09 14:00:00,XY,Flexible_EV_Charging,29.473684210545997,MW
2030-07-10 15:00:00,XY,Flexible_EV_Charging,36.842105263197496,MW
2030-07-11 16:00:00,XY,Flexible_EV_Charging,34.7368421052985,MW
2030-07-12 17:00:00,XY,Flexible_EV_Charging,26.315789473702498,MW
2030-07-13 18:00:00,XY,Flexible_EV_Charging,17.8947368421215,MW
2030-07-14 19:00:00,XY,Flexible_EV_Charging,8.421052631586,MW
2030-07-15 20:00:00,XY,Flexible_EV_Charging,33.684210526344,MW
2030-07-16 21:00:00,XY,Flexible_EV_Charging,28.4210526316015,MW
2030-07-17 22:00:00,XY,Flexible_EV_Charging,52.631578947414994,MW
2030-07-18 23:00:00,XY,Flexible_EV_Charging,60.0000000000465,MW
2030-07-20 00:00:00,XY,Flexible_EV_Charging,66.3157894737335,MW
2030-07-21 01:00:00,XY,Flexible_EV_Charging,70.5263157895315,MW
2030-07-22 02:00:00,XY,Flexible_EV_Charging,67.368421052678,MW
2030-07-23 03:00:00,XY,Flexible_EV_Charging,76.54736842108247,MW
2030-07-24 04:00:00,XY,Flexible_EV_Charging,84.21052631586001,MW
2030-07-25 05:00:00,XY,Flexible_EV_Charging,92.631578947446,MW
2030-07-26 06:00:00,XY,Flexible_EV_Charging,87.36842105269349,MW
2030-07-27 07:00:00,XY,Flexible_EV_Charging,73.68421052637498,MW
2030-07-28 08:00:00,XY,Flexible_EV_Charging,61.052631578991,MW
2030-07-29 09:00:00,XY,Flexible_EV_Charging,64.2105263158445,MW
2030-07-30 10:00:00,XY,Flexible_EV_Charging,67.368421052678,MW
2030-07-31 11:00:00,XY,Flexible_EV_Charging,40.000000000031,MW
2030-08-01 12:00:00,XY,Flexible_EV_Charging,44.210526315829,MW
2030-08-02 13:00:00,XY,Flexible_EV_Charging,41.0526315789755,MW
2030-08-03 14:00:00,XY,Flexible_EV_Charging,37.894736842141995,MW
2030-08-04 15:00:00,XY,Flexible_EV_Charging,18.947368421074,MW
2030-08-05 16:00:00,XY,Flexible_EV_Charging,20.0000000000155,MW
2030-08-06 17:00:00,XY,Flexible_EV_Charging,14.736842105282001,MW
2030-08-07 18:00:00,XY,Flexible_EV_Charging,23.157894736849002,MW
2030-08-08 19:00:00,XY,Flexible_EV_Charging,26.315789473702498,MW
2030-08-09 20:00:00,XY,Flexible_EV_Charging,30.526315789500497,MW
2030-08-10 21:00:00,XY,Flexible_EV_Charging,34.7368421052985,MW
2030-08-11 22:00:00,XY,Flexible_EV_Charging,30.526315789500497,MW
2030-08-12 23:00:00,XY,Flexible_EV_Charging,50.526315789516,MW
2030-08-14 00:00:00,XY,Flexible_EV_Charging,52.631578947414994,MW
2030-08-15 01:00:00,XY,Flexible_EV_Charging,76.8421052632285,MW
2030-08-16 02:00:00,XY,Flexible_EV_Charging,82.105263157951,MW
2030-08-17 03:00:00,XY,Flexible_EV_Charging,87.36842105269349,MW
2030-08-18 04:00:00,XY,Flexible_EV_Charging,89.4736842105925,MW
2030-08-19 05:00:00,XY,Flexible_EV_Charging,85.26315789479452,MW
2030-08-20 06:00:00,XY,Flexible_EV_Charging,79.38947368423507,MW
2030-08-21 07:00:00,XY,Flexible_EV_Charging,67.368421052678,MW
2030-08-22 08:00:00,XY,Flexible_EV_Charging,57.8947368421575,MW
2030-08-23 09:00:00,XY,Flexible_EV_Charging,49.4736842105615,MW
2030-08-24 10:00:00,XY,Flexible_EV_Charging,45.263157894763495,MW
2030-08-25 11:00:00,XY,Flexible_EV_Charging,44.210526315829,MW
2030-08-26 12:00:00,XY,Flexible_EV_Charging,34.7368421052985,MW
2030-08-27 13:00:00,XY,Flexible_EV_Charging,33.684210526344,MW
2030-08-28 14:00:00,XY,Flexible_EV_Charging,37.894736842141995,MW
2030-08-29 15:00:00,XY,Flexible_EV_Charging,38.947368421086495,MW
2030-08-30 16:00:00,XY,Flexible_EV_Charging,31.578947368445,MW
2030-08-31 17:00:00,XY,Flexible_EV_Charging,21.05263157896,MW
2030-09-01 18:00:00,XY,Flexible_EV_Charging,4.210526315792,MW
2030-09-02 19:00:00,XY,Flexible_EV_Charging,22.1052631579045,MW
2030-09-03 20:00:00,XY,Flexible_EV_Charging,12.631578947384,MW
2030-09-04 21:00:00,XY,Flexible_EV_Charging,43.1578947368645,MW
2030-09-05 22:00:00,XY,Flexible_EV_Charging,51.5789473684605,MW
2030-09-06 23:00:00,XY,Flexible_EV_Charging,57.8947368421575,MW
2030-09-08 00:00:00,XY,Flexible_EV_Charging,63.157894736879996,MW
2030-09-09 01:00:00,XY,Flexible_EV_Charging,64.2105263158445,MW
2030-09-10 02:00:00,XY,Flexible_EV_Charging,73.68421052637498,MW
2030-09-11 03:00:00,XY,Flexible_EV_Charging,82.105263157951,MW
2030-09-12 04:00:00,XY,Flexible_EV_Charging,93.6842105263905,MW
2030-09-13 05:00:00,XY,Flexible_EV_Charging,93.6842105263905,MW
2030-09-14 06:00:00,XY,Flexible_EV_Charging,88.421052631648,MW
2030-09-15 07:00:00,XY,Flexible_EV_Charging,74.7368421053295,MW
2030-09-16 08:00:00,XY,Flexible_EV_Charging,81.0526315790065,MW
2030-09-17 09:00:00,XY,Flexible_EV_Charging,83.1578947368955,MW
2030-09-18 10:00:00,XY,Flexible_EV_Charging,40.000000000031,MW
2030-09-19 11:00:00,XY,Flexible_EV_Charging,45.263157894763495,MW
2030-09-20 12:00:00,XY,Flexible_EV_Charging,45.263157894763495,MW
2030-09-21 13:00:00,XY,Flexible_EV_Charging,43.1578947368645,MW
2030-09-22 14:00:00,XY,Flexible_EV_Charging,26.315789473702498,MW
2030-09-23 15:00:00,XY,Flexible_EV_Charging,23.157894736849002,MW
2030-09-24 16:00:00,XY,Flexible_EV_Charging,22.1052631579045,MW
2030-09-25 17:00:00,XY,Flexible_EV_Charging,26.315789473702498,MW
2030-09-26 18:00:00,XY,Flexible_EV_Charging,21.05263157896,MW
2030-09-27 19:00:00,XY,Flexible_EV_Charging,20.0000000000155,MW
2030-09-28 20:00:00,XY,Flexible_EV_Charging,22.1052631579045,MW
2030-09-29 21:00:00,XY,Flexible_EV_Charging,20.0000000000155,MW
2030-09-30 22:00:00,XY,Flexible_EV_Charging,46.315789473718,MW
2030-10-01 23:00:00,XY,Flexible_EV_Charging,45.263157894763495,MW
2030-10-03 00:00:00,XY,Flexible_EV_Charging,73.68421052637498,MW
2030-10-04 01:00:00,XY,Flexible_EV_Charging,71.57894736847601,MW
2030-10-05 02:00:00,XY,Flexible_EV_Charging,85.26315789479452,MW
2030-10-06 03:00:00,XY,Flexible_EV_Charging,88.421052631648,MW
2030-10-07 04:00:00,XY,Flexible_EV_Charging,87.36842105269349,MW
2030-10-08 05:00:00,XY,Flexible_EV_Charging,76.96842105263855,MW
2030-10-09 06:00:00,XY,Flexible_EV_Charging,82.105263157951,MW
2030-10-10 07:00:00,XY,Flexible_EV_Charging,74.7368421053295,MW
2030-10-11 08:00:00,XY,Flexible_EV_Charging,60.0000000000465,MW
2030-10-12 09:00:00,XY,Flexible_EV_Charging,50.526315789516,MW
2030-10-13 10:00:00,XY,Flexible_EV_Charging,50.526315789516,MW
2030-10-14 11:00:00,XY,Flexible_EV_Charging,46.315789473718,MW
2030-10-15 12:00:00,XY,Flexible_EV_Charging,47.3684210526625,MW
2030-10-16 13:00:00,XY,Flexible_EV_Charging,40.000000000031,MW
2030-10-17 14:00:00,XY,Flexible_EV_Charging,44.210526315829,MW
2030-10-18 15:00:00,XY,Flexible_EV_Charging,37.894736842141995,MW
2030-10-19 16:00:00,XY,Flexible_EV_Charging,29.473684210545997,MW
2030-10-20 17:00:00,XY,Flexible_EV_Charging,7.368421052637499,MW
2030-10-21 18:00:00,XY,Flexible_EV_Charging,24.210526315813503,MW
2030-10-22 19:00:00,XY,Flexible_EV_Charging,9.4736842105345,MW
2030-10-23 20:00:00,XY,Flexible_EV_Charging,33.684210526344,MW
2030-10-24 21:00:00,XY,Flexible_EV_Charging,43.1578947368645,MW
2030-10-25 22:00:00,XY,Flexible_EV_Charging,50.526315789516,MW
2030-10-26 23:00:00,XY,Flexible_EV_Charging,53.6842105263595,MW
2030-10-28 00:00:00,XY,Flexible_EV_Charging,55.7894736842485,MW
2030-10-29 01:00:00,XY,Flexible_EV_Charging,70.5263157895315,MW
2030-10-30 02:00:00,XY,Flexible_EV_Charging,82.105263157951,MW
2030-10-31 03:00:00,XY,Flexible_EV_Charging,91.57894736849148,MW
2030-11-01 04:00:00,XY,Flexible_EV_Charging,92.631578947446,MW
2030-11-02 05:00:00,XY,Flexible_EV_Charging,90.526315789547,MW
2030-11-03 06:00:00,XY,Flexible_EV_Charging,91.57894736849148,MW
2030-11-04 07:00:00,XY,Flexible_EV_Charging,91.57894736849148,MW
2030-11-05 08:00:00,XY,Flexible_EV_Charging,68.92631578947231,MW
2030-11-06 09:00:00,XY,Flexible_EV_Charging,41.0526315789755,MW
2030-11-07 10:00:00,XY,Flexible_EV_Charging,45.263157894763495,MW
2030-11-08 11:00:00,XY,Flexible_EV_Charging,47.3684210526625,MW
2030-11-09 12:00:00,XY,Flexible_EV_Charging,47.3684210526625,MW
2030-11-10 13:00:00,XY,Flexible_EV_Charging,38.947368421086495,MW
2030-11-11 14:00:00,XY,Flexible_EV_Charging,36.842105263197496,MW
2030-11-12 15:00:00,XY,Flexible_EV_Charging,35.789473684233,MW
2030-11-13 16:00:00,XY,Flexible_EV_Charging,34.7368421052985,MW
2030-11-14 17:00:00,XY,Flexible_EV_Charging,29.473684210545997,MW
2030-11-15 18:00:00,XY,Flexible_EV_Charging,22.1052631579045,MW
2030-11-16 19:00:00,XY,Flexible_EV_Charging,18.947368421074,MW
2030-11-17 20:00:00,XY,Flexible_EV_Charging,16.84210526318,MW
2030-11-18 21:00:00,XY,Flexible_EV_Charging,47.3684210526625,MW
2030-11-19 22:00:00,XY,Flexible_EV_Charging,44.210526315829,MW
2030-11-20 23:00:00,XY,Flexible_EV_Charging,66.3157894737335,MW
2030-11-22 00:00:00,XY,Flexible_EV_Charging,72.6315789474305,MW
2030-11-23 01:00:00,XY,Flexible_EV_Charging,80.000000000062,MW
2030-11-24 02:00:00,XY,Flexible_EV_Charging,83.1578947368955,MW
2030-11-25 03:00:00,XY,Flexible_EV_Charging,83.1578947368955,MW
2030-11-26 04:00:00,XY,Flexible_EV_Charging,75.24210526316487,MW
2030-11-27 05:00:00,XY,Flexible_EV_Charging,92.631578947446,MW
2030-11-28 06:00:00,XY,Flexible_EV_Charging,89.4736842105925,MW
2030-11-29 07:00:00,XY,Flexible_EV_Charging,74.7368421053295,MW
2030-11-30 08:00:00,XY,Flexible_EV_Charging,58.947368421102,MW
2030-12-01 09:00:00,XY,Flexible_EV_Charging,53.6842105263595,MW
2030-12-02 10:00:00,XY,Flexible_EV_Charging,67.368421052678,MW
2030-12-03 11:00:00,XY,Flexible_EV_Charging,74.7368421053295,MW
2030-12-04 12:00:00,XY,Flexible_EV_Charging,42.10526315792,MW
2030-12-05 13:00:00,XY,Flexible_EV_Charging,47.3684210526625,MW
2030-12-06 14:00:00,XY,Flexible_EV_Charging,44.210526315829,MW
2030-12-07 15:00:00,XY,Flexible_EV_Charging,37.894736842141995,MW
2030-12-08 16:00:00,XY,Flexible_EV_Charging,13.6842105263235,MW
2030-12-09 17:00:00,XY,Flexible_EV_Charging,30.526315789500497,MW
2030-12-10 18:00:00,XY,Flexible_EV_Charging,22.1052631579045,MW
2030-12-11 19:00:00,XY,Flexible_EV_Charging,26.315789473702498,MW
2030-12-12 20:00:00,XY,Flexible_EV_Charging,34.7368421052985,MW
2030-12-13 21:00:00,XY,Flexible_EV_Charging,43.1578947368645,MW
2030-12-14 22:00:00,XY,Flexible_EV_Charging,48.421052631617,MW
2030-12-15 23:00:00,XY,Flexible_EV_Charging,51.5789473684605,MW
2030-12-17 00:00:00,XY,Flexible_EV_Charging,65.263157894779,MW
2030-12-18 01:00:00,XY,Flexible_EV_Charging,78.9473684211175,MW
2030-12-19 02:00:00,XY,Flexible_EV_Charging,87.36842105269349,MW
2030-12-20 03:00:00,XY,Flexible_EV_Charging,89.4736842105925,MW
2030-12-21 04:00:00,XY,Flexible_EV_Charging,90.526315789547,MW
2030-12-22 05:00:00,XY,Flexible_EV_Charging,89.4736842105925,MW
2030-12-23 06:00:00,XY,Flexible_EV_Charging,82.105263157951,MW
2030-12-24 07:00:00,XY,Flexible_EV_Charging,70.27368421053438,MW
2030-12-25 08:00:00,XY,Flexible_EV_Charging,82.7368421052881,MW
2030-12-26 09:00:00,XY,Flexible_EV_Charging,59.368421052600766,MW
2030-12-27 10:00:00,XY,Flexible_EV_Charging,80.000000000062,MW
2030-12-28 11:00:00,XY,Flexible_EV_Charging,53.6842105263595,MW
2030-12-29 12:00:00,XY,Flexible_EV_Charging,45.263157894763495,MW
2030-12-30 13:00:00,XY,Flexible_EV_Charging,32.631578947399504,MW
2030-12-31 14:00:00,XY,Flexible_EV_Charging,40.000000000031,MW
2031-01-01 15:00:00,XY,Flexible_EV_Charging,58.947368421102,MW
2030-01-01 00:00:00,YZ,Inflexible_Power,19338.000000000004,MW
2030-01-02 01:00:00,YZ,Inflexible_Power,20217.0,MW
2030-01-03 02:00:00,YZ,Inflexible_Power,20070.5,MW
2030-01-04 03:00:00,YZ,Inflexible_Power,20217.0,MW
2030-01-05 04:00:00,YZ,Inflexible_Power,19777.5,MW
2030-01-06 05:00:00,YZ,Inflexible_Power,19191.5,MW
2030-01-07 06:00:00,YZ,Inflexible_Power,19044.999999999996,MW
2030-01-08 07:00:00,YZ,Inflexible_Power,19631.0,MW
2030-01-09 08:00:00,YZ,Inflexible_Power,19338.000000000004,MW
2030-01-10 09:00:00,YZ,Inflexible_Power,19191.5,MW
2030-01-11 10:00:00,YZ,Inflexible_Power,19777.5,MW
2030-01-12 11:00:00,YZ,Inflexible_Power,20510.0,MW
2030-01-13 12:00:00,YZ,Inflexible_Power,20070.5,MW
2030-01-14 13:00:00,YZ,Inflexible_Power,20363.5,MW
2030-01-15 14:00:00,YZ,Inflexible_Power,20656.5,MW
2030-01-16 15:00:00,YZ,Inflexible_Power,19777.5,MW
2030-01-17 16:00:00,YZ,Inflexible_Power,19191.5,MW
2030-01-18 17:00:00,YZ,Inflexible_Power,18166.0,MW
2030-01-19 18:00:00,YZ,Inflexible_Power,16261.5,MW
2030-01-20 19:00:00,YZ,Inflexible_Power,15675.5,MW
2030-01-21 20:00:00,YZ,Inflexible_Power,15675.5,MW
2030-01-22 21:00:00,YZ,Inflexible_Power,15968.500000000002,MW
2030-01-23 22:00:00,YZ,Inflexible_Power,16115.0,MW
2030-01-24 23:00:00,YZ,Inflexible_Power,17287.0,MW
2030-01-26 00:00:00,YZ,Inflexible_Power,19631.0,MW
2030-01-27 01:00:00,YZ,Inflexible_Power,17140.5,MW
2030-01-28 02:00:00,YZ,Inflexible_Power,18459.0,MW
2030-01-29 03:00:00,YZ,Inflexible_Power,20217.0,MW
2030-01-30 04:00:00,YZ,Inflexible_Power,19777.5,MW
2030-01-31 05:00:00,YZ,Inflexible_Power,19631.0,MW
2030-02-01 06:00:00,YZ,Inflexible_Power,19338.000000000004,MW
2030-02-02 07:00:00,YZ,Inflexible_Power,18898.5,MW
2030-02-03 08:00:00,YZ,Inflexible_Power,18019.5,MW
2030-02-04 09:00:00,YZ,Inflexible_Power,18019.5,MW
2030-02-05 10:00:00,YZ,Inflexible_Power,19484.5,MW
2030-02-06 11:00:00,YZ,Inflexible_Power,20217.0,MW
2030-02-07 12:00:00,YZ,Inflexible_Power,20217.0,MW
2030-02-08 13:00:00,YZ,Inflexible_Power,20217.0,MW
2030-02-09 14:00:00,YZ,Inflexible_Power,20070.5,MW
2030-02-10 15:00:00,YZ,Inflexible_Power,18752.0,MW
2030-02-11 16:00:00,YZ,Inflexible_Power,17873.0,MW
2030-02-12 17:00:00,YZ,Inflexible_Power,16994.0,MW
2030-02-13 18:00:00,YZ,Inflexible_Power,14650.0,MW
2030-02-14 19:00:00,YZ,Inflexible_Power,14503.5,MW
2030-02-15 20:00:00,YZ,Inflexible_Power,14796.5,MW
2030-02-16 21:00:00,YZ,Inflexible_Power,14796.5,MW
2030-02-17 22:00:00,YZ,Inflexible_Power,14943.0,MW
2030-02-18 23:00:00,YZ,Inflexible_Power,16408.0,MW
2030-02-20 00:00:00,YZ,Inflexible_Power,19044.999999999996,MW
2030-02-21 01:00:00,YZ,Inflexible_Power,18752.0,MW
2030-02-22 02:00:00,YZ,Inflexible_Power,18898.5,MW
2030-02-23 03:00:00,YZ,Inflexible_Power,19338.000000000004,MW
2030-02-24 04:00:00,YZ,Inflexible_Power,17873.0,MW
2030-02-25 05:00:00,YZ,Inflexible_Power,17873.0,MW
2030-02-26 06:00:00,YZ,Inflexible_Power,18898.5,MW
2030-02-27 07:00:00,YZ,Inflexible_Power,18898.5,MW
2030-02-28 08:00:00,YZ,Inflexible_Power,18898.5,MW
2030-03-01 09:00:00,YZ,Inflexible_Power,18166.0,MW
2030-03-02 10:00:00,YZ,Inflexible_Power,18312.5,MW
2030-03-03 11:00:00,YZ,Inflexible_Power,17873.0,MW
2030-03-04 12:00:00,YZ,Inflexible_Power,17873.0,MW
2030-03-05 13:00:00,YZ,Inflexible_Power,18312.5,MW
2030-03-06 14:00:00,YZ,Inflexible_Power,18312.5,MW
2030-03-07 15:00:00,YZ,Inflexible_Power,17580.0,MW
2030-03-08 16:00:00,YZ,Inflexible_Power,16847.5,MW
2030-03-09 17:00:00,YZ,Inflexible_Power,15968.500000000002,MW
2030-03-10 18:00:00,YZ,Inflexible_Power,14503.5,MW
2030-03-11 19:00:00,YZ,Inflexible_Power,14210.5,MW
2030-03-12 20:00:00,YZ,Inflexible_Power,14357.0,MW
2030-03-13 21:00:00,YZ,Inflexible_Power,14357.0,MW
2030-03-14 22:00:00,YZ,Inflexible_Power,14503.5,MW
2030-03-15 23:00:00,YZ,Inflexible_Power,15675.5,MW
2030-03-17 00:00:00,YZ,Inflexible_Power,15382.5,MW
2030-03-18 01:00:00,YZ,Inflexible_Power,15968.500000000002,MW
2030-03-19 02:00:00,YZ,Inflexible_Power,18312.5,MW
2030-03-20 03:00:00,YZ,Inflexible_Power,18166.0,MW
2030-03-21 04:00:00,YZ,Inflexible_Power,18312.5,MW
2030-03-22 05:00:00,YZ,Inflexible_Power,17726.5,MW
2030-03-23 06:00:00,YZ,Inflexible_Power,18166.0,MW
2030-03-24 07:00:00,YZ,Inflexible_Power,17287.0,MW
2030-03-25 08:00:00,YZ,Inflexible_Power,16554.5,MW
2030-03-26 09:00:00,YZ,Inflexible_Power,18312.5,MW
2030-03-27 10:00:00,YZ,Inflexible_Power,18166.0,MW
2030-03-28 11:00:00,YZ,Inflexible_Power,18459.0,MW
2030-03-29 12:00:00,YZ,Inflexible_Power,18312.5,MW
2030-03-30 13:00:00,YZ,Inflexible_Power,18312.5,MW
2030-03-31 14:00:00,YZ,Inflexible_Power,18019.5,MW
2030-04-01 15:00:00,YZ,Inflexible_Power,17140.5,MW
2030-04-02 16:00:00,YZ,Inflexible_Power,16847.5,MW
2030-04-03 17:00:00,YZ,Inflexible_Power,15968.500000000002,MW
2030-04-04 18:00:00,YZ,Inflexible_Power,14064.0,MW
2030-04-05 19:00:00,YZ,Inflexible_Power,13624.5,MW
2030-04-06 20:00:00,YZ,Inflexible_Power,13917.5,MW
2030-04-07 21:00:00,YZ,Inflexible_Power,13771.0,MW
2030-04-08 22:00:00,YZ,Inflexible_Power,13917.5,MW
2030-04-09 23:00:00,YZ,Inflexible_Power,14064.0,MW
2030-04-11 00:00:00,YZ,Inflexible_Power,16701.0,MW
2030-04-12 01:00:00,YZ,Inflexible_Power,17433.5,MW
2030-04-13 02:00:00,YZ,Inflexible_Power,16994.0,MW
2030-04-14 03:00:00,YZ,Inflexible_Power,15529.0,MW
2030-04-15 04:00:00,YZ,Inflexible_Power,16115.0,MW
2030-04-16 05:00:00,YZ,Inflexible_Power,17580.0,MW
2030-04-17 06:00:00,YZ,Inflexible_Power,17287.0,MW
2030-04-18 07:00:00,YZ,Inflexible_Power,17580.0,MW
2030-04-19 08:00:00,YZ,Inflexible_Power,17580.0,MW
2030-04-20 09:00:00,YZ,Inflexible_Power,17140.5,MW
2030-04-21 10:00:00,YZ,Inflexible_Power,15529.0,MW
2030-04-22 11:00:00,YZ,Inflexible_Power,15675.5,MW
2030-04-23 12:00:00,YZ,Inflexible_Power,16701.0,MW
2030-04-24 13:00:00,YZ,Inflexible_Power,16701.0,MW
2030-04-25 14:00:00,YZ,Inflexible_Power,17580.0,MW
2030-04-26 15:00:00,YZ,Inflexible_Power,17580.0,MW
2030-04-27 16:00:00,YZ,Inflexible_Power,16847.5,MW
2030-04-28 17:00:00,YZ,Inflexible_Power,15382.5,MW
2030-04-29 18:00:00,YZ,Inflexible_Power,13917.5,MW
2030-04-30 19:00:00,YZ,Inflexible_Power,14064.0,MW
2030-05-01 20:00:00,YZ,Inflexible_Power,14210.5,MW
2030-05-02 21:00:00,YZ,Inflexible_Power,14210.5,MW
2030-05-03 22:00:00,YZ,Inflexible_Power,14064.0,MW
2030-05-04 23:00:00,YZ,Inflexible_Power,14064.0,MW
2030-05-06 00:00:00,YZ,Inflexible_Power,14650.0,MW
2030-05-07 01:00:00,YZ,Inflexible_Power,16408.0,MW
2030-05-08 02:00:00,YZ,Inflexible_Power,16701.0,MW
2030-05-09 03:00:00,YZ,Inflexible_Power,16994.0,MW
2030-05-10 04:00:00,YZ,Inflexible_Power,16701.0,MW
2030-05-11 05:00:00,YZ,Inflexible_Power,16847.5,MW
2030-05-12 06:00:00,YZ,Inflexible_Power,15382.5,MW
2030-05-13 07:00:00,YZ,Inflexible_Power,15529.0,MW
2030-05-14 08:00:00,YZ,Inflexible_Power,16847.5,MW
2030-05-15 09:00:00,YZ,Inflexible_Power,16554.5,MW
2030-05-16 10:00:00,YZ,Inflexible_Power,16701.0,MW
2030-05-17 11:00:00,YZ,Inflexible_Power,16994.0,MW
2030-05-18 12:00:00,YZ,Inflexible_Power,16701.0,MW
2030-05-19 13:00:00,YZ,Inflexible_Power,15675.5,MW
2030-05-20 14:00:00,YZ,Inflexible_Power,15675.5,MW
2030-05-21 15:00:00,YZ,Inflexible_Power,16701.0,MW
2030-05-22 16:00:00,YZ,Inflexible_Power,16554.5,MW
2030-05-23 17:00:00,YZ,Inflexible_Power,15675.5,MW
2030-05-24 18:00:00,YZ,Inflexible_Power,14503.5,MW
2030-05-25 19:00:00,YZ,Inflexible_Power,14210.5,MW
2030-05-26 20:00:00,YZ,Inflexible_Power,14064.0,MW
2030-05-27 21:00:00,YZ,Inflexible_Power,14064.0,MW
2030-05-28 22:00:00,YZ,Inflexible_Power,14210.5,MW
2030-05-29 23:00:00,YZ,Inflexible_Power,14064.0,MW
2030-05-31 00:00:00,YZ,Inflexible_Power,15675.5,MW
2030-06-01 01:00:00,YZ,Inflexible_Power,15236.0,MW
2030-06-02 02:00:00,YZ,Inflexible_Power,14210.5,MW
2030-06-03 03:00:00,YZ,Inflexible_Power,14503.5,MW
2030-06-04 04:00:00,YZ,Inflexible_Power,17140.5,MW
2030-06-05 05:00:00,YZ,Inflexible_Power,17287.0,MW
2030-06-06 06:00:00,YZ,Inflexible_Power,18459.0,MW
2030-06-07 07:00:00,YZ,Inflexible_Power,18752.0,MW
2030-06-08 08:00:00,YZ,Inflexible_Power,18752.0,MW
2030-06-09 09:00:00,YZ,Inflexible_Power,17580.0,MW
2030-06-10 10:00:00,YZ,Inflexible_Power,15236.0,MW
2030-06-11 11:00:00,YZ,Inflexible_Power,15529.0,MW
2030-06-12 12:00:00,YZ,Inflexible_Power,17287.0,MW
2030-06-13 13:00:00,YZ,Inflexible_Power,17726.5,MW
2030-06-14 14:00:00,YZ,Inflexible_Power,17433.5,MW
2030-06-15 15:00:00,YZ,Inflexible_Power,16847.5,MW
2030-06-16 16:00:00,YZ,Inflexible_Power,16701.0,MW
2030-06-17 17:00:00,YZ,Inflexible_Power,15382.5,MW
2030-06-18 18:00:00,YZ,Inflexible_Power,14796.5,MW
2030-06-19 19:00:00,YZ,Inflexible_Power,14064.0,MW
2030-06-20 20:00:00,YZ,Inflexible_Power,13478.0,MW
2030-06-21 21:00:00,YZ,Inflexible_Power,13185.0,MW
2030-06-22 22:00:00,YZ,Inflexible_Power,13185.0,MW
2030-06-23 23:00:00,YZ,Inflexible_Power,13038.5,MW
2030-06-25 00:00:00,YZ,Inflexible_Power,13038.5,MW
2030-06-26 01:00:00,YZ,Inflexible_Power,13917.5,MW
2030-06-27 02:00:00,YZ,Inflexible_Power,15236.0,MW
2030-06-28 03:00:00,YZ,Inflexible_Power,16554.5,MW
2030-06-29 04:00:00,YZ,Inflexible_Power,16994.0,MW
2030-06-30 05:00:00,YZ,Inflexible_Power,17140.5,MW
2030-07-01 06:00:00,YZ,Inflexible_Power,16261.5,MW
2030-07-02 07:00:00,YZ,Inflexible_Power,16115.0,MW
2030-07-03 08:00:00,YZ,Inflexible_Power,17580.0,MW
2030-07-04 09:00:00,YZ,Inflexible_Power,17580.0,MW
2030-07-05 10:00:00,YZ,Inflexible_Power,17580.0,MW
2030-07-06 11:00:00,YZ,Inflexible_Power,18605.5,MW
2030-07-07 12:00:00,YZ,Inflexible_Power,18898.5,MW
2030-07-08 13:00:00,YZ,Inflexible_Power,16408.0,MW
2030-07-09 14:00:00,YZ,Inflexible_Power,16408.0,MW
2030-07-10 15:00:00,YZ,Inflexible_Power,18459.0,MW
2030-07-11 16:00:00,YZ,Inflexible_Power,18019.5,MW
2030-07-12 17:00:00,YZ,Inflexible_Power,16408.0,MW
2030-07-13 18:00:00,YZ,Inflexible_Power,15529.0,MW
2030-07-14 19:00:00,YZ,Inflexible_Power,14064.0,MW
2030-07-15 20:00:00,YZ,Inflexible_Power,13478.0,MW
2030-07-16 21:00:00,YZ,Inflexible_Power,13331.5,MW
2030-07-17 22:00:00,YZ,Inflexible_Power,13331.5,MW
2030-07-18 23:00:00,YZ,Inflexible_Power,13331.5,MW
2030-07-20 00:00:00,YZ,Inflexible_Power,13331.5,MW
2030-07-21 01:00:00,YZ,Inflexible_Power,13917.5,MW
2030-07-22 02:00:00,YZ,Inflexible_Power,13624.5,MW
2030-07-23 03:00:00,YZ,Inflexible_Power,14650.0,MW
2030-07-24 04:00:00,YZ,Inflexible_Power,17140.5,MW
2030-07-25 05:00:00,YZ,Inflexible_Power,16847.5,MW
2030-07-26 06:00:00,YZ,Inflexible_Power,17140.5,MW
2030-07-27 07:00:00,YZ,Inflexible_Power,17287.0,MW
2030-07-28 08:00:00,YZ,Inflexible_Power,17580.0,MW
2030-07-29 09:00:00,YZ,Inflexible_Power,15675.5,MW
2030-07-30 10:00:00,YZ,Inflexible_Power,15822.0,MW
2030-07-31 11:00:00,YZ,Inflexible_Power,18605.5,MW
2030-08-01 12:00:00,YZ,Inflexible_Power,18312.5,MW
2030-08-02 13:00:00,YZ,Inflexible_Power,18019.5,MW
2030-08-03 14:00:00,YZ,Inflexible_Power,17287.0,MW
2030-08-04 15:00:00,YZ,Inflexible_Power,16994.0,MW
2030-08-05 16:00:00,YZ,Inflexible_Power,15822.0,MW
2030-08-06 17:00:00,YZ,Inflexible_Power,15675.5,MW
2030-08-07 18:00:00,YZ,Inflexible_Power,15968.500000000002,MW
2030-08-08 19:00:00,YZ,Inflexible_Power,14357.0,MW
2030-08-09 20:00:00,YZ,Inflexible_Power,14064.0,MW
2030-08-10 21:00:00,YZ,Inflexible_Power,13478.0,MW
2030-08-11 22:00:00,YZ,Inflexible_Power,13185.0,MW
2030-08-12 23:00:00,YZ,Inflexible_Power,12892.0,MW
2030-08-14 00:00:00,YZ,Inflexible_Power,13185.0,MW
2030-08-15 01:00:00,YZ,Inflexible_Power,13917.5,MW
2030-08-16 02:00:00,YZ,Inflexible_Power,15089.5,MW
2030-08-17 03:00:00,YZ,Inflexible_Power,16847.5,MW
2030-08-18 04:00:00,YZ,Inflexible_Power,16994.0,MW
2030-08-19 05:00:00,YZ,Inflexible_Power,15236.0,MW
2030-08-20 06:00:00,YZ,Inflexible_Power,16115.0,MW
2030-08-21 07:00:00,YZ,Inflexible_Power,18605.5,MW
2030-08-22 08:00:00,YZ,Inflexible_Power,16847.5,MW
2030-08-23 09:00:00,YZ,Inflexible_Power,17287.0,MW
2030-08-24 10:00:00,YZ,Inflexible_Power,18312.5,MW
2030-08-25 11:00:00,YZ,Inflexible_Power,17287.0,MW
2030-08-26 12:00:00,YZ,Inflexible_Power,15382.5,MW
2030-08-27 13:00:00,YZ,Inflexible_Power,15236.0,MW
2030-08-28 14:00:00,YZ,Inflexible_Power,16701.0,MW
2030-08-29 15:00:00,YZ,Inflexible_Power,16554.5,MW
2030-08-30 16:00:00,YZ,Inflexible_Power,16261.5,MW
2030-08-31 17:00:00,YZ,Inflexible_Power,15968.500000000002,MW
2030-09-01 18:00:00,YZ,Inflexible_Power,15236.0,MW
2030-09-02 19:00:00,YZ,Inflexible_Power,14650.0,MW
2030-09-03 20:00:00,YZ,Inflexible_Power,14210.5,MW
2030-09-04 21:00:00,YZ,Inflexible_Power,13917.5,MW
2030-09-05 22:00:00,YZ,Inflexible_Power,13917.5,MW
2030-09-06 23:00:00,YZ,Inflexible_Power,13917.5,MW
2030-09-08 00:00:00,YZ,Inflexible_Power,13917.5,MW
2030-09-09 01:00:00,YZ,Inflexible_Power,14210.5,MW
2030-09-10 02:00:00,YZ,Inflexible_Power,14357.0,MW
2030-09-11 03:00:00,YZ,Inflexible_Power,16701.0,MW
2030-09-12 04:00:00,YZ,Inflexible_Power,17287.0,MW
2030-09-13 05:00:00,YZ,Inflexible_Power,17726.5,MW
2030-09-14 06:00:00,YZ,Inflexible_Power,16994.0,MW
2030-09-15 07:00:00,YZ,Inflexible_Power,16994.0,MW
2030-09-16 08:00:00,YZ,Inflexible_Power,15382.5,MW
2030-09-17 09:00:00,YZ,Inflexible_Power,15675.5,MW
2030-09-18 10:00:00,YZ,Inflexible_Power,17140.5,MW
2030-09-19 11:00:00,YZ,Inflexible_Power,16994.0,MW
2030-09-20 12:00:00,YZ,Inflexible_Power,17140.5,MW
2030-09-21 13:00:00,YZ,Inflexible_Power,16847.5,MW
2030-09-22 14:00:00,YZ,Inflexible_Power,16847.5,MW
2030-09-23 15:00:00,YZ,Inflexible_Power,15675.5,MW
2030-09-24 16:00:00,YZ,Inflexible_Power,16115.0,MW
2030-09-25 17:00:00,YZ,Inflexible_Power,16554.5,MW
2030-09-26 18:00:00,YZ,Inflexible_Power,15675.5,MW
2030-09-27 19:00:00,YZ,Inflexible_Power,14650.0,MW
2030-09-28 20:00:00,YZ,Inflexible_Power,14064.0,MW
2030-09-29 21:00:00,YZ,Inflexible_Power,13917.5,MW
2030-09-30 22:00:00,YZ,Inflexible_Power,13917.5,MW
2030-10-01 23:00:00,YZ,Inflexible_Power,14064.0,MW
2030-10-03 00:00:00,YZ,Inflexible_Power,14650.0,MW
2030-10-04 01:00:00,YZ,Inflexible_Power,16847.5,MW
2030-10-05 02:00:00,YZ,Inflexible_Power,17580.0,MW
2030-10-06 03:00:00,YZ,Inflexible_Power,17140.5,MW
2030-10-07 04:00:00,YZ,Inflexible_Power,15968.500000000002,MW
2030-10-08 05:00:00,YZ,Inflexible_Power,16847.5,MW
2030-10-09 06:00:00,YZ,Inflexible_Power,17873.0,MW
2030-10-10 07:00:00,YZ,Inflexible_Power,17873.0,MW
2030-10-11 08:00:00,YZ,Inflexible_Power,17580.0,MW
2030-10-12 09:00:00,YZ,Inflexible_Power,17140.5,MW
2030-10-13 10:00:00,YZ,Inflexible_Power,16847.5,MW
2030-10-14 11:00:00,YZ,Inflexible_Power,17287.0,MW
2030-10-15 12:00:00,YZ,Inflexible_Power,17580.0,MW
2030-10-16 13:00:00,YZ,Inflexible_Power,17873.0,MW
2030-10-17 14:00:00,YZ,Inflexible_Power,17873.0,MW
2030-10-18 15:00:00,YZ,Inflexible_Power,17726.5,MW
2030-10-19 16:00:00,YZ,Inflexible_Power,17433.5,MW
2030-10-20 17:00:00,YZ,Inflexible_Power,16701.0,MW
2030-10-21 18:00:00,YZ,Inflexible_Power,16115.0,MW
2030-10-22 19:00:00,YZ,Inflexible_Power,14064.0,MW
2030-10-23 20:00:00,YZ,Inflexible_Power,13771.0,MW
2030-10-24 21:00:00,YZ,Inflexible_Power,13917.5,MW
2030-10-25 22:00:00,YZ,Inflexible_Power,13771.0,MW
2030-10-26 23:00:00,YZ,Inflexible_Power,13771.0,MW
2030-10-28 00:00:00,YZ,Inflexible_Power,14210.5,MW
2030-10-29 01:00:00,YZ,Inflexible_Power,14357.0,MW
2030-10-30 02:00:00,YZ,Inflexible_Power,17287.0,MW
2030-10-31 03:00:00,YZ,Inflexible_Power,17140.5,MW
2030-11-01 04:00:00,YZ,Inflexible_Power,17580.0,MW
2030-11-02 05:00:00,YZ,Inflexible_Power,18898.5,MW
2030-11-03 06:00:00,YZ,Inflexible_Power,18898.5,MW
2030-11-04 07:00:00,YZ,Inflexible_Power,17873.0,MW
2030-11-05 08:00:00,YZ,Inflexible_Power,17873.0,MW
2030-11-06 09:00:00,YZ,Inflexible_Power,18898.5,MW
2030-11-07 10:00:00,YZ,Inflexible_Power,18898.5,MW
2030-11-08 11:00:00,YZ,Inflexible_Power,19191.5,MW
2030-11-09 12:00:00,YZ,Inflexible_Power,19777.5,MW
2030-11-10 13:00:00,YZ,Inflexible_Power,19777.5,MW
2030-11-11 14:00:00,YZ,Inflexible_Power,19191.5,MW
2030-11-12 15:00:00,YZ,Inflexible_Power,19191.5,MW
2030-11-13 16:00:00,YZ,Inflexible_Power,19338.000000000004,MW
2030-11-14 17:00:00,YZ,Inflexible_Power,18166.0,MW
2030-11-15 18:00:00,YZ,Inflexible_Power,17140.5,MW
2030-11-16 19:00:00,YZ,Inflexible_Power,15382.5,MW
2030-11-17 20:00:00,YZ,Inflexible_Power,14796.5,MW
2030-11-18 21:00:00,YZ,Inflexible_Power,14503.5,MW
2030-11-19 22:00:00,YZ,Inflexible_Power,14503.5,MW
2030-11-20 23:00:00,YZ,Inflexible_Power,14650.0,MW
2030-11-22 00:00:00,YZ,Inflexible_Power,15529.0,MW
2030-11-23 01:00:00,YZ,Inflexible_Power,18166.0,MW
2030-11-24 02:00:00,YZ,Inflexible_Power,18752.0,MW
2030-11-25 03:00:00,YZ,Inflexible_Power,16847.5,MW
2030-11-26 04:00:00,YZ,Inflexible_Power,18166.0,MW
2030-11-27 05:00:00,YZ,Inflexible_Power,19338.000000000004,MW
2030-11-28 06:00:00,YZ,Inflexible_Power,18898.5,MW
2030-11-29 07:00:00,YZ,Inflexible_Power,18898.5,MW
2030-11-30 08:00:00,YZ,Inflexible_Power,18898.5,MW
2030-12-01 09:00:00,YZ,Inflexible_Power,18898.5,MW
2030-12-02 10:00:00,YZ,Inflexible_Power,18898.5,MW
2030-12-03 11:00:00,YZ,Inflexible_Power,19044.999999999996,MW
2030-12-04 12:00:00,YZ,Inflexible_Power,20217.0,MW
2030-12-05 13:00:00,YZ,Inflexible_Power,20363.5,MW
2030-12-06 14:00:00,YZ,Inflexible_Power,20363.5,MW
2030-12-07 15:00:00,YZ,Inflexible_Power,20363.5,MW
2030-12-08 16:00:00,YZ,Inflexible_Power,19338.000000000004,MW
2030-12-09 17:00:00,YZ,Inflexible_Power,18019.5,MW
2030-12-10 18:00:00,YZ,Inflexible_Power,17580.0,MW
2030-12-11 19:00:00,YZ,Inflexible_Power,15089.5,MW
2030-12-12 20:00:00,YZ,Inflexible_Power,14796.5,MW
2030-12-13 21:00:00,YZ,Inflexible_Power,14943.0,MW
2030-12-14 22:00:00,YZ,Inflexible_Power,15089.5,MW
2030-12-15 23:00:00,YZ,Inflexible_Power,15089.5,MW
2030-12-17 00:00:00,YZ,Inflexible_Power,15089.5,MW
2030-12-18 01:00:00,YZ,Inflexible_Power,18166.0,MW
2030-12-19 02:00:00,YZ,Inflexible_Power,19044.999999999996,MW
2030-12-20 03:00:00,YZ,Inflexible_Power,19191.5,MW
2030-12-21 04:00:00,YZ,Inflexible_Power,19338.000000000004,MW
2030-12-22 05:00:00,YZ,Inflexible_Power,19777.5,MW
2030-12-23 06:00:00,YZ,Inflexible_Power,19044.999999999996,MW
2030-12-24 07:00:00,YZ,Inflexible_Power,18752.0,MW
2030-12-25 08:00:00,YZ,Inflexible_Power,19484.5,MW
2030-12-26 09:00:00,YZ,Inflexible_Power,19484.5,MW
2030-12-27 10:00:00,YZ,Inflexible_Power,19484.5,MW
2030-12-28 11:00:00,YZ,Inflexible_Power,19631.0,MW
2030-12-29 12:00:00,YZ,Inflexible_Power,20363.5,MW
2030-12-30 13:00:00,YZ,Inflexible_Power,19338.000000000004,MW
2030-12-31 14:00:00,YZ,Inflexible_Power,19631.0,MW
2031-01-01 15:00:00,YZ,Inflexible_Power,20217.0,MW
2030-01-01 00:00:00,YZ,Flexible_Industry_Heat,6495.823853141178,MW
2030-01-02 01:00:00,YZ,Flexible_Industry_Heat,4676.312502710319,MW
2030-01-03 02:00:00,YZ,Flexible_Industry_Heat,3504.7867776404196,MW
2030-01-04 03:00:00,YZ,Flexible_Industry_Heat,3657.427331088746,MW
2030-01-05 04:00:00,YZ,Flexible_Industry_Heat,6287.780485353614,MW
2030-01-06 05:00:00,YZ,Flexible_Industry_Heat,6447.017368296234,MW
2030-01-07 06:00:00,YZ,Flexible_Industry_Heat,6287.780485353614,MW
2030-01-08 07:00:00,YZ,Flexible_Industry_Heat,6287.780485353614,MW
2030-01-09 08:00:00,YZ,Flexible_Industry_Heat,6327.780485353614,MW
2030-01-10 09:00:00,YZ,Flexible_Industry_Heat,6327.780485353614,MW
2030-01-11 10:00:00,YZ,Flexible_Industry_Heat,5401.009841793034,MW
2030-01-12 11:00:00,YZ,Flexible_Industry_Heat,6327.780485353614,MW
2030-01-13 12:00:00,YZ,Flexible_Industry_Heat,7867.780485353664,MW
2030-01-14 13:00:00,YZ,Flexible_Industry_Heat,6687.780485353864,MW
2030-01-15 14:00:00,YZ,Flexible_Industry_Heat,3683.9081963355356,MW
2030-01-16 15:00:00,YZ,Flexible_Industry_Heat,4082.1122168408615,MW
2030-01-17 16:00:00,YZ,Flexible_Industry_Heat,5279.157880211962,MW
2030-01-18 17:00:00,YZ,Flexible_Industry_Heat,6205.243709104685,MW
2030-01-19 18:00:00,YZ,Flexible_Industry_Heat,6019.562114095254,MW
2030-01-20 19:00:00,YZ,Flexible_Industry_Heat,6327.780485353614,MW
2030-01-21 20:00:00,YZ,Flexible_Industry_Heat,6327.780485353614,MW
2030-01-22 21:00:00,YZ,Flexible_Industry_Heat,6356.559813279248,MW
2030-01-23 22:00:00,YZ,Flexible_Industry_Heat,6327.780485353614,MW
2030-01-24 23:00:00,YZ,Flexible_Industry_Heat,6433.49445440928,MW
2030-01-26 00:00:00,YZ,Flexible_Industry_Heat,6291.289149424085,MW
2030-01-27 01:00:00,YZ,Flexible_Industry_Heat,7061.153540247313,MW
2030-01-28 02:00:00,YZ,Flexible_Industry_Heat,7316.086076132761,MW
2030-01-29 03:00:00,YZ,Flexible_Industry_Heat,1015.0999999990997,MW
2030-01-30 04:00:00,YZ,Flexible_Industry_Heat,1315.4999999990996,MW
2030-01-31 05:00:00,YZ,Flexible_Industry_Heat,3462.340745657531,MW
2030-02-01 06:00:00,YZ,Flexible_Industry_Heat,6287.780485353614,MW
2030-02-02 07:00:00,YZ,Flexible_Industry_Heat,6287.780485353614,MW
2030-02-03 08:00:00,YZ,Flexible_Industry_Heat,2742.3999999990997,MW
2030-02-04 09:00:00,YZ,Flexible_Industry_Heat,5612.400114477947,MW
2030-02-05 10:00:00,YZ,Flexible_Industry_Heat,7745.017050407209,MW
2030-02-06 11:00:00,YZ,Flexible_Industry_Heat,6035.959631573148,MW
2030-02-07 12:00:00,YZ,Flexible_Industry_Heat,6687.780485353864,MW
2030-02-08 13:00:00,YZ,Flexible_Industry_Heat,5069.193060958084,MW
2030-02-09 14:00:00,YZ,Flexible_Industry_Heat,6191.653680173176,MW
2030-02-10 15:00:00,YZ,Flexible_Industry_Heat,3157.8999999990997,MW
2030-02-11 16:00:00,YZ,Flexible_Industry_Heat,6327.780485353614,MW
2030-02-12 17:00:00,YZ,Flexible_Industry_Heat,6431.659813279248,MW
2030-02-13 18:00:00,YZ,Flexible_Industry_Heat,6356.559813279248,MW
2030-02-14 19:00:00,YZ,Flexible_Industry_Heat,6327.780485353614,MW
2030-02-15 20:00:00,YZ,Flexible_Industry_Heat,6327.780485353614,MW
2030-02-16 21:00:00,YZ,Flexible_Industry_Heat,6327.780485353614,MW
2030-02-17 22:00:00,YZ,Flexible_Industry_Heat,6327.780485353614,MW
2030-02-18 23:00:00,YZ,Flexible_Industry_Heat,6044.755477304357,MW
2030-02-20 00:00:00,YZ,Flexible_Industry_Heat,3650.280789544367,MW
2030-02-21 01:00:00,YZ,Flexible_Industry_Heat,3317.653646759062,MW
2030-02-22 02:00:00,YZ,Flexible_Industry_Heat,6901.520047424344,MW
2030-02-23 03:00:00,YZ,Flexible_Industry_Heat,7297.094034184645,MW
2030-02-24 04:00:00,YZ,Flexible_Industry_Heat,6203.897762093128,MW
2030-02-25 05:00:00,YZ,Flexible_Industry_Heat,6287.780485353614,MW
2030-02-26 06:00:00,YZ,Flexible_Industry_Heat,6287.780485353614,MW
2030-02-27 07:00:00,YZ,Flexible_Industry_Heat,6327.780485353614,MW
2030-02-28 08:00:00,YZ,Flexible_Industry_Heat,5680.457797487165,MW
2030-03-01 09:00:00,YZ,Flexible_Industry_Heat,6327.780485353614,MW
2030-03-02 10:00:00,YZ,Flexible_Industry_Heat,6327.780485353614,MW
2030-03-03 11:00:00,YZ,Flexible_Industry_Heat,6652.6740504601175,MW
2030-03-04 12:00:00,YZ,Flexible_Industry_Heat,6327.780485353614,MW
2030-03-05 13:00:00,YZ,Flexible_Industry_Heat,3533.3999999990992,MW
2030-03-06 14:00:00,YZ,Flexible_Industry_Heat,6421.492472788838,MW
2030-03-07 15:00:00,YZ,Flexible_Industry_Heat,6419.809742975914,MW
2030-03-08 16:00:00,YZ,Flexible_Industry_Heat,1465.6999999990996,MW
2030-03-09 17:00:00,YZ,Flexible_Industry_Heat,8177.7804853535135,MW
2030-03-10 18:00:00,YZ,Flexible_Industry_Heat,6287.780485353614,MW
2030-03-11 19:00:00,YZ,Flexible_Industry_Heat,6327.780485353614,MW
2030-03-12 20:00:00,YZ,Flexible_Industry_Heat,6327.780485353614,MW
2030-03-13 21:00:00,YZ,Flexible_Industry_Heat,6177.68239696586,MW
2030-03-14 22:00:00,YZ,Flexible_Industry_Heat,6327.780485353614,MW
2030-03-15 23:00:00,YZ,Flexible_Industry_Heat,6953.390642268808,MW
2030-03-17 00:00:00,YZ,Flexible_Industry_Heat,7093.536506931527,MW
2030-03-18 01:00:00,YZ,Flexible_Industry_Heat,6327.780485353614,MW
2030-03-19 02:00:00,YZ,Flexible_Industry_Heat,6327.780485353614,MW
2030-03-20 03:00:00,YZ,Flexible_Industry_Heat,4308.913292758255,MW
2030-03-21 04:00:00,YZ,Flexible_Industry_Heat,5362.682160921632,MW
2030-03-22 05:00:00,YZ,Flexible_Industry_Heat,6263.997762093127,MW
2030-03-23 06:00:00,YZ,Flexible_Industry_Heat,7004.797762092978,MW
2030-03-24 07:00:00,YZ,Flexible_Industry_Heat,6327.780485353614,MW
2030-03-25 08:00:00,YZ,Flexible_Industry_Heat,6700.427407036531,MW
2030-03-26 09:00:00,YZ,Flexible_Industry_Heat,6327.780485353614,MW
2030-03-27 10:00:00,YZ,Flexible_Industry_Heat,6327.780485353614,MW
2030-03-28 11:00:00,YZ,Flexible_Industry_Heat,6336.442786105831,MW
2030-03-29 12:00:00,YZ,Flexible_Industry_Heat,5666.095330119596,MW
2030-03-30 13:00:00,YZ,Flexible_Industry_Heat,5964.844162906686,MW
2030-03-31 14:00:00,YZ,Flexible_Industry_Heat,6436.058484575832,MW
2030-04-01 15:00:00,YZ,Flexible_Industry_Heat,6327.780485353614,MW
2030-04-02 16:00:00,YZ,Flexible_Industry_Heat,6344.760214677747,MW
2030-04-03 17:00:00,YZ,Flexible_Industry_Heat,6367.039750152491,MW
2030-04-04 18:00:00,YZ,Flexible_Industry_Heat,5738.664047743365,MW
2030-04-05 19:00:00,YZ,Flexible_Industry_Heat,6327.780485353614,MW
2030-04-06 20:00:00,YZ,Flexible_Industry_Heat,5149.565987333956,MW
2030-04-07 21:00:00,YZ,Flexible_Industry_Heat,6863.096535219777,MW
2030-04-08 22:00:00,YZ,Flexible_Industry_Heat,6748.070803848839,MW
2030-04-09 23:00:00,YZ,Flexible_Industry_Heat,7817.780485353263,MW
2030-04-11 00:00:00,YZ,Flexible_Industry_Heat,7117.780485353263,MW
2030-04-12 01:00:00,YZ,Flexible_Industry_Heat,6287.780485353614,MW
2030-04-13 02:00:00,YZ,Flexible_Industry_Heat,6776.0339100919955,MW
2030-04-14 03:00:00,YZ,Flexible_Industry_Heat,7435.545238399566,MW
2030-04-15 04:00:00,YZ,Flexible_Industry_Heat,6287.780485353614,MW
2030-04-16 05:00:00,YZ,Flexible_Industry_Heat,6287.780485353614,MW
2030-04-17 06:00:00,YZ,Flexible_Industry_Heat,5202.699594579283,MW
2030-04-18 07:00:00,YZ,Flexible_Industry_Heat,5561.898075745047,MW
2030-04-19 08:00:00,YZ,Flexible_Industry_Heat,6327.780485353614,MW
2030-04-20 09:00:00,YZ,Flexible_Industry_Heat,8127.7804853535135,MW
2030-04-21 10:00:00,YZ,Flexible_Industry_Heat,8177.7804853535135,MW
2030-04-22 11:00:00,YZ,Flexible_Industry_Heat,6687.780485353864,MW
2030-04-23 12:00:00,YZ,Flexible_Industry_Heat,6687.780485353864,MW
2030-04-24 13:00:00,YZ,Flexible_Industry_Heat,6405.15223648037,MW
2030-04-25 14:00:00,YZ,Flexible_Industry_Heat,6327.780485353614,MW
2030-04-26 15:00:00,YZ,Flexible_Industry_Heat,6327.780485353614,MW
2030-04-27 16:00:00,YZ,Flexible_Industry_Heat,5762.951918989923,MW
2030-04-28 17:00:00,YZ,Flexible_Industry_Heat,6327.780485353614,MW
2030-04-29 18:00:00,YZ,Flexible_Industry_Heat,6327.780485353614,MW
2030-04-30 19:00:00,YZ,Flexible_Industry_Heat,6327.780485353614,MW
2030-05-01 20:00:00,YZ,Flexible_Industry_Heat,6327.780485353614,MW
2030-05-02 21:00:00,YZ,Flexible_Industry_Heat,6327.780485353614,MW
2030-05-03 22:00:00,YZ,Flexible_Industry_Heat,6402.370523186069,MW
2030-05-04 23:00:00,YZ,Flexible_Industry_Heat,6941.328144868773,MW
2030-05-06 00:00:00,YZ,Flexible_Industry_Heat,5989.809357556397,MW
2030-05-07 01:00:00,YZ,Flexible_Industry_Heat,6110.079689270636,MW
2030-05-08 02:00:00,YZ,Flexible_Industry_Heat,5335.3715127982605,MW
2030-05-09 03:00:00,YZ,Flexible_Industry_Heat,6584.097762092978,MW
2030-05-10 04:00:00,YZ,Flexible_Industry_Heat,5758.651706097154,MW
2030-05-11 05:00:00,YZ,Flexible_Industry_Heat,6263.997762093127,MW
2030-05-12 06:00:00,YZ,Flexible_Industry_Heat,7117.780485353263,MW
2030-05-13 07:00:00,YZ,Flexible_Industry_Heat,7114.105758177314,MW
2030-05-14 08:00:00,YZ,Flexible_Industry_Heat,6327.780485353614,MW
2030-05-15 09:00:00,YZ,Flexible_Industry_Heat,6327.780485353614,MW
2030-05-16 10:00:00,YZ,Flexible_Industry_Heat,6327.780485353614,MW
2030-05-17 11:00:00,YZ,Flexible_Industry_Heat,6327.780485353614,MW
2030-05-18 12:00:00,YZ,Flexible_Industry_Heat,4799.2245173173305,MW
2030-05-19 13:00:00,YZ,Flexible_Industry_Heat,6569.532484457928,MW
2030-05-20 14:00:00,YZ,Flexible_Industry_Heat,3504.620672073465,MW
2030-05-21 15:00:00,YZ,Flexible_Industry_Heat,6687.780485353864,MW
2030-05-22 16:00:00,YZ,Flexible_Industry_Heat,7149.909944001395,MW
2030-05-23 17:00:00,YZ,Flexible_Industry_Heat,5863.979804239508,MW
2030-05-24 18:00:00,YZ,Flexible_Industry_Heat,6327.780485353614,MW
2030-05-25 19:00:00,YZ,Flexible_Industry_Heat,6663.754248940162,MW
2030-05-26 20:00:00,YZ,Flexible_Industry_Heat,6327.780485353614,MW
2030-05-27 21:00:00,YZ,Flexible_Industry_Heat,4885.084276205976,MW
2030-05-28 22:00:00,YZ,Flexible_Industry_Heat,6327.780485353614,MW
2030-05-29 23:00:00,YZ,Flexible_Industry_Heat,6733.143898936296,MW
2030-05-31 00:00:00,YZ,Flexible_Industry_Heat,5741.004504979012,MW
2030-06-01 01:00:00,YZ,Flexible_Industry_Heat,6203.897762093128,MW
2030-06-02 02:00:00,YZ,Flexible_Industry_Heat,6023.597762093127,MW
2030-06-03 03:00:00,YZ,Flexible_Industry_Heat,6203.897762093128,MW
2030-06-04 04:00:00,YZ,Flexible_Industry_Heat,6125.068897801243,MW
2030-06-05 05:00:00,YZ,Flexible_Industry_Heat,6572.346714710336,MW
2030-06-06 06:00:00,YZ,Flexible_Industry_Heat,3504.620672073465,MW
2030-06-07 07:00:00,YZ,Flexible_Industry_Heat,5339.980855443016,MW
2030-06-08 08:00:00,YZ,Flexible_Industry_Heat,5401.884881902411,MW
2030-06-09 09:00:00,YZ,Flexible_Industry_Heat,4372.9956981276355,MW
2030-06-10 10:00:00,YZ,Flexible_Industry_Heat,6327.780485353614,MW
2030-06-11 11:00:00,YZ,Flexible_Industry_Heat,6327.780485353614,MW
2030-06-12 12:00:00,YZ,Flexible_Industry_Heat,6687.780485353864,MW
2030-06-13 13:00:00,YZ,Flexible_Industry_Heat,4945.462138098403,MW
2030-06-14 14:00:00,YZ,Flexible_Industry_Heat,6687.780485353864,MW
2030-06-15 15:00:00,YZ,Flexible_Industry_Heat,6687.780485353864,MW
2030-06-16 16:00:00,YZ,Flexible_Industry_Heat,5156.1514892180285,MW
2030-06-17 17:00:00,YZ,Flexible_Industry_Heat,6327.780485353614,MW
2030-06-18 18:00:00,YZ,Flexible_Industry_Heat,6327.780485353614,MW
2030-06-19 19:00:00,YZ,Flexible_Industry_Heat,6327.780485353614,MW
2030-06-20 20:00:00,YZ,Flexible_Industry_Heat,5325.899594156,MW
2030-06-21 21:00:00,YZ,Flexible_Industry_Heat,6327.780485353614,MW
2030-06-22 22:00:00,YZ,Flexible_Industry_Heat,6327.780485353614,MW
2030-06-23 23:00:00,YZ,Flexible_Industry_Heat,6327.780485353614,MW
2030-06-25 00:00:00,YZ,Flexible_Industry_Heat,6327.780485353614,MW
2030-06-26 01:00:00,YZ,Flexible_Industry_Heat,6327.780485353614,MW
2030-06-27 02:00:00,YZ,Flexible_Industry_Heat,6327.780485353614,MW
2030-06-28 03:00:00,YZ,Flexible_Industry_Heat,6327.780485353614,MW
2030-06-29 04:00:00,YZ,Flexible_Industry_Heat,6023.597762093127,MW
2030-06-30 05:00:00,YZ,Flexible_Industry_Heat,5903.397762093128,MW
2030-07-01 06:00:00,YZ,Flexible_Industry_Heat,6327.780485353614,MW
2030-07-02 07:00:00,YZ,Flexible_Industry_Heat,6327.780485353614,MW
2030-07-03 08:00:00,YZ,Flexible_Industry_Heat,5942.181375828654,MW
2030-07-04 09:00:00,YZ,Flexible_Industry_Heat,5728.417258143293,MW
2030-07-05 10:00:00,YZ,Flexible_Industry_Heat,5548.150124697104,MW
2030-07-06 11:00:00,YZ,Flexible_Industry_Heat,6327.780485353614,MW
2030-07-07 12:00:00,YZ,Flexible_Industry_Heat,5560.384544464597,MW
2030-07-08 13:00:00,YZ,Flexible_Industry_Heat,8177.7804853535135,MW
2030-07-09 14:00:00,YZ,Flexible_Industry_Heat,7225.584629323428,MW
2030-07-10 15:00:00,YZ,Flexible_Industry_Heat,6564.607122255225,MW
2030-07-11 16:00:00,YZ,Flexible_Industry_Heat,4991.567121792094,MW
2030-07-12 17:00:00,YZ,Flexible_Industry_Heat,6327.780485353614,MW
2030-07-13 18:00:00,YZ,Flexible_Industry_Heat,6327.780485353614,MW
2030-07-14 19:00:00,YZ,Flexible_Industry_Heat,6327.780485353614,MW
2030-07-15 20:00:00,YZ,Flexible_Industry_Heat,6327.780485353614,MW
2030-07-16 21:00:00,YZ,Flexible_Industry_Heat,6327.780485353614,MW
2030-07-17 22:00:00,YZ,Flexible_Industry_Heat,6327.780485353614,MW
2030-07-18 23:00:00,YZ,Flexible_Industry_Heat,6327.780485353614,MW
2030-07-20 00:00:00,YZ,Flexible_Industry_Heat,6327.780485353614,MW
2030-07-21 01:00:00,YZ,Flexible_Industry_Heat,6327.780485353614,MW
2030-07-22 02:00:00,YZ,Flexible_Industry_Heat,6263.997762093127,MW
2030-07-23 03:00:00,YZ,Flexible_Industry_Heat,6324.097762093127,MW
2030-07-24 04:00:00,YZ,Flexible_Industry_Heat,6225.257956966366,MW
2030-07-25 05:00:00,YZ,Flexible_Industry_Heat,6287.780485353614,MW
2030-07-26 06:00:00,YZ,Flexible_Industry_Heat,6327.780485353614,MW
2030-07-27 07:00:00,YZ,Flexible_Industry_Heat,6327.780485353614,MW
2030-07-28 08:00:00,YZ,Flexible_Industry_Heat,6327.780485353614,MW
2030-07-29 09:00:00,YZ,Flexible_Industry_Heat,6327.780485353614,MW
2030-07-30 10:00:00,YZ,Flexible_Industry_Heat,6327.780485353614,MW
2030-07-31 11:00:00,YZ,Flexible_Industry_Heat,6270.819267784557,MW
2030-08-01 12:00:00,YZ,Flexible_Industry_Heat,4594.802788868103,MW
2030-08-02 13:00:00,YZ,Flexible_Industry_Heat,6593.647069552024,MW
2030-08-03 14:00:00,YZ,Flexible_Industry_Heat,4389.956813421157,MW
2030-08-04 15:00:00,YZ,Flexible_Industry_Heat,3742.233805105625,MW
2030-08-05 16:00:00,YZ,Flexible_Industry_Heat,6327.780485353614,MW
2030-08-06 17:00:00,YZ,Flexible_Industry_Heat,5865.3663588995105,MW
2030-08-07 18:00:00,YZ,Flexible_Industry_Heat,5146.9030142631245,MW
2030-08-08 19:00:00,YZ,Flexible_Industry_Heat,6327.780485353614,MW
2030-08-09 20:00:00,YZ,Flexible_Industry_Heat,6327.780485353614,MW
2030-08-10 21:00:00,YZ,Flexible_Industry_Heat,6327.780485353614,MW
2030-08-11 22:00:00,YZ,Flexible_Industry_Heat,6327.780485353614,MW
2030-08-12 23:00:00,YZ,Flexible_Industry_Heat,7828.772966557076,MW
2030-08-14 00:00:00,YZ,Flexible_Industry_Heat,6327.780485353614,MW
2030-08-15 01:00:00,YZ,Flexible_Industry_Heat,5804.146511391851,MW
2030-08-16 02:00:00,YZ,Flexible_Industry_Heat,5836.793042015898,MW
2030-08-17 03:00:00,YZ,Flexible_Industry_Heat,3854.1043763773555,MW
2030-08-18 04:00:00,YZ,Flexible_Industry_Heat,5783.1977620931275,MW
2030-08-19 05:00:00,YZ,Flexible_Industry_Heat,5963.497762093127,MW
2030-08-20 06:00:00,YZ,Flexible_Industry_Heat,6327.780485353614,MW
2030-08-21 07:00:00,YZ,Flexible_Industry_Heat,6327.780485353614,MW
2030-08-22 08:00:00,YZ,Flexible_Industry_Heat,6327.780485353614,MW
2030-08-23 09:00:00,YZ,Flexible_Industry_Heat,6327.780485353614,MW
2030-08-24 10:00:00,YZ,Flexible_Industry_Heat,6302.295692664568,MW
2030-08-25 11:00:00,YZ,Flexible_Industry_Heat,6327.780485353614,MW
2030-08-26 12:00:00,YZ,Flexible_Industry_Heat,6327.780485353614,MW
2030-08-27 13:00:00,YZ,Flexible_Industry_Heat,6327.780485353614,MW
2030-08-28 14:00:00,YZ,Flexible_Industry_Heat,6327.780485353614,MW
2030-08-29 15:00:00,YZ,Flexible_Industry_Heat,6327.780485353614,MW
2030-08-30 16:00:00,YZ,Flexible_Industry_Heat,6327.780485353614,MW
2030-08-31 17:00:00,YZ,Flexible_Industry_Heat,6327.780485353614,MW
2030-09-01 18:00:00,YZ,Flexible_Industry_Heat,6327.780485353614,MW
2030-09-02 19:00:00,YZ,Flexible_Industry_Heat,6327.780485353614,MW
2030-09-03 20:00:00,YZ,Flexible_Industry_Heat,7117.780485353263,MW
2030-09-04 21:00:00,YZ,Flexible_Industry_Heat,6327.780485353614,MW
2030-09-05 22:00:00,YZ,Flexible_Industry_Heat,5838.495400204238,MW
2030-09-06 23:00:00,YZ,Flexible_Industry_Heat,6327.780485353614,MW
2030-09-08 00:00:00,YZ,Flexible_Industry_Heat,7021.1910316485355,MW
2030-09-09 01:00:00,YZ,Flexible_Industry_Heat,6327.780485353614,MW
2030-09-10 02:00:00,YZ,Flexible_Industry_Heat,6338.189821627709,MW
2030-09-11 03:00:00,YZ,Flexible_Industry_Heat,5144.446070226652,MW
2030-09-12 04:00:00,YZ,Flexible_Industry_Heat,6287.780485353614,MW
2030-09-13 05:00:00,YZ,Flexible_Industry_Heat,6324.097762093127,MW
2030-09-14 06:00:00,YZ,Flexible_Industry_Heat,6083.6977620931275,MW
2030-09-15 07:00:00,YZ,Flexible_Industry_Heat,6287.780485353614,MW
2030-09-16 08:00:00,YZ,Flexible_Industry_Heat,6242.028902144787,MW
2030-09-17 09:00:00,YZ,Flexible_Industry_Heat,6727.998428413802,MW
2030-09-18 10:00:00,YZ,Flexible_Industry_Heat,5495.59245459236,MW
2030-09-19 11:00:00,YZ,Flexible_Industry_Heat,6271.248427700081,MW
2030-09-20 12:00:00,YZ,Flexible_Industry_Heat,6327.780485353614,MW
2030-09-21 13:00:00,YZ,Flexible_Industry_Heat,6333.393925767086,MW
2030-09-22 14:00:00,YZ,Flexible_Industry_Heat,6327.780485353614,MW
2030-09-23 15:00:00,YZ,Flexible_Industry_Heat,6932.096540808027,MW
2030-09-24 16:00:00,YZ,Flexible_Industry_Heat,7117.780485353263,MW
2030-09-25 17:00:00,YZ,Flexible_Industry_Heat,4931.121893188364,MW
2030-09-26 18:00:00,YZ,Flexible_Industry_Heat,6327.780485353614,MW
2030-09-27 19:00:00,YZ,Flexible_Industry_Heat,6660.9063872510715,MW
2030-09-28 20:00:00,YZ,Flexible_Industry_Heat,6327.780485353614,MW
2030-09-29 21:00:00,YZ,Flexible_Industry_Heat,6327.780485353614,MW
2030-09-30 22:00:00,YZ,Flexible_Industry_Heat,6327.780485353614,MW
2030-10-01 23:00:00,YZ,Flexible_Industry_Heat,6327.780485353614,MW
2030-10-03 00:00:00,YZ,Flexible_Industry_Heat,6327.780485353614,MW
2030-10-04 01:00:00,YZ,Flexible_Industry_Heat,6287.780485353614,MW
2030-10-05 02:00:00,YZ,Flexible_Industry_Heat,6327.780485353614,MW
2030-10-06 03:00:00,YZ,Flexible_Industry_Heat,5903.397762093128,MW
2030-10-07 04:00:00,YZ,Flexible_Industry_Heat,5903.397762093128,MW
2030-10-08 05:00:00,YZ,Flexible_Industry_Heat,6324.097762093127,MW
2030-10-09 06:00:00,YZ,Flexible_Industry_Heat,6327.780485353614,MW
2030-10-10 07:00:00,YZ,Flexible_Industry_Heat,4503.236161025453,MW
2030-10-11 08:00:00,YZ,Flexible_Industry_Heat,5545.46556299516,MW
2030-10-12 09:00:00,YZ,Flexible_Industry_Heat,6327.780485353614,MW
2030-10-13 10:00:00,YZ,Flexible_Industry_Heat,7516.116081432707,MW
2030-10-14 11:00:00,YZ,Flexible_Industry_Heat,7117.780485353263,MW
2030-10-15 12:00:00,YZ,Flexible_Industry_Heat,5978.688276917675,MW
2030-10-16 13:00:00,YZ,Flexible_Industry_Heat,6218.320726346666,MW
2030-10-17 14:00:00,YZ,Flexible_Industry_Heat,6327.780485353614,MW
2030-10-18 15:00:00,YZ,Flexible_Industry_Heat,6327.780485353614,MW
2030-10-19 16:00:00,YZ,Flexible_Industry_Heat,5402.117086285644,MW
2030-10-20 17:00:00,YZ,Flexible_Industry_Heat,6327.780485353614,MW
2030-10-21 18:00:00,YZ,Flexible_Industry_Heat,7117.780485353263,MW
2030-10-22 19:00:00,YZ,Flexible_Industry_Heat,7777.780485353263,MW
2030-10-23 20:00:00,YZ,Flexible_Industry_Heat,6427.813192502009,MW
2030-10-24 21:00:00,YZ,Flexible_Industry_Heat,6276.366721595748,MW
2030-10-25 22:00:00,YZ,Flexible_Industry_Heat,7817.780485353263,MW
2030-10-26 23:00:00,YZ,Flexible_Industry_Heat,5839.902198087019,MW
2030-10-28 00:00:00,YZ,Flexible_Industry_Heat,6327.780485353614,MW
2030-10-29 01:00:00,YZ,Flexible_Industry_Heat,6287.780485353614,MW
2030-10-30 02:00:00,YZ,Flexible_Industry_Heat,3938.125879963906,MW
2030-10-31 03:00:00,YZ,Flexible_Industry_Heat,5805.017602438592,MW
2030-11-01 04:00:00,YZ,Flexible_Industry_Heat,6263.997762093127,MW
2030-11-02 05:00:00,YZ,Flexible_Industry_Heat,5843.297762093128,MW
2030-11-03 06:00:00,YZ,Flexible_Industry_Heat,6163.897762093128,MW
2030-11-04 07:00:00,YZ,Flexible_Industry_Heat,7547.492300795214,MW
2030-11-05 08:00:00,YZ,Flexible_Industry_Heat,6637.708672790049,MW
2030-11-06 09:00:00,YZ,Flexible_Industry_Heat,6327.780485353614,MW
2030-11-07 10:00:00,YZ,Flexible_Industry_Heat,6327.780485353614,MW
2030-11-08 11:00:00,YZ,Flexible_Industry_Heat,6031.95229407448,MW
2030-11-09 12:00:00,YZ,Flexible_Industry_Heat,6327.780485353614,MW
2030-11-10 13:00:00,YZ,Flexible_Industry_Heat,6327.780485353614,MW
2030-11-11 14:00:00,YZ,Flexible_Industry_Heat,6327.780485353614,MW
2030-11-12 15:00:00,YZ,Flexible_Industry_Heat,6327.780485353614,MW
2030-11-13 16:00:00,YZ,Flexible_Industry_Heat,6327.780485353614,MW
2030-11-14 17:00:00,YZ,Flexible_Industry_Heat,6687.780485353864,MW
2030-11-15 18:00:00,YZ,Flexible_Industry_Heat,3710.3823510792404,MW
2030-11-16 19:00:00,YZ,Flexible_Industry_Heat,6327.780485353614,MW
2030-11-17 20:00:00,YZ,Flexible_Industry_Heat,6327.780485353614,MW
2030-11-18 21:00:00,YZ,Flexible_Industry_Heat,4879.197443260872,MW
2030-11-19 22:00:00,YZ,Flexible_Industry_Heat,8177.7804853535135,MW
2030-11-20 23:00:00,YZ,Flexible_Industry_Heat,7117.780485353263,MW
2030-11-22 00:00:00,YZ,Flexible_Industry_Heat,8177.7804853535135,MW
2030-11-23 01:00:00,YZ,Flexible_Industry_Heat,6287.780485353614,MW
2030-11-24 02:00:00,YZ,Flexible_Industry_Heat,6166.259157552145,MW
2030-11-25 03:00:00,YZ,Flexible_Industry_Heat,6261.27204117067,MW
2030-11-26 04:00:00,YZ,Flexible_Industry_Heat,4353.616898771523,MW
2030-11-27 05:00:00,YZ,Flexible_Industry_Heat,6327.780485353614,MW
2030-11-28 06:00:00,YZ,Flexible_Industry_Heat,6511.555390666911,MW
2030-11-29 07:00:00,YZ,Flexible_Industry_Heat,3464.620672073465,MW
2030-11-30 08:00:00,YZ,Flexible_Industry_Heat,6653.562719432263,MW
2030-12-01 09:00:00,YZ,Flexible_Industry_Heat,6327.780485353614,MW
2030-12-02 10:00:00,YZ,Flexible_Industry_Heat,6327.780485353614,MW
2030-12-03 11:00:00,YZ,Flexible_Industry_Heat,6327.780485353614,MW
2030-12-04 12:00:00,YZ,Flexible_Industry_Heat,6327.780485353614,MW
2030-12-05 13:00:00,YZ,Flexible_Industry_Heat,6216.991228536937,MW
2030-12-06 14:00:00,YZ,Flexible_Industry_Heat,4820.871920575785,MW
2030-12-07 15:00:00,YZ,Flexible_Industry_Heat,3504.620672073465,MW
2030-12-08 16:00:00,YZ,Flexible_Industry_Heat,6362.742372349622,MW
2030-12-09 17:00:00,YZ,Flexible_Industry_Heat,6857.7804853534135,MW
2030-12-10 18:00:00,YZ,Flexible_Industry_Heat,6400.48075603035,MW
2030-12-11 19:00:00,YZ,Flexible_Industry_Heat,6287.780485353614,MW
2030-12-12 20:00:00,YZ,Flexible_Industry_Heat,6287.780485353614,MW
2030-12-13 21:00:00,YZ,Flexible_Industry_Heat,6327.780485353614,MW
2030-12-14 22:00:00,YZ,Flexible_Industry_Heat,7086.027557619285,MW
2030-12-15 23:00:00,YZ,Flexible_Industry_Heat,7777.780485353263,MW
2030-12-17 00:00:00,YZ,Flexible_Industry_Heat,5681.923565891988,MW
2030-12-18 01:00:00,YZ,Flexible_Industry_Heat,6180.452292107082,MW
2030-12-19 02:00:00,YZ,Flexible_Industry_Heat,5838.922529801137,MW
2030-12-20 03:00:00,YZ,Flexible_Industry_Heat,6327.780485353614,MW
2030-12-21 04:00:00,YZ,Flexible_Industry_Heat,6103.797762093128,MW
2030-12-22 05:00:00,YZ,Flexible_Industry_Heat,6023.597762093127,MW
2030-12-23 06:00:00,YZ,Flexible_Industry_Heat,6287.780485353614,MW
2030-12-24 07:00:00,YZ,Flexible_Industry_Heat,3875.6603484545117,MW
2030-12-25 08:00:00,YZ,Flexible_Industry_Heat,6109.257954714235,MW
2030-12-26 09:00:00,YZ,Flexible_Industry_Heat,6327.780485353614,MW
2030-12-27 10:00:00,YZ,Flexible_Industry_Heat,6327.780485353614,MW
2030-12-28 11:00:00,YZ,Flexible_Industry_Heat,5758.73681824156,MW
2030-12-29 12:00:00,YZ,Flexible_Industry_Heat,6327.780485353614,MW
2030-12-30 13:00:00,YZ,Flexible_Industry_Heat,6420.017081974347,MW
2030-12-31 14:00:00,YZ,Flexible_Industry_Heat,3535.970075305395,MW
2031-01-01 15:00:00,YZ,Flexible_Industry_Heat,6327.780485353614,MW
2030-01-01 00:00:00,YZ,Flexible_EV_Charging,52.468421052629104,MW
2030-01-02 01:00:00,YZ,Flexible_EV_Charging,77.05263157896584,MW
2030-01-03 02:00:00,YZ,Flexible_EV_Charging,88.421052631648,MW
2030-01-04 03:00:00,YZ,Flexible_EV_Charging,94.736842105345,MW
2030-01-05 04:00:00,YZ,Flexible_EV_Charging,94.736842105345,MW
2030-01-06 05:00:00,YZ,Flexible_EV_Charging,90.526315789547,MW
2030-01-07 06:00:00,YZ,Flexible_EV_Charging,73.19473684210391,MW
2030-01-08 07:00:00,YZ,Flexible_EV_Charging,53.6842105263595,MW
2030-01-09 08:00:00,YZ,Flexible_EV_Charging,50.526315789516,MW
2030-01-10 09:00:00,YZ,Flexible_EV_Charging,49.4736842105615,MW
2030-01-11 10:00:00,YZ,Flexible_EV_Charging,50.526315789516,MW
2030-01-12 11:00:00,YZ,Flexible_EV_Charging,50.526315789516,MW
2030-01-13 12:00:00,YZ,Flexible_EV_Charging,45.263157894763495,MW
2030-01-14 13:00:00,YZ,Flexible_EV_Charging,49.4736842105615,MW
2030-01-15 14:00:00,YZ,Flexible_EV_Charging,43.1578947368645,MW
2030-01-16 15:00:00,YZ,Flexible_EV_Charging,40.000000000031,MW
2030-01-17 16:00:00,YZ,Flexible_EV_Charging,32.631578947399504,MW
2030-01-18 17:00:00,YZ,Flexible_EV_Charging,27.368421052647,MW
2030-01-19 18:00:00,YZ,Flexible_EV_Charging,12.631578947384,MW
2030-01-20 19:00:00,YZ,Flexible_EV_Charging,44.210526315829,MW
2030-01-21 20:00:00,YZ,Flexible_EV_Charging,42.10526315792,MW
2030-01-22 21:00:00,YZ,Flexible_EV_Charging,58.947368421102,MW
2030-01-23 22:00:00,YZ,Flexible_EV_Charging,65.263157894779,MW
2030-01-24 23:00:00,YZ,Flexible_EV_Charging,71.57894736847601,MW
2030-01-26 00:00:00,YZ,Flexible_EV_Charging,76.8421052632285,MW
2030-01-27 01:00:00,YZ,Flexible_EV_Charging,76.8421052632285,MW
2030-01-28 02:00:00,YZ,Flexible_EV_Charging,76.23157894739083,MW
2030-01-29 03:00:00,YZ,Flexible_EV_Charging,92.631578947446,MW
2030-01-30 04:00:00,YZ,Flexible_EV_Charging,95.7894736842795,MW
2030-01-31 05:00:00,YZ,Flexible_EV_Charging,89.4736842105925,MW
2030-02-01 06:00:00,YZ,Flexible_EV_Charging,75.78947368426398,MW
2030-02-02 07:00:00,YZ,Flexible_EV_Charging,62.1052631579355,MW
2030-02-03 08:00:00,YZ,Flexible_EV_Charging,77.89473684217299,MW
2030-02-04 09:00:00,YZ,Flexible_EV_Charging,82.86315789475924,MW
2030-02-05 10:00:00,YZ,Flexible_EV_Charging,44.210526315829,MW
2030-02-06 11:00:00,YZ,Flexible_EV_Charging,49.4736842105615,MW
2030-02-07 12:00:00,YZ,Flexible_EV_Charging,48.421052631617,MW
2030-02-08 13:00:00,YZ,Flexible_EV_Charging,43.1578947368645,MW
2030-02-09 14:00:00,YZ,Flexible_EV_Charging,20.0000000000155,MW
2030-02-10 15:00:00,YZ,Flexible_EV_Charging,27.368421052647,MW
2030-02-11 16:00:00,YZ,Flexible_EV_Charging,38.947368421086495,MW
2030-02-12 17:00:00,YZ,Flexible_EV_Charging,33.684210526344,MW
2030-02-13 18:00:00,YZ,Flexible_EV_Charging,28.4210526316015,MW
2030-02-14 19:00:00,YZ,Flexible_EV_Charging,31.578947368445,MW
2030-02-15 20:00:00,YZ,Flexible_EV_Charging,42.10526315792,MW
2030-02-16 21:00:00,YZ,Flexible_EV_Charging,40.000000000031,MW
2030-02-17 22:00:00,YZ,Flexible_EV_Charging,60.0000000000465,MW
2030-02-18 23:00:00,YZ,Flexible_EV_Charging,66.3157894737335,MW
2030-02-20 00:00:00,YZ,Flexible_EV_Charging,82.105263157951,MW
2030-02-21 01:00:00,YZ,Flexible_EV_Charging,86.31578947374899,MW
2030-02-22 02:00:00,YZ,Flexible_EV_Charging,90.526315789547,MW
2030-02-23 03:00:00,YZ,Flexible_EV_Charging,92.631578947446,MW
2030-02-24 04:00:00,YZ,Flexible_EV_Charging,88.421052631648,MW
2030-02-25 05:00:00,YZ,Flexible_EV_Charging,73.6157894736934,MW
2030-02-26 06:00:00,YZ,Flexible_EV_Charging,70.5263157895315,MW
2030-02-27 07:00:00,YZ,Flexible_EV_Charging,58.947368421102,MW
2030-02-28 08:00:00,YZ,Flexible_EV_Charging,49.4736842105615,MW
2030-03-01 09:00:00,YZ,Flexible_EV_Charging,47.3684210526625,MW
2030-03-02 10:00:00,YZ,Flexible_EV_Charging,50.526315789516,MW
2030-03-03 11:00:00,YZ,Flexible_EV_Charging,44.210526315829,MW
2030-03-04 12:00:00,YZ,Flexible_EV_Charging,50.526315789516,MW
2030-03-05 13:00:00,YZ,Flexible_EV_Charging,44.210526315829,MW
2030-03-06 14:00:00,YZ,Flexible_EV_Charging,44.210526315829,MW
2030-03-07 15:00:00,YZ,Flexible_EV_Charging,35.789473684233,MW
2030-03-08 16:00:00,YZ,Flexible_EV_Charging,25.263157894747998,MW
2030-03-09 17:00:00,YZ,Flexible_EV_Charging,7.368421052637499,MW
2030-03-10 18:00:00,YZ,Flexible_EV_Charging,28.4210526316015,MW
2030-03-11 19:00:00,YZ,Flexible_EV_Charging,25.263157894747998,MW
2030-03-12 20:00:00,YZ,Flexible_EV_Charging,46.315789473718,MW
2030-03-13 21:00:00,YZ,Flexible_EV_Charging,54.736842105314,MW
2030-03-14 22:00:00,YZ,Flexible_EV_Charging,61.052631578991,MW
2030-03-15 23:00:00,YZ,Flexible_EV_Charging,66.3157894737335,MW
2030-03-17 00:00:00,YZ,Flexible_EV_Charging,69.473684210577,MW
2030-03-18 01:00:00,YZ,Flexible_EV_Charging,78.7578947368641,MW
2030-03-19 02:00:00,YZ,Flexible_EV_Charging,88.421052631648,MW
2030-03-20 03:00:00,YZ,Flexible_EV_Charging,94.736842105345,MW
2030-03-21 04:00:00,YZ,Flexible_EV_Charging,94.736842105345,MW
2030-03-22 05:00:00,YZ,Flexible_EV_Charging,88.421052631648,MW
2030-03-23 06:00:00,YZ,Flexible_EV_Charging,75.78947368426398,MW
2030-03-24 07:00:00,YZ,Flexible_EV_Charging,76.8421052632285,MW
2030-03-25 08:00:00,YZ,Flexible_EV_Charging,86.02105263160351,MW
2030-03-26 09:00:00,YZ,Flexible_EV_Charging,43.1578947368645,MW
2030-03-27 10:00:00,YZ,Flexible_EV_Charging,47.3684210526625,MW
2030-03-28 11:00:00,YZ,Flexible_EV_Charging,45.263157894763495,MW
2030-03-29 12:00:00,YZ,Flexible_EV_Charging,34.7368421052985,MW
2030-03-30 13:00:00,YZ,Flexible_EV_Charging,17.8947368421215,MW
2030-03-31 14:00:00,YZ,Flexible_EV_Charging,24.210526315813503,MW
2030-04-01 15:00:00,YZ,Flexible_EV_Charging,31.578947368445,MW
2030-04-02 16:00:00,YZ,Flexible_EV_Charging,4.210526315792,MW
2030-04-03 17:00:00,YZ,Flexible_EV_Charging,15.7894736842215,MW
2030-04-04 18:00:00,YZ,Flexible_EV_Charging,21.05263157896,MW
2030-04-05 19:00:00,YZ,Flexible_EV_Charging,25.263157894747998,MW
2030-04-06 20:00:00,YZ,Flexible_EV_Charging,26.315789473702498,MW
2030-04-07 21:00:00,YZ,Flexible_EV_Charging,45.263157894763495,MW
2030-04-08 22:00:00,YZ,Flexible_EV_Charging,44.210526315829,MW
2030-04-09 23:00:00,YZ,Flexible_EV_Charging,71.57894736847601,MW
2030-04-11 00:00:00,YZ,Flexible_EV_Charging,78.9473684211175,MW
2030-04-12 01:00:00,YZ,Flexible_EV_Charging,83.1578947368955,MW
2030-04-13 02:00:00,YZ,Flexible_EV_Charging,87.36842105269349,MW
2030-04-14 03:00:00,YZ,Flexible_EV_Charging,87.36842105269349,MW
2030-04-15 04:00:00,YZ,Flexible_EV_Charging,75.82421052631332,MW
2030-04-16 05:00:00,YZ,Flexible_EV_Charging,83.1578947368955,MW
2030-04-17 06:00:00,YZ,Flexible_EV_Charging,73.68421052637498,MW
2030-04-18 07:00:00,YZ,Flexible_EV_Charging,55.7894736842485,MW
2030-04-19 08:00:00,YZ,Flexible_EV_Charging,46.315789473718,MW
2030-04-20 09:00:00,YZ,Flexible_EV_Charging,47.3684210526625,MW
2030-04-21 10:00:00,YZ,Flexible_EV_Charging,51.5789473684605,MW
2030-04-22 11:00:00,YZ,Flexible_EV_Charging,54.736842105314,MW
2030-04-23 12:00:00,YZ,Flexible_EV_Charging,40.000000000031,MW
2030-04-24 13:00:00,YZ,Flexible_EV_Charging,44.210526315829,MW
2030-04-25 14:00:00,YZ,Flexible_EV_Charging,37.894736842141995,MW
2030-04-26 15:00:00,YZ,Flexible_EV_Charging,28.4210526316015,MW
2030-04-27 16:00:00,YZ,Flexible_EV_Charging,3.1578947368445,MW
2030-04-28 17:00:00,YZ,Flexible_EV_Charging,22.1052631579045,MW
2030-04-29 18:00:00,YZ,Flexible_EV_Charging,23.157894736849002,MW
2030-04-30 19:00:00,YZ,Flexible_EV_Charging,33.684210526344,MW
2030-05-01 20:00:00,YZ,Flexible_EV_Charging,37.894736842141995,MW
2030-05-02 21:00:00,YZ,Flexible_EV_Charging,51.5789473684605,MW
2030-05-03 22:00:00,YZ,Flexible_EV_Charging,56.84210526321301,MW
2030-05-04 23:00:00,YZ,Flexible_EV_Charging,56.84210526321301,MW
2030-05-06 00:00:00,YZ,Flexible_EV_Charging,69.473684210577,MW
2030-05-07 01:00:00,YZ,Flexible_EV_Charging,77.89473684217299,MW
2030-05-08 02:00:00,YZ,Flexible_EV_Charging,90.526315789547,MW
2030-05-09 03:00:00,YZ,Flexible_EV_Charging,92.631578947446,MW
2030-05-10 04:00:00,YZ,Flexible_EV_Charging,86.31578947374899,MW
2030-05-11 05:00:00,YZ,Flexible_EV_Charging,92.631578947446,MW
2030-05-12 06:00:00,YZ,Flexible_EV_Charging,90.526315789547,MW
2030-05-13 07:00:00,YZ,Flexible_EV_Charging,81.60000000002671,MW
2030-05-14 08:00:00,YZ,Flexible_EV_Charging,40.000000000031,MW
2030-05-15 09:00:00,YZ,Flexible_EV_Charging,43.1578947368645,MW
2030-05-16 10:00:00,YZ,Flexible_EV_Charging,45.263157894763495,MW
2030-05-17 11:00:00,YZ,Flexible_EV_Charging,44.210526315829,MW
2030-05-18 12:00:00,YZ,Flexible_EV_Charging,30.526315789500497,MW
2030-05-19 13:00:00,YZ,Flexible_EV_Charging,22.1052631579045,MW
2030-05-20 14:00:00,YZ,Flexible_EV_Charging,32.631578947399504,MW
2030-05-21 15:00:00,YZ,Flexible_EV_Charging,23.157894736849002,MW
2030-05-22 16:00:00,YZ,Flexible_EV_Charging,24.210526315813503,MW
2030-05-23 17:00:00,YZ,Flexible_EV_Charging,23.157894736849002,MW
2030-05-24 18:00:00,YZ,Flexible_EV_Charging,18.947368421074,MW
2030-05-25 19:00:00,YZ,Flexible_EV_Charging,17.8947368421215,MW
2030-05-26 20:00:00,YZ,Flexible_EV_Charging,44.210526315829,MW
2030-05-27 21:00:00,YZ,Flexible_EV_Charging,41.0526315789755,MW
2030-05-28 22:00:00,YZ,Flexible_EV_Charging,64.2105263158445,MW
2030-05-29 23:00:00,YZ,Flexible_EV_Charging,70.5263157895315,MW
2030-05-31 00:00:00,YZ,Flexible_EV_Charging,65.263157894779,MW
2030-06-01 01:00:00,YZ,Flexible_EV_Charging,83.1578947368955,MW
2030-06-02 02:00:00,YZ,Flexible_EV_Charging,82.105263157951,MW
2030-06-03 03:00:00,YZ,Flexible_EV_Charging,77.17894736844346,MW
2030-06-04 04:00:00,YZ,Flexible_EV_Charging,86.31578947374899,MW
2030-06-05 05:00:00,YZ,Flexible_EV_Charging,88.421052631648,MW
2030-06-06 06:00:00,YZ,Flexible_EV_Charging,73.68421052637498,MW
2030-06-07 07:00:00,YZ,Flexible_EV_Charging,46.315789473718,MW
2030-06-08 08:00:00,YZ,Flexible_EV_Charging,56.84210526321301,MW
2030-06-09 09:00:00,YZ,Flexible_EV_Charging,51.5789473684605,MW
2030-06-10 10:00:00,YZ,Flexible_EV_Charging,61.052631578991,MW
2030-06-11 11:00:00,YZ,Flexible_EV_Charging,63.157894736879996,MW
2030-06-12 12:00:00,YZ,Flexible_EV_Charging,41.0526315789755,MW
2030-06-13 13:00:00,YZ,Flexible_EV_Charging,46.315789473718,MW
2030-06-14 14:00:00,YZ,Flexible_EV_Charging,42.10526315792,MW
2030-06-15 15:00:00,YZ,Flexible_EV_Charging,35.789473684233,MW
2030-06-16 16:00:00,YZ,Flexible_EV_Charging,11.578947368425501,MW
2030-06-17 17:00:00,YZ,Flexible_EV_Charging,26.315789473702498,MW
2030-06-18 18:00:00,YZ,Flexible_EV_Charging,18.947368421074,MW
2030-06-19 19:00:00,YZ,Flexible_EV_Charging,25.263157894747998,MW
2030-06-20 20:00:00,YZ,Flexible_EV_Charging,31.578947368445,MW
2030-06-21 21:00:00,YZ,Flexible_EV_Charging,40.000000000031,MW
2030-06-22 22:00:00,YZ,Flexible_EV_Charging,44.210526315829,MW
2030-06-23 23:00:00,YZ,Flexible_EV_Charging,45.263157894763495,MW
2030-06-25 00:00:00,YZ,Flexible_EV_Charging,66.3157894737335,MW
2030-06-26 01:00:00,YZ,Flexible_EV_Charging,67.368421052678,MW
2030-06-27 02:00:00,YZ,Flexible_EV_Charging,85.26315789479452,MW
2030-06-28 03:00:00,YZ,Flexible_EV_Charging,89.4736842105925,MW
2030-06-29 04:00:00,YZ,Flexible_EV_Charging,92.631578947446,MW
2030-06-30 05:00:00,YZ,Flexible_EV_Charging,91.57894736849148,MW
2030-07-01 06:00:00,YZ,Flexible_EV_Charging,84.21052631586001,MW
2030-07-02 07:00:00,YZ,Flexible_EV_Charging,75.03157894739297,MW
2030-07-03 08:00:00,YZ,Flexible_EV_Charging,51.5789473684605,MW
2030-07-04 09:00:00,YZ,Flexible_EV_Charging,50.526315789516,MW
2030-07-05 10:00:00,YZ,Flexible_EV_Charging,47.3684210526625,MW
2030-07-06 11:00:00,YZ,Flexible_EV_Charging,45.263157894763495,MW
2030-07-07 12:00:00,YZ,Flexible_EV_Charging,41.0526315789755,MW
2030-07-08 13:00:00,YZ,Flexible_EV_Charging,29.473684210545997,MW
2030-07-09 14:00:00,YZ,Flexible_EV_Charging,29.473684210545997,MW
2030-07-10 15:00:00,YZ,Flexible_EV_Charging,36.842105263197496,MW
2030-07-11 16:00:00,YZ,Flexible_EV_Charging,34.7368421052985,MW
2030-07-12 17:00:00,YZ,Flexible_EV_Charging,26.315789473702498,MW
2030-07-13 18:00:00,YZ,Flexible_EV_Charging,17.8947368421215,MW
2030-07-14 19:00:00,YZ,Flexible_EV_Charging,8.421052631586,MW
2030-07-15 20:00:00,YZ,Flexible_EV_Charging,33.684210526344,MW
2030-07-16 21:00:00,YZ,Flexible_EV_Charging,28.4210526316015,MW
2030-07-17 22:00:00,YZ,Flexible_EV_Charging,52.631578947414994,MW
2030-07-18 23:00:00,YZ,Flexible_EV_Charging,60.0000000000465,MW
2030-07-20 00:00:00,YZ,Flexible_EV_Charging,66.3157894737335,MW
2030-07-21 01:00:00,YZ,Flexible_EV_Charging,70.5263157895315,MW
2030-07-22 02:00:00,YZ,Flexible_EV_Charging,67.368421052678,MW
2030-07-23 03:00:00,YZ,Flexible_EV_Charging,76.54736842108247,MW
2030-07-24 04:00:00,YZ,Flexible_EV_Charging,84.21052631586001,MW
2030-07-25 05:00:00,YZ,Flexible_EV_Charging,92.631578947446,MW
2030-07-26 06:00:00,YZ,Flexible_EV_Charging,87.36842105269349,MW
2030-07-27 07:00:00,YZ,Flexible_EV_Charging,73.68421052637498,MW
2030-07-28 08:00:00,YZ,Flexible_EV_Charging,61.052631578991,MW
2030-07-29 09:00:00,YZ,Flexible_EV_Charging,64.2105263158445,MW
2030-07-30 10:00:00,YZ,Flexible_EV_Charging,67.368421052678,MW
2030-07-31 11:00:00,YZ,Flexible_EV_Charging,40.000000000031,MW
2030-08-01 12:00:00,YZ,Flexible_EV_Charging,44.210526315829,MW
2030-08-02 13:00:00,YZ,Flexible_EV_Charging,41.0526315789755,MW
2030-08-03 14:00:00,YZ,Flexible_EV_Charging,37.894736842141995,MW
2030-08-04 15:00:00,YZ,Flexible_EV_Charging,18.947368421074,MW
2030-08-05 16:00:00,YZ,Flexible_EV_Charging,20.0000000000155,MW
2030-08-06 17:00:00,YZ,Flexible_EV_Charging,14.736842105282001,MW
2030-08-07 18:00:00,YZ,Flexible_EV_Charging,23.157894736849002,MW
2030-08-08 19:00:00,YZ,Flexible_EV_Charging,26.315789473702498,MW
2030-08-09 20:00:00,YZ,Flexible_EV_Charging,30.526315789500497,MW
2030-08-10 21:00:00,YZ,Flexible_EV_Charging,34.7368421052985,MW
2030-08-11 22:00:00,YZ,Flexible_EV_Charging,30.526315789500497,MW
2030-08-12 23:00:00,YZ,Flexible_EV_Charging,50.526315789516,MW
2030-08-14 00:00:00,YZ,Flexible_EV_Charging,52.631578947414994,MW
2030-08-15 01:00:00,YZ,Flexible_EV_Charging,76.8421052632285,MW
2030-08-16 02:00:00,YZ,Flexible_EV_Charging,82.105263157951,MW
2030-08-17 03:00:00,YZ,Flexible_EV_Charging,87.36842105269349,MW
2030-08-18 04:00:00,YZ,Flexible_EV_Charging,89.4736842105925,MW
2030-08-19 05:00:00,YZ,Flexible_EV_Charging,85.26315789479452,MW
2030-08-20 06:00:00,YZ,Flexible_EV_Charging,79.38947368423507,MW
2030-08-21 07:00:00,YZ,Flexible_EV_Charging,67.368421052678,MW
2030-08-22 08:00:00,YZ,Flexible_EV_Charging,57.8947368421575,MW
2030-08-23 09:00:00,YZ,Flexible_EV_Charging,49.4736842105615,MW
2030-08-24 10:00:00,YZ,Flexible_EV_Charging,45.263157894763495,MW
2030-08-25 11:00:00,YZ,Flexible_EV_Charging,44.210526315829,MW
2030-08-26 12:00:00,YZ,Flexible_EV_Charging,34.7368421052985,MW
2030-08-27 13:00:00,YZ,Flexible_EV_Charging,33.684210526344,MW
2030-08-28 14:00:00,YZ,Flexible_EV_Charging,37.894736842141995,MW
2030-08-29 15:00:00,YZ,Flexible_EV_Charging,38.947368421086495,MW
2030-08-30 16:00:00,YZ,Flexible_EV_Charging,31.578947368445,MW
2030-08-31 17:00:00,YZ,Flexible_EV_Charging,21.05263157896,MW
2030-09-01 18:00:00,YZ,Flexible_EV_Charging,4.210526315792,MW
2030-09-02 19:00:00,YZ,Flexible_EV_Charging,22.1052631579045,MW
2030-09-03 20:00:00,YZ,Flexible_EV_Charging,12.631578947384,MW
2030-09-04 21:00:00,YZ,Flexible_EV_Charging,43.1578947368645,MW
2030-09-05 22:00:00,YZ,Flexible_EV_Charging,51.5789473684605,MW
2030-09-06 23:00:00,YZ,Flexible_EV_Charging,57.8947368421575,MW
2030-09-08 00:00:00,YZ,Flexible_EV_Charging,63.157894736879996,MW
2030-09-09 01:00:00,YZ,Flexible_EV_Charging,64.2105263158445,MW
2030-09-10 02:00:00,YZ,Flexible_EV_Charging,73.68421052637498,MW
2030-09-11 03:00:00,YZ,Flexible_EV_Charging,82.105263157951,MW
2030-09-12 04:00:00,YZ,Flexible_EV_Charging,93.6842105263905,MW
2030-09-13 05:00:00,YZ,Flexible_EV_Charging,93.6842105263905,MW
2030-09-14 06:00:00,YZ,Flexible_EV_Charging,88.421052631648,MW
2030-09-15 07:00:00,YZ,Flexible_EV_Charging,74.7368421053295,MW
2030-09-16 08:00:00,YZ,Flexible_EV_Charging,81.0526315790065,MW
2030-09-17 09:00:00,YZ,Flexible_EV_Charging,83.1578947368955,MW
2030-09-18 10:00:00,YZ,Flexible_EV_Charging,40.000000000031,MW
2030-09-19 11:00:00,YZ,Flexible_EV_Charging,45.263157894763495,MW
2030-09-20 12:00:00,YZ,Flexible_EV_Charging,45.263157894763495,MW
2030-09-21 13:00:00,YZ,Flexible_EV_Charging,43.1578947368645,MW
2030-09-22 14:00:00,YZ,Flexible_EV_Charging,26.315789473702498,MW
2030-09-23 15:00:00,YZ,Flexible_EV_Charging,23.157894736849002,MW
2030-09-24 16:00:00,YZ,Flexible_EV_Charging,22.1052631579045,MW
2030-09-25 17:00:00,YZ,Flexible_EV_Charging,26.315789473702498,MW
2030-09-26 18:00:00,YZ,Flexible_EV_Charging,21.05263157896,MW
2030-09-27 19:00:00,YZ,Flexible_EV_Charging,20.0000000000155,MW
2030-09-28 20:00:00,YZ,Flexible_EV_Charging,22.1052631579045,MW
2030-09-29 21:00:00,YZ,Flexible_EV_Charging,20.0000000000155,MW
2030-09-30 22:00:00,YZ,Flexible_EV_Charging,46.315789473718,MW
2030-10-01 23:00:00,YZ,Flexible_EV_Charging,45.263157894763495,MW
2030-10-03 00:00:00,YZ,Flexible_EV_Charging,73.68421052637498,MW
2030-10-04 01:00:00,YZ,Flexible_EV_Charging,71.57894736847601,MW
2030-10-05 02:00:00,YZ,Flexible_EV_Charging,85.26315789479452,MW
2030-10-06 03:00:00,YZ,Flexible_EV_Charging,88.421052631648,MW
2030-10-07 04:00:00,YZ,Flexible_EV_Charging,87.36842105269349,MW
2030-10-08 05:00:00,YZ,Flexible_EV_Charging,77.13894736842802,MW
2030-10-09 06:00:00,YZ,Flexible_EV_Charging,82.105263157951,MW
2030-10-10 07:00:00,YZ,Flexible_EV_Charging,74.7368421053295,MW
2030-10-11 08:00:00,YZ,Flexible_EV_Charging,60.0000000000465,MW
2030-10-12 09:00:00,YZ,Flexible_EV_Charging,50.526315789516,MW
2030-10-13 10:00:00,YZ,Flexible_EV_Charging,50.526315789516,MW
2030-10-14 11:00:00,YZ,Flexible_EV_Charging,46.315789473718,MW
2030-10-15 12:00:00,YZ,Flexible_EV_Charging,47.3684210526625,MW
2030-10-16 13:00:00,YZ,Flexible_EV_Charging,40.000000000031,MW
2030-10-17 14:00:00,YZ,Flexible_EV_Charging,44.210526315829,MW
2030-10-18 15:00:00,YZ,Flexible_EV_Charging,37.894736842141995,MW
2030-10-19 16:00:00,YZ,Flexible_EV_Charging,29.473684210545997,MW
2030-10-20 17:00:00,YZ,Flexible_EV_Charging,7.368421052637499,MW
2030-10-21 18:00:00,YZ,Flexible_EV_Charging,24.210526315813503,MW
2030-10-22 19:00:00,YZ,Flexible_EV_Charging,9.4736842105345,MW
2030-10-23 20:00:00,YZ,Flexible_EV_Charging,33.684210526344,MW
2030-10-24 21:00:00,YZ,Flexible_EV_Charging,43.1578947368645,MW
2030-10-25 22:00:00,YZ,Flexible_EV_Charging,50.526315789516,MW
2030-10-26 23:00:00,YZ,Flexible_EV_Charging,53.6842105263595,MW
2030-10-28 00:00:00,YZ,Flexible_EV_Charging,55.7894736842485,MW
2030-10-29 01:00:00,YZ,Flexible_EV_Charging,70.5263157895315,MW
2030-10-30 02:00:00,YZ,Flexible_EV_Charging,82.105263157951,MW
2030-10-31 03:00:00,YZ,Flexible_EV_Charging,91.57894736849148,MW
2030-11-01 04:00:00,YZ,Flexible_EV_Charging,92.631578947446,MW
2030-11-02 05:00:00,YZ,Flexible_EV_Charging,90.526315789547,MW
2030-11-03 06:00:00,YZ,Flexible_EV_Charging,91.57894736849148,MW
2030-11-04 07:00:00,YZ,Flexible_EV_Charging,91.57894736849148,MW
2030-11-05 08:00:00,YZ,Flexible_EV_Charging,69.08736842105127,MW
2030-11-06 09:00:00,YZ,Flexible_EV_Charging,41.0526315789755,MW
2030-11-07 10:00:00,YZ,Flexible_EV_Charging,45.263157894763495,MW
2030-11-08 11:00:00,YZ,Flexible_EV_Charging,47.3684210526625,MW
2030-11-09 12:00:00,YZ,Flexible_EV_Charging,47.3684210526625,MW
2030-11-10 13:00:00,YZ,Flexible_EV_Charging,38.947368421086495,MW
2030-11-11 14:00:00,YZ,Flexible_EV_Charging,36.842105263197496,MW
2030-11-12 15:00:00,YZ,Flexible_EV_Charging,35.789473684233,MW
2030-11-13 16:00:00,YZ,Flexible_EV_Charging,34.7368421052985,MW
2030-11-14 17:00:00,YZ,Flexible_EV_Charging,29.473684210545997,MW
2030-11-15 18:00:00,YZ,Flexible_EV_Charging,22.1052631579045,MW
2030-11-16 19:00:00,YZ,Flexible_EV_Charging,18.947368421074,MW
2030-11-17 20:00:00,YZ,Flexible_EV_Charging,16.84210526318,MW
2030-11-18 21:00:00,YZ,Flexible_EV_Charging,47.3684210526625,MW
2030-11-19 22:00:00,YZ,Flexible_EV_Charging,44.210526315829,MW
2030-11-20 23:00:00,YZ,Flexible_EV_Charging,66.3157894737335,MW
2030-11-22 00:00:00,YZ,Flexible_EV_Charging,72.6315789474305,MW
2030-11-23 01:00:00,YZ,Flexible_EV_Charging,80.000000000062,MW
2030-11-24 02:00:00,YZ,Flexible_EV_Charging,83.1578947368955,MW
2030-11-25 03:00:00,YZ,Flexible_EV_Charging,83.1578947368955,MW
2030-11-26 04:00:00,YZ,Flexible_EV_Charging,75.40315789474383,MW
2030-11-27 05:00:00,YZ,Flexible_EV_Charging,92.631578947446,MW
2030-11-28 06:00:00,YZ,Flexible_EV_Charging,89.4736842105925,MW
2030-11-29 07:00:00,YZ,Flexible_EV_Charging,74.7368421053295,MW
2030-11-30 08:00:00,YZ,Flexible_EV_Charging,58.947368421102,MW
2030-12-01 09:00:00,YZ,Flexible_EV_Charging,53.6842105263595,MW
2030-12-02 10:00:00,YZ,Flexible_EV_Charging,67.368421052678,MW
2030-12-03 11:00:00,YZ,Flexible_EV_Charging,74.7368421053295,MW
2030-12-04 12:00:00,YZ,Flexible_EV_Charging,42.10526315792,MW
2030-12-05 13:00:00,YZ,Flexible_EV_Charging,47.3684210526625,MW
2030-12-06 14:00:00,YZ,Flexible_EV_Charging,44.210526315829,MW
2030-12-07 15:00:00,YZ,Flexible_EV_Charging,37.894736842141995,MW
2030-12-08 16:00:00,YZ,Flexible_EV_Charging,13.6842105263235,MW
2030-12-09 17:00:00,YZ,Flexible_EV_Charging,30.526315789500497,MW
2030-12-10 18:00:00,YZ,Flexible_EV_Charging,22.1052631579045,MW
2030-12-11 19:00:00,YZ,Flexible_EV_Charging,26.315789473702498,MW
2030-12-12 20:00:00,YZ,Flexible_EV_Charging,34.7368421052985,MW
2030-12-13 21:00:00,YZ,Flexible_EV_Charging,43.1578947368645,MW
2030-12-14 22:00:00,YZ,Flexible_EV_Charging,48.421052631617,MW
2030-12-15 23:00:00,YZ,Flexible_EV_Charging,51.5789473684605,MW
2030-12-17 00:00:00,YZ,Flexible_EV_Charging,65.263157894779,MW
2030-12-18 01:00:00,YZ,Flexible_EV_Charging,78.9473684211175,MW
2030-12-19 02:00:00,YZ,Flexible_EV_Charging,87.36842105269349,MW
2030-12-20 03:00:00,YZ,Flexible_EV_Charging,89.4736842105925,MW
2030-12-21 04:00:00,YZ,Flexible_EV_Charging,90.526315789547,MW
2030-12-22 05:00:00,YZ,Flexible_EV_Charging,89.4736842105925,MW
2030-12-23 06:00:00,YZ,Flexible_EV_Charging,82.105263157951,MW
2030-12-24 07:00:00,YZ,Flexible_EV_Charging,69.90105263158702,MW
2030-12-25 08:00:00,YZ,Flexible_EV_Charging,76.16842105265653,MW
2030-12-26 09:00:00,YZ,Flexible_EV_Charging,66.56526315786392,MW
2030-12-27 10:00:00,YZ,Flexible_EV_Charging,80.000000000062,MW
2030-12-28 11:00:00,YZ,Flexible_EV_Charging,53.6842105263595,MW
2030-12-29 12:00:00,YZ,Flexible_EV_Charging,45.263157894763495,MW
2030-12-30 13:00:00,YZ,Flexible_EV_Charging,32.631578947399504,MW
2030-12-31 14:00:00,YZ,Flexible_EV_Charging,40.000000000031,MW
2031-01-01 15:00:00,YZ,Flexible_EV_Charging,58.947368421102,MW
