snapshot,country,sector,value,unit
2050-01-01 00:00:00,XY,Inflexible_Power,6526.799999999999,MW
2050-01-02 01:00:00,XY,Inflexible_Power,6061.199999999999,MW
2050-01-03 02:00:00,XY,Inflexible_Power,5920.799999999999,MW
2050-01-04 03:00:00,XY,Inflexible_Power,6090.799999999999,MW
2050-01-05 04:00:00,XY,Inflexible_Power,6166.0,MW
2050-01-06 05:00:00,XY,Inflexible_Power,6241.2,MW
2050-01-07 06:00:00,XY,Inflexible_Power,6998.4,MW
2050-01-08 07:00:00,XY,Inflexible_Power,7330.4,MW
2050-01-09 08:00:00,XY,Inflexible_Power,8055.6,MW
2050-01-10 09:00:00,XY,Inflexible_Power,8854.0,MW
2050-01-11 10:00:00,XY,Inflexible_Power,8239.2,MW
2050-01-12 11:00:00,XY,Inflexible_Power,8065.6,MW
2050-01-13 12:00:00,XY,Inflexible_Power,7824.4,MW
2050-01-14 13:00:00,XY,Inflexible_Power,7837.2,MW
2050-01-15 14:00:00,XY,Inflexible_Power,8283.6,MW
2050-01-16 15:00:00,XY,Inflexible_Power,8658.0,MW
2050-01-17 16:00:00,XY,Inflexible_Power,8998.0,MW
2050-01-18 17:00:00,XY,Inflexible_Power,8404.0,MW
2050-01-19 18:00:00,XY,Inflexible_Power,8767.6,MW
2050-01-20 19:00:00,XY,Inflexible_Power,8967.2,MW
2050-01-21 20:00:00,XY,Inflexible_Power,8311.2,MW
2050-01-22 21:00:00,XY,Inflexible_Power,8086.8,MW
2050-01-23 22:00:00,XY,Inflexible_Power,7533.599999999999,MW
2050-01-24 23:00:00,XY,Inflexible_Power,7121.2,MW
2050-01-26 00:00:00,XY,Inflexible_Power,6526.799999999999,MW
2050-01-27 01:00:00,XY,Inflexible_Power,6135.199999999999,MW
2050-01-28 02:00:00,XY,Inflexible_Power,6004.799999999999,MW
2050-01-29 03:00:00,XY,Inflexible_Power,5904.0,MW
2050-01-30 04:00:00,XY,Inflexible_Power,5948.0,MW
2050-01-31 05:00:00,XY,Inflexible_Power,6425.2,MW
2050-02-01 06:00:00,XY,Inflexible_Power,5702.0,MW
2050-02-02 07:00:00,XY,Inflexible_Power,5994.0,MW
2050-02-03 08:00:00,XY,Inflexible_Power,7612.8,MW
2050-02-04 09:00:00,XY,Inflexible_Power,7604.0,MW
2050-02-05 10:00:00,XY,Inflexible_Power,7601.6,MW
2050-02-06 11:00:00,XY,Inflexible_Power,7591.6,MW
2050-02-07 12:00:00,XY,Inflexible_Power,7094.4,MW
2050-02-08 13:00:00,XY,Inflexible_Power,6278.4,MW
2050-02-09 14:00:00,XY,Inflexible_Power,6523.599999999999,MW
2050-02-10 15:00:00,XY,Inflexible_Power,6693.6,MW
2050-02-11 16:00:00,XY,Inflexible_Power,6995.599999999999,MW
2050-02-12 17:00:00,XY,Inflexible_Power,7365.6,MW
2050-02-13 18:00:00,XY,Inflexible_Power,7714.4,MW
2050-02-14 19:00:00,XY,Inflexible_Power,7543.6,MW
2050-02-15 20:00:00,XY,Inflexible_Power,7193.2,MW
2050-02-16 21:00:00,XY,Inflexible_Power,6998.0,MW
2050-02-17 22:00:00,XY,Inflexible_Power,7097.2,MW
2050-02-18 23:00:00,XY,Inflexible_Power,6768.0,MW
2050-02-20 00:00:00,XY,Inflexible_Power,6004.4,MW
2050-02-21 01:00:00,XY,Inflexible_Power,5639.599999999999,MW
2050-02-22 02:00:00,XY,Inflexible_Power,5280.8,MW
2050-02-23 03:00:00,XY,Inflexible_Power,5218.0,MW
2050-02-24 04:00:00,XY,Inflexible_Power,5496.8,MW
2050-02-25 05:00:00,XY,Inflexible_Power,5765.2,MW
2050-02-26 06:00:00,XY,Inflexible_Power,6319.2,MW
2050-02-27 07:00:00,XY,Inflexible_Power,6830.4,MW
2050-02-28 08:00:00,XY,Inflexible_Power,7294.0,MW
2050-03-01 09:00:00,XY,Inflexible_Power,8474.4,MW
2050-03-02 10:00:00,XY,Inflexible_Power,8627.2,MW
2050-03-03 11:00:00,XY,Inflexible_Power,9013.6,MW
2050-03-04 12:00:00,XY,Inflexible_Power,8553.6,MW
2050-03-05 13:00:00,XY,Inflexible_Power,8595.2,MW
2050-03-06 14:00:00,XY,Inflexible_Power,9124.8,MW
2050-03-07 15:00:00,XY,Inflexible_Power,9261.2,MW
2050-03-08 16:00:00,XY,Inflexible_Power,8722.0,MW
2050-03-09 17:00:00,XY,Inflexible_Power,8697.6,MW
2050-03-10 18:00:00,XY,Inflexible_Power,9418.0,MW
2050-03-11 19:00:00,XY,Inflexible_Power,9345.6,MW
2050-03-12 20:00:00,XY,Inflexible_Power,8963.6,MW
2050-03-13 21:00:00,XY,Inflexible_Power,8707.6,MW
2050-03-14 22:00:00,XY,Inflexible_Power,8473.2,MW
2050-03-15 23:00:00,XY,Inflexible_Power,7273.6,MW
2050-03-17 00:00:00,XY,Inflexible_Power,6980.0,MW
2050-03-18 01:00:00,XY,Inflexible_Power,6762.0,MW
2050-03-19 02:00:00,XY,Inflexible_Power,6774.0,MW
2050-03-20 03:00:00,XY,Inflexible_Power,6527.199999999999,MW
2050-03-21 04:00:00,XY,Inflexible_Power,6630.4,MW
2050-03-22 05:00:00,XY,Inflexible_Power,6755.200000000001,MW
2050-03-23 06:00:00,XY,Inflexible_Power,7162.0,MW
2050-03-24 07:00:00,XY,Inflexible_Power,7931.2,MW
2050-03-25 08:00:00,XY,Inflexible_Power,8664.0,MW
2050-03-26 09:00:00,XY,Inflexible_Power,9189.6,MW
2050-03-27 10:00:00,XY,Inflexible_Power,9156.0,MW
2050-03-28 11:00:00,XY,Inflexible_Power,9289.6,MW
2050-03-29 12:00:00,XY,Inflexible_Power,7824.4,MW
2050-03-30 13:00:00,XY,Inflexible_Power,7900.0,MW
2050-03-31 14:00:00,XY,Inflexible_Power,9124.8,MW
2050-04-01 15:00:00,XY,Inflexible_Power,11254.4,MW
2050-04-02 16:00:00,XY,Inflexible_Power,10930.399999999998,MW
2050-04-03 17:00:00,XY,Inflexible_Power,10817.6,MW
2050-04-04 18:00:00,XY,Inflexible_Power,10569.6,MW
2050-04-05 19:00:00,XY,Inflexible_Power,10066.8,MW
2050-04-06 20:00:00,XY,Inflexible_Power,9775.2,MW
2050-04-07 21:00:00,XY,Inflexible_Power,10747.199999999999,MW
2050-04-08 22:00:00,XY,Inflexible_Power,9952.4,MW
2050-04-09 23:00:00,XY,Inflexible_Power,9294.0,MW
2050-04-11 00:00:00,XY,Inflexible_Power,8660.8,MW
2050-04-12 01:00:00,XY,Inflexible_Power,8830.8,MW
2050-04-13 02:00:00,XY,Inflexible_Power,8614.8,MW
2050-04-14 03:00:00,XY,Inflexible_Power,8254.8,MW
2050-04-15 04:00:00,XY,Inflexible_Power,8220.4,MW
2050-04-16 05:00:00,XY,Inflexible_Power,8567.2,MW
2050-04-17 06:00:00,XY,Inflexible_Power,8691.6,MW
2050-04-18 07:00:00,XY,Inflexible_Power,8866.0,MW
2050-04-19 08:00:00,XY,Inflexible_Power,9352.0,MW
2050-04-20 09:00:00,XY,Inflexible_Power,9909.2,MW
2050-04-21 10:00:00,XY,Inflexible_Power,10120.8,MW
2050-04-22 11:00:00,XY,Inflexible_Power,10812.0,MW
2050-04-23 12:00:00,XY,Inflexible_Power,9840.4,MW
2050-04-24 13:00:00,XY,Inflexible_Power,10340.4,MW
2050-04-25 14:00:00,XY,Inflexible_Power,10794.0,MW
2050-04-26 15:00:00,XY,Inflexible_Power,10173.6,MW
2050-04-27 16:00:00,XY,Inflexible_Power,10186.0,MW
2050-04-28 17:00:00,XY,Inflexible_Power,10818.4,MW
2050-04-29 18:00:00,XY,Inflexible_Power,10451.2,MW
2050-04-30 19:00:00,XY,Inflexible_Power,10066.8,MW
2050-05-01 20:00:00,XY,Inflexible_Power,9993.2,MW
2050-05-02 21:00:00,XY,Inflexible_Power,10793.2,MW
2050-05-03 22:00:00,XY,Inflexible_Power,9757.2,MW
2050-05-04 23:00:00,XY,Inflexible_Power,9403.2,MW
2050-05-06 00:00:00,XY,Inflexible_Power,8919.6,MW
2050-05-07 01:00:00,XY,Inflexible_Power,8600.0,MW
2050-05-08 02:00:00,XY,Inflexible_Power,8398.8,MW
2050-05-09 03:00:00,XY,Inflexible_Power,8321.2,MW
2050-05-10 04:00:00,XY,Inflexible_Power,8430.0,MW
2050-05-11 05:00:00,XY,Inflexible_Power,8463.2,MW
2050-05-12 06:00:00,XY,Inflexible_Power,8706.4,MW
2050-05-13 07:00:00,XY,Inflexible_Power,9466.8,MW
2050-05-14 08:00:00,XY,Inflexible_Power,10418.0,MW
2050-05-15 09:00:00,XY,Inflexible_Power,11010.0,MW
2050-05-16 10:00:00,XY,Inflexible_Power,11261.6,MW
2050-05-17 11:00:00,XY,Inflexible_Power,10165.2,MW
2050-05-18 12:00:00,XY,Inflexible_Power,9762.8,MW
2050-05-19 13:00:00,XY,Inflexible_Power,10656.0,MW
2050-05-20 14:00:00,XY,Inflexible_Power,11242.8,MW
2050-05-21 15:00:00,XY,Inflexible_Power,11688.4,MW
2050-05-22 16:00:00,XY,Inflexible_Power,11493.6,MW
2050-05-23 17:00:00,XY,Inflexible_Power,10823.599999999999,MW
2050-05-24 18:00:00,XY,Inflexible_Power,9769.6,MW
2050-05-25 19:00:00,XY,Inflexible_Power,10066.8,MW
2050-05-26 20:00:00,XY,Inflexible_Power,10488.0,MW
2050-05-27 21:00:00,XY,Inflexible_Power,10379.2,MW
2050-05-28 22:00:00,XY,Inflexible_Power,10444.0,MW
2050-05-29 23:00:00,XY,Inflexible_Power,9567.6,MW
2050-05-31 00:00:00,XY,Inflexible_Power,9048.8,MW
2050-06-01 01:00:00,XY,Inflexible_Power,9420.0,MW
2050-06-02 02:00:00,XY,Inflexible_Power,9094.8,MW
2050-06-03 03:00:00,XY,Inflexible_Power,8881.2,MW
2050-06-04 04:00:00,XY,Inflexible_Power,8818.0,MW
2050-06-05 05:00:00,XY,Inflexible_Power,8880.4,MW
2050-06-06 06:00:00,XY,Inflexible_Power,9088.8,MW
2050-06-07 07:00:00,XY,Inflexible_Power,11757.2,MW
2050-06-08 08:00:00,XY,Inflexible_Power,8771.6,MW
2050-06-09 09:00:00,XY,Inflexible_Power,9492.4,MW
2050-06-10 10:00:00,XY,Inflexible_Power,11398.0,MW
2050-06-11 11:00:00,XY,Inflexible_Power,11638.800000000001,MW
2050-06-12 12:00:00,XY,Inflexible_Power,11377.2,MW
2050-06-13 13:00:00,XY,Inflexible_Power,11151.6,MW
2050-06-14 14:00:00,XY,Inflexible_Power,11555.6,MW
2050-06-15 15:00:00,XY,Inflexible_Power,10794.0,MW
2050-06-16 16:00:00,XY,Inflexible_Power,10544.8,MW
2050-06-17 17:00:00,XY,Inflexible_Power,11771.2,MW
2050-06-18 18:00:00,XY,Inflexible_Power,10838.4,MW
2050-06-19 19:00:00,XY,Inflexible_Power,10419.6,MW
2050-06-20 20:00:00,XY,Inflexible_Power,10794.4,MW
2050-06-21 21:00:00,XY,Inflexible_Power,10916.8,MW
2050-06-22 22:00:00,XY,Inflexible_Power,10456.8,MW
2050-06-23 23:00:00,XY,Inflexible_Power,10346.399999999998,MW
2050-06-25 00:00:00,XY,Inflexible_Power,10404.4,MW
2050-06-26 01:00:00,XY,Inflexible_Power,9543.6,MW
2050-06-27 02:00:00,XY,Inflexible_Power,9315.2,MW
2050-06-28 03:00:00,XY,Inflexible_Power,9002.8,MW
2050-06-29 04:00:00,XY,Inflexible_Power,9002.8,MW
2050-06-30 05:00:00,XY,Inflexible_Power,8895.6,MW
2050-07-01 06:00:00,XY,Inflexible_Power,8880.4,MW
2050-07-02 07:00:00,XY,Inflexible_Power,8890.0,MW
2050-07-03 08:00:00,XY,Inflexible_Power,9030.4,MW
2050-07-04 09:00:00,XY,Inflexible_Power,10276.8,MW
2050-07-05 10:00:00,XY,Inflexible_Power,10792.0,MW
2050-07-06 11:00:00,XY,Inflexible_Power,10120.8,MW
2050-07-07 12:00:00,XY,Inflexible_Power,10010.0,MW
2050-07-08 13:00:00,XY,Inflexible_Power,10455.6,MW
2050-07-09 14:00:00,XY,Inflexible_Power,11452.0,MW
2050-07-10 15:00:00,XY,Inflexible_Power,11398.0,MW
2050-07-11 16:00:00,XY,Inflexible_Power,11274.4,MW
2050-07-12 17:00:00,XY,Inflexible_Power,11148.400000000001,MW
2050-07-13 18:00:00,XY,Inflexible_Power,9616.0,MW
2050-07-14 19:00:00,XY,Inflexible_Power,9335.6,MW
2050-07-15 20:00:00,XY,Inflexible_Power,10299.6,MW
2050-07-16 21:00:00,XY,Inflexible_Power,10209.199999999999,MW
2050-07-17 22:00:00,XY,Inflexible_Power,10442.0,MW
2050-07-18 23:00:00,XY,Inflexible_Power,10780.4,MW
2050-07-20 00:00:00,XY,Inflexible_Power,9682.0,MW
2050-07-21 01:00:00,XY,Inflexible_Power,9420.0,MW
2050-07-22 02:00:00,XY,Inflexible_Power,8919.6,MW
2050-07-23 03:00:00,XY,Inflexible_Power,8614.8,MW
2050-07-24 04:00:00,XY,Inflexible_Power,8476.4,MW
2050-07-25 05:00:00,XY,Inflexible_Power,8852.8,MW
2050-07-26 06:00:00,XY,Inflexible_Power,8446.4,MW
2050-07-27 07:00:00,XY,Inflexible_Power,8536.4,MW
2050-07-28 08:00:00,XY,Inflexible_Power,8555.6,MW
2050-07-29 09:00:00,XY,Inflexible_Power,10527.2,MW
2050-07-30 10:00:00,XY,Inflexible_Power,10910.4,MW
2050-07-31 11:00:00,XY,Inflexible_Power,11127.2,MW
2050-08-01 12:00:00,XY,Inflexible_Power,11012.399999999998,MW
2050-08-02 13:00:00,XY,Inflexible_Power,10429.6,MW
2050-08-03 14:00:00,XY,Inflexible_Power,9492.4,MW
2050-08-04 15:00:00,XY,Inflexible_Power,9754.0,MW
2050-08-05 16:00:00,XY,Inflexible_Power,11412.8,MW
2050-08-06 17:00:00,XY,Inflexible_Power,11318.400000000001,MW
2050-08-07 18:00:00,XY,Inflexible_Power,10818.4,MW
2050-08-08 19:00:00,XY,Inflexible_Power,10491.2,MW
2050-08-09 20:00:00,XY,Inflexible_Power,11007.2,MW
2050-08-10 21:00:00,XY,Inflexible_Power,9559.2,MW
2050-08-11 22:00:00,XY,Inflexible_Power,9697.6,MW
2050-08-12 23:00:00,XY,Inflexible_Power,10191.2,MW
2050-08-14 00:00:00,XY,Inflexible_Power,9901.199999999999,MW
2050-08-15 01:00:00,XY,Inflexible_Power,9187.2,MW
2050-08-16 02:00:00,XY,Inflexible_Power,9230.4,MW
2050-08-17 03:00:00,XY,Inflexible_Power,8321.2,MW
2050-08-18 04:00:00,XY,Inflexible_Power,8166.0,MW
2050-08-19 05:00:00,XY,Inflexible_Power,8507.6,MW
2050-08-20 06:00:00,XY,Inflexible_Power,8624.8,MW
2050-08-21 07:00:00,XY,Inflexible_Power,8830.0,MW
2050-08-22 08:00:00,XY,Inflexible_Power,9585.199999999999,MW
2050-08-23 09:00:00,XY,Inflexible_Power,10392.0,MW
2050-08-24 10:00:00,XY,Inflexible_Power,9475.2,MW
2050-08-25 11:00:00,XY,Inflexible_Power,9888.0,MW
2050-08-26 12:00:00,XY,Inflexible_Power,11167.600000000002,MW
2050-08-27 13:00:00,XY,Inflexible_Power,10429.6,MW
2050-08-28 14:00:00,XY,Inflexible_Power,11498.8,MW
2050-08-29 15:00:00,XY,Inflexible_Power,11460.8,MW
2050-08-30 16:00:00,XY,Inflexible_Power,11412.8,MW
2050-08-31 17:00:00,XY,Inflexible_Power,9706.0,MW
2050-09-01 18:00:00,XY,Inflexible_Power,9523.6,MW
2050-09-02 19:00:00,XY,Inflexible_Power,10764.8,MW
2050-09-03 20:00:00,XY,Inflexible_Power,9773.2,MW
2050-09-04 21:00:00,XY,Inflexible_Power,9636.800000000001,MW
2050-09-05 22:00:00,XY,Inflexible_Power,10085.6,MW
2050-09-06 23:00:00,XY,Inflexible_Power,9986.8,MW
2050-09-08 00:00:00,XY,Inflexible_Power,9061.2,MW
2050-09-09 01:00:00,XY,Inflexible_Power,8459.6,MW
2050-09-10 02:00:00,XY,Inflexible_Power,8243.6,MW
2050-09-11 03:00:00,XY,Inflexible_Power,8042.4,MW
2050-09-12 04:00:00,XY,Inflexible_Power,7950.0,MW
2050-09-13 05:00:00,XY,Inflexible_Power,8430.0,MW
2050-09-14 06:00:00,XY,Inflexible_Power,8230.4,MW
2050-09-15 07:00:00,XY,Inflexible_Power,8257.6,MW
2050-09-16 08:00:00,XY,Inflexible_Power,9093.6,MW
2050-09-17 09:00:00,XY,Inflexible_Power,9863.6,MW
2050-09-18 10:00:00,XY,Inflexible_Power,10498.4,MW
2050-09-19 11:00:00,XY,Inflexible_Power,11069.599999999999,MW
2050-09-20 12:00:00,XY,Inflexible_Power,10538.4,MW
2050-09-21 13:00:00,XY,Inflexible_Power,9328.8,MW
2050-09-22 14:00:00,XY,Inflexible_Power,9616.0,MW
2050-09-23 15:00:00,XY,Inflexible_Power,11145.2,MW
2050-09-24 16:00:00,XY,Inflexible_Power,10881.2,MW
2050-09-25 17:00:00,XY,Inflexible_Power,10852.8,MW
2050-09-26 18:00:00,XY,Inflexible_Power,10498.8,MW
2050-09-27 19:00:00,XY,Inflexible_Power,10646.4,MW
2050-09-28 20:00:00,XY,Inflexible_Power,9773.2,MW
2050-09-29 21:00:00,XY,Inflexible_Power,9636.800000000001,MW
2050-09-30 22:00:00,XY,Inflexible_Power,10453.6,MW
2050-10-01 23:00:00,XY,Inflexible_Power,9618.8,MW
2050-10-03 00:00:00,XY,Inflexible_Power,7787.6,MW
2050-10-04 01:00:00,XY,Inflexible_Power,7335.2,MW
2050-10-05 02:00:00,XY,Inflexible_Power,7043.2,MW
2050-10-06 03:00:00,XY,Inflexible_Power,6932.0,MW
2050-10-07 04:00:00,XY,Inflexible_Power,6760.0,MW
2050-10-08 05:00:00,XY,Inflexible_Power,6806.0,MW
2050-10-09 06:00:00,XY,Inflexible_Power,7019.6,MW
2050-10-10 07:00:00,XY,Inflexible_Power,7883.6,MW
2050-10-11 08:00:00,XY,Inflexible_Power,7764.799999999999,MW
2050-10-12 09:00:00,XY,Inflexible_Power,7900.4,MW
2050-10-13 10:00:00,XY,Inflexible_Power,8319.2,MW
2050-10-14 11:00:00,XY,Inflexible_Power,9570.0,MW
2050-10-15 12:00:00,XY,Inflexible_Power,9556.0,MW
2050-10-16 13:00:00,XY,Inflexible_Power,8416.0,MW
2050-10-17 14:00:00,XY,Inflexible_Power,8663.6,MW
2050-10-18 15:00:00,XY,Inflexible_Power,9280.0,MW
2050-10-19 16:00:00,XY,Inflexible_Power,8514.4,MW
2050-10-20 17:00:00,XY,Inflexible_Power,8644.4,MW
2050-10-21 18:00:00,XY,Inflexible_Power,9638.4,MW
2050-10-22 19:00:00,XY,Inflexible_Power,9932.0,MW
2050-10-23 20:00:00,XY,Inflexible_Power,9018.4,MW
2050-10-24 21:00:00,XY,Inflexible_Power,8730.8,MW
2050-10-25 22:00:00,XY,Inflexible_Power,8937.6,MW
2050-10-26 23:00:00,XY,Inflexible_Power,7844.0,MW
2050-10-28 00:00:00,XY,Inflexible_Power,7460.4,MW
2050-10-29 01:00:00,XY,Inflexible_Power,7301.599999999999,MW
2050-10-30 02:00:00,XY,Inflexible_Power,6965.6,MW
2050-10-31 03:00:00,XY,Inflexible_Power,7021.6,MW
2050-11-01 04:00:00,XY,Inflexible_Power,6760.0,MW
2050-11-02 05:00:00,XY,Inflexible_Power,6556.4,MW
2050-11-03 06:00:00,XY,Inflexible_Power,6755.200000000001,MW
2050-11-04 07:00:00,XY,Inflexible_Power,7426.4,MW
2050-11-05 08:00:00,XY,Inflexible_Power,7850.8,MW
2050-11-06 09:00:00,XY,Inflexible_Power,8828.8,MW
2050-11-07 10:00:00,XY,Inflexible_Power,9066.0,MW
2050-11-08 11:00:00,XY,Inflexible_Power,9514.8,MW
2050-11-09 12:00:00,XY,Inflexible_Power,8220.8,MW
2050-11-10 13:00:00,XY,Inflexible_Power,7591.6,MW
2050-11-11 14:00:00,XY,Inflexible_Power,8571.2,MW
2050-11-12 15:00:00,XY,Inflexible_Power,9015.6,MW
2050-11-13 16:00:00,XY,Inflexible_Power,9166.8,MW
2050-11-14 17:00:00,XY,Inflexible_Power,9603.2,MW
2050-11-15 18:00:00,XY,Inflexible_Power,9997.2,MW
2050-11-16 19:00:00,XY,Inflexible_Power,9078.0,MW
2050-11-17 20:00:00,XY,Inflexible_Power,8366.0,MW
2050-11-18 21:00:00,XY,Inflexible_Power,8949.2,MW
2050-11-19 22:00:00,XY,Inflexible_Power,8412.0,MW
2050-11-20 23:00:00,XY,Inflexible_Power,8047.6,MW
2050-11-22 00:00:00,XY,Inflexible_Power,7609.6,MW
2050-11-23 01:00:00,XY,Inflexible_Power,6980.0,MW
2050-11-24 02:00:00,XY,Inflexible_Power,6684.4,MW
2050-11-25 03:00:00,XY,Inflexible_Power,6734.4,MW
2050-11-26 04:00:00,XY,Inflexible_Power,6763.6,MW
2050-11-27 05:00:00,XY,Inflexible_Power,6539.6,MW
2050-11-28 06:00:00,XY,Inflexible_Power,6832.799999999999,MW
2050-11-29 07:00:00,XY,Inflexible_Power,7426.4,MW
2050-11-30 08:00:00,XY,Inflexible_Power,7175.2,MW
2050-12-01 09:00:00,XY,Inflexible_Power,7713.6,MW
2050-12-02 10:00:00,XY,Inflexible_Power,9209.6,MW
2050-12-03 11:00:00,XY,Inflexible_Power,9385.6,MW
2050-12-04 12:00:00,XY,Inflexible_Power,8936.0,MW
2050-12-05 13:00:00,XY,Inflexible_Power,8151.6,MW
2050-12-06 14:00:00,XY,Inflexible_Power,8227.2,MW
2050-12-07 15:00:00,XY,Inflexible_Power,7941.6,MW
2050-12-08 16:00:00,XY,Inflexible_Power,8187.2,MW
2050-12-09 17:00:00,XY,Inflexible_Power,9800.0,MW
2050-12-10 18:00:00,XY,Inflexible_Power,9715.2,MW
2050-12-11 19:00:00,XY,Inflexible_Power,10053.6,MW
2050-12-12 20:00:00,XY,Inflexible_Power,9096.0,MW
2050-12-13 21:00:00,XY,Inflexible_Power,8575.6,MW
2050-12-14 22:00:00,XY,Inflexible_Power,7914.8,MW
2050-12-15 23:00:00,XY,Inflexible_Power,7424.4,MW
2050-12-17 00:00:00,XY,Inflexible_Power,7288.400000000001,MW
2050-12-18 01:00:00,XY,Inflexible_Power,6850.4,MW
2050-12-19 02:00:00,XY,Inflexible_Power,6613.2,MW
2050-12-20 03:00:00,XY,Inflexible_Power,6418.0,MW
2050-12-21 04:00:00,XY,Inflexible_Power,6355.2,MW
2050-12-22 05:00:00,XY,Inflexible_Power,6447.199999999999,MW
2050-12-23 06:00:00,XY,Inflexible_Power,7040.0,MW
2050-12-24 07:00:00,XY,Inflexible_Power,7437.599999999999,MW
2050-12-25 08:00:00,XY,Inflexible_Power,7750.0,MW
2050-12-26 09:00:00,XY,Inflexible_Power,8475.2,MW
2050-12-27 10:00:00,XY,Inflexible_Power,8971.6,MW
2050-12-28 11:00:00,XY,Inflexible_Power,8348.4,MW
2050-12-29 12:00:00,XY,Inflexible_Power,8283.6,MW
2050-12-30 13:00:00,XY,Inflexible_Power,8151.6,MW
2050-12-31 14:00:00,XY,Inflexible_Power,8503.2,MW
2051-01-01 15:00:00,XY,Inflexible_Power,8843.6,MW
2050-01-01 00:00:00,XY,Flexible_Industry_Heat,11444.240197009083,MW
2050-01-02 01:00:00,XY,Flexible_Industry_Heat,10092.275506569515,MW
2050-01-03 02:00:00,XY,Flexible_Industry_Heat,9784.460616345355,MW
2050-01-04 03:00:00,XY,Flexible_Industry_Heat,9526.31496924043,MW
2050-01-05 04:00:00,XY,Flexible_Industry_Heat,10576.18448486091,MW
2050-01-06 05:00:00,XY,Flexible_Industry_Heat,11214.203608768072,MW
2050-01-07 06:00:00,XY,Flexible_Industry_Heat,9303.714997488247,MW
2050-01-08 07:00:00,XY,Flexible_Industry_Heat,11572.161031569254,MW
2050-01-09 08:00:00,XY,Flexible_Industry_Heat,11710.3050893784,MW
2050-01-10 09:00:00,XY,Flexible_Industry_Heat,11703.7050893784,MW
2050-01-11 10:00:00,XY,Flexible_Industry_Heat,11683.9050893784,MW
2050-01-12 11:00:00,XY,Flexible_Industry_Heat,11631.1050893784,MW
2050-01-13 12:00:00,XY,Flexible_Industry_Heat,11644.3050893784,MW
2050-01-14 13:00:00,XY,Flexible_Industry_Heat,11703.7050893784,MW
2050-01-15 14:00:00,XY,Flexible_Industry_Heat,11716.9050893784,MW
2050-01-16 15:00:00,XY,Flexible_Industry_Heat,11743.3050893784,MW
2050-01-17 16:00:00,XY,Flexible_Industry_Heat,11573.112148494936,MW
2050-01-18 17:00:00,XY,Flexible_Industry_Heat,10683.10508937875,MW
2050-01-19 18:00:00,XY,Flexible_Industry_Heat,10139.871851875554,MW
2050-01-20 19:00:00,XY,Flexible_Industry_Heat,8645.2000000019,MW
2050-01-21 20:00:00,XY,Flexible_Industry_Heat,8810.4000000019,MW
2050-01-22 21:00:00,XY,Flexible_Industry_Heat,9053.6000000019,MW
2050-01-23 22:00:00,XY,Flexible_Industry_Heat,9918.10317777904,MW
2050-01-24 23:00:00,XY,Flexible_Industry_Heat,9778.936970469042,MW
2050-01-26 00:00:00,XY,Flexible_Industry_Heat,10426.405089376749,MW
2050-01-27 01:00:00,XY,Flexible_Industry_Heat,9106.009909212424,MW
2050-01-28 02:00:00,XY,Flexible_Industry_Heat,9170.501906733622,MW
2050-01-29 03:00:00,XY,Flexible_Industry_Heat,10093.705089376748,MW
2050-01-30 04:00:00,XY,Flexible_Industry_Heat,10537.305089376749,MW
2050-01-31 05:00:00,XY,Flexible_Industry_Heat,10426.405089376749,MW
2050-02-01 06:00:00,XY,Flexible_Industry_Heat,10315.505089376747,MW
2050-02-02 07:00:00,XY,Flexible_Industry_Heat,10777.90508937875,MW
2050-02-03 08:00:00,XY,Flexible_Industry_Heat,11183.52877358875,MW
2050-02-04 09:00:00,XY,Flexible_Industry_Heat,10953.30508937875,MW
2050-02-05 10:00:00,XY,Flexible_Industry_Heat,10953.30508937875,MW
2050-02-06 11:00:00,XY,Flexible_Industry_Heat,11743.3050893784,MW
2050-02-07 12:00:00,XY,Flexible_Industry_Heat,11736.7050893784,MW
2050-02-08 13:00:00,XY,Flexible_Industry_Heat,11568.30879927855,MW
2050-02-09 14:00:00,XY,Flexible_Industry_Heat,11567.9050893784,MW
2050-02-10 15:00:00,XY,Flexible_Industry_Heat,11743.3050893784,MW
2050-02-11 16:00:00,XY,Flexible_Industry_Heat,10953.30508937875,MW
2050-02-12 17:00:00,XY,Flexible_Industry_Heat,11277.94982621875,MW
2050-02-13 18:00:00,XY,Flexible_Industry_Heat,10035.81522332848,MW
2050-02-14 19:00:00,XY,Flexible_Industry_Heat,8645.2000000019,MW
2050-02-15 20:00:00,XY,Flexible_Industry_Heat,9674.232646347462,MW
2050-02-16 21:00:00,XY,Flexible_Industry_Heat,9902.590326427564,MW
2050-02-17 22:00:00,XY,Flexible_Industry_Heat,10266.188723132906,MW
2050-02-18 23:00:00,XY,Flexible_Industry_Heat,10826.05173495389,MW
2050-02-20 00:00:00,XY,Flexible_Industry_Heat,11106.10508937875,MW
2050-02-21 01:00:00,XY,Flexible_Industry_Heat,10537.305089376749,MW
2050-02-22 02:00:00,XY,Flexible_Industry_Heat,9539.205089376748,MW
2050-02-23 03:00:00,XY,Flexible_Industry_Heat,8873.805089376749,MW
2050-02-24 04:00:00,XY,Flexible_Industry_Heat,9206.505089376747,MW
2050-02-25 05:00:00,XY,Flexible_Industry_Heat,10315.505089376747,MW
2050-02-26 06:00:00,XY,Flexible_Industry_Heat,10123.248952808503,MW
2050-02-27 07:00:00,XY,Flexible_Industry_Heat,11443.705089378549,MW
2050-02-28 08:00:00,XY,Flexible_Industry_Heat,11270.01561569375,MW
2050-03-01 09:00:00,XY,Flexible_Industry_Heat,11598.1050893784,MW
2050-03-02 10:00:00,XY,Flexible_Industry_Heat,11611.3050893784,MW
2050-03-03 11:00:00,XY,Flexible_Industry_Heat,11736.7050893784,MW
2050-03-04 12:00:00,XY,Flexible_Industry_Heat,11743.3050893784,MW
2050-03-05 13:00:00,XY,Flexible_Industry_Heat,11743.3050893784,MW
2050-03-06 14:00:00,XY,Flexible_Industry_Heat,11743.3050893784,MW
2050-03-07 15:00:00,XY,Flexible_Industry_Heat,11723.505089378401,MW
2050-03-08 16:00:00,XY,Flexible_Industry_Heat,11598.1050893784,MW
2050-03-09 17:00:00,XY,Flexible_Industry_Heat,11176.347346007873,MW
2050-03-10 18:00:00,XY,Flexible_Industry_Heat,9503.300000004998,MW
2050-03-11 19:00:00,XY,Flexible_Industry_Heat,9664.500000004999,MW
2050-03-12 20:00:00,XY,Flexible_Industry_Heat,9960.500000004997,MW
2050-03-13 21:00:00,XY,Flexible_Industry_Heat,10002.889252750028,MW
2050-03-14 22:00:00,XY,Flexible_Industry_Heat,8473.4000000019,MW
2050-03-15 23:00:00,XY,Flexible_Industry_Heat,10119.396401082962,MW
2050-03-17 00:00:00,XY,Flexible_Industry_Heat,10426.405089376749,MW
2050-03-18 01:00:00,XY,Flexible_Industry_Heat,9478.5799055943,MW
2050-03-19 02:00:00,XY,Flexible_Industry_Heat,8781.351395094694,MW
2050-03-20 03:00:00,XY,Flexible_Industry_Heat,8829.200362367703,MW
2050-03-21 04:00:00,XY,Flexible_Industry_Heat,9531.71458107015,MW
2050-03-22 05:00:00,XY,Flexible_Industry_Heat,9317.405089376749,MW
2050-03-23 06:00:00,XY,Flexible_Industry_Heat,10204.605089376748,MW
2050-03-24 07:00:00,XY,Flexible_Industry_Heat,10763.22871274866,MW
2050-03-25 08:00:00,XY,Flexible_Industry_Heat,10595.374275293547,MW
2050-03-26 09:00:00,XY,Flexible_Industry_Heat,11132.43666832475,MW
2050-03-27 10:00:00,XY,Flexible_Industry_Heat,10953.30508937875,MW
2050-03-28 11:00:00,XY,Flexible_Industry_Heat,11716.9050893784,MW
2050-03-29 12:00:00,XY,Flexible_Industry_Heat,11497.51923924155,MW
2050-03-30 13:00:00,XY,Flexible_Industry_Heat,11527.07445922355,MW
2050-03-31 14:00:00,XY,Flexible_Industry_Heat,11723.505089378401,MW
2050-04-01 15:00:00,XY,Flexible_Industry_Heat,10946.70508937875,MW
2050-04-02 16:00:00,XY,Flexible_Industry_Heat,10762.164611770684,MW
2050-04-03 17:00:00,XY,Flexible_Industry_Heat,9812.500000004997,MW
2050-04-04 18:00:00,XY,Flexible_Industry_Heat,9285.027605905007,MW
2050-04-05 19:00:00,XY,Flexible_Industry_Heat,7544.5000000049995,MW
2050-04-06 20:00:00,XY,Flexible_Industry_Heat,8275.843404528032,MW
2050-04-07 21:00:00,XY,Flexible_Industry_Heat,9422.700000005,MW
2050-04-08 22:00:00,XY,Flexible_Industry_Heat,9503.300000004998,MW
2050-04-09 23:00:00,XY,Flexible_Industry_Heat,8905.517084040583,MW
2050-04-11 00:00:00,XY,Flexible_Industry_Heat,9444.986090608725,MW
2050-04-12 01:00:00,XY,Flexible_Industry_Heat,7391.659532720633,MW
2050-04-13 02:00:00,XY,Flexible_Industry_Heat,5381.0000000019,MW
2050-04-14 03:00:00,XY,Flexible_Industry_Heat,5295.1000000019,MW
2050-04-15 04:00:00,XY,Flexible_Industry_Heat,5896.4000000019005,MW
2050-04-16 05:00:00,XY,Flexible_Industry_Heat,9504.657690779008,MW
2050-04-17 06:00:00,XY,Flexible_Industry_Heat,7356.700000001901,MW
2050-04-18 07:00:00,XY,Flexible_Industry_Heat,10759.12918235494,MW
2050-04-19 08:00:00,XY,Flexible_Industry_Heat,10537.305089376749,MW
2050-04-20 09:00:00,XY,Flexible_Industry_Heat,10683.10508937875,MW
2050-04-21 10:00:00,XY,Flexible_Industry_Heat,10926.90508937875,MW
2050-04-22 11:00:00,XY,Flexible_Industry_Heat,11411.730256465948,MW
2050-04-23 12:00:00,XY,Flexible_Industry_Heat,11743.3050893784,MW
2050-04-24 13:00:00,XY,Flexible_Industry_Heat,11743.3050893784,MW
2050-04-25 14:00:00,XY,Flexible_Industry_Heat,10993.051170949484,MW
2050-04-26 15:00:00,XY,Flexible_Industry_Heat,10537.305089376749,MW
2050-04-27 16:00:00,XY,Flexible_Industry_Heat,10683.10508937875,MW
2050-04-28 17:00:00,XY,Flexible_Industry_Heat,9342.100000004999,MW
2050-04-29 18:00:00,XY,Flexible_Industry_Heat,8559.3000000019,MW
2050-04-30 19:00:00,XY,Flexible_Industry_Heat,8889.700000001898,MW
2050-05-01 20:00:00,XY,Flexible_Industry_Heat,8731.1000000019,MW
2050-05-02 21:00:00,XY,Flexible_Industry_Heat,8301.600000001901,MW
2050-05-03 22:00:00,XY,Flexible_Industry_Heat,6583.600000001901,MW
2050-05-04 23:00:00,XY,Flexible_Industry_Heat,6841.3000000019,MW
2050-05-06 00:00:00,XY,Flexible_Industry_Heat,6841.3000000019,MW
2050-05-07 01:00:00,XY,Flexible_Industry_Heat,6583.600000001901,MW
2050-05-08 02:00:00,XY,Flexible_Industry_Heat,6411.8000000019,MW
2050-05-09 03:00:00,XY,Flexible_Industry_Heat,5810.500000001901,MW
2050-05-10 04:00:00,XY,Flexible_Industry_Heat,5209.200000001901,MW
2050-05-11 05:00:00,XY,Flexible_Industry_Heat,5724.600000001901,MW
2050-05-12 06:00:00,XY,Flexible_Industry_Heat,6755.4000000019005,MW
2050-05-13 07:00:00,XY,Flexible_Industry_Heat,8455.500000005,MW
2050-05-14 08:00:00,XY,Flexible_Industry_Heat,10975.672416535837,MW
2050-05-15 09:00:00,XY,Flexible_Industry_Heat,10953.30508937875,MW
2050-05-16 10:00:00,XY,Flexible_Industry_Heat,10913.70508937875,MW
2050-05-17 11:00:00,XY,Flexible_Industry_Heat,10284.549826217999,MW
2050-05-18 12:00:00,XY,Flexible_Industry_Heat,10505.034036739999,MW
2050-05-19 13:00:00,XY,Flexible_Industry_Heat,10920.30508937875,MW
2050-05-20 14:00:00,XY,Flexible_Industry_Heat,10933.50508937875,MW
2050-05-21 15:00:00,XY,Flexible_Industry_Heat,10342.74085648938,MW
2050-05-22 16:00:00,XY,Flexible_Industry_Heat,9991.792986918683,MW
2050-05-23 17:00:00,XY,Flexible_Industry_Heat,9180.900000005,MW
2050-05-24 18:00:00,XY,Flexible_Industry_Heat,6583.600000001901,MW
2050-05-25 19:00:00,XY,Flexible_Industry_Heat,6755.4000000019005,MW
2050-05-26 20:00:00,XY,Flexible_Industry_Heat,8301.600000001901,MW
2050-05-27 21:00:00,XY,Flexible_Industry_Heat,8473.4000000019,MW
2050-05-28 22:00:00,XY,Flexible_Industry_Heat,8810.4000000019,MW
2050-05-29 23:00:00,XY,Flexible_Industry_Heat,8043.9000000019005,MW
2050-05-31 00:00:00,XY,Flexible_Industry_Heat,6583.600000001901,MW
2050-06-01 01:00:00,XY,Flexible_Industry_Heat,5638.700000001901,MW
2050-06-02 02:00:00,XY,Flexible_Industry_Heat,5786.549943220337,MW
2050-06-03 03:00:00,XY,Flexible_Industry_Heat,7817.016564506343,MW
2050-06-04 04:00:00,XY,Flexible_Industry_Heat,7116.587124777178,MW
2050-06-05 05:00:00,XY,Flexible_Industry_Heat,6669.500000001901,MW
2050-06-06 06:00:00,XY,Flexible_Industry_Heat,9378.020167435425,MW
2050-06-07 07:00:00,XY,Flexible_Industry_Heat,10907.10508937875,MW
2050-06-08 08:00:00,XY,Flexible_Industry_Heat,10315.505089376747,MW
2050-06-09 09:00:00,XY,Flexible_Industry_Heat,10437.869805581426,MW
2050-06-10 10:00:00,XY,Flexible_Industry_Heat,9950.333387509474,MW
2050-06-11 11:00:00,XY,Flexible_Industry_Heat,10926.90508937875,MW
2050-06-12 12:00:00,XY,Flexible_Industry_Heat,11458.638398590543,MW
2050-06-13 13:00:00,XY,Flexible_Industry_Heat,11736.7050893784,MW
2050-06-14 14:00:00,XY,Flexible_Industry_Heat,11497.721337112758,MW
2050-06-15 15:00:00,XY,Flexible_Industry_Heat,10315.505089376747,MW
2050-06-16 16:00:00,XY,Flexible_Industry_Heat,10537.305089376749,MW
2050-06-17 17:00:00,XY,Flexible_Industry_Heat,9687.4522336564,MW
2050-06-18 18:00:00,XY,Flexible_Industry_Heat,9342.100000004999,MW
2050-06-19 19:00:00,XY,Flexible_Industry_Heat,9664.500000004999,MW
2050-06-20 20:00:00,XY,Flexible_Industry_Heat,8645.2000000019,MW
2050-06-21 21:00:00,XY,Flexible_Industry_Heat,8215.700000001902,MW
2050-06-22 22:00:00,XY,Flexible_Industry_Heat,6497.700000001901,MW
2050-06-23 23:00:00,XY,Flexible_Industry_Heat,6669.500000001901,MW
2050-06-25 00:00:00,XY,Flexible_Industry_Heat,7786.200000001901,MW
2050-06-26 01:00:00,XY,Flexible_Industry_Heat,7013.100000001901,MW
2050-06-27 02:00:00,XY,Flexible_Industry_Heat,6669.500000001901,MW
2050-06-28 03:00:00,XY,Flexible_Industry_Heat,5896.4000000019005,MW
2050-06-29 04:00:00,XY,Flexible_Industry_Heat,5381.0000000019,MW
2050-06-30 05:00:00,XY,Flexible_Industry_Heat,7955.448851265162,MW
2050-07-01 06:00:00,XY,Flexible_Industry_Heat,8577.034568135996,MW
2050-07-02 07:00:00,XY,Flexible_Industry_Heat,8527.817747415284,MW
2050-07-03 08:00:00,XY,Flexible_Industry_Heat,10725.189919335331,MW
2050-07-04 09:00:00,XY,Flexible_Industry_Heat,10906.937839475508,MW
2050-07-05 10:00:00,XY,Flexible_Industry_Heat,10907.10508937875,MW
2050-07-06 11:00:00,XY,Flexible_Industry_Heat,10315.505089376747,MW
2050-07-07 12:00:00,XY,Flexible_Industry_Heat,10537.305089376749,MW
2050-07-08 13:00:00,XY,Flexible_Industry_Heat,10913.70508937875,MW
2050-07-09 14:00:00,XY,Flexible_Industry_Heat,10926.90508937875,MW
2050-07-10 15:00:00,XY,Flexible_Industry_Heat,10953.30508937875,MW
2050-07-11 16:00:00,XY,Flexible_Industry_Heat,11268.955089377749,MW
2050-07-12 17:00:00,XY,Flexible_Industry_Heat,10907.10508937875,MW
2050-07-13 18:00:00,XY,Flexible_Industry_Heat,9972.73051732982,MW
2050-07-14 19:00:00,XY,Flexible_Industry_Heat,7626.69719908946,MW
2050-07-15 20:00:00,XY,Flexible_Industry_Heat,9180.900000005,MW
2050-07-16 21:00:00,XY,Flexible_Industry_Heat,9342.100000004999,MW
2050-07-17 22:00:00,XY,Flexible_Industry_Heat,9664.500000004999,MW
2050-07-18 23:00:00,XY,Flexible_Industry_Heat,9583.900000004998,MW
2050-07-20 00:00:00,XY,Flexible_Industry_Heat,8030.61641553844,MW
2050-07-21 01:00:00,XY,Flexible_Industry_Heat,6990.0000000049995,MW
2050-07-22 02:00:00,XY,Flexible_Industry_Heat,8400.006818630203,MW
2050-07-23 03:00:00,XY,Flexible_Industry_Heat,8768.07870005287,MW
2050-07-24 04:00:00,XY,Flexible_Industry_Heat,9506.178234544705,MW
2050-07-25 05:00:00,XY,Flexible_Industry_Heat,9595.14516104802,MW
2050-07-26 06:00:00,XY,Flexible_Industry_Heat,9180.172798633585,MW
2050-07-27 07:00:00,XY,Flexible_Industry_Heat,9522.502441920691,MW
2050-07-28 08:00:00,XY,Flexible_Industry_Heat,9940.598068845127,MW
2050-07-29 09:00:00,XY,Flexible_Industry_Heat,9939.323387745279,MW
2050-07-30 10:00:00,XY,Flexible_Industry_Heat,10805.250151785913,MW
2050-07-31 11:00:00,XY,Flexible_Industry_Heat,10953.30508937875,MW
2050-08-01 12:00:00,XY,Flexible_Industry_Heat,11736.7050893784,MW
2050-08-02 13:00:00,XY,Flexible_Industry_Heat,11697.105089378401,MW
2050-08-03 14:00:00,XY,Flexible_Industry_Heat,10522.061147013914,MW
2050-08-04 15:00:00,XY,Flexible_Industry_Heat,10537.305089376749,MW
2050-08-05 16:00:00,XY,Flexible_Industry_Heat,10429.628824688887,MW
2050-08-06 17:00:00,XY,Flexible_Industry_Heat,10215.498851513421,MW
2050-08-07 18:00:00,XY,Flexible_Industry_Heat,9999.256272154082,MW
2050-08-08 19:00:00,XY,Flexible_Industry_Heat,9583.900000004998,MW
2050-08-09 20:00:00,XY,Flexible_Industry_Heat,9100.300000005001,MW
2050-08-10 21:00:00,XY,Flexible_Industry_Heat,7322.700000005,MW
2050-08-11 22:00:00,XY,Flexible_Industry_Heat,7544.5000000049995,MW
2050-08-12 23:00:00,XY,Flexible_Industry_Heat,9180.900000005,MW
2050-08-14 00:00:00,XY,Flexible_Industry_Heat,8514.263115457352,MW
2050-08-15 01:00:00,XY,Flexible_Industry_Heat,8902.4188303376,MW
2050-08-16 02:00:00,XY,Flexible_Industry_Heat,9299.64968296323,MW
2050-08-17 03:00:00,XY,Flexible_Industry_Heat,8911.309200678006,MW
2050-08-18 04:00:00,XY,Flexible_Industry_Heat,8315.147767986433,MW
2050-08-19 05:00:00,XY,Flexible_Industry_Heat,8040.223039007797,MW
2050-08-20 06:00:00,XY,Flexible_Industry_Heat,6154.100000001901,MW
2050-08-21 07:00:00,XY,Flexible_Industry_Heat,9904.252560251814,MW
2050-08-22 08:00:00,XY,Flexible_Industry_Heat,10533.98969631317,MW
2050-08-23 09:00:00,XY,Flexible_Industry_Heat,10792.617397099933,MW
2050-08-24 10:00:00,XY,Flexible_Industry_Heat,10315.505089376747,MW
2050-08-25 11:00:00,XY,Flexible_Industry_Heat,10537.305089376749,MW
2050-08-26 12:00:00,XY,Flexible_Industry_Heat,11703.7050893784,MW
2050-08-27 13:00:00,XY,Flexible_Industry_Heat,11716.9050893784,MW
2050-08-28 14:00:00,XY,Flexible_Industry_Heat,11743.3050893784,MW
2050-08-29 15:00:00,XY,Flexible_Industry_Heat,10946.70508937875,MW
2050-08-30 16:00:00,XY,Flexible_Industry_Heat,10791.44623733781,MW
2050-08-31 17:00:00,XY,Flexible_Industry_Heat,10315.505089376747,MW
2050-09-01 18:00:00,XY,Flexible_Industry_Heat,9843.202831665523,MW
2050-09-02 19:00:00,XY,Flexible_Industry_Heat,9180.900000005,MW
2050-09-03 20:00:00,XY,Flexible_Industry_Heat,9312.499246606849,MW
2050-09-04 21:00:00,XY,Flexible_Industry_Heat,8964.500000001999,MW
2050-09-05 22:00:00,XY,Flexible_Industry_Heat,9109.888762729683,MW
2050-09-06 23:00:00,XY,Flexible_Industry_Heat,9100.300000005001,MW
2050-09-08 00:00:00,XY,Flexible_Industry_Heat,7322.700000005,MW
2050-09-09 01:00:00,XY,Flexible_Industry_Heat,6325.9000000019005,MW
2050-09-10 02:00:00,XY,Flexible_Industry_Heat,7268.201978613798,MW
2050-09-11 03:00:00,XY,Flexible_Industry_Heat,8821.424587014742,MW
2050-09-12 04:00:00,XY,Flexible_Industry_Heat,9429.236148671536,MW
2050-09-13 05:00:00,XY,Flexible_Industry_Heat,8355.155382226956,MW
2050-09-14 06:00:00,XY,Flexible_Industry_Heat,8762.883981550654,MW
2050-09-15 07:00:00,XY,Flexible_Industry_Heat,9466.512240617529,MW
2050-09-16 08:00:00,XY,Flexible_Industry_Heat,9867.643803748646,MW
2050-09-17 09:00:00,XY,Flexible_Industry_Heat,10051.148864660625,MW
2050-09-18 10:00:00,XY,Flexible_Industry_Heat,10946.70508937875,MW
2050-09-19 11:00:00,XY,Flexible_Industry_Heat,10940.105089378749,MW
2050-09-20 12:00:00,XY,Flexible_Industry_Heat,10907.10508937875,MW
2050-09-21 13:00:00,XY,Flexible_Industry_Heat,10740.403136954288,MW
2050-09-22 14:00:00,XY,Flexible_Industry_Heat,10537.305089376749,MW
2050-09-23 15:00:00,XY,Flexible_Industry_Heat,9573.643116243038,MW
2050-09-24 16:00:00,XY,Flexible_Industry_Heat,10504.395765551348,MW
2050-09-25 17:00:00,XY,Flexible_Industry_Heat,10246.836741343173,MW
2050-09-26 18:00:00,XY,Flexible_Industry_Heat,9583.900000004998,MW
2050-09-27 19:00:00,XY,Flexible_Industry_Heat,8129.8000000019,MW
2050-09-28 20:00:00,XY,Flexible_Industry_Heat,6497.700000001901,MW
2050-09-29 21:00:00,XY,Flexible_Industry_Heat,6669.500000001901,MW
2050-09-30 22:00:00,XY,Flexible_Industry_Heat,8215.700000001902,MW
2050-10-01 23:00:00,XY,Flexible_Industry_Heat,8387.5000000019,MW
2050-10-03 00:00:00,XY,Flexible_Industry_Heat,8301.600000001901,MW
2050-10-04 01:00:00,XY,Flexible_Industry_Heat,6927.200000001901,MW
2050-10-05 02:00:00,XY,Flexible_Industry_Heat,9092.749161178726,MW
2050-10-06 03:00:00,XY,Flexible_Industry_Heat,7795.342081828353,MW
2050-10-07 04:00:00,XY,Flexible_Industry_Heat,7948.930457689827,MW
2050-10-08 05:00:00,XY,Flexible_Industry_Heat,8806.723365159896,MW
2050-10-09 06:00:00,XY,Flexible_Industry_Heat,9658.378594362533,MW
2050-10-10 07:00:00,XY,Flexible_Industry_Heat,9177.626878966523,MW
2050-10-11 08:00:00,XY,Flexible_Industry_Heat,10854.30508937875,MW
2050-10-12 09:00:00,XY,Flexible_Industry_Heat,10426.405089376749,MW
2050-10-13 10:00:00,XY,Flexible_Industry_Heat,10646.20508937875,MW
2050-10-14 11:00:00,XY,Flexible_Industry_Heat,10920.30508937875,MW
2050-10-15 12:00:00,XY,Flexible_Industry_Heat,10933.50508937875,MW
2050-10-16 13:00:00,XY,Flexible_Industry_Heat,10953.30508937875,MW
2050-10-17 14:00:00,XY,Flexible_Industry_Heat,10953.30508937875,MW
2050-10-18 15:00:00,XY,Flexible_Industry_Heat,10913.70508937875,MW
2050-10-19 16:00:00,XY,Flexible_Industry_Heat,10426.405089376749,MW
2050-10-20 17:00:00,XY,Flexible_Industry_Heat,10646.20508937875,MW
2050-10-21 18:00:00,XY,Flexible_Industry_Heat,8301.600000001901,MW
2050-10-22 19:00:00,XY,Flexible_Industry_Heat,8473.4000000019,MW
2050-10-23 20:00:00,XY,Flexible_Industry_Heat,8810.4000000019,MW
2050-10-24 21:00:00,XY,Flexible_Industry_Heat,8645.2000000019,MW
2050-10-25 22:00:00,XY,Flexible_Industry_Heat,8215.700000001902,MW
2050-10-26 23:00:00,XY,Flexible_Industry_Heat,8992.114643486513,MW
2050-10-28 00:00:00,XY,Flexible_Industry_Heat,9911.997633524465,MW
2050-10-29 01:00:00,XY,Flexible_Industry_Heat,6755.4000000019005,MW
2050-10-30 02:00:00,XY,Flexible_Industry_Heat,10315.505089376747,MW
2050-10-31 03:00:00,XY,Flexible_Industry_Heat,10093.705089376748,MW
2050-11-01 04:00:00,XY,Flexible_Industry_Heat,9317.405089376749,MW
2050-11-02 05:00:00,XY,Flexible_Industry_Heat,8458.625552564024,MW
2050-11-03 06:00:00,XY,Flexible_Industry_Heat,9206.505089376747,MW
2050-11-04 07:00:00,XY,Flexible_Industry_Heat,9526.789177041814,MW
2050-11-05 08:00:00,XY,Flexible_Industry_Heat,10854.30508937875,MW
2050-11-06 09:00:00,XY,Flexible_Industry_Heat,11212.35772095675,MW
2050-11-07 10:00:00,XY,Flexible_Industry_Heat,11038.32351042975,MW
2050-11-08 11:00:00,XY,Flexible_Industry_Heat,10913.70508937875,MW
2050-11-09 12:00:00,XY,Flexible_Industry_Heat,11406.00508937655,MW
2050-11-10 13:00:00,XY,Flexible_Industry_Heat,11586.205089378398,MW
2050-11-11 14:00:00,XY,Flexible_Industry_Heat,11710.3050893784,MW
2050-11-12 15:00:00,XY,Flexible_Industry_Heat,10933.50508937875,MW
2050-11-13 16:00:00,XY,Flexible_Industry_Heat,10953.30508937875,MW
2050-11-14 17:00:00,XY,Flexible_Industry_Heat,10953.30508937875,MW
2050-11-15 18:00:00,XY,Flexible_Industry_Heat,10299.543623090656,MW
2050-11-16 19:00:00,XY,Flexible_Industry_Heat,9462.431944056572,MW
2050-11-17 20:00:00,XY,Flexible_Industry_Heat,9860.481143976362,MW
2050-11-18 21:00:00,XY,Flexible_Industry_Heat,8301.600000001901,MW
2050-11-19 22:00:00,XY,Flexible_Industry_Heat,9332.027329731665,MW
2050-11-20 23:00:00,XY,Flexible_Industry_Heat,10367.176628858206,MW
2050-11-22 00:00:00,XY,Flexible_Industry_Heat,9629.005598876332,MW
2050-11-23 01:00:00,XY,Flexible_Industry_Heat,8933.997208024859,MW
2050-11-24 02:00:00,XY,Flexible_Industry_Heat,9317.405089376749,MW
2050-11-25 03:00:00,XY,Flexible_Industry_Heat,8984.705089376748,MW
2050-11-26 04:00:00,XY,Flexible_Industry_Heat,9317.405089376749,MW
2050-11-27 05:00:00,XY,Flexible_Industry_Heat,9982.805089376747,MW
2050-11-28 06:00:00,XY,Flexible_Industry_Heat,10153.912895564747,MW
2050-11-29 07:00:00,XY,Flexible_Industry_Heat,10714.70508937875,MW
2050-11-30 08:00:00,XY,Flexible_Industry_Heat,10426.405089376749,MW
2050-12-01 09:00:00,XY,Flexible_Industry_Heat,10683.10508937875,MW
2050-12-02 10:00:00,XY,Flexible_Industry_Heat,10920.30508937875,MW
2050-12-03 11:00:00,XY,Flexible_Industry_Heat,10940.105089378749,MW
2050-12-04 12:00:00,XY,Flexible_Industry_Heat,11743.3050893784,MW
2050-12-05 13:00:00,XY,Flexible_Industry_Heat,11743.3050893784,MW
2050-12-06 14:00:00,XY,Flexible_Industry_Heat,11710.3050893784,MW
2050-12-07 15:00:00,XY,Flexible_Industry_Heat,10537.305089376749,MW
2050-12-08 16:00:00,XY,Flexible_Industry_Heat,10683.10508937875,MW
2050-12-09 17:00:00,XY,Flexible_Industry_Heat,11046.32614200875,MW
2050-12-10 18:00:00,XY,Flexible_Industry_Heat,10497.140955901235,MW
2050-12-11 19:00:00,XY,Flexible_Industry_Heat,9812.500000004997,MW
2050-12-12 20:00:00,XY,Flexible_Industry_Heat,10314.432215246365,MW
2050-12-13 21:00:00,XY,Flexible_Industry_Heat,10618.734542472337,MW
2050-12-14 22:00:00,XY,Flexible_Industry_Heat,10530.605493162047,MW
2050-12-15 23:00:00,XY,Flexible_Industry_Heat,10683.10508937875,MW
2050-12-17 00:00:00,XY,Flexible_Industry_Heat,10726.63783144881,MW
2050-12-18 01:00:00,XY,Flexible_Industry_Heat,10809.50508937875,MW
2050-12-19 02:00:00,XY,Flexible_Industry_Heat,10670.813287196464,MW
2050-12-20 03:00:00,XY,Flexible_Industry_Heat,9208.33609105452,MW
2050-12-21 04:00:00,XY,Flexible_Industry_Heat,8635.965929452048,MW
2050-12-22 05:00:00,XY,Flexible_Industry_Heat,8251.580523165818,MW
2050-12-23 06:00:00,XY,Flexible_Industry_Heat,8857.614211978786,MW
2050-12-24 07:00:00,XY,Flexible_Industry_Heat,9244.926246941272,MW
2050-12-25 08:00:00,XY,Flexible_Industry_Heat,11114.620454382608,MW
2050-12-26 09:00:00,XY,Flexible_Industry_Heat,11228.043391236712,MW
2050-12-27 10:00:00,XY,Flexible_Industry_Heat,11710.3050893784,MW
2050-12-28 11:00:00,XY,Flexible_Industry_Heat,11117.05508937785,MW
2050-12-29 12:00:00,XY,Flexible_Industry_Heat,11598.1050893784,MW
2050-12-30 13:00:00,XY,Flexible_Industry_Heat,11723.505089378401,MW
2050-12-31 14:00:00,XY,Flexible_Industry_Heat,11736.7050893784,MW
2051-01-01 15:00:00,XY,Flexible_Industry_Heat,11743.3050893784,MW
2050-01-01 00:00:00,XY,Flexible_EV_Charging,45.26315789481001,MW
2050-01-02 01:00:00,XY,Flexible_EV_Charging,43.15789473691,MW
2050-01-03 02:00:00,XY,Flexible_EV_Charging,44.21052631586,MW
2050-01-04 03:00:00,XY,Flexible_EV_Charging,47.36842105271,MW
2050-01-05 04:00:00,XY,Flexible_EV_Charging,47.36842105271,MW
2050-01-06 05:00:00,XY,Flexible_EV_Charging,45.26315789481001,MW
2050-01-07 06:00:00,XY,Flexible_EV_Charging,46.315789473760006,MW
2050-01-08 07:00:00,XY,Flexible_EV_Charging,26.84210526322,MW
2050-01-09 08:00:00,XY,Flexible_EV_Charging,25.26315789478,MW
2050-01-10 09:00:00,XY,Flexible_EV_Charging,24.736842105290002,MW
2050-01-11 10:00:00,XY,Flexible_EV_Charging,25.26315789478,MW
2050-01-12 11:00:00,XY,Flexible_EV_Charging,25.26315789478,MW
2050-01-13 12:00:00,XY,Flexible_EV_Charging,22.631578947389997,MW
2050-01-14 13:00:00,XY,Flexible_EV_Charging,24.736842105290002,MW
2050-01-15 14:00:00,XY,Flexible_EV_Charging,21.578947368439998,MW
2050-01-16 15:00:00,XY,Flexible_EV_Charging,20.00000000003,MW
2050-01-17 16:00:00,XY,Flexible_EV_Charging,16.31578947369,MW
2050-01-18 17:00:00,XY,Flexible_EV_Charging,13.68421052634,MW
2050-01-19 18:00:00,XY,Flexible_EV_Charging,6.315789473691,MW
2050-01-20 19:00:00,XY,Flexible_EV_Charging,22.10526315793,MW
2050-01-21 20:00:00,XY,Flexible_EV_Charging,21.05263157898,MW
2050-01-22 21:00:00,XY,Flexible_EV_Charging,29.473684210570003,MW
2050-01-23 22:00:00,XY,Flexible_EV_Charging,32.631578947419996,MW
2050-01-24 23:00:00,XY,Flexible_EV_Charging,35.78947368426,MW
2050-01-26 00:00:00,XY,Flexible_EV_Charging,38.42105263163,MW
2050-01-27 01:00:00,XY,Flexible_EV_Charging,38.42105263163,MW
2050-01-28 02:00:00,XY,Flexible_EV_Charging,42.63157894745,MW
2050-01-29 03:00:00,XY,Flexible_EV_Charging,46.315789473760006,MW
2050-01-30 04:00:00,XY,Flexible_EV_Charging,47.89473684219,MW
2050-01-31 05:00:00,XY,Flexible_EV_Charging,44.73684210532,MW
2050-02-01 06:00:00,XY,Flexible_EV_Charging,37.89473684216,MW
2050-02-02 07:00:00,XY,Flexible_EV_Charging,31.052631578979998,MW
2050-02-03 08:00:00,XY,Flexible_EV_Charging,38.94736842111,MW
2050-02-04 09:00:00,XY,Flexible_EV_Charging,42.63157894745,MW
2050-02-05 10:00:00,XY,Flexible_EV_Charging,22.10526315793,MW
2050-02-06 11:00:00,XY,Flexible_EV_Charging,24.736842105290002,MW
2050-02-07 12:00:00,XY,Flexible_EV_Charging,24.210526315819997,MW
2050-02-08 13:00:00,XY,Flexible_EV_Charging,21.578947368439998,MW
2050-02-09 14:00:00,XY,Flexible_EV_Charging,10.00000000003,MW
2050-02-10 15:00:00,XY,Flexible_EV_Charging,13.68421052634,MW
2050-02-11 16:00:00,XY,Flexible_EV_Charging,19.47368421054,MW
2050-02-12 17:00:00,XY,Flexible_EV_Charging,16.84210526319,MW
2050-02-13 18:00:00,XY,Flexible_EV_Charging,14.21052631582,MW
2050-02-14 19:00:00,XY,Flexible_EV_Charging,15.78947368423,MW
2050-02-15 20:00:00,XY,Flexible_EV_Charging,21.05263157898,MW
2050-02-16 21:00:00,XY,Flexible_EV_Charging,20.00000000003,MW
2050-02-17 22:00:00,XY,Flexible_EV_Charging,30.00000000003,MW
2050-02-18 23:00:00,XY,Flexible_EV_Charging,33.157894736879996,MW
2050-02-20 00:00:00,XY,Flexible_EV_Charging,41.05263157901,MW
2050-02-21 01:00:00,XY,Flexible_EV_Charging,43.15789473691,MW
2050-02-22 02:00:00,XY,Flexible_EV_Charging,45.26315789481001,MW
2050-02-23 03:00:00,XY,Flexible_EV_Charging,46.315789473760006,MW
2050-02-24 04:00:00,XY,Flexible_EV_Charging,44.21052631586,MW
2050-02-25 05:00:00,XY,Flexible_EV_Charging,46.842105263250005,MW
2050-02-26 06:00:00,XY,Flexible_EV_Charging,35.26315789482,MW
2050-02-27 07:00:00,XY,Flexible_EV_Charging,29.473684210570003,MW
2050-02-28 08:00:00,XY,Flexible_EV_Charging,24.736842105290002,MW
2050-03-01 09:00:00,XY,Flexible_EV_Charging,23.68421052637,MW
2050-03-02 10:00:00,XY,Flexible_EV_Charging,25.26315789478,MW
2050-03-03 11:00:00,XY,Flexible_EV_Charging,22.10526315793,MW
2050-03-04 12:00:00,XY,Flexible_EV_Charging,25.26315789478,MW
2050-03-05 13:00:00,XY,Flexible_EV_Charging,22.10526315793,MW
2050-03-06 14:00:00,XY,Flexible_EV_Charging,22.10526315793,MW
2050-03-07 15:00:00,XY,Flexible_EV_Charging,17.89473684213,MW
2050-03-08 16:00:00,XY,Flexible_EV_Charging,12.63157894739,MW
2050-03-09 17:00:00,XY,Flexible_EV_Charging,3.6842105263220004,MW
2050-03-10 18:00:00,XY,Flexible_EV_Charging,14.21052631582,MW
2050-03-11 19:00:00,XY,Flexible_EV_Charging,12.63157894739,MW
2050-03-12 20:00:00,XY,Flexible_EV_Charging,23.15789473688,MW
2050-03-13 21:00:00,XY,Flexible_EV_Charging,27.368421052669998,MW
2050-03-14 22:00:00,XY,Flexible_EV_Charging,30.526315789519998,MW
2050-03-15 23:00:00,XY,Flexible_EV_Charging,33.157894736879996,MW
2050-03-17 00:00:00,XY,Flexible_EV_Charging,34.73684210532,MW
2050-03-18 01:00:00,XY,Flexible_EV_Charging,40.00000000006,MW
2050-03-19 02:00:00,XY,Flexible_EV_Charging,44.21052631586,MW
2050-03-20 03:00:00,XY,Flexible_EV_Charging,47.36842105271,MW
2050-03-21 04:00:00,XY,Flexible_EV_Charging,47.36842105271,MW
2050-03-22 05:00:00,XY,Flexible_EV_Charging,44.21052631586,MW
2050-03-23 06:00:00,XY,Flexible_EV_Charging,37.89473684216,MW
2050-03-24 07:00:00,XY,Flexible_EV_Charging,38.42105263163,MW
2050-03-25 08:00:00,XY,Flexible_EV_Charging,43.68421052635999,MW
2050-03-26 09:00:00,XY,Flexible_EV_Charging,21.578947368439998,MW
2050-03-27 10:00:00,XY,Flexible_EV_Charging,23.68421052637,MW
2050-03-28 11:00:00,XY,Flexible_EV_Charging,22.631578947389997,MW
2050-03-29 12:00:00,XY,Flexible_EV_Charging,17.36842105266,MW
2050-03-30 13:00:00,XY,Flexible_EV_Charging,8.947368421086,MW
2050-03-31 14:00:00,XY,Flexible_EV_Charging,12.105263157929999,MW
2050-04-01 15:00:00,XY,Flexible_EV_Charging,15.78947368423,MW
2050-04-02 16:00:00,XY,Flexible_EV_Charging,2.105263157898,MW
2050-04-03 17:00:00,XY,Flexible_EV_Charging,7.894736842103,MW
2050-04-04 18:00:00,XY,Flexible_EV_Charging,10.5263157895,MW
2050-04-05 19:00:00,XY,Flexible_EV_Charging,12.63157894739,MW
2050-04-06 20:00:00,XY,Flexible_EV_Charging,13.15789473684,MW
2050-04-07 21:00:00,XY,Flexible_EV_Charging,22.631578947389997,MW
2050-04-08 22:00:00,XY,Flexible_EV_Charging,22.10526315793,MW
2050-04-09 23:00:00,XY,Flexible_EV_Charging,35.78947368426,MW
2050-04-11 00:00:00,XY,Flexible_EV_Charging,39.47368421057,MW
2050-04-12 01:00:00,XY,Flexible_EV_Charging,41.578947368499996,MW
2050-04-13 02:00:00,XY,Flexible_EV_Charging,43.68421052635999,MW
2050-04-14 03:00:00,XY,Flexible_EV_Charging,43.68421052635999,MW
2050-04-15 04:00:00,XY,Flexible_EV_Charging,45.26315789481001,MW
2050-04-16 05:00:00,XY,Flexible_EV_Charging,41.578947368499996,MW
2050-04-17 06:00:00,XY,Flexible_EV_Charging,36.84210526322,MW
2050-04-18 07:00:00,XY,Flexible_EV_Charging,27.89473684216,MW
2050-04-19 08:00:00,XY,Flexible_EV_Charging,23.15789473688,MW
2050-04-20 09:00:00,XY,Flexible_EV_Charging,23.68421052637,MW
2050-04-21 10:00:00,XY,Flexible_EV_Charging,25.789473684230003,MW
2050-04-22 11:00:00,XY,Flexible_EV_Charging,27.368421052669998,MW
2050-04-23 12:00:00,XY,Flexible_EV_Charging,20.00000000003,MW
2050-04-24 13:00:00,XY,Flexible_EV_Charging,22.10526315793,MW
2050-04-25 14:00:00,XY,Flexible_EV_Charging,18.94736842108,MW
2050-04-26 15:00:00,XY,Flexible_EV_Charging,14.21052631582,MW
2050-04-27 16:00:00,XY,Flexible_EV_Charging,1.578947368423,MW
2050-04-28 17:00:00,XY,Flexible_EV_Charging,11.05263157895,MW
2050-04-29 18:00:00,XY,Flexible_EV_Charging,11.578947368440001,MW
2050-04-30 19:00:00,XY,Flexible_EV_Charging,16.84210526319,MW
2050-05-01 20:00:00,XY,Flexible_EV_Charging,18.94736842108,MW
2050-05-02 21:00:00,XY,Flexible_EV_Charging,25.789473684230003,MW
2050-05-03 22:00:00,XY,Flexible_EV_Charging,28.421052631629998,MW
2050-05-04 23:00:00,XY,Flexible_EV_Charging,28.421052631629998,MW
2050-05-06 00:00:00,XY,Flexible_EV_Charging,34.73684210532,MW
2050-05-07 01:00:00,XY,Flexible_EV_Charging,38.94736842111,MW
2050-05-08 02:00:00,XY,Flexible_EV_Charging,45.26315789481001,MW
2050-05-09 03:00:00,XY,Flexible_EV_Charging,46.315789473760006,MW
2050-05-10 04:00:00,XY,Flexible_EV_Charging,43.15789473691,MW
2050-05-11 05:00:00,XY,Flexible_EV_Charging,46.315789473760006,MW
2050-05-12 06:00:00,XY,Flexible_EV_Charging,45.26315789481001,MW
2050-05-13 07:00:00,XY,Flexible_EV_Charging,44.73684210532,MW
2050-05-14 08:00:00,XY,Flexible_EV_Charging,20.00000000003,MW
2050-05-15 09:00:00,XY,Flexible_EV_Charging,21.578947368439998,MW
2050-05-16 10:00:00,XY,Flexible_EV_Charging,22.631578947389997,MW
2050-05-17 11:00:00,XY,Flexible_EV_Charging,22.10526315793,MW
2050-05-18 12:00:00,XY,Flexible_EV_Charging,15.263157894739999,MW
2050-05-19 13:00:00,XY,Flexible_EV_Charging,11.05263157895,MW
2050-05-20 14:00:00,XY,Flexible_EV_Charging,16.31578947369,MW
2050-05-21 15:00:00,XY,Flexible_EV_Charging,11.578947368440001,MW
2050-05-22 16:00:00,XY,Flexible_EV_Charging,12.105263157929999,MW
2050-05-23 17:00:00,XY,Flexible_EV_Charging,11.578947368440001,MW
2050-05-24 18:00:00,XY,Flexible_EV_Charging,9.473684210542999,MW
2050-05-25 19:00:00,XY,Flexible_EV_Charging,8.947368421086,MW
2050-05-26 20:00:00,XY,Flexible_EV_Charging,22.10526315793,MW
2050-05-27 21:00:00,XY,Flexible_EV_Charging,20.52631578953,MW
2050-05-28 22:00:00,XY,Flexible_EV_Charging,32.10526315792,MW
2050-05-29 23:00:00,XY,Flexible_EV_Charging,35.26315789482,MW
2050-05-31 00:00:00,XY,Flexible_EV_Charging,32.631578947419996,MW
2050-06-01 01:00:00,XY,Flexible_EV_Charging,41.578947368499996,MW
2050-06-02 02:00:00,XY,Flexible_EV_Charging,41.05263157901,MW
2050-06-03 03:00:00,XY,Flexible_EV_Charging,42.63157894745,MW
2050-06-04 04:00:00,XY,Flexible_EV_Charging,43.15789473691,MW
2050-06-05 05:00:00,XY,Flexible_EV_Charging,44.21052631586,MW
2050-06-06 06:00:00,XY,Flexible_EV_Charging,36.84210526322,MW
2050-06-07 07:00:00,XY,Flexible_EV_Charging,23.15789473688,MW
2050-06-08 08:00:00,XY,Flexible_EV_Charging,28.421052631629998,MW
2050-06-09 09:00:00,XY,Flexible_EV_Charging,25.789473684230003,MW
2050-06-10 10:00:00,XY,Flexible_EV_Charging,30.526315789519998,MW
2050-06-11 11:00:00,XY,Flexible_EV_Charging,31.578947368469997,MW
2050-06-12 12:00:00,XY,Flexible_EV_Charging,20.52631578953,MW
2050-06-13 13:00:00,XY,Flexible_EV_Charging,23.15789473688,MW
2050-06-14 14:00:00,XY,Flexible_EV_Charging,21.05263157898,MW
2050-06-15 15:00:00,XY,Flexible_EV_Charging,17.89473684213,MW
2050-06-16 16:00:00,XY,Flexible_EV_Charging,5.789473684236,MW
2050-06-17 17:00:00,XY,Flexible_EV_Charging,13.15789473684,MW
2050-06-18 18:00:00,XY,Flexible_EV_Charging,9.473684210542999,MW
2050-06-19 19:00:00,XY,Flexible_EV_Charging,12.63157894739,MW
2050-06-20 20:00:00,XY,Flexible_EV_Charging,15.78947368423,MW
2050-06-21 21:00:00,XY,Flexible_EV_Charging,20.00000000003,MW
2050-06-22 22:00:00,XY,Flexible_EV_Charging,22.10526315793,MW
2050-06-23 23:00:00,XY,Flexible_EV_Charging,22.631578947389997,MW
2050-06-25 00:00:00,XY,Flexible_EV_Charging,33.157894736879996,MW
2050-06-26 01:00:00,XY,Flexible_EV_Charging,33.684210526369995,MW
2050-06-27 02:00:00,XY,Flexible_EV_Charging,42.63157894745,MW
2050-06-28 03:00:00,XY,Flexible_EV_Charging,44.73684210532,MW
2050-06-29 04:00:00,XY,Flexible_EV_Charging,46.315789473760006,MW
2050-06-30 05:00:00,XY,Flexible_EV_Charging,45.789473684259995,MW
2050-07-01 06:00:00,XY,Flexible_EV_Charging,42.105263157950006,MW
2050-07-02 07:00:00,XY,Flexible_EV_Charging,43.68421052635999,MW
2050-07-03 08:00:00,XY,Flexible_EV_Charging,25.789473684230003,MW
2050-07-04 09:00:00,XY,Flexible_EV_Charging,25.26315789478,MW
2050-07-05 10:00:00,XY,Flexible_EV_Charging,23.68421052637,MW
2050-07-06 11:00:00,XY,Flexible_EV_Charging,22.631578947389997,MW
2050-07-07 12:00:00,XY,Flexible_EV_Charging,20.52631578953,MW
2050-07-08 13:00:00,XY,Flexible_EV_Charging,14.736842105290002,MW
2050-07-09 14:00:00,XY,Flexible_EV_Charging,14.736842105290002,MW
2050-07-10 15:00:00,XY,Flexible_EV_Charging,18.4210526316,MW
2050-07-11 16:00:00,XY,Flexible_EV_Charging,17.36842105266,MW
2050-07-12 17:00:00,XY,Flexible_EV_Charging,13.15789473684,MW
2050-07-13 18:00:00,XY,Flexible_EV_Charging,8.947368421086,MW
2050-07-14 19:00:00,XY,Flexible_EV_Charging,4.210526315795,MW
2050-07-15 20:00:00,XY,Flexible_EV_Charging,16.84210526319,MW
2050-07-16 21:00:00,XY,Flexible_EV_Charging,14.21052631582,MW
2050-07-17 22:00:00,XY,Flexible_EV_Charging,26.31578947372,MW
2050-07-18 23:00:00,XY,Flexible_EV_Charging,30.00000000003,MW
2050-07-20 00:00:00,XY,Flexible_EV_Charging,33.157894736879996,MW
2050-07-21 01:00:00,XY,Flexible_EV_Charging,35.26315789482,MW
2050-07-22 02:00:00,XY,Flexible_EV_Charging,33.684210526369995,MW
2050-07-23 03:00:00,XY,Flexible_EV_Charging,38.94736842111,MW
2050-07-24 04:00:00,XY,Flexible_EV_Charging,42.105263157950006,MW
2050-07-25 05:00:00,XY,Flexible_EV_Charging,46.315789473760006,MW
2050-07-26 06:00:00,XY,Flexible_EV_Charging,43.68421052635999,MW
2050-07-27 07:00:00,XY,Flexible_EV_Charging,36.84210526322,MW
2050-07-28 08:00:00,XY,Flexible_EV_Charging,30.526315789519998,MW
2050-07-29 09:00:00,XY,Flexible_EV_Charging,32.10526315792,MW
2050-07-30 10:00:00,XY,Flexible_EV_Charging,33.684210526369995,MW
2050-07-31 11:00:00,XY,Flexible_EV_Charging,20.00000000003,MW
2050-08-01 12:00:00,XY,Flexible_EV_Charging,22.10526315793,MW
2050-08-02 13:00:00,XY,Flexible_EV_Charging,20.52631578953,MW
2050-08-03 14:00:00,XY,Flexible_EV_Charging,18.94736842108,MW
2050-08-04 15:00:00,XY,Flexible_EV_Charging,9.473684210542999,MW
2050-08-05 16:00:00,XY,Flexible_EV_Charging,10.00000000003,MW
2050-08-06 17:00:00,XY,Flexible_EV_Charging,7.368421052639,MW
2050-08-07 18:00:00,XY,Flexible_EV_Charging,11.578947368440001,MW
2050-08-08 19:00:00,XY,Flexible_EV_Charging,13.15789473684,MW
2050-08-09 20:00:00,XY,Flexible_EV_Charging,15.263157894739999,MW
2050-08-10 21:00:00,XY,Flexible_EV_Charging,17.36842105266,MW
2050-08-11 22:00:00,XY,Flexible_EV_Charging,15.263157894739999,MW
2050-08-12 23:00:00,XY,Flexible_EV_Charging,25.26315789478,MW
2050-08-14 00:00:00,XY,Flexible_EV_Charging,26.31578947372,MW
2050-08-15 01:00:00,XY,Flexible_EV_Charging,38.42105263163,MW
2050-08-16 02:00:00,XY,Flexible_EV_Charging,41.05263157901,MW
2050-08-17 03:00:00,XY,Flexible_EV_Charging,43.68421052635999,MW
2050-08-18 04:00:00,XY,Flexible_EV_Charging,44.73684210532,MW
2050-08-19 05:00:00,XY,Flexible_EV_Charging,42.63157894745,MW
2050-08-20 06:00:00,XY,Flexible_EV_Charging,43.68421052635999,MW
2050-08-21 07:00:00,XY,Flexible_EV_Charging,33.684210526369995,MW
2050-08-22 08:00:00,XY,Flexible_EV_Charging,28.94736842111,MW
2050-08-23 09:00:00,XY,Flexible_EV_Charging,24.736842105290002,MW
2050-08-24 10:00:00,XY,Flexible_EV_Charging,22.631578947389997,MW
2050-08-25 11:00:00,XY,Flexible_EV_Charging,22.10526315793,MW
2050-08-26 12:00:00,XY,Flexible_EV_Charging,17.36842105266,MW
2050-08-27 13:00:00,XY,Flexible_EV_Charging,16.84210526319,MW
2050-08-28 14:00:00,XY,Flexible_EV_Charging,18.94736842108,MW
2050-08-29 15:00:00,XY,Flexible_EV_Charging,19.47368421054,MW
2050-08-30 16:00:00,XY,Flexible_EV_Charging,15.78947368423,MW
2050-08-31 17:00:00,XY,Flexible_EV_Charging,10.5263157895,MW
2050-09-01 18:00:00,XY,Flexible_EV_Charging,2.105263157898,MW
2050-09-02 19:00:00,XY,Flexible_EV_Charging,11.05263157895,MW
2050-09-03 20:00:00,XY,Flexible_EV_Charging,6.315789473691,MW
2050-09-04 21:00:00,XY,Flexible_EV_Charging,21.578947368439998,MW
2050-09-05 22:00:00,XY,Flexible_EV_Charging,25.789473684230003,MW
2050-09-06 23:00:00,XY,Flexible_EV_Charging,28.94736842111,MW
2050-09-08 00:00:00,XY,Flexible_EV_Charging,31.578947368469997,MW
2050-09-09 01:00:00,XY,Flexible_EV_Charging,32.10526315792,MW
2050-09-10 02:00:00,XY,Flexible_EV_Charging,36.84210526322,MW
2050-09-11 03:00:00,XY,Flexible_EV_Charging,41.05263157901,MW
2050-09-12 04:00:00,XY,Flexible_EV_Charging,46.842105263250005,MW
2050-09-13 05:00:00,XY,Flexible_EV_Charging,46.842105263250005,MW
2050-09-14 06:00:00,XY,Flexible_EV_Charging,44.21052631586,MW
2050-09-15 07:00:00,XY,Flexible_EV_Charging,37.368421052680006,MW
2050-09-16 08:00:00,XY,Flexible_EV_Charging,40.52631578955,MW
2050-09-17 09:00:00,XY,Flexible_EV_Charging,41.578947368499996,MW
2050-09-18 10:00:00,XY,Flexible_EV_Charging,20.00000000003,MW
2050-09-19 11:00:00,XY,Flexible_EV_Charging,22.631578947389997,MW
2050-09-20 12:00:00,XY,Flexible_EV_Charging,22.631578947389997,MW
2050-09-21 13:00:00,XY,Flexible_EV_Charging,21.578947368439998,MW
2050-09-22 14:00:00,XY,Flexible_EV_Charging,13.15789473684,MW
2050-09-23 15:00:00,XY,Flexible_EV_Charging,11.578947368440001,MW
2050-09-24 16:00:00,XY,Flexible_EV_Charging,11.05263157895,MW
2050-09-25 17:00:00,XY,Flexible_EV_Charging,13.15789473684,MW
2050-09-26 18:00:00,XY,Flexible_EV_Charging,10.5263157895,MW
2050-09-27 19:00:00,XY,Flexible_EV_Charging,10.00000000003,MW
2050-09-28 20:00:00,XY,Flexible_EV_Charging,11.05263157895,MW
2050-09-29 21:00:00,XY,Flexible_EV_Charging,10.00000000003,MW
2050-09-30 22:00:00,XY,Flexible_EV_Charging,23.15789473688,MW
2050-10-01 23:00:00,XY,Flexible_EV_Charging,22.631578947389997,MW
2050-10-03 00:00:00,XY,Flexible_EV_Charging,36.84210526322,MW
2050-10-04 01:00:00,XY,Flexible_EV_Charging,35.78947368426,MW
2050-10-05 02:00:00,XY,Flexible_EV_Charging,42.63157894745,MW
2050-10-06 03:00:00,XY,Flexible_EV_Charging,44.21052631586,MW
2050-10-07 04:00:00,XY,Flexible_EV_Charging,43.68421052635999,MW
2050-10-08 05:00:00,XY,Flexible_EV_Charging,44.73684210532,MW
2050-10-09 06:00:00,XY,Flexible_EV_Charging,41.05263157901,MW
2050-10-10 07:00:00,XY,Flexible_EV_Charging,37.368421052680006,MW
2050-10-11 08:00:00,XY,Flexible_EV_Charging,30.00000000003,MW
2050-10-12 09:00:00,XY,Flexible_EV_Charging,25.26315789478,MW
2050-10-13 10:00:00,XY,Flexible_EV_Charging,25.26315789478,MW
2050-10-14 11:00:00,XY,Flexible_EV_Charging,23.15789473688,MW
2050-10-15 12:00:00,XY,Flexible_EV_Charging,23.68421052637,MW
2050-10-16 13:00:00,XY,Flexible_EV_Charging,20.00000000003,MW
2050-10-17 14:00:00,XY,Flexible_EV_Charging,22.10526315793,MW
2050-10-18 15:00:00,XY,Flexible_EV_Charging,18.94736842108,MW
2050-10-19 16:00:00,XY,Flexible_EV_Charging,14.736842105290002,MW
2050-10-20 17:00:00,XY,Flexible_EV_Charging,3.6842105263220004,MW
2050-10-21 18:00:00,XY,Flexible_EV_Charging,12.105263157929999,MW
2050-10-22 19:00:00,XY,Flexible_EV_Charging,4.736842105271,MW
2050-10-23 20:00:00,XY,Flexible_EV_Charging,16.84210526319,MW
2050-10-24 21:00:00,XY,Flexible_EV_Charging,21.578947368439998,MW
2050-10-25 22:00:00,XY,Flexible_EV_Charging,25.26315789478,MW
2050-10-26 23:00:00,XY,Flexible_EV_Charging,26.84210526322,MW
2050-10-28 00:00:00,XY,Flexible_EV_Charging,27.89473684216,MW
2050-10-29 01:00:00,XY,Flexible_EV_Charging,35.26315789482,MW
2050-10-30 02:00:00,XY,Flexible_EV_Charging,41.05263157901,MW
2050-10-31 03:00:00,XY,Flexible_EV_Charging,45.789473684259995,MW
2050-11-01 04:00:00,XY,Flexible_EV_Charging,46.315789473760006,MW
2050-11-02 05:00:00,XY,Flexible_EV_Charging,45.26315789481001,MW
2050-11-03 06:00:00,XY,Flexible_EV_Charging,45.789473684259995,MW
2050-11-04 07:00:00,XY,Flexible_EV_Charging,45.789473684259995,MW
2050-11-05 08:00:00,XY,Flexible_EV_Charging,46.315789473760006,MW
2050-11-06 09:00:00,XY,Flexible_EV_Charging,20.52631578953,MW
2050-11-07 10:00:00,XY,Flexible_EV_Charging,22.631578947389997,MW
2050-11-08 11:00:00,XY,Flexible_EV_Charging,23.68421052637,MW
2050-11-09 12:00:00,XY,Flexible_EV_Charging,23.68421052637,MW
2050-11-10 13:00:00,XY,Flexible_EV_Charging,19.47368421054,MW
2050-11-11 14:00:00,XY,Flexible_EV_Charging,18.4210526316,MW
2050-11-12 15:00:00,XY,Flexible_EV_Charging,17.89473684213,MW
2050-11-13 16:00:00,XY,Flexible_EV_Charging,17.36842105266,MW
2050-11-14 17:00:00,XY,Flexible_EV_Charging,14.736842105290002,MW
2050-11-15 18:00:00,XY,Flexible_EV_Charging,11.05263157895,MW
2050-11-16 19:00:00,XY,Flexible_EV_Charging,9.473684210542999,MW
2050-11-17 20:00:00,XY,Flexible_EV_Charging,8.421052631588001,MW
2050-11-18 21:00:00,XY,Flexible_EV_Charging,23.68421052637,MW
2050-11-19 22:00:00,XY,Flexible_EV_Charging,22.10526315793,MW
2050-11-20 23:00:00,XY,Flexible_EV_Charging,33.157894736879996,MW
2050-11-22 00:00:00,XY,Flexible_EV_Charging,36.31578947373,MW
2050-11-23 01:00:00,XY,Flexible_EV_Charging,40.00000000006,MW
2050-11-24 02:00:00,XY,Flexible_EV_Charging,41.578947368499996,MW
2050-11-25 03:00:00,XY,Flexible_EV_Charging,41.578947368499996,MW
2050-11-26 04:00:00,XY,Flexible_EV_Charging,44.73684210532,MW
2050-11-27 05:00:00,XY,Flexible_EV_Charging,46.315789473760006,MW
2050-11-28 06:00:00,XY,Flexible_EV_Charging,44.73684210532,MW
2050-11-29 07:00:00,XY,Flexible_EV_Charging,37.368421052680006,MW
2050-11-30 08:00:00,XY,Flexible_EV_Charging,29.473684210570003,MW
2050-12-01 09:00:00,XY,Flexible_EV_Charging,26.84210526322,MW
2050-12-02 10:00:00,XY,Flexible_EV_Charging,33.684210526369995,MW
2050-12-03 11:00:00,XY,Flexible_EV_Charging,37.368421052680006,MW
2050-12-04 12:00:00,XY,Flexible_EV_Charging,21.05263157898,MW
2050-12-05 13:00:00,XY,Flexible_EV_Charging,23.68421052637,MW
2050-12-06 14:00:00,XY,Flexible_EV_Charging,22.10526315793,MW
2050-12-07 15:00:00,XY,Flexible_EV_Charging,18.94736842108,MW
2050-12-08 16:00:00,XY,Flexible_EV_Charging,6.842105263183999,MW
2050-12-09 17:00:00,XY,Flexible_EV_Charging,15.263157894739999,MW
2050-12-10 18:00:00,XY,Flexible_EV_Charging,11.05263157895,MW
2050-12-11 19:00:00,XY,Flexible_EV_Charging,13.15789473684,MW
2050-12-12 20:00:00,XY,Flexible_EV_Charging,17.36842105266,MW
2050-12-13 21:00:00,XY,Flexible_EV_Charging,21.578947368439998,MW
2050-12-14 22:00:00,XY,Flexible_EV_Charging,24.210526315819997,MW
2050-12-15 23:00:00,XY,Flexible_EV_Charging,25.789473684230003,MW
2050-12-17 00:00:00,XY,Flexible_EV_Charging,32.631578947419996,MW
2050-12-18 01:00:00,XY,Flexible_EV_Charging,39.47368421057,MW
2050-12-19 02:00:00,XY,Flexible_EV_Charging,43.68421052635999,MW
2050-12-20 03:00:00,XY,Flexible_EV_Charging,44.73684210532,MW
2050-12-21 04:00:00,XY,Flexible_EV_Charging,45.26315789481001,MW
2050-12-22 05:00:00,XY,Flexible_EV_Charging,44.73684210532,MW
2050-12-23 06:00:00,XY,Flexible_EV_Charging,41.05263157901,MW
2050-12-24 07:00:00,XY,Flexible_EV_Charging,45.789473684259995,MW
2050-12-25 08:00:00,XY,Flexible_EV_Charging,46.315789473760006,MW
2050-12-26 09:00:00,XY,Flexible_EV_Charging,46.842105263250005,MW
2050-12-27 10:00:00,XY,Flexible_EV_Charging,40.00000000006,MW
2050-12-28 11:00:00,XY,Flexible_EV_Charging,26.84210526322,MW
2050-12-29 12:00:00,XY,Flexible_EV_Charging,22.631578947389997,MW
2050-12-30 13:00:00,XY,Flexible_EV_Charging,16.31578947369,MW
2050-12-31 14:00:00,XY,Flexible_EV_Charging,20.00000000003,MW
2051-01-01 15:00:00,XY,Flexible_EV_Charging,29.473684210570003,MW
2050-01-01 00:00:00,YZ,Inflexible_Power,26611.2,MW
2050-01-02 01:00:00,YZ,Inflexible_Power,27820.8,MW
2050-01-03 02:00:00,YZ,Inflexible_Power,27619.2,MW
2050-01-04 03:00:00,YZ,Inflexible_Power,27820.8,MW
2050-01-05 04:00:00,YZ,Inflexible_Power,27216.0,MW
2050-01-06 05:00:00,YZ,Inflexible_Power,26409.6,MW
2050-01-07 06:00:00,YZ,Inflexible_Power,26208.0,MW
2050-01-08 07:00:00,YZ,Inflexible_Power,27014.4,MW
2050-01-09 08:00:00,YZ,Inflexible_Power,26611.2,MW
2050-01-10 09:00:00,YZ,Inflexible_Power,26409.6,MW
2050-01-11 10:00:00,YZ,Inflexible_Power,27216.0,MW
2050-01-12 11:00:00,YZ,Inflexible_Power,28224.0,MW
2050-01-13 12:00:00,YZ,Inflexible_Power,27619.2,MW
2050-01-14 13:00:00,YZ,Inflexible_Power,28022.4,MW
2050-01-15 14:00:00,YZ,Inflexible_Power,28425.6,MW
2050-01-16 15:00:00,YZ,Inflexible_Power,27216.0,MW
2050-01-17 16:00:00,YZ,Inflexible_Power,26409.6,MW
2050-01-18 17:00:00,YZ,Inflexible_Power,24998.4,MW
2050-01-19 18:00:00,YZ,Inflexible_Power,22377.6,MW
2050-01-20 19:00:00,YZ,Inflexible_Power,21571.2,MW
2050-01-21 20:00:00,YZ,Inflexible_Power,21571.2,MW
2050-01-22 21:00:00,YZ,Inflexible_Power,21974.4,MW
2050-01-23 22:00:00,YZ,Inflexible_Power,22176.0,MW
2050-01-24 23:00:00,YZ,Inflexible_Power,23788.8,MW
2050-01-26 00:00:00,YZ,Inflexible_Power,27014.4,MW
2050-01-27 01:00:00,YZ,Inflexible_Power,23587.2,MW
2050-01-28 02:00:00,YZ,Inflexible_Power,25401.6,MW
2050-01-29 03:00:00,YZ,Inflexible_Power,27820.8,MW
2050-01-30 04:00:00,YZ,Inflexible_Power,27216.0,MW
2050-01-31 05:00:00,YZ,Inflexible_Power,27014.4,MW
2050-02-01 06:00:00,YZ,Inflexible_Power,26611.2,MW
2050-02-02 07:00:00,YZ,Inflexible_Power,26006.4,MW
2050-02-03 08:00:00,YZ,Inflexible_Power,24796.8,MW
2050-02-04 09:00:00,YZ,Inflexible_Power,24796.8,MW
2050-02-05 10:00:00,YZ,Inflexible_Power,26812.8,MW
2050-02-06 11:00:00,YZ,Inflexible_Power,27820.8,MW
2050-02-07 12:00:00,YZ,Inflexible_Power,27820.8,MW
2050-02-08 13:00:00,YZ,Inflexible_Power,27820.8,MW
2050-02-09 14:00:00,YZ,Inflexible_Power,27619.2,MW
2050-02-10 15:00:00,YZ,Inflexible_Power,25804.8,MW
2050-02-11 16:00:00,YZ,Inflexible_Power,24595.2,MW
2050-02-12 17:00:00,YZ,Inflexible_Power,23385.6,MW
2050-02-13 18:00:00,YZ,Inflexible_Power,20160.0,MW
2050-02-14 19:00:00,YZ,Inflexible_Power,19958.4,MW
2050-02-15 20:00:00,YZ,Inflexible_Power,20361.6,MW
2050-02-16 21:00:00,YZ,Inflexible_Power,20361.6,MW
2050-02-17 22:00:00,YZ,Inflexible_Power,20563.2,MW
2050-02-18 23:00:00,YZ,Inflexible_Power,22579.2,MW
2050-02-20 00:00:00,YZ,Inflexible_Power,26208.0,MW
2050-02-21 01:00:00,YZ,Inflexible_Power,25804.8,MW
2050-02-22 02:00:00,YZ,Inflexible_Power,26006.4,MW
2050-02-23 03:00:00,YZ,Inflexible_Power,26611.2,MW
2050-02-24 04:00:00,YZ,Inflexible_Power,24595.2,MW
2050-02-25 05:00:00,YZ,Inflexible_Power,24595.2,MW
2050-02-26 06:00:00,YZ,Inflexible_Power,26006.4,MW
2050-02-27 07:00:00,YZ,Inflexible_Power,26006.4,MW
2050-02-28 08:00:00,YZ,Inflexible_Power,26006.4,MW
2050-03-01 09:00:00,YZ,Inflexible_Power,24998.4,MW
2050-03-02 10:00:00,YZ,Inflexible_Power,25200.0,MW
2050-03-03 11:00:00,YZ,Inflexible_Power,24595.2,MW
2050-03-04 12:00:00,YZ,Inflexible_Power,24595.2,MW
2050-03-05 13:00:00,YZ,Inflexible_Power,25200.0,MW
2050-03-06 14:00:00,YZ,Inflexible_Power,25200.0,MW
2050-03-07 15:00:00,YZ,Inflexible_Power,24192.0,MW
2050-03-08 16:00:00,YZ,Inflexible_Power,23184.0,MW
2050-03-09 17:00:00,YZ,Inflexible_Power,21974.4,MW
2050-03-10 18:00:00,YZ,Inflexible_Power,19958.4,MW
2050-03-11 19:00:00,YZ,Inflexible_Power,19555.2,MW
2050-03-12 20:00:00,YZ,Inflexible_Power,19756.8,MW
2050-03-13 21:00:00,YZ,Inflexible_Power,19756.8,MW
2050-03-14 22:00:00,YZ,Inflexible_Power,19958.4,MW
2050-03-15 23:00:00,YZ,Inflexible_Power,21571.2,MW
2050-03-17 00:00:00,YZ,Inflexible_Power,21168.0,MW
2050-03-18 01:00:00,YZ,Inflexible_Power,21974.4,MW
2050-03-19 02:00:00,YZ,Inflexible_Power,25200.0,MW
2050-03-20 03:00:00,YZ,Inflexible_Power,24998.4,MW
2050-03-21 04:00:00,YZ,Inflexible_Power,25200.0,MW
2050-03-22 05:00:00,YZ,Inflexible_Power,24393.6,MW
2050-03-23 06:00:00,YZ,Inflexible_Power,24998.4,MW
2050-03-24 07:00:00,YZ,Inflexible_Power,23788.8,MW
2050-03-25 08:00:00,YZ,Inflexible_Power,22780.8,MW
2050-03-26 09:00:00,YZ,Inflexible_Power,25200.0,MW
2050-03-27 10:00:00,YZ,Inflexible_Power,24998.4,MW
2050-03-28 11:00:00,YZ,Inflexible_Power,25401.6,MW
2050-03-29 12:00:00,YZ,Inflexible_Power,25200.0,MW
2050-03-30 13:00:00,YZ,Inflexible_Power,25200.0,MW
2050-03-31 14:00:00,YZ,Inflexible_Power,24796.8,MW
2050-04-01 15:00:00,YZ,Inflexible_Power,23587.2,MW
2050-04-02 16:00:00,YZ,Inflexible_Power,23184.0,MW
2050-04-03 17:00:00,YZ,Inflexible_Power,21974.4,MW
2050-04-04 18:00:00,YZ,Inflexible_Power,19353.6,MW
2050-04-05 19:00:00,YZ,Inflexible_Power,18748.8,MW
2050-04-06 20:00:00,YZ,Inflexible_Power,19152.0,MW
2050-04-07 21:00:00,YZ,Inflexible_Power,18950.399999999998,MW
2050-04-08 22:00:00,YZ,Inflexible_Power,19152.0,MW
2050-04-09 23:00:00,YZ,Inflexible_Power,19353.6,MW
2050-04-11 00:00:00,YZ,Inflexible_Power,22982.4,MW
2050-04-12 01:00:00,YZ,Inflexible_Power,23990.4,MW
2050-04-13 02:00:00,YZ,Inflexible_Power,23385.6,MW
2050-04-14 03:00:00,YZ,Inflexible_Power,21369.6,MW
2050-04-15 04:00:00,YZ,Inflexible_Power,22176.0,MW
2050-04-16 05:00:00,YZ,Inflexible_Power,24192.0,MW
2050-04-17 06:00:00,YZ,Inflexible_Power,23788.8,MW
2050-04-18 07:00:00,YZ,Inflexible_Power,24192.0,MW
2050-04-19 08:00:00,YZ,Inflexible_Power,24192.0,MW
2050-04-20 09:00:00,YZ,Inflexible_Power,23587.2,MW
2050-04-21 10:00:00,YZ,Inflexible_Power,21369.6,MW
2050-04-22 11:00:00,YZ,Inflexible_Power,21571.2,MW
2050-04-23 12:00:00,YZ,Inflexible_Power,22982.4,MW
2050-04-24 13:00:00,YZ,Inflexible_Power,22982.4,MW
2050-04-25 14:00:00,YZ,Inflexible_Power,24192.0,MW
2050-04-26 15:00:00,YZ,Inflexible_Power,24192.0,MW
2050-04-27 16:00:00,YZ,Inflexible_Power,23184.0,MW
2050-04-28 17:00:00,YZ,Inflexible_Power,21168.0,MW
2050-04-29 18:00:00,YZ,Inflexible_Power,19152.0,MW
2050-04-30 19:00:00,YZ,Inflexible_Power,19353.6,MW
2050-05-01 20:00:00,YZ,Inflexible_Power,19555.2,MW
2050-05-02 21:00:00,YZ,Inflexible_Power,19555.2,MW
2050-05-03 22:00:00,YZ,Inflexible_Power,19353.6,MW
2050-05-04 23:00:00,YZ,Inflexible_Power,19353.6,MW
2050-05-06 00:00:00,YZ,Inflexible_Power,20160.0,MW
2050-05-07 01:00:00,YZ,Inflexible_Power,22579.2,MW
2050-05-08 02:00:00,YZ,Inflexible_Power,22982.4,MW
2050-05-09 03:00:00,YZ,Inflexible_Power,23385.6,MW
2050-05-10 04:00:00,YZ,Inflexible_Power,22982.4,MW
2050-05-11 05:00:00,YZ,Inflexible_Power,23184.0,MW
2050-05-12 06:00:00,YZ,Inflexible_Power,21168.0,MW
2050-05-13 07:00:00,YZ,Inflexible_Power,21369.6,MW
2050-05-14 08:00:00,YZ,Inflexible_Power,23184.0,MW
2050-05-15 09:00:00,YZ,Inflexible_Power,22780.8,MW
2050-05-16 10:00:00,YZ,Inflexible_Power,22982.4,MW
2050-05-17 11:00:00,YZ,Inflexible_Power,23385.6,MW
2050-05-18 12:00:00,YZ,Inflexible_Power,22982.4,MW
2050-05-19 13:00:00,YZ,Inflexible_Power,21571.2,MW
2050-05-20 14:00:00,YZ,Inflexible_Power,21571.2,MW
2050-05-21 15:00:00,YZ,Inflexible_Power,22982.4,MW
2050-05-22 16:00:00,YZ,Inflexible_Power,22780.8,MW
2050-05-23 17:00:00,YZ,Inflexible_Power,21571.2,MW
2050-05-24 18:00:00,YZ,Inflexible_Power,19958.4,MW
2050-05-25 19:00:00,YZ,Inflexible_Power,19555.2,MW
2050-05-26 20:00:00,YZ,Inflexible_Power,19353.6,MW
2050-05-27 21:00:00,YZ,Inflexible_Power,19353.6,MW
2050-05-28 22:00:00,YZ,Inflexible_Power,19555.2,MW
2050-05-29 23:00:00,YZ,Inflexible_Power,19353.6,MW
2050-05-31 00:00:00,YZ,Inflexible_Power,21571.2,MW
2050-06-01 01:00:00,YZ,Inflexible_Power,20966.4,MW
2050-06-02 02:00:00,YZ,Inflexible_Power,19555.2,MW
2050-06-03 03:00:00,YZ,Inflexible_Power,19958.4,MW
2050-06-04 04:00:00,YZ,Inflexible_Power,23587.2,MW
2050-06-05 05:00:00,YZ,Inflexible_Power,23788.8,MW
2050-06-06 06:00:00,YZ,Inflexible_Power,25401.6,MW
2050-06-07 07:00:00,YZ,Inflexible_Power,25804.8,MW
2050-06-08 08:00:00,YZ,Inflexible_Power,25804.8,MW
2050-06-09 09:00:00,YZ,Inflexible_Power,24192.0,MW
2050-06-10 10:00:00,YZ,Inflexible_Power,20966.4,MW
2050-06-11 11:00:00,YZ,Inflexible_Power,21369.6,MW
2050-06-12 12:00:00,YZ,Inflexible_Power,23788.8,MW
2050-06-13 13:00:00,YZ,Inflexible_Power,24393.6,MW
2050-06-14 14:00:00,YZ,Inflexible_Power,23990.4,MW
2050-06-15 15:00:00,YZ,Inflexible_Power,23184.0,MW
2050-06-16 16:00:00,YZ,Inflexible_Power,22982.4,MW
2050-06-17 17:00:00,YZ,Inflexible_Power,21168.0,MW
2050-06-18 18:00:00,YZ,Inflexible_Power,20361.6,MW
2050-06-19 19:00:00,YZ,Inflexible_Power,19353.6,MW
2050-06-20 20:00:00,YZ,Inflexible_Power,18547.2,MW
2050-06-21 21:00:00,YZ,Inflexible_Power,18144.0,MW
2050-06-22 22:00:00,YZ,Inflexible_Power,18144.0,MW
2050-06-23 23:00:00,YZ,Inflexible_Power,17942.4,MW
2050-06-25 00:00:00,YZ,Inflexible_Power,17942.4,MW
2050-06-26 01:00:00,YZ,Inflexible_Power,19152.0,MW
2050-06-27 02:00:00,YZ,Inflexible_Power,20966.4,MW
2050-06-28 03:00:00,YZ,Inflexible_Power,22780.8,MW
2050-06-29 04:00:00,YZ,Inflexible_Power,23385.6,MW
2050-06-30 05:00:00,YZ,Inflexible_Power,23587.2,MW
2050-07-01 06:00:00,YZ,Inflexible_Power,22377.6,MW
2050-07-02 07:00:00,YZ,Inflexible_Power,22176.0,MW
2050-07-03 08:00:00,YZ,Inflexible_Power,24192.0,MW
2050-07-04 09:00:00,YZ,Inflexible_Power,24192.0,MW
2050-07-05 10:00:00,YZ,Inflexible_Power,24192.0,MW
2050-07-06 11:00:00,YZ,Inflexible_Power,25603.2,MW
2050-07-07 12:00:00,YZ,Inflexible_Power,26006.4,MW
2050-07-08 13:00:00,YZ,Inflexible_Power,22579.2,MW
2050-07-09 14:00:00,YZ,Inflexible_Power,22579.2,MW
2050-07-10 15:00:00,YZ,Inflexible_Power,25401.6,MW
2050-07-11 16:00:00,YZ,Inflexible_Power,24796.8,MW
2050-07-12 17:00:00,YZ,Inflexible_Power,22579.2,MW
2050-07-13 18:00:00,YZ,Inflexible_Power,21369.6,MW
2050-07-14 19:00:00,YZ,Inflexible_Power,19353.6,MW
2050-07-15 20:00:00,YZ,Inflexible_Power,18547.2,MW
2050-07-16 21:00:00,YZ,Inflexible_Power,18345.6,MW
2050-07-17 22:00:00,YZ,Inflexible_Power,18345.6,MW
2050-07-18 23:00:00,YZ,Inflexible_Power,18345.6,MW
2050-07-20 00:00:00,YZ,Inflexible_Power,18345.6,MW
2050-07-21 01:00:00,YZ,Inflexible_Power,19152.0,MW
2050-07-22 02:00:00,YZ,Inflexible_Power,18748.8,MW
2050-07-23 03:00:00,YZ,Inflexible_Power,20160.0,MW
2050-07-24 04:00:00,YZ,Inflexible_Power,23587.2,MW
2050-07-25 05:00:00,YZ,Inflexible_Power,23184.0,MW
2050-07-26 06:00:00,YZ,Inflexible_Power,23587.2,MW
2050-07-27 07:00:00,YZ,Inflexible_Power,23788.8,MW
2050-07-28 08:00:00,YZ,Inflexible_Power,24192.0,MW
2050-07-29 09:00:00,YZ,Inflexible_Power,21571.2,MW
2050-07-30 10:00:00,YZ,Inflexible_Power,21772.8,MW
2050-07-31 11:00:00,YZ,Inflexible_Power,25603.2,MW
2050-08-01 12:00:00,YZ,Inflexible_Power,25200.0,MW
2050-08-02 13:00:00,YZ,Inflexible_Power,24796.8,MW
2050-08-03 14:00:00,YZ,Inflexible_Power,23788.8,MW
2050-08-04 15:00:00,YZ,Inflexible_Power,23385.6,MW
2050-08-05 16:00:00,YZ,Inflexible_Power,21772.8,MW
2050-08-06 17:00:00,YZ,Inflexible_Power,21571.2,MW
2050-08-07 18:00:00,YZ,Inflexible_Power,21974.4,MW
2050-08-08 19:00:00,YZ,Inflexible_Power,19756.8,MW
2050-08-09 20:00:00,YZ,Inflexible_Power,19353.6,MW
2050-08-10 21:00:00,YZ,Inflexible_Power,18547.2,MW
2050-08-11 22:00:00,YZ,Inflexible_Power,18144.0,MW
2050-08-12 23:00:00,YZ,Inflexible_Power,17740.8,MW
2050-08-14 00:00:00,YZ,Inflexible_Power,18144.0,MW
2050-08-15 01:00:00,YZ,Inflexible_Power,19152.0,MW
2050-08-16 02:00:00,YZ,Inflexible_Power,20764.8,MW
2050-08-17 03:00:00,YZ,Inflexible_Power,23184.0,MW
2050-08-18 04:00:00,YZ,Inflexible_Power,23385.6,MW
2050-08-19 05:00:00,YZ,Inflexible_Power,20966.4,MW
2050-08-20 06:00:00,YZ,Inflexible_Power,22176.0,MW
2050-08-21 07:00:00,YZ,Inflexible_Power,25603.2,MW
2050-08-22 08:00:00,YZ,Inflexible_Power,23184.0,MW
2050-08-23 09:00:00,YZ,Inflexible_Power,23788.8,MW
2050-08-24 10:00:00,YZ,Inflexible_Power,25200.0,MW
2050-08-25 11:00:00,YZ,Inflexible_Power,23788.8,MW
2050-08-26 12:00:00,YZ,Inflexible_Power,21168.0,MW
2050-08-27 13:00:00,YZ,Inflexible_Power,20966.4,MW
2050-08-28 14:00:00,YZ,Inflexible_Power,22982.4,MW
2050-08-29 15:00:00,YZ,Inflexible_Power,22780.8,MW
2050-08-30 16:00:00,YZ,Inflexible_Power,22377.6,MW
2050-08-31 17:00:00,YZ,Inflexible_Power,21974.4,MW
2050-09-01 18:00:00,YZ,Inflexible_Power,20966.4,MW
2050-09-02 19:00:00,YZ,Inflexible_Power,20160.0,MW
2050-09-03 20:00:00,YZ,Inflexible_Power,19555.2,MW
2050-09-04 21:00:00,YZ,Inflexible_Power,19152.0,MW
2050-09-05 22:00:00,YZ,Inflexible_Power,19152.0,MW
2050-09-06 23:00:00,YZ,Inflexible_Power,19152.0,MW
2050-09-08 00:00:00,YZ,Inflexible_Power,19152.0,MW
2050-09-09 01:00:00,YZ,Inflexible_Power,19555.2,MW
2050-09-10 02:00:00,YZ,Inflexible_Power,19756.8,MW
2050-09-11 03:00:00,YZ,Inflexible_Power,22982.4,MW
2050-09-12 04:00:00,YZ,Inflexible_Power,23788.8,MW
2050-09-13 05:00:00,YZ,Inflexible_Power,24393.6,MW
2050-09-14 06:00:00,YZ,Inflexible_Power,23385.6,MW
2050-09-15 07:00:00,YZ,Inflexible_Power,23385.6,MW
2050-09-16 08:00:00,YZ,Inflexible_Power,21168.0,MW
2050-09-17 09:00:00,YZ,Inflexible_Power,21571.2,MW
2050-09-18 10:00:00,YZ,Inflexible_Power,23587.2,MW
2050-09-19 11:00:00,YZ,Inflexible_Power,23385.6,MW
2050-09-20 12:00:00,YZ,Inflexible_Power,23587.2,MW
2050-09-21 13:00:00,YZ,Inflexible_Power,23184.0,MW
2050-09-22 14:00:00,YZ,Inflexible_Power,23184.0,MW
2050-09-23 15:00:00,YZ,Inflexible_Power,21571.2,MW
2050-09-24 16:00:00,YZ,Inflexible_Power,22176.0,MW
2050-09-25 17:00:00,YZ,Inflexible_Power,22780.8,MW
2050-09-26 18:00:00,YZ,Inflexible_Power,21571.2,MW
2050-09-27 19:00:00,YZ,Inflexible_Power,20160.0,MW
2050-09-28 20:00:00,YZ,Inflexible_Power,19353.6,MW
2050-09-29 21:00:00,YZ,Inflexible_Power,19152.0,MW
2050-09-30 22:00:00,YZ,Inflexible_Power,19152.0,MW
2050-10-01 23:00:00,YZ,Inflexible_Power,19353.6,MW
2050-10-03 00:00:00,YZ,Inflexible_Power,20160.0,MW
2050-10-04 01:00:00,YZ,Inflexible_Power,23184.0,MW
2050-10-05 02:00:00,YZ,Inflexible_Power,24192.0,MW
2050-10-06 03:00:00,YZ,Inflexible_Power,23587.2,MW
2050-10-07 04:00:00,YZ,Inflexible_Power,21974.4,MW
2050-10-08 05:00:00,YZ,Inflexible_Power,23184.0,MW
2050-10-09 06:00:00,YZ,Inflexible_Power,24595.2,MW
2050-10-10 07:00:00,YZ,Inflexible_Power,24595.2,MW
2050-10-11 08:00:00,YZ,Inflexible_Power,24192.0,MW
2050-10-12 09:00:00,YZ,Inflexible_Power,23587.2,MW
2050-10-13 10:00:00,YZ,Inflexible_Power,23184.0,MW
2050-10-14 11:00:00,YZ,Inflexible_Power,23788.8,MW
2050-10-15 12:00:00,YZ,Inflexible_Power,24192.0,MW
2050-10-16 13:00:00,YZ,Inflexible_Power,24595.2,MW
2050-10-17 14:00:00,YZ,Inflexible_Power,24595.2,MW
2050-10-18 15:00:00,YZ,Inflexible_Power,24393.6,MW
2050-10-19 16:00:00,YZ,Inflexible_Power,23990.4,MW
2050-10-20 17:00:00,YZ,Inflexible_Power,22982.4,MW
2050-10-21 18:00:00,YZ,Inflexible_Power,22176.0,MW
2050-10-22 19:00:00,YZ,Inflexible_Power,19353.6,MW
2050-10-23 20:00:00,YZ,Inflexible_Power,18950.399999999998,MW
2050-10-24 21:00:00,YZ,Inflexible_Power,19152.0,MW
2050-10-25 22:00:00,YZ,Inflexible_Power,18950.399999999998,MW
2050-10-26 23:00:00,YZ,Inflexible_Power,18950.399999999998,MW
2050-10-28 00:00:00,YZ,Inflexible_Power,19555.2,MW
2050-10-29 01:00:00,YZ,Inflexible_Power,19756.8,MW
2050-10-30 02:00:00,YZ,Inflexible_Power,23788.8,MW
2050-10-31 03:00:00,YZ,Inflexible_Power,23587.2,MW
2050-11-01 04:00:00,YZ,Inflexible_Power,24192.0,MW
2050-11-02 05:00:00,YZ,Inflexible_Power,26006.4,MW
2050-11-03 06:00:00,YZ,Inflexible_Power,26006.4,MW
2050-11-04 07:00:00,YZ,Inflexible_Power,24595.2,MW
2050-11-05 08:00:00,YZ,Inflexible_Power,24595.2,MW
2050-11-06 09:00:00,YZ,Inflexible_Power,26006.4,MW
2050-11-07 10:00:00,YZ,Inflexible_Power,26006.4,MW
2050-11-08 11:00:00,YZ,Inflexible_Power,26409.6,MW
2050-11-09 12:00:00,YZ,Inflexible_Power,27216.0,MW
2050-11-10 13:00:00,YZ,Inflexible_Power,27216.0,MW
2050-11-11 14:00:00,YZ,Inflexible_Power,26409.6,MW
2050-11-12 15:00:00,YZ,Inflexible_Power,26409.6,MW
2050-11-13 16:00:00,YZ,Inflexible_Power,26611.2,MW
2050-11-14 17:00:00,YZ,Inflexible_Power,24998.4,MW
2050-11-15 18:00:00,YZ,Inflexible_Power,23587.2,MW
2050-11-16 19:00:00,YZ,Inflexible_Power,21168.0,MW
2050-11-17 20:00:00,YZ,Inflexible_Power,20361.6,MW
2050-11-18 21:00:00,YZ,Inflexible_Power,19958.4,MW
2050-11-19 22:00:00,YZ,Inflexible_Power,19958.4,MW
2050-11-20 23:00:00,YZ,Inflexible_Power,20160.0,MW
2050-11-22 00:00:00,YZ,Inflexible_Power,21369.6,MW
2050-11-23 01:00:00,YZ,Inflexible_Power,24998.4,MW
2050-11-24 02:00:00,YZ,Inflexible_Power,25804.8,MW
2050-11-25 03:00:00,YZ,Inflexible_Power,23184.0,MW
2050-11-26 04:00:00,YZ,Inflexible_Power,24998.4,MW
2050-11-27 05:00:00,YZ,Inflexible_Power,26611.2,MW
2050-11-28 06:00:00,YZ,Inflexible_Power,26006.4,MW
2050-11-29 07:00:00,YZ,Inflexible_Power,26006.4,MW
2050-11-30 08:00:00,YZ,Inflexible_Power,26006.4,MW
2050-12-01 09:00:00,YZ,Inflexible_Power,26006.4,MW
2050-12-02 10:00:00,YZ,Inflexible_Power,26006.4,MW
2050-12-03 11:00:00,YZ,Inflexible_Power,26208.0,MW
2050-12-04 12:00:00,YZ,Inflexible_Power,27820.8,MW
2050-12-05 13:00:00,YZ,Inflexible_Power,28022.4,MW
2050-12-06 14:00:00,YZ,Inflexible_Power,28022.4,MW
2050-12-07 15:00:00,YZ,Inflexible_Power,28022.4,MW
2050-12-08 16:00:00,YZ,Inflexible_Power,26611.2,MW
2050-12-09 17:00:00,YZ,Inflexible_Power,24796.8,MW
2050-12-10 18:00:00,YZ,Inflexible_Power,24192.0,MW
2050-12-11 19:00:00,YZ,Inflexible_Power,20764.8,MW
2050-12-12 20:00:00,YZ,Inflexible_Power,20361.6,MW
2050-12-13 21:00:00,YZ,Inflexible_Power,20563.2,MW
2050-12-14 22:00:00,YZ,Inflexible_Power,20764.8,MW
2050-12-15 23:00:00,YZ,Inflexible_Power,20764.8,MW
2050-12-17 00:00:00,YZ,Inflexible_Power,20764.8,MW
2050-12-18 01:00:00,YZ,Inflexible_Power,24998.4,MW
2050-12-19 02:00:00,YZ,Inflexible_Power,26208.0,MW
2050-12-20 03:00:00,YZ,Inflexible_Power,26409.6,MW
2050-12-21 04:00:00,YZ,Inflexible_Power,26611.2,MW
2050-12-22 05:00:00,YZ,Inflexible_Power,27216.0,MW
2050-12-23 06:00:00,YZ,Inflexible_Power,26208.0,MW
2050-12-24 07:00:00,YZ,Inflexible_Power,25804.8,MW
2050-12-25 08:00:00,YZ,Inflexible_Power,26812.8,MW
2050-12-26 09:00:00,YZ,Inflexible_Power,26812.8,MW
2050-12-27 10:00:00,YZ,Inflexible_Power,26812.8,MW
2050-12-28 11:00:00,YZ,Inflexible_Power,27014.4,MW
2050-12-29 12:00:00,YZ,Inflexible_Power,28022.4,MW
2050-12-30 13:00:00,YZ,Inflexible_Power,26611.2,MW
2050-12-31 14:00:00,YZ,Inflexible_Power,27014.4,MW
2051-01-01 15:00:00,YZ,Inflexible_Power,27820.8,MW
2050-01-01 00:00:00,YZ,Flexible_Industry_Heat,9729.148212514183,MW
2050-01-02 01:00:00,YZ,Flexible_Industry_Heat,3307.7999999977,MW
2050-01-03 02:00:00,YZ,Flexible_Industry_Heat,2985.3999999977004,MW
2050-01-04 03:00:00,YZ,Flexible_Industry_Heat,2904.7999999977,MW
2050-01-05 04:00:00,YZ,Flexible_Industry_Heat,7998.278012838666,MW
2050-01-06 05:00:00,YZ,Flexible_Industry_Heat,9501.80459788171,MW
2050-01-07 06:00:00,YZ,Flexible_Industry_Heat,8580.13811267801,MW
2050-01-08 07:00:00,YZ,Flexible_Industry_Heat,8373.686255442568,MW
2050-01-09 08:00:00,YZ,Flexible_Industry_Heat,8982.60336450493,MW
2050-01-10 09:00:00,YZ,Flexible_Industry_Heat,9143.699999997898,MW
2050-01-11 10:00:00,YZ,Flexible_Industry_Heat,8303.700000002149,MW
2050-01-12 11:00:00,YZ,Flexible_Industry_Heat,12655.499871840924,MW
2050-01-13 12:00:00,YZ,Flexible_Industry_Heat,14326.900000001515,MW
2050-01-14 13:00:00,YZ,Flexible_Industry_Heat,14497.900000001517,MW
2050-01-15 14:00:00,YZ,Flexible_Industry_Heat,12222.858577689229,MW
2050-01-16 15:00:00,YZ,Flexible_Industry_Heat,13018.070216507362,MW
2050-01-17 16:00:00,YZ,Flexible_Industry_Heat,9898.316094644817,MW
2050-01-18 17:00:00,YZ,Flexible_Industry_Heat,8827.875583096324,MW
2050-01-19 18:00:00,YZ,Flexible_Industry_Heat,7786.639064568457,MW
2050-01-20 19:00:00,YZ,Flexible_Industry_Heat,8633.804818952905,MW
2050-01-21 20:00:00,YZ,Flexible_Industry_Heat,9918.602143645649,MW
2050-01-22 21:00:00,YZ,Flexible_Industry_Heat,8662.082450513135,MW
2050-01-23 22:00:00,YZ,Flexible_Industry_Heat,9378.115919322308,MW
2050-01-24 23:00:00,YZ,Flexible_Industry_Heat,10423.41034697469,MW
2050-01-26 00:00:00,YZ,Flexible_Industry_Heat,9473.296703147345,MW
2050-01-27 01:00:00,YZ,Flexible_Industry_Heat,10658.591594704898,MW
2050-01-28 02:00:00,YZ,Flexible_Industry_Heat,11173.280063325394,MW
2050-01-29 03:00:00,YZ,Flexible_Industry_Heat,2340.5999999977003,MW
2050-01-30 04:00:00,YZ,Flexible_Industry_Heat,2662.9999999977,MW
2050-01-31 05:00:00,YZ,Flexible_Industry_Heat,2582.3999999977004,MW
2050-02-01 06:00:00,YZ,Flexible_Industry_Heat,7485.7999999997,MW
2050-02-02 07:00:00,YZ,Flexible_Industry_Heat,8051.999999998,MW
2050-02-03 08:00:00,YZ,Flexible_Industry_Heat,4194.3999999977,MW
2050-02-04 09:00:00,YZ,Flexible_Industry_Heat,8109.699999999901,MW
2050-02-05 10:00:00,YZ,Flexible_Industry_Heat,13409.671537354869,MW
2050-02-06 11:00:00,YZ,Flexible_Industry_Heat,12944.300000001816,MW
2050-02-07 12:00:00,YZ,Flexible_Industry_Heat,14522.500000001492,MW
2050-02-08 13:00:00,YZ,Flexible_Industry_Heat,14212.900000001517,MW
2050-02-09 14:00:00,YZ,Flexible_Industry_Heat,14250.900000001517,MW
2050-02-10 15:00:00,YZ,Flexible_Industry_Heat,11439.17480573234,MW
2050-02-11 16:00:00,YZ,Flexible_Industry_Heat,13557.907725275727,MW
2050-02-12 17:00:00,YZ,Flexible_Industry_Heat,11065.76164946342,MW
2050-02-13 18:00:00,YZ,Flexible_Industry_Heat,10840.483289643398,MW
2050-02-14 19:00:00,YZ,Flexible_Industry_Heat,7826.2000000003,MW
2050-02-15 20:00:00,YZ,Flexible_Industry_Heat,8508.244670217586,MW
2050-02-16 21:00:00,YZ,Flexible_Industry_Heat,8353.899999997899,MW
2050-02-17 22:00:00,YZ,Flexible_Industry_Heat,10768.06323673221,MW
2050-02-18 23:00:00,YZ,Flexible_Industry_Heat,4363.399999998001,MW
2050-02-20 00:00:00,YZ,Flexible_Industry_Heat,3630.1999999976997,MW
2050-02-21 01:00:00,YZ,Flexible_Industry_Heat,2662.9999999977,MW
2050-02-22 02:00:00,YZ,Flexible_Industry_Heat,9620.761253967188,MW
2050-02-23 03:00:00,YZ,Flexible_Industry_Heat,10266.858529315246,MW
2050-02-24 04:00:00,YZ,Flexible_Industry_Heat,8748.343251504586,MW
2050-02-25 05:00:00,YZ,Flexible_Industry_Heat,8807.261796887704,MW
2050-02-26 06:00:00,YZ,Flexible_Industry_Heat,8042.245426596638,MW
2050-02-27 07:00:00,YZ,Flexible_Industry_Heat,10786.487754833004,MW
2050-02-28 08:00:00,YZ,Flexible_Industry_Heat,8109.699999999901,MW
2050-03-01 09:00:00,YZ,Flexible_Industry_Heat,8824.455180281555,MW
2050-03-02 10:00:00,YZ,Flexible_Industry_Heat,14231.900000001515,MW
2050-03-03 11:00:00,YZ,Flexible_Industry_Heat,14522.500000001492,MW
2050-03-04 12:00:00,YZ,Flexible_Industry_Heat,14522.500000001492,MW
2050-03-05 13:00:00,YZ,Flexible_Industry_Heat,14522.500000001492,MW
2050-03-06 14:00:00,YZ,Flexible_Industry_Heat,14522.500000001492,MW
2050-03-07 15:00:00,YZ,Flexible_Industry_Heat,14522.500000001492,MW
2050-03-08 16:00:00,YZ,Flexible_Industry_Heat,14193.900000001517,MW
2050-03-09 17:00:00,YZ,Flexible_Industry_Heat,14231.900000001515,MW
2050-03-10 18:00:00,YZ,Flexible_Industry_Heat,13387.383366400813,MW
2050-03-11 19:00:00,YZ,Flexible_Industry_Heat,9368.625053627398,MW
2050-03-12 20:00:00,YZ,Flexible_Industry_Heat,9368.625053627398,MW
2050-03-13 21:00:00,YZ,Flexible_Industry_Heat,8109.699999999901,MW
2050-03-14 22:00:00,YZ,Flexible_Industry_Heat,10442.06429657363,MW
2050-03-15 23:00:00,YZ,Flexible_Industry_Heat,10696.177981688474,MW
2050-03-17 00:00:00,YZ,Flexible_Industry_Heat,11396.100000000773,MW
2050-03-18 01:00:00,YZ,Flexible_Industry_Heat,9826.592884127149,MW
2050-03-19 02:00:00,YZ,Flexible_Industry_Heat,10885.48927646965,MW
2050-03-20 03:00:00,YZ,Flexible_Industry_Heat,2528.3479976708004,MW
2050-03-21 04:00:00,YZ,Flexible_Industry_Heat,2098.7999999977,MW
2050-03-22 05:00:00,YZ,Flexible_Industry_Heat,8662.569225584422,MW
2050-03-23 06:00:00,YZ,Flexible_Industry_Heat,10965.000000000875,MW
2050-03-24 07:00:00,YZ,Flexible_Industry_Heat,10001.650693808402,MW
2050-03-25 08:00:00,YZ,Flexible_Industry_Heat,12672.50000000159,MW
2050-03-26 09:00:00,YZ,Flexible_Industry_Heat,12688.668487225365,MW
2050-03-27 10:00:00,YZ,Flexible_Industry_Heat,13322.393559655111,MW
2050-03-28 11:00:00,YZ,Flexible_Industry_Heat,14522.500000001492,MW
2050-03-29 12:00:00,YZ,Flexible_Industry_Heat,14174.900000001515,MW
2050-03-30 13:00:00,YZ,Flexible_Industry_Heat,14212.900000001517,MW
2050-03-31 14:00:00,YZ,Flexible_Industry_Heat,14522.500000001492,MW
2050-04-01 15:00:00,YZ,Flexible_Industry_Heat,14522.500000001492,MW
2050-04-02 16:00:00,YZ,Flexible_Industry_Heat,14522.500000001492,MW
2050-04-03 17:00:00,YZ,Flexible_Industry_Heat,14522.500000001492,MW
2050-04-04 18:00:00,YZ,Flexible_Industry_Heat,11222.9064231979,MW
2050-04-05 19:00:00,YZ,Flexible_Industry_Heat,11541.90910900786,MW
2050-04-06 20:00:00,YZ,Flexible_Industry_Heat,7313.091162957635,MW
2050-04-07 21:00:00,YZ,Flexible_Industry_Heat,11817.306003797032,MW
2050-04-08 22:00:00,YZ,Flexible_Industry_Heat,10819.694687195484,MW
2050-04-09 23:00:00,YZ,Flexible_Industry_Heat,12672.50000000159,MW
2050-04-11 00:00:00,YZ,Flexible_Industry_Heat,11302.027955315742,MW
2050-04-12 01:00:00,YZ,Flexible_Industry_Heat,9194.574901244616,MW
2050-04-13 02:00:00,YZ,Flexible_Industry_Heat,10105.700000000772,MW
2050-04-14 03:00:00,YZ,Flexible_Industry_Heat,9771.987679948594,MW
2050-04-15 04:00:00,YZ,Flexible_Industry_Heat,8442.914594059364,MW
2050-04-16 05:00:00,YZ,Flexible_Industry_Heat,7739.0,MW
2050-04-17 06:00:00,YZ,Flexible_Industry_Heat,3307.7999999977,MW
2050-04-18 07:00:00,YZ,Flexible_Industry_Heat,7528.5000000019,MW
2050-04-19 08:00:00,YZ,Flexible_Industry_Heat,13545.661261722218,MW
2050-04-20 09:00:00,YZ,Flexible_Industry_Heat,14193.900000001517,MW
2050-04-21 10:00:00,YZ,Flexible_Industry_Heat,14522.500000001492,MW
2050-04-22 11:00:00,YZ,Flexible_Industry_Heat,14522.500000001492,MW
2050-04-23 12:00:00,YZ,Flexible_Industry_Heat,14522.500000001492,MW
2050-04-24 13:00:00,YZ,Flexible_Industry_Heat,14522.500000001492,MW
2050-04-25 14:00:00,YZ,Flexible_Industry_Heat,14510.300000001516,MW
2050-04-26 15:00:00,YZ,Flexible_Industry_Heat,14155.900000001515,MW
2050-04-27 16:00:00,YZ,Flexible_Industry_Heat,13710.272082837108,MW
2050-04-28 17:00:00,YZ,Flexible_Industry_Heat,13209.500000000873,MW
2050-04-29 18:00:00,YZ,Flexible_Industry_Heat,11842.046042230639,MW
2050-04-30 19:00:00,YZ,Flexible_Industry_Heat,9368.625053627398,MW
2050-05-01 20:00:00,YZ,Flexible_Industry_Heat,9368.625053627398,MW
2050-05-02 21:00:00,YZ,Flexible_Industry_Heat,9506.00500701509,MW
2050-05-03 22:00:00,YZ,Flexible_Industry_Heat,11396.100000000773,MW
2050-05-04 23:00:00,YZ,Flexible_Industry_Heat,11589.900000000773,MW
2050-05-06 00:00:00,YZ,Flexible_Industry_Heat,8749.381200475424,MW
2050-05-07 01:00:00,YZ,Flexible_Industry_Heat,4533.787906607283,MW
2050-05-08 02:00:00,YZ,Flexible_Industry_Heat,4920.403196148923,MW
2050-05-09 03:00:00,YZ,Flexible_Industry_Heat,10536.787707610945,MW
2050-05-10 04:00:00,YZ,Flexible_Industry_Heat,7092.8,MW
2050-05-11 05:00:00,YZ,Flexible_Industry_Heat,7878.299999999901,MW
2050-05-12 06:00:00,YZ,Flexible_Industry_Heat,11525.300000000772,MW
2050-05-13 07:00:00,YZ,Flexible_Industry_Heat,12042.100000000773,MW
2050-05-14 08:00:00,YZ,Flexible_Industry_Heat,12483.736512759291,MW
2050-05-15 09:00:00,YZ,Flexible_Industry_Heat,14522.500000001492,MW
2050-05-16 10:00:00,YZ,Flexible_Industry_Heat,14497.900000001517,MW
2050-05-17 11:00:00,YZ,Flexible_Industry_Heat,14136.900000001515,MW
2050-05-18 12:00:00,YZ,Flexible_Industry_Heat,14174.900000001515,MW
2050-05-19 13:00:00,YZ,Flexible_Industry_Heat,14510.300000001516,MW
2050-05-20 14:00:00,YZ,Flexible_Industry_Heat,14522.500000001492,MW
2050-05-21 15:00:00,YZ,Flexible_Industry_Heat,14522.500000001492,MW
2050-05-22 16:00:00,YZ,Flexible_Industry_Heat,14522.500000001492,MW
2050-05-23 17:00:00,YZ,Flexible_Industry_Heat,14497.900000001517,MW
2050-05-24 18:00:00,YZ,Flexible_Industry_Heat,11029.504550548783,MW
2050-05-25 19:00:00,YZ,Flexible_Industry_Heat,11483.400000001124,MW
2050-05-26 20:00:00,YZ,Flexible_Industry_Heat,12095.403996468587,MW
2050-05-27 21:00:00,YZ,Flexible_Industry_Heat,8109.699999999901,MW
2050-05-28 22:00:00,YZ,Flexible_Industry_Heat,10072.162877485423,MW
2050-05-29 23:00:00,YZ,Flexible_Industry_Heat,11547.789027470186,MW
2050-05-31 00:00:00,YZ,Flexible_Industry_Heat,7732.400000000001,MW
2050-06-01 01:00:00,YZ,Flexible_Industry_Heat,7495.8,MW
2050-06-02 02:00:00,YZ,Flexible_Industry_Heat,8331.499591283437,MW
2050-06-03 03:00:00,YZ,Flexible_Industry_Heat,9529.305611923182,MW
2050-06-04 04:00:00,YZ,Flexible_Industry_Heat,8001.299999999901,MW
2050-06-05 05:00:00,YZ,Flexible_Industry_Heat,9804.775963058004,MW
2050-06-06 06:00:00,YZ,Flexible_Industry_Heat,2743.5999999977003,MW
2050-06-07 07:00:00,YZ,Flexible_Industry_Heat,14478.900000001517,MW
2050-06-08 08:00:00,YZ,Flexible_Industry_Heat,3002.561532925719,MW
2050-06-09 09:00:00,YZ,Flexible_Industry_Heat,7739.0,MW
2050-06-10 10:00:00,YZ,Flexible_Industry_Heat,13243.569655008629,MW
2050-06-11 11:00:00,YZ,Flexible_Industry_Heat,14108.21749165623,MW
2050-06-12 12:00:00,YZ,Flexible_Industry_Heat,14522.500000001492,MW
2050-06-13 13:00:00,YZ,Flexible_Industry_Heat,14522.500000001492,MW
2050-06-14 14:00:00,YZ,Flexible_Industry_Heat,14478.900000001517,MW
2050-06-15 15:00:00,YZ,Flexible_Industry_Heat,14043.900000001515,MW
2050-06-16 16:00:00,YZ,Flexible_Industry_Heat,14155.900000001515,MW
2050-06-17 17:00:00,YZ,Flexible_Industry_Heat,14137.900000001267,MW
2050-06-18 18:00:00,YZ,Flexible_Industry_Heat,13912.00264062317,MW
2050-06-19 19:00:00,YZ,Flexible_Industry_Heat,14522.500000001492,MW
2050-06-20 20:00:00,YZ,Flexible_Industry_Heat,9660.557402801312,MW
2050-06-21 21:00:00,YZ,Flexible_Industry_Heat,9143.699999997898,MW
2050-06-22 22:00:00,YZ,Flexible_Industry_Heat,8027.699999999901,MW
2050-06-23 23:00:00,YZ,Flexible_Industry_Heat,8362.246410521615,MW
2050-06-25 00:00:00,YZ,Flexible_Industry_Heat,9913.406663447911,MW
2050-06-26 01:00:00,YZ,Flexible_Industry_Heat,8088.658016650528,MW
2050-06-27 02:00:00,YZ,Flexible_Industry_Heat,8775.552943166571,MW
2050-06-28 03:00:00,YZ,Flexible_Industry_Heat,7981.499999999901,MW
2050-06-29 04:00:00,YZ,Flexible_Industry_Heat,7254.0,MW
2050-06-30 05:00:00,YZ,Flexible_Industry_Heat,7092.8,MW
2050-07-01 06:00:00,YZ,Flexible_Industry_Heat,7699.400000000001,MW
2050-07-02 07:00:00,YZ,Flexible_Industry_Heat,7793.599999998,MW
2050-07-03 08:00:00,YZ,Flexible_Industry_Heat,7893.307041889574,MW
2050-07-04 09:00:00,YZ,Flexible_Industry_Heat,9577.573758071692,MW
2050-07-05 10:00:00,YZ,Flexible_Industry_Heat,12052.434812395517,MW
2050-07-06 11:00:00,YZ,Flexible_Industry_Heat,13419.327967447534,MW
2050-07-07 12:00:00,YZ,Flexible_Industry_Heat,14155.900000001515,MW
2050-07-08 13:00:00,YZ,Flexible_Industry_Heat,14497.900000001517,MW
2050-07-09 14:00:00,YZ,Flexible_Industry_Heat,14522.500000001492,MW
2050-07-10 15:00:00,YZ,Flexible_Industry_Heat,14522.500000001492,MW
2050-07-11 16:00:00,YZ,Flexible_Industry_Heat,14219.500000003125,MW
2050-07-12 17:00:00,YZ,Flexible_Industry_Heat,14118.900000001267,MW
2050-07-13 18:00:00,YZ,Flexible_Industry_Heat,13037.894391148668,MW
2050-07-14 19:00:00,YZ,Flexible_Industry_Heat,11720.700000001023,MW
2050-07-15 20:00:00,YZ,Flexible_Industry_Heat,9490.889178756066,MW
2050-07-16 21:00:00,YZ,Flexible_Industry_Heat,8381.298544038173,MW
2050-07-17 22:00:00,YZ,Flexible_Industry_Heat,8360.99668623613,MW
2050-07-18 23:00:00,YZ,Flexible_Industry_Heat,8284.784056985494,MW
2050-07-20 00:00:00,YZ,Flexible_Industry_Heat,8935.984296813323,MW
2050-07-21 01:00:00,YZ,Flexible_Industry_Heat,8007.8999999999005,MW
2050-07-22 02:00:00,YZ,Flexible_Industry_Heat,8977.680412792737,MW
2050-07-23 03:00:00,YZ,Flexible_Industry_Heat,7695.366671831485,MW
2050-07-24 04:00:00,YZ,Flexible_Industry_Heat,2099.5602643201255,MW
2050-07-25 05:00:00,YZ,Flexible_Industry_Heat,7706.0,MW
2050-07-26 06:00:00,YZ,Flexible_Industry_Heat,8645.047777210833,MW
2050-07-27 07:00:00,YZ,Flexible_Industry_Heat,7994.699999999901,MW
2050-07-28 08:00:00,YZ,Flexible_Industry_Heat,8040.8999999999005,MW
2050-07-29 09:00:00,YZ,Flexible_Industry_Heat,8911.699999997898,MW
2050-07-30 10:00:00,YZ,Flexible_Industry_Heat,12861.08006635903,MW
2050-07-31 11:00:00,YZ,Flexible_Industry_Heat,13919.630638664989,MW
2050-08-01 12:00:00,YZ,Flexible_Industry_Heat,14443.500000001124,MW
2050-08-02 13:00:00,YZ,Flexible_Industry_Heat,14478.900000001517,MW
2050-08-03 14:00:00,YZ,Flexible_Industry_Heat,14043.900000001515,MW
2050-08-04 15:00:00,YZ,Flexible_Industry_Heat,14155.900000001515,MW
2050-08-05 16:00:00,YZ,Flexible_Industry_Heat,14497.900000001517,MW
2050-08-06 17:00:00,YZ,Flexible_Industry_Heat,13209.500000000873,MW
2050-08-07 18:00:00,YZ,Flexible_Industry_Heat,11411.504270514446,MW
2050-08-08 19:00:00,YZ,Flexible_Industry_Heat,10829.99339035255,MW
2050-08-09 20:00:00,YZ,Flexible_Industry_Heat,9085.699999997898,MW
2050-08-10 21:00:00,YZ,Flexible_Industry_Heat,8739.835931258043,MW
2050-08-11 22:00:00,YZ,Flexible_Industry_Heat,9216.323536300304,MW
2050-08-12 23:00:00,YZ,Flexible_Industry_Heat,12672.50000000159,MW
2050-08-14 00:00:00,YZ,Flexible_Industry_Heat,10703.983188761775,MW
2050-08-15 01:00:00,YZ,Flexible_Industry_Heat,8087.099999999901,MW
2050-08-16 02:00:00,YZ,Flexible_Industry_Heat,2340.5999999977003,MW
2050-08-17 03:00:00,YZ,Flexible_Industry_Heat,1615.1999999977002,MW
2050-08-18 04:00:00,YZ,Flexible_Industry_Heat,1131.5999999977,MW
2050-08-19 05:00:00,YZ,Flexible_Industry_Heat,3023.281871087229,MW
2050-08-20 06:00:00,YZ,Flexible_Industry_Heat,9483.302266645394,MW
2050-08-21 07:00:00,YZ,Flexible_Industry_Heat,4605.874162245829,MW
2050-08-22 08:00:00,YZ,Flexible_Industry_Heat,8853.699999997898,MW
2050-08-23 09:00:00,YZ,Flexible_Industry_Heat,10477.456707262087,MW
2050-08-24 10:00:00,YZ,Flexible_Industry_Heat,10549.745925510677,MW
2050-08-25 11:00:00,YZ,Flexible_Industry_Heat,13116.416912972936,MW
2050-08-26 12:00:00,YZ,Flexible_Industry_Heat,14497.900000001517,MW
2050-08-27 13:00:00,YZ,Flexible_Industry_Heat,14522.500000001492,MW
2050-08-28 14:00:00,YZ,Flexible_Industry_Heat,14522.500000001492,MW
2050-08-29 15:00:00,YZ,Flexible_Industry_Heat,14522.500000001492,MW
2050-08-30 16:00:00,YZ,Flexible_Industry_Heat,14478.900000001517,MW
2050-08-31 17:00:00,YZ,Flexible_Industry_Heat,14043.900000001515,MW
2050-09-01 18:00:00,YZ,Flexible_Industry_Heat,11797.561961001356,MW
2050-09-02 19:00:00,YZ,Flexible_Industry_Heat,11943.966750851523,MW
2050-09-03 20:00:00,YZ,Flexible_Industry_Heat,12672.50000000159,MW
2050-09-04 21:00:00,YZ,Flexible_Industry_Heat,10347.21828087938,MW
2050-09-05 22:00:00,YZ,Flexible_Industry_Heat,8109.699999999901,MW
2050-09-06 23:00:00,YZ,Flexible_Industry_Heat,9085.699999997898,MW
2050-09-08 00:00:00,YZ,Flexible_Industry_Heat,11331.500000000773,MW
2050-09-09 01:00:00,YZ,Flexible_Industry_Heat,10634.566742249253,MW
2050-09-10 02:00:00,YZ,Flexible_Industry_Heat,11047.798051985266,MW
2050-09-11 03:00:00,YZ,Flexible_Industry_Heat,7692.8,MW
2050-09-12 04:00:00,YZ,Flexible_Industry_Heat,7972.29006138512,MW
2050-09-13 05:00:00,YZ,Flexible_Industry_Heat,7657.0,MW
2050-09-14 06:00:00,YZ,Flexible_Industry_Heat,7334.6,MW
2050-09-15 07:00:00,YZ,Flexible_Industry_Heat,7699.400000000001,MW
2050-09-16 08:00:00,YZ,Flexible_Industry_Heat,8483.0999999979,MW
2050-09-17 09:00:00,YZ,Flexible_Industry_Heat,12601.500000001024,MW
2050-09-18 10:00:00,YZ,Flexible_Industry_Heat,11915.76403178306,MW
2050-09-19 11:00:00,YZ,Flexible_Industry_Heat,14522.500000001492,MW
2050-09-20 12:00:00,YZ,Flexible_Industry_Heat,14478.900000001517,MW
2050-09-21 13:00:00,YZ,Flexible_Industry_Heat,14043.900000001515,MW
2050-09-22 14:00:00,YZ,Flexible_Industry_Heat,14155.900000001517,MW
2050-09-23 15:00:00,YZ,Flexible_Industry_Heat,14497.900000001517,MW
2050-09-24 16:00:00,YZ,Flexible_Industry_Heat,14522.500000001492,MW
2050-09-25 17:00:00,YZ,Flexible_Industry_Heat,14522.500000001492,MW
2050-09-26 18:00:00,YZ,Flexible_Industry_Heat,12304.081019074552,MW
2050-09-27 19:00:00,YZ,Flexible_Industry_Heat,12598.736054460836,MW
2050-09-28 20:00:00,YZ,Flexible_Industry_Heat,9985.96403624688,MW
2050-09-29 21:00:00,YZ,Flexible_Industry_Heat,8040.8999999999005,MW
2050-09-30 22:00:00,YZ,Flexible_Industry_Heat,8327.347998212772,MW
2050-10-01 23:00:00,YZ,Flexible_Industry_Heat,9259.699999997898,MW
2050-10-03 00:00:00,YZ,Flexible_Industry_Heat,8459.717353661505,MW
2050-10-04 01:00:00,YZ,Flexible_Industry_Heat,6674.1853153864395,MW
2050-10-05 02:00:00,YZ,Flexible_Industry_Heat,9671.665653922984,MW
2050-10-06 03:00:00,YZ,Flexible_Industry_Heat,8995.777453611707,MW
2050-10-07 04:00:00,YZ,Flexible_Industry_Heat,9828.500000000773,MW
2050-10-08 05:00:00,YZ,Flexible_Industry_Heat,9565.670186609252,MW
2050-10-09 06:00:00,YZ,Flexible_Industry_Heat,7491.728734789158,MW
2050-10-10 07:00:00,YZ,Flexible_Industry_Heat,3227.1999999976997,MW
2050-10-11 08:00:00,YZ,Flexible_Industry_Heat,3388.3999999977004,MW
2050-10-12 09:00:00,YZ,Flexible_Industry_Heat,8074.268044698795,MW
2050-10-13 10:00:00,YZ,Flexible_Industry_Heat,13856.751470788404,MW
2050-10-14 11:00:00,YZ,Flexible_Industry_Heat,14510.300000001516,MW
2050-10-15 12:00:00,YZ,Flexible_Industry_Heat,14522.500000001492,MW
2050-10-16 13:00:00,YZ,Flexible_Industry_Heat,14522.500000001492,MW
2050-10-17 14:00:00,YZ,Flexible_Industry_Heat,14522.500000001492,MW
2050-10-18 15:00:00,YZ,Flexible_Industry_Heat,14415.749913258278,MW
2050-10-19 16:00:00,YZ,Flexible_Industry_Heat,12361.55564774702,MW
2050-10-20 17:00:00,YZ,Flexible_Industry_Heat,13680.048867378096,MW
2050-10-21 18:00:00,YZ,Flexible_Industry_Heat,12460.300000001565,MW
2050-10-22 19:00:00,YZ,Flexible_Industry_Heat,13706.567067378546,MW
2050-10-23 20:00:00,YZ,Flexible_Industry_Heat,10904.123787581142,MW
2050-10-24 21:00:00,YZ,Flexible_Industry_Heat,9368.625053627398,MW
2050-10-25 22:00:00,YZ,Flexible_Industry_Heat,12498.458712093456,MW
2050-10-26 23:00:00,YZ,Flexible_Industry_Heat,8034.299999999901,MW
2050-10-28 00:00:00,YZ,Flexible_Industry_Heat,8045.35979829155,MW
2050-10-29 01:00:00,YZ,Flexible_Industry_Heat,11223.400000000875,MW
2050-10-30 02:00:00,YZ,Flexible_Industry_Heat,3538.150083157967,MW
2050-10-31 03:00:00,YZ,Flexible_Industry_Heat,7890.690618971578,MW
2050-11-01 04:00:00,YZ,Flexible_Industry_Heat,6411.673376083841,MW
2050-11-02 05:00:00,YZ,Flexible_Industry_Heat,7012.2,MW
2050-11-03 06:00:00,YZ,Flexible_Industry_Heat,8073.736624503056,MW
2050-11-04 07:00:00,YZ,Flexible_Industry_Heat,11237.568193494964,MW
2050-11-05 08:00:00,YZ,Flexible_Industry_Heat,11814.783852370147,MW
2050-11-06 09:00:00,YZ,Flexible_Industry_Heat,10461.089634560101,MW
2050-11-07 10:00:00,YZ,Flexible_Industry_Heat,11524.928536998088,MW
2050-11-08 11:00:00,YZ,Flexible_Industry_Heat,11697.534394795108,MW
2050-11-09 12:00:00,YZ,Flexible_Industry_Heat,14136.900000001515,MW
2050-11-10 13:00:00,YZ,Flexible_Industry_Heat,12046.83050930276,MW
2050-11-11 14:00:00,YZ,Flexible_Industry_Heat,14510.300000001516,MW
2050-11-12 15:00:00,YZ,Flexible_Industry_Heat,14155.307925001718,MW
2050-11-13 16:00:00,YZ,Flexible_Industry_Heat,14522.500000001492,MW
2050-11-14 17:00:00,YZ,Flexible_Industry_Heat,11541.902083033576,MW
2050-11-15 18:00:00,YZ,Flexible_Industry_Heat,4113.7999999977,MW
2050-11-16 19:00:00,YZ,Flexible_Industry_Heat,10843.075539556503,MW
2050-11-17 20:00:00,YZ,Flexible_Industry_Heat,11525.300000000772,MW
2050-11-18 21:00:00,YZ,Flexible_Industry_Heat,7807.8,MW
2050-11-19 22:00:00,YZ,Flexible_Industry_Heat,14327.500000001124,MW
2050-11-20 23:00:00,YZ,Flexible_Industry_Heat,12185.18508066006,MW
2050-11-22 00:00:00,YZ,Flexible_Industry_Heat,12705.146839057601,MW
2050-11-23 01:00:00,YZ,Flexible_Industry_Heat,9095.089001721128,MW
2050-11-24 02:00:00,YZ,Flexible_Industry_Heat,7576.400000000001,MW
2050-11-25 03:00:00,YZ,Flexible_Industry_Heat,10244.300000000774,MW
2050-11-26 04:00:00,YZ,Flexible_Industry_Heat,5724.67419027148,MW
2050-11-27 05:00:00,YZ,Flexible_Industry_Heat,10063.26320743502,MW
2050-11-28 06:00:00,YZ,Flexible_Industry_Heat,11289.05255098113,MW
2050-11-29 07:00:00,YZ,Flexible_Industry_Heat,2904.7999999977,MW
2050-11-30 08:00:00,YZ,Flexible_Industry_Heat,11208.642658713783,MW
2050-12-01 09:00:00,YZ,Flexible_Industry_Heat,9938.886254089753,MW
2050-12-02 10:00:00,YZ,Flexible_Industry_Heat,10857.293045405218,MW
2050-12-03 11:00:00,YZ,Flexible_Industry_Heat,9728.62505362765,MW
2050-12-04 12:00:00,YZ,Flexible_Industry_Heat,14522.500000001492,MW
2050-12-05 13:00:00,YZ,Flexible_Industry_Heat,12882.550501202644,MW
2050-12-06 14:00:00,YZ,Flexible_Industry_Heat,9561.699999998149,MW
2050-12-07 15:00:00,YZ,Flexible_Industry_Heat,8469.476685768961,MW
2050-12-08 16:00:00,YZ,Flexible_Industry_Heat,13964.649075809337,MW
2050-12-09 17:00:00,YZ,Flexible_Industry_Heat,14043.164805826922,MW
2050-12-10 18:00:00,YZ,Flexible_Industry_Heat,10490.499999997997,MW
2050-12-11 19:00:00,YZ,Flexible_Industry_Heat,10143.312484691423,MW
2050-12-12 20:00:00,YZ,Flexible_Industry_Heat,9095.725053627799,MW
2050-12-13 21:00:00,YZ,Flexible_Industry_Heat,8972.988016871908,MW
2050-12-14 22:00:00,YZ,Flexible_Industry_Heat,10790.587376110501,MW
2050-12-15 23:00:00,YZ,Flexible_Industry_Heat,11955.440152209409,MW
2050-12-17 00:00:00,YZ,Flexible_Industry_Heat,8180.013996958128,MW
2050-12-18 01:00:00,YZ,Flexible_Industry_Heat,6946.600000002,MW
2050-12-19 02:00:00,YZ,Flexible_Industry_Heat,2824.1999999976997,MW
2050-12-20 03:00:00,YZ,Flexible_Industry_Heat,7903.9975563896105,MW
2050-12-21 04:00:00,YZ,Flexible_Industry_Heat,7415.200000000001,MW
2050-12-22 05:00:00,YZ,Flexible_Industry_Heat,7555.8999999999005,MW
2050-12-23 06:00:00,YZ,Flexible_Industry_Heat,10419.478669192587,MW
2050-12-24 07:00:00,YZ,Flexible_Industry_Heat,2904.7999999977,MW
2050-12-25 08:00:00,YZ,Flexible_Industry_Heat,7243.545308323844,MW
2050-12-26 09:00:00,YZ,Flexible_Industry_Heat,10952.637394952613,MW
2050-12-27 10:00:00,YZ,Flexible_Industry_Heat,9664.60901814811,MW
2050-12-28 11:00:00,YZ,Flexible_Industry_Heat,8400.900000000149,MW
2050-12-29 12:00:00,YZ,Flexible_Industry_Heat,9948.636457341501,MW
2050-12-30 13:00:00,YZ,Flexible_Industry_Heat,14522.500000001492,MW
2050-12-31 14:00:00,YZ,Flexible_Industry_Heat,10569.927162325774,MW
2051-01-01 15:00:00,YZ,Flexible_Industry_Heat,14522.500000001492,MW
2050-01-01 00:00:00,YZ,Flexible_EV_Charging,45.26315789481001,MW
2050-01-02 01:00:00,YZ,Flexible_EV_Charging,43.15789473691,MW
2050-01-03 02:00:00,YZ,Flexible_EV_Charging,44.21052631586,MW
2050-01-04 03:00:00,YZ,Flexible_EV_Charging,47.36842105271,MW
2050-01-05 04:00:00,YZ,Flexible_EV_Charging,47.36842105271,MW
2050-01-06 05:00:00,YZ,Flexible_EV_Charging,45.26315789481001,MW
2050-01-07 06:00:00,YZ,Flexible_EV_Charging,46.315789473760006,MW
2050-01-08 07:00:00,YZ,Flexible_EV_Charging,26.84210526322,MW
2050-01-09 08:00:00,YZ,Flexible_EV_Charging,25.26315789478,MW
2050-01-10 09:00:00,YZ,Flexible_EV_Charging,24.736842105290002,MW
2050-01-11 10:00:00,YZ,Flexible_EV_Charging,25.26315789478,MW
2050-01-12 11:00:00,YZ,Flexible_EV_Charging,25.26315789478,MW
2050-01-13 12:00:00,YZ,Flexible_EV_Charging,22.631578947389997,MW
2050-01-14 13:00:00,YZ,Flexible_EV_Charging,24.736842105290002,MW
2050-01-15 14:00:00,YZ,Flexible_EV_Charging,21.578947368439998,MW
2050-01-16 15:00:00,YZ,Flexible_EV_Charging,20.00000000003,MW
2050-01-17 16:00:00,YZ,Flexible_EV_Charging,16.31578947369,MW
2050-01-18 17:00:00,YZ,Flexible_EV_Charging,13.68421052634,MW
2050-01-19 18:00:00,YZ,Flexible_EV_Charging,6.315789473691,MW
2050-01-20 19:00:00,YZ,Flexible_EV_Charging,22.10526315793,MW
2050-01-21 20:00:00,YZ,Flexible_EV_Charging,21.05263157898,MW
2050-01-22 21:00:00,YZ,Flexible_EV_Charging,29.473684210570003,MW
2050-01-23 22:00:00,YZ,Flexible_EV_Charging,32.631578947419996,MW
2050-01-24 23:00:00,YZ,Flexible_EV_Charging,35.78947368426,MW
2050-01-26 00:00:00,YZ,Flexible_EV_Charging,38.42105263163,MW
2050-01-27 01:00:00,YZ,Flexible_EV_Charging,38.42105263163,MW
2050-01-28 02:00:00,YZ,Flexible_EV_Charging,42.63157894745,MW
2050-01-29 03:00:00,YZ,Flexible_EV_Charging,46.315789473760006,MW
2050-01-30 04:00:00,YZ,Flexible_EV_Charging,47.89473684219,MW
2050-01-31 05:00:00,YZ,Flexible_EV_Charging,44.73684210532,MW
2050-02-01 06:00:00,YZ,Flexible_EV_Charging,37.89473684216,MW
2050-02-02 07:00:00,YZ,Flexible_EV_Charging,31.052631578979998,MW
2050-02-03 08:00:00,YZ,Flexible_EV_Charging,38.94736842111,MW
2050-02-04 09:00:00,YZ,Flexible_EV_Charging,42.63157894745,MW
2050-02-05 10:00:00,YZ,Flexible_EV_Charging,22.10526315793,MW
2050-02-06 11:00:00,YZ,Flexible_EV_Charging,24.736842105290002,MW
2050-02-07 12:00:00,YZ,Flexible_EV_Charging,24.210526315819997,MW
2050-02-08 13:00:00,YZ,Flexible_EV_Charging,21.578947368439998,MW
2050-02-09 14:00:00,YZ,Flexible_EV_Charging,10.00000000003,MW
2050-02-10 15:00:00,YZ,Flexible_EV_Charging,13.68421052634,MW
2050-02-11 16:00:00,YZ,Flexible_EV_Charging,19.47368421054,MW
2050-02-12 17:00:00,YZ,Flexible_EV_Charging,16.84210526319,MW
2050-02-13 18:00:00,YZ,Flexible_EV_Charging,14.21052631582,MW
2050-02-14 19:00:00,YZ,Flexible_EV_Charging,15.78947368423,MW
2050-02-15 20:00:00,YZ,Flexible_EV_Charging,21.05263157898,MW
2050-02-16 21:00:00,YZ,Flexible_EV_Charging,20.00000000003,MW
2050-02-17 22:00:00,YZ,Flexible_EV_Charging,30.00000000003,MW
2050-02-18 23:00:00,YZ,Flexible_EV_Charging,33.157894736879996,MW
2050-02-20 00:00:00,YZ,Flexible_EV_Charging,41.05263157901,MW
2050-02-21 01:00:00,YZ,Flexible_EV_Charging,43.15789473691,MW
2050-02-22 02:00:00,YZ,Flexible_EV_Charging,45.26315789481001,MW
2050-02-23 03:00:00,YZ,Flexible_EV_Charging,46.315789473760006,MW
2050-02-24 04:00:00,YZ,Flexible_EV_Charging,44.21052631586,MW
2050-02-25 05:00:00,YZ,Flexible_EV_Charging,46.842105263250005,MW
2050-02-26 06:00:00,YZ,Flexible_EV_Charging,35.26315789482,MW
2050-02-27 07:00:00,YZ,Flexible_EV_Charging,29.473684210570003,MW
2050-02-28 08:00:00,YZ,Flexible_EV_Charging,24.736842105290002,MW
2050-03-01 09:00:00,YZ,Flexible_EV_Charging,23.68421052637,MW
2050-03-02 10:00:00,YZ,Flexible_EV_Charging,25.26315789478,MW
2050-03-03 11:00:00,YZ,Flexible_EV_Charging,22.10526315793,MW
2050-03-04 12:00:00,YZ,Flexible_EV_Charging,25.26315789478,MW
2050-03-05 13:00:00,YZ,Flexible_EV_Charging,22.10526315793,MW
2050-03-06 14:00:00,YZ,Flexible_EV_Charging,22.10526315793,MW
2050-03-07 15:00:00,YZ,Flexible_EV_Charging,17.89473684213,MW
2050-03-08 16:00:00,YZ,Flexible_EV_Charging,12.63157894739,MW
2050-03-09 17:00:00,YZ,Flexible_EV_Charging,3.6842105263220004,MW
2050-03-10 18:00:00,YZ,Flexible_EV_Charging,14.21052631582,MW
2050-03-11 19:00:00,YZ,Flexible_EV_Charging,12.63157894739,MW
2050-03-12 20:00:00,YZ,Flexible_EV_Charging,23.15789473688,MW
2050-03-13 21:00:00,YZ,Flexible_EV_Charging,27.368421052669998,MW
2050-03-14 22:00:00,YZ,Flexible_EV_Charging,30.526315789519998,MW
2050-03-15 23:00:00,YZ,Flexible_EV_Charging,33.157894736879996,MW
2050-03-17 00:00:00,YZ,Flexible_EV_Charging,34.73684210532,MW
2050-03-18 01:00:00,YZ,Flexible_EV_Charging,40.00000000006,MW
2050-03-19 02:00:00,YZ,Flexible_EV_Charging,44.21052631586,MW
2050-03-20 03:00:00,YZ,Flexible_EV_Charging,47.36842105271,MW
2050-03-21 04:00:00,YZ,Flexible_EV_Charging,47.36842105271,MW
2050-03-22 05:00:00,YZ,Flexible_EV_Charging,44.21052631586,MW
2050-03-23 06:00:00,YZ,Flexible_EV_Charging,37.89473684216,MW
2050-03-24 07:00:00,YZ,Flexible_EV_Charging,38.42105263163,MW
2050-03-25 08:00:00,YZ,Flexible_EV_Charging,43.68421052635999,MW
2050-03-26 09:00:00,YZ,Flexible_EV_Charging,21.578947368439998,MW
2050-03-27 10:00:00,YZ,Flexible_EV_Charging,23.68421052637,MW
2050-03-28 11:00:00,YZ,Flexible_EV_Charging,22.631578947389997,MW
2050-03-29 12:00:00,YZ,Flexible_EV_Charging,17.36842105266,MW
2050-03-30 13:00:00,YZ,Flexible_EV_Charging,8.947368421086,MW
2050-03-31 14:00:00,YZ,Flexible_EV_Charging,12.105263157929999,MW
2050-04-01 15:00:00,YZ,Flexible_EV_Charging,15.78947368423,MW
2050-04-02 16:00:00,YZ,Flexible_EV_Charging,2.105263157898,MW
2050-04-03 17:00:00,YZ,Flexible_EV_Charging,7.894736842103,MW
2050-04-04 18:00:00,YZ,Flexible_EV_Charging,10.5263157895,MW
2050-04-05 19:00:00,YZ,Flexible_EV_Charging,12.63157894739,MW
2050-04-06 20:00:00,YZ,Flexible_EV_Charging,13.15789473684,MW
2050-04-07 21:00:00,YZ,Flexible_EV_Charging,22.631578947389997,MW
2050-04-08 22:00:00,YZ,Flexible_EV_Charging,22.10526315793,MW
2050-04-09 23:00:00,YZ,Flexible_EV_Charging,35.78947368426,MW
2050-04-11 00:00:00,YZ,Flexible_EV_Charging,39.47368421057,MW
2050-04-12 01:00:00,YZ,Flexible_EV_Charging,41.578947368499996,MW
2050-04-13 02:00:00,YZ,Flexible_EV_Charging,43.68421052635999,MW
2050-04-14 03:00:00,YZ,Flexible_EV_Charging,43.68421052635999,MW
2050-04-15 04:00:00,YZ,Flexible_EV_Charging,45.26315789481001,MW
2050-04-16 05:00:00,YZ,Flexible_EV_Charging,41.578947368499996,MW
2050-04-17 06:00:00,YZ,Flexible_EV_Charging,36.84210526322,MW
2050-04-18 07:00:00,YZ,Flexible_EV_Charging,27.89473684216,MW
2050-04-19 08:00:00,YZ,Flexible_EV_Charging,23.15789473688,MW
2050-04-20 09:00:00,YZ,Flexible_EV_Charging,23.68421052637,MW
2050-04-21 10:00:00,YZ,Flexible_EV_Charging,25.789473684230003,MW
2050-04-22 11:00:00,YZ,Flexible_EV_Charging,27.368421052669998,MW
2050-04-23 12:00:00,YZ,Flexible_EV_Charging,20.00000000003,MW
2050-04-24 13:00:00,YZ,Flexible_EV_Charging,22.10526315793,MW
2050-04-25 14:00:00,YZ,Flexible_EV_Charging,18.94736842108,MW
2050-04-26 15:00:00,YZ,Flexible_EV_Charging,14.21052631582,MW
2050-04-27 16:00:00,YZ,Flexible_EV_Charging,1.578947368423,MW
2050-04-28 17:00:00,YZ,Flexible_EV_Charging,11.05263157895,MW
2050-04-29 18:00:00,YZ,Flexible_EV_Charging,11.578947368440001,MW
2050-04-30 19:00:00,YZ,Flexible_EV_Charging,16.84210526319,MW
2050-05-01 20:00:00,YZ,Flexible_EV_Charging,18.94736842108,MW
2050-05-02 21:00:00,YZ,Flexible_EV_Charging,25.789473684230003,MW
2050-05-03 22:00:00,YZ,Flexible_EV_Charging,28.421052631629998,MW
2050-05-04 23:00:00,YZ,Flexible_EV_Charging,28.421052631629998,MW
2050-05-06 00:00:00,YZ,Flexible_EV_Charging,34.73684210532,MW
2050-05-07 01:00:00,YZ,Flexible_EV_Charging,38.94736842111,MW
2050-05-08 02:00:00,YZ,Flexible_EV_Charging,45.26315789481001,MW
2050-05-09 03:00:00,YZ,Flexible_EV_Charging,46.315789473760006,MW
2050-05-10 04:00:00,YZ,Flexible_EV_Charging,43.15789473691,MW
2050-05-11 05:00:00,YZ,Flexible_EV_Charging,46.315789473760006,MW
2050-05-12 06:00:00,YZ,Flexible_EV_Charging,45.26315789481001,MW
2050-05-13 07:00:00,YZ,Flexible_EV_Charging,44.73684210532,MW
2050-05-14 08:00:00,YZ,Flexible_EV_Charging,20.00000000003,MW
2050-05-15 09:00:00,YZ,Flexible_EV_Charging,21.578947368439998,MW
2050-05-16 10:00:00,YZ,Flexible_EV_Charging,22.631578947389997,MW
2050-05-17 11:00:00,YZ,Flexible_EV_Charging,22.10526315793,MW
2050-05-18 12:00:00,YZ,Flexible_EV_Charging,15.263157894739999,MW
2050-05-19 13:00:00,YZ,Flexible_EV_Charging,11.05263157895,MW
2050-05-20 14:00:00,YZ,Flexible_EV_Charging,16.31578947369,MW
2050-05-21 15:00:00,YZ,Flexible_EV_Charging,11.578947368440001,MW
2050-05-22 16:00:00,YZ,Flexible_EV_Charging,12.105263157929999,MW
2050-05-23 17:00:00,YZ,Flexible_EV_Charging,11.578947368440001,MW
2050-05-24 18:00:00,YZ,Flexible_EV_Charging,9.473684210542999,MW
2050-05-25 19:00:00,YZ,Flexible_EV_Charging,8.947368421086,MW
2050-05-26 20:00:00,YZ,Flexible_EV_Charging,22.10526315793,MW
2050-05-27 21:00:00,YZ,Flexible_EV_Charging,20.52631578953,MW
2050-05-28 22:00:00,YZ,Flexible_EV_Charging,32.10526315792,MW
2050-05-29 23:00:00,YZ,Flexible_EV_Charging,35.26315789482,MW
2050-05-31 00:00:00,YZ,Flexible_EV_Charging,32.631578947419996,MW
2050-06-01 01:00:00,YZ,Flexible_EV_Charging,41.578947368499996,MW
2050-06-02 02:00:00,YZ,Flexible_EV_Charging,41.05263157901,MW
2050-06-03 03:00:00,YZ,Flexible_EV_Charging,42.63157894745,MW
2050-06-04 04:00:00,YZ,Flexible_EV_Charging,43.15789473691,MW
2050-06-05 05:00:00,YZ,Flexible_EV_Charging,44.21052631586,MW
2050-06-06 06:00:00,YZ,Flexible_EV_Charging,36.84210526322,MW
2050-06-07 07:00:00,YZ,Flexible_EV_Charging,23.15789473688,MW
2050-06-08 08:00:00,YZ,Flexible_EV_Charging,28.421052631629998,MW
2050-06-09 09:00:00,YZ,Flexible_EV_Charging,25.789473684230003,MW
2050-06-10 10:00:00,YZ,Flexible_EV_Charging,30.526315789519998,MW
2050-06-11 11:00:00,YZ,Flexible_EV_Charging,31.578947368469997,MW
2050-06-12 12:00:00,YZ,Flexible_EV_Charging,20.52631578953,MW
2050-06-13 13:00:00,YZ,Flexible_EV_Charging,23.15789473688,MW
2050-06-14 14:00:00,YZ,Flexible_EV_Charging,21.05263157898,MW
2050-06-15 15:00:00,YZ,Flexible_EV_Charging,17.89473684213,MW
2050-06-16 16:00:00,YZ,Flexible_EV_Charging,5.789473684236,MW
2050-06-17 17:00:00,YZ,Flexible_EV_Charging,13.15789473684,MW
2050-06-18 18:00:00,YZ,Flexible_EV_Charging,9.473684210542999,MW
2050-06-19 19:00:00,YZ,Flexible_EV_Charging,12.63157894739,MW
2050-06-20 20:00:00,YZ,Flexible_EV_Charging,15.78947368423,MW
2050-06-21 21:00:00,YZ,Flexible_EV_Charging,20.00000000003,MW
2050-06-22 22:00:00,YZ,Flexible_EV_Charging,22.10526315793,MW
2050-06-23 23:00:00,YZ,Flexible_EV_Charging,22.631578947389997,MW
2050-06-25 00:00:00,YZ,Flexible_EV_Charging,33.157894736879996,MW
2050-06-26 01:00:00,YZ,Flexible_EV_Charging,33.684210526369995,MW
2050-06-27 02:00:00,YZ,Flexible_EV_Charging,42.63157894745,MW
2050-06-28 03:00:00,YZ,Flexible_EV_Charging,44.73684210532,MW
2050-06-29 04:00:00,YZ,Flexible_EV_Charging,46.315789473760006,MW
2050-06-30 05:00:00,YZ,Flexible_EV_Charging,45.789473684259995,MW
2050-07-01 06:00:00,YZ,Flexible_EV_Charging,42.105263157950006,MW
2050-07-02 07:00:00,YZ,Flexible_EV_Charging,43.68421052635999,MW
2050-07-03 08:00:00,YZ,Flexible_EV_Charging,25.789473684230003,MW
2050-07-04 09:00:00,YZ,Flexible_EV_Charging,25.26315789478,MW
2050-07-05 10:00:00,YZ,Flexible_EV_Charging,23.68421052637,MW
2050-07-06 11:00:00,YZ,Flexible_EV_Charging,22.631578947389997,MW
2050-07-07 12:00:00,YZ,Flexible_EV_Charging,20.52631578953,MW
2050-07-08 13:00:00,YZ,Flexible_EV_Charging,14.736842105290002,MW
2050-07-09 14:00:00,YZ,Flexible_EV_Charging,14.736842105290002,MW
2050-07-10 15:00:00,YZ,Flexible_EV_Charging,18.4210526316,MW
2050-07-11 16:00:00,YZ,Flexible_EV_Charging,17.36842105266,MW
2050-07-12 17:00:00,YZ,Flexible_EV_Charging,13.15789473684,MW
2050-07-13 18:00:00,YZ,Flexible_EV_Charging,8.947368421086,MW
2050-07-14 19:00:00,YZ,Flexible_EV_Charging,4.210526315795,MW
2050-07-15 20:00:00,YZ,Flexible_EV_Charging,16.84210526319,MW
2050-07-16 21:00:00,YZ,Flexible_EV_Charging,14.21052631582,MW
2050-07-17 22:00:00,YZ,Flexible_EV_Charging,26.31578947372,MW
2050-07-18 23:00:00,YZ,Flexible_EV_Charging,30.00000000003,MW
2050-07-20 00:00:00,YZ,Flexible_EV_Charging,33.157894736879996,MW
2050-07-21 01:00:00,YZ,Flexible_EV_Charging,35.26315789482,MW
2050-07-22 02:00:00,YZ,Flexible_EV_Charging,33.684210526369995,MW
2050-07-23 03:00:00,YZ,Flexible_EV_Charging,38.94736842111,MW
2050-07-24 04:00:00,YZ,Flexible_EV_Charging,42.105263157950006,MW
2050-07-25 05:00:00,YZ,Flexible_EV_Charging,46.315789473760006,MW
2050-07-26 06:00:00,YZ,Flexible_EV_Charging,43.68421052635999,MW
2050-07-27 07:00:00,YZ,Flexible_EV_Charging,36.84210526322,MW
2050-07-28 08:00:00,YZ,Flexible_EV_Charging,30.526315789519998,MW
2050-07-29 09:00:00,YZ,Flexible_EV_Charging,32.10526315792,MW
2050-07-30 10:00:00,YZ,Flexible_EV_Charging,33.684210526369995,MW
2050-07-31 11:00:00,YZ,Flexible_EV_Charging,20.00000000003,MW
2050-08-01 12:00:00,YZ,Flexible_EV_Charging,22.10526315793,MW
2050-08-02 13:00:00,YZ,Flexible_EV_Charging,20.52631578953,MW
2050-08-03 14:00:00,YZ,Flexible_EV_Charging,18.94736842108,MW
2050-08-04 15:00:00,YZ,Flexible_EV_Charging,9.473684210542999,MW
2050-08-05 16:00:00,YZ,Flexible_EV_Charging,10.00000000003,MW
2050-08-06 17:00:00,YZ,Flexible_EV_Charging,7.368421052639,MW
2050-08-07 18:00:00,YZ,Flexible_EV_Charging,11.578947368440001,MW
2050-08-08 19:00:00,YZ,Flexible_EV_Charging,13.15789473684,MW
2050-08-09 20:00:00,YZ,Flexible_EV_Charging,15.263157894739999,MW
2050-08-10 21:00:00,YZ,Flexible_EV_Charging,17.36842105266,MW
2050-08-11 22:00:00,YZ,Flexible_EV_Charging,15.263157894739999,MW
2050-08-12 23:00:00,YZ,Flexible_EV_Charging,25.26315789478,MW
2050-08-14 00:00:00,YZ,Flexible_EV_Charging,26.31578947372,MW
2050-08-15 01:00:00,YZ,Flexible_EV_Charging,38.42105263163,MW
2050-08-16 02:00:00,YZ,Flexible_EV_Charging,41.05263157901,MW
2050-08-17 03:00:00,YZ,Flexible_EV_Charging,43.68421052635999,MW
2050-08-18 04:00:00,YZ,Flexible_EV_Charging,44.73684210532,MW
2050-08-19 05:00:00,YZ,Flexible_EV_Charging,42.63157894745,MW
2050-08-20 06:00:00,YZ,Flexible_EV_Charging,43.68421052635999,MW
2050-08-21 07:00:00,YZ,Flexible_EV_Charging,33.684210526369995,MW
2050-08-22 08:00:00,YZ,Flexible_EV_Charging,28.94736842111,MW
2050-08-23 09:00:00,YZ,Flexible_EV_Charging,24.736842105290002,MW
2050-08-24 10:00:00,YZ,Flexible_EV_Charging,22.631578947389997,MW
2050-08-25 11:00:00,YZ,Flexible_EV_Charging,22.10526315793,MW
2050-08-26 12:00:00,YZ,Flexible_EV_Charging,17.36842105266,MW
2050-08-27 13:00:00,YZ,Flexible_EV_Charging,16.84210526319,MW
2050-08-28 14:00:00,YZ,Flexible_EV_Charging,18.94736842108,MW
2050-08-29 15:00:00,YZ,Flexible_EV_Charging,19.47368421054,MW
2050-08-30 16:00:00,YZ,Flexible_EV_Charging,15.78947368423,MW
2050-08-31 17:00:00,YZ,Flexible_EV_Charging,10.5263157895,MW
2050-09-01 18:00:00,YZ,Flexible_EV_Charging,2.105263157898,MW
2050-09-02 19:00:00,YZ,Flexible_EV_Charging,11.05263157895,MW
2050-09-03 20:00:00,YZ,Flexible_EV_Charging,6.315789473691,MW
2050-09-04 21:00:00,YZ,Flexible_EV_Charging,21.578947368439998,MW
2050-09-05 22:00:00,YZ,Flexible_EV_Charging,25.789473684230003,MW
2050-09-06 23:00:00,YZ,Flexible_EV_Charging,28.94736842111,MW
2050-09-08 00:00:00,YZ,Flexible_EV_Charging,31.578947368469997,MW
2050-09-09 01:00:00,YZ,Flexible_EV_Charging,32.10526315792,MW
2050-09-10 02:00:00,YZ,Flexible_EV_Charging,36.84210526322,MW
2050-09-11 03:00:00,YZ,Flexible_EV_Charging,41.05263157901,MW
2050-09-12 04:00:00,YZ,Flexible_EV_Charging,46.842105263250005,MW
2050-09-13 05:00:00,YZ,Flexible_EV_Charging,46.842105263250005,MW
2050-09-14 06:00:00,YZ,Flexible_EV_Charging,44.21052631586,MW
2050-09-15 07:00:00,YZ,Flexible_EV_Charging,37.368421052680006,MW
2050-09-16 08:00:00,YZ,Flexible_EV_Charging,40.52631578955,MW
2050-09-17 09:00:00,YZ,Flexible_EV_Charging,41.578947368499996,MW
2050-09-18 10:00:00,YZ,Flexible_EV_Charging,20.00000000003,MW
2050-09-19 11:00:00,YZ,Flexible_EV_Charging,22.631578947389997,MW
2050-09-20 12:00:00,YZ,Flexible_EV_Charging,22.631578947389997,MW
2050-09-21 13:00:00,YZ,Flexible_EV_Charging,21.578947368439998,MW
2050-09-22 14:00:00,YZ,Flexible_EV_Charging,13.15789473684,MW
2050-09-23 15:00:00,YZ,Flexible_EV_Charging,11.578947368440001,MW
2050-09-24 16:00:00,YZ,Flexible_EV_Charging,11.05263157895,MW
2050-09-25 17:00:00,YZ,Flexible_EV_Charging,13.15789473684,MW
2050-09-26 18:00:00,YZ,Flexible_EV_Charging,10.5263157895,MW
2050-09-27 19:00:00,YZ,Flexible_EV_Charging,10.00000000003,MW
2050-09-28 20:00:00,YZ,Flexible_EV_Charging,11.05263157895,MW
2050-09-29 21:00:00,YZ,Flexible_EV_Charging,10.00000000003,MW
2050-09-30 22:00:00,YZ,Flexible_EV_Charging,23.15789473688,MW
2050-10-01 23:00:00,YZ,Flexible_EV_Charging,22.631578947389997,MW
2050-10-03 00:00:00,YZ,Flexible_EV_Charging,36.84210526322,MW
2050-10-04 01:00:00,YZ,Flexible_EV_Charging,35.78947368426,MW
2050-10-05 02:00:00,YZ,Flexible_EV_Charging,42.63157894745,MW
2050-10-06 03:00:00,YZ,Flexible_EV_Charging,44.21052631586,MW
2050-10-07 04:00:00,YZ,Flexible_EV_Charging,43.68421052635999,MW
2050-10-08 05:00:00,YZ,Flexible_EV_Charging,44.73684210532,MW
2050-10-09 06:00:00,YZ,Flexible_EV_Charging,41.05263157901,MW
2050-10-10 07:00:00,YZ,Flexible_EV_Charging,37.368421052680006,MW
2050-10-11 08:00:00,YZ,Flexible_EV_Charging,30.00000000003,MW
2050-10-12 09:00:00,YZ,Flexible_EV_Charging,25.26315789478,MW
2050-10-13 10:00:00,YZ,Flexible_EV_Charging,25.26315789478,MW
2050-10-14 11:00:00,YZ,Flexible_EV_Charging,23.15789473688,MW
2050-10-15 12:00:00,YZ,Flexible_EV_Charging,23.68421052637,MW
2050-10-16 13:00:00,YZ,Flexible_EV_Charging,20.00000000003,MW
2050-10-17 14:00:00,YZ,Flexible_EV_Charging,22.10526315793,MW
2050-10-18 15:00:00,YZ,Flexible_EV_Charging,18.94736842108,MW
2050-10-19 16:00:00,YZ,Flexible_EV_Charging,14.736842105290002,MW
2050-10-20 17:00:00,YZ,Flexible_EV_Charging,3.6842105263220004,MW
2050-10-21 18:00:00,YZ,Flexible_EV_Charging,12.105263157929999,MW
2050-10-22 19:00:00,YZ,Flexible_EV_Charging,4.736842105271,MW
2050-10-23 20:00:00,YZ,Flexible_EV_Charging,16.84210526319,MW
2050-10-24 21:00:00,YZ,Flexible_EV_Charging,21.578947368439998,MW
2050-10-25 22:00:00,YZ,Flexible_EV_Charging,25.26315789478,MW
2050-10-26 23:00:00,YZ,Flexible_EV_Charging,26.84210526322,MW
2050-10-28 00:00:00,YZ,Flexible_EV_Charging,27.89473684216,MW
2050-10-29 01:00:00,YZ,Flexible_EV_Charging,35.26315789482,MW
2050-10-30 02:00:00,YZ,Flexible_EV_Charging,41.05263157901,MW
2050-10-31 03:00:00,YZ,Flexible_EV_Charging,45.789473684259995,MW
2050-11-01 04:00:00,YZ,Flexible_EV_Charging,46.315789473760006,MW
2050-11-02 05:00:00,YZ,Flexible_EV_Charging,45.26315789481001,MW
2050-11-03 06:00:00,YZ,Flexible_EV_Charging,45.789473684259995,MW
2050-11-04 07:00:00,YZ,Flexible_EV_Charging,45.789473684259995,MW
2050-11-05 08:00:00,YZ,Flexible_EV_Charging,46.315789473760006,MW
2050-11-06 09:00:00,YZ,Flexible_EV_Charging,20.52631578953,MW
2050-11-07 10:00:00,YZ,Flexible_EV_Charging,22.631578947389997,MW
2050-11-08 11:00:00,YZ,Flexible_EV_Charging,23.68421052637,MW
2050-11-09 12:00:00,YZ,Flexible_EV_Charging,23.68421052637,MW
2050-11-10 13:00:00,YZ,Flexible_EV_Charging,19.47368421054,MW
2050-11-11 14:00:00,YZ,Flexible_EV_Charging,18.4210526316,MW
2050-11-12 15:00:00,YZ,Flexible_EV_Charging,17.89473684213,MW
2050-11-13 16:00:00,YZ,Flexible_EV_Charging,17.36842105266,MW
2050-11-14 17:00:00,YZ,Flexible_EV_Charging,14.736842105290002,MW
2050-11-15 18:00:00,YZ,Flexible_EV_Charging,11.05263157895,MW
2050-11-16 19:00:00,YZ,Flexible_EV_Charging,9.473684210542999,MW
2050-11-17 20:00:00,YZ,Flexible_EV_Charging,8.421052631588001,MW
2050-11-18 21:00:00,YZ,Flexible_EV_Charging,23.68421052637,MW
2050-11-19 22:00:00,YZ,Flexible_EV_Charging,22.10526315793,MW
2050-11-20 23:00:00,YZ,Flexible_EV_Charging,33.157894736879996,MW
2050-11-22 00:00:00,YZ,Flexible_EV_Charging,36.31578947373,MW
2050-11-23 01:00:00,YZ,Flexible_EV_Charging,40.00000000006,MW
2050-11-24 02:00:00,YZ,Flexible_EV_Charging,41.578947368499996,MW
2050-11-25 03:00:00,YZ,Flexible_EV_Charging,41.578947368499996,MW
2050-11-26 04:00:00,YZ,Flexible_EV_Charging,44.73684210532,MW
2050-11-27 05:00:00,YZ,Flexible_EV_Charging,46.315789473760006,MW
2050-11-28 06:00:00,YZ,Flexible_EV_Charging,44.73684210532,MW
2050-11-29 07:00:00,YZ,Flexible_EV_Charging,37.368421052680006,MW
2050-11-30 08:00:00,YZ,Flexible_EV_Charging,29.473684210570003,MW
2050-12-01 09:00:00,YZ,Flexible_EV_Charging,26.84210526322,MW
2050-12-02 10:00:00,YZ,Flexible_EV_Charging,33.684210526369995,MW
2050-12-03 11:00:00,YZ,Flexible_EV_Charging,37.368421052680006,MW
2050-12-04 12:00:00,YZ,Flexible_EV_Charging,21.05263157898,MW
2050-12-05 13:00:00,YZ,Flexible_EV_Charging,23.68421052637,MW
2050-12-06 14:00:00,YZ,Flexible_EV_Charging,22.10526315793,MW
2050-12-07 15:00:00,YZ,Flexible_EV_Charging,18.94736842108,MW
2050-12-08 16:00:00,YZ,Flexible_EV_Charging,6.842105263183999,MW
2050-12-09 17:00:00,YZ,Flexible_EV_Charging,15.263157894739999,MW
2050-12-10 18:00:00,YZ,Flexible_EV_Charging,11.05263157895,MW
2050-12-11 19:00:00,YZ,Flexible_EV_Charging,13.15789473684,MW
2050-12-12 20:00:00,YZ,Flexible_EV_Charging,17.36842105266,MW
2050-12-13 21:00:00,YZ,Flexible_EV_Charging,21.578947368439998,MW
2050-12-14 22:00:00,YZ,Flexible_EV_Charging,24.210526315819997,MW
2050-12-15 23:00:00,YZ,Flexible_EV_Charging,25.789473684230003,MW
2050-12-17 00:00:00,YZ,Flexible_EV_Charging,32.631578947419996,MW
2050-12-18 01:00:00,YZ,Flexible_EV_Charging,39.47368421057,MW
2050-12-19 02:00:00,YZ,Flexible_EV_Charging,43.68421052635999,MW
2050-12-20 03:00:00,YZ,Flexible_EV_Charging,44.73684210532,MW
2050-12-21 04:00:00,YZ,Flexible_EV_Charging,45.26315789481001,MW
2050-12-22 05:00:00,YZ,Flexible_EV_Charging,44.73684210532,MW
2050-12-23 06:00:00,YZ,Flexible_EV_Charging,41.05263157901,MW
2050-12-24 07:00:00,YZ,Flexible_EV_Charging,45.789473684259995,MW
2050-12-25 08:00:00,YZ,Flexible_EV_Charging,46.315789473760006,MW
2050-12-26 09:00:00,YZ,Flexible_EV_Charging,46.842105263250005,MW
2050-12-27 10:00:00,YZ,Flexible_EV_Charging,40.00000000006,MW
2050-12-28 11:00:00,YZ,Flexible_EV_Charging,26.84210526322,MW
2050-12-29 12:00:00,YZ,Flexible_EV_Charging,22.631578947389997,MW
2050-12-30 13:00:00,YZ,Flexible_EV_Charging,16.31578947369,MW
2050-12-31 14:00:00,YZ,Flexible_EV_Charging,20.00000000003,MW
2051-01-01 15:00:00,YZ,Flexible_EV_Charging,29.473684210570003,MW
