snapshot,country,technology,value,unit
2050-01-01 00:00:00,XY,BIOT,2180.0,MW
2050-01-02 01:00:00,XY,BIOT,2180.0,MW
2050-01-03 02:00:00,XY,BIOT,2180.0,MW
2050-01-04 03:00:00,XY,BIOT,2180.0,MW
2050-01-05 04:00:00,XY,BIOT,2180.0,MW
2050-01-06 05:00:00,XY,BIOT,2180.0,MW
2050-01-07 06:00:00,XY,BIOT,2180.0,MW
2050-01-08 07:00:00,XY,BIOT,2180.0,MW
2050-01-09 08:00:00,XY,BIOT,2180.0,MW
2050-01-10 09:00:00,XY,BIOT,2180.0,MW
2050-01-11 10:00:00,XY,BIOT,2180.0,MW
2050-01-12 11:00:00,XY,BIOT,2180.0,MW
2050-01-13 12:00:00,XY,BIOT,2180.0,MW
2050-01-14 13:00:00,XY,BIOT,2180.0,MW
2050-01-15 14:00:00,XY,BIOT,2180.0,MW
2050-01-16 15:00:00,XY,BIOT,2180.0,MW
2050-01-17 16:00:00,XY,BIOT,2180.0,MW
2050-01-18 17:00:00,XY,BIOT,2180.0,MW
2050-01-19 18:00:00,XY,BIOT,2180.0,MW
2050-01-20 19:00:00,XY,BIOT,2180.0,MW
2050-01-21 20:00:00,XY,BIOT,2180.0,MW
2050-01-22 21:00:00,XY,BIOT,2180.0,MW
2050-01-23 22:00:00,XY,BIOT,2180.0,MW
2050-01-24 23:00:00,XY,BIOT,2180.0,MW
2050-01-26 00:00:00,XY,BIOT,2180.0,MW
2050-01-27 01:00:00,XY,BIOT,2180.0,MW
2050-01-28 02:00:00,XY,BIOT,2180.0,MW
2050-01-29 03:00:00,XY,BIOT,2180.0,MW
2050-01-30 04:00:00,XY,BIOT,2180.0,MW
2050-01-31 05:00:00,XY,BIOT,2180.0,MW
2050-02-01 06:00:00,XY,BIOT,2180.0,MW
2050-02-02 07:00:00,XY,BIOT,2180.0,MW
2050-02-03 08:00:00,XY,BIOT,2180.0,MW
2050-02-04 09:00:00,XY,BIOT,2180.0,MW
2050-02-05 10:00:00,XY,BIOT,2180.0,MW
2050-02-06 11:00:00,XY,BIOT,2180.0,MW
2050-02-07 12:00:00,XY,BIOT,2180.0,MW
2050-02-08 13:00:00,XY,BIOT,2180.0,MW
2050-02-09 14:00:00,XY,BIOT,2180.0,MW
2050-02-10 15:00:00,XY,BIOT,2180.0,MW
2050-02-11 16:00:00,XY,BIOT,2180.0,MW
2050-02-12 17:00:00,XY,BIOT,2180.0,MW
2050-02-13 18:00:00,XY,BIOT,2180.0,MW
2050-02-14 19:00:00,XY,BIOT,2180.0,MW
2050-02-15 20:00:00,XY,BIOT,2180.0,MW
2050-02-16 21:00:00,XY,BIOT,2180.0,MW
2050-02-17 22:00:00,XY,BIOT,2180.0,MW
2050-02-18 23:00:00,XY,BIOT,2180.0,MW
2050-02-20 00:00:00,XY,BIOT,2180.0,MW
2050-02-21 01:00:00,XY,BIOT,2180.0,MW
2050-02-22 02:00:00,XY,BIOT,2180.0,MW
2050-02-23 03:00:00,XY,BIOT,2180.0,MW
2050-02-24 04:00:00,XY,BIOT,2180.0,MW
2050-02-25 05:00:00,XY,BIOT,2180.0,MW
2050-02-26 06:00:00,XY,BIOT,2180.0,MW
2050-02-27 07:00:00,XY,BIOT,2180.0,MW
2050-02-28 08:00:00,XY,BIOT,2180.0,MW
2050-03-01 09:00:00,XY,BIOT,2180.0,MW
2050-03-02 10:00:00,XY,BIOT,2180.0,MW
2050-03-03 11:00:00,XY,BIOT,2180.0,MW
2050-03-04 12:00:00,XY,BIOT,2180.0,MW
2050-03-05 13:00:00,XY,BIOT,2180.0,MW
2050-03-06 14:00:00,XY,BIOT,2180.0,MW
2050-03-07 15:00:00,XY,BIOT,2180.0,MW
2050-03-08 16:00:00,XY,BIOT,2180.0,MW
2050-03-09 17:00:00,XY,BIOT,2180.0,MW
2050-03-10 18:00:00,XY,BIOT,1732.7,MW
2050-03-11 19:00:00,XY,BIOT,1673.8,MW
2050-03-12 20:00:00,XY,BIOT,2014.0,MW
2050-03-13 21:00:00,XY,BIOT,2180.0,MW
2050-03-14 22:00:00,XY,BIOT,2180.0,MW
2050-03-15 23:00:00,XY,BIOT,2180.0,MW
2050-03-17 00:00:00,XY,BIOT,2180.0,MW
2050-03-18 01:00:00,XY,BIOT,2180.0,MW
2050-03-19 02:00:00,XY,BIOT,2180.0,MW
2050-03-20 03:00:00,XY,BIOT,2180.0,MW
2050-03-21 04:00:00,XY,BIOT,2180.0,MW
2050-03-22 05:00:00,XY,BIOT,2180.0,MW
2050-03-23 06:00:00,XY,BIOT,2180.0,MW
2050-03-24 07:00:00,XY,BIOT,2180.0,MW
2050-03-25 08:00:00,XY,BIOT,2180.0,MW
2050-03-26 09:00:00,XY,BIOT,2180.0,MW
2050-03-27 10:00:00,XY,BIOT,2180.0,MW
2050-03-28 11:00:00,XY,BIOT,2180.0,MW
2050-03-29 12:00:00,XY,BIOT,2180.0,MW
2050-03-30 13:00:00,XY,BIOT,2180.0,MW
2050-03-31 14:00:00,XY,BIOT,2180.0,MW
2050-04-01 15:00:00,XY,BIOT,2180.0,MW
2050-04-02 16:00:00,XY,BIOT,2180.0,MW
2050-04-03 17:00:00,XY,BIOT,2180.0,MW
2050-04-04 18:00:00,XY,BIOT,2180.0,MW
2050-04-05 19:00:00,XY,BIOT,2180.0,MW
2050-04-06 20:00:00,XY,BIOT,2180.0,MW
2050-04-07 21:00:00,XY,BIOT,2180.0,MW
2050-04-08 22:00:00,XY,BIOT,2180.0,MW
2050-04-09 23:00:00,XY,BIOT,2180.0,MW
2050-04-11 00:00:00,XY,BIOT,2180.0,MW
2050-04-12 01:00:00,XY,BIOT,2180.0,MW
2050-04-13 02:00:00,XY,BIOT,2180.0,MW
2050-04-14 03:00:00,XY,BIOT,2180.0,MW
2050-04-15 04:00:00,XY,BIOT,2180.0,MW
2050-04-16 05:00:00,XY,BIOT,2180.0,MW
2050-04-17 06:00:00,XY,BIOT,2180.0,MW
2050-04-18 07:00:00,XY,BIOT,2180.0,MW
2050-04-19 08:00:00,XY,BIOT,2180.0,MW
2050-04-20 09:00:00,XY,BIOT,2180.0,MW
2050-04-21 10:00:00,XY,BIOT,2180.0,MW
2050-04-22 11:00:00,XY,BIOT,2180.0,MW
2050-04-23 12:00:00,XY,BIOT,2180.0,MW
2050-04-24 13:00:00,XY,BIOT,2180.0,MW
2050-04-25 14:00:00,XY,BIOT,2180.0,MW
2050-04-26 15:00:00,XY,BIOT,2180.0,MW
2050-04-27 16:00:00,XY,BIOT,2180.0,MW
2050-04-28 17:00:00,XY,BIOT,2180.0,MW
2050-04-29 18:00:00,XY,BIOT,2180.0,MW
2050-04-30 19:00:00,XY,BIOT,2180.0,MW
2050-05-01 20:00:00,XY,BIOT,2180.0,MW
2050-05-02 21:00:00,XY,BIOT,2180.0,MW
2050-05-03 22:00:00,XY,BIOT,2180.0,MW
2050-05-04 23:00:00,XY,BIOT,2180.0,MW
2050-05-06 00:00:00,XY,BIOT,2180.0,MW
2050-05-07 01:00:00,XY,BIOT,2180.0,MW
2050-05-08 02:00:00,XY,BIOT,2180.0,MW
2050-05-09 03:00:00,XY,BIOT,2180.0,MW
2050-05-10 04:00:00,XY,BIOT,2180.0,MW
2050-05-11 05:00:00,XY,BIOT,2180.0,MW
2050-05-12 06:00:00,XY,BIOT,2180.0,MW
2050-05-13 07:00:00,XY,BIOT,2180.0,MW
2050-05-14 08:00:00,XY,BIOT,2180.0,MW
2050-05-15 09:00:00,XY,BIOT,2180.0,MW
2050-05-16 10:00:00,XY,BIOT,2180.0,MW
2050-05-17 11:00:00,XY,BIOT,2180.0,MW
2050-05-18 12:00:00,XY,BIOT,2180.0,MW
2050-05-19 13:00:00,XY,BIOT,2180.0,MW
2050-05-20 14:00:00,XY,BIOT,2180.0,MW
2050-05-21 15:00:00,XY,BIOT,2180.0,MW
2050-05-22 16:00:00,XY,BIOT,2180.0,MW
2050-05-23 17:00:00,XY,BIOT,2180.0,MW
2050-05-24 18:00:00,XY,BIOT,2180.0,MW
2050-05-25 19:00:00,XY,BIOT,2180.0,MW
2050-05-26 20:00:00,XY,BIOT,2180.0,MW
2050-05-27 21:00:00,XY,BIOT,2180.0,MW
2050-05-28 22:00:00,XY,BIOT,2180.0,MW
2050-05-29 23:00:00,XY,BIOT,2180.0,MW
2050-05-31 00:00:00,XY,BIOT,2180.0,MW
2050-06-01 01:00:00,XY,BIOT,2180.0,MW
2050-06-02 02:00:00,XY,BIOT,2180.0,MW
2050-06-03 03:00:00,XY,BIOT,2180.0,MW
2050-06-04 04:00:00,XY,BIOT,2180.0,MW
2050-06-05 05:00:00,XY,BIOT,2180.0,MW
2050-06-06 06:00:00,XY,BIOT,2180.0,MW
2050-06-07 07:00:00,XY,BIOT,2180.0,MW
2050-06-08 08:00:00,XY,BIOT,2180.0,MW
2050-06-09 09:00:00,XY,BIOT,2180.0,MW
2050-06-10 10:00:00,XY,BIOT,2180.0,MW
2050-06-11 11:00:00,XY,BIOT,2180.0,MW
2050-06-12 12:00:00,XY,BIOT,2180.0,MW
2050-06-13 13:00:00,XY,BIOT,2180.0,MW
2050-06-14 14:00:00,XY,BIOT,2180.0,MW
2050-06-15 15:00:00,XY,BIOT,2180.0,MW
2050-06-16 16:00:00,XY,BIOT,2180.0,MW
2050-06-17 17:00:00,XY,BIOT,2180.0,MW
2050-06-18 18:00:00,XY,BIOT,2180.0,MW
2050-06-19 19:00:00,XY,BIOT,2180.0,MW
2050-06-20 20:00:00,XY,BIOT,2180.0,MW
2050-06-21 21:00:00,XY,BIOT,2180.0,MW
2050-06-22 22:00:00,XY,BIOT,2180.0,MW
2050-06-23 23:00:00,XY,BIOT,2180.0,MW
2050-06-25 00:00:00,XY,BIOT,2180.0,MW
2050-06-26 01:00:00,XY,BIOT,2180.0,MW
2050-06-27 02:00:00,XY,BIOT,2180.0,MW
2050-06-28 03:00:00,XY,BIOT,2180.0,MW
2050-06-29 04:00:00,XY,BIOT,2180.0,MW
2050-06-30 05:00:00,XY,BIOT,2180.0,MW
2050-07-01 06:00:00,XY,BIOT,2180.0,MW
2050-07-02 07:00:00,XY,BIOT,2180.0,MW
2050-07-03 08:00:00,XY,BIOT,2180.0,MW
2050-07-04 09:00:00,XY,BIOT,2180.0,MW
2050-07-05 10:00:00,XY,BIOT,2180.0,MW
2050-07-06 11:00:00,XY,BIOT,2180.0,MW
2050-07-07 12:00:00,XY,BIOT,2180.0,MW
2050-07-08 13:00:00,XY,BIOT,2180.0,MW
2050-07-09 14:00:00,XY,BIOT,2180.0,MW
2050-07-10 15:00:00,XY,BIOT,2180.0,MW
2050-07-11 16:00:00,XY,BIOT,2180.0,MW
2050-07-12 17:00:00,XY,BIOT,2180.0,MW
2050-07-13 18:00:00,XY,BIOT,2180.0,MW
2050-07-14 19:00:00,XY,BIOT,2180.0,MW
2050-07-15 20:00:00,XY,BIOT,2180.0,MW
2050-07-16 21:00:00,XY,BIOT,2180.0,MW
2050-07-17 22:00:00,XY,BIOT,2180.0,MW
2050-07-18 23:00:00,XY,BIOT,2180.0,MW
2050-07-20 00:00:00,XY,BIOT,2180.0,MW
2050-07-21 01:00:00,XY,BIOT,2180.0,MW
2050-07-22 02:00:00,XY,BIOT,2180.0,MW
2050-07-23 03:00:00,XY,BIOT,2180.0,MW
2050-07-24 04:00:00,XY,BIOT,2180.0,MW
2050-07-25 05:00:00,XY,BIOT,2180.0,MW
2050-07-26 06:00:00,XY,BIOT,2180.0,MW
2050-07-27 07:00:00,XY,BIOT,2180.0,MW
2050-07-28 08:00:00,XY,BIOT,2180.0,MW
2050-07-29 09:00:00,XY,BIOT,2180.0,MW
2050-07-30 10:00:00,XY,BIOT,2180.0,MW
2050-07-31 11:00:00,XY,BIOT,2180.0,MW
2050-08-01 12:00:00,XY,BIOT,2180.0,MW
2050-08-02 13:00:00,XY,BIOT,2180.0,MW
2050-08-03 14:00:00,XY,BIOT,2180.0,MW
2050-08-04 15:00:00,XY,BIOT,2180.0,MW
2050-08-05 16:00:00,XY,BIOT,2180.0,MW
2050-08-06 17:00:00,XY,BIOT,2180.0,MW
2050-08-07 18:00:00,XY,BIOT,2180.0,MW
2050-08-08 19:00:00,XY,BIOT,2180.0,MW
2050-08-09 20:00:00,XY,BIOT,2180.0,MW
2050-08-10 21:00:00,XY,BIOT,2180.0,MW
2050-08-11 22:00:00,XY,BIOT,2180.0,MW
2050-08-12 23:00:00,XY,BIOT,2180.0,MW
2050-08-14 00:00:00,XY,BIOT,2180.0,MW
2050-08-15 01:00:00,XY,BIOT,2180.0,MW
2050-08-16 02:00:00,XY,BIOT,2180.0,MW
2050-08-17 03:00:00,XY,BIOT,2180.0,MW
2050-08-18 04:00:00,XY,BIOT,2180.0,MW
2050-08-19 05:00:00,XY,BIOT,2180.0,MW
2050-08-20 06:00:00,XY,BIOT,2180.0,MW
2050-08-21 07:00:00,XY,BIOT,2180.0,MW
2050-08-22 08:00:00,XY,BIOT,2180.0,MW
2050-08-23 09:00:00,XY,BIOT,2180.0,MW
2050-08-24 10:00:00,XY,BIOT,2180.0,MW
2050-08-25 11:00:00,XY,BIOT,2180.0,MW
2050-08-26 12:00:00,XY,BIOT,2180.0,MW
2050-08-27 13:00:00,XY,BIOT,2180.0,MW
2050-08-28 14:00:00,XY,BIOT,2180.0,MW
2050-08-29 15:00:00,XY,BIOT,2180.0,MW
2050-08-30 16:00:00,XY,BIOT,2180.0,MW
2050-08-31 17:00:00,XY,BIOT,2180.0,MW
2050-09-01 18:00:00,XY,BIOT,2180.0,MW
2050-09-02 19:00:00,XY,BIOT,2180.0,MW
2050-09-03 20:00:00,XY,BIOT,2180.0,MW
2050-09-04 21:00:00,XY,BIOT,2180.0,MW
2050-09-05 22:00:00,XY,BIOT,2180.0,MW
2050-09-06 23:00:00,XY,BIOT,2180.0,MW
2050-09-08 00:00:00,XY,BIOT,2180.0,MW
2050-09-09 01:00:00,XY,BIOT,2180.0,MW
2050-09-10 02:00:00,XY,BIOT,2180.0,MW
2050-09-11 03:00:00,XY,BIOT,2180.0,MW
2050-09-12 04:00:00,XY,BIOT,2180.0,MW
2050-09-13 05:00:00,XY,BIOT,2180.0,MW
2050-09-14 06:00:00,XY,BIOT,2180.0,MW
2050-09-15 07:00:00,XY,BIOT,2180.0,MW
2050-09-16 08:00:00,XY,BIOT,2180.0,MW
2050-09-17 09:00:00,XY,BIOT,2180.0,MW
2050-09-18 10:00:00,XY,BIOT,2180.0,MW
2050-09-19 11:00:00,XY,BIOT,2180.0,MW
2050-09-20 12:00:00,XY,BIOT,2180.0,MW
2050-09-21 13:00:00,XY,BIOT,2180.0,MW
2050-09-22 14:00:00,XY,BIOT,2180.0,MW
2050-09-23 15:00:00,XY,BIOT,2180.0,MW
2050-09-24 16:00:00,XY,BIOT,2180.0,MW
2050-09-25 17:00:00,XY,BIOT,2180.0,MW
2050-09-26 18:00:00,XY,BIOT,2180.0,MW
2050-09-27 19:00:00,XY,BIOT,2180.0,MW
2050-09-28 20:00:00,XY,BIOT,2180.0,MW
2050-09-29 21:00:00,XY,BIOT,2180.0,MW
2050-09-30 22:00:00,XY,BIOT,2180.0,MW
2050-10-01 23:00:00,XY,BIOT,2180.0,MW
2050-10-03 00:00:00,XY,BIOT,2180.0,MW
2050-10-04 01:00:00,XY,BIOT,2180.0,MW
2050-10-05 02:00:00,XY,BIOT,2180.0,MW
2050-10-06 03:00:00,XY,BIOT,2180.0,MW
2050-10-07 04:00:00,XY,BIOT,2180.0,MW
2050-10-08 05:00:00,XY,BIOT,2180.0,MW
2050-10-09 06:00:00,XY,BIOT,2180.0,MW
2050-10-10 07:00:00,XY,BIOT,2180.0,MW
2050-10-11 08:00:00,XY,BIOT,2180.0,MW
2050-10-12 09:00:00,XY,BIOT,2180.0,MW
2050-10-13 10:00:00,XY,BIOT,2180.0,MW
2050-10-14 11:00:00,XY,BIOT,2180.0,MW
2050-10-15 12:00:00,XY,BIOT,2180.0,MW
2050-10-16 13:00:00,XY,BIOT,2180.0,MW
2050-10-17 14:00:00,XY,BIOT,2180.0,MW
2050-10-18 15:00:00,XY,BIOT,2180.0,MW
2050-10-19 16:00:00,XY,BIOT,2180.0,MW
2050-10-20 17:00:00,XY,BIOT,2180.0,MW
2050-10-21 18:00:00,XY,BIOT,2180.0,MW
2050-10-22 19:00:00,XY,BIOT,2180.0,MW
2050-10-23 20:00:00,XY,BIOT,2180.0,MW
2050-10-24 21:00:00,XY,BIOT,2180.0,MW
2050-10-25 22:00:00,XY,BIOT,2180.0,MW
2050-10-26 23:00:00,XY,BIOT,2180.0,MW
2050-10-28 00:00:00,XY,BIOT,2180.0,MW
2050-10-29 01:00:00,XY,BIOT,2180.0,MW
2050-10-30 02:00:00,XY,BIOT,2180.0,MW
2050-10-31 03:00:00,XY,BIOT,2180.0,MW
2050-11-01 04:00:00,XY,BIOT,2180.0,MW
2050-11-02 05:00:00,XY,BIOT,2180.0,MW
2050-11-03 06:00:00,XY,BIOT,2180.0,MW
2050-11-04 07:00:00,XY,BIOT,2180.0,MW
2050-11-05 08:00:00,XY,BIOT,2180.0,MW
2050-11-06 09:00:00,XY,BIOT,2180.0,MW
2050-11-07 10:00:00,XY,BIOT,2180.0,MW
2050-11-08 11:00:00,XY,BIOT,2180.0,MW
2050-11-09 12:00:00,XY,BIOT,2180.0,MW
2050-11-10 13:00:00,XY,BIOT,2180.0,MW
2050-11-11 14:00:00,XY,BIOT,2180.0,MW
2050-11-12 15:00:00,XY,BIOT,2180.0,MW
2050-11-13 16:00:00,XY,BIOT,2180.0,MW
2050-11-14 17:00:00,XY,BIOT,2180.0,MW
2050-11-15 18:00:00,XY,BIOT,2180.0,MW
2050-11-16 19:00:00,XY,BIOT,2180.0,MW
2050-11-17 20:00:00,XY,BIOT,2180.0,MW
2050-11-18 21:00:00,XY,BIOT,2180.0,MW
2050-11-19 22:00:00,XY,BIOT,2180.0,MW
2050-11-20 23:00:00,XY,BIOT,2180.0,MW
2050-11-22 00:00:00,XY,BIOT,2180.0,MW
2050-11-23 01:00:00,XY,BIOT,2180.0,MW
2050-11-24 02:00:00,XY,BIOT,2180.0,MW
2050-11-25 03:00:00,XY,BIOT,2180.0,MW
2050-11-26 04:00:00,XY,BIOT,2180.0,MW
2050-11-27 05:00:00,XY,BIOT,2180.0,MW
2050-11-28 06:00:00,XY,BIOT,2180.0,MW
2050-11-29 07:00:00,XY,BIOT,2180.0,MW
2050-11-30 08:00:00,XY,BIOT,2180.0,MW
2050-12-01 09:00:00,XY,BIOT,2180.0,MW
2050-12-02 10:00:00,XY,BIOT,2180.0,MW
2050-12-03 11:00:00,XY,BIOT,2180.0,MW
2050-12-04 12:00:00,XY,BIOT,2180.0,MW
2050-12-05 13:00:00,XY,BIOT,2180.0,MW
2050-12-06 14:00:00,XY,BIOT,2180.0,MW
2050-12-07 15:00:00,XY,BIOT,2180.0,MW
2050-12-08 16:00:00,XY,BIOT,2180.0,MW
2050-12-09 17:00:00,XY,BIOT,2180.0,MW
2050-12-10 18:00:00,XY,BIOT,2180.0,MW
2050-12-11 19:00:00,XY,BIOT,2180.0,MW
2050-12-12 20:00:00,XY,BIOT,2180.0,MW
2050-12-13 21:00:00,XY,BIOT,2180.0,MW
2050-12-14 22:00:00,XY,BIOT,2180.0,MW
2050-12-15 23:00:00,XY,BIOT,2180.0,MW
2050-12-17 00:00:00,XY,BIOT,2180.0,MW
2050-12-18 01:00:00,XY,BIOT,2180.0,MW
2050-12-19 02:00:00,XY,BIOT,2180.0,MW
2050-12-20 03:00:00,XY,BIOT,2180.0,MW
2050-12-21 04:00:00,XY,BIOT,2180.0,MW
2050-12-22 05:00:00,XY,BIOT,2180.0,MW
2050-12-23 06:00:00,XY,BIOT,2180.0,MW
2050-12-24 07:00:00,XY,BIOT,2180.0,MW
2050-12-25 08:00:00,XY,BIOT,2180.0,MW
2050-12-26 09:00:00,XY,BIOT,2180.0,MW
2050-12-27 10:00:00,XY,BIOT,2180.0,MW
2050-12-28 11:00:00,XY,BIOT,2180.0,MW
2050-12-29 12:00:00,XY,BIOT,2180.0,MW
2050-12-30 13:00:00,XY,BIOT,2180.0,MW
2050-12-31 14:00:00,XY,BIOT,2180.0,MW
2051-01-01 15:00:00,XY,BIOT,2180.0,MW
2050-01-01 00:00:00,XY,CCGT,0.0,MW
2050-01-02 01:00:00,XY,CCGT,0.0,MW
2050-01-03 02:00:00,XY,CCGT,0.0,MW
2050-01-04 03:00:00,XY,CCGT,0.0,MW
2050-01-05 04:00:00,XY,CCGT,0.0,MW
2050-01-06 05:00:00,XY,CCGT,0.0,MW
2050-01-07 06:00:00,XY,CCGT,0.0,MW
2050-01-08 07:00:00,XY,CCGT,0.0,MW
2050-01-09 08:00:00,XY,CCGT,0.0,MW
2050-01-10 09:00:00,XY,CCGT,0.0,MW
2050-01-11 10:00:00,XY,CCGT,0.0,MW
2050-01-12 11:00:00,XY,CCGT,0.0,MW
2050-01-13 12:00:00,XY,CCGT,0.0,MW
2050-01-14 13:00:00,XY,CCGT,0.0,MW
2050-01-15 14:00:00,XY,CCGT,0.0,MW
2050-01-16 15:00:00,XY,CCGT,0.0,MW
2050-01-17 16:00:00,XY,CCGT,0.0,MW
2050-01-18 17:00:00,XY,CCGT,0.0,MW
2050-01-19 18:00:00,XY,CCGT,0.0,MW
2050-01-20 19:00:00,XY,CCGT,0.0,MW
2050-01-21 20:00:00,XY,CCGT,0.0,MW
2050-01-22 21:00:00,XY,CCGT,0.0,MW
2050-01-23 22:00:00,XY,CCGT,0.0,MW
2050-01-24 23:00:00,XY,CCGT,0.0,MW
2050-01-26 00:00:00,XY,CCGT,0.0,MW
2050-01-27 01:00:00,XY,CCGT,0.0,MW
2050-01-28 02:00:00,XY,CCGT,0.0,MW
2050-01-29 03:00:00,XY,CCGT,0.0,MW
2050-01-30 04:00:00,XY,CCGT,0.0,MW
2050-01-31 05:00:00,XY,CCGT,0.0,MW
2050-02-01 06:00:00,XY,CCGT,0.0,MW
2050-02-02 07:00:00,XY,CCGT,0.0,MW
2050-02-03 08:00:00,XY,CCGT,0.0,MW
2050-02-04 09:00:00,XY,CCGT,0.0,MW
2050-02-05 10:00:00,XY,CCGT,0.0,MW
2050-02-06 11:00:00,XY,CCGT,0.0,MW
2050-02-07 12:00:00,XY,CCGT,0.0,MW
2050-02-08 13:00:00,XY,CCGT,2.9,MW
2050-02-09 14:00:00,XY,CCGT,10.0,MW
2050-02-10 15:00:00,XY,CCGT,2.5,MW
2050-02-11 16:00:00,XY,CCGT,0.0,MW
2050-02-12 17:00:00,XY,CCGT,0.0,MW
2050-02-13 18:00:00,XY,CCGT,0.0,MW
2050-02-14 19:00:00,XY,CCGT,0.0,MW
2050-02-15 20:00:00,XY,CCGT,0.0,MW
2050-02-16 21:00:00,XY,CCGT,0.0,MW
2050-02-17 22:00:00,XY,CCGT,0.0,MW
2050-02-18 23:00:00,XY,CCGT,0.0,MW
2050-02-20 00:00:00,XY,CCGT,0.0,MW
2050-02-21 01:00:00,XY,CCGT,0.0,MW
2050-02-22 02:00:00,XY,CCGT,0.0,MW
2050-02-23 03:00:00,XY,CCGT,0.0,MW
2050-02-24 04:00:00,XY,CCGT,0.0,MW
2050-02-25 05:00:00,XY,CCGT,0.0,MW
2050-02-26 06:00:00,XY,CCGT,0.0,MW
2050-02-27 07:00:00,XY,CCGT,0.0,MW
2050-02-28 08:00:00,XY,CCGT,0.0,MW
2050-03-01 09:00:00,XY,CCGT,0.0,MW
2050-03-02 10:00:00,XY,CCGT,0.0,MW
2050-03-03 11:00:00,XY,CCGT,0.0,MW
2050-03-04 12:00:00,XY,CCGT,0.0,MW
2050-03-05 13:00:00,XY,CCGT,0.0,MW
2050-03-06 14:00:00,XY,CCGT,0.0,MW
2050-03-07 15:00:00,XY,CCGT,0.0,MW
2050-03-08 16:00:00,XY,CCGT,0.0,MW
2050-03-09 17:00:00,XY,CCGT,0.0,MW
2050-03-10 18:00:00,XY,CCGT,0.0,MW
2050-03-11 19:00:00,XY,CCGT,0.0,MW
2050-03-12 20:00:00,XY,CCGT,0.0,MW
2050-03-13 21:00:00,XY,CCGT,0.0,MW
2050-03-14 22:00:00,XY,CCGT,0.0,MW
2050-03-15 23:00:00,XY,CCGT,0.0,MW
2050-03-17 00:00:00,XY,CCGT,0.0,MW
2050-03-18 01:00:00,XY,CCGT,0.0,MW
2050-03-19 02:00:00,XY,CCGT,0.0,MW
2050-03-20 03:00:00,XY,CCGT,0.0,MW
2050-03-21 04:00:00,XY,CCGT,0.0,MW
2050-03-22 05:00:00,XY,CCGT,0.0,MW
2050-03-23 06:00:00,XY,CCGT,0.0,MW
2050-03-24 07:00:00,XY,CCGT,0.0,MW
2050-03-25 08:00:00,XY,CCGT,0.0,MW
2050-03-26 09:00:00,XY,CCGT,0.0,MW
2050-03-27 10:00:00,XY,CCGT,0.0,MW
2050-03-28 11:00:00,XY,CCGT,0.0,MW
2050-03-29 12:00:00,XY,CCGT,0.0,MW
2050-03-30 13:00:00,XY,CCGT,0.0,MW
2050-03-31 14:00:00,XY,CCGT,0.0,MW
2050-04-01 15:00:00,XY,CCGT,0.0,MW
2050-04-02 16:00:00,XY,CCGT,0.0,MW
2050-04-03 17:00:00,XY,CCGT,0.0,MW
2050-04-04 18:00:00,XY,CCGT,0.0,MW
2050-04-05 19:00:00,XY,CCGT,0.0,MW
2050-04-06 20:00:00,XY,CCGT,0.0,MW
2050-04-07 21:00:00,XY,CCGT,0.0,MW
2050-04-08 22:00:00,XY,CCGT,0.0,MW
2050-04-09 23:00:00,XY,CCGT,0.0,MW
2050-04-11 00:00:00,XY,CCGT,0.0,MW
2050-04-12 01:00:00,XY,CCGT,0.0,MW
2050-04-13 02:00:00,XY,CCGT,0.0,MW
2050-04-14 03:00:00,XY,CCGT,0.0,MW
2050-04-15 04:00:00,XY,CCGT,0.0,MW
2050-04-16 05:00:00,XY,CCGT,0.0,MW
2050-04-17 06:00:00,XY,CCGT,0.0,MW
2050-04-18 07:00:00,XY,CCGT,0.0,MW
2050-04-19 08:00:00,XY,CCGT,0.0,MW
2050-04-20 09:00:00,XY,CCGT,0.0,MW
2050-04-21 10:00:00,XY,CCGT,0.0,MW
2050-04-22 11:00:00,XY,CCGT,0.0,MW
2050-04-23 12:00:00,XY,CCGT,0.0,MW
2050-04-24 13:00:00,XY,CCGT,0.0,MW
2050-04-25 14:00:00,XY,CCGT,0.0,MW
2050-04-26 15:00:00,XY,CCGT,0.0,MW
2050-04-27 16:00:00,XY,CCGT,0.0,MW
2050-04-28 17:00:00,XY,CCGT,0.0,MW
2050-04-29 18:00:00,XY,CCGT,0.0,MW
2050-04-30 19:00:00,XY,CCGT,0.0,MW
2050-05-01 20:00:00,XY,CCGT,0.0,MW
2050-05-02 21:00:00,XY,CCGT,0.0,MW
2050-05-03 22:00:00,XY,CCGT,0.0,MW
2050-05-04 23:00:00,XY,CCGT,0.0,MW
2050-05-06 00:00:00,XY,CCGT,0.0,MW
2050-05-07 01:00:00,XY,CCGT,0.0,MW
2050-05-08 02:00:00,XY,CCGT,0.0,MW
2050-05-09 03:00:00,XY,CCGT,0.0,MW
2050-05-10 04:00:00,XY,CCGT,0.0,MW
2050-05-11 05:00:00,XY,CCGT,0.0,MW
2050-05-12 06:00:00,XY,CCGT,0.0,MW
2050-05-13 07:00:00,XY,CCGT,0.0,MW
2050-05-14 08:00:00,XY,CCGT,0.0,MW
2050-05-15 09:00:00,XY,CCGT,0.0,MW
2050-05-16 10:00:00,XY,CCGT,0.0,MW
2050-05-17 11:00:00,XY,CCGT,0.0,MW
2050-05-18 12:00:00,XY,CCGT,0.0,MW
2050-05-19 13:00:00,XY,CCGT,0.0,MW
2050-05-20 14:00:00,XY,CCGT,0.0,MW
2050-05-21 15:00:00,XY,CCGT,0.0,MW
2050-05-22 16:00:00,XY,CCGT,0.0,MW
2050-05-23 17:00:00,XY,CCGT,0.0,MW
2050-05-24 18:00:00,XY,CCGT,0.0,MW
2050-05-25 19:00:00,XY,CCGT,0.0,MW
2050-05-26 20:00:00,XY,CCGT,0.0,MW
2050-05-27 21:00:00,XY,CCGT,0.0,MW
2050-05-28 22:00:00,XY,CCGT,0.0,MW
2050-05-29 23:00:00,XY,CCGT,0.0,MW
2050-05-31 00:00:00,XY,CCGT,0.0,MW
2050-06-01 01:00:00,XY,CCGT,0.0,MW
2050-06-02 02:00:00,XY,CCGT,0.0,MW
2050-06-03 03:00:00,XY,CCGT,0.0,MW
2050-06-04 04:00:00,XY,CCGT,0.0,MW
2050-06-05 05:00:00,XY,CCGT,0.0,MW
2050-06-06 06:00:00,XY,CCGT,0.0,MW
2050-06-07 07:00:00,XY,CCGT,0.0,MW
2050-06-08 08:00:00,XY,CCGT,0.0,MW
2050-06-09 09:00:00,XY,CCGT,0.0,MW
2050-06-10 10:00:00,XY,CCGT,0.0,MW
2050-06-11 11:00:00,XY,CCGT,0.0,MW
2050-06-12 12:00:00,XY,CCGT,0.0,MW
2050-06-13 13:00:00,XY,CCGT,0.0,MW
2050-06-14 14:00:00,XY,CCGT,0.0,MW
2050-06-15 15:00:00,XY,CCGT,0.0,MW
2050-06-16 16:00:00,XY,CCGT,0.0,MW
2050-06-17 17:00:00,XY,CCGT,0.0,MW
2050-06-18 18:00:00,XY,CCGT,0.0,MW
2050-06-19 19:00:00,XY,CCGT,0.0,MW
2050-06-20 20:00:00,XY,CCGT,0.0,MW
2050-06-21 21:00:00,XY,CCGT,0.0,MW
2050-06-22 22:00:00,XY,CCGT,0.0,MW
2050-06-23 23:00:00,XY,CCGT,0.0,MW
2050-06-25 00:00:00,XY,CCGT,0.0,MW
2050-06-26 01:00:00,XY,CCGT,0.0,MW
2050-06-27 02:00:00,XY,CCGT,0.0,MW
2050-06-28 03:00:00,XY,CCGT,0.0,MW
2050-06-29 04:00:00,XY,CCGT,0.0,MW
2050-06-30 05:00:00,XY,CCGT,0.0,MW
2050-07-01 06:00:00,XY,CCGT,0.0,MW
2050-07-02 07:00:00,XY,CCGT,0.0,MW
2050-07-03 08:00:00,XY,CCGT,0.0,MW
2050-07-04 09:00:00,XY,CCGT,0.0,MW
2050-07-05 10:00:00,XY,CCGT,0.0,MW
2050-07-06 11:00:00,XY,CCGT,0.0,MW
2050-07-07 12:00:00,XY,CCGT,0.0,MW
2050-07-08 13:00:00,XY,CCGT,0.0,MW
2050-07-09 14:00:00,XY,CCGT,0.0,MW
2050-07-10 15:00:00,XY,CCGT,0.0,MW
2050-07-11 16:00:00,XY,CCGT,0.0,MW
2050-07-12 17:00:00,XY,CCGT,0.0,MW
2050-07-13 18:00:00,XY,CCGT,0.0,MW
2050-07-14 19:00:00,XY,CCGT,0.0,MW
2050-07-15 20:00:00,XY,CCGT,0.0,MW
2050-07-16 21:00:00,XY,CCGT,0.0,MW
2050-07-17 22:00:00,XY,CCGT,0.0,MW
2050-07-18 23:00:00,XY,CCGT,0.0,MW
2050-07-20 00:00:00,XY,CCGT,0.0,MW
2050-07-21 01:00:00,XY,CCGT,0.0,MW
2050-07-22 02:00:00,XY,CCGT,0.0,MW
2050-07-23 03:00:00,XY,CCGT,0.0,MW
2050-07-24 04:00:00,XY,CCGT,0.0,MW
2050-07-25 05:00:00,XY,CCGT,0.0,MW
2050-07-26 06:00:00,XY,CCGT,0.0,MW
2050-07-27 07:00:00,XY,CCGT,0.0,MW
2050-07-28 08:00:00,XY,CCGT,0.0,MW
2050-07-29 09:00:00,XY,CCGT,0.0,MW
2050-07-30 10:00:00,XY,CCGT,0.0,MW
2050-07-31 11:00:00,XY,CCGT,0.0,MW
2050-08-01 12:00:00,XY,CCGT,0.0,MW
2050-08-02 13:00:00,XY,CCGT,0.0,MW
2050-08-03 14:00:00,XY,CCGT,0.0,MW
2050-08-04 15:00:00,XY,CCGT,0.0,MW
2050-08-05 16:00:00,XY,CCGT,0.0,MW
2050-08-06 17:00:00,XY,CCGT,0.0,MW
2050-08-07 18:00:00,XY,CCGT,0.0,MW
2050-08-08 19:00:00,XY,CCGT,0.0,MW
2050-08-09 20:00:00,XY,CCGT,0.0,MW
2050-08-10 21:00:00,XY,CCGT,0.0,MW
2050-08-11 22:00:00,XY,CCGT,0.0,MW
2050-08-12 23:00:00,XY,CCGT,0.0,MW
2050-08-14 00:00:00,XY,CCGT,0.0,MW
2050-08-15 01:00:00,XY,CCGT,0.0,MW
2050-08-16 02:00:00,XY,CCGT,0.0,MW
2050-08-17 03:00:00,XY,CCGT,0.0,MW
2050-08-18 04:00:00,XY,CCGT,0.0,MW
2050-08-19 05:00:00,XY,CCGT,0.0,MW
2050-08-20 06:00:00,XY,CCGT,0.0,MW
2050-08-21 07:00:00,XY,CCGT,0.0,MW
2050-08-22 08:00:00,XY,CCGT,0.0,MW
2050-08-23 09:00:00,XY,CCGT,0.0,MW
2050-08-24 10:00:00,XY,CCGT,0.0,MW
2050-08-25 11:00:00,XY,CCGT,0.0,MW
2050-08-26 12:00:00,XY,CCGT,0.0,MW
2050-08-27 13:00:00,XY,CCGT,0.0,MW
2050-08-28 14:00:00,XY,CCGT,0.0,MW
2050-08-29 15:00:00,XY,CCGT,0.0,MW
2050-08-30 16:00:00,XY,CCGT,0.0,MW
2050-08-31 17:00:00,XY,CCGT,0.0,MW
2050-09-01 18:00:00,XY,CCGT,0.0,MW
2050-09-02 19:00:00,XY,CCGT,0.0,MW
2050-09-03 20:00:00,XY,CCGT,0.0,MW
2050-09-04 21:00:00,XY,CCGT,0.0,MW
2050-09-05 22:00:00,XY,CCGT,0.0,MW
2050-09-06 23:00:00,XY,CCGT,0.0,MW
2050-09-08 00:00:00,XY,CCGT,0.0,MW
2050-09-09 01:00:00,XY,CCGT,0.0,MW
2050-09-10 02:00:00,XY,CCGT,0.0,MW
2050-09-11 03:00:00,XY,CCGT,0.0,MW
2050-09-12 04:00:00,XY,CCGT,0.0,MW
2050-09-13 05:00:00,XY,CCGT,0.0,MW
2050-09-14 06:00:00,XY,CCGT,0.0,MW
2050-09-15 07:00:00,XY,CCGT,0.0,MW
2050-09-16 08:00:00,XY,CCGT,0.0,MW
2050-09-17 09:00:00,XY,CCGT,0.0,MW
2050-09-18 10:00:00,XY,CCGT,0.0,MW
2050-09-19 11:00:00,XY,CCGT,0.0,MW
2050-09-20 12:00:00,XY,CCGT,0.0,MW
2050-09-21 13:00:00,XY,CCGT,0.0,MW
2050-09-22 14:00:00,XY,CCGT,0.0,MW
2050-09-23 15:00:00,XY,CCGT,0.0,MW
2050-09-24 16:00:00,XY,CCGT,0.0,MW
2050-09-25 17:00:00,XY,CCGT,0.0,MW
2050-09-26 18:00:00,XY,CCGT,0.0,MW
2050-09-27 19:00:00,XY,CCGT,0.0,MW
2050-09-28 20:00:00,XY,CCGT,0.0,MW
2050-09-29 21:00:00,XY,CCGT,0.0,MW
2050-09-30 22:00:00,XY,CCGT,0.0,MW
2050-10-01 23:00:00,XY,CCGT,0.0,MW
2050-10-03 00:00:00,XY,CCGT,0.0,MW
2050-10-04 01:00:00,XY,CCGT,0.0,MW
2050-10-05 02:00:00,XY,CCGT,0.0,MW
2050-10-06 03:00:00,XY,CCGT,0.0,MW
2050-10-07 04:00:00,XY,CCGT,0.0,MW
2050-10-08 05:00:00,XY,CCGT,0.0,MW
2050-10-09 06:00:00,XY,CCGT,0.0,MW
2050-10-10 07:00:00,XY,CCGT,0.0,MW
2050-10-11 08:00:00,XY,CCGT,0.0,MW
2050-10-12 09:00:00,XY,CCGT,0.0,MW
2050-10-13 10:00:00,XY,CCGT,0.0,MW
2050-10-14 11:00:00,XY,CCGT,0.0,MW
2050-10-15 12:00:00,XY,CCGT,0.0,MW
2050-10-16 13:00:00,XY,CCGT,0.0,MW
2050-10-17 14:00:00,XY,CCGT,0.0,MW
2050-10-18 15:00:00,XY,CCGT,0.0,MW
2050-10-19 16:00:00,XY,CCGT,0.0,MW
2050-10-20 17:00:00,XY,CCGT,0.0,MW
2050-10-21 18:00:00,XY,CCGT,0.0,MW
2050-10-22 19:00:00,XY,CCGT,0.0,MW
2050-10-23 20:00:00,XY,CCGT,0.0,MW
2050-10-24 21:00:00,XY,CCGT,0.0,MW
2050-10-25 22:00:00,XY,CCGT,0.0,MW
2050-10-26 23:00:00,XY,CCGT,0.0,MW
2050-10-28 00:00:00,XY,CCGT,0.0,MW
2050-10-29 01:00:00,XY,CCGT,0.0,MW
2050-10-30 02:00:00,XY,CCGT,0.0,MW
2050-10-31 03:00:00,XY,CCGT,0.0,MW
2050-11-01 04:00:00,XY,CCGT,0.0,MW
2050-11-02 05:00:00,XY,CCGT,0.0,MW
2050-11-03 06:00:00,XY,CCGT,0.0,MW
2050-11-04 07:00:00,XY,CCGT,0.0,MW
2050-11-05 08:00:00,XY,CCGT,0.0,MW
2050-11-06 09:00:00,XY,CCGT,0.0,MW
2050-11-07 10:00:00,XY,CCGT,0.0,MW
2050-11-08 11:00:00,XY,CCGT,0.0,MW
2050-11-09 12:00:00,XY,CCGT,0.0,MW
2050-11-10 13:00:00,XY,CCGT,0.0,MW
2050-11-11 14:00:00,XY,CCGT,0.0,MW
2050-11-12 15:00:00,XY,CCGT,0.0,MW
2050-11-13 16:00:00,XY,CCGT,0.0,MW
2050-11-14 17:00:00,XY,CCGT,0.0,MW
2050-11-15 18:00:00,XY,CCGT,0.0,MW
2050-11-16 19:00:00,XY,CCGT,0.0,MW
2050-11-17 20:00:00,XY,CCGT,0.0,MW
2050-11-18 21:00:00,XY,CCGT,0.0,MW
2050-11-19 22:00:00,XY,CCGT,0.0,MW
2050-11-20 23:00:00,XY,CCGT,0.0,MW
2050-11-22 00:00:00,XY,CCGT,0.0,MW
2050-11-23 01:00:00,XY,CCGT,0.0,MW
2050-11-24 02:00:00,XY,CCGT,0.0,MW
2050-11-25 03:00:00,XY,CCGT,0.0,MW
2050-11-26 04:00:00,XY,CCGT,0.0,MW
2050-11-27 05:00:00,XY,CCGT,0.0,MW
2050-11-28 06:00:00,XY,CCGT,0.0,MW
2050-11-29 07:00:00,XY,CCGT,0.0,MW
2050-11-30 08:00:00,XY,CCGT,0.0,MW
2050-12-01 09:00:00,XY,CCGT,0.0,MW
2050-12-02 10:00:00,XY,CCGT,0.0,MW
2050-12-03 11:00:00,XY,CCGT,0.0,MW
2050-12-04 12:00:00,XY,CCGT,0.0,MW
2050-12-05 13:00:00,XY,CCGT,0.0,MW
2050-12-06 14:00:00,XY,CCGT,0.0,MW
2050-12-07 15:00:00,XY,CCGT,0.0,MW
2050-12-08 16:00:00,XY,CCGT,0.0,MW
2050-12-09 17:00:00,XY,CCGT,0.0,MW
2050-12-10 18:00:00,XY,CCGT,0.0,MW
2050-12-11 19:00:00,XY,CCGT,0.0,MW
2050-12-12 20:00:00,XY,CCGT,0.0,MW
2050-12-13 21:00:00,XY,CCGT,0.0,MW
2050-12-14 22:00:00,XY,CCGT,0.0,MW
2050-12-15 23:00:00,XY,CCGT,0.0,MW
2050-12-17 00:00:00,XY,CCGT,0.0,MW
2050-12-18 01:00:00,XY,CCGT,0.0,MW
2050-12-19 02:00:00,XY,CCGT,0.0,MW
2050-12-20 03:00:00,XY,CCGT,0.0,MW
2050-12-21 04:00:00,XY,CCGT,0.0,MW
2050-12-22 05:00:00,XY,CCGT,0.0,MW
2050-12-23 06:00:00,XY,CCGT,0.0,MW
2050-12-24 07:00:00,XY,CCGT,0.0,MW
2050-12-25 08:00:00,XY,CCGT,0.0,MW
2050-12-26 09:00:00,XY,CCGT,0.0,MW
2050-12-27 10:00:00,XY,CCGT,0.0,MW
2050-12-28 11:00:00,XY,CCGT,0.0,MW
2050-12-29 12:00:00,XY,CCGT,0.0,MW
2050-12-30 13:00:00,XY,CCGT,0.0,MW
2050-12-31 14:00:00,XY,CCGT,0.0,MW
2051-01-01 15:00:00,XY,CCGT,0.0,MW
2050-01-01 00:00:00,XY,NUCL,1095.5,MW
2050-01-02 01:00:00,XY,NUCL,1095.5,MW
2050-01-03 02:00:00,XY,NUCL,1095.5,MW
2050-01-04 03:00:00,XY,NUCL,1095.5,MW
2050-01-05 04:00:00,XY,NUCL,1095.5,MW
2050-01-06 05:00:00,XY,NUCL,1095.5,MW
2050-01-07 06:00:00,XY,NUCL,1095.5,MW
2050-01-08 07:00:00,XY,NUCL,1095.5,MW
2050-01-09 08:00:00,XY,NUCL,1095.5,MW
2050-01-10 09:00:00,XY,NUCL,1095.5,MW
2050-01-11 10:00:00,XY,NUCL,1095.5,MW
2050-01-12 11:00:00,XY,NUCL,1095.5,MW
2050-01-13 12:00:00,XY,NUCL,1095.5,MW
2050-01-14 13:00:00,XY,NUCL,1095.5,MW
2050-01-15 14:00:00,XY,NUCL,1095.5,MW
2050-01-16 15:00:00,XY,NUCL,1095.5,MW
2050-01-17 16:00:00,XY,NUCL,1095.5,MW
2050-01-18 17:00:00,XY,NUCL,1095.5,MW
2050-01-19 18:00:00,XY,NUCL,1095.5,MW
2050-01-20 19:00:00,XY,NUCL,1095.5,MW
2050-01-21 20:00:00,XY,NUCL,1095.5,MW
2050-01-22 21:00:00,XY,NUCL,1095.5,MW
2050-01-23 22:00:00,XY,NUCL,1095.5,MW
2050-01-24 23:00:00,XY,NUCL,1095.5,MW
2050-01-26 00:00:00,XY,NUCL,1095.5,MW
2050-01-27 01:00:00,XY,NUCL,1095.5,MW
2050-01-28 02:00:00,XY,NUCL,1095.5,MW
2050-01-29 03:00:00,XY,NUCL,1095.5,MW
2050-01-30 04:00:00,XY,NUCL,1095.5,MW
2050-01-31 05:00:00,XY,NUCL,1095.5,MW
2050-02-01 06:00:00,XY,NUCL,1095.5,MW
2050-02-02 07:00:00,XY,NUCL,1095.5,MW
2050-02-03 08:00:00,XY,NUCL,1095.5,MW
2050-02-04 09:00:00,XY,NUCL,1095.5,MW
2050-02-05 10:00:00,XY,NUCL,1095.5,MW
2050-02-06 11:00:00,XY,NUCL,1095.5,MW
2050-02-07 12:00:00,XY,NUCL,1095.5,MW
2050-02-08 13:00:00,XY,NUCL,1095.5,MW
2050-02-09 14:00:00,XY,NUCL,1095.5,MW
2050-02-10 15:00:00,XY,NUCL,1095.5,MW
2050-02-11 16:00:00,XY,NUCL,1095.5,MW
2050-02-12 17:00:00,XY,NUCL,1095.5,MW
2050-02-13 18:00:00,XY,NUCL,1095.5,MW
2050-02-14 19:00:00,XY,NUCL,1095.5,MW
2050-02-15 20:00:00,XY,NUCL,1095.5,MW
2050-02-16 21:00:00,XY,NUCL,1095.5,MW
2050-02-17 22:00:00,XY,NUCL,1095.5,MW
2050-02-18 23:00:00,XY,NUCL,1095.5,MW
2050-02-20 00:00:00,XY,NUCL,1095.5,MW
2050-02-21 01:00:00,XY,NUCL,1095.5,MW
2050-02-22 02:00:00,XY,NUCL,1095.5,MW
2050-02-23 03:00:00,XY,NUCL,1095.5,MW
2050-02-24 04:00:00,XY,NUCL,1095.5,MW
2050-02-25 05:00:00,XY,NUCL,1095.5,MW
2050-02-26 06:00:00,XY,NUCL,1095.5,MW
2050-02-27 07:00:00,XY,NUCL,1095.5,MW
2050-02-28 08:00:00,XY,NUCL,1095.5,MW
2050-03-01 09:00:00,XY,NUCL,1095.5,MW
2050-03-02 10:00:00,XY,NUCL,1095.5,MW
2050-03-03 11:00:00,XY,NUCL,1095.5,MW
2050-03-04 12:00:00,XY,NUCL,1095.5,MW
2050-03-05 13:00:00,XY,NUCL,1095.5,MW
2050-03-06 14:00:00,XY,NUCL,1095.5,MW
2050-03-07 15:00:00,XY,NUCL,1095.5,MW
2050-03-08 16:00:00,XY,NUCL,1095.5,MW
2050-03-09 17:00:00,XY,NUCL,1095.5,MW
2050-03-10 18:00:00,XY,NUCL,1095.5,MW
2050-03-11 19:00:00,XY,NUCL,1095.5,MW
2050-03-12 20:00:00,XY,NUCL,1095.5,MW
2050-03-13 21:00:00,XY,NUCL,1095.5,MW
2050-03-14 22:00:00,XY,NUCL,1095.5,MW
2050-03-15 23:00:00,XY,NUCL,1095.5,MW
2050-03-17 00:00:00,XY,NUCL,1095.5,MW
2050-03-18 01:00:00,XY,NUCL,1095.5,MW
2050-03-19 02:00:00,XY,NUCL,1095.5,MW
2050-03-20 03:00:00,XY,NUCL,1095.5,MW
2050-03-21 04:00:00,XY,NUCL,1095.5,MW
2050-03-22 05:00:00,XY,NUCL,1095.5,MW
2050-03-23 06:00:00,XY,NUCL,1095.5,MW
2050-03-24 07:00:00,XY,NUCL,1095.5,MW
2050-03-25 08:00:00,XY,NUCL,1095.5,MW
2050-03-26 09:00:00,XY,NUCL,1095.5,MW
2050-03-27 10:00:00,XY,NUCL,1095.5,MW
2050-03-28 11:00:00,XY,NUCL,1095.5,MW
2050-03-29 12:00:00,XY,NUCL,1095.5,MW
2050-03-30 13:00:00,XY,NUCL,1095.5,MW
2050-03-31 14:00:00,XY,NUCL,1095.5,MW
2050-04-01 15:00:00,XY,NUCL,1095.5,MW
2050-04-02 16:00:00,XY,NUCL,1095.5,MW
2050-04-03 17:00:00,XY,NUCL,1095.5,MW
2050-04-04 18:00:00,XY,NUCL,1095.5,MW
2050-04-05 19:00:00,XY,NUCL,1095.5,MW
2050-04-06 20:00:00,XY,NUCL,1095.5,MW
2050-04-07 21:00:00,XY,NUCL,1095.5,MW
2050-04-08 22:00:00,XY,NUCL,1095.5,MW
2050-04-09 23:00:00,XY,NUCL,1095.5,MW
2050-04-11 00:00:00,XY,NUCL,1095.5,MW
2050-04-12 01:00:00,XY,NUCL,1095.5,MW
2050-04-13 02:00:00,XY,NUCL,1095.5,MW
2050-04-14 03:00:00,XY,NUCL,1095.5,MW
2050-04-15 04:00:00,XY,NUCL,1095.5,MW
2050-04-16 05:00:00,XY,NUCL,1095.5,MW
2050-04-17 06:00:00,XY,NUCL,1095.5,MW
2050-04-18 07:00:00,XY,NUCL,1095.5,MW
2050-04-19 08:00:00,XY,NUCL,1095.5,MW
2050-04-20 09:00:00,XY,NUCL,1095.5,MW
2050-04-21 10:00:00,XY,NUCL,1095.5,MW
2050-04-22 11:00:00,XY,NUCL,1095.5,MW
2050-04-23 12:00:00,XY,NUCL,1095.5,MW
2050-04-24 13:00:00,XY,NUCL,1095.5,MW
2050-04-25 14:00:00,XY,NUCL,1095.5,MW
2050-04-26 15:00:00,XY,NUCL,1095.5,MW
2050-04-27 16:00:00,XY,NUCL,1095.5,MW
2050-04-28 17:00:00,XY,NUCL,1095.5,MW
2050-04-29 18:00:00,XY,NUCL,1095.5,MW
2050-04-30 19:00:00,XY,NUCL,1095.5,MW
2050-05-01 20:00:00,XY,NUCL,1095.5,MW
2050-05-02 21:00:00,XY,NUCL,1095.5,MW
2050-05-03 22:00:00,XY,NUCL,1095.5,MW
2050-05-04 23:00:00,XY,NUCL,1095.5,MW
2050-05-06 00:00:00,XY,NUCL,1095.5,MW
2050-05-07 01:00:00,XY,NUCL,1095.5,MW
2050-05-08 02:00:00,XY,NUCL,1095.5,MW
2050-05-09 03:00:00,XY,NUCL,1095.5,MW
2050-05-10 04:00:00,XY,NUCL,1095.5,MW
2050-05-11 05:00:00,XY,NUCL,1095.5,MW
2050-05-12 06:00:00,XY,NUCL,1095.5,MW
2050-05-13 07:00:00,XY,NUCL,1095.5,MW
2050-05-14 08:00:00,XY,NUCL,1095.5,MW
2050-05-15 09:00:00,XY,NUCL,1095.5,MW
2050-05-16 10:00:00,XY,NUCL,1095.5,MW
2050-05-17 11:00:00,XY,NUCL,1095.5,MW
2050-05-18 12:00:00,XY,NUCL,1095.5,MW
2050-05-19 13:00:00,XY,NUCL,1095.5,MW
2050-05-20 14:00:00,XY,NUCL,1095.5,MW
2050-05-21 15:00:00,XY,NUCL,1095.5,MW
2050-05-22 16:00:00,XY,NUCL,1095.5,MW
2050-05-23 17:00:00,XY,NUCL,1095.5,MW
2050-05-24 18:00:00,XY,NUCL,1095.5,MW
2050-05-25 19:00:00,XY,NUCL,1095.5,MW
2050-05-26 20:00:00,XY,NUCL,1095.5,MW
2050-05-27 21:00:00,XY,NUCL,1095.5,MW
2050-05-28 22:00:00,XY,NUCL,1095.5,MW
2050-05-29 23:00:00,XY,NUCL,1095.5,MW
2050-05-31 00:00:00,XY,NUCL,1095.5,MW
2050-06-01 01:00:00,XY,NUCL,1095.5,MW
2050-06-02 02:00:00,XY,NUCL,1095.5,MW
2050-06-03 03:00:00,XY,NUCL,1095.5,MW
2050-06-04 04:00:00,XY,NUCL,1095.5,MW
2050-06-05 05:00:00,XY,NUCL,1095.5,MW
2050-06-06 06:00:00,XY,NUCL,1095.5,MW
2050-06-07 07:00:00,XY,NUCL,1095.5,MW
2050-06-08 08:00:00,XY,NUCL,1095.5,MW
2050-06-09 09:00:00,XY,NUCL,1095.5,MW
2050-06-10 10:00:00,XY,NUCL,1095.5,MW
2050-06-11 11:00:00,XY,NUCL,1095.5,MW
2050-06-12 12:00:00,XY,NUCL,1095.5,MW
2050-06-13 13:00:00,XY,NUCL,1095.5,MW
2050-06-14 14:00:00,XY,NUCL,1095.5,MW
2050-06-15 15:00:00,XY,NUCL,1095.5,MW
2050-06-16 16:00:00,XY,NUCL,1095.5,MW
2050-06-17 17:00:00,XY,NUCL,1095.5,MW
2050-06-18 18:00:00,XY,NUCL,1095.5,MW
2050-06-19 19:00:00,XY,NUCL,1095.5,MW
2050-06-20 20:00:00,XY,NUCL,1095.5,MW
2050-06-21 21:00:00,XY,NUCL,1095.5,MW
2050-06-22 22:00:00,XY,NUCL,1095.5,MW
2050-06-23 23:00:00,XY,NUCL,1095.5,MW
2050-06-25 00:00:00,XY,NUCL,1095.5,MW
2050-06-26 01:00:00,XY,NUCL,1095.5,MW
2050-06-27 02:00:00,XY,NUCL,1095.5,MW
2050-06-28 03:00:00,XY,NUCL,1095.5,MW
2050-06-29 04:00:00,XY,NUCL,1095.5,MW
2050-06-30 05:00:00,XY,NUCL,1095.5,MW
2050-07-01 06:00:00,XY,NUCL,1095.5,MW
2050-07-02 07:00:00,XY,NUCL,1095.5,MW
2050-07-03 08:00:00,XY,NUCL,1095.5,MW
2050-07-04 09:00:00,XY,NUCL,1095.5,MW
2050-07-05 10:00:00,XY,NUCL,1095.5,MW
2050-07-06 11:00:00,XY,NUCL,1095.5,MW
2050-07-07 12:00:00,XY,NUCL,1095.5,MW
2050-07-08 13:00:00,XY,NUCL,1095.5,MW
2050-07-09 14:00:00,XY,NUCL,1095.5,MW
2050-07-10 15:00:00,XY,NUCL,1095.5,MW
2050-07-11 16:00:00,XY,NUCL,1095.5,MW
2050-07-12 17:00:00,XY,NUCL,1095.5,MW
2050-07-13 18:00:00,XY,NUCL,1095.5,MW
2050-07-14 19:00:00,XY,NUCL,1095.5,MW
2050-07-15 20:00:00,XY,NUCL,1095.5,MW
2050-07-16 21:00:00,XY,NUCL,1095.5,MW
2050-07-17 22:00:00,XY,NUCL,1095.5,MW
2050-07-18 23:00:00,XY,NUCL,1095.5,MW
2050-07-20 00:00:00,XY,NUCL,1095.5,MW
2050-07-21 01:00:00,XY,NUCL,1095.5,MW
2050-07-22 02:00:00,XY,NUCL,1095.5,MW
2050-07-23 03:00:00,XY,NUCL,1095.5,MW
2050-07-24 04:00:00,XY,NUCL,1095.5,MW
2050-07-25 05:00:00,XY,NUCL,1095.5,MW
2050-07-26 06:00:00,XY,NUCL,1095.5,MW
2050-07-27 07:00:00,XY,NUCL,1095.5,MW
2050-07-28 08:00:00,XY,NUCL,1095.5,MW
2050-07-29 09:00:00,XY,NUCL,1095.5,MW
2050-07-30 10:00:00,XY,NUCL,1095.5,MW
2050-07-31 11:00:00,XY,NUCL,1095.5,MW
2050-08-01 12:00:00,XY,NUCL,1095.5,MW
2050-08-02 13:00:00,XY,NUCL,1095.5,MW
2050-08-03 14:00:00,XY,NUCL,1095.5,MW
2050-08-04 15:00:00,XY,NUCL,1095.5,MW
2050-08-05 16:00:00,XY,NUCL,1095.5,MW
2050-08-06 17:00:00,XY,NUCL,1095.5,MW
2050-08-07 18:00:00,XY,NUCL,1095.5,MW
2050-08-08 19:00:00,XY,NUCL,1095.5,MW
2050-08-09 20:00:00,XY,NUCL,1095.5,MW
2050-08-10 21:00:00,XY,NUCL,1095.5,MW
2050-08-11 22:00:00,XY,NUCL,1095.5,MW
2050-08-12 23:00:00,XY,NUCL,1095.5,MW
2050-08-14 00:00:00,XY,NUCL,1095.5,MW
2050-08-15 01:00:00,XY,NUCL,1095.5,MW
2050-08-16 02:00:00,XY,NUCL,1095.5,MW
2050-08-17 03:00:00,XY,NUCL,1095.5,MW
2050-08-18 04:00:00,XY,NUCL,1095.5,MW
2050-08-19 05:00:00,XY,NUCL,1095.5,MW
2050-08-20 06:00:00,XY,NUCL,1095.5,MW
2050-08-21 07:00:00,XY,NUCL,1095.5,MW
2050-08-22 08:00:00,XY,NUCL,1095.5,MW
2050-08-23 09:00:00,XY,NUCL,1095.5,MW
2050-08-24 10:00:00,XY,NUCL,1095.5,MW
2050-08-25 11:00:00,XY,NUCL,1095.5,MW
2050-08-26 12:00:00,XY,NUCL,1095.5,MW
2050-08-27 13:00:00,XY,NUCL,1095.5,MW
2050-08-28 14:00:00,XY,NUCL,1095.5,MW
2050-08-29 15:00:00,XY,NUCL,1095.5,MW
2050-08-30 16:00:00,XY,NUCL,1095.5,MW
2050-08-31 17:00:00,XY,NUCL,1095.5,MW
2050-09-01 18:00:00,XY,NUCL,1095.5,MW
2050-09-02 19:00:00,XY,NUCL,1095.5,MW
2050-09-03 20:00:00,XY,NUCL,1095.5,MW
2050-09-04 21:00:00,XY,NUCL,1095.5,MW
2050-09-05 22:00:00,XY,NUCL,1095.5,MW
2050-09-06 23:00:00,XY,NUCL,1095.5,MW
2050-09-08 00:00:00,XY,NUCL,1095.5,MW
2050-09-09 01:00:00,XY,NUCL,1095.5,MW
2050-09-10 02:00:00,XY,NUCL,1095.5,MW
2050-09-11 03:00:00,XY,NUCL,1095.5,MW
2050-09-12 04:00:00,XY,NUCL,1095.5,MW
2050-09-13 05:00:00,XY,NUCL,1095.5,MW
2050-09-14 06:00:00,XY,NUCL,1095.5,MW
2050-09-15 07:00:00,XY,NUCL,1095.5,MW
2050-09-16 08:00:00,XY,NUCL,1095.5,MW
2050-09-17 09:00:00,XY,NUCL,1095.5,MW
2050-09-18 10:00:00,XY,NUCL,1095.5,MW
2050-09-19 11:00:00,XY,NUCL,1095.5,MW
2050-09-20 12:00:00,XY,NUCL,1095.5,MW
2050-09-21 13:00:00,XY,NUCL,1095.5,MW
2050-09-22 14:00:00,XY,NUCL,1095.5,MW
2050-09-23 15:00:00,XY,NUCL,1095.5,MW
2050-09-24 16:00:00,XY,NUCL,1095.5,MW
2050-09-25 17:00:00,XY,NUCL,1095.5,MW
2050-09-26 18:00:00,XY,NUCL,1095.5,MW
2050-09-27 19:00:00,XY,NUCL,1095.5,MW
2050-09-28 20:00:00,XY,NUCL,1095.5,MW
2050-09-29 21:00:00,XY,NUCL,1095.5,MW
2050-09-30 22:00:00,XY,NUCL,1095.5,MW
2050-10-01 23:00:00,XY,NUCL,1095.5,MW
2050-10-03 00:00:00,XY,NUCL,1095.5,MW
2050-10-04 01:00:00,XY,NUCL,1095.5,MW
2050-10-05 02:00:00,XY,NUCL,1095.5,MW
2050-10-06 03:00:00,XY,NUCL,1095.5,MW
2050-10-07 04:00:00,XY,NUCL,1095.5,MW
2050-10-08 05:00:00,XY,NUCL,1095.5,MW
2050-10-09 06:00:00,XY,NUCL,1095.5,MW
2050-10-10 07:00:00,XY,NUCL,1095.5,MW
2050-10-11 08:00:00,XY,NUCL,1095.5,MW
2050-10-12 09:00:00,XY,NUCL,1095.5,MW
2050-10-13 10:00:00,XY,NUCL,1095.5,MW
2050-10-14 11:00:00,XY,NUCL,1095.5,MW
2050-10-15 12:00:00,XY,NUCL,1095.5,MW
2050-10-16 13:00:00,XY,NUCL,1095.5,MW
2050-10-17 14:00:00,XY,NUCL,1095.5,MW
2050-10-18 15:00:00,XY,NUCL,1095.5,MW
2050-10-19 16:00:00,XY,NUCL,1095.5,MW
2050-10-20 17:00:00,XY,NUCL,1095.5,MW
2050-10-21 18:00:00,XY,NUCL,1095.5,MW
2050-10-22 19:00:00,XY,NUCL,1095.5,MW
2050-10-23 20:00:00,XY,NUCL,1095.5,MW
2050-10-24 21:00:00,XY,NUCL,1095.5,MW
2050-10-25 22:00:00,XY,NUCL,1095.5,MW
2050-10-26 23:00:00,XY,NUCL,1095.5,MW
2050-10-28 00:00:00,XY,NUCL,1095.5,MW
2050-10-29 01:00:00,XY,NUCL,1095.5,MW
2050-10-30 02:00:00,XY,NUCL,1095.5,MW
2050-10-31 03:00:00,XY,NUCL,1095.5,MW
2050-11-01 04:00:00,XY,NUCL,1095.5,MW
2050-11-02 05:00:00,XY,NUCL,1095.5,MW
2050-11-03 06:00:00,XY,NUCL,1095.5,MW
2050-11-04 07:00:00,XY,NUCL,1095.5,MW
2050-11-05 08:00:00,XY,NUCL,1095.5,MW
2050-11-06 09:00:00,XY,NUCL,1095.5,MW
2050-11-07 10:00:00,XY,NUCL,1095.5,MW
2050-11-08 11:00:00,XY,NUCL,1095.5,MW
2050-11-09 12:00:00,XY,NUCL,1095.5,MW
2050-11-10 13:00:00,XY,NUCL,1095.5,MW
2050-11-11 14:00:00,XY,NUCL,1095.5,MW
2050-11-12 15:00:00,XY,NUCL,1095.5,MW
2050-11-13 16:00:00,XY,NUCL,1095.5,MW
2050-11-14 17:00:00,XY,NUCL,1095.5,MW
2050-11-15 18:00:00,XY,NUCL,1095.5,MW
2050-11-16 19:00:00,XY,NUCL,1095.5,MW
2050-11-17 20:00:00,XY,NUCL,1095.5,MW
2050-11-18 21:00:00,XY,NUCL,1095.5,MW
2050-11-19 22:00:00,XY,NUCL,1095.5,MW
2050-11-20 23:00:00,XY,NUCL,1095.5,MW
2050-11-22 00:00:00,XY,NUCL,1095.5,MW
2050-11-23 01:00:00,XY,NUCL,1095.5,MW
2050-11-24 02:00:00,XY,NUCL,1095.5,MW
2050-11-25 03:00:00,XY,NUCL,1095.5,MW
2050-11-26 04:00:00,XY,NUCL,1095.5,MW
2050-11-27 05:00:00,XY,NUCL,1095.5,MW
2050-11-28 06:00:00,XY,NUCL,1095.5,MW
2050-11-29 07:00:00,XY,NUCL,1095.5,MW
2050-11-30 08:00:00,XY,NUCL,1095.5,MW
2050-12-01 09:00:00,XY,NUCL,1095.5,MW
2050-12-02 10:00:00,XY,NUCL,1095.5,MW
2050-12-03 11:00:00,XY,NUCL,1095.5,MW
2050-12-04 12:00:00,XY,NUCL,1095.5,MW
2050-12-05 13:00:00,XY,NUCL,1095.5,MW
2050-12-06 14:00:00,XY,NUCL,1095.5,MW
2050-12-07 15:00:00,XY,NUCL,1095.5,MW
2050-12-08 16:00:00,XY,NUCL,1095.5,MW
2050-12-09 17:00:00,XY,NUCL,1095.5,MW
2050-12-10 18:00:00,XY,NUCL,1095.5,MW
2050-12-11 19:00:00,XY,NUCL,1095.5,MW
2050-12-12 20:00:00,XY,NUCL,1095.5,MW
2050-12-13 21:00:00,XY,NUCL,1095.5,MW
2050-12-14 22:00:00,XY,NUCL,1095.5,MW
2050-12-15 23:00:00,XY,NUCL,1095.5,MW
2050-12-17 00:00:00,XY,NUCL,1095.5,MW
2050-12-18 01:00:00,XY,NUCL,1095.5,MW
2050-12-19 02:00:00,XY,NUCL,1095.5,MW
2050-12-20 03:00:00,XY,NUCL,1095.5,MW
2050-12-21 04:00:00,XY,NUCL,1095.5,MW
2050-12-22 05:00:00,XY,NUCL,1095.5,MW
2050-12-23 06:00:00,XY,NUCL,1095.5,MW
2050-12-24 07:00:00,XY,NUCL,1095.5,MW
2050-12-25 08:00:00,XY,NUCL,1095.5,MW
2050-12-26 09:00:00,XY,NUCL,1095.5,MW
2050-12-27 10:00:00,XY,NUCL,1095.5,MW
2050-12-28 11:00:00,XY,NUCL,1095.5,MW
2050-12-29 12:00:00,XY,NUCL,1095.5,MW
2050-12-30 13:00:00,XY,NUCL,1095.5,MW
2050-12-31 14:00:00,XY,NUCL,1095.5,MW
2051-01-01 15:00:00,XY,NUCL,1095.5,MW
2050-01-01 00:00:00,XY,OCHT,3104.1,MW
2050-01-02 01:00:00,XY,OCHT,3104.1,MW
2050-01-03 02:00:00,XY,OCHT,3104.1,MW
2050-01-04 03:00:00,XY,OCHT,3104.1,MW
2050-01-05 04:00:00,XY,OCHT,3104.1,MW
2050-01-06 05:00:00,XY,OCHT,3104.1,MW
2050-01-07 06:00:00,XY,OCHT,3104.1,MW
2050-01-08 07:00:00,XY,OCHT,3104.1,MW
2050-01-09 08:00:00,XY,OCHT,3104.1,MW
2050-01-10 09:00:00,XY,OCHT,3104.1,MW
2050-01-11 10:00:00,XY,OCHT,3104.1,MW
2050-01-12 11:00:00,XY,OCHT,3104.1,MW
2050-01-13 12:00:00,XY,OCHT,3104.1,MW
2050-01-14 13:00:00,XY,OCHT,3104.1,MW
2050-01-15 14:00:00,XY,OCHT,3104.1,MW
2050-01-16 15:00:00,XY,OCHT,3104.1,MW
2050-01-17 16:00:00,XY,OCHT,3104.1,MW
2050-01-18 17:00:00,XY,OCHT,3104.1,MW
2050-01-19 18:00:00,XY,OCHT,3005.5,MW
2050-01-20 19:00:00,XY,OCHT,3104.1,MW
2050-01-21 20:00:00,XY,OCHT,3104.1,MW
2050-01-22 21:00:00,XY,OCHT,2271.2,MW
2050-01-23 22:00:00,XY,OCHT,2208.0,MW
2050-01-24 23:00:00,XY,OCHT,2526.1,MW
2050-01-26 00:00:00,XY,OCHT,2892.2,MW
2050-01-27 01:00:00,XY,OCHT,2023.6,MW
2050-01-28 02:00:00,XY,OCHT,2123.2,MW
2050-01-29 03:00:00,XY,OCHT,2755.6,MW
2050-01-30 04:00:00,XY,OCHT,2816.8,MW
2050-01-31 05:00:00,XY,OCHT,3036.0,MW
2050-02-01 06:00:00,XY,OCHT,2979.5,MW
2050-02-02 07:00:00,XY,OCHT,2885.0,MW
2050-02-03 08:00:00,XY,OCHT,2588.4,MW
2050-02-04 09:00:00,XY,OCHT,3046.2,MW
2050-02-05 10:00:00,XY,OCHT,3104.1,MW
2050-02-06 11:00:00,XY,OCHT,3104.1,MW
2050-02-07 12:00:00,XY,OCHT,3104.1,MW
2050-02-08 13:00:00,XY,OCHT,3104.1,MW
2050-02-09 14:00:00,XY,OCHT,3104.1,MW
2050-02-10 15:00:00,XY,OCHT,3104.1,MW
2050-02-11 16:00:00,XY,OCHT,3104.1,MW
2050-02-12 17:00:00,XY,OCHT,3054.0,MW
2050-02-13 18:00:00,XY,OCHT,2947.7,MW
2050-02-14 19:00:00,XY,OCHT,3046.2,MW
2050-02-15 20:00:00,XY,OCHT,3104.1,MW
2050-02-16 21:00:00,XY,OCHT,3054.0,MW
2050-02-17 22:00:00,XY,OCHT,1646.5,MW
2050-02-18 23:00:00,XY,OCHT,1779.8,MW
2050-02-20 00:00:00,XY,OCHT,3046.2,MW
2050-02-21 01:00:00,XY,OCHT,2463.7,MW
2050-02-22 02:00:00,XY,OCHT,2404.9,MW
2050-02-23 03:00:00,XY,OCHT,2481.4,MW
2050-02-24 04:00:00,XY,OCHT,2033.6,MW
2050-02-25 05:00:00,XY,OCHT,1895.8,MW
2050-02-26 06:00:00,XY,OCHT,2868.0,MW
2050-02-27 07:00:00,XY,OCHT,3104.1,MW
2050-02-28 08:00:00,XY,OCHT,3104.1,MW
2050-03-01 09:00:00,XY,OCHT,3104.1,MW
2050-03-02 10:00:00,XY,OCHT,3104.1,MW
2050-03-03 11:00:00,XY,OCHT,3104.1,MW
2050-03-04 12:00:00,XY,OCHT,3104.1,MW
2050-03-05 13:00:00,XY,OCHT,3104.1,MW
2050-03-06 14:00:00,XY,OCHT,3104.1,MW
2050-03-07 15:00:00,XY,OCHT,3104.1,MW
2050-03-08 16:00:00,XY,OCHT,3104.1,MW
2050-03-09 17:00:00,XY,OCHT,3060.5,MW
2050-03-10 18:00:00,XY,OCHT,2954.2,MW
2050-03-11 19:00:00,XY,OCHT,2947.7,MW
2050-03-12 20:00:00,XY,OCHT,2217.2,MW
2050-03-13 21:00:00,XY,OCHT,2000.0,MW
2050-03-14 22:00:00,XY,OCHT,2444.8,MW
2050-03-15 23:00:00,XY,OCHT,2007.6,MW
2050-03-17 00:00:00,XY,OCHT,2947.7,MW
2050-03-18 01:00:00,XY,OCHT,1616.6,MW
2050-03-19 02:00:00,XY,OCHT,2746.8,MW
2050-03-20 03:00:00,XY,OCHT,2443.5,MW
2050-03-21 04:00:00,XY,OCHT,3104.1,MW
2050-03-22 05:00:00,XY,OCHT,2618.9,MW
2050-03-23 06:00:00,XY,OCHT,2953.5,MW
2050-03-24 07:00:00,XY,OCHT,2509.7,MW
2050-03-25 08:00:00,XY,OCHT,3005.5,MW
2050-03-26 09:00:00,XY,OCHT,3104.1,MW
2050-03-27 10:00:00,XY,OCHT,3104.1,MW
2050-03-28 11:00:00,XY,OCHT,3104.1,MW
2050-03-29 12:00:00,XY,OCHT,3104.1,MW
2050-03-30 13:00:00,XY,OCHT,2680.8,MW
2050-03-31 14:00:00,XY,OCHT,2904.4,MW
2050-04-01 15:00:00,XY,OCHT,2938.0,MW
2050-04-02 16:00:00,XY,OCHT,2888.3,MW
2050-04-03 17:00:00,XY,OCHT,2947.7,MW
2050-04-04 18:00:00,XY,OCHT,2947.7,MW
2050-04-05 19:00:00,XY,OCHT,2379.8,MW
2050-04-06 20:00:00,XY,OCHT,2124.4,MW
2050-04-07 21:00:00,XY,OCHT,2947.7,MW
2050-04-08 22:00:00,XY,OCHT,2947.7,MW
2050-04-09 23:00:00,XY,OCHT,2717.2,MW
2050-04-11 00:00:00,XY,OCHT,2540.0,MW
2050-04-12 01:00:00,XY,OCHT,785.3,MW
2050-04-13 02:00:00,XY,OCHT,1317.0,MW
2050-04-14 03:00:00,XY,OCHT,2959.1,MW
2050-04-15 04:00:00,XY,OCHT,2250.0,MW
2050-04-16 05:00:00,XY,OCHT,2863.5,MW
2050-04-17 06:00:00,XY,OCHT,3081.8,MW
2050-04-18 07:00:00,XY,OCHT,3005.5,MW
2050-04-19 08:00:00,XY,OCHT,3104.1,MW
2050-04-20 09:00:00,XY,OCHT,3104.1,MW
2050-04-21 10:00:00,XY,OCHT,2514.0,MW
2050-04-22 11:00:00,XY,OCHT,2478.2,MW
2050-04-23 12:00:00,XY,OCHT,3046.2,MW
2050-04-24 13:00:00,XY,OCHT,3104.1,MW
2050-04-25 14:00:00,XY,OCHT,3104.1,MW
2050-04-26 15:00:00,XY,OCHT,3104.1,MW
2050-04-27 16:00:00,XY,OCHT,3054.0,MW
2050-04-28 17:00:00,XY,OCHT,1241.5,MW
2050-04-29 18:00:00,XY,OCHT,3046.2,MW
2050-04-30 19:00:00,XY,OCHT,3104.1,MW
2050-05-01 20:00:00,XY,OCHT,3104.1,MW
2050-05-02 21:00:00,XY,OCHT,3104.1,MW
2050-05-03 22:00:00,XY,OCHT,3104.1,MW
2050-05-04 23:00:00,XY,OCHT,1140.7,MW
2050-05-06 00:00:00,XY,OCHT,3096.2,MW
2050-05-07 01:00:00,XY,OCHT,985.5,MW
2050-05-08 02:00:00,XY,OCHT,2941.0,MW
2050-05-09 03:00:00,XY,OCHT,3033.1,MW
2050-05-10 04:00:00,XY,OCHT,1941.0,MW
2050-05-11 05:00:00,XY,OCHT,1182.4,MW
2050-05-12 06:00:00,XY,OCHT,3033.4,MW
2050-05-13 07:00:00,XY,OCHT,1291.3,MW
2050-05-14 08:00:00,XY,OCHT,0.0,MW
2050-05-15 09:00:00,XY,OCHT,1955.6,MW
2050-05-16 10:00:00,XY,OCHT,3104.1,MW
2050-05-17 11:00:00,XY,OCHT,3104.1,MW
2050-05-18 12:00:00,XY,OCHT,993.3,MW
2050-05-19 13:00:00,XY,OCHT,0.0,MW
2050-05-20 14:00:00,XY,OCHT,1545.9,MW
2050-05-21 15:00:00,XY,OCHT,0.0,MW
2050-05-22 16:00:00,XY,OCHT,67.5,MW
2050-05-23 17:00:00,XY,OCHT,564.3,MW
2050-05-24 18:00:00,XY,OCHT,2519.9,MW
2050-05-25 19:00:00,XY,OCHT,2096.0,MW
2050-05-26 20:00:00,XY,OCHT,3104.1,MW
2050-05-27 21:00:00,XY,OCHT,2714.4,MW
2050-05-28 22:00:00,XY,OCHT,3104.1,MW
2050-05-29 23:00:00,XY,OCHT,2124.0,MW
2050-05-31 00:00:00,XY,OCHT,2956.8,MW
2050-06-01 01:00:00,XY,OCHT,846.1,MW
2050-06-02 02:00:00,XY,OCHT,0.0,MW
2050-06-03 03:00:00,XY,OCHT,0.0,MW
2050-06-04 04:00:00,XY,OCHT,0.0,MW
2050-06-05 05:00:00,XY,OCHT,0.0,MW
2050-06-06 06:00:00,XY,OCHT,115.2,MW
2050-06-07 07:00:00,XY,OCHT,2070.8,MW
2050-06-08 08:00:00,XY,OCHT,1090.6,MW
2050-06-09 09:00:00,XY,OCHT,2947.7,MW
2050-06-10 10:00:00,XY,OCHT,2693.3,MW
2050-06-11 11:00:00,XY,OCHT,1090.6,MW
2050-06-12 12:00:00,XY,OCHT,3046.2,MW
2050-06-13 13:00:00,XY,OCHT,3104.1,MW
2050-06-14 14:00:00,XY,OCHT,3104.1,MW
2050-06-15 15:00:00,XY,OCHT,3104.1,MW
2050-06-16 16:00:00,XY,OCHT,3054.0,MW
2050-06-17 17:00:00,XY,OCHT,2730.8,MW
2050-06-18 18:00:00,XY,OCHT,2937.9,MW
2050-06-19 19:00:00,XY,OCHT,2947.7,MW
2050-06-20 20:00:00,XY,OCHT,3005.5,MW
2050-06-21 21:00:00,XY,OCHT,3104.1,MW
2050-06-22 22:00:00,XY,OCHT,1148.5,MW
2050-06-23 23:00:00,XY,OCHT,3104.1,MW
2050-06-25 00:00:00,XY,OCHT,3104.1,MW
2050-06-26 01:00:00,XY,OCHT,3075.2,MW
2050-06-27 02:00:00,XY,OCHT,3104.1,MW
2050-06-28 03:00:00,XY,OCHT,3104.1,MW
2050-06-29 04:00:00,XY,OCHT,993.3,MW
2050-06-30 05:00:00,XY,OCHT,366.0,MW
2050-07-01 06:00:00,XY,OCHT,2321.6,MW
2050-07-02 07:00:00,XY,OCHT,908.6,MW
2050-07-03 08:00:00,XY,OCHT,15.4,MW
2050-07-04 09:00:00,XY,OCHT,1872.4,MW
2050-07-05 10:00:00,XY,OCHT,3046.2,MW
2050-07-06 11:00:00,XY,OCHT,3104.1,MW
2050-07-07 12:00:00,XY,OCHT,3104.1,MW
2050-07-08 13:00:00,XY,OCHT,2749.9,MW
2050-07-09 14:00:00,XY,OCHT,2853.4,MW
2050-07-10 15:00:00,XY,OCHT,3054.0,MW
2050-07-11 16:00:00,XY,OCHT,2947.7,MW
2050-07-12 17:00:00,XY,OCHT,2947.7,MW
2050-07-13 18:00:00,XY,OCHT,2777.8,MW
2050-07-14 19:00:00,XY,OCHT,773.4,MW
2050-07-15 20:00:00,XY,OCHT,121.4,MW
2050-07-16 21:00:00,XY,OCHT,1978.4,MW
2050-07-17 22:00:00,XY,OCHT,2947.7,MW
2050-07-18 23:00:00,XY,OCHT,2947.7,MW
2050-07-20 00:00:00,XY,OCHT,943.3,MW
2050-07-21 01:00:00,XY,OCHT,1971.5,MW
2050-07-22 02:00:00,XY,OCHT,1626.4,MW
2050-07-23 03:00:00,XY,OCHT,580.1,MW
2050-07-24 04:00:00,XY,OCHT,2437.1,MW
2050-07-25 05:00:00,XY,OCHT,822.1,MW
2050-07-26 06:00:00,XY,OCHT,2777.6,MW
2050-07-27 07:00:00,XY,OCHT,1028.1,MW
2050-07-28 08:00:00,XY,OCHT,2885.2,MW
2050-07-29 09:00:00,XY,OCHT,2503.3,MW
2050-07-30 10:00:00,XY,OCHT,2497.2,MW
2050-07-31 11:00:00,XY,OCHT,3046.2,MW
2050-08-01 12:00:00,XY,OCHT,3054.0,MW
2050-08-02 13:00:00,XY,OCHT,2947.7,MW
2050-08-03 14:00:00,XY,OCHT,3046.2,MW
2050-08-04 15:00:00,XY,OCHT,3054.0,MW
2050-08-05 16:00:00,XY,OCHT,2734.4,MW
2050-08-06 17:00:00,XY,OCHT,2625.1,MW
2050-08-07 18:00:00,XY,OCHT,2947.7,MW
2050-08-08 19:00:00,XY,OCHT,2947.7,MW
2050-08-09 20:00:00,XY,OCHT,2947.7,MW
2050-08-10 21:00:00,XY,OCHT,2231.9,MW
2050-08-11 22:00:00,XY,OCHT,973.1,MW
2050-08-12 23:00:00,XY,OCHT,2830.1,MW
2050-08-14 00:00:00,XY,OCHT,2276.3,MW
2050-08-15 01:00:00,XY,OCHT,1810.8,MW
2050-08-16 02:00:00,XY,OCHT,2128.3,MW
2050-08-17 03:00:00,XY,OCHT,2317.6,MW
2050-08-18 04:00:00,XY,OCHT,377.6,MW
2050-08-19 05:00:00,XY,OCHT,1914.6,MW
2050-08-20 06:00:00,XY,OCHT,176.8,MW
2050-08-21 07:00:00,XY,OCHT,1090.6,MW
2050-08-22 08:00:00,XY,OCHT,2947.7,MW
2050-08-23 09:00:00,XY,OCHT,2947.7,MW
2050-08-24 10:00:00,XY,OCHT,3046.2,MW
2050-08-25 11:00:00,XY,OCHT,3054.0,MW
2050-08-26 12:00:00,XY,OCHT,2619.2,MW
2050-08-27 13:00:00,XY,OCHT,2335.5,MW
2050-08-28 14:00:00,XY,OCHT,1432.0,MW
2050-08-29 15:00:00,XY,OCHT,3054.0,MW
2050-08-30 16:00:00,XY,OCHT,2947.7,MW
2050-08-31 17:00:00,XY,OCHT,2947.7,MW
2050-09-01 18:00:00,XY,OCHT,2582.9,MW
2050-09-02 19:00:00,XY,OCHT,2947.7,MW
2050-09-03 20:00:00,XY,OCHT,2947.7,MW
2050-09-04 21:00:00,XY,OCHT,943.3,MW
2050-09-05 22:00:00,XY,OCHT,1090.6,MW
2050-09-06 23:00:00,XY,OCHT,2947.7,MW
2050-09-08 00:00:00,XY,OCHT,943.3,MW
2050-09-09 01:00:00,XY,OCHT,1784.3,MW
2050-09-10 02:00:00,XY,OCHT,1483.1,MW
2050-09-11 03:00:00,XY,OCHT,638.2,MW
2050-09-12 04:00:00,XY,OCHT,2495.2,MW
2050-09-13 05:00:00,XY,OCHT,2794.3,MW
2050-09-14 06:00:00,XY,OCHT,2716.9,MW
2050-09-15 07:00:00,XY,OCHT,2004.4,MW
2050-09-16 08:00:00,XY,OCHT,0.0,MW
2050-09-17 09:00:00,XY,OCHT,1857.0,MW
2050-09-18 10:00:00,XY,OCHT,3046.2,MW
2050-09-19 11:00:00,XY,OCHT,3104.1,MW
2050-09-20 12:00:00,XY,OCHT,3104.1,MW
2050-09-21 13:00:00,XY,OCHT,2789.3,MW
2050-09-22 14:00:00,XY,OCHT,883.9,MW
2050-09-23 15:00:00,XY,OCHT,2740.9,MW
2050-09-24 16:00:00,XY,OCHT,2663.2,MW
2050-09-25 17:00:00,XY,OCHT,2947.7,MW
2050-09-26 18:00:00,XY,OCHT,943.3,MW
2050-09-27 19:00:00,XY,OCHT,1144.0,MW
2050-09-28 20:00:00,XY,OCHT,3099.5,MW
2050-09-29 21:00:00,XY,OCHT,1380.6,MW
2050-09-30 22:00:00,XY,OCHT,622.7,MW
2050-10-01 23:00:00,XY,OCHT,2578.3,MW
2050-10-03 00:00:00,XY,OCHT,2110.8,MW
2050-10-04 01:00:00,XY,OCHT,0.0,MW
2050-10-05 02:00:00,XY,OCHT,0.0,MW
2050-10-06 03:00:00,XY,OCHT,0.0,MW
2050-10-07 04:00:00,XY,OCHT,1789.5,MW
2050-10-08 05:00:00,XY,OCHT,920.4,MW
2050-10-09 06:00:00,XY,OCHT,1539.3,MW
2050-10-10 07:00:00,XY,OCHT,0.0,MW
2050-10-11 08:00:00,XY,OCHT,0.0,MW
2050-10-12 09:00:00,XY,OCHT,0.0,MW
2050-10-13 10:00:00,XY,OCHT,0.0,MW
2050-10-14 11:00:00,XY,OCHT,0.0,MW
2050-10-15 12:00:00,XY,OCHT,1955.6,MW
2050-10-16 13:00:00,XY,OCHT,3104.1,MW
2050-10-17 14:00:00,XY,OCHT,1268.2,MW
2050-10-18 15:00:00,XY,OCHT,0.0,MW
2050-10-19 16:00:00,XY,OCHT,1955.6,MW
2050-10-20 17:00:00,XY,OCHT,0.0,MW
2050-10-21 18:00:00,XY,OCHT,397.1,MW
2050-10-22 19:00:00,XY,OCHT,2352.6,MW
2050-10-23 20:00:00,XY,OCHT,676.8,MW
2050-10-24 21:00:00,XY,OCHT,2146.5,MW
2050-10-25 22:00:00,XY,OCHT,2001.8,MW
2050-10-26 23:00:00,XY,OCHT,401.6,MW
2050-10-28 00:00:00,XY,OCHT,0.0,MW
2050-10-29 01:00:00,XY,OCHT,0.0,MW
2050-10-30 02:00:00,XY,OCHT,0.0,MW
2050-10-31 03:00:00,XY,OCHT,1930.7,MW
2050-11-01 04:00:00,XY,OCHT,0.0,MW
2050-11-02 05:00:00,XY,OCHT,0.0,MW
2050-11-03 06:00:00,XY,OCHT,0.0,MW
2050-11-04 07:00:00,XY,OCHT,465.0,MW
2050-11-05 08:00:00,XY,OCHT,2322.0,MW
2050-11-06 09:00:00,XY,OCHT,2977.3,MW
2050-11-07 10:00:00,XY,OCHT,1148.5,MW
2050-11-08 11:00:00,XY,OCHT,3104.1,MW
2050-11-09 12:00:00,XY,OCHT,3104.1,MW
2050-11-10 13:00:00,XY,OCHT,3104.1,MW
2050-11-11 14:00:00,XY,OCHT,3104.1,MW
2050-11-12 15:00:00,XY,OCHT,2632.6,MW
2050-11-13 16:00:00,XY,OCHT,3104.1,MW
2050-11-14 17:00:00,XY,OCHT,3054.0,MW
2050-11-15 18:00:00,XY,OCHT,2947.7,MW
2050-11-16 19:00:00,XY,OCHT,2584.3,MW
2050-11-17 20:00:00,XY,OCHT,2121.0,MW
2050-11-18 21:00:00,XY,OCHT,3046.2,MW
2050-11-19 22:00:00,XY,OCHT,1575.3,MW
2050-11-20 23:00:00,XY,OCHT,1898.4,MW
2050-11-22 00:00:00,XY,OCHT,2048.2,MW
2050-11-23 01:00:00,XY,OCHT,2611.6,MW
2050-11-24 02:00:00,XY,OCHT,2677.2,MW
2050-11-25 03:00:00,XY,OCHT,2030.8,MW
2050-11-26 04:00:00,XY,OCHT,2185.2,MW
2050-11-27 05:00:00,XY,OCHT,787.4,MW
2050-11-28 06:00:00,XY,OCHT,1148.5,MW
2050-11-29 07:00:00,XY,OCHT,3104.1,MW
2050-11-30 08:00:00,XY,OCHT,3104.1,MW
2050-12-01 09:00:00,XY,OCHT,3104.1,MW
2050-12-02 10:00:00,XY,OCHT,3104.1,MW
2050-12-03 11:00:00,XY,OCHT,3056.4,MW
2050-12-04 12:00:00,XY,OCHT,3054.0,MW
2050-12-05 13:00:00,XY,OCHT,2947.7,MW
2050-12-06 14:00:00,XY,OCHT,3046.2,MW
2050-12-07 15:00:00,XY,OCHT,3104.1,MW
2050-12-08 16:00:00,XY,OCHT,1140.7,MW
2050-12-09 17:00:00,XY,OCHT,2947.7,MW
2050-12-10 18:00:00,XY,OCHT,2796.7,MW
2050-12-11 19:00:00,XY,OCHT,1460.8,MW
2050-12-12 20:00:00,XY,OCHT,0.0,MW
2050-12-13 21:00:00,XY,OCHT,0.0,MW
2050-12-14 22:00:00,XY,OCHT,1955.6,MW
2050-12-15 23:00:00,XY,OCHT,0.0,MW
2050-12-17 00:00:00,XY,OCHT,1208.3,MW
2050-12-18 01:00:00,XY,OCHT,0.0,MW
2050-12-19 02:00:00,XY,OCHT,1955.6,MW
2050-12-20 03:00:00,XY,OCHT,2726.7,MW
2050-12-21 04:00:00,XY,OCHT,2523.7,MW
2050-12-22 05:00:00,XY,OCHT,681.9,MW
2050-12-23 06:00:00,XY,OCHT,2637.5,MW
2050-12-24 07:00:00,XY,OCHT,2467.6,MW
2050-12-25 08:00:00,XY,OCHT,2795.6,MW
2050-12-26 09:00:00,XY,OCHT,1703.6,MW
2050-12-27 10:00:00,XY,OCHT,3104.1,MW
2050-12-28 11:00:00,XY,OCHT,3104.1,MW
2050-12-29 12:00:00,XY,OCHT,3104.1,MW
2050-12-30 13:00:00,XY,OCHT,3104.1,MW
2050-12-31 14:00:00,XY,OCHT,3104.1,MW
2051-01-01 15:00:00,XY,OCHT,3104.1,MW
2050-01-01 00:00:00,XY,SubC,1701.7,MW
2050-01-02 01:00:00,XY,SubC,1937.1,MW
2050-01-03 02:00:00,XY,SubC,2014.6,MW
2050-01-04 03:00:00,XY,SubC,2125.4,MW
2050-01-05 04:00:00,XY,SubC,2056.0,MW
2050-01-06 05:00:00,XY,SubC,1804.9,MW
2050-01-07 06:00:00,XY,SubC,1760.9,MW
2050-01-08 07:00:00,XY,SubC,2572.3,MW
2050-01-09 08:00:00,XY,SubC,2741.6,MW
2050-01-10 09:00:00,XY,SubC,2860.9,MW
2050-01-11 10:00:00,XY,SubC,2890.1,MW
2050-01-12 11:00:00,XY,SubC,3020.5,MW
2050-01-13 12:00:00,XY,SubC,2527.6,MW
2050-01-14 13:00:00,XY,SubC,2446.6,MW
2050-01-15 14:00:00,XY,SubC,3168.3,MW
2050-01-16 15:00:00,XY,SubC,3092.5,MW
2050-01-17 16:00:00,XY,SubC,3012.9,MW
2050-01-18 17:00:00,XY,SubC,2525.2,MW
2050-01-19 18:00:00,XY,SubC,2044.6,MW
2050-01-20 19:00:00,XY,SubC,3605.6,MW
2050-01-21 20:00:00,XY,SubC,2400.0,MW
2050-01-22 21:00:00,XY,SubC,2400.0,MW
2050-01-23 22:00:00,XY,SubC,2400.0,MW
2050-01-24 23:00:00,XY,SubC,2276.3,MW
2050-01-26 00:00:00,XY,SubC,2400.0,MW
2050-01-27 01:00:00,XY,SubC,2400.0,MW
2050-01-28 02:00:00,XY,SubC,2400.0,MW
2050-01-29 03:00:00,XY,SubC,2400.0,MW
2050-01-30 04:00:00,XY,SubC,2400.0,MW
2050-01-31 05:00:00,XY,SubC,2400.0,MW
2050-02-01 06:00:00,XY,SubC,2400.0,MW
2050-02-02 07:00:00,XY,SubC,2400.0,MW
2050-02-03 08:00:00,XY,SubC,2400.0,MW
2050-02-04 09:00:00,XY,SubC,1707.8,MW
2050-02-05 10:00:00,XY,SubC,2627.3,MW
2050-02-06 11:00:00,XY,SubC,2908.9,MW
2050-02-07 12:00:00,XY,SubC,2836.9,MW
2050-02-08 13:00:00,XY,SubC,2679.9,MW
2050-02-09 14:00:00,XY,SubC,2672.4,MW
2050-02-10 15:00:00,XY,SubC,1913.2,MW
2050-02-11 16:00:00,XY,SubC,1579.2,MW
2050-02-12 17:00:00,XY,SubC,1940.1,MW
2050-02-13 18:00:00,XY,SubC,1507.6,MW
2050-02-14 19:00:00,XY,SubC,1343.6,MW
2050-02-15 20:00:00,XY,SubC,1132.2,MW
2050-02-16 21:00:00,XY,SubC,1061.1,MW
2050-02-17 22:00:00,XY,SubC,2223.3,MW
2050-02-18 23:00:00,XY,SubC,2400.0,MW
2050-02-20 00:00:00,XY,SubC,1962.0,MW
2050-02-21 01:00:00,XY,SubC,2400.0,MW
2050-02-22 02:00:00,XY,SubC,2400.0,MW
2050-02-23 03:00:00,XY,SubC,2400.0,MW
2050-02-24 04:00:00,XY,SubC,2400.0,MW
2050-02-25 05:00:00,XY,SubC,2400.0,MW
2050-02-26 06:00:00,XY,SubC,2400.0,MW
2050-02-27 07:00:00,XY,SubC,2425.7,MW
2050-02-28 08:00:00,XY,SubC,2509.3,MW
2050-03-01 09:00:00,XY,SubC,2516.5,MW
2050-03-02 10:00:00,XY,SubC,2518.9,MW
2050-03-03 11:00:00,XY,SubC,2192.5,MW
2050-03-04 12:00:00,XY,SubC,1909.0,MW
2050-03-05 13:00:00,XY,SubC,2544.5,MW
2050-03-06 14:00:00,XY,SubC,2764.4,MW
2050-03-07 15:00:00,XY,SubC,2640.2,MW
2050-03-08 16:00:00,XY,SubC,2326.2,MW
2050-03-09 17:00:00,XY,SubC,1972.5,MW
2050-03-10 18:00:00,XY,SubC,1861.2,MW
2050-03-11 19:00:00,XY,SubC,1830.1,MW
2050-03-12 20:00:00,XY,SubC,2400.0,MW
2050-03-13 21:00:00,XY,SubC,2400.0,MW
2050-03-14 22:00:00,XY,SubC,2400.0,MW
2050-03-15 23:00:00,XY,SubC,2400.0,MW
2050-03-17 00:00:00,XY,SubC,1197.5,MW
2050-03-18 01:00:00,XY,SubC,2400.0,MW
2050-03-19 02:00:00,XY,SubC,2003.9,MW
2050-03-20 03:00:00,XY,SubC,2400.0,MW
2050-03-21 04:00:00,XY,SubC,1873.3,MW
2050-03-22 05:00:00,XY,SubC,2400.0,MW
2050-03-23 06:00:00,XY,SubC,2400.0,MW
2050-03-24 07:00:00,XY,SubC,2400.0,MW
2050-03-25 08:00:00,XY,SubC,1566.4,MW
2050-03-26 09:00:00,XY,SubC,2672.5,MW
2050-03-27 10:00:00,XY,SubC,2702.9,MW
2050-03-28 11:00:00,XY,SubC,2833.1,MW
2050-03-29 12:00:00,XY,SubC,2481.5,MW
2050-03-30 13:00:00,XY,SubC,2400.0,MW
2050-03-31 14:00:00,XY,SubC,2400.0,MW
2050-04-01 15:00:00,XY,SubC,2400.0,MW
2050-04-02 16:00:00,XY,SubC,2400.0,MW
2050-04-03 17:00:00,XY,SubC,2583.5,MW
2050-04-04 18:00:00,XY,SubC,3012.6,MW
2050-04-05 19:00:00,XY,SubC,2400.0,MW
2050-04-06 20:00:00,XY,SubC,2400.0,MW
2050-04-07 21:00:00,XY,SubC,3327.1,MW
2050-04-08 22:00:00,XY,SubC,2611.0,MW
2050-04-09 23:00:00,XY,SubC,2400.0,MW
2050-04-11 00:00:00,XY,SubC,2400.0,MW
2050-04-12 01:00:00,XY,SubC,4372.0,MW
2050-04-13 02:00:00,XY,SubC,3836.3,MW
2050-04-14 03:00:00,XY,SubC,2400.0,MW
2050-04-15 04:00:00,XY,SubC,2400.0,MW
2050-04-16 05:00:00,XY,SubC,2400.0,MW
2050-04-17 06:00:00,XY,SubC,2551.4,MW
2050-04-18 07:00:00,XY,SubC,2655.1,MW
2050-04-19 08:00:00,XY,SubC,2621.9,MW
2050-04-20 09:00:00,XY,SubC,2530.3,MW
2050-04-21 10:00:00,XY,SubC,2400.0,MW
2050-04-22 11:00:00,XY,SubC,2400.0,MW
2050-04-23 12:00:00,XY,SubC,2453.4,MW
2050-04-24 13:00:00,XY,SubC,2586.8,MW
2050-04-25 14:00:00,XY,SubC,2974.1,MW
2050-04-26 15:00:00,XY,SubC,2850.1,MW
2050-04-27 16:00:00,XY,SubC,2600.7,MW
2050-04-28 17:00:00,XY,SubC,4572.7,MW
2050-04-29 18:00:00,XY,SubC,3965.6,MW
2050-04-30 19:00:00,XY,SubC,4282.8,MW
2050-05-01 20:00:00,XY,SubC,4145.4,MW
2050-05-02 21:00:00,XY,SubC,4559.7,MW
2050-05-03 22:00:00,XY,SubC,3286.6,MW
2050-05-04 23:00:00,XY,SubC,4528.5,MW
2050-05-06 00:00:00,XY,SubC,2909.6,MW
2050-05-07 01:00:00,XY,SubC,4036.2,MW
2050-05-08 02:00:00,XY,SubC,2841.1,MW
2050-05-09 03:00:00,XY,SubC,3053.4,MW
2050-05-10 04:00:00,XY,SubC,3299.1,MW
2050-05-11 05:00:00,XY,SubC,5271.1,MW
2050-05-12 06:00:00,XY,SubC,3182.4,MW
2050-05-13 07:00:00,XY,SubC,3656.1,MW
2050-05-14 08:00:00,XY,SubC,5628.1,MW
2050-05-15 09:00:00,XY,SubC,3819.8,MW
2050-05-16 10:00:00,XY,SubC,2748.2,MW
2050-05-17 11:00:00,XY,SubC,2600.5,MW
2050-05-18 12:00:00,XY,SubC,4559.2,MW
2050-05-19 13:00:00,XY,SubC,5070.4,MW
2050-05-20 14:00:00,XY,SubC,3409.3,MW
2050-05-21 15:00:00,XY,SubC,5381.3,MW
2050-05-22 16:00:00,XY,SubC,5800.0,MW
2050-05-23 17:00:00,XY,SubC,5234.6,MW
2050-05-24 18:00:00,XY,SubC,3828.0,MW
2050-05-25 19:00:00,XY,SubC,5800.0,MW
2050-05-26 20:00:00,XY,SubC,5800.0,MW
2050-05-27 21:00:00,XY,SubC,5800.0,MW
2050-05-28 22:00:00,XY,SubC,5800.0,MW
2050-05-29 23:00:00,XY,SubC,5164.5,MW
2050-05-31 00:00:00,XY,SubC,2580.5,MW
2050-06-01 01:00:00,XY,SubC,4495.5,MW
2050-06-02 02:00:00,XY,SubC,4181.7,MW
2050-06-03 03:00:00,XY,SubC,4014.4,MW
2050-06-04 04:00:00,XY,SubC,5019.4,MW
2050-06-05 05:00:00,XY,SubC,5364.3,MW
2050-06-06 06:00:00,XY,SubC,5800.0,MW
2050-06-07 07:00:00,XY,SubC,4440.5,MW
2050-06-08 08:00:00,XY,SubC,4855.5,MW
2050-06-09 09:00:00,XY,SubC,2738.0,MW
2050-06-10 10:00:00,XY,SubC,2400.0,MW
2050-06-11 11:00:00,XY,SubC,3898.9,MW
2050-06-12 12:00:00,XY,SubC,2899.3,MW
2050-06-13 13:00:00,XY,SubC,2990.2,MW
2050-06-14 14:00:00,XY,SubC,3026.9,MW
2050-06-15 15:00:00,XY,SubC,2740.6,MW
2050-06-16 16:00:00,XY,SubC,2632.1,MW
2050-06-17 17:00:00,XY,SubC,2400.0,MW
2050-06-18 18:00:00,XY,SubC,2400.0,MW
2050-06-19 19:00:00,XY,SubC,2866.9,MW
2050-06-20 20:00:00,XY,SubC,3798.9,MW
2050-06-21 21:00:00,XY,SubC,4255.0,MW
2050-06-22 22:00:00,XY,SubC,5210.9,MW
2050-06-23 23:00:00,XY,SubC,3810.3,MW
2050-06-25 00:00:00,XY,SubC,2762.5,MW
2050-06-26 01:00:00,XY,SubC,2400.0,MW
2050-06-27 02:00:00,XY,SubC,3202.7,MW
2050-06-28 03:00:00,XY,SubC,3852.8,MW
2050-06-29 04:00:00,XY,SubC,4055.2,MW
2050-06-30 05:00:00,XY,SubC,4741.9,MW
2050-07-01 06:00:00,XY,SubC,2400.0,MW
2050-07-02 07:00:00,XY,SubC,3560.3,MW
2050-07-03 08:00:00,XY,SubC,5532.3,MW
2050-07-04 09:00:00,XY,SubC,3988.3,MW
2050-07-05 10:00:00,XY,SubC,2926.7,MW
2050-07-06 11:00:00,XY,SubC,3003.2,MW
2050-07-07 12:00:00,XY,SubC,3038.9,MW
2050-07-08 13:00:00,XY,SubC,2400.0,MW
2050-07-09 14:00:00,XY,SubC,2400.0,MW
2050-07-10 15:00:00,XY,SubC,3245.5,MW
2050-07-11 16:00:00,XY,SubC,3297.4,MW
2050-07-12 17:00:00,XY,SubC,2842.4,MW
2050-07-13 18:00:00,XY,SubC,2400.0,MW
2050-07-14 19:00:00,XY,SubC,3799.2,MW
2050-07-15 20:00:00,XY,SubC,5630.4,MW
2050-07-16 21:00:00,XY,SubC,3556.7,MW
2050-07-17 22:00:00,XY,SubC,3130.4,MW
2050-07-18 23:00:00,XY,SubC,3077.6,MW
2050-07-20 00:00:00,XY,SubC,4019.3,MW
2050-07-21 01:00:00,XY,SubC,2400.0,MW
2050-07-22 02:00:00,XY,SubC,2400.0,MW
2050-07-23 03:00:00,XY,SubC,3439.7,MW
2050-07-24 04:00:00,XY,SubC,2400.0,MW
2050-07-25 05:00:00,XY,SubC,4182.9,MW
2050-07-26 06:00:00,XY,SubC,2400.0,MW
2050-07-27 07:00:00,XY,SubC,4372.0,MW
2050-07-28 08:00:00,XY,SubC,2558.4,MW
2050-07-29 09:00:00,XY,SubC,2400.0,MW
2050-07-30 10:00:00,XY,SubC,2400.0,MW
2050-07-31 11:00:00,XY,SubC,3162.0,MW
2050-08-01 12:00:00,XY,SubC,3105.3,MW
2050-08-02 13:00:00,XY,SubC,3028.1,MW
2050-08-03 14:00:00,XY,SubC,2545.1,MW
2050-08-04 15:00:00,XY,SubC,2495.3,MW
2050-08-05 16:00:00,XY,SubC,2400.0,MW
2050-08-06 17:00:00,XY,SubC,2400.0,MW
2050-08-07 18:00:00,XY,SubC,2500.4,MW
2050-08-08 19:00:00,XY,SubC,2931.7,MW
2050-08-09 20:00:00,XY,SubC,3542.5,MW
2050-08-10 21:00:00,XY,SubC,2400.0,MW
2050-08-11 22:00:00,XY,SubC,3396.5,MW
2050-08-12 23:00:00,XY,SubC,2400.0,MW
2050-08-14 00:00:00,XY,SubC,2400.0,MW
2050-08-15 01:00:00,XY,SubC,2400.0,MW
2050-08-16 02:00:00,XY,SubC,2400.0,MW
2050-08-17 03:00:00,XY,SubC,2458.0,MW
2050-08-18 04:00:00,XY,SubC,4430.0,MW
2050-08-19 05:00:00,XY,SubC,2400.0,MW
2050-08-20 06:00:00,XY,SubC,4372.0,MW
2050-08-21 07:00:00,XY,SubC,4639.9,MW
2050-08-22 08:00:00,XY,SubC,2573.2,MW
2050-08-23 09:00:00,XY,SubC,2832.7,MW
2050-08-24 10:00:00,XY,SubC,2842.2,MW
2050-08-25 11:00:00,XY,SubC,2579.9,MW
2050-08-26 12:00:00,XY,SubC,2400.0,MW
2050-08-27 13:00:00,XY,SubC,2400.0,MW
2050-08-28 14:00:00,XY,SubC,4372.0,MW
2050-08-29 15:00:00,XY,SubC,2784.1,MW
2050-08-30 16:00:00,XY,SubC,2832.1,MW
2050-08-31 17:00:00,XY,SubC,2401.0,MW
2050-09-01 18:00:00,XY,SubC,2400.0,MW
2050-09-02 19:00:00,XY,SubC,3216.7,MW
2050-09-03 20:00:00,XY,SubC,2609.8,MW
2050-09-04 21:00:00,XY,SubC,4549.9,MW
2050-09-05 22:00:00,XY,SubC,4699.9,MW
2050-09-06 23:00:00,XY,SubC,2719.9,MW
2050-09-08 00:00:00,XY,SubC,3476.5,MW
2050-09-09 01:00:00,XY,SubC,2400.0,MW
2050-09-10 02:00:00,XY,SubC,2400.0,MW
2050-09-11 03:00:00,XY,SubC,3936.4,MW
2050-09-12 04:00:00,XY,SubC,2400.0,MW
2050-09-13 05:00:00,XY,SubC,2400.0,MW
2050-09-14 06:00:00,XY,SubC,2400.0,MW
2050-09-15 07:00:00,XY,SubC,3218.3,MW
2050-09-16 08:00:00,XY,SubC,4586.1,MW
2050-09-17 09:00:00,XY,SubC,2731.2,MW
2050-09-18 10:00:00,XY,SubC,2665.0,MW
2050-09-19 11:00:00,XY,SubC,2749.4,MW
2050-09-20 12:00:00,XY,SubC,2697.2,MW
2050-09-21 13:00:00,XY,SubC,2689.4,MW
2050-09-22 14:00:00,XY,SubC,4661.4,MW
2050-09-23 15:00:00,XY,SubC,2400.0,MW
2050-09-24 16:00:00,XY,SubC,2400.0,MW
2050-09-25 17:00:00,XY,SubC,2768.9,MW
2050-09-26 18:00:00,XY,SubC,4635.6,MW
2050-09-27 19:00:00,XY,SubC,5800.0,MW
2050-09-28 20:00:00,XY,SubC,3537.3,MW
2050-09-29 21:00:00,XY,SubC,3828.0,MW
2050-09-30 22:00:00,XY,SubC,5800.0,MW
2050-10-01 23:00:00,XY,SubC,5083.4,MW
2050-10-03 00:00:00,XY,SubC,3397.2,MW
2050-10-04 01:00:00,XY,SubC,4669.6,MW
2050-10-05 02:00:00,XY,SubC,4712.4,MW
2050-10-06 03:00:00,XY,SubC,4674.1,MW
2050-10-07 04:00:00,XY,SubC,2400.0,MW
2050-10-08 05:00:00,XY,SubC,3315.0,MW
2050-10-09 06:00:00,XY,SubC,3499.9,MW
2050-10-10 07:00:00,XY,SubC,5471.9,MW
2050-10-11 08:00:00,XY,SubC,5408.5,MW
2050-10-12 09:00:00,XY,SubC,5291.9,MW
2050-10-13 10:00:00,XY,SubC,5231.2,MW
2050-10-14 11:00:00,XY,SubC,5310.4,MW
2050-10-15 12:00:00,XY,SubC,3232.1,MW
2050-10-16 13:00:00,XY,SubC,2424.1,MW
2050-10-17 14:00:00,XY,SubC,4396.1,MW
2050-10-18 15:00:00,XY,SubC,5788.4,MW
2050-10-19 16:00:00,XY,SubC,3621.8,MW
2050-10-20 17:00:00,XY,SubC,5283.2,MW
2050-10-21 18:00:00,XY,SubC,4918.0,MW
2050-10-22 19:00:00,XY,SubC,3828.0,MW
2050-10-23 20:00:00,XY,SubC,5800.0,MW
2050-10-24 21:00:00,XY,SubC,3216.0,MW
2050-10-25 22:00:00,XY,SubC,2400.0,MW
2050-10-26 23:00:00,XY,SubC,3650.7,MW
2050-10-28 00:00:00,XY,SubC,3982.5,MW
2050-10-29 01:00:00,XY,SubC,3973.2,MW
2050-10-30 02:00:00,XY,SubC,4502.3,MW
2050-10-31 03:00:00,XY,SubC,2738.5,MW
2050-11-01 04:00:00,XY,SubC,4710.5,MW
2050-11-02 05:00:00,XY,SubC,4918.7,MW
2050-11-03 06:00:00,XY,SubC,5236.6,MW
2050-11-04 07:00:00,XY,SubC,4395.6,MW
2050-11-05 08:00:00,XY,SubC,2400.0,MW
2050-11-06 09:00:00,XY,SubC,2888.3,MW
2050-11-07 10:00:00,XY,SubC,4860.3,MW
2050-11-08 11:00:00,XY,SubC,3079.7,MW
2050-11-09 12:00:00,XY,SubC,2977.7,MW
2050-11-10 13:00:00,XY,SubC,2833.6,MW
2050-11-11 14:00:00,XY,SubC,2471.5,MW
2050-11-12 15:00:00,XY,SubC,2867.7,MW
2050-11-13 16:00:00,XY,SubC,3073.3,MW
2050-11-14 17:00:00,XY,SubC,2947.3,MW
2050-11-15 18:00:00,XY,SubC,2795.5,MW
2050-11-16 19:00:00,XY,SubC,2400.0,MW
2050-11-17 20:00:00,XY,SubC,2400.0,MW
2050-11-18 21:00:00,XY,SubC,4294.5,MW
2050-11-19 22:00:00,XY,SubC,2400.0,MW
2050-11-20 23:00:00,XY,SubC,2400.0,MW
2050-11-22 00:00:00,XY,SubC,2400.0,MW
2050-11-23 01:00:00,XY,SubC,2400.0,MW
2050-11-24 02:00:00,XY,SubC,2400.0,MW
2050-11-25 03:00:00,XY,SubC,2400.0,MW
2050-11-26 04:00:00,XY,SubC,2400.0,MW
2050-11-27 05:00:00,XY,SubC,4372.0,MW
2050-11-28 06:00:00,XY,SubC,4240.4,MW
2050-11-29 07:00:00,XY,SubC,2586.0,MW
2050-11-30 08:00:00,XY,SubC,2549.4,MW
2050-12-01 09:00:00,XY,SubC,2579.6,MW
2050-12-02 10:00:00,XY,SubC,2518.5,MW
2050-12-03 11:00:00,XY,SubC,2400.0,MW
2050-12-04 12:00:00,XY,SubC,3218.7,MW
2050-12-05 13:00:00,XY,SubC,3304.3,MW
2050-12-06 14:00:00,XY,SubC,3239.1,MW
2050-12-07 15:00:00,XY,SubC,3156.1,MW
2050-12-08 16:00:00,XY,SubC,4813.4,MW
2050-12-09 17:00:00,XY,SubC,2500.9,MW
2050-12-10 18:00:00,XY,SubC,2400.0,MW
2050-12-11 19:00:00,XY,SubC,3749.6,MW
2050-12-12 20:00:00,XY,SubC,4740.0,MW
2050-12-13 21:00:00,XY,SubC,4616.9,MW
2050-12-14 22:00:00,XY,SubC,2523.9,MW
2050-12-15 23:00:00,XY,SubC,4290.2,MW
2050-12-17 00:00:00,XY,SubC,2735.5,MW
2050-12-18 01:00:00,XY,SubC,4707.5,MW
2050-12-19 02:00:00,XY,SubC,3183.5,MW
2050-12-20 03:00:00,XY,SubC,2400.0,MW
2050-12-21 04:00:00,XY,SubC,2612.5,MW
2050-12-22 05:00:00,XY,SubC,4584.5,MW
2050-12-23 06:00:00,XY,SubC,2400.0,MW
2050-12-24 07:00:00,XY,SubC,2400.0,MW
2050-12-25 08:00:00,XY,SubC,2400.0,MW
2050-12-26 09:00:00,XY,SubC,3568.6,MW
2050-12-27 10:00:00,XY,SubC,2344.9,MW
2050-12-28 11:00:00,XY,SubC,2566.1,MW
2050-12-29 12:00:00,XY,SubC,2786.7,MW
2050-12-30 13:00:00,XY,SubC,2345.8,MW
2050-12-31 14:00:00,XY,SubC,2391.9,MW
2051-01-01 15:00:00,XY,SubC,2589.3,MW
2050-01-01 00:00:00,XY,WSTT,9.4,MW
2050-01-02 01:00:00,XY,WSTT,9.4,MW
2050-01-03 02:00:00,XY,WSTT,9.4,MW
2050-01-04 03:00:00,XY,WSTT,9.4,MW
2050-01-05 04:00:00,XY,WSTT,9.4,MW
2050-01-06 05:00:00,XY,WSTT,9.4,MW
2050-01-07 06:00:00,XY,WSTT,9.4,MW
2050-01-08 07:00:00,XY,WSTT,9.4,MW
2050-01-09 08:00:00,XY,WSTT,9.4,MW
2050-01-10 09:00:00,XY,WSTT,9.4,MW
2050-01-11 10:00:00,XY,WSTT,9.4,MW
2050-01-12 11:00:00,XY,WSTT,9.4,MW
2050-01-13 12:00:00,XY,WSTT,9.4,MW
2050-01-14 13:00:00,XY,WSTT,9.4,MW
2050-01-15 14:00:00,XY,WSTT,9.4,MW
2050-01-16 15:00:00,XY,WSTT,9.4,MW
2050-01-17 16:00:00,XY,WSTT,9.4,MW
2050-01-18 17:00:00,XY,WSTT,9.4,MW
2050-01-19 18:00:00,XY,WSTT,9.4,MW
2050-01-20 19:00:00,XY,WSTT,9.4,MW
2050-01-21 20:00:00,XY,WSTT,9.4,MW
2050-01-22 21:00:00,XY,WSTT,9.4,MW
2050-01-23 22:00:00,XY,WSTT,9.4,MW
2050-01-24 23:00:00,XY,WSTT,9.4,MW
2050-01-26 00:00:00,XY,WSTT,9.4,MW
2050-01-27 01:00:00,XY,WSTT,9.4,MW
2050-01-28 02:00:00,XY,WSTT,9.4,MW
2050-01-29 03:00:00,XY,WSTT,9.4,MW
2050-01-30 04:00:00,XY,WSTT,9.4,MW
2050-01-31 05:00:00,XY,WSTT,9.4,MW
2050-02-01 06:00:00,XY,WSTT,9.4,MW
2050-02-02 07:00:00,XY,WSTT,9.4,MW
2050-02-03 08:00:00,XY,WSTT,9.4,MW
2050-02-04 09:00:00,XY,WSTT,9.4,MW
2050-02-05 10:00:00,XY,WSTT,9.4,MW
2050-02-06 11:00:00,XY,WSTT,9.4,MW
2050-02-07 12:00:00,XY,WSTT,9.4,MW
2050-02-08 13:00:00,XY,WSTT,9.4,MW
2050-02-09 14:00:00,XY,WSTT,9.4,MW
2050-02-10 15:00:00,XY,WSTT,9.4,MW
2050-02-11 16:00:00,XY,WSTT,9.4,MW
2050-02-12 17:00:00,XY,WSTT,9.4,MW
2050-02-13 18:00:00,XY,WSTT,9.4,MW
2050-02-14 19:00:00,XY,WSTT,9.4,MW
2050-02-15 20:00:00,XY,WSTT,9.4,MW
2050-02-16 21:00:00,XY,WSTT,9.4,MW
2050-02-17 22:00:00,XY,WSTT,9.4,MW
2050-02-18 23:00:00,XY,WSTT,9.4,MW
2050-02-20 00:00:00,XY,WSTT,9.4,MW
2050-02-21 01:00:00,XY,WSTT,9.4,MW
2050-02-22 02:00:00,XY,WSTT,9.4,MW
2050-02-23 03:00:00,XY,WSTT,9.4,MW
2050-02-24 04:00:00,XY,WSTT,9.4,MW
2050-02-25 05:00:00,XY,WSTT,9.4,MW
2050-02-26 06:00:00,XY,WSTT,9.4,MW
2050-02-27 07:00:00,XY,WSTT,9.4,MW
2050-02-28 08:00:00,XY,WSTT,9.4,MW
2050-03-01 09:00:00,XY,WSTT,9.4,MW
2050-03-02 10:00:00,XY,WSTT,9.4,MW
2050-03-03 11:00:00,XY,WSTT,9.4,MW
2050-03-04 12:00:00,XY,WSTT,9.4,MW
2050-03-05 13:00:00,XY,WSTT,9.4,MW
2050-03-06 14:00:00,XY,WSTT,9.4,MW
2050-03-07 15:00:00,XY,WSTT,9.4,MW
2050-03-08 16:00:00,XY,WSTT,9.4,MW
2050-03-09 17:00:00,XY,WSTT,9.4,MW
2050-03-10 18:00:00,XY,WSTT,9.4,MW
2050-03-11 19:00:00,XY,WSTT,9.4,MW
2050-03-12 20:00:00,XY,WSTT,9.4,MW
2050-03-13 21:00:00,XY,WSTT,9.4,MW
2050-03-14 22:00:00,XY,WSTT,9.4,MW
2050-03-15 23:00:00,XY,WSTT,9.4,MW
2050-03-17 00:00:00,XY,WSTT,9.4,MW
2050-03-18 01:00:00,XY,WSTT,9.4,MW
2050-03-19 02:00:00,XY,WSTT,9.4,MW
2050-03-20 03:00:00,XY,WSTT,9.4,MW
2050-03-21 04:00:00,XY,WSTT,9.4,MW
2050-03-22 05:00:00,XY,WSTT,9.4,MW
2050-03-23 06:00:00,XY,WSTT,9.4,MW
2050-03-24 07:00:00,XY,WSTT,9.4,MW
2050-03-25 08:00:00,XY,WSTT,9.4,MW
2050-03-26 09:00:00,XY,WSTT,9.4,MW
2050-03-27 10:00:00,XY,WSTT,9.4,MW
2050-03-28 11:00:00,XY,WSTT,9.4,MW
2050-03-29 12:00:00,XY,WSTT,9.4,MW
2050-03-30 13:00:00,XY,WSTT,9.4,MW
2050-03-31 14:00:00,XY,WSTT,9.4,MW
2050-04-01 15:00:00,XY,WSTT,9.4,MW
2050-04-02 16:00:00,XY,WSTT,9.4,MW
2050-04-03 17:00:00,XY,WSTT,9.4,MW
2050-04-04 18:00:00,XY,WSTT,9.4,MW
2050-04-05 19:00:00,XY,WSTT,9.4,MW
2050-04-06 20:00:00,XY,WSTT,9.4,MW
2050-04-07 21:00:00,XY,WSTT,9.4,MW
2050-04-08 22:00:00,XY,WSTT,9.4,MW
2050-04-09 23:00:00,XY,WSTT,9.4,MW
2050-04-11 00:00:00,XY,WSTT,9.4,MW
2050-04-12 01:00:00,XY,WSTT,9.4,MW
2050-04-13 02:00:00,XY,WSTT,9.4,MW
2050-04-14 03:00:00,XY,WSTT,9.4,MW
2050-04-15 04:00:00,XY,WSTT,9.4,MW
2050-04-16 05:00:00,XY,WSTT,9.4,MW
2050-04-17 06:00:00,XY,WSTT,9.4,MW
2050-04-18 07:00:00,XY,WSTT,9.4,MW
2050-04-19 08:00:00,XY,WSTT,9.4,MW
2050-04-20 09:00:00,XY,WSTT,9.4,MW
2050-04-21 10:00:00,XY,WSTT,9.4,MW
2050-04-22 11:00:00,XY,WSTT,9.4,MW
2050-04-23 12:00:00,XY,WSTT,9.4,MW
2050-04-24 13:00:00,XY,WSTT,9.4,MW
2050-04-25 14:00:00,XY,WSTT,9.4,MW
2050-04-26 15:00:00,XY,WSTT,9.4,MW
2050-04-27 16:00:00,XY,WSTT,9.4,MW
2050-04-28 17:00:00,XY,WSTT,9.4,MW
2050-04-29 18:00:00,XY,WSTT,9.4,MW
2050-04-30 19:00:00,XY,WSTT,9.4,MW
2050-05-01 20:00:00,XY,WSTT,9.4,MW
2050-05-02 21:00:00,XY,WSTT,9.4,MW
2050-05-03 22:00:00,XY,WSTT,9.4,MW
2050-05-04 23:00:00,XY,WSTT,9.4,MW
2050-05-06 00:00:00,XY,WSTT,9.4,MW
2050-05-07 01:00:00,XY,WSTT,9.4,MW
2050-05-08 02:00:00,XY,WSTT,9.4,MW
2050-05-09 03:00:00,XY,WSTT,9.4,MW
2050-05-10 04:00:00,XY,WSTT,9.4,MW
2050-05-11 05:00:00,XY,WSTT,9.4,MW
2050-05-12 06:00:00,XY,WSTT,9.4,MW
2050-05-13 07:00:00,XY,WSTT,9.4,MW
2050-05-14 08:00:00,XY,WSTT,9.4,MW
2050-05-15 09:00:00,XY,WSTT,9.4,MW
2050-05-16 10:00:00,XY,WSTT,9.4,MW
2050-05-17 11:00:00,XY,WSTT,9.4,MW
2050-05-18 12:00:00,XY,WSTT,9.4,MW
2050-05-19 13:00:00,XY,WSTT,9.4,MW
2050-05-20 14:00:00,XY,WSTT,9.4,MW
2050-05-21 15:00:00,XY,WSTT,9.5,MW
2050-05-22 16:00:00,XY,WSTT,9.4,MW
2050-05-23 17:00:00,XY,WSTT,9.4,MW
2050-05-24 18:00:00,XY,WSTT,9.4,MW
2050-05-25 19:00:00,XY,WSTT,9.4,MW
2050-05-26 20:00:00,XY,WSTT,9.4,MW
2050-05-27 21:00:00,XY,WSTT,9.4,MW
2050-05-28 22:00:00,XY,WSTT,9.4,MW
2050-05-29 23:00:00,XY,WSTT,9.4,MW
2050-05-31 00:00:00,XY,WSTT,9.4,MW
2050-06-01 01:00:00,XY,WSTT,9.4,MW
2050-06-02 02:00:00,XY,WSTT,9.4,MW
2050-06-03 03:00:00,XY,WSTT,9.4,MW
2050-06-04 04:00:00,XY,WSTT,9.4,MW
2050-06-05 05:00:00,XY,WSTT,9.4,MW
2050-06-06 06:00:00,XY,WSTT,9.5,MW
2050-06-07 07:00:00,XY,WSTT,9.4,MW
2050-06-08 08:00:00,XY,WSTT,9.4,MW
2050-06-09 09:00:00,XY,WSTT,9.4,MW
2050-06-10 10:00:00,XY,WSTT,9.4,MW
2050-06-11 11:00:00,XY,WSTT,9.4,MW
2050-06-12 12:00:00,XY,WSTT,9.4,MW
2050-06-13 13:00:00,XY,WSTT,9.4,MW
2050-06-14 14:00:00,XY,WSTT,9.4,MW
2050-06-15 15:00:00,XY,WSTT,9.4,MW
2050-06-16 16:00:00,XY,WSTT,9.4,MW
2050-06-17 17:00:00,XY,WSTT,9.4,MW
2050-06-18 18:00:00,XY,WSTT,9.4,MW
2050-06-19 19:00:00,XY,WSTT,9.4,MW
2050-06-20 20:00:00,XY,WSTT,9.4,MW
2050-06-21 21:00:00,XY,WSTT,9.4,MW
2050-06-22 22:00:00,XY,WSTT,9.4,MW
2050-06-23 23:00:00,XY,WSTT,9.4,MW
2050-06-25 00:00:00,XY,WSTT,9.4,MW
2050-06-26 01:00:00,XY,WSTT,9.4,MW
2050-06-27 02:00:00,XY,WSTT,9.4,MW
2050-06-28 03:00:00,XY,WSTT,9.4,MW
2050-06-29 04:00:00,XY,WSTT,9.4,MW
2050-06-30 05:00:00,XY,WSTT,9.4,MW
2050-07-01 06:00:00,XY,WSTT,9.4,MW
2050-07-02 07:00:00,XY,WSTT,9.4,MW
2050-07-03 08:00:00,XY,WSTT,9.4,MW
2050-07-04 09:00:00,XY,WSTT,9.4,MW
2050-07-05 10:00:00,XY,WSTT,9.4,MW
2050-07-06 11:00:00,XY,WSTT,9.4,MW
2050-07-07 12:00:00,XY,WSTT,9.4,MW
2050-07-08 13:00:00,XY,WSTT,9.4,MW
2050-07-09 14:00:00,XY,WSTT,9.4,MW
2050-07-10 15:00:00,XY,WSTT,9.4,MW
2050-07-11 16:00:00,XY,WSTT,9.4,MW
2050-07-12 17:00:00,XY,WSTT,9.4,MW
2050-07-13 18:00:00,XY,WSTT,9.4,MW
2050-07-14 19:00:00,XY,WSTT,9.4,MW
2050-07-15 20:00:00,XY,WSTT,9.4,MW
2050-07-16 21:00:00,XY,WSTT,9.4,MW
2050-07-17 22:00:00,XY,WSTT,9.4,MW
2050-07-18 23:00:00,XY,WSTT,9.4,MW
2050-07-20 00:00:00,XY,WSTT,9.4,MW
2050-07-21 01:00:00,XY,WSTT,9.4,MW
2050-07-22 02:00:00,XY,WSTT,9.4,MW
2050-07-23 03:00:00,XY,WSTT,9.4,MW
2050-07-24 04:00:00,XY,WSTT,9.4,MW
2050-07-25 05:00:00,XY,WSTT,9.4,MW
2050-07-26 06:00:00,XY,WSTT,9.4,MW
2050-07-27 07:00:00,XY,WSTT,9.4,MW
2050-07-28 08:00:00,XY,WSTT,9.4,MW
2050-07-29 09:00:00,XY,WSTT,9.4,MW
2050-07-30 10:00:00,XY,WSTT,9.4,MW
2050-07-31 11:00:00,XY,WSTT,9.4,MW
2050-08-01 12:00:00,XY,WSTT,9.4,MW
2050-08-02 13:00:00,XY,WSTT,9.4,MW
2050-08-03 14:00:00,XY,WSTT,9.4,MW
2050-08-04 15:00:00,XY,WSTT,9.4,MW
2050-08-05 16:00:00,XY,WSTT,9.4,MW
2050-08-06 17:00:00,XY,WSTT,9.4,MW
2050-08-07 18:00:00,XY,WSTT,9.4,MW
2050-08-08 19:00:00,XY,WSTT,9.4,MW
2050-08-09 20:00:00,XY,WSTT,9.4,MW
2050-08-10 21:00:00,XY,WSTT,9.4,MW
2050-08-11 22:00:00,XY,WSTT,9.4,MW
2050-08-12 23:00:00,XY,WSTT,9.4,MW
2050-08-14 00:00:00,XY,WSTT,9.4,MW
2050-08-15 01:00:00,XY,WSTT,9.4,MW
2050-08-16 02:00:00,XY,WSTT,9.4,MW
2050-08-17 03:00:00,XY,WSTT,9.4,MW
2050-08-18 04:00:00,XY,WSTT,9.4,MW
2050-08-19 05:00:00,XY,WSTT,9.4,MW
2050-08-20 06:00:00,XY,WSTT,9.4,MW
2050-08-21 07:00:00,XY,WSTT,9.4,MW
2050-08-22 08:00:00,XY,WSTT,9.4,MW
2050-08-23 09:00:00,XY,WSTT,9.4,MW
2050-08-24 10:00:00,XY,WSTT,9.4,MW
2050-08-25 11:00:00,XY,WSTT,9.4,MW
2050-08-26 12:00:00,XY,WSTT,9.4,MW
2050-08-27 13:00:00,XY,WSTT,9.4,MW
2050-08-28 14:00:00,XY,WSTT,9.4,MW
2050-08-29 15:00:00,XY,WSTT,9.4,MW
2050-08-30 16:00:00,XY,WSTT,9.4,MW
2050-08-31 17:00:00,XY,WSTT,9.4,MW
2050-09-01 18:00:00,XY,WSTT,9.4,MW
2050-09-02 19:00:00,XY,WSTT,9.4,MW
2050-09-03 20:00:00,XY,WSTT,9.4,MW
2050-09-04 21:00:00,XY,WSTT,9.4,MW
2050-09-05 22:00:00,XY,WSTT,9.4,MW
2050-09-06 23:00:00,XY,WSTT,9.4,MW
2050-09-08 00:00:00,XY,WSTT,9.4,MW
2050-09-09 01:00:00,XY,WSTT,9.4,MW
2050-09-10 02:00:00,XY,WSTT,9.4,MW
2050-09-11 03:00:00,XY,WSTT,9.4,MW
2050-09-12 04:00:00,XY,WSTT,9.4,MW
2050-09-13 05:00:00,XY,WSTT,9.4,MW
2050-09-14 06:00:00,XY,WSTT,9.4,MW
2050-09-15 07:00:00,XY,WSTT,9.4,MW
2050-09-16 08:00:00,XY,WSTT,9.4,MW
2050-09-17 09:00:00,XY,WSTT,9.4,MW
2050-09-18 10:00:00,XY,WSTT,9.4,MW
2050-09-19 11:00:00,XY,WSTT,9.4,MW
2050-09-20 12:00:00,XY,WSTT,9.4,MW
2050-09-21 13:00:00,XY,WSTT,9.4,MW
2050-09-22 14:00:00,XY,WSTT,9.4,MW
2050-09-23 15:00:00,XY,WSTT,9.4,MW
2050-09-24 16:00:00,XY,WSTT,9.4,MW
2050-09-25 17:00:00,XY,WSTT,9.4,MW
2050-09-26 18:00:00,XY,WSTT,9.4,MW
2050-09-27 19:00:00,XY,WSTT,9.4,MW
2050-09-28 20:00:00,XY,WSTT,9.4,MW
2050-09-29 21:00:00,XY,WSTT,9.4,MW
2050-09-30 22:00:00,XY,WSTT,9.4,MW
2050-10-01 23:00:00,XY,WSTT,9.4,MW
2050-10-03 00:00:00,XY,WSTT,9.4,MW
2050-10-04 01:00:00,XY,WSTT,9.4,MW
2050-10-05 02:00:00,XY,WSTT,9.4,MW
2050-10-06 03:00:00,XY,WSTT,9.4,MW
2050-10-07 04:00:00,XY,WSTT,9.4,MW
2050-10-08 05:00:00,XY,WSTT,9.4,MW
2050-10-09 06:00:00,XY,WSTT,9.4,MW
2050-10-10 07:00:00,XY,WSTT,9.5,MW
2050-10-11 08:00:00,XY,WSTT,9.4,MW
2050-10-12 09:00:00,XY,WSTT,9.4,MW
2050-10-13 10:00:00,XY,WSTT,9.4,MW
2050-10-14 11:00:00,XY,WSTT,9.4,MW
2050-10-15 12:00:00,XY,WSTT,9.4,MW
2050-10-16 13:00:00,XY,WSTT,9.4,MW
2050-10-17 14:00:00,XY,WSTT,9.4,MW
2050-10-18 15:00:00,XY,WSTT,9.4,MW
2050-10-19 16:00:00,XY,WSTT,9.4,MW
2050-10-20 17:00:00,XY,WSTT,9.4,MW
2050-10-21 18:00:00,XY,WSTT,9.4,MW
2050-10-22 19:00:00,XY,WSTT,9.4,MW
2050-10-23 20:00:00,XY,WSTT,9.4,MW
2050-10-24 21:00:00,XY,WSTT,9.4,MW
2050-10-25 22:00:00,XY,WSTT,9.4,MW
2050-10-26 23:00:00,XY,WSTT,9.4,MW
2050-10-28 00:00:00,XY,WSTT,9.4,MW
2050-10-29 01:00:00,XY,WSTT,9.4,MW
2050-10-30 02:00:00,XY,WSTT,9.4,MW
2050-10-31 03:00:00,XY,WSTT,9.4,MW
2050-11-01 04:00:00,XY,WSTT,9.5,MW
2050-11-02 05:00:00,XY,WSTT,9.4,MW
2050-11-03 06:00:00,XY,WSTT,9.4,MW
2050-11-04 07:00:00,XY,WSTT,9.4,MW
2050-11-05 08:00:00,XY,WSTT,9.4,MW
2050-11-06 09:00:00,XY,WSTT,9.4,MW
2050-11-07 10:00:00,XY,WSTT,9.4,MW
2050-11-08 11:00:00,XY,WSTT,9.4,MW
2050-11-09 12:00:00,XY,WSTT,9.4,MW
2050-11-10 13:00:00,XY,WSTT,9.4,MW
2050-11-11 14:00:00,XY,WSTT,9.4,MW
2050-11-12 15:00:00,XY,WSTT,9.4,MW
2050-11-13 16:00:00,XY,WSTT,9.4,MW
2050-11-14 17:00:00,XY,WSTT,9.4,MW
2050-11-15 18:00:00,XY,WSTT,9.4,MW
2050-11-16 19:00:00,XY,WSTT,9.4,MW
2050-11-17 20:00:00,XY,WSTT,9.4,MW
2050-11-18 21:00:00,XY,WSTT,9.4,MW
2050-11-19 22:00:00,XY,WSTT,9.4,MW
2050-11-20 23:00:00,XY,WSTT,9.4,MW
2050-11-22 00:00:00,XY,WSTT,9.4,MW
2050-11-23 01:00:00,XY,WSTT,9.4,MW
2050-11-24 02:00:00,XY,WSTT,9.4,MW
2050-11-25 03:00:00,XY,WSTT,9.4,MW
2050-11-26 04:00:00,XY,WSTT,9.4,MW
2050-11-27 05:00:00,XY,WSTT,9.4,MW
2050-11-28 06:00:00,XY,WSTT,9.4,MW
2050-11-29 07:00:00,XY,WSTT,9.4,MW
2050-11-30 08:00:00,XY,WSTT,9.4,MW
2050-12-01 09:00:00,XY,WSTT,9.4,MW
2050-12-02 10:00:00,XY,WSTT,9.4,MW
2050-12-03 11:00:00,XY,WSTT,9.4,MW
2050-12-04 12:00:00,XY,WSTT,9.4,MW
2050-12-05 13:00:00,XY,WSTT,9.4,MW
2050-12-06 14:00:00,XY,WSTT,9.4,MW
2050-12-07 15:00:00,XY,WSTT,9.4,MW
2050-12-08 16:00:00,XY,WSTT,9.4,MW
2050-12-09 17:00:00,XY,WSTT,9.4,MW
2050-12-10 18:00:00,XY,WSTT,9.4,MW
2050-12-11 19:00:00,XY,WSTT,9.4,MW
2050-12-12 20:00:00,XY,WSTT,9.4,MW
2050-12-13 21:00:00,XY,WSTT,9.4,MW
2050-12-14 22:00:00,XY,WSTT,9.4,MW
2050-12-15 23:00:00,XY,WSTT,9.4,MW
2050-12-17 00:00:00,XY,WSTT,9.4,MW
2050-12-18 01:00:00,XY,WSTT,9.4,MW
2050-12-19 02:00:00,XY,WSTT,9.4,MW
2050-12-20 03:00:00,XY,WSTT,9.4,MW
2050-12-21 04:00:00,XY,WSTT,9.4,MW
2050-12-22 05:00:00,XY,WSTT,9.4,MW
2050-12-23 06:00:00,XY,WSTT,9.4,MW
2050-12-24 07:00:00,XY,WSTT,9.4,MW
2050-12-25 08:00:00,XY,WSTT,9.4,MW
2050-12-26 09:00:00,XY,WSTT,9.4,MW
2050-12-27 10:00:00,XY,WSTT,9.4,MW
2050-12-28 11:00:00,XY,WSTT,9.4,MW
2050-12-29 12:00:00,XY,WSTT,9.4,MW
2050-12-30 13:00:00,XY,WSTT,9.4,MW
2050-12-31 14:00:00,XY,WSTT,9.4,MW
2051-01-01 15:00:00,XY,WSTT,9.4,MW
2050-01-01 00:00:00,XY,CSP,0.0,MW
2050-01-02 01:00:00,XY,CSP,0.0,MW
2050-01-03 02:00:00,XY,CSP,0.0,MW
2050-01-04 03:00:00,XY,CSP,0.0,MW
2050-01-05 04:00:00,XY,CSP,0.0,MW
2050-01-06 05:00:00,XY,CSP,0.0,MW
2050-01-07 06:00:00,XY,CSP,0.0,MW
2050-01-08 07:00:00,XY,CSP,0.0,MW
2050-01-09 08:00:00,XY,CSP,61.9,MW
2050-01-10 09:00:00,XY,CSP,201.0,MW
2050-01-11 10:00:00,XY,CSP,456.2,MW
2050-01-12 11:00:00,XY,CSP,549.0,MW
2050-01-13 12:00:00,XY,CSP,0.0,MW
2050-01-14 13:00:00,XY,CSP,572.2,MW
2050-01-15 14:00:00,XY,CSP,533.5,MW
2050-01-16 15:00:00,XY,CSP,510.3,MW
2050-01-17 16:00:00,XY,CSP,386.6,MW
2050-01-18 17:00:00,XY,CSP,193.3,MW
2050-01-19 18:00:00,XY,CSP,23.2,MW
2050-01-20 19:00:00,XY,CSP,0.0,MW
2050-01-21 20:00:00,XY,CSP,0.0,MW
2050-01-22 21:00:00,XY,CSP,0.0,MW
2050-01-23 22:00:00,XY,CSP,0.0,MW
2050-01-24 23:00:00,XY,CSP,0.0,MW
2050-01-26 00:00:00,XY,CSP,0.0,MW
2050-01-27 01:00:00,XY,CSP,0.0,MW
2050-01-28 02:00:00,XY,CSP,0.0,MW
2050-01-29 03:00:00,XY,CSP,0.0,MW
2050-01-30 04:00:00,XY,CSP,0.0,MW
2050-01-31 05:00:00,XY,CSP,0.0,MW
2050-02-01 06:00:00,XY,CSP,0.0,MW
2050-02-02 07:00:00,XY,CSP,0.0,MW
2050-02-03 08:00:00,XY,CSP,100.5,MW
2050-02-04 09:00:00,XY,CSP,293.8,MW
2050-02-05 10:00:00,XY,CSP,378.9,MW
2050-02-06 11:00:00,XY,CSP,0.0,MW
2050-02-07 12:00:00,XY,CSP,0.0,MW
2050-02-08 13:00:00,XY,CSP,0.0,MW
2050-02-09 14:00:00,XY,CSP,626.3,MW
2050-02-10 15:00:00,XY,CSP,456.2,MW
2050-02-11 16:00:00,XY,CSP,394.4,MW
2050-02-12 17:00:00,XY,CSP,255.2,MW
2050-02-13 18:00:00,XY,CSP,61.9,MW
2050-02-14 19:00:00,XY,CSP,0.0,MW
2050-02-15 20:00:00,XY,CSP,0.0,MW
2050-02-16 21:00:00,XY,CSP,0.0,MW
2050-02-17 22:00:00,XY,CSP,0.0,MW
2050-02-18 23:00:00,XY,CSP,0.0,MW
2050-02-20 00:00:00,XY,CSP,0.0,MW
2050-02-21 01:00:00,XY,CSP,0.0,MW
2050-02-22 02:00:00,XY,CSP,0.0,MW
2050-02-23 03:00:00,XY,CSP,0.0,MW
2050-02-24 04:00:00,XY,CSP,0.0,MW
2050-02-25 05:00:00,XY,CSP,0.0,MW
2050-02-26 06:00:00,XY,CSP,0.0,MW
2050-02-27 07:00:00,XY,CSP,7.7,MW
2050-02-28 08:00:00,XY,CSP,77.3,MW
2050-03-01 09:00:00,XY,CSP,348.0,MW
2050-03-02 10:00:00,XY,CSP,487.2,MW
2050-03-03 11:00:00,XY,CSP,105.4,MW
2050-03-04 12:00:00,XY,CSP,0.0,MW
2050-03-05 13:00:00,XY,CSP,0.0,MW
2050-03-06 14:00:00,XY,CSP,587.7,MW
2050-03-07 15:00:00,XY,CSP,525.8,MW
2050-03-08 16:00:00,XY,CSP,417.6,MW
2050-03-09 17:00:00,XY,CSP,255.2,MW
2050-03-10 18:00:00,XY,CSP,54.1,MW
2050-03-11 19:00:00,XY,CSP,0.0,MW
2050-03-12 20:00:00,XY,CSP,0.0,MW
2050-03-13 21:00:00,XY,CSP,0.0,MW
2050-03-14 22:00:00,XY,CSP,0.0,MW
2050-03-15 23:00:00,XY,CSP,0.0,MW
2050-03-17 00:00:00,XY,CSP,0.0,MW
2050-03-18 01:00:00,XY,CSP,0.0,MW
2050-03-19 02:00:00,XY,CSP,0.0,MW
2050-03-20 03:00:00,XY,CSP,0.0,MW
2050-03-21 04:00:00,XY,CSP,0.0,MW
2050-03-22 05:00:00,XY,CSP,0.0,MW
2050-03-23 06:00:00,XY,CSP,0.0,MW
2050-03-24 07:00:00,XY,CSP,23.2,MW
2050-03-25 08:00:00,XY,CSP,108.3,MW
2050-03-26 09:00:00,XY,CSP,232.0,MW
2050-03-27 10:00:00,XY,CSP,301.6,MW
2050-03-28 11:00:00,XY,CSP,378.9,MW
2050-03-29 12:00:00,XY,CSP,0.0,MW
2050-03-30 13:00:00,XY,CSP,0.0,MW
2050-03-31 14:00:00,XY,CSP,487.2,MW
2050-04-01 15:00:00,XY,CSP,487.2,MW
2050-04-02 16:00:00,XY,CSP,340.2,MW
2050-04-03 17:00:00,XY,CSP,232.0,MW
2050-04-04 18:00:00,XY,CSP,54.1,MW
2050-04-05 19:00:00,XY,CSP,0.0,MW
2050-04-06 20:00:00,XY,CSP,0.0,MW
2050-04-07 21:00:00,XY,CSP,0.0,MW
2050-04-08 22:00:00,XY,CSP,0.0,MW
2050-04-09 23:00:00,XY,CSP,0.0,MW
2050-04-11 00:00:00,XY,CSP,0.0,MW
2050-04-12 01:00:00,XY,CSP,0.0,MW
2050-04-13 02:00:00,XY,CSP,0.0,MW
2050-04-14 03:00:00,XY,CSP,0.0,MW
2050-04-15 04:00:00,XY,CSP,0.0,MW
2050-04-16 05:00:00,XY,CSP,0.0,MW
2050-04-17 06:00:00,XY,CSP,0.0,MW
2050-04-18 07:00:00,XY,CSP,54.1,MW
2050-04-19 08:00:00,XY,CSP,177.8,MW
2050-04-20 09:00:00,XY,CSP,340.2,MW
2050-04-21 10:00:00,XY,CSP,471.7,MW
2050-04-22 11:00:00,XY,CSP,595.4,MW
2050-04-23 12:00:00,XY,CSP,634.1,MW
2050-04-24 13:00:00,XY,CSP,634.1,MW
2050-04-25 14:00:00,XY,CSP,579.9,MW
2050-04-26 15:00:00,XY,CSP,479.4,MW
2050-04-27 16:00:00,XY,CSP,371.2,MW
2050-04-28 17:00:00,XY,CSP,208.8,MW
2050-04-29 18:00:00,XY,CSP,46.4,MW
2050-04-30 19:00:00,XY,CSP,0.0,MW
2050-05-01 20:00:00,XY,CSP,0.0,MW
2050-05-02 21:00:00,XY,CSP,0.0,MW
2050-05-03 22:00:00,XY,CSP,0.0,MW
2050-05-04 23:00:00,XY,CSP,0.0,MW
2050-05-06 00:00:00,XY,CSP,0.0,MW
2050-05-07 01:00:00,XY,CSP,0.0,MW
2050-05-08 02:00:00,XY,CSP,0.0,MW
2050-05-09 03:00:00,XY,CSP,0.0,MW
2050-05-10 04:00:00,XY,CSP,0.0,MW
2050-05-11 05:00:00,XY,CSP,0.0,MW
2050-05-12 06:00:00,XY,CSP,0.0,MW
2050-05-13 07:00:00,XY,CSP,54.1,MW
2050-05-14 08:00:00,XY,CSP,92.8,MW
2050-05-15 09:00:00,XY,CSP,262.9,MW
2050-05-16 10:00:00,XY,CSP,394.4,MW
2050-05-17 11:00:00,XY,CSP,549.0,MW
2050-05-18 12:00:00,XY,CSP,579.9,MW
2050-05-19 13:00:00,XY,CSP,518.1,MW
2050-05-20 14:00:00,XY,CSP,286.1,MW
2050-05-21 15:00:00,XY,CSP,417.6,MW
2050-05-22 16:00:00,XY,CSP,162.4,MW
2050-05-23 17:00:00,XY,CSP,154.7,MW
2050-05-24 18:00:00,XY,CSP,30.9,MW
2050-05-25 19:00:00,XY,CSP,0.0,MW
2050-05-26 20:00:00,XY,CSP,0.0,MW
2050-05-27 21:00:00,XY,CSP,0.0,MW
2050-05-28 22:00:00,XY,CSP,0.0,MW
2050-05-29 23:00:00,XY,CSP,0.0,MW
2050-05-31 00:00:00,XY,CSP,0.0,MW
2050-06-01 01:00:00,XY,CSP,0.0,MW
2050-06-02 02:00:00,XY,CSP,0.0,MW
2050-06-03 03:00:00,XY,CSP,0.0,MW
2050-06-04 04:00:00,XY,CSP,0.0,MW
2050-06-05 05:00:00,XY,CSP,0.0,MW
2050-06-06 06:00:00,XY,CSP,0.0,MW
2050-06-07 07:00:00,XY,CSP,270.6,MW
2050-06-08 08:00:00,XY,CSP,30.9,MW
2050-06-09 09:00:00,XY,CSP,46.4,MW
2050-06-10 10:00:00,XY,CSP,193.3,MW
2050-06-11 11:00:00,XY,CSP,378.9,MW
2050-06-12 12:00:00,XY,CSP,394.4,MW
2050-06-13 13:00:00,XY,CSP,286.1,MW
2050-06-14 14:00:00,XY,CSP,425.3,MW
2050-06-15 15:00:00,XY,CSP,278.4,MW
2050-06-16 16:00:00,XY,CSP,371.2,MW
2050-06-17 17:00:00,XY,CSP,232.0,MW
2050-06-18 18:00:00,XY,CSP,131.5,MW
2050-06-19 19:00:00,XY,CSP,38.7,MW
2050-06-20 20:00:00,XY,CSP,0.0,MW
2050-06-21 21:00:00,XY,CSP,0.0,MW
2050-06-22 22:00:00,XY,CSP,0.0,MW
2050-06-23 23:00:00,XY,CSP,0.0,MW
2050-06-25 00:00:00,XY,CSP,0.0,MW
2050-06-26 01:00:00,XY,CSP,0.0,MW
2050-06-27 02:00:00,XY,CSP,0.0,MW
2050-06-28 03:00:00,XY,CSP,0.0,MW
2050-06-29 04:00:00,XY,CSP,0.0,MW
2050-06-30 05:00:00,XY,CSP,0.0,MW
2050-07-01 06:00:00,XY,CSP,0.0,MW
2050-07-02 07:00:00,XY,CSP,0.0,MW
2050-07-03 08:00:00,XY,CSP,7.7,MW
2050-07-04 09:00:00,XY,CSP,23.2,MW
2050-07-05 10:00:00,XY,CSP,216.5,MW
2050-07-06 11:00:00,XY,CSP,216.5,MW
2050-07-07 12:00:00,XY,CSP,208.8,MW
2050-07-08 13:00:00,XY,CSP,348.0,MW
2050-07-09 14:00:00,XY,CSP,332.5,MW
2050-07-10 15:00:00,XY,CSP,278.4,MW
2050-07-11 16:00:00,XY,CSP,146.9,MW
2050-07-12 17:00:00,XY,CSP,309.3,MW
2050-07-13 18:00:00,XY,CSP,185.6,MW
2050-07-14 19:00:00,XY,CSP,30.9,MW
2050-07-15 20:00:00,XY,CSP,0.0,MW
2050-07-16 21:00:00,XY,CSP,0.0,MW
2050-07-17 22:00:00,XY,CSP,0.0,MW
2050-07-18 23:00:00,XY,CSP,0.0,MW
2050-07-20 00:00:00,XY,CSP,0.0,MW
2050-07-21 01:00:00,XY,CSP,0.0,MW
2050-07-22 02:00:00,XY,CSP,0.0,MW
2050-07-23 03:00:00,XY,CSP,0.0,MW
2050-07-24 04:00:00,XY,CSP,0.0,MW
2050-07-25 05:00:00,XY,CSP,0.0,MW
2050-07-26 06:00:00,XY,CSP,0.0,MW
2050-07-27 07:00:00,XY,CSP,0.0,MW
2050-07-28 08:00:00,XY,CSP,38.7,MW
2050-07-29 09:00:00,XY,CSP,116.0,MW
2050-07-30 10:00:00,XY,CSP,177.8,MW
2050-07-31 11:00:00,XY,CSP,262.9,MW
2050-08-01 12:00:00,XY,CSP,417.6,MW
2050-08-02 13:00:00,XY,CSP,487.2,MW
2050-08-03 14:00:00,XY,CSP,386.6,MW
2050-08-04 15:00:00,XY,CSP,386.6,MW
2050-08-05 16:00:00,XY,CSP,278.4,MW
2050-08-06 17:00:00,XY,CSP,239.7,MW
2050-08-07 18:00:00,XY,CSP,154.7,MW
2050-08-08 19:00:00,XY,CSP,46.4,MW
2050-08-09 20:00:00,XY,CSP,0.0,MW
2050-08-10 21:00:00,XY,CSP,0.0,MW
2050-08-11 22:00:00,XY,CSP,0.0,MW
2050-08-12 23:00:00,XY,CSP,0.0,MW
2050-08-14 00:00:00,XY,CSP,0.0,MW
2050-08-15 01:00:00,XY,CSP,0.0,MW
2050-08-16 02:00:00,XY,CSP,0.0,MW
2050-08-17 03:00:00,XY,CSP,0.0,MW
2050-08-18 04:00:00,XY,CSP,0.0,MW
2050-08-19 05:00:00,XY,CSP,0.0,MW
2050-08-20 06:00:00,XY,CSP,0.0,MW
2050-08-21 07:00:00,XY,CSP,0.0,MW
2050-08-22 08:00:00,XY,CSP,38.7,MW
2050-08-23 09:00:00,XY,CSP,154.7,MW
2050-08-24 10:00:00,XY,CSP,131.5,MW
2050-08-25 11:00:00,XY,CSP,417.6,MW
2050-08-26 12:00:00,XY,CSP,471.7,MW
2050-08-27 13:00:00,XY,CSP,533.5,MW
2050-08-28 14:00:00,XY,CSP,541.3,MW
2050-08-29 15:00:00,XY,CSP,293.8,MW
2050-08-30 16:00:00,XY,CSP,425.3,MW
2050-08-31 17:00:00,XY,CSP,208.8,MW
2050-09-01 18:00:00,XY,CSP,77.3,MW
2050-09-02 19:00:00,XY,CSP,38.7,MW
2050-09-03 20:00:00,XY,CSP,0.0,MW
2050-09-04 21:00:00,XY,CSP,0.0,MW
2050-09-05 22:00:00,XY,CSP,0.0,MW
2050-09-06 23:00:00,XY,CSP,0.0,MW
2050-09-08 00:00:00,XY,CSP,0.0,MW
2050-09-09 01:00:00,XY,CSP,0.0,MW
2050-09-10 02:00:00,XY,CSP,0.0,MW
2050-09-11 03:00:00,XY,CSP,0.0,MW
2050-09-12 04:00:00,XY,CSP,0.0,MW
2050-09-13 05:00:00,XY,CSP,0.0,MW
2050-09-14 06:00:00,XY,CSP,0.0,MW
2050-09-15 07:00:00,XY,CSP,0.0,MW
2050-09-16 08:00:00,XY,CSP,54.1,MW
2050-09-17 09:00:00,XY,CSP,61.9,MW
2050-09-18 10:00:00,XY,CSP,363.4,MW
2050-09-19 11:00:00,XY,CSP,371.2,MW
2050-09-20 12:00:00,XY,CSP,494.9,MW
2050-09-21 13:00:00,XY,CSP,324.8,MW
2050-09-22 14:00:00,XY,CSP,317.0,MW
2050-09-23 15:00:00,XY,CSP,262.9,MW
2050-09-24 16:00:00,XY,CSP,270.6,MW
2050-09-25 17:00:00,XY,CSP,162.4,MW
2050-09-26 18:00:00,XY,CSP,123.7,MW
2050-09-27 19:00:00,XY,CSP,7.7,MW
2050-09-28 20:00:00,XY,CSP,0.0,MW
2050-09-29 21:00:00,XY,CSP,0.0,MW
2050-09-30 22:00:00,XY,CSP,0.0,MW
2050-10-01 23:00:00,XY,CSP,0.0,MW
2050-10-03 00:00:00,XY,CSP,0.0,MW
2050-10-04 01:00:00,XY,CSP,0.0,MW
2050-10-05 02:00:00,XY,CSP,0.0,MW
2050-10-06 03:00:00,XY,CSP,0.0,MW
2050-10-07 04:00:00,XY,CSP,0.0,MW
2050-10-08 05:00:00,XY,CSP,0.0,MW
2050-10-09 06:00:00,XY,CSP,0.0,MW
2050-10-10 07:00:00,XY,CSP,0.0,MW
2050-10-11 08:00:00,XY,CSP,54.1,MW
2050-10-12 09:00:00,XY,CSP,146.9,MW
2050-10-13 10:00:00,XY,CSP,309.3,MW
2050-10-14 11:00:00,XY,CSP,433.0,MW
2050-10-15 12:00:00,XY,CSP,556.7,MW
2050-10-16 13:00:00,XY,CSP,587.7,MW
2050-10-17 14:00:00,XY,CSP,270.6,MW
2050-10-18 15:00:00,XY,CSP,278.4,MW
2050-10-19 16:00:00,XY,CSP,394.4,MW
2050-10-20 17:00:00,XY,CSP,170.1,MW
2050-10-21 18:00:00,XY,CSP,38.7,MW
2050-10-22 19:00:00,XY,CSP,0.0,MW
2050-10-23 20:00:00,XY,CSP,0.0,MW
2050-10-24 21:00:00,XY,CSP,0.0,MW
2050-10-25 22:00:00,XY,CSP,0.0,MW
2050-10-26 23:00:00,XY,CSP,0.0,MW
2050-10-28 00:00:00,XY,CSP,0.0,MW
2050-10-29 01:00:00,XY,CSP,0.0,MW
2050-10-30 02:00:00,XY,CSP,0.0,MW
2050-10-31 03:00:00,XY,CSP,0.0,MW
2050-11-01 04:00:00,XY,CSP,0.0,MW
2050-11-02 05:00:00,XY,CSP,0.0,MW
2050-11-03 06:00:00,XY,CSP,0.0,MW
2050-11-04 07:00:00,XY,CSP,0.0,MW
2050-11-05 08:00:00,XY,CSP,85.1,MW
2050-11-06 09:00:00,XY,CSP,92.8,MW
2050-11-07 10:00:00,XY,CSP,208.8,MW
2050-11-08 11:00:00,XY,CSP,479.4,MW
2050-11-09 12:00:00,XY,CSP,340.2,MW
2050-11-10 13:00:00,XY,CSP,0.0,MW
2050-11-11 14:00:00,XY,CSP,417.6,MW
2050-11-12 15:00:00,XY,CSP,572.2,MW
2050-11-13 16:00:00,XY,CSP,494.9,MW
2050-11-14 17:00:00,XY,CSP,255.2,MW
2050-11-15 18:00:00,XY,CSP,116.0,MW
2050-11-16 19:00:00,XY,CSP,0.0,MW
2050-11-17 20:00:00,XY,CSP,0.0,MW
2050-11-18 21:00:00,XY,CSP,0.0,MW
2050-11-19 22:00:00,XY,CSP,0.0,MW
2050-11-20 23:00:00,XY,CSP,0.0,MW
2050-11-22 00:00:00,XY,CSP,0.0,MW
2050-11-23 01:00:00,XY,CSP,0.0,MW
2050-11-24 02:00:00,XY,CSP,0.0,MW
2050-11-25 03:00:00,XY,CSP,0.0,MW
2050-11-26 04:00:00,XY,CSP,0.0,MW
2050-11-27 05:00:00,XY,CSP,0.0,MW
2050-11-28 06:00:00,XY,CSP,0.0,MW
2050-11-29 07:00:00,XY,CSP,0.0,MW
2050-11-30 08:00:00,XY,CSP,54.1,MW
2050-12-01 09:00:00,XY,CSP,177.8,MW
2050-12-02 10:00:00,XY,CSP,378.9,MW
2050-12-03 11:00:00,XY,CSP,494.9,MW
2050-12-04 12:00:00,XY,CSP,317.0,MW
2050-12-05 13:00:00,XY,CSP,0.0,MW
2050-12-06 14:00:00,XY,CSP,417.6,MW
2050-12-07 15:00:00,XY,CSP,232.0,MW
2050-12-08 16:00:00,XY,CSP,293.8,MW
2050-12-09 17:00:00,XY,CSP,154.7,MW
2050-12-10 18:00:00,XY,CSP,154.7,MW
2050-12-11 19:00:00,XY,CSP,0.0,MW
2050-12-12 20:00:00,XY,CSP,0.0,MW
2050-12-13 21:00:00,XY,CSP,0.0,MW
2050-12-14 22:00:00,XY,CSP,0.0,MW
2050-12-15 23:00:00,XY,CSP,0.0,MW
2050-12-17 00:00:00,XY,CSP,0.0,MW
2050-12-18 01:00:00,XY,CSP,0.0,MW
2050-12-19 02:00:00,XY,CSP,0.0,MW
2050-12-20 03:00:00,XY,CSP,0.0,MW
2050-12-21 04:00:00,XY,CSP,0.0,MW
2050-12-22 05:00:00,XY,CSP,0.0,MW
2050-12-23 06:00:00,XY,CSP,0.0,MW
2050-12-24 07:00:00,XY,CSP,0.0,MW
2050-12-25 08:00:00,XY,CSP,0.0,MW
2050-12-26 09:00:00,XY,CSP,108.3,MW
2050-12-27 10:00:00,XY,CSP,332.5,MW
2050-12-28 11:00:00,XY,CSP,440.8,MW
2050-12-29 12:00:00,XY,CSP,603.1,MW
2050-12-30 13:00:00,XY,CSP,665.0,MW
2050-12-31 14:00:00,XY,CSP,672.7,MW
2051-01-01 15:00:00,XY,CSP,525.8,MW
2050-01-01 00:00:00,XY,PHOT,0.0,MW
2050-01-02 01:00:00,XY,PHOT,0.0,MW
2050-01-03 02:00:00,XY,PHOT,0.0,MW
2050-01-04 03:00:00,XY,PHOT,0.0,MW
2050-01-05 04:00:00,XY,PHOT,0.0,MW
2050-01-06 05:00:00,XY,PHOT,0.0,MW
2050-01-07 06:00:00,XY,PHOT,0.0,MW
2050-01-08 07:00:00,XY,PHOT,2460.5,MW
2050-01-09 08:00:00,XY,PHOT,10260.5,MW
2050-01-10 09:00:00,XY,PHOT,23787.2,MW
2050-01-11 10:00:00,XY,PHOT,37885.4,MW
2050-01-12 11:00:00,XY,PHOT,43160.7,MW
2050-01-13 12:00:00,XY,PHOT,43962.1,MW
2050-01-14 13:00:00,XY,PHOT,43470.7,MW
2050-01-15 14:00:00,XY,PHOT,38995.1,MW
2050-01-16 15:00:00,XY,PHOT,32382.3,MW
2050-01-17 16:00:00,XY,PHOT,25332.3,MW
2050-01-18 17:00:00,XY,PHOT,10705.7,MW
2050-01-19 18:00:00,XY,PHOT,0.0,MW
2050-01-20 19:00:00,XY,PHOT,0.0,MW
2050-01-21 20:00:00,XY,PHOT,0.0,MW
2050-01-22 21:00:00,XY,PHOT,0.0,MW
2050-01-23 22:00:00,XY,PHOT,0.0,MW
2050-01-24 23:00:00,XY,PHOT,0.0,MW
2050-01-26 00:00:00,XY,PHOT,0.0,MW
2050-01-27 01:00:00,XY,PHOT,0.0,MW
2050-01-28 02:00:00,XY,PHOT,0.0,MW
2050-01-29 03:00:00,XY,PHOT,0.0,MW
2050-01-30 04:00:00,XY,PHOT,0.0,MW
2050-01-31 05:00:00,XY,PHOT,0.0,MW
2050-02-01 06:00:00,XY,PHOT,0.0,MW
2050-02-02 07:00:00,XY,PHOT,1256.4,MW
2050-02-03 08:00:00,XY,PHOT,11260.8,MW
2050-02-04 09:00:00,XY,PHOT,17778.1,MW
2050-02-05 10:00:00,XY,PHOT,35759.3,MW
2050-02-06 11:00:00,XY,PHOT,43374.8,MW
2050-02-07 12:00:00,XY,PHOT,42947.5,MW
2050-02-08 13:00:00,XY,PHOT,42183.8,MW
2050-02-09 14:00:00,XY,PHOT,41343.1,MW
2050-02-10 15:00:00,XY,PHOT,38684.7,MW
2050-02-11 16:00:00,XY,PHOT,24257.5,MW
2050-02-12 17:00:00,XY,PHOT,14238.7,MW
2050-02-13 18:00:00,XY,PHOT,1151.7,MW
2050-02-14 19:00:00,XY,PHOT,0.0,MW
2050-02-15 20:00:00,XY,PHOT,0.0,MW
2050-02-16 21:00:00,XY,PHOT,0.0,MW
2050-02-17 22:00:00,XY,PHOT,0.0,MW
2050-02-18 23:00:00,XY,PHOT,0.0,MW
2050-02-20 00:00:00,XY,PHOT,0.0,MW
2050-02-21 01:00:00,XY,PHOT,0.0,MW
2050-02-22 02:00:00,XY,PHOT,0.0,MW
2050-02-23 03:00:00,XY,PHOT,0.0,MW
2050-02-24 04:00:00,XY,PHOT,0.0,MW
2050-02-25 05:00:00,XY,PHOT,0.0,MW
2050-02-26 06:00:00,XY,PHOT,0.0,MW
2050-02-27 07:00:00,XY,PHOT,3675.0,MW
2050-02-28 08:00:00,XY,PHOT,9637.1,MW
2050-03-01 09:00:00,XY,PHOT,31466.6,MW
2050-03-02 10:00:00,XY,PHOT,41130.1,MW
2050-03-03 11:00:00,XY,PHOT,45403.5,MW
2050-03-04 12:00:00,XY,PHOT,45337.2,MW
2050-03-05 13:00:00,XY,PHOT,44740.2,MW
2050-03-06 14:00:00,XY,PHOT,44462.2,MW
2050-03-07 15:00:00,XY,PHOT,41528.2,MW
2050-03-08 16:00:00,XY,PHOT,29336.0,MW
2050-03-09 17:00:00,XY,PHOT,14840.9,MW
2050-03-10 18:00:00,XY,PHOT,1732.8,MW
2050-03-11 19:00:00,XY,PHOT,0.0,MW
2050-03-12 20:00:00,XY,PHOT,0.0,MW
2050-03-13 21:00:00,XY,PHOT,0.0,MW
2050-03-14 22:00:00,XY,PHOT,0.0,MW
2050-03-15 23:00:00,XY,PHOT,0.0,MW
2050-03-17 00:00:00,XY,PHOT,0.0,MW
2050-03-18 01:00:00,XY,PHOT,0.0,MW
2050-03-19 02:00:00,XY,PHOT,0.0,MW
2050-03-20 03:00:00,XY,PHOT,0.0,MW
2050-03-21 04:00:00,XY,PHOT,0.0,MW
2050-03-22 05:00:00,XY,PHOT,0.0,MW
2050-03-23 06:00:00,XY,PHOT,0.0,MW
2050-03-24 07:00:00,XY,PHOT,5868.6,MW
2050-03-25 08:00:00,XY,PHOT,12532.4,MW
2050-03-26 09:00:00,XY,PHOT,31053.8,MW
2050-03-27 10:00:00,XY,PHOT,35435.6,MW
2050-03-28 11:00:00,XY,PHOT,44386.5,MW
2050-03-29 12:00:00,XY,PHOT,43827.1,MW
2050-03-30 13:00:00,XY,PHOT,44423.8,MW
2050-03-31 14:00:00,XY,PHOT,45111.8,MW
2050-04-01 15:00:00,XY,PHOT,34910.9,MW
2050-04-02 16:00:00,XY,PHOT,27101.4,MW
2050-04-03 17:00:00,XY,PHOT,10810.0,MW
2050-04-04 18:00:00,XY,PHOT,586.3,MW
2050-04-05 19:00:00,XY,PHOT,0.0,MW
2050-04-06 20:00:00,XY,PHOT,0.0,MW
2050-04-07 21:00:00,XY,PHOT,0.0,MW
2050-04-08 22:00:00,XY,PHOT,0.0,MW
2050-04-09 23:00:00,XY,PHOT,0.0,MW
2050-04-11 00:00:00,XY,PHOT,0.0,MW
2050-04-12 01:00:00,XY,PHOT,0.0,MW
2050-04-13 02:00:00,XY,PHOT,0.0,MW
2050-04-14 03:00:00,XY,PHOT,0.0,MW
2050-04-15 04:00:00,XY,PHOT,0.0,MW
2050-04-16 05:00:00,XY,PHOT,0.0,MW
2050-04-17 06:00:00,XY,PHOT,0.0,MW
2050-04-18 07:00:00,XY,PHOT,5036.0,MW
2050-04-19 08:00:00,XY,PHOT,18971.8,MW
2050-04-20 09:00:00,XY,PHOT,31341.0,MW
2050-04-21 10:00:00,XY,PHOT,42402.2,MW
2050-04-22 11:00:00,XY,PHOT,46448.2,MW
2050-04-23 12:00:00,XY,PHOT,45498.1,MW
2050-04-24 13:00:00,XY,PHOT,45809.1,MW
2050-04-25 14:00:00,XY,PHOT,43726.2,MW
2050-04-26 15:00:00,XY,PHOT,27115.4,MW
2050-04-27 16:00:00,XY,PHOT,18667.0,MW
2050-04-28 17:00:00,XY,PHOT,8396.7,MW
2050-04-29 18:00:00,XY,PHOT,581.1,MW
2050-04-30 19:00:00,XY,PHOT,0.0,MW
2050-05-01 20:00:00,XY,PHOT,0.0,MW
2050-05-02 21:00:00,XY,PHOT,0.0,MW
2050-05-03 22:00:00,XY,PHOT,0.0,MW
2050-05-04 23:00:00,XY,PHOT,0.0,MW
2050-05-06 00:00:00,XY,PHOT,0.0,MW
2050-05-07 01:00:00,XY,PHOT,0.0,MW
2050-05-08 02:00:00,XY,PHOT,0.0,MW
2050-05-09 03:00:00,XY,PHOT,0.0,MW
2050-05-10 04:00:00,XY,PHOT,0.0,MW
2050-05-11 05:00:00,XY,PHOT,0.0,MW
2050-05-12 06:00:00,XY,PHOT,0.0,MW
2050-05-13 07:00:00,XY,PHOT,4146.2,MW
2050-05-14 08:00:00,XY,PHOT,13830.3,MW
2050-05-15 09:00:00,XY,PHOT,28833.7,MW
2050-05-16 10:00:00,XY,PHOT,21293.5,MW
2050-05-17 11:00:00,XY,PHOT,43103.2,MW
2050-05-18 12:00:00,XY,PHOT,30565.0,MW
2050-05-19 13:00:00,XY,PHOT,35486.5,MW
2050-05-20 14:00:00,XY,PHOT,36679.8,MW
2050-05-21 15:00:00,XY,PHOT,21320.8,MW
2050-05-22 16:00:00,XY,PHOT,8312.9,MW
2050-05-23 17:00:00,XY,PHOT,8983.3,MW
2050-05-24 18:00:00,XY,PHOT,638.6,MW
2050-05-25 19:00:00,XY,PHOT,0.0,MW
2050-05-26 20:00:00,XY,PHOT,0.0,MW
2050-05-27 21:00:00,XY,PHOT,0.0,MW
2050-05-28 22:00:00,XY,PHOT,0.0,MW
2050-05-29 23:00:00,XY,PHOT,0.0,MW
2050-05-31 00:00:00,XY,PHOT,0.0,MW
2050-06-01 01:00:00,XY,PHOT,0.0,MW
2050-06-02 02:00:00,XY,PHOT,0.0,MW
2050-06-03 03:00:00,XY,PHOT,0.0,MW
2050-06-04 04:00:00,XY,PHOT,0.0,MW
2050-06-05 05:00:00,XY,PHOT,0.0,MW
2050-06-06 06:00:00,XY,PHOT,0.0,MW
2050-06-07 07:00:00,XY,PHOT,31843.1,MW
2050-06-08 08:00:00,XY,PHOT,6465.3,MW
2050-06-09 09:00:00,XY,PHOT,6569.9,MW
2050-06-10 10:00:00,XY,PHOT,27420.4,MW
2050-06-11 11:00:00,XY,PHOT,39450.2,MW
2050-06-12 12:00:00,XY,PHOT,43124.0,MW
2050-06-13 13:00:00,XY,PHOT,43694.7,MW
2050-06-14 14:00:00,XY,PHOT,39658.1,MW
2050-06-15 15:00:00,XY,PHOT,33109.0,MW
2050-06-16 16:00:00,XY,PHOT,25534.1,MW
2050-06-17 17:00:00,XY,PHOT,8024.1,MW
2050-06-18 18:00:00,XY,PHOT,8255.0,MW
2050-06-19 19:00:00,XY,PHOT,1272.0,MW
2050-06-20 20:00:00,XY,PHOT,0.0,MW
2050-06-21 21:00:00,XY,PHOT,0.0,MW
2050-06-22 22:00:00,XY,PHOT,0.0,MW
2050-06-23 23:00:00,XY,PHOT,0.0,MW
2050-06-25 00:00:00,XY,PHOT,0.0,MW
2050-06-26 01:00:00,XY,PHOT,0.0,MW
2050-06-27 02:00:00,XY,PHOT,0.0,MW
2050-06-28 03:00:00,XY,PHOT,0.0,MW
2050-06-29 04:00:00,XY,PHOT,0.0,MW
2050-06-30 05:00:00,XY,PHOT,0.0,MW
2050-07-01 06:00:00,XY,PHOT,0.0,MW
2050-07-02 07:00:00,XY,PHOT,0.0,MW
2050-07-03 08:00:00,XY,PHOT,4716.8,MW
2050-07-04 09:00:00,XY,PHOT,12742.1,MW
2050-07-05 10:00:00,XY,PHOT,25734.5,MW
2050-07-06 11:00:00,XY,PHOT,32226.3,MW
2050-07-07 12:00:00,XY,PHOT,27807.6,MW
2050-07-08 13:00:00,XY,PHOT,40061.4,MW
2050-07-09 14:00:00,XY,PHOT,28628.0,MW
2050-07-10 15:00:00,XY,PHOT,36124.8,MW
2050-07-11 16:00:00,XY,PHOT,23419.4,MW
2050-07-12 17:00:00,XY,PHOT,10614.9,MW
2050-07-13 18:00:00,XY,PHOT,6679.2,MW
2050-07-14 19:00:00,XY,PHOT,1287.6,MW
2050-07-15 20:00:00,XY,PHOT,0.0,MW
2050-07-16 21:00:00,XY,PHOT,0.0,MW
2050-07-17 22:00:00,XY,PHOT,0.0,MW
2050-07-18 23:00:00,XY,PHOT,0.0,MW
2050-07-20 00:00:00,XY,PHOT,0.0,MW
2050-07-21 01:00:00,XY,PHOT,0.0,MW
2050-07-22 02:00:00,XY,PHOT,0.0,MW
2050-07-23 03:00:00,XY,PHOT,0.0,MW
2050-07-24 04:00:00,XY,PHOT,0.0,MW
2050-07-25 05:00:00,XY,PHOT,0.0,MW
2050-07-26 06:00:00,XY,PHOT,0.0,MW
2050-07-27 07:00:00,XY,PHOT,0.0,MW
2050-07-28 08:00:00,XY,PHOT,1230.1,MW
2050-07-29 09:00:00,XY,PHOT,7935.9,MW
2050-07-30 10:00:00,XY,PHOT,19394.7,MW
2050-07-31 11:00:00,XY,PHOT,33204.1,MW
2050-08-01 12:00:00,XY,PHOT,45882.2,MW
2050-08-02 13:00:00,XY,PHOT,45747.1,MW
2050-08-03 14:00:00,XY,PHOT,36469.4,MW
2050-08-04 15:00:00,XY,PHOT,25304.3,MW
2050-08-05 16:00:00,XY,PHOT,23373.2,MW
2050-08-06 17:00:00,XY,PHOT,12740.6,MW
2050-08-07 18:00:00,XY,PHOT,13045.0,MW
2050-08-08 19:00:00,XY,PHOT,1277.2,MW
2050-08-09 20:00:00,XY,PHOT,0.0,MW
2050-08-10 21:00:00,XY,PHOT,0.0,MW
2050-08-11 22:00:00,XY,PHOT,0.0,MW
2050-08-12 23:00:00,XY,PHOT,0.0,MW
2050-08-14 00:00:00,XY,PHOT,0.0,MW
2050-08-15 01:00:00,XY,PHOT,0.0,MW
2050-08-16 02:00:00,XY,PHOT,0.0,MW
2050-08-17 03:00:00,XY,PHOT,0.0,MW
2050-08-18 04:00:00,XY,PHOT,0.0,MW
2050-08-19 05:00:00,XY,PHOT,0.0,MW
2050-08-20 06:00:00,XY,PHOT,0.0,MW
2050-08-21 07:00:00,XY,PHOT,0.0,MW
2050-08-22 08:00:00,XY,PHOT,6915.4,MW
2050-08-23 09:00:00,XY,PHOT,14160.7,MW
2050-08-24 10:00:00,XY,PHOT,18023.3,MW
2050-08-25 11:00:00,XY,PHOT,33370.9,MW
2050-08-26 12:00:00,XY,PHOT,44322.3,MW
2050-08-27 13:00:00,XY,PHOT,46742.7,MW
2050-08-28 14:00:00,XY,PHOT,44202.0,MW
2050-08-29 15:00:00,XY,PHOT,28304.6,MW
2050-08-30 16:00:00,XY,PHOT,28294.9,MW
2050-08-31 17:00:00,XY,PHOT,14316.8,MW
2050-09-01 18:00:00,XY,PHOT,11129.2,MW
2050-09-02 19:00:00,XY,PHOT,581.1,MW
2050-09-03 20:00:00,XY,PHOT,0.0,MW
2050-09-04 21:00:00,XY,PHOT,0.0,MW
2050-09-05 22:00:00,XY,PHOT,0.0,MW
2050-09-06 23:00:00,XY,PHOT,0.0,MW
2050-09-08 00:00:00,XY,PHOT,0.0,MW
2050-09-09 01:00:00,XY,PHOT,0.0,MW
2050-09-10 02:00:00,XY,PHOT,0.0,MW
2050-09-11 03:00:00,XY,PHOT,0.0,MW
2050-09-12 04:00:00,XY,PHOT,0.0,MW
2050-09-13 05:00:00,XY,PHOT,0.0,MW
2050-09-14 06:00:00,XY,PHOT,0.0,MW
2050-09-15 07:00:00,XY,PHOT,0.0,MW
2050-09-16 08:00:00,XY,PHOT,4947.0,MW
2050-09-17 09:00:00,XY,PHOT,8600.5,MW
2050-09-18 10:00:00,XY,PHOT,23048.3,MW
2050-09-19 11:00:00,XY,PHOT,30308.9,MW
2050-09-20 12:00:00,XY,PHOT,39820.9,MW
2050-09-21 13:00:00,XY,PHOT,43710.8,MW
2050-09-22 14:00:00,XY,PHOT,31078.4,MW
2050-09-23 15:00:00,XY,PHOT,25891.0,MW
2050-09-24 16:00:00,XY,PHOT,22462.2,MW
2050-09-25 17:00:00,XY,PHOT,19338.0,MW
2050-09-26 18:00:00,XY,PHOT,7328.8,MW
2050-09-27 19:00:00,XY,PHOT,0.0,MW
2050-09-28 20:00:00,XY,PHOT,0.0,MW
2050-09-29 21:00:00,XY,PHOT,0.0,MW
2050-09-30 22:00:00,XY,PHOT,0.0,MW
2050-10-01 23:00:00,XY,PHOT,0.0,MW
2050-10-03 00:00:00,XY,PHOT,0.0,MW
2050-10-04 01:00:00,XY,PHOT,0.0,MW
2050-10-05 02:00:00,XY,PHOT,0.0,MW
2050-10-06 03:00:00,XY,PHOT,0.0,MW
2050-10-07 04:00:00,XY,PHOT,0.0,MW
2050-10-08 05:00:00,XY,PHOT,0.0,MW
2050-10-09 06:00:00,XY,PHOT,0.0,MW
2050-10-10 07:00:00,XY,PHOT,0.0,MW
2050-10-11 08:00:00,XY,PHOT,2308.4,MW
2050-10-12 09:00:00,XY,PHOT,2313.4,MW
2050-10-13 10:00:00,XY,PHOT,13400.7,MW
2050-10-14 11:00:00,XY,PHOT,30923.1,MW
2050-10-15 12:00:00,XY,PHOT,42308.4,MW
2050-10-16 13:00:00,XY,PHOT,40984.7,MW
2050-10-17 14:00:00,XY,PHOT,18404.2,MW
2050-10-18 15:00:00,XY,PHOT,22623.7,MW
2050-10-19 16:00:00,XY,PHOT,12128.3,MW
2050-10-20 17:00:00,XY,PHOT,7888.8,MW
2050-10-21 18:00:00,XY,PHOT,2491.7,MW
2050-10-22 19:00:00,XY,PHOT,0.0,MW
2050-10-23 20:00:00,XY,PHOT,0.0,MW
2050-10-24 21:00:00,XY,PHOT,0.0,MW
2050-10-25 22:00:00,XY,PHOT,0.0,MW
2050-10-26 23:00:00,XY,PHOT,0.0,MW
2050-10-28 00:00:00,XY,PHOT,0.0,MW
2050-10-29 01:00:00,XY,PHOT,0.0,MW
2050-10-30 02:00:00,XY,PHOT,0.0,MW
2050-10-31 03:00:00,XY,PHOT,0.0,MW
2050-11-01 04:00:00,XY,PHOT,0.0,MW
2050-11-02 05:00:00,XY,PHOT,0.0,MW
2050-11-03 06:00:00,XY,PHOT,0.0,MW
2050-11-04 07:00:00,XY,PHOT,0.0,MW
2050-11-05 08:00:00,XY,PHOT,3088.4,MW
2050-11-06 09:00:00,XY,PHOT,4255.5,MW
2050-11-07 10:00:00,XY,PHOT,8390.7,MW
2050-11-08 11:00:00,XY,PHOT,27650.4,MW
2050-11-09 12:00:00,XY,PHOT,43493.4,MW
2050-11-10 13:00:00,XY,PHOT,43405.6,MW
2050-11-11 14:00:00,XY,PHOT,43414.1,MW
2050-11-12 15:00:00,XY,PHOT,39204.7,MW
2050-11-13 16:00:00,XY,PHOT,34273.5,MW
2050-11-14 17:00:00,XY,PHOT,21588.9,MW
2050-11-15 18:00:00,XY,PHOT,5355.4,MW
2050-11-16 19:00:00,XY,PHOT,0.0,MW
2050-11-17 20:00:00,XY,PHOT,0.0,MW
2050-11-18 21:00:00,XY,PHOT,0.0,MW
2050-11-19 22:00:00,XY,PHOT,0.0,MW
2050-11-20 23:00:00,XY,PHOT,0.0,MW
2050-11-22 00:00:00,XY,PHOT,0.0,MW
2050-11-23 01:00:00,XY,PHOT,0.0,MW
2050-11-24 02:00:00,XY,PHOT,0.0,MW
2050-11-25 03:00:00,XY,PHOT,0.0,MW
2050-11-26 04:00:00,XY,PHOT,0.0,MW
2050-11-27 05:00:00,XY,PHOT,0.0,MW
2050-11-28 06:00:00,XY,PHOT,0.0,MW
2050-11-29 07:00:00,XY,PHOT,0.0,MW
2050-11-30 08:00:00,XY,PHOT,8800.3,MW
2050-12-01 09:00:00,XY,PHOT,12417.7,MW
2050-12-02 10:00:00,XY,PHOT,26535.5,MW
2050-12-03 11:00:00,XY,PHOT,29189.0,MW
2050-12-04 12:00:00,XY,PHOT,39670.1,MW
2050-12-05 13:00:00,XY,PHOT,43694.8,MW
2050-12-06 14:00:00,XY,PHOT,43198.5,MW
2050-12-07 15:00:00,XY,PHOT,28937.8,MW
2050-12-08 16:00:00,XY,PHOT,14766.4,MW
2050-12-09 17:00:00,XY,PHOT,10249.2,MW
2050-12-10 18:00:00,XY,PHOT,4842.3,MW
2050-12-11 19:00:00,XY,PHOT,0.0,MW
2050-12-12 20:00:00,XY,PHOT,0.0,MW
2050-12-13 21:00:00,XY,PHOT,0.0,MW
2050-12-14 22:00:00,XY,PHOT,0.0,MW
2050-12-15 23:00:00,XY,PHOT,0.0,MW
2050-12-17 00:00:00,XY,PHOT,0.0,MW
2050-12-18 01:00:00,XY,PHOT,0.0,MW
2050-12-19 02:00:00,XY,PHOT,0.0,MW
2050-12-20 03:00:00,XY,PHOT,0.0,MW
2050-12-21 04:00:00,XY,PHOT,0.0,MW
2050-12-22 05:00:00,XY,PHOT,0.0,MW
2050-12-23 06:00:00,XY,PHOT,0.0,MW
2050-12-24 07:00:00,XY,PHOT,0.0,MW
2050-12-25 08:00:00,XY,PHOT,6543.9,MW
2050-12-26 09:00:00,XY,PHOT,14993.2,MW
2050-12-27 10:00:00,XY,PHOT,25509.6,MW
2050-12-28 11:00:00,XY,PHOT,35220.8,MW
2050-12-29 12:00:00,XY,PHOT,43547.5,MW
2050-12-30 13:00:00,XY,PHOT,43553.8,MW
2050-12-31 14:00:00,XY,PHOT,41946.4,MW
2051-01-01 15:00:00,XY,PHOT,28435.9,MW
2050-01-01 00:00:00,XY,RTPV,0.0,MW
2050-01-02 01:00:00,XY,RTPV,0.0,MW
2050-01-03 02:00:00,XY,RTPV,0.0,MW
2050-01-04 03:00:00,XY,RTPV,0.0,MW
2050-01-05 04:00:00,XY,RTPV,0.0,MW
2050-01-06 05:00:00,XY,RTPV,0.0,MW
2050-01-07 06:00:00,XY,RTPV,0.0,MW
2050-01-08 07:00:00,XY,RTPV,2.5,MW
2050-01-09 08:00:00,XY,RTPV,41.4,MW
2050-01-10 09:00:00,XY,RTPV,102.6,MW
2050-01-11 10:00:00,XY,RTPV,123.5,MW
2050-01-12 11:00:00,XY,RTPV,0.0,MW
2050-01-13 12:00:00,XY,RTPV,0.0,MW
2050-01-14 13:00:00,XY,RTPV,29.9,MW
2050-01-15 14:00:00,XY,RTPV,159.2,MW
2050-01-16 15:00:00,XY,RTPV,209.9,MW
2050-01-17 16:00:00,XY,RTPV,81.1,MW
2050-01-18 17:00:00,XY,RTPV,25.2,MW
2050-01-19 18:00:00,XY,RTPV,0.0,MW
2050-01-20 19:00:00,XY,RTPV,0.0,MW
2050-01-21 20:00:00,XY,RTPV,0.0,MW
2050-01-22 21:00:00,XY,RTPV,0.0,MW
2050-01-23 22:00:00,XY,RTPV,0.0,MW
2050-01-24 23:00:00,XY,RTPV,0.0,MW
2050-01-26 00:00:00,XY,RTPV,0.0,MW
2050-01-27 01:00:00,XY,RTPV,0.0,MW
2050-01-28 02:00:00,XY,RTPV,0.0,MW
2050-01-29 03:00:00,XY,RTPV,0.0,MW
2050-01-30 04:00:00,XY,RTPV,0.0,MW
2050-01-31 05:00:00,XY,RTPV,0.0,MW
2050-02-01 06:00:00,XY,RTPV,0.0,MW
2050-02-02 07:00:00,XY,RTPV,1.4,MW
2050-02-03 08:00:00,XY,RTPV,12.8,MW
2050-02-04 09:00:00,XY,RTPV,37.1,MW
2050-02-05 10:00:00,XY,RTPV,196.1,MW
2050-02-06 11:00:00,XY,RTPV,0.0,MW
2050-02-07 12:00:00,XY,RTPV,0.0,MW
2050-02-08 13:00:00,XY,RTPV,0.0,MW
2050-02-09 14:00:00,XY,RTPV,27.1,MW
2050-02-10 15:00:00,XY,RTPV,235.6,MW
2050-02-11 16:00:00,XY,RTPV,168.7,MW
2050-02-12 17:00:00,XY,RTPV,78.5,MW
2050-02-13 18:00:00,XY,RTPV,0.8,MW
2050-02-14 19:00:00,XY,RTPV,0.0,MW
2050-02-15 20:00:00,XY,RTPV,0.0,MW
2050-02-16 21:00:00,XY,RTPV,0.0,MW
2050-02-17 22:00:00,XY,RTPV,0.0,MW
2050-02-18 23:00:00,XY,RTPV,0.0,MW
2050-02-20 00:00:00,XY,RTPV,0.0,MW
2050-02-21 01:00:00,XY,RTPV,0.0,MW
2050-02-22 02:00:00,XY,RTPV,0.0,MW
2050-02-23 03:00:00,XY,RTPV,0.0,MW
2050-02-24 04:00:00,XY,RTPV,0.0,MW
2050-02-25 05:00:00,XY,RTPV,0.0,MW
2050-02-26 06:00:00,XY,RTPV,0.0,MW
2050-02-27 07:00:00,XY,RTPV,10.1,MW
2050-02-28 08:00:00,XY,RTPV,75.6,MW
2050-03-01 09:00:00,XY,RTPV,162.9,MW
2050-03-02 10:00:00,XY,RTPV,194.0,MW
2050-03-03 11:00:00,XY,RTPV,0.0,MW
2050-03-04 12:00:00,XY,RTPV,0.0,MW
2050-03-05 13:00:00,XY,RTPV,0.0,MW
2050-03-06 14:00:00,XY,RTPV,0.0,MW
2050-03-07 15:00:00,XY,RTPV,180.7,MW
2050-03-08 16:00:00,XY,RTPV,140.1,MW
2050-03-09 17:00:00,XY,RTPV,63.2,MW
2050-03-10 18:00:00,XY,RTPV,4.4,MW
2050-03-11 19:00:00,XY,RTPV,0.0,MW
2050-03-12 20:00:00,XY,RTPV,0.0,MW
2050-03-13 21:00:00,XY,RTPV,0.0,MW
2050-03-14 22:00:00,XY,RTPV,0.0,MW
2050-03-15 23:00:00,XY,RTPV,0.0,MW
2050-03-17 00:00:00,XY,RTPV,0.0,MW
2050-03-18 01:00:00,XY,RTPV,0.0,MW
2050-03-19 02:00:00,XY,RTPV,0.0,MW
2050-03-20 03:00:00,XY,RTPV,0.0,MW
2050-03-21 04:00:00,XY,RTPV,0.0,MW
2050-03-22 05:00:00,XY,RTPV,0.0,MW
2050-03-23 06:00:00,XY,RTPV,0.0,MW
2050-03-24 07:00:00,XY,RTPV,7.9,MW
2050-03-25 08:00:00,XY,RTPV,55.5,MW
2050-03-26 09:00:00,XY,RTPV,100.3,MW
2050-03-27 10:00:00,XY,RTPV,95.7,MW
2050-03-28 11:00:00,XY,RTPV,172.8,MW
2050-03-29 12:00:00,XY,RTPV,0.0,MW
2050-03-30 13:00:00,XY,RTPV,0.0,MW
2050-03-31 14:00:00,XY,RTPV,0.0,MW
2050-04-01 15:00:00,XY,RTPV,164.8,MW
2050-04-02 16:00:00,XY,RTPV,82.0,MW
2050-04-03 17:00:00,XY,RTPV,57.5,MW
2050-04-04 18:00:00,XY,RTPV,6.8,MW
2050-04-05 19:00:00,XY,RTPV,0.0,MW
2050-04-06 20:00:00,XY,RTPV,0.0,MW
2050-04-07 21:00:00,XY,RTPV,0.0,MW
2050-04-08 22:00:00,XY,RTPV,0.0,MW
2050-04-09 23:00:00,XY,RTPV,0.0,MW
2050-04-11 00:00:00,XY,RTPV,0.0,MW
2050-04-12 01:00:00,XY,RTPV,0.0,MW
2050-04-13 02:00:00,XY,RTPV,0.0,MW
2050-04-14 03:00:00,XY,RTPV,0.0,MW
2050-04-15 04:00:00,XY,RTPV,0.0,MW
2050-04-16 05:00:00,XY,RTPV,0.0,MW
2050-04-17 06:00:00,XY,RTPV,0.0,MW
2050-04-18 07:00:00,XY,RTPV,12.1,MW
2050-04-19 08:00:00,XY,RTPV,31.8,MW
2050-04-20 09:00:00,XY,RTPV,123.6,MW
2050-04-21 10:00:00,XY,RTPV,176.2,MW
2050-04-22 11:00:00,XY,RTPV,89.4,MW
2050-04-23 12:00:00,XY,RTPV,0.0,MW
2050-04-24 13:00:00,XY,RTPV,0.0,MW
2050-04-25 14:00:00,XY,RTPV,248.0,MW
2050-04-26 15:00:00,XY,RTPV,221.3,MW
2050-04-27 16:00:00,XY,RTPV,134.4,MW
2050-04-28 17:00:00,XY,RTPV,52.0,MW
2050-04-29 18:00:00,XY,RTPV,3.6,MW
2050-04-30 19:00:00,XY,RTPV,0.0,MW
2050-05-01 20:00:00,XY,RTPV,0.0,MW
2050-05-02 21:00:00,XY,RTPV,0.0,MW
2050-05-03 22:00:00,XY,RTPV,0.0,MW
2050-05-04 23:00:00,XY,RTPV,0.0,MW
2050-05-06 00:00:00,XY,RTPV,0.0,MW
2050-05-07 01:00:00,XY,RTPV,0.0,MW
2050-05-08 02:00:00,XY,RTPV,0.0,MW
2050-05-09 03:00:00,XY,RTPV,0.0,MW
2050-05-10 04:00:00,XY,RTPV,0.0,MW
2050-05-11 05:00:00,XY,RTPV,0.0,MW
2050-05-12 06:00:00,XY,RTPV,0.0,MW
2050-05-13 07:00:00,XY,RTPV,9.9,MW
2050-05-14 08:00:00,XY,RTPV,56.6,MW
2050-05-15 09:00:00,XY,RTPV,92.2,MW
2050-05-16 10:00:00,XY,RTPV,216.3,MW
2050-05-17 11:00:00,XY,RTPV,221.7,MW
2050-05-18 12:00:00,XY,RTPV,197.6,MW
2050-05-19 13:00:00,XY,RTPV,196.9,MW
2050-05-20 14:00:00,XY,RTPV,223.3,MW
2050-05-21 15:00:00,XY,RTPV,160.2,MW
2050-05-22 16:00:00,XY,RTPV,35.4,MW
2050-05-23 17:00:00,XY,RTPV,27.2,MW
2050-05-24 18:00:00,XY,RTPV,7.1,MW
2050-05-25 19:00:00,XY,RTPV,0.0,MW
2050-05-26 20:00:00,XY,RTPV,0.0,MW
2050-05-27 21:00:00,XY,RTPV,0.0,MW
2050-05-28 22:00:00,XY,RTPV,0.0,MW
2050-05-29 23:00:00,XY,RTPV,0.0,MW
2050-05-31 00:00:00,XY,RTPV,0.0,MW
2050-06-01 01:00:00,XY,RTPV,0.0,MW
2050-06-02 02:00:00,XY,RTPV,0.0,MW
2050-06-03 03:00:00,XY,RTPV,0.0,MW
2050-06-04 04:00:00,XY,RTPV,0.0,MW
2050-06-05 05:00:00,XY,RTPV,0.0,MW
2050-06-06 06:00:00,XY,RTPV,0.0,MW
2050-06-07 07:00:00,XY,RTPV,174.3,MW
2050-06-08 08:00:00,XY,RTPV,21.1,MW
2050-06-09 09:00:00,XY,RTPV,21.7,MW
2050-06-10 10:00:00,XY,RTPV,144.7,MW
2050-06-11 11:00:00,XY,RTPV,155.2,MW
2050-06-12 12:00:00,XY,RTPV,234.5,MW
2050-06-13 13:00:00,XY,RTPV,231.7,MW
2050-06-14 14:00:00,XY,RTPV,257.3,MW
2050-06-15 15:00:00,XY,RTPV,248.4,MW
2050-06-16 16:00:00,XY,RTPV,217.5,MW
2050-06-17 17:00:00,XY,RTPV,87.1,MW
2050-06-18 18:00:00,XY,RTPV,63.6,MW
2050-06-19 19:00:00,XY,RTPV,11.0,MW
2050-06-20 20:00:00,XY,RTPV,0.0,MW
2050-06-21 21:00:00,XY,RTPV,0.0,MW
2050-06-22 22:00:00,XY,RTPV,0.0,MW
2050-06-23 23:00:00,XY,RTPV,0.0,MW
2050-06-25 00:00:00,XY,RTPV,0.0,MW
2050-06-26 01:00:00,XY,RTPV,0.0,MW
2050-06-27 02:00:00,XY,RTPV,0.0,MW
2050-06-28 03:00:00,XY,RTPV,0.0,MW
2050-06-29 04:00:00,XY,RTPV,0.0,MW
2050-06-30 05:00:00,XY,RTPV,0.0,MW
2050-07-01 06:00:00,XY,RTPV,0.0,MW
2050-07-02 07:00:00,XY,RTPV,0.0,MW
2050-07-03 08:00:00,XY,RTPV,7.1,MW
2050-07-04 09:00:00,XY,RTPV,25.0,MW
2050-07-05 10:00:00,XY,RTPV,111.4,MW
2050-07-06 11:00:00,XY,RTPV,113.9,MW
2050-07-07 12:00:00,XY,RTPV,130.8,MW
2050-07-08 13:00:00,XY,RTPV,247.2,MW
2050-07-09 14:00:00,XY,RTPV,223.9,MW
2050-07-10 15:00:00,XY,RTPV,235.7,MW
2050-07-11 16:00:00,XY,RTPV,201.4,MW
2050-07-12 17:00:00,XY,RTPV,138.0,MW
2050-07-13 18:00:00,XY,RTPV,60.1,MW
2050-07-14 19:00:00,XY,RTPV,20.6,MW
2050-07-15 20:00:00,XY,RTPV,0.0,MW
2050-07-16 21:00:00,XY,RTPV,0.0,MW
2050-07-17 22:00:00,XY,RTPV,0.0,MW
2050-07-18 23:00:00,XY,RTPV,0.0,MW
2050-07-20 00:00:00,XY,RTPV,0.0,MW
2050-07-21 01:00:00,XY,RTPV,0.0,MW
2050-07-22 02:00:00,XY,RTPV,0.0,MW
2050-07-23 03:00:00,XY,RTPV,0.0,MW
2050-07-24 04:00:00,XY,RTPV,0.0,MW
2050-07-25 05:00:00,XY,RTPV,0.0,MW
2050-07-26 06:00:00,XY,RTPV,0.0,MW
2050-07-27 07:00:00,XY,RTPV,0.0,MW
2050-07-28 08:00:00,XY,RTPV,17.1,MW
2050-07-29 09:00:00,XY,RTPV,29.8,MW
2050-07-30 10:00:00,XY,RTPV,103.7,MW
2050-07-31 11:00:00,XY,RTPV,176.3,MW
2050-08-01 12:00:00,XY,RTPV,292.6,MW
2050-08-02 13:00:00,XY,RTPV,0.0,MW
2050-08-03 14:00:00,XY,RTPV,291.3,MW
2050-08-04 15:00:00,XY,RTPV,171.8,MW
2050-08-05 16:00:00,XY,RTPV,138.0,MW
2050-08-06 17:00:00,XY,RTPV,125.9,MW
2050-08-07 18:00:00,XY,RTPV,83.8,MW
2050-08-08 19:00:00,XY,RTPV,14.2,MW
2050-08-09 20:00:00,XY,RTPV,0.0,MW
2050-08-10 21:00:00,XY,RTPV,0.0,MW
2050-08-11 22:00:00,XY,RTPV,0.0,MW
2050-08-12 23:00:00,XY,RTPV,0.0,MW
2050-08-14 00:00:00,XY,RTPV,0.0,MW
2050-08-15 01:00:00,XY,RTPV,0.0,MW
2050-08-16 02:00:00,XY,RTPV,0.0,MW
2050-08-17 03:00:00,XY,RTPV,0.0,MW
2050-08-18 04:00:00,XY,RTPV,0.0,MW
2050-08-19 05:00:00,XY,RTPV,0.0,MW
2050-08-20 06:00:00,XY,RTPV,0.0,MW
2050-08-21 07:00:00,XY,RTPV,0.0,MW
2050-08-22 08:00:00,XY,RTPV,11.0,MW
2050-08-23 09:00:00,XY,RTPV,30.5,MW
2050-08-24 10:00:00,XY,RTPV,95.3,MW
2050-08-25 11:00:00,XY,RTPV,247.0,MW
2050-08-26 12:00:00,XY,RTPV,295.8,MW
2050-08-27 13:00:00,XY,RTPV,199.6,MW
2050-08-28 14:00:00,XY,RTPV,285.6,MW
2050-08-29 15:00:00,XY,RTPV,120.6,MW
2050-08-30 16:00:00,XY,RTPV,105.6,MW
2050-08-31 17:00:00,XY,RTPV,97.7,MW
2050-09-01 18:00:00,XY,RTPV,62.5,MW
2050-09-02 19:00:00,XY,RTPV,3.6,MW
2050-09-03 20:00:00,XY,RTPV,0.0,MW
2050-09-04 21:00:00,XY,RTPV,0.0,MW
2050-09-05 22:00:00,XY,RTPV,0.0,MW
2050-09-06 23:00:00,XY,RTPV,0.0,MW
2050-09-08 00:00:00,XY,RTPV,0.0,MW
2050-09-09 01:00:00,XY,RTPV,0.0,MW
2050-09-10 02:00:00,XY,RTPV,0.0,MW
2050-09-11 03:00:00,XY,RTPV,0.0,MW
2050-09-12 04:00:00,XY,RTPV,0.0,MW
2050-09-13 05:00:00,XY,RTPV,0.0,MW
2050-09-14 06:00:00,XY,RTPV,0.0,MW
2050-09-15 07:00:00,XY,RTPV,0.0,MW
2050-09-16 08:00:00,XY,RTPV,21.1,MW
2050-09-17 09:00:00,XY,RTPV,52.9,MW
2050-09-18 10:00:00,XY,RTPV,135.5,MW
2050-09-19 11:00:00,XY,RTPV,167.6,MW
2050-09-20 12:00:00,XY,RTPV,198.0,MW
2050-09-21 13:00:00,XY,RTPV,235.5,MW
2050-09-22 14:00:00,XY,RTPV,271.9,MW
2050-09-23 15:00:00,XY,RTPV,201.6,MW
2050-09-24 16:00:00,XY,RTPV,154.7,MW
2050-09-25 17:00:00,XY,RTPV,62.7,MW
2050-09-26 18:00:00,XY,RTPV,39.0,MW
2050-09-27 19:00:00,XY,RTPV,0.0,MW
2050-09-28 20:00:00,XY,RTPV,0.0,MW
2050-09-29 21:00:00,XY,RTPV,0.0,MW
2050-09-30 22:00:00,XY,RTPV,0.0,MW
2050-10-01 23:00:00,XY,RTPV,0.0,MW
2050-10-03 00:00:00,XY,RTPV,0.0,MW
2050-10-04 01:00:00,XY,RTPV,0.0,MW
2050-10-05 02:00:00,XY,RTPV,0.0,MW
2050-10-06 03:00:00,XY,RTPV,0.0,MW
2050-10-07 04:00:00,XY,RTPV,0.0,MW
2050-10-08 05:00:00,XY,RTPV,0.0,MW
2050-10-09 06:00:00,XY,RTPV,0.0,MW
2050-10-10 07:00:00,XY,RTPV,0.0,MW
2050-10-11 08:00:00,XY,RTPV,7.7,MW
2050-10-12 09:00:00,XY,RTPV,13.8,MW
2050-10-13 10:00:00,XY,RTPV,82.4,MW
2050-10-14 11:00:00,XY,RTPV,112.5,MW
2050-10-15 12:00:00,XY,RTPV,205.0,MW
2050-10-16 13:00:00,XY,RTPV,130.3,MW
2050-10-17 14:00:00,XY,RTPV,202.1,MW
2050-10-18 15:00:00,XY,RTPV,222.2,MW
2050-10-19 16:00:00,XY,RTPV,131.9,MW
2050-10-20 17:00:00,XY,RTPV,32.7,MW
2050-10-21 18:00:00,XY,RTPV,21.7,MW
2050-10-22 19:00:00,XY,RTPV,0.0,MW
2050-10-23 20:00:00,XY,RTPV,0.0,MW
2050-10-24 21:00:00,XY,RTPV,0.0,MW
2050-10-25 22:00:00,XY,RTPV,0.0,MW
2050-10-26 23:00:00,XY,RTPV,0.0,MW
2050-10-28 00:00:00,XY,RTPV,0.0,MW
2050-10-29 01:00:00,XY,RTPV,0.0,MW
2050-10-30 02:00:00,XY,RTPV,0.0,MW
2050-10-31 03:00:00,XY,RTPV,0.0,MW
2050-11-01 04:00:00,XY,RTPV,0.0,MW
2050-11-02 05:00:00,XY,RTPV,0.0,MW
2050-11-03 06:00:00,XY,RTPV,0.0,MW
2050-11-04 07:00:00,XY,RTPV,0.0,MW
2050-11-05 08:00:00,XY,RTPV,34.9,MW
2050-11-06 09:00:00,XY,RTPV,48.3,MW
2050-11-07 10:00:00,XY,RTPV,86.3,MW
2050-11-08 11:00:00,XY,RTPV,103.9,MW
2050-11-09 12:00:00,XY,RTPV,0.0,MW
2050-11-10 13:00:00,XY,RTPV,0.0,MW
2050-11-11 14:00:00,XY,RTPV,84.8,MW
2050-11-12 15:00:00,XY,RTPV,128.8,MW
2050-11-13 16:00:00,XY,RTPV,88.5,MW
2050-11-14 17:00:00,XY,RTPV,66.9,MW
2050-11-15 18:00:00,XY,RTPV,14.2,MW
2050-11-16 19:00:00,XY,RTPV,0.0,MW
2050-11-17 20:00:00,XY,RTPV,0.0,MW
2050-11-18 21:00:00,XY,RTPV,0.0,MW
2050-11-19 22:00:00,XY,RTPV,0.0,MW
2050-11-20 23:00:00,XY,RTPV,0.0,MW
2050-11-22 00:00:00,XY,RTPV,0.0,MW
2050-11-23 01:00:00,XY,RTPV,0.0,MW
2050-11-24 02:00:00,XY,RTPV,0.0,MW
2050-11-25 03:00:00,XY,RTPV,0.0,MW
2050-11-26 04:00:00,XY,RTPV,0.0,MW
2050-11-27 05:00:00,XY,RTPV,0.0,MW
2050-11-28 06:00:00,XY,RTPV,0.0,MW
2050-11-29 07:00:00,XY,RTPV,0.0,MW
2050-11-30 08:00:00,XY,RTPV,10.2,MW
2050-12-01 09:00:00,XY,RTPV,16.8,MW
2050-12-02 10:00:00,XY,RTPV,148.5,MW
2050-12-03 11:00:00,XY,RTPV,206.1,MW
2050-12-04 12:00:00,XY,RTPV,188.8,MW
2050-12-05 13:00:00,XY,RTPV,0.0,MW
2050-12-06 14:00:00,XY,RTPV,111.2,MW
2050-12-07 15:00:00,XY,RTPV,211.0,MW
2050-12-08 16:00:00,XY,RTPV,176.9,MW
2050-12-09 17:00:00,XY,RTPV,101.3,MW
2050-12-10 18:00:00,XY,RTPV,20.5,MW
2050-12-11 19:00:00,XY,RTPV,0.0,MW
2050-12-12 20:00:00,XY,RTPV,0.0,MW
2050-12-13 21:00:00,XY,RTPV,0.0,MW
2050-12-14 22:00:00,XY,RTPV,0.0,MW
2050-12-15 23:00:00,XY,RTPV,0.0,MW
2050-12-17 00:00:00,XY,RTPV,0.0,MW
2050-12-18 01:00:00,XY,RTPV,0.0,MW
2050-12-19 02:00:00,XY,RTPV,0.0,MW
2050-12-20 03:00:00,XY,RTPV,0.0,MW
2050-12-21 04:00:00,XY,RTPV,0.0,MW
2050-12-22 05:00:00,XY,RTPV,0.0,MW
2050-12-23 06:00:00,XY,RTPV,0.0,MW
2050-12-24 07:00:00,XY,RTPV,0.0,MW
2050-12-25 08:00:00,XY,RTPV,5.7,MW
2050-12-26 09:00:00,XY,RTPV,26.4,MW
2050-12-27 10:00:00,XY,RTPV,100.6,MW
2050-12-28 11:00:00,XY,RTPV,123.0,MW
2050-12-29 12:00:00,XY,RTPV,0.0,MW
2050-12-30 13:00:00,XY,RTPV,234.6,MW
2050-12-31 14:00:00,XY,RTPV,272.4,MW
2051-01-01 15:00:00,XY,RTPV,157.4,MW
2050-01-01 00:00:00,XY,WTON,4122.8,MW
2050-01-02 01:00:00,XY,WTON,1307.2,MW
2050-01-03 02:00:00,XY,WTON,718.1,MW
2050-01-04 03:00:00,XY,WTON,442.3,MW
2050-01-05 04:00:00,XY,WTON,2117.7,MW
2050-01-06 05:00:00,XY,WTON,3427.5,MW
2050-01-07 06:00:00,XY,WTON,1372.3,MW
2050-01-08 07:00:00,XY,WTON,1723.4,MW
2050-01-09 08:00:00,XY,WTON,4173.1,MW
2050-01-10 09:00:00,XY,WTON,4072.4,MW
2050-01-11 10:00:00,XY,WTON,5561.8,MW
2050-01-12 11:00:00,XY,WTON,0.0,MW
2050-01-13 12:00:00,XY,WTON,0.0,MW
2050-01-14 13:00:00,XY,WTON,0.0,MW
2050-01-15 14:00:00,XY,WTON,137.7,MW
2050-01-16 15:00:00,XY,WTON,609.3,MW
2050-01-17 16:00:00,XY,WTON,1720.8,MW
2050-01-18 17:00:00,XY,WTON,2234.1,MW
2050-01-19 18:00:00,XY,WTON,4181.5,MW
2050-01-20 19:00:00,XY,WTON,1073.3,MW
2050-01-21 20:00:00,XY,WTON,1551.1,MW
2050-01-22 21:00:00,XY,WTON,2423.5,MW
2050-01-23 22:00:00,XY,WTON,2865.2,MW
2050-01-24 23:00:00,XY,WTON,2140.3,MW
2050-01-26 00:00:00,XY,WTON,2508.7,MW
2050-01-27 01:00:00,XY,WTON,1486.7,MW
2050-01-28 02:00:00,XY,WTON,1253.8,MW
2050-01-29 03:00:00,XY,WTON,2147.1,MW
2050-01-30 04:00:00,XY,WTON,1965.3,MW
2050-01-31 05:00:00,XY,WTON,3664.4,MW
2050-02-01 06:00:00,XY,WTON,3859.1,MW
2050-02-02 07:00:00,XY,WTON,5123.3,MW
2050-02-03 08:00:00,XY,WTON,4414.3,MW
2050-02-04 09:00:00,XY,WTON,5070.0,MW
2050-02-05 10:00:00,XY,WTON,2441.6,MW
2050-02-06 11:00:00,XY,WTON,0.0,MW
2050-02-07 12:00:00,XY,WTON,0.0,MW
2050-02-08 13:00:00,XY,WTON,0.0,MW
2050-02-09 14:00:00,XY,WTON,0.0,MW
2050-02-10 15:00:00,XY,WTON,2150.2,MW
2050-02-11 16:00:00,XY,WTON,3440.9,MW
2050-02-12 17:00:00,XY,WTON,2448.8,MW
2050-02-13 18:00:00,XY,WTON,2122.9,MW
2050-02-14 19:00:00,XY,WTON,2045.9,MW
2050-02-15 20:00:00,XY,WTON,2709.9,MW
2050-02-16 21:00:00,XY,WTON,2925.0,MW
2050-02-17 22:00:00,XY,WTON,3628.5,MW
2050-02-18 23:00:00,XY,WTON,3867.2,MW
2050-02-20 00:00:00,XY,WTON,3556.3,MW
2050-02-21 01:00:00,XY,WTON,2678.9,MW
2050-02-22 02:00:00,XY,WTON,3339.3,MW
2050-02-23 03:00:00,XY,WTON,4777.1,MW
2050-02-24 04:00:00,XY,WTON,3015.4,MW
2050-02-25 05:00:00,XY,WTON,4021.3,MW
2050-02-26 06:00:00,XY,WTON,1402.4,MW
2050-02-27 07:00:00,XY,WTON,1298.4,MW
2050-02-28 08:00:00,XY,WTON,2391.3,MW
2050-03-01 09:00:00,XY,WTON,971.0,MW
2050-03-02 10:00:00,XY,WTON,1261.4,MW
2050-03-03 11:00:00,XY,WTON,0.0,MW
2050-03-04 12:00:00,XY,WTON,0.0,MW
2050-03-05 13:00:00,XY,WTON,0.0,MW
2050-03-06 14:00:00,XY,WTON,0.0,MW
2050-03-07 15:00:00,XY,WTON,3066.6,MW
2050-03-08 16:00:00,XY,WTON,5483.5,MW
2050-03-09 17:00:00,XY,WTON,5383.8,MW
2050-03-10 18:00:00,XY,WTON,5436.3,MW
2050-03-11 19:00:00,XY,WTON,5444.3,MW
2050-03-12 20:00:00,XY,WTON,4843.9,MW
2050-03-13 21:00:00,XY,WTON,4355.0,MW
2050-03-14 22:00:00,XY,WTON,2492.3,MW
2050-03-15 23:00:00,XY,WTON,3244.7,MW
2050-03-17 00:00:00,XY,WTON,4323.2,MW
2050-03-18 01:00:00,XY,WTON,2646.6,MW
2050-03-19 02:00:00,XY,WTON,1092.1,MW
2050-03-20 03:00:00,XY,WTON,819.5,MW
2050-03-21 04:00:00,XY,WTON,2004.6,MW
2050-03-22 05:00:00,XY,WTON,5523.1,MW
2050-03-23 06:00:00,XY,WTON,3565.8,MW
2050-03-24 07:00:00,XY,WTON,3050.9,MW
2050-03-25 08:00:00,XY,WTON,2876.5,MW
2050-03-26 09:00:00,XY,WTON,1814.3,MW
2050-03-27 10:00:00,XY,WTON,1357.3,MW
2050-03-28 11:00:00,XY,WTON,201.7,MW
2050-03-29 12:00:00,XY,WTON,0.0,MW
2050-03-30 13:00:00,XY,WTON,0.0,MW
2050-03-31 14:00:00,XY,WTON,0.0,MW
2050-04-01 15:00:00,XY,WTON,923.8,MW
2050-04-02 16:00:00,XY,WTON,1286.5,MW
2050-04-03 17:00:00,XY,WTON,4086.9,MW
2050-04-04 18:00:00,XY,WTON,3705.4,MW
2050-04-05 19:00:00,XY,WTON,4910.2,MW
2050-04-06 20:00:00,XY,WTON,4779.2,MW
2050-04-07 21:00:00,XY,WTON,5232.3,MW
2050-04-08 22:00:00,XY,WTON,4662.5,MW
2050-04-09 23:00:00,XY,WTON,3352.1,MW
2050-04-11 00:00:00,XY,WTON,3172.3,MW
2050-04-12 01:00:00,XY,WTON,2278.0,MW
2050-04-13 02:00:00,XY,WTON,1565.5,MW
2050-04-14 03:00:00,XY,WTON,978.2,MW
2050-04-15 04:00:00,XY,WTON,1804.8,MW
2050-04-16 05:00:00,XY,WTON,2962.1,MW
2050-04-17 06:00:00,XY,WTON,1649.5,MW
2050-04-18 07:00:00,XY,WTON,2483.5,MW
2050-04-19 08:00:00,XY,WTON,3341.2,MW
2050-04-20 09:00:00,XY,WTON,1948.3,MW
2050-04-21 10:00:00,XY,WTON,1359.7,MW
2050-04-22 11:00:00,XY,WTON,17.4,MW
2050-04-23 12:00:00,XY,WTON,0.0,MW
2050-04-24 13:00:00,XY,WTON,0.0,MW
2050-04-25 14:00:00,XY,WTON,639.8,MW
2050-04-26 15:00:00,XY,WTON,2929.0,MW
2050-04-27 16:00:00,XY,WTON,3149.5,MW
2050-04-28 17:00:00,XY,WTON,3943.8,MW
2050-04-29 18:00:00,XY,WTON,1674.7,MW
2050-04-30 19:00:00,XY,WTON,1634.2,MW
2050-05-01 20:00:00,XY,WTON,1660.5,MW
2050-05-02 21:00:00,XY,WTON,1945.7,MW
2050-05-03 22:00:00,XY,WTON,1755.9,MW
2050-05-04 23:00:00,XY,WTON,2187.8,MW
2050-05-06 00:00:00,XY,WTON,1373.9,MW
2050-05-07 01:00:00,XY,WTON,1978.2,MW
2050-05-08 02:00:00,XY,WTON,979.9,MW
2050-05-09 03:00:00,XY,WTON,448.7,MW
2050-05-10 04:00:00,XY,WTON,1250.4,MW
2050-05-11 05:00:00,XY,WTON,202.2,MW
2050-05-12 06:00:00,XY,WTON,939.8,MW
2050-05-13 07:00:00,XY,WTON,697.1,MW
2050-05-14 08:00:00,XY,WTON,251.1,MW
2050-05-15 09:00:00,XY,WTON,433.1,MW
2050-05-16 10:00:00,XY,WTON,606.7,MW
2050-05-17 11:00:00,XY,WTON,6.0,MW
2050-05-18 12:00:00,XY,WTON,25.3,MW
2050-05-19 13:00:00,XY,WTON,29.5,MW
2050-05-20 14:00:00,XY,WTON,293.8,MW
2050-05-21 15:00:00,XY,WTON,468.6,MW
2050-05-22 16:00:00,XY,WTON,1888.6,MW
2050-05-23 17:00:00,XY,WTON,517.9,MW
2050-05-24 18:00:00,XY,WTON,1115.5,MW
2050-05-25 19:00:00,XY,WTON,583.6,MW
2050-05-26 20:00:00,XY,WTON,246.9,MW
2050-05-27 21:00:00,XY,WTON,718.7,MW
2050-05-28 22:00:00,XY,WTON,465.6,MW
2050-05-29 23:00:00,XY,WTON,1040.4,MW
2050-05-31 00:00:00,XY,WTON,1905.0,MW
2050-06-01 01:00:00,XY,WTON,2244.8,MW
2050-06-02 02:00:00,XY,WTON,3115.8,MW
2050-06-03 03:00:00,XY,WTON,4688.8,MW
2050-06-04 04:00:00,XY,WTON,2335.9,MW
2050-06-05 05:00:00,XY,WTON,1942.7,MW
2050-06-06 06:00:00,XY,WTON,2567.5,MW
2050-06-07 07:00:00,XY,WTON,4077.3,MW
2050-06-08 08:00:00,XY,WTON,3386.4,MW
2050-06-09 09:00:00,XY,WTON,5785.9,MW
2050-06-10 10:00:00,XY,WTON,3014.2,MW
2050-06-11 11:00:00,XY,WTON,3778.2,MW
2050-06-12 12:00:00,XY,WTON,2953.2,MW
2050-06-13 13:00:00,XY,WTON,2637.8,MW
2050-06-14 14:00:00,XY,WTON,6502.4,MW
2050-06-15 15:00:00,XY,WTON,6821.5,MW
2050-06-16 16:00:00,XY,WTON,6762.1,MW
2050-06-17 17:00:00,XY,WTON,7045.5,MW
2050-06-18 18:00:00,XY,WTON,6622.2,MW
2050-06-19 19:00:00,XY,WTON,4492.3,MW
2050-06-20 20:00:00,XY,WTON,2882.1,MW
2050-06-21 21:00:00,XY,WTON,2346.8,MW
2050-06-22 22:00:00,XY,WTON,2459.0,MW
2050-06-23 23:00:00,XY,WTON,1837.1,MW
2050-06-25 00:00:00,XY,WTON,3213.8,MW
2050-06-26 01:00:00,XY,WTON,2570.4,MW
2050-06-27 02:00:00,XY,WTON,1433.2,MW
2050-06-28 03:00:00,XY,WTON,278.2,MW
2050-06-29 04:00:00,XY,WTON,2060.8,MW
2050-06-30 05:00:00,XY,WTON,2966.7,MW
2050-07-01 06:00:00,XY,WTON,3139.3,MW
2050-07-02 07:00:00,XY,WTON,3778.8,MW
2050-07-03 08:00:00,XY,WTON,3901.9,MW
2050-07-04 09:00:00,XY,WTON,7590.1,MW
2050-07-05 10:00:00,XY,WTON,7504.1,MW
2050-07-06 11:00:00,XY,WTON,8453.7,MW
2050-07-07 12:00:00,XY,WTON,6636.3,MW
2050-07-08 13:00:00,XY,WTON,4058.8,MW
2050-07-09 14:00:00,XY,WTON,7060.0,MW
2050-07-10 15:00:00,XY,WTON,6197.7,MW
2050-07-11 16:00:00,XY,WTON,8096.2,MW
2050-07-12 17:00:00,XY,WTON,8656.6,MW
2050-07-13 18:00:00,XY,WTON,7485.9,MW
2050-07-14 19:00:00,XY,WTON,6638.1,MW
2050-07-15 20:00:00,XY,WTON,4486.3,MW
2050-07-16 21:00:00,XY,WTON,5836.8,MW
2050-07-17 22:00:00,XY,WTON,5953.0,MW
2050-07-18 23:00:00,XY,WTON,6464.5,MW
2050-07-20 00:00:00,XY,WTON,3686.0,MW
2050-07-21 01:00:00,XY,WTON,4637.2,MW
2050-07-22 02:00:00,XY,WTON,6757.8,MW
2050-07-23 03:00:00,XY,WTON,6366.0,MW
2050-07-24 04:00:00,XY,WTON,4774.6,MW
2050-07-25 05:00:00,XY,WTON,4341.0,MW
2050-07-26 06:00:00,XY,WTON,2961.9,MW
2050-07-27 07:00:00,XY,WTON,3800.3,MW
2050-07-28 08:00:00,XY,WTON,2054.8,MW
2050-07-29 09:00:00,XY,WTON,3835.5,MW
2050-07-30 10:00:00,XY,WTON,3347.7,MW
2050-07-31 11:00:00,XY,WTON,6067.1,MW
2050-08-01 12:00:00,XY,WTON,52.6,MW
2050-08-02 13:00:00,XY,WTON,0.0,MW
2050-08-03 14:00:00,XY,WTON,7080.2,MW
2050-08-04 15:00:00,XY,WTON,6853.3,MW
2050-08-05 16:00:00,XY,WTON,6742.5,MW
2050-08-06 17:00:00,XY,WTON,5910.3,MW
2050-08-07 18:00:00,XY,WTON,6296.0,MW
2050-08-08 19:00:00,XY,WTON,5827.8,MW
2050-08-09 20:00:00,XY,WTON,5955.4,MW
2050-08-10 21:00:00,XY,WTON,6556.9,MW
2050-08-11 22:00:00,XY,WTON,5299.9,MW
2050-08-12 23:00:00,XY,WTON,6091.2,MW
2050-08-14 00:00:00,XY,WTON,4305.6,MW
2050-08-15 01:00:00,XY,WTON,4233.2,MW
2050-08-16 02:00:00,XY,WTON,6267.7,MW
2050-08-17 03:00:00,XY,WTON,6142.0,MW
2050-08-18 04:00:00,XY,WTON,6553.3,MW
2050-08-19 05:00:00,XY,WTON,4198.1,MW
2050-08-20 06:00:00,XY,WTON,2373.3,MW
2050-08-21 07:00:00,XY,WTON,3157.5,MW
2050-08-22 08:00:00,XY,WTON,2581.7,MW
2050-08-23 09:00:00,XY,WTON,4276.9,MW
2050-08-24 10:00:00,XY,WTON,2991.8,MW
2050-08-25 11:00:00,XY,WTON,5380.4,MW
2050-08-26 12:00:00,XY,WTON,2837.6,MW
2050-08-27 13:00:00,XY,WTON,0.0,MW
2050-08-28 14:00:00,XY,WTON,2456.4,MW
2050-08-29 15:00:00,XY,WTON,6893.7,MW
2050-08-30 16:00:00,XY,WTON,6131.6,MW
2050-08-31 17:00:00,XY,WTON,3626.9,MW
2050-09-01 18:00:00,XY,WTON,3090.7,MW
2050-09-02 19:00:00,XY,WTON,4435.4,MW
2050-09-03 20:00:00,XY,WTON,3991.5,MW
2050-09-04 21:00:00,XY,WTON,3121.4,MW
2050-09-05 22:00:00,XY,WTON,3645.5,MW
2050-09-06 23:00:00,XY,WTON,5334.9,MW
2050-09-08 00:00:00,XY,WTON,3796.0,MW
2050-09-09 01:00:00,XY,WTON,2603.9,MW
2050-09-10 02:00:00,XY,WTON,3111.8,MW
2050-09-11 03:00:00,XY,WTON,2866.1,MW
2050-09-12 04:00:00,XY,WTON,3471.0,MW
2050-09-13 05:00:00,XY,WTON,2297.3,MW
2050-09-14 06:00:00,XY,WTON,3878.2,MW
2050-09-15 07:00:00,XY,WTON,3196.6,MW
2050-09-16 08:00:00,XY,WTON,4758.1,MW
2050-09-17 09:00:00,XY,WTON,5925.3,MW
2050-09-18 10:00:00,XY,WTON,5378.0,MW
2050-09-19 11:00:00,XY,WTON,1603.0,MW
2050-09-20 12:00:00,XY,WTON,1061.3,MW
2050-09-21 13:00:00,XY,WTON,305.1,MW
2050-09-22 14:00:00,XY,WTON,1011.5,MW
2050-09-23 15:00:00,XY,WTON,110.2,MW
2050-09-24 16:00:00,XY,WTON,290.2,MW
2050-09-25 17:00:00,XY,WTON,2941.8,MW
2050-09-26 18:00:00,XY,WTON,1990.4,MW
2050-09-27 19:00:00,XY,WTON,2452.2,MW
2050-09-28 20:00:00,XY,WTON,1486.9,MW
2050-09-29 21:00:00,XY,WTON,2820.6,MW
2050-09-30 22:00:00,XY,WTON,2823.0,MW
2050-10-01 23:00:00,XY,WTON,791.7,MW
2050-10-03 00:00:00,XY,WTON,1089.7,MW
2050-10-04 01:00:00,XY,WTON,1148.3,MW
2050-10-05 02:00:00,XY,WTON,2185.4,MW
2050-10-06 03:00:00,XY,WTON,1221.8,MW
2050-10-07 04:00:00,XY,WTON,1738.7,MW
2050-10-08 05:00:00,XY,WTON,2232.1,MW
2050-10-09 06:00:00,XY,WTON,1936.3,MW
2050-10-10 07:00:00,XY,WTON,1490.3,MW
2050-10-11 08:00:00,XY,WTON,1984.4,MW
2050-10-12 09:00:00,XY,WTON,3167.1,MW
2050-10-13 10:00:00,XY,WTON,1497.2,MW
2050-10-14 11:00:00,XY,WTON,827.5,MW
2050-10-15 12:00:00,XY,WTON,1008.5,MW
2050-10-16 13:00:00,XY,WTON,310.9,MW
2050-10-17 14:00:00,XY,WTON,88.4,MW
2050-10-18 15:00:00,XY,WTON,978.1,MW
2050-10-19 16:00:00,XY,WTON,395.4,MW
2050-10-20 17:00:00,XY,WTON,1961.3,MW
2050-10-21 18:00:00,XY,WTON,573.8,MW
2050-10-22 19:00:00,XY,WTON,2589.5,MW
2050-10-23 20:00:00,XY,WTON,1470.7,MW
2050-10-24 21:00:00,XY,WTON,2266.2,MW
2050-10-25 22:00:00,XY,WTON,3329.7,MW
2050-10-26 23:00:00,XY,WTON,2845.0,MW
2050-10-28 00:00:00,XY,WTON,3574.8,MW
2050-10-29 01:00:00,XY,WTON,1767.0,MW
2050-10-30 02:00:00,XY,WTON,3823.5,MW
2050-10-31 03:00:00,XY,WTON,3984.2,MW
2050-11-01 04:00:00,XY,WTON,3922.1,MW
2050-11-02 05:00:00,XY,WTON,1580.1,MW
2050-11-03 06:00:00,XY,WTON,2476.7,MW
2050-11-04 07:00:00,XY,WTON,2167.0,MW
2050-11-05 08:00:00,XY,WTON,1928.3,MW
2050-11-06 09:00:00,XY,WTON,2330.0,MW
2050-11-07 10:00:00,XY,WTON,2999.2,MW
2050-11-08 11:00:00,XY,WTON,4744.7,MW
2050-11-09 12:00:00,XY,WTON,0.0,MW
2050-11-10 13:00:00,XY,WTON,0.0,MW
2050-11-11 14:00:00,XY,WTON,860.8,MW
2050-11-12 15:00:00,XY,WTON,1917.5,MW
2050-11-13 16:00:00,XY,WTON,2040.1,MW
2050-11-14 17:00:00,XY,WTON,3050.7,MW
2050-11-15 18:00:00,XY,WTON,4247.2,MW
2050-11-16 19:00:00,XY,WTON,3756.7,MW
2050-11-17 20:00:00,XY,WTON,3853.8,MW
2050-11-18 21:00:00,XY,WTON,418.9,MW
2050-11-19 22:00:00,XY,WTON,3758.0,MW
2050-11-20 23:00:00,XY,WTON,4434.2,MW
2050-11-22 00:00:00,XY,WTON,2776.4,MW
2050-11-23 01:00:00,XY,WTON,956.4,MW
2050-11-24 02:00:00,XY,WTON,3653.8,MW
2050-11-25 03:00:00,XY,WTON,6693.2,MW
2050-11-26 04:00:00,XY,WTON,6420.2,MW
2050-11-27 05:00:00,XY,WTON,2240.0,MW
2050-11-28 06:00:00,XY,WTON,1880.2,MW
2050-11-29 07:00:00,XY,WTON,3601.0,MW
2050-11-30 08:00:00,XY,WTON,1623.9,MW
2050-12-01 09:00:00,XY,WTON,2490.9,MW
2050-12-02 10:00:00,XY,WTON,4186.5,MW
2050-12-03 11:00:00,XY,WTON,3470.2,MW
2050-12-04 12:00:00,XY,WTON,4279.9,MW
2050-12-05 13:00:00,XY,WTON,0.0,MW
2050-12-06 14:00:00,XY,WTON,0.0,MW
2050-12-07 15:00:00,XY,WTON,4799.2,MW
2050-12-08 16:00:00,XY,WTON,5549.8,MW
2050-12-09 17:00:00,XY,WTON,2088.0,MW
2050-12-10 18:00:00,XY,WTON,3747.2,MW
2050-12-11 19:00:00,XY,WTON,6267.9,MW
2050-12-12 20:00:00,XY,WTON,4808.8,MW
2050-12-13 21:00:00,XY,WTON,6242.9,MW
2050-12-14 22:00:00,XY,WTON,4444.3,MW
2050-12-15 23:00:00,XY,WTON,4701.8,MW
2050-12-17 00:00:00,XY,WTON,4426.6,MW
2050-12-18 01:00:00,XY,WTON,3992.1,MW
2050-12-19 02:00:00,XY,WTON,2585.7,MW
2050-12-20 03:00:00,XY,WTON,1209.2,MW
2050-12-21 04:00:00,XY,WTON,932.6,MW
2050-12-22 05:00:00,XY,WTON,567.4,MW
2050-12-23 06:00:00,XY,WTON,1169.9,MW
2050-12-24 07:00:00,XY,WTON,1768.0,MW
2050-12-25 08:00:00,XY,WTON,696.9,MW
2050-12-26 09:00:00,XY,WTON,172.0,MW
2050-12-27 10:00:00,XY,WTON,993.5,MW
2050-12-28 11:00:00,XY,WTON,2718.6,MW
2050-12-29 12:00:00,XY,WTON,0.0,MW
2050-12-30 13:00:00,XY,WTON,31.1,MW
2050-12-31 14:00:00,XY,WTON,1905.6,MW
2051-01-01 15:00:00,XY,WTON,3648.8,MW
2050-01-01 00:00:00,XY,HDAM,0.0,MW
2050-01-02 01:00:00,XY,HDAM,9.6,MW
2050-01-03 02:00:00,XY,HDAM,0.0,MW
2050-01-04 03:00:00,XY,HDAM,1.1,MW
2050-01-05 04:00:00,XY,HDAM,0.0,MW
2050-01-06 05:00:00,XY,HDAM,0.0,MW
2050-01-07 06:00:00,XY,HDAM,2.5,MW
2050-01-08 07:00:00,XY,HDAM,0.0,MW
2050-01-09 08:00:00,XY,HDAM,0.0,MW
2050-01-10 09:00:00,XY,HDAM,0.0,MW
2050-01-11 10:00:00,XY,HDAM,0.0,MW
2050-01-12 11:00:00,XY,HDAM,0.0,MW
2050-01-13 12:00:00,XY,HDAM,0.0,MW
2050-01-14 13:00:00,XY,HDAM,0.0,MW
2050-01-15 14:00:00,XY,HDAM,0.0,MW
2050-01-16 15:00:00,XY,HDAM,0.0,MW
2050-01-17 16:00:00,XY,HDAM,0.0,MW
2050-01-18 17:00:00,XY,HDAM,0.0,MW
2050-01-19 18:00:00,XY,HDAM,0.0,MW
2050-01-20 19:00:00,XY,HDAM,82.7,MW
2050-01-21 20:00:00,XY,HDAM,194.8,MW
2050-01-22 21:00:00,XY,HDAM,0.0,MW
2050-01-23 22:00:00,XY,HDAM,0.0,MW
2050-01-24 23:00:00,XY,HDAM,0.0,MW
2050-01-26 00:00:00,XY,HDAM,0.0,MW
2050-01-27 01:00:00,XY,HDAM,0.0,MW
2050-01-28 02:00:00,XY,HDAM,0.0,MW
2050-01-29 03:00:00,XY,HDAM,0.0,MW
2050-01-30 04:00:00,XY,HDAM,0.0,MW
2050-01-31 05:00:00,XY,HDAM,0.0,MW
2050-02-01 06:00:00,XY,HDAM,0.0,MW
2050-02-02 07:00:00,XY,HDAM,0.0,MW
2050-02-03 08:00:00,XY,HDAM,0.0,MW
2050-02-04 09:00:00,XY,HDAM,0.0,MW
2050-02-05 10:00:00,XY,HDAM,0.0,MW
2050-02-06 11:00:00,XY,HDAM,0.0,MW
2050-02-07 12:00:00,XY,HDAM,0.0,MW
2050-02-08 13:00:00,XY,HDAM,0.0,MW
2050-02-09 14:00:00,XY,HDAM,0.0,MW
2050-02-10 15:00:00,XY,HDAM,0.0,MW
2050-02-11 16:00:00,XY,HDAM,0.0,MW
2050-02-12 17:00:00,XY,HDAM,0.0,MW
2050-02-13 18:00:00,XY,HDAM,0.0,MW
2050-02-14 19:00:00,XY,HDAM,0.0,MW
2050-02-15 20:00:00,XY,HDAM,0.0,MW
2050-02-16 21:00:00,XY,HDAM,0.0,MW
2050-02-17 22:00:00,XY,HDAM,0.0,MW
2050-02-18 23:00:00,XY,HDAM,0.0,MW
2050-02-20 00:00:00,XY,HDAM,0.0,MW
2050-02-21 01:00:00,XY,HDAM,0.0,MW
2050-02-22 02:00:00,XY,HDAM,0.0,MW
2050-02-23 03:00:00,XY,HDAM,0.0,MW
2050-02-24 04:00:00,XY,HDAM,0.0,MW
2050-02-25 05:00:00,XY,HDAM,0.0,MW
2050-02-26 06:00:00,XY,HDAM,0.0,MW
2050-02-27 07:00:00,XY,HDAM,0.0,MW
2050-02-28 08:00:00,XY,HDAM,0.0,MW
2050-03-01 09:00:00,XY,HDAM,0.0,MW
2050-03-02 10:00:00,XY,HDAM,0.0,MW
2050-03-03 11:00:00,XY,HDAM,0.0,MW
2050-03-04 12:00:00,XY,HDAM,0.0,MW
2050-03-05 13:00:00,XY,HDAM,0.0,MW
2050-03-06 14:00:00,XY,HDAM,0.0,MW
2050-03-07 15:00:00,XY,HDAM,0.0,MW
2050-03-08 16:00:00,XY,HDAM,0.0,MW
2050-03-09 17:00:00,XY,HDAM,0.0,MW
2050-03-10 18:00:00,XY,HDAM,0.0,MW
2050-03-11 19:00:00,XY,HDAM,0.0,MW
2050-03-12 20:00:00,XY,HDAM,0.0,MW
2050-03-13 21:00:00,XY,HDAM,0.0,MW
2050-03-14 22:00:00,XY,HDAM,0.0,MW
2050-03-15 23:00:00,XY,HDAM,0.0,MW
2050-03-17 00:00:00,XY,HDAM,0.0,MW
2050-03-18 01:00:00,XY,HDAM,0.0,MW
2050-03-19 02:00:00,XY,HDAM,0.0,MW
2050-03-20 03:00:00,XY,HDAM,0.0,MW
2050-03-21 04:00:00,XY,HDAM,0.0,MW
2050-03-22 05:00:00,XY,HDAM,0.0,MW
2050-03-23 06:00:00,XY,HDAM,0.0,MW
2050-03-24 07:00:00,XY,HDAM,0.0,MW
2050-03-25 08:00:00,XY,HDAM,0.0,MW
2050-03-26 09:00:00,XY,HDAM,0.0,MW
2050-03-27 10:00:00,XY,HDAM,0.0,MW
2050-03-28 11:00:00,XY,HDAM,0.0,MW
2050-03-29 12:00:00,XY,HDAM,0.0,MW
2050-03-30 13:00:00,XY,HDAM,0.0,MW
2050-03-31 14:00:00,XY,HDAM,0.0,MW
2050-04-01 15:00:00,XY,HDAM,0.0,MW
2050-04-02 16:00:00,XY,HDAM,0.0,MW
2050-04-03 17:00:00,XY,HDAM,0.0,MW
2050-04-04 18:00:00,XY,HDAM,0.0,MW
2050-04-05 19:00:00,XY,HDAM,0.0,MW
2050-04-06 20:00:00,XY,HDAM,0.0,MW
2050-04-07 21:00:00,XY,HDAM,0.0,MW
2050-04-08 22:00:00,XY,HDAM,0.0,MW
2050-04-09 23:00:00,XY,HDAM,0.0,MW
2050-04-11 00:00:00,XY,HDAM,0.0,MW
2050-04-12 01:00:00,XY,HDAM,0.0,MW
2050-04-13 02:00:00,XY,HDAM,0.0,MW
2050-04-14 03:00:00,XY,HDAM,0.0,MW
2050-04-15 04:00:00,XY,HDAM,0.0,MW
2050-04-16 05:00:00,XY,HDAM,0.0,MW
2050-04-17 06:00:00,XY,HDAM,0.0,MW
2050-04-18 07:00:00,XY,HDAM,0.0,MW
2050-04-19 08:00:00,XY,HDAM,0.0,MW
2050-04-20 09:00:00,XY,HDAM,0.0,MW
2050-04-21 10:00:00,XY,HDAM,0.0,MW
2050-04-22 11:00:00,XY,HDAM,0.0,MW
2050-04-23 12:00:00,XY,HDAM,0.0,MW
2050-04-24 13:00:00,XY,HDAM,0.0,MW
2050-04-25 14:00:00,XY,HDAM,0.0,MW
2050-04-26 15:00:00,XY,HDAM,0.0,MW
2050-04-27 16:00:00,XY,HDAM,0.0,MW
2050-04-28 17:00:00,XY,HDAM,0.0,MW
2050-04-29 18:00:00,XY,HDAM,0.0,MW
2050-04-30 19:00:00,XY,HDAM,0.0,MW
2050-05-01 20:00:00,XY,HDAM,0.0,MW
2050-05-02 21:00:00,XY,HDAM,0.0,MW
2050-05-03 22:00:00,XY,HDAM,0.0,MW
2050-05-04 23:00:00,XY,HDAM,0.0,MW
2050-05-06 00:00:00,XY,HDAM,0.0,MW
2050-05-07 01:00:00,XY,HDAM,0.0,MW
2050-05-08 02:00:00,XY,HDAM,0.0,MW
2050-05-09 03:00:00,XY,HDAM,0.0,MW
2050-05-10 04:00:00,XY,HDAM,0.0,MW
2050-05-11 05:00:00,XY,HDAM,0.0,MW
2050-05-12 06:00:00,XY,HDAM,0.0,MW
2050-05-13 07:00:00,XY,HDAM,0.0,MW
2050-05-14 08:00:00,XY,HDAM,0.0,MW
2050-05-15 09:00:00,XY,HDAM,0.0,MW
2050-05-16 10:00:00,XY,HDAM,0.0,MW
2050-05-17 11:00:00,XY,HDAM,0.0,MW
2050-05-18 12:00:00,XY,HDAM,0.0,MW
2050-05-19 13:00:00,XY,HDAM,0.0,MW
2050-05-20 14:00:00,XY,HDAM,0.0,MW
2050-05-21 15:00:00,XY,HDAM,0.0,MW
2050-05-22 16:00:00,XY,HDAM,0.0,MW
2050-05-23 17:00:00,XY,HDAM,0.0,MW
2050-05-24 18:00:00,XY,HDAM,0.0,MW
2050-05-25 19:00:00,XY,HDAM,0.0,MW
2050-05-26 20:00:00,XY,HDAM,149.6,MW
2050-05-27 21:00:00,XY,HDAM,0.0,MW
2050-05-28 22:00:00,XY,HDAM,24.1,MW
2050-05-29 23:00:00,XY,HDAM,0.0,MW
2050-05-31 00:00:00,XY,HDAM,0.0,MW
2050-06-01 01:00:00,XY,HDAM,0.0,MW
2050-06-02 02:00:00,XY,HDAM,0.0,MW
2050-06-03 03:00:00,XY,HDAM,0.0,MW
2050-06-04 04:00:00,XY,HDAM,0.0,MW
2050-06-05 05:00:00,XY,HDAM,0.0,MW
2050-06-06 06:00:00,XY,HDAM,0.0,MW
2050-06-07 07:00:00,XY,HDAM,0.0,MW
2050-06-08 08:00:00,XY,HDAM,0.0,MW
2050-06-09 09:00:00,XY,HDAM,0.0,MW
2050-06-10 10:00:00,XY,HDAM,0.0,MW
2050-06-11 11:00:00,XY,HDAM,0.0,MW
2050-06-12 12:00:00,XY,HDAM,0.0,MW
2050-06-13 13:00:00,XY,HDAM,0.0,MW
2050-06-14 14:00:00,XY,HDAM,0.0,MW
2050-06-15 15:00:00,XY,HDAM,0.0,MW
2050-06-16 16:00:00,XY,HDAM,0.0,MW
2050-06-17 17:00:00,XY,HDAM,0.0,MW
2050-06-18 18:00:00,XY,HDAM,0.0,MW
2050-06-19 19:00:00,XY,HDAM,0.0,MW
2050-06-20 20:00:00,XY,HDAM,0.0,MW
2050-06-21 21:00:00,XY,HDAM,0.0,MW
2050-06-22 22:00:00,XY,HDAM,0.0,MW
2050-06-23 23:00:00,XY,HDAM,0.0,MW
2050-06-25 00:00:00,XY,HDAM,18.8,MW
2050-06-26 01:00:00,XY,HDAM,0.0,MW
2050-06-27 02:00:00,XY,HDAM,0.3,MW
2050-06-28 03:00:00,XY,HDAM,1.7,MW
2050-06-29 04:00:00,XY,HDAM,0.2,MW
2050-06-30 05:00:00,XY,HDAM,0.0,MW
2050-07-01 06:00:00,XY,HDAM,0.0,MW
2050-07-02 07:00:00,XY,HDAM,0.0,MW
2050-07-03 08:00:00,XY,HDAM,0.0,MW
2050-07-04 09:00:00,XY,HDAM,0.0,MW
2050-07-05 10:00:00,XY,HDAM,0.0,MW
2050-07-06 11:00:00,XY,HDAM,0.0,MW
2050-07-07 12:00:00,XY,HDAM,0.0,MW
2050-07-08 13:00:00,XY,HDAM,0.0,MW
2050-07-09 14:00:00,XY,HDAM,0.0,MW
2050-07-10 15:00:00,XY,HDAM,0.0,MW
2050-07-11 16:00:00,XY,HDAM,0.0,MW
2050-07-12 17:00:00,XY,HDAM,0.0,MW
2050-07-13 18:00:00,XY,HDAM,0.0,MW
2050-07-14 19:00:00,XY,HDAM,0.0,MW
2050-07-15 20:00:00,XY,HDAM,0.0,MW
2050-07-16 21:00:00,XY,HDAM,0.0,MW
2050-07-17 22:00:00,XY,HDAM,7.4,MW
2050-07-18 23:00:00,XY,HDAM,0.0,MW
2050-07-20 00:00:00,XY,HDAM,0.0,MW
2050-07-21 01:00:00,XY,HDAM,0.0,MW
2050-07-22 02:00:00,XY,HDAM,0.0,MW
2050-07-23 03:00:00,XY,HDAM,0.0,MW
2050-07-24 04:00:00,XY,HDAM,0.0,MW
2050-07-25 05:00:00,XY,HDAM,0.0,MW
2050-07-26 06:00:00,XY,HDAM,0.0,MW
2050-07-27 07:00:00,XY,HDAM,0.0,MW
2050-07-28 08:00:00,XY,HDAM,0.0,MW
2050-07-29 09:00:00,XY,HDAM,0.0,MW
2050-07-30 10:00:00,XY,HDAM,0.0,MW
2050-07-31 11:00:00,XY,HDAM,0.0,MW
2050-08-01 12:00:00,XY,HDAM,0.0,MW
2050-08-02 13:00:00,XY,HDAM,0.0,MW
2050-08-03 14:00:00,XY,HDAM,0.0,MW
2050-08-04 15:00:00,XY,HDAM,0.0,MW
2050-08-05 16:00:00,XY,HDAM,0.0,MW
2050-08-06 17:00:00,XY,HDAM,0.0,MW
2050-08-07 18:00:00,XY,HDAM,0.0,MW
2050-08-08 19:00:00,XY,HDAM,0.0,MW
2050-08-09 20:00:00,XY,HDAM,9.3,MW
2050-08-10 21:00:00,XY,HDAM,0.0,MW
2050-08-11 22:00:00,XY,HDAM,0.0,MW
2050-08-12 23:00:00,XY,HDAM,0.0,MW
2050-08-14 00:00:00,XY,HDAM,0.0,MW
2050-08-15 01:00:00,XY,HDAM,0.0,MW
2050-08-16 02:00:00,XY,HDAM,0.0,MW
2050-08-17 03:00:00,XY,HDAM,0.0,MW
2050-08-18 04:00:00,XY,HDAM,0.0,MW
2050-08-19 05:00:00,XY,HDAM,0.0,MW
2050-08-20 06:00:00,XY,HDAM,0.0,MW
2050-08-21 07:00:00,XY,HDAM,0.0,MW
2050-08-22 08:00:00,XY,HDAM,0.0,MW
2050-08-23 09:00:00,XY,HDAM,0.0,MW
2050-08-24 10:00:00,XY,HDAM,0.0,MW
2050-08-25 11:00:00,XY,HDAM,0.0,MW
2050-08-26 12:00:00,XY,HDAM,0.0,MW
2050-08-27 13:00:00,XY,HDAM,0.0,MW
2050-08-28 14:00:00,XY,HDAM,0.0,MW
2050-08-29 15:00:00,XY,HDAM,0.0,MW
2050-08-30 16:00:00,XY,HDAM,0.0,MW
2050-08-31 17:00:00,XY,HDAM,0.0,MW
2050-09-01 18:00:00,XY,HDAM,0.0,MW
2050-09-02 19:00:00,XY,HDAM,0.0,MW
2050-09-03 20:00:00,XY,HDAM,0.0,MW
2050-09-04 21:00:00,XY,HDAM,0.0,MW
2050-09-05 22:00:00,XY,HDAM,0.0,MW
2050-09-06 23:00:00,XY,HDAM,0.0,MW
2050-09-08 00:00:00,XY,HDAM,0.0,MW
2050-09-09 01:00:00,XY,HDAM,0.0,MW
2050-09-10 02:00:00,XY,HDAM,0.0,MW
2050-09-11 03:00:00,XY,HDAM,0.0,MW
2050-09-12 04:00:00,XY,HDAM,0.0,MW
2050-09-13 05:00:00,XY,HDAM,0.0,MW
2050-09-14 06:00:00,XY,HDAM,0.0,MW
2050-09-15 07:00:00,XY,HDAM,0.0,MW
2050-09-16 08:00:00,XY,HDAM,0.0,MW
2050-09-17 09:00:00,XY,HDAM,0.0,MW
2050-09-18 10:00:00,XY,HDAM,0.0,MW
2050-09-19 11:00:00,XY,HDAM,0.0,MW
2050-09-20 12:00:00,XY,HDAM,0.0,MW
2050-09-21 13:00:00,XY,HDAM,0.0,MW
2050-09-22 14:00:00,XY,HDAM,0.0,MW
2050-09-23 15:00:00,XY,HDAM,0.0,MW
2050-09-24 16:00:00,XY,HDAM,0.0,MW
2050-09-25 17:00:00,XY,HDAM,0.0,MW
2050-09-26 18:00:00,XY,HDAM,0.0,MW
2050-09-27 19:00:00,XY,HDAM,0.0,MW
2050-09-28 20:00:00,XY,HDAM,0.0,MW
2050-09-29 21:00:00,XY,HDAM,0.0,MW
2050-09-30 22:00:00,XY,HDAM,0.0,MW
2050-10-01 23:00:00,XY,HDAM,0.0,MW
2050-10-03 00:00:00,XY,HDAM,17.2,MW
2050-10-04 01:00:00,XY,HDAM,0.0,MW
2050-10-05 02:00:00,XY,HDAM,0.0,MW
2050-10-06 03:00:00,XY,HDAM,0.0,MW
2050-10-07 04:00:00,XY,HDAM,0.0,MW
2050-10-08 05:00:00,XY,HDAM,0.0,MW
2050-10-09 06:00:00,XY,HDAM,0.0,MW
2050-10-10 07:00:00,XY,HDAM,0.0,MW
2050-10-11 08:00:00,XY,HDAM,0.0,MW
2050-10-12 09:00:00,XY,HDAM,0.0,MW
2050-10-13 10:00:00,XY,HDAM,0.0,MW
2050-10-14 11:00:00,XY,HDAM,0.0,MW
2050-10-15 12:00:00,XY,HDAM,0.0,MW
2050-10-16 13:00:00,XY,HDAM,0.0,MW
2050-10-17 14:00:00,XY,HDAM,0.0,MW
2050-10-18 15:00:00,XY,HDAM,0.0,MW
2050-10-19 16:00:00,XY,HDAM,0.0,MW
2050-10-20 17:00:00,XY,HDAM,0.0,MW
2050-10-21 18:00:00,XY,HDAM,0.0,MW
2050-10-22 19:00:00,XY,HDAM,0.0,MW
2050-10-23 20:00:00,XY,HDAM,5.4,MW
2050-10-24 21:00:00,XY,HDAM,0.0,MW
2050-10-25 22:00:00,XY,HDAM,0.4,MW
2050-10-26 23:00:00,XY,HDAM,0.0,MW
2050-10-28 00:00:00,XY,HDAM,0.0,MW
2050-10-29 01:00:00,XY,HDAM,0.6,MW
2050-10-30 02:00:00,XY,HDAM,0.0,MW
2050-10-31 03:00:00,XY,HDAM,0.0,MW
2050-11-01 04:00:00,XY,HDAM,0.0,MW
2050-11-02 05:00:00,XY,HDAM,0.0,MW
2050-11-03 06:00:00,XY,HDAM,0.0,MW
2050-11-04 07:00:00,XY,HDAM,0.0,MW
2050-11-05 08:00:00,XY,HDAM,0.0,MW
2050-11-06 09:00:00,XY,HDAM,0.0,MW
2050-11-07 10:00:00,XY,HDAM,0.0,MW
2050-11-08 11:00:00,XY,HDAM,0.0,MW
2050-11-09 12:00:00,XY,HDAM,0.0,MW
2050-11-10 13:00:00,XY,HDAM,0.0,MW
2050-11-11 14:00:00,XY,HDAM,0.0,MW
2050-11-12 15:00:00,XY,HDAM,0.0,MW
2050-11-13 16:00:00,XY,HDAM,0.0,MW
2050-11-14 17:00:00,XY,HDAM,0.0,MW
2050-11-15 18:00:00,XY,HDAM,0.0,MW
2050-11-16 19:00:00,XY,HDAM,0.0,MW
2050-11-17 20:00:00,XY,HDAM,0.0,MW
2050-11-18 21:00:00,XY,HDAM,3.8,MW
2050-11-19 22:00:00,XY,HDAM,0.0,MW
2050-11-20 23:00:00,XY,HDAM,0.0,MW
2050-11-22 00:00:00,XY,HDAM,0.0,MW
2050-11-23 01:00:00,XY,HDAM,1.0,MW
2050-11-24 02:00:00,XY,HDAM,0.0,MW
2050-11-25 03:00:00,XY,HDAM,0.0,MW
2050-11-26 04:00:00,XY,HDAM,0.0,MW
2050-11-27 05:00:00,XY,HDAM,0.0,MW
2050-11-28 06:00:00,XY,HDAM,0.0,MW
2050-11-29 07:00:00,XY,HDAM,0.0,MW
2050-11-30 08:00:00,XY,HDAM,0.0,MW
2050-12-01 09:00:00,XY,HDAM,0.0,MW
2050-12-02 10:00:00,XY,HDAM,0.0,MW
2050-12-03 11:00:00,XY,HDAM,0.0,MW
2050-12-04 12:00:00,XY,HDAM,0.0,MW
2050-12-05 13:00:00,XY,HDAM,0.0,MW
2050-12-06 14:00:00,XY,HDAM,0.0,MW
2050-12-07 15:00:00,XY,HDAM,0.0,MW
2050-12-08 16:00:00,XY,HDAM,0.0,MW
2050-12-09 17:00:00,XY,HDAM,0.0,MW
2050-12-10 18:00:00,XY,HDAM,0.0,MW
2050-12-11 19:00:00,XY,HDAM,0.0,MW
2050-12-12 20:00:00,XY,HDAM,0.0,MW
2050-12-13 21:00:00,XY,HDAM,0.0,MW
2050-12-14 22:00:00,XY,HDAM,0.0,MW
2050-12-15 23:00:00,XY,HDAM,0.0,MW
2050-12-17 00:00:00,XY,HDAM,0.0,MW
2050-12-18 01:00:00,XY,HDAM,0.0,MW
2050-12-19 02:00:00,XY,HDAM,0.0,MW
2050-12-20 03:00:00,XY,HDAM,0.0,MW
2050-12-21 04:00:00,XY,HDAM,0.0,MW
2050-12-22 05:00:00,XY,HDAM,0.0,MW
2050-12-23 06:00:00,XY,HDAM,0.0,MW
2050-12-24 07:00:00,XY,HDAM,7.4,MW
2050-12-25 08:00:00,XY,HDAM,0.0,MW
2050-12-26 09:00:00,XY,HDAM,0.0,MW
2050-12-27 10:00:00,XY,HDAM,0.0,MW
2050-12-28 11:00:00,XY,HDAM,0.0,MW
2050-12-29 12:00:00,XY,HDAM,0.0,MW
2050-12-30 13:00:00,XY,HDAM,0.0,MW
2050-12-31 14:00:00,XY,HDAM,0.0,MW
2051-01-01 15:00:00,XY,HDAM,0.0,MW
2050-01-01 00:00:00,YZ,BIOT,19.0,MW
2050-01-02 01:00:00,YZ,BIOT,19.0,MW
2050-01-03 02:00:00,YZ,BIOT,19.0,MW
2050-01-04 03:00:00,YZ,BIOT,19.0,MW
2050-01-05 04:00:00,YZ,BIOT,19.0,MW
2050-01-06 05:00:00,YZ,BIOT,19.0,MW
2050-01-07 06:00:00,YZ,BIOT,19.0,MW
2050-01-08 07:00:00,YZ,BIOT,19.0,MW
2050-01-09 08:00:00,YZ,BIOT,19.0,MW
2050-01-10 09:00:00,YZ,BIOT,19.0,MW
2050-01-11 10:00:00,YZ,BIOT,16.2,MW
2050-01-12 11:00:00,YZ,BIOT,4.4,MW
2050-01-13 12:00:00,YZ,BIOT,0.0,MW
2050-01-14 13:00:00,YZ,BIOT,6.9,MW
2050-01-15 14:00:00,YZ,BIOT,15.0,MW
2050-01-16 15:00:00,YZ,BIOT,16.8,MW
2050-01-17 16:00:00,YZ,BIOT,19.0,MW
2050-01-18 17:00:00,YZ,BIOT,19.0,MW
2050-01-19 18:00:00,YZ,BIOT,19.0,MW
2050-01-20 19:00:00,YZ,BIOT,19.0,MW
2050-01-21 20:00:00,YZ,BIOT,19.0,MW
2050-01-22 21:00:00,YZ,BIOT,19.0,MW
2050-01-23 22:00:00,YZ,BIOT,19.0,MW
2050-01-24 23:00:00,YZ,BIOT,19.0,MW
2050-01-26 00:00:00,YZ,BIOT,19.0,MW
2050-01-27 01:00:00,YZ,BIOT,19.0,MW
2050-01-28 02:00:00,YZ,BIOT,16.3,MW
2050-01-29 03:00:00,YZ,BIOT,19.0,MW
2050-01-30 04:00:00,YZ,BIOT,19.0,MW
2050-01-31 05:00:00,YZ,BIOT,19.0,MW
2050-02-01 06:00:00,YZ,BIOT,19.0,MW
2050-02-02 07:00:00,YZ,BIOT,19.0,MW
2050-02-03 08:00:00,YZ,BIOT,19.0,MW
2050-02-04 09:00:00,YZ,BIOT,19.0,MW
2050-02-05 10:00:00,YZ,BIOT,16.2,MW
2050-02-06 11:00:00,YZ,BIOT,15.0,MW
2050-02-07 12:00:00,YZ,BIOT,4.4,MW
2050-02-08 13:00:00,YZ,BIOT,0.0,MW
2050-02-09 14:00:00,YZ,BIOT,6.9,MW
2050-02-10 15:00:00,YZ,BIOT,15.0,MW
2050-02-11 16:00:00,YZ,BIOT,16.8,MW
2050-02-12 17:00:00,YZ,BIOT,19.0,MW
2050-02-13 18:00:00,YZ,BIOT,19.0,MW
2050-02-14 19:00:00,YZ,BIOT,19.0,MW
2050-02-15 20:00:00,YZ,BIOT,19.0,MW
2050-02-16 21:00:00,YZ,BIOT,19.0,MW
2050-02-17 22:00:00,YZ,BIOT,19.0,MW
2050-02-18 23:00:00,YZ,BIOT,19.0,MW
2050-02-20 00:00:00,YZ,BIOT,19.0,MW
2050-02-21 01:00:00,YZ,BIOT,19.0,MW
2050-02-22 02:00:00,YZ,BIOT,15.4,MW
2050-02-23 03:00:00,YZ,BIOT,14.1,MW
2050-02-24 04:00:00,YZ,BIOT,19.0,MW
2050-02-25 05:00:00,YZ,BIOT,19.0,MW
2050-02-26 06:00:00,YZ,BIOT,19.0,MW
2050-02-27 07:00:00,YZ,BIOT,19.0,MW
2050-02-28 08:00:00,YZ,BIOT,19.0,MW
2050-03-01 09:00:00,YZ,BIOT,16.2,MW
2050-03-02 10:00:00,YZ,BIOT,4.4,MW
2050-03-03 11:00:00,YZ,BIOT,0.0,MW
2050-03-04 12:00:00,YZ,BIOT,0.0,MW
2050-03-05 13:00:00,YZ,BIOT,0.0,MW
2050-03-06 14:00:00,YZ,BIOT,0.0,MW
2050-03-07 15:00:00,YZ,BIOT,0.0,MW
2050-03-08 16:00:00,YZ,BIOT,0.0,MW
2050-03-09 17:00:00,YZ,BIOT,1.8,MW
2050-03-10 18:00:00,YZ,BIOT,12.1,MW
2050-03-11 19:00:00,YZ,BIOT,19.0,MW
2050-03-12 20:00:00,YZ,BIOT,19.0,MW
2050-03-13 21:00:00,YZ,BIOT,19.0,MW
2050-03-14 22:00:00,YZ,BIOT,19.0,MW
2050-03-15 23:00:00,YZ,BIOT,19.0,MW
2050-03-17 00:00:00,YZ,BIOT,19.0,MW
2050-03-18 01:00:00,YZ,BIOT,19.0,MW
2050-03-19 02:00:00,YZ,BIOT,19.0,MW
2050-03-20 03:00:00,YZ,BIOT,19.0,MW
2050-03-21 04:00:00,YZ,BIOT,19.0,MW
2050-03-22 05:00:00,YZ,BIOT,19.0,MW
2050-03-23 06:00:00,YZ,BIOT,19.0,MW
2050-03-24 07:00:00,YZ,BIOT,19.0,MW
2050-03-25 08:00:00,YZ,BIOT,19.0,MW
2050-03-26 09:00:00,YZ,BIOT,16.2,MW
2050-03-27 10:00:00,YZ,BIOT,12.1,MW
2050-03-28 11:00:00,YZ,BIOT,1.4,MW
2050-03-29 12:00:00,YZ,BIOT,0.0,MW
2050-03-30 13:00:00,YZ,BIOT,0.0,MW
2050-03-31 14:00:00,YZ,BIOT,0.0,MW
2050-04-01 15:00:00,YZ,BIOT,0.0,MW
2050-04-02 16:00:00,YZ,BIOT,0.0,MW
2050-04-03 17:00:00,YZ,BIOT,8.7,MW
2050-04-04 18:00:00,YZ,BIOT,19.0,MW
2050-04-05 19:00:00,YZ,BIOT,19.0,MW
2050-04-06 20:00:00,YZ,BIOT,19.0,MW
2050-04-07 21:00:00,YZ,BIOT,19.0,MW
2050-04-08 22:00:00,YZ,BIOT,19.0,MW
2050-04-09 23:00:00,YZ,BIOT,19.0,MW
2050-04-11 00:00:00,YZ,BIOT,19.0,MW
2050-04-12 01:00:00,YZ,BIOT,19.0,MW
2050-04-13 02:00:00,YZ,BIOT,19.0,MW
2050-04-14 03:00:00,YZ,BIOT,14.1,MW
2050-04-15 04:00:00,YZ,BIOT,19.0,MW
2050-04-16 05:00:00,YZ,BIOT,19.0,MW
2050-04-17 06:00:00,YZ,BIOT,19.0,MW
2050-04-18 07:00:00,YZ,BIOT,19.0,MW
2050-04-19 08:00:00,YZ,BIOT,5.5,MW
2050-04-20 09:00:00,YZ,BIOT,0.0,MW
2050-04-21 10:00:00,YZ,BIOT,0.0,MW
2050-04-22 11:00:00,YZ,BIOT,0.0,MW
2050-04-23 12:00:00,YZ,BIOT,0.0,MW
2050-04-24 13:00:00,YZ,BIOT,0.0,MW
2050-04-25 14:00:00,YZ,BIOT,0.0,MW
2050-04-26 15:00:00,YZ,BIOT,0.0,MW
2050-04-27 16:00:00,YZ,BIOT,0.0,MW
2050-04-28 17:00:00,YZ,BIOT,10.3,MW
2050-04-29 18:00:00,YZ,BIOT,19.0,MW
2050-04-30 19:00:00,YZ,BIOT,19.0,MW
2050-05-01 20:00:00,YZ,BIOT,19.0,MW
2050-05-02 21:00:00,YZ,BIOT,19.0,MW
2050-05-03 22:00:00,YZ,BIOT,19.0,MW
2050-05-04 23:00:00,YZ,BIOT,19.0,MW
2050-05-06 00:00:00,YZ,BIOT,19.0,MW
2050-05-07 01:00:00,YZ,BIOT,19.0,MW
2050-05-08 02:00:00,YZ,BIOT,19.0,MW
2050-05-09 03:00:00,YZ,BIOT,19.0,MW
2050-05-10 04:00:00,YZ,BIOT,19.0,MW
2050-05-11 05:00:00,YZ,BIOT,19.0,MW
2050-05-12 06:00:00,YZ,BIOT,19.0,MW
2050-05-13 07:00:00,YZ,BIOT,19.0,MW
2050-05-14 08:00:00,YZ,BIOT,16.2,MW
2050-05-15 09:00:00,YZ,BIOT,4.4,MW
2050-05-16 10:00:00,YZ,BIOT,0.0,MW
2050-05-17 11:00:00,YZ,BIOT,0.0,MW
2050-05-18 12:00:00,YZ,BIOT,0.0,MW
2050-05-19 13:00:00,YZ,BIOT,0.0,MW
2050-05-20 14:00:00,YZ,BIOT,0.0,MW
2050-05-21 15:00:00,YZ,BIOT,0.0,MW
2050-05-22 16:00:00,YZ,BIOT,0.0,MW
2050-05-23 17:00:00,YZ,BIOT,8.7,MW
2050-05-24 18:00:00,YZ,BIOT,19.0,MW
2050-05-25 19:00:00,YZ,BIOT,19.0,MW
2050-05-26 20:00:00,YZ,BIOT,19.0,MW
2050-05-27 21:00:00,YZ,BIOT,19.0,MW
2050-05-28 22:00:00,YZ,BIOT,19.0,MW
2050-05-29 23:00:00,YZ,BIOT,19.0,MW
2050-05-31 00:00:00,YZ,BIOT,19.0,MW
2050-06-01 01:00:00,YZ,BIOT,19.0,MW
2050-06-02 02:00:00,YZ,BIOT,19.0,MW
2050-06-03 03:00:00,YZ,BIOT,19.0,MW
2050-06-04 04:00:00,YZ,BIOT,19.0,MW
2050-06-05 05:00:00,YZ,BIOT,19.0,MW
2050-06-06 06:00:00,YZ,BIOT,19.0,MW
2050-06-07 07:00:00,YZ,BIOT,8.7,MW
2050-06-08 08:00:00,YZ,BIOT,19.0,MW
2050-06-09 09:00:00,YZ,BIOT,19.0,MW
2050-06-10 10:00:00,YZ,BIOT,9.1,MW
2050-06-11 11:00:00,YZ,BIOT,1.4,MW
2050-06-12 12:00:00,YZ,BIOT,0.0,MW
2050-06-13 13:00:00,YZ,BIOT,0.0,MW
2050-06-14 14:00:00,YZ,BIOT,0.0,MW
2050-06-15 15:00:00,YZ,BIOT,0.0,MW
2050-06-16 16:00:00,YZ,BIOT,1.8,MW
2050-06-17 17:00:00,YZ,BIOT,4.0,MW
2050-06-18 18:00:00,YZ,BIOT,4.0,MW
2050-06-19 19:00:00,YZ,BIOT,8.7,MW
2050-06-20 20:00:00,YZ,BIOT,19.0,MW
2050-06-21 21:00:00,YZ,BIOT,19.0,MW
2050-06-22 22:00:00,YZ,BIOT,19.0,MW
2050-06-23 23:00:00,YZ,BIOT,19.0,MW
2050-06-25 00:00:00,YZ,BIOT,19.0,MW
2050-06-26 01:00:00,YZ,BIOT,19.0,MW
2050-06-27 02:00:00,YZ,BIOT,19.0,MW
2050-06-28 03:00:00,YZ,BIOT,19.0,MW
2050-06-29 04:00:00,YZ,BIOT,19.0,MW
2050-06-30 05:00:00,YZ,BIOT,19.0,MW
2050-07-01 06:00:00,YZ,BIOT,19.0,MW
2050-07-02 07:00:00,YZ,BIOT,19.0,MW
2050-07-03 08:00:00,YZ,BIOT,19.0,MW
2050-07-04 09:00:00,YZ,BIOT,19.0,MW
2050-07-05 10:00:00,YZ,BIOT,19.0,MW
2050-07-06 11:00:00,YZ,BIOT,5.5,MW
2050-07-07 12:00:00,YZ,BIOT,0.0,MW
2050-07-08 13:00:00,YZ,BIOT,0.0,MW
2050-07-09 14:00:00,YZ,BIOT,0.0,MW
2050-07-10 15:00:00,YZ,BIOT,0.0,MW
2050-07-11 16:00:00,YZ,BIOT,9.9,MW
2050-07-12 17:00:00,YZ,BIOT,4.0,MW
2050-07-13 18:00:00,YZ,BIOT,8.7,MW
2050-07-14 19:00:00,YZ,BIOT,19.0,MW
2050-07-15 20:00:00,YZ,BIOT,19.0,MW
2050-07-16 21:00:00,YZ,BIOT,19.0,MW
2050-07-17 22:00:00,YZ,BIOT,19.0,MW
2050-07-18 23:00:00,YZ,BIOT,19.0,MW
2050-07-20 00:00:00,YZ,BIOT,19.0,MW
2050-07-21 01:00:00,YZ,BIOT,19.0,MW
2050-07-22 02:00:00,YZ,BIOT,19.0,MW
2050-07-23 03:00:00,YZ,BIOT,19.0,MW
2050-07-24 04:00:00,YZ,BIOT,19.0,MW
2050-07-25 05:00:00,YZ,BIOT,19.0,MW
2050-07-26 06:00:00,YZ,BIOT,19.0,MW
2050-07-27 07:00:00,YZ,BIOT,19.0,MW
2050-07-28 08:00:00,YZ,BIOT,19.0,MW
2050-07-29 09:00:00,YZ,BIOT,19.0,MW
2050-07-30 10:00:00,YZ,BIOT,19.0,MW
2050-07-31 11:00:00,YZ,BIOT,7.6,MW
2050-08-01 12:00:00,YZ,BIOT,0.0,MW
2050-08-02 13:00:00,YZ,BIOT,0.0,MW
2050-08-03 14:00:00,YZ,BIOT,0.0,MW
2050-08-04 15:00:00,YZ,BIOT,0.0,MW
2050-08-05 16:00:00,YZ,BIOT,0.0,MW
2050-08-06 17:00:00,YZ,BIOT,10.3,MW
2050-08-07 18:00:00,YZ,BIOT,19.0,MW
2050-08-08 19:00:00,YZ,BIOT,19.0,MW
2050-08-09 20:00:00,YZ,BIOT,19.0,MW
2050-08-10 21:00:00,YZ,BIOT,19.0,MW
2050-08-11 22:00:00,YZ,BIOT,19.0,MW
2050-08-12 23:00:00,YZ,BIOT,19.0,MW
2050-08-14 00:00:00,YZ,BIOT,19.0,MW
2050-08-15 01:00:00,YZ,BIOT,19.0,MW
2050-08-16 02:00:00,YZ,BIOT,19.0,MW
2050-08-17 03:00:00,YZ,BIOT,19.0,MW
2050-08-18 04:00:00,YZ,BIOT,19.0,MW
2050-08-19 05:00:00,YZ,BIOT,19.0,MW
2050-08-20 06:00:00,YZ,BIOT,19.0,MW
2050-08-21 07:00:00,YZ,BIOT,19.0,MW
2050-08-22 08:00:00,YZ,BIOT,19.0,MW
2050-08-23 09:00:00,YZ,BIOT,19.0,MW
2050-08-24 10:00:00,YZ,BIOT,19.0,MW
2050-08-25 11:00:00,YZ,BIOT,5.5,MW
2050-08-26 12:00:00,YZ,BIOT,0.0,MW
2050-08-27 13:00:00,YZ,BIOT,0.0,MW
2050-08-28 14:00:00,YZ,BIOT,0.0,MW
2050-08-29 15:00:00,YZ,BIOT,0.0,MW
2050-08-30 16:00:00,YZ,BIOT,0.0,MW
2050-08-31 17:00:00,YZ,BIOT,0.0,MW
2050-09-01 18:00:00,YZ,BIOT,8.7,MW
2050-09-02 19:00:00,YZ,BIOT,19.0,MW
2050-09-03 20:00:00,YZ,BIOT,19.0,MW
2050-09-04 21:00:00,YZ,BIOT,19.0,MW
2050-09-05 22:00:00,YZ,BIOT,19.0,MW
2050-09-06 23:00:00,YZ,BIOT,19.0,MW
2050-09-08 00:00:00,YZ,BIOT,19.0,MW
2050-09-09 01:00:00,YZ,BIOT,19.0,MW
2050-09-10 02:00:00,YZ,BIOT,19.0,MW
2050-09-11 03:00:00,YZ,BIOT,19.0,MW
2050-09-12 04:00:00,YZ,BIOT,19.0,MW
2050-09-13 05:00:00,YZ,BIOT,19.0,MW
2050-09-14 06:00:00,YZ,BIOT,19.0,MW
2050-09-15 07:00:00,YZ,BIOT,19.0,MW
2050-09-16 08:00:00,YZ,BIOT,19.0,MW
2050-09-17 09:00:00,YZ,BIOT,19.0,MW
2050-09-18 10:00:00,YZ,BIOT,19.0,MW
2050-09-19 11:00:00,YZ,BIOT,5.5,MW
2050-09-20 12:00:00,YZ,BIOT,0.0,MW
2050-09-21 13:00:00,YZ,BIOT,0.0,MW
2050-09-22 14:00:00,YZ,BIOT,0.0,MW
2050-09-23 15:00:00,YZ,BIOT,0.0,MW
2050-09-24 16:00:00,YZ,BIOT,0.0,MW
2050-09-25 17:00:00,YZ,BIOT,8.7,MW
2050-09-26 18:00:00,YZ,BIOT,19.0,MW
2050-09-27 19:00:00,YZ,BIOT,19.0,MW
2050-09-28 20:00:00,YZ,BIOT,19.0,MW
2050-09-29 21:00:00,YZ,BIOT,19.0,MW
2050-09-30 22:00:00,YZ,BIOT,19.0,MW
2050-10-01 23:00:00,YZ,BIOT,19.0,MW
2050-10-03 00:00:00,YZ,BIOT,19.0,MW
2050-10-04 01:00:00,YZ,BIOT,19.0,MW
2050-10-05 02:00:00,YZ,BIOT,19.0,MW
2050-10-06 03:00:00,YZ,BIOT,19.0,MW
2050-10-07 04:00:00,YZ,BIOT,19.0,MW
2050-10-08 05:00:00,YZ,BIOT,19.0,MW
2050-10-09 06:00:00,YZ,BIOT,19.0,MW
2050-10-10 07:00:00,YZ,BIOT,19.0,MW
2050-10-11 08:00:00,YZ,BIOT,19.0,MW
2050-10-12 09:00:00,YZ,BIOT,19.0,MW
2050-10-13 10:00:00,YZ,BIOT,5.5,MW
2050-10-14 11:00:00,YZ,BIOT,0.0,MW
2050-10-15 12:00:00,YZ,BIOT,0.0,MW
2050-10-16 13:00:00,YZ,BIOT,0.0,MW
2050-10-17 14:00:00,YZ,BIOT,0.0,MW
2050-10-18 15:00:00,YZ,BIOT,1.8,MW
2050-10-19 16:00:00,YZ,BIOT,4.0,MW
2050-10-20 17:00:00,YZ,BIOT,10.9,MW
2050-10-21 18:00:00,YZ,BIOT,19.0,MW
2050-10-22 19:00:00,YZ,BIOT,10.9,MW
2050-10-23 20:00:00,YZ,BIOT,19.0,MW
2050-10-24 21:00:00,YZ,BIOT,19.0,MW
2050-10-25 22:00:00,YZ,BIOT,19.0,MW
2050-10-26 23:00:00,YZ,BIOT,19.0,MW
2050-10-28 00:00:00,YZ,BIOT,19.0,MW
2050-10-29 01:00:00,YZ,BIOT,19.0,MW
2050-10-30 02:00:00,YZ,BIOT,19.0,MW
2050-10-31 03:00:00,YZ,BIOT,19.0,MW
2050-11-01 04:00:00,YZ,BIOT,19.0,MW
2050-11-02 05:00:00,YZ,BIOT,19.0,MW
2050-11-03 06:00:00,YZ,BIOT,19.0,MW
2050-11-04 07:00:00,YZ,BIOT,19.0,MW
2050-11-05 08:00:00,YZ,BIOT,19.0,MW
2050-11-06 09:00:00,YZ,BIOT,19.0,MW
2050-11-07 10:00:00,YZ,BIOT,19.0,MW
2050-11-08 11:00:00,YZ,BIOT,19.0,MW
2050-11-09 12:00:00,YZ,BIOT,7.2,MW
2050-11-10 13:00:00,YZ,BIOT,14.1,MW
2050-11-11 14:00:00,YZ,BIOT,3.5,MW
2050-11-12 15:00:00,YZ,BIOT,0.0,MW
2050-11-13 16:00:00,YZ,BIOT,6.9,MW
2050-11-14 17:00:00,YZ,BIOT,16.8,MW
2050-11-15 18:00:00,YZ,BIOT,19.0,MW
2050-11-16 19:00:00,YZ,BIOT,19.0,MW
2050-11-17 20:00:00,YZ,BIOT,19.0,MW
2050-11-18 21:00:00,YZ,BIOT,19.0,MW
2050-11-19 22:00:00,YZ,BIOT,8.7,MW
2050-11-20 23:00:00,YZ,BIOT,19.0,MW
2050-11-22 00:00:00,YZ,BIOT,19.0,MW
2050-11-23 01:00:00,YZ,BIOT,19.0,MW
2050-11-24 02:00:00,YZ,BIOT,19.0,MW
2050-11-25 03:00:00,YZ,BIOT,19.0,MW
2050-11-26 04:00:00,YZ,BIOT,19.0,MW
2050-11-27 05:00:00,YZ,BIOT,19.0,MW
2050-11-28 06:00:00,YZ,BIOT,19.0,MW
2050-11-29 07:00:00,YZ,BIOT,19.0,MW
2050-11-30 08:00:00,YZ,BIOT,19.0,MW
2050-12-01 09:00:00,YZ,BIOT,19.0,MW
2050-12-02 10:00:00,YZ,BIOT,16.2,MW
2050-12-03 11:00:00,YZ,BIOT,15.0,MW
2050-12-04 12:00:00,YZ,BIOT,6.9,MW
2050-12-05 13:00:00,YZ,BIOT,15.0,MW
2050-12-06 14:00:00,YZ,BIOT,16.8,MW
2050-12-07 15:00:00,YZ,BIOT,19.0,MW
2050-12-08 16:00:00,YZ,BIOT,7.2,MW
2050-12-09 17:00:00,YZ,BIOT,14.1,MW
2050-12-10 18:00:00,YZ,BIOT,19.0,MW
2050-12-11 19:00:00,YZ,BIOT,19.0,MW
2050-12-12 20:00:00,YZ,BIOT,19.0,MW
2050-12-13 21:00:00,YZ,BIOT,19.0,MW
2050-12-14 22:00:00,YZ,BIOT,19.0,MW
2050-12-15 23:00:00,YZ,BIOT,10.9,MW
2050-12-17 00:00:00,YZ,BIOT,19.0,MW
2050-12-18 01:00:00,YZ,BIOT,19.0,MW
2050-12-19 02:00:00,YZ,BIOT,19.0,MW
2050-12-20 03:00:00,YZ,BIOT,19.0,MW
2050-12-21 04:00:00,YZ,BIOT,19.0,MW
2050-12-22 05:00:00,YZ,BIOT,19.0,MW
2050-12-23 06:00:00,YZ,BIOT,19.0,MW
2050-12-24 07:00:00,YZ,BIOT,19.0,MW
2050-12-25 08:00:00,YZ,BIOT,19.0,MW
2050-12-26 09:00:00,YZ,BIOT,19.0,MW
2050-12-27 10:00:00,YZ,BIOT,19.0,MW
2050-12-28 11:00:00,YZ,BIOT,16.2,MW
2050-12-29 12:00:00,YZ,BIOT,15.0,MW
2050-12-30 13:00:00,YZ,BIOT,4.4,MW
2050-12-31 14:00:00,YZ,BIOT,12.4,MW
2051-01-01 15:00:00,YZ,BIOT,1.8,MW
2050-01-01 00:00:00,YZ,CCGT,3154.8,MW
2050-01-02 01:00:00,YZ,CCGT,3230.6,MW
2050-01-03 02:00:00,YZ,CCGT,4892.5,MW
2050-01-04 03:00:00,YZ,CCGT,4943.6,MW
2050-01-05 04:00:00,YZ,CCGT,1475.0,MW
2050-01-06 05:00:00,YZ,CCGT,3245.0,MW
2050-01-07 06:00:00,YZ,CCGT,2430.4,MW
2050-01-08 07:00:00,YZ,CCGT,1176.4,MW
2050-01-09 08:00:00,YZ,CCGT,0.0,MW
2050-01-10 09:00:00,YZ,CCGT,0.0,MW
2050-01-11 10:00:00,YZ,CCGT,0.0,MW
2050-01-12 11:00:00,YZ,CCGT,0.0,MW
2050-01-13 12:00:00,YZ,CCGT,0.0,MW
2050-01-14 13:00:00,YZ,CCGT,0.0,MW
2050-01-15 14:00:00,YZ,CCGT,0.0,MW
2050-01-16 15:00:00,YZ,CCGT,0.0,MW
2050-01-17 16:00:00,YZ,CCGT,0.0,MW
2050-01-18 17:00:00,YZ,CCGT,0.0,MW
2050-01-19 18:00:00,YZ,CCGT,854.7,MW
2050-01-20 19:00:00,YZ,CCGT,0.0,MW
2050-01-21 20:00:00,YZ,CCGT,0.0,MW
2050-01-22 21:00:00,YZ,CCGT,0.0,MW
2050-01-23 22:00:00,YZ,CCGT,0.0,MW
2050-01-24 23:00:00,YZ,CCGT,251.0,MW
2050-01-26 00:00:00,YZ,CCGT,170.5,MW
2050-01-27 01:00:00,YZ,CCGT,0.0,MW
2050-01-28 02:00:00,YZ,CCGT,0.0,MW
2050-01-29 03:00:00,YZ,CCGT,3872.5,MW
2050-01-30 04:00:00,YZ,CCGT,5133.0,MW
2050-01-31 05:00:00,YZ,CCGT,5133.0,MW
2050-02-01 06:00:00,YZ,CCGT,2064.8,MW
2050-02-02 07:00:00,YZ,CCGT,1475.0,MW
2050-02-03 08:00:00,YZ,CCGT,5056.8,MW
2050-02-04 09:00:00,YZ,CCGT,0.0,MW
2050-02-05 10:00:00,YZ,CCGT,0.0,MW
2050-02-06 11:00:00,YZ,CCGT,0.0,MW
2050-02-07 12:00:00,YZ,CCGT,0.0,MW
2050-02-08 13:00:00,YZ,CCGT,0.0,MW
2050-02-09 14:00:00,YZ,CCGT,0.0,MW
2050-02-10 15:00:00,YZ,CCGT,0.0,MW
2050-02-11 16:00:00,YZ,CCGT,0.0,MW
2050-02-12 17:00:00,YZ,CCGT,0.0,MW
2050-02-13 18:00:00,YZ,CCGT,0.0,MW
2050-02-14 19:00:00,YZ,CCGT,298.1,MW
2050-02-15 20:00:00,YZ,CCGT,429.2,MW
2050-02-16 21:00:00,YZ,CCGT,0.0,MW
2050-02-17 22:00:00,YZ,CCGT,0.0,MW
2050-02-18 23:00:00,YZ,CCGT,354.1,MW
2050-02-20 00:00:00,YZ,CCGT,5133.0,MW
2050-02-21 01:00:00,YZ,CCGT,5133.0,MW
2050-02-22 02:00:00,YZ,CCGT,1655.4,MW
2050-02-23 03:00:00,YZ,CCGT,0.0,MW
2050-02-24 04:00:00,YZ,CCGT,0.0,MW
2050-02-25 05:00:00,YZ,CCGT,1475.0,MW
2050-02-26 06:00:00,YZ,CCGT,868.1,MW
2050-02-27 07:00:00,YZ,CCGT,0.0,MW
2050-02-28 08:00:00,YZ,CCGT,0.0,MW
2050-03-01 09:00:00,YZ,CCGT,0.0,MW
2050-03-02 10:00:00,YZ,CCGT,0.0,MW
2050-03-03 11:00:00,YZ,CCGT,0.0,MW
2050-03-04 12:00:00,YZ,CCGT,0.0,MW
2050-03-05 13:00:00,YZ,CCGT,0.0,MW
2050-03-06 14:00:00,YZ,CCGT,0.0,MW
2050-03-07 15:00:00,YZ,CCGT,0.0,MW
2050-03-08 16:00:00,YZ,CCGT,0.0,MW
2050-03-09 17:00:00,YZ,CCGT,0.0,MW
2050-03-10 18:00:00,YZ,CCGT,0.0,MW
2050-03-11 19:00:00,YZ,CCGT,0.0,MW
2050-03-12 20:00:00,YZ,CCGT,0.0,MW
2050-03-13 21:00:00,YZ,CCGT,0.0,MW
2050-03-14 22:00:00,YZ,CCGT,203.7,MW
2050-03-15 23:00:00,YZ,CCGT,0.0,MW
2050-03-17 00:00:00,YZ,CCGT,0.0,MW
2050-03-18 01:00:00,YZ,CCGT,0.0,MW
2050-03-19 02:00:00,YZ,CCGT,0.0,MW
2050-03-20 03:00:00,YZ,CCGT,1474.1,MW
2050-03-21 04:00:00,YZ,CCGT,2567.6,MW
2050-03-22 05:00:00,YZ,CCGT,0.0,MW
2050-03-23 06:00:00,YZ,CCGT,317.3,MW
2050-03-24 07:00:00,YZ,CCGT,0.0,MW
2050-03-25 08:00:00,YZ,CCGT,0.0,MW
2050-03-26 09:00:00,YZ,CCGT,0.0,MW
2050-03-27 10:00:00,YZ,CCGT,0.0,MW
2050-03-28 11:00:00,YZ,CCGT,0.0,MW
2050-03-29 12:00:00,YZ,CCGT,0.0,MW
2050-03-30 13:00:00,YZ,CCGT,0.0,MW
2050-03-31 14:00:00,YZ,CCGT,0.0,MW
2050-04-01 15:00:00,YZ,CCGT,0.0,MW
2050-04-02 16:00:00,YZ,CCGT,0.0,MW
2050-04-03 17:00:00,YZ,CCGT,0.0,MW
2050-04-04 18:00:00,YZ,CCGT,0.0,MW
2050-04-05 19:00:00,YZ,CCGT,0.0,MW
2050-04-06 20:00:00,YZ,CCGT,0.0,MW
2050-04-07 21:00:00,YZ,CCGT,0.0,MW
2050-04-08 22:00:00,YZ,CCGT,0.0,MW
2050-04-09 23:00:00,YZ,CCGT,0.0,MW
2050-04-11 00:00:00,YZ,CCGT,0.0,MW
2050-04-12 01:00:00,YZ,CCGT,391.9,MW
2050-04-13 02:00:00,YZ,CCGT,0.0,MW
2050-04-14 03:00:00,YZ,CCGT,0.0,MW
2050-04-15 04:00:00,YZ,CCGT,342.6,MW
2050-04-16 05:00:00,YZ,CCGT,1060.0,MW
2050-04-17 06:00:00,YZ,CCGT,3402.9,MW
2050-04-18 07:00:00,YZ,CCGT,0.0,MW
2050-04-19 08:00:00,YZ,CCGT,0.0,MW
2050-04-20 09:00:00,YZ,CCGT,0.0,MW
2050-04-21 10:00:00,YZ,CCGT,0.0,MW
2050-04-22 11:00:00,YZ,CCGT,0.0,MW
2050-04-23 12:00:00,YZ,CCGT,0.0,MW
2050-04-24 13:00:00,YZ,CCGT,0.0,MW
2050-04-25 14:00:00,YZ,CCGT,0.0,MW
2050-04-26 15:00:00,YZ,CCGT,0.0,MW
2050-04-27 16:00:00,YZ,CCGT,0.0,MW
2050-04-28 17:00:00,YZ,CCGT,0.0,MW
2050-04-29 18:00:00,YZ,CCGT,0.0,MW
2050-04-30 19:00:00,YZ,CCGT,0.0,MW
2050-05-01 20:00:00,YZ,CCGT,0.0,MW
2050-05-02 21:00:00,YZ,CCGT,0.0,MW
2050-05-03 22:00:00,YZ,CCGT,0.0,MW
2050-05-04 23:00:00,YZ,CCGT,0.0,MW
2050-05-06 00:00:00,YZ,CCGT,0.0,MW
2050-05-07 01:00:00,YZ,CCGT,1003.7,MW
2050-05-08 02:00:00,YZ,CCGT,274.2,MW
2050-05-09 03:00:00,YZ,CCGT,504.7,MW
2050-05-10 04:00:00,YZ,CCGT,754.4,MW
2050-05-11 05:00:00,YZ,CCGT,0.0,MW
2050-05-12 06:00:00,YZ,CCGT,0.0,MW
2050-05-13 07:00:00,YZ,CCGT,0.0,MW
2050-05-14 08:00:00,YZ,CCGT,0.0,MW
2050-05-15 09:00:00,YZ,CCGT,0.0,MW
2050-05-16 10:00:00,YZ,CCGT,0.0,MW
2050-05-17 11:00:00,YZ,CCGT,0.0,MW
2050-05-18 12:00:00,YZ,CCGT,0.0,MW
2050-05-19 13:00:00,YZ,CCGT,0.0,MW
2050-05-20 14:00:00,YZ,CCGT,0.0,MW
2050-05-21 15:00:00,YZ,CCGT,0.0,MW
2050-05-22 16:00:00,YZ,CCGT,0.0,MW
2050-05-23 17:00:00,YZ,CCGT,0.0,MW
2050-05-24 18:00:00,YZ,CCGT,0.0,MW
2050-05-25 19:00:00,YZ,CCGT,98.5,MW
2050-05-26 20:00:00,YZ,CCGT,0.0,MW
2050-05-27 21:00:00,YZ,CCGT,0.0,MW
2050-05-28 22:00:00,YZ,CCGT,0.0,MW
2050-05-29 23:00:00,YZ,CCGT,0.0,MW
2050-05-31 00:00:00,YZ,CCGT,113.6,MW
2050-06-01 01:00:00,YZ,CCGT,35.4,MW
2050-06-02 02:00:00,YZ,CCGT,0.0,MW
2050-06-03 03:00:00,YZ,CCGT,157.3,MW
2050-06-04 04:00:00,YZ,CCGT,0.0,MW
2050-06-05 05:00:00,YZ,CCGT,0.0,MW
2050-06-06 06:00:00,YZ,CCGT,3388.6,MW
2050-06-07 07:00:00,YZ,CCGT,0.0,MW
2050-06-08 08:00:00,YZ,CCGT,0.0,MW
2050-06-09 09:00:00,YZ,CCGT,308.3,MW
2050-06-10 10:00:00,YZ,CCGT,0.0,MW
2050-06-11 11:00:00,YZ,CCGT,0.0,MW
2050-06-12 12:00:00,YZ,CCGT,0.0,MW
2050-06-13 13:00:00,YZ,CCGT,0.0,MW
2050-06-14 14:00:00,YZ,CCGT,0.0,MW
2050-06-15 15:00:00,YZ,CCGT,0.0,MW
2050-06-16 16:00:00,YZ,CCGT,0.0,MW
2050-06-17 17:00:00,YZ,CCGT,0.0,MW
2050-06-18 18:00:00,YZ,CCGT,0.0,MW
2050-06-19 19:00:00,YZ,CCGT,0.0,MW
2050-06-20 20:00:00,YZ,CCGT,0.0,MW
2050-06-21 21:00:00,YZ,CCGT,0.0,MW
2050-06-22 22:00:00,YZ,CCGT,0.0,MW
2050-06-23 23:00:00,YZ,CCGT,0.0,MW
2050-06-25 00:00:00,YZ,CCGT,0.0,MW
2050-06-26 01:00:00,YZ,CCGT,0.0,MW
2050-06-27 02:00:00,YZ,CCGT,0.0,MW
2050-06-28 03:00:00,YZ,CCGT,0.0,MW
2050-06-29 04:00:00,YZ,CCGT,408.6,MW
2050-06-30 05:00:00,YZ,CCGT,595.7,MW
2050-07-01 06:00:00,YZ,CCGT,192.3,MW
2050-07-02 07:00:00,YZ,CCGT,100.9,MW
2050-07-03 08:00:00,YZ,CCGT,199.7,MW
2050-07-04 09:00:00,YZ,CCGT,0.0,MW
2050-07-05 10:00:00,YZ,CCGT,0.0,MW
2050-07-06 11:00:00,YZ,CCGT,0.0,MW
2050-07-07 12:00:00,YZ,CCGT,0.0,MW
2050-07-08 13:00:00,YZ,CCGT,0.0,MW
2050-07-09 14:00:00,YZ,CCGT,0.0,MW
2050-07-10 15:00:00,YZ,CCGT,0.0,MW
2050-07-11 16:00:00,YZ,CCGT,0.0,MW
2050-07-12 17:00:00,YZ,CCGT,0.0,MW
2050-07-13 18:00:00,YZ,CCGT,0.0,MW
2050-07-14 19:00:00,YZ,CCGT,0.0,MW
2050-07-15 20:00:00,YZ,CCGT,0.0,MW
2050-07-16 21:00:00,YZ,CCGT,0.0,MW
2050-07-17 22:00:00,YZ,CCGT,0.0,MW
2050-07-18 23:00:00,YZ,CCGT,0.0,MW
2050-07-20 00:00:00,YZ,CCGT,0.0,MW
2050-07-21 01:00:00,YZ,CCGT,0.0,MW
2050-07-22 02:00:00,YZ,CCGT,0.0,MW
2050-07-23 03:00:00,YZ,CCGT,6.9,MW
2050-07-24 04:00:00,YZ,CCGT,1219.6,MW
2050-07-25 05:00:00,YZ,CCGT,894.5,MW
2050-07-26 06:00:00,YZ,CCGT,0.0,MW
2050-07-27 07:00:00,YZ,CCGT,0.0,MW
2050-07-28 08:00:00,YZ,CCGT,0.0,MW
2050-07-29 09:00:00,YZ,CCGT,0.0,MW
2050-07-30 10:00:00,YZ,CCGT,0.0,MW
2050-07-31 11:00:00,YZ,CCGT,0.0,MW
2050-08-01 12:00:00,YZ,CCGT,0.0,MW
2050-08-02 13:00:00,YZ,CCGT,0.0,MW
2050-08-03 14:00:00,YZ,CCGT,0.0,MW
2050-08-04 15:00:00,YZ,CCGT,0.0,MW
2050-08-05 16:00:00,YZ,CCGT,0.0,MW
2050-08-06 17:00:00,YZ,CCGT,0.0,MW
2050-08-07 18:00:00,YZ,CCGT,0.0,MW
2050-08-08 19:00:00,YZ,CCGT,0.0,MW
2050-08-09 20:00:00,YZ,CCGT,0.0,MW
2050-08-10 21:00:00,YZ,CCGT,0.0,MW
2050-08-11 22:00:00,YZ,CCGT,0.0,MW
2050-08-12 23:00:00,YZ,CCGT,0.0,MW
2050-08-14 00:00:00,YZ,CCGT,0.0,MW
2050-08-15 01:00:00,YZ,CCGT,0.0,MW
2050-08-16 02:00:00,YZ,CCGT,1224.9,MW
2050-08-17 03:00:00,YZ,CCGT,4407.4,MW
2050-08-18 04:00:00,YZ,CCGT,923.8,MW
2050-08-19 05:00:00,YZ,CCGT,0.0,MW
2050-08-20 06:00:00,YZ,CCGT,0.0,MW
2050-08-21 07:00:00,YZ,CCGT,0.0,MW
2050-08-22 08:00:00,YZ,CCGT,0.0,MW
2050-08-23 09:00:00,YZ,CCGT,0.0,MW
2050-08-24 10:00:00,YZ,CCGT,0.0,MW
2050-08-25 11:00:00,YZ,CCGT,0.0,MW
2050-08-26 12:00:00,YZ,CCGT,0.0,MW
2050-08-27 13:00:00,YZ,CCGT,0.0,MW
2050-08-28 14:00:00,YZ,CCGT,0.0,MW
2050-08-29 15:00:00,YZ,CCGT,0.0,MW
2050-08-30 16:00:00,YZ,CCGT,0.0,MW
2050-08-31 17:00:00,YZ,CCGT,0.0,MW
2050-09-01 18:00:00,YZ,CCGT,0.0,MW
2050-09-02 19:00:00,YZ,CCGT,0.0,MW
2050-09-03 20:00:00,YZ,CCGT,0.0,MW
2050-09-04 21:00:00,YZ,CCGT,0.0,MW
2050-09-05 22:00:00,YZ,CCGT,0.0,MW
2050-09-06 23:00:00,YZ,CCGT,0.0,MW
2050-09-08 00:00:00,YZ,CCGT,0.0,MW
2050-09-09 01:00:00,YZ,CCGT,0.0,MW
2050-09-10 02:00:00,YZ,CCGT,0.0,MW
2050-09-11 03:00:00,YZ,CCGT,705.7,MW
2050-09-12 04:00:00,YZ,CCGT,735.1,MW
2050-09-13 05:00:00,YZ,CCGT,623.7,MW
2050-09-14 06:00:00,YZ,CCGT,167.5,MW
2050-09-15 07:00:00,YZ,CCGT,1319.5,MW
2050-09-16 08:00:00,YZ,CCGT,0.0,MW
2050-09-17 09:00:00,YZ,CCGT,0.0,MW
2050-09-18 10:00:00,YZ,CCGT,0.0,MW
2050-09-19 11:00:00,YZ,CCGT,0.0,MW
2050-09-20 12:00:00,YZ,CCGT,0.0,MW
2050-09-21 13:00:00,YZ,CCGT,0.0,MW
2050-09-22 14:00:00,YZ,CCGT,0.0,MW
2050-09-23 15:00:00,YZ,CCGT,0.0,MW
2050-09-24 16:00:00,YZ,CCGT,0.0,MW
2050-09-25 17:00:00,YZ,CCGT,0.0,MW
2050-09-26 18:00:00,YZ,CCGT,0.0,MW
2050-09-27 19:00:00,YZ,CCGT,0.0,MW
2050-09-28 20:00:00,YZ,CCGT,0.0,MW
2050-09-29 21:00:00,YZ,CCGT,0.0,MW
2050-09-30 22:00:00,YZ,CCGT,0.0,MW
2050-10-01 23:00:00,YZ,CCGT,0.0,MW
2050-10-03 00:00:00,YZ,CCGT,198.6,MW
2050-10-04 01:00:00,YZ,CCGT,1276.0,MW
2050-10-05 02:00:00,YZ,CCGT,0.0,MW
2050-10-06 03:00:00,YZ,CCGT,0.0,MW
2050-10-07 04:00:00,YZ,CCGT,0.0,MW
2050-10-08 05:00:00,YZ,CCGT,0.0,MW
2050-10-09 06:00:00,YZ,CCGT,520.8,MW
2050-10-10 07:00:00,YZ,CCGT,4750.4,MW
2050-10-11 08:00:00,YZ,CCGT,1837.6,MW
2050-10-12 09:00:00,YZ,CCGT,0.0,MW
2050-10-13 10:00:00,YZ,CCGT,0.0,MW
2050-10-14 11:00:00,YZ,CCGT,0.0,MW
2050-10-15 12:00:00,YZ,CCGT,0.0,MW
2050-10-16 13:00:00,YZ,CCGT,0.0,MW
2050-10-17 14:00:00,YZ,CCGT,0.0,MW
2050-10-18 15:00:00,YZ,CCGT,0.0,MW
2050-10-19 16:00:00,YZ,CCGT,0.0,MW
2050-10-20 17:00:00,YZ,CCGT,0.0,MW
2050-10-21 18:00:00,YZ,CCGT,0.0,MW
2050-10-22 19:00:00,YZ,CCGT,0.0,MW
2050-10-23 20:00:00,YZ,CCGT,0.0,MW
2050-10-24 21:00:00,YZ,CCGT,0.0,MW
2050-10-25 22:00:00,YZ,CCGT,0.0,MW
2050-10-26 23:00:00,YZ,CCGT,0.0,MW
2050-10-28 00:00:00,YZ,CCGT,115.0,MW
2050-10-29 01:00:00,YZ,CCGT,737.2,MW
2050-10-30 02:00:00,YZ,CCGT,1475.0,MW
2050-10-31 03:00:00,YZ,CCGT,1172.7,MW
2050-11-01 04:00:00,YZ,CCGT,532.5,MW
2050-11-02 05:00:00,YZ,CCGT,630.7,MW
2050-11-03 06:00:00,YZ,CCGT,582.8,MW
2050-11-04 07:00:00,YZ,CCGT,0.0,MW
2050-11-05 08:00:00,YZ,CCGT,0.0,MW
2050-11-06 09:00:00,YZ,CCGT,0.0,MW
2050-11-07 10:00:00,YZ,CCGT,0.0,MW
2050-11-08 11:00:00,YZ,CCGT,0.0,MW
2050-11-09 12:00:00,YZ,CCGT,0.0,MW
2050-11-10 13:00:00,YZ,CCGT,0.0,MW
2050-11-11 14:00:00,YZ,CCGT,0.0,MW
2050-11-12 15:00:00,YZ,CCGT,0.0,MW
2050-11-13 16:00:00,YZ,CCGT,0.0,MW
2050-11-14 17:00:00,YZ,CCGT,0.0,MW
2050-11-15 18:00:00,YZ,CCGT,2397.8,MW
2050-11-16 19:00:00,YZ,CCGT,0.0,MW
2050-11-17 20:00:00,YZ,CCGT,0.0,MW
2050-11-18 21:00:00,YZ,CCGT,295.9,MW
2050-11-19 22:00:00,YZ,CCGT,0.0,MW
2050-11-20 23:00:00,YZ,CCGT,0.0,MW
2050-11-22 00:00:00,YZ,CCGT,0.0,MW
2050-11-23 01:00:00,YZ,CCGT,0.0,MW
2050-11-24 02:00:00,YZ,CCGT,1475.0,MW
2050-11-25 03:00:00,YZ,CCGT,0.0,MW
2050-11-26 04:00:00,YZ,CCGT,271.3,MW
2050-11-27 05:00:00,YZ,CCGT,86.8,MW
2050-11-28 06:00:00,YZ,CCGT,0.0,MW
2050-11-29 07:00:00,YZ,CCGT,3125.6,MW
2050-11-30 08:00:00,YZ,CCGT,0.0,MW
2050-12-01 09:00:00,YZ,CCGT,0.0,MW
2050-12-02 10:00:00,YZ,CCGT,0.0,MW
2050-12-03 11:00:00,YZ,CCGT,0.0,MW
2050-12-04 12:00:00,YZ,CCGT,0.0,MW
2050-12-05 13:00:00,YZ,CCGT,0.0,MW
2050-12-06 14:00:00,YZ,CCGT,0.0,MW
2050-12-07 15:00:00,YZ,CCGT,0.0,MW
2050-12-08 16:00:00,YZ,CCGT,0.0,MW
2050-12-09 17:00:00,YZ,CCGT,0.0,MW
2050-12-10 18:00:00,YZ,CCGT,0.0,MW
2050-12-11 19:00:00,YZ,CCGT,232.9,MW
2050-12-12 20:00:00,YZ,CCGT,723.8,MW
2050-12-13 21:00:00,YZ,CCGT,424.2,MW
2050-12-14 22:00:00,YZ,CCGT,468.0,MW
2050-12-15 23:00:00,YZ,CCGT,805.1,MW
2050-12-17 00:00:00,YZ,CCGT,0.0,MW
2050-12-18 01:00:00,YZ,CCGT,798.6,MW
2050-12-19 02:00:00,YZ,CCGT,2226.2,MW
2050-12-20 03:00:00,YZ,CCGT,0.0,MW
2050-12-21 04:00:00,YZ,CCGT,855.8,MW
2050-12-22 05:00:00,YZ,CCGT,0.0,MW
2050-12-23 06:00:00,YZ,CCGT,816.7,MW
2050-12-24 07:00:00,YZ,CCGT,1412.2,MW
2050-12-25 08:00:00,YZ,CCGT,21.7,MW
2050-12-26 09:00:00,YZ,CCGT,0.0,MW
2050-12-27 10:00:00,YZ,CCGT,0.0,MW
2050-12-28 11:00:00,YZ,CCGT,0.0,MW
2050-12-29 12:00:00,YZ,CCGT,0.0,MW
2050-12-30 13:00:00,YZ,CCGT,0.0,MW
2050-12-31 14:00:00,YZ,CCGT,0.0,MW
2051-01-01 15:00:00,YZ,CCGT,0.0,MW
2050-01-01 00:00:00,YZ,OCGT,697.3,MW
2050-01-02 01:00:00,YZ,OCGT,0.0,MW
2050-01-03 02:00:00,YZ,OCGT,0.0,MW
2050-01-04 03:00:00,YZ,OCGT,0.0,MW
2050-01-05 04:00:00,YZ,OCGT,472.1,MW
2050-01-06 05:00:00,YZ,OCGT,1056.7,MW
2050-01-07 06:00:00,YZ,OCGT,689.6,MW
2050-01-08 07:00:00,YZ,OCGT,0.0,MW
2050-01-09 08:00:00,YZ,OCGT,0.0,MW
2050-01-10 09:00:00,YZ,OCGT,0.0,MW
2050-01-11 10:00:00,YZ,OCGT,0.0,MW
2050-01-12 11:00:00,YZ,OCGT,0.0,MW
2050-01-13 12:00:00,YZ,OCGT,0.0,MW
2050-01-14 13:00:00,YZ,OCGT,0.0,MW
2050-01-15 14:00:00,YZ,OCGT,0.0,MW
2050-01-16 15:00:00,YZ,OCGT,0.0,MW
2050-01-17 16:00:00,YZ,OCGT,0.0,MW
2050-01-18 17:00:00,YZ,OCGT,0.0,MW
2050-01-19 18:00:00,YZ,OCGT,0.0,MW
2050-01-20 19:00:00,YZ,OCGT,0.0,MW
2050-01-21 20:00:00,YZ,OCGT,0.0,MW
2050-01-22 21:00:00,YZ,OCGT,0.0,MW
2050-01-23 22:00:00,YZ,OCGT,0.0,MW
2050-01-24 23:00:00,YZ,OCGT,0.0,MW
2050-01-26 00:00:00,YZ,OCGT,0.0,MW
2050-01-27 01:00:00,YZ,OCGT,0.0,MW
2050-01-28 02:00:00,YZ,OCGT,0.0,MW
2050-01-29 03:00:00,YZ,OCGT,0.0,MW
2050-01-30 04:00:00,YZ,OCGT,733.6,MW
2050-01-31 05:00:00,YZ,OCGT,1288.4,MW
2050-02-01 06:00:00,YZ,OCGT,436.5,MW
2050-02-02 07:00:00,YZ,OCGT,176.5,MW
2050-02-03 08:00:00,YZ,OCGT,0.0,MW
2050-02-04 09:00:00,YZ,OCGT,0.0,MW
2050-02-05 10:00:00,YZ,OCGT,0.0,MW
2050-02-06 11:00:00,YZ,OCGT,0.0,MW
2050-02-07 12:00:00,YZ,OCGT,0.0,MW
2050-02-08 13:00:00,YZ,OCGT,0.0,MW
2050-02-09 14:00:00,YZ,OCGT,0.0,MW
2050-02-10 15:00:00,YZ,OCGT,0.0,MW
2050-02-11 16:00:00,YZ,OCGT,0.0,MW
2050-02-12 17:00:00,YZ,OCGT,0.0,MW
2050-02-13 18:00:00,YZ,OCGT,0.0,MW
2050-02-14 19:00:00,YZ,OCGT,0.0,MW
2050-02-15 20:00:00,YZ,OCGT,0.0,MW
2050-02-16 21:00:00,YZ,OCGT,0.0,MW
2050-02-17 22:00:00,YZ,OCGT,0.0,MW
2050-02-18 23:00:00,YZ,OCGT,0.0,MW
2050-02-20 00:00:00,YZ,OCGT,471.0,MW
2050-02-21 01:00:00,YZ,OCGT,94.8,MW
2050-02-22 02:00:00,YZ,OCGT,0.0,MW
2050-02-23 03:00:00,YZ,OCGT,0.0,MW
2050-02-24 04:00:00,YZ,OCGT,0.0,MW
2050-02-25 05:00:00,YZ,OCGT,393.8,MW
2050-02-26 06:00:00,YZ,OCGT,0.0,MW
2050-02-27 07:00:00,YZ,OCGT,0.0,MW
2050-02-28 08:00:00,YZ,OCGT,0.0,MW
2050-03-01 09:00:00,YZ,OCGT,0.0,MW
2050-03-02 10:00:00,YZ,OCGT,0.0,MW
2050-03-03 11:00:00,YZ,OCGT,0.0,MW
2050-03-04 12:00:00,YZ,OCGT,0.0,MW
2050-03-05 13:00:00,YZ,OCGT,0.0,MW
2050-03-06 14:00:00,YZ,OCGT,0.0,MW
2050-03-07 15:00:00,YZ,OCGT,0.0,MW
2050-03-08 16:00:00,YZ,OCGT,0.0,MW
2050-03-09 17:00:00,YZ,OCGT,0.0,MW
2050-03-10 18:00:00,YZ,OCGT,0.0,MW
2050-03-11 19:00:00,YZ,OCGT,0.0,MW
2050-03-12 20:00:00,YZ,OCGT,0.0,MW
2050-03-13 21:00:00,YZ,OCGT,0.0,MW
2050-03-14 22:00:00,YZ,OCGT,0.0,MW
2050-03-15 23:00:00,YZ,OCGT,0.0,MW
2050-03-17 00:00:00,YZ,OCGT,0.0,MW
2050-03-18 01:00:00,YZ,OCGT,0.0,MW
2050-03-19 02:00:00,YZ,OCGT,0.0,MW
2050-03-20 03:00:00,YZ,OCGT,0.0,MW
2050-03-21 04:00:00,YZ,OCGT,0.0,MW
2050-03-22 05:00:00,YZ,OCGT,0.0,MW
2050-03-23 06:00:00,YZ,OCGT,0.0,MW
2050-03-24 07:00:00,YZ,OCGT,0.0,MW
2050-03-25 08:00:00,YZ,OCGT,0.0,MW
2050-03-26 09:00:00,YZ,OCGT,0.0,MW
2050-03-27 10:00:00,YZ,OCGT,0.0,MW
2050-03-28 11:00:00,YZ,OCGT,0.0,MW
2050-03-29 12:00:00,YZ,OCGT,0.0,MW
2050-03-30 13:00:00,YZ,OCGT,0.0,MW
2050-03-31 14:00:00,YZ,OCGT,0.0,MW
2050-04-01 15:00:00,YZ,OCGT,0.0,MW
2050-04-02 16:00:00,YZ,OCGT,0.0,MW
2050-04-03 17:00:00,YZ,OCGT,0.0,MW
2050-04-04 18:00:00,YZ,OCGT,0.0,MW
2050-04-05 19:00:00,YZ,OCGT,0.0,MW
2050-04-06 20:00:00,YZ,OCGT,0.0,MW
2050-04-07 21:00:00,YZ,OCGT,0.0,MW
2050-04-08 22:00:00,YZ,OCGT,0.0,MW
2050-04-09 23:00:00,YZ,OCGT,0.0,MW
2050-04-11 00:00:00,YZ,OCGT,0.0,MW
2050-04-12 01:00:00,YZ,OCGT,0.0,MW
2050-04-13 02:00:00,YZ,OCGT,0.0,MW
2050-04-14 03:00:00,YZ,OCGT,0.0,MW
2050-04-15 04:00:00,YZ,OCGT,0.0,MW
2050-04-16 05:00:00,YZ,OCGT,0.0,MW
2050-04-17 06:00:00,YZ,OCGT,26.5,MW
2050-04-18 07:00:00,YZ,OCGT,0.0,MW
2050-04-19 08:00:00,YZ,OCGT,0.0,MW
2050-04-20 09:00:00,YZ,OCGT,0.0,MW
2050-04-21 10:00:00,YZ,OCGT,0.0,MW
2050-04-22 11:00:00,YZ,OCGT,0.0,MW
2050-04-23 12:00:00,YZ,OCGT,0.0,MW
2050-04-24 13:00:00,YZ,OCGT,0.0,MW
2050-04-25 14:00:00,YZ,OCGT,0.0,MW
2050-04-26 15:00:00,YZ,OCGT,0.0,MW
2050-04-27 16:00:00,YZ,OCGT,0.0,MW
2050-04-28 17:00:00,YZ,OCGT,0.0,MW
2050-04-29 18:00:00,YZ,OCGT,0.0,MW
2050-04-30 19:00:00,YZ,OCGT,0.0,MW
2050-05-01 20:00:00,YZ,OCGT,0.0,MW
2050-05-02 21:00:00,YZ,OCGT,0.0,MW
2050-05-03 22:00:00,YZ,OCGT,0.0,MW
2050-05-04 23:00:00,YZ,OCGT,0.0,MW
2050-05-06 00:00:00,YZ,OCGT,0.0,MW
2050-05-07 01:00:00,YZ,OCGT,0.0,MW
2050-05-08 02:00:00,YZ,OCGT,0.0,MW
2050-05-09 03:00:00,YZ,OCGT,0.0,MW
2050-05-10 04:00:00,YZ,OCGT,0.0,MW
2050-05-11 05:00:00,YZ,OCGT,0.0,MW
2050-05-12 06:00:00,YZ,OCGT,0.0,MW
2050-05-13 07:00:00,YZ,OCGT,0.0,MW
2050-05-14 08:00:00,YZ,OCGT,0.0,MW
2050-05-15 09:00:00,YZ,OCGT,0.0,MW
2050-05-16 10:00:00,YZ,OCGT,0.0,MW
2050-05-17 11:00:00,YZ,OCGT,0.0,MW
2050-05-18 12:00:00,YZ,OCGT,0.0,MW
2050-05-19 13:00:00,YZ,OCGT,0.0,MW
2050-05-20 14:00:00,YZ,OCGT,0.0,MW
2050-05-21 15:00:00,YZ,OCGT,0.0,MW
2050-05-22 16:00:00,YZ,OCGT,0.0,MW
2050-05-23 17:00:00,YZ,OCGT,0.0,MW
2050-05-24 18:00:00,YZ,OCGT,0.0,MW
2050-05-25 19:00:00,YZ,OCGT,0.0,MW
2050-05-26 20:00:00,YZ,OCGT,0.0,MW
2050-05-27 21:00:00,YZ,OCGT,0.0,MW
2050-05-28 22:00:00,YZ,OCGT,0.0,MW
2050-05-29 23:00:00,YZ,OCGT,0.0,MW
2050-05-31 00:00:00,YZ,OCGT,0.0,MW
2050-06-01 01:00:00,YZ,OCGT,0.0,MW
2050-06-02 02:00:00,YZ,OCGT,0.0,MW
2050-06-03 03:00:00,YZ,OCGT,0.0,MW
2050-06-04 04:00:00,YZ,OCGT,0.0,MW
2050-06-05 05:00:00,YZ,OCGT,0.0,MW
2050-06-06 06:00:00,YZ,OCGT,0.0,MW
2050-06-07 07:00:00,YZ,OCGT,0.0,MW
2050-06-08 08:00:00,YZ,OCGT,0.0,MW
2050-06-09 09:00:00,YZ,OCGT,0.0,MW
2050-06-10 10:00:00,YZ,OCGT,0.0,MW
2050-06-11 11:00:00,YZ,OCGT,0.0,MW
2050-06-12 12:00:00,YZ,OCGT,0.0,MW
2050-06-13 13:00:00,YZ,OCGT,0.0,MW
2050-06-14 14:00:00,YZ,OCGT,0.0,MW
2050-06-15 15:00:00,YZ,OCGT,0.0,MW
2050-06-16 16:00:00,YZ,OCGT,0.0,MW
2050-06-17 17:00:00,YZ,OCGT,0.0,MW
2050-06-18 18:00:00,YZ,OCGT,0.0,MW
2050-06-19 19:00:00,YZ,OCGT,0.0,MW
2050-06-20 20:00:00,YZ,OCGT,0.0,MW
2050-06-21 21:00:00,YZ,OCGT,0.0,MW
2050-06-22 22:00:00,YZ,OCGT,0.0,MW
2050-06-23 23:00:00,YZ,OCGT,0.0,MW
2050-06-25 00:00:00,YZ,OCGT,0.0,MW
2050-06-26 01:00:00,YZ,OCGT,0.0,MW
2050-06-27 02:00:00,YZ,OCGT,0.0,MW
2050-06-28 03:00:00,YZ,OCGT,0.0,MW
2050-06-29 04:00:00,YZ,OCGT,0.0,MW
2050-06-30 05:00:00,YZ,OCGT,0.0,MW
2050-07-01 06:00:00,YZ,OCGT,0.0,MW
2050-07-02 07:00:00,YZ,OCGT,0.0,MW
2050-07-03 08:00:00,YZ,OCGT,0.0,MW
2050-07-04 09:00:00,YZ,OCGT,0.0,MW
2050-07-05 10:00:00,YZ,OCGT,0.0,MW
2050-07-06 11:00:00,YZ,OCGT,0.0,MW
2050-07-07 12:00:00,YZ,OCGT,0.0,MW
2050-07-08 13:00:00,YZ,OCGT,0.0,MW
2050-07-09 14:00:00,YZ,OCGT,0.0,MW
2050-07-10 15:00:00,YZ,OCGT,0.0,MW
2050-07-11 16:00:00,YZ,OCGT,0.0,MW
2050-07-12 17:00:00,YZ,OCGT,0.0,MW
2050-07-13 18:00:00,YZ,OCGT,0.0,MW
2050-07-14 19:00:00,YZ,OCGT,0.0,MW
2050-07-15 20:00:00,YZ,OCGT,0.0,MW
2050-07-16 21:00:00,YZ,OCGT,0.0,MW
2050-07-17 22:00:00,YZ,OCGT,0.0,MW
2050-07-18 23:00:00,YZ,OCGT,0.0,MW
2050-07-20 00:00:00,YZ,OCGT,0.0,MW
2050-07-21 01:00:00,YZ,OCGT,0.0,MW
2050-07-22 02:00:00,YZ,OCGT,0.0,MW
2050-07-23 03:00:00,YZ,OCGT,0.0,MW
2050-07-24 04:00:00,YZ,OCGT,0.0,MW
2050-07-25 05:00:00,YZ,OCGT,0.0,MW
2050-07-26 06:00:00,YZ,OCGT,0.0,MW
2050-07-27 07:00:00,YZ,OCGT,0.0,MW
2050-07-28 08:00:00,YZ,OCGT,0.0,MW
2050-07-29 09:00:00,YZ,OCGT,0.0,MW
2050-07-30 10:00:00,YZ,OCGT,0.0,MW
2050-07-31 11:00:00,YZ,OCGT,0.0,MW
2050-08-01 12:00:00,YZ,OCGT,0.0,MW
2050-08-02 13:00:00,YZ,OCGT,0.0,MW
2050-08-03 14:00:00,YZ,OCGT,0.0,MW
2050-08-04 15:00:00,YZ,OCGT,0.0,MW
2050-08-05 16:00:00,YZ,OCGT,0.0,MW
2050-08-06 17:00:00,YZ,OCGT,0.0,MW
2050-08-07 18:00:00,YZ,OCGT,0.0,MW
2050-08-08 19:00:00,YZ,OCGT,0.0,MW
2050-08-09 20:00:00,YZ,OCGT,0.0,MW
2050-08-10 21:00:00,YZ,OCGT,0.0,MW
2050-08-11 22:00:00,YZ,OCGT,0.0,MW
2050-08-12 23:00:00,YZ,OCGT,0.0,MW
2050-08-14 00:00:00,YZ,OCGT,0.0,MW
2050-08-15 01:00:00,YZ,OCGT,0.0,MW
2050-08-16 02:00:00,YZ,OCGT,0.0,MW
2050-08-17 03:00:00,YZ,OCGT,0.0,MW
2050-08-18 04:00:00,YZ,OCGT,0.0,MW
2050-08-19 05:00:00,YZ,OCGT,0.0,MW
2050-08-20 06:00:00,YZ,OCGT,0.0,MW
2050-08-21 07:00:00,YZ,OCGT,0.0,MW
2050-08-22 08:00:00,YZ,OCGT,0.0,MW
2050-08-23 09:00:00,YZ,OCGT,0.0,MW
2050-08-24 10:00:00,YZ,OCGT,0.0,MW
2050-08-25 11:00:00,YZ,OCGT,0.0,MW
2050-08-26 12:00:00,YZ,OCGT,0.0,MW
2050-08-27 13:00:00,YZ,OCGT,0.0,MW
2050-08-28 14:00:00,YZ,OCGT,0.0,MW
2050-08-29 15:00:00,YZ,OCGT,0.0,MW
2050-08-30 16:00:00,YZ,OCGT,0.0,MW
2050-08-31 17:00:00,YZ,OCGT,0.0,MW
2050-09-01 18:00:00,YZ,OCGT,0.0,MW
2050-09-02 19:00:00,YZ,OCGT,0.0,MW
2050-09-03 20:00:00,YZ,OCGT,0.0,MW
2050-09-04 21:00:00,YZ,OCGT,0.0,MW
2050-09-05 22:00:00,YZ,OCGT,0.0,MW
2050-09-06 23:00:00,YZ,OCGT,0.0,MW
2050-09-08 00:00:00,YZ,OCGT,0.0,MW
2050-09-09 01:00:00,YZ,OCGT,0.0,MW
2050-09-10 02:00:00,YZ,OCGT,0.0,MW
2050-09-11 03:00:00,YZ,OCGT,0.0,MW
2050-09-12 04:00:00,YZ,OCGT,0.0,MW
2050-09-13 05:00:00,YZ,OCGT,0.0,MW
2050-09-14 06:00:00,YZ,OCGT,0.0,MW
2050-09-15 07:00:00,YZ,OCGT,0.0,MW
2050-09-16 08:00:00,YZ,OCGT,0.0,MW
2050-09-17 09:00:00,YZ,OCGT,0.0,MW
2050-09-18 10:00:00,YZ,OCGT,0.0,MW
2050-09-19 11:00:00,YZ,OCGT,0.0,MW
2050-09-20 12:00:00,YZ,OCGT,0.0,MW
2050-09-21 13:00:00,YZ,OCGT,0.0,MW
2050-09-22 14:00:00,YZ,OCGT,0.0,MW
2050-09-23 15:00:00,YZ,OCGT,0.0,MW
2050-09-24 16:00:00,YZ,OCGT,0.0,MW
2050-09-25 17:00:00,YZ,OCGT,0.0,MW
2050-09-26 18:00:00,YZ,OCGT,0.0,MW
2050-09-27 19:00:00,YZ,OCGT,0.0,MW
2050-09-28 20:00:00,YZ,OCGT,0.0,MW
2050-09-29 21:00:00,YZ,OCGT,0.0,MW
2050-09-30 22:00:00,YZ,OCGT,0.0,MW
2050-10-01 23:00:00,YZ,OCGT,0.0,MW
2050-10-03 00:00:00,YZ,OCGT,0.0,MW
2050-10-04 01:00:00,YZ,OCGT,0.0,MW
2050-10-05 02:00:00,YZ,OCGT,0.0,MW
2050-10-06 03:00:00,YZ,OCGT,0.0,MW
2050-10-07 04:00:00,YZ,OCGT,0.0,MW
2050-10-08 05:00:00,YZ,OCGT,0.0,MW
2050-10-09 06:00:00,YZ,OCGT,0.0,MW
2050-10-10 07:00:00,YZ,OCGT,0.0,MW
2050-10-11 08:00:00,YZ,OCGT,0.0,MW
2050-10-12 09:00:00,YZ,OCGT,0.0,MW
2050-10-13 10:00:00,YZ,OCGT,0.0,MW
2050-10-14 11:00:00,YZ,OCGT,0.0,MW
2050-10-15 12:00:00,YZ,OCGT,0.0,MW
2050-10-16 13:00:00,YZ,OCGT,0.0,MW
2050-10-17 14:00:00,YZ,OCGT,0.0,MW
2050-10-18 15:00:00,YZ,OCGT,0.0,MW
2050-10-19 16:00:00,YZ,OCGT,0.0,MW
2050-10-20 17:00:00,YZ,OCGT,0.0,MW
2050-10-21 18:00:00,YZ,OCGT,0.0,MW
2050-10-22 19:00:00,YZ,OCGT,0.0,MW
2050-10-23 20:00:00,YZ,OCGT,0.0,MW
2050-10-24 21:00:00,YZ,OCGT,0.0,MW
2050-10-25 22:00:00,YZ,OCGT,0.0,MW
2050-10-26 23:00:00,YZ,OCGT,0.0,MW
2050-10-28 00:00:00,YZ,OCGT,0.0,MW
2050-10-29 01:00:00,YZ,OCGT,0.0,MW
2050-10-30 02:00:00,YZ,OCGT,27.7,MW
2050-10-31 03:00:00,YZ,OCGT,0.0,MW
2050-11-01 04:00:00,YZ,OCGT,0.0,MW
2050-11-02 05:00:00,YZ,OCGT,0.0,MW
2050-11-03 06:00:00,YZ,OCGT,0.0,MW
2050-11-04 07:00:00,YZ,OCGT,0.0,MW
2050-11-05 08:00:00,YZ,OCGT,0.0,MW
2050-11-06 09:00:00,YZ,OCGT,0.0,MW
2050-11-07 10:00:00,YZ,OCGT,0.0,MW
2050-11-08 11:00:00,YZ,OCGT,0.0,MW
2050-11-09 12:00:00,YZ,OCGT,0.0,MW
2050-11-10 13:00:00,YZ,OCGT,0.0,MW
2050-11-11 14:00:00,YZ,OCGT,0.0,MW
2050-11-12 15:00:00,YZ,OCGT,0.0,MW
2050-11-13 16:00:00,YZ,OCGT,0.0,MW
2050-11-14 17:00:00,YZ,OCGT,0.0,MW
2050-11-15 18:00:00,YZ,OCGT,0.0,MW
2050-11-16 19:00:00,YZ,OCGT,0.0,MW
2050-11-17 20:00:00,YZ,OCGT,0.0,MW
2050-11-18 21:00:00,YZ,OCGT,0.0,MW
2050-11-19 22:00:00,YZ,OCGT,0.0,MW
2050-11-20 23:00:00,YZ,OCGT,0.0,MW
2050-11-22 00:00:00,YZ,OCGT,0.0,MW
2050-11-23 01:00:00,YZ,OCGT,0.0,MW
2050-11-24 02:00:00,YZ,OCGT,73.2,MW
2050-11-25 03:00:00,YZ,OCGT,0.0,MW
2050-11-26 04:00:00,YZ,OCGT,0.0,MW
2050-11-27 05:00:00,YZ,OCGT,0.0,MW
2050-11-28 06:00:00,YZ,OCGT,0.0,MW
2050-11-29 07:00:00,YZ,OCGT,259.2,MW
2050-11-30 08:00:00,YZ,OCGT,0.0,MW
2050-12-01 09:00:00,YZ,OCGT,0.0,MW
2050-12-02 10:00:00,YZ,OCGT,0.0,MW
2050-12-03 11:00:00,YZ,OCGT,0.0,MW
2050-12-04 12:00:00,YZ,OCGT,0.0,MW
2050-12-05 13:00:00,YZ,OCGT,0.0,MW
2050-12-06 14:00:00,YZ,OCGT,0.0,MW
2050-12-07 15:00:00,YZ,OCGT,0.0,MW
2050-12-08 16:00:00,YZ,OCGT,0.0,MW
2050-12-09 17:00:00,YZ,OCGT,0.0,MW
2050-12-10 18:00:00,YZ,OCGT,0.0,MW
2050-12-11 19:00:00,YZ,OCGT,0.0,MW
2050-12-12 20:00:00,YZ,OCGT,0.0,MW
2050-12-13 21:00:00,YZ,OCGT,0.0,MW
2050-12-14 22:00:00,YZ,OCGT,0.0,MW
2050-12-15 23:00:00,YZ,OCGT,0.0,MW
2050-12-17 00:00:00,YZ,OCGT,0.0,MW
2050-12-18 01:00:00,YZ,OCGT,0.0,MW
2050-12-19 02:00:00,YZ,OCGT,0.0,MW
2050-12-20 03:00:00,YZ,OCGT,0.0,MW
2050-12-21 04:00:00,YZ,OCGT,0.0,MW
2050-12-22 05:00:00,YZ,OCGT,0.0,MW
2050-12-23 06:00:00,YZ,OCGT,0.0,MW
2050-12-24 07:00:00,YZ,OCGT,0.0,MW
2050-12-25 08:00:00,YZ,OCGT,0.0,MW
2050-12-26 09:00:00,YZ,OCGT,0.0,MW
2050-12-27 10:00:00,YZ,OCGT,0.0,MW
2050-12-28 11:00:00,YZ,OCGT,0.0,MW
2050-12-29 12:00:00,YZ,OCGT,0.0,MW
2050-12-30 13:00:00,YZ,OCGT,0.0,MW
2050-12-31 14:00:00,YZ,OCGT,0.0,MW
2051-01-01 15:00:00,YZ,OCGT,0.0,MW
2050-01-01 00:00:00,YZ,SubC,5673.0,MW
2050-01-02 01:00:00,YZ,SubC,5963.0,MW
2050-01-03 02:00:00,YZ,SubC,5963.0,MW
2050-01-04 03:00:00,YZ,SubC,5963.0,MW
2050-01-05 04:00:00,YZ,SubC,5553.1,MW
2050-01-06 05:00:00,YZ,SubC,5293.0,MW
2050-01-07 06:00:00,YZ,SubC,5293.0,MW
2050-01-08 07:00:00,YZ,SubC,5583.0,MW
2050-01-09 08:00:00,YZ,SubC,5322.0,MW
2050-01-10 09:00:00,YZ,SubC,3561.3,MW
2050-01-11 10:00:00,YZ,SubC,3385.0,MW
2050-01-12 11:00:00,YZ,SubC,1175.0,MW
2050-01-13 12:00:00,YZ,SubC,225.0,MW
2050-01-14 13:00:00,YZ,SubC,950.0,MW
2050-01-15 14:00:00,YZ,SubC,1675.0,MW
2050-01-16 15:00:00,YZ,SubC,1675.0,MW
2050-01-17 16:00:00,YZ,SubC,2190.5,MW
2050-01-18 17:00:00,YZ,SubC,3756.5,MW
2050-01-19 18:00:00,YZ,SubC,5583.0,MW
2050-01-20 19:00:00,YZ,SubC,5796.0,MW
2050-01-21 20:00:00,YZ,SubC,3535.0,MW
2050-01-22 21:00:00,YZ,SubC,5281.0,MW
2050-01-23 22:00:00,YZ,SubC,3552.6,MW
2050-01-24 23:00:00,YZ,SubC,4193.5,MW
2050-01-26 00:00:00,YZ,SubC,5208.5,MW
2050-01-27 01:00:00,YZ,SubC,3254.7,MW
2050-01-28 02:00:00,YZ,SubC,4022.5,MW
2050-01-29 03:00:00,YZ,SubC,5878.5,MW
2050-01-30 04:00:00,YZ,SubC,5963.0,MW
2050-01-31 05:00:00,YZ,SubC,5963.0,MW
2050-02-01 06:00:00,YZ,SubC,5949.3,MW
2050-02-02 07:00:00,YZ,SubC,5682.7,MW
2050-02-03 08:00:00,YZ,SubC,5963.0,MW
2050-02-04 09:00:00,YZ,SubC,4147.7,MW
2050-02-05 10:00:00,YZ,SubC,1715.7,MW
2050-02-06 11:00:00,YZ,SubC,1675.0,MW
2050-02-07 12:00:00,YZ,SubC,725.0,MW
2050-02-08 13:00:00,YZ,SubC,225.0,MW
2050-02-09 14:00:00,YZ,SubC,950.0,MW
2050-02-10 15:00:00,YZ,SubC,1675.0,MW
2050-02-11 16:00:00,YZ,SubC,1790.4,MW
2050-02-12 17:00:00,YZ,SubC,2500.5,MW
2050-02-13 18:00:00,YZ,SubC,4356.5,MW
2050-02-14 19:00:00,YZ,SubC,5717.1,MW
2050-02-15 20:00:00,YZ,SubC,4007.1,MW
2050-02-16 21:00:00,YZ,SubC,2908.7,MW
2050-02-17 22:00:00,YZ,SubC,4107.0,MW
2050-02-18 23:00:00,YZ,SubC,5963.0,MW
2050-02-20 00:00:00,YZ,SubC,5963.0,MW
2050-02-21 01:00:00,YZ,SubC,5963.0,MW
2050-02-22 02:00:00,YZ,SubC,5583.0,MW
2050-02-23 03:00:00,YZ,SubC,3241.0,MW
2050-02-24 04:00:00,YZ,SubC,2397.0,MW
2050-02-25 05:00:00,YZ,SubC,2956.3,MW
2050-02-26 06:00:00,YZ,SubC,4261.3,MW
2050-02-27 07:00:00,YZ,SubC,3856.1,MW
2050-02-28 08:00:00,YZ,SubC,5332.1,MW
2050-03-01 09:00:00,YZ,SubC,2900.1,MW
2050-03-02 10:00:00,YZ,SubC,725.0,MW
2050-03-03 11:00:00,YZ,SubC,0.0,MW
2050-03-04 12:00:00,YZ,SubC,0.0,MW
2050-03-05 13:00:00,YZ,SubC,0.0,MW
2050-03-06 14:00:00,YZ,SubC,0.0,MW
2050-03-07 15:00:00,YZ,SubC,0.0,MW
2050-03-08 16:00:00,YZ,SubC,225.0,MW
2050-03-09 17:00:00,YZ,SubC,1309.1,MW
2050-03-10 18:00:00,YZ,SubC,2585.1,MW
2050-03-11 19:00:00,YZ,SubC,4081.8,MW
2050-03-12 20:00:00,YZ,SubC,3779.5,MW
2050-03-13 21:00:00,YZ,SubC,5195.4,MW
2050-03-14 22:00:00,YZ,SubC,3516.3,MW
2050-03-15 23:00:00,YZ,SubC,2464.1,MW
2050-03-17 00:00:00,YZ,SubC,1742.1,MW
2050-03-18 01:00:00,YZ,SubC,2251.0,MW
2050-03-19 02:00:00,YZ,SubC,4107.0,MW
2050-03-20 03:00:00,YZ,SubC,5963.0,MW
2050-03-21 04:00:00,YZ,SubC,5963.0,MW
2050-03-22 05:00:00,YZ,SubC,3702.0,MW
2050-03-23 06:00:00,YZ,SubC,2948.0,MW
2050-03-24 07:00:00,YZ,SubC,2226.0,MW
2050-03-25 08:00:00,YZ,SubC,1675.0,MW
2050-03-26 09:00:00,YZ,SubC,1675.0,MW
2050-03-27 10:00:00,YZ,SubC,1675.0,MW
2050-03-28 11:00:00,YZ,SubC,725.0,MW
2050-03-29 12:00:00,YZ,SubC,0.0,MW
2050-03-30 13:00:00,YZ,SubC,0.0,MW
2050-03-31 14:00:00,YZ,SubC,0.0,MW
2050-04-01 15:00:00,YZ,SubC,0.0,MW
2050-04-02 16:00:00,YZ,SubC,225.0,MW
2050-04-03 17:00:00,YZ,SubC,950.0,MW
2050-04-04 18:00:00,YZ,SubC,2226.0,MW
2050-04-05 19:00:00,YZ,SubC,2898.4,MW
2050-04-06 20:00:00,YZ,SubC,4754.4,MW
2050-04-07 21:00:00,YZ,SubC,2682.7,MW
2050-04-08 22:00:00,YZ,SubC,1708.9,MW
2050-04-09 23:00:00,YZ,SubC,1846.0,MW
2050-04-11 00:00:00,YZ,SubC,2397.0,MW
2050-04-12 01:00:00,YZ,SubC,2948.0,MW
2050-04-13 02:00:00,YZ,SubC,2226.0,MW
2050-04-14 03:00:00,YZ,SubC,2838.5,MW
2050-04-15 04:00:00,YZ,SubC,3726.5,MW
2050-04-16 05:00:00,YZ,SubC,5031.5,MW
2050-04-17 06:00:00,YZ,SubC,5963.0,MW
2050-04-18 07:00:00,YZ,SubC,4107.0,MW
2050-04-19 08:00:00,YZ,SubC,950.0,MW
2050-04-20 09:00:00,YZ,SubC,0.0,MW
2050-04-21 10:00:00,YZ,SubC,0.0,MW
2050-04-22 11:00:00,YZ,SubC,0.0,MW
2050-04-23 12:00:00,YZ,SubC,0.0,MW
2050-04-24 13:00:00,YZ,SubC,0.0,MW
2050-04-25 14:00:00,YZ,SubC,0.0,MW
2050-04-26 15:00:00,YZ,SubC,21.3,MW
2050-04-27 16:00:00,YZ,SubC,746.3,MW
2050-04-28 17:00:00,YZ,SubC,1471.3,MW
2050-04-29 18:00:00,YZ,SubC,1675.0,MW
2050-04-30 19:00:00,YZ,SubC,1716.4,MW
2050-05-01 20:00:00,YZ,SubC,2091.7,MW
2050-05-02 21:00:00,YZ,SubC,1675.0,MW
2050-05-03 22:00:00,YZ,SubC,1675.0,MW
2050-05-04 23:00:00,YZ,SubC,2251.0,MW
2050-05-06 00:00:00,YZ,SubC,4107.0,MW
2050-05-07 01:00:00,YZ,SubC,5963.0,MW
2050-05-08 02:00:00,YZ,SubC,5963.0,MW
2050-05-09 03:00:00,YZ,SubC,4253.0,MW
2050-05-10 04:00:00,YZ,SubC,4119.7,MW
2050-05-11 05:00:00,YZ,SubC,2761.6,MW
2050-05-12 06:00:00,YZ,SubC,1675.0,MW
2050-05-13 07:00:00,YZ,SubC,1675.0,MW
2050-05-14 08:00:00,YZ,SubC,1675.0,MW
2050-05-15 09:00:00,YZ,SubC,725.0,MW
2050-05-16 10:00:00,YZ,SubC,0.0,MW
2050-05-17 11:00:00,YZ,SubC,0.0,MW
2050-05-18 12:00:00,YZ,SubC,0.0,MW
2050-05-19 13:00:00,YZ,SubC,0.0,MW
2050-05-20 14:00:00,YZ,SubC,0.0,MW
2050-05-21 15:00:00,YZ,SubC,0.0,MW
2050-05-22 16:00:00,YZ,SubC,225.0,MW
2050-05-23 17:00:00,YZ,SubC,986.3,MW
2050-05-24 18:00:00,YZ,SubC,2262.3,MW
2050-05-25 19:00:00,YZ,SubC,2855.2,MW
2050-05-26 20:00:00,YZ,SubC,3863.6,MW
2050-05-27 21:00:00,YZ,SubC,5599.9,MW
2050-05-28 22:00:00,YZ,SubC,3874.1,MW
2050-05-29 23:00:00,YZ,SubC,2948.0,MW
2050-05-31 00:00:00,YZ,SubC,4227.6,MW
2050-06-01 01:00:00,YZ,SubC,4678.1,MW
2050-06-02 02:00:00,YZ,SubC,2441.3,MW
2050-06-03 03:00:00,YZ,SubC,2948.0,MW
2050-06-04 04:00:00,YZ,SubC,2993.2,MW
2050-06-05 05:00:00,YZ,SubC,4107.0,MW
2050-06-06 06:00:00,YZ,SubC,5963.0,MW
2050-06-07 07:00:00,YZ,SubC,2806.0,MW
2050-06-08 08:00:00,YZ,SubC,5387.0,MW
2050-06-09 09:00:00,YZ,SubC,4037.6,MW
2050-06-10 10:00:00,YZ,SubC,725.0,MW
2050-06-11 11:00:00,YZ,SubC,0.0,MW
2050-06-12 12:00:00,YZ,SubC,0.0,MW
2050-06-13 13:00:00,YZ,SubC,0.0,MW
2050-06-14 14:00:00,YZ,SubC,0.0,MW
2050-06-15 15:00:00,YZ,SubC,0.0,MW
2050-06-16 16:00:00,YZ,SubC,0.0,MW
2050-06-17 17:00:00,YZ,SubC,484.2,MW
2050-06-18 18:00:00,YZ,SubC,225.0,MW
2050-06-19 19:00:00,YZ,SubC,950.0,MW
2050-06-20 20:00:00,YZ,SubC,2226.0,MW
2050-06-21 21:00:00,YZ,SubC,3128.8,MW
2050-06-22 22:00:00,YZ,SubC,3357.8,MW
2050-06-23 23:00:00,YZ,SubC,1879.3,MW
2050-06-25 00:00:00,YZ,SubC,1830.0,MW
2050-06-26 01:00:00,YZ,SubC,3686.0,MW
2050-06-27 02:00:00,YZ,SubC,2430.1,MW
2050-06-28 03:00:00,YZ,SubC,4286.1,MW
2050-06-29 04:00:00,YZ,SubC,4706.5,MW
2050-06-30 05:00:00,YZ,SubC,5413.7,MW
2050-07-01 06:00:00,YZ,SubC,5277.8,MW
2050-07-02 07:00:00,YZ,SubC,5279.3,MW
2050-07-03 08:00:00,YZ,SubC,5644.3,MW
2050-07-04 09:00:00,YZ,SubC,3473.3,MW
2050-07-05 10:00:00,YZ,SubC,1675.0,MW
2050-07-06 11:00:00,YZ,SubC,950.0,MW
2050-07-07 12:00:00,YZ,SubC,0.0,MW
2050-07-08 13:00:00,YZ,SubC,0.0,MW
2050-07-09 14:00:00,YZ,SubC,0.0,MW
2050-07-10 15:00:00,YZ,SubC,222.2,MW
2050-07-11 16:00:00,YZ,SubC,947.2,MW
2050-07-12 17:00:00,YZ,SubC,225.0,MW
2050-07-13 18:00:00,YZ,SubC,1121.0,MW
2050-07-14 19:00:00,YZ,SubC,2397.0,MW
2050-07-15 20:00:00,YZ,SubC,3553.0,MW
2050-07-16 21:00:00,YZ,SubC,4858.0,MW
2050-07-17 22:00:00,YZ,SubC,5963.0,MW
2050-07-18 23:00:00,YZ,SubC,5590.6,MW
2050-07-20 00:00:00,YZ,SubC,3670.4,MW
2050-07-21 01:00:00,YZ,SubC,2301.6,MW
2050-07-22 02:00:00,YZ,SubC,2844.3,MW
2050-07-23 03:00:00,YZ,SubC,4658.0,MW
2050-07-24 04:00:00,YZ,SubC,5963.0,MW
2050-07-25 05:00:00,YZ,SubC,4733.5,MW
2050-07-26 06:00:00,YZ,SubC,2828.5,MW
2050-07-27 07:00:00,YZ,SubC,4136.3,MW
2050-07-28 08:00:00,YZ,SubC,4471.9,MW
2050-07-29 09:00:00,YZ,SubC,3165.6,MW
2050-07-30 10:00:00,YZ,SubC,1675.0,MW
2050-07-31 11:00:00,YZ,SubC,1102.7,MW
2050-08-01 12:00:00,YZ,SubC,654.1,MW
2050-08-02 13:00:00,YZ,SubC,0.0,MW
2050-08-03 14:00:00,YZ,SubC,0.0,MW
2050-08-04 15:00:00,YZ,SubC,197.6,MW
2050-08-05 16:00:00,YZ,SubC,922.6,MW
2050-08-06 17:00:00,YZ,SubC,1647.6,MW
2050-08-07 18:00:00,YZ,SubC,1675.0,MW
2050-08-08 19:00:00,YZ,SubC,1835.9,MW
2050-08-09 20:00:00,YZ,SubC,2333.9,MW
2050-08-10 21:00:00,YZ,SubC,2439.5,MW
2050-08-11 22:00:00,YZ,SubC,1717.5,MW
2050-08-12 23:00:00,YZ,SubC,1675.0,MW
2050-08-14 00:00:00,YZ,SubC,3089.3,MW
2050-08-15 01:00:00,YZ,SubC,4945.3,MW
2050-08-16 02:00:00,YZ,SubC,5963.0,MW
2050-08-17 03:00:00,YZ,SubC,5963.0,MW
2050-08-18 04:00:00,YZ,SubC,5963.0,MW
2050-08-19 05:00:00,YZ,SubC,5963.0,MW
2050-08-20 06:00:00,YZ,SubC,4107.0,MW
2050-08-21 07:00:00,YZ,SubC,5963.0,MW
2050-08-22 08:00:00,YZ,SubC,3950.2,MW
2050-08-23 09:00:00,YZ,SubC,1675.0,MW
2050-08-24 10:00:00,YZ,SubC,1675.0,MW
2050-08-25 11:00:00,YZ,SubC,725.0,MW
2050-08-26 12:00:00,YZ,SubC,0.0,MW
2050-08-27 13:00:00,YZ,SubC,0.0,MW
2050-08-28 14:00:00,YZ,SubC,0.0,MW
2050-08-29 15:00:00,YZ,SubC,0.0,MW
2050-08-30 16:00:00,YZ,SubC,0.0,MW
2050-08-31 17:00:00,YZ,SubC,295.6,MW
2050-09-01 18:00:00,YZ,SubC,1020.6,MW
2050-09-02 19:00:00,YZ,SubC,2060.0,MW
2050-09-03 20:00:00,YZ,SubC,1923.3,MW
2050-09-04 21:00:00,YZ,SubC,3214.1,MW
2050-09-05 22:00:00,YZ,SubC,5070.1,MW
2050-09-06 23:00:00,YZ,SubC,3674.5,MW
2050-09-08 00:00:00,YZ,SubC,1995.7,MW
2050-09-09 01:00:00,YZ,SubC,1846.0,MW
2050-09-10 02:00:00,YZ,SubC,2397.0,MW
2050-09-11 03:00:00,YZ,SubC,3777.0,MW
2050-09-12 04:00:00,YZ,SubC,3751.3,MW
2050-09-13 05:00:00,YZ,SubC,5056.3,MW
2050-09-14 06:00:00,YZ,SubC,3645.8,MW
2050-09-15 07:00:00,YZ,SubC,4072.4,MW
2050-09-16 08:00:00,YZ,SubC,4540.1,MW
2050-09-17 09:00:00,YZ,SubC,2151.1,MW
2050-09-18 10:00:00,YZ,SubC,1675.0,MW
2050-09-19 11:00:00,YZ,SubC,725.0,MW
2050-09-20 12:00:00,YZ,SubC,0.0,MW
2050-09-21 13:00:00,YZ,SubC,0.0,MW
2050-09-22 14:00:00,YZ,SubC,0.0,MW
2050-09-23 15:00:00,YZ,SubC,0.0,MW
2050-09-24 16:00:00,YZ,SubC,225.0,MW
2050-09-25 17:00:00,YZ,SubC,950.0,MW
2050-09-26 18:00:00,YZ,SubC,1868.2,MW
2050-09-27 19:00:00,YZ,SubC,2397.0,MW
2050-09-28 20:00:00,YZ,SubC,2948.0,MW
2050-09-29 21:00:00,YZ,SubC,3020.6,MW
2050-09-30 22:00:00,YZ,SubC,4563.1,MW
2050-10-01 23:00:00,YZ,SubC,5002.3,MW
2050-10-03 00:00:00,YZ,SubC,5963.0,MW
2050-10-04 01:00:00,YZ,SubC,5963.0,MW
2050-10-05 02:00:00,YZ,SubC,4186.7,MW
2050-10-06 03:00:00,YZ,SubC,2159.7,MW
2050-10-07 04:00:00,YZ,SubC,2251.0,MW
2050-10-08 05:00:00,YZ,SubC,4107.0,MW
2050-10-09 06:00:00,YZ,SubC,5963.0,MW
2050-10-10 07:00:00,YZ,SubC,5963.0,MW
2050-10-11 08:00:00,YZ,SubC,5963.0,MW
2050-10-12 09:00:00,YZ,SubC,3702.0,MW
2050-10-13 10:00:00,YZ,SubC,725.0,MW
2050-10-14 11:00:00,YZ,SubC,0.0,MW
2050-10-15 12:00:00,YZ,SubC,0.0,MW
2050-10-16 13:00:00,YZ,SubC,0.0,MW
2050-10-17 14:00:00,YZ,SubC,0.0,MW
2050-10-18 15:00:00,YZ,SubC,0.0,MW
2050-10-19 16:00:00,YZ,SubC,1276.0,MW
2050-10-20 17:00:00,YZ,SubC,1729.7,MW
2050-10-21 18:00:00,YZ,SubC,2345.2,MW
2050-10-22 19:00:00,YZ,SubC,2896.2,MW
2050-10-23 20:00:00,YZ,SubC,2910.0,MW
2050-10-24 21:00:00,YZ,SubC,2612.8,MW
2050-10-25 22:00:00,YZ,SubC,2948.0,MW
2050-10-26 23:00:00,YZ,SubC,3507.9,MW
2050-10-28 00:00:00,YZ,SubC,3353.0,MW
2050-10-29 01:00:00,YZ,SubC,4658.0,MW
2050-10-30 02:00:00,YZ,SubC,5963.0,MW
2050-10-31 03:00:00,YZ,SubC,4658.0,MW
2050-11-01 04:00:00,YZ,SubC,5963.0,MW
2050-11-02 05:00:00,YZ,SubC,5219.2,MW
2050-11-03 06:00:00,YZ,SubC,3509.2,MW
2050-11-04 07:00:00,YZ,SubC,2226.0,MW
2050-11-05 08:00:00,YZ,SubC,1675.0,MW
2050-11-06 09:00:00,YZ,SubC,1675.0,MW
2050-11-07 10:00:00,YZ,SubC,1675.0,MW
2050-11-08 11:00:00,YZ,SubC,1675.0,MW
2050-11-09 12:00:00,YZ,SubC,950.0,MW
2050-11-10 13:00:00,YZ,SubC,1675.0,MW
2050-11-11 14:00:00,YZ,SubC,950.0,MW
2050-11-12 15:00:00,YZ,SubC,1675.0,MW
2050-11-13 16:00:00,YZ,SubC,1939.0,MW
2050-11-14 17:00:00,YZ,SubC,3846.0,MW
2050-11-15 18:00:00,YZ,SubC,5702.0,MW
2050-11-16 19:00:00,YZ,SubC,4163.0,MW
2050-11-17 20:00:00,YZ,SubC,2898.3,MW
2050-11-18 21:00:00,YZ,SubC,4754.3,MW
2050-11-19 22:00:00,YZ,SubC,2022.4,MW
2050-11-20 23:00:00,YZ,SubC,1868.5,MW
2050-11-22 00:00:00,YZ,SubC,2332.5,MW
2050-11-23 01:00:00,YZ,SubC,3495.1,MW
2050-11-24 02:00:00,YZ,SubC,4864.6,MW
2050-11-25 03:00:00,YZ,SubC,4107.0,MW
2050-11-26 04:00:00,YZ,SubC,5963.0,MW
2050-11-27 05:00:00,YZ,SubC,4253.0,MW
2050-11-28 06:00:00,YZ,SubC,4107.0,MW
2050-11-29 07:00:00,YZ,SubC,5963.0,MW
2050-11-30 08:00:00,YZ,SubC,4253.0,MW
2050-12-01 09:00:00,YZ,SubC,2226.0,MW
2050-12-02 10:00:00,YZ,SubC,1675.0,MW
2050-12-03 11:00:00,YZ,SubC,2606.7,MW
2050-12-04 12:00:00,YZ,SubC,991.9,MW
2050-12-05 13:00:00,YZ,SubC,1675.0,MW
2050-12-06 14:00:00,YZ,SubC,2400.5,MW
2050-12-07 15:00:00,YZ,SubC,1675.0,MW
2050-12-08 16:00:00,YZ,SubC,1156.8,MW
2050-12-09 17:00:00,YZ,SubC,1846.0,MW
2050-12-10 18:00:00,YZ,SubC,2397.0,MW
2050-12-11 19:00:00,YZ,SubC,2948.0,MW
2050-12-12 20:00:00,YZ,SubC,3956.7,MW
2050-12-13 21:00:00,YZ,SubC,2948.0,MW
2050-12-14 22:00:00,YZ,SubC,2948.0,MW
2050-12-15 23:00:00,YZ,SubC,3008.0,MW
2050-12-17 00:00:00,YZ,SubC,4313.0,MW
2050-12-18 01:00:00,YZ,SubC,5618.0,MW
2050-12-19 02:00:00,YZ,SubC,5963.0,MW
2050-12-20 03:00:00,YZ,SubC,5511.6,MW
2050-12-21 04:00:00,YZ,SubC,4518.1,MW
2050-12-22 05:00:00,YZ,SubC,3284.2,MW
2050-12-23 06:00:00,YZ,SubC,4658.0,MW
2050-12-24 07:00:00,YZ,SubC,5963.0,MW
2050-12-25 08:00:00,YZ,SubC,5963.0,MW
2050-12-26 09:00:00,YZ,SubC,3531.0,MW
2050-12-27 10:00:00,YZ,SubC,1675.0,MW
2050-12-28 11:00:00,YZ,SubC,2162.3,MW
2050-12-29 12:00:00,YZ,SubC,1675.0,MW
2050-12-30 13:00:00,YZ,SubC,950.0,MW
2050-12-31 14:00:00,YZ,SubC,1675.0,MW
2051-01-01 15:00:00,YZ,SubC,725.0,MW
2050-01-01 00:00:00,YZ,SupC,4221.0,MW
2050-01-02 01:00:00,YZ,SupC,4221.0,MW
2050-01-03 02:00:00,YZ,SupC,4221.0,MW
2050-01-04 03:00:00,YZ,SupC,4221.0,MW
2050-01-05 04:00:00,YZ,SupC,4221.0,MW
2050-01-06 05:00:00,YZ,SupC,4221.0,MW
2050-01-07 06:00:00,YZ,SupC,4221.0,MW
2050-01-08 07:00:00,YZ,SupC,4221.0,MW
2050-01-09 08:00:00,YZ,SupC,4110.2,MW
2050-01-10 09:00:00,YZ,SupC,3730.2,MW
2050-01-11 10:00:00,YZ,SupC,3544.3,MW
2050-01-12 11:00:00,YZ,SupC,1530.3,MW
2050-01-13 12:00:00,YZ,SupC,0.0,MW
2050-01-14 13:00:00,YZ,SupC,0.0,MW
2050-01-15 14:00:00,YZ,SupC,1537.0,MW
2050-01-16 15:00:00,YZ,SupC,2014.0,MW
2050-01-17 16:00:00,YZ,SupC,3841.0,MW
2050-01-18 17:00:00,YZ,SupC,4131.0,MW
2050-01-19 18:00:00,YZ,SupC,4221.0,MW
2050-01-20 19:00:00,YZ,SupC,4221.0,MW
2050-01-21 20:00:00,YZ,SupC,4221.0,MW
2050-01-22 21:00:00,YZ,SupC,4221.0,MW
2050-01-23 22:00:00,YZ,SupC,4221.0,MW
2050-01-24 23:00:00,YZ,SupC,4221.0,MW
2050-01-26 00:00:00,YZ,SupC,3961.0,MW
2050-01-27 01:00:00,YZ,SupC,3467.0,MW
2050-01-28 02:00:00,YZ,SupC,3721.2,MW
2050-01-29 03:00:00,YZ,SupC,4221.0,MW
2050-01-30 04:00:00,YZ,SupC,4221.0,MW
2050-01-31 05:00:00,YZ,SupC,4221.0,MW
2050-02-01 06:00:00,YZ,SupC,4221.0,MW
2050-02-02 07:00:00,YZ,SupC,4221.0,MW
2050-02-03 08:00:00,YZ,SupC,4221.0,MW
2050-02-04 09:00:00,YZ,SupC,3558.3,MW
2050-02-05 10:00:00,YZ,SupC,1164.3,MW
2050-02-06 11:00:00,YZ,SupC,102.6,MW
2050-02-07 12:00:00,YZ,SupC,0.0,MW
2050-02-08 13:00:00,YZ,SupC,0.0,MW
2050-02-09 14:00:00,YZ,SupC,0.0,MW
2050-02-10 15:00:00,YZ,SupC,1537.0,MW
2050-02-11 16:00:00,YZ,SupC,90.0,MW
2050-02-12 17:00:00,YZ,SupC,1917.0,MW
2050-02-13 18:00:00,YZ,SupC,3744.0,MW
2050-02-14 19:00:00,YZ,SupC,4221.0,MW
2050-02-15 20:00:00,YZ,SupC,4221.0,MW
2050-02-16 21:00:00,YZ,SupC,4221.0,MW
2050-02-17 22:00:00,YZ,SupC,4221.0,MW
2050-02-18 23:00:00,YZ,SupC,4221.0,MW
2050-02-20 00:00:00,YZ,SupC,4221.0,MW
2050-02-21 01:00:00,YZ,SupC,4221.0,MW
2050-02-22 02:00:00,YZ,SupC,3727.0,MW
2050-02-23 03:00:00,YZ,SupC,2273.6,MW
2050-02-24 04:00:00,YZ,SupC,3637.0,MW
2050-02-25 05:00:00,YZ,SupC,4104.0,MW
2050-02-26 06:00:00,YZ,SupC,4221.0,MW
2050-02-27 07:00:00,YZ,SupC,4221.0,MW
2050-02-28 08:00:00,YZ,SupC,3931.0,MW
2050-03-01 09:00:00,YZ,SupC,2014.0,MW
2050-03-02 10:00:00,YZ,SupC,0.0,MW
2050-03-03 11:00:00,YZ,SupC,0.0,MW
2050-03-04 12:00:00,YZ,SupC,0.0,MW
2050-03-05 13:00:00,YZ,SupC,0.0,MW
2050-03-06 14:00:00,YZ,SupC,0.0,MW
2050-03-07 15:00:00,YZ,SupC,0.0,MW
2050-03-08 16:00:00,YZ,SupC,0.0,MW
2050-03-09 17:00:00,YZ,SupC,290.0,MW
2050-03-10 18:00:00,YZ,SupC,580.0,MW
2050-03-11 19:00:00,YZ,SupC,2207.0,MW
2050-03-12 20:00:00,YZ,SupC,3744.0,MW
2050-03-13 21:00:00,YZ,SupC,4221.0,MW
2050-03-14 22:00:00,YZ,SupC,4221.0,MW
2050-03-15 23:00:00,YZ,SupC,3843.5,MW
2050-03-17 00:00:00,YZ,SupC,2704.7,MW
2050-03-18 01:00:00,YZ,SupC,3693.5,MW
2050-03-19 02:00:00,YZ,SupC,4160.5,MW
2050-03-20 03:00:00,YZ,SupC,4221.0,MW
2050-03-21 04:00:00,YZ,SupC,4221.0,MW
2050-03-22 05:00:00,YZ,SupC,4221.0,MW
2050-03-23 06:00:00,YZ,SupC,2677.3,MW
2050-03-24 07:00:00,YZ,SupC,2421.0,MW
2050-03-25 08:00:00,YZ,SupC,27.0,MW
2050-03-26 09:00:00,YZ,SupC,1564.0,MW
2050-03-27 10:00:00,YZ,SupC,0.0,MW
2050-03-28 11:00:00,YZ,SupC,0.0,MW
2050-03-29 12:00:00,YZ,SupC,0.0,MW
2050-03-30 13:00:00,YZ,SupC,0.0,MW
2050-03-31 14:00:00,YZ,SupC,0.0,MW
2050-04-01 15:00:00,YZ,SupC,0.0,MW
2050-04-02 16:00:00,YZ,SupC,0.0,MW
2050-04-03 17:00:00,YZ,SupC,260.3,MW
2050-04-04 18:00:00,YZ,SupC,2087.3,MW
2050-04-05 19:00:00,YZ,SupC,2027.9,MW
2050-04-06 20:00:00,YZ,SupC,3854.9,MW
2050-04-07 21:00:00,YZ,SupC,4221.0,MW
2050-04-08 22:00:00,YZ,SupC,2725.0,MW
2050-04-09 23:00:00,YZ,SupC,472.3,MW
2050-04-11 00:00:00,YZ,SupC,2248.0,MW
2050-04-12 01:00:00,YZ,SupC,3785.0,MW
2050-04-13 02:00:00,YZ,SupC,2212.0,MW
2050-04-14 03:00:00,YZ,SupC,3060.0,MW
2050-04-15 04:00:00,YZ,SupC,3727.0,MW
2050-04-16 05:00:00,YZ,SupC,4104.0,MW
2050-04-17 06:00:00,YZ,SupC,4221.0,MW
2050-04-18 07:00:00,YZ,SupC,4171.7,MW
2050-04-19 08:00:00,YZ,SupC,1777.7,MW
2050-04-20 09:00:00,YZ,SupC,0.0,MW
2050-04-21 10:00:00,YZ,SupC,0.0,MW
2050-04-22 11:00:00,YZ,SupC,0.0,MW
2050-04-23 12:00:00,YZ,SupC,0.0,MW
2050-04-24 13:00:00,YZ,SupC,0.0,MW
2050-04-25 14:00:00,YZ,SupC,0.0,MW
2050-04-26 15:00:00,YZ,SupC,0.0,MW
2050-04-27 16:00:00,YZ,SupC,0.0,MW
2050-04-28 17:00:00,YZ,SupC,0.0,MW
2050-04-29 18:00:00,YZ,SupC,1827.0,MW
2050-04-30 19:00:00,YZ,SupC,3654.0,MW
2050-05-01 20:00:00,YZ,SupC,4221.0,MW
2050-05-02 21:00:00,YZ,SupC,4221.0,MW
2050-05-03 22:00:00,YZ,SupC,3347.9,MW
2050-05-04 23:00:00,YZ,SupC,3306.2,MW
2050-05-06 00:00:00,YZ,SupC,4221.0,MW
2050-05-07 01:00:00,YZ,SupC,4221.0,MW
2050-05-08 02:00:00,YZ,SupC,4221.0,MW
2050-05-09 03:00:00,YZ,SupC,2684.0,MW
2050-05-10 04:00:00,YZ,SupC,4221.0,MW
2050-05-11 05:00:00,YZ,SupC,4221.0,MW
2050-05-12 06:00:00,YZ,SupC,2301.4,MW
2050-05-13 07:00:00,YZ,SupC,1084.8,MW
2050-05-14 08:00:00,YZ,SupC,559.3,MW
2050-05-15 09:00:00,YZ,SupC,0.0,MW
2050-05-16 10:00:00,YZ,SupC,0.0,MW
2050-05-17 11:00:00,YZ,SupC,0.0,MW
2050-05-18 12:00:00,YZ,SupC,0.0,MW
2050-05-19 13:00:00,YZ,SupC,0.0,MW
2050-05-20 14:00:00,YZ,SupC,0.0,MW
2050-05-21 15:00:00,YZ,SupC,0.0,MW
2050-05-22 16:00:00,YZ,SupC,0.0,MW
2050-05-23 17:00:00,YZ,SupC,90.0,MW
2050-05-24 18:00:00,YZ,SupC,1917.0,MW
2050-05-25 19:00:00,YZ,SupC,1930.9,MW
2050-05-26 20:00:00,YZ,SupC,3467.9,MW
2050-05-27 21:00:00,YZ,SupC,4221.0,MW
2050-05-28 22:00:00,YZ,SupC,4221.0,MW
2050-05-29 23:00:00,YZ,SupC,4221.0,MW
2050-05-31 00:00:00,YZ,SupC,4221.0,MW
2050-06-01 01:00:00,YZ,SupC,4221.0,MW
2050-06-02 02:00:00,YZ,SupC,4221.0,MW
2050-06-03 03:00:00,YZ,SupC,4221.0,MW
2050-06-04 04:00:00,YZ,SupC,4221.0,MW
2050-06-05 05:00:00,YZ,SupC,4221.0,MW
2050-06-06 06:00:00,YZ,SupC,4221.0,MW
2050-06-07 07:00:00,YZ,SupC,1827.0,MW
2050-06-08 08:00:00,YZ,SupC,3654.0,MW
2050-06-09 09:00:00,YZ,SupC,2800.5,MW
2050-06-10 10:00:00,YZ,SupC,523.5,MW
2050-06-11 11:00:00,YZ,SupC,0.0,MW
2050-06-12 12:00:00,YZ,SupC,0.0,MW
2050-06-13 13:00:00,YZ,SupC,0.0,MW
2050-06-14 14:00:00,YZ,SupC,0.0,MW
2050-06-15 15:00:00,YZ,SupC,0.0,MW
2050-06-16 16:00:00,YZ,SupC,0.0,MW
2050-06-17 17:00:00,YZ,SupC,290.0,MW
2050-06-18 18:00:00,YZ,SupC,377.1,MW
2050-06-19 19:00:00,YZ,SupC,327.8,MW
2050-06-20 20:00:00,YZ,SupC,2154.8,MW
2050-06-21 21:00:00,YZ,SupC,3744.0,MW
2050-06-22 22:00:00,YZ,SupC,4221.0,MW
2050-06-23 23:00:00,YZ,SupC,4221.0,MW
2050-06-25 00:00:00,YZ,SupC,4221.0,MW
2050-06-26 01:00:00,YZ,SupC,4221.0,MW
2050-06-27 02:00:00,YZ,SupC,4221.0,MW
2050-06-28 03:00:00,YZ,SupC,4221.0,MW
2050-06-29 04:00:00,YZ,SupC,4221.0,MW
2050-06-30 05:00:00,YZ,SupC,4221.0,MW
2050-07-01 06:00:00,YZ,SupC,4221.0,MW
2050-07-02 07:00:00,YZ,SupC,4221.0,MW
2050-07-03 08:00:00,YZ,SupC,4221.0,MW
2050-07-04 09:00:00,YZ,SupC,4221.0,MW
2050-07-05 10:00:00,YZ,SupC,2394.0,MW
2050-07-06 11:00:00,YZ,SupC,0.0,MW
2050-07-07 12:00:00,YZ,SupC,0.0,MW
2050-07-08 13:00:00,YZ,SupC,0.0,MW
2050-07-09 14:00:00,YZ,SupC,0.0,MW
2050-07-10 15:00:00,YZ,SupC,0.0,MW
2050-07-11 16:00:00,YZ,SupC,0.0,MW
2050-07-12 17:00:00,YZ,SupC,192.2,MW
2050-07-13 18:00:00,YZ,SupC,90.0,MW
2050-07-14 19:00:00,YZ,SupC,414.1,MW
2050-07-15 20:00:00,YZ,SupC,2241.1,MW
2050-07-16 21:00:00,YZ,SupC,3778.1,MW
2050-07-17 22:00:00,YZ,SupC,4221.0,MW
2050-07-18 23:00:00,YZ,SupC,4221.0,MW
2050-07-20 00:00:00,YZ,SupC,4221.0,MW
2050-07-21 01:00:00,YZ,SupC,4221.0,MW
2050-07-22 02:00:00,YZ,SupC,4221.0,MW
2050-07-23 03:00:00,YZ,SupC,4221.0,MW
2050-07-24 04:00:00,YZ,SupC,4221.0,MW
2050-07-25 05:00:00,YZ,SupC,4221.0,MW
2050-07-26 06:00:00,YZ,SupC,4221.0,MW
2050-07-27 07:00:00,YZ,SupC,4221.0,MW
2050-07-28 08:00:00,YZ,SupC,4221.0,MW
2050-07-29 09:00:00,YZ,SupC,3024.5,MW
2050-07-30 10:00:00,YZ,SupC,630.5,MW
2050-07-31 11:00:00,YZ,SupC,0.0,MW
2050-08-01 12:00:00,YZ,SupC,0.0,MW
2050-08-02 13:00:00,YZ,SupC,0.0,MW
2050-08-03 14:00:00,YZ,SupC,0.0,MW
2050-08-04 15:00:00,YZ,SupC,0.0,MW
2050-08-05 16:00:00,YZ,SupC,0.0,MW
2050-08-06 17:00:00,YZ,SupC,0.0,MW
2050-08-07 18:00:00,YZ,SupC,1827.0,MW
2050-08-08 19:00:00,YZ,SupC,3654.0,MW
2050-08-09 20:00:00,YZ,SupC,4221.0,MW
2050-08-10 21:00:00,YZ,SupC,4221.0,MW
2050-08-11 22:00:00,YZ,SupC,4221.0,MW
2050-08-12 23:00:00,YZ,SupC,2066.2,MW
2050-08-14 00:00:00,YZ,SupC,3893.2,MW
2050-08-15 01:00:00,YZ,SupC,4221.0,MW
2050-08-16 02:00:00,YZ,SupC,4221.0,MW
2050-08-17 03:00:00,YZ,SupC,4221.0,MW
2050-08-18 04:00:00,YZ,SupC,4221.0,MW
2050-08-19 05:00:00,YZ,SupC,4221.0,MW
2050-08-20 06:00:00,YZ,SupC,4221.0,MW
2050-08-21 07:00:00,YZ,SupC,4221.0,MW
2050-08-22 08:00:00,YZ,SupC,4221.0,MW
2050-08-23 09:00:00,YZ,SupC,3332.7,MW
2050-08-24 10:00:00,YZ,SupC,1145.7,MW
2050-08-25 11:00:00,YZ,SupC,0.0,MW
2050-08-26 12:00:00,YZ,SupC,0.0,MW
2050-08-27 13:00:00,YZ,SupC,0.0,MW
2050-08-28 14:00:00,YZ,SupC,0.0,MW
2050-08-29 15:00:00,YZ,SupC,0.0,MW
2050-08-30 16:00:00,YZ,SupC,0.0,MW
2050-08-31 17:00:00,YZ,SupC,0.0,MW
2050-09-01 18:00:00,YZ,SupC,0.0,MW
2050-09-02 19:00:00,YZ,SupC,1827.0,MW
2050-09-03 20:00:00,YZ,SupC,2174.6,MW
2050-09-04 21:00:00,YZ,SupC,3801.6,MW
2050-09-05 22:00:00,YZ,SupC,4221.0,MW
2050-09-06 23:00:00,YZ,SupC,4221.0,MW
2050-09-08 00:00:00,YZ,SupC,3620.9,MW
2050-09-09 01:00:00,YZ,SupC,4221.0,MW
2050-09-10 02:00:00,YZ,SupC,4221.0,MW
2050-09-11 03:00:00,YZ,SupC,4221.0,MW
2050-09-12 04:00:00,YZ,SupC,4221.0,MW
2050-09-13 05:00:00,YZ,SupC,4221.0,MW
2050-09-14 06:00:00,YZ,SupC,4221.0,MW
2050-09-15 07:00:00,YZ,SupC,4221.0,MW
2050-09-16 08:00:00,YZ,SupC,4219.3,MW
2050-09-17 09:00:00,YZ,SupC,1825.3,MW
2050-09-18 10:00:00,YZ,SupC,2289.3,MW
2050-09-19 11:00:00,YZ,SupC,0.0,MW
2050-09-20 12:00:00,YZ,SupC,0.0,MW
2050-09-21 13:00:00,YZ,SupC,0.0,MW
2050-09-22 14:00:00,YZ,SupC,0.0,MW
2050-09-23 15:00:00,YZ,SupC,0.0,MW
2050-09-24 16:00:00,YZ,SupC,0.0,MW
2050-09-25 17:00:00,YZ,SupC,0.0,MW
2050-09-26 18:00:00,YZ,SupC,1827.0,MW
2050-09-27 19:00:00,YZ,SupC,1999.7,MW
2050-09-28 20:00:00,YZ,SupC,3826.7,MW
2050-09-29 21:00:00,YZ,SupC,4221.0,MW
2050-09-30 22:00:00,YZ,SupC,4221.0,MW
2050-10-01 23:00:00,YZ,SupC,4221.0,MW
2050-10-03 00:00:00,YZ,SupC,4221.0,MW
2050-10-04 01:00:00,YZ,SupC,4221.0,MW
2050-10-05 02:00:00,YZ,SupC,4221.0,MW
2050-10-06 03:00:00,YZ,SupC,4221.0,MW
2050-10-07 04:00:00,YZ,SupC,4194.4,MW
2050-10-08 05:00:00,YZ,SupC,4221.0,MW
2050-10-09 06:00:00,YZ,SupC,4221.0,MW
2050-10-10 07:00:00,YZ,SupC,4221.0,MW
2050-10-11 08:00:00,YZ,SupC,4221.0,MW
2050-10-12 09:00:00,YZ,SupC,2443.2,MW
2050-10-13 10:00:00,YZ,SupC,49.2,MW
2050-10-14 11:00:00,YZ,SupC,0.0,MW
2050-10-15 12:00:00,YZ,SupC,0.0,MW
2050-10-16 13:00:00,YZ,SupC,0.0,MW
2050-10-17 14:00:00,YZ,SupC,0.0,MW
2050-10-18 15:00:00,YZ,SupC,88.2,MW
2050-10-19 16:00:00,YZ,SupC,378.2,MW
2050-10-20 17:00:00,YZ,SupC,668.2,MW
2050-10-21 18:00:00,YZ,SupC,1010.9,MW
2050-10-22 19:00:00,YZ,SupC,670.0,MW
2050-10-23 20:00:00,YZ,SupC,2207.0,MW
2050-10-24 21:00:00,YZ,SupC,3744.0,MW
2050-10-25 22:00:00,YZ,SupC,2684.0,MW
2050-10-26 23:00:00,YZ,SupC,4221.0,MW
2050-10-28 00:00:00,YZ,SupC,4221.0,MW
2050-10-29 01:00:00,YZ,SupC,3414.3,MW
2050-10-30 02:00:00,YZ,SupC,4221.0,MW
2050-10-31 03:00:00,YZ,SupC,4221.0,MW
2050-11-01 04:00:00,YZ,SupC,4221.0,MW
2050-11-02 05:00:00,YZ,SupC,4221.0,MW
2050-11-03 06:00:00,YZ,SupC,4205.1,MW
2050-11-04 07:00:00,YZ,SupC,3331.1,MW
2050-11-05 08:00:00,YZ,SupC,3998.1,MW
2050-11-06 09:00:00,YZ,SupC,4221.0,MW
2050-11-07 10:00:00,YZ,SupC,4221.0,MW
2050-11-08 11:00:00,YZ,SupC,2034.0,MW
2050-11-09 12:00:00,YZ,SupC,0.0,MW
2050-11-10 13:00:00,YZ,SupC,0.0,MW
2050-11-11 14:00:00,YZ,SupC,0.0,MW
2050-11-12 15:00:00,YZ,SupC,0.0,MW
2050-11-13 16:00:00,YZ,SupC,477.0,MW
2050-11-14 17:00:00,YZ,SupC,2304.0,MW
2050-11-15 18:00:00,YZ,SupC,4131.0,MW
2050-11-16 19:00:00,YZ,SupC,4221.0,MW
2050-11-17 20:00:00,YZ,SupC,2991.0,MW
2050-11-18 21:00:00,YZ,SupC,4221.0,MW
2050-11-19 22:00:00,YZ,SupC,1827.0,MW
2050-11-20 23:00:00,YZ,SupC,2594.0,MW
2050-11-22 00:00:00,YZ,SupC,380.0,MW
2050-11-23 01:00:00,YZ,SupC,2207.0,MW
2050-11-24 02:00:00,YZ,SupC,3744.0,MW
2050-11-25 03:00:00,YZ,SupC,2902.4,MW
2050-11-26 04:00:00,YZ,SupC,4221.0,MW
2050-11-27 05:00:00,YZ,SupC,4221.0,MW
2050-11-28 06:00:00,YZ,SupC,4221.0,MW
2050-11-29 07:00:00,YZ,SupC,4221.0,MW
2050-11-30 08:00:00,YZ,SupC,4090.8,MW
2050-12-01 09:00:00,YZ,SupC,3931.0,MW
2050-12-02 10:00:00,YZ,SupC,3551.0,MW
2050-12-03 11:00:00,YZ,SupC,2014.0,MW
2050-12-04 12:00:00,YZ,SupC,0.0,MW
2050-12-05 13:00:00,YZ,SupC,1537.0,MW
2050-12-06 14:00:00,YZ,SupC,3074.0,MW
2050-12-07 15:00:00,YZ,SupC,2304.0,MW
2050-12-08 16:00:00,YZ,SupC,0.0,MW
2050-12-09 17:00:00,YZ,SupC,1025.3,MW
2050-12-10 18:00:00,YZ,SupC,2852.3,MW
2050-12-11 19:00:00,YZ,SupC,4104.0,MW
2050-12-12 20:00:00,YZ,SupC,4221.0,MW
2050-12-13 21:00:00,YZ,SupC,4221.0,MW
2050-12-14 22:00:00,YZ,SupC,2996.3,MW
2050-12-15 23:00:00,YZ,SupC,982.3,MW
2050-12-17 00:00:00,YZ,SupC,2519.3,MW
2050-12-18 01:00:00,YZ,SupC,4056.3,MW
2050-12-19 02:00:00,YZ,SupC,4221.0,MW
2050-12-20 03:00:00,YZ,SupC,4221.0,MW
2050-12-21 04:00:00,YZ,SupC,4221.0,MW
2050-12-22 05:00:00,YZ,SupC,4221.0,MW
2050-12-23 06:00:00,YZ,SupC,4221.0,MW
2050-12-24 07:00:00,YZ,SupC,4221.0,MW
2050-12-25 08:00:00,YZ,SupC,4221.0,MW
2050-12-26 09:00:00,YZ,SupC,4221.0,MW
2050-12-27 10:00:00,YZ,SupC,3931.0,MW
2050-12-28 11:00:00,YZ,SupC,3551.0,MW
2050-12-29 12:00:00,YZ,SupC,2014.0,MW
2050-12-30 13:00:00,YZ,SupC,0.0,MW
2050-12-31 14:00:00,YZ,SupC,1537.0,MW
2051-01-01 15:00:00,YZ,SupC,0.0,MW
2050-01-01 00:00:00,YZ,HROR,5015.0,MW
2050-01-02 01:00:00,YZ,HROR,6120.0,MW
2050-01-03 02:00:00,YZ,HROR,5780.0,MW
2050-01-04 03:00:00,YZ,HROR,5015.0,MW
2050-01-05 04:00:00,YZ,HROR,6120.0,MW
2050-01-06 05:00:00,YZ,HROR,5015.0,MW
2050-01-07 06:00:00,YZ,HROR,6120.0,MW
2050-01-08 07:00:00,YZ,HROR,4675.0,MW
2050-01-09 08:00:00,YZ,HROR,5015.0,MW
2050-01-10 09:00:00,YZ,HROR,5780.0,MW
2050-01-11 10:00:00,YZ,HROR,6120.0,MW
2050-01-12 11:00:00,YZ,HROR,6120.0,MW
2050-01-13 12:00:00,YZ,HROR,5780.0,MW
2050-01-14 13:00:00,YZ,HROR,6120.0,MW
2050-01-15 14:00:00,YZ,HROR,2975.0,MW
2050-01-16 15:00:00,YZ,HROR,5015.0,MW
2050-01-17 16:00:00,YZ,HROR,5015.0,MW
2050-01-18 17:00:00,YZ,HROR,5440.0,MW
2050-01-19 18:00:00,YZ,HROR,5440.0,MW
2050-01-20 19:00:00,YZ,HROR,6375.0,MW
2050-01-21 20:00:00,YZ,HROR,4675.0,MW
2050-01-22 21:00:00,YZ,HROR,6375.0,MW
2050-01-23 22:00:00,YZ,HROR,5780.0,MW
2050-01-24 23:00:00,YZ,HROR,6375.0,MW
2050-01-26 00:00:00,YZ,HROR,4675.0,MW
2050-01-27 01:00:00,YZ,HROR,5440.0,MW
2050-01-28 02:00:00,YZ,HROR,5780.0,MW
2050-01-29 03:00:00,YZ,HROR,6375.0,MW
2050-01-30 04:00:00,YZ,HROR,4675.0,MW
2050-01-31 05:00:00,YZ,HROR,5950.0,MW
2050-02-01 06:00:00,YZ,HROR,6120.0,MW
2050-02-02 07:00:00,YZ,HROR,5525.0,MW
2050-02-03 08:00:00,YZ,HROR,5525.0,MW
2050-02-04 09:00:00,YZ,HROR,5525.0,MW
2050-02-05 10:00:00,YZ,HROR,5865.0,MW
2050-02-06 11:00:00,YZ,HROR,5865.0,MW
2050-02-07 12:00:00,YZ,HROR,6290.0,MW
2050-02-08 13:00:00,YZ,HROR,6290.0,MW
2050-02-09 14:00:00,YZ,HROR,5525.0,MW
2050-02-10 15:00:00,YZ,HROR,2975.0,MW
2050-02-11 16:00:00,YZ,HROR,6290.0,MW
2050-02-12 17:00:00,YZ,HROR,6290.0,MW
2050-02-13 18:00:00,YZ,HROR,5525.0,MW
2050-02-14 19:00:00,YZ,HROR,6290.0,MW
2050-02-15 20:00:00,YZ,HROR,5865.0,MW
2050-02-16 21:00:00,YZ,HROR,5525.0,MW
2050-02-17 22:00:00,YZ,HROR,5865.0,MW
2050-02-18 23:00:00,YZ,HROR,6120.0,MW
2050-02-20 00:00:00,YZ,HROR,5865.0,MW
2050-02-21 01:00:00,YZ,HROR,6035.0,MW
2050-02-22 02:00:00,YZ,HROR,5015.0,MW
2050-02-23 03:00:00,YZ,HROR,5865.0,MW
2050-02-24 04:00:00,YZ,HROR,6120.0,MW
2050-02-25 05:00:00,YZ,HROR,5865.0,MW
2050-02-26 06:00:00,YZ,HROR,8500.0,MW
2050-02-27 07:00:00,YZ,HROR,6035.0,MW
2050-02-28 08:00:00,YZ,HROR,8500.0,MW
2050-03-01 09:00:00,YZ,HROR,8500.0,MW
2050-03-02 10:00:00,YZ,HROR,6035.0,MW
2050-03-03 11:00:00,YZ,HROR,5015.0,MW
2050-03-04 12:00:00,YZ,HROR,5440.0,MW
2050-03-05 13:00:00,YZ,HROR,5015.0,MW
2050-03-06 14:00:00,YZ,HROR,8500.0,MW
2050-03-07 15:00:00,YZ,HROR,6035.0,MW
2050-03-08 16:00:00,YZ,HROR,2975.0,MW
2050-03-09 17:00:00,YZ,HROR,8500.0,MW
2050-03-10 18:00:00,YZ,HROR,8500.0,MW
2050-03-11 19:00:00,YZ,HROR,5015.0,MW
2050-03-12 20:00:00,YZ,HROR,6035.0,MW
2050-03-13 21:00:00,YZ,HROR,6035.0,MW
2050-03-14 22:00:00,YZ,HROR,5015.0,MW
2050-03-15 23:00:00,YZ,HROR,5015.0,MW
2050-03-17 00:00:00,YZ,HROR,5015.0,MW
2050-03-18 01:00:00,YZ,HROR,5015.0,MW
2050-03-19 02:00:00,YZ,HROR,5100.0,MW
2050-03-20 03:00:00,YZ,HROR,6120.0,MW
2050-03-21 04:00:00,YZ,HROR,8500.0,MW
2050-03-22 05:00:00,YZ,HROR,8500.0,MW
2050-03-23 06:00:00,YZ,HROR,8500.0,MW
2050-03-24 07:00:00,YZ,HROR,8500.0,MW
2050-03-25 08:00:00,YZ,HROR,8500.0,MW
2050-03-26 09:00:00,YZ,HROR,8500.0,MW
2050-03-27 10:00:00,YZ,HROR,8500.0,MW
2050-03-28 11:00:00,YZ,HROR,8500.0,MW
2050-03-29 12:00:00,YZ,HROR,8500.0,MW
2050-03-30 13:00:00,YZ,HROR,8500.0,MW
2050-03-31 14:00:00,YZ,HROR,5865.0,MW
2050-04-01 15:00:00,YZ,HROR,2550.0,MW
2050-04-02 16:00:00,YZ,HROR,4590.0,MW
2050-04-03 17:00:00,YZ,HROR,5610.0,MW
2050-04-04 18:00:00,YZ,HROR,4420.0,MW
2050-04-05 19:00:00,YZ,HROR,5610.0,MW
2050-04-06 20:00:00,YZ,HROR,8500.0,MW
2050-04-07 21:00:00,YZ,HROR,8500.0,MW
2050-04-08 22:00:00,YZ,HROR,8500.0,MW
2050-04-09 23:00:00,YZ,HROR,8500.0,MW
2050-04-11 00:00:00,YZ,HROR,8500.0,MW
2050-04-12 01:00:00,YZ,HROR,8500.0,MW
2050-04-13 02:00:00,YZ,HROR,8500.0,MW
2050-04-14 03:00:00,YZ,HROR,4420.0,MW
2050-04-15 04:00:00,YZ,HROR,8500.0,MW
2050-04-16 05:00:00,YZ,HROR,8500.0,MW
2050-04-17 06:00:00,YZ,HROR,7140.0,MW
2050-04-18 07:00:00,YZ,HROR,8500.0,MW
2050-04-19 08:00:00,YZ,HROR,8500.0,MW
2050-04-20 09:00:00,YZ,HROR,8500.0,MW
2050-04-21 10:00:00,YZ,HROR,8500.0,MW
2050-04-22 11:00:00,YZ,HROR,8500.0,MW
2050-04-23 12:00:00,YZ,HROR,8500.0,MW
2050-04-24 13:00:00,YZ,HROR,8500.0,MW
2050-04-25 14:00:00,YZ,HROR,8500.0,MW
2050-04-26 15:00:00,YZ,HROR,4675.0,MW
2050-04-27 16:00:00,YZ,HROR,8500.0,MW
2050-04-28 17:00:00,YZ,HROR,8500.0,MW
2050-04-29 18:00:00,YZ,HROR,8500.0,MW
2050-04-30 19:00:00,YZ,HROR,5610.0,MW
2050-05-01 20:00:00,YZ,HROR,8500.0,MW
2050-05-02 21:00:00,YZ,HROR,8500.0,MW
2050-05-03 22:00:00,YZ,HROR,8500.0,MW
2050-05-04 23:00:00,YZ,HROR,8500.0,MW
2050-05-06 00:00:00,YZ,HROR,8500.0,MW
2050-05-07 01:00:00,YZ,HROR,7565.0,MW
2050-05-08 02:00:00,YZ,HROR,8500.0,MW
2050-05-09 03:00:00,YZ,HROR,8500.0,MW
2050-05-10 04:00:00,YZ,HROR,8500.0,MW
2050-05-11 05:00:00,YZ,HROR,6715.0,MW
2050-05-12 06:00:00,YZ,HROR,8500.0,MW
2050-05-13 07:00:00,YZ,HROR,8500.0,MW
2050-05-14 08:00:00,YZ,HROR,8500.0,MW
2050-05-15 09:00:00,YZ,HROR,8500.0,MW
2050-05-16 10:00:00,YZ,HROR,7820.0,MW
2050-05-17 11:00:00,YZ,HROR,5525.0,MW
2050-05-18 12:00:00,YZ,HROR,5525.0,MW
2050-05-19 13:00:00,YZ,HROR,5525.0,MW
2050-05-20 14:00:00,YZ,HROR,2975.0,MW
2050-05-21 15:00:00,YZ,HROR,6970.0,MW
2050-05-22 16:00:00,YZ,HROR,8500.0,MW
2050-05-23 17:00:00,YZ,HROR,8500.0,MW
2050-05-24 18:00:00,YZ,HROR,8500.0,MW
2050-05-25 19:00:00,YZ,HROR,8500.0,MW
2050-05-26 20:00:00,YZ,HROR,8500.0,MW
2050-05-27 21:00:00,YZ,HROR,5440.0,MW
2050-05-28 22:00:00,YZ,HROR,8500.0,MW
2050-05-29 23:00:00,YZ,HROR,8500.0,MW
2050-05-31 00:00:00,YZ,HROR,8500.0,MW
2050-06-01 01:00:00,YZ,HROR,8500.0,MW
2050-06-02 02:00:00,YZ,HROR,8500.0,MW
2050-06-03 03:00:00,YZ,HROR,8500.0,MW
2050-06-04 04:00:00,YZ,HROR,5525.0,MW
2050-06-05 05:00:00,YZ,HROR,8245.0,MW
2050-06-06 06:00:00,YZ,HROR,6460.0,MW
2050-06-07 07:00:00,YZ,HROR,7480.0,MW
2050-06-08 08:00:00,YZ,HROR,6545.0,MW
2050-06-09 09:00:00,YZ,HROR,5610.0,MW
2050-06-10 10:00:00,YZ,HROR,8500.0,MW
2050-06-11 11:00:00,YZ,HROR,6290.0,MW
2050-06-12 12:00:00,YZ,HROR,8500.0,MW
2050-06-13 13:00:00,YZ,HROR,6290.0,MW
2050-06-14 14:00:00,YZ,HROR,8500.0,MW
2050-06-15 15:00:00,YZ,HROR,5610.0,MW
2050-06-16 16:00:00,YZ,HROR,5525.0,MW
2050-06-17 17:00:00,YZ,HROR,8500.0,MW
2050-06-18 18:00:00,YZ,HROR,5610.0,MW
2050-06-19 19:00:00,YZ,HROR,8500.0,MW
2050-06-20 20:00:00,YZ,HROR,5610.0,MW
2050-06-21 21:00:00,YZ,HROR,4420.0,MW
2050-06-22 22:00:00,YZ,HROR,5610.0,MW
2050-06-23 23:00:00,YZ,HROR,5865.0,MW
2050-06-25 00:00:00,YZ,HROR,8500.0,MW
2050-06-26 01:00:00,YZ,HROR,8500.0,MW
2050-06-27 02:00:00,YZ,HROR,8500.0,MW
2050-06-28 03:00:00,YZ,HROR,8415.0,MW
2050-06-29 04:00:00,YZ,HROR,8500.0,MW
2050-06-30 05:00:00,YZ,HROR,8500.0,MW
2050-07-01 06:00:00,YZ,HROR,8500.0,MW
2050-07-02 07:00:00,YZ,HROR,8500.0,MW
2050-07-03 08:00:00,YZ,HROR,8500.0,MW
2050-07-04 09:00:00,YZ,HROR,8500.0,MW
2050-07-05 10:00:00,YZ,HROR,7140.0,MW
2050-07-06 11:00:00,YZ,HROR,5610.0,MW
2050-07-07 12:00:00,YZ,HROR,5780.0,MW
2050-07-08 13:00:00,YZ,HROR,8500.0,MW
2050-07-09 14:00:00,YZ,HROR,6035.0,MW
2050-07-10 15:00:00,YZ,HROR,8500.0,MW
2050-07-11 16:00:00,YZ,HROR,5610.0,MW
2050-07-12 17:00:00,YZ,HROR,5950.0,MW
2050-07-13 18:00:00,YZ,HROR,6290.0,MW
2050-07-14 19:00:00,YZ,HROR,8500.0,MW
2050-07-15 20:00:00,YZ,HROR,8500.0,MW
2050-07-16 21:00:00,YZ,HROR,5950.0,MW
2050-07-17 22:00:00,YZ,HROR,5950.0,MW
2050-07-18 23:00:00,YZ,HROR,6205.0,MW
2050-07-20 00:00:00,YZ,HROR,6205.0,MW
2050-07-21 01:00:00,YZ,HROR,7905.0,MW
2050-07-22 02:00:00,YZ,HROR,8500.0,MW
2050-07-23 03:00:00,YZ,HROR,7055.0,MW
2050-07-24 04:00:00,YZ,HROR,8500.0,MW
2050-07-25 05:00:00,YZ,HROR,8500.0,MW
2050-07-26 06:00:00,YZ,HROR,8500.0,MW
2050-07-27 07:00:00,YZ,HROR,6120.0,MW
2050-07-28 08:00:00,YZ,HROR,8500.0,MW
2050-07-29 09:00:00,YZ,HROR,6545.0,MW
2050-07-30 10:00:00,YZ,HROR,8500.0,MW
2050-07-31 11:00:00,YZ,HROR,8500.0,MW
2050-08-01 12:00:00,YZ,HROR,6545.0,MW
2050-08-02 13:00:00,YZ,HROR,8500.0,MW
2050-08-03 14:00:00,YZ,HROR,5525.0,MW
2050-08-04 15:00:00,YZ,HROR,3060.0,MW
2050-08-05 16:00:00,YZ,HROR,6460.0,MW
2050-08-06 17:00:00,YZ,HROR,5865.0,MW
2050-08-07 18:00:00,YZ,HROR,5355.0,MW
2050-08-08 19:00:00,YZ,HROR,5695.0,MW
2050-08-09 20:00:00,YZ,HROR,4930.0,MW
2050-08-10 21:00:00,YZ,HROR,8500.0,MW
2050-08-11 22:00:00,YZ,HROR,8500.0,MW
2050-08-12 23:00:00,YZ,HROR,8500.0,MW
2050-08-14 00:00:00,YZ,HROR,4845.0,MW
2050-08-15 01:00:00,YZ,HROR,4590.0,MW
2050-08-16 02:00:00,YZ,HROR,5355.0,MW
2050-08-17 03:00:00,YZ,HROR,4590.0,MW
2050-08-18 04:00:00,YZ,HROR,7650.0,MW
2050-08-19 05:00:00,YZ,HROR,4590.0,MW
2050-08-20 06:00:00,YZ,HROR,8500.0,MW
2050-08-21 07:00:00,YZ,HROR,8500.0,MW
2050-08-22 08:00:00,YZ,HROR,8500.0,MW
2050-08-23 09:00:00,YZ,HROR,8500.0,MW
2050-08-24 10:00:00,YZ,HROR,8500.0,MW
2050-08-25 11:00:00,YZ,HROR,8500.0,MW
2050-08-26 12:00:00,YZ,HROR,8500.0,MW
2050-08-27 13:00:00,YZ,HROR,8500.0,MW
2050-08-28 14:00:00,YZ,HROR,8500.0,MW
2050-08-29 15:00:00,YZ,HROR,8500.0,MW
2050-08-30 16:00:00,YZ,HROR,8500.0,MW
2050-08-31 17:00:00,YZ,HROR,8500.0,MW
2050-09-01 18:00:00,YZ,HROR,6290.0,MW
2050-09-02 19:00:00,YZ,HROR,8500.0,MW
2050-09-03 20:00:00,YZ,HROR,8500.0,MW
2050-09-04 21:00:00,YZ,HROR,7310.0,MW
2050-09-05 22:00:00,YZ,HROR,5525.0,MW
2050-09-06 23:00:00,YZ,HROR,5440.0,MW
2050-09-08 00:00:00,YZ,HROR,8500.0,MW
2050-09-09 01:00:00,YZ,HROR,8500.0,MW
2050-09-10 02:00:00,YZ,HROR,8500.0,MW
2050-09-11 03:00:00,YZ,HROR,7055.0,MW
2050-09-12 04:00:00,YZ,HROR,8500.0,MW
2050-09-13 05:00:00,YZ,HROR,8500.0,MW
2050-09-14 06:00:00,YZ,HROR,8500.0,MW
2050-09-15 07:00:00,YZ,HROR,8500.0,MW
2050-09-16 08:00:00,YZ,HROR,8500.0,MW
2050-09-17 09:00:00,YZ,HROR,8500.0,MW
2050-09-18 10:00:00,YZ,HROR,8500.0,MW
2050-09-19 11:00:00,YZ,HROR,8500.0,MW
2050-09-20 12:00:00,YZ,HROR,8500.0,MW
2050-09-21 13:00:00,YZ,HROR,8500.0,MW
2050-09-22 14:00:00,YZ,HROR,8500.0,MW
2050-09-23 15:00:00,YZ,HROR,8500.0,MW
2050-09-24 16:00:00,YZ,HROR,8500.0,MW
2050-09-25 17:00:00,YZ,HROR,7225.0,MW
2050-09-26 18:00:00,YZ,HROR,5780.0,MW
2050-09-27 19:00:00,YZ,HROR,6715.0,MW
2050-09-28 20:00:00,YZ,HROR,7480.0,MW
2050-09-29 21:00:00,YZ,HROR,8500.0,MW
2050-09-30 22:00:00,YZ,HROR,6715.0,MW
2050-10-01 23:00:00,YZ,HROR,7480.0,MW
2050-10-03 00:00:00,YZ,HROR,8500.0,MW
2050-10-04 01:00:00,YZ,HROR,7395.0,MW
2050-10-05 02:00:00,YZ,HROR,6715.0,MW
2050-10-06 03:00:00,YZ,HROR,7480.0,MW
2050-10-07 04:00:00,YZ,HROR,7650.0,MW
2050-10-08 05:00:00,YZ,HROR,7480.0,MW
2050-10-09 06:00:00,YZ,HROR,8500.0,MW
2050-10-10 07:00:00,YZ,HROR,7055.0,MW
2050-10-11 08:00:00,YZ,HROR,7055.0,MW
2050-10-12 09:00:00,YZ,HROR,6715.0,MW
2050-10-13 10:00:00,YZ,HROR,8500.0,MW
2050-10-14 11:00:00,YZ,HROR,8500.0,MW
2050-10-15 12:00:00,YZ,HROR,8500.0,MW
2050-10-16 13:00:00,YZ,HROR,7140.0,MW
2050-10-17 14:00:00,YZ,HROR,6630.0,MW
2050-10-18 15:00:00,YZ,HROR,6885.0,MW
2050-10-19 16:00:00,YZ,HROR,8500.0,MW
2050-10-20 17:00:00,YZ,HROR,7140.0,MW
2050-10-21 18:00:00,YZ,HROR,8500.0,MW
2050-10-22 19:00:00,YZ,HROR,8500.0,MW
2050-10-23 20:00:00,YZ,HROR,8500.0,MW
2050-10-24 21:00:00,YZ,HROR,7480.0,MW
2050-10-25 22:00:00,YZ,HROR,7820.0,MW
2050-10-26 23:00:00,YZ,HROR,7055.0,MW
2050-10-28 00:00:00,YZ,HROR,7735.0,MW
2050-10-29 01:00:00,YZ,HROR,8500.0,MW
2050-10-30 02:00:00,YZ,HROR,8500.0,MW
2050-10-31 03:00:00,YZ,HROR,8500.0,MW
2050-11-01 04:00:00,YZ,HROR,7055.0,MW
2050-11-02 05:00:00,YZ,HROR,7820.0,MW
2050-11-03 06:00:00,YZ,HROR,7650.0,MW
2050-11-04 07:00:00,YZ,HROR,8500.0,MW
2050-11-05 08:00:00,YZ,HROR,8500.0,MW
2050-11-06 09:00:00,YZ,HROR,8500.0,MW
2050-11-07 10:00:00,YZ,HROR,7310.0,MW
2050-11-08 11:00:00,YZ,HROR,8330.0,MW
2050-11-09 12:00:00,YZ,HROR,8500.0,MW
2050-11-10 13:00:00,YZ,HROR,7480.0,MW
2050-11-11 14:00:00,YZ,HROR,6630.0,MW
2050-11-12 15:00:00,YZ,HROR,8415.0,MW
2050-11-13 16:00:00,YZ,HROR,8415.0,MW
2050-11-14 17:00:00,YZ,HROR,7480.0,MW
2050-11-15 18:00:00,YZ,HROR,7480.0,MW
2050-11-16 19:00:00,YZ,HROR,7820.0,MW
2050-11-17 20:00:00,YZ,HROR,8330.0,MW
2050-11-18 21:00:00,YZ,HROR,7905.0,MW
2050-11-19 22:00:00,YZ,HROR,7905.0,MW
2050-11-20 23:00:00,YZ,HROR,7820.0,MW
2050-11-22 00:00:00,YZ,HROR,8330.0,MW
2050-11-23 01:00:00,YZ,HROR,7905.0,MW
2050-11-24 02:00:00,YZ,HROR,8500.0,MW
2050-11-25 03:00:00,YZ,HROR,8500.0,MW
2050-11-26 04:00:00,YZ,HROR,7820.0,MW
2050-11-27 05:00:00,YZ,HROR,7905.0,MW
2050-11-28 06:00:00,YZ,HROR,8330.0,MW
2050-11-29 07:00:00,YZ,HROR,7395.0,MW
2050-11-30 08:00:00,YZ,HROR,8500.0,MW
2050-12-01 09:00:00,YZ,HROR,8500.0,MW
2050-12-02 10:00:00,YZ,HROR,8075.0,MW
2050-12-03 11:00:00,YZ,HROR,7820.0,MW
2050-12-04 12:00:00,YZ,HROR,8415.0,MW
2050-12-05 13:00:00,YZ,HROR,7820.0,MW
2050-12-06 14:00:00,YZ,HROR,7820.0,MW
2050-12-07 15:00:00,YZ,HROR,8415.0,MW
2050-12-08 16:00:00,YZ,HROR,7820.0,MW
2050-12-09 17:00:00,YZ,HROR,7480.0,MW
2050-12-10 18:00:00,YZ,HROR,7990.0,MW
2050-12-11 19:00:00,YZ,HROR,8500.0,MW
2050-12-12 20:00:00,YZ,HROR,8160.0,MW
2050-12-13 21:00:00,YZ,HROR,8330.0,MW
2050-12-14 22:00:00,YZ,HROR,7480.0,MW
2050-12-15 23:00:00,YZ,HROR,8500.0,MW
2050-12-17 00:00:00,YZ,HROR,8245.0,MW
2050-12-18 01:00:00,YZ,HROR,8500.0,MW
2050-12-19 02:00:00,YZ,HROR,8500.0,MW
2050-12-20 03:00:00,YZ,HROR,8500.0,MW
2050-12-21 04:00:00,YZ,HROR,8500.0,MW
2050-12-22 05:00:00,YZ,HROR,8500.0,MW
2050-12-23 06:00:00,YZ,HROR,8500.0,MW
2050-12-24 07:00:00,YZ,HROR,8500.0,MW
2050-12-25 08:00:00,YZ,HROR,8500.0,MW
2050-12-26 09:00:00,YZ,HROR,8500.0,MW
2050-12-27 10:00:00,YZ,HROR,8500.0,MW
2050-12-28 11:00:00,YZ,HROR,8330.0,MW
2050-12-29 12:00:00,YZ,HROR,8330.0,MW
2050-12-30 13:00:00,YZ,HROR,8500.0,MW
2050-12-31 14:00:00,YZ,HROR,8415.0,MW
2051-01-01 15:00:00,YZ,HROR,8415.0,MW
2050-01-01 00:00:00,YZ,PHOT,0.0,MW
2050-01-02 01:00:00,YZ,PHOT,0.0,MW
2050-01-03 02:00:00,YZ,PHOT,0.0,MW
2050-01-04 03:00:00,YZ,PHOT,0.0,MW
2050-01-05 04:00:00,YZ,PHOT,0.0,MW
2050-01-06 05:00:00,YZ,PHOT,0.0,MW
2050-01-07 06:00:00,YZ,PHOT,0.0,MW
2050-01-08 07:00:00,YZ,PHOT,546.4,MW
2050-01-09 08:00:00,YZ,PHOT,2322.2,MW
2050-01-10 09:00:00,YZ,PHOT,6569.4,MW
2050-01-11 10:00:00,YZ,PHOT,9739.0,MW
2050-01-12 11:00:00,YZ,PHOT,17228.4,MW
2050-01-13 12:00:00,YZ,PHOT,26148.7,MW
2050-01-14 13:00:00,YZ,PHOT,25649.2,MW
2050-01-15 14:00:00,YZ,PHOT,21167.2,MW
2050-01-16 15:00:00,YZ,PHOT,21220.1,MW
2050-01-17 16:00:00,YZ,PHOT,13079.4,MW
2050-01-18 17:00:00,YZ,PHOT,6545.5,MW
2050-01-19 18:00:00,YZ,PHOT,931.3,MW
2050-01-20 19:00:00,YZ,PHOT,0.0,MW
2050-01-21 20:00:00,YZ,PHOT,0.0,MW
2050-01-22 21:00:00,YZ,PHOT,0.0,MW
2050-01-23 22:00:00,YZ,PHOT,0.0,MW
2050-01-24 23:00:00,YZ,PHOT,0.0,MW
2050-01-26 00:00:00,YZ,PHOT,0.0,MW
2050-01-27 01:00:00,YZ,PHOT,0.0,MW
2050-01-28 02:00:00,YZ,PHOT,0.0,MW
2050-01-29 03:00:00,YZ,PHOT,0.0,MW
2050-01-30 04:00:00,YZ,PHOT,0.0,MW
2050-01-31 05:00:00,YZ,PHOT,0.0,MW
2050-02-01 06:00:00,YZ,PHOT,0.0,MW
2050-02-02 07:00:00,YZ,PHOT,273.2,MW
2050-02-03 08:00:00,YZ,PHOT,2595.3,MW
2050-02-04 09:00:00,YZ,PHOT,5340.0,MW
2050-02-05 10:00:00,YZ,PHOT,12288.9,MW
2050-02-06 11:00:00,YZ,PHOT,18314.6,MW
2050-02-07 12:00:00,YZ,PHOT,22143.7,MW
2050-02-08 13:00:00,YZ,PHOT,30278.1,MW
2050-02-09 14:00:00,YZ,PHOT,29006.4,MW
2050-02-10 15:00:00,YZ,PHOT,23553.1,MW
2050-02-11 16:00:00,YZ,PHOT,18258.1,MW
2050-02-12 17:00:00,YZ,PHOT,8382.6,MW
2050-02-13 18:00:00,YZ,PHOT,2411.5,MW
2050-02-14 19:00:00,YZ,PHOT,310.4,MW
2050-02-15 20:00:00,YZ,PHOT,0.0,MW
2050-02-16 21:00:00,YZ,PHOT,0.0,MW
2050-02-17 22:00:00,YZ,PHOT,0.0,MW
2050-02-18 23:00:00,YZ,PHOT,0.0,MW
2050-02-20 00:00:00,YZ,PHOT,0.0,MW
2050-02-21 01:00:00,YZ,PHOT,0.0,MW
2050-02-22 02:00:00,YZ,PHOT,0.0,MW
2050-02-23 03:00:00,YZ,PHOT,0.0,MW
2050-02-24 04:00:00,YZ,PHOT,0.0,MW
2050-02-25 05:00:00,YZ,PHOT,0.0,MW
2050-02-26 06:00:00,YZ,PHOT,0.0,MW
2050-02-27 07:00:00,YZ,PHOT,819.6,MW
2050-02-28 08:00:00,YZ,PHOT,2737.0,MW
2050-03-01 09:00:00,YZ,PHOT,10034.3,MW
2050-03-02 10:00:00,YZ,PHOT,17911.0,MW
2050-03-03 11:00:00,YZ,PHOT,23763.3,MW
2050-03-04 12:00:00,YZ,PHOT,26764.4,MW
2050-03-05 13:00:00,YZ,PHOT,30115.5,MW
2050-03-06 14:00:00,YZ,PHOT,25289.2,MW
2050-03-07 15:00:00,YZ,PHOT,24678.5,MW
2050-03-08 16:00:00,YZ,PHOT,23468.4,MW
2050-03-09 17:00:00,YZ,PHOT,11950.4,MW
2050-03-10 18:00:00,YZ,PHOT,6444.9,MW
2050-03-11 19:00:00,YZ,PHOT,1672.7,MW
2050-03-12 20:00:00,YZ,PHOT,0.0,MW
2050-03-13 21:00:00,YZ,PHOT,0.0,MW
2050-03-14 22:00:00,YZ,PHOT,0.0,MW
2050-03-15 23:00:00,YZ,PHOT,0.0,MW
2050-03-17 00:00:00,YZ,PHOT,0.0,MW
2050-03-18 01:00:00,YZ,PHOT,0.0,MW
2050-03-19 02:00:00,YZ,PHOT,0.0,MW
2050-03-20 03:00:00,YZ,PHOT,0.0,MW
2050-03-21 04:00:00,YZ,PHOT,0.0,MW
2050-03-22 05:00:00,YZ,PHOT,0.0,MW
2050-03-23 06:00:00,YZ,PHOT,0.0,MW
2050-03-24 07:00:00,YZ,PHOT,1917.5,MW
2050-03-25 08:00:00,YZ,PHOT,6728.9,MW
2050-03-26 09:00:00,YZ,PHOT,11913.3,MW
2050-03-27 10:00:00,YZ,PHOT,17920.4,MW
2050-03-28 11:00:00,YZ,PHOT,25900.0,MW
2050-03-29 12:00:00,YZ,PHOT,26938.0,MW
2050-03-30 13:00:00,YZ,PHOT,26978.0,MW
2050-03-31 14:00:00,YZ,PHOT,29658.1,MW
2050-04-01 15:00:00,YZ,PHOT,30976.7,MW
2050-04-02 16:00:00,YZ,PHOT,25437.9,MW
2050-04-03 17:00:00,YZ,PHOT,12043.8,MW
2050-04-04 18:00:00,YZ,PHOT,5636.7,MW
2050-04-05 19:00:00,YZ,PHOT,1983.1,MW
2050-04-06 20:00:00,YZ,PHOT,155.2,MW
2050-04-07 21:00:00,YZ,PHOT,0.0,MW
2050-04-08 22:00:00,YZ,PHOT,0.0,MW
2050-04-09 23:00:00,YZ,PHOT,0.0,MW
2050-04-11 00:00:00,YZ,PHOT,0.0,MW
2050-04-12 01:00:00,YZ,PHOT,0.0,MW
2050-04-13 02:00:00,YZ,PHOT,0.0,MW
2050-04-14 03:00:00,YZ,PHOT,0.0,MW
2050-04-15 04:00:00,YZ,PHOT,0.0,MW
2050-04-16 05:00:00,YZ,PHOT,0.0,MW
2050-04-17 06:00:00,YZ,PHOT,275.7,MW
2050-04-18 07:00:00,YZ,PHOT,2747.2,MW
2050-04-19 08:00:00,YZ,PHOT,10215.0,MW
2050-04-20 09:00:00,YZ,PHOT,20171.6,MW
2050-04-21 10:00:00,YZ,PHOT,20293.2,MW
2050-04-22 11:00:00,YZ,PHOT,20626.5,MW
2050-04-23 12:00:00,YZ,PHOT,25210.2,MW
2050-04-24 13:00:00,YZ,PHOT,25218.7,MW
2050-04-25 14:00:00,YZ,PHOT,26389.7,MW
2050-04-26 15:00:00,YZ,PHOT,24733.4,MW
2050-04-27 16:00:00,YZ,PHOT,21646.6,MW
2050-04-28 17:00:00,YZ,PHOT,13360.0,MW
2050-04-29 18:00:00,YZ,PHOT,7240.0,MW
2050-04-30 19:00:00,YZ,PHOT,2845.0,MW
2050-05-01 20:00:00,YZ,PHOT,620.9,MW
2050-05-02 21:00:00,YZ,PHOT,0.0,MW
2050-05-03 22:00:00,YZ,PHOT,0.0,MW
2050-05-04 23:00:00,YZ,PHOT,0.0,MW
2050-05-06 00:00:00,YZ,PHOT,0.0,MW
2050-05-07 01:00:00,YZ,PHOT,0.0,MW
2050-05-08 02:00:00,YZ,PHOT,0.0,MW
2050-05-09 03:00:00,YZ,PHOT,0.0,MW
2050-05-10 04:00:00,YZ,PHOT,0.0,MW
2050-05-11 05:00:00,YZ,PHOT,0.0,MW
2050-05-12 06:00:00,YZ,PHOT,551.5,MW
2050-05-13 07:00:00,YZ,PHOT,3593.1,MW
2050-05-14 08:00:00,YZ,PHOT,10693.3,MW
2050-05-15 09:00:00,YZ,PHOT,19418.9,MW
2050-05-16 10:00:00,YZ,PHOT,22154.2,MW
2050-05-17 11:00:00,YZ,PHOT,28039.6,MW
2050-05-18 12:00:00,YZ,PHOT,27400.3,MW
2050-05-19 13:00:00,YZ,PHOT,26745.7,MW
2050-05-20 14:00:00,YZ,PHOT,28220.4,MW
2050-05-21 15:00:00,YZ,PHOT,26692.4,MW
2050-05-22 16:00:00,YZ,PHOT,20566.1,MW
2050-05-23 17:00:00,YZ,PHOT,15857.8,MW
2050-05-24 18:00:00,YZ,PHOT,7877.3,MW
2050-05-25 19:00:00,YZ,PHOT,3120.8,MW
2050-05-26 20:00:00,YZ,PHOT,1051.8,MW
2050-05-27 21:00:00,YZ,PHOT,155.2,MW
2050-05-28 22:00:00,YZ,PHOT,0.0,MW
2050-05-29 23:00:00,YZ,PHOT,0.0,MW
2050-05-31 00:00:00,YZ,PHOT,0.0,MW
2050-06-01 01:00:00,YZ,PHOT,0.0,MW
2050-06-02 02:00:00,YZ,PHOT,0.0,MW
2050-06-03 03:00:00,YZ,PHOT,0.0,MW
2050-06-04 04:00:00,YZ,PHOT,0.0,MW
2050-06-05 05:00:00,YZ,PHOT,275.7,MW
2050-06-06 06:00:00,YZ,PHOT,827.2,MW
2050-06-07 07:00:00,YZ,PHOT,23176.9,MW
2050-06-08 08:00:00,YZ,PHOT,4846.1,MW
2050-06-09 09:00:00,YZ,PHOT,8775.9,MW
2050-06-10 10:00:00,YZ,PHOT,18848.8,MW
2050-06-11 11:00:00,YZ,PHOT,22974.0,MW
2050-06-12 12:00:00,YZ,PHOT,25983.6,MW
2050-06-13 13:00:00,YZ,PHOT,28824.7,MW
2050-06-14 14:00:00,YZ,PHOT,26145.0,MW
2050-06-15 15:00:00,YZ,PHOT,27666.3,MW
2050-06-16 16:00:00,YZ,PHOT,26082.5,MW
2050-06-17 17:00:00,YZ,PHOT,18724.3,MW
2050-06-18 18:00:00,YZ,PHOT,13930.1,MW
2050-06-19 19:00:00,YZ,PHOT,9100.4,MW
2050-06-20 20:00:00,YZ,PHOT,4327.8,MW
2050-06-21 21:00:00,YZ,PHOT,1362.2,MW
2050-06-22 22:00:00,YZ,PHOT,310.4,MW
2050-06-23 23:00:00,YZ,PHOT,0.0,MW
2050-06-25 00:00:00,YZ,PHOT,0.0,MW
2050-06-26 01:00:00,YZ,PHOT,0.0,MW
2050-06-27 02:00:00,YZ,PHOT,0.0,MW
2050-06-28 03:00:00,YZ,PHOT,0.0,MW
2050-06-29 04:00:00,YZ,PHOT,0.0,MW
2050-06-30 05:00:00,YZ,PHOT,0.0,MW
2050-07-01 06:00:00,YZ,PHOT,0.0,MW
2050-07-02 07:00:00,YZ,PHOT,827.2,MW
2050-07-03 08:00:00,YZ,PHOT,4005.4,MW
2050-07-04 09:00:00,YZ,PHOT,9710.9,MW
2050-07-05 10:00:00,YZ,PHOT,17769.5,MW
2050-07-06 11:00:00,YZ,PHOT,21477.6,MW
2050-07-07 12:00:00,YZ,PHOT,24126.5,MW
2050-07-08 13:00:00,YZ,PHOT,23941.7,MW
2050-07-09 14:00:00,YZ,PHOT,27247.6,MW
2050-07-10 15:00:00,YZ,PHOT,26676.9,MW
2050-07-11 16:00:00,YZ,PHOT,22329.2,MW
2050-07-12 17:00:00,YZ,PHOT,16668.5,MW
2050-07-13 18:00:00,YZ,PHOT,11279.7,MW
2050-07-14 19:00:00,YZ,PHOT,6825.1,MW
2050-07-15 20:00:00,YZ,PHOT,4017.4,MW
2050-07-16 21:00:00,YZ,PHOT,1207.0,MW
2050-07-17 22:00:00,YZ,PHOT,155.2,MW
2050-07-18 23:00:00,YZ,PHOT,0.0,MW
2050-07-20 00:00:00,YZ,PHOT,0.0,MW
2050-07-21 01:00:00,YZ,PHOT,0.0,MW
2050-07-22 02:00:00,YZ,PHOT,0.0,MW
2050-07-23 03:00:00,YZ,PHOT,0.0,MW
2050-07-24 04:00:00,YZ,PHOT,0.0,MW
2050-07-25 05:00:00,YZ,PHOT,0.0,MW
2050-07-26 06:00:00,YZ,PHOT,0.0,MW
2050-07-27 07:00:00,YZ,PHOT,551.5,MW
2050-07-28 08:00:00,YZ,PHOT,2479.1,MW
2050-07-29 09:00:00,YZ,PHOT,6947.6,MW
2050-07-30 10:00:00,YZ,PHOT,15405.0,MW
2050-07-31 11:00:00,YZ,PHOT,23616.3,MW
2050-08-01 12:00:00,YZ,PHOT,27770.9,MW
2050-08-02 13:00:00,YZ,PHOT,26951.1,MW
2050-08-03 14:00:00,YZ,PHOT,28349.6,MW
2050-08-04 15:00:00,YZ,PHOT,27616.4,MW
2050-08-05 16:00:00,YZ,PHOT,25062.7,MW
2050-08-06 17:00:00,YZ,PHOT,19576.1,MW
2050-08-07 18:00:00,YZ,PHOT,16040.0,MW
2050-08-08 19:00:00,YZ,PHOT,7842.3,MW
2050-08-09 20:00:00,YZ,PHOT,3465.9,MW
2050-08-10 21:00:00,YZ,PHOT,620.9,MW
2050-08-11 22:00:00,YZ,PHOT,0.0,MW
2050-08-12 23:00:00,YZ,PHOT,0.0,MW
2050-08-14 00:00:00,YZ,PHOT,0.0,MW
2050-08-15 01:00:00,YZ,PHOT,0.0,MW
2050-08-16 02:00:00,YZ,PHOT,0.0,MW
2050-08-17 03:00:00,YZ,PHOT,0.0,MW
2050-08-18 04:00:00,YZ,PHOT,0.0,MW
2050-08-19 05:00:00,YZ,PHOT,0.0,MW
2050-08-20 06:00:00,YZ,PHOT,0.0,MW
2050-08-21 07:00:00,YZ,PHOT,0.0,MW
2050-08-22 08:00:00,YZ,PHOT,3157.0,MW
2050-08-23 09:00:00,YZ,PHOT,8967.0,MW
2050-08-24 10:00:00,YZ,PHOT,14786.7,MW
2050-08-25 11:00:00,YZ,PHOT,21944.0,MW
2050-08-26 12:00:00,YZ,PHOT,23349.3,MW
2050-08-27 13:00:00,YZ,PHOT,23197.4,MW
2050-08-28 14:00:00,YZ,PHOT,25209.5,MW
2050-08-29 15:00:00,YZ,PHOT,25000.8,MW
2050-08-30 16:00:00,YZ,PHOT,24522.7,MW
2050-08-31 17:00:00,YZ,PHOT,19348.5,MW
2050-09-01 18:00:00,YZ,PHOT,13044.5,MW
2050-09-02 19:00:00,YZ,PHOT,5687.9,MW
2050-09-03 20:00:00,YZ,PHOT,1672.7,MW
2050-09-04 21:00:00,YZ,PHOT,155.2,MW
2050-09-05 22:00:00,YZ,PHOT,0.0,MW
2050-09-06 23:00:00,YZ,PHOT,0.0,MW
2050-09-08 00:00:00,YZ,PHOT,0.0,MW
2050-09-09 01:00:00,YZ,PHOT,0.0,MW
2050-09-10 02:00:00,YZ,PHOT,0.0,MW
2050-09-11 03:00:00,YZ,PHOT,0.0,MW
2050-09-12 04:00:00,YZ,PHOT,0.0,MW
2050-09-13 05:00:00,YZ,PHOT,0.0,MW
2050-09-14 06:00:00,YZ,PHOT,0.0,MW
2050-09-15 07:00:00,YZ,PHOT,0.0,MW
2050-09-16 08:00:00,YZ,PHOT,1920.0,MW
2050-09-17 09:00:00,YZ,PHOT,6067.1,MW
2050-09-18 10:00:00,YZ,PHOT,13467.6,MW
2050-09-19 11:00:00,YZ,PHOT,20797.2,MW
2050-09-20 12:00:00,YZ,PHOT,22410.8,MW
2050-09-21 13:00:00,YZ,PHOT,23100.5,MW
2050-09-22 14:00:00,YZ,PHOT,24309.0,MW
2050-09-23 15:00:00,YZ,PHOT,21550.3,MW
2050-09-24 16:00:00,YZ,PHOT,22621.4,MW
2050-09-25 17:00:00,YZ,PHOT,19007.1,MW
2050-09-26 18:00:00,YZ,PHOT,7931.8,MW
2050-09-27 19:00:00,YZ,PHOT,1827.9,MW
2050-09-28 20:00:00,YZ,PHOT,465.6,MW
2050-09-29 21:00:00,YZ,PHOT,0.0,MW
2050-09-30 22:00:00,YZ,PHOT,0.0,MW
2050-10-01 23:00:00,YZ,PHOT,0.0,MW
2050-10-03 00:00:00,YZ,PHOT,0.0,MW
2050-10-04 01:00:00,YZ,PHOT,0.0,MW
2050-10-05 02:00:00,YZ,PHOT,0.0,MW
2050-10-06 03:00:00,YZ,PHOT,0.0,MW
2050-10-07 04:00:00,YZ,PHOT,0.0,MW
2050-10-08 05:00:00,YZ,PHOT,0.0,MW
2050-10-09 06:00:00,YZ,PHOT,0.0,MW
2050-10-10 07:00:00,YZ,PHOT,0.0,MW
2050-10-11 08:00:00,YZ,PHOT,409.8,MW
2050-10-12 09:00:00,YZ,PHOT,1651.9,MW
2050-10-13 10:00:00,YZ,PHOT,7799.3,MW
2050-10-14 11:00:00,YZ,PHOT,18023.9,MW
2050-10-15 12:00:00,YZ,PHOT,24453.8,MW
2050-10-16 13:00:00,YZ,PHOT,26297.2,MW
2050-10-17 14:00:00,YZ,PHOT,23562.8,MW
2050-10-18 15:00:00,YZ,PHOT,21534.8,MW
2050-10-19 16:00:00,YZ,PHOT,16920.9,MW
2050-10-20 17:00:00,YZ,PHOT,10190.7,MW
2050-10-21 18:00:00,YZ,PHOT,2650.0,MW
2050-10-22 19:00:00,YZ,PHOT,1396.9,MW
2050-10-23 20:00:00,YZ,PHOT,0.0,MW
2050-10-24 21:00:00,YZ,PHOT,0.0,MW
2050-10-25 22:00:00,YZ,PHOT,0.0,MW
2050-10-26 23:00:00,YZ,PHOT,0.0,MW
2050-10-28 00:00:00,YZ,PHOT,0.0,MW
2050-10-29 01:00:00,YZ,PHOT,0.0,MW
2050-10-30 02:00:00,YZ,PHOT,0.0,MW
2050-10-31 03:00:00,YZ,PHOT,0.0,MW
2050-11-01 04:00:00,YZ,PHOT,0.0,MW
2050-11-02 05:00:00,YZ,PHOT,0.0,MW
2050-11-03 06:00:00,YZ,PHOT,0.0,MW
2050-11-04 07:00:00,YZ,PHOT,0.0,MW
2050-11-05 08:00:00,YZ,PHOT,683.0,MW
2050-11-06 09:00:00,YZ,PHOT,1646.8,MW
2050-11-07 10:00:00,YZ,PHOT,5810.0,MW
2050-11-08 11:00:00,YZ,PHOT,15267.1,MW
2050-11-09 12:00:00,YZ,PHOT,20200.1,MW
2050-11-10 13:00:00,YZ,PHOT,17581.4,MW
2050-11-11 14:00:00,YZ,PHOT,20203.0,MW
2050-11-12 15:00:00,YZ,PHOT,18617.7,MW
2050-11-13 16:00:00,YZ,PHOT,14247.0,MW
2050-11-14 17:00:00,YZ,PHOT,7781.1,MW
2050-11-15 18:00:00,YZ,PHOT,1539.8,MW
2050-11-16 19:00:00,YZ,PHOT,465.6,MW
2050-11-17 20:00:00,YZ,PHOT,0.0,MW
2050-11-18 21:00:00,YZ,PHOT,0.0,MW
2050-11-19 22:00:00,YZ,PHOT,0.0,MW
2050-11-20 23:00:00,YZ,PHOT,0.0,MW
2050-11-22 00:00:00,YZ,PHOT,0.0,MW
2050-11-23 01:00:00,YZ,PHOT,0.0,MW
2050-11-24 02:00:00,YZ,PHOT,0.0,MW
2050-11-25 03:00:00,YZ,PHOT,0.0,MW
2050-11-26 04:00:00,YZ,PHOT,0.0,MW
2050-11-27 05:00:00,YZ,PHOT,0.0,MW
2050-11-28 06:00:00,YZ,PHOT,0.0,MW
2050-11-29 07:00:00,YZ,PHOT,0.0,MW
2050-11-30 08:00:00,YZ,PHOT,2049.0,MW
2050-12-01 09:00:00,YZ,PHOT,2868.5,MW
2050-12-02 10:00:00,YZ,PHOT,8216.2,MW
2050-12-03 11:00:00,YZ,PHOT,9383.4,MW
2050-12-04 12:00:00,YZ,PHOT,17349.3,MW
2050-12-05 13:00:00,YZ,PHOT,17893.4,MW
2050-12-06 14:00:00,YZ,PHOT,16065.0,MW
2050-12-07 15:00:00,YZ,PHOT,15555.6,MW
2050-12-08 16:00:00,YZ,PHOT,15949.5,MW
2050-12-09 17:00:00,YZ,PHOT,7702.1,MW
2050-12-10 18:00:00,YZ,PHOT,1558.4,MW
2050-12-11 19:00:00,YZ,PHOT,0.0,MW
2050-12-12 20:00:00,YZ,PHOT,0.0,MW
2050-12-13 21:00:00,YZ,PHOT,0.0,MW
2050-12-14 22:00:00,YZ,PHOT,0.0,MW
2050-12-15 23:00:00,YZ,PHOT,0.0,MW
2050-12-17 00:00:00,YZ,PHOT,0.0,MW
2050-12-18 01:00:00,YZ,PHOT,0.0,MW
2050-12-19 02:00:00,YZ,PHOT,0.0,MW
2050-12-20 03:00:00,YZ,PHOT,0.0,MW
2050-12-21 04:00:00,YZ,PHOT,0.0,MW
2050-12-22 05:00:00,YZ,PHOT,0.0,MW
2050-12-23 06:00:00,YZ,PHOT,0.0,MW
2050-12-24 07:00:00,YZ,PHOT,0.0,MW
2050-12-25 08:00:00,YZ,PHOT,1502.6,MW
2050-12-26 09:00:00,YZ,PHOT,3414.9,MW
2050-12-27 10:00:00,YZ,PHOT,6427.7,MW
2050-12-28 11:00:00,YZ,PHOT,10989.3,MW
2050-12-29 12:00:00,YZ,PHOT,14100.4,MW
2050-12-30 13:00:00,YZ,PHOT,19777.9,MW
2050-12-31 14:00:00,YZ,PHOT,18866.1,MW
2051-01-01 15:00:00,YZ,PHOT,21468.4,MW
2050-01-01 00:00:00,YZ,RTPV,0.0,MW
2050-01-02 01:00:00,YZ,RTPV,0.0,MW
2050-01-03 02:00:00,YZ,RTPV,0.0,MW
2050-01-04 03:00:00,YZ,RTPV,0.0,MW
2050-01-05 04:00:00,YZ,RTPV,0.0,MW
2050-01-06 05:00:00,YZ,RTPV,0.0,MW
2050-01-07 06:00:00,YZ,RTPV,0.0,MW
2050-01-08 07:00:00,YZ,RTPV,0.0,MW
2050-01-09 08:00:00,YZ,RTPV,0.0,MW
2050-01-10 09:00:00,YZ,RTPV,16.6,MW
2050-01-11 10:00:00,YZ,RTPV,9.9,MW
2050-01-12 11:00:00,YZ,RTPV,11.7,MW
2050-01-13 12:00:00,YZ,RTPV,15.8,MW
2050-01-14 13:00:00,YZ,RTPV,17.2,MW
2050-01-15 14:00:00,YZ,RTPV,15.1,MW
2050-01-16 15:00:00,YZ,RTPV,20.0,MW
2050-01-17 16:00:00,YZ,RTPV,16.3,MW
2050-01-18 17:00:00,YZ,RTPV,13.2,MW
2050-01-19 18:00:00,YZ,RTPV,1.8,MW
2050-01-20 19:00:00,YZ,RTPV,0.0,MW
2050-01-21 20:00:00,YZ,RTPV,0.0,MW
2050-01-22 21:00:00,YZ,RTPV,0.0,MW
2050-01-23 22:00:00,YZ,RTPV,0.0,MW
2050-01-24 23:00:00,YZ,RTPV,0.0,MW
2050-01-26 00:00:00,YZ,RTPV,0.0,MW
2050-01-27 01:00:00,YZ,RTPV,0.0,MW
2050-01-28 02:00:00,YZ,RTPV,0.0,MW
2050-01-29 03:00:00,YZ,RTPV,0.0,MW
2050-01-30 04:00:00,YZ,RTPV,0.0,MW
2050-01-31 05:00:00,YZ,RTPV,0.0,MW
2050-02-01 06:00:00,YZ,RTPV,0.0,MW
2050-02-02 07:00:00,YZ,RTPV,0.0,MW
2050-02-03 08:00:00,YZ,RTPV,0.8,MW
2050-02-04 09:00:00,YZ,RTPV,20.8,MW
2050-02-05 10:00:00,YZ,RTPV,9.0,MW
2050-02-06 11:00:00,YZ,RTPV,12.7,MW
2050-02-07 12:00:00,YZ,RTPV,16.9,MW
2050-02-08 13:00:00,YZ,RTPV,15.1,MW
2050-02-09 14:00:00,YZ,RTPV,7.0,MW
2050-02-10 15:00:00,YZ,RTPV,9.6,MW
2050-02-11 16:00:00,YZ,RTPV,19.5,MW
2050-02-12 17:00:00,YZ,RTPV,16.3,MW
2050-02-13 18:00:00,YZ,RTPV,8.4,MW
2050-02-14 19:00:00,YZ,RTPV,0.6,MW
2050-02-15 20:00:00,YZ,RTPV,0.0,MW
2050-02-16 21:00:00,YZ,RTPV,0.0,MW
2050-02-17 22:00:00,YZ,RTPV,0.0,MW
2050-02-18 23:00:00,YZ,RTPV,0.0,MW
2050-02-20 00:00:00,YZ,RTPV,0.0,MW
2050-02-21 01:00:00,YZ,RTPV,0.0,MW
2050-02-22 02:00:00,YZ,RTPV,0.0,MW
2050-02-23 03:00:00,YZ,RTPV,0.0,MW
2050-02-24 04:00:00,YZ,RTPV,0.0,MW
2050-02-25 05:00:00,YZ,RTPV,0.0,MW
2050-02-26 06:00:00,YZ,RTPV,0.0,MW
2050-02-27 07:00:00,YZ,RTPV,0.0,MW
2050-02-28 08:00:00,YZ,RTPV,9.6,MW
2050-03-01 09:00:00,YZ,RTPV,16.7,MW
2050-03-02 10:00:00,YZ,RTPV,13.2,MW
2050-03-03 11:00:00,YZ,RTPV,15.5,MW
2050-03-04 12:00:00,YZ,RTPV,17.7,MW
2050-03-05 13:00:00,YZ,RTPV,15.5,MW
2050-03-06 14:00:00,YZ,RTPV,15.5,MW
2050-03-07 15:00:00,YZ,RTPV,12.5,MW
2050-03-08 16:00:00,YZ,RTPV,12.6,MW
2050-03-09 17:00:00,YZ,RTPV,3.7,MW
2050-03-10 18:00:00,YZ,RTPV,12.7,MW
2050-03-11 19:00:00,YZ,RTPV,5.9,MW
2050-03-12 20:00:00,YZ,RTPV,0.0,MW
2050-03-13 21:00:00,YZ,RTPV,0.0,MW
2050-03-14 22:00:00,YZ,RTPV,0.0,MW
2050-03-15 23:00:00,YZ,RTPV,0.0,MW
2050-03-17 00:00:00,YZ,RTPV,0.0,MW
2050-03-18 01:00:00,YZ,RTPV,0.0,MW
2050-03-19 02:00:00,YZ,RTPV,0.0,MW
2050-03-20 03:00:00,YZ,RTPV,0.0,MW
2050-03-21 04:00:00,YZ,RTPV,0.0,MW
2050-03-22 05:00:00,YZ,RTPV,0.0,MW
2050-03-23 06:00:00,YZ,RTPV,0.0,MW
2050-03-24 07:00:00,YZ,RTPV,7.2,MW
2050-03-25 08:00:00,YZ,RTPV,17.8,MW
2050-03-26 09:00:00,YZ,RTPV,16.8,MW
2050-03-27 10:00:00,YZ,RTPV,15.9,MW
2050-03-28 11:00:00,YZ,RTPV,7.2,MW
2050-03-29 12:00:00,YZ,RTPV,0.0,MW
2050-03-30 13:00:00,YZ,RTPV,0.0,MW
2050-03-31 14:00:00,YZ,RTPV,0.0,MW
2050-04-01 15:00:00,YZ,RTPV,11.1,MW
2050-04-02 16:00:00,YZ,RTPV,2.1,MW
2050-04-03 17:00:00,YZ,RTPV,7.9,MW
2050-04-04 18:00:00,YZ,RTPV,10.5,MW
2050-04-05 19:00:00,YZ,RTPV,6.9,MW
2050-04-06 20:00:00,YZ,RTPV,0.3,MW
2050-04-07 21:00:00,YZ,RTPV,0.0,MW
2050-04-08 22:00:00,YZ,RTPV,0.0,MW
2050-04-09 23:00:00,YZ,RTPV,0.0,MW
2050-04-11 00:00:00,YZ,RTPV,0.0,MW
2050-04-12 01:00:00,YZ,RTPV,0.0,MW
2050-04-13 02:00:00,YZ,RTPV,0.0,MW
2050-04-14 03:00:00,YZ,RTPV,0.0,MW
2050-04-15 04:00:00,YZ,RTPV,0.0,MW
2050-04-16 05:00:00,YZ,RTPV,0.0,MW
2050-04-17 06:00:00,YZ,RTPV,3.2,MW
2050-04-18 07:00:00,YZ,RTPV,13.0,MW
2050-04-19 08:00:00,YZ,RTPV,14.9,MW
2050-04-20 09:00:00,YZ,RTPV,19.2,MW
2050-04-21 10:00:00,YZ,RTPV,5.1,MW
2050-04-22 11:00:00,YZ,RTPV,5.4,MW
2050-04-23 12:00:00,YZ,RTPV,6.4,MW
2050-04-24 13:00:00,YZ,RTPV,0.0,MW
2050-04-25 14:00:00,YZ,RTPV,13.3,MW
2050-04-26 15:00:00,YZ,RTPV,14.2,MW
2050-04-27 16:00:00,YZ,RTPV,1.6,MW
2050-04-28 17:00:00,YZ,RTPV,11.1,MW
2050-04-29 18:00:00,YZ,RTPV,11.6,MW
2050-04-30 19:00:00,YZ,RTPV,11.1,MW
2050-05-01 20:00:00,YZ,RTPV,1.2,MW
2050-05-02 21:00:00,YZ,RTPV,0.0,MW
2050-05-03 22:00:00,YZ,RTPV,0.0,MW
2050-05-04 23:00:00,YZ,RTPV,0.0,MW
2050-05-06 00:00:00,YZ,RTPV,0.0,MW
2050-05-07 01:00:00,YZ,RTPV,0.0,MW
2050-05-08 02:00:00,YZ,RTPV,0.0,MW
2050-05-09 03:00:00,YZ,RTPV,0.0,MW
2050-05-10 04:00:00,YZ,RTPV,0.0,MW
2050-05-11 05:00:00,YZ,RTPV,0.0,MW
2050-05-12 06:00:00,YZ,RTPV,6.8,MW
2050-05-13 07:00:00,YZ,RTPV,20.9,MW
2050-05-14 08:00:00,YZ,RTPV,15.4,MW
2050-05-15 09:00:00,YZ,RTPV,20.1,MW
2050-05-16 10:00:00,YZ,RTPV,14.0,MW
2050-05-17 11:00:00,YZ,RTPV,15.5,MW
2050-05-18 12:00:00,YZ,RTPV,15.3,MW
2050-05-19 13:00:00,YZ,RTPV,3.5,MW
2050-05-20 14:00:00,YZ,RTPV,11.4,MW
2050-05-21 15:00:00,YZ,RTPV,11.6,MW
2050-05-22 16:00:00,YZ,RTPV,12.1,MW
2050-05-23 17:00:00,YZ,RTPV,11.6,MW
2050-05-24 18:00:00,YZ,RTPV,9.5,MW
2050-05-25 19:00:00,YZ,RTPV,7.5,MW
2050-05-26 20:00:00,YZ,RTPV,4.7,MW
2050-05-27 21:00:00,YZ,RTPV,0.3,MW
2050-05-28 22:00:00,YZ,RTPV,0.0,MW
2050-05-29 23:00:00,YZ,RTPV,0.0,MW
2050-05-31 00:00:00,YZ,RTPV,0.0,MW
2050-06-01 01:00:00,YZ,RTPV,0.0,MW
2050-06-02 02:00:00,YZ,RTPV,0.0,MW
2050-06-03 03:00:00,YZ,RTPV,0.0,MW
2050-06-04 04:00:00,YZ,RTPV,0.0,MW
2050-06-05 05:00:00,YZ,RTPV,3.2,MW
2050-06-06 06:00:00,YZ,RTPV,10.4,MW
2050-06-07 07:00:00,YZ,RTPV,7.4,MW
2050-06-08 08:00:00,YZ,RTPV,15.0,MW
2050-06-09 09:00:00,YZ,RTPV,19.3,MW
2050-06-10 10:00:00,YZ,RTPV,25.9,MW
2050-06-11 11:00:00,YZ,RTPV,19.5,MW
2050-06-12 12:00:00,YZ,RTPV,6.6,MW
2050-06-13 13:00:00,YZ,RTPV,16.2,MW
2050-06-14 14:00:00,YZ,RTPV,6.7,MW
2050-06-15 15:00:00,YZ,RTPV,5.7,MW
2050-06-16 16:00:00,YZ,RTPV,5.8,MW
2050-06-17 17:00:00,YZ,RTPV,13.2,MW
2050-06-18 18:00:00,YZ,RTPV,9.5,MW
2050-06-19 19:00:00,YZ,RTPV,12.6,MW
2050-06-20 20:00:00,YZ,RTPV,13.1,MW
2050-06-21 21:00:00,YZ,RTPV,5.7,MW
2050-06-22 22:00:00,YZ,RTPV,0.6,MW
2050-06-23 23:00:00,YZ,RTPV,0.0,MW
2050-06-25 00:00:00,YZ,RTPV,0.0,MW
2050-06-26 01:00:00,YZ,RTPV,0.0,MW
2050-06-27 02:00:00,YZ,RTPV,0.0,MW
2050-06-28 03:00:00,YZ,RTPV,0.0,MW
2050-06-29 04:00:00,YZ,RTPV,0.0,MW
2050-06-30 05:00:00,YZ,RTPV,0.0,MW
2050-07-01 06:00:00,YZ,RTPV,0.0,MW
2050-07-02 07:00:00,YZ,RTPV,10.4,MW
2050-07-03 08:00:00,YZ,RTPV,13.3,MW
2050-07-04 09:00:00,YZ,RTPV,18.7,MW
2050-07-05 10:00:00,YZ,RTPV,21.5,MW
2050-07-06 11:00:00,YZ,RTPV,22.6,MW
2050-07-07 12:00:00,YZ,RTPV,20.5,MW
2050-07-08 13:00:00,YZ,RTPV,4.7,MW
2050-07-09 14:00:00,YZ,RTPV,14.7,MW
2050-07-10 15:00:00,YZ,RTPV,12.9,MW
2050-07-11 16:00:00,YZ,RTPV,17.4,MW
2050-07-12 17:00:00,YZ,RTPV,13.2,MW
2050-07-13 18:00:00,YZ,RTPV,8.9,MW
2050-07-14 19:00:00,YZ,RTPV,4.2,MW
2050-07-15 20:00:00,YZ,RTPV,13.1,MW
2050-07-16 21:00:00,YZ,RTPV,5.4,MW
2050-07-17 22:00:00,YZ,RTPV,0.3,MW
2050-07-18 23:00:00,YZ,RTPV,0.0,MW
2050-07-20 00:00:00,YZ,RTPV,0.0,MW
2050-07-21 01:00:00,YZ,RTPV,0.0,MW
2050-07-22 02:00:00,YZ,RTPV,0.0,MW
2050-07-23 03:00:00,YZ,RTPV,0.0,MW
2050-07-24 04:00:00,YZ,RTPV,0.0,MW
2050-07-25 05:00:00,YZ,RTPV,0.0,MW
2050-07-26 06:00:00,YZ,RTPV,0.0,MW
2050-07-27 07:00:00,YZ,RTPV,6.8,MW
2050-07-28 08:00:00,YZ,RTPV,14.4,MW
2050-07-29 09:00:00,YZ,RTPV,21.4,MW
2050-07-30 10:00:00,YZ,RTPV,27.6,MW
2050-07-31 11:00:00,YZ,RTPV,20.0,MW
2050-08-01 12:00:00,YZ,RTPV,15.5,MW
2050-08-02 13:00:00,YZ,RTPV,6.6,MW
2050-08-03 14:00:00,YZ,RTPV,13.3,MW
2050-08-04 15:00:00,YZ,RTPV,9.5,MW
2050-08-05 16:00:00,YZ,RTPV,7.0,MW
2050-08-06 17:00:00,YZ,RTPV,7.4,MW
2050-08-07 18:00:00,YZ,RTPV,11.6,MW
2050-08-08 19:00:00,YZ,RTPV,13.2,MW
2050-08-09 20:00:00,YZ,RTPV,11.9,MW
2050-08-10 21:00:00,YZ,RTPV,1.2,MW
2050-08-11 22:00:00,YZ,RTPV,0.0,MW
2050-08-12 23:00:00,YZ,RTPV,0.0,MW
2050-08-14 00:00:00,YZ,RTPV,0.0,MW
2050-08-15 01:00:00,YZ,RTPV,0.0,MW
2050-08-16 02:00:00,YZ,RTPV,0.0,MW
2050-08-17 03:00:00,YZ,RTPV,0.0,MW
2050-08-18 04:00:00,YZ,RTPV,0.0,MW
2050-08-19 05:00:00,YZ,RTPV,0.0,MW
2050-08-20 06:00:00,YZ,RTPV,0.0,MW
2050-08-21 07:00:00,YZ,RTPV,0.0,MW
2050-08-22 08:00:00,YZ,RTPV,13.0,MW
2050-08-23 09:00:00,YZ,RTPV,17.4,MW
2050-08-24 10:00:00,YZ,RTPV,19.0,MW
2050-08-25 11:00:00,YZ,RTPV,6.6,MW
2050-08-26 12:00:00,YZ,RTPV,5.6,MW
2050-08-27 13:00:00,YZ,RTPV,0.0,MW
2050-08-28 14:00:00,YZ,RTPV,6.1,MW
2050-08-29 15:00:00,YZ,RTPV,13.6,MW
2050-08-30 16:00:00,YZ,RTPV,11.1,MW
2050-08-31 17:00:00,YZ,RTPV,10.5,MW
2050-09-01 18:00:00,YZ,RTPV,2.1,MW
2050-09-02 19:00:00,YZ,RTPV,11.1,MW
2050-09-03 20:00:00,YZ,RTPV,4.8,MW
2050-09-04 21:00:00,YZ,RTPV,0.3,MW
2050-09-05 22:00:00,YZ,RTPV,0.0,MW
2050-09-06 23:00:00,YZ,RTPV,0.0,MW
2050-09-08 00:00:00,YZ,RTPV,0.0,MW
2050-09-09 01:00:00,YZ,RTPV,0.0,MW
2050-09-10 02:00:00,YZ,RTPV,0.0,MW
2050-09-11 03:00:00,YZ,RTPV,0.0,MW
2050-09-12 04:00:00,YZ,RTPV,0.0,MW
2050-09-13 05:00:00,YZ,RTPV,0.0,MW
2050-09-14 06:00:00,YZ,RTPV,0.0,MW
2050-09-15 07:00:00,YZ,RTPV,0.0,MW
2050-09-16 08:00:00,YZ,RTPV,10.8,MW
2050-09-17 09:00:00,YZ,RTPV,23.3,MW
2050-09-18 10:00:00,YZ,RTPV,16.0,MW
2050-09-19 11:00:00,YZ,RTPV,22.6,MW
2050-09-20 12:00:00,YZ,RTPV,15.8,MW
2050-09-21 13:00:00,YZ,RTPV,15.1,MW
2050-09-22 14:00:00,YZ,RTPV,4.2,MW
2050-09-23 15:00:00,YZ,RTPV,7.2,MW
2050-09-24 16:00:00,YZ,RTPV,11.1,MW
2050-09-25 17:00:00,YZ,RTPV,13.2,MW
2050-09-26 18:00:00,YZ,RTPV,10.5,MW
2050-09-27 19:00:00,YZ,RTPV,7.8,MW
2050-09-28 20:00:00,YZ,RTPV,0.9,MW
2050-09-29 21:00:00,YZ,RTPV,0.0,MW
2050-09-30 22:00:00,YZ,RTPV,0.0,MW
2050-10-01 23:00:00,YZ,RTPV,0.0,MW
2050-10-03 00:00:00,YZ,RTPV,0.0,MW
2050-10-04 01:00:00,YZ,RTPV,0.0,MW
2050-10-05 02:00:00,YZ,RTPV,0.0,MW
2050-10-06 03:00:00,YZ,RTPV,0.0,MW
2050-10-07 04:00:00,YZ,RTPV,0.0,MW
2050-10-08 05:00:00,YZ,RTPV,0.0,MW
2050-10-09 06:00:00,YZ,RTPV,0.0,MW
2050-10-10 07:00:00,YZ,RTPV,0.0,MW
2050-10-11 08:00:00,YZ,RTPV,0.4,MW
2050-10-12 09:00:00,YZ,RTPV,14.0,MW
2050-10-13 10:00:00,YZ,RTPV,19.0,MW
2050-10-14 11:00:00,YZ,RTPV,14.8,MW
2050-10-15 12:00:00,YZ,RTPV,16.6,MW
2050-10-16 13:00:00,YZ,RTPV,14.0,MW
2050-10-17 14:00:00,YZ,RTPV,22.1,MW
2050-10-18 15:00:00,YZ,RTPV,18.9,MW
2050-10-19 16:00:00,YZ,RTPV,14.7,MW
2050-10-20 17:00:00,YZ,RTPV,3.7,MW
2050-10-21 18:00:00,YZ,RTPV,8.8,MW
2050-10-22 19:00:00,YZ,RTPV,1.5,MW
2050-10-23 20:00:00,YZ,RTPV,0.0,MW
2050-10-24 21:00:00,YZ,RTPV,0.0,MW
2050-10-25 22:00:00,YZ,RTPV,0.0,MW
2050-10-26 23:00:00,YZ,RTPV,0.0,MW
2050-10-28 00:00:00,YZ,RTPV,0.0,MW
2050-10-29 01:00:00,YZ,RTPV,0.0,MW
2050-10-30 02:00:00,YZ,RTPV,0.0,MW
2050-10-31 03:00:00,YZ,RTPV,0.0,MW
2050-11-01 04:00:00,YZ,RTPV,0.0,MW
2050-11-02 05:00:00,YZ,RTPV,0.0,MW
2050-11-03 06:00:00,YZ,RTPV,0.0,MW
2050-11-04 07:00:00,YZ,RTPV,0.0,MW
2050-11-05 08:00:00,YZ,RTPV,0.0,MW
2050-11-06 09:00:00,YZ,RTPV,11.4,MW
2050-11-07 10:00:00,YZ,RTPV,16.0,MW
2050-11-08 11:00:00,YZ,RTPV,18.8,MW
2050-11-09 12:00:00,YZ,RTPV,11.4,MW
2050-11-10 13:00:00,YZ,RTPV,12.2,MW
2050-11-11 14:00:00,YZ,RTPV,12.9,MW
2050-11-12 15:00:00,YZ,RTPV,12.5,MW
2050-11-13 16:00:00,YZ,RTPV,12.2,MW
2050-11-14 17:00:00,YZ,RTPV,12.6,MW
2050-11-15 18:00:00,YZ,RTPV,1.4,MW
2050-11-16 19:00:00,YZ,RTPV,0.9,MW
2050-11-17 20:00:00,YZ,RTPV,0.0,MW
2050-11-18 21:00:00,YZ,RTPV,0.0,MW
2050-11-19 22:00:00,YZ,RTPV,0.0,MW
2050-11-20 23:00:00,YZ,RTPV,0.0,MW
2050-11-22 00:00:00,YZ,RTPV,0.0,MW
2050-11-23 01:00:00,YZ,RTPV,0.0,MW
2050-11-24 02:00:00,YZ,RTPV,0.0,MW
2050-11-25 03:00:00,YZ,RTPV,0.0,MW
2050-11-26 04:00:00,YZ,RTPV,0.0,MW
2050-11-27 05:00:00,YZ,RTPV,0.0,MW
2050-11-28 06:00:00,YZ,RTPV,0.0,MW
2050-11-29 07:00:00,YZ,RTPV,0.0,MW
2050-11-30 08:00:00,YZ,RTPV,0.0,MW
2050-12-01 09:00:00,YZ,RTPV,0.8,MW
2050-12-02 10:00:00,YZ,RTPV,19.2,MW
2050-12-03 11:00:00,YZ,RTPV,21.0,MW
2050-12-04 12:00:00,YZ,RTPV,13.7,MW
2050-12-05 13:00:00,YZ,RTPV,16.2,MW
2050-12-06 14:00:00,YZ,RTPV,15.5,MW
2050-12-07 15:00:00,YZ,RTPV,18.9,MW
2050-12-08 16:00:00,YZ,RTPV,6.8,MW
2050-12-09 17:00:00,YZ,RTPV,15.2,MW
2050-12-10 18:00:00,YZ,RTPV,2.5,MW
2050-12-11 19:00:00,YZ,RTPV,0.0,MW
2050-12-12 20:00:00,YZ,RTPV,0.0,MW
2050-12-13 21:00:00,YZ,RTPV,0.0,MW
2050-12-14 22:00:00,YZ,RTPV,0.0,MW
2050-12-15 23:00:00,YZ,RTPV,0.0,MW
2050-12-17 00:00:00,YZ,RTPV,0.0,MW
2050-12-18 01:00:00,YZ,RTPV,0.0,MW
2050-12-19 02:00:00,YZ,RTPV,0.0,MW
2050-12-20 03:00:00,YZ,RTPV,0.0,MW
2050-12-21 04:00:00,YZ,RTPV,0.0,MW
2050-12-22 05:00:00,YZ,RTPV,0.0,MW
2050-12-23 06:00:00,YZ,RTPV,0.0,MW
2050-12-24 07:00:00,YZ,RTPV,0.0,MW
2050-12-25 08:00:00,YZ,RTPV,0.0,MW
2050-12-26 09:00:00,YZ,RTPV,0.0,MW
2050-12-27 10:00:00,YZ,RTPV,12.0,MW
2050-12-28 11:00:00,YZ,RTPV,11.4,MW
2050-12-29 12:00:00,YZ,RTPV,12.2,MW
2050-12-30 13:00:00,YZ,RTPV,10.7,MW
2050-12-31 14:00:00,YZ,RTPV,13.9,MW
2051-01-01 15:00:00,YZ,RTPV,29.5,MW
2050-01-01 00:00:00,YZ,WTON,12646.0,MW
2050-01-02 01:00:00,YZ,WTON,9137.3,MW
2050-01-03 02:00:00,YZ,WTON,7534.3,MW
2050-01-04 03:00:00,YZ,WTON,8432.8,MW
2050-01-05 04:00:00,YZ,WTON,11683.5,MW
2050-01-06 05:00:00,YZ,WTON,12136.0,MW
2050-01-07 06:00:00,YZ,WTON,10733.3,MW
2050-01-08 07:00:00,YZ,WTON,13754.2,MW
2050-01-09 08:00:00,YZ,WTON,13039.4,MW
2050-01-10 09:00:00,YZ,WTON,10163.9,MW
2050-01-11 10:00:00,YZ,WTON,6879.6,MW
2050-01-12 11:00:00,YZ,WTON,10319.3,MW
2050-01-13 12:00:00,YZ,WTON,5886.5,MW
2050-01-14 13:00:00,YZ,WTON,5973.3,MW
2050-01-15 14:00:00,YZ,WTON,8561.2,MW
2050-01-16 15:00:00,YZ,WTON,5833.6,MW
2050-01-17 16:00:00,YZ,WTON,6676.9,MW
2050-01-18 17:00:00,YZ,WTON,8152.1,MW
2050-01-19 18:00:00,YZ,WTON,7302.8,MW
2050-01-20 19:00:00,YZ,WTON,7908.5,MW
2050-01-21 20:00:00,YZ,WTON,13581.5,MW
2050-01-22 21:00:00,YZ,WTON,8871.8,MW
2050-01-23 22:00:00,YZ,WTON,12354.7,MW
2050-01-24 23:00:00,YZ,WTON,14204.5,MW
2050-01-26 00:00:00,YZ,WTON,17273.2,MW
2050-01-27 01:00:00,YZ,WTON,16995.5,MW
2050-01-28 02:00:00,YZ,WTON,18040.5,MW
2050-01-29 03:00:00,YZ,WTON,8086.3,MW
2050-01-30 04:00:00,YZ,WTON,7185.1,MW
2050-01-31 05:00:00,YZ,WTON,5130.4,MW
2050-02-01 06:00:00,YZ,WTON,9710.0,MW
2050-02-02 07:00:00,YZ,WTON,10981.5,MW
2050-02-03 08:00:00,YZ,WTON,2503.4,MW
2050-02-04 09:00:00,YZ,WTON,8256.0,MW
2050-02-05 10:00:00,YZ,WTON,15039.4,MW
2050-02-06 11:00:00,YZ,WTON,10320.9,MW
2050-02-07 12:00:00,YZ,WTON,9379.2,MW
2050-02-08 13:00:00,YZ,WTON,1303.2,MW
2050-02-09 14:00:00,YZ,WTON,2451.3,MW
2050-02-10 15:00:00,YZ,WTON,2507.2,MW
2050-02-11 16:00:00,YZ,WTON,7685.7,MW
2050-02-12 17:00:00,YZ,WTON,10245.9,MW
2050-02-13 18:00:00,YZ,WTON,9778.2,MW
2050-02-14 19:00:00,YZ,WTON,5074.5,MW
2050-02-15 20:00:00,YZ,WTON,8780.3,MW
2050-02-16 21:00:00,YZ,WTON,10099.7,MW
2050-02-17 22:00:00,YZ,WTON,11953.1,MW
2050-02-18 23:00:00,YZ,WTON,7026.1,MW
2050-02-20 00:00:00,YZ,WTON,5484.6,MW
2050-02-21 01:00:00,YZ,WTON,5048.0,MW
2050-02-22 02:00:00,YZ,WTON,14804.6,MW
2050-02-23 03:00:00,YZ,WTON,20767.4,MW
2050-02-24 04:00:00,YZ,WTON,15683.4,MW
2050-02-25 05:00:00,YZ,WTON,13202.4,MW
2050-02-26 06:00:00,YZ,WTON,10447.0,MW
2050-02-27 07:00:00,YZ,WTON,16681.6,MW
2050-02-28 08:00:00,YZ,WTON,7529.8,MW
2050-03-01 09:00:00,YZ,WTON,4568.2,MW
2050-03-02 10:00:00,YZ,WTON,10830.0,MW
2050-03-03 11:00:00,YZ,WTON,6537.8,MW
2050-03-04 12:00:00,YZ,WTON,3112.5,MW
2050-03-05 13:00:00,YZ,WTON,790.3,MW
2050-03-06 14:00:00,YZ,WTON,2131.6,MW
2050-03-07 15:00:00,YZ,WTON,4198.1,MW
2050-03-08 16:00:00,YZ,WTON,6760.5,MW
2050-03-09 17:00:00,YZ,WTON,10216.3,MW
2050-03-10 18:00:00,YZ,WTON,11414.6,MW
2050-03-11 19:00:00,YZ,WTON,10272.5,MW
2050-03-12 20:00:00,YZ,WTON,9908.4,MW
2050-03-13 21:00:00,YZ,WTON,6341.2,MW
2050-03-14 22:00:00,YZ,WTON,12469.8,MW
2050-03-15 23:00:00,YZ,WTON,15806.2,MW
2050-03-17 00:00:00,YZ,WTON,18212.9,MW
2050-03-18 01:00:00,YZ,WTON,15448.5,MW
2050-03-19 02:00:00,YZ,WTON,17689.4,MW
2050-03-20 03:00:00,YZ,WTON,7880.7,MW
2050-03-21 04:00:00,YZ,WTON,4501.5,MW
2050-03-22 05:00:00,YZ,WTON,11011.1,MW
2050-03-23 06:00:00,YZ,WTON,16832.2,MW
2050-03-24 07:00:00,YZ,WTON,13289.7,MW
2050-03-25 08:00:00,YZ,WTON,13968.0,MW
2050-03-26 09:00:00,YZ,WTON,9655.7,MW
2050-03-27 10:00:00,YZ,WTON,6003.6,MW
2050-03-28 11:00:00,YZ,WTON,1004.8,MW
2050-03-29 12:00:00,YZ,WTON,0.0,MW
2050-03-30 13:00:00,YZ,WTON,0.0,MW
2050-03-31 14:00:00,YZ,WTON,0.0,MW
2050-04-01 15:00:00,YZ,WTON,779.4,MW
2050-04-02 16:00:00,YZ,WTON,3645.2,MW
2050-04-03 17:00:00,YZ,WTON,13815.7,MW
2050-04-04 18:00:00,YZ,WTON,11467.3,MW
2050-04-05 19:00:00,YZ,WTON,12894.4,MW
2050-04-06 20:00:00,YZ,WTON,3709.7,MW
2050-04-07 21:00:00,YZ,WTON,10521.2,MW
2050-04-08 22:00:00,YZ,WTON,11862.0,MW
2050-04-09 23:00:00,YZ,WTON,16663.3,MW
2050-04-11 00:00:00,YZ,WTON,16180.5,MW
2050-04-12 01:00:00,YZ,WTON,12313.6,MW
2050-04-13 02:00:00,YZ,WTON,15761.0,MW
2050-04-14 03:00:00,YZ,WTON,15998.4,MW
2050-04-15 04:00:00,YZ,WTON,8843.8,MW
2050-04-16 05:00:00,YZ,WTON,7453.8,MW
2050-04-17 06:00:00,YZ,WTON,3601.3,MW
2050-04-18 07:00:00,YZ,WTON,6544.1,MW
2050-04-19 08:00:00,YZ,WTON,11877.9,MW
2050-04-20 09:00:00,YZ,WTON,5164.9,MW
2050-04-21 10:00:00,YZ,WTON,3311.2,MW
2050-04-22 11:00:00,YZ,WTON,3180.8,MW
2050-04-23 12:00:00,YZ,WTON,0.0,MW
2050-04-24 13:00:00,YZ,WTON,0.0,MW
2050-04-25 14:00:00,YZ,WTON,0.0,MW
2050-04-26 15:00:00,YZ,WTON,4958.7,MW
2050-04-27 16:00:00,YZ,WTON,1656.7,MW
2050-04-28 17:00:00,YZ,WTON,6913.9,MW
2050-04-29 18:00:00,YZ,WTON,6894.9,MW
2050-04-30 19:00:00,YZ,WTON,9220.9,MW
2050-05-01 20:00:00,YZ,WTON,7826.4,MW
2050-05-02 21:00:00,YZ,WTON,9055.2,MW
2050-05-03 22:00:00,YZ,WTON,12331.1,MW
2050-05-04 23:00:00,YZ,WTON,12033.7,MW
2050-05-06 00:00:00,YZ,WTON,6288.3,MW
2050-05-07 01:00:00,YZ,WTON,4979.9,MW
2050-05-08 02:00:00,YZ,WTON,5280.6,MW
2050-05-09 03:00:00,YZ,WTON,13225.1,MW
2050-05-10 04:00:00,YZ,WTON,7184.7,MW
2050-05-11 05:00:00,YZ,WTON,11483.3,MW
2050-05-12 06:00:00,YZ,WTON,14808.5,MW
2050-05-13 07:00:00,YZ,WTON,13802.4,MW
2050-05-14 08:00:00,YZ,WTON,9600.8,MW
2050-05-15 09:00:00,YZ,WTON,4848.3,MW
2050-05-16 10:00:00,YZ,WTON,3686.3,MW
2050-05-17 11:00:00,YZ,WTON,0.0,MW
2050-05-18 12:00:00,YZ,WTON,277.8,MW
2050-05-19 13:00:00,YZ,WTON,0.0,MW
2050-05-20 14:00:00,YZ,WTON,1094.9,MW
2050-05-21 15:00:00,YZ,WTON,34.2,MW
2050-05-22 16:00:00,YZ,WTON,4203.9,MW
2050-05-23 17:00:00,YZ,WTON,6797.9,MW
2050-05-24 18:00:00,YZ,WTON,5385.0,MW
2050-05-25 19:00:00,YZ,WTON,9952.4,MW
2050-05-26 20:00:00,YZ,WTON,9810.4,MW
2050-05-27 21:00:00,YZ,WTON,5966.1,MW
2050-05-28 22:00:00,YZ,WTON,7617.2,MW
2050-05-29 23:00:00,YZ,WTON,10544.2,MW
2050-05-31 00:00:00,YZ,WTON,6455.7,MW
2050-06-01 01:00:00,YZ,WTON,5428.4,MW
2050-06-02 02:00:00,YZ,WTON,7338.1,MW
2050-06-03 03:00:00,YZ,WTON,8741.0,MW
2050-06-04 04:00:00,YZ,WTON,12872.5,MW
2050-06-05 05:00:00,YZ,WTON,11324.1,MW
2050-06-06 06:00:00,YZ,WTON,5235.1,MW
2050-06-07 07:00:00,YZ,WTON,1162.2,MW
2050-06-08 08:00:00,YZ,WTON,6117.7,MW
2050-06-09 09:00:00,YZ,WTON,4581.9,MW
2050-06-10 10:00:00,YZ,WTON,1321.4,MW
2050-06-11 11:00:00,YZ,WTON,2209.1,MW
2050-06-12 12:00:00,YZ,WTON,33.3,MW
2050-06-13 13:00:00,YZ,WTON,0.0,MW
2050-06-14 14:00:00,YZ,WTON,0.0,MW
2050-06-15 15:00:00,YZ,WTON,0.0,MW
2050-06-16 16:00:00,YZ,WTON,1569.5,MW
2050-06-17 17:00:00,YZ,WTON,3368.3,MW
2050-06-18 18:00:00,YZ,WTON,10007.5,MW
2050-06-19 19:00:00,YZ,WTON,11180.8,MW
2050-06-20 20:00:00,YZ,WTON,8614.7,MW
2050-06-21 21:00:00,YZ,WTON,8890.3,MW
2050-06-22 22:00:00,YZ,WTON,6654.2,MW
2050-06-23 23:00:00,YZ,WTON,8419.4,MW
2050-06-25 00:00:00,YZ,WTON,7837.9,MW
2050-06-26 01:00:00,YZ,WTON,4805.0,MW
2050-06-27 02:00:00,YZ,WTON,8828.7,MW
2050-06-28 03:00:00,YZ,WTON,7879.8,MW
2050-06-29 04:00:00,YZ,WTON,7390.4,MW
2050-06-30 05:00:00,YZ,WTON,6656.8,MW
2050-07-01 06:00:00,YZ,WTON,6134.5,MW
2050-07-02 07:00:00,YZ,WTON,5262.2,MW
2050-07-03 08:00:00,YZ,WTON,3681.1,MW
2050-07-04 09:00:00,YZ,WTON,2259.0,MW
2050-07-05 10:00:00,YZ,WTON,2481.1,MW
2050-07-06 11:00:00,YZ,WTON,6550.5,MW
2050-07-07 12:00:00,YZ,WTON,6296.4,MW
2050-07-08 13:00:00,YZ,WTON,817.0,MW
2050-07-09 14:00:00,YZ,WTON,10.8,MW
2050-07-10 15:00:00,YZ,WTON,722.2,MW
2050-07-11 16:00:00,YZ,WTON,6247.0,MW
2050-07-12 17:00:00,YZ,WTON,9713.1,MW
2050-07-13 18:00:00,YZ,WTON,11062.0,MW
2050-07-14 19:00:00,YZ,WTON,8115.0,MW
2050-07-15 20:00:00,YZ,WTON,4170.1,MW
2050-07-16 21:00:00,YZ,WTON,4931.8,MW
2050-07-17 22:00:00,YZ,WTON,4425.9,MW
2050-07-18 23:00:00,YZ,WTON,4600.9,MW
2050-07-20 00:00:00,YZ,WTON,7395.5,MW
2050-07-21 01:00:00,YZ,WTON,6742.6,MW
2050-07-22 02:00:00,YZ,WTON,6633.6,MW
2050-07-23 03:00:00,YZ,WTON,6204.5,MW
2050-07-24 04:00:00,YZ,WTON,4231.6,MW
2050-07-25 05:00:00,YZ,WTON,6788.8,MW
2050-07-26 06:00:00,YZ,WTON,10913.9,MW
2050-07-27 07:00:00,YZ,WTON,10769.7,MW
2050-07-28 08:00:00,YZ,WTON,6527.3,MW
2050-07-29 09:00:00,YZ,WTON,4976.9,MW
2050-07-30 10:00:00,YZ,WTON,4003.3,MW
2050-07-31 11:00:00,YZ,WTON,2470.7,MW
2050-08-01 12:00:00,YZ,WTON,807.2,MW
2050-08-02 13:00:00,YZ,WTON,0.0,MW
2050-08-03 14:00:00,YZ,WTON,0.0,MW
2050-08-04 15:00:00,YZ,WTON,2708.0,MW
2050-08-05 16:00:00,YZ,WTON,0.0,MW
2050-08-06 17:00:00,YZ,WTON,3559.8,MW
2050-08-07 18:00:00,YZ,WTON,3488.2,MW
2050-08-08 19:00:00,YZ,WTON,6365.1,MW
2050-08-09 20:00:00,YZ,WTON,7716.0,MW
2050-08-10 21:00:00,YZ,WTON,5719.5,MW
2050-08-11 22:00:00,YZ,WTON,7279.3,MW
2050-08-12 23:00:00,YZ,WTON,13617.0,MW
2050-08-14 00:00:00,YZ,WTON,11810.3,MW
2050-08-15 01:00:00,YZ,WTON,7436.9,MW
2050-08-16 02:00:00,YZ,WTON,4608.1,MW
2050-08-17 03:00:00,YZ,WTON,4431.1,MW
2050-08-18 04:00:00,YZ,WTON,4936.4,MW
2050-08-19 05:00:00,YZ,WTON,6971.9,MW
2050-08-20 06:00:00,YZ,WTON,9349.0,MW
2050-08-21 07:00:00,YZ,WTON,8085.4,MW
2050-08-22 08:00:00,YZ,WTON,6372.2,MW
2050-08-23 09:00:00,YZ,WTON,6486.8,MW
2050-08-24 10:00:00,YZ,WTON,4446.8,MW
2050-08-25 11:00:00,YZ,WTON,1183.3,MW
2050-08-26 12:00:00,YZ,WTON,0.0,MW
2050-08-27 13:00:00,YZ,WTON,0.0,MW
2050-08-28 14:00:00,YZ,WTON,0.0,MW
2050-08-29 15:00:00,YZ,WTON,0.0,MW
2050-08-30 16:00:00,YZ,WTON,0.0,MW
2050-08-31 17:00:00,YZ,WTON,3910.4,MW
2050-09-01 18:00:00,YZ,WTON,7613.6,MW
2050-09-02 19:00:00,YZ,WTON,9205.9,MW
2050-09-03 20:00:00,YZ,WTON,13378.2,MW
2050-09-04 21:00:00,YZ,WTON,9684.1,MW
2050-09-05 22:00:00,YZ,WTON,6370.1,MW
2050-09-06 23:00:00,YZ,WTON,9155.2,MW
2050-09-08 00:00:00,YZ,WTON,11459.9,MW
2050-09-09 01:00:00,YZ,WTON,10498.4,MW
2050-09-10 02:00:00,YZ,WTON,10719.0,MW
2050-09-11 03:00:00,YZ,WTON,9169.0,MW
2050-09-12 04:00:00,YZ,WTON,8905.0,MW
2050-09-13 05:00:00,YZ,WTON,7934.6,MW
2050-09-14 06:00:00,YZ,WTON,8710.1,MW
2050-09-15 07:00:00,YZ,WTON,7216.0,MW
2050-09-16 08:00:00,YZ,WTON,4549.2,MW
2050-09-17 09:00:00,YZ,WTON,11043.5,MW
2050-09-18 10:00:00,YZ,WTON,4742.5,MW
2050-09-19 11:00:00,YZ,WTON,4072.1,MW
2050-09-20 12:00:00,YZ,WTON,3323.5,MW
2050-09-21 13:00:00,YZ,WTON,1670.1,MW
2050-09-22 14:00:00,YZ,WTON,580.4,MW
2050-09-23 15:00:00,YZ,WTON,2194.8,MW
2050-09-24 16:00:00,YZ,WTON,1543.8,MW
2050-09-25 17:00:00,YZ,WTON,6304.1,MW
2050-09-26 18:00:00,YZ,WTON,11765.1,MW
2050-09-27 19:00:00,YZ,WTON,15216.5,MW
2050-09-28 20:00:00,YZ,WTON,9442.7,MW
2050-09-29 21:00:00,YZ,WTON,5411.7,MW
2050-09-30 22:00:00,YZ,WTON,5974.7,MW
2050-10-01 23:00:00,YZ,WTON,6214.7,MW
2050-10-03 00:00:00,YZ,WTON,4116.5,MW
2050-10-04 01:00:00,YZ,WTON,6014.3,MW
2050-10-05 02:00:00,YZ,WTON,13334.7,MW
2050-10-06 03:00:00,YZ,WTON,13735.1,MW
2050-10-07 04:00:00,YZ,WTON,12997.4,MW
2050-10-08 05:00:00,YZ,WTON,11533.8,MW
2050-10-09 06:00:00,YZ,WTON,7285.4,MW
2050-10-10 07:00:00,YZ,WTON,3430.9,MW
2050-10-11 08:00:00,YZ,WTON,5563.3,MW
2050-10-12 09:00:00,YZ,WTON,11238.3,MW
2050-10-13 10:00:00,YZ,WTON,15753.4,MW
2050-10-14 11:00:00,YZ,WTON,7965.3,MW
2050-10-15 12:00:00,YZ,WTON,1959.5,MW
2050-10-16 13:00:00,YZ,WTON,1878.2,MW
2050-10-17 14:00:00,YZ,WTON,5116.6,MW
2050-10-18 15:00:00,YZ,WTON,6403.9,MW
2050-10-19 16:00:00,YZ,WTON,4799.9,MW
2050-10-20 17:00:00,YZ,WTON,12751.7,MW
2050-10-21 18:00:00,YZ,WTON,15482.4,MW
2050-10-22 19:00:00,YZ,WTON,15514.9,MW
2050-10-23 20:00:00,YZ,WTON,11084.6,MW
2050-10-24 21:00:00,YZ,WTON,9023.8,MW
2050-10-25 22:00:00,YZ,WTON,13438.2,MW
2050-10-26 23:00:00,YZ,WTON,6183.0,MW
2050-10-28 00:00:00,YZ,WTON,6476.2,MW
2050-10-29 01:00:00,YZ,WTON,9037.1,MW
2050-10-30 02:00:00,YZ,WTON,4508.7,MW
2050-10-31 03:00:00,YZ,WTON,7227.9,MW
2050-11-01 04:00:00,YZ,WTON,8050.7,MW
2050-11-02 05:00:00,YZ,WTON,9894.8,MW
2050-11-03 06:00:00,YZ,WTON,12730.6,MW
2050-11-04 07:00:00,YZ,WTON,16830.2,MW
2050-11-05 08:00:00,YZ,WTON,16744.1,MW
2050-11-06 09:00:00,YZ,WTON,15116.3,MW
2050-11-07 10:00:00,YZ,WTON,13559.2,MW
2050-11-08 11:00:00,YZ,WTON,5900.6,MW
2050-11-09 12:00:00,YZ,WTON,7743.3,MW
2050-11-10 13:00:00,YZ,WTON,7803.7,MW
2050-11-11 14:00:00,YZ,WTON,9320.7,MW
2050-11-12 15:00:00,YZ,WTON,7894.7,MW
2050-11-13 16:00:00,YZ,WTON,12245.7,MW
2050-11-14 17:00:00,YZ,WTON,10162.9,MW
2050-11-15 18:00:00,YZ,WTON,3355.7,MW
2050-11-16 19:00:00,YZ,WTON,10241.5,MW
2050-11-17 20:00:00,YZ,WTON,12780.7,MW
2050-11-18 21:00:00,YZ,WTON,4738.9,MW
2050-11-19 22:00:00,YZ,WTON,18577.0,MW
2050-11-20 23:00:00,YZ,WTON,15353.1,MW
2050-11-22 00:00:00,YZ,WTON,18514.9,MW
2050-11-23 01:00:00,YZ,WTON,14944.3,MW
2050-11-24 02:00:00,YZ,WTON,9064.6,MW
2050-11-25 03:00:00,YZ,WTON,13083.4,MW
2050-11-26 04:00:00,YZ,WTON,8180.0,MW
2050-11-27 05:00:00,YZ,WTON,15242.2,MW
2050-11-28 06:00:00,YZ,WTON,15708.1,MW
2050-11-29 07:00:00,YZ,WTON,5787.1,MW
2050-11-30 08:00:00,YZ,WTON,13568.3,MW
2050-12-01 09:00:00,YZ,WTON,13014.5,MW
2050-12-02 10:00:00,YZ,WTON,10165.1,MW
2050-12-03 11:00:00,YZ,WTON,8557.9,MW
2050-12-04 12:00:00,YZ,WTON,11779.3,MW
2050-12-05 13:00:00,YZ,WTON,7467.3,MW
2050-12-06 14:00:00,YZ,WTON,2602.8,MW
2050-12-07 15:00:00,YZ,WTON,2635.5,MW
2050-12-08 16:00:00,YZ,WTON,11630.2,MW
2050-12-09 17:00:00,YZ,WTON,16655.8,MW
2050-12-10 18:00:00,YZ,WTON,14585.7,MW
2050-12-11 19:00:00,YZ,WTON,10002.9,MW
2050-12-12 20:00:00,YZ,WTON,6936.3,MW
2050-12-13 21:00:00,YZ,WTON,8148.1,MW
2050-12-14 22:00:00,YZ,WTON,12881.2,MW
2050-12-15 23:00:00,YZ,WTON,14921.1,MW
2050-12-17 00:00:00,YZ,WTON,7822.3,MW
2050-12-18 01:00:00,YZ,WTON,7782.6,MW
2050-12-19 02:00:00,YZ,WTON,6028.5,MW
2050-12-20 03:00:00,YZ,WTON,10178.7,MW
2050-12-21 04:00:00,YZ,WTON,10396.4,MW
2050-12-22 05:00:00,YZ,WTON,13125.5,MW
2050-12-23 06:00:00,YZ,WTON,13571.7,MW
2050-12-24 07:00:00,YZ,WTON,6461.6,MW
2050-12-25 08:00:00,YZ,WTON,8442.8,MW
2050-12-26 09:00:00,YZ,WTON,12991.7,MW
2050-12-27 10:00:00,YZ,WTON,10388.7,MW
2050-12-28 11:00:00,YZ,WTON,4458.0,MW
2050-12-29 12:00:00,YZ,WTON,6424.7,MW
2050-12-30 13:00:00,YZ,WTON,8098.8,MW
2050-12-31 14:00:00,YZ,WTON,1809.3,MW
2051-01-01 15:00:00,YZ,WTON,7924.8,MW
2050-01-01 00:00:00,YZ,HPHS,0.0,MW
2050-01-02 01:00:00,YZ,HPHS,0.0,MW
2050-01-03 02:00:00,YZ,HPHS,0.0,MW
2050-01-04 03:00:00,YZ,HPHS,0.0,MW
2050-01-05 04:00:00,YZ,HPHS,0.0,MW
2050-01-06 05:00:00,YZ,HPHS,0.0,MW
2050-01-07 06:00:00,YZ,HPHS,0.0,MW
2050-01-08 07:00:00,YZ,HPHS,0.0,MW
2050-01-09 08:00:00,YZ,HPHS,0.0,MW
2050-01-10 09:00:00,YZ,HPHS,0.0,MW
2050-01-11 10:00:00,YZ,HPHS,0.0,MW
2050-01-12 11:00:00,YZ,HPHS,0.0,MW
2050-01-13 12:00:00,YZ,HPHS,0.0,MW
2050-01-14 13:00:00,YZ,HPHS,0.0,MW
2050-01-15 14:00:00,YZ,HPHS,0.0,MW
2050-01-16 15:00:00,YZ,HPHS,0.0,MW
2050-01-17 16:00:00,YZ,HPHS,0.0,MW
2050-01-18 17:00:00,YZ,HPHS,0.0,MW
2050-01-19 18:00:00,YZ,HPHS,0.0,MW
2050-01-20 19:00:00,YZ,HPHS,0.0,MW
2050-01-21 20:00:00,YZ,HPHS,-0.0,MW
2050-01-22 21:00:00,YZ,HPHS,0.0,MW
2050-01-23 22:00:00,YZ,HPHS,0.0,MW
2050-01-24 23:00:00,YZ,HPHS,0.0,MW
2050-01-26 00:00:00,YZ,HPHS,0.0,MW
2050-01-27 01:00:00,YZ,HPHS,0.0,MW
2050-01-28 02:00:00,YZ,HPHS,0.0,MW
2050-01-29 03:00:00,YZ,HPHS,0.0,MW
2050-01-30 04:00:00,YZ,HPHS,0.0,MW
2050-01-31 05:00:00,YZ,HPHS,0.0,MW
2050-02-01 06:00:00,YZ,HPHS,0.0,MW
2050-02-02 07:00:00,YZ,HPHS,0.0,MW
2050-02-03 08:00:00,YZ,HPHS,0.0,MW
2050-02-04 09:00:00,YZ,HPHS,0.0,MW
2050-02-05 10:00:00,YZ,HPHS,0.0,MW
2050-02-06 11:00:00,YZ,HPHS,0.0,MW
2050-02-07 12:00:00,YZ,HPHS,0.0,MW
2050-02-08 13:00:00,YZ,HPHS,0.0,MW
2050-02-09 14:00:00,YZ,HPHS,0.0,MW
2050-02-10 15:00:00,YZ,HPHS,0.0,MW
2050-02-11 16:00:00,YZ,HPHS,0.0,MW
2050-02-12 17:00:00,YZ,HPHS,0.0,MW
2050-02-13 18:00:00,YZ,HPHS,0.0,MW
2050-02-14 19:00:00,YZ,HPHS,0.0,MW
2050-02-15 20:00:00,YZ,HPHS,0.0,MW
2050-02-16 21:00:00,YZ,HPHS,0.0,MW
2050-02-17 22:00:00,YZ,HPHS,0.0,MW
2050-02-18 23:00:00,YZ,HPHS,0.0,MW
2050-02-20 00:00:00,YZ,HPHS,0.0,MW
2050-02-21 01:00:00,YZ,HPHS,0.0,MW
2050-02-22 02:00:00,YZ,HPHS,0.0,MW
2050-02-23 03:00:00,YZ,HPHS,0.0,MW
2050-02-24 04:00:00,YZ,HPHS,0.0,MW
2050-02-25 05:00:00,YZ,HPHS,0.0,MW
2050-02-26 06:00:00,YZ,HPHS,0.0,MW
2050-02-27 07:00:00,YZ,HPHS,0.0,MW
2050-02-28 08:00:00,YZ,HPHS,0.0,MW
2050-03-01 09:00:00,YZ,HPHS,0.0,MW
2050-03-02 10:00:00,YZ,HPHS,0.0,MW
2050-03-03 11:00:00,YZ,HPHS,0.0,MW
2050-03-04 12:00:00,YZ,HPHS,0.0,MW
2050-03-05 13:00:00,YZ,HPHS,0.0,MW
2050-03-06 14:00:00,YZ,HPHS,0.0,MW
2050-03-07 15:00:00,YZ,HPHS,0.0,MW
2050-03-08 16:00:00,YZ,HPHS,0.0,MW
2050-03-09 17:00:00,YZ,HPHS,0.0,MW
2050-03-10 18:00:00,YZ,HPHS,0.0,MW
2050-03-11 19:00:00,YZ,HPHS,0.0,MW
2050-03-12 20:00:00,YZ,HPHS,0.0,MW
2050-03-13 21:00:00,YZ,HPHS,0.0,MW
2050-03-14 22:00:00,YZ,HPHS,0.0,MW
2050-03-15 23:00:00,YZ,HPHS,0.0,MW
2050-03-17 00:00:00,YZ,HPHS,0.0,MW
2050-03-18 01:00:00,YZ,HPHS,0.0,MW
2050-03-19 02:00:00,YZ,HPHS,0.0,MW
2050-03-20 03:00:00,YZ,HPHS,0.0,MW
2050-03-21 04:00:00,YZ,HPHS,0.0,MW
2050-03-22 05:00:00,YZ,HPHS,0.0,MW
2050-03-23 06:00:00,YZ,HPHS,0.0,MW
2050-03-24 07:00:00,YZ,HPHS,0.0,MW
2050-03-25 08:00:00,YZ,HPHS,0.0,MW
2050-03-26 09:00:00,YZ,HPHS,0.0,MW
2050-03-27 10:00:00,YZ,HPHS,0.0,MW
2050-03-28 11:00:00,YZ,HPHS,0.0,MW
2050-03-29 12:00:00,YZ,HPHS,0.0,MW
2050-03-30 13:00:00,YZ,HPHS,0.0,MW
2050-03-31 14:00:00,YZ,HPHS,0.0,MW
2050-04-01 15:00:00,YZ,HPHS,0.0,MW
2050-04-02 16:00:00,YZ,HPHS,0.0,MW
2050-04-03 17:00:00,YZ,HPHS,0.0,MW
2050-04-04 18:00:00,YZ,HPHS,0.0,MW
2050-04-05 19:00:00,YZ,HPHS,0.0,MW
2050-04-06 20:00:00,YZ,HPHS,0.0,MW
2050-04-07 21:00:00,YZ,HPHS,0.0,MW
2050-04-08 22:00:00,YZ,HPHS,0.0,MW
2050-04-09 23:00:00,YZ,HPHS,0.0,MW
2050-04-11 00:00:00,YZ,HPHS,0.0,MW
2050-04-12 01:00:00,YZ,HPHS,0.0,MW
2050-04-13 02:00:00,YZ,HPHS,0.0,MW
2050-04-14 03:00:00,YZ,HPHS,0.0,MW
2050-04-15 04:00:00,YZ,HPHS,0.0,MW
2050-04-16 05:00:00,YZ,HPHS,0.0,MW
2050-04-17 06:00:00,YZ,HPHS,0.0,MW
2050-04-18 07:00:00,YZ,HPHS,0.0,MW
2050-04-19 08:00:00,YZ,HPHS,0.0,MW
2050-04-20 09:00:00,YZ,HPHS,0.0,MW
2050-04-21 10:00:00,YZ,HPHS,0.0,MW
2050-04-22 11:00:00,YZ,HPHS,0.0,MW
2050-04-23 12:00:00,YZ,HPHS,0.0,MW
2050-04-24 13:00:00,YZ,HPHS,0.0,MW
2050-04-25 14:00:00,YZ,HPHS,0.0,MW
2050-04-26 15:00:00,YZ,HPHS,0.0,MW
2050-04-27 16:00:00,YZ,HPHS,0.0,MW
2050-04-28 17:00:00,YZ,HPHS,0.0,MW
2050-04-29 18:00:00,YZ,HPHS,0.0,MW
2050-04-30 19:00:00,YZ,HPHS,0.0,MW
2050-05-01 20:00:00,YZ,HPHS,0.0,MW
2050-05-02 21:00:00,YZ,HPHS,0.0,MW
2050-05-03 22:00:00,YZ,HPHS,0.0,MW
2050-05-04 23:00:00,YZ,HPHS,0.0,MW
2050-05-06 00:00:00,YZ,HPHS,0.0,MW
2050-05-07 01:00:00,YZ,HPHS,0.0,MW
2050-05-08 02:00:00,YZ,HPHS,0.0,MW
2050-05-09 03:00:00,YZ,HPHS,0.0,MW
2050-05-10 04:00:00,YZ,HPHS,0.0,MW
2050-05-11 05:00:00,YZ,HPHS,0.0,MW
2050-05-12 06:00:00,YZ,HPHS,0.0,MW
2050-05-13 07:00:00,YZ,HPHS,0.0,MW
2050-05-14 08:00:00,YZ,HPHS,0.0,MW
2050-05-15 09:00:00,YZ,HPHS,0.0,MW
2050-05-16 10:00:00,YZ,HPHS,0.0,MW
2050-05-17 11:00:00,YZ,HPHS,0.0,MW
2050-05-18 12:00:00,YZ,HPHS,0.0,MW
2050-05-19 13:00:00,YZ,HPHS,0.0,MW
2050-05-20 14:00:00,YZ,HPHS,0.0,MW
2050-05-21 15:00:00,YZ,HPHS,0.0,MW
2050-05-22 16:00:00,YZ,HPHS,0.0,MW
2050-05-23 17:00:00,YZ,HPHS,0.0,MW
2050-05-24 18:00:00,YZ,HPHS,0.0,MW
2050-05-25 19:00:00,YZ,HPHS,0.0,MW
2050-05-26 20:00:00,YZ,HPHS,0.0,MW
2050-05-27 21:00:00,YZ,HPHS,0.0,MW
2050-05-28 22:00:00,YZ,HPHS,0.0,MW
2050-05-29 23:00:00,YZ,HPHS,0.0,MW
2050-05-31 00:00:00,YZ,HPHS,0.0,MW
2050-06-01 01:00:00,YZ,HPHS,0.0,MW
2050-06-02 02:00:00,YZ,HPHS,0.0,MW
2050-06-03 03:00:00,YZ,HPHS,0.0,MW
2050-06-04 04:00:00,YZ,HPHS,0.0,MW
2050-06-05 05:00:00,YZ,HPHS,0.0,MW
2050-06-06 06:00:00,YZ,HPHS,0.0,MW
2050-06-07 07:00:00,YZ,HPHS,0.0,MW
2050-06-08 08:00:00,YZ,HPHS,0.0,MW
2050-06-09 09:00:00,YZ,HPHS,0.0,MW
2050-06-10 10:00:00,YZ,HPHS,0.0,MW
2050-06-11 11:00:00,YZ,HPHS,0.0,MW
2050-06-12 12:00:00,YZ,HPHS,0.0,MW
2050-06-13 13:00:00,YZ,HPHS,0.0,MW
2050-06-14 14:00:00,YZ,HPHS,0.0,MW
2050-06-15 15:00:00,YZ,HPHS,0.0,MW
2050-06-16 16:00:00,YZ,HPHS,0.0,MW
2050-06-17 17:00:00,YZ,HPHS,0.0,MW
2050-06-18 18:00:00,YZ,HPHS,0.0,MW
2050-06-19 19:00:00,YZ,HPHS,0.0,MW
2050-06-20 20:00:00,YZ,HPHS,0.0,MW
2050-06-21 21:00:00,YZ,HPHS,0.0,MW
2050-06-22 22:00:00,YZ,HPHS,0.0,MW
2050-06-23 23:00:00,YZ,HPHS,0.0,MW
2050-06-25 00:00:00,YZ,HPHS,0.0,MW
2050-06-26 01:00:00,YZ,HPHS,0.0,MW
2050-06-27 02:00:00,YZ,HPHS,0.0,MW
2050-06-28 03:00:00,YZ,HPHS,0.0,MW
2050-06-29 04:00:00,YZ,HPHS,0.0,MW
2050-06-30 05:00:00,YZ,HPHS,0.0,MW
2050-07-01 06:00:00,YZ,HPHS,0.0,MW
2050-07-02 07:00:00,YZ,HPHS,0.0,MW
2050-07-03 08:00:00,YZ,HPHS,0.0,MW
2050-07-04 09:00:00,YZ,HPHS,0.0,MW
2050-07-05 10:00:00,YZ,HPHS,0.0,MW
2050-07-06 11:00:00,YZ,HPHS,0.0,MW
2050-07-07 12:00:00,YZ,HPHS,0.0,MW
2050-07-08 13:00:00,YZ,HPHS,0.0,MW
2050-07-09 14:00:00,YZ,HPHS,0.0,MW
2050-07-10 15:00:00,YZ,HPHS,0.0,MW
2050-07-11 16:00:00,YZ,HPHS,0.0,MW
2050-07-12 17:00:00,YZ,HPHS,0.0,MW
2050-07-13 18:00:00,YZ,HPHS,0.0,MW
2050-07-14 19:00:00,YZ,HPHS,0.0,MW
2050-07-15 20:00:00,YZ,HPHS,0.0,MW
2050-07-16 21:00:00,YZ,HPHS,0.0,MW
2050-07-17 22:00:00,YZ,HPHS,0.0,MW
2050-07-18 23:00:00,YZ,HPHS,0.0,MW
2050-07-20 00:00:00,YZ,HPHS,0.0,MW
2050-07-21 01:00:00,YZ,HPHS,0.0,MW
2050-07-22 02:00:00,YZ,HPHS,0.0,MW
2050-07-23 03:00:00,YZ,HPHS,0.0,MW
2050-07-24 04:00:00,YZ,HPHS,0.0,MW
2050-07-25 05:00:00,YZ,HPHS,0.0,MW
2050-07-26 06:00:00,YZ,HPHS,0.0,MW
2050-07-27 07:00:00,YZ,HPHS,0.0,MW
2050-07-28 08:00:00,YZ,HPHS,0.0,MW
2050-07-29 09:00:00,YZ,HPHS,0.0,MW
2050-07-30 10:00:00,YZ,HPHS,0.0,MW
2050-07-31 11:00:00,YZ,HPHS,0.0,MW
2050-08-01 12:00:00,YZ,HPHS,0.0,MW
2050-08-02 13:00:00,YZ,HPHS,0.0,MW
2050-08-03 14:00:00,YZ,HPHS,0.0,MW
2050-08-04 15:00:00,YZ,HPHS,0.0,MW
2050-08-05 16:00:00,YZ,HPHS,0.0,MW
2050-08-06 17:00:00,YZ,HPHS,0.0,MW
2050-08-07 18:00:00,YZ,HPHS,0.0,MW
2050-08-08 19:00:00,YZ,HPHS,0.0,MW
2050-08-09 20:00:00,YZ,HPHS,0.0,MW
2050-08-10 21:00:00,YZ,HPHS,0.0,MW
2050-08-11 22:00:00,YZ,HPHS,0.0,MW
2050-08-12 23:00:00,YZ,HPHS,0.0,MW
2050-08-14 00:00:00,YZ,HPHS,0.0,MW
2050-08-15 01:00:00,YZ,HPHS,0.0,MW
2050-08-16 02:00:00,YZ,HPHS,0.0,MW
2050-08-17 03:00:00,YZ,HPHS,0.0,MW
2050-08-18 04:00:00,YZ,HPHS,0.0,MW
2050-08-19 05:00:00,YZ,HPHS,0.0,MW
2050-08-20 06:00:00,YZ,HPHS,0.0,MW
2050-08-21 07:00:00,YZ,HPHS,0.0,MW
2050-08-22 08:00:00,YZ,HPHS,0.0,MW
2050-08-23 09:00:00,YZ,HPHS,0.0,MW
2050-08-24 10:00:00,YZ,HPHS,0.0,MW
2050-08-25 11:00:00,YZ,HPHS,0.0,MW
2050-08-26 12:00:00,YZ,HPHS,0.0,MW
2050-08-27 13:00:00,YZ,HPHS,0.0,MW
2050-08-28 14:00:00,YZ,HPHS,0.0,MW
2050-08-29 15:00:00,YZ,HPHS,0.0,MW
2050-08-30 16:00:00,YZ,HPHS,0.0,MW
2050-08-31 17:00:00,YZ,HPHS,0.0,MW
2050-09-01 18:00:00,YZ,HPHS,0.0,MW
2050-09-02 19:00:00,YZ,HPHS,0.0,MW
2050-09-03 20:00:00,YZ,HPHS,0.0,MW
2050-09-04 21:00:00,YZ,HPHS,0.0,MW
2050-09-05 22:00:00,YZ,HPHS,0.0,MW
2050-09-06 23:00:00,YZ,HPHS,0.0,MW
2050-09-08 00:00:00,YZ,HPHS,0.0,MW
2050-09-09 01:00:00,YZ,HPHS,0.0,MW
2050-09-10 02:00:00,YZ,HPHS,0.0,MW
2050-09-11 03:00:00,YZ,HPHS,0.0,MW
2050-09-12 04:00:00,YZ,HPHS,0.0,MW
2050-09-13 05:00:00,YZ,HPHS,0.0,MW
2050-09-14 06:00:00,YZ,HPHS,0.0,MW
2050-09-15 07:00:00,YZ,HPHS,0.0,MW
2050-09-16 08:00:00,YZ,HPHS,0.0,MW
2050-09-17 09:00:00,YZ,HPHS,0.0,MW
2050-09-18 10:00:00,YZ,HPHS,0.0,MW
2050-09-19 11:00:00,YZ,HPHS,0.0,MW
2050-09-20 12:00:00,YZ,HPHS,0.0,MW
2050-09-21 13:00:00,YZ,HPHS,0.0,MW
2050-09-22 14:00:00,YZ,HPHS,0.0,MW
2050-09-23 15:00:00,YZ,HPHS,0.0,MW
2050-09-24 16:00:00,YZ,HPHS,0.0,MW
2050-09-25 17:00:00,YZ,HPHS,0.0,MW
2050-09-26 18:00:00,YZ,HPHS,0.0,MW
2050-09-27 19:00:00,YZ,HPHS,0.0,MW
2050-09-28 20:00:00,YZ,HPHS,0.0,MW
2050-09-29 21:00:00,YZ,HPHS,0.0,MW
2050-09-30 22:00:00,YZ,HPHS,0.0,MW
2050-10-01 23:00:00,YZ,HPHS,0.0,MW
2050-10-03 00:00:00,YZ,HPHS,0.0,MW
2050-10-04 01:00:00,YZ,HPHS,0.0,MW
2050-10-05 02:00:00,YZ,HPHS,0.0,MW
2050-10-06 03:00:00,YZ,HPHS,0.0,MW
2050-10-07 04:00:00,YZ,HPHS,0.0,MW
2050-10-08 05:00:00,YZ,HPHS,0.0,MW
2050-10-09 06:00:00,YZ,HPHS,0.0,MW
2050-10-10 07:00:00,YZ,HPHS,0.0,MW
2050-10-11 08:00:00,YZ,HPHS,0.0,MW
2050-10-12 09:00:00,YZ,HPHS,0.0,MW
2050-10-13 10:00:00,YZ,HPHS,0.0,MW
2050-10-14 11:00:00,YZ,HPHS,0.0,MW
2050-10-15 12:00:00,YZ,HPHS,0.0,MW
2050-10-16 13:00:00,YZ,HPHS,0.0,MW
2050-10-17 14:00:00,YZ,HPHS,0.0,MW
2050-10-18 15:00:00,YZ,HPHS,0.0,MW
2050-10-19 16:00:00,YZ,HPHS,0.0,MW
2050-10-20 17:00:00,YZ,HPHS,0.0,MW
2050-10-21 18:00:00,YZ,HPHS,0.0,MW
2050-10-22 19:00:00,YZ,HPHS,0.0,MW
2050-10-23 20:00:00,YZ,HPHS,0.0,MW
2050-10-24 21:00:00,YZ,HPHS,0.0,MW
2050-10-25 22:00:00,YZ,HPHS,0.0,MW
2050-10-26 23:00:00,YZ,HPHS,0.0,MW
2050-10-28 00:00:00,YZ,HPHS,0.0,MW
2050-10-29 01:00:00,YZ,HPHS,0.0,MW
2050-10-30 02:00:00,YZ,HPHS,0.0,MW
2050-10-31 03:00:00,YZ,HPHS,0.0,MW
2050-11-01 04:00:00,YZ,HPHS,0.0,MW
2050-11-02 05:00:00,YZ,HPHS,0.0,MW
2050-11-03 06:00:00,YZ,HPHS,0.0,MW
2050-11-04 07:00:00,YZ,HPHS,-0.0,MW
2050-11-05 08:00:00,YZ,HPHS,0.0,MW
2050-11-06 09:00:00,YZ,HPHS,0.0,MW
2050-11-07 10:00:00,YZ,HPHS,0.0,MW
2050-11-08 11:00:00,YZ,HPHS,0.0,MW
2050-11-09 12:00:00,YZ,HPHS,0.0,MW
2050-11-10 13:00:00,YZ,HPHS,0.0,MW
2050-11-11 14:00:00,YZ,HPHS,0.0,MW
2050-11-12 15:00:00,YZ,HPHS,0.0,MW
2050-11-13 16:00:00,YZ,HPHS,0.0,MW
2050-11-14 17:00:00,YZ,HPHS,0.0,MW
2050-11-15 18:00:00,YZ,HPHS,0.0,MW
2050-11-16 19:00:00,YZ,HPHS,0.0,MW
2050-11-17 20:00:00,YZ,HPHS,0.0,MW
2050-11-18 21:00:00,YZ,HPHS,0.0,MW
2050-11-19 22:00:00,YZ,HPHS,0.0,MW
2050-11-20 23:00:00,YZ,HPHS,0.0,MW
2050-11-22 00:00:00,YZ,HPHS,0.0,MW
2050-11-23 01:00:00,YZ,HPHS,0.0,MW
2050-11-24 02:00:00,YZ,HPHS,0.0,MW
2050-11-25 03:00:00,YZ,HPHS,0.0,MW
2050-11-26 04:00:00,YZ,HPHS,0.0,MW
2050-11-27 05:00:00,YZ,HPHS,0.0,MW
2050-11-28 06:00:00,YZ,HPHS,0.0,MW
2050-11-29 07:00:00,YZ,HPHS,0.0,MW
2050-11-30 08:00:00,YZ,HPHS,0.0,MW
2050-12-01 09:00:00,YZ,HPHS,0.0,MW
2050-12-02 10:00:00,YZ,HPHS,0.0,MW
2050-12-03 11:00:00,YZ,HPHS,0.0,MW
2050-12-04 12:00:00,YZ,HPHS,0.0,MW
2050-12-05 13:00:00,YZ,HPHS,0.0,MW
2050-12-06 14:00:00,YZ,HPHS,0.0,MW
2050-12-07 15:00:00,YZ,HPHS,0.0,MW
2050-12-08 16:00:00,YZ,HPHS,0.0,MW
2050-12-09 17:00:00,YZ,HPHS,0.0,MW
2050-12-10 18:00:00,YZ,HPHS,0.0,MW
2050-12-11 19:00:00,YZ,HPHS,0.0,MW
2050-12-12 20:00:00,YZ,HPHS,0.0,MW
2050-12-13 21:00:00,YZ,HPHS,0.0,MW
2050-12-14 22:00:00,YZ,HPHS,0.0,MW
2050-12-15 23:00:00,YZ,HPHS,0.0,MW
2050-12-17 00:00:00,YZ,HPHS,0.0,MW
2050-12-18 01:00:00,YZ,HPHS,0.0,MW
2050-12-19 02:00:00,YZ,HPHS,0.0,MW
2050-12-20 03:00:00,YZ,HPHS,0.0,MW
2050-12-21 04:00:00,YZ,HPHS,0.0,MW
2050-12-22 05:00:00,YZ,HPHS,0.0,MW
2050-12-23 06:00:00,YZ,HPHS,0.0,MW
2050-12-24 07:00:00,YZ,HPHS,0.0,MW
2050-12-25 08:00:00,YZ,HPHS,0.0,MW
2050-12-26 09:00:00,YZ,HPHS,0.0,MW
2050-12-27 10:00:00,YZ,HPHS,0.0,MW
2050-12-28 11:00:00,YZ,HPHS,0.0,MW
2050-12-29 12:00:00,YZ,HPHS,0.0,MW
2050-12-30 13:00:00,YZ,HPHS,0.0,MW
2050-12-31 14:00:00,YZ,HPHS,0.0,MW
2051-01-01 15:00:00,YZ,HPHS,0.0,MW
