snapshot,country,sector,value,unit
2040-01-01 00:00:00,XY,Inflexible_Power,6495.8,MW
2040-01-02 01:00:00,XY,Inflexible_Power,6030.799999999999,MW
2040-01-03 02:00:00,XY,Inflexible_Power,5890.2,MW
2040-01-04 03:00:00,XY,Inflexible_Power,6059.599999999999,MW
2040-01-05 04:00:00,XY,Inflexible_Power,6137.5,MW
2040-01-06 05:00:00,XY,Inflexible_Power,6215.4,MW
2040-01-07 06:00:00,XY,Inflexible_Power,6972.6,MW
2040-01-08 07:00:00,XY,Inflexible_Power,7304.6,MW
2040-01-09 08:00:00,XY,Inflexible_Power,8026.7,MW
2040-01-10 09:00:00,XY,Inflexible_Power,8831.7,MW
2040-01-11 10:00:00,XY,Inflexible_Power,8216.8,MW
2040-01-12 11:00:00,XY,Inflexible_Power,8041.9,MW
2040-01-13 12:00:00,XY,Inflexible_Power,7798.0,MW
2040-01-14 13:00:00,XY,Inflexible_Power,7804.0,MW
2040-01-15 14:00:00,XY,Inflexible_Power,8253.3,MW
2040-01-16 15:00:00,XY,Inflexible_Power,8620.1,MW
2040-01-17 16:00:00,XY,Inflexible_Power,8977.8,MW
2040-01-18 17:00:00,XY,Inflexible_Power,8383.6,MW
2040-01-19 18:00:00,XY,Inflexible_Power,8746.1,MW
2040-01-20 19:00:00,XY,Inflexible_Power,8949.8,MW
2040-01-21 20:00:00,XY,Inflexible_Power,8287.1,MW
2040-01-22 21:00:00,XY,Inflexible_Power,8059.3,MW
2040-01-23 22:00:00,XY,Inflexible_Power,7501.6,MW
2040-01-24 23:00:00,XY,Inflexible_Power,7082.4,MW
2040-01-26 00:00:00,XY,Inflexible_Power,6495.8,MW
2040-01-27 01:00:00,XY,Inflexible_Power,6102.799999999999,MW
2040-01-28 02:00:00,XY,Inflexible_Power,5970.7,MW
2040-01-29 03:00:00,XY,Inflexible_Power,5874.1,MW
2040-01-30 04:00:00,XY,Inflexible_Power,5919.4,MW
2040-01-31 05:00:00,XY,Inflexible_Power,6403.4,MW
2040-02-01 06:00:00,XY,Inflexible_Power,5683.0,MW
2040-02-02 07:00:00,XY,Inflexible_Power,5973.1,MW
2040-02-03 08:00:00,XY,Inflexible_Power,7589.6,MW
2040-02-04 09:00:00,XY,Inflexible_Power,7580.3,MW
2040-02-05 10:00:00,XY,Inflexible_Power,7580.7,MW
2040-02-06 11:00:00,XY,Inflexible_Power,7565.5,MW
2040-02-07 12:00:00,XY,Inflexible_Power,7070.0,MW
2040-02-08 13:00:00,XY,Inflexible_Power,6253.099999999999,MW
2040-02-09 14:00:00,XY,Inflexible_Power,6500.4,MW
2040-02-10 15:00:00,XY,Inflexible_Power,6669.8,MW
2040-02-11 16:00:00,XY,Inflexible_Power,6975.1,MW
2040-02-12 17:00:00,XY,Inflexible_Power,7347.3,MW
2040-02-13 18:00:00,XY,Inflexible_Power,7695.4,MW
2040-02-14 19:00:00,XY,Inflexible_Power,7523.5,MW
2040-02-15 20:00:00,XY,Inflexible_Power,7171.6,MW
2040-02-16 21:00:00,XY,Inflexible_Power,6974.700000000001,MW
2040-02-17 22:00:00,XY,Inflexible_Power,7067.5,MW
2040-02-18 23:00:00,XY,Inflexible_Power,6739.700000000001,MW
2040-02-20 00:00:00,XY,Inflexible_Power,5972.8,MW
2040-02-21 01:00:00,XY,Inflexible_Power,5611.099999999999,MW
2040-02-22 02:00:00,XY,Inflexible_Power,5254.5,MW
2040-02-23 03:00:00,XY,Inflexible_Power,5191.4,MW
2040-02-24 04:00:00,XY,Inflexible_Power,5470.9,MW
2040-02-25 05:00:00,XY,Inflexible_Power,5737.3,MW
2040-02-26 06:00:00,XY,Inflexible_Power,6297.5,MW
2040-02-27 07:00:00,XY,Inflexible_Power,6811.6,MW
2040-02-28 08:00:00,XY,Inflexible_Power,7268.2,MW
2040-02-29 09:00:00,XY,Inflexible_Power,8448.9,MW
2040-03-01 10:00:00,XY,Inflexible_Power,8604.3,MW
2040-03-02 11:00:00,XY,Inflexible_Power,8988.0,MW
2040-03-03 12:00:00,XY,Inflexible_Power,8530.2,MW
2040-03-04 13:00:00,XY,Inflexible_Power,8557.0,MW
2040-03-05 14:00:00,XY,Inflexible_Power,9091.0,MW
2040-03-06 15:00:00,XY,Inflexible_Power,9228.2,MW
2040-03-07 16:00:00,XY,Inflexible_Power,8695.8,MW
2040-03-08 17:00:00,XY,Inflexible_Power,8677.5,MW
2040-03-09 18:00:00,XY,Inflexible_Power,9394.9,MW
2040-03-10 19:00:00,XY,Inflexible_Power,9320.0,MW
2040-03-11 20:00:00,XY,Inflexible_Power,8937.6,MW
2040-03-12 21:00:00,XY,Inflexible_Power,8679.3,MW
2040-03-13 22:00:00,XY,Inflexible_Power,8443.0,MW
2040-03-14 23:00:00,XY,Inflexible_Power,7239.900000000001,MW
2040-03-16 00:00:00,XY,Inflexible_Power,6946.0,MW
2040-03-17 01:00:00,XY,Inflexible_Power,6727.9,MW
2040-03-18 02:00:00,XY,Inflexible_Power,6744.8,MW
2040-03-19 03:00:00,XY,Inflexible_Power,6493.7,MW
2040-03-20 04:00:00,XY,Inflexible_Power,6596.6,MW
2040-03-21 05:00:00,XY,Inflexible_Power,6727.0,MW
2040-03-22 06:00:00,XY,Inflexible_Power,7139.0,MW
2040-03-23 07:00:00,XY,Inflexible_Power,7900.9,MW
2040-03-24 08:00:00,XY,Inflexible_Power,8631.9,MW
2040-03-25 09:00:00,XY,Inflexible_Power,9162.5,MW
2040-03-26 10:00:00,XY,Inflexible_Power,9130.3,MW
2040-03-27 11:00:00,XY,Inflexible_Power,9270.0,MW
2040-03-28 12:00:00,XY,Inflexible_Power,7798.0,MW
2040-03-29 13:00:00,XY,Inflexible_Power,7867.1,MW
2040-03-30 14:00:00,XY,Inflexible_Power,9091.0,MW
2040-03-31 15:00:00,XY,Inflexible_Power,11268.2,MW
2040-04-01 16:00:00,XY,Inflexible_Power,10937.499999999998,MW
2040-04-02 17:00:00,XY,Inflexible_Power,10824.0,MW
2040-04-03 18:00:00,XY,Inflexible_Power,10573.7,MW
2040-04-04 19:00:00,XY,Inflexible_Power,10076.5,MW
2040-04-05 20:00:00,XY,Inflexible_Power,9784.3,MW
2040-04-06 21:00:00,XY,Inflexible_Power,10764.199999999999,MW
2040-04-07 22:00:00,XY,Inflexible_Power,9952.5,MW
2040-04-08 23:00:00,XY,Inflexible_Power,9296.9,MW
2040-04-10 00:00:00,XY,Inflexible_Power,8662.1,MW
2040-04-11 01:00:00,XY,Inflexible_Power,8831.5,MW
2040-04-12 02:00:00,XY,Inflexible_Power,8615.1,MW
2040-04-13 03:00:00,XY,Inflexible_Power,8252.6,MW
2040-04-14 04:00:00,XY,Inflexible_Power,8217.9,MW
2040-04-15 05:00:00,XY,Inflexible_Power,8576.5,MW
2040-04-16 06:00:00,XY,Inflexible_Power,8696.8,MW
2040-04-17 07:00:00,XY,Inflexible_Power,8867.5,MW
2040-04-18 08:00:00,XY,Inflexible_Power,9354.1,MW
2040-04-19 09:00:00,XY,Inflexible_Power,9915.2,MW
2040-04-20 10:00:00,XY,Inflexible_Power,10130.3,MW
2040-04-21 11:00:00,XY,Inflexible_Power,10829.0,MW
2040-04-22 12:00:00,XY,Inflexible_Power,9847.0,MW
2040-04-23 13:00:00,XY,Inflexible_Power,10340.0,MW
2040-04-24 14:00:00,XY,Inflexible_Power,10800.3,MW
2040-04-25 15:00:00,XY,Inflexible_Power,10178.2,MW
2040-04-26 16:00:00,XY,Inflexible_Power,10193.0,MW
2040-04-27 17:00:00,XY,Inflexible_Power,10826.5,MW
2040-04-28 18:00:00,XY,Inflexible_Power,10458.5,MW
2040-04-29 19:00:00,XY,Inflexible_Power,10076.5,MW
2040-04-30 20:00:00,XY,Inflexible_Power,10002.4,MW
2040-05-01 21:00:00,XY,Inflexible_Power,10811.2,MW
2040-05-02 22:00:00,XY,Inflexible_Power,9762.300000000001,MW
2040-05-03 23:00:00,XY,Inflexible_Power,9404.9,MW
2040-05-05 00:00:00,XY,Inflexible_Power,8917.9,MW
2040-05-06 01:00:00,XY,Inflexible_Power,8600.7,MW
2040-05-07 02:00:00,XY,Inflexible_Power,8398.7,MW
2040-05-08 03:00:00,XY,Inflexible_Power,8321.2,MW
2040-05-09 04:00:00,XY,Inflexible_Power,8431.3,MW
2040-05-10 05:00:00,XY,Inflexible_Power,8465.6,MW
2040-05-11 06:00:00,XY,Inflexible_Power,8711.2,MW
2040-05-12 07:00:00,XY,Inflexible_Power,9476.0,MW
2040-05-13 08:00:00,XY,Inflexible_Power,10417.5,MW
2040-05-14 09:00:00,XY,Inflexible_Power,11016.699999999999,MW
2040-05-15 10:00:00,XY,Inflexible_Power,11267.0,MW
2040-05-16 11:00:00,XY,Inflexible_Power,10173.5,MW
2040-05-17 12:00:00,XY,Inflexible_Power,9769.5,MW
2040-05-18 13:00:00,XY,Inflexible_Power,10659.3,MW
2040-05-19 14:00:00,XY,Inflexible_Power,11249.2,MW
2040-05-20 15:00:00,XY,Inflexible_Power,11702.7,MW
2040-05-21 16:00:00,XY,Inflexible_Power,11491.5,MW
2040-05-22 17:00:00,XY,Inflexible_Power,10835.8,MW
2040-05-23 18:00:00,XY,Inflexible_Power,9777.1,MW
2040-05-24 19:00:00,XY,Inflexible_Power,10076.5,MW
2040-05-25 20:00:00,XY,Inflexible_Power,10498.3,MW
2040-05-26 21:00:00,XY,Inflexible_Power,10388.2,MW
2040-05-27 22:00:00,XY,Inflexible_Power,10453.0,MW
2040-05-28 23:00:00,XY,Inflexible_Power,9567.1,MW
2040-05-30 00:00:00,XY,Inflexible_Power,9049.6,MW
2040-05-31 01:00:00,XY,Inflexible_Power,9421.0,MW
2040-06-01 02:00:00,XY,Inflexible_Power,9096.6,MW
2040-06-02 03:00:00,XY,Inflexible_Power,8879.8,MW
2040-06-03 04:00:00,XY,Inflexible_Power,8818.8,MW
2040-06-04 05:00:00,XY,Inflexible_Power,8884.0,MW
2040-06-05 06:00:00,XY,Inflexible_Power,9091.5,MW
2040-06-06 07:00:00,XY,Inflexible_Power,11765.400000000001,MW
2040-06-07 08:00:00,XY,Inflexible_Power,8773.9,MW
2040-06-08 09:00:00,XY,Inflexible_Power,9494.7,MW
2040-06-09 10:00:00,XY,Inflexible_Power,11404.2,MW
2040-06-10 11:00:00,XY,Inflexible_Power,11650.2,MW
2040-06-11 12:00:00,XY,Inflexible_Power,11384.7,MW
2040-06-12 13:00:00,XY,Inflexible_Power,11157.7,MW
2040-06-13 14:00:00,XY,Inflexible_Power,11558.8,MW
2040-06-14 15:00:00,XY,Inflexible_Power,10800.3,MW
2040-06-15 16:00:00,XY,Inflexible_Power,10549.6,MW
2040-06-16 17:00:00,XY,Inflexible_Power,11777.300000000001,MW
2040-06-17 18:00:00,XY,Inflexible_Power,10850.199999999999,MW
2040-06-18 19:00:00,XY,Inflexible_Power,10428.0,MW
2040-06-19 20:00:00,XY,Inflexible_Power,10804.9,MW
2040-06-20 21:00:00,XY,Inflexible_Power,10923.5,MW
2040-06-21 22:00:00,XY,Inflexible_Power,10465.7,MW
2040-06-22 23:00:00,XY,Inflexible_Power,10351.8,MW
2040-06-24 00:00:00,XY,Inflexible_Power,10403.5,MW
2040-06-25 01:00:00,XY,Inflexible_Power,9545.5,MW
2040-06-26 02:00:00,XY,Inflexible_Power,9314.3,MW
2040-06-27 03:00:00,XY,Inflexible_Power,9002.6,MW
2040-06-28 04:00:00,XY,Inflexible_Power,9002.6,MW
2040-06-29 05:00:00,XY,Inflexible_Power,8896.3,MW
2040-06-30 06:00:00,XY,Inflexible_Power,8884.0,MW
2040-07-01 07:00:00,XY,Inflexible_Power,8901.3,MW
2040-07-02 08:00:00,XY,Inflexible_Power,9029.7,MW
2040-07-03 09:00:00,XY,Inflexible_Power,10274.4,MW
2040-07-04 10:00:00,XY,Inflexible_Power,10798.599999999999,MW
2040-07-05 11:00:00,XY,Inflexible_Power,10130.3,MW
2040-07-06 12:00:00,XY,Inflexible_Power,10018.5,MW
2040-07-07 13:00:00,XY,Inflexible_Power,10459.800000000001,MW
2040-07-08 14:00:00,XY,Inflexible_Power,11458.0,MW
2040-07-09 15:00:00,XY,Inflexible_Power,11404.2,MW
2040-07-10 16:00:00,XY,Inflexible_Power,11279.7,MW
2040-07-11 17:00:00,XY,Inflexible_Power,11155.6,MW
2040-07-12 18:00:00,XY,Inflexible_Power,9625.900000000001,MW
2040-07-13 19:00:00,XY,Inflexible_Power,9342.6,MW
2040-07-14 20:00:00,XY,Inflexible_Power,10309.0,MW
2040-07-15 21:00:00,XY,Inflexible_Power,10218.8,MW
2040-07-16 22:00:00,XY,Inflexible_Power,10451.3,MW
2040-07-17 23:00:00,XY,Inflexible_Power,10786.3,MW
2040-07-19 00:00:00,XY,Inflexible_Power,9684.4,MW
2040-07-20 01:00:00,XY,Inflexible_Power,9421.0,MW
2040-07-21 02:00:00,XY,Inflexible_Power,8917.9,MW
2040-07-22 03:00:00,XY,Inflexible_Power,8615.1,MW
2040-07-23 04:00:00,XY,Inflexible_Power,8476.2,MW
2040-07-24 05:00:00,XY,Inflexible_Power,8856.9,MW
2040-07-25 06:00:00,XY,Inflexible_Power,8449.5,MW
2040-07-26 07:00:00,XY,Inflexible_Power,8541.8,MW
2040-07-27 08:00:00,XY,Inflexible_Power,8557.5,MW
2040-07-28 09:00:00,XY,Inflexible_Power,10537.7,MW
2040-07-29 10:00:00,XY,Inflexible_Power,10913.8,MW
2040-07-30 11:00:00,XY,Inflexible_Power,11138.2,MW
2040-07-31 12:00:00,XY,Inflexible_Power,11016.3,MW
2040-08-01 13:00:00,XY,Inflexible_Power,10436.5,MW
2040-08-02 14:00:00,XY,Inflexible_Power,9494.7,MW
2040-08-03 15:00:00,XY,Inflexible_Power,9760.2,MW
2040-08-04 16:00:00,XY,Inflexible_Power,11418.6,MW
2040-08-05 17:00:00,XY,Inflexible_Power,11325.0,MW
2040-08-06 18:00:00,XY,Inflexible_Power,10826.5,MW
2040-08-07 19:00:00,XY,Inflexible_Power,10493.7,MW
2040-08-08 20:00:00,XY,Inflexible_Power,11025.9,MW
2040-08-09 21:00:00,XY,Inflexible_Power,9567.900000000001,MW
2040-08-10 22:00:00,XY,Inflexible_Power,9706.8,MW
2040-08-11 23:00:00,XY,Inflexible_Power,10196.8,MW
2040-08-13 00:00:00,XY,Inflexible_Power,9896.199999999999,MW
2040-08-14 01:00:00,XY,Inflexible_Power,9188.5,MW
2040-08-15 02:00:00,XY,Inflexible_Power,9238.0,MW
2040-08-16 03:00:00,XY,Inflexible_Power,8321.2,MW
2040-08-17 04:00:00,XY,Inflexible_Power,8166.2,MW
2040-08-18 05:00:00,XY,Inflexible_Power,8508.8,MW
2040-08-19 06:00:00,XY,Inflexible_Power,8623.6,MW
2040-08-20 07:00:00,XY,Inflexible_Power,8835.7,MW
2040-08-21 08:00:00,XY,Inflexible_Power,9591.199999999999,MW
2040-08-22 09:00:00,XY,Inflexible_Power,10394.199999999999,MW
2040-08-23 10:00:00,XY,Inflexible_Power,9480.7,MW
2040-08-24 11:00:00,XY,Inflexible_Power,9897.8,MW
2040-08-25 12:00:00,XY,Inflexible_Power,11171.300000000001,MW
2040-08-26 13:00:00,XY,Inflexible_Power,10436.5,MW
2040-08-27 14:00:00,XY,Inflexible_Power,11507.5,MW
2040-08-28 15:00:00,XY,Inflexible_Power,11467.3,MW
2040-08-29 16:00:00,XY,Inflexible_Power,11418.6,MW
2040-08-30 17:00:00,XY,Inflexible_Power,9711.5,MW
2040-08-31 18:00:00,XY,Inflexible_Power,9534.000000000002,MW
2040-09-01 19:00:00,XY,Inflexible_Power,10763.9,MW
2040-09-02 20:00:00,XY,Inflexible_Power,9782.6,MW
2040-09-03 21:00:00,XY,Inflexible_Power,9645.400000000001,MW
2040-09-04 22:00:00,XY,Inflexible_Power,10094.3,MW
2040-09-05 23:00:00,XY,Inflexible_Power,9999.4,MW
2040-09-07 00:00:00,XY,Inflexible_Power,9064.4,MW
2040-09-08 01:00:00,XY,Inflexible_Power,8460.1,MW
2040-09-09 02:00:00,XY,Inflexible_Power,8243.7,MW
2040-09-10 03:00:00,XY,Inflexible_Power,8041.7,MW
2040-09-11 04:00:00,XY,Inflexible_Power,7949.8,MW
2040-09-12 05:00:00,XY,Inflexible_Power,8431.3,MW
2040-09-13 06:00:00,XY,Inflexible_Power,8233.1,MW
2040-09-14 07:00:00,XY,Inflexible_Power,8262.3,MW
2040-09-15 08:00:00,XY,Inflexible_Power,9102.9,MW
2040-09-16 09:00:00,XY,Inflexible_Power,9866.1,MW
2040-09-17 10:00:00,XY,Inflexible_Power,10504.7,MW
2040-09-18 11:00:00,XY,Inflexible_Power,11072.199999999999,MW
2040-09-19 12:00:00,XY,Inflexible_Power,10546.6,MW
2040-09-20 13:00:00,XY,Inflexible_Power,9335.0,MW
2040-09-21 14:00:00,XY,Inflexible_Power,9619.199999999999,MW
2040-09-22 15:00:00,XY,Inflexible_Power,11160.2,MW
2040-09-23 16:00:00,XY,Inflexible_Power,10882.9,MW
2040-09-24 17:00:00,XY,Inflexible_Power,10860.0,MW
2040-09-25 18:00:00,XY,Inflexible_Power,10509.3,MW
2040-09-26 19:00:00,XY,Inflexible_Power,10648.7,MW
2040-09-27 20:00:00,XY,Inflexible_Power,9782.6,MW
2040-09-28 21:00:00,XY,Inflexible_Power,9645.400000000001,MW
2040-09-29 22:00:00,XY,Inflexible_Power,10470.3,MW
2040-09-30 23:00:00,XY,Inflexible_Power,9623.4,MW
2040-10-02 00:00:00,XY,Inflexible_Power,7751.5,MW
2040-10-03 01:00:00,XY,Inflexible_Power,7297.1,MW
2040-10-04 02:00:00,XY,Inflexible_Power,7007.0,MW
2040-10-05 03:00:00,XY,Inflexible_Power,6897.300000000001,MW
2040-10-06 04:00:00,XY,Inflexible_Power,6726.2,MW
2040-10-07 05:00:00,XY,Inflexible_Power,6773.2,MW
2040-10-08 06:00:00,XY,Inflexible_Power,6990.0,MW
2040-10-09 07:00:00,XY,Inflexible_Power,7862.3,MW
2040-10-10 08:00:00,XY,Inflexible_Power,7737.0,MW
2040-10-11 09:00:00,XY,Inflexible_Power,7871.7,MW
2040-10-12 10:00:00,XY,Inflexible_Power,8293.9,MW
2040-10-13 11:00:00,XY,Inflexible_Power,9541.1,MW
2040-10-14 12:00:00,XY,Inflexible_Power,9534.7,MW
2040-10-15 13:00:00,XY,Inflexible_Power,8387.1,MW
2040-10-16 14:00:00,XY,Inflexible_Power,8627.3,MW
2040-10-17 15:00:00,XY,Inflexible_Power,9246.0,MW
2040-10-18 16:00:00,XY,Inflexible_Power,8484.1,MW
2040-10-19 17:00:00,XY,Inflexible_Power,8618.3,MW
2040-10-20 18:00:00,XY,Inflexible_Power,9612.6,MW
2040-10-21 19:00:00,XY,Inflexible_Power,9906.5,MW
2040-10-22 20:00:00,XY,Inflexible_Power,8993.9,MW
2040-10-23 21:00:00,XY,Inflexible_Power,8705.1,MW
2040-10-24 22:00:00,XY,Inflexible_Power,8914.3,MW
2040-10-25 23:00:00,XY,Inflexible_Power,7811.6,MW
2040-10-27 00:00:00,XY,Inflexible_Power,7425.4,MW
2040-10-28 01:00:00,XY,Inflexible_Power,7264.9,MW
2040-10-29 02:00:00,XY,Inflexible_Power,6929.5,MW
2040-10-30 03:00:00,XY,Inflexible_Power,6991.7,MW
2040-10-31 04:00:00,XY,Inflexible_Power,6726.2,MW
2040-11-01 05:00:00,XY,Inflexible_Power,6524.6,MW
2040-11-02 06:00:00,XY,Inflexible_Power,6727.0,MW
2040-11-03 07:00:00,XY,Inflexible_Power,7402.0,MW
2040-11-04 08:00:00,XY,Inflexible_Power,7819.2,MW
2040-11-05 09:00:00,XY,Inflexible_Power,8804.2,MW
2040-11-06 10:00:00,XY,Inflexible_Power,9038.0,MW
2040-11-07 11:00:00,XY,Inflexible_Power,9481.4,MW
2040-11-08 12:00:00,XY,Inflexible_Power,8196.9,MW
2040-11-09 13:00:00,XY,Inflexible_Power,7565.5,MW
2040-11-10 14:00:00,XY,Inflexible_Power,8529.9,MW
2040-11-11 15:00:00,XY,Inflexible_Power,8983.0,MW
2040-11-12 16:00:00,XY,Inflexible_Power,9134.6,MW
2040-11-13 17:00:00,XY,Inflexible_Power,9568.7,MW
2040-11-14 18:00:00,XY,Inflexible_Power,9981.4,MW
2040-11-15 19:00:00,XY,Inflexible_Power,9056.1,MW
2040-11-16 20:00:00,XY,Inflexible_Power,8343.4,MW
2040-11-17 21:00:00,XY,Inflexible_Power,8915.6,MW
2040-11-18 22:00:00,XY,Inflexible_Power,8383.7,MW
2040-11-19 23:00:00,XY,Inflexible_Power,8013.2,MW
2040-11-21 00:00:00,XY,Inflexible_Power,7568.6,MW
2040-11-22 01:00:00,XY,Inflexible_Power,6946.0,MW
2040-11-23 02:00:00,XY,Inflexible_Power,6650.4,MW
2040-11-24 03:00:00,XY,Inflexible_Power,6695.299999999999,MW
2040-11-25 04:00:00,XY,Inflexible_Power,6731.7,MW
2040-11-26 05:00:00,XY,Inflexible_Power,6508.5,MW
2040-11-27 06:00:00,XY,Inflexible_Power,6804.5,MW
2040-11-28 07:00:00,XY,Inflexible_Power,7402.0,MW
2040-11-29 08:00:00,XY,Inflexible_Power,7149.6,MW
2040-11-30 09:00:00,XY,Inflexible_Power,7686.2,MW
2040-12-01 10:00:00,XY,Inflexible_Power,9174.0,MW
2040-12-02 11:00:00,XY,Inflexible_Power,9367.4,MW
2040-12-03 12:00:00,XY,Inflexible_Power,8910.5,MW
2040-12-04 13:00:00,XY,Inflexible_Power,8124.1,MW
2040-12-05 14:00:00,XY,Inflexible_Power,8193.2,MW
2040-12-06 15:00:00,XY,Inflexible_Power,7912.8,MW
2040-12-07 16:00:00,XY,Inflexible_Power,8158.0,MW
2040-12-08 17:00:00,XY,Inflexible_Power,9776.1,MW
2040-12-09 18:00:00,XY,Inflexible_Power,9687.6,MW
2040-12-10 19:00:00,XY,Inflexible_Power,10029.3,MW
2040-12-11 20:00:00,XY,Inflexible_Power,9071.4,MW
2040-12-12 21:00:00,XY,Inflexible_Power,8550.1,MW
2040-12-13 22:00:00,XY,Inflexible_Power,7888.2,MW
2040-12-14 23:00:00,XY,Inflexible_Power,7393.6,MW
2040-12-16 00:00:00,XY,Inflexible_Power,7254.3,MW
2040-12-17 01:00:00,XY,Inflexible_Power,6816.4,MW
2040-12-18 02:00:00,XY,Inflexible_Power,6575.9,MW
2040-12-19 03:00:00,XY,Inflexible_Power,6385.7,MW
2040-12-20 04:00:00,XY,Inflexible_Power,6322.6,MW
2040-12-21 05:00:00,XY,Inflexible_Power,6416.599999999999,MW
2040-12-22 06:00:00,XY,Inflexible_Power,7011.6,MW
2040-12-23 07:00:00,XY,Inflexible_Power,7410.9,MW
2040-12-24 08:00:00,XY,Inflexible_Power,7722.6,MW
2040-12-25 09:00:00,XY,Inflexible_Power,8444.7,MW
2040-12-26 10:00:00,XY,Inflexible_Power,8944.4,MW
2040-12-27 11:00:00,XY,Inflexible_Power,8324.8,MW
2040-12-28 12:00:00,XY,Inflexible_Power,8260.0,MW
2040-12-29 13:00:00,XY,Inflexible_Power,8124.1,MW
2040-12-30 14:00:00,XY,Inflexible_Power,8475.2,MW
2040-12-31 15:00:00,XY,Inflexible_Power,8811.900000000001,MW
2040-01-01 00:00:00,XY,Flexible_Industry_Heat,9354.005089373672,MW
2040-01-02 01:00:00,XY,Flexible_Industry_Heat,9354.005089373672,MW
2040-01-03 02:00:00,XY,Flexible_Industry_Heat,9301.032214746,MW
2040-01-04 03:00:00,XY,Flexible_Industry_Heat,9075.86824553056,MW
2040-01-05 04:00:00,XY,Flexible_Industry_Heat,9334.80508937367,MW
2040-01-06 05:00:00,XY,Flexible_Industry_Heat,9347.605089373672,MW
2040-01-07 06:00:00,XY,Flexible_Industry_Heat,8844.582392005253,MW
2040-01-08 07:00:00,XY,Flexible_Industry_Heat,8819.334966936447,MW
2040-01-09 08:00:00,XY,Flexible_Industry_Heat,9354.005089373672,MW
2040-01-10 09:00:00,XY,Flexible_Industry_Heat,9354.005089373672,MW
2040-01-11 10:00:00,XY,Flexible_Industry_Heat,10464.005089373573,MW
2040-01-12 11:00:00,XY,Flexible_Industry_Heat,10380.916094677934,MW
2040-01-13 12:00:00,XY,Flexible_Industry_Heat,10464.005089373573,MW
2040-01-14 13:00:00,XY,Flexible_Industry_Heat,10030.932449007676,MW
2040-01-15 14:00:00,XY,Flexible_Industry_Heat,9354.005089373672,MW
2040-01-16 15:00:00,XY,Flexible_Industry_Heat,9361.405089373671,MW
2040-01-17 16:00:00,XY,Flexible_Industry_Heat,9354.005089373672,MW
2040-01-18 17:00:00,XY,Flexible_Industry_Heat,9347.605089373672,MW
2040-01-19 18:00:00,XY,Flexible_Industry_Heat,8665.037982664693,MW
2040-01-20 19:00:00,XY,Flexible_Industry_Heat,4529.200000000399,MW
2040-01-21 20:00:00,XY,Flexible_Industry_Heat,4833.000000000398,MW
2040-01-22 21:00:00,XY,Flexible_Industry_Heat,5443.999999999999,MW
2040-01-23 22:00:00,XY,Flexible_Industry_Heat,9018.552132042842,MW
2040-01-24 23:00:00,XY,Flexible_Industry_Heat,9053.614560574995,MW
2040-01-26 00:00:00,XY,Flexible_Industry_Heat,9328.405089373671,MW
2040-01-27 01:00:00,XY,Flexible_Industry_Heat,9146.005089373672,MW
2040-01-28 02:00:00,XY,Flexible_Industry_Heat,9224.405089373671,MW
2040-01-29 03:00:00,XY,Flexible_Industry_Heat,9309.20508937367,MW
2040-01-30 04:00:00,XY,Flexible_Industry_Heat,9334.80508937367,MW
2040-01-31 05:00:00,XY,Flexible_Industry_Heat,9328.405089373671,MW
2040-02-01 06:00:00,XY,Flexible_Industry_Heat,9322.005089373672,MW
2040-02-02 07:00:00,XY,Flexible_Industry_Heat,9354.005089373672,MW
2040-02-03 08:00:00,XY,Flexible_Industry_Heat,9354.005089373672,MW
2040-02-04 09:00:00,XY,Flexible_Industry_Heat,9354.005089373672,MW
2040-02-05 10:00:00,XY,Flexible_Industry_Heat,10280.57321076104,MW
2040-02-06 11:00:00,XY,Flexible_Industry_Heat,10464.005089373573,MW
2040-02-07 12:00:00,XY,Flexible_Industry_Heat,10464.005089373573,MW
2040-02-08 13:00:00,XY,Flexible_Industry_Heat,10438.4087992737,MW
2040-02-09 14:00:00,XY,Flexible_Industry_Heat,10464.005089373573,MW
2040-02-10 15:00:00,XY,Flexible_Industry_Heat,10464.005089373573,MW
2040-02-11 16:00:00,XY,Flexible_Industry_Heat,9905.587919019841,MW
2040-02-12 17:00:00,XY,Flexible_Industry_Heat,9417.005089373672,MW
2040-02-13 18:00:00,XY,Flexible_Industry_Heat,8669.218210548413,MW
2040-02-14 19:00:00,XY,Flexible_Industry_Heat,8750.539560575018,MW
2040-02-15 20:00:00,XY,Flexible_Industry_Heat,9283.04376861954,MW
2040-02-16 21:00:00,XY,Flexible_Industry_Heat,9354.005089373672,MW
2040-02-17 22:00:00,XY,Flexible_Industry_Heat,9354.005089373672,MW
2040-02-18 23:00:00,XY,Flexible_Industry_Heat,9354.005089373672,MW
2040-02-20 00:00:00,XY,Flexible_Industry_Heat,9354.005089373672,MW
2040-02-21 01:00:00,XY,Flexible_Industry_Heat,9334.80508937367,MW
2040-02-22 02:00:00,XY,Flexible_Industry_Heat,8989.205089373672,MW
2040-02-23 03:00:00,XY,Flexible_Industry_Heat,8507.805089373673,MW
2040-02-24 04:00:00,XY,Flexible_Industry_Heat,8754.005089373672,MW
2040-02-25 05:00:00,XY,Flexible_Industry_Heat,9322.005089373672,MW
2040-02-26 06:00:00,XY,Flexible_Industry_Heat,9354.005089373672,MW
2040-02-27 07:00:00,XY,Flexible_Industry_Heat,9354.005089373672,MW
2040-02-28 08:00:00,XY,Flexible_Industry_Heat,9354.005089373672,MW
2040-02-29 09:00:00,XY,Flexible_Industry_Heat,9347.605089373672,MW
2040-03-01 10:00:00,XY,Flexible_Industry_Heat,9648.906530784185,MW
2040-03-02 11:00:00,XY,Flexible_Industry_Heat,10055.531127797085,MW
2040-03-03 12:00:00,XY,Flexible_Industry_Heat,10464.005089373573,MW
2040-03-04 13:00:00,XY,Flexible_Industry_Heat,10464.005089373573,MW
2040-03-05 14:00:00,XY,Flexible_Industry_Heat,10464.005089373573,MW
2040-03-06 15:00:00,XY,Flexible_Industry_Heat,10028.576647101723,MW
2040-03-07 16:00:00,XY,Flexible_Industry_Heat,9607.605089373523,MW
2040-03-08 17:00:00,XY,Flexible_Industry_Heat,9354.005089373672,MW
2040-03-09 18:00:00,XY,Flexible_Industry_Heat,8829.32206712356,MW
2040-03-10 19:00:00,XY,Flexible_Industry_Heat,8728.699999999999,MW
2040-03-11 20:00:00,XY,Flexible_Industry_Heat,7582.135051585463,MW
2040-03-12 21:00:00,XY,Flexible_Industry_Heat,7742.915837601415,MW
2040-03-13 22:00:00,XY,Flexible_Industry_Heat,6834.341608733584,MW
2040-03-14 23:00:00,XY,Flexible_Industry_Heat,9341.20508937367,MW
2040-03-16 00:00:00,XY,Flexible_Industry_Heat,9328.405089373671,MW
2040-03-17 01:00:00,XY,Flexible_Industry_Heat,9315.605089373672,MW
2040-03-18 02:00:00,XY,Flexible_Industry_Heat,8863.977346077038,MW
2040-03-19 03:00:00,XY,Flexible_Industry_Heat,8885.273249751324,MW
2040-03-20 04:00:00,XY,Flexible_Industry_Heat,9146.005089373672,MW
2040-03-21 05:00:00,XY,Flexible_Industry_Heat,8832.405089373673,MW
2040-03-22 06:00:00,XY,Flexible_Industry_Heat,9315.605089373672,MW
2040-03-23 07:00:00,XY,Flexible_Industry_Heat,9354.005089373672,MW
2040-03-24 08:00:00,XY,Flexible_Industry_Heat,9354.005089373672,MW
2040-03-25 09:00:00,XY,Flexible_Industry_Heat,9354.005089373672,MW
2040-03-26 10:00:00,XY,Flexible_Industry_Heat,9354.005089373672,MW
2040-03-27 11:00:00,XY,Flexible_Industry_Heat,9806.690366125134,MW
2040-03-28 12:00:00,XY,Flexible_Industry_Heat,10373.119239237381,MW
2040-03-29 13:00:00,XY,Flexible_Industry_Heat,10397.174459219224,MW
2040-03-30 14:00:00,XY,Flexible_Industry_Heat,10207.147038043082,MW
2040-03-31 15:00:00,XY,Flexible_Industry_Heat,9354.005089373672,MW
2040-04-01 16:00:00,XY,Flexible_Industry_Heat,9354.005089373672,MW
2040-04-02 17:00:00,XY,Flexible_Industry_Heat,8420.594242104287,MW
2040-04-03 18:00:00,XY,Flexible_Industry_Heat,4000.0000000003997,MW
2040-04-04 19:00:00,XY,Flexible_Industry_Heat,5286.103277054807,MW
2040-04-05 20:00:00,XY,Flexible_Industry_Heat,5696.523733854728,MW
2040-04-06 21:00:00,XY,Flexible_Industry_Heat,4225.4000000004,MW
2040-04-07 22:00:00,XY,Flexible_Industry_Heat,5288.982820250844,MW
2040-04-08 23:00:00,XY,Flexible_Industry_Heat,5316.343396210733,MW
2040-04-10 00:00:00,XY,Flexible_Industry_Heat,7832.500695119853,MW
2040-04-11 01:00:00,XY,Flexible_Industry_Heat,5013.761866926224,MW
2040-04-12 02:00:00,XY,Flexible_Industry_Heat,4560.58172790207,MW
2040-04-13 03:00:00,XY,Flexible_Industry_Heat,4982.033366431876,MW
2040-04-14 04:00:00,XY,Flexible_Industry_Heat,6776.9191658353,MW
2040-04-15 05:00:00,XY,Flexible_Industry_Heat,7680.879245280379,MW
2040-04-16 06:00:00,XY,Flexible_Industry_Heat,4672.097914593065,MW
2040-04-17 07:00:00,XY,Flexible_Industry_Heat,8661.783583524051,MW
2040-04-18 08:00:00,XY,Flexible_Industry_Heat,9334.80508937367,MW
2040-04-19 09:00:00,XY,Flexible_Industry_Heat,9347.605089373672,MW
2040-04-20 10:00:00,XY,Flexible_Industry_Heat,9354.005089373672,MW
2040-04-21 11:00:00,XY,Flexible_Industry_Heat,9354.005089373672,MW
2040-04-22 12:00:00,XY,Flexible_Industry_Heat,9518.407996524998,MW
2040-04-23 13:00:00,XY,Flexible_Industry_Heat,9680.830375084342,MW
2040-04-24 14:00:00,XY,Flexible_Industry_Heat,9354.005089373672,MW
2040-04-25 15:00:00,XY,Flexible_Industry_Heat,9334.80508937367,MW
2040-04-26 16:00:00,XY,Flexible_Industry_Heat,9347.605089373672,MW
2040-04-27 17:00:00,XY,Flexible_Industry_Heat,7411.884937748945,MW
2040-04-28 18:00:00,XY,Flexible_Industry_Heat,4169.964365744145,MW
2040-04-29 19:00:00,XY,Flexible_Industry_Heat,4984.900000000399,MW
2040-04-30 20:00:00,XY,Flexible_Industry_Heat,4681.1000000004,MW
2040-05-01 21:00:00,XY,Flexible_Industry_Heat,3921.6000000003996,MW
2040-05-02 22:00:00,XY,Flexible_Industry_Heat,2353.6000000003996,MW
2040-05-03 23:00:00,XY,Flexible_Industry_Heat,2848.225024820982,MW
2040-05-05 00:00:00,XY,Flexible_Industry_Heat,3018.181330680588,MW
2040-05-06 01:00:00,XY,Flexible_Industry_Heat,5488.0351539197445,MW
2040-05-07 02:00:00,XY,Flexible_Industry_Heat,4116.412115189426,MW
2040-05-08 03:00:00,XY,Flexible_Industry_Heat,3569.232373382147,MW
2040-05-09 04:00:00,XY,Flexible_Industry_Heat,4676.623237333386,MW
2040-05-10 05:00:00,XY,Flexible_Industry_Heat,2368.26335650095,MW
2040-05-11 06:00:00,XY,Flexible_Industry_Heat,3119.401787484348,MW
2040-05-12 07:00:00,XY,Flexible_Industry_Heat,3137.6000000003996,MW
2040-05-13 08:00:00,XY,Flexible_Industry_Heat,7587.087273519176,MW
2040-05-14 09:00:00,XY,Flexible_Industry_Heat,9354.005089373672,MW
2040-05-15 10:00:00,XY,Flexible_Industry_Heat,9354.005089373672,MW
2040-05-16 11:00:00,XY,Flexible_Industry_Heat,9328.405089373671,MW
2040-05-17 12:00:00,XY,Flexible_Industry_Heat,9341.20508937367,MW
2040-05-18 13:00:00,XY,Flexible_Industry_Heat,9354.005089373672,MW
2040-05-19 14:00:00,XY,Flexible_Industry_Heat,9354.005089373672,MW
2040-05-20 15:00:00,XY,Flexible_Industry_Heat,8204.199999999899,MW
2040-05-21 16:00:00,XY,Flexible_Industry_Heat,4321.120879927765,MW
2040-05-22 17:00:00,XY,Flexible_Industry_Heat,3843.2000000003995,MW
2040-05-23 18:00:00,XY,Flexible_Industry_Heat,2353.6000000003996,MW
2040-05-24 19:00:00,XY,Flexible_Industry_Heat,2510.4000000004,MW
2040-05-25 20:00:00,XY,Flexible_Industry_Heat,3921.6000000003996,MW
2040-05-26 21:00:00,XY,Flexible_Industry_Heat,4225.400000000399,MW
2040-05-27 22:00:00,XY,Flexible_Industry_Heat,4833.000000000399,MW
2040-05-28 23:00:00,XY,Flexible_Industry_Heat,3686.4000000003994,MW
2040-05-30 00:00:00,XY,Flexible_Industry_Heat,3971.951142004227,MW
2040-05-31 01:00:00,XY,Flexible_Industry_Heat,3027.3412115160627,MW
2040-06-01 02:00:00,XY,Flexible_Industry_Heat,6038.669116172452,MW
2040-06-02 03:00:00,XY,Flexible_Industry_Heat,8077.6838008899595,MW
2040-06-03 04:00:00,XY,Flexible_Industry_Heat,4641.950943393421,MW
2040-06-04 05:00:00,XY,Flexible_Industry_Heat,4307.929890761819,MW
2040-06-05 06:00:00,XY,Flexible_Industry_Heat,4807.615292944018,MW
2040-06-06 07:00:00,XY,Flexible_Industry_Heat,9354.005089373672,MW
2040-06-07 08:00:00,XY,Flexible_Industry_Heat,8964.430888095614,MW
2040-06-08 09:00:00,XY,Flexible_Industry_Heat,8929.603962870808,MW
2040-06-09 10:00:00,XY,Flexible_Industry_Heat,8437.785220489552,MW
2040-06-10 11:00:00,XY,Flexible_Industry_Heat,9354.005089373672,MW
2040-06-11 12:00:00,XY,Flexible_Industry_Heat,9354.005089373672,MW
2040-06-12 13:00:00,XY,Flexible_Industry_Heat,9354.005089373672,MW
2040-06-13 14:00:00,XY,Flexible_Industry_Heat,9938.814417190275,MW
2040-06-14 15:00:00,XY,Flexible_Industry_Heat,9794.602851485657,MW
2040-06-15 16:00:00,XY,Flexible_Industry_Heat,9334.80508937367,MW
2040-06-16 17:00:00,XY,Flexible_Industry_Heat,8744.164788964392,MW
2040-06-17 18:00:00,XY,Flexible_Industry_Heat,8478.223548464373,MW
2040-06-18 19:00:00,XY,Flexible_Industry_Heat,4509.465703121699,MW
2040-06-19 20:00:00,XY,Flexible_Industry_Heat,4529.200000000399,MW
2040-06-20 21:00:00,XY,Flexible_Industry_Heat,3843.2000000003995,MW
2040-06-21 22:00:00,XY,Flexible_Industry_Heat,2275.2000000004,MW
2040-06-22 23:00:00,XY,Flexible_Industry_Heat,2432.0000000003997,MW
2040-06-24 00:00:00,XY,Flexible_Industry_Heat,3451.2000000003995,MW
2040-06-25 01:00:00,XY,Flexible_Industry_Heat,3166.8784508388226,MW
2040-06-26 02:00:00,XY,Flexible_Industry_Heat,2432.0000000003997,MW
2040-06-27 03:00:00,XY,Flexible_Industry_Heat,1726.4000000003998,MW
2040-06-28 04:00:00,XY,Flexible_Industry_Heat,4079.277457793538,MW
2040-06-29 05:00:00,XY,Flexible_Industry_Heat,6202.605362462018,MW
2040-06-30 06:00:00,XY,Flexible_Industry_Heat,6286.079046672494,MW
2040-07-01 07:00:00,XY,Flexible_Industry_Heat,7901.764846086173,MW
2040-07-02 08:00:00,XY,Flexible_Industry_Heat,8659.810434569354,MW
2040-07-03 09:00:00,XY,Flexible_Industry_Heat,8819.58116656844,MW
2040-07-04 10:00:00,XY,Flexible_Industry_Heat,9354.005089373672,MW
2040-07-05 11:00:00,XY,Flexible_Industry_Heat,9642.005089373923,MW
2040-07-06 12:00:00,XY,Flexible_Industry_Heat,9334.80508937367,MW
2040-07-07 13:00:00,XY,Flexible_Industry_Heat,9478.95121362489,MW
2040-07-08 14:00:00,XY,Flexible_Industry_Heat,9354.005089373672,MW
2040-07-09 15:00:00,XY,Flexible_Industry_Heat,9607.885263342143,MW
2040-07-10 16:00:00,XY,Flexible_Industry_Heat,9354.005089373672,MW
2040-07-11 17:00:00,XY,Flexible_Industry_Heat,9354.005089373672,MW
2040-07-12 18:00:00,XY,Flexible_Industry_Heat,9322.005089373672,MW
2040-07-13 19:00:00,XY,Flexible_Industry_Heat,8858.31981904521,MW
2040-07-14 20:00:00,XY,Flexible_Industry_Heat,4180.819066528409,MW
2040-07-15 21:00:00,XY,Flexible_Industry_Heat,6869.647765628794,MW
2040-07-16 22:00:00,XY,Flexible_Industry_Heat,5262.9315789439615,MW
2040-07-17 23:00:00,XY,Flexible_Industry_Heat,4999.200000000399,MW
2040-07-19 00:00:00,XY,Flexible_Industry_Heat,4630.585700093847,MW
2040-07-20 01:00:00,XY,Flexible_Industry_Heat,7595.050645475567,MW
2040-07-21 02:00:00,XY,Flexible_Industry_Heat,8605.081578946718,MW
2040-07-22 03:00:00,XY,Flexible_Industry_Heat,8857.205263157244,MW
2040-07-23 04:00:00,XY,Flexible_Industry_Heat,8597.312711023906,MW
2040-07-24 05:00:00,XY,Flexible_Industry_Heat,8376.540230885137,MW
2040-07-25 06:00:00,XY,Flexible_Industry_Heat,7987.447467725222,MW
2040-07-26 07:00:00,XY,Flexible_Industry_Heat,8462.365193643169,MW
2040-07-27 08:00:00,XY,Flexible_Industry_Heat,6999.666719615933,MW
2040-07-28 09:00:00,XY,Flexible_Industry_Heat,8511.807136685638,MW
2040-07-29 10:00:00,XY,Flexible_Industry_Heat,9354.005089373672,MW
2040-07-30 11:00:00,XY,Flexible_Industry_Heat,9354.005089373672,MW
2040-07-31 12:00:00,XY,Flexible_Industry_Heat,10464.005089373573,MW
2040-08-01 13:00:00,XY,Flexible_Industry_Heat,10464.005089373573,MW
2040-08-02 14:00:00,XY,Flexible_Industry_Heat,10432.005089373573,MW
2040-08-03 15:00:00,XY,Flexible_Industry_Heat,9454.566497451773,MW
2040-08-04 16:00:00,XY,Flexible_Industry_Heat,9275.306694126402,MW
2040-08-05 17:00:00,XY,Flexible_Industry_Heat,9110.714755614086,MW
2040-08-06 18:00:00,XY,Flexible_Industry_Heat,8626.676079993103,MW
2040-08-07 19:00:00,XY,Flexible_Industry_Heat,7266.13494009995,MW
2040-08-08 20:00:00,XY,Flexible_Industry_Heat,4551.726315786115,MW
2040-08-09 21:00:00,XY,Flexible_Industry_Heat,8591.913157894094,MW
2040-08-10 22:00:00,XY,Flexible_Industry_Heat,7208.819662356243,MW
2040-08-11 23:00:00,XY,Flexible_Industry_Heat,7108.526712997158,MW
2040-08-13 00:00:00,XY,Flexible_Industry_Heat,4065.912214507209,MW
2040-08-14 01:00:00,XY,Flexible_Industry_Heat,6600.88043693585,MW
2040-08-15 02:00:00,XY,Flexible_Industry_Heat,8754.778984610371,MW
2040-08-16 03:00:00,XY,Flexible_Industry_Heat,8674.805089373673,MW
2040-08-17 04:00:00,XY,Flexible_Industry_Heat,8173.805089373673,MW
2040-08-18 05:00:00,XY,Flexible_Industry_Heat,7968.020860224892,MW
2040-08-19 06:00:00,XY,Flexible_Industry_Heat,5981.909433958104,MW
2040-08-20 07:00:00,XY,Flexible_Industry_Heat,6712.0371400173,MW
2040-08-21 08:00:00,XY,Flexible_Industry_Heat,7918.557972985958,MW
2040-08-22 09:00:00,XY,Flexible_Industry_Heat,8948.781893243293,MW
2040-08-23 10:00:00,XY,Flexible_Industry_Heat,9322.005089373672,MW
2040-08-24 11:00:00,XY,Flexible_Industry_Heat,9656.487293319491,MW
2040-08-25 12:00:00,XY,Flexible_Industry_Heat,9952.059471450199,MW
2040-08-26 13:00:00,XY,Flexible_Industry_Heat,10252.111221732346,MW
2040-08-27 14:00:00,XY,Flexible_Industry_Heat,9948.016193277695,MW
2040-08-28 15:00:00,XY,Flexible_Industry_Heat,9354.005089373672,MW
2040-08-29 16:00:00,XY,Flexible_Industry_Heat,8801.892620489984,MW
2040-08-30 17:00:00,XY,Flexible_Industry_Heat,9322.005089373672,MW
2040-08-31 18:00:00,XY,Flexible_Industry_Heat,9220.11289144518,MW
2040-09-01 19:00:00,XY,Flexible_Industry_Heat,3843.2000000003995,MW
2040-09-02 20:00:00,XY,Flexible_Industry_Heat,5441.960575959921,MW
2040-09-03 21:00:00,XY,Flexible_Industry_Heat,4681.1000000004,MW
2040-09-04 22:00:00,XY,Flexible_Industry_Heat,4377.300000000399,MW
2040-09-05 23:00:00,XY,Flexible_Industry_Heat,7464.6736842103155,MW
2040-09-07 00:00:00,XY,Flexible_Industry_Heat,7828.186295921568,MW
2040-09-08 01:00:00,XY,Flexible_Industry_Heat,7838.689374376492,MW
2040-09-09 02:00:00,XY,Flexible_Industry_Heat,8506.426812313035,MW
2040-09-10 03:00:00,XY,Flexible_Industry_Heat,8506.089895732062,MW
2040-09-11 04:00:00,XY,Flexible_Industry_Heat,8806.844066535852,MW
2040-09-12 05:00:00,XY,Flexible_Industry_Heat,7155.025620652978,MW
2040-09-13 06:00:00,XY,Flexible_Industry_Heat,8308.114939172261,MW
2040-09-14 07:00:00,XY,Flexible_Industry_Heat,8495.28733862883,MW
2040-09-15 08:00:00,XY,Flexible_Industry_Heat,9169.222900665387,MW
2040-09-16 09:00:00,XY,Flexible_Industry_Heat,9350.119492199743,MW
2040-09-17 10:00:00,XY,Flexible_Industry_Heat,9354.005089373672,MW
2040-09-18 11:00:00,XY,Flexible_Industry_Heat,9354.005089373672,MW
2040-09-19 12:00:00,XY,Flexible_Industry_Heat,9354.005089373672,MW
2040-09-20 13:00:00,XY,Flexible_Industry_Heat,9322.005089373672,MW
2040-09-21 14:00:00,XY,Flexible_Industry_Heat,9334.80508937367,MW
2040-09-22 15:00:00,XY,Flexible_Industry_Heat,8568.73739595324,MW
2040-09-23 16:00:00,XY,Flexible_Industry_Heat,8836.422368222924,MW
2040-09-24 17:00:00,XY,Flexible_Industry_Heat,8668.01760181367,MW
2040-09-25 18:00:00,XY,Flexible_Industry_Heat,4235.200000000399,MW
2040-09-26 19:00:00,XY,Flexible_Industry_Heat,3764.8000000003995,MW
2040-09-27 20:00:00,XY,Flexible_Industry_Heat,2275.2000000004,MW
2040-09-28 21:00:00,XY,Flexible_Industry_Heat,3503.32115193578,MW
2040-09-29 22:00:00,XY,Flexible_Industry_Heat,3843.2000000003995,MW
2040-09-30 23:00:00,XY,Flexible_Industry_Heat,4073.5000000003997,MW
2040-10-02 00:00:00,XY,Flexible_Industry_Heat,6589.190863947191,MW
2040-10-03 01:00:00,XY,Flexible_Industry_Heat,7944.032571992993,MW
2040-10-04 02:00:00,XY,Flexible_Industry_Heat,8858.201402680243,MW
2040-10-05 03:00:00,XY,Flexible_Industry_Heat,8026.148473186808,MW
2040-10-06 04:00:00,XY,Flexible_Industry_Heat,8340.805089373673,MW
2040-10-07 05:00:00,XY,Flexible_Industry_Heat,8910.805089373673,MW
2040-10-08 06:00:00,XY,Flexible_Industry_Heat,9043.859260178411,MW
2040-10-09 07:00:00,XY,Flexible_Industry_Heat,7687.108043691466,MW
2040-10-10 08:00:00,XY,Flexible_Industry_Heat,9002.32019857668,MW
2040-10-11 09:00:00,XY,Flexible_Industry_Heat,9328.405089373671,MW
2040-10-12 10:00:00,XY,Flexible_Industry_Heat,9341.20508937367,MW
2040-10-13 11:00:00,XY,Flexible_Industry_Heat,9354.005089373672,MW
2040-10-14 12:00:00,XY,Flexible_Industry_Heat,9354.005089373672,MW
2040-10-15 13:00:00,XY,Flexible_Industry_Heat,9354.005089373672,MW
2040-10-16 14:00:00,XY,Flexible_Industry_Heat,9354.005089373672,MW
2040-10-17 15:00:00,XY,Flexible_Industry_Heat,9354.005089373672,MW
2040-10-18 16:00:00,XY,Flexible_Industry_Heat,9328.405089373671,MW
2040-10-19 17:00:00,XY,Flexible_Industry_Heat,9280.072884821615,MW
2040-10-20 18:00:00,XY,Flexible_Industry_Heat,3921.6000000003996,MW
2040-10-21 19:00:00,XY,Flexible_Industry_Heat,4225.4000000004,MW
2040-10-22 20:00:00,XY,Flexible_Industry_Heat,4833.000000000399,MW
2040-10-23 21:00:00,XY,Flexible_Industry_Heat,4605.551539221386,MW
2040-10-24 22:00:00,XY,Flexible_Industry_Heat,7340.164250258413,MW
2040-10-25 23:00:00,XY,Flexible_Industry_Heat,8737.598994537673,MW
2040-10-27 00:00:00,XY,Flexible_Industry_Heat,9232.972864944622,MW
2040-10-28 01:00:00,XY,Flexible_Industry_Heat,8660.31565292897,MW
2040-10-29 02:00:00,XY,Flexible_Industry_Heat,9322.005089373672,MW
2040-10-30 03:00:00,XY,Flexible_Industry_Heat,9309.20508937367,MW
2040-10-31 04:00:00,XY,Flexible_Industry_Heat,8832.405089373673,MW
2040-11-01 05:00:00,XY,Flexible_Industry_Heat,8257.305089373673,MW
2040-11-02 06:00:00,XY,Flexible_Industry_Heat,8754.005089373672,MW
2040-11-03 07:00:00,XY,Flexible_Industry_Heat,8817.275124130292,MW
2040-11-04 08:00:00,XY,Flexible_Industry_Heat,8882.612576470261,MW
2040-11-05 09:00:00,XY,Flexible_Industry_Heat,8651.343878793808,MW
2040-11-06 10:00:00,XY,Flexible_Industry_Heat,9354.005089373672,MW
2040-11-07 11:00:00,XY,Flexible_Industry_Heat,9354.005089373672,MW
2040-11-08 12:00:00,XY,Flexible_Industry_Heat,10438.405089373573,MW
2040-11-09 13:00:00,XY,Flexible_Industry_Heat,10451.205089373572,MW
2040-11-10 14:00:00,XY,Flexible_Industry_Heat,9970.96885299006,MW
2040-11-11 15:00:00,XY,Flexible_Industry_Heat,9354.005089373672,MW
2040-11-12 16:00:00,XY,Flexible_Industry_Heat,9354.005089373672,MW
2040-11-13 17:00:00,XY,Flexible_Industry_Heat,9354.005089373672,MW
2040-11-14 18:00:00,XY,Flexible_Industry_Heat,8425.838122420058,MW
2040-11-15 19:00:00,XY,Flexible_Industry_Heat,7788.83872888066,MW
2040-11-16 20:00:00,XY,Flexible_Industry_Heat,8818.24677259057,MW
2040-11-17 21:00:00,XY,Flexible_Industry_Heat,3921.6000000003996,MW
2040-11-18 22:00:00,XY,Flexible_Industry_Heat,8731.584893244059,MW
2040-11-19 23:00:00,XY,Flexible_Industry_Heat,9321.515454320568,MW
2040-11-21 00:00:00,XY,Flexible_Industry_Heat,8943.538468221894,MW
2040-11-22 01:00:00,XY,Flexible_Industry_Heat,8409.058627109527,MW
2040-11-23 02:00:00,XY,Flexible_Industry_Heat,8832.405089373673,MW
2040-11-24 03:00:00,XY,Flexible_Industry_Heat,8591.305089373673,MW
2040-11-25 04:00:00,XY,Flexible_Industry_Heat,8832.405089373673,MW
2040-11-26 05:00:00,XY,Flexible_Industry_Heat,9302.80508937367,MW
2040-11-27 06:00:00,XY,Flexible_Industry_Heat,9033.66569016775,MW
2040-11-28 07:00:00,XY,Flexible_Industry_Heat,9326.733465736874,MW
2040-11-29 08:00:00,XY,Flexible_Industry_Heat,9328.405089373671,MW
2040-11-30 09:00:00,XY,Flexible_Industry_Heat,9347.605089373672,MW
2040-12-01 10:00:00,XY,Flexible_Industry_Heat,9354.005089373672,MW
2040-12-02 11:00:00,XY,Flexible_Industry_Heat,9354.005089373672,MW
2040-12-03 12:00:00,XY,Flexible_Industry_Heat,10273.626455943058,MW
2040-12-04 13:00:00,XY,Flexible_Industry_Heat,10464.005089373573,MW
2040-12-05 14:00:00,XY,Flexible_Industry_Heat,10150.099862948096,MW
2040-12-06 15:00:00,XY,Flexible_Industry_Heat,9511.50746704194,MW
2040-12-07 16:00:00,XY,Flexible_Industry_Heat,9347.605089373672,MW
2040-12-08 17:00:00,XY,Flexible_Industry_Heat,8651.213645484539,MW
2040-12-09 18:00:00,XY,Flexible_Industry_Heat,8287.932022445528,MW
2040-12-10 19:00:00,XY,Flexible_Industry_Heat,6382.807835140858,MW
2040-12-11 20:00:00,XY,Flexible_Industry_Heat,6813.761195636364,MW
2040-12-12 21:00:00,XY,Flexible_Industry_Heat,9354.005089373672,MW
2040-12-13 22:00:00,XY,Flexible_Industry_Heat,9128.062562064244,MW
2040-12-14 23:00:00,XY,Flexible_Industry_Heat,9347.605089373672,MW
2040-12-16 00:00:00,XY,Flexible_Industry_Heat,9354.005089373672,MW
2040-12-17 01:00:00,XY,Flexible_Industry_Heat,9354.005089373672,MW
2040-12-18 02:00:00,XY,Flexible_Industry_Heat,9347.605089373672,MW
2040-12-19 03:00:00,XY,Flexible_Industry_Heat,9062.383999502608,MW
2040-12-20 04:00:00,XY,Flexible_Industry_Heat,8612.337835153317,MW
2040-12-21 05:00:00,XY,Flexible_Industry_Heat,8243.747554617104,MW
2040-12-22 06:00:00,XY,Flexible_Industry_Heat,8580.943061071717,MW
2040-12-23 07:00:00,XY,Flexible_Industry_Heat,8512.762990689489,MW
2040-12-24 08:00:00,XY,Flexible_Industry_Heat,8689.345231064946,MW
2040-12-25 09:00:00,XY,Flexible_Industry_Heat,8974.95106080163,MW
2040-12-26 10:00:00,XY,Flexible_Industry_Heat,9354.005089373672,MW
2040-12-27 11:00:00,XY,Flexible_Industry_Heat,9334.80508937367,MW
2040-12-28 12:00:00,XY,Flexible_Industry_Heat,10457.605089373574,MW
2040-12-29 13:00:00,XY,Flexible_Industry_Heat,10245.872095893512,MW
2040-12-30 14:00:00,XY,Flexible_Industry_Heat,10464.005089373573,MW
2040-12-31 15:00:00,XY,Flexible_Industry_Heat,9354.005089373672,MW
2040-01-01 00:00:00,XY,Flexible_EV_Charging,85.76842105265737,MW
2040-01-02 01:00:00,XY,Flexible_EV_Charging,86.31578947375,MW
2040-01-03 02:00:00,XY,Flexible_EV_Charging,88.42105263165001,MW
2040-01-04 03:00:00,XY,Flexible_EV_Charging,94.73684210535,MW
2040-01-05 04:00:00,XY,Flexible_EV_Charging,94.73684210535,MW
2040-01-06 05:00:00,XY,Flexible_EV_Charging,90.52631578955001,MW
2040-01-07 06:00:00,XY,Flexible_EV_Charging,92.63157894745001,MW
2040-01-08 07:00:00,XY,Flexible_EV_Charging,53.68421052638,MW
2040-01-09 08:00:00,XY,Flexible_EV_Charging,50.52631578952,MW
2040-01-10 09:00:00,XY,Flexible_EV_Charging,49.473684210550005,MW
2040-01-11 10:00:00,XY,Flexible_EV_Charging,50.52631578952,MW
2040-01-12 11:00:00,XY,Flexible_EV_Charging,50.52631578952,MW
2040-01-13 12:00:00,XY,Flexible_EV_Charging,45.26315789475,MW
2040-01-14 13:00:00,XY,Flexible_EV_Charging,49.473684210550005,MW
2040-01-15 14:00:00,XY,Flexible_EV_Charging,43.15789473685,MW
2040-01-16 15:00:00,XY,Flexible_EV_Charging,40.00000000003,MW
2040-01-17 16:00:00,XY,Flexible_EV_Charging,32.63157894738,MW
2040-01-18 17:00:00,XY,Flexible_EV_Charging,27.36842105265,MW
2040-01-19 18:00:00,XY,Flexible_EV_Charging,12.631578947381001,MW
2040-01-20 19:00:00,XY,Flexible_EV_Charging,44.21052631583,MW
2040-01-21 20:00:00,XY,Flexible_EV_Charging,42.10526315792,MW
2040-01-22 21:00:00,XY,Flexible_EV_Charging,58.94736842110001,MW
2040-01-23 22:00:00,XY,Flexible_EV_Charging,65.26315789478,MW
2040-01-24 23:00:00,XY,Flexible_EV_Charging,71.57894736847,MW
2040-01-26 00:00:00,XY,Flexible_EV_Charging,76.84210526321999,MW
2040-01-27 01:00:00,XY,Flexible_EV_Charging,76.84210526321999,MW
2040-01-28 02:00:00,XY,Flexible_EV_Charging,85.26315789481,MW
2040-01-29 03:00:00,XY,Flexible_EV_Charging,92.63157894745001,MW
2040-01-30 04:00:00,XY,Flexible_EV_Charging,95.78947368429002,MW
2040-01-31 05:00:00,XY,Flexible_EV_Charging,89.47368421058,MW
2040-02-01 06:00:00,XY,Flexible_EV_Charging,75.78947368426,MW
2040-02-02 07:00:00,XY,Flexible_EV_Charging,62.10526315792,MW
2040-02-03 08:00:00,XY,Flexible_EV_Charging,77.89473684217,MW
2040-02-04 09:00:00,XY,Flexible_EV_Charging,85.26315789481,MW
2040-02-05 10:00:00,XY,Flexible_EV_Charging,44.21052631583,MW
2040-02-06 11:00:00,XY,Flexible_EV_Charging,49.473684210550005,MW
2040-02-07 12:00:00,XY,Flexible_EV_Charging,48.421052631609996,MW
2040-02-08 13:00:00,XY,Flexible_EV_Charging,43.15789473685,MW
2040-02-09 14:00:00,XY,Flexible_EV_Charging,20.000000000030003,MW
2040-02-10 15:00:00,XY,Flexible_EV_Charging,27.36842105265,MW
2040-02-11 16:00:00,XY,Flexible_EV_Charging,38.94736842107,MW
2040-02-12 17:00:00,XY,Flexible_EV_Charging,33.68421052635,MW
2040-02-13 18:00:00,XY,Flexible_EV_Charging,28.421052631610003,MW
2040-02-14 19:00:00,XY,Flexible_EV_Charging,31.57894736844,MW
2040-02-15 20:00:00,XY,Flexible_EV_Charging,42.10526315792,MW
2040-02-16 21:00:00,XY,Flexible_EV_Charging,40.00000000003,MW
2040-02-17 22:00:00,XY,Flexible_EV_Charging,60.00000000003,MW
2040-02-18 23:00:00,XY,Flexible_EV_Charging,66.31578947372,MW
2040-02-20 00:00:00,XY,Flexible_EV_Charging,82.10526315795,MW
2040-02-21 01:00:00,XY,Flexible_EV_Charging,86.31578947375,MW
2040-02-22 02:00:00,XY,Flexible_EV_Charging,90.52631578955001,MW
2040-02-23 03:00:00,XY,Flexible_EV_Charging,92.63157894745001,MW
2040-02-24 04:00:00,XY,Flexible_EV_Charging,88.42105263165001,MW
2040-02-25 05:00:00,XY,Flexible_EV_Charging,93.68421052641,MW
2040-02-26 06:00:00,XY,Flexible_EV_Charging,70.52631578955999,MW
2040-02-27 07:00:00,XY,Flexible_EV_Charging,58.94736842110001,MW
2040-02-28 08:00:00,XY,Flexible_EV_Charging,49.473684210550005,MW
2040-02-29 09:00:00,XY,Flexible_EV_Charging,47.368421052680006,MW
2040-03-01 10:00:00,XY,Flexible_EV_Charging,50.52631578952,MW
2040-03-02 11:00:00,XY,Flexible_EV_Charging,44.21052631583,MW
2040-03-03 12:00:00,XY,Flexible_EV_Charging,50.52631578952,MW
2040-03-04 13:00:00,XY,Flexible_EV_Charging,44.21052631583,MW
2040-03-05 14:00:00,XY,Flexible_EV_Charging,44.21052631583,MW
2040-03-06 15:00:00,XY,Flexible_EV_Charging,35.78947368423,MW
2040-03-07 16:00:00,XY,Flexible_EV_Charging,25.263157894749998,MW
2040-03-08 17:00:00,XY,Flexible_EV_Charging,7.368421052638,MW
2040-03-09 18:00:00,XY,Flexible_EV_Charging,28.421052631610003,MW
2040-03-10 19:00:00,XY,Flexible_EV_Charging,25.263157894749998,MW
2040-03-11 20:00:00,XY,Flexible_EV_Charging,46.31578947372001,MW
2040-03-12 21:00:00,XY,Flexible_EV_Charging,54.736842105310004,MW
2040-03-13 22:00:00,XY,Flexible_EV_Charging,61.052631578989995,MW
2040-03-14 23:00:00,XY,Flexible_EV_Charging,66.31578947372,MW
2040-03-16 00:00:00,XY,Flexible_EV_Charging,69.47368421058,MW
2040-03-17 01:00:00,XY,Flexible_EV_Charging,80.00000000006,MW
2040-03-18 02:00:00,XY,Flexible_EV_Charging,88.42105263165001,MW
2040-03-19 03:00:00,XY,Flexible_EV_Charging,94.73684210535,MW
2040-03-20 04:00:00,XY,Flexible_EV_Charging,94.73684210535,MW
2040-03-21 05:00:00,XY,Flexible_EV_Charging,88.42105263165001,MW
2040-03-22 06:00:00,XY,Flexible_EV_Charging,75.78947368426,MW
2040-03-23 07:00:00,XY,Flexible_EV_Charging,76.84210526321999,MW
2040-03-24 08:00:00,XY,Flexible_EV_Charging,87.36842105266999,MW
2040-03-25 09:00:00,XY,Flexible_EV_Charging,43.15789473685,MW
2040-03-26 10:00:00,XY,Flexible_EV_Charging,47.368421052680006,MW
2040-03-27 11:00:00,XY,Flexible_EV_Charging,45.26315789475,MW
2040-03-28 12:00:00,XY,Flexible_EV_Charging,34.7368421053,MW
2040-03-29 13:00:00,XY,Flexible_EV_Charging,17.894736842141,MW
2040-03-30 14:00:00,XY,Flexible_EV_Charging,24.210526315830002,MW
2040-03-31 15:00:00,XY,Flexible_EV_Charging,31.57894736844,MW
2040-04-01 16:00:00,XY,Flexible_EV_Charging,4.210526315792,MW
2040-04-02 17:00:00,XY,Flexible_EV_Charging,15.789473684207,MW
2040-04-03 18:00:00,XY,Flexible_EV_Charging,21.05263157897,MW
2040-04-04 19:00:00,XY,Flexible_EV_Charging,25.263157894749998,MW
2040-04-05 20:00:00,XY,Flexible_EV_Charging,26.31578947368,MW
2040-04-06 21:00:00,XY,Flexible_EV_Charging,45.26315789475,MW
2040-04-07 22:00:00,XY,Flexible_EV_Charging,44.21052631583,MW
2040-04-08 23:00:00,XY,Flexible_EV_Charging,71.57894736847,MW
2040-04-10 00:00:00,XY,Flexible_EV_Charging,78.94736842110001,MW
2040-04-11 01:00:00,XY,Flexible_EV_Charging,83.15789473691,MW
2040-04-12 02:00:00,XY,Flexible_EV_Charging,87.36842105266999,MW
2040-04-13 03:00:00,XY,Flexible_EV_Charging,87.36842105266999,MW
2040-04-14 04:00:00,XY,Flexible_EV_Charging,90.52631578955001,MW
2040-04-15 05:00:00,XY,Flexible_EV_Charging,83.15789473691,MW
2040-04-16 06:00:00,XY,Flexible_EV_Charging,73.68421052638,MW
2040-04-17 07:00:00,XY,Flexible_EV_Charging,55.789473684259995,MW
2040-04-18 08:00:00,XY,Flexible_EV_Charging,46.31578947372001,MW
2040-04-19 09:00:00,XY,Flexible_EV_Charging,47.368421052680006,MW
2040-04-20 10:00:00,XY,Flexible_EV_Charging,51.578947368440005,MW
2040-04-21 11:00:00,XY,Flexible_EV_Charging,54.736842105310004,MW
2040-04-22 12:00:00,XY,Flexible_EV_Charging,40.00000000003,MW
2040-04-23 13:00:00,XY,Flexible_EV_Charging,44.21052631583,MW
2040-04-24 14:00:00,XY,Flexible_EV_Charging,37.89473684214,MW
2040-04-25 15:00:00,XY,Flexible_EV_Charging,28.421052631610003,MW
2040-04-26 16:00:00,XY,Flexible_EV_Charging,3.1578947368440002,MW
2040-04-27 17:00:00,XY,Flexible_EV_Charging,22.10526315789,MW
2040-04-28 18:00:00,XY,Flexible_EV_Charging,23.157894736850004,MW
2040-04-29 19:00:00,XY,Flexible_EV_Charging,33.68421052635,MW
2040-04-30 20:00:00,XY,Flexible_EV_Charging,37.89473684214,MW
2040-05-01 21:00:00,XY,Flexible_EV_Charging,51.578947368440005,MW
2040-05-02 22:00:00,XY,Flexible_EV_Charging,56.84210526322,MW
2040-05-03 23:00:00,XY,Flexible_EV_Charging,56.84210526322,MW
2040-05-05 00:00:00,XY,Flexible_EV_Charging,69.47368421058,MW
2040-05-06 01:00:00,XY,Flexible_EV_Charging,77.89473684217,MW
2040-05-07 02:00:00,XY,Flexible_EV_Charging,90.52631578955001,MW
2040-05-08 03:00:00,XY,Flexible_EV_Charging,92.63157894745001,MW
2040-05-09 04:00:00,XY,Flexible_EV_Charging,86.31578947375,MW
2040-05-10 05:00:00,XY,Flexible_EV_Charging,92.63157894745001,MW
2040-05-11 06:00:00,XY,Flexible_EV_Charging,90.52631578955001,MW
2040-05-12 07:00:00,XY,Flexible_EV_Charging,89.47368421058,MW
2040-05-13 08:00:00,XY,Flexible_EV_Charging,40.00000000003,MW
2040-05-14 09:00:00,XY,Flexible_EV_Charging,43.15789473685,MW
2040-05-15 10:00:00,XY,Flexible_EV_Charging,45.26315789475,MW
2040-05-16 11:00:00,XY,Flexible_EV_Charging,44.21052631583,MW
2040-05-17 12:00:00,XY,Flexible_EV_Charging,30.526315789479998,MW
2040-05-18 13:00:00,XY,Flexible_EV_Charging,22.10526315789,MW
2040-05-19 14:00:00,XY,Flexible_EV_Charging,32.63157894738,MW
2040-05-20 15:00:00,XY,Flexible_EV_Charging,23.157894736850004,MW
2040-05-21 16:00:00,XY,Flexible_EV_Charging,24.210526315830002,MW
2040-05-22 17:00:00,XY,Flexible_EV_Charging,23.157894736850004,MW
2040-05-23 18:00:00,XY,Flexible_EV_Charging,18.947368421076,MW
2040-05-24 19:00:00,XY,Flexible_EV_Charging,17.894736842141,MW
2040-05-25 20:00:00,XY,Flexible_EV_Charging,44.21052631583,MW
2040-05-26 21:00:00,XY,Flexible_EV_Charging,41.052631579,MW
2040-05-27 22:00:00,XY,Flexible_EV_Charging,64.21052631582,MW
2040-05-28 23:00:00,XY,Flexible_EV_Charging,70.52631578955999,MW
2040-05-30 00:00:00,XY,Flexible_EV_Charging,65.26315789478,MW
2040-05-31 01:00:00,XY,Flexible_EV_Charging,83.15789473691,MW
2040-06-01 02:00:00,XY,Flexible_EV_Charging,82.10526315795,MW
2040-06-02 03:00:00,XY,Flexible_EV_Charging,85.26315789481,MW
2040-06-03 04:00:00,XY,Flexible_EV_Charging,86.31578947375,MW
2040-06-04 05:00:00,XY,Flexible_EV_Charging,88.42105263165001,MW
2040-06-05 06:00:00,XY,Flexible_EV_Charging,73.68421052638,MW
2040-06-06 07:00:00,XY,Flexible_EV_Charging,46.31578947372001,MW
2040-06-07 08:00:00,XY,Flexible_EV_Charging,56.84210526322,MW
2040-06-08 09:00:00,XY,Flexible_EV_Charging,51.578947368440005,MW
2040-06-09 10:00:00,XY,Flexible_EV_Charging,61.052631578989995,MW
2040-06-10 11:00:00,XY,Flexible_EV_Charging,63.15789473688,MW
2040-06-11 12:00:00,XY,Flexible_EV_Charging,41.052631579,MW
2040-06-12 13:00:00,XY,Flexible_EV_Charging,46.31578947372001,MW
2040-06-13 14:00:00,XY,Flexible_EV_Charging,42.10526315792,MW
2040-06-14 15:00:00,XY,Flexible_EV_Charging,35.78947368423,MW
2040-06-15 16:00:00,XY,Flexible_EV_Charging,11.578947368442002,MW
2040-06-16 17:00:00,XY,Flexible_EV_Charging,26.31578947368,MW
2040-06-17 18:00:00,XY,Flexible_EV_Charging,18.947368421076,MW
2040-06-18 19:00:00,XY,Flexible_EV_Charging,25.263157894749998,MW
2040-06-19 20:00:00,XY,Flexible_EV_Charging,31.57894736844,MW
2040-06-20 21:00:00,XY,Flexible_EV_Charging,40.00000000003,MW
2040-06-21 22:00:00,XY,Flexible_EV_Charging,44.21052631583,MW
2040-06-22 23:00:00,XY,Flexible_EV_Charging,45.26315789475,MW
2040-06-24 00:00:00,XY,Flexible_EV_Charging,66.31578947372,MW
2040-06-25 01:00:00,XY,Flexible_EV_Charging,67.36842105267999,MW
2040-06-26 02:00:00,XY,Flexible_EV_Charging,85.26315789481,MW
2040-06-27 03:00:00,XY,Flexible_EV_Charging,89.47368421058,MW
2040-06-28 04:00:00,XY,Flexible_EV_Charging,92.63157894745001,MW
2040-06-29 05:00:00,XY,Flexible_EV_Charging,91.57894736847,MW
2040-06-30 06:00:00,XY,Flexible_EV_Charging,84.21052631585,MW
2040-07-01 07:00:00,XY,Flexible_EV_Charging,87.36842105266999,MW
2040-07-02 08:00:00,XY,Flexible_EV_Charging,51.578947368440005,MW
2040-07-03 09:00:00,XY,Flexible_EV_Charging,50.52631578952,MW
2040-07-04 10:00:00,XY,Flexible_EV_Charging,47.368421052680006,MW
2040-07-05 11:00:00,XY,Flexible_EV_Charging,45.26315789475,MW
2040-07-06 12:00:00,XY,Flexible_EV_Charging,41.052631579,MW
2040-07-07 13:00:00,XY,Flexible_EV_Charging,29.47368421055,MW
2040-07-08 14:00:00,XY,Flexible_EV_Charging,29.47368421055,MW
2040-07-09 15:00:00,XY,Flexible_EV_Charging,36.84210526319,MW
2040-07-10 16:00:00,XY,Flexible_EV_Charging,34.7368421053,MW
2040-07-11 17:00:00,XY,Flexible_EV_Charging,26.31578947368,MW
2040-07-12 18:00:00,XY,Flexible_EV_Charging,17.894736842141,MW
2040-07-13 19:00:00,XY,Flexible_EV_Charging,8.421052631585,MW
2040-07-14 20:00:00,XY,Flexible_EV_Charging,33.68421052635,MW
2040-07-15 21:00:00,XY,Flexible_EV_Charging,28.421052631610003,MW
2040-07-16 22:00:00,XY,Flexible_EV_Charging,52.631578947410006,MW
2040-07-17 23:00:00,XY,Flexible_EV_Charging,60.00000000003,MW
2040-07-19 00:00:00,XY,Flexible_EV_Charging,66.31578947372,MW
2040-07-20 01:00:00,XY,Flexible_EV_Charging,70.52631578955999,MW
2040-07-21 02:00:00,XY,Flexible_EV_Charging,67.36842105267999,MW
2040-07-22 03:00:00,XY,Flexible_EV_Charging,77.89473684217,MW
2040-07-23 04:00:00,XY,Flexible_EV_Charging,84.21052631585,MW
2040-07-24 05:00:00,XY,Flexible_EV_Charging,92.63157894745001,MW
2040-07-25 06:00:00,XY,Flexible_EV_Charging,87.36842105266999,MW
2040-07-26 07:00:00,XY,Flexible_EV_Charging,73.68421052638,MW
2040-07-27 08:00:00,XY,Flexible_EV_Charging,61.052631578989995,MW
2040-07-28 09:00:00,XY,Flexible_EV_Charging,64.21052631582,MW
2040-07-29 10:00:00,XY,Flexible_EV_Charging,67.36842105267999,MW
2040-07-30 11:00:00,XY,Flexible_EV_Charging,40.00000000003,MW
2040-07-31 12:00:00,XY,Flexible_EV_Charging,44.21052631583,MW
2040-08-01 13:00:00,XY,Flexible_EV_Charging,41.052631579,MW
2040-08-02 14:00:00,XY,Flexible_EV_Charging,37.89473684214,MW
2040-08-03 15:00:00,XY,Flexible_EV_Charging,18.947368421076,MW
2040-08-04 16:00:00,XY,Flexible_EV_Charging,20.000000000030003,MW
2040-08-05 17:00:00,XY,Flexible_EV_Charging,14.736842105278,MW
2040-08-06 18:00:00,XY,Flexible_EV_Charging,23.157894736850004,MW
2040-08-07 19:00:00,XY,Flexible_EV_Charging,26.31578947368,MW
2040-08-08 20:00:00,XY,Flexible_EV_Charging,30.526315789479998,MW
2040-08-09 21:00:00,XY,Flexible_EV_Charging,34.7368421053,MW
2040-08-10 22:00:00,XY,Flexible_EV_Charging,30.526315789479998,MW
2040-08-11 23:00:00,XY,Flexible_EV_Charging,50.52631578952,MW
2040-08-13 00:00:00,XY,Flexible_EV_Charging,52.631578947410006,MW
2040-08-14 01:00:00,XY,Flexible_EV_Charging,76.84210526321999,MW
2040-08-15 02:00:00,XY,Flexible_EV_Charging,82.10526315795,MW
2040-08-16 03:00:00,XY,Flexible_EV_Charging,87.36842105266999,MW
2040-08-17 04:00:00,XY,Flexible_EV_Charging,89.47368421058,MW
2040-08-18 05:00:00,XY,Flexible_EV_Charging,85.26315789481,MW
2040-08-19 06:00:00,XY,Flexible_EV_Charging,87.36842105266999,MW
2040-08-20 07:00:00,XY,Flexible_EV_Charging,67.36842105267999,MW
2040-08-21 08:00:00,XY,Flexible_EV_Charging,57.89473684217,MW
2040-08-22 09:00:00,XY,Flexible_EV_Charging,49.473684210550005,MW
2040-08-23 10:00:00,XY,Flexible_EV_Charging,45.26315789475,MW
2040-08-24 11:00:00,XY,Flexible_EV_Charging,44.21052631583,MW
2040-08-25 12:00:00,XY,Flexible_EV_Charging,34.7368421053,MW
2040-08-26 13:00:00,XY,Flexible_EV_Charging,33.68421052635,MW
2040-08-27 14:00:00,XY,Flexible_EV_Charging,37.89473684214,MW
2040-08-28 15:00:00,XY,Flexible_EV_Charging,38.94736842107,MW
2040-08-29 16:00:00,XY,Flexible_EV_Charging,31.57894736844,MW
2040-08-30 17:00:00,XY,Flexible_EV_Charging,21.05263157897,MW
2040-08-31 18:00:00,XY,Flexible_EV_Charging,4.210526315792,MW
2040-09-01 19:00:00,XY,Flexible_EV_Charging,22.10526315789,MW
2040-09-02 20:00:00,XY,Flexible_EV_Charging,12.631578947381001,MW
2040-09-03 21:00:00,XY,Flexible_EV_Charging,43.15789473685,MW
2040-09-04 22:00:00,XY,Flexible_EV_Charging,51.578947368440005,MW
2040-09-05 23:00:00,XY,Flexible_EV_Charging,57.89473684217,MW
2040-09-07 00:00:00,XY,Flexible_EV_Charging,63.15789473688,MW
2040-09-08 01:00:00,XY,Flexible_EV_Charging,64.21052631582,MW
2040-09-09 02:00:00,XY,Flexible_EV_Charging,73.68421052638,MW
2040-09-10 03:00:00,XY,Flexible_EV_Charging,82.10526315795,MW
2040-09-11 04:00:00,XY,Flexible_EV_Charging,93.68421052641,MW
2040-09-12 05:00:00,XY,Flexible_EV_Charging,93.68421052641,MW
2040-09-13 06:00:00,XY,Flexible_EV_Charging,88.42105263165001,MW
2040-09-14 07:00:00,XY,Flexible_EV_Charging,74.73684210532,MW
2040-09-15 08:00:00,XY,Flexible_EV_Charging,81.05263157902,MW
2040-09-16 09:00:00,XY,Flexible_EV_Charging,83.15789473691,MW
2040-09-17 10:00:00,XY,Flexible_EV_Charging,40.00000000003,MW
2040-09-18 11:00:00,XY,Flexible_EV_Charging,45.26315789475,MW
2040-09-19 12:00:00,XY,Flexible_EV_Charging,45.26315789475,MW
2040-09-20 13:00:00,XY,Flexible_EV_Charging,43.15789473685,MW
2040-09-21 14:00:00,XY,Flexible_EV_Charging,26.31578947368,MW
2040-09-22 15:00:00,XY,Flexible_EV_Charging,23.157894736850004,MW
2040-09-23 16:00:00,XY,Flexible_EV_Charging,22.10526315789,MW
2040-09-24 17:00:00,XY,Flexible_EV_Charging,26.31578947368,MW
2040-09-25 18:00:00,XY,Flexible_EV_Charging,21.05263157897,MW
2040-09-26 19:00:00,XY,Flexible_EV_Charging,20.000000000030003,MW
2040-09-27 20:00:00,XY,Flexible_EV_Charging,22.10526315789,MW
2040-09-28 21:00:00,XY,Flexible_EV_Charging,20.000000000030003,MW
2040-09-29 22:00:00,XY,Flexible_EV_Charging,46.31578947372001,MW
2040-09-30 23:00:00,XY,Flexible_EV_Charging,45.26315789475,MW
2040-10-02 00:00:00,XY,Flexible_EV_Charging,73.68421052638,MW
2040-10-03 01:00:00,XY,Flexible_EV_Charging,71.57894736847,MW
2040-10-04 02:00:00,XY,Flexible_EV_Charging,85.26315789481,MW
2040-10-05 03:00:00,XY,Flexible_EV_Charging,88.42105263165001,MW
2040-10-06 04:00:00,XY,Flexible_EV_Charging,87.36842105266999,MW
2040-10-07 05:00:00,XY,Flexible_EV_Charging,89.47368421058,MW
2040-10-08 06:00:00,XY,Flexible_EV_Charging,82.10526315795,MW
2040-10-09 07:00:00,XY,Flexible_EV_Charging,74.73684210532,MW
2040-10-10 08:00:00,XY,Flexible_EV_Charging,60.00000000003,MW
2040-10-11 09:00:00,XY,Flexible_EV_Charging,50.52631578952,MW
2040-10-12 10:00:00,XY,Flexible_EV_Charging,50.52631578952,MW
2040-10-13 11:00:00,XY,Flexible_EV_Charging,46.31578947372001,MW
2040-10-14 12:00:00,XY,Flexible_EV_Charging,47.368421052680006,MW
2040-10-15 13:00:00,XY,Flexible_EV_Charging,40.00000000003,MW
2040-10-16 14:00:00,XY,Flexible_EV_Charging,44.21052631583,MW
2040-10-17 15:00:00,XY,Flexible_EV_Charging,37.89473684214,MW
2040-10-18 16:00:00,XY,Flexible_EV_Charging,29.47368421055,MW
2040-10-19 17:00:00,XY,Flexible_EV_Charging,7.368421052638,MW
2040-10-20 18:00:00,XY,Flexible_EV_Charging,24.210526315830002,MW
2040-10-21 19:00:00,XY,Flexible_EV_Charging,9.473684210535,MW
2040-10-22 20:00:00,XY,Flexible_EV_Charging,33.68421052635,MW
2040-10-23 21:00:00,XY,Flexible_EV_Charging,43.15789473685,MW
2040-10-24 22:00:00,XY,Flexible_EV_Charging,50.52631578952,MW
2040-10-25 23:00:00,XY,Flexible_EV_Charging,53.68421052638,MW
2040-10-27 00:00:00,XY,Flexible_EV_Charging,55.789473684259995,MW
2040-10-28 01:00:00,XY,Flexible_EV_Charging,70.52631578955999,MW
2040-10-29 02:00:00,XY,Flexible_EV_Charging,82.10526315795,MW
2040-10-30 03:00:00,XY,Flexible_EV_Charging,91.57894736847,MW
2040-10-31 04:00:00,XY,Flexible_EV_Charging,92.63157894745001,MW
2040-11-01 05:00:00,XY,Flexible_EV_Charging,90.52631578955001,MW
2040-11-02 06:00:00,XY,Flexible_EV_Charging,91.57894736847,MW
2040-11-03 07:00:00,XY,Flexible_EV_Charging,91.57894736847,MW
2040-11-04 08:00:00,XY,Flexible_EV_Charging,92.63157894745001,MW
2040-11-05 09:00:00,XY,Flexible_EV_Charging,41.052631579,MW
2040-11-06 10:00:00,XY,Flexible_EV_Charging,45.26315789475,MW
2040-11-07 11:00:00,XY,Flexible_EV_Charging,47.368421052680006,MW
2040-11-08 12:00:00,XY,Flexible_EV_Charging,47.368421052680006,MW
2040-11-09 13:00:00,XY,Flexible_EV_Charging,38.94736842107,MW
2040-11-10 14:00:00,XY,Flexible_EV_Charging,36.84210526319,MW
2040-11-11 15:00:00,XY,Flexible_EV_Charging,35.78947368423,MW
2040-11-12 16:00:00,XY,Flexible_EV_Charging,34.7368421053,MW
2040-11-13 17:00:00,XY,Flexible_EV_Charging,29.47368421055,MW
2040-11-14 18:00:00,XY,Flexible_EV_Charging,22.10526315789,MW
2040-11-15 19:00:00,XY,Flexible_EV_Charging,18.947368421076,MW
2040-11-16 20:00:00,XY,Flexible_EV_Charging,16.842105263176002,MW
2040-11-17 21:00:00,XY,Flexible_EV_Charging,47.368421052680006,MW
2040-11-18 22:00:00,XY,Flexible_EV_Charging,44.21052631583,MW
2040-11-19 23:00:00,XY,Flexible_EV_Charging,66.31578947372,MW
2040-11-21 00:00:00,XY,Flexible_EV_Charging,72.63157894742,MW
2040-11-22 01:00:00,XY,Flexible_EV_Charging,80.00000000006,MW
2040-11-23 02:00:00,XY,Flexible_EV_Charging,83.15789473691,MW
2040-11-24 03:00:00,XY,Flexible_EV_Charging,83.15789473691,MW
2040-11-25 04:00:00,XY,Flexible_EV_Charging,89.47368421058,MW
2040-11-26 05:00:00,XY,Flexible_EV_Charging,92.63157894745001,MW
2040-11-27 06:00:00,XY,Flexible_EV_Charging,89.47368421058,MW
2040-11-28 07:00:00,XY,Flexible_EV_Charging,74.73684210532,MW
2040-11-29 08:00:00,XY,Flexible_EV_Charging,58.94736842110001,MW
2040-11-30 09:00:00,XY,Flexible_EV_Charging,53.68421052638,MW
2040-12-01 10:00:00,XY,Flexible_EV_Charging,67.36842105267999,MW
2040-12-02 11:00:00,XY,Flexible_EV_Charging,74.73684210532,MW
2040-12-03 12:00:00,XY,Flexible_EV_Charging,42.10526315792,MW
2040-12-04 13:00:00,XY,Flexible_EV_Charging,47.368421052680006,MW
2040-12-05 14:00:00,XY,Flexible_EV_Charging,44.21052631583,MW
2040-12-06 15:00:00,XY,Flexible_EV_Charging,37.89473684214,MW
2040-12-07 16:00:00,XY,Flexible_EV_Charging,13.684210526339,MW
2040-12-08 17:00:00,XY,Flexible_EV_Charging,30.526315789479998,MW
2040-12-09 18:00:00,XY,Flexible_EV_Charging,22.10526315789,MW
2040-12-10 19:00:00,XY,Flexible_EV_Charging,26.31578947368,MW
2040-12-11 20:00:00,XY,Flexible_EV_Charging,34.7368421053,MW
2040-12-12 21:00:00,XY,Flexible_EV_Charging,43.15789473685,MW
2040-12-13 22:00:00,XY,Flexible_EV_Charging,48.421052631609996,MW
2040-12-14 23:00:00,XY,Flexible_EV_Charging,51.578947368440005,MW
2040-12-16 00:00:00,XY,Flexible_EV_Charging,65.26315789478,MW
2040-12-17 01:00:00,XY,Flexible_EV_Charging,78.94736842110001,MW
2040-12-18 02:00:00,XY,Flexible_EV_Charging,87.36842105266999,MW
2040-12-19 03:00:00,XY,Flexible_EV_Charging,89.47368421058,MW
2040-12-20 04:00:00,XY,Flexible_EV_Charging,90.52631578955001,MW
2040-12-21 05:00:00,XY,Flexible_EV_Charging,89.47368421058,MW
2040-12-22 06:00:00,XY,Flexible_EV_Charging,82.10526315795,MW
2040-12-23 07:00:00,XY,Flexible_EV_Charging,91.57894736847,MW
2040-12-24 08:00:00,XY,Flexible_EV_Charging,92.63157894745001,MW
2040-12-25 09:00:00,XY,Flexible_EV_Charging,93.68421052641,MW
2040-12-26 10:00:00,XY,Flexible_EV_Charging,80.00000000006,MW
2040-12-27 11:00:00,XY,Flexible_EV_Charging,53.68421052638,MW
2040-12-28 12:00:00,XY,Flexible_EV_Charging,45.26315789475,MW
2040-12-29 13:00:00,XY,Flexible_EV_Charging,32.63157894738,MW
2040-12-30 14:00:00,XY,Flexible_EV_Charging,40.00000000003,MW
2040-12-31 15:00:00,XY,Flexible_EV_Charging,58.94736842110001,MW
2040-01-01 00:00:00,YZ,Inflexible_Power,21951.600000000002,MW
2040-01-02 01:00:00,YZ,Inflexible_Power,22949.4,MW
2040-01-03 02:00:00,YZ,Inflexible_Power,22783.1,MW
2040-01-04 03:00:00,YZ,Inflexible_Power,22949.4,MW
2040-01-05 04:00:00,YZ,Inflexible_Power,22450.5,MW
2040-01-06 05:00:00,YZ,Inflexible_Power,21785.300000000003,MW
2040-01-07 06:00:00,YZ,Inflexible_Power,21619.0,MW
2040-01-08 07:00:00,YZ,Inflexible_Power,22284.2,MW
2040-01-09 08:00:00,YZ,Inflexible_Power,21951.600000000002,MW
2040-01-10 09:00:00,YZ,Inflexible_Power,21785.300000000003,MW
2040-01-11 10:00:00,YZ,Inflexible_Power,22450.5,MW
2040-01-12 11:00:00,YZ,Inflexible_Power,23282.0,MW
2040-01-13 12:00:00,YZ,Inflexible_Power,22783.1,MW
2040-01-14 13:00:00,YZ,Inflexible_Power,23115.699999999997,MW
2040-01-15 14:00:00,YZ,Inflexible_Power,23448.300000000003,MW
2040-01-16 15:00:00,YZ,Inflexible_Power,22450.5,MW
2040-01-17 16:00:00,YZ,Inflexible_Power,21785.300000000003,MW
2040-01-18 17:00:00,YZ,Inflexible_Power,20621.2,MW
2040-01-19 18:00:00,YZ,Inflexible_Power,18459.3,MW
2040-01-20 19:00:00,YZ,Inflexible_Power,17794.1,MW
2040-01-21 20:00:00,YZ,Inflexible_Power,17794.1,MW
2040-01-22 21:00:00,YZ,Inflexible_Power,18126.7,MW
2040-01-23 22:00:00,YZ,Inflexible_Power,18293.0,MW
2040-01-24 23:00:00,YZ,Inflexible_Power,19623.4,MW
2040-01-26 00:00:00,YZ,Inflexible_Power,22284.2,MW
2040-01-27 01:00:00,YZ,Inflexible_Power,19457.1,MW
2040-01-28 02:00:00,YZ,Inflexible_Power,20953.8,MW
2040-01-29 03:00:00,YZ,Inflexible_Power,22949.4,MW
2040-01-30 04:00:00,YZ,Inflexible_Power,22450.5,MW
2040-01-31 05:00:00,YZ,Inflexible_Power,22284.2,MW
2040-02-01 06:00:00,YZ,Inflexible_Power,21951.600000000002,MW
2040-02-02 07:00:00,YZ,Inflexible_Power,21452.699999999997,MW
2040-02-03 08:00:00,YZ,Inflexible_Power,20454.9,MW
2040-02-04 09:00:00,YZ,Inflexible_Power,20454.9,MW
2040-02-05 10:00:00,YZ,Inflexible_Power,22117.9,MW
2040-02-06 11:00:00,YZ,Inflexible_Power,22949.4,MW
2040-02-07 12:00:00,YZ,Inflexible_Power,22949.4,MW
2040-02-08 13:00:00,YZ,Inflexible_Power,22949.4,MW
2040-02-09 14:00:00,YZ,Inflexible_Power,22783.1,MW
2040-02-10 15:00:00,YZ,Inflexible_Power,21286.4,MW
2040-02-11 16:00:00,YZ,Inflexible_Power,20288.6,MW
2040-02-12 17:00:00,YZ,Inflexible_Power,19290.8,MW
2040-02-13 18:00:00,YZ,Inflexible_Power,16630.0,MW
2040-02-14 19:00:00,YZ,Inflexible_Power,16463.7,MW
2040-02-15 20:00:00,YZ,Inflexible_Power,16796.3,MW
2040-02-16 21:00:00,YZ,Inflexible_Power,16796.3,MW
2040-02-17 22:00:00,YZ,Inflexible_Power,16962.6,MW
2040-02-18 23:00:00,YZ,Inflexible_Power,18625.6,MW
2040-02-20 00:00:00,YZ,Inflexible_Power,21619.0,MW
2040-02-21 01:00:00,YZ,Inflexible_Power,21286.4,MW
2040-02-22 02:00:00,YZ,Inflexible_Power,21452.699999999997,MW
2040-02-23 03:00:00,YZ,Inflexible_Power,21951.600000000002,MW
2040-02-24 04:00:00,YZ,Inflexible_Power,20288.6,MW
2040-02-25 05:00:00,YZ,Inflexible_Power,20288.6,MW
2040-02-26 06:00:00,YZ,Inflexible_Power,21452.699999999997,MW
2040-02-27 07:00:00,YZ,Inflexible_Power,21452.699999999997,MW
2040-02-28 08:00:00,YZ,Inflexible_Power,21452.699999999997,MW
2040-02-29 09:00:00,YZ,Inflexible_Power,20621.2,MW
2040-03-01 10:00:00,YZ,Inflexible_Power,20787.5,MW
2040-03-02 11:00:00,YZ,Inflexible_Power,20288.6,MW
2040-03-03 12:00:00,YZ,Inflexible_Power,20288.6,MW
2040-03-04 13:00:00,YZ,Inflexible_Power,20787.5,MW
2040-03-05 14:00:00,YZ,Inflexible_Power,20787.5,MW
2040-03-06 15:00:00,YZ,Inflexible_Power,19956.0,MW
2040-03-07 16:00:00,YZ,Inflexible_Power,19124.5,MW
2040-03-08 17:00:00,YZ,Inflexible_Power,18126.7,MW
2040-03-09 18:00:00,YZ,Inflexible_Power,16463.7,MW
2040-03-10 19:00:00,YZ,Inflexible_Power,16131.1,MW
2040-03-11 20:00:00,YZ,Inflexible_Power,16297.4,MW
2040-03-12 21:00:00,YZ,Inflexible_Power,16297.4,MW
2040-03-13 22:00:00,YZ,Inflexible_Power,16463.7,MW
2040-03-14 23:00:00,YZ,Inflexible_Power,17794.1,MW
2040-03-16 00:00:00,YZ,Inflexible_Power,17461.5,MW
2040-03-17 01:00:00,YZ,Inflexible_Power,18126.7,MW
2040-03-18 02:00:00,YZ,Inflexible_Power,20787.5,MW
2040-03-19 03:00:00,YZ,Inflexible_Power,20621.2,MW
2040-03-20 04:00:00,YZ,Inflexible_Power,20787.5,MW
2040-03-21 05:00:00,YZ,Inflexible_Power,20122.3,MW
2040-03-22 06:00:00,YZ,Inflexible_Power,20621.2,MW
2040-03-23 07:00:00,YZ,Inflexible_Power,19623.4,MW
2040-03-24 08:00:00,YZ,Inflexible_Power,18791.9,MW
2040-03-25 09:00:00,YZ,Inflexible_Power,20787.5,MW
2040-03-26 10:00:00,YZ,Inflexible_Power,20621.2,MW
2040-03-27 11:00:00,YZ,Inflexible_Power,20953.8,MW
2040-03-28 12:00:00,YZ,Inflexible_Power,20787.5,MW
2040-03-29 13:00:00,YZ,Inflexible_Power,20787.5,MW
2040-03-30 14:00:00,YZ,Inflexible_Power,20454.9,MW
2040-03-31 15:00:00,YZ,Inflexible_Power,19457.1,MW
2040-04-01 16:00:00,YZ,Inflexible_Power,19124.5,MW
2040-04-02 17:00:00,YZ,Inflexible_Power,18126.7,MW
2040-04-03 18:00:00,YZ,Inflexible_Power,15964.8,MW
2040-04-04 19:00:00,YZ,Inflexible_Power,15465.9,MW
2040-04-05 20:00:00,YZ,Inflexible_Power,15798.5,MW
2040-04-06 21:00:00,YZ,Inflexible_Power,15632.2,MW
2040-04-07 22:00:00,YZ,Inflexible_Power,15798.5,MW
2040-04-08 23:00:00,YZ,Inflexible_Power,15964.8,MW
2040-04-10 00:00:00,YZ,Inflexible_Power,18958.2,MW
2040-04-11 01:00:00,YZ,Inflexible_Power,19789.7,MW
2040-04-12 02:00:00,YZ,Inflexible_Power,19290.8,MW
2040-04-13 03:00:00,YZ,Inflexible_Power,17627.8,MW
2040-04-14 04:00:00,YZ,Inflexible_Power,18293.0,MW
2040-04-15 05:00:00,YZ,Inflexible_Power,19956.0,MW
2040-04-16 06:00:00,YZ,Inflexible_Power,19623.4,MW
2040-04-17 07:00:00,YZ,Inflexible_Power,19956.0,MW
2040-04-18 08:00:00,YZ,Inflexible_Power,19956.0,MW
2040-04-19 09:00:00,YZ,Inflexible_Power,19457.1,MW
2040-04-20 10:00:00,YZ,Inflexible_Power,17627.8,MW
2040-04-21 11:00:00,YZ,Inflexible_Power,17794.1,MW
2040-04-22 12:00:00,YZ,Inflexible_Power,18958.2,MW
2040-04-23 13:00:00,YZ,Inflexible_Power,18958.2,MW
2040-04-24 14:00:00,YZ,Inflexible_Power,19956.0,MW
2040-04-25 15:00:00,YZ,Inflexible_Power,19956.0,MW
2040-04-26 16:00:00,YZ,Inflexible_Power,19124.5,MW
2040-04-27 17:00:00,YZ,Inflexible_Power,17461.5,MW
2040-04-28 18:00:00,YZ,Inflexible_Power,15798.5,MW
2040-04-29 19:00:00,YZ,Inflexible_Power,15964.8,MW
2040-04-30 20:00:00,YZ,Inflexible_Power,16131.1,MW
2040-05-01 21:00:00,YZ,Inflexible_Power,16131.1,MW
2040-05-02 22:00:00,YZ,Inflexible_Power,15964.8,MW
2040-05-03 23:00:00,YZ,Inflexible_Power,15964.8,MW
2040-05-05 00:00:00,YZ,Inflexible_Power,16630.0,MW
2040-05-06 01:00:00,YZ,Inflexible_Power,18625.6,MW
2040-05-07 02:00:00,YZ,Inflexible_Power,18958.2,MW
2040-05-08 03:00:00,YZ,Inflexible_Power,19290.8,MW
2040-05-09 04:00:00,YZ,Inflexible_Power,18958.2,MW
2040-05-10 05:00:00,YZ,Inflexible_Power,19124.5,MW
2040-05-11 06:00:00,YZ,Inflexible_Power,17461.5,MW
2040-05-12 07:00:00,YZ,Inflexible_Power,17627.8,MW
2040-05-13 08:00:00,YZ,Inflexible_Power,19124.5,MW
2040-05-14 09:00:00,YZ,Inflexible_Power,18791.9,MW
2040-05-15 10:00:00,YZ,Inflexible_Power,18958.2,MW
2040-05-16 11:00:00,YZ,Inflexible_Power,19290.8,MW
2040-05-17 12:00:00,YZ,Inflexible_Power,18958.2,MW
2040-05-18 13:00:00,YZ,Inflexible_Power,17794.1,MW
2040-05-19 14:00:00,YZ,Inflexible_Power,17794.1,MW
2040-05-20 15:00:00,YZ,Inflexible_Power,18958.2,MW
2040-05-21 16:00:00,YZ,Inflexible_Power,18791.9,MW
2040-05-22 17:00:00,YZ,Inflexible_Power,17794.1,MW
2040-05-23 18:00:00,YZ,Inflexible_Power,16463.7,MW
2040-05-24 19:00:00,YZ,Inflexible_Power,16131.1,MW
2040-05-25 20:00:00,YZ,Inflexible_Power,15964.8,MW
2040-05-26 21:00:00,YZ,Inflexible_Power,15964.8,MW
2040-05-27 22:00:00,YZ,Inflexible_Power,16131.1,MW
2040-05-28 23:00:00,YZ,Inflexible_Power,15964.8,MW
2040-05-30 00:00:00,YZ,Inflexible_Power,17794.1,MW
2040-05-31 01:00:00,YZ,Inflexible_Power,17295.2,MW
2040-06-01 02:00:00,YZ,Inflexible_Power,16131.1,MW
2040-06-02 03:00:00,YZ,Inflexible_Power,16463.7,MW
2040-06-03 04:00:00,YZ,Inflexible_Power,19457.1,MW
2040-06-04 05:00:00,YZ,Inflexible_Power,19623.4,MW
2040-06-05 06:00:00,YZ,Inflexible_Power,20953.8,MW
2040-06-06 07:00:00,YZ,Inflexible_Power,21286.4,MW
2040-06-07 08:00:00,YZ,Inflexible_Power,21286.4,MW
2040-06-08 09:00:00,YZ,Inflexible_Power,19956.0,MW
2040-06-09 10:00:00,YZ,Inflexible_Power,17295.2,MW
2040-06-10 11:00:00,YZ,Inflexible_Power,17627.8,MW
2040-06-11 12:00:00,YZ,Inflexible_Power,19623.4,MW
2040-06-12 13:00:00,YZ,Inflexible_Power,20122.3,MW
2040-06-13 14:00:00,YZ,Inflexible_Power,19789.7,MW
2040-06-14 15:00:00,YZ,Inflexible_Power,19124.5,MW
2040-06-15 16:00:00,YZ,Inflexible_Power,18958.2,MW
2040-06-16 17:00:00,YZ,Inflexible_Power,17461.5,MW
2040-06-17 18:00:00,YZ,Inflexible_Power,16796.3,MW
2040-06-18 19:00:00,YZ,Inflexible_Power,15964.8,MW
2040-06-19 20:00:00,YZ,Inflexible_Power,15299.6,MW
2040-06-20 21:00:00,YZ,Inflexible_Power,14967.0,MW
2040-06-21 22:00:00,YZ,Inflexible_Power,14967.0,MW
2040-06-22 23:00:00,YZ,Inflexible_Power,14800.7,MW
2040-06-24 00:00:00,YZ,Inflexible_Power,14800.7,MW
2040-06-25 01:00:00,YZ,Inflexible_Power,15798.5,MW
2040-06-26 02:00:00,YZ,Inflexible_Power,17295.2,MW
2040-06-27 03:00:00,YZ,Inflexible_Power,18791.9,MW
2040-06-28 04:00:00,YZ,Inflexible_Power,19290.8,MW
2040-06-29 05:00:00,YZ,Inflexible_Power,19457.1,MW
2040-06-30 06:00:00,YZ,Inflexible_Power,18459.3,MW
2040-07-01 07:00:00,YZ,Inflexible_Power,18293.0,MW
2040-07-02 08:00:00,YZ,Inflexible_Power,19956.0,MW
2040-07-03 09:00:00,YZ,Inflexible_Power,19956.0,MW
2040-07-04 10:00:00,YZ,Inflexible_Power,19956.0,MW
2040-07-05 11:00:00,YZ,Inflexible_Power,21120.1,MW
2040-07-06 12:00:00,YZ,Inflexible_Power,21452.699999999997,MW
2040-07-07 13:00:00,YZ,Inflexible_Power,18625.6,MW
2040-07-08 14:00:00,YZ,Inflexible_Power,18625.6,MW
2040-07-09 15:00:00,YZ,Inflexible_Power,20953.8,MW
2040-07-10 16:00:00,YZ,Inflexible_Power,20454.9,MW
2040-07-11 17:00:00,YZ,Inflexible_Power,18625.6,MW
2040-07-12 18:00:00,YZ,Inflexible_Power,17627.8,MW
2040-07-13 19:00:00,YZ,Inflexible_Power,15964.8,MW
2040-07-14 20:00:00,YZ,Inflexible_Power,15299.6,MW
2040-07-15 21:00:00,YZ,Inflexible_Power,15133.3,MW
2040-07-16 22:00:00,YZ,Inflexible_Power,15133.3,MW
2040-07-17 23:00:00,YZ,Inflexible_Power,15133.3,MW
2040-07-19 00:00:00,YZ,Inflexible_Power,15133.3,MW
2040-07-20 01:00:00,YZ,Inflexible_Power,15798.5,MW
2040-07-21 02:00:00,YZ,Inflexible_Power,15465.9,MW
2040-07-22 03:00:00,YZ,Inflexible_Power,16630.0,MW
2040-07-23 04:00:00,YZ,Inflexible_Power,19457.1,MW
2040-07-24 05:00:00,YZ,Inflexible_Power,19124.5,MW
2040-07-25 06:00:00,YZ,Inflexible_Power,19457.1,MW
2040-07-26 07:00:00,YZ,Inflexible_Power,19623.4,MW
2040-07-27 08:00:00,YZ,Inflexible_Power,19956.0,MW
2040-07-28 09:00:00,YZ,Inflexible_Power,17794.1,MW
2040-07-29 10:00:00,YZ,Inflexible_Power,17960.4,MW
2040-07-30 11:00:00,YZ,Inflexible_Power,21120.1,MW
2040-07-31 12:00:00,YZ,Inflexible_Power,20787.5,MW
2040-08-01 13:00:00,YZ,Inflexible_Power,20454.9,MW
2040-08-02 14:00:00,YZ,Inflexible_Power,19623.4,MW
2040-08-03 15:00:00,YZ,Inflexible_Power,19290.8,MW
2040-08-04 16:00:00,YZ,Inflexible_Power,17960.4,MW
2040-08-05 17:00:00,YZ,Inflexible_Power,17794.1,MW
2040-08-06 18:00:00,YZ,Inflexible_Power,18126.7,MW
2040-08-07 19:00:00,YZ,Inflexible_Power,16297.4,MW
2040-08-08 20:00:00,YZ,Inflexible_Power,15964.8,MW
2040-08-09 21:00:00,YZ,Inflexible_Power,15299.6,MW
2040-08-10 22:00:00,YZ,Inflexible_Power,14967.0,MW
2040-08-11 23:00:00,YZ,Inflexible_Power,14634.4,MW
2040-08-13 00:00:00,YZ,Inflexible_Power,14967.0,MW
2040-08-14 01:00:00,YZ,Inflexible_Power,15798.5,MW
2040-08-15 02:00:00,YZ,Inflexible_Power,17128.9,MW
2040-08-16 03:00:00,YZ,Inflexible_Power,19124.5,MW
2040-08-17 04:00:00,YZ,Inflexible_Power,19290.8,MW
2040-08-18 05:00:00,YZ,Inflexible_Power,17295.2,MW
2040-08-19 06:00:00,YZ,Inflexible_Power,18293.0,MW
2040-08-20 07:00:00,YZ,Inflexible_Power,21120.1,MW
2040-08-21 08:00:00,YZ,Inflexible_Power,19124.5,MW
2040-08-22 09:00:00,YZ,Inflexible_Power,19623.4,MW
2040-08-23 10:00:00,YZ,Inflexible_Power,20787.5,MW
2040-08-24 11:00:00,YZ,Inflexible_Power,19623.4,MW
2040-08-25 12:00:00,YZ,Inflexible_Power,17461.5,MW
2040-08-26 13:00:00,YZ,Inflexible_Power,17295.2,MW
2040-08-27 14:00:00,YZ,Inflexible_Power,18958.2,MW
2040-08-28 15:00:00,YZ,Inflexible_Power,18791.9,MW
2040-08-29 16:00:00,YZ,Inflexible_Power,18459.3,MW
2040-08-30 17:00:00,YZ,Inflexible_Power,18126.7,MW
2040-08-31 18:00:00,YZ,Inflexible_Power,17295.2,MW
2040-09-01 19:00:00,YZ,Inflexible_Power,16630.0,MW
2040-09-02 20:00:00,YZ,Inflexible_Power,16131.1,MW
2040-09-03 21:00:00,YZ,Inflexible_Power,15798.5,MW
2040-09-04 22:00:00,YZ,Inflexible_Power,15798.5,MW
2040-09-05 23:00:00,YZ,Inflexible_Power,15798.5,MW
2040-09-07 00:00:00,YZ,Inflexible_Power,15798.5,MW
2040-09-08 01:00:00,YZ,Inflexible_Power,16131.1,MW
2040-09-09 02:00:00,YZ,Inflexible_Power,16297.4,MW
2040-09-10 03:00:00,YZ,Inflexible_Power,18958.2,MW
2040-09-11 04:00:00,YZ,Inflexible_Power,19623.4,MW
2040-09-12 05:00:00,YZ,Inflexible_Power,20122.3,MW
2040-09-13 06:00:00,YZ,Inflexible_Power,19290.8,MW
2040-09-14 07:00:00,YZ,Inflexible_Power,19290.8,MW
2040-09-15 08:00:00,YZ,Inflexible_Power,17461.5,MW
2040-09-16 09:00:00,YZ,Inflexible_Power,17794.1,MW
2040-09-17 10:00:00,YZ,Inflexible_Power,19457.1,MW
2040-09-18 11:00:00,YZ,Inflexible_Power,19290.8,MW
2040-09-19 12:00:00,YZ,Inflexible_Power,19457.1,MW
2040-09-20 13:00:00,YZ,Inflexible_Power,19124.5,MW
2040-09-21 14:00:00,YZ,Inflexible_Power,19124.5,MW
2040-09-22 15:00:00,YZ,Inflexible_Power,17794.1,MW
2040-09-23 16:00:00,YZ,Inflexible_Power,18293.0,MW
2040-09-24 17:00:00,YZ,Inflexible_Power,18791.9,MW
2040-09-25 18:00:00,YZ,Inflexible_Power,17794.1,MW
2040-09-26 19:00:00,YZ,Inflexible_Power,16630.0,MW
2040-09-27 20:00:00,YZ,Inflexible_Power,15964.8,MW
2040-09-28 21:00:00,YZ,Inflexible_Power,15798.5,MW
2040-09-29 22:00:00,YZ,Inflexible_Power,15798.5,MW
2040-09-30 23:00:00,YZ,Inflexible_Power,15964.8,MW
2040-10-02 00:00:00,YZ,Inflexible_Power,16630.0,MW
2040-10-03 01:00:00,YZ,Inflexible_Power,19124.5,MW
2040-10-04 02:00:00,YZ,Inflexible_Power,19956.0,MW
2040-10-05 03:00:00,YZ,Inflexible_Power,19457.1,MW
2040-10-06 04:00:00,YZ,Inflexible_Power,18126.7,MW
2040-10-07 05:00:00,YZ,Inflexible_Power,19124.5,MW
2040-10-08 06:00:00,YZ,Inflexible_Power,20288.6,MW
2040-10-09 07:00:00,YZ,Inflexible_Power,20288.6,MW
2040-10-10 08:00:00,YZ,Inflexible_Power,19956.0,MW
2040-10-11 09:00:00,YZ,Inflexible_Power,19457.1,MW
2040-10-12 10:00:00,YZ,Inflexible_Power,19124.5,MW
2040-10-13 11:00:00,YZ,Inflexible_Power,19623.4,MW
2040-10-14 12:00:00,YZ,Inflexible_Power,19956.0,MW
2040-10-15 13:00:00,YZ,Inflexible_Power,20288.6,MW
2040-10-16 14:00:00,YZ,Inflexible_Power,20288.6,MW
2040-10-17 15:00:00,YZ,Inflexible_Power,20122.3,MW
2040-10-18 16:00:00,YZ,Inflexible_Power,19789.7,MW
2040-10-19 17:00:00,YZ,Inflexible_Power,18958.2,MW
2040-10-20 18:00:00,YZ,Inflexible_Power,18293.0,MW
2040-10-21 19:00:00,YZ,Inflexible_Power,15964.8,MW
2040-10-22 20:00:00,YZ,Inflexible_Power,15632.2,MW
2040-10-23 21:00:00,YZ,Inflexible_Power,15798.5,MW
2040-10-24 22:00:00,YZ,Inflexible_Power,15632.2,MW
2040-10-25 23:00:00,YZ,Inflexible_Power,15632.2,MW
2040-10-27 00:00:00,YZ,Inflexible_Power,16131.1,MW
2040-10-28 01:00:00,YZ,Inflexible_Power,16297.4,MW
2040-10-29 02:00:00,YZ,Inflexible_Power,19623.4,MW
2040-10-30 03:00:00,YZ,Inflexible_Power,19457.1,MW
2040-10-31 04:00:00,YZ,Inflexible_Power,19956.0,MW
2040-11-01 05:00:00,YZ,Inflexible_Power,21452.699999999997,MW
2040-11-02 06:00:00,YZ,Inflexible_Power,21452.699999999997,MW
2040-11-03 07:00:00,YZ,Inflexible_Power,20288.6,MW
2040-11-04 08:00:00,YZ,Inflexible_Power,20288.6,MW
2040-11-05 09:00:00,YZ,Inflexible_Power,21452.699999999997,MW
2040-11-06 10:00:00,YZ,Inflexible_Power,21452.699999999997,MW
2040-11-07 11:00:00,YZ,Inflexible_Power,21785.300000000003,MW
2040-11-08 12:00:00,YZ,Inflexible_Power,22450.5,MW
2040-11-09 13:00:00,YZ,Inflexible_Power,22450.5,MW
2040-11-10 14:00:00,YZ,Inflexible_Power,21785.300000000003,MW
2040-11-11 15:00:00,YZ,Inflexible_Power,21785.300000000003,MW
2040-11-12 16:00:00,YZ,Inflexible_Power,21951.600000000002,MW
2040-11-13 17:00:00,YZ,Inflexible_Power,20621.2,MW
2040-11-14 18:00:00,YZ,Inflexible_Power,19457.1,MW
2040-11-15 19:00:00,YZ,Inflexible_Power,17461.5,MW
2040-11-16 20:00:00,YZ,Inflexible_Power,16796.3,MW
2040-11-17 21:00:00,YZ,Inflexible_Power,16463.7,MW
2040-11-18 22:00:00,YZ,Inflexible_Power,16463.7,MW
2040-11-19 23:00:00,YZ,Inflexible_Power,16630.0,MW
2040-11-21 00:00:00,YZ,Inflexible_Power,17627.8,MW
2040-11-22 01:00:00,YZ,Inflexible_Power,20621.2,MW
2040-11-23 02:00:00,YZ,Inflexible_Power,21286.4,MW
2040-11-24 03:00:00,YZ,Inflexible_Power,19124.5,MW
2040-11-25 04:00:00,YZ,Inflexible_Power,20621.2,MW
2040-11-26 05:00:00,YZ,Inflexible_Power,21951.600000000002,MW
2040-11-27 06:00:00,YZ,Inflexible_Power,21452.699999999997,MW
2040-11-28 07:00:00,YZ,Inflexible_Power,21452.699999999997,MW
2040-11-29 08:00:00,YZ,Inflexible_Power,21452.699999999997,MW
2040-11-30 09:00:00,YZ,Inflexible_Power,21452.699999999997,MW
2040-12-01 10:00:00,YZ,Inflexible_Power,21452.699999999997,MW
2040-12-02 11:00:00,YZ,Inflexible_Power,21619.0,MW
2040-12-03 12:00:00,YZ,Inflexible_Power,22949.4,MW
2040-12-04 13:00:00,YZ,Inflexible_Power,23115.699999999997,MW
2040-12-05 14:00:00,YZ,Inflexible_Power,23115.699999999997,MW
2040-12-06 15:00:00,YZ,Inflexible_Power,23115.699999999997,MW
2040-12-07 16:00:00,YZ,Inflexible_Power,21951.600000000002,MW
2040-12-08 17:00:00,YZ,Inflexible_Power,20454.9,MW
2040-12-09 18:00:00,YZ,Inflexible_Power,19956.0,MW
2040-12-10 19:00:00,YZ,Inflexible_Power,17128.9,MW
2040-12-11 20:00:00,YZ,Inflexible_Power,16796.3,MW
2040-12-12 21:00:00,YZ,Inflexible_Power,16962.6,MW
2040-12-13 22:00:00,YZ,Inflexible_Power,17128.9,MW
2040-12-14 23:00:00,YZ,Inflexible_Power,17128.9,MW
2040-12-16 00:00:00,YZ,Inflexible_Power,17128.9,MW
2040-12-17 01:00:00,YZ,Inflexible_Power,20621.2,MW
2040-12-18 02:00:00,YZ,Inflexible_Power,21619.0,MW
2040-12-19 03:00:00,YZ,Inflexible_Power,21785.300000000003,MW
2040-12-20 04:00:00,YZ,Inflexible_Power,21951.600000000002,MW
2040-12-21 05:00:00,YZ,Inflexible_Power,22450.5,MW
2040-12-22 06:00:00,YZ,Inflexible_Power,21619.0,MW
2040-12-23 07:00:00,YZ,Inflexible_Power,21286.4,MW
2040-12-24 08:00:00,YZ,Inflexible_Power,22117.9,MW
2040-12-25 09:00:00,YZ,Inflexible_Power,22117.9,MW
2040-12-26 10:00:00,YZ,Inflexible_Power,22117.9,MW
2040-12-27 11:00:00,YZ,Inflexible_Power,22284.2,MW
2040-12-28 12:00:00,YZ,Inflexible_Power,23115.699999999997,MW
2040-12-29 13:00:00,YZ,Inflexible_Power,21951.600000000002,MW
2040-12-30 14:00:00,YZ,Inflexible_Power,22284.2,MW
2040-12-31 15:00:00,YZ,Inflexible_Power,22949.4,MW
2040-01-01 00:00:00,YZ,Flexible_Industry_Heat,8952.073238816543,MW
2040-01-02 01:00:00,YZ,Flexible_Industry_Heat,6560.200000001901,MW
2040-01-03 02:00:00,YZ,Flexible_Industry_Heat,2555.6000000014,MW
2040-01-04 03:00:00,YZ,Flexible_Industry_Heat,2910.051842040727,MW
2040-01-05 04:00:00,YZ,Flexible_Industry_Heat,8492.171158577885,MW
2040-01-06 05:00:00,YZ,Flexible_Industry_Heat,8932.75981328525,MW
2040-01-07 06:00:00,YZ,Flexible_Industry_Heat,8932.75981328525,MW
2040-01-08 07:00:00,YZ,Flexible_Industry_Heat,8932.75981328525,MW
2040-01-09 08:00:00,YZ,Flexible_Industry_Heat,9123.359813285153,MW
2040-01-10 09:00:00,YZ,Flexible_Industry_Heat,9123.359813285153,MW
2040-01-11 10:00:00,YZ,Flexible_Industry_Heat,8997.551594157418,MW
2040-01-12 11:00:00,YZ,Flexible_Industry_Heat,9123.359813285153,MW
2040-01-13 12:00:00,YZ,Flexible_Industry_Heat,10664.25203639427,MW
2040-01-14 13:00:00,YZ,Flexible_Industry_Heat,9483.359813285404,MW
2040-01-15 14:00:00,YZ,Flexible_Industry_Heat,7122.331205223236,MW
2040-01-16 15:00:00,YZ,Flexible_Industry_Heat,6802.070862692823,MW
2040-01-17 16:00:00,YZ,Flexible_Industry_Heat,7431.733940145021,MW
2040-01-18 17:00:00,YZ,Flexible_Industry_Heat,8383.588522687289,MW
2040-01-19 18:00:00,YZ,Flexible_Industry_Heat,8508.491991130346,MW
2040-01-20 19:00:00,YZ,Flexible_Industry_Heat,9123.359813285153,MW
2040-01-21 20:00:00,YZ,Flexible_Industry_Heat,9123.359813285153,MW
2040-01-22 21:00:00,YZ,Flexible_Industry_Heat,9123.359813285153,MW
2040-01-23 22:00:00,YZ,Flexible_Industry_Heat,9123.359813285153,MW
2040-01-24 23:00:00,YZ,Flexible_Industry_Heat,9123.359813285153,MW
2040-01-26 00:00:00,YZ,Flexible_Industry_Heat,9123.359813285153,MW
2040-01-27 01:00:00,YZ,Flexible_Industry_Heat,9530.056503122943,MW
2040-01-28 02:00:00,YZ,Flexible_Industry_Heat,10916.366866365503,MW
2040-01-29 03:00:00,YZ,Flexible_Industry_Heat,2601.668297398991,MW
2040-01-30 04:00:00,YZ,Flexible_Industry_Heat,2242.0000000013997,MW
2040-01-31 05:00:00,YZ,Flexible_Industry_Heat,2163.6000000013996,MW
2040-02-01 06:00:00,YZ,Flexible_Industry_Heat,8824.44237309828,MW
2040-02-02 07:00:00,YZ,Flexible_Industry_Heat,8769.014112044484,MW
2040-02-03 08:00:00,YZ,Flexible_Industry_Heat,3731.6000000014,MW
2040-02-04 09:00:00,YZ,Flexible_Industry_Heat,7593.279551849555,MW
2040-02-05 10:00:00,YZ,Flexible_Industry_Heat,10664.25203639427,MW
2040-02-06 11:00:00,YZ,Flexible_Industry_Heat,9123.359813285153,MW
2040-02-07 12:00:00,YZ,Flexible_Industry_Heat,9483.359813285404,MW
2040-02-08 13:00:00,YZ,Flexible_Industry_Heat,8781.874290363401,MW
2040-02-09 14:00:00,YZ,Flexible_Industry_Heat,8109.675314346779,MW
2040-02-10 15:00:00,YZ,Flexible_Industry_Heat,4314.2000000013,MW
2040-02-11 16:00:00,YZ,Flexible_Industry_Heat,9054.476985400715,MW
2040-02-12 17:00:00,YZ,Flexible_Industry_Heat,9123.359813285153,MW
2040-02-13 18:00:00,YZ,Flexible_Industry_Heat,9123.359813285153,MW
2040-02-14 19:00:00,YZ,Flexible_Industry_Heat,8766.077449320872,MW
2040-02-15 20:00:00,YZ,Flexible_Industry_Heat,9123.359813285153,MW
2040-02-16 21:00:00,YZ,Flexible_Industry_Heat,9123.359813285153,MW
2040-02-17 22:00:00,YZ,Flexible_Industry_Heat,9123.359813285153,MW
2040-02-18 23:00:00,YZ,Flexible_Industry_Heat,7207.423165238821,MW
2040-02-20 00:00:00,YZ,Flexible_Industry_Heat,3182.8000000014,MW
2040-02-21 01:00:00,YZ,Flexible_Industry_Heat,2242.0000000013997,MW
2040-02-22 02:00:00,YZ,Flexible_Industry_Heat,9458.521003624124,MW
2040-02-23 03:00:00,YZ,Flexible_Industry_Heat,10278.992889282768,MW
2040-02-24 04:00:00,YZ,Flexible_Industry_Heat,9012.777090021153,MW
2040-02-25 05:00:00,YZ,Flexible_Industry_Heat,8926.359813285251,MW
2040-02-26 06:00:00,YZ,Flexible_Industry_Heat,7773.577090018251,MW
2040-02-27 07:00:00,YZ,Flexible_Industry_Heat,9123.359813285153,MW
2040-02-28 08:00:00,YZ,Flexible_Industry_Heat,7532.401384991814,MW
2040-02-29 09:00:00,YZ,Flexible_Industry_Heat,7570.7965401678275,MW
2040-03-01 10:00:00,YZ,Flexible_Industry_Heat,9386.353856888576,MW
2040-03-02 11:00:00,YZ,Flexible_Industry_Heat,10623.171841646925,MW
2040-03-03 12:00:00,YZ,Flexible_Industry_Heat,10401.718346442865,MW
2040-03-04 13:00:00,YZ,Flexible_Industry_Heat,6053.97080334738,MW
2040-03-05 14:00:00,YZ,Flexible_Industry_Heat,9939.794484451782,MW
2040-03-06 15:00:00,YZ,Flexible_Industry_Heat,10040.30911490412,MW
2040-03-07 16:00:00,YZ,Flexible_Industry_Heat,4033.7970948743127,MW
2040-03-08 17:00:00,YZ,Flexible_Industry_Heat,11244.274946375996,MW
2040-03-09 18:00:00,YZ,Flexible_Industry_Heat,9701.725836196829,MW
2040-03-10 19:00:00,YZ,Flexible_Industry_Heat,9123.359813285153,MW
2040-03-11 20:00:00,YZ,Flexible_Industry_Heat,9123.359813285153,MW
2040-03-12 21:00:00,YZ,Flexible_Industry_Heat,8425.440273624174,MW
2040-03-13 22:00:00,YZ,Flexible_Industry_Heat,9123.359813285153,MW
2040-03-14 23:00:00,YZ,Flexible_Industry_Heat,9602.785898806093,MW
2040-03-16 00:00:00,YZ,Flexible_Industry_Heat,10249.20749585406,MW
2040-03-17 01:00:00,YZ,Flexible_Industry_Heat,9110.55981328515,MW
2040-03-18 02:00:00,YZ,Flexible_Industry_Heat,9398.107351075125,MW
2040-03-19 03:00:00,YZ,Flexible_Industry_Heat,5918.4000000020005,MW
2040-03-20 04:00:00,YZ,Flexible_Industry_Heat,6881.177090020251,MW
2040-03-21 05:00:00,YZ,Flexible_Industry_Heat,9059.359813285153,MW
2040-03-22 06:00:00,YZ,Flexible_Industry_Heat,10255.038644310824,MW
2040-03-23 07:00:00,YZ,Flexible_Industry_Heat,9123.359813285153,MW
2040-03-24 08:00:00,YZ,Flexible_Industry_Heat,9863.503203543443,MW
2040-03-25 09:00:00,YZ,Flexible_Industry_Heat,9123.359813285153,MW
2040-03-26 10:00:00,YZ,Flexible_Industry_Heat,9123.359813285153,MW
2040-03-27 11:00:00,YZ,Flexible_Industry_Heat,9397.588480845976,MW
2040-03-28 12:00:00,YZ,Flexible_Industry_Heat,7214.89610622742,MW
2040-03-29 13:00:00,YZ,Flexible_Industry_Heat,7717.966148036332,MW
2040-03-30 14:00:00,YZ,Flexible_Industry_Heat,9728.871426121737,MW
2040-03-31 15:00:00,YZ,Flexible_Industry_Heat,9267.868072968397,MW
2040-04-01 16:00:00,YZ,Flexible_Industry_Heat,9123.359813285153,MW
2040-04-02 17:00:00,YZ,Flexible_Industry_Heat,9853.178438819725,MW
2040-04-03 18:00:00,YZ,Flexible_Industry_Heat,9123.359813285153,MW
2040-04-04 19:00:00,YZ,Flexible_Industry_Heat,9123.359813285153,MW
2040-04-05 20:00:00,YZ,Flexible_Industry_Heat,7034.210269371972,MW
2040-04-06 21:00:00,YZ,Flexible_Industry_Heat,9548.559572487376,MW
2040-04-07 22:00:00,YZ,Flexible_Industry_Heat,9658.789853391047,MW
2040-04-08 23:00:00,YZ,Flexible_Industry_Heat,10902.274946375745,MW
2040-04-10 00:00:00,YZ,Flexible_Industry_Heat,10456.674946375746,MW
2040-04-11 01:00:00,YZ,Flexible_Industry_Heat,8894.359813285251,MW
2040-04-12 02:00:00,YZ,Flexible_Industry_Heat,9678.600000003125,MW
2040-04-13 03:00:00,YZ,Flexible_Industry_Heat,9929.665976063594,MW
2040-04-14 04:00:00,YZ,Flexible_Industry_Heat,8881.559813285252,MW
2040-04-15 05:00:00,YZ,Flexible_Industry_Heat,8932.75981328525,MW
2040-04-16 06:00:00,YZ,Flexible_Industry_Heat,6542.51029496425,MW
2040-04-17 07:00:00,YZ,Flexible_Industry_Heat,7551.416665416076,MW
2040-04-18 08:00:00,YZ,Flexible_Industry_Heat,9123.359813285153,MW
2040-04-19 09:00:00,YZ,Flexible_Industry_Heat,11231.474946375996,MW
2040-04-20 10:00:00,YZ,Flexible_Industry_Heat,11262.274946375996,MW
2040-04-21 11:00:00,YZ,Flexible_Industry_Heat,9938.91224737064,MW
2040-04-22 12:00:00,YZ,Flexible_Industry_Heat,9483.359813285404,MW
2040-04-23 13:00:00,YZ,Flexible_Industry_Heat,10177.094026682948,MW
2040-04-24 14:00:00,YZ,Flexible_Industry_Heat,9123.359813285153,MW
2040-04-25 15:00:00,YZ,Flexible_Industry_Heat,9123.359813285153,MW
2040-04-26 16:00:00,YZ,Flexible_Industry_Heat,7201.591712380362,MW
2040-04-27 17:00:00,YZ,Flexible_Industry_Heat,9123.359813285153,MW
2040-04-28 18:00:00,YZ,Flexible_Industry_Heat,9084.808992135118,MW
2040-04-29 19:00:00,YZ,Flexible_Industry_Heat,9123.359813285153,MW
2040-04-30 20:00:00,YZ,Flexible_Industry_Heat,9123.359813285153,MW
2040-05-01 21:00:00,YZ,Flexible_Industry_Heat,9123.359813285153,MW
2040-05-02 22:00:00,YZ,Flexible_Industry_Heat,9608.351137445325,MW
2040-05-03 23:00:00,YZ,Flexible_Industry_Heat,9861.29595410955,MW
2040-05-05 00:00:00,YZ,Flexible_Industry_Heat,8008.303506028859,MW
2040-05-06 01:00:00,YZ,Flexible_Industry_Heat,7163.577090018251,MW
2040-05-07 02:00:00,YZ,Flexible_Industry_Heat,6728.205679839346,MW
2040-05-08 03:00:00,YZ,Flexible_Industry_Heat,9458.393559002137,MW
2040-05-09 04:00:00,YZ,Flexible_Industry_Heat,6832.6112976997265,MW
2040-05-10 05:00:00,YZ,Flexible_Industry_Heat,8975.620707423763,MW
2040-05-11 06:00:00,YZ,Flexible_Industry_Heat,10287.153179119496,MW
2040-05-12 07:00:00,YZ,Flexible_Industry_Heat,9929.177722990828,MW
2040-05-13 08:00:00,YZ,Flexible_Industry_Heat,9123.359813285153,MW
2040-05-14 09:00:00,YZ,Flexible_Industry_Heat,9123.359813285153,MW
2040-05-15 10:00:00,YZ,Flexible_Industry_Heat,9123.359813285153,MW
2040-05-16 11:00:00,YZ,Flexible_Industry_Heat,8974.291766835011,MW
2040-05-17 12:00:00,YZ,Flexible_Industry_Heat,7358.902554599845,MW
2040-05-18 13:00:00,YZ,Flexible_Industry_Heat,10181.648113279314,MW
2040-05-19 14:00:00,YZ,Flexible_Industry_Heat,4550.524438665181,MW
2040-05-20 15:00:00,YZ,Flexible_Industry_Heat,9692.246288045751,MW
2040-05-21 16:00:00,YZ,Flexible_Industry_Heat,10323.243893528504,MW
2040-05-22 17:00:00,YZ,Flexible_Industry_Heat,8004.924214283338,MW
2040-05-23 18:00:00,YZ,Flexible_Industry_Heat,7567.767801790349,MW
2040-05-24 19:00:00,YZ,Flexible_Industry_Heat,9235.038805182316,MW
2040-05-25 20:00:00,YZ,Flexible_Industry_Heat,9123.359813285153,MW
2040-05-26 21:00:00,YZ,Flexible_Industry_Heat,6692.345245204535,MW
2040-05-27 22:00:00,YZ,Flexible_Industry_Heat,9123.359813285153,MW
2040-05-28 23:00:00,YZ,Flexible_Industry_Heat,9671.464226149352,MW
2040-05-30 00:00:00,YZ,Flexible_Industry_Heat,7837.1634473364775,MW
2040-05-31 01:00:00,YZ,Flexible_Industry_Heat,8416.439661000293,MW
2040-06-01 02:00:00,YZ,Flexible_Industry_Heat,8810.577090021152,MW
2040-06-02 03:00:00,YZ,Flexible_Industry_Heat,9012.777090021153,MW
2040-06-03 04:00:00,YZ,Flexible_Industry_Heat,9091.359813285153,MW
2040-06-04 05:00:00,YZ,Flexible_Industry_Heat,9616.327635942993,MW
2040-06-05 06:00:00,YZ,Flexible_Industry_Heat,2564.1324813346946,MW
2040-06-06 07:00:00,YZ,Flexible_Industry_Heat,7177.475084085392,MW
2040-06-07 08:00:00,YZ,Flexible_Industry_Heat,6890.574348237473,MW
2040-06-08 09:00:00,YZ,Flexible_Industry_Heat,4256.055125493206,MW
2040-06-09 10:00:00,YZ,Flexible_Industry_Heat,9123.359813285153,MW
2040-06-10 11:00:00,YZ,Flexible_Industry_Heat,9123.359813285153,MW
2040-06-11 12:00:00,YZ,Flexible_Industry_Heat,9483.359813285404,MW
2040-06-12 13:00:00,YZ,Flexible_Industry_Heat,7143.672661789358,MW
2040-06-13 14:00:00,YZ,Flexible_Industry_Heat,9483.359813285404,MW
2040-06-14 15:00:00,YZ,Flexible_Industry_Heat,9476.959813285403,MW
2040-06-15 16:00:00,YZ,Flexible_Industry_Heat,7110.177090020151,MW
2040-06-16 17:00:00,YZ,Flexible_Industry_Heat,9123.359813285153,MW
2040-06-17 18:00:00,YZ,Flexible_Industry_Heat,9123.359813285153,MW
2040-06-18 19:00:00,YZ,Flexible_Industry_Heat,9307.01633528621,MW
2040-06-19 20:00:00,YZ,Flexible_Industry_Heat,8390.536572817697,MW
2040-06-20 21:00:00,YZ,Flexible_Industry_Heat,9123.359813285153,MW
2040-06-21 22:00:00,YZ,Flexible_Industry_Heat,8255.55434359785,MW
2040-06-22 23:00:00,YZ,Flexible_Industry_Heat,9123.359813285153,MW
2040-06-24 00:00:00,YZ,Flexible_Industry_Heat,9123.359813285153,MW
2040-06-25 01:00:00,YZ,Flexible_Industry_Heat,8973.135661670347,MW
2040-06-26 02:00:00,YZ,Flexible_Industry_Heat,9123.359813285153,MW
2040-06-27 03:00:00,YZ,Flexible_Industry_Heat,8914.62051482292,MW
2040-06-28 04:00:00,YZ,Flexible_Industry_Heat,8810.577090021152,MW
2040-06-29 05:00:00,YZ,Flexible_Industry_Heat,8675.77709002115,MW
2040-06-30 06:00:00,YZ,Flexible_Industry_Heat,9091.359813285153,MW
2040-07-01 07:00:00,YZ,Flexible_Industry_Heat,8613.160705474314,MW
2040-07-02 08:00:00,YZ,Flexible_Industry_Heat,7466.891797014994,MW
2040-07-03 09:00:00,YZ,Flexible_Industry_Heat,7090.663041933836,MW
2040-07-04 10:00:00,YZ,Flexible_Industry_Heat,7258.335268267069,MW
2040-07-05 11:00:00,YZ,Flexible_Industry_Heat,9073.378858397498,MW
2040-07-06 12:00:00,YZ,Flexible_Industry_Heat,8498.105712016306,MW
2040-07-07 13:00:00,YZ,Flexible_Industry_Heat,11262.274946375996,MW
2040-07-08 14:00:00,YZ,Flexible_Industry_Heat,11237.016128898604,MW
2040-07-09 15:00:00,YZ,Flexible_Industry_Heat,9128.280930384883,MW
2040-07-10 16:00:00,YZ,Flexible_Industry_Heat,6601.989841129765,MW
2040-07-11 17:00:00,YZ,Flexible_Industry_Heat,9123.359813285153,MW
2040-07-12 18:00:00,YZ,Flexible_Industry_Heat,9116.959813285152,MW
2040-07-13 19:00:00,YZ,Flexible_Industry_Heat,9123.359813285153,MW
2040-07-14 20:00:00,YZ,Flexible_Industry_Heat,8691.14583013888,MW
2040-07-15 21:00:00,YZ,Flexible_Industry_Heat,9013.319947988288,MW
2040-07-16 22:00:00,YZ,Flexible_Industry_Heat,9123.359813285153,MW
2040-07-17 23:00:00,YZ,Flexible_Industry_Heat,9123.359813285153,MW
2040-07-19 00:00:00,YZ,Flexible_Industry_Heat,9123.359813285153,MW
2040-07-20 01:00:00,YZ,Flexible_Industry_Heat,9097.75981328515,MW
2040-07-21 02:00:00,YZ,Flexible_Industry_Heat,9059.359813285153,MW
2040-07-22 03:00:00,YZ,Flexible_Industry_Heat,9065.75981328515,MW
2040-07-23 04:00:00,YZ,Flexible_Industry_Heat,7906.037286404202,MW
2040-07-24 05:00:00,YZ,Flexible_Industry_Heat,8704.320948604172,MW
2040-07-25 06:00:00,YZ,Flexible_Industry_Heat,9097.75981328515,MW
2040-07-26 07:00:00,YZ,Flexible_Industry_Heat,9084.959813285152,MW
2040-07-27 08:00:00,YZ,Flexible_Industry_Heat,8648.93041464804,MW
2040-07-28 09:00:00,YZ,Flexible_Industry_Heat,8758.489092685022,MW
2040-07-29 10:00:00,YZ,Flexible_Industry_Heat,9123.359813285153,MW
2040-07-30 11:00:00,YZ,Flexible_Industry_Heat,8231.560341993236,MW
2040-07-31 12:00:00,YZ,Flexible_Industry_Heat,4595.800000001551,MW
2040-08-01 13:00:00,YZ,Flexible_Industry_Heat,8734.932034762647,MW
2040-08-02 14:00:00,YZ,Flexible_Industry_Heat,6250.500000001901,MW
2040-08-03 15:00:00,YZ,Flexible_Industry_Heat,3529.8773850621997,MW
2040-08-04 16:00:00,YZ,Flexible_Industry_Heat,9123.359813285153,MW
2040-08-05 17:00:00,YZ,Flexible_Industry_Heat,7541.460263273361,MW
2040-08-06 18:00:00,YZ,Flexible_Industry_Heat,6989.8517599018605,MW
2040-08-07 19:00:00,YZ,Flexible_Industry_Heat,8872.847854449805,MW
2040-08-08 20:00:00,YZ,Flexible_Industry_Heat,8476.818307429914,MW
2040-08-09 21:00:00,YZ,Flexible_Industry_Heat,9116.959813285152,MW
2040-08-10 22:00:00,YZ,Flexible_Industry_Heat,9123.359813285153,MW
2040-08-11 23:00:00,YZ,Flexible_Industry_Heat,11056.719989984593,MW
2040-08-13 00:00:00,YZ,Flexible_Industry_Heat,9123.359813285153,MW
2040-08-14 01:00:00,YZ,Flexible_Industry_Heat,7750.304783165353,MW
2040-08-15 02:00:00,YZ,Flexible_Industry_Heat,7313.26475187758,MW
2040-08-16 03:00:00,YZ,Flexible_Industry_Heat,1222.8000000013997,MW
2040-08-17 04:00:00,YZ,Flexible_Industry_Heat,7621.124347474129,MW
2040-08-18 05:00:00,YZ,Flexible_Industry_Heat,7955.2872811989955,MW
2040-08-19 06:00:00,YZ,Flexible_Industry_Heat,9091.359813285153,MW
2040-08-20 07:00:00,YZ,Flexible_Industry_Heat,8324.664897213946,MW
2040-08-21 08:00:00,YZ,Flexible_Industry_Heat,8662.52364754309,MW
2040-08-22 09:00:00,YZ,Flexible_Industry_Heat,9123.359813285153,MW
2040-08-23 10:00:00,YZ,Flexible_Industry_Heat,7794.386277243701,MW
2040-08-24 11:00:00,YZ,Flexible_Industry_Heat,7980.190738770143,MW
2040-08-25 12:00:00,YZ,Flexible_Industry_Heat,9123.359813285153,MW
2040-08-26 13:00:00,YZ,Flexible_Industry_Heat,9349.42605114398,MW
2040-08-27 14:00:00,YZ,Flexible_Industry_Heat,9123.359813285153,MW
2040-08-28 15:00:00,YZ,Flexible_Industry_Heat,9123.359813285153,MW
2040-08-29 16:00:00,YZ,Flexible_Industry_Heat,8568.236623611394,MW
2040-08-30 17:00:00,YZ,Flexible_Industry_Heat,7354.6675687990755,MW
2040-08-31 18:00:00,YZ,Flexible_Industry_Heat,8987.311958534423,MW
2040-09-01 19:00:00,YZ,Flexible_Industry_Heat,9123.359813285153,MW
2040-09-02 20:00:00,YZ,Flexible_Industry_Heat,10788.261121605397,MW
2040-09-03 21:00:00,YZ,Flexible_Industry_Heat,9123.359813285153,MW
2040-09-04 22:00:00,YZ,Flexible_Industry_Heat,7971.450890969677,MW
2040-09-05 23:00:00,YZ,Flexible_Industry_Heat,8486.080179289975,MW
2040-09-07 00:00:00,YZ,Flexible_Industry_Heat,9715.763176655664,MW
2040-09-08 01:00:00,YZ,Flexible_Industry_Heat,9104.159813285152,MW
2040-09-09 02:00:00,YZ,Flexible_Industry_Heat,9298.05094391086,MW
2040-09-10 03:00:00,YZ,Flexible_Industry_Heat,7928.7416734226,MW
2040-09-11 04:00:00,YZ,Flexible_Industry_Heat,8991.691527293528,MW
2040-09-12 05:00:00,YZ,Flexible_Industry_Heat,9065.75981328515,MW
2040-09-13 06:00:00,YZ,Flexible_Industry_Heat,8877.97709002115,MW
2040-09-14 07:00:00,YZ,Flexible_Industry_Heat,8900.75981328525,MW
2040-09-15 08:00:00,YZ,Flexible_Industry_Heat,7842.177090018151,MW
2040-09-16 09:00:00,YZ,Flexible_Industry_Heat,9123.359813285153,MW
2040-09-17 10:00:00,YZ,Flexible_Industry_Heat,7005.685004422198,MW
2040-09-18 11:00:00,YZ,Flexible_Industry_Heat,9123.359813285153,MW
2040-09-19 12:00:00,YZ,Flexible_Industry_Heat,9897.25583641304,MW
2040-09-20 13:00:00,YZ,Flexible_Industry_Heat,9392.360184132815,MW
2040-09-21 14:00:00,YZ,Flexible_Industry_Heat,9123.359813285153,MW
2040-09-22 15:00:00,YZ,Flexible_Industry_Heat,9931.324001516683,MW
2040-09-23 16:00:00,YZ,Flexible_Industry_Heat,10632.90437413722,MW
2040-09-24 17:00:00,YZ,Flexible_Industry_Heat,7092.275941280376,MW
2040-09-25 18:00:00,YZ,Flexible_Industry_Heat,9123.359813285153,MW
2040-09-26 19:00:00,YZ,Flexible_Industry_Heat,10388.01435600914,MW
2040-09-27 20:00:00,YZ,Flexible_Industry_Heat,9101.65981328515,MW
2040-09-28 21:00:00,YZ,Flexible_Industry_Heat,8152.738860890239,MW
2040-09-29 22:00:00,YZ,Flexible_Industry_Heat,8513.177090018151,MW
2040-09-30 23:00:00,YZ,Flexible_Industry_Heat,9123.359813285153,MW
2040-10-02 00:00:00,YZ,Flexible_Industry_Heat,8924.812796945143,MW
2040-10-03 01:00:00,YZ,Flexible_Industry_Heat,8092.258511260276,MW
2040-10-04 02:00:00,YZ,Flexible_Industry_Heat,9078.55981328515,MW
2040-10-05 03:00:00,YZ,Flexible_Industry_Heat,8675.77709002115,MW
2040-10-06 04:00:00,YZ,Flexible_Industry_Heat,8675.77709002115,MW
2040-10-07 05:00:00,YZ,Flexible_Industry_Heat,9065.75981328515,MW
2040-10-08 06:00:00,YZ,Flexible_Industry_Heat,8268.246506194768,MW
2040-10-09 07:00:00,YZ,Flexible_Industry_Heat,2790.8000000014,MW
2040-10-10 08:00:00,YZ,Flexible_Industry_Heat,7237.610869127725,MW
2040-10-11 09:00:00,YZ,Flexible_Industry_Heat,8907.157022318564,MW
2040-10-12 10:00:00,YZ,Flexible_Industry_Heat,10630.86145786513,MW
2040-10-13 11:00:00,YZ,Flexible_Industry_Heat,9707.195195467431,MW
2040-10-14 12:00:00,YZ,Flexible_Industry_Heat,7752.751854990681,MW
2040-10-15 13:00:00,YZ,Flexible_Industry_Heat,7628.569409894781,MW
2040-10-16 14:00:00,YZ,Flexible_Industry_Heat,9051.727295248094,MW
2040-10-17 15:00:00,YZ,Flexible_Industry_Heat,9123.359813285153,MW
2040-10-18 16:00:00,YZ,Flexible_Industry_Heat,7345.524052312792,MW
2040-10-19 17:00:00,YZ,Flexible_Industry_Heat,9123.359813285153,MW
2040-10-20 18:00:00,YZ,Flexible_Industry_Heat,10791.574893252679,MW
2040-10-21 19:00:00,YZ,Flexible_Industry_Heat,10902.274946375745,MW
2040-10-22 20:00:00,YZ,Flexible_Industry_Heat,10023.818154136841,MW
2040-10-23 21:00:00,YZ,Flexible_Industry_Heat,9123.359813285153,MW
2040-10-24 22:00:00,YZ,Flexible_Industry_Heat,10902.274946375745,MW
2040-10-25 23:00:00,YZ,Flexible_Industry_Heat,7354.177090018151,MW
2040-10-27 00:00:00,YZ,Flexible_Industry_Heat,8787.15805785811,MW
2040-10-28 01:00:00,YZ,Flexible_Industry_Heat,9518.844883867938,MW
2040-10-29 02:00:00,YZ,Flexible_Industry_Heat,6075.200000002001,MW
2040-10-30 03:00:00,YZ,Flexible_Industry_Heat,7917.562537720718,MW
2040-10-31 04:00:00,YZ,Flexible_Industry_Heat,7303.292522785348,MW
2040-11-01 05:00:00,YZ,Flexible_Industry_Heat,7784.378481688215,MW
2040-11-02 06:00:00,YZ,Flexible_Industry_Heat,8946.477090021152,MW
2040-11-03 07:00:00,YZ,Flexible_Industry_Heat,10110.683095319824,MW
2040-11-04 08:00:00,YZ,Flexible_Industry_Heat,9909.422363484771,MW
2040-11-05 09:00:00,YZ,Flexible_Industry_Heat,9123.359813285153,MW
2040-11-06 10:00:00,YZ,Flexible_Industry_Heat,9123.359813285153,MW
2040-11-07 11:00:00,YZ,Flexible_Industry_Heat,8397.693603932212,MW
2040-11-08 12:00:00,YZ,Flexible_Industry_Heat,9123.359813285153,MW
2040-11-09 13:00:00,YZ,Flexible_Industry_Heat,9123.359813285153,MW
2040-11-10 14:00:00,YZ,Flexible_Industry_Heat,9123.359813285153,MW
2040-11-11 15:00:00,YZ,Flexible_Industry_Heat,9123.359813285153,MW
2040-11-12 16:00:00,YZ,Flexible_Industry_Heat,9412.274946376094,MW
2040-11-13 17:00:00,YZ,Flexible_Industry_Heat,10165.456645645367,MW
2040-11-14 18:00:00,YZ,Flexible_Industry_Heat,6060.34869392372,MW
2040-11-15 19:00:00,YZ,Flexible_Industry_Heat,9596.174385172688,MW
2040-11-16 20:00:00,YZ,Flexible_Industry_Heat,9482.631331274699,MW
2040-11-17 21:00:00,YZ,Flexible_Industry_Heat,6767.401721490061,MW
2040-11-18 22:00:00,YZ,Flexible_Industry_Heat,11262.274946375996,MW
2040-11-19 23:00:00,YZ,Flexible_Industry_Heat,10902.274946375745,MW
2040-11-21 00:00:00,YZ,Flexible_Industry_Heat,11262.274946375996,MW
2040-11-22 01:00:00,YZ,Flexible_Industry_Heat,8932.75981328525,MW
2040-11-23 02:00:00,YZ,Flexible_Industry_Heat,7771.091864198701,MW
2040-11-24 03:00:00,YZ,Flexible_Industry_Heat,8877.97709002115,MW
2040-11-25 04:00:00,YZ,Flexible_Industry_Heat,6530.0527533097,MW
2040-11-26 05:00:00,YZ,Flexible_Industry_Heat,9097.75981328515,MW
2040-11-27 06:00:00,YZ,Flexible_Industry_Heat,10202.274946375745,MW
2040-11-28 07:00:00,YZ,Flexible_Industry_Heat,3960.932920598012,MW
2040-11-29 08:00:00,YZ,Flexible_Industry_Heat,9802.907010754492,MW
2040-11-30 09:00:00,YZ,Flexible_Industry_Heat,9123.359813285153,MW
2040-12-01 10:00:00,YZ,Flexible_Industry_Heat,9123.359813285153,MW
2040-12-02 11:00:00,YZ,Flexible_Industry_Heat,9017.018278158177,MW
2040-12-03 12:00:00,YZ,Flexible_Industry_Heat,9174.027928062815,MW
2040-12-04 13:00:00,YZ,Flexible_Industry_Heat,8203.72356970452,MW
2040-12-05 14:00:00,YZ,Flexible_Industry_Heat,6560.200000001901,MW
2040-12-06 15:00:00,YZ,Flexible_Industry_Heat,4891.825365574136,MW
2040-12-07 16:00:00,YZ,Flexible_Industry_Heat,9621.433410202297,MW
2040-12-08 17:00:00,YZ,Flexible_Industry_Heat,9687.993793100568,MW
2040-12-09 18:00:00,YZ,Flexible_Industry_Heat,9123.359813285153,MW
2040-12-10 19:00:00,YZ,Flexible_Industry_Heat,9123.359813285153,MW
2040-12-11 20:00:00,YZ,Flexible_Industry_Heat,9040.554825940888,MW
2040-12-12 21:00:00,YZ,Flexible_Industry_Heat,9123.359813285153,MW
2040-12-13 22:00:00,YZ,Flexible_Industry_Heat,10004.616394440493,MW
2040-12-14 23:00:00,YZ,Flexible_Industry_Heat,10680.874946375845,MW
2040-12-16 00:00:00,YZ,Flexible_Industry_Heat,8029.289586153352,MW
2040-12-17 01:00:00,YZ,Flexible_Industry_Heat,7557.398927929005,MW
2040-12-18 02:00:00,YZ,Flexible_Industry_Heat,7375.730001595186,MW
2040-12-19 03:00:00,YZ,Flexible_Industry_Heat,9084.959813285152,MW
2040-12-20 04:00:00,YZ,Flexible_Industry_Heat,8754.77709002125,MW
2040-12-21 05:00:00,YZ,Flexible_Industry_Heat,8810.577090021152,MW
2040-12-22 06:00:00,YZ,Flexible_Industry_Heat,8913.559813285252,MW
2040-12-23 07:00:00,YZ,Flexible_Industry_Heat,6424.953210902156,MW
2040-12-24 08:00:00,YZ,Flexible_Industry_Heat,8488.10280735203,MW
2040-12-25 09:00:00,YZ,Flexible_Industry_Heat,9123.359813285153,MW
2040-12-26 10:00:00,YZ,Flexible_Industry_Heat,9123.359813285153,MW
2040-12-27 11:00:00,YZ,Flexible_Industry_Heat,8315.974330069677,MW
2040-12-28 12:00:00,YZ,Flexible_Industry_Heat,9123.359813285153,MW
2040-12-29 13:00:00,YZ,Flexible_Industry_Heat,10282.83950150685,MW
2040-12-30 14:00:00,YZ,Flexible_Industry_Heat,6560.200000001901,MW
2040-12-31 15:00:00,YZ,Flexible_Industry_Heat,9123.359813285153,MW
2040-01-01 00:00:00,YZ,Flexible_EV_Charging,85.61052631581526,MW
2040-01-02 01:00:00,YZ,Flexible_EV_Charging,86.31578947375,MW
2040-01-03 02:00:00,YZ,Flexible_EV_Charging,88.42105263165001,MW
2040-01-04 03:00:00,YZ,Flexible_EV_Charging,94.73684210535,MW
2040-01-05 04:00:00,YZ,Flexible_EV_Charging,94.73684210535,MW
2040-01-06 05:00:00,YZ,Flexible_EV_Charging,90.52631578955001,MW
2040-01-07 06:00:00,YZ,Flexible_EV_Charging,92.63157894745001,MW
2040-01-08 07:00:00,YZ,Flexible_EV_Charging,53.68421052638,MW
2040-01-09 08:00:00,YZ,Flexible_EV_Charging,50.52631578952,MW
2040-01-10 09:00:00,YZ,Flexible_EV_Charging,49.473684210550005,MW
2040-01-11 10:00:00,YZ,Flexible_EV_Charging,50.52631578952,MW
2040-01-12 11:00:00,YZ,Flexible_EV_Charging,50.52631578952,MW
2040-01-13 12:00:00,YZ,Flexible_EV_Charging,45.26315789475,MW
2040-01-14 13:00:00,YZ,Flexible_EV_Charging,49.473684210550005,MW
2040-01-15 14:00:00,YZ,Flexible_EV_Charging,43.15789473685,MW
2040-01-16 15:00:00,YZ,Flexible_EV_Charging,40.00000000003,MW
2040-01-17 16:00:00,YZ,Flexible_EV_Charging,32.63157894738,MW
2040-01-18 17:00:00,YZ,Flexible_EV_Charging,27.36842105265,MW
2040-01-19 18:00:00,YZ,Flexible_EV_Charging,12.631578947381001,MW
2040-01-20 19:00:00,YZ,Flexible_EV_Charging,44.21052631583,MW
2040-01-21 20:00:00,YZ,Flexible_EV_Charging,42.10526315792,MW
2040-01-22 21:00:00,YZ,Flexible_EV_Charging,58.94736842110001,MW
2040-01-23 22:00:00,YZ,Flexible_EV_Charging,65.26315789478,MW
2040-01-24 23:00:00,YZ,Flexible_EV_Charging,71.57894736847,MW
2040-01-26 00:00:00,YZ,Flexible_EV_Charging,76.84210526321999,MW
2040-01-27 01:00:00,YZ,Flexible_EV_Charging,76.84210526321999,MW
2040-01-28 02:00:00,YZ,Flexible_EV_Charging,85.26315789481,MW
2040-01-29 03:00:00,YZ,Flexible_EV_Charging,92.63157894745001,MW
2040-01-30 04:00:00,YZ,Flexible_EV_Charging,95.78947368429002,MW
2040-01-31 05:00:00,YZ,Flexible_EV_Charging,89.47368421058,MW
2040-02-01 06:00:00,YZ,Flexible_EV_Charging,75.78947368426,MW
2040-02-02 07:00:00,YZ,Flexible_EV_Charging,62.10526315792,MW
2040-02-03 08:00:00,YZ,Flexible_EV_Charging,77.89473684217,MW
2040-02-04 09:00:00,YZ,Flexible_EV_Charging,85.26315789481,MW
2040-02-05 10:00:00,YZ,Flexible_EV_Charging,44.21052631583,MW
2040-02-06 11:00:00,YZ,Flexible_EV_Charging,49.473684210550005,MW
2040-02-07 12:00:00,YZ,Flexible_EV_Charging,48.421052631609996,MW
2040-02-08 13:00:00,YZ,Flexible_EV_Charging,43.15789473685,MW
2040-02-09 14:00:00,YZ,Flexible_EV_Charging,20.000000000030003,MW
2040-02-10 15:00:00,YZ,Flexible_EV_Charging,27.36842105265,MW
2040-02-11 16:00:00,YZ,Flexible_EV_Charging,38.94736842107,MW
2040-02-12 17:00:00,YZ,Flexible_EV_Charging,33.68421052635,MW
2040-02-13 18:00:00,YZ,Flexible_EV_Charging,28.421052631610003,MW
2040-02-14 19:00:00,YZ,Flexible_EV_Charging,31.57894736844,MW
2040-02-15 20:00:00,YZ,Flexible_EV_Charging,42.10526315792,MW
2040-02-16 21:00:00,YZ,Flexible_EV_Charging,40.00000000003,MW
2040-02-17 22:00:00,YZ,Flexible_EV_Charging,60.00000000003,MW
2040-02-18 23:00:00,YZ,Flexible_EV_Charging,66.31578947372,MW
2040-02-20 00:00:00,YZ,Flexible_EV_Charging,82.10526315795,MW
2040-02-21 01:00:00,YZ,Flexible_EV_Charging,86.31578947375,MW
2040-02-22 02:00:00,YZ,Flexible_EV_Charging,90.52631578955001,MW
2040-02-23 03:00:00,YZ,Flexible_EV_Charging,92.63157894745001,MW
2040-02-24 04:00:00,YZ,Flexible_EV_Charging,88.42105263165001,MW
2040-02-25 05:00:00,YZ,Flexible_EV_Charging,93.68421052641,MW
2040-02-26 06:00:00,YZ,Flexible_EV_Charging,70.52631578955999,MW
2040-02-27 07:00:00,YZ,Flexible_EV_Charging,58.94736842110001,MW
2040-02-28 08:00:00,YZ,Flexible_EV_Charging,49.473684210550005,MW
2040-02-29 09:00:00,YZ,Flexible_EV_Charging,47.368421052680006,MW
2040-03-01 10:00:00,YZ,Flexible_EV_Charging,50.52631578952,MW
2040-03-02 11:00:00,YZ,Flexible_EV_Charging,44.21052631583,MW
2040-03-03 12:00:00,YZ,Flexible_EV_Charging,50.52631578952,MW
2040-03-04 13:00:00,YZ,Flexible_EV_Charging,44.21052631583,MW
2040-03-05 14:00:00,YZ,Flexible_EV_Charging,44.21052631583,MW
2040-03-06 15:00:00,YZ,Flexible_EV_Charging,35.78947368423,MW
2040-03-07 16:00:00,YZ,Flexible_EV_Charging,25.263157894749998,MW
2040-03-08 17:00:00,YZ,Flexible_EV_Charging,7.368421052638,MW
2040-03-09 18:00:00,YZ,Flexible_EV_Charging,28.421052631610003,MW
2040-03-10 19:00:00,YZ,Flexible_EV_Charging,25.263157894749998,MW
2040-03-11 20:00:00,YZ,Flexible_EV_Charging,46.31578947372001,MW
2040-03-12 21:00:00,YZ,Flexible_EV_Charging,54.736842105310004,MW
2040-03-13 22:00:00,YZ,Flexible_EV_Charging,61.052631578989995,MW
2040-03-14 23:00:00,YZ,Flexible_EV_Charging,66.31578947372,MW
2040-03-16 00:00:00,YZ,Flexible_EV_Charging,69.47368421058,MW
2040-03-17 01:00:00,YZ,Flexible_EV_Charging,80.00000000006,MW
2040-03-18 02:00:00,YZ,Flexible_EV_Charging,88.42105263165001,MW
2040-03-19 03:00:00,YZ,Flexible_EV_Charging,94.73684210535,MW
2040-03-20 04:00:00,YZ,Flexible_EV_Charging,94.73684210535,MW
2040-03-21 05:00:00,YZ,Flexible_EV_Charging,88.42105263165001,MW
2040-03-22 06:00:00,YZ,Flexible_EV_Charging,75.78947368426,MW
2040-03-23 07:00:00,YZ,Flexible_EV_Charging,76.84210526321999,MW
2040-03-24 08:00:00,YZ,Flexible_EV_Charging,87.36842105266999,MW
2040-03-25 09:00:00,YZ,Flexible_EV_Charging,43.15789473685,MW
2040-03-26 10:00:00,YZ,Flexible_EV_Charging,47.368421052680006,MW
2040-03-27 11:00:00,YZ,Flexible_EV_Charging,45.26315789475,MW
2040-03-28 12:00:00,YZ,Flexible_EV_Charging,34.7368421053,MW
2040-03-29 13:00:00,YZ,Flexible_EV_Charging,17.894736842141,MW
2040-03-30 14:00:00,YZ,Flexible_EV_Charging,24.210526315830002,MW
2040-03-31 15:00:00,YZ,Flexible_EV_Charging,31.57894736844,MW
2040-04-01 16:00:00,YZ,Flexible_EV_Charging,4.210526315792,MW
2040-04-02 17:00:00,YZ,Flexible_EV_Charging,15.789473684207,MW
2040-04-03 18:00:00,YZ,Flexible_EV_Charging,21.05263157897,MW
2040-04-04 19:00:00,YZ,Flexible_EV_Charging,25.263157894749998,MW
2040-04-05 20:00:00,YZ,Flexible_EV_Charging,26.31578947368,MW
2040-04-06 21:00:00,YZ,Flexible_EV_Charging,45.26315789475,MW
2040-04-07 22:00:00,YZ,Flexible_EV_Charging,44.21052631583,MW
2040-04-08 23:00:00,YZ,Flexible_EV_Charging,71.57894736847,MW
2040-04-10 00:00:00,YZ,Flexible_EV_Charging,78.94736842110001,MW
2040-04-11 01:00:00,YZ,Flexible_EV_Charging,83.15789473691,MW
2040-04-12 02:00:00,YZ,Flexible_EV_Charging,87.36842105266999,MW
2040-04-13 03:00:00,YZ,Flexible_EV_Charging,87.36842105266999,MW
2040-04-14 04:00:00,YZ,Flexible_EV_Charging,90.52631578955001,MW
2040-04-15 05:00:00,YZ,Flexible_EV_Charging,83.15789473691,MW
2040-04-16 06:00:00,YZ,Flexible_EV_Charging,73.68421052638,MW
2040-04-17 07:00:00,YZ,Flexible_EV_Charging,55.789473684259995,MW
2040-04-18 08:00:00,YZ,Flexible_EV_Charging,46.31578947372001,MW
2040-04-19 09:00:00,YZ,Flexible_EV_Charging,47.368421052680006,MW
2040-04-20 10:00:00,YZ,Flexible_EV_Charging,51.578947368440005,MW
2040-04-21 11:00:00,YZ,Flexible_EV_Charging,54.736842105310004,MW
2040-04-22 12:00:00,YZ,Flexible_EV_Charging,40.00000000003,MW
2040-04-23 13:00:00,YZ,Flexible_EV_Charging,44.21052631583,MW
2040-04-24 14:00:00,YZ,Flexible_EV_Charging,37.89473684214,MW
2040-04-25 15:00:00,YZ,Flexible_EV_Charging,28.421052631610003,MW
2040-04-26 16:00:00,YZ,Flexible_EV_Charging,3.1578947368440002,MW
2040-04-27 17:00:00,YZ,Flexible_EV_Charging,22.10526315789,MW
2040-04-28 18:00:00,YZ,Flexible_EV_Charging,23.157894736850004,MW
2040-04-29 19:00:00,YZ,Flexible_EV_Charging,33.68421052635,MW
2040-04-30 20:00:00,YZ,Flexible_EV_Charging,37.89473684214,MW
2040-05-01 21:00:00,YZ,Flexible_EV_Charging,51.578947368440005,MW
2040-05-02 22:00:00,YZ,Flexible_EV_Charging,56.84210526322,MW
2040-05-03 23:00:00,YZ,Flexible_EV_Charging,56.84210526322,MW
2040-05-05 00:00:00,YZ,Flexible_EV_Charging,69.47368421058,MW
2040-05-06 01:00:00,YZ,Flexible_EV_Charging,77.89473684217,MW
2040-05-07 02:00:00,YZ,Flexible_EV_Charging,90.52631578955001,MW
2040-05-08 03:00:00,YZ,Flexible_EV_Charging,92.63157894745001,MW
2040-05-09 04:00:00,YZ,Flexible_EV_Charging,86.31578947375,MW
2040-05-10 05:00:00,YZ,Flexible_EV_Charging,92.63157894745001,MW
2040-05-11 06:00:00,YZ,Flexible_EV_Charging,90.52631578955001,MW
2040-05-12 07:00:00,YZ,Flexible_EV_Charging,89.47368421058,MW
2040-05-13 08:00:00,YZ,Flexible_EV_Charging,40.00000000003,MW
2040-05-14 09:00:00,YZ,Flexible_EV_Charging,43.15789473685,MW
2040-05-15 10:00:00,YZ,Flexible_EV_Charging,45.26315789475,MW
2040-05-16 11:00:00,YZ,Flexible_EV_Charging,44.21052631583,MW
2040-05-17 12:00:00,YZ,Flexible_EV_Charging,30.526315789479998,MW
2040-05-18 13:00:00,YZ,Flexible_EV_Charging,22.10526315789,MW
2040-05-19 14:00:00,YZ,Flexible_EV_Charging,32.63157894738,MW
2040-05-20 15:00:00,YZ,Flexible_EV_Charging,23.157894736850004,MW
2040-05-21 16:00:00,YZ,Flexible_EV_Charging,24.210526315830002,MW
2040-05-22 17:00:00,YZ,Flexible_EV_Charging,23.157894736850004,MW
2040-05-23 18:00:00,YZ,Flexible_EV_Charging,18.947368421076,MW
2040-05-24 19:00:00,YZ,Flexible_EV_Charging,17.894736842141,MW
2040-05-25 20:00:00,YZ,Flexible_EV_Charging,44.21052631583,MW
2040-05-26 21:00:00,YZ,Flexible_EV_Charging,41.052631579,MW
2040-05-27 22:00:00,YZ,Flexible_EV_Charging,64.21052631582,MW
2040-05-28 23:00:00,YZ,Flexible_EV_Charging,70.52631578955999,MW
2040-05-30 00:00:00,YZ,Flexible_EV_Charging,65.26315789478,MW
2040-05-31 01:00:00,YZ,Flexible_EV_Charging,83.15789473691,MW
2040-06-01 02:00:00,YZ,Flexible_EV_Charging,82.10526315795,MW
2040-06-02 03:00:00,YZ,Flexible_EV_Charging,85.26315789481,MW
2040-06-03 04:00:00,YZ,Flexible_EV_Charging,86.31578947375,MW
2040-06-04 05:00:00,YZ,Flexible_EV_Charging,88.42105263165001,MW
2040-06-05 06:00:00,YZ,Flexible_EV_Charging,73.68421052638,MW
2040-06-06 07:00:00,YZ,Flexible_EV_Charging,46.31578947372001,MW
2040-06-07 08:00:00,YZ,Flexible_EV_Charging,56.84210526322,MW
2040-06-08 09:00:00,YZ,Flexible_EV_Charging,51.578947368440005,MW
2040-06-09 10:00:00,YZ,Flexible_EV_Charging,61.052631578989995,MW
2040-06-10 11:00:00,YZ,Flexible_EV_Charging,63.15789473688,MW
2040-06-11 12:00:00,YZ,Flexible_EV_Charging,41.052631579,MW
2040-06-12 13:00:00,YZ,Flexible_EV_Charging,46.31578947372001,MW
2040-06-13 14:00:00,YZ,Flexible_EV_Charging,42.10526315792,MW
2040-06-14 15:00:00,YZ,Flexible_EV_Charging,35.78947368423,MW
2040-06-15 16:00:00,YZ,Flexible_EV_Charging,11.578947368442002,MW
2040-06-16 17:00:00,YZ,Flexible_EV_Charging,26.31578947368,MW
2040-06-17 18:00:00,YZ,Flexible_EV_Charging,18.947368421076,MW
2040-06-18 19:00:00,YZ,Flexible_EV_Charging,25.263157894749998,MW
2040-06-19 20:00:00,YZ,Flexible_EV_Charging,31.57894736844,MW
2040-06-20 21:00:00,YZ,Flexible_EV_Charging,40.00000000003,MW
2040-06-21 22:00:00,YZ,Flexible_EV_Charging,44.21052631583,MW
2040-06-22 23:00:00,YZ,Flexible_EV_Charging,45.26315789475,MW
2040-06-24 00:00:00,YZ,Flexible_EV_Charging,66.31578947372,MW
2040-06-25 01:00:00,YZ,Flexible_EV_Charging,67.36842105267999,MW
2040-06-26 02:00:00,YZ,Flexible_EV_Charging,85.26315789481,MW
2040-06-27 03:00:00,YZ,Flexible_EV_Charging,89.47368421058,MW
2040-06-28 04:00:00,YZ,Flexible_EV_Charging,92.63157894745001,MW
2040-06-29 05:00:00,YZ,Flexible_EV_Charging,91.57894736847,MW
2040-06-30 06:00:00,YZ,Flexible_EV_Charging,84.21052631585,MW
2040-07-01 07:00:00,YZ,Flexible_EV_Charging,87.36842105266999,MW
2040-07-02 08:00:00,YZ,Flexible_EV_Charging,51.578947368440005,MW
2040-07-03 09:00:00,YZ,Flexible_EV_Charging,50.52631578952,MW
2040-07-04 10:00:00,YZ,Flexible_EV_Charging,47.368421052680006,MW
2040-07-05 11:00:00,YZ,Flexible_EV_Charging,45.26315789475,MW
2040-07-06 12:00:00,YZ,Flexible_EV_Charging,41.052631579,MW
2040-07-07 13:00:00,YZ,Flexible_EV_Charging,29.47368421055,MW
2040-07-08 14:00:00,YZ,Flexible_EV_Charging,29.47368421055,MW
2040-07-09 15:00:00,YZ,Flexible_EV_Charging,36.84210526319,MW
2040-07-10 16:00:00,YZ,Flexible_EV_Charging,34.7368421053,MW
2040-07-11 17:00:00,YZ,Flexible_EV_Charging,26.31578947368,MW
2040-07-12 18:00:00,YZ,Flexible_EV_Charging,17.894736842141,MW
2040-07-13 19:00:00,YZ,Flexible_EV_Charging,8.421052631585,MW
2040-07-14 20:00:00,YZ,Flexible_EV_Charging,33.68421052635,MW
2040-07-15 21:00:00,YZ,Flexible_EV_Charging,28.421052631610003,MW
2040-07-16 22:00:00,YZ,Flexible_EV_Charging,52.631578947410006,MW
2040-07-17 23:00:00,YZ,Flexible_EV_Charging,60.00000000003,MW
2040-07-19 00:00:00,YZ,Flexible_EV_Charging,66.31578947372,MW
2040-07-20 01:00:00,YZ,Flexible_EV_Charging,70.52631578955999,MW
2040-07-21 02:00:00,YZ,Flexible_EV_Charging,67.36842105267999,MW
2040-07-22 03:00:00,YZ,Flexible_EV_Charging,77.89473684217,MW
2040-07-23 04:00:00,YZ,Flexible_EV_Charging,84.21052631585,MW
2040-07-24 05:00:00,YZ,Flexible_EV_Charging,92.63157894745001,MW
2040-07-25 06:00:00,YZ,Flexible_EV_Charging,87.36842105266999,MW
2040-07-26 07:00:00,YZ,Flexible_EV_Charging,73.68421052638,MW
2040-07-27 08:00:00,YZ,Flexible_EV_Charging,61.052631578989995,MW
2040-07-28 09:00:00,YZ,Flexible_EV_Charging,64.21052631582,MW
2040-07-29 10:00:00,YZ,Flexible_EV_Charging,67.36842105267999,MW
2040-07-30 11:00:00,YZ,Flexible_EV_Charging,40.00000000003,MW
2040-07-31 12:00:00,YZ,Flexible_EV_Charging,44.21052631583,MW
2040-08-01 13:00:00,YZ,Flexible_EV_Charging,41.052631579,MW
2040-08-02 14:00:00,YZ,Flexible_EV_Charging,37.89473684214,MW
2040-08-03 15:00:00,YZ,Flexible_EV_Charging,18.947368421076,MW
2040-08-04 16:00:00,YZ,Flexible_EV_Charging,20.000000000030003,MW
2040-08-05 17:00:00,YZ,Flexible_EV_Charging,14.736842105278,MW
2040-08-06 18:00:00,YZ,Flexible_EV_Charging,23.157894736850004,MW
2040-08-07 19:00:00,YZ,Flexible_EV_Charging,26.31578947368,MW
2040-08-08 20:00:00,YZ,Flexible_EV_Charging,30.526315789479998,MW
2040-08-09 21:00:00,YZ,Flexible_EV_Charging,34.7368421053,MW
2040-08-10 22:00:00,YZ,Flexible_EV_Charging,30.526315789479998,MW
2040-08-11 23:00:00,YZ,Flexible_EV_Charging,50.52631578952,MW
2040-08-13 00:00:00,YZ,Flexible_EV_Charging,52.631578947410006,MW
2040-08-14 01:00:00,YZ,Flexible_EV_Charging,76.84210526321999,MW
2040-08-15 02:00:00,YZ,Flexible_EV_Charging,82.10526315795,MW
2040-08-16 03:00:00,YZ,Flexible_EV_Charging,87.36842105266999,MW
2040-08-17 04:00:00,YZ,Flexible_EV_Charging,89.47368421058,MW
2040-08-18 05:00:00,YZ,Flexible_EV_Charging,85.26315789481,MW
2040-08-19 06:00:00,YZ,Flexible_EV_Charging,87.36842105266999,MW
2040-08-20 07:00:00,YZ,Flexible_EV_Charging,67.36842105267999,MW
2040-08-21 08:00:00,YZ,Flexible_EV_Charging,57.89473684217,MW
2040-08-22 09:00:00,YZ,Flexible_EV_Charging,49.473684210550005,MW
2040-08-23 10:00:00,YZ,Flexible_EV_Charging,45.26315789475,MW
2040-08-24 11:00:00,YZ,Flexible_EV_Charging,44.21052631583,MW
2040-08-25 12:00:00,YZ,Flexible_EV_Charging,34.7368421053,MW
2040-08-26 13:00:00,YZ,Flexible_EV_Charging,33.68421052635,MW
2040-08-27 14:00:00,YZ,Flexible_EV_Charging,37.89473684214,MW
2040-08-28 15:00:00,YZ,Flexible_EV_Charging,38.94736842107,MW
2040-08-29 16:00:00,YZ,Flexible_EV_Charging,31.57894736844,MW
2040-08-30 17:00:00,YZ,Flexible_EV_Charging,21.05263157897,MW
2040-08-31 18:00:00,YZ,Flexible_EV_Charging,4.210526315792,MW
2040-09-01 19:00:00,YZ,Flexible_EV_Charging,22.10526315789,MW
2040-09-02 20:00:00,YZ,Flexible_EV_Charging,12.631578947381001,MW
2040-09-03 21:00:00,YZ,Flexible_EV_Charging,43.15789473685,MW
2040-09-04 22:00:00,YZ,Flexible_EV_Charging,51.578947368440005,MW
2040-09-05 23:00:00,YZ,Flexible_EV_Charging,57.89473684217,MW
2040-09-07 00:00:00,YZ,Flexible_EV_Charging,63.15789473688,MW
2040-09-08 01:00:00,YZ,Flexible_EV_Charging,64.21052631582,MW
2040-09-09 02:00:00,YZ,Flexible_EV_Charging,73.68421052638,MW
2040-09-10 03:00:00,YZ,Flexible_EV_Charging,82.10526315795,MW
2040-09-11 04:00:00,YZ,Flexible_EV_Charging,93.68421052641,MW
2040-09-12 05:00:00,YZ,Flexible_EV_Charging,93.68421052641,MW
2040-09-13 06:00:00,YZ,Flexible_EV_Charging,88.42105263165001,MW
2040-09-14 07:00:00,YZ,Flexible_EV_Charging,74.73684210532,MW
2040-09-15 08:00:00,YZ,Flexible_EV_Charging,81.05263157902,MW
2040-09-16 09:00:00,YZ,Flexible_EV_Charging,83.15789473691,MW
2040-09-17 10:00:00,YZ,Flexible_EV_Charging,40.00000000003,MW
2040-09-18 11:00:00,YZ,Flexible_EV_Charging,45.26315789475,MW
2040-09-19 12:00:00,YZ,Flexible_EV_Charging,45.26315789475,MW
2040-09-20 13:00:00,YZ,Flexible_EV_Charging,43.15789473685,MW
2040-09-21 14:00:00,YZ,Flexible_EV_Charging,26.31578947368,MW
2040-09-22 15:00:00,YZ,Flexible_EV_Charging,23.157894736850004,MW
2040-09-23 16:00:00,YZ,Flexible_EV_Charging,22.10526315789,MW
2040-09-24 17:00:00,YZ,Flexible_EV_Charging,26.31578947368,MW
2040-09-25 18:00:00,YZ,Flexible_EV_Charging,21.05263157897,MW
2040-09-26 19:00:00,YZ,Flexible_EV_Charging,20.000000000030003,MW
2040-09-27 20:00:00,YZ,Flexible_EV_Charging,22.10526315789,MW
2040-09-28 21:00:00,YZ,Flexible_EV_Charging,20.000000000030003,MW
2040-09-29 22:00:00,YZ,Flexible_EV_Charging,46.31578947372001,MW
2040-09-30 23:00:00,YZ,Flexible_EV_Charging,45.26315789475,MW
2040-10-02 00:00:00,YZ,Flexible_EV_Charging,73.68421052638,MW
2040-10-03 01:00:00,YZ,Flexible_EV_Charging,71.57894736847,MW
2040-10-04 02:00:00,YZ,Flexible_EV_Charging,85.26315789481,MW
2040-10-05 03:00:00,YZ,Flexible_EV_Charging,88.42105263165001,MW
2040-10-06 04:00:00,YZ,Flexible_EV_Charging,87.36842105266999,MW
2040-10-07 05:00:00,YZ,Flexible_EV_Charging,89.47368421058,MW
2040-10-08 06:00:00,YZ,Flexible_EV_Charging,82.10526315795,MW
2040-10-09 07:00:00,YZ,Flexible_EV_Charging,74.73684210532,MW
2040-10-10 08:00:00,YZ,Flexible_EV_Charging,60.00000000003,MW
2040-10-11 09:00:00,YZ,Flexible_EV_Charging,50.52631578952,MW
2040-10-12 10:00:00,YZ,Flexible_EV_Charging,50.52631578952,MW
2040-10-13 11:00:00,YZ,Flexible_EV_Charging,46.31578947372001,MW
2040-10-14 12:00:00,YZ,Flexible_EV_Charging,47.368421052680006,MW
2040-10-15 13:00:00,YZ,Flexible_EV_Charging,40.00000000003,MW
2040-10-16 14:00:00,YZ,Flexible_EV_Charging,44.21052631583,MW
2040-10-17 15:00:00,YZ,Flexible_EV_Charging,37.89473684214,MW
2040-10-18 16:00:00,YZ,Flexible_EV_Charging,29.47368421055,MW
2040-10-19 17:00:00,YZ,Flexible_EV_Charging,7.368421052638,MW
2040-10-20 18:00:00,YZ,Flexible_EV_Charging,24.210526315830002,MW
2040-10-21 19:00:00,YZ,Flexible_EV_Charging,9.473684210535,MW
2040-10-22 20:00:00,YZ,Flexible_EV_Charging,33.68421052635,MW
2040-10-23 21:00:00,YZ,Flexible_EV_Charging,43.15789473685,MW
2040-10-24 22:00:00,YZ,Flexible_EV_Charging,50.52631578952,MW
2040-10-25 23:00:00,YZ,Flexible_EV_Charging,53.68421052638,MW
2040-10-27 00:00:00,YZ,Flexible_EV_Charging,55.789473684259995,MW
2040-10-28 01:00:00,YZ,Flexible_EV_Charging,70.52631578955999,MW
2040-10-29 02:00:00,YZ,Flexible_EV_Charging,82.10526315795,MW
2040-10-30 03:00:00,YZ,Flexible_EV_Charging,91.57894736847,MW
2040-10-31 04:00:00,YZ,Flexible_EV_Charging,92.63157894745001,MW
2040-11-01 05:00:00,YZ,Flexible_EV_Charging,90.52631578955001,MW
2040-11-02 06:00:00,YZ,Flexible_EV_Charging,91.57894736847,MW
2040-11-03 07:00:00,YZ,Flexible_EV_Charging,91.57894736847,MW
2040-11-04 08:00:00,YZ,Flexible_EV_Charging,92.63157894745001,MW
2040-11-05 09:00:00,YZ,Flexible_EV_Charging,41.052631579,MW
2040-11-06 10:00:00,YZ,Flexible_EV_Charging,45.26315789475,MW
2040-11-07 11:00:00,YZ,Flexible_EV_Charging,47.368421052680006,MW
2040-11-08 12:00:00,YZ,Flexible_EV_Charging,47.368421052680006,MW
2040-11-09 13:00:00,YZ,Flexible_EV_Charging,38.94736842107,MW
2040-11-10 14:00:00,YZ,Flexible_EV_Charging,36.84210526319,MW
2040-11-11 15:00:00,YZ,Flexible_EV_Charging,35.78947368423,MW
2040-11-12 16:00:00,YZ,Flexible_EV_Charging,34.7368421053,MW
2040-11-13 17:00:00,YZ,Flexible_EV_Charging,29.47368421055,MW
2040-11-14 18:00:00,YZ,Flexible_EV_Charging,22.10526315789,MW
2040-11-15 19:00:00,YZ,Flexible_EV_Charging,18.947368421076,MW
2040-11-16 20:00:00,YZ,Flexible_EV_Charging,16.842105263176002,MW
2040-11-17 21:00:00,YZ,Flexible_EV_Charging,47.368421052680006,MW
2040-11-18 22:00:00,YZ,Flexible_EV_Charging,44.21052631583,MW
2040-11-19 23:00:00,YZ,Flexible_EV_Charging,66.31578947372,MW
2040-11-21 00:00:00,YZ,Flexible_EV_Charging,72.63157894742,MW
2040-11-22 01:00:00,YZ,Flexible_EV_Charging,80.00000000006,MW
2040-11-23 02:00:00,YZ,Flexible_EV_Charging,83.15789473691,MW
2040-11-24 03:00:00,YZ,Flexible_EV_Charging,83.15789473691,MW
2040-11-25 04:00:00,YZ,Flexible_EV_Charging,89.47368421058,MW
2040-11-26 05:00:00,YZ,Flexible_EV_Charging,92.63157894745001,MW
2040-11-27 06:00:00,YZ,Flexible_EV_Charging,89.47368421058,MW
2040-11-28 07:00:00,YZ,Flexible_EV_Charging,74.73684210532,MW
2040-11-29 08:00:00,YZ,Flexible_EV_Charging,58.94736842110001,MW
2040-11-30 09:00:00,YZ,Flexible_EV_Charging,53.68421052638,MW
2040-12-01 10:00:00,YZ,Flexible_EV_Charging,67.36842105267999,MW
2040-12-02 11:00:00,YZ,Flexible_EV_Charging,74.73684210532,MW
2040-12-03 12:00:00,YZ,Flexible_EV_Charging,42.10526315792,MW
2040-12-04 13:00:00,YZ,Flexible_EV_Charging,47.368421052680006,MW
2040-12-05 14:00:00,YZ,Flexible_EV_Charging,44.21052631583,MW
2040-12-06 15:00:00,YZ,Flexible_EV_Charging,37.89473684214,MW
2040-12-07 16:00:00,YZ,Flexible_EV_Charging,13.684210526339,MW
2040-12-08 17:00:00,YZ,Flexible_EV_Charging,30.526315789479998,MW
2040-12-09 18:00:00,YZ,Flexible_EV_Charging,22.10526315789,MW
2040-12-10 19:00:00,YZ,Flexible_EV_Charging,26.31578947368,MW
2040-12-11 20:00:00,YZ,Flexible_EV_Charging,34.7368421053,MW
2040-12-12 21:00:00,YZ,Flexible_EV_Charging,43.15789473685,MW
2040-12-13 22:00:00,YZ,Flexible_EV_Charging,48.421052631609996,MW
2040-12-14 23:00:00,YZ,Flexible_EV_Charging,51.578947368440005,MW
2040-12-16 00:00:00,YZ,Flexible_EV_Charging,65.26315789478,MW
2040-12-17 01:00:00,YZ,Flexible_EV_Charging,78.94736842110001,MW
2040-12-18 02:00:00,YZ,Flexible_EV_Charging,87.36842105266999,MW
2040-12-19 03:00:00,YZ,Flexible_EV_Charging,89.47368421058,MW
2040-12-20 04:00:00,YZ,Flexible_EV_Charging,90.52631578955001,MW
2040-12-21 05:00:00,YZ,Flexible_EV_Charging,89.47368421058,MW
2040-12-22 06:00:00,YZ,Flexible_EV_Charging,82.10526315795,MW
2040-12-23 07:00:00,YZ,Flexible_EV_Charging,91.57894736847,MW
2040-12-24 08:00:00,YZ,Flexible_EV_Charging,92.63157894745001,MW
2040-12-25 09:00:00,YZ,Flexible_EV_Charging,93.68421052641,MW
2040-12-26 10:00:00,YZ,Flexible_EV_Charging,80.00000000006,MW
2040-12-27 11:00:00,YZ,Flexible_EV_Charging,53.68421052638,MW
2040-12-28 12:00:00,YZ,Flexible_EV_Charging,45.26315789475,MW
2040-12-29 13:00:00,YZ,Flexible_EV_Charging,32.63157894738,MW
2040-12-30 14:00:00,YZ,Flexible_EV_Charging,40.00000000003,MW
2040-12-31 15:00:00,YZ,Flexible_EV_Charging,58.94736842110001,MW
