snapshot,country,region,value,unit
2040-01-01 00:00:00,XY,CE,43.190762868715886,usd/MWh_el
2040-01-02 01:00:00,XY,CE,43.190762868715886,usd/MWh_el
2040-01-03 02:00:00,XY,CE,49.49052081238212,usd/MWh_el
2040-01-04 03:00:00,XY,CE,49.49074964893884,usd/MWh_el
2040-01-05 04:00:00,XY,CE,43.190762868715886,usd/MWh_el
2040-01-06 05:00:00,XY,CE,43.190762868715886,usd/MWh_el
2040-01-07 06:00:00,XY,CE,49.4908798124696,usd/MWh_el
2040-01-08 07:00:00,XY,CE,49.4908798124696,usd/MWh_el
2040-01-09 08:00:00,XY,CE,43.190762868715886,usd/MWh_el
2040-01-10 09:00:00,XY,CE,42.88604766158092,usd/MWh_el
2040-01-11 10:00:00,XY,CE,9.552714328247584,usd/MWh_el
2040-01-12 11:00:00,XY,CE,16.990346151325358,usd/MWh_el
2040-01-13 12:00:00,XY,CE,0.010858052436,usd/MWh_el
2040-01-14 13:00:00,XY,CE,36.056627711764484,usd/MWh_el
2040-01-15 14:00:00,XY,CE,42.88604766158092,usd/MWh_el
2040-01-16 15:00:00,XY,CE,42.88604766158092,usd/MWh_el
2040-01-17 16:00:00,XY,CE,43.190762868715886,usd/MWh_el
2040-01-18 17:00:00,XY,CE,43.190762868715886,usd/MWh_el
2040-01-19 18:00:00,XY,CE,49.4908798124696,usd/MWh_el
2040-01-20 19:00:00,XY,CE,105.84615384615385,usd/MWh_el
2040-01-21 20:00:00,XY,CE,105.84615384615385,usd/MWh_el
2040-01-22 21:00:00,XY,CE,105.84615384615385,usd/MWh_el
2040-01-23 22:00:00,XY,CE,68.43382737545849,usd/MWh_el
2040-01-24 23:00:00,XY,CE,49.49074964893884,usd/MWh_el
2040-01-26 00:00:00,XY,CE,43.190762868715886,usd/MWh_el
2040-01-27 01:00:00,XY,CE,43.190762868715886,usd/MWh_el
2040-01-28 02:00:00,XY,CE,43.190762868715886,usd/MWh_el
2040-01-29 03:00:00,XY,CE,43.190762868715886,usd/MWh_el
2040-01-30 04:00:00,XY,CE,43.190762868715886,usd/MWh_el
2040-01-31 05:00:00,XY,CE,43.190762868715886,usd/MWh_el
2040-02-01 06:00:00,XY,CE,42.88604766158092,usd/MWh_el
2040-02-02 07:00:00,XY,CE,42.88604766158092,usd/MWh_el
2040-02-03 08:00:00,XY,CE,42.88604766158092,usd/MWh_el
2040-02-04 09:00:00,XY,CE,42.88604766158092,usd/MWh_el
2040-02-05 10:00:00,XY,CE,23.54306047957294,usd/MWh_el
2040-02-06 11:00:00,XY,CE,0.5,usd/MWh_el
2040-02-07 12:00:00,XY,CE,0.010858052436,usd/MWh_el
2040-02-08 13:00:00,XY,CE,0.010858052436,usd/MWh_el
2040-02-09 14:00:00,XY,CE,0.010858052436,usd/MWh_el
2040-02-10 15:00:00,XY,CE,3.0,usd/MWh_el
2040-02-11 16:00:00,XY,CE,36.28939627277036,usd/MWh_el
2040-02-12 17:00:00,XY,CE,43.190762868715886,usd/MWh_el
2040-02-13 18:00:00,XY,CE,68.4340689828236,usd/MWh_el
2040-02-14 19:00:00,XY,CE,49.4908798124696,usd/MWh_el
2040-02-15 20:00:00,XY,CE,49.49052081238212,usd/MWh_el
2040-02-16 21:00:00,XY,CE,43.190762868715886,usd/MWh_el
2040-02-17 22:00:00,XY,CE,43.190762868715886,usd/MWh_el
2040-02-18 23:00:00,XY,CE,43.190762868715886,usd/MWh_el
2040-02-20 00:00:00,XY,CE,43.190762868715886,usd/MWh_el
2040-02-21 01:00:00,XY,CE,43.190762868715886,usd/MWh_el
2040-02-22 02:00:00,XY,CE,43.190762868715886,usd/MWh_el
2040-02-23 03:00:00,XY,CE,42.88604766158092,usd/MWh_el
2040-02-24 04:00:00,XY,CE,43.190762868715886,usd/MWh_el
2040-02-25 05:00:00,XY,CE,43.190762868715886,usd/MWh_el
2040-02-26 06:00:00,XY,CE,45.50339310763186,usd/MWh_el
2040-02-27 07:00:00,XY,CE,43.190762868715886,usd/MWh_el
2040-02-28 08:00:00,XY,CE,43.190762868715886,usd/MWh_el
2040-02-29 09:00:00,XY,CE,42.88604766158092,usd/MWh_el
2040-03-01 10:00:00,XY,CE,21.31266815341828,usd/MWh_el
2040-03-02 11:00:00,XY,CE,21.31266815341828,usd/MWh_el
2040-03-03 12:00:00,XY,CE,0.010858052436,usd/MWh_el
2040-03-04 13:00:00,XY,CE,0.010858052436,usd/MWh_el
2040-03-05 14:00:00,XY,CE,3.0,usd/MWh_el
2040-03-06 15:00:00,XY,CE,21.31266815341828,usd/MWh_el
2040-03-07 16:00:00,XY,CE,23.58486423974588,usd/MWh_el
2040-03-08 17:00:00,XY,CE,42.88604766158092,usd/MWh_el
2040-03-09 18:00:00,XY,CE,49.4908798124696,usd/MWh_el
2040-03-10 19:00:00,XY,CE,58.96831504377792,usd/MWh_el
2040-03-11 20:00:00,XY,CE,90.65605681596162,usd/MWh_el
2040-03-12 21:00:00,XY,CE,90.65605681596162,usd/MWh_el
2040-03-13 22:00:00,XY,CE,90.65605681596162,usd/MWh_el
2040-03-14 23:00:00,XY,CE,43.190762868715886,usd/MWh_el
2040-03-16 00:00:00,XY,CE,43.190762868715886,usd/MWh_el
2040-03-17 01:00:00,XY,CE,43.190762868715886,usd/MWh_el
2040-03-18 02:00:00,XY,CE,49.4908798124696,usd/MWh_el
2040-03-19 03:00:00,XY,CE,49.49074964893884,usd/MWh_el
2040-03-20 04:00:00,XY,CE,43.190762868715886,usd/MWh_el
2040-03-21 05:00:00,XY,CE,43.190762868715886,usd/MWh_el
2040-03-22 06:00:00,XY,CE,43.190762868715886,usd/MWh_el
2040-03-23 07:00:00,XY,CE,43.190762868715886,usd/MWh_el
2040-03-24 08:00:00,XY,CE,43.190762868715886,usd/MWh_el
2040-03-25 09:00:00,XY,CE,42.88679041782296,usd/MWh_el
2040-03-26 10:00:00,XY,CE,42.88604766158092,usd/MWh_el
2040-03-27 11:00:00,XY,CE,36.28939627277036,usd/MWh_el
2040-03-28 12:00:00,XY,CE,0.010858052436,usd/MWh_el
2040-03-29 13:00:00,XY,CE,0.010858052436,usd/MWh_el
2040-03-30 14:00:00,XY,CE,16.990346151325358,usd/MWh_el
2040-03-31 15:00:00,XY,CE,42.88679041782296,usd/MWh_el
2040-04-01 16:00:00,XY,CE,45.80009517057962,usd/MWh_el
2040-04-02 17:00:00,XY,CE,49.4908798124696,usd/MWh_el
2040-04-03 18:00:00,XY,CE,105.84615384615385,usd/MWh_el
2040-04-04 19:00:00,XY,CE,90.65605681596162,usd/MWh_el
2040-04-05 20:00:00,XY,CE,90.65605681596162,usd/MWh_el
2040-04-06 21:00:00,XY,CE,105.84615384615385,usd/MWh_el
2040-04-07 22:00:00,XY,CE,90.65605681596162,usd/MWh_el
2040-04-08 23:00:00,XY,CE,90.65605681596162,usd/MWh_el
2040-04-10 00:00:00,XY,CE,68.4338345937394,usd/MWh_el
2040-04-11 01:00:00,XY,CE,90.65605681596162,usd/MWh_el
2040-04-12 02:00:00,XY,CE,90.65605681596162,usd/MWh_el
2040-04-13 03:00:00,XY,CE,90.65605681596162,usd/MWh_el
2040-04-14 04:00:00,XY,CE,68.4338345937394,usd/MWh_el
2040-04-15 05:00:00,XY,CE,68.4338345937394,usd/MWh_el
2040-04-16 06:00:00,XY,CE,90.65605681596162,usd/MWh_el
2040-04-17 07:00:00,XY,CE,49.4908798124696,usd/MWh_el
2040-04-18 08:00:00,XY,CE,43.190762868715886,usd/MWh_el
2040-04-19 09:00:00,XY,CE,42.88604766158092,usd/MWh_el
2040-04-20 10:00:00,XY,CE,42.88604766158092,usd/MWh_el
2040-04-21 11:00:00,XY,CE,42.88604766158092,usd/MWh_el
2040-04-22 12:00:00,XY,CE,36.289531552176,usd/MWh_el
2040-04-23 13:00:00,XY,CE,36.28939627277036,usd/MWh_el
2040-04-24 14:00:00,XY,CE,42.88604766158092,usd/MWh_el
2040-04-25 15:00:00,XY,CE,43.190762868715886,usd/MWh_el
2040-04-26 16:00:00,XY,CE,43.190762868715886,usd/MWh_el
2040-04-27 17:00:00,XY,CE,90.65605681596162,usd/MWh_el
2040-04-28 18:00:00,XY,CE,105.84615384615385,usd/MWh_el
2040-04-29 19:00:00,XY,CE,105.84615384615385,usd/MWh_el
2040-04-30 20:00:00,XY,CE,105.84615384615385,usd/MWh_el
2040-05-01 21:00:00,XY,CE,105.84615384615385,usd/MWh_el
2040-05-02 22:00:00,XY,CE,105.84615384615385,usd/MWh_el
2040-05-03 23:00:00,XY,CE,90.65711408132965,usd/MWh_el
2040-05-05 00:00:00,XY,CE,90.65629120504582,usd/MWh_el
2040-05-06 01:00:00,XY,CE,90.65605681596162,usd/MWh_el
2040-05-07 02:00:00,XY,CE,90.65605681596162,usd/MWh_el
2040-05-08 03:00:00,XY,CE,90.65605681596162,usd/MWh_el
2040-05-09 04:00:00,XY,CE,90.65605681596162,usd/MWh_el
2040-05-10 05:00:00,XY,CE,90.65605681596162,usd/MWh_el
2040-05-11 06:00:00,XY,CE,90.65605681596162,usd/MWh_el
2040-05-12 07:00:00,XY,CE,105.84615384615385,usd/MWh_el
2040-05-13 08:00:00,XY,CE,90.65605681596162,usd/MWh_el
2040-05-14 09:00:00,XY,CE,43.190762868715886,usd/MWh_el
2040-05-15 10:00:00,XY,CE,43.190762868715886,usd/MWh_el
2040-05-16 11:00:00,XY,CE,42.88604766158092,usd/MWh_el
2040-05-17 12:00:00,XY,CE,42.88604766158092,usd/MWh_el
2040-05-18 13:00:00,XY,CE,43.190762868715886,usd/MWh_el
2040-05-19 14:00:00,XY,CE,43.190762868715886,usd/MWh_el
2040-05-20 15:00:00,XY,CE,81.15384615384615,usd/MWh_el
2040-05-21 16:00:00,XY,CE,105.84615384615385,usd/MWh_el
2040-05-22 17:00:00,XY,CE,105.84615384615385,usd/MWh_el
2040-05-23 18:00:00,XY,CE,105.84615384615385,usd/MWh_el
2040-05-24 19:00:00,XY,CE,105.84615384615385,usd/MWh_el
2040-05-25 20:00:00,XY,CE,105.84615384615385,usd/MWh_el
2040-05-26 21:00:00,XY,CE,105.84615384615385,usd/MWh_el
2040-05-27 22:00:00,XY,CE,105.84615384615385,usd/MWh_el
2040-05-28 23:00:00,XY,CE,105.84615384615385,usd/MWh_el
2040-05-30 00:00:00,XY,CE,90.65605681596162,usd/MWh_el
2040-05-31 01:00:00,XY,CE,90.65605681596162,usd/MWh_el
2040-06-01 02:00:00,XY,CE,68.4338345937394,usd/MWh_el
2040-06-02 03:00:00,XY,CE,49.4908798124696,usd/MWh_el
2040-06-03 04:00:00,XY,CE,90.65605681596162,usd/MWh_el
2040-06-04 05:00:00,XY,CE,90.65605681596162,usd/MWh_el
2040-06-05 06:00:00,XY,CE,90.65605681596162,usd/MWh_el
2040-06-06 07:00:00,XY,CE,43.190762868715886,usd/MWh_el
2040-06-07 08:00:00,XY,CE,49.49074964893884,usd/MWh_el
2040-06-08 09:00:00,XY,CE,49.49074964893884,usd/MWh_el
2040-06-09 10:00:00,XY,CE,49.4908798124696,usd/MWh_el
2040-06-10 11:00:00,XY,CE,43.19002011247384,usd/MWh_el
2040-06-11 12:00:00,XY,CE,42.88604766158092,usd/MWh_el
2040-06-12 13:00:00,XY,CE,42.88604766158092,usd/MWh_el
2040-06-13 14:00:00,XY,CE,36.28939627277036,usd/MWh_el
2040-06-14 15:00:00,XY,CE,36.28939627277036,usd/MWh_el
2040-06-15 16:00:00,XY,CE,42.88604766158092,usd/MWh_el
2040-06-16 17:00:00,XY,CE,49.4908798124696,usd/MWh_el
2040-06-17 18:00:00,XY,CE,49.4908798124696,usd/MWh_el
2040-06-18 19:00:00,XY,CE,105.84615384615385,usd/MWh_el
2040-06-19 20:00:00,XY,CE,105.84615384615385,usd/MWh_el
2040-06-20 21:00:00,XY,CE,105.84615384615385,usd/MWh_el
2040-06-21 22:00:00,XY,CE,105.84615384615385,usd/MWh_el
2040-06-22 23:00:00,XY,CE,105.84615384615385,usd/MWh_el
2040-06-24 00:00:00,XY,CE,105.84615384615385,usd/MWh_el
2040-06-25 01:00:00,XY,CE,90.65629120504582,usd/MWh_el
2040-06-26 02:00:00,XY,CE,105.84615384615385,usd/MWh_el
2040-06-27 03:00:00,XY,CE,105.84615384615385,usd/MWh_el
2040-06-28 04:00:00,XY,CE,90.65605681596162,usd/MWh_el
2040-06-29 05:00:00,XY,CE,68.4338345937394,usd/MWh_el
2040-06-30 06:00:00,XY,CE,68.4338345937394,usd/MWh_el
2040-07-01 07:00:00,XY,CE,68.4338345937394,usd/MWh_el
2040-07-02 08:00:00,XY,CE,49.4908798124696,usd/MWh_el
2040-07-03 09:00:00,XY,CE,49.4908798124696,usd/MWh_el
2040-07-04 10:00:00,XY,CE,42.88604766158092,usd/MWh_el
2040-07-05 11:00:00,XY,CE,42.88604766158092,usd/MWh_el
2040-07-06 12:00:00,XY,CE,42.88604766158092,usd/MWh_el
2040-07-07 13:00:00,XY,CE,36.289531552176,usd/MWh_el
2040-07-08 14:00:00,XY,CE,42.88604766158092,usd/MWh_el
2040-07-09 15:00:00,XY,CE,36.289531552176,usd/MWh_el
2040-07-10 16:00:00,XY,CE,42.88604766158092,usd/MWh_el
2040-07-11 17:00:00,XY,CE,43.190762868715886,usd/MWh_el
2040-07-12 18:00:00,XY,CE,43.190762868715886,usd/MWh_el
2040-07-13 19:00:00,XY,CE,49.4908798124696,usd/MWh_el
2040-07-14 20:00:00,XY,CE,90.65629120504582,usd/MWh_el
2040-07-15 21:00:00,XY,CE,90.65605681596162,usd/MWh_el
2040-07-16 22:00:00,XY,CE,90.65711408132965,usd/MWh_el
2040-07-17 23:00:00,XY,CE,105.84615384615385,usd/MWh_el
2040-07-19 00:00:00,XY,CE,90.65605681596162,usd/MWh_el
2040-07-20 01:00:00,XY,CE,68.4338345937394,usd/MWh_el
2040-07-21 02:00:00,XY,CE,49.49052081238212,usd/MWh_el
2040-07-22 03:00:00,XY,CE,49.49052081238212,usd/MWh_el
2040-07-23 04:00:00,XY,CE,49.4908798124696,usd/MWh_el
2040-07-24 05:00:00,XY,CE,49.4908798124696,usd/MWh_el
2040-07-25 06:00:00,XY,CE,68.4338345937394,usd/MWh_el
2040-07-26 07:00:00,XY,CE,49.4908798124696,usd/MWh_el
2040-07-27 08:00:00,XY,CE,68.4338345937394,usd/MWh_el
2040-07-28 09:00:00,XY,CE,49.4908798124696,usd/MWh_el
2040-07-29 10:00:00,XY,CE,43.190762868715886,usd/MWh_el
2040-07-30 11:00:00,XY,CE,42.88604766158092,usd/MWh_el
2040-07-31 12:00:00,XY,CE,9.552714328247584,usd/MWh_el
2040-08-01 13:00:00,XY,CE,9.552714328247584,usd/MWh_el
2040-08-02 14:00:00,XY,CE,3.0,usd/MWh_el
2040-08-03 15:00:00,XY,CE,36.289531552176,usd/MWh_el
2040-08-04 16:00:00,XY,CE,49.49052081238212,usd/MWh_el
2040-08-05 17:00:00,XY,CE,49.49074964893884,usd/MWh_el
2040-08-06 18:00:00,XY,CE,49.4908798124696,usd/MWh_el
2040-08-07 19:00:00,XY,CE,90.65605681596162,usd/MWh_el
2040-08-08 20:00:00,XY,CE,90.65605681596162,usd/MWh_el
2040-08-09 21:00:00,XY,CE,49.4908798124696,usd/MWh_el
2040-08-10 22:00:00,XY,CE,68.4338345937394,usd/MWh_el
2040-08-11 23:00:00,XY,CE,90.65605681596162,usd/MWh_el
2040-08-13 00:00:00,XY,CE,90.65629120504582,usd/MWh_el
2040-08-14 01:00:00,XY,CE,90.65605681596162,usd/MWh_el
2040-08-15 02:00:00,XY,CE,49.4908798124696,usd/MWh_el
2040-08-16 03:00:00,XY,CE,43.190762868715886,usd/MWh_el
2040-08-17 04:00:00,XY,CE,43.190762868715886,usd/MWh_el
2040-08-18 05:00:00,XY,CE,49.4908798124696,usd/MWh_el
2040-08-19 06:00:00,XY,CE,68.4340689828236,usd/MWh_el
2040-08-20 07:00:00,XY,CE,90.65605681596162,usd/MWh_el
2040-08-21 08:00:00,XY,CE,68.4338345937394,usd/MWh_el
2040-08-22 09:00:00,XY,CE,49.49074964893884,usd/MWh_el
2040-08-23 10:00:00,XY,CE,43.190762868715886,usd/MWh_el
2040-08-24 11:00:00,XY,CE,36.28939627277036,usd/MWh_el
2040-08-25 12:00:00,XY,CE,36.28939627277036,usd/MWh_el
2040-08-26 13:00:00,XY,CE,36.28939627277036,usd/MWh_el
2040-08-27 14:00:00,XY,CE,36.28939627277036,usd/MWh_el
2040-08-28 15:00:00,XY,CE,42.88604766158092,usd/MWh_el
2040-08-29 16:00:00,XY,CE,49.4908798124696,usd/MWh_el
2040-08-30 17:00:00,XY,CE,43.190762868715886,usd/MWh_el
2040-08-31 18:00:00,XY,CE,49.49052081238212,usd/MWh_el
2040-09-01 19:00:00,XY,CE,105.84615384615385,usd/MWh_el
2040-09-02 20:00:00,XY,CE,90.65605681596162,usd/MWh_el
2040-09-03 21:00:00,XY,CE,105.84615384615385,usd/MWh_el
2040-09-04 22:00:00,XY,CE,105.84615384615385,usd/MWh_el
2040-09-05 23:00:00,XY,CE,90.65605681596162,usd/MWh_el
2040-09-07 00:00:00,XY,CE,68.4338345937394,usd/MWh_el
2040-09-08 01:00:00,XY,CE,68.4338345937394,usd/MWh_el
2040-09-09 02:00:00,XY,CE,49.4908798124696,usd/MWh_el
2040-09-10 03:00:00,XY,CE,49.4908798124696,usd/MWh_el
2040-09-11 04:00:00,XY,CE,49.49074964893884,usd/MWh_el
2040-09-12 05:00:00,XY,CE,68.4338345937394,usd/MWh_el
2040-09-13 06:00:00,XY,CE,49.49074964893884,usd/MWh_el
2040-09-14 07:00:00,XY,CE,49.4908798124696,usd/MWh_el
2040-09-15 08:00:00,XY,CE,49.49052081238212,usd/MWh_el
2040-09-16 09:00:00,XY,CE,49.49052081238212,usd/MWh_el
2040-09-17 10:00:00,XY,CE,42.88604766158092,usd/MWh_el
2040-09-18 11:00:00,XY,CE,43.190762868715886,usd/MWh_el
2040-09-19 12:00:00,XY,CE,42.88604766158092,usd/MWh_el
2040-09-20 13:00:00,XY,CE,42.88604766158092,usd/MWh_el
2040-09-21 14:00:00,XY,CE,43.190762868715886,usd/MWh_el
2040-09-22 15:00:00,XY,CE,49.4908798124696,usd/MWh_el
2040-09-23 16:00:00,XY,CE,49.4908798124696,usd/MWh_el
2040-09-24 17:00:00,XY,CE,49.4908798124696,usd/MWh_el
2040-09-25 18:00:00,XY,CE,105.84615384615385,usd/MWh_el
2040-09-26 19:00:00,XY,CE,105.84615384615385,usd/MWh_el
2040-09-27 20:00:00,XY,CE,105.84615384615385,usd/MWh_el
2040-09-28 21:00:00,XY,CE,90.65605681596162,usd/MWh_el
2040-09-29 22:00:00,XY,CE,105.84615384615385,usd/MWh_el
2040-09-30 23:00:00,XY,CE,105.84615384615385,usd/MWh_el
2040-10-02 00:00:00,XY,CE,90.65605681596162,usd/MWh_el
2040-10-03 01:00:00,XY,CE,68.4338345937394,usd/MWh_el
2040-10-04 02:00:00,XY,CE,49.49052081238212,usd/MWh_el
2040-10-05 03:00:00,XY,CE,49.49074964893884,usd/MWh_el
2040-10-06 04:00:00,XY,CE,43.190762868715886,usd/MWh_el
2040-10-07 05:00:00,XY,CE,43.190762868715886,usd/MWh_el
2040-10-08 06:00:00,XY,CE,49.49074964893884,usd/MWh_el
2040-10-09 07:00:00,XY,CE,68.4338345937394,usd/MWh_el
2040-10-10 08:00:00,XY,CE,49.49074964893884,usd/MWh_el
2040-10-11 09:00:00,XY,CE,43.190762868715886,usd/MWh_el
2040-10-12 10:00:00,XY,CE,43.190762868715886,usd/MWh_el
2040-10-13 11:00:00,XY,CE,43.190762868715886,usd/MWh_el
2040-10-14 12:00:00,XY,CE,42.88604766158092,usd/MWh_el
2040-10-15 13:00:00,XY,CE,42.88604766158092,usd/MWh_el
2040-10-16 14:00:00,XY,CE,43.190762868715886,usd/MWh_el
2040-10-17 15:00:00,XY,CE,43.190762868715886,usd/MWh_el
2040-10-18 16:00:00,XY,CE,43.190762868715886,usd/MWh_el
2040-10-19 17:00:00,XY,CE,49.49052081238212,usd/MWh_el
2040-10-20 18:00:00,XY,CE,105.84615384615385,usd/MWh_el
2040-10-21 19:00:00,XY,CE,105.84615384615385,usd/MWh_el
2040-10-22 20:00:00,XY,CE,105.84615384615385,usd/MWh_el
2040-10-23 21:00:00,XY,CE,90.65711408132965,usd/MWh_el
2040-10-24 22:00:00,XY,CE,90.65605681596162,usd/MWh_el
2040-10-25 23:00:00,XY,CE,49.4908798124696,usd/MWh_el
2040-10-27 00:00:00,XY,CE,49.49052081238212,usd/MWh_el
2040-10-28 01:00:00,XY,CE,49.4908798124696,usd/MWh_el
2040-10-29 02:00:00,XY,CE,43.190762868715886,usd/MWh_el
2040-10-30 03:00:00,XY,CE,43.190762868715886,usd/MWh_el
2040-10-31 04:00:00,XY,CE,43.190762868715886,usd/MWh_el
2040-11-01 05:00:00,XY,CE,43.190762868715886,usd/MWh_el
2040-11-02 06:00:00,XY,CE,43.190762868715886,usd/MWh_el
2040-11-03 07:00:00,XY,CE,49.4908798124696,usd/MWh_el
2040-11-04 08:00:00,XY,CE,49.4908798124696,usd/MWh_el
2040-11-05 09:00:00,XY,CE,49.4908798124696,usd/MWh_el
2040-11-06 10:00:00,XY,CE,43.190762868715886,usd/MWh_el
2040-11-07 11:00:00,XY,CE,42.88604766158092,usd/MWh_el
2040-11-08 12:00:00,XY,CE,9.552714328247584,usd/MWh_el
2040-11-09 13:00:00,XY,CE,0.010858052436,usd/MWh_el
2040-11-10 14:00:00,XY,CE,36.28939627277036,usd/MWh_el
2040-11-11 15:00:00,XY,CE,42.88604766158092,usd/MWh_el
2040-11-12 16:00:00,XY,CE,42.88604766158092,usd/MWh_el
2040-11-13 17:00:00,XY,CE,43.190762868715886,usd/MWh_el
2040-11-14 18:00:00,XY,CE,49.4908798124696,usd/MWh_el
2040-11-15 19:00:00,XY,CE,68.4338345937394,usd/MWh_el
2040-11-16 20:00:00,XY,CE,49.4908798124696,usd/MWh_el
2040-11-17 21:00:00,XY,CE,105.84615384615385,usd/MWh_el
2040-11-18 22:00:00,XY,CE,49.4908798124696,usd/MWh_el
2040-11-19 23:00:00,XY,CE,49.49052081238212,usd/MWh_el
2040-11-21 00:00:00,XY,CE,49.49074964893884,usd/MWh_el
2040-11-22 01:00:00,XY,CE,49.4908798124696,usd/MWh_el
2040-11-23 02:00:00,XY,CE,43.190762868715886,usd/MWh_el
2040-11-24 03:00:00,XY,CE,43.190762868715886,usd/MWh_el
2040-11-25 04:00:00,XY,CE,43.190762868715886,usd/MWh_el
2040-11-26 05:00:00,XY,CE,43.190762868715886,usd/MWh_el
2040-11-27 06:00:00,XY,CE,49.49074964893884,usd/MWh_el
2040-11-28 07:00:00,XY,CE,49.49052081238212,usd/MWh_el
2040-11-29 08:00:00,XY,CE,43.190762868715886,usd/MWh_el
2040-11-30 09:00:00,XY,CE,43.190762868715886,usd/MWh_el
2040-12-01 10:00:00,XY,CE,42.88604766158092,usd/MWh_el
2040-12-02 11:00:00,XY,CE,42.88604766158092,usd/MWh_el
2040-12-03 12:00:00,XY,CE,36.28939627277036,usd/MWh_el
2040-12-04 13:00:00,XY,CE,3.0,usd/MWh_el
2040-12-05 14:00:00,XY,CE,23.54306047957294,usd/MWh_el
2040-12-06 15:00:00,XY,CE,36.289531552176,usd/MWh_el
2040-12-07 16:00:00,XY,CE,42.88604766158092,usd/MWh_el
2040-12-08 17:00:00,XY,CE,49.4908798124696,usd/MWh_el
2040-12-09 18:00:00,XY,CE,68.4338345937394,usd/MWh_el
2040-12-10 19:00:00,XY,CE,90.65605681596162,usd/MWh_el
2040-12-11 20:00:00,XY,CE,90.65605681596162,usd/MWh_el
2040-12-12 21:00:00,XY,CE,43.190762868715886,usd/MWh_el
2040-12-13 22:00:00,XY,CE,49.49052081238212,usd/MWh_el
2040-12-14 23:00:00,XY,CE,43.190762868715886,usd/MWh_el
2040-12-16 00:00:00,XY,CE,43.190762868715886,usd/MWh_el
2040-12-17 01:00:00,XY,CE,43.190762868715886,usd/MWh_el
2040-12-18 02:00:00,XY,CE,43.190762868715886,usd/MWh_el
2040-12-19 03:00:00,XY,CE,49.49052081238212,usd/MWh_el
2040-12-20 04:00:00,XY,CE,49.49052081238212,usd/MWh_el
2040-12-21 05:00:00,XY,CE,49.49074964893884,usd/MWh_el
2040-12-22 06:00:00,XY,CE,49.4908798124696,usd/MWh_el
2040-12-23 07:00:00,XY,CE,49.4908798124696,usd/MWh_el
2040-12-24 08:00:00,XY,CE,49.4908798124696,usd/MWh_el
2040-12-25 09:00:00,XY,CE,49.49074964893884,usd/MWh_el
2040-12-26 10:00:00,XY,CE,43.190762868715886,usd/MWh_el
2040-12-27 11:00:00,XY,CE,42.88604766158092,usd/MWh_el
2040-12-28 12:00:00,XY,CE,3.0,usd/MWh_el
2040-12-29 13:00:00,XY,CE,16.990346151325358,usd/MWh_el
2040-12-30 14:00:00,XY,CE,9.552714328247584,usd/MWh_el
2040-12-31 15:00:00,XY,CE,42.88604766158092,usd/MWh_el
2040-01-01 00:00:00,XY,NR,43.190762868715886,usd/MWh_el
2040-01-02 01:00:00,XY,NR,43.190762868715886,usd/MWh_el
2040-01-03 02:00:00,XY,NR,49.49052081238212,usd/MWh_el
2040-01-04 03:00:00,XY,NR,49.49074964893884,usd/MWh_el
2040-01-05 04:00:00,XY,NR,43.190762868715886,usd/MWh_el
2040-01-06 05:00:00,XY,NR,43.190762868715886,usd/MWh_el
2040-01-07 06:00:00,XY,NR,49.4908798124696,usd/MWh_el
2040-01-08 07:00:00,XY,NR,49.4908798124696,usd/MWh_el
2040-01-09 08:00:00,XY,NR,43.190762868715886,usd/MWh_el
2040-01-10 09:00:00,XY,NR,42.88604766158092,usd/MWh_el
2040-01-11 10:00:00,XY,NR,9.552714328247584,usd/MWh_el
2040-01-12 11:00:00,XY,NR,16.990346151325358,usd/MWh_el
2040-01-13 12:00:00,XY,NR,0.010858052436,usd/MWh_el
2040-01-14 13:00:00,XY,NR,36.056627711764484,usd/MWh_el
2040-01-15 14:00:00,XY,NR,42.88604766158092,usd/MWh_el
2040-01-16 15:00:00,XY,NR,42.88604766158092,usd/MWh_el
2040-01-17 16:00:00,XY,NR,43.190762868715886,usd/MWh_el
2040-01-18 17:00:00,XY,NR,43.190762868715886,usd/MWh_el
2040-01-19 18:00:00,XY,NR,49.4908798124696,usd/MWh_el
2040-01-20 19:00:00,XY,NR,105.84615384615385,usd/MWh_el
2040-01-21 20:00:00,XY,NR,105.84615384615385,usd/MWh_el
2040-01-22 21:00:00,XY,NR,105.84615384615385,usd/MWh_el
2040-01-23 22:00:00,XY,NR,68.43382737545849,usd/MWh_el
2040-01-24 23:00:00,XY,NR,49.49074964893884,usd/MWh_el
2040-01-26 00:00:00,XY,NR,43.190762868715886,usd/MWh_el
2040-01-27 01:00:00,XY,NR,43.190762868715886,usd/MWh_el
2040-01-28 02:00:00,XY,NR,43.190762868715886,usd/MWh_el
2040-01-29 03:00:00,XY,NR,43.190762868715886,usd/MWh_el
2040-01-30 04:00:00,XY,NR,43.190762868715886,usd/MWh_el
2040-01-31 05:00:00,XY,NR,43.190762868715886,usd/MWh_el
2040-02-01 06:00:00,XY,NR,42.88604766158092,usd/MWh_el
2040-02-02 07:00:00,XY,NR,42.88604766158092,usd/MWh_el
2040-02-03 08:00:00,XY,NR,42.88604766158092,usd/MWh_el
2040-02-04 09:00:00,XY,NR,42.88604766158092,usd/MWh_el
2040-02-05 10:00:00,XY,NR,23.54306047957294,usd/MWh_el
2040-02-06 11:00:00,XY,NR,0.5,usd/MWh_el
2040-02-07 12:00:00,XY,NR,0.010858052436,usd/MWh_el
2040-02-08 13:00:00,XY,NR,0.010858052436,usd/MWh_el
2040-02-09 14:00:00,XY,NR,0.010858052436,usd/MWh_el
2040-02-10 15:00:00,XY,NR,3.0,usd/MWh_el
2040-02-11 16:00:00,XY,NR,36.28939627277036,usd/MWh_el
2040-02-12 17:00:00,XY,NR,43.190762868715886,usd/MWh_el
2040-02-13 18:00:00,XY,NR,68.4340689828236,usd/MWh_el
2040-02-14 19:00:00,XY,NR,49.4908798124696,usd/MWh_el
2040-02-15 20:00:00,XY,NR,49.49052081238212,usd/MWh_el
2040-02-16 21:00:00,XY,NR,43.190762868715886,usd/MWh_el
2040-02-17 22:00:00,XY,NR,43.190762868715886,usd/MWh_el
2040-02-18 23:00:00,XY,NR,43.190762868715886,usd/MWh_el
2040-02-20 00:00:00,XY,NR,43.190762868715886,usd/MWh_el
2040-02-21 01:00:00,XY,NR,43.190762868715886,usd/MWh_el
2040-02-22 02:00:00,XY,NR,43.190762868715886,usd/MWh_el
2040-02-23 03:00:00,XY,NR,42.88604766158092,usd/MWh_el
2040-02-24 04:00:00,XY,NR,43.190762868715886,usd/MWh_el
2040-02-25 05:00:00,XY,NR,43.190762868715886,usd/MWh_el
2040-02-26 06:00:00,XY,NR,45.50339310763186,usd/MWh_el
2040-02-27 07:00:00,XY,NR,43.190762868715886,usd/MWh_el
2040-02-28 08:00:00,XY,NR,43.190762868715886,usd/MWh_el
2040-02-29 09:00:00,XY,NR,42.88604766158092,usd/MWh_el
2040-03-01 10:00:00,XY,NR,21.31266815341828,usd/MWh_el
2040-03-02 11:00:00,XY,NR,21.31266815341828,usd/MWh_el
2040-03-03 12:00:00,XY,NR,0.010858052436,usd/MWh_el
2040-03-04 13:00:00,XY,NR,0.010858052436,usd/MWh_el
2040-03-05 14:00:00,XY,NR,3.0,usd/MWh_el
2040-03-06 15:00:00,XY,NR,21.31266815341828,usd/MWh_el
2040-03-07 16:00:00,XY,NR,23.58486423974588,usd/MWh_el
2040-03-08 17:00:00,XY,NR,42.88604766158092,usd/MWh_el
2040-03-09 18:00:00,XY,NR,49.4908798124696,usd/MWh_el
2040-03-10 19:00:00,XY,NR,58.96831504377792,usd/MWh_el
2040-03-11 20:00:00,XY,NR,90.65605681596162,usd/MWh_el
2040-03-12 21:00:00,XY,NR,90.65605681596162,usd/MWh_el
2040-03-13 22:00:00,XY,NR,90.65605681596162,usd/MWh_el
2040-03-14 23:00:00,XY,NR,43.190762868715886,usd/MWh_el
2040-03-16 00:00:00,XY,NR,43.190762868715886,usd/MWh_el
2040-03-17 01:00:00,XY,NR,43.190762868715886,usd/MWh_el
2040-03-18 02:00:00,XY,NR,49.4908798124696,usd/MWh_el
2040-03-19 03:00:00,XY,NR,49.49074964893884,usd/MWh_el
2040-03-20 04:00:00,XY,NR,43.190762868715886,usd/MWh_el
2040-03-21 05:00:00,XY,NR,43.190762868715886,usd/MWh_el
2040-03-22 06:00:00,XY,NR,43.190762868715886,usd/MWh_el
2040-03-23 07:00:00,XY,NR,43.190762868715886,usd/MWh_el
2040-03-24 08:00:00,XY,NR,43.190762868715886,usd/MWh_el
2040-03-25 09:00:00,XY,NR,42.88679041782296,usd/MWh_el
2040-03-26 10:00:00,XY,NR,42.88604766158092,usd/MWh_el
2040-03-27 11:00:00,XY,NR,36.28939627277036,usd/MWh_el
2040-03-28 12:00:00,XY,NR,0.010858052436,usd/MWh_el
2040-03-29 13:00:00,XY,NR,0.010858052436,usd/MWh_el
2040-03-30 14:00:00,XY,NR,16.990346151325358,usd/MWh_el
2040-03-31 15:00:00,XY,NR,42.88679041782296,usd/MWh_el
2040-04-01 16:00:00,XY,NR,45.80009517057962,usd/MWh_el
2040-04-02 17:00:00,XY,NR,49.4908798124696,usd/MWh_el
2040-04-03 18:00:00,XY,NR,105.84615384615385,usd/MWh_el
2040-04-04 19:00:00,XY,NR,90.65605681596162,usd/MWh_el
2040-04-05 20:00:00,XY,NR,90.65605681596162,usd/MWh_el
2040-04-06 21:00:00,XY,NR,105.84615384615385,usd/MWh_el
2040-04-07 22:00:00,XY,NR,90.65605681596162,usd/MWh_el
2040-04-08 23:00:00,XY,NR,90.65605681596162,usd/MWh_el
2040-04-10 00:00:00,XY,NR,68.4338345937394,usd/MWh_el
2040-04-11 01:00:00,XY,NR,90.65605681596162,usd/MWh_el
2040-04-12 02:00:00,XY,NR,90.65605681596162,usd/MWh_el
2040-04-13 03:00:00,XY,NR,90.65605681596162,usd/MWh_el
2040-04-14 04:00:00,XY,NR,68.4338345937394,usd/MWh_el
2040-04-15 05:00:00,XY,NR,68.4338345937394,usd/MWh_el
2040-04-16 06:00:00,XY,NR,90.65605681596162,usd/MWh_el
2040-04-17 07:00:00,XY,NR,49.4908798124696,usd/MWh_el
2040-04-18 08:00:00,XY,NR,43.190762868715886,usd/MWh_el
2040-04-19 09:00:00,XY,NR,42.88604766158092,usd/MWh_el
2040-04-20 10:00:00,XY,NR,42.88604766158092,usd/MWh_el
2040-04-21 11:00:00,XY,NR,42.88604766158092,usd/MWh_el
2040-04-22 12:00:00,XY,NR,36.289531552176,usd/MWh_el
2040-04-23 13:00:00,XY,NR,36.28939627277036,usd/MWh_el
2040-04-24 14:00:00,XY,NR,42.88604766158092,usd/MWh_el
2040-04-25 15:00:00,XY,NR,43.190762868715886,usd/MWh_el
2040-04-26 16:00:00,XY,NR,43.190762868715886,usd/MWh_el
2040-04-27 17:00:00,XY,NR,90.65605681596162,usd/MWh_el
2040-04-28 18:00:00,XY,NR,105.84615384615385,usd/MWh_el
2040-04-29 19:00:00,XY,NR,105.84615384615385,usd/MWh_el
2040-04-30 20:00:00,XY,NR,105.84615384615385,usd/MWh_el
2040-05-01 21:00:00,XY,NR,105.84615384615385,usd/MWh_el
2040-05-02 22:00:00,XY,NR,105.84615384615385,usd/MWh_el
2040-05-03 23:00:00,XY,NR,90.65711408132965,usd/MWh_el
2040-05-05 00:00:00,XY,NR,90.65629120504582,usd/MWh_el
2040-05-06 01:00:00,XY,NR,90.65605681596162,usd/MWh_el
2040-05-07 02:00:00,XY,NR,90.65605681596162,usd/MWh_el
2040-05-08 03:00:00,XY,NR,90.65605681596162,usd/MWh_el
2040-05-09 04:00:00,XY,NR,90.65605681596162,usd/MWh_el
2040-05-10 05:00:00,XY,NR,90.65605681596162,usd/MWh_el
2040-05-11 06:00:00,XY,NR,90.65605681596162,usd/MWh_el
2040-05-12 07:00:00,XY,NR,105.84615384615385,usd/MWh_el
2040-05-13 08:00:00,XY,NR,90.65605681596162,usd/MWh_el
2040-05-14 09:00:00,XY,NR,43.190762868715886,usd/MWh_el
2040-05-15 10:00:00,XY,NR,43.190762868715886,usd/MWh_el
2040-05-16 11:00:00,XY,NR,42.88604766158092,usd/MWh_el
2040-05-17 12:00:00,XY,NR,42.88604766158092,usd/MWh_el
2040-05-18 13:00:00,XY,NR,43.190762868715886,usd/MWh_el
2040-05-19 14:00:00,XY,NR,43.190762868715886,usd/MWh_el
2040-05-20 15:00:00,XY,NR,81.15384615384615,usd/MWh_el
2040-05-21 16:00:00,XY,NR,105.84615384615385,usd/MWh_el
2040-05-22 17:00:00,XY,NR,105.84615384615385,usd/MWh_el
2040-05-23 18:00:00,XY,NR,105.84615384615385,usd/MWh_el
2040-05-24 19:00:00,XY,NR,105.84615384615385,usd/MWh_el
2040-05-25 20:00:00,XY,NR,105.84615384615385,usd/MWh_el
2040-05-26 21:00:00,XY,NR,105.84615384615385,usd/MWh_el
2040-05-27 22:00:00,XY,NR,105.84615384615385,usd/MWh_el
2040-05-28 23:00:00,XY,NR,105.84615384615385,usd/MWh_el
2040-05-30 00:00:00,XY,NR,90.65605681596162,usd/MWh_el
2040-05-31 01:00:00,XY,NR,90.65605681596162,usd/MWh_el
2040-06-01 02:00:00,XY,NR,68.4338345937394,usd/MWh_el
2040-06-02 03:00:00,XY,NR,49.4908798124696,usd/MWh_el
2040-06-03 04:00:00,XY,NR,90.65605681596162,usd/MWh_el
2040-06-04 05:00:00,XY,NR,90.65605681596162,usd/MWh_el
2040-06-05 06:00:00,XY,NR,90.65605681596162,usd/MWh_el
2040-06-06 07:00:00,XY,NR,43.190762868715886,usd/MWh_el
2040-06-07 08:00:00,XY,NR,49.49074964893884,usd/MWh_el
2040-06-08 09:00:00,XY,NR,49.49074964893884,usd/MWh_el
2040-06-09 10:00:00,XY,NR,49.4908798124696,usd/MWh_el
2040-06-10 11:00:00,XY,NR,43.19002011247384,usd/MWh_el
2040-06-11 12:00:00,XY,NR,42.88604766158092,usd/MWh_el
2040-06-12 13:00:00,XY,NR,42.88604766158092,usd/MWh_el
2040-06-13 14:00:00,XY,NR,36.28939627277036,usd/MWh_el
2040-06-14 15:00:00,XY,NR,36.28939627277036,usd/MWh_el
2040-06-15 16:00:00,XY,NR,42.88604766158092,usd/MWh_el
2040-06-16 17:00:00,XY,NR,49.4908798124696,usd/MWh_el
2040-06-17 18:00:00,XY,NR,49.4908798124696,usd/MWh_el
2040-06-18 19:00:00,XY,NR,105.84615384615385,usd/MWh_el
2040-06-19 20:00:00,XY,NR,105.84615384615385,usd/MWh_el
2040-06-20 21:00:00,XY,NR,105.84615384615385,usd/MWh_el
2040-06-21 22:00:00,XY,NR,105.84615384615385,usd/MWh_el
2040-06-22 23:00:00,XY,NR,105.84615384615385,usd/MWh_el
2040-06-24 00:00:00,XY,NR,105.84615384615385,usd/MWh_el
2040-06-25 01:00:00,XY,NR,90.65629120504582,usd/MWh_el
2040-06-26 02:00:00,XY,NR,105.84615384615385,usd/MWh_el
2040-06-27 03:00:00,XY,NR,105.84615384615385,usd/MWh_el
2040-06-28 04:00:00,XY,NR,90.65605681596162,usd/MWh_el
2040-06-29 05:00:00,XY,NR,68.4338345937394,usd/MWh_el
2040-06-30 06:00:00,XY,NR,68.4338345937394,usd/MWh_el
2040-07-01 07:00:00,XY,NR,68.4338345937394,usd/MWh_el
2040-07-02 08:00:00,XY,NR,49.4908798124696,usd/MWh_el
2040-07-03 09:00:00,XY,NR,49.4908798124696,usd/MWh_el
2040-07-04 10:00:00,XY,NR,42.88604766158092,usd/MWh_el
2040-07-05 11:00:00,XY,NR,42.88604766158092,usd/MWh_el
2040-07-06 12:00:00,XY,NR,42.88604766158092,usd/MWh_el
2040-07-07 13:00:00,XY,NR,36.289531552176,usd/MWh_el
2040-07-08 14:00:00,XY,NR,42.88604766158092,usd/MWh_el
2040-07-09 15:00:00,XY,NR,36.289531552176,usd/MWh_el
2040-07-10 16:00:00,XY,NR,42.88604766158092,usd/MWh_el
2040-07-11 17:00:00,XY,NR,43.190762868715886,usd/MWh_el
2040-07-12 18:00:00,XY,NR,43.190762868715886,usd/MWh_el
2040-07-13 19:00:00,XY,NR,49.4908798124696,usd/MWh_el
2040-07-14 20:00:00,XY,NR,90.65629120504582,usd/MWh_el
2040-07-15 21:00:00,XY,NR,90.65605681596162,usd/MWh_el
2040-07-16 22:00:00,XY,NR,90.65711408132965,usd/MWh_el
2040-07-17 23:00:00,XY,NR,105.84615384615385,usd/MWh_el
2040-07-19 00:00:00,XY,NR,90.65605681596162,usd/MWh_el
2040-07-20 01:00:00,XY,NR,68.4338345937394,usd/MWh_el
2040-07-21 02:00:00,XY,NR,49.49052081238212,usd/MWh_el
2040-07-22 03:00:00,XY,NR,49.49052081238212,usd/MWh_el
2040-07-23 04:00:00,XY,NR,49.4908798124696,usd/MWh_el
2040-07-24 05:00:00,XY,NR,49.4908798124696,usd/MWh_el
2040-07-25 06:00:00,XY,NR,68.4338345937394,usd/MWh_el
2040-07-26 07:00:00,XY,NR,49.4908798124696,usd/MWh_el
2040-07-27 08:00:00,XY,NR,68.4338345937394,usd/MWh_el
2040-07-28 09:00:00,XY,NR,49.4908798124696,usd/MWh_el
2040-07-29 10:00:00,XY,NR,43.190762868715886,usd/MWh_el
2040-07-30 11:00:00,XY,NR,42.88604766158092,usd/MWh_el
2040-07-31 12:00:00,XY,NR,9.552714328247584,usd/MWh_el
2040-08-01 13:00:00,XY,NR,9.552714328247584,usd/MWh_el
2040-08-02 14:00:00,XY,NR,3.0,usd/MWh_el
2040-08-03 15:00:00,XY,NR,36.289531552176,usd/MWh_el
2040-08-04 16:00:00,XY,NR,49.49052081238212,usd/MWh_el
2040-08-05 17:00:00,XY,NR,49.49074964893884,usd/MWh_el
2040-08-06 18:00:00,XY,NR,49.4908798124696,usd/MWh_el
2040-08-07 19:00:00,XY,NR,90.65605681596162,usd/MWh_el
2040-08-08 20:00:00,XY,NR,90.65605681596162,usd/MWh_el
2040-08-09 21:00:00,XY,NR,49.4908798124696,usd/MWh_el
2040-08-10 22:00:00,XY,NR,68.4338345937394,usd/MWh_el
2040-08-11 23:00:00,XY,NR,90.65605681596162,usd/MWh_el
2040-08-13 00:00:00,XY,NR,90.65629120504582,usd/MWh_el
2040-08-14 01:00:00,XY,NR,90.65605681596162,usd/MWh_el
2040-08-15 02:00:00,XY,NR,49.4908798124696,usd/MWh_el
2040-08-16 03:00:00,XY,NR,43.190762868715886,usd/MWh_el
2040-08-17 04:00:00,XY,NR,43.190762868715886,usd/MWh_el
2040-08-18 05:00:00,XY,NR,49.4908798124696,usd/MWh_el
2040-08-19 06:00:00,XY,NR,68.4340689828236,usd/MWh_el
2040-08-20 07:00:00,XY,NR,90.65605681596162,usd/MWh_el
2040-08-21 08:00:00,XY,NR,68.4338345937394,usd/MWh_el
2040-08-22 09:00:00,XY,NR,49.49074964893884,usd/MWh_el
2040-08-23 10:00:00,XY,NR,43.190762868715886,usd/MWh_el
2040-08-24 11:00:00,XY,NR,36.28939627277036,usd/MWh_el
2040-08-25 12:00:00,XY,NR,36.28939627277036,usd/MWh_el
2040-08-26 13:00:00,XY,NR,36.28939627277036,usd/MWh_el
2040-08-27 14:00:00,XY,NR,36.28939627277036,usd/MWh_el
2040-08-28 15:00:00,XY,NR,42.88604766158092,usd/MWh_el
2040-08-29 16:00:00,XY,NR,49.4908798124696,usd/MWh_el
2040-08-30 17:00:00,XY,NR,43.190762868715886,usd/MWh_el
2040-08-31 18:00:00,XY,NR,49.49052081238212,usd/MWh_el
2040-09-01 19:00:00,XY,NR,105.84615384615385,usd/MWh_el
2040-09-02 20:00:00,XY,NR,90.65605681596162,usd/MWh_el
2040-09-03 21:00:00,XY,NR,105.84615384615385,usd/MWh_el
2040-09-04 22:00:00,XY,NR,105.84615384615385,usd/MWh_el
2040-09-05 23:00:00,XY,NR,90.65605681596162,usd/MWh_el
2040-09-07 00:00:00,XY,NR,68.4338345937394,usd/MWh_el
2040-09-08 01:00:00,XY,NR,68.4338345937394,usd/MWh_el
2040-09-09 02:00:00,XY,NR,49.4908798124696,usd/MWh_el
2040-09-10 03:00:00,XY,NR,49.4908798124696,usd/MWh_el
2040-09-11 04:00:00,XY,NR,49.49074964893884,usd/MWh_el
2040-09-12 05:00:00,XY,NR,68.4338345937394,usd/MWh_el
2040-09-13 06:00:00,XY,NR,49.49074964893884,usd/MWh_el
2040-09-14 07:00:00,XY,NR,49.4908798124696,usd/MWh_el
2040-09-15 08:00:00,XY,NR,49.49052081238212,usd/MWh_el
2040-09-16 09:00:00,XY,NR,49.49052081238212,usd/MWh_el
2040-09-17 10:00:00,XY,NR,42.88604766158092,usd/MWh_el
2040-09-18 11:00:00,XY,NR,43.190762868715886,usd/MWh_el
2040-09-19 12:00:00,XY,NR,42.88604766158092,usd/MWh_el
2040-09-20 13:00:00,XY,NR,42.88604766158092,usd/MWh_el
2040-09-21 14:00:00,XY,NR,43.190762868715886,usd/MWh_el
2040-09-22 15:00:00,XY,NR,49.4908798124696,usd/MWh_el
2040-09-23 16:00:00,XY,NR,49.4908798124696,usd/MWh_el
2040-09-24 17:00:00,XY,NR,49.4908798124696,usd/MWh_el
2040-09-25 18:00:00,XY,NR,105.84615384615385,usd/MWh_el
2040-09-26 19:00:00,XY,NR,105.84615384615385,usd/MWh_el
2040-09-27 20:00:00,XY,NR,105.84615384615385,usd/MWh_el
2040-09-28 21:00:00,XY,NR,90.65605681596162,usd/MWh_el
2040-09-29 22:00:00,XY,NR,105.84615384615385,usd/MWh_el
2040-09-30 23:00:00,XY,NR,105.84615384615385,usd/MWh_el
2040-10-02 00:00:00,XY,NR,90.65605681596162,usd/MWh_el
2040-10-03 01:00:00,XY,NR,68.4338345937394,usd/MWh_el
2040-10-04 02:00:00,XY,NR,49.49052081238212,usd/MWh_el
2040-10-05 03:00:00,XY,NR,49.49074964893884,usd/MWh_el
2040-10-06 04:00:00,XY,NR,43.190762868715886,usd/MWh_el
2040-10-07 05:00:00,XY,NR,43.190762868715886,usd/MWh_el
2040-10-08 06:00:00,XY,NR,49.49074964893884,usd/MWh_el
2040-10-09 07:00:00,XY,NR,68.4338345937394,usd/MWh_el
2040-10-10 08:00:00,XY,NR,49.49074964893884,usd/MWh_el
2040-10-11 09:00:00,XY,NR,43.190762868715886,usd/MWh_el
2040-10-12 10:00:00,XY,NR,43.190762868715886,usd/MWh_el
2040-10-13 11:00:00,XY,NR,43.190762868715886,usd/MWh_el
2040-10-14 12:00:00,XY,NR,42.88604766158092,usd/MWh_el
2040-10-15 13:00:00,XY,NR,42.88604766158092,usd/MWh_el
2040-10-16 14:00:00,XY,NR,43.190762868715886,usd/MWh_el
2040-10-17 15:00:00,XY,NR,43.190762868715886,usd/MWh_el
2040-10-18 16:00:00,XY,NR,43.190762868715886,usd/MWh_el
2040-10-19 17:00:00,XY,NR,49.49052081238212,usd/MWh_el
2040-10-20 18:00:00,XY,NR,105.84615384615385,usd/MWh_el
2040-10-21 19:00:00,XY,NR,105.84615384615385,usd/MWh_el
2040-10-22 20:00:00,XY,NR,105.84615384615385,usd/MWh_el
2040-10-23 21:00:00,XY,NR,90.65711408132965,usd/MWh_el
2040-10-24 22:00:00,XY,NR,90.65605681596162,usd/MWh_el
2040-10-25 23:00:00,XY,NR,49.4908798124696,usd/MWh_el
2040-10-27 00:00:00,XY,NR,49.49052081238212,usd/MWh_el
2040-10-28 01:00:00,XY,NR,49.4908798124696,usd/MWh_el
2040-10-29 02:00:00,XY,NR,43.190762868715886,usd/MWh_el
2040-10-30 03:00:00,XY,NR,43.190762868715886,usd/MWh_el
2040-10-31 04:00:00,XY,NR,43.190762868715886,usd/MWh_el
2040-11-01 05:00:00,XY,NR,43.190762868715886,usd/MWh_el
2040-11-02 06:00:00,XY,NR,43.190762868715886,usd/MWh_el
2040-11-03 07:00:00,XY,NR,49.4908798124696,usd/MWh_el
2040-11-04 08:00:00,XY,NR,49.4908798124696,usd/MWh_el
2040-11-05 09:00:00,XY,NR,49.4908798124696,usd/MWh_el
2040-11-06 10:00:00,XY,NR,43.190762868715886,usd/MWh_el
2040-11-07 11:00:00,XY,NR,42.88604766158092,usd/MWh_el
2040-11-08 12:00:00,XY,NR,9.552714328247584,usd/MWh_el
2040-11-09 13:00:00,XY,NR,0.010858052436,usd/MWh_el
2040-11-10 14:00:00,XY,NR,36.28939627277036,usd/MWh_el
2040-11-11 15:00:00,XY,NR,42.88604766158092,usd/MWh_el
2040-11-12 16:00:00,XY,NR,42.88604766158092,usd/MWh_el
2040-11-13 17:00:00,XY,NR,43.190762868715886,usd/MWh_el
2040-11-14 18:00:00,XY,NR,49.4908798124696,usd/MWh_el
2040-11-15 19:00:00,XY,NR,68.4338345937394,usd/MWh_el
2040-11-16 20:00:00,XY,NR,49.4908798124696,usd/MWh_el
2040-11-17 21:00:00,XY,NR,105.84615384615385,usd/MWh_el
2040-11-18 22:00:00,XY,NR,49.4908798124696,usd/MWh_el
2040-11-19 23:00:00,XY,NR,49.49052081238212,usd/MWh_el
2040-11-21 00:00:00,XY,NR,49.49074964893884,usd/MWh_el
2040-11-22 01:00:00,XY,NR,49.4908798124696,usd/MWh_el
2040-11-23 02:00:00,XY,NR,43.190762868715886,usd/MWh_el
2040-11-24 03:00:00,XY,NR,43.190762868715886,usd/MWh_el
2040-11-25 04:00:00,XY,NR,43.190762868715886,usd/MWh_el
2040-11-26 05:00:00,XY,NR,43.190762868715886,usd/MWh_el
2040-11-27 06:00:00,XY,NR,49.49074964893884,usd/MWh_el
2040-11-28 07:00:00,XY,NR,49.49052081238212,usd/MWh_el
2040-11-29 08:00:00,XY,NR,43.190762868715886,usd/MWh_el
2040-11-30 09:00:00,XY,NR,43.190762868715886,usd/MWh_el
2040-12-01 10:00:00,XY,NR,42.88604766158092,usd/MWh_el
2040-12-02 11:00:00,XY,NR,42.88604766158092,usd/MWh_el
2040-12-03 12:00:00,XY,NR,36.28939627277036,usd/MWh_el
2040-12-04 13:00:00,XY,NR,3.0,usd/MWh_el
2040-12-05 14:00:00,XY,NR,23.54306047957294,usd/MWh_el
2040-12-06 15:00:00,XY,NR,36.289531552176,usd/MWh_el
2040-12-07 16:00:00,XY,NR,42.88604766158092,usd/MWh_el
2040-12-08 17:00:00,XY,NR,49.4908798124696,usd/MWh_el
2040-12-09 18:00:00,XY,NR,68.4338345937394,usd/MWh_el
2040-12-10 19:00:00,XY,NR,90.65605681596162,usd/MWh_el
2040-12-11 20:00:00,XY,NR,90.65605681596162,usd/MWh_el
2040-12-12 21:00:00,XY,NR,43.190762868715886,usd/MWh_el
2040-12-13 22:00:00,XY,NR,49.49052081238212,usd/MWh_el
2040-12-14 23:00:00,XY,NR,43.190762868715886,usd/MWh_el
2040-12-16 00:00:00,XY,NR,43.190762868715886,usd/MWh_el
2040-12-17 01:00:00,XY,NR,43.190762868715886,usd/MWh_el
2040-12-18 02:00:00,XY,NR,43.190762868715886,usd/MWh_el
2040-12-19 03:00:00,XY,NR,49.49052081238212,usd/MWh_el
2040-12-20 04:00:00,XY,NR,49.49052081238212,usd/MWh_el
2040-12-21 05:00:00,XY,NR,49.49074964893884,usd/MWh_el
2040-12-22 06:00:00,XY,NR,49.4908798124696,usd/MWh_el
2040-12-23 07:00:00,XY,NR,49.4908798124696,usd/MWh_el
2040-12-24 08:00:00,XY,NR,49.4908798124696,usd/MWh_el
2040-12-25 09:00:00,XY,NR,49.49074964893884,usd/MWh_el
2040-12-26 10:00:00,XY,NR,43.190762868715886,usd/MWh_el
2040-12-27 11:00:00,XY,NR,42.88604766158092,usd/MWh_el
2040-12-28 12:00:00,XY,NR,3.0,usd/MWh_el
2040-12-29 13:00:00,XY,NR,16.990346151325358,usd/MWh_el
2040-12-30 14:00:00,XY,NR,9.552714328247584,usd/MWh_el
2040-12-31 15:00:00,XY,NR,42.88604766158092,usd/MWh_el
2040-01-01 00:00:00,XY,SO,43.190762868715886,usd/MWh_el
2040-01-02 01:00:00,XY,SO,43.190762868715886,usd/MWh_el
2040-01-03 02:00:00,XY,SO,49.49052081238212,usd/MWh_el
2040-01-04 03:00:00,XY,SO,49.49074964893884,usd/MWh_el
2040-01-05 04:00:00,XY,SO,43.190762868715886,usd/MWh_el
2040-01-06 05:00:00,XY,SO,43.190762868715886,usd/MWh_el
2040-01-07 06:00:00,XY,SO,49.4908798124696,usd/MWh_el
2040-01-08 07:00:00,XY,SO,49.4908798124696,usd/MWh_el
2040-01-09 08:00:00,XY,SO,43.190762868715886,usd/MWh_el
2040-01-10 09:00:00,XY,SO,42.88604766158092,usd/MWh_el
2040-01-11 10:00:00,XY,SO,3.0,usd/MWh_el
2040-01-12 11:00:00,XY,SO,16.990346151325358,usd/MWh_el
2040-01-13 12:00:00,XY,SO,0.010858052436,usd/MWh_el
2040-01-14 13:00:00,XY,SO,36.056627711764484,usd/MWh_el
2040-01-15 14:00:00,XY,SO,42.88604766158092,usd/MWh_el
2040-01-16 15:00:00,XY,SO,42.88604766158092,usd/MWh_el
2040-01-17 16:00:00,XY,SO,43.190762868715886,usd/MWh_el
2040-01-18 17:00:00,XY,SO,43.190762868715886,usd/MWh_el
2040-01-19 18:00:00,XY,SO,49.4908798124696,usd/MWh_el
2040-01-20 19:00:00,XY,SO,105.84615384615385,usd/MWh_el
2040-01-21 20:00:00,XY,SO,105.84615384615385,usd/MWh_el
2040-01-22 21:00:00,XY,SO,105.84615384615385,usd/MWh_el
2040-01-23 22:00:00,XY,SO,68.43382737545849,usd/MWh_el
2040-01-24 23:00:00,XY,SO,49.49074964893884,usd/MWh_el
2040-01-26 00:00:00,XY,SO,43.190762868715886,usd/MWh_el
2040-01-27 01:00:00,XY,SO,43.190762868715886,usd/MWh_el
2040-01-28 02:00:00,XY,SO,43.190762868715886,usd/MWh_el
2040-01-29 03:00:00,XY,SO,43.190762868715886,usd/MWh_el
2040-01-30 04:00:00,XY,SO,43.190762868715886,usd/MWh_el
2040-01-31 05:00:00,XY,SO,43.190762868715886,usd/MWh_el
2040-02-01 06:00:00,XY,SO,42.88604766158092,usd/MWh_el
2040-02-02 07:00:00,XY,SO,42.88604766158092,usd/MWh_el
2040-02-03 08:00:00,XY,SO,42.88604766158092,usd/MWh_el
2040-02-04 09:00:00,XY,SO,42.88604766158092,usd/MWh_el
2040-02-05 10:00:00,XY,SO,16.990346151325358,usd/MWh_el
2040-02-06 11:00:00,XY,SO,0.5,usd/MWh_el
2040-02-07 12:00:00,XY,SO,0.010858052436,usd/MWh_el
2040-02-08 13:00:00,XY,SO,0.010858052436,usd/MWh_el
2040-02-09 14:00:00,XY,SO,0.010858052436,usd/MWh_el
2040-02-10 15:00:00,XY,SO,3.0,usd/MWh_el
2040-02-11 16:00:00,XY,SO,36.28939627277036,usd/MWh_el
2040-02-12 17:00:00,XY,SO,43.190762868715886,usd/MWh_el
2040-02-13 18:00:00,XY,SO,68.4340689828236,usd/MWh_el
2040-02-14 19:00:00,XY,SO,49.4908798124696,usd/MWh_el
2040-02-15 20:00:00,XY,SO,49.49052081238212,usd/MWh_el
2040-02-16 21:00:00,XY,SO,43.190762868715886,usd/MWh_el
2040-02-17 22:00:00,XY,SO,43.190762868715886,usd/MWh_el
2040-02-18 23:00:00,XY,SO,43.190762868715886,usd/MWh_el
2040-02-20 00:00:00,XY,SO,43.190762868715886,usd/MWh_el
2040-02-21 01:00:00,XY,SO,43.190762868715886,usd/MWh_el
2040-02-22 02:00:00,XY,SO,43.190762868715886,usd/MWh_el
2040-02-23 03:00:00,XY,SO,42.88604766158092,usd/MWh_el
2040-02-24 04:00:00,XY,SO,43.190762868715886,usd/MWh_el
2040-02-25 05:00:00,XY,SO,43.190762868715886,usd/MWh_el
2040-02-26 06:00:00,XY,SO,45.50339310763186,usd/MWh_el
2040-02-27 07:00:00,XY,SO,43.190762868715886,usd/MWh_el
2040-02-28 08:00:00,XY,SO,43.190762868715886,usd/MWh_el
2040-02-29 09:00:00,XY,SO,42.88604766158092,usd/MWh_el
2040-03-01 10:00:00,XY,SO,21.31266815341828,usd/MWh_el
2040-03-02 11:00:00,XY,SO,21.31266815341828,usd/MWh_el
2040-03-03 12:00:00,XY,SO,0.010858052436,usd/MWh_el
2040-03-04 13:00:00,XY,SO,0.010858052436,usd/MWh_el
2040-03-05 14:00:00,XY,SO,3.0,usd/MWh_el
2040-03-06 15:00:00,XY,SO,21.31266815341828,usd/MWh_el
2040-03-07 16:00:00,XY,SO,23.58486423974588,usd/MWh_el
2040-03-08 17:00:00,XY,SO,42.88604766158092,usd/MWh_el
2040-03-09 18:00:00,XY,SO,49.4908798124696,usd/MWh_el
2040-03-10 19:00:00,XY,SO,58.96831504377792,usd/MWh_el
2040-03-11 20:00:00,XY,SO,90.65605681596162,usd/MWh_el
2040-03-12 21:00:00,XY,SO,90.65605681596162,usd/MWh_el
2040-03-13 22:00:00,XY,SO,90.65605681596162,usd/MWh_el
2040-03-14 23:00:00,XY,SO,43.190762868715886,usd/MWh_el
2040-03-16 00:00:00,XY,SO,43.190762868715886,usd/MWh_el
2040-03-17 01:00:00,XY,SO,43.190762868715886,usd/MWh_el
2040-03-18 02:00:00,XY,SO,49.4908798124696,usd/MWh_el
2040-03-19 03:00:00,XY,SO,49.49074964893884,usd/MWh_el
2040-03-20 04:00:00,XY,SO,43.190762868715886,usd/MWh_el
2040-03-21 05:00:00,XY,SO,43.190762868715886,usd/MWh_el
2040-03-22 06:00:00,XY,SO,43.190762868715886,usd/MWh_el
2040-03-23 07:00:00,XY,SO,43.190762868715886,usd/MWh_el
2040-03-24 08:00:00,XY,SO,43.190762868715886,usd/MWh_el
2040-03-25 09:00:00,XY,SO,42.88679041782296,usd/MWh_el
2040-03-26 10:00:00,XY,SO,42.88604766158092,usd/MWh_el
2040-03-27 11:00:00,XY,SO,36.28939627277036,usd/MWh_el
2040-03-28 12:00:00,XY,SO,0.010858052436,usd/MWh_el
2040-03-29 13:00:00,XY,SO,0.010858052436,usd/MWh_el
2040-03-30 14:00:00,XY,SO,16.990346151325358,usd/MWh_el
2040-03-31 15:00:00,XY,SO,42.88679041782296,usd/MWh_el
2040-04-01 16:00:00,XY,SO,43.190762868715886,usd/MWh_el
2040-04-02 17:00:00,XY,SO,43.190762868715886,usd/MWh_el
2040-04-03 18:00:00,XY,SO,105.84615384615385,usd/MWh_el
2040-04-04 19:00:00,XY,SO,90.65605681596162,usd/MWh_el
2040-04-05 20:00:00,XY,SO,90.65605681596162,usd/MWh_el
2040-04-06 21:00:00,XY,SO,105.84615384615385,usd/MWh_el
2040-04-07 22:00:00,XY,SO,90.65605681596162,usd/MWh_el
2040-04-08 23:00:00,XY,SO,90.65605681596162,usd/MWh_el
2040-04-10 00:00:00,XY,SO,68.4338345937394,usd/MWh_el
2040-04-11 01:00:00,XY,SO,90.65605681596162,usd/MWh_el
2040-04-12 02:00:00,XY,SO,90.65605681596162,usd/MWh_el
2040-04-13 03:00:00,XY,SO,90.65605681596162,usd/MWh_el
2040-04-14 04:00:00,XY,SO,68.4338345937394,usd/MWh_el
2040-04-15 05:00:00,XY,SO,68.4338345937394,usd/MWh_el
2040-04-16 06:00:00,XY,SO,90.65605681596162,usd/MWh_el
2040-04-17 07:00:00,XY,SO,49.4908798124696,usd/MWh_el
2040-04-18 08:00:00,XY,SO,43.190762868715886,usd/MWh_el
2040-04-19 09:00:00,XY,SO,42.88604766158092,usd/MWh_el
2040-04-20 10:00:00,XY,SO,42.88604766158092,usd/MWh_el
2040-04-21 11:00:00,XY,SO,42.88604766158092,usd/MWh_el
2040-04-22 12:00:00,XY,SO,36.289531552176,usd/MWh_el
2040-04-23 13:00:00,XY,SO,36.28939627277036,usd/MWh_el
2040-04-24 14:00:00,XY,SO,42.88604766158092,usd/MWh_el
2040-04-25 15:00:00,XY,SO,43.190762868715886,usd/MWh_el
2040-04-26 16:00:00,XY,SO,43.190762868715886,usd/MWh_el
2040-04-27 17:00:00,XY,SO,90.65605681596162,usd/MWh_el
2040-04-28 18:00:00,XY,SO,105.84615384615385,usd/MWh_el
2040-04-29 19:00:00,XY,SO,105.84615384615385,usd/MWh_el
2040-04-30 20:00:00,XY,SO,105.84615384615385,usd/MWh_el
2040-05-01 21:00:00,XY,SO,105.84615384615385,usd/MWh_el
2040-05-02 22:00:00,XY,SO,105.84615384615385,usd/MWh_el
2040-05-03 23:00:00,XY,SO,90.65711408132965,usd/MWh_el
2040-05-05 00:00:00,XY,SO,90.65629120504582,usd/MWh_el
2040-05-06 01:00:00,XY,SO,90.65605681596162,usd/MWh_el
2040-05-07 02:00:00,XY,SO,90.65605681596162,usd/MWh_el
2040-05-08 03:00:00,XY,SO,90.65605681596162,usd/MWh_el
2040-05-09 04:00:00,XY,SO,90.65605681596162,usd/MWh_el
2040-05-10 05:00:00,XY,SO,90.65605681596162,usd/MWh_el
2040-05-11 06:00:00,XY,SO,90.65605681596162,usd/MWh_el
2040-05-12 07:00:00,XY,SO,105.84615384615385,usd/MWh_el
2040-05-13 08:00:00,XY,SO,90.65605681596162,usd/MWh_el
2040-05-14 09:00:00,XY,SO,43.190762868715886,usd/MWh_el
2040-05-15 10:00:00,XY,SO,43.190762868715886,usd/MWh_el
2040-05-16 11:00:00,XY,SO,42.88604766158092,usd/MWh_el
2040-05-17 12:00:00,XY,SO,42.88604766158092,usd/MWh_el
2040-05-18 13:00:00,XY,SO,43.190762868715886,usd/MWh_el
2040-05-19 14:00:00,XY,SO,43.190762868715886,usd/MWh_el
2040-05-20 15:00:00,XY,SO,81.15384615384615,usd/MWh_el
2040-05-21 16:00:00,XY,SO,105.84615384615385,usd/MWh_el
2040-05-22 17:00:00,XY,SO,105.84615384615385,usd/MWh_el
2040-05-23 18:00:00,XY,SO,105.84615384615385,usd/MWh_el
2040-05-24 19:00:00,XY,SO,105.84615384615385,usd/MWh_el
2040-05-25 20:00:00,XY,SO,105.84615384615385,usd/MWh_el
2040-05-26 21:00:00,XY,SO,105.84615384615385,usd/MWh_el
2040-05-27 22:00:00,XY,SO,105.84615384615385,usd/MWh_el
2040-05-28 23:00:00,XY,SO,105.84615384615385,usd/MWh_el
2040-05-30 00:00:00,XY,SO,90.65605681596162,usd/MWh_el
2040-05-31 01:00:00,XY,SO,90.65605681596162,usd/MWh_el
2040-06-01 02:00:00,XY,SO,68.4338345937394,usd/MWh_el
2040-06-02 03:00:00,XY,SO,49.4908798124696,usd/MWh_el
2040-06-03 04:00:00,XY,SO,90.65605681596162,usd/MWh_el
2040-06-04 05:00:00,XY,SO,90.65605681596162,usd/MWh_el
2040-06-05 06:00:00,XY,SO,90.65605681596162,usd/MWh_el
2040-06-06 07:00:00,XY,SO,43.190762868715886,usd/MWh_el
2040-06-07 08:00:00,XY,SO,49.49074964893884,usd/MWh_el
2040-06-08 09:00:00,XY,SO,43.190762868715886,usd/MWh_el
2040-06-09 10:00:00,XY,SO,43.190762868715886,usd/MWh_el
2040-06-10 11:00:00,XY,SO,43.19002011247384,usd/MWh_el
2040-06-11 12:00:00,XY,SO,42.88604766158092,usd/MWh_el
2040-06-12 13:00:00,XY,SO,42.88604766158092,usd/MWh_el
2040-06-13 14:00:00,XY,SO,16.990346151325358,usd/MWh_el
2040-06-14 15:00:00,XY,SO,23.1839676162752,usd/MWh_el
2040-06-15 16:00:00,XY,SO,42.88604766158092,usd/MWh_el
2040-06-16 17:00:00,XY,SO,43.190762868715886,usd/MWh_el
2040-06-17 18:00:00,XY,SO,43.190762868715886,usd/MWh_el
2040-06-18 19:00:00,XY,SO,105.84615384615385,usd/MWh_el
2040-06-19 20:00:00,XY,SO,105.84615384615385,usd/MWh_el
2040-06-20 21:00:00,XY,SO,105.84615384615385,usd/MWh_el
2040-06-21 22:00:00,XY,SO,105.84615384615385,usd/MWh_el
2040-06-22 23:00:00,XY,SO,105.84615384615385,usd/MWh_el
2040-06-24 00:00:00,XY,SO,105.84615384615385,usd/MWh_el
2040-06-25 01:00:00,XY,SO,90.65629120504582,usd/MWh_el
2040-06-26 02:00:00,XY,SO,105.84615384615385,usd/MWh_el
2040-06-27 03:00:00,XY,SO,105.84615384615385,usd/MWh_el
2040-06-28 04:00:00,XY,SO,90.65605681596162,usd/MWh_el
2040-06-29 05:00:00,XY,SO,68.4338345937394,usd/MWh_el
2040-06-30 06:00:00,XY,SO,68.4338345937394,usd/MWh_el
2040-07-01 07:00:00,XY,SO,68.4338345937394,usd/MWh_el
2040-07-02 08:00:00,XY,SO,49.4908798124696,usd/MWh_el
2040-07-03 09:00:00,XY,SO,43.190762868715886,usd/MWh_el
2040-07-04 10:00:00,XY,SO,42.88604766158092,usd/MWh_el
2040-07-05 11:00:00,XY,SO,3.0,usd/MWh_el
2040-07-06 12:00:00,XY,SO,36.333333333333336,usd/MWh_el
2040-07-07 13:00:00,XY,SO,29.73681722392842,usd/MWh_el
2040-07-08 14:00:00,XY,SO,36.333333333333336,usd/MWh_el
2040-07-09 15:00:00,XY,SO,16.990346151325358,usd/MWh_el
2040-07-10 16:00:00,XY,SO,41.76294708373426,usd/MWh_el
2040-07-11 17:00:00,XY,SO,43.190762868715886,usd/MWh_el
2040-07-12 18:00:00,XY,SO,43.190762868715886,usd/MWh_el
2040-07-13 19:00:00,XY,SO,43.190762868715886,usd/MWh_el
2040-07-14 20:00:00,XY,SO,90.65629120504582,usd/MWh_el
2040-07-15 21:00:00,XY,SO,90.65605681596162,usd/MWh_el
2040-07-16 22:00:00,XY,SO,43.190762868715886,usd/MWh_el
2040-07-17 23:00:00,XY,SO,43.190762868715886,usd/MWh_el
2040-07-19 00:00:00,XY,SO,90.65605681596162,usd/MWh_el
2040-07-20 01:00:00,XY,SO,68.4338345937394,usd/MWh_el
2040-07-21 02:00:00,XY,SO,43.190762868715886,usd/MWh_el
2040-07-22 03:00:00,XY,SO,43.190762868715886,usd/MWh_el
2040-07-23 04:00:00,XY,SO,49.4908798124696,usd/MWh_el
2040-07-24 05:00:00,XY,SO,49.4908798124696,usd/MWh_el
2040-07-25 06:00:00,XY,SO,68.4338345937394,usd/MWh_el
2040-07-26 07:00:00,XY,SO,49.4908798124696,usd/MWh_el
2040-07-27 08:00:00,XY,SO,68.4338345937394,usd/MWh_el
2040-07-28 09:00:00,XY,SO,49.4908798124696,usd/MWh_el
2040-07-29 10:00:00,XY,SO,43.190762868715886,usd/MWh_el
2040-07-30 11:00:00,XY,SO,36.333333333333336,usd/MWh_el
2040-07-31 12:00:00,XY,SO,3.0,usd/MWh_el
2040-08-01 13:00:00,XY,SO,3.0,usd/MWh_el
2040-08-02 14:00:00,XY,SO,3.0,usd/MWh_el
2040-08-03 15:00:00,XY,SO,29.73681722392842,usd/MWh_el
2040-08-04 16:00:00,XY,SO,43.190762868715886,usd/MWh_el
2040-08-05 17:00:00,XY,SO,43.190762868715886,usd/MWh_el
2040-08-06 18:00:00,XY,SO,43.190762868715886,usd/MWh_el
2040-08-07 19:00:00,XY,SO,43.190762868715886,usd/MWh_el
2040-08-08 20:00:00,XY,SO,43.190762868715886,usd/MWh_el
2040-08-09 21:00:00,XY,SO,43.190762868715886,usd/MWh_el
2040-08-10 22:00:00,XY,SO,68.4338345937394,usd/MWh_el
2040-08-11 23:00:00,XY,SO,90.65605681596162,usd/MWh_el
2040-08-13 00:00:00,XY,SO,90.65629120504582,usd/MWh_el
2040-08-14 01:00:00,XY,SO,90.65605681596162,usd/MWh_el
2040-08-15 02:00:00,XY,SO,49.4908798124696,usd/MWh_el
2040-08-16 03:00:00,XY,SO,43.190762868715886,usd/MWh_el
2040-08-17 04:00:00,XY,SO,43.190762868715886,usd/MWh_el
2040-08-18 05:00:00,XY,SO,49.4908798124696,usd/MWh_el
2040-08-19 06:00:00,XY,SO,68.4340689828236,usd/MWh_el
2040-08-20 07:00:00,XY,SO,90.65605681596162,usd/MWh_el
2040-08-21 08:00:00,XY,SO,68.4338345937394,usd/MWh_el
2040-08-22 09:00:00,XY,SO,43.190762868715886,usd/MWh_el
2040-08-23 10:00:00,XY,SO,43.190762868715886,usd/MWh_el
2040-08-24 11:00:00,XY,SO,36.28939627277036,usd/MWh_el
2040-08-25 12:00:00,XY,SO,3.0,usd/MWh_el
2040-08-26 13:00:00,XY,SO,3.0,usd/MWh_el
2040-08-27 14:00:00,XY,SO,16.990346151325358,usd/MWh_el
2040-08-28 15:00:00,XY,SO,42.88604766158092,usd/MWh_el
2040-08-29 16:00:00,XY,SO,43.19002011247384,usd/MWh_el
2040-08-30 17:00:00,XY,SO,43.190762868715886,usd/MWh_el
2040-08-31 18:00:00,XY,SO,49.49052081238212,usd/MWh_el
2040-09-01 19:00:00,XY,SO,105.84615384615385,usd/MWh_el
2040-09-02 20:00:00,XY,SO,90.65605681596162,usd/MWh_el
2040-09-03 21:00:00,XY,SO,105.84615384615385,usd/MWh_el
2040-09-04 22:00:00,XY,SO,105.84615384615385,usd/MWh_el
2040-09-05 23:00:00,XY,SO,90.65605681596162,usd/MWh_el
2040-09-07 00:00:00,XY,SO,68.4338345937394,usd/MWh_el
2040-09-08 01:00:00,XY,SO,68.4338345937394,usd/MWh_el
2040-09-09 02:00:00,XY,SO,49.4908798124696,usd/MWh_el
2040-09-10 03:00:00,XY,SO,49.4908798124696,usd/MWh_el
2040-09-11 04:00:00,XY,SO,49.49074964893884,usd/MWh_el
2040-09-12 05:00:00,XY,SO,68.4338345937394,usd/MWh_el
2040-09-13 06:00:00,XY,SO,49.49074964893884,usd/MWh_el
2040-09-14 07:00:00,XY,SO,49.4908798124696,usd/MWh_el
2040-09-15 08:00:00,XY,SO,43.190762868715886,usd/MWh_el
2040-09-16 09:00:00,XY,SO,43.190762868715886,usd/MWh_el
2040-09-17 10:00:00,XY,SO,42.88604766158092,usd/MWh_el
2040-09-18 11:00:00,XY,SO,43.190762868715886,usd/MWh_el
2040-09-19 12:00:00,XY,SO,42.88604766158092,usd/MWh_el
2040-09-20 13:00:00,XY,SO,42.88604766158092,usd/MWh_el
2040-09-21 14:00:00,XY,SO,43.190762868715886,usd/MWh_el
2040-09-22 15:00:00,XY,SO,49.4908798124696,usd/MWh_el
2040-09-23 16:00:00,XY,SO,49.4908798124696,usd/MWh_el
2040-09-24 17:00:00,XY,SO,43.190762868715886,usd/MWh_el
2040-09-25 18:00:00,XY,SO,105.84615384615385,usd/MWh_el
2040-09-26 19:00:00,XY,SO,105.84615384615385,usd/MWh_el
2040-09-27 20:00:00,XY,SO,105.84615384615385,usd/MWh_el
2040-09-28 21:00:00,XY,SO,90.65605681596162,usd/MWh_el
2040-09-29 22:00:00,XY,SO,105.84615384615385,usd/MWh_el
2040-09-30 23:00:00,XY,SO,105.84615384615385,usd/MWh_el
2040-10-02 00:00:00,XY,SO,90.65605681596162,usd/MWh_el
2040-10-03 01:00:00,XY,SO,68.4338345937394,usd/MWh_el
2040-10-04 02:00:00,XY,SO,49.49052081238212,usd/MWh_el
2040-10-05 03:00:00,XY,SO,49.49074964893884,usd/MWh_el
2040-10-06 04:00:00,XY,SO,43.190762868715886,usd/MWh_el
2040-10-07 05:00:00,XY,SO,43.190762868715886,usd/MWh_el
2040-10-08 06:00:00,XY,SO,49.49074964893884,usd/MWh_el
2040-10-09 07:00:00,XY,SO,68.4338345937394,usd/MWh_el
2040-10-10 08:00:00,XY,SO,49.49074964893884,usd/MWh_el
2040-10-11 09:00:00,XY,SO,43.190762868715886,usd/MWh_el
2040-10-12 10:00:00,XY,SO,43.190762868715886,usd/MWh_el
2040-10-13 11:00:00,XY,SO,43.190762868715886,usd/MWh_el
2040-10-14 12:00:00,XY,SO,42.88604766158092,usd/MWh_el
2040-10-15 13:00:00,XY,SO,42.88604766158092,usd/MWh_el
2040-10-16 14:00:00,XY,SO,43.190762868715886,usd/MWh_el
2040-10-17 15:00:00,XY,SO,43.190762868715886,usd/MWh_el
2040-10-18 16:00:00,XY,SO,43.190762868715886,usd/MWh_el
2040-10-19 17:00:00,XY,SO,49.49052081238212,usd/MWh_el
2040-10-20 18:00:00,XY,SO,105.84615384615385,usd/MWh_el
2040-10-21 19:00:00,XY,SO,105.84615384615385,usd/MWh_el
2040-10-22 20:00:00,XY,SO,105.84615384615385,usd/MWh_el
2040-10-23 21:00:00,XY,SO,90.65711408132965,usd/MWh_el
2040-10-24 22:00:00,XY,SO,90.65605681596162,usd/MWh_el
2040-10-25 23:00:00,XY,SO,49.4908798124696,usd/MWh_el
2040-10-27 00:00:00,XY,SO,49.49052081238212,usd/MWh_el
2040-10-28 01:00:00,XY,SO,49.4908798124696,usd/MWh_el
2040-10-29 02:00:00,XY,SO,43.190762868715886,usd/MWh_el
2040-10-30 03:00:00,XY,SO,43.190762868715886,usd/MWh_el
2040-10-31 04:00:00,XY,SO,43.190762868715886,usd/MWh_el
2040-11-01 05:00:00,XY,SO,43.190762868715886,usd/MWh_el
2040-11-02 06:00:00,XY,SO,43.190762868715886,usd/MWh_el
2040-11-03 07:00:00,XY,SO,49.4908798124696,usd/MWh_el
2040-11-04 08:00:00,XY,SO,49.4908798124696,usd/MWh_el
2040-11-05 09:00:00,XY,SO,49.4908798124696,usd/MWh_el
2040-11-06 10:00:00,XY,SO,43.190762868715886,usd/MWh_el
2040-11-07 11:00:00,XY,SO,42.88604766158092,usd/MWh_el
2040-11-08 12:00:00,XY,SO,3.0,usd/MWh_el
2040-11-09 13:00:00,XY,SO,0.010858052436,usd/MWh_el
2040-11-10 14:00:00,XY,SO,36.28939627277036,usd/MWh_el
2040-11-11 15:00:00,XY,SO,42.88604766158092,usd/MWh_el
2040-11-12 16:00:00,XY,SO,42.88604766158092,usd/MWh_el
2040-11-13 17:00:00,XY,SO,43.190762868715886,usd/MWh_el
2040-11-14 18:00:00,XY,SO,49.4908798124696,usd/MWh_el
2040-11-15 19:00:00,XY,SO,68.4338345937394,usd/MWh_el
2040-11-16 20:00:00,XY,SO,49.4908798124696,usd/MWh_el
2040-11-17 21:00:00,XY,SO,105.84615384615385,usd/MWh_el
2040-11-18 22:00:00,XY,SO,49.4908798124696,usd/MWh_el
2040-11-19 23:00:00,XY,SO,49.49052081238212,usd/MWh_el
2040-11-21 00:00:00,XY,SO,49.49074964893884,usd/MWh_el
2040-11-22 01:00:00,XY,SO,49.4908798124696,usd/MWh_el
2040-11-23 02:00:00,XY,SO,43.190762868715886,usd/MWh_el
2040-11-24 03:00:00,XY,SO,43.190762868715886,usd/MWh_el
2040-11-25 04:00:00,XY,SO,43.190762868715886,usd/MWh_el
2040-11-26 05:00:00,XY,SO,43.190762868715886,usd/MWh_el
2040-11-27 06:00:00,XY,SO,49.49074964893884,usd/MWh_el
2040-11-28 07:00:00,XY,SO,49.49052081238212,usd/MWh_el
2040-11-29 08:00:00,XY,SO,43.190762868715886,usd/MWh_el
2040-11-30 09:00:00,XY,SO,43.190762868715886,usd/MWh_el
2040-12-01 10:00:00,XY,SO,42.88604766158092,usd/MWh_el
2040-12-02 11:00:00,XY,SO,42.88604766158092,usd/MWh_el
2040-12-03 12:00:00,XY,SO,3.0,usd/MWh_el
2040-12-04 13:00:00,XY,SO,3.0,usd/MWh_el
2040-12-05 14:00:00,XY,SO,16.990346151325358,usd/MWh_el
2040-12-06 15:00:00,XY,SO,36.289531552176,usd/MWh_el
2040-12-07 16:00:00,XY,SO,42.88604766158092,usd/MWh_el
2040-12-08 17:00:00,XY,SO,49.4908798124696,usd/MWh_el
2040-12-09 18:00:00,XY,SO,68.4338345937394,usd/MWh_el
2040-12-10 19:00:00,XY,SO,90.65605681596162,usd/MWh_el
2040-12-11 20:00:00,XY,SO,90.65605681596162,usd/MWh_el
2040-12-12 21:00:00,XY,SO,43.190762868715886,usd/MWh_el
2040-12-13 22:00:00,XY,SO,49.49052081238212,usd/MWh_el
2040-12-14 23:00:00,XY,SO,43.190762868715886,usd/MWh_el
2040-12-16 00:00:00,XY,SO,43.190762868715886,usd/MWh_el
2040-12-17 01:00:00,XY,SO,43.190762868715886,usd/MWh_el
2040-12-18 02:00:00,XY,SO,43.190762868715886,usd/MWh_el
2040-12-19 03:00:00,XY,SO,49.49052081238212,usd/MWh_el
2040-12-20 04:00:00,XY,SO,49.49052081238212,usd/MWh_el
2040-12-21 05:00:00,XY,SO,49.49074964893884,usd/MWh_el
2040-12-22 06:00:00,XY,SO,49.4908798124696,usd/MWh_el
2040-12-23 07:00:00,XY,SO,49.4908798124696,usd/MWh_el
2040-12-24 08:00:00,XY,SO,49.4908798124696,usd/MWh_el
2040-12-25 09:00:00,XY,SO,49.49074964893884,usd/MWh_el
2040-12-26 10:00:00,XY,SO,43.190762868715886,usd/MWh_el
2040-12-27 11:00:00,XY,SO,42.88604766158092,usd/MWh_el
2040-12-28 12:00:00,XY,SO,3.0,usd/MWh_el
2040-12-29 13:00:00,XY,SO,16.990346151325358,usd/MWh_el
2040-12-30 14:00:00,XY,SO,3.0,usd/MWh_el
2040-12-31 15:00:00,XY,SO,42.88604766158092,usd/MWh_el
2040-01-01 00:00:00,YZ,NR,48.31901004739033,usd/MWh_el
2040-01-02 01:00:00,YZ,NR,61.2063155988584,usd/MWh_el
2040-01-03 02:00:00,YZ,NR,95.28020754191071,usd/MWh_el
2040-01-04 03:00:00,YZ,NR,83.32327189827397,usd/MWh_el
2040-01-05 04:00:00,YZ,NR,48.31886143396425,usd/MWh_el
2040-01-06 05:00:00,YZ,NR,48.31886143396427,usd/MWh_el
2040-01-07 06:00:00,YZ,NR,48.31886143396426,usd/MWh_el
2040-01-08 07:00:00,YZ,NR,48.31886143396426,usd/MWh_el
2040-01-09 08:00:00,YZ,NR,48.31886143396426,usd/MWh_el
2040-01-10 09:00:00,YZ,NR,48.31886143396426,usd/MWh_el
2040-01-11 10:00:00,YZ,NR,48.31886143396425,usd/MWh_el
2040-01-12 11:00:00,YZ,NR,48.31886143396426,usd/MWh_el
2040-01-13 12:00:00,YZ,NR,48.31886143396426,usd/MWh_el
2040-01-14 13:00:00,YZ,NR,48.31886143396426,usd/MWh_el
2040-01-15 14:00:00,YZ,NR,48.31886143396425,usd/MWh_el
2040-01-16 15:00:00,YZ,NR,48.31901004739033,usd/MWh_el
2040-01-17 16:00:00,YZ,NR,48.31886143396425,usd/MWh_el
2040-01-18 17:00:00,YZ,NR,48.31886143396425,usd/MWh_el
2040-01-19 18:00:00,YZ,NR,48.31886143396425,usd/MWh_el
2040-01-20 19:00:00,YZ,NR,48.31886143396426,usd/MWh_el
2040-01-21 20:00:00,YZ,NR,48.31886143396425,usd/MWh_el
2040-01-22 21:00:00,YZ,NR,48.31886143396426,usd/MWh_el
2040-01-23 22:00:00,YZ,NR,48.31886143396426,usd/MWh_el
2040-01-24 23:00:00,YZ,NR,48.31886143396426,usd/MWh_el
2040-01-26 00:00:00,YZ,NR,48.31886143396426,usd/MWh_el
2040-01-27 01:00:00,YZ,NR,48.31886143396425,usd/MWh_el
2040-01-28 02:00:00,YZ,NR,13.314450969654537,usd/MWh_el
2040-01-29 03:00:00,YZ,NR,83.32327189827397,usd/MWh_el
2040-01-30 04:00:00,YZ,NR,95.28020754191071,usd/MWh_el
2040-01-31 05:00:00,YZ,NR,95.28020754191071,usd/MWh_el
2040-02-01 06:00:00,YZ,NR,48.31886143396426,usd/MWh_el
2040-02-02 07:00:00,YZ,NR,48.31886143396425,usd/MWh_el
2040-02-03 08:00:00,YZ,NR,95.28020754191071,usd/MWh_el
2040-02-04 09:00:00,YZ,NR,48.31886143396425,usd/MWh_el
2040-02-05 10:00:00,YZ,NR,48.318861433964265,usd/MWh_el
2040-02-06 11:00:00,YZ,NR,48.31886143396426,usd/MWh_el
2040-02-07 12:00:00,YZ,NR,48.31886143396426,usd/MWh_el
2040-02-08 13:00:00,YZ,NR,48.31886143396425,usd/MWh_el
2040-02-09 14:00:00,YZ,NR,48.31886143396425,usd/MWh_el
2040-02-10 15:00:00,YZ,NR,95.2802075419107,usd/MWh_el
2040-02-11 16:00:00,YZ,NR,48.31886143396425,usd/MWh_el
2040-02-12 17:00:00,YZ,NR,48.31886143396426,usd/MWh_el
2040-02-13 18:00:00,YZ,NR,48.31886143396426,usd/MWh_el
2040-02-14 19:00:00,YZ,NR,48.318861433964265,usd/MWh_el
2040-02-15 20:00:00,YZ,NR,48.31886143396426,usd/MWh_el
2040-02-16 21:00:00,YZ,NR,48.31886143396426,usd/MWh_el
2040-02-17 22:00:00,YZ,NR,48.31886143396426,usd/MWh_el
2040-02-18 23:00:00,YZ,NR,48.31886143396425,usd/MWh_el
2040-02-20 00:00:00,YZ,NR,95.28020754191071,usd/MWh_el
2040-02-21 01:00:00,YZ,NR,95.28020754191071,usd/MWh_el
2040-02-22 02:00:00,YZ,NR,48.31901004739033,usd/MWh_el
2040-02-23 03:00:00,YZ,NR,35.43081205222378,usd/MWh_el
2040-02-24 04:00:00,YZ,NR,48.31886143396426,usd/MWh_el
2040-02-25 05:00:00,YZ,NR,48.31886143396426,usd/MWh_el
2040-02-26 06:00:00,YZ,NR,48.31886143396426,usd/MWh_el
2040-02-27 07:00:00,YZ,NR,48.31886143396426,usd/MWh_el
2040-02-28 08:00:00,YZ,NR,48.31886143396426,usd/MWh_el
2040-02-29 09:00:00,YZ,NR,48.31886143396426,usd/MWh_el
2040-03-01 10:00:00,YZ,NR,48.31785955884678,usd/MWh_el
2040-03-02 11:00:00,YZ,NR,35.430812052223786,usd/MWh_el
2040-03-03 12:00:00,YZ,NR,26.20249472894056,usd/MWh_el
2040-03-04 13:00:00,YZ,NR,83.3226823038821,usd/MWh_el
2040-03-05 14:00:00,YZ,NR,35.4314072690701,usd/MWh_el
2040-03-06 15:00:00,YZ,NR,35.4314072690701,usd/MWh_el
2040-03-07 16:00:00,YZ,NR,83.3226823038821,usd/MWh_el
2040-03-08 17:00:00,YZ,NR,1.5,usd/MWh_el
2040-03-09 18:00:00,YZ,NR,35.4314072690701,usd/MWh_el
2040-03-10 19:00:00,YZ,NR,48.31886143396426,usd/MWh_el
2040-03-11 20:00:00,YZ,NR,48.31886143396426,usd/MWh_el
2040-03-12 21:00:00,YZ,NR,48.31886143396426,usd/MWh_el
2040-03-13 22:00:00,YZ,NR,48.31886143396426,usd/MWh_el
2040-03-14 23:00:00,YZ,NR,48.31886143396426,usd/MWh_el
2040-03-16 00:00:00,YZ,NR,35.43081205222378,usd/MWh_el
2040-03-17 01:00:00,YZ,NR,48.31886143396426,usd/MWh_el
2040-03-18 02:00:00,YZ,NR,35.4314072690701,usd/MWh_el
2040-03-19 03:00:00,YZ,NR,61.2063155988584,usd/MWh_el
2040-03-20 04:00:00,YZ,NR,48.318861433964265,usd/MWh_el
2040-03-21 05:00:00,YZ,NR,48.31886143396426,usd/MWh_el
2040-03-22 06:00:00,YZ,NR,13.767023982406737,usd/MWh_el
2040-03-23 07:00:00,YZ,NR,48.31886143396426,usd/MWh_el
2040-03-24 08:00:00,YZ,NR,35.4314072690701,usd/MWh_el
2040-03-25 09:00:00,YZ,NR,48.31886143396426,usd/MWh_el
2040-03-26 10:00:00,YZ,NR,48.31886143396426,usd/MWh_el
2040-03-27 11:00:00,YZ,NR,48.31871282053817,usd/MWh_el
2040-03-28 12:00:00,YZ,NR,48.319010047390336,usd/MWh_el
2040-03-29 13:00:00,YZ,NR,48.31886143396426,usd/MWh_el
2040-03-30 14:00:00,YZ,NR,48.31886143396426,usd/MWh_el
2040-03-31 15:00:00,YZ,NR,48.31886143396426,usd/MWh_el
2040-04-01 16:00:00,YZ,NR,48.31886143396426,usd/MWh_el
2040-04-02 17:00:00,YZ,NR,35.4314072690701,usd/MWh_el
2040-04-03 18:00:00,YZ,NR,48.31886143396426,usd/MWh_el
2040-04-04 19:00:00,YZ,NR,48.31871282053817,usd/MWh_el
2040-04-05 20:00:00,YZ,NR,48.319010047390336,usd/MWh_el
2040-04-06 21:00:00,YZ,NR,35.4314072690701,usd/MWh_el
2040-04-07 22:00:00,YZ,NR,35.4314072690701,usd/MWh_el
2040-04-08 23:00:00,YZ,NR,1.5,usd/MWh_el
2040-04-10 00:00:00,YZ,NR,14.985528100630926,usd/MWh_el
2040-04-11 01:00:00,YZ,NR,48.31886143396426,usd/MWh_el
2040-04-12 02:00:00,YZ,NR,14.985528100630926,usd/MWh_el
2040-04-13 03:00:00,YZ,NR,48.31886143396426,usd/MWh_el
2040-04-14 04:00:00,YZ,NR,48.31886143396425,usd/MWh_el
2040-04-15 05:00:00,YZ,NR,48.318861433964265,usd/MWh_el
2040-04-16 06:00:00,YZ,NR,48.319010047390336,usd/MWh_el
2040-04-17 07:00:00,YZ,NR,48.31886143396426,usd/MWh_el
2040-04-18 08:00:00,YZ,NR,48.31886143396426,usd/MWh_el
2040-04-19 09:00:00,YZ,NR,14.985528100630926,usd/MWh_el
2040-04-20 10:00:00,YZ,NR,1.5,usd/MWh_el
2040-04-21 11:00:00,YZ,NR,35.4314072690701,usd/MWh_el
2040-04-22 12:00:00,YZ,NR,48.31886143396426,usd/MWh_el
2040-04-23 13:00:00,YZ,NR,35.4314072690701,usd/MWh_el
2040-04-24 14:00:00,YZ,NR,48.31886143396426,usd/MWh_el
2040-04-25 15:00:00,YZ,NR,48.31886143396426,usd/MWh_el
2040-04-26 16:00:00,YZ,NR,48.31886143396426,usd/MWh_el
2040-04-27 17:00:00,YZ,NR,48.31886143396426,usd/MWh_el
2040-04-28 18:00:00,YZ,NR,48.31886143396426,usd/MWh_el
2040-04-29 19:00:00,YZ,NR,48.31886143396426,usd/MWh_el
2040-04-30 20:00:00,YZ,NR,48.31886143396426,usd/MWh_el
2040-05-01 21:00:00,YZ,NR,48.31886143396426,usd/MWh_el
2040-05-02 22:00:00,YZ,NR,35.4314072690701,usd/MWh_el
2040-05-03 23:00:00,YZ,NR,35.4314072690701,usd/MWh_el
2040-05-05 00:00:00,YZ,NR,48.31886143396426,usd/MWh_el
2040-05-06 01:00:00,YZ,NR,48.31886143396426,usd/MWh_el
2040-05-07 02:00:00,YZ,NR,48.319010047390336,usd/MWh_el
2040-05-08 03:00:00,YZ,NR,35.430812052223786,usd/MWh_el
2040-05-09 04:00:00,YZ,NR,48.31886143396426,usd/MWh_el
2040-05-10 05:00:00,YZ,NR,48.31886143396426,usd/MWh_el
2040-05-11 06:00:00,YZ,NR,15.61478702200992,usd/MWh_el
2040-05-12 07:00:00,YZ,NR,35.4314072690701,usd/MWh_el
2040-05-13 08:00:00,YZ,NR,48.31886143396426,usd/MWh_el
2040-05-14 09:00:00,YZ,NR,48.31886143396426,usd/MWh_el
2040-05-15 10:00:00,YZ,NR,48.31886143396426,usd/MWh_el
2040-05-16 11:00:00,YZ,NR,48.31886143396426,usd/MWh_el
2040-05-17 12:00:00,YZ,NR,48.31886143396426,usd/MWh_el
2040-05-18 13:00:00,YZ,NR,35.430812052223786,usd/MWh_el
2040-05-19 14:00:00,YZ,NR,83.3226823038821,usd/MWh_el
2040-05-20 15:00:00,YZ,NR,48.31785955884678,usd/MWh_el
2040-05-21 16:00:00,YZ,NR,20.822579537962298,usd/MWh_el
2040-05-22 17:00:00,YZ,NR,48.31886143396426,usd/MWh_el
2040-05-23 18:00:00,YZ,NR,48.31886143396426,usd/MWh_el
2040-05-24 19:00:00,YZ,NR,48.31785955884678,usd/MWh_el
2040-05-25 20:00:00,YZ,NR,48.31871282053817,usd/MWh_el
2040-05-26 21:00:00,YZ,NR,48.319010047390336,usd/MWh_el
2040-05-27 22:00:00,YZ,NR,48.31886143396426,usd/MWh_el
2040-05-28 23:00:00,YZ,NR,35.4314072690701,usd/MWh_el
2040-05-30 00:00:00,YZ,NR,48.31886143396426,usd/MWh_el
2040-05-31 01:00:00,YZ,NR,48.31886143396426,usd/MWh_el
2040-06-01 02:00:00,YZ,NR,48.31886143396425,usd/MWh_el
2040-06-02 03:00:00,YZ,NR,48.31886143396425,usd/MWh_el
2040-06-03 04:00:00,YZ,NR,48.31886143396426,usd/MWh_el
2040-06-04 05:00:00,YZ,NR,35.4314072690701,usd/MWh_el
2040-06-05 06:00:00,YZ,NR,83.32327189827397,usd/MWh_el
2040-06-06 07:00:00,YZ,NR,48.31886143396426,usd/MWh_el
2040-06-07 08:00:00,YZ,NR,48.319010047390336,usd/MWh_el
2040-06-08 09:00:00,YZ,NR,83.3226823038821,usd/MWh_el
2040-06-09 10:00:00,YZ,NR,48.31886143396426,usd/MWh_el
2040-06-10 11:00:00,YZ,NR,48.31886143396426,usd/MWh_el
2040-06-11 12:00:00,YZ,NR,48.31886143396426,usd/MWh_el
2040-06-12 13:00:00,YZ,NR,48.319010047390336,usd/MWh_el
2040-06-13 14:00:00,YZ,NR,48.31871282053819,usd/MWh_el
2040-06-14 15:00:00,YZ,NR,48.31886143396423,usd/MWh_el
2040-06-15 16:00:00,YZ,NR,48.31886143396429,usd/MWh_el
2040-06-16 17:00:00,YZ,NR,48.31886143396426,usd/MWh_el
2040-06-17 18:00:00,YZ,NR,48.31886143396426,usd/MWh_el
2040-06-18 19:00:00,YZ,NR,48.31785955884678,usd/MWh_el
2040-06-19 20:00:00,YZ,NR,48.31886143396426,usd/MWh_el
2040-06-20 21:00:00,YZ,NR,48.31886143396426,usd/MWh_el
2040-06-21 22:00:00,YZ,NR,48.31886143396426,usd/MWh_el
2040-06-22 23:00:00,YZ,NR,48.31886143396426,usd/MWh_el
2040-06-24 00:00:00,YZ,NR,48.31886143396425,usd/MWh_el
2040-06-25 01:00:00,YZ,NR,48.318861433964265,usd/MWh_el
2040-06-26 02:00:00,YZ,NR,48.31886143396426,usd/MWh_el
2040-06-27 03:00:00,YZ,NR,48.31886143396426,usd/MWh_el
2040-06-28 04:00:00,YZ,NR,48.31886143396426,usd/MWh_el
2040-06-29 05:00:00,YZ,NR,48.31886143396426,usd/MWh_el
2040-06-30 06:00:00,YZ,NR,48.31886143396426,usd/MWh_el
2040-07-01 07:00:00,YZ,NR,48.31886143396426,usd/MWh_el
2040-07-02 08:00:00,YZ,NR,48.31886143396426,usd/MWh_el
2040-07-03 09:00:00,YZ,NR,48.319010047390336,usd/MWh_el
2040-07-04 10:00:00,YZ,NR,48.31886143396426,usd/MWh_el
2040-07-05 11:00:00,YZ,NR,48.31886143396426,usd/MWh_el
2040-07-06 12:00:00,YZ,NR,48.31886143396426,usd/MWh_el
2040-07-07 13:00:00,YZ,NR,1.5,usd/MWh_el
2040-07-08 14:00:00,YZ,NR,15.61478702200992,usd/MWh_el
2040-07-09 15:00:00,YZ,NR,48.31886143396426,usd/MWh_el
2040-07-10 16:00:00,YZ,NR,48.319010047390336,usd/MWh_el
2040-07-11 17:00:00,YZ,NR,48.31886143396426,usd/MWh_el
2040-07-12 18:00:00,YZ,NR,48.31886143396426,usd/MWh_el
2040-07-13 19:00:00,YZ,NR,48.31886143396426,usd/MWh_el
2040-07-14 20:00:00,YZ,NR,48.31886143396426,usd/MWh_el
2040-07-15 21:00:00,YZ,NR,48.31886143396426,usd/MWh_el
2040-07-16 22:00:00,YZ,NR,48.31886143396426,usd/MWh_el
2040-07-17 23:00:00,YZ,NR,48.31886143396426,usd/MWh_el
2040-07-19 00:00:00,YZ,NR,48.31886143396426,usd/MWh_el
2040-07-20 01:00:00,YZ,NR,48.31886143396426,usd/MWh_el
2040-07-21 02:00:00,YZ,NR,48.31886143396425,usd/MWh_el
2040-07-22 03:00:00,YZ,NR,48.31886143396426,usd/MWh_el
2040-07-23 04:00:00,YZ,NR,48.31886143396426,usd/MWh_el
2040-07-24 05:00:00,YZ,NR,48.31886143396426,usd/MWh_el
2040-07-25 06:00:00,YZ,NR,48.31886143396426,usd/MWh_el
2040-07-26 07:00:00,YZ,NR,48.31886143396426,usd/MWh_el
2040-07-27 08:00:00,YZ,NR,48.31886143396426,usd/MWh_el
2040-07-28 09:00:00,YZ,NR,48.31886143396426,usd/MWh_el
2040-07-29 10:00:00,YZ,NR,48.31886143396426,usd/MWh_el
2040-07-30 11:00:00,YZ,NR,48.31886143396426,usd/MWh_el
2040-07-31 12:00:00,YZ,NR,95.28020754191071,usd/MWh_el
2040-08-01 13:00:00,YZ,NR,48.31886143396426,usd/MWh_el
2040-08-02 14:00:00,YZ,NR,60.1337154153305,usd/MWh_el
2040-08-03 15:00:00,YZ,NR,83.32286888656226,usd/MWh_el
2040-08-04 16:00:00,YZ,NR,48.31886143396426,usd/MWh_el
2040-08-05 17:00:00,YZ,NR,48.31886143396426,usd/MWh_el
2040-08-06 18:00:00,YZ,NR,48.319010047390336,usd/MWh_el
2040-08-07 19:00:00,YZ,NR,48.31886143396426,usd/MWh_el
2040-08-08 20:00:00,YZ,NR,48.31886143396426,usd/MWh_el
2040-08-09 21:00:00,YZ,NR,48.31886143396426,usd/MWh_el
2040-08-10 22:00:00,YZ,NR,48.31886143396426,usd/MWh_el
2040-08-11 23:00:00,YZ,NR,1.5,usd/MWh_el
2040-08-13 00:00:00,YZ,NR,48.31886143396426,usd/MWh_el
2040-08-14 01:00:00,YZ,NR,48.31886143396426,usd/MWh_el
2040-08-15 02:00:00,YZ,NR,48.31886143396426,usd/MWh_el
2040-08-16 03:00:00,YZ,NR,95.28020754191071,usd/MWh_el
2040-08-17 04:00:00,YZ,NR,48.31886143396426,usd/MWh_el
2040-08-18 05:00:00,YZ,NR,48.31886143396426,usd/MWh_el
2040-08-19 06:00:00,YZ,NR,48.31886143396426,usd/MWh_el
2040-08-20 07:00:00,YZ,NR,48.31886143396426,usd/MWh_el
2040-08-21 08:00:00,YZ,NR,48.31886143396426,usd/MWh_el
2040-08-22 09:00:00,YZ,NR,48.31886143396426,usd/MWh_el
2040-08-23 10:00:00,YZ,NR,48.31886143396426,usd/MWh_el
2040-08-24 11:00:00,YZ,NR,48.31886143396426,usd/MWh_el
2040-08-25 12:00:00,YZ,NR,48.31886143396426,usd/MWh_el
2040-08-26 13:00:00,YZ,NR,48.31886143396426,usd/MWh_el
2040-08-27 14:00:00,YZ,NR,48.31886143396426,usd/MWh_el
2040-08-28 15:00:00,YZ,NR,48.31886143396426,usd/MWh_el
2040-08-29 16:00:00,YZ,NR,48.31886143396426,usd/MWh_el
2040-08-30 17:00:00,YZ,NR,48.31886143396426,usd/MWh_el
2040-08-31 18:00:00,YZ,NR,48.31886143396426,usd/MWh_el
2040-09-01 19:00:00,YZ,NR,48.31886143396426,usd/MWh_el
2040-09-02 20:00:00,YZ,NR,20.822579537962298,usd/MWh_el
2040-09-03 21:00:00,YZ,NR,48.31886143396426,usd/MWh_el
2040-09-04 22:00:00,YZ,NR,48.31886143396426,usd/MWh_el
2040-09-05 23:00:00,YZ,NR,48.31886143396426,usd/MWh_el
2040-09-07 00:00:00,YZ,NR,35.4314072690701,usd/MWh_el
2040-09-08 01:00:00,YZ,NR,48.31886143396426,usd/MWh_el
2040-09-09 02:00:00,YZ,NR,48.31785955884678,usd/MWh_el
2040-09-10 03:00:00,YZ,NR,48.31886143396426,usd/MWh_el
2040-09-11 04:00:00,YZ,NR,48.31886143396426,usd/MWh_el
2040-09-12 05:00:00,YZ,NR,48.31886143396426,usd/MWh_el
2040-09-13 06:00:00,YZ,NR,48.31886143396426,usd/MWh_el
2040-09-14 07:00:00,YZ,NR,48.31886143396426,usd/MWh_el
2040-09-15 08:00:00,YZ,NR,48.31886143396426,usd/MWh_el
2040-09-16 09:00:00,YZ,NR,48.318712820538174,usd/MWh_el
2040-09-17 10:00:00,YZ,NR,48.319010047390336,usd/MWh_el
2040-09-18 11:00:00,YZ,NR,48.31886143396426,usd/MWh_el
2040-09-19 12:00:00,YZ,NR,35.4314072690701,usd/MWh_el
2040-09-20 13:00:00,YZ,NR,48.31785955884678,usd/MWh_el
2040-09-21 14:00:00,YZ,NR,48.31886143396426,usd/MWh_el
2040-09-22 15:00:00,YZ,NR,35.4314072690701,usd/MWh_el
2040-09-23 16:00:00,YZ,NR,20.822579537962298,usd/MWh_el
2040-09-24 17:00:00,YZ,NR,48.319010047390336,usd/MWh_el
2040-09-25 18:00:00,YZ,NR,48.31886143396426,usd/MWh_el
2040-09-26 19:00:00,YZ,NR,20.822579537962298,usd/MWh_el
2040-09-27 20:00:00,YZ,NR,48.31886143396425,usd/MWh_el
2040-09-28 21:00:00,YZ,NR,48.31886143396426,usd/MWh_el
2040-09-29 22:00:00,YZ,NR,48.31886143396426,usd/MWh_el
2040-09-30 23:00:00,YZ,NR,48.31886143396426,usd/MWh_el
2040-10-02 00:00:00,YZ,NR,48.31886143396426,usd/MWh_el
2040-10-03 01:00:00,YZ,NR,48.31886143396426,usd/MWh_el
2040-10-04 02:00:00,YZ,NR,48.31886143396425,usd/MWh_el
2040-10-05 03:00:00,YZ,NR,48.31886143396426,usd/MWh_el
2040-10-06 04:00:00,YZ,NR,48.31886143396426,usd/MWh_el
2040-10-07 05:00:00,YZ,NR,48.31886143396426,usd/MWh_el
2040-10-08 06:00:00,YZ,NR,48.31886143396426,usd/MWh_el
2040-10-09 07:00:00,YZ,NR,95.28020754191071,usd/MWh_el
2040-10-10 08:00:00,YZ,NR,48.31886143396426,usd/MWh_el
2040-10-11 09:00:00,YZ,NR,48.31886143396426,usd/MWh_el
2040-10-12 10:00:00,YZ,NR,14.985528100630926,usd/MWh_el
2040-10-13 11:00:00,YZ,NR,48.31785955884677,usd/MWh_el
2040-10-14 12:00:00,YZ,NR,48.31886143396426,usd/MWh_el
2040-10-15 13:00:00,YZ,NR,48.31886143396426,usd/MWh_el
2040-10-16 14:00:00,YZ,NR,48.31886143396426,usd/MWh_el
2040-10-17 15:00:00,YZ,NR,48.31886143396426,usd/MWh_el
2040-10-18 16:00:00,YZ,NR,48.31886143396426,usd/MWh_el
2040-10-19 17:00:00,YZ,NR,48.31886143396426,usd/MWh_el
2040-10-20 18:00:00,YZ,NR,20.822579537962298,usd/MWh_el
2040-10-21 19:00:00,YZ,NR,1.5,usd/MWh_el
2040-10-22 20:00:00,YZ,NR,28.471056201261852,usd/MWh_el
2040-10-23 21:00:00,YZ,NR,48.31886143396426,usd/MWh_el
2040-10-24 22:00:00,YZ,NR,1.5,usd/MWh_el
2040-10-25 23:00:00,YZ,NR,48.31886143396426,usd/MWh_el
2040-10-27 00:00:00,YZ,NR,48.31886143396426,usd/MWh_el
2040-10-28 01:00:00,YZ,NR,35.4314072690701,usd/MWh_el
2040-10-29 02:00:00,YZ,NR,61.2063155988584,usd/MWh_el
2040-10-30 03:00:00,YZ,NR,48.31886143396426,usd/MWh_el
2040-10-31 04:00:00,YZ,NR,48.31886143396426,usd/MWh_el
2040-11-01 05:00:00,YZ,NR,48.31886143396426,usd/MWh_el
2040-11-02 06:00:00,YZ,NR,48.31886143396426,usd/MWh_el
2040-11-03 07:00:00,YZ,NR,48.31785955884678,usd/MWh_el
2040-11-04 08:00:00,YZ,NR,35.4314072690701,usd/MWh_el
2040-11-05 09:00:00,YZ,NR,48.31886143396426,usd/MWh_el
2040-11-06 10:00:00,YZ,NR,48.318861433964265,usd/MWh_el
2040-11-07 11:00:00,YZ,NR,48.31886143396426,usd/MWh_el
2040-11-08 12:00:00,YZ,NR,48.31886143396426,usd/MWh_el
2040-11-09 13:00:00,YZ,NR,48.31886143396426,usd/MWh_el
2040-11-10 14:00:00,YZ,NR,48.31886143396426,usd/MWh_el
2040-11-11 15:00:00,YZ,NR,48.31886143396426,usd/MWh_el
2040-11-12 16:00:00,YZ,NR,39.08994889383471,usd/MWh_el
2040-11-13 17:00:00,YZ,NR,35.4314072690701,usd/MWh_el
2040-11-14 18:00:00,YZ,NR,83.3226823038821,usd/MWh_el
2040-11-15 19:00:00,YZ,NR,35.4314072690701,usd/MWh_el
2040-11-16 20:00:00,YZ,NR,35.4314072690701,usd/MWh_el
2040-11-17 21:00:00,YZ,NR,48.319010047390336,usd/MWh_el
2040-11-18 22:00:00,YZ,NR,1.5,usd/MWh_el
2040-11-19 23:00:00,YZ,NR,14.985528100630926,usd/MWh_el
2040-11-21 00:00:00,YZ,NR,1.5,usd/MWh_el
2040-11-22 01:00:00,YZ,NR,48.31886143396425,usd/MWh_el
2040-11-23 02:00:00,YZ,NR,48.31886143396426,usd/MWh_el
2040-11-24 03:00:00,YZ,NR,48.31871282053817,usd/MWh_el
2040-11-25 04:00:00,YZ,NR,48.319010047390336,usd/MWh_el
2040-11-26 05:00:00,YZ,NR,48.31886143396426,usd/MWh_el
2040-11-27 06:00:00,YZ,NR,26.20308994578688,usd/MWh_el
2040-11-28 07:00:00,YZ,NR,83.3226823038821,usd/MWh_el
2040-11-29 08:00:00,YZ,NR,35.430812052223786,usd/MWh_el
2040-11-30 09:00:00,YZ,NR,48.31886143396426,usd/MWh_el
2040-12-01 10:00:00,YZ,NR,48.31886143396425,usd/MWh_el
2040-12-02 11:00:00,YZ,NR,48.31886143396426,usd/MWh_el
2040-12-03 12:00:00,YZ,NR,48.31785955884678,usd/MWh_el
2040-12-04 13:00:00,YZ,NR,48.31886143396426,usd/MWh_el
2040-12-05 14:00:00,YZ,NR,48.39956982704994,usd/MWh_el
2040-12-06 15:00:00,YZ,NR,83.3226823038821,usd/MWh_el
2040-12-07 16:00:00,YZ,NR,48.31785955884678,usd/MWh_el
2040-12-08 17:00:00,YZ,NR,48.31886143396426,usd/MWh_el
2040-12-09 18:00:00,YZ,NR,48.31886143396426,usd/MWh_el
2040-12-10 19:00:00,YZ,NR,48.31886143396425,usd/MWh_el
2040-12-11 20:00:00,YZ,NR,48.31886143396426,usd/MWh_el
2040-12-12 21:00:00,YZ,NR,48.31886143396426,usd/MWh_el
2040-12-13 22:00:00,YZ,NR,35.430812052223786,usd/MWh_el
2040-12-14 23:00:00,YZ,NR,1.5,usd/MWh_el
2040-12-16 00:00:00,YZ,NR,48.31886143396426,usd/MWh_el
2040-12-17 01:00:00,YZ,NR,48.31886143396426,usd/MWh_el
2040-12-18 02:00:00,YZ,NR,48.31886143396426,usd/MWh_el
2040-12-19 03:00:00,YZ,NR,48.31886143396426,usd/MWh_el
2040-12-20 04:00:00,YZ,NR,48.31886143396425,usd/MWh_el
2040-12-21 05:00:00,YZ,NR,48.31886143396426,usd/MWh_el
2040-12-22 06:00:00,YZ,NR,48.31871282053817,usd/MWh_el
2040-12-23 07:00:00,YZ,NR,48.319010047390336,usd/MWh_el
2040-12-24 08:00:00,YZ,NR,48.31886143396426,usd/MWh_el
2040-12-25 09:00:00,YZ,NR,48.31886143396425,usd/MWh_el
2040-12-26 10:00:00,YZ,NR,48.31886143396426,usd/MWh_el
2040-12-27 11:00:00,YZ,NR,48.31886143396426,usd/MWh_el
2040-12-28 12:00:00,YZ,NR,48.31886143396426,usd/MWh_el
2040-12-29 13:00:00,YZ,NR,35.430812052223786,usd/MWh_el
2040-12-30 14:00:00,YZ,NR,61.20691081570473,usd/MWh_el
2040-12-31 15:00:00,YZ,NR,48.31886143396426,usd/MWh_el
2040-01-01 00:00:00,YZ,SO,95.2802075419107,usd/MWh_el
2040-01-02 01:00:00,YZ,SO,61.2063155988584,usd/MWh_el
2040-01-03 02:00:00,YZ,SO,95.28020754191071,usd/MWh_el
2040-01-04 03:00:00,YZ,SO,95.2802075419107,usd/MWh_el
2040-01-05 04:00:00,YZ,SO,95.2802075419107,usd/MWh_el
2040-01-06 05:00:00,YZ,SO,95.2802075419107,usd/MWh_el
2040-01-07 06:00:00,YZ,SO,95.2802075419107,usd/MWh_el
2040-01-08 07:00:00,YZ,SO,95.2802075419107,usd/MWh_el
2040-01-09 08:00:00,YZ,SO,48.31886143396426,usd/MWh_el
2040-01-10 09:00:00,YZ,SO,48.31886143396426,usd/MWh_el
2040-01-11 10:00:00,YZ,SO,23.48074031209288,usd/MWh_el
2040-01-12 11:00:00,YZ,SO,48.31886143396426,usd/MWh_el
2040-01-13 12:00:00,YZ,SO,1.5,usd/MWh_el
2040-01-14 13:00:00,YZ,SO,1.5,usd/MWh_el
2040-01-15 14:00:00,YZ,SO,48.31871282053819,usd/MWh_el
2040-01-16 15:00:00,YZ,SO,48.31901004739033,usd/MWh_el
2040-01-17 16:00:00,YZ,SO,48.31886143396425,usd/MWh_el
2040-01-18 17:00:00,YZ,SO,48.31886143396425,usd/MWh_el
2040-01-19 18:00:00,YZ,SO,95.2802075419107,usd/MWh_el
2040-01-20 19:00:00,YZ,SO,48.31886143396426,usd/MWh_el
2040-01-21 20:00:00,YZ,SO,48.31886143396425,usd/MWh_el
2040-01-22 21:00:00,YZ,SO,48.31886143396426,usd/MWh_el
2040-01-23 22:00:00,YZ,SO,48.31886143396426,usd/MWh_el
2040-01-24 23:00:00,YZ,SO,48.31886143396426,usd/MWh_el
2040-01-26 00:00:00,YZ,SO,48.31886143396426,usd/MWh_el
2040-01-27 01:00:00,YZ,SO,48.31886143396426,usd/MWh_el
2040-01-28 02:00:00,YZ,SO,15.61478702200992,usd/MWh_el
2040-01-29 03:00:00,YZ,SO,83.32327189827397,usd/MWh_el
2040-01-30 04:00:00,YZ,SO,95.28020754191071,usd/MWh_el
2040-01-31 05:00:00,YZ,SO,95.2802075419107,usd/MWh_el
2040-02-01 06:00:00,YZ,SO,95.2802075419107,usd/MWh_el
2040-02-02 07:00:00,YZ,SO,95.2802075419107,usd/MWh_el
2040-02-03 08:00:00,YZ,SO,95.28020754191071,usd/MWh_el
2040-02-04 09:00:00,YZ,SO,48.31886143396425,usd/MWh_el
2040-02-05 10:00:00,YZ,SO,1.5,usd/MWh_el
2040-02-06 11:00:00,YZ,SO,48.31886143396426,usd/MWh_el
2040-02-07 12:00:00,YZ,SO,1.5,usd/MWh_el
2040-02-08 13:00:00,YZ,SO,48.31886143396426,usd/MWh_el
2040-02-09 14:00:00,YZ,SO,48.31886143396425,usd/MWh_el
2040-02-10 15:00:00,YZ,SO,48.318861433964265,usd/MWh_el
2040-02-11 16:00:00,YZ,SO,48.31886143396426,usd/MWh_el
2040-02-12 17:00:00,YZ,SO,48.31886143396426,usd/MWh_el
2040-02-13 18:00:00,YZ,SO,48.31886143396426,usd/MWh_el
2040-02-14 19:00:00,YZ,SO,48.31886143396425,usd/MWh_el
2040-02-15 20:00:00,YZ,SO,48.31886143396426,usd/MWh_el
2040-02-16 21:00:00,YZ,SO,48.31886143396426,usd/MWh_el
2040-02-17 22:00:00,YZ,SO,48.31886143396426,usd/MWh_el
2040-02-18 23:00:00,YZ,SO,48.31886143396425,usd/MWh_el
2040-02-20 00:00:00,YZ,SO,95.2802075419107,usd/MWh_el
2040-02-21 01:00:00,YZ,SO,95.28020754191071,usd/MWh_el
2040-02-22 02:00:00,YZ,SO,95.2802075419107,usd/MWh_el
2040-02-23 03:00:00,YZ,SO,10.323427788707413,usd/MWh_el
2040-02-24 04:00:00,YZ,SO,48.31886143396426,usd/MWh_el
2040-02-25 05:00:00,YZ,SO,95.2802075419107,usd/MWh_el
2040-02-26 06:00:00,YZ,SO,95.2802075419107,usd/MWh_el
2040-02-27 07:00:00,YZ,SO,48.31886143396426,usd/MWh_el
2040-02-28 08:00:00,YZ,SO,48.31886143396426,usd/MWh_el
2040-02-29 09:00:00,YZ,SO,48.31886143396426,usd/MWh_el
2040-03-01 10:00:00,YZ,SO,48.31785955884678,usd/MWh_el
2040-03-02 11:00:00,YZ,SO,15.61478702200992,usd/MWh_el
2040-03-03 12:00:00,YZ,SO,15.61478702200992,usd/MWh_el
2040-03-04 13:00:00,YZ,SO,15.61478702200992,usd/MWh_el
2040-03-05 14:00:00,YZ,SO,35.4314072690701,usd/MWh_el
2040-03-06 15:00:00,YZ,SO,13.315040564046413,usd/MWh_el
2040-03-07 16:00:00,YZ,SO,83.3226823038821,usd/MWh_el
2040-03-08 17:00:00,YZ,SO,1.5,usd/MWh_el
2040-03-09 18:00:00,YZ,SO,95.13772286792852,usd/MWh_el
2040-03-10 19:00:00,YZ,SO,48.31886143396426,usd/MWh_el
2040-03-11 20:00:00,YZ,SO,48.31886143396426,usd/MWh_el
2040-03-12 21:00:00,YZ,SO,48.31886143396426,usd/MWh_el
2040-03-13 22:00:00,YZ,SO,48.31886143396426,usd/MWh_el
2040-03-14 23:00:00,YZ,SO,48.31886143396426,usd/MWh_el
2040-03-16 00:00:00,YZ,SO,15.61478702200992,usd/MWh_el
2040-03-17 01:00:00,YZ,SO,48.31886143396426,usd/MWh_el
2040-03-18 02:00:00,YZ,SO,35.4314072690701,usd/MWh_el
2040-03-19 03:00:00,YZ,SO,95.28020754191071,usd/MWh_el
2040-03-20 04:00:00,YZ,SO,95.28020754191071,usd/MWh_el
2040-03-21 05:00:00,YZ,SO,48.31886143396426,usd/MWh_el
2040-03-22 06:00:00,YZ,SO,48.31886143396426,usd/MWh_el
2040-03-23 07:00:00,YZ,SO,48.31886143396426,usd/MWh_el
2040-03-24 08:00:00,YZ,SO,35.4314072690701,usd/MWh_el
2040-03-25 09:00:00,YZ,SO,48.31886143396426,usd/MWh_el
2040-03-26 10:00:00,YZ,SO,48.31886143396426,usd/MWh_el
2040-03-27 11:00:00,YZ,SO,15.61478702200992,usd/MWh_el
2040-03-28 12:00:00,YZ,SO,1.5,usd/MWh_el
2040-03-29 13:00:00,YZ,SO,1.5,usd/MWh_el
2040-03-30 14:00:00,YZ,SO,15.61478702200992,usd/MWh_el
2040-03-31 15:00:00,YZ,SO,35.43140726907009,usd/MWh_el
2040-04-01 16:00:00,YZ,SO,48.31886143396426,usd/MWh_el
2040-04-02 17:00:00,YZ,SO,35.4314072690701,usd/MWh_el
2040-04-03 18:00:00,YZ,SO,48.31886143396426,usd/MWh_el
2040-04-04 19:00:00,YZ,SO,48.31871282053817,usd/MWh_el
2040-04-05 20:00:00,YZ,SO,48.31901004739035,usd/MWh_el
2040-04-06 21:00:00,YZ,SO,48.31886143396426,usd/MWh_el
2040-04-07 22:00:00,YZ,SO,48.31886143396426,usd/MWh_el
2040-04-08 23:00:00,YZ,SO,48.31886143396426,usd/MWh_el
2040-04-10 00:00:00,YZ,SO,34.690848659351126,usd/MWh_el
2040-04-11 01:00:00,YZ,SO,95.28020754191071,usd/MWh_el
2040-04-12 02:00:00,YZ,SO,14.985528100630926,usd/MWh_el
2040-04-13 03:00:00,YZ,SO,10.323427788707413,usd/MWh_el
2040-04-14 04:00:00,YZ,SO,86.3142950792211,usd/MWh_el
2040-04-15 05:00:00,YZ,SO,95.28020754191071,usd/MWh_el
2040-04-16 06:00:00,YZ,SO,95.28020754191071,usd/MWh_el
2040-04-17 07:00:00,YZ,SO,48.31886143396426,usd/MWh_el
2040-04-18 08:00:00,YZ,SO,48.31886143396426,usd/MWh_el
2040-04-19 09:00:00,YZ,SO,1.5,usd/MWh_el
2040-04-20 10:00:00,YZ,SO,1.5,usd/MWh_el
2040-04-21 11:00:00,YZ,SO,1.5,usd/MWh_el
2040-04-22 12:00:00,YZ,SO,1.5,usd/MWh_el
2040-04-23 13:00:00,YZ,SO,1.5,usd/MWh_el
2040-04-24 14:00:00,YZ,SO,48.31886143396426,usd/MWh_el
2040-04-25 15:00:00,YZ,SO,48.31886143396426,usd/MWh_el
2040-04-26 16:00:00,YZ,SO,48.31886143396426,usd/MWh_el
2040-04-27 17:00:00,YZ,SO,48.31886143396426,usd/MWh_el
2040-04-28 18:00:00,YZ,SO,48.31886143396426,usd/MWh_el
2040-04-29 19:00:00,YZ,SO,48.31886143396426,usd/MWh_el
2040-04-30 20:00:00,YZ,SO,48.31886143396426,usd/MWh_el
2040-05-01 21:00:00,YZ,SO,48.31886143396426,usd/MWh_el
2040-05-02 22:00:00,YZ,SO,35.4314072690701,usd/MWh_el
2040-05-03 23:00:00,YZ,SO,48.31886143396426,usd/MWh_el
2040-05-05 00:00:00,YZ,SO,48.31886143396426,usd/MWh_el
2040-05-06 01:00:00,YZ,SO,95.28020754191071,usd/MWh_el
2040-05-07 02:00:00,YZ,SO,48.319010047390336,usd/MWh_el
2040-05-08 03:00:00,YZ,SO,48.31886143396426,usd/MWh_el
2040-05-09 04:00:00,YZ,SO,83.32334962689758,usd/MWh_el
2040-05-10 05:00:00,YZ,SO,48.31886143396426,usd/MWh_el
2040-05-11 06:00:00,YZ,SO,15.61478702200992,usd/MWh_el
2040-05-12 07:00:00,YZ,SO,35.4314072690701,usd/MWh_el
2040-05-13 08:00:00,YZ,SO,48.31886143396426,usd/MWh_el
2040-05-14 09:00:00,YZ,SO,48.31886143396426,usd/MWh_el
2040-05-15 10:00:00,YZ,SO,48.31886143396426,usd/MWh_el
2040-05-16 11:00:00,YZ,SO,48.31886143396426,usd/MWh_el
2040-05-17 12:00:00,YZ,SO,48.31886143396426,usd/MWh_el
2040-05-18 13:00:00,YZ,SO,20.822556937253093,usd/MWh_el
2040-05-19 14:00:00,YZ,SO,15.61478702200992,usd/MWh_el
2040-05-20 15:00:00,YZ,SO,1.5,usd/MWh_el
2040-05-21 16:00:00,YZ,SO,20.822579537962298,usd/MWh_el
2040-05-22 17:00:00,YZ,SO,48.31886143396426,usd/MWh_el
2040-05-23 18:00:00,YZ,SO,48.31886143396426,usd/MWh_el
2040-05-24 19:00:00,YZ,SO,48.31886143396426,usd/MWh_el
2040-05-25 20:00:00,YZ,SO,48.318712820538174,usd/MWh_el
2040-05-26 21:00:00,YZ,SO,48.319010047390336,usd/MWh_el
2040-05-27 22:00:00,YZ,SO,48.31886143396426,usd/MWh_el
2040-05-28 23:00:00,YZ,SO,48.31886143396426,usd/MWh_el
2040-05-30 00:00:00,YZ,SO,48.31886143396426,usd/MWh_el
2040-05-31 01:00:00,YZ,SO,48.31886143396426,usd/MWh_el
2040-06-01 02:00:00,YZ,SO,48.31886143396425,usd/MWh_el
2040-06-02 03:00:00,YZ,SO,48.31886143396426,usd/MWh_el
2040-06-03 04:00:00,YZ,SO,48.31886143396426,usd/MWh_el
2040-06-04 05:00:00,YZ,SO,35.4314072690701,usd/MWh_el
2040-06-05 06:00:00,YZ,SO,83.32327189827397,usd/MWh_el
2040-06-06 07:00:00,YZ,SO,48.31886143396426,usd/MWh_el
2040-06-07 08:00:00,YZ,SO,48.319010047390336,usd/MWh_el
2040-06-08 09:00:00,YZ,SO,83.3226823038821,usd/MWh_el
2040-06-09 10:00:00,YZ,SO,48.31886143396426,usd/MWh_el
2040-06-10 11:00:00,YZ,SO,48.31886143396426,usd/MWh_el
2040-06-11 12:00:00,YZ,SO,1.5,usd/MWh_el
2040-06-12 13:00:00,YZ,SO,1.5,usd/MWh_el
2040-06-13 14:00:00,YZ,SO,1.5,usd/MWh_el
2040-06-14 15:00:00,YZ,SO,1.5,usd/MWh_el
2040-06-15 16:00:00,YZ,SO,48.31886143396429,usd/MWh_el
2040-06-16 17:00:00,YZ,SO,48.31886143396426,usd/MWh_el
2040-06-17 18:00:00,YZ,SO,48.31886143396426,usd/MWh_el
2040-06-18 19:00:00,YZ,SO,48.31785955884678,usd/MWh_el
2040-06-19 20:00:00,YZ,SO,48.31886143396426,usd/MWh_el
2040-06-20 21:00:00,YZ,SO,48.31886143396426,usd/MWh_el
2040-06-21 22:00:00,YZ,SO,48.31886143396426,usd/MWh_el
2040-06-22 23:00:00,YZ,SO,48.31886143396426,usd/MWh_el
2040-06-24 00:00:00,YZ,SO,48.31886143396425,usd/MWh_el
2040-06-25 01:00:00,YZ,SO,48.31886143396426,usd/MWh_el
2040-06-26 02:00:00,YZ,SO,48.31886143396426,usd/MWh_el
2040-06-27 03:00:00,YZ,SO,48.31886143396426,usd/MWh_el
2040-06-28 04:00:00,YZ,SO,48.31886143396426,usd/MWh_el
2040-06-29 05:00:00,YZ,SO,48.31886143396426,usd/MWh_el
2040-06-30 06:00:00,YZ,SO,48.31886143396426,usd/MWh_el
2040-07-01 07:00:00,YZ,SO,48.31886143396426,usd/MWh_el
2040-07-02 08:00:00,YZ,SO,48.31886143396426,usd/MWh_el
2040-07-03 09:00:00,YZ,SO,48.319010047390336,usd/MWh_el
2040-07-04 10:00:00,YZ,SO,48.31886143396426,usd/MWh_el
2040-07-05 11:00:00,YZ,SO,48.31886143396426,usd/MWh_el
2040-07-06 12:00:00,YZ,SO,48.31886143396426,usd/MWh_el
2040-07-07 13:00:00,YZ,SO,1.5,usd/MWh_el
2040-07-08 14:00:00,YZ,SO,15.61478702200992,usd/MWh_el
2040-07-09 15:00:00,YZ,SO,1.5,usd/MWh_el
2040-07-10 16:00:00,YZ,SO,48.319010047390336,usd/MWh_el
2040-07-11 17:00:00,YZ,SO,48.31886143396426,usd/MWh_el
2040-07-12 18:00:00,YZ,SO,48.31886143396426,usd/MWh_el
2040-07-13 19:00:00,YZ,SO,48.31886143396426,usd/MWh_el
2040-07-14 20:00:00,YZ,SO,48.31886143396426,usd/MWh_el
2040-07-15 21:00:00,YZ,SO,48.31886143396426,usd/MWh_el
2040-07-16 22:00:00,YZ,SO,48.31886143396426,usd/MWh_el
2040-07-17 23:00:00,YZ,SO,48.31886143396426,usd/MWh_el
2040-07-19 00:00:00,YZ,SO,48.31886143396426,usd/MWh_el
2040-07-20 01:00:00,YZ,SO,48.31886143396426,usd/MWh_el
2040-07-21 02:00:00,YZ,SO,48.31886143396426,usd/MWh_el
2040-07-22 03:00:00,YZ,SO,48.31886143396426,usd/MWh_el
2040-07-23 04:00:00,YZ,SO,95.28020754191071,usd/MWh_el
2040-07-24 05:00:00,YZ,SO,95.28020754191071,usd/MWh_el
2040-07-25 06:00:00,YZ,SO,48.31886143396426,usd/MWh_el
2040-07-26 07:00:00,YZ,SO,48.31886143396426,usd/MWh_el
2040-07-27 08:00:00,YZ,SO,48.31886143396426,usd/MWh_el
2040-07-28 09:00:00,YZ,SO,48.31886143396426,usd/MWh_el
2040-07-29 10:00:00,YZ,SO,48.31886143396426,usd/MWh_el
2040-07-30 11:00:00,YZ,SO,48.31886143396426,usd/MWh_el
2040-07-31 12:00:00,YZ,SO,1.5,usd/MWh_el
2040-08-01 13:00:00,YZ,SO,1.5,usd/MWh_el
2040-08-02 14:00:00,YZ,SO,60.1337154153305,usd/MWh_el
2040-08-03 15:00:00,YZ,SO,83.32286888656226,usd/MWh_el
2040-08-04 16:00:00,YZ,SO,48.31886143396426,usd/MWh_el
2040-08-05 17:00:00,YZ,SO,48.31886143396426,usd/MWh_el
2040-08-06 18:00:00,YZ,SO,48.319010047390336,usd/MWh_el
2040-08-07 19:00:00,YZ,SO,48.31886143396426,usd/MWh_el
2040-08-08 20:00:00,YZ,SO,48.31886143396426,usd/MWh_el
2040-08-09 21:00:00,YZ,SO,48.31886143396426,usd/MWh_el
2040-08-10 22:00:00,YZ,SO,48.31886143396426,usd/MWh_el
2040-08-11 23:00:00,YZ,SO,15.61478702200992,usd/MWh_el
2040-08-13 00:00:00,YZ,SO,48.31886143396426,usd/MWh_el
2040-08-14 01:00:00,YZ,SO,48.31886143396426,usd/MWh_el
2040-08-15 02:00:00,YZ,SO,48.31886143396426,usd/MWh_el
2040-08-16 03:00:00,YZ,SO,95.28020754191071,usd/MWh_el
2040-08-17 04:00:00,YZ,SO,48.31886143396426,usd/MWh_el
2040-08-18 05:00:00,YZ,SO,48.31886143396426,usd/MWh_el
2040-08-19 06:00:00,YZ,SO,48.31886143396426,usd/MWh_el
2040-08-20 07:00:00,YZ,SO,48.31886143396426,usd/MWh_el
2040-08-21 08:00:00,YZ,SO,48.31886143396426,usd/MWh_el
2040-08-22 09:00:00,YZ,SO,48.31886143396426,usd/MWh_el
2040-08-23 10:00:00,YZ,SO,48.31886143396426,usd/MWh_el
2040-08-24 11:00:00,YZ,SO,48.31886143396426,usd/MWh_el
2040-08-25 12:00:00,YZ,SO,48.31886143396426,usd/MWh_el
2040-08-26 13:00:00,YZ,SO,15.61478702200992,usd/MWh_el
2040-08-27 14:00:00,YZ,SO,48.31886143396426,usd/MWh_el
2040-08-28 15:00:00,YZ,SO,48.31886143396426,usd/MWh_el
2040-08-29 16:00:00,YZ,SO,48.31886143396426,usd/MWh_el
2040-08-30 17:00:00,YZ,SO,48.31886143396426,usd/MWh_el
2040-08-31 18:00:00,YZ,SO,48.31886143396426,usd/MWh_el
2040-09-01 19:00:00,YZ,SO,48.31886143396426,usd/MWh_el
2040-09-02 20:00:00,YZ,SO,48.31886143396426,usd/MWh_el
2040-09-03 21:00:00,YZ,SO,48.31886143396426,usd/MWh_el
2040-09-04 22:00:00,YZ,SO,48.31886143396426,usd/MWh_el
2040-09-05 23:00:00,YZ,SO,48.31886143396426,usd/MWh_el
2040-09-07 00:00:00,YZ,SO,48.31886143396426,usd/MWh_el
2040-09-08 01:00:00,YZ,SO,48.31886143396426,usd/MWh_el
2040-09-09 02:00:00,YZ,SO,48.31785955884678,usd/MWh_el
2040-09-10 03:00:00,YZ,SO,55.10026139156471,usd/MWh_el
2040-09-11 04:00:00,YZ,SO,83.32303070170657,usd/MWh_el
2040-09-12 05:00:00,YZ,SO,48.31886143396426,usd/MWh_el
2040-09-13 06:00:00,YZ,SO,48.31886143396426,usd/MWh_el
2040-09-14 07:00:00,YZ,SO,95.28020754191071,usd/MWh_el
2040-09-15 08:00:00,YZ,SO,48.31886143396426,usd/MWh_el
2040-09-16 09:00:00,YZ,SO,48.318712820538174,usd/MWh_el
2040-09-17 10:00:00,YZ,SO,48.319010047390336,usd/MWh_el
2040-09-18 11:00:00,YZ,SO,48.31886143396426,usd/MWh_el
2040-09-19 12:00:00,YZ,SO,35.4314072690701,usd/MWh_el
2040-09-20 13:00:00,YZ,SO,48.31785955884678,usd/MWh_el
2040-09-21 14:00:00,YZ,SO,48.31886143396426,usd/MWh_el
2040-09-22 15:00:00,YZ,SO,35.4314072690701,usd/MWh_el
2040-09-23 16:00:00,YZ,SO,20.822579537962298,usd/MWh_el
2040-09-24 17:00:00,YZ,SO,48.319010047390336,usd/MWh_el
2040-09-25 18:00:00,YZ,SO,48.31886143396426,usd/MWh_el
2040-09-26 19:00:00,YZ,SO,20.822579537962298,usd/MWh_el
2040-09-27 20:00:00,YZ,SO,75.81514332996622,usd/MWh_el
2040-09-28 21:00:00,YZ,SO,48.31886143396426,usd/MWh_el
2040-09-29 22:00:00,YZ,SO,48.31886143396426,usd/MWh_el
2040-09-30 23:00:00,YZ,SO,48.31886143396426,usd/MWh_el
2040-10-02 00:00:00,YZ,SO,48.31886143396426,usd/MWh_el
2040-10-03 01:00:00,YZ,SO,95.28020754191071,usd/MWh_el
2040-10-04 02:00:00,YZ,SO,48.31886143396425,usd/MWh_el
2040-10-05 03:00:00,YZ,SO,48.31886143396426,usd/MWh_el
2040-10-06 04:00:00,YZ,SO,48.31886143396426,usd/MWh_el
2040-10-07 05:00:00,YZ,SO,48.31886143396426,usd/MWh_el
2040-10-08 06:00:00,YZ,SO,48.31886143396426,usd/MWh_el
2040-10-09 07:00:00,YZ,SO,95.28020754191071,usd/MWh_el
2040-10-10 08:00:00,YZ,SO,48.31886143396426,usd/MWh_el
2040-10-11 09:00:00,YZ,SO,48.31886143396426,usd/MWh_el
2040-10-12 10:00:00,YZ,SO,13.767023982406737,usd/MWh_el
2040-10-13 11:00:00,YZ,SO,35.4314072690701,usd/MWh_el
2040-10-14 12:00:00,YZ,SO,48.31886143396426,usd/MWh_el
2040-10-15 13:00:00,YZ,SO,48.31886143396426,usd/MWh_el
2040-10-16 14:00:00,YZ,SO,48.31886143396426,usd/MWh_el
2040-10-17 15:00:00,YZ,SO,48.31886143396426,usd/MWh_el
2040-10-18 16:00:00,YZ,SO,48.31886143396426,usd/MWh_el
2040-10-19 17:00:00,YZ,SO,48.31886143396426,usd/MWh_el
2040-10-20 18:00:00,YZ,SO,20.822579537962298,usd/MWh_el
2040-10-21 19:00:00,YZ,SO,75.81514332996622,usd/MWh_el
2040-10-22 20:00:00,YZ,SO,48.31886143396426,usd/MWh_el
2040-10-23 21:00:00,YZ,SO,48.31886143396426,usd/MWh_el
2040-10-24 22:00:00,YZ,SO,48.31886143396426,usd/MWh_el
2040-10-25 23:00:00,YZ,SO,48.31886143396426,usd/MWh_el
2040-10-27 00:00:00,YZ,SO,48.31886143396426,usd/MWh_el
2040-10-28 01:00:00,YZ,SO,95.28020754191071,usd/MWh_el
2040-10-29 02:00:00,YZ,SO,95.28020754191071,usd/MWh_el
2040-10-30 03:00:00,YZ,SO,95.28020754191071,usd/MWh_el
2040-10-31 04:00:00,YZ,SO,48.31886143396426,usd/MWh_el
2040-11-01 05:00:00,YZ,SO,48.31886143396426,usd/MWh_el
2040-11-02 06:00:00,YZ,SO,81.02293584591858,usd/MWh_el
2040-11-03 07:00:00,YZ,SO,15.61478702200992,usd/MWh_el
2040-11-04 08:00:00,YZ,SO,35.4314072690701,usd/MWh_el
2040-11-05 09:00:00,YZ,SO,48.31886143396426,usd/MWh_el
2040-11-06 10:00:00,YZ,SO,48.31886143396426,usd/MWh_el
2040-11-07 11:00:00,YZ,SO,48.31886143396426,usd/MWh_el
2040-11-08 12:00:00,YZ,SO,48.31886143396426,usd/MWh_el
2040-11-09 13:00:00,YZ,SO,48.31886143396426,usd/MWh_el
2040-11-10 14:00:00,YZ,SO,48.31886143396426,usd/MWh_el
2040-11-11 15:00:00,YZ,SO,48.31886143396426,usd/MWh_el
2040-11-12 16:00:00,YZ,SO,39.08994889383471,usd/MWh_el
2040-11-13 17:00:00,YZ,SO,1.5,usd/MWh_el
2040-11-14 18:00:00,YZ,SO,95.28020754191071,usd/MWh_el
2040-11-15 19:00:00,YZ,SO,48.31886143396426,usd/MWh_el
2040-11-16 20:00:00,YZ,SO,35.4314072690701,usd/MWh_el
2040-11-17 21:00:00,YZ,SO,95.28020754191071,usd/MWh_el
2040-11-18 22:00:00,YZ,SO,1.5,usd/MWh_el
2040-11-19 23:00:00,YZ,SO,48.31886143396426,usd/MWh_el
2040-11-21 00:00:00,YZ,SO,1.5,usd/MWh_el
2040-11-22 01:00:00,YZ,SO,95.13772286792852,usd/MWh_el
2040-11-23 02:00:00,YZ,SO,95.28020754191071,usd/MWh_el
2040-11-24 03:00:00,YZ,SO,48.31871282053817,usd/MWh_el
2040-11-25 04:00:00,YZ,SO,48.319010047390336,usd/MWh_el
2040-11-26 05:00:00,YZ,SO,48.31886143396426,usd/MWh_el
2040-11-27 06:00:00,YZ,SO,26.20308994578688,usd/MWh_el
2040-11-28 07:00:00,YZ,SO,95.28020754191071,usd/MWh_el
2040-11-29 08:00:00,YZ,SO,95.28020754191071,usd/MWh_el
2040-11-30 09:00:00,YZ,SO,48.31886143396426,usd/MWh_el
2040-12-01 10:00:00,YZ,SO,48.31886143396425,usd/MWh_el
2040-12-02 11:00:00,YZ,SO,48.31886143396426,usd/MWh_el
2040-12-03 12:00:00,YZ,SO,48.23815304087858,usd/MWh_el
2040-12-04 13:00:00,YZ,SO,48.23815304087858,usd/MWh_el
2040-12-05 14:00:00,YZ,SO,48.39956982704994,usd/MWh_el
2040-12-06 15:00:00,YZ,SO,83.3226823038821,usd/MWh_el
2040-12-07 16:00:00,YZ,SO,35.43140726907009,usd/MWh_el
2040-12-08 17:00:00,YZ,SO,20.822579537962298,usd/MWh_el
2040-12-09 18:00:00,YZ,SO,48.31886143396426,usd/MWh_el
2040-12-10 19:00:00,YZ,SO,48.31886143396426,usd/MWh_el
2040-12-11 20:00:00,YZ,SO,83.32303070170657,usd/MWh_el
2040-12-12 21:00:00,YZ,SO,48.31886143396426,usd/MWh_el
2040-12-13 22:00:00,YZ,SO,48.31886143396426,usd/MWh_el
2040-12-14 23:00:00,YZ,SO,95.28020754191071,usd/MWh_el
2040-12-16 00:00:00,YZ,SO,48.31886143396426,usd/MWh_el
2040-12-17 01:00:00,YZ,SO,95.28020754191071,usd/MWh_el
2040-12-18 02:00:00,YZ,SO,48.31886143396426,usd/MWh_el
2040-12-19 03:00:00,YZ,SO,48.31886143396426,usd/MWh_el
2040-12-20 04:00:00,YZ,SO,95.28020754191071,usd/MWh_el
2040-12-21 05:00:00,YZ,SO,48.31886143396426,usd/MWh_el
2040-12-22 06:00:00,YZ,SO,95.28020754191071,usd/MWh_el
2040-12-23 07:00:00,YZ,SO,95.28020754191071,usd/MWh_el
2040-12-24 08:00:00,YZ,SO,48.31886143396426,usd/MWh_el
2040-12-25 09:00:00,YZ,SO,48.31886143396426,usd/MWh_el
2040-12-26 10:00:00,YZ,SO,48.31886143396426,usd/MWh_el
2040-12-27 11:00:00,YZ,SO,48.31886143396426,usd/MWh_el
2040-12-28 12:00:00,YZ,SO,48.31886143396426,usd/MWh_el
2040-12-29 13:00:00,YZ,SO,15.61478702200992,usd/MWh_el
2040-12-30 14:00:00,YZ,SO,61.20691081570473,usd/MWh_el
2040-12-31 15:00:00,YZ,SO,48.31886143396426,usd/MWh_el
2040-01-01 00:00:00,YZ,CE,35.4314072690701,usd/MWh_el
2040-01-02 01:00:00,YZ,CE,61.2063155988584,usd/MWh_el
2040-01-03 02:00:00,YZ,CE,95.28020754191071,usd/MWh_el
2040-01-04 03:00:00,YZ,CE,83.32327189827397,usd/MWh_el
2040-01-05 04:00:00,YZ,CE,48.31886143396425,usd/MWh_el
2040-01-06 05:00:00,YZ,CE,48.31886143396427,usd/MWh_el
2040-01-07 06:00:00,YZ,CE,48.31886143396426,usd/MWh_el
2040-01-08 07:00:00,YZ,CE,48.31886143396426,usd/MWh_el
2040-01-09 08:00:00,YZ,CE,48.31886143396426,usd/MWh_el
2040-01-10 09:00:00,YZ,CE,48.31886143396426,usd/MWh_el
2040-01-11 10:00:00,YZ,CE,48.31886143396425,usd/MWh_el
2040-01-12 11:00:00,YZ,CE,48.31886143396426,usd/MWh_el
2040-01-13 12:00:00,YZ,CE,1.5,usd/MWh_el
2040-01-14 13:00:00,YZ,CE,48.31886143396426,usd/MWh_el
2040-01-15 14:00:00,YZ,CE,48.31886143396425,usd/MWh_el
2040-01-16 15:00:00,YZ,CE,48.31901004739033,usd/MWh_el
2040-01-17 16:00:00,YZ,CE,48.31886143396425,usd/MWh_el
2040-01-18 17:00:00,YZ,CE,48.31886143396425,usd/MWh_el
2040-01-19 18:00:00,YZ,CE,48.31886143396425,usd/MWh_el
2040-01-20 19:00:00,YZ,CE,48.31886143396426,usd/MWh_el
2040-01-21 20:00:00,YZ,CE,48.31886143396425,usd/MWh_el
2040-01-22 21:00:00,YZ,CE,48.31886143396426,usd/MWh_el
2040-01-23 22:00:00,YZ,CE,48.31886143396426,usd/MWh_el
2040-01-24 23:00:00,YZ,CE,48.31886143396426,usd/MWh_el
2040-01-26 00:00:00,YZ,CE,48.31886143396426,usd/MWh_el
2040-01-27 01:00:00,YZ,CE,13.767023982406737,usd/MWh_el
2040-01-28 02:00:00,YZ,CE,13.314450969654537,usd/MWh_el
2040-01-29 03:00:00,YZ,CE,83.32327189827397,usd/MWh_el
2040-01-30 04:00:00,YZ,CE,95.28020754191071,usd/MWh_el
2040-01-31 05:00:00,YZ,CE,95.28020754191071,usd/MWh_el
2040-02-01 06:00:00,YZ,CE,48.31886143396426,usd/MWh_el
2040-02-02 07:00:00,YZ,CE,48.31886143396425,usd/MWh_el
2040-02-03 08:00:00,YZ,CE,95.28020754191071,usd/MWh_el
2040-02-04 09:00:00,YZ,CE,48.31886143396425,usd/MWh_el
2040-02-05 10:00:00,YZ,CE,1.5,usd/MWh_el
2040-02-06 11:00:00,YZ,CE,48.31886143396426,usd/MWh_el
2040-02-07 12:00:00,YZ,CE,48.31886143396426,usd/MWh_el
2040-02-08 13:00:00,YZ,CE,48.31886143396425,usd/MWh_el
2040-02-09 14:00:00,YZ,CE,48.31886143396425,usd/MWh_el
2040-02-10 15:00:00,YZ,CE,95.2802075419107,usd/MWh_el
2040-02-11 16:00:00,YZ,CE,48.31886143396425,usd/MWh_el
2040-02-12 17:00:00,YZ,CE,48.31886143396426,usd/MWh_el
2040-02-13 18:00:00,YZ,CE,48.31886143396426,usd/MWh_el
2040-02-14 19:00:00,YZ,CE,48.31886143396425,usd/MWh_el
2040-02-15 20:00:00,YZ,CE,48.31886143396426,usd/MWh_el
2040-02-16 21:00:00,YZ,CE,48.31886143396426,usd/MWh_el
2040-02-17 22:00:00,YZ,CE,48.31886143396426,usd/MWh_el
2040-02-18 23:00:00,YZ,CE,48.31886143396425,usd/MWh_el
2040-02-20 00:00:00,YZ,CE,95.28020754191071,usd/MWh_el
2040-02-21 01:00:00,YZ,CE,95.28020754191071,usd/MWh_el
2040-02-22 02:00:00,YZ,CE,7.568089262548418,usd/MWh_el
2040-02-23 03:00:00,YZ,CE,10.323427788707413,usd/MWh_el
2040-02-24 04:00:00,YZ,CE,48.31886143396426,usd/MWh_el
2040-02-25 05:00:00,YZ,CE,48.31886143396426,usd/MWh_el
2040-02-26 06:00:00,YZ,CE,48.31886143396426,usd/MWh_el
2040-02-27 07:00:00,YZ,CE,48.31886143396426,usd/MWh_el
2040-02-28 08:00:00,YZ,CE,48.31886143396426,usd/MWh_el
2040-02-29 09:00:00,YZ,CE,48.31886143396426,usd/MWh_el
2040-03-01 10:00:00,YZ,CE,48.31785955884678,usd/MWh_el
2040-03-02 11:00:00,YZ,CE,20.822579537962298,usd/MWh_el
2040-03-03 12:00:00,YZ,CE,26.20249472894056,usd/MWh_el
2040-03-04 13:00:00,YZ,CE,83.3226823038821,usd/MWh_el
2040-03-05 14:00:00,YZ,CE,35.4314072690701,usd/MWh_el
2040-03-06 15:00:00,YZ,CE,35.4314072690701,usd/MWh_el
2040-03-07 16:00:00,YZ,CE,83.3226823038821,usd/MWh_el
2040-03-08 17:00:00,YZ,CE,1.5,usd/MWh_el
2040-03-09 18:00:00,YZ,CE,35.4314072690701,usd/MWh_el
2040-03-10 19:00:00,YZ,CE,48.31886143396426,usd/MWh_el
2040-03-11 20:00:00,YZ,CE,48.31886143396426,usd/MWh_el
2040-03-12 21:00:00,YZ,CE,48.31886143396426,usd/MWh_el
2040-03-13 22:00:00,YZ,CE,48.31886143396426,usd/MWh_el
2040-03-14 23:00:00,YZ,CE,35.4314072690701,usd/MWh_el
2040-03-16 00:00:00,YZ,CE,15.61478702200992,usd/MWh_el
2040-03-17 01:00:00,YZ,CE,48.31886143396426,usd/MWh_el
2040-03-18 02:00:00,YZ,CE,35.4314072690701,usd/MWh_el
2040-03-19 03:00:00,YZ,CE,61.2063155988584,usd/MWh_el
2040-03-20 04:00:00,YZ,CE,48.318861433964265,usd/MWh_el
2040-03-21 05:00:00,YZ,CE,48.31886143396426,usd/MWh_el
2040-03-22 06:00:00,YZ,CE,13.767023982406737,usd/MWh_el
2040-03-23 07:00:00,YZ,CE,48.31886143396426,usd/MWh_el
2040-03-24 08:00:00,YZ,CE,35.4314072690701,usd/MWh_el
2040-03-25 09:00:00,YZ,CE,48.31886143396426,usd/MWh_el
2040-03-26 10:00:00,YZ,CE,48.31886143396426,usd/MWh_el
2040-03-27 11:00:00,YZ,CE,48.31871282053817,usd/MWh_el
2040-03-28 12:00:00,YZ,CE,48.319010047390336,usd/MWh_el
2040-03-29 13:00:00,YZ,CE,48.31886143396426,usd/MWh_el
2040-03-30 14:00:00,YZ,CE,35.4314072690701,usd/MWh_el
2040-03-31 15:00:00,YZ,CE,35.43140726907009,usd/MWh_el
2040-04-01 16:00:00,YZ,CE,48.31886143396426,usd/MWh_el
2040-04-02 17:00:00,YZ,CE,35.4314072690701,usd/MWh_el
2040-04-03 18:00:00,YZ,CE,48.31886143396426,usd/MWh_el
2040-04-04 19:00:00,YZ,CE,48.31871282053817,usd/MWh_el
2040-04-05 20:00:00,YZ,CE,48.319010047390336,usd/MWh_el
2040-04-06 21:00:00,YZ,CE,35.4314072690701,usd/MWh_el
2040-04-07 22:00:00,YZ,CE,35.4314072690701,usd/MWh_el
2040-04-08 23:00:00,YZ,CE,1.5,usd/MWh_el
2040-04-10 00:00:00,YZ,CE,14.985528100630926,usd/MWh_el
2040-04-11 01:00:00,YZ,CE,48.31886143396426,usd/MWh_el
2040-04-12 02:00:00,YZ,CE,14.985528100630926,usd/MWh_el
2040-04-13 03:00:00,YZ,CE,10.323427788707413,usd/MWh_el
2040-04-14 04:00:00,YZ,CE,48.31886143396425,usd/MWh_el
2040-04-15 05:00:00,YZ,CE,48.318861433964265,usd/MWh_el
2040-04-16 06:00:00,YZ,CE,48.319010047390336,usd/MWh_el
2040-04-17 07:00:00,YZ,CE,48.31886143396426,usd/MWh_el
2040-04-18 08:00:00,YZ,CE,48.31886143396426,usd/MWh_el
2040-04-19 09:00:00,YZ,CE,1.5,usd/MWh_el
2040-04-20 10:00:00,YZ,CE,1.5,usd/MWh_el
2040-04-21 11:00:00,YZ,CE,35.4314072690701,usd/MWh_el
2040-04-22 12:00:00,YZ,CE,48.31886143396426,usd/MWh_el
2040-04-23 13:00:00,YZ,CE,35.4314072690701,usd/MWh_el
2040-04-24 14:00:00,YZ,CE,48.31886143396426,usd/MWh_el
2040-04-25 15:00:00,YZ,CE,48.31886143396426,usd/MWh_el
2040-04-26 16:00:00,YZ,CE,48.31886143396426,usd/MWh_el
2040-04-27 17:00:00,YZ,CE,48.31886143396426,usd/MWh_el
2040-04-28 18:00:00,YZ,CE,48.31886143396426,usd/MWh_el
2040-04-29 19:00:00,YZ,CE,48.31886143396426,usd/MWh_el
2040-04-30 20:00:00,YZ,CE,48.31886143396426,usd/MWh_el
2040-05-01 21:00:00,YZ,CE,48.31886143396426,usd/MWh_el
2040-05-02 22:00:00,YZ,CE,35.4314072690701,usd/MWh_el
2040-05-03 23:00:00,YZ,CE,35.4314072690701,usd/MWh_el
2040-05-05 00:00:00,YZ,CE,48.31886143396426,usd/MWh_el
2040-05-06 01:00:00,YZ,CE,48.31886143396426,usd/MWh_el
2040-05-07 02:00:00,YZ,CE,48.319010047390336,usd/MWh_el
2040-05-08 03:00:00,YZ,CE,35.430812052223786,usd/MWh_el
2040-05-09 04:00:00,YZ,CE,48.31886143396426,usd/MWh_el
2040-05-10 05:00:00,YZ,CE,48.31886143396426,usd/MWh_el
2040-05-11 06:00:00,YZ,CE,15.61478702200992,usd/MWh_el
2040-05-12 07:00:00,YZ,CE,35.4314072690701,usd/MWh_el
2040-05-13 08:00:00,YZ,CE,48.31886143396426,usd/MWh_el
2040-05-14 09:00:00,YZ,CE,48.31886143396426,usd/MWh_el
2040-05-15 10:00:00,YZ,CE,48.31886143396426,usd/MWh_el
2040-05-16 11:00:00,YZ,CE,48.31886143396426,usd/MWh_el
2040-05-17 12:00:00,YZ,CE,48.31886143396426,usd/MWh_el
2040-05-18 13:00:00,YZ,CE,35.430812052223786,usd/MWh_el
2040-05-19 14:00:00,YZ,CE,83.3226823038821,usd/MWh_el
2040-05-20 15:00:00,YZ,CE,48.31785955884678,usd/MWh_el
2040-05-21 16:00:00,YZ,CE,20.822579537962298,usd/MWh_el
2040-05-22 17:00:00,YZ,CE,48.31886143396426,usd/MWh_el
2040-05-23 18:00:00,YZ,CE,48.31886143396426,usd/MWh_el
2040-05-24 19:00:00,YZ,CE,48.31785955884678,usd/MWh_el
2040-05-25 20:00:00,YZ,CE,48.31871282053817,usd/MWh_el
2040-05-26 21:00:00,YZ,CE,48.319010047390336,usd/MWh_el
2040-05-27 22:00:00,YZ,CE,48.31886143396426,usd/MWh_el
2040-05-28 23:00:00,YZ,CE,35.4314072690701,usd/MWh_el
2040-05-30 00:00:00,YZ,CE,48.31886143396426,usd/MWh_el
2040-05-31 01:00:00,YZ,CE,48.31886143396426,usd/MWh_el
2040-06-01 02:00:00,YZ,CE,48.31886143396425,usd/MWh_el
2040-06-02 03:00:00,YZ,CE,48.31886143396425,usd/MWh_el
2040-06-03 04:00:00,YZ,CE,48.31886143396426,usd/MWh_el
2040-06-04 05:00:00,YZ,CE,35.4314072690701,usd/MWh_el
2040-06-05 06:00:00,YZ,CE,83.32327189827397,usd/MWh_el
2040-06-06 07:00:00,YZ,CE,48.31886143396426,usd/MWh_el
2040-06-07 08:00:00,YZ,CE,48.319010047390336,usd/MWh_el
2040-06-08 09:00:00,YZ,CE,83.3226823038821,usd/MWh_el
2040-06-09 10:00:00,YZ,CE,48.31886143396426,usd/MWh_el
2040-06-10 11:00:00,YZ,CE,48.31886143396426,usd/MWh_el
2040-06-11 12:00:00,YZ,CE,48.31886143396426,usd/MWh_el
2040-06-12 13:00:00,YZ,CE,48.319010047390336,usd/MWh_el
2040-06-13 14:00:00,YZ,CE,48.31871282053819,usd/MWh_el
2040-06-14 15:00:00,YZ,CE,48.31886143396423,usd/MWh_el
2040-06-15 16:00:00,YZ,CE,48.31886143396429,usd/MWh_el
2040-06-16 17:00:00,YZ,CE,48.31886143396426,usd/MWh_el
2040-06-17 18:00:00,YZ,CE,48.31886143396426,usd/MWh_el
2040-06-18 19:00:00,YZ,CE,48.31785955884678,usd/MWh_el
2040-06-19 20:00:00,YZ,CE,48.31886143396426,usd/MWh_el
2040-06-20 21:00:00,YZ,CE,48.31886143396426,usd/MWh_el
2040-06-21 22:00:00,YZ,CE,48.31886143396426,usd/MWh_el
2040-06-22 23:00:00,YZ,CE,48.31886143396426,usd/MWh_el
2040-06-24 00:00:00,YZ,CE,48.31886143396425,usd/MWh_el
2040-06-25 01:00:00,YZ,CE,48.31886143396426,usd/MWh_el
2040-06-26 02:00:00,YZ,CE,48.31886143396426,usd/MWh_el
2040-06-27 03:00:00,YZ,CE,48.31886143396426,usd/MWh_el
2040-06-28 04:00:00,YZ,CE,48.31886143396426,usd/MWh_el
2040-06-29 05:00:00,YZ,CE,48.31886143396426,usd/MWh_el
2040-06-30 06:00:00,YZ,CE,48.31886143396426,usd/MWh_el
2040-07-01 07:00:00,YZ,CE,48.31886143396426,usd/MWh_el
2040-07-02 08:00:00,YZ,CE,48.31886143396426,usd/MWh_el
2040-07-03 09:00:00,YZ,CE,48.319010047390336,usd/MWh_el
2040-07-04 10:00:00,YZ,CE,48.31886143396426,usd/MWh_el
2040-07-05 11:00:00,YZ,CE,48.31886143396426,usd/MWh_el
2040-07-06 12:00:00,YZ,CE,48.31886143396426,usd/MWh_el
2040-07-07 13:00:00,YZ,CE,1.5,usd/MWh_el
2040-07-08 14:00:00,YZ,CE,15.61478702200992,usd/MWh_el
2040-07-09 15:00:00,YZ,CE,48.31886143396426,usd/MWh_el
2040-07-10 16:00:00,YZ,CE,48.319010047390336,usd/MWh_el
2040-07-11 17:00:00,YZ,CE,48.31886143396426,usd/MWh_el
2040-07-12 18:00:00,YZ,CE,48.31886143396426,usd/MWh_el
2040-07-13 19:00:00,YZ,CE,48.31886143396426,usd/MWh_el
2040-07-14 20:00:00,YZ,CE,48.31886143396426,usd/MWh_el
2040-07-15 21:00:00,YZ,CE,48.31886143396426,usd/MWh_el
2040-07-16 22:00:00,YZ,CE,48.31886143396426,usd/MWh_el
2040-07-17 23:00:00,YZ,CE,48.31886143396426,usd/MWh_el
2040-07-19 00:00:00,YZ,CE,48.31886143396426,usd/MWh_el
2040-07-20 01:00:00,YZ,CE,48.31886143396426,usd/MWh_el
2040-07-21 02:00:00,YZ,CE,48.31886143396426,usd/MWh_el
2040-07-22 03:00:00,YZ,CE,48.31886143396426,usd/MWh_el
2040-07-23 04:00:00,YZ,CE,48.31886143396426,usd/MWh_el
2040-07-24 05:00:00,YZ,CE,48.31886143396426,usd/MWh_el
2040-07-25 06:00:00,YZ,CE,48.31886143396426,usd/MWh_el
2040-07-26 07:00:00,YZ,CE,48.31886143396426,usd/MWh_el
2040-07-27 08:00:00,YZ,CE,48.31886143396426,usd/MWh_el
2040-07-28 09:00:00,YZ,CE,48.31886143396426,usd/MWh_el
2040-07-29 10:00:00,YZ,CE,48.31886143396426,usd/MWh_el
2040-07-30 11:00:00,YZ,CE,48.31886143396426,usd/MWh_el
2040-07-31 12:00:00,YZ,CE,95.28020754191071,usd/MWh_el
2040-08-01 13:00:00,YZ,CE,48.31886143396426,usd/MWh_el
2040-08-02 14:00:00,YZ,CE,60.1337154153305,usd/MWh_el
2040-08-03 15:00:00,YZ,CE,83.32286888656226,usd/MWh_el
2040-08-04 16:00:00,YZ,CE,48.31886143396426,usd/MWh_el
2040-08-05 17:00:00,YZ,CE,48.31886143396426,usd/MWh_el
2040-08-06 18:00:00,YZ,CE,48.319010047390336,usd/MWh_el
2040-08-07 19:00:00,YZ,CE,48.31886143396426,usd/MWh_el
2040-08-08 20:00:00,YZ,CE,48.31886143396426,usd/MWh_el
2040-08-09 21:00:00,YZ,CE,48.31886143396426,usd/MWh_el
2040-08-10 22:00:00,YZ,CE,48.31886143396426,usd/MWh_el
2040-08-11 23:00:00,YZ,CE,1.5,usd/MWh_el
2040-08-13 00:00:00,YZ,CE,48.31886143396426,usd/MWh_el
2040-08-14 01:00:00,YZ,CE,48.31886143396426,usd/MWh_el
2040-08-15 02:00:00,YZ,CE,48.31886143396426,usd/MWh_el
2040-08-16 03:00:00,YZ,CE,95.28020754191071,usd/MWh_el
2040-08-17 04:00:00,YZ,CE,48.31886143396426,usd/MWh_el
2040-08-18 05:00:00,YZ,CE,48.31886143396426,usd/MWh_el
2040-08-19 06:00:00,YZ,CE,48.31886143396426,usd/MWh_el
2040-08-20 07:00:00,YZ,CE,48.31886143396426,usd/MWh_el
2040-08-21 08:00:00,YZ,CE,48.31886143396426,usd/MWh_el
2040-08-22 09:00:00,YZ,CE,48.31886143396426,usd/MWh_el
2040-08-23 10:00:00,YZ,CE,48.31886143396426,usd/MWh_el
2040-08-24 11:00:00,YZ,CE,48.31886143396426,usd/MWh_el
2040-08-25 12:00:00,YZ,CE,48.31886143396426,usd/MWh_el
2040-08-26 13:00:00,YZ,CE,48.31886143396426,usd/MWh_el
2040-08-27 14:00:00,YZ,CE,48.31886143396426,usd/MWh_el
2040-08-28 15:00:00,YZ,CE,48.31886143396426,usd/MWh_el
2040-08-29 16:00:00,YZ,CE,48.31886143396426,usd/MWh_el
2040-08-30 17:00:00,YZ,CE,48.31886143396426,usd/MWh_el
2040-08-31 18:00:00,YZ,CE,48.31886143396426,usd/MWh_el
2040-09-01 19:00:00,YZ,CE,48.31886143396426,usd/MWh_el
2040-09-02 20:00:00,YZ,CE,20.822579537962298,usd/MWh_el
2040-09-03 21:00:00,YZ,CE,48.31886143396426,usd/MWh_el
2040-09-04 22:00:00,YZ,CE,48.31886143396426,usd/MWh_el
2040-09-05 23:00:00,YZ,CE,48.31886143396426,usd/MWh_el
2040-09-07 00:00:00,YZ,CE,35.4314072690701,usd/MWh_el
2040-09-08 01:00:00,YZ,CE,48.31886143396426,usd/MWh_el
2040-09-09 02:00:00,YZ,CE,48.31785955884678,usd/MWh_el
2040-09-10 03:00:00,YZ,CE,48.31886143396426,usd/MWh_el
2040-09-11 04:00:00,YZ,CE,48.31886143396426,usd/MWh_el
2040-09-12 05:00:00,YZ,CE,48.31886143396426,usd/MWh_el
2040-09-13 06:00:00,YZ,CE,48.31886143396426,usd/MWh_el
2040-09-14 07:00:00,YZ,CE,48.31886143396426,usd/MWh_el
2040-09-15 08:00:00,YZ,CE,48.31886143396426,usd/MWh_el
2040-09-16 09:00:00,YZ,CE,48.318712820538174,usd/MWh_el
2040-09-17 10:00:00,YZ,CE,48.319010047390336,usd/MWh_el
2040-09-18 11:00:00,YZ,CE,48.31886143396426,usd/MWh_el
2040-09-19 12:00:00,YZ,CE,35.4314072690701,usd/MWh_el
2040-09-20 13:00:00,YZ,CE,48.31785955884678,usd/MWh_el
2040-09-21 14:00:00,YZ,CE,48.31886143396426,usd/MWh_el
2040-09-22 15:00:00,YZ,CE,35.4314072690701,usd/MWh_el
2040-09-23 16:00:00,YZ,CE,20.822579537962298,usd/MWh_el
2040-09-24 17:00:00,YZ,CE,48.319010047390336,usd/MWh_el
2040-09-25 18:00:00,YZ,CE,48.31886143396426,usd/MWh_el
2040-09-26 19:00:00,YZ,CE,20.822579537962298,usd/MWh_el
2040-09-27 20:00:00,YZ,CE,48.31886143396425,usd/MWh_el
2040-09-28 21:00:00,YZ,CE,48.31886143396426,usd/MWh_el
2040-09-29 22:00:00,YZ,CE,48.31886143396426,usd/MWh_el
2040-09-30 23:00:00,YZ,CE,48.31886143396426,usd/MWh_el
2040-10-02 00:00:00,YZ,CE,48.31886143396426,usd/MWh_el
2040-10-03 01:00:00,YZ,CE,48.31886143396426,usd/MWh_el
2040-10-04 02:00:00,YZ,CE,48.31886143396425,usd/MWh_el
2040-10-05 03:00:00,YZ,CE,48.31886143396426,usd/MWh_el
2040-10-06 04:00:00,YZ,CE,48.31886143396426,usd/MWh_el
2040-10-07 05:00:00,YZ,CE,48.31886143396426,usd/MWh_el
2040-10-08 06:00:00,YZ,CE,48.31886143396426,usd/MWh_el
2040-10-09 07:00:00,YZ,CE,95.28020754191071,usd/MWh_el
2040-10-10 08:00:00,YZ,CE,48.31886143396426,usd/MWh_el
2040-10-11 09:00:00,YZ,CE,48.31886143396426,usd/MWh_el
2040-10-12 10:00:00,YZ,CE,13.767023982406737,usd/MWh_el
2040-10-13 11:00:00,YZ,CE,35.4314072690701,usd/MWh_el
2040-10-14 12:00:00,YZ,CE,48.31886143396426,usd/MWh_el
2040-10-15 13:00:00,YZ,CE,48.31886143396426,usd/MWh_el
2040-10-16 14:00:00,YZ,CE,48.31886143396426,usd/MWh_el
2040-10-17 15:00:00,YZ,CE,48.31886143396426,usd/MWh_el
2040-10-18 16:00:00,YZ,CE,48.31886143396426,usd/MWh_el
2040-10-19 17:00:00,YZ,CE,48.31886143396426,usd/MWh_el
2040-10-20 18:00:00,YZ,CE,20.822579537962298,usd/MWh_el
2040-10-21 19:00:00,YZ,CE,1.5,usd/MWh_el
2040-10-22 20:00:00,YZ,CE,35.43140726907009,usd/MWh_el
2040-10-23 21:00:00,YZ,CE,48.31886143396426,usd/MWh_el
2040-10-24 22:00:00,YZ,CE,1.5,usd/MWh_el
2040-10-25 23:00:00,YZ,CE,48.31886143396426,usd/MWh_el
2040-10-27 00:00:00,YZ,CE,48.31886143396426,usd/MWh_el
2040-10-28 01:00:00,YZ,CE,35.4314072690701,usd/MWh_el
2040-10-29 02:00:00,YZ,CE,61.2063155988584,usd/MWh_el
2040-10-30 03:00:00,YZ,CE,48.31886143396426,usd/MWh_el
2040-10-31 04:00:00,YZ,CE,48.31886143396426,usd/MWh_el
2040-11-01 05:00:00,YZ,CE,48.31886143396426,usd/MWh_el
2040-11-02 06:00:00,YZ,CE,48.31886143396426,usd/MWh_el
2040-11-03 07:00:00,YZ,CE,15.61478702200992,usd/MWh_el
2040-11-04 08:00:00,YZ,CE,35.4314072690701,usd/MWh_el
2040-11-05 09:00:00,YZ,CE,48.31886143396426,usd/MWh_el
2040-11-06 10:00:00,YZ,CE,48.318861433964265,usd/MWh_el
2040-11-07 11:00:00,YZ,CE,48.31886143396426,usd/MWh_el
2040-11-08 12:00:00,YZ,CE,48.31886143396426,usd/MWh_el
2040-11-09 13:00:00,YZ,CE,48.31886143396426,usd/MWh_el
2040-11-10 14:00:00,YZ,CE,48.31886143396426,usd/MWh_el
2040-11-11 15:00:00,YZ,CE,48.31886143396426,usd/MWh_el
2040-11-12 16:00:00,YZ,CE,39.08994889383471,usd/MWh_el
2040-11-13 17:00:00,YZ,CE,35.4314072690701,usd/MWh_el
2040-11-14 18:00:00,YZ,CE,83.3226823038821,usd/MWh_el
2040-11-15 19:00:00,YZ,CE,35.4314072690701,usd/MWh_el
2040-11-16 20:00:00,YZ,CE,35.4314072690701,usd/MWh_el
2040-11-17 21:00:00,YZ,CE,48.319010047390336,usd/MWh_el
2040-11-18 22:00:00,YZ,CE,1.5,usd/MWh_el
2040-11-19 23:00:00,YZ,CE,14.985528100630926,usd/MWh_el
2040-11-21 00:00:00,YZ,CE,1.5,usd/MWh_el
2040-11-22 01:00:00,YZ,CE,48.31886143396425,usd/MWh_el
2040-11-23 02:00:00,YZ,CE,48.31886143396426,usd/MWh_el
2040-11-24 03:00:00,YZ,CE,48.31871282053817,usd/MWh_el
2040-11-25 04:00:00,YZ,CE,48.319010047390336,usd/MWh_el
2040-11-26 05:00:00,YZ,CE,48.31886143396426,usd/MWh_el
2040-11-27 06:00:00,YZ,CE,26.20308994578688,usd/MWh_el
2040-11-28 07:00:00,YZ,CE,83.3226823038821,usd/MWh_el
2040-11-29 08:00:00,YZ,CE,35.430812052223786,usd/MWh_el
2040-11-30 09:00:00,YZ,CE,48.31886143396426,usd/MWh_el
2040-12-01 10:00:00,YZ,CE,48.31886143396425,usd/MWh_el
2040-12-02 11:00:00,YZ,CE,48.31886143396426,usd/MWh_el
2040-12-03 12:00:00,YZ,CE,48.23815304087858,usd/MWh_el
2040-12-04 13:00:00,YZ,CE,48.31886143396426,usd/MWh_el
2040-12-05 14:00:00,YZ,CE,48.39956982704994,usd/MWh_el
2040-12-06 15:00:00,YZ,CE,83.3226823038821,usd/MWh_el
2040-12-07 16:00:00,YZ,CE,35.43140726907009,usd/MWh_el
2040-12-08 17:00:00,YZ,CE,20.822579537962298,usd/MWh_el
2040-12-09 18:00:00,YZ,CE,48.31886143396426,usd/MWh_el
2040-12-10 19:00:00,YZ,CE,48.31886143396425,usd/MWh_el
2040-12-11 20:00:00,YZ,CE,48.31886143396426,usd/MWh_el
2040-12-12 21:00:00,YZ,CE,48.31886143396426,usd/MWh_el
2040-12-13 22:00:00,YZ,CE,35.430812052223786,usd/MWh_el
2040-12-14 23:00:00,YZ,CE,1.5,usd/MWh_el
2040-12-16 00:00:00,YZ,CE,48.31886143396426,usd/MWh_el
2040-12-17 01:00:00,YZ,CE,48.31886143396426,usd/MWh_el
2040-12-18 02:00:00,YZ,CE,48.31886143396426,usd/MWh_el
2040-12-19 03:00:00,YZ,CE,48.31886143396426,usd/MWh_el
2040-12-20 04:00:00,YZ,CE,48.31886143396425,usd/MWh_el
2040-12-21 05:00:00,YZ,CE,48.31886143396426,usd/MWh_el
2040-12-22 06:00:00,YZ,CE,48.31871282053817,usd/MWh_el
2040-12-23 07:00:00,YZ,CE,48.319010047390336,usd/MWh_el
2040-12-24 08:00:00,YZ,CE,48.31886143396426,usd/MWh_el
2040-12-25 09:00:00,YZ,CE,48.31886143396425,usd/MWh_el
2040-12-26 10:00:00,YZ,CE,48.31886143396426,usd/MWh_el
2040-12-27 11:00:00,YZ,CE,48.31886143396426,usd/MWh_el
2040-12-28 12:00:00,YZ,CE,48.31886143396426,usd/MWh_el
2040-12-29 13:00:00,YZ,CE,35.430812052223786,usd/MWh_el
2040-12-30 14:00:00,YZ,CE,61.20691081570473,usd/MWh_el
2040-12-31 15:00:00,YZ,CE,48.31886143396426,usd/MWh_el
