snapshot,country,value,region,technology,unit
2035-01-01 00:00:00,XY,6958.0,CE,EIDT,MW
2035-01-02 01:00:00,XY,6958.0,CE,EIDT,MW
2035-01-03 02:00:00,XY,6958.0,CE,EIDT,MW
2035-01-04 03:00:00,XY,6958.0,CE,EIDT,MW
2035-01-05 04:00:00,XY,6958.0,CE,EIDT,MW
2035-01-06 05:00:00,XY,6958.0,CE,EIDT,MW
2035-01-07 06:00:00,XY,6958.0,CE,EIDT,MW
2035-01-08 07:00:00,XY,6958.0,CE,EIDT,MW
2035-01-09 08:00:00,XY,6958.0,CE,EIDT,MW
2035-01-10 09:00:00,XY,6958.0,CE,EIDT,MW
2035-01-11 10:00:00,XY,6958.0,CE,EIDT,MW
2035-01-12 11:00:00,XY,6958.0,CE,EIDT,MW
2035-01-13 12:00:00,XY,6958.0,CE,EIDT,MW
2035-01-14 13:00:00,XY,6958.0,CE,EIDT,MW
2035-01-15 14:00:00,XY,6958.0,CE,EIDT,MW
2035-01-16 15:00:00,XY,6958.0,CE,EIDT,MW
2035-01-17 16:00:00,XY,6958.0,CE,EIDT,MW
2035-01-18 17:00:00,XY,6958.0,CE,EIDT,MW
2035-01-19 18:00:00,XY,6958.0,CE,EIDT,MW
2035-01-20 19:00:00,XY,3598.0,CE,EIDT,MW
2035-01-21 20:00:00,XY,3740.0,CE,EIDT,MW
2035-01-22 21:00:00,XY,4479.9,CE,EIDT,MW
2035-01-23 22:00:00,XY,6958.0,CE,EIDT,MW
2035-01-24 23:00:00,XY,6958.0,CE,EIDT,MW
2035-01-26 00:00:00,XY,6958.0,CE,EIDT,MW
2035-01-27 01:00:00,XY,6958.0,CE,EIDT,MW
2035-01-28 02:00:00,XY,6958.0,CE,EIDT,MW
2035-01-29 03:00:00,XY,6958.0,CE,EIDT,MW
2035-01-30 04:00:00,XY,6958.0,CE,EIDT,MW
2035-01-31 05:00:00,XY,6958.0,CE,EIDT,MW
2035-02-01 06:00:00,XY,6958.0,CE,EIDT,MW
2035-02-02 07:00:00,XY,6958.0,CE,EIDT,MW
2035-02-03 08:00:00,XY,6958.0,CE,EIDT,MW
2035-02-04 09:00:00,XY,6958.0,CE,EIDT,MW
2035-02-05 10:00:00,XY,6958.0,CE,EIDT,MW
2035-02-06 11:00:00,XY,6958.0,CE,EIDT,MW
2035-02-07 12:00:00,XY,6958.0,CE,EIDT,MW
2035-02-08 13:00:00,XY,6958.0,CE,EIDT,MW
2035-02-09 14:00:00,XY,6958.0,CE,EIDT,MW
2035-02-10 15:00:00,XY,6958.0,CE,EIDT,MW
2035-02-11 16:00:00,XY,6958.0,CE,EIDT,MW
2035-02-12 17:00:00,XY,6958.0,CE,EIDT,MW
2035-02-13 18:00:00,XY,5854.7,CE,EIDT,MW
2035-02-14 19:00:00,XY,6958.0,CE,EIDT,MW
2035-02-15 20:00:00,XY,6958.0,CE,EIDT,MW
2035-02-16 21:00:00,XY,6958.0,CE,EIDT,MW
2035-02-17 22:00:00,XY,6958.0,CE,EIDT,MW
2035-02-18 23:00:00,XY,6958.0,CE,EIDT,MW
2035-02-20 00:00:00,XY,6958.0,CE,EIDT,MW
2035-02-21 01:00:00,XY,6958.0,CE,EIDT,MW
2035-02-22 02:00:00,XY,6816.0,CE,EIDT,MW
2035-02-23 03:00:00,XY,6390.0,CE,EIDT,MW
2035-02-24 04:00:00,XY,6603.0,CE,EIDT,MW
2035-02-25 05:00:00,XY,6958.0,CE,EIDT,MW
2035-02-26 06:00:00,XY,6958.0,CE,EIDT,MW
2035-02-27 07:00:00,XY,6958.0,CE,EIDT,MW
2035-02-28 08:00:00,XY,6958.0,CE,EIDT,MW
2035-03-01 09:00:00,XY,6958.0,CE,EIDT,MW
2035-03-02 10:00:00,XY,6958.0,CE,EIDT,MW
2035-03-03 11:00:00,XY,6958.0,CE,EIDT,MW
2035-03-04 12:00:00,XY,6958.0,CE,EIDT,MW
2035-03-05 13:00:00,XY,6958.0,CE,EIDT,MW
2035-03-06 14:00:00,XY,6958.0,CE,EIDT,MW
2035-03-07 15:00:00,XY,6958.0,CE,EIDT,MW
2035-03-08 16:00:00,XY,6958.0,CE,EIDT,MW
2035-03-09 17:00:00,XY,6958.0,CE,EIDT,MW
2035-03-10 18:00:00,XY,6958.0,CE,EIDT,MW
2035-03-11 19:00:00,XY,6336.0,CE,EIDT,MW
2035-03-12 20:00:00,XY,5606.9,CE,EIDT,MW
2035-03-13 21:00:00,XY,5945.6,CE,EIDT,MW
2035-03-14 22:00:00,XY,5850.9,CE,EIDT,MW
2035-03-15 23:00:00,XY,6958.0,CE,EIDT,MW
2035-03-17 00:00:00,XY,6958.0,CE,EIDT,MW
2035-03-18 01:00:00,XY,6958.0,CE,EIDT,MW
2035-03-19 02:00:00,XY,6958.0,CE,EIDT,MW
2035-03-20 03:00:00,XY,6958.0,CE,EIDT,MW
2035-03-21 04:00:00,XY,6958.0,CE,EIDT,MW
2035-03-22 05:00:00,XY,6674.0,CE,EIDT,MW
2035-03-23 06:00:00,XY,6958.0,CE,EIDT,MW
2035-03-24 07:00:00,XY,6958.0,CE,EIDT,MW
2035-03-25 08:00:00,XY,6958.0,CE,EIDT,MW
2035-03-26 09:00:00,XY,6958.0,CE,EIDT,MW
2035-03-27 10:00:00,XY,6958.0,CE,EIDT,MW
2035-03-28 11:00:00,XY,6958.0,CE,EIDT,MW
2035-03-29 12:00:00,XY,6958.0,CE,EIDT,MW
2035-03-30 13:00:00,XY,6958.0,CE,EIDT,MW
2035-03-31 14:00:00,XY,6958.0,CE,EIDT,MW
2035-04-01 15:00:00,XY,6958.0,CE,EIDT,MW
2035-04-02 16:00:00,XY,5758.0,CE,EIDT,MW
2035-04-03 17:00:00,XY,3811.0,CE,EIDT,MW
2035-04-04 18:00:00,XY,3385.0,CE,EIDT,MW
2035-04-05 19:00:00,XY,2995.1,CE,EIDT,MW
2035-04-06 20:00:00,XY,3496.7,CE,EIDT,MW
2035-04-07 21:00:00,XY,3456.0,CE,EIDT,MW
2035-04-08 22:00:00,XY,3527.0,CE,EIDT,MW
2035-04-09 23:00:00,XY,3959.1,CE,EIDT,MW
2035-04-11 00:00:00,XY,5810.0,CE,EIDT,MW
2035-04-12 01:00:00,XY,3822.8,CE,EIDT,MW
2035-04-13 02:00:00,XY,3741.2,CE,EIDT,MW
2035-04-14 03:00:00,XY,4319.0,CE,EIDT,MW
2035-04-15 04:00:00,XY,5425.1,CE,EIDT,MW
2035-04-16 05:00:00,XY,5763.0,CE,EIDT,MW
2035-04-17 06:00:00,XY,3545.4,CE,EIDT,MW
2035-04-18 07:00:00,XY,6958.0,CE,EIDT,MW
2035-04-19 08:00:00,XY,6958.0,CE,EIDT,MW
2035-04-20 09:00:00,XY,6958.0,CE,EIDT,MW
2035-04-21 10:00:00,XY,6958.0,CE,EIDT,MW
2035-04-22 11:00:00,XY,6958.0,CE,EIDT,MW
2035-04-23 12:00:00,XY,6958.0,CE,EIDT,MW
2035-04-24 13:00:00,XY,6958.0,CE,EIDT,MW
2035-04-25 14:00:00,XY,6958.0,CE,EIDT,MW
2035-04-26 15:00:00,XY,6958.0,CE,EIDT,MW
2035-04-27 16:00:00,XY,6958.0,CE,EIDT,MW
2035-04-28 17:00:00,XY,3385.0,CE,EIDT,MW
2035-04-29 18:00:00,XY,3527.0,CE,EIDT,MW
2035-04-30 19:00:00,XY,3811.0,CE,EIDT,MW
2035-05-01 20:00:00,XY,3669.0,CE,EIDT,MW
2035-05-02 21:00:00,XY,3314.0,CE,EIDT,MW
2035-05-03 22:00:00,XY,1894.0,CE,EIDT,MW
2035-05-04 23:00:00,XY,2107.0,CE,EIDT,MW
2035-05-06 00:00:00,XY,2112.7,CE,EIDT,MW
2035-05-07 01:00:00,XY,4315.3,CE,EIDT,MW
2035-05-08 02:00:00,XY,3442.6,CE,EIDT,MW
2035-05-09 03:00:00,XY,3165.7,CE,EIDT,MW
2035-05-10 04:00:00,XY,4018.8,CE,EIDT,MW
2035-05-11 05:00:00,XY,2139.9,CE,EIDT,MW
2035-05-12 06:00:00,XY,2376.2,CE,EIDT,MW
2035-05-13 07:00:00,XY,2604.0,CE,EIDT,MW
2035-05-14 08:00:00,XY,4409.5,CE,EIDT,MW
2035-05-15 09:00:00,XY,6958.0,CE,EIDT,MW
2035-05-16 10:00:00,XY,6958.0,CE,EIDT,MW
2035-05-17 11:00:00,XY,6958.0,CE,EIDT,MW
2035-05-18 12:00:00,XY,6958.0,CE,EIDT,MW
2035-05-19 13:00:00,XY,6958.0,CE,EIDT,MW
2035-05-20 14:00:00,XY,6958.0,CE,EIDT,MW
2035-05-21 15:00:00,XY,3740.0,CE,EIDT,MW
2035-05-22 16:00:00,XY,3669.0,CE,EIDT,MW
2035-05-23 17:00:00,XY,3243.0,CE,EIDT,MW
2035-05-24 18:00:00,XY,1894.0,CE,EIDT,MW
2035-05-25 19:00:00,XY,2036.0,CE,EIDT,MW
2035-05-26 20:00:00,XY,3314.0,CE,EIDT,MW
2035-05-27 21:00:00,XY,3456.0,CE,EIDT,MW
2035-05-28 22:00:00,XY,3740.0,CE,EIDT,MW
2035-05-29 23:00:00,XY,3101.0,CE,EIDT,MW
2035-05-31 00:00:00,XY,2777.4,CE,EIDT,MW
2035-06-01 01:00:00,XY,1832.5,CE,EIDT,MW
2035-06-02 02:00:00,XY,4390.0,CE,EIDT,MW
2035-06-03 03:00:00,XY,6603.0,CE,EIDT,MW
2035-06-04 04:00:00,XY,3540.9,CE,EIDT,MW
2035-06-05 05:00:00,XY,3148.7,CE,EIDT,MW
2035-06-06 06:00:00,XY,3342.2,CE,EIDT,MW
2035-06-07 07:00:00,XY,6958.0,CE,EIDT,MW
2035-06-08 08:00:00,XY,6958.0,CE,EIDT,MW
2035-06-09 09:00:00,XY,6958.0,CE,EIDT,MW
2035-06-10 10:00:00,XY,5372.0,CE,EIDT,MW
2035-06-11 11:00:00,XY,6958.0,CE,EIDT,MW
2035-06-12 12:00:00,XY,6958.0,CE,EIDT,MW
2035-06-13 13:00:00,XY,6958.0,CE,EIDT,MW
2035-06-14 14:00:00,XY,6958.0,CE,EIDT,MW
2035-06-15 15:00:00,XY,6958.0,CE,EIDT,MW
2035-06-16 16:00:00,XY,6958.0,CE,EIDT,MW
2035-06-17 17:00:00,XY,6958.0,CE,EIDT,MW
2035-06-18 18:00:00,XY,6958.0,CE,EIDT,MW
2035-06-19 19:00:00,XY,3669.0,CE,EIDT,MW
2035-06-20 20:00:00,XY,3598.0,CE,EIDT,MW
2035-06-21 21:00:00,XY,3243.0,CE,EIDT,MW
2035-06-22 22:00:00,XY,1823.0,CE,EIDT,MW
2035-06-23 23:00:00,XY,1965.0,CE,EIDT,MW
2035-06-25 00:00:00,XY,2888.0,CE,EIDT,MW
2035-06-26 01:00:00,XY,2249.0,CE,EIDT,MW
2035-06-27 02:00:00,XY,1965.0,CE,EIDT,MW
2035-06-28 03:00:00,XY,1326.0,CE,EIDT,MW
2035-06-29 04:00:00,XY,3038.9,CE,EIDT,MW
2035-06-30 05:00:00,XY,4449.6,CE,EIDT,MW
2035-07-01 06:00:00,XY,4753.6,CE,EIDT,MW
2035-07-02 07:00:00,XY,5654.6,CE,EIDT,MW
2035-07-03 08:00:00,XY,6787.8,CE,EIDT,MW
2035-07-04 09:00:00,XY,6958.0,CE,EIDT,MW
2035-07-05 10:00:00,XY,6958.0,CE,EIDT,MW
2035-07-06 11:00:00,XY,6958.0,CE,EIDT,MW
2035-07-07 12:00:00,XY,6958.0,CE,EIDT,MW
2035-07-08 13:00:00,XY,6958.0,CE,EIDT,MW
2035-07-09 14:00:00,XY,6958.0,CE,EIDT,MW
2035-07-10 15:00:00,XY,6958.0,CE,EIDT,MW
2035-07-11 16:00:00,XY,6958.0,CE,EIDT,MW
2035-07-12 17:00:00,XY,6958.0,CE,EIDT,MW
2035-07-13 18:00:00,XY,6958.0,CE,EIDT,MW
2035-07-14 19:00:00,XY,6958.0,CE,EIDT,MW
2035-07-15 20:00:00,XY,3243.0,CE,EIDT,MW
2035-07-16 21:00:00,XY,4238.1,CE,EIDT,MW
2035-07-17 22:00:00,XY,3669.0,CE,EIDT,MW
2035-07-18 23:00:00,XY,3598.0,CE,EIDT,MW
2035-07-20 00:00:00,XY,2675.0,CE,EIDT,MW
2035-07-21 01:00:00,XY,5100.0,CE,EIDT,MW
2035-07-22 02:00:00,XY,6674.0,CE,EIDT,MW
2035-07-23 03:00:00,XY,6745.0,CE,EIDT,MW
2035-07-24 04:00:00,XY,6887.0,CE,EIDT,MW
2035-07-25 05:00:00,XY,6306.1,CE,EIDT,MW
2035-07-26 06:00:00,XY,6135.7,CE,EIDT,MW
2035-07-27 07:00:00,XY,6958.0,CE,EIDT,MW
2035-07-28 08:00:00,XY,5384.7,CE,EIDT,MW
2035-07-29 09:00:00,XY,5319.5,CE,EIDT,MW
2035-07-30 10:00:00,XY,6958.0,CE,EIDT,MW
2035-07-31 11:00:00,XY,6958.0,CE,EIDT,MW
2035-08-01 12:00:00,XY,6958.0,CE,EIDT,MW
2035-08-02 13:00:00,XY,6958.0,CE,EIDT,MW
2035-08-03 14:00:00,XY,6958.0,CE,EIDT,MW
2035-08-04 15:00:00,XY,6958.0,CE,EIDT,MW
2035-08-05 16:00:00,XY,6958.0,CE,EIDT,MW
2035-08-06 17:00:00,XY,6958.0,CE,EIDT,MW
2035-08-07 18:00:00,XY,6958.0,CE,EIDT,MW
2035-08-08 19:00:00,XY,3713.8,CE,EIDT,MW
2035-08-09 20:00:00,XY,3172.0,CE,EIDT,MW
2035-08-10 21:00:00,XY,6958.0,CE,EIDT,MW
2035-08-11 22:00:00,XY,4732.8,CE,EIDT,MW
2035-08-12 23:00:00,XY,4156.5,CE,EIDT,MW
2035-08-14 00:00:00,XY,3101.0,CE,EIDT,MW
2035-08-15 01:00:00,XY,4638.4,CE,EIDT,MW
2035-08-16 02:00:00,XY,6958.0,CE,EIDT,MW
2035-08-17 03:00:00,XY,6532.0,CE,EIDT,MW
2035-08-18 04:00:00,XY,6106.0,CE,EIDT,MW
2035-08-19 05:00:00,XY,6319.0,CE,EIDT,MW
2035-08-20 06:00:00,XY,4729.8,CE,EIDT,MW
2035-08-21 07:00:00,XY,5020.4,CE,EIDT,MW
2035-08-22 08:00:00,XY,5055.8,CE,EIDT,MW
2035-08-23 09:00:00,XY,6958.0,CE,EIDT,MW
2035-08-24 10:00:00,XY,6958.0,CE,EIDT,MW
2035-08-25 11:00:00,XY,6958.0,CE,EIDT,MW
2035-08-26 12:00:00,XY,6958.0,CE,EIDT,MW
2035-08-27 13:00:00,XY,6958.0,CE,EIDT,MW
2035-08-28 14:00:00,XY,6958.0,CE,EIDT,MW
2035-08-29 15:00:00,XY,6958.0,CE,EIDT,MW
2035-08-30 16:00:00,XY,6958.0,CE,EIDT,MW
2035-08-31 17:00:00,XY,6958.0,CE,EIDT,MW
2035-09-01 18:00:00,XY,6958.0,CE,EIDT,MW
2035-09-02 19:00:00,XY,3243.0,CE,EIDT,MW
2035-09-03 20:00:00,XY,3468.2,CE,EIDT,MW
2035-09-04 21:00:00,XY,3669.0,CE,EIDT,MW
2035-09-05 22:00:00,XY,3527.0,CE,EIDT,MW
2035-09-06 23:00:00,XY,4564.8,CE,EIDT,MW
2035-09-08 00:00:00,XY,5498.7,CE,EIDT,MW
2035-09-09 01:00:00,XY,6022.4,CE,EIDT,MW
2035-09-10 02:00:00,XY,6958.0,CE,EIDT,MW
2035-09-11 03:00:00,XY,6958.0,CE,EIDT,MW
2035-09-12 04:00:00,XY,6958.0,CE,EIDT,MW
2035-09-13 05:00:00,XY,5525.2,CE,EIDT,MW
2035-09-14 06:00:00,XY,6461.0,CE,EIDT,MW
2035-09-15 07:00:00,XY,6958.0,CE,EIDT,MW
2035-09-16 08:00:00,XY,6958.0,CE,EIDT,MW
2035-09-17 09:00:00,XY,6958.0,CE,EIDT,MW
2035-09-18 10:00:00,XY,6958.0,CE,EIDT,MW
2035-09-19 11:00:00,XY,6958.0,CE,EIDT,MW
2035-09-20 12:00:00,XY,6958.0,CE,EIDT,MW
2035-09-21 13:00:00,XY,6958.0,CE,EIDT,MW
2035-09-22 14:00:00,XY,6958.0,CE,EIDT,MW
2035-09-23 15:00:00,XY,3243.0,CE,EIDT,MW
2035-09-24 16:00:00,XY,5314.8,CE,EIDT,MW
2035-09-25 17:00:00,XY,4913.6,CE,EIDT,MW
2035-09-26 18:00:00,XY,3598.0,CE,EIDT,MW
2035-09-27 19:00:00,XY,3172.0,CE,EIDT,MW
2035-09-28 20:00:00,XY,1823.0,CE,EIDT,MW
2035-09-29 21:00:00,XY,1965.0,CE,EIDT,MW
2035-09-30 22:00:00,XY,3243.0,CE,EIDT,MW
2035-10-01 23:00:00,XY,3385.0,CE,EIDT,MW
2035-10-03 00:00:00,XY,5774.9,CE,EIDT,MW
2035-10-04 01:00:00,XY,6958.0,CE,EIDT,MW
2035-10-05 02:00:00,XY,6887.0,CE,EIDT,MW
2035-10-06 03:00:00,XY,6248.0,CE,EIDT,MW
2035-10-07 04:00:00,XY,6248.0,CE,EIDT,MW
2035-10-08 05:00:00,XY,6745.0,CE,EIDT,MW
2035-10-09 06:00:00,XY,6958.0,CE,EIDT,MW
2035-10-10 07:00:00,XY,6363.4,CE,EIDT,MW
2035-10-11 08:00:00,XY,6958.0,CE,EIDT,MW
2035-10-12 09:00:00,XY,6958.0,CE,EIDT,MW
2035-10-13 10:00:00,XY,6958.0,CE,EIDT,MW
2035-10-14 11:00:00,XY,6958.0,CE,EIDT,MW
2035-10-15 12:00:00,XY,6958.0,CE,EIDT,MW
2035-10-16 13:00:00,XY,6958.0,CE,EIDT,MW
2035-10-17 14:00:00,XY,6958.0,CE,EIDT,MW
2035-10-18 15:00:00,XY,6958.0,CE,EIDT,MW
2035-10-19 16:00:00,XY,6958.0,CE,EIDT,MW
2035-10-20 17:00:00,XY,6958.0,CE,EIDT,MW
2035-10-21 18:00:00,XY,3314.0,CE,EIDT,MW
2035-10-22 19:00:00,XY,3456.0,CE,EIDT,MW
2035-10-23 20:00:00,XY,3740.0,CE,EIDT,MW
2035-10-24 21:00:00,XY,3761.4,CE,EIDT,MW
2035-10-25 22:00:00,XY,5383.5,CE,EIDT,MW
2035-10-26 23:00:00,XY,6958.0,CE,EIDT,MW
2035-10-28 00:00:00,XY,6958.0,CE,EIDT,MW
2035-10-29 01:00:00,XY,6958.0,CE,EIDT,MW
2035-10-30 02:00:00,XY,6958.0,CE,EIDT,MW
2035-10-31 03:00:00,XY,6958.0,CE,EIDT,MW
2035-11-01 04:00:00,XY,6674.0,CE,EIDT,MW
2035-11-02 05:00:00,XY,6177.0,CE,EIDT,MW
2035-11-03 06:00:00,XY,6603.0,CE,EIDT,MW
2035-11-04 07:00:00,XY,6958.0,CE,EIDT,MW
2035-11-05 08:00:00,XY,6958.0,CE,EIDT,MW
2035-11-06 09:00:00,XY,6958.0,CE,EIDT,MW
2035-11-07 10:00:00,XY,6958.0,CE,EIDT,MW
2035-11-08 11:00:00,XY,6958.0,CE,EIDT,MW
2035-11-09 12:00:00,XY,6958.0,CE,EIDT,MW
2035-11-10 13:00:00,XY,6958.0,CE,EIDT,MW
2035-11-11 14:00:00,XY,6958.0,CE,EIDT,MW
2035-11-12 15:00:00,XY,6958.0,CE,EIDT,MW
2035-11-13 16:00:00,XY,6958.0,CE,EIDT,MW
2035-11-14 17:00:00,XY,6958.0,CE,EIDT,MW
2035-11-15 18:00:00,XY,4854.9,CE,EIDT,MW
2035-11-16 19:00:00,XY,5458.9,CE,EIDT,MW
2035-11-17 20:00:00,XY,6958.0,CE,EIDT,MW
2035-11-18 21:00:00,XY,3314.0,CE,EIDT,MW
2035-11-19 22:00:00,XY,6958.0,CE,EIDT,MW
2035-11-20 23:00:00,XY,6958.0,CE,EIDT,MW
2035-11-22 00:00:00,XY,6958.0,CE,EIDT,MW
2035-11-23 01:00:00,XY,6958.0,CE,EIDT,MW
2035-11-24 02:00:00,XY,6674.0,CE,EIDT,MW
2035-11-25 03:00:00,XY,6461.0,CE,EIDT,MW
2035-11-26 04:00:00,XY,6674.0,CE,EIDT,MW
2035-11-27 05:00:00,XY,6958.0,CE,EIDT,MW
2035-11-28 06:00:00,XY,6958.0,CE,EIDT,MW
2035-11-29 07:00:00,XY,6958.0,CE,EIDT,MW
2035-11-30 08:00:00,XY,6958.0,CE,EIDT,MW
2035-12-01 09:00:00,XY,6958.0,CE,EIDT,MW
2035-12-02 10:00:00,XY,6958.0,CE,EIDT,MW
2035-12-03 11:00:00,XY,6958.0,CE,EIDT,MW
2035-12-04 12:00:00,XY,6958.0,CE,EIDT,MW
2035-12-05 13:00:00,XY,6958.0,CE,EIDT,MW
2035-12-06 14:00:00,XY,6958.0,CE,EIDT,MW
2035-12-07 15:00:00,XY,6958.0,CE,EIDT,MW
2035-12-08 16:00:00,XY,6958.0,CE,EIDT,MW
2035-12-09 17:00:00,XY,6265.3,CE,EIDT,MW
2035-12-10 18:00:00,XY,4422.1,CE,EIDT,MW
2035-12-11 19:00:00,XY,3811.0,CE,EIDT,MW
2035-12-12 20:00:00,XY,4981.2,CE,EIDT,MW
2035-12-13 21:00:00,XY,6958.0,CE,EIDT,MW
2035-12-14 22:00:00,XY,6958.0,CE,EIDT,MW
2035-12-15 23:00:00,XY,6958.0,CE,EIDT,MW
2035-12-17 00:00:00,XY,6958.0,CE,EIDT,MW
2035-12-18 01:00:00,XY,6958.0,CE,EIDT,MW
2035-12-19 02:00:00,XY,6958.0,CE,EIDT,MW
2035-12-20 03:00:00,XY,6958.0,CE,EIDT,MW
2035-12-21 04:00:00,XY,6532.0,CE,EIDT,MW
2035-12-22 05:00:00,XY,6390.0,CE,EIDT,MW
2035-12-23 06:00:00,XY,6958.0,CE,EIDT,MW
2035-12-24 07:00:00,XY,6958.0,CE,EIDT,MW
2035-12-25 08:00:00,XY,6958.0,CE,EIDT,MW
2035-12-26 09:00:00,XY,6958.0,CE,EIDT,MW
2035-12-27 10:00:00,XY,6958.0,CE,EIDT,MW
2035-12-28 11:00:00,XY,6958.0,CE,EIDT,MW
2035-12-29 12:00:00,XY,6958.0,CE,EIDT,MW
2035-12-30 13:00:00,XY,6958.0,CE,EIDT,MW
2035-12-31 14:00:00,XY,6958.0,CE,EIDT,MW
2036-01-01 15:00:00,XY,6958.0,CE,EIDT,MW
2035-01-01 00:00:00,XY,7927.0,CE,IND_BOILER,MW
2035-01-02 01:00:00,XY,7531.0,CE,IND_BOILER,MW
2035-01-03 02:00:00,XY,7003.0,CE,IND_BOILER,MW
2035-01-04 03:00:00,XY,6871.0,CE,IND_BOILER,MW
2035-01-05 04:00:00,XY,6475.0,CE,IND_BOILER,MW
2035-01-06 05:00:00,XY,6739.0,CE,IND_BOILER,MW
2035-01-07 06:00:00,XY,7663.0,CE,IND_BOILER,MW
2035-01-08 07:00:00,XY,8471.1,CE,IND_BOILER,MW
2035-01-09 08:00:00,XY,8983.0,CE,IND_BOILER,MW
2035-01-10 09:00:00,XY,8851.0,CE,IND_BOILER,MW
2035-01-11 10:00:00,XY,7989.5,CE,IND_BOILER,MW
2035-01-12 11:00:00,XY,6869.0,CE,IND_BOILER,MW
2035-01-13 12:00:00,XY,7133.0,CE,IND_BOILER,MW
2035-01-14 13:00:00,XY,8346.6,CE,IND_BOILER,MW
2035-01-15 14:00:00,XY,9115.0,CE,IND_BOILER,MW
2035-01-16 15:00:00,XY,10171.0,CE,IND_BOILER,MW
2035-01-17 16:00:00,XY,9379.0,CE,IND_BOILER,MW
2035-01-18 17:00:00,XY,6739.0,CE,IND_BOILER,MW
2035-01-19 18:00:00,XY,7368.7,CE,IND_BOILER,MW
2035-01-20 19:00:00,XY,13176.0,CE,IND_BOILER,MW
2035-01-21 20:00:00,XY,13176.0,CE,IND_BOILER,MW
2035-01-22 21:00:00,XY,12720.1,CE,IND_BOILER,MW
2035-01-23 22:00:00,XY,10171.0,CE,IND_BOILER,MW
2035-01-24 23:00:00,XY,8455.0,CE,IND_BOILER,MW
2035-01-26 00:00:00,XY,6343.0,CE,IND_BOILER,MW
2035-01-27 01:00:00,XY,5551.0,CE,IND_BOILER,MW
2035-01-28 02:00:00,XY,5683.0,CE,IND_BOILER,MW
2035-01-29 03:00:00,XY,5947.0,CE,IND_BOILER,MW
2035-01-30 04:00:00,XY,6475.0,CE,IND_BOILER,MW
2035-01-31 05:00:00,XY,6343.0,CE,IND_BOILER,MW
2035-02-01 06:00:00,XY,6211.0,CE,IND_BOILER,MW
2035-02-02 07:00:00,XY,7135.0,CE,IND_BOILER,MW
2035-02-03 08:00:00,XY,8983.0,CE,IND_BOILER,MW
2035-02-04 09:00:00,XY,9775.0,CE,IND_BOILER,MW
2035-02-05 10:00:00,XY,10313.0,CE,IND_BOILER,MW
2035-02-06 11:00:00,XY,9773.0,CE,IND_BOILER,MW
2035-02-07 12:00:00,XY,8981.0,CE,IND_BOILER,MW
2035-02-08 13:00:00,XY,6341.0,CE,IND_BOILER,MW
2035-02-09 14:00:00,XY,6605.0,CE,IND_BOILER,MW
2035-02-10 15:00:00,XY,9113.0,CE,IND_BOILER,MW
2035-02-11 16:00:00,XY,9820.6,CE,IND_BOILER,MW
2035-02-12 17:00:00,XY,10313.0,CE,IND_BOILER,MW
2035-02-13 18:00:00,XY,11345.3,CE,IND_BOILER,MW
2035-02-14 19:00:00,XY,9599.7,CE,IND_BOILER,MW
2035-02-15 20:00:00,XY,6871.0,CE,IND_BOILER,MW
2035-02-16 21:00:00,XY,7135.0,CE,IND_BOILER,MW
2035-02-17 22:00:00,XY,9643.0,CE,IND_BOILER,MW
2035-02-18 23:00:00,XY,9247.0,CE,IND_BOILER,MW
2035-02-20 00:00:00,XY,8059.0,CE,IND_BOILER,MW
2035-02-21 01:00:00,XY,6475.0,CE,IND_BOILER,MW
2035-02-22 02:00:00,XY,5429.0,CE,IND_BOILER,MW
2035-02-23 03:00:00,XY,5063.0,CE,IND_BOILER,MW
2035-02-24 04:00:00,XY,5246.0,CE,IND_BOILER,MW
2035-02-25 05:00:00,XY,6211.0,CE,IND_BOILER,MW
2035-02-26 06:00:00,XY,7663.0,CE,IND_BOILER,MW
2035-02-27 07:00:00,XY,8851.0,CE,IND_BOILER,MW
2035-02-28 08:00:00,XY,8983.0,CE,IND_BOILER,MW
2035-03-01 09:00:00,XY,6739.0,CE,IND_BOILER,MW
2035-03-02 10:00:00,XY,6783.5,CE,IND_BOILER,MW
2035-03-03 11:00:00,XY,9081.8,CE,IND_BOILER,MW
2035-03-04 12:00:00,XY,9113.0,CE,IND_BOILER,MW
2035-03-05 13:00:00,XY,9773.0,CE,IND_BOILER,MW
2035-03-06 14:00:00,XY,9509.0,CE,IND_BOILER,MW
2035-03-07 15:00:00,XY,8953.2,CE,IND_BOILER,MW
2035-03-08 16:00:00,XY,6739.0,CE,IND_BOILER,MW
2035-03-09 17:00:00,XY,7003.0,CE,IND_BOILER,MW
2035-03-10 18:00:00,XY,9745.0,CE,IND_BOILER,MW
2035-03-11 19:00:00,XY,10509.0,CE,IND_BOILER,MW
2035-03-12 20:00:00,XY,11522.1,CE,IND_BOILER,MW
2035-03-13 21:00:00,XY,11112.4,CE,IND_BOILER,MW
2035-03-14 22:00:00,XY,10781.1,CE,IND_BOILER,MW
2035-03-15 23:00:00,XY,6607.0,CE,IND_BOILER,MW
2035-03-17 00:00:00,XY,6343.0,CE,IND_BOILER,MW
2035-03-18 01:00:00,XY,6079.0,CE,IND_BOILER,MW
2035-03-19 02:00:00,XY,5947.0,CE,IND_BOILER,MW
2035-03-20 03:00:00,XY,5947.0,CE,IND_BOILER,MW
2035-03-21 04:00:00,XY,5551.0,CE,IND_BOILER,MW
2035-03-22 05:00:00,XY,5307.0,CE,IND_BOILER,MW
2035-03-23 06:00:00,XY,6079.0,CE,IND_BOILER,MW
2035-03-24 07:00:00,XY,7795.0,CE,IND_BOILER,MW
2035-03-25 08:00:00,XY,8851.0,CE,IND_BOILER,MW
2035-03-26 09:00:00,XY,9907.0,CE,IND_BOILER,MW
2035-03-27 10:00:00,XY,9907.0,CE,IND_BOILER,MW
2035-03-28 11:00:00,XY,8885.0,CE,IND_BOILER,MW
2035-03-29 12:00:00,XY,6077.0,CE,IND_BOILER,MW
2035-03-30 13:00:00,XY,6341.0,CE,IND_BOILER,MW
2035-03-31 14:00:00,XY,8717.0,CE,IND_BOILER,MW
2035-04-01 15:00:00,XY,9690.0,CE,IND_BOILER,MW
2035-04-02 16:00:00,XY,11300.0,CE,IND_BOILER,MW
2035-04-03 17:00:00,XY,13176.0,CE,IND_BOILER,MW
2035-04-04 18:00:00,XY,13115.0,CE,IND_BOILER,MW
2035-04-05 19:00:00,XY,10864.9,CE,IND_BOILER,MW
2035-04-06 20:00:00,XY,10627.3,CE,IND_BOILER,MW
2035-04-07 21:00:00,XY,13176.0,CE,IND_BOILER,MW
2035-04-08 22:00:00,XY,13176.0,CE,IND_BOILER,MW
2035-04-09 23:00:00,XY,12672.9,CE,IND_BOILER,MW
2035-04-11 00:00:00,XY,8710.0,CE,IND_BOILER,MW
2035-04-12 01:00:00,XY,9113.2,CE,IND_BOILER,MW
2035-04-13 02:00:00,XY,8138.8,CE,IND_BOILER,MW
2035-04-14 03:00:00,XY,7429.0,CE,IND_BOILER,MW
2035-04-15 04:00:00,XY,7246.9,CE,IND_BOILER,MW
2035-04-16 05:00:00,XY,8097.0,CE,IND_BOILER,MW
2035-04-17 06:00:00,XY,11370.6,CE,IND_BOILER,MW
2035-04-18 07:00:00,XY,8211.1,CE,IND_BOILER,MW
2035-04-19 08:00:00,XY,6475.0,CE,IND_BOILER,MW
2035-04-20 09:00:00,XY,6739.0,CE,IND_BOILER,MW
2035-04-21 10:00:00,XY,9115.0,CE,IND_BOILER,MW
2035-04-22 11:00:00,XY,9379.0,CE,IND_BOILER,MW
2035-04-23 12:00:00,XY,9903.0,CE,IND_BOILER,MW
2035-04-24 13:00:00,XY,9775.0,CE,IND_BOILER,MW
2035-04-25 14:00:00,XY,8983.0,CE,IND_BOILER,MW
2035-04-26 15:00:00,XY,6475.0,CE,IND_BOILER,MW
2035-04-27 16:00:00,XY,6739.0,CE,IND_BOILER,MW
2035-04-28 17:00:00,XY,13115.0,CE,IND_BOILER,MW
2035-04-29 18:00:00,XY,13176.0,CE,IND_BOILER,MW
2035-04-30 19:00:00,XY,13176.0,CE,IND_BOILER,MW
2035-05-01 20:00:00,XY,13176.0,CE,IND_BOILER,MW
2035-05-02 21:00:00,XY,13054.0,CE,IND_BOILER,MW
2035-05-03 22:00:00,XY,11834.0,CE,IND_BOILER,MW
2035-05-04 23:00:00,XY,12017.0,CE,IND_BOILER,MW
2035-05-06 00:00:00,XY,12011.3,CE,IND_BOILER,MW
2035-05-07 01:00:00,XY,9412.7,CE,IND_BOILER,MW
2035-05-08 02:00:00,XY,10021.4,CE,IND_BOILER,MW
2035-05-09 03:00:00,XY,9374.3,CE,IND_BOILER,MW
2035-05-10 04:00:00,XY,7597.2,CE,IND_BOILER,MW
2035-05-11 05:00:00,XY,10268.1,CE,IND_BOILER,MW
2035-05-12 06:00:00,XY,11615.8,CE,IND_BOILER,MW
2035-05-13 07:00:00,XY,12444.0,CE,IND_BOILER,MW
2035-05-14 08:00:00,XY,12090.5,CE,IND_BOILER,MW
2035-05-15 09:00:00,XY,9643.0,CE,IND_BOILER,MW
2035-05-16 10:00:00,XY,8851.0,CE,IND_BOILER,MW
2035-05-17 11:00:00,XY,6343.0,CE,IND_BOILER,MW
2035-05-18 12:00:00,XY,6607.0,CE,IND_BOILER,MW
2035-05-19 13:00:00,XY,8983.0,CE,IND_BOILER,MW
2035-05-20 14:00:00,XY,9247.0,CE,IND_BOILER,MW
2035-05-21 15:00:00,XY,13176.0,CE,IND_BOILER,MW
2035-05-22 16:00:00,XY,13176.0,CE,IND_BOILER,MW
2035-05-23 17:00:00,XY,12993.0,CE,IND_BOILER,MW
2035-05-24 18:00:00,XY,11834.0,CE,IND_BOILER,MW
2035-05-25 19:00:00,XY,11956.0,CE,IND_BOILER,MW
2035-05-26 20:00:00,XY,13054.0,CE,IND_BOILER,MW
2035-05-27 21:00:00,XY,13176.0,CE,IND_BOILER,MW
2035-05-28 22:00:00,XY,13176.0,CE,IND_BOILER,MW
2035-05-29 23:00:00,XY,12871.0,CE,IND_BOILER,MW
2035-05-31 00:00:00,XY,10950.6,CE,IND_BOILER,MW
2035-06-01 01:00:00,XY,10443.5,CE,IND_BOILER,MW
2035-06-02 02:00:00,XY,7490.0,CE,IND_BOILER,MW
2035-06-03 03:00:00,XY,5618.9,CE,IND_BOILER,MW
2035-06-04 04:00:00,XY,9527.1,CE,IND_BOILER,MW
2035-06-05 05:00:00,XY,10711.3,CE,IND_BOILER,MW
2035-06-06 06:00:00,XY,10649.8,CE,IND_BOILER,MW
2035-06-07 07:00:00,XY,8719.0,CE,IND_BOILER,MW
2035-06-08 08:00:00,XY,6415.6,CE,IND_BOILER,MW
2035-06-09 09:00:00,XY,6520.0,CE,IND_BOILER,MW
2035-06-10 10:00:00,XY,10864.0,CE,IND_BOILER,MW
2035-06-11 11:00:00,XY,9115.0,CE,IND_BOILER,MW
2035-06-12 12:00:00,XY,9643.0,CE,IND_BOILER,MW
2035-06-13 13:00:00,XY,9511.0,CE,IND_BOILER,MW
2035-06-14 14:00:00,XY,8719.0,CE,IND_BOILER,MW
2035-06-15 15:00:00,XY,6199.5,CE,IND_BOILER,MW
2035-06-16 16:00:00,XY,6475.0,CE,IND_BOILER,MW
2035-06-17 17:00:00,XY,9278.0,CE,IND_BOILER,MW
2035-06-18 18:00:00,XY,9383.2,CE,IND_BOILER,MW
2035-06-19 19:00:00,XY,13176.0,CE,IND_BOILER,MW
2035-06-20 20:00:00,XY,13176.0,CE,IND_BOILER,MW
2035-06-21 21:00:00,XY,12993.0,CE,IND_BOILER,MW
2035-06-22 22:00:00,XY,11773.0,CE,IND_BOILER,MW
2035-06-23 23:00:00,XY,11895.0,CE,IND_BOILER,MW
2035-06-25 00:00:00,XY,12688.0,CE,IND_BOILER,MW
2035-06-26 01:00:00,XY,12139.0,CE,IND_BOILER,MW
2035-06-27 02:00:00,XY,11895.0,CE,IND_BOILER,MW
2035-06-28 03:00:00,XY,11346.0,CE,IND_BOILER,MW
2035-06-29 04:00:00,XY,8841.1,CE,IND_BOILER,MW
2035-06-30 05:00:00,XY,7166.4,CE,IND_BOILER,MW
2035-07-01 06:00:00,XY,8314.4,CE,IND_BOILER,MW
2035-07-02 07:00:00,XY,8337.4,CE,IND_BOILER,MW
2035-07-03 08:00:00,XY,8656.2,CE,IND_BOILER,MW
2035-07-04 09:00:00,XY,9115.0,CE,IND_BOILER,MW
2035-07-05 10:00:00,XY,8719.0,CE,IND_BOILER,MW
2035-07-06 11:00:00,XY,6211.0,CE,IND_BOILER,MW
2035-07-07 12:00:00,XY,6475.0,CE,IND_BOILER,MW
2035-07-08 13:00:00,XY,8851.0,CE,IND_BOILER,MW
2035-07-09 14:00:00,XY,9115.0,CE,IND_BOILER,MW
2035-07-10 15:00:00,XY,9643.0,CE,IND_BOILER,MW
2035-07-11 16:00:00,XY,9511.0,CE,IND_BOILER,MW
2035-07-12 17:00:00,XY,8719.0,CE,IND_BOILER,MW
2035-07-13 18:00:00,XY,6211.0,CE,IND_BOILER,MW
2035-07-14 19:00:00,XY,6475.0,CE,IND_BOILER,MW
2035-07-15 20:00:00,XY,12993.0,CE,IND_BOILER,MW
2035-07-16 21:00:00,XY,12261.9,CE,IND_BOILER,MW
2035-07-17 22:00:00,XY,13176.0,CE,IND_BOILER,MW
2035-07-18 23:00:00,XY,13176.0,CE,IND_BOILER,MW
2035-07-20 00:00:00,XY,12505.0,CE,IND_BOILER,MW
2035-07-21 01:00:00,XY,8100.0,CE,IND_BOILER,MW
2035-07-22 02:00:00,XY,5307.0,CE,IND_BOILER,MW
2035-07-23 03:00:00,XY,5368.0,CE,IND_BOILER,MW
2035-07-24 04:00:00,XY,5652.6,CE,IND_BOILER,MW
2035-07-25 05:00:00,XY,6893.9,CE,IND_BOILER,MW
2035-07-26 06:00:00,XY,7064.3,CE,IND_BOILER,MW
2035-07-27 07:00:00,XY,5887.9,CE,IND_BOILER,MW
2035-07-28 08:00:00,XY,8475.3,CE,IND_BOILER,MW
2035-07-29 09:00:00,XY,10388.5,CE,IND_BOILER,MW
2035-07-30 10:00:00,XY,9071.7,CE,IND_BOILER,MW
2035-07-31 11:00:00,XY,9643.0,CE,IND_BOILER,MW
2035-08-01 12:00:00,XY,9065.4,CE,IND_BOILER,MW
2035-08-02 13:00:00,XY,8250.7,CE,IND_BOILER,MW
2035-08-03 14:00:00,XY,5681.0,CE,IND_BOILER,MW
2035-08-04 15:00:00,XY,6475.0,CE,IND_BOILER,MW
2035-08-05 16:00:00,XY,8851.0,CE,IND_BOILER,MW
2035-08-06 17:00:00,XY,9115.0,CE,IND_BOILER,MW
2035-08-07 18:00:00,XY,9782.5,CE,IND_BOILER,MW
2035-08-08 19:00:00,XY,13060.2,CE,IND_BOILER,MW
2035-08-09 20:00:00,XY,12932.0,CE,IND_BOILER,MW
2035-08-10 21:00:00,XY,6484.7,CE,IND_BOILER,MW
2035-08-11 22:00:00,XY,9127.2,CE,IND_BOILER,MW
2035-08-12 23:00:00,XY,12079.5,CE,IND_BOILER,MW
2035-08-14 00:00:00,XY,12871.0,CE,IND_BOILER,MW
2035-08-15 01:00:00,XY,10145.6,CE,IND_BOILER,MW
2035-08-16 02:00:00,XY,6275.9,CE,IND_BOILER,MW
2035-08-17 03:00:00,XY,5185.0,CE,IND_BOILER,MW
2035-08-18 04:00:00,XY,4819.0,CE,IND_BOILER,MW
2035-08-19 05:00:00,XY,5131.3,CE,IND_BOILER,MW
2035-08-20 06:00:00,XY,8338.2,CE,IND_BOILER,MW
2035-08-21 07:00:00,XY,9499.6,CE,IND_BOILER,MW
2035-08-22 08:00:00,XY,10520.2,CE,IND_BOILER,MW
2035-08-23 09:00:00,XY,8648.6,CE,IND_BOILER,MW
2035-08-24 10:00:00,XY,6211.0,CE,IND_BOILER,MW
2035-08-25 11:00:00,XY,6345.5,CE,IND_BOILER,MW
2035-08-26 12:00:00,XY,8851.0,CE,IND_BOILER,MW
2035-08-27 13:00:00,XY,9042.5,CE,IND_BOILER,MW
2035-08-28 14:00:00,XY,9643.0,CE,IND_BOILER,MW
2035-08-29 15:00:00,XY,9511.0,CE,IND_BOILER,MW
2035-08-30 16:00:00,XY,8879.7,CE,IND_BOILER,MW
2035-08-31 17:00:00,XY,6211.0,CE,IND_BOILER,MW
2035-09-01 18:00:00,XY,6594.2,CE,IND_BOILER,MW
2035-09-02 19:00:00,XY,12993.0,CE,IND_BOILER,MW
2035-09-03 20:00:00,XY,13031.8,CE,IND_BOILER,MW
2035-09-04 21:00:00,XY,13176.0,CE,IND_BOILER,MW
2035-09-05 22:00:00,XY,13176.0,CE,IND_BOILER,MW
2035-09-06 23:00:00,XY,11539.2,CE,IND_BOILER,MW
2035-09-08 00:00:00,XY,8097.3,CE,IND_BOILER,MW
2035-09-09 01:00:00,XY,7309.6,CE,IND_BOILER,MW
2035-09-10 02:00:00,XY,5990.4,CE,IND_BOILER,MW
2035-09-11 03:00:00,XY,5778.0,CE,IND_BOILER,MW
2035-09-12 04:00:00,XY,5551.0,CE,IND_BOILER,MW
2035-09-13 05:00:00,XY,7014.8,CE,IND_BOILER,MW
2035-09-14 06:00:00,XY,5124.0,CE,IND_BOILER,MW
2035-09-15 07:00:00,XY,6000.2,CE,IND_BOILER,MW
2035-09-16 08:00:00,XY,7399.0,CE,IND_BOILER,MW
2035-09-17 09:00:00,XY,8323.0,CE,IND_BOILER,MW
2035-09-18 10:00:00,XY,9511.0,CE,IND_BOILER,MW
2035-09-19 11:00:00,XY,9379.0,CE,IND_BOILER,MW
2035-09-20 12:00:00,XY,8719.0,CE,IND_BOILER,MW
2035-09-21 13:00:00,XY,6211.0,CE,IND_BOILER,MW
2035-09-22 14:00:00,XY,6475.0,CE,IND_BOILER,MW
2035-09-23 15:00:00,XY,12993.0,CE,IND_BOILER,MW
2035-09-24 16:00:00,XY,11185.2,CE,IND_BOILER,MW
2035-09-25 17:00:00,XY,11931.4,CE,IND_BOILER,MW
2035-09-26 18:00:00,XY,13176.0,CE,IND_BOILER,MW
2035-09-27 19:00:00,XY,12932.0,CE,IND_BOILER,MW
2035-09-28 20:00:00,XY,11773.0,CE,IND_BOILER,MW
2035-09-29 21:00:00,XY,11895.0,CE,IND_BOILER,MW
2035-09-30 22:00:00,XY,12993.0,CE,IND_BOILER,MW
2035-10-01 23:00:00,XY,13115.0,CE,IND_BOILER,MW
2035-10-03 00:00:00,XY,10593.1,CE,IND_BOILER,MW
2035-10-04 01:00:00,XY,7291.7,CE,IND_BOILER,MW
2035-10-05 02:00:00,XY,5490.0,CE,IND_BOILER,MW
2035-10-06 03:00:00,XY,4941.0,CE,IND_BOILER,MW
2035-10-07 04:00:00,XY,4941.0,CE,IND_BOILER,MW
2035-10-08 05:00:00,XY,5368.0,CE,IND_BOILER,MW
2035-10-09 06:00:00,XY,6343.0,CE,IND_BOILER,MW
2035-10-10 07:00:00,XY,8420.6,CE,IND_BOILER,MW
2035-10-11 08:00:00,XY,7663.0,CE,IND_BOILER,MW
2035-10-12 09:00:00,XY,6343.0,CE,IND_BOILER,MW
2035-10-13 10:00:00,XY,6607.0,CE,IND_BOILER,MW
2035-10-14 11:00:00,XY,8983.0,CE,IND_BOILER,MW
2035-10-15 12:00:00,XY,9247.0,CE,IND_BOILER,MW
2035-10-16 13:00:00,XY,9775.0,CE,IND_BOILER,MW
2035-10-17 14:00:00,XY,9643.0,CE,IND_BOILER,MW
2035-10-18 15:00:00,XY,8851.0,CE,IND_BOILER,MW
2035-10-19 16:00:00,XY,6343.0,CE,IND_BOILER,MW
2035-10-20 17:00:00,XY,6607.0,CE,IND_BOILER,MW
2035-10-21 18:00:00,XY,13054.0,CE,IND_BOILER,MW
2035-10-22 19:00:00,XY,13176.0,CE,IND_BOILER,MW
2035-10-23 20:00:00,XY,13176.0,CE,IND_BOILER,MW
2035-10-24 21:00:00,XY,13012.6,CE,IND_BOILER,MW
2035-10-25 22:00:00,XY,10852.5,CE,IND_BOILER,MW
2035-10-26 23:00:00,XY,6470.4,CE,IND_BOILER,MW
2035-10-28 00:00:00,XY,6607.0,CE,IND_BOILER,MW
2035-10-29 01:00:00,XY,6722.0,CE,IND_BOILER,MW
2035-10-30 02:00:00,XY,6211.0,CE,IND_BOILER,MW
2035-10-31 03:00:00,XY,5947.0,CE,IND_BOILER,MW
2035-11-01 04:00:00,XY,5307.0,CE,IND_BOILER,MW
2035-11-02 05:00:00,XY,4880.0,CE,IND_BOILER,MW
2035-11-03 06:00:00,XY,5246.0,CE,IND_BOILER,MW
2035-11-04 07:00:00,XY,6627.6,CE,IND_BOILER,MW
2035-11-05 08:00:00,XY,7769.7,CE,IND_BOILER,MW
2035-11-06 09:00:00,XY,9334.0,CE,IND_BOILER,MW
2035-11-07 10:00:00,XY,9511.0,CE,IND_BOILER,MW
2035-11-08 11:00:00,XY,8851.0,CE,IND_BOILER,MW
2035-11-09 12:00:00,XY,5826.4,CE,IND_BOILER,MW
2035-11-10 13:00:00,XY,6077.0,CE,IND_BOILER,MW
2035-11-11 14:00:00,XY,8654.4,CE,IND_BOILER,MW
2035-11-12 15:00:00,XY,9247.0,CE,IND_BOILER,MW
2035-11-13 16:00:00,XY,9775.0,CE,IND_BOILER,MW
2035-11-14 17:00:00,XY,9643.0,CE,IND_BOILER,MW
2035-11-15 18:00:00,XY,11381.1,CE,IND_BOILER,MW
2035-11-16 19:00:00,XY,8269.1,CE,IND_BOILER,MW
2035-11-17 20:00:00,XY,6763.6,CE,IND_BOILER,MW
2035-11-18 21:00:00,XY,13054.0,CE,IND_BOILER,MW
2035-11-19 22:00:00,XY,9490.1,CE,IND_BOILER,MW
2035-11-20 23:00:00,XY,9775.0,CE,IND_BOILER,MW
2035-11-22 00:00:00,XY,8587.0,CE,IND_BOILER,MW
2035-11-23 01:00:00,XY,6588.1,CE,IND_BOILER,MW
2035-11-24 02:00:00,XY,5307.0,CE,IND_BOILER,MW
2035-11-25 03:00:00,XY,5124.0,CE,IND_BOILER,MW
2035-11-26 04:00:00,XY,5307.0,CE,IND_BOILER,MW
2035-11-27 05:00:00,XY,5815.0,CE,IND_BOILER,MW
2035-11-28 06:00:00,XY,6607.0,CE,IND_BOILER,MW
2035-11-29 07:00:00,XY,6871.0,CE,IND_BOILER,MW
2035-11-30 08:00:00,XY,6343.0,CE,IND_BOILER,MW
2035-12-01 09:00:00,XY,6739.0,CE,IND_BOILER,MW
2035-12-02 10:00:00,XY,8983.0,CE,IND_BOILER,MW
2035-12-03 11:00:00,XY,9379.0,CE,IND_BOILER,MW
2035-12-04 12:00:00,XY,9836.1,CE,IND_BOILER,MW
2035-12-05 13:00:00,XY,9245.0,CE,IND_BOILER,MW
2035-12-06 14:00:00,XY,8576.2,CE,IND_BOILER,MW
2035-12-07 15:00:00,XY,6313.9,CE,IND_BOILER,MW
2035-12-08 16:00:00,XY,6739.0,CE,IND_BOILER,MW
2035-12-09 17:00:00,XY,10234.7,CE,IND_BOILER,MW
2035-12-10 18:00:00,XY,12280.9,CE,IND_BOILER,MW
2035-12-11 19:00:00,XY,13176.0,CE,IND_BOILER,MW
2035-12-12 20:00:00,XY,11934.8,CE,IND_BOILER,MW
2035-12-13 21:00:00,XY,8983.0,CE,IND_BOILER,MW
2035-12-14 22:00:00,XY,6475.0,CE,IND_BOILER,MW
2035-12-15 23:00:00,XY,6739.0,CE,IND_BOILER,MW
2035-12-17 00:00:00,XY,8455.0,CE,IND_BOILER,MW
2035-12-18 01:00:00,XY,7267.0,CE,IND_BOILER,MW
2035-12-19 02:00:00,XY,6739.0,CE,IND_BOILER,MW
2035-12-20 03:00:00,XY,5551.0,CE,IND_BOILER,MW
2035-12-21 04:00:00,XY,5185.0,CE,IND_BOILER,MW
2035-12-22 05:00:00,XY,5063.0,CE,IND_BOILER,MW
2035-12-23 06:00:00,XY,6054.1,CE,IND_BOILER,MW
2035-12-24 07:00:00,XY,7137.0,CE,IND_BOILER,MW
2035-12-25 08:00:00,XY,8580.0,CE,IND_BOILER,MW
2035-12-26 09:00:00,XY,9665.9,CE,IND_BOILER,MW
2035-12-27 10:00:00,XY,8983.0,CE,IND_BOILER,MW
2035-12-28 11:00:00,XY,6475.0,CE,IND_BOILER,MW
2035-12-29 12:00:00,XY,6209.0,CE,IND_BOILER,MW
2035-12-30 13:00:00,XY,8741.8,CE,IND_BOILER,MW
2035-12-31 14:00:00,XY,9065.1,CE,IND_BOILER,MW
2036-01-01 15:00:00,XY,10039.0,CE,IND_BOILER,MW
2035-01-01 00:00:00,XY,674.1,NR,EIDT,MW
2035-01-02 01:00:00,XY,674.1,NR,EIDT,MW
2035-01-03 02:00:00,XY,674.1,NR,EIDT,MW
2035-01-04 03:00:00,XY,674.1,NR,EIDT,MW
2035-01-05 04:00:00,XY,661.5,NR,EIDT,MW
2035-01-06 05:00:00,XY,674.1,NR,EIDT,MW
2035-01-07 06:00:00,XY,674.1,NR,EIDT,MW
2035-01-08 07:00:00,XY,674.1,NR,EIDT,MW
2035-01-09 08:00:00,XY,674.1,NR,EIDT,MW
2035-01-10 09:00:00,XY,674.1,NR,EIDT,MW
2035-01-11 10:00:00,XY,674.1,NR,EIDT,MW
2035-01-12 11:00:00,XY,674.1,NR,EIDT,MW
2035-01-13 12:00:00,XY,674.1,NR,EIDT,MW
2035-01-14 13:00:00,XY,674.1,NR,EIDT,MW
2035-01-15 14:00:00,XY,674.1,NR,EIDT,MW
2035-01-16 15:00:00,XY,674.1,NR,EIDT,MW
2035-01-17 16:00:00,XY,674.1,NR,EIDT,MW
2035-01-18 17:00:00,XY,674.1,NR,EIDT,MW
2035-01-19 18:00:00,XY,674.1,NR,EIDT,MW
2035-01-20 19:00:00,XY,496.4,NR,EIDT,MW
2035-01-21 20:00:00,XY,652.7,NR,EIDT,MW
2035-01-22 21:00:00,XY,674.1,NR,EIDT,MW
2035-01-23 22:00:00,XY,674.1,NR,EIDT,MW
2035-01-24 23:00:00,XY,674.1,NR,EIDT,MW
2035-01-26 00:00:00,XY,655.2,NR,EIDT,MW
2035-01-27 01:00:00,XY,617.4,NR,EIDT,MW
2035-01-28 02:00:00,XY,623.7,NR,EIDT,MW
2035-01-29 03:00:00,XY,636.3,NR,EIDT,MW
2035-01-30 04:00:00,XY,661.5,NR,EIDT,MW
2035-01-31 05:00:00,XY,655.2,NR,EIDT,MW
2035-02-01 06:00:00,XY,648.9,NR,EIDT,MW
2035-02-02 07:00:00,XY,674.1,NR,EIDT,MW
2035-02-03 08:00:00,XY,674.1,NR,EIDT,MW
2035-02-04 09:00:00,XY,674.1,NR,EIDT,MW
2035-02-05 10:00:00,XY,674.1,NR,EIDT,MW
2035-02-06 11:00:00,XY,674.1,NR,EIDT,MW
2035-02-07 12:00:00,XY,674.1,NR,EIDT,MW
2035-02-08 13:00:00,XY,674.1,NR,EIDT,MW
2035-02-09 14:00:00,XY,674.1,NR,EIDT,MW
2035-02-10 15:00:00,XY,674.1,NR,EIDT,MW
2035-02-11 16:00:00,XY,674.1,NR,EIDT,MW
2035-02-12 17:00:00,XY,674.1,NR,EIDT,MW
2035-02-13 18:00:00,XY,674.1,NR,EIDT,MW
2035-02-14 19:00:00,XY,674.1,NR,EIDT,MW
2035-02-15 20:00:00,XY,674.1,NR,EIDT,MW
2035-02-16 21:00:00,XY,674.1,NR,EIDT,MW
2035-02-17 22:00:00,XY,674.1,NR,EIDT,MW
2035-02-18 23:00:00,XY,674.1,NR,EIDT,MW
2035-02-20 00:00:00,XY,674.1,NR,EIDT,MW
2035-02-21 01:00:00,XY,661.5,NR,EIDT,MW
2035-02-22 02:00:00,XY,604.8,NR,EIDT,MW
2035-02-23 03:00:00,XY,567.0,NR,EIDT,MW
2035-02-24 04:00:00,XY,585.9,NR,EIDT,MW
2035-02-25 05:00:00,XY,648.9,NR,EIDT,MW
2035-02-26 06:00:00,XY,674.1,NR,EIDT,MW
2035-02-27 07:00:00,XY,674.1,NR,EIDT,MW
2035-02-28 08:00:00,XY,674.1,NR,EIDT,MW
2035-03-01 09:00:00,XY,674.1,NR,EIDT,MW
2035-03-02 10:00:00,XY,674.1,NR,EIDT,MW
2035-03-03 11:00:00,XY,674.1,NR,EIDT,MW
2035-03-04 12:00:00,XY,674.1,NR,EIDT,MW
2035-03-05 13:00:00,XY,674.1,NR,EIDT,MW
2035-03-06 14:00:00,XY,674.1,NR,EIDT,MW
2035-03-07 15:00:00,XY,674.1,NR,EIDT,MW
2035-03-08 16:00:00,XY,674.1,NR,EIDT,MW
2035-03-09 17:00:00,XY,674.1,NR,EIDT,MW
2035-03-10 18:00:00,XY,674.1,NR,EIDT,MW
2035-03-11 19:00:00,XY,674.1,NR,EIDT,MW
2035-03-12 20:00:00,XY,674.1,NR,EIDT,MW
2035-03-13 21:00:00,XY,674.1,NR,EIDT,MW
2035-03-14 22:00:00,XY,674.1,NR,EIDT,MW
2035-03-15 23:00:00,XY,667.8,NR,EIDT,MW
2035-03-17 00:00:00,XY,655.2,NR,EIDT,MW
2035-03-18 01:00:00,XY,642.6,NR,EIDT,MW
2035-03-19 02:00:00,XY,636.3,NR,EIDT,MW
2035-03-20 03:00:00,XY,636.3,NR,EIDT,MW
2035-03-21 04:00:00,XY,617.4,NR,EIDT,MW
2035-03-22 05:00:00,XY,592.2,NR,EIDT,MW
2035-03-23 06:00:00,XY,642.6,NR,EIDT,MW
2035-03-24 07:00:00,XY,674.1,NR,EIDT,MW
2035-03-25 08:00:00,XY,674.1,NR,EIDT,MW
2035-03-26 09:00:00,XY,674.1,NR,EIDT,MW
2035-03-27 10:00:00,XY,674.1,NR,EIDT,MW
2035-03-28 11:00:00,XY,674.1,NR,EIDT,MW
2035-03-29 12:00:00,XY,667.8,NR,EIDT,MW
2035-03-30 13:00:00,XY,674.1,NR,EIDT,MW
2035-03-31 14:00:00,XY,674.1,NR,EIDT,MW
2035-04-01 15:00:00,XY,674.1,NR,EIDT,MW
2035-04-02 16:00:00,XY,674.1,NR,EIDT,MW
2035-04-03 17:00:00,XY,515.3,NR,EIDT,MW
2035-04-04 18:00:00,XY,477.5,NR,EIDT,MW
2035-04-05 19:00:00,XY,661.5,NR,EIDT,MW
2035-04-06 20:00:00,XY,674.1,NR,EIDT,MW
2035-04-07 21:00:00,XY,483.8,NR,EIDT,MW
2035-04-08 22:00:00,XY,652.7,NR,EIDT,MW
2035-04-09 23:00:00,XY,674.1,NR,EIDT,MW
2035-04-11 00:00:00,XY,674.1,NR,EIDT,MW
2035-04-12 01:00:00,XY,617.4,NR,EIDT,MW
2035-04-13 02:00:00,XY,567.0,NR,EIDT,MW
2035-04-14 03:00:00,XY,560.7,NR,EIDT,MW
2035-04-15 04:00:00,XY,604.8,NR,EIDT,MW
2035-04-16 05:00:00,XY,661.5,NR,EIDT,MW
2035-04-17 06:00:00,XY,674.1,NR,EIDT,MW
2035-04-18 07:00:00,XY,674.1,NR,EIDT,MW
2035-04-19 08:00:00,XY,661.5,NR,EIDT,MW
2035-04-20 09:00:00,XY,674.1,NR,EIDT,MW
2035-04-21 10:00:00,XY,674.1,NR,EIDT,MW
2035-04-22 11:00:00,XY,674.1,NR,EIDT,MW
2035-04-23 12:00:00,XY,674.1,NR,EIDT,MW
2035-04-24 13:00:00,XY,674.1,NR,EIDT,MW
2035-04-25 14:00:00,XY,674.1,NR,EIDT,MW
2035-04-26 15:00:00,XY,661.5,NR,EIDT,MW
2035-04-27 16:00:00,XY,674.1,NR,EIDT,MW
2035-04-28 17:00:00,XY,477.5,NR,EIDT,MW
2035-04-29 18:00:00,XY,490.1,NR,EIDT,MW
2035-04-30 19:00:00,XY,515.3,NR,EIDT,MW
2035-05-01 20:00:00,XY,502.7,NR,EIDT,MW
2035-05-02 21:00:00,XY,471.2,NR,EIDT,MW
2035-05-03 22:00:00,XY,345.2,NR,EIDT,MW
2035-05-04 23:00:00,XY,364.1,NR,EIDT,MW
2035-05-06 00:00:00,XY,674.1,NR,EIDT,MW
2035-05-07 01:00:00,XY,655.2,NR,EIDT,MW
2035-05-08 02:00:00,XY,642.6,NR,EIDT,MW
2035-05-09 03:00:00,XY,598.5,NR,EIDT,MW
2035-05-10 04:00:00,XY,554.4,NR,EIDT,MW
2035-05-11 05:00:00,XY,592.2,NR,EIDT,MW
2035-05-12 06:00:00,XY,667.8,NR,EIDT,MW
2035-05-13 07:00:00,XY,408.2,NR,EIDT,MW
2035-05-14 08:00:00,XY,674.1,NR,EIDT,MW
2035-05-15 09:00:00,XY,674.1,NR,EIDT,MW
2035-05-16 10:00:00,XY,674.1,NR,EIDT,MW
2035-05-17 11:00:00,XY,655.2,NR,EIDT,MW
2035-05-18 12:00:00,XY,667.8,NR,EIDT,MW
2035-05-19 13:00:00,XY,674.1,NR,EIDT,MW
2035-05-20 14:00:00,XY,674.1,NR,EIDT,MW
2035-05-21 15:00:00,XY,509.0,NR,EIDT,MW
2035-05-22 16:00:00,XY,502.7,NR,EIDT,MW
2035-05-23 17:00:00,XY,464.9,NR,EIDT,MW
2035-05-24 18:00:00,XY,345.2,NR,EIDT,MW
2035-05-25 19:00:00,XY,357.8,NR,EIDT,MW
2035-05-26 20:00:00,XY,471.2,NR,EIDT,MW
2035-05-27 21:00:00,XY,483.8,NR,EIDT,MW
2035-05-28 22:00:00,XY,509.0,NR,EIDT,MW
2035-05-29 23:00:00,XY,452.3,NR,EIDT,MW
2035-05-31 00:00:00,XY,655.2,NR,EIDT,MW
2035-06-01 01:00:00,XY,585.9,NR,EIDT,MW
2035-06-02 02:00:00,XY,567.0,NR,EIDT,MW
2035-06-03 03:00:00,XY,585.9,NR,EIDT,MW
2035-06-04 04:00:00,XY,623.7,NR,EIDT,MW
2035-06-05 05:00:00,XY,661.5,NR,EIDT,MW
2035-06-06 06:00:00,XY,667.8,NR,EIDT,MW
2035-06-07 07:00:00,XY,674.1,NR,EIDT,MW
2035-06-08 08:00:00,XY,648.9,NR,EIDT,MW
2035-06-09 09:00:00,XY,661.5,NR,EIDT,MW
2035-06-10 10:00:00,XY,674.1,NR,EIDT,MW
2035-06-11 11:00:00,XY,674.1,NR,EIDT,MW
2035-06-12 12:00:00,XY,674.1,NR,EIDT,MW
2035-06-13 13:00:00,XY,674.1,NR,EIDT,MW
2035-06-14 14:00:00,XY,674.1,NR,EIDT,MW
2035-06-15 15:00:00,XY,648.9,NR,EIDT,MW
2035-06-16 16:00:00,XY,661.5,NR,EIDT,MW
2035-06-17 17:00:00,XY,674.1,NR,EIDT,MW
2035-06-18 18:00:00,XY,674.1,NR,EIDT,MW
2035-06-19 19:00:00,XY,502.7,NR,EIDT,MW
2035-06-20 20:00:00,XY,496.4,NR,EIDT,MW
2035-06-21 21:00:00,XY,464.9,NR,EIDT,MW
2035-06-22 22:00:00,XY,338.9,NR,EIDT,MW
2035-06-23 23:00:00,XY,351.5,NR,EIDT,MW
2035-06-25 00:00:00,XY,433.4,NR,EIDT,MW
2035-06-26 01:00:00,XY,376.7,NR,EIDT,MW
2035-06-27 02:00:00,XY,351.5,NR,EIDT,MW
2035-06-28 03:00:00,XY,294.8,NR,EIDT,MW
2035-06-29 04:00:00,XY,567.0,NR,EIDT,MW
2035-06-30 05:00:00,XY,554.4,NR,EIDT,MW
2035-07-01 06:00:00,XY,623.7,NR,EIDT,MW
2035-07-02 07:00:00,XY,667.8,NR,EIDT,MW
2035-07-03 08:00:00,XY,674.1,NR,EIDT,MW
2035-07-04 09:00:00,XY,674.1,NR,EIDT,MW
2035-07-05 10:00:00,XY,674.1,NR,EIDT,MW
2035-07-06 11:00:00,XY,648.9,NR,EIDT,MW
2035-07-07 12:00:00,XY,661.5,NR,EIDT,MW
2035-07-08 13:00:00,XY,674.1,NR,EIDT,MW
2035-07-09 14:00:00,XY,674.1,NR,EIDT,MW
2035-07-10 15:00:00,XY,674.1,NR,EIDT,MW
2035-07-11 16:00:00,XY,674.1,NR,EIDT,MW
2035-07-12 17:00:00,XY,674.1,NR,EIDT,MW
2035-07-13 18:00:00,XY,648.9,NR,EIDT,MW
2035-07-14 19:00:00,XY,661.5,NR,EIDT,MW
2035-07-15 20:00:00,XY,464.9,NR,EIDT,MW
2035-07-16 21:00:00,XY,674.1,NR,EIDT,MW
2035-07-17 22:00:00,XY,502.7,NR,EIDT,MW
2035-07-18 23:00:00,XY,496.4,NR,EIDT,MW
2035-07-20 00:00:00,XY,671.4,NR,EIDT,MW
2035-07-21 01:00:00,XY,630.0,NR,EIDT,MW
2035-07-22 02:00:00,XY,592.2,NR,EIDT,MW
2035-07-23 03:00:00,XY,598.5,NR,EIDT,MW
2035-07-24 04:00:00,XY,611.1,NR,EIDT,MW
2035-07-25 05:00:00,XY,630.0,NR,EIDT,MW
2035-07-26 06:00:00,XY,630.0,NR,EIDT,MW
2035-07-27 07:00:00,XY,617.4,NR,EIDT,MW
2035-07-28 08:00:00,XY,661.5,NR,EIDT,MW
2035-07-29 09:00:00,XY,674.1,NR,EIDT,MW
2035-07-30 10:00:00,XY,674.1,NR,EIDT,MW
2035-07-31 11:00:00,XY,674.1,NR,EIDT,MW
2035-08-01 12:00:00,XY,674.1,NR,EIDT,MW
2035-08-02 13:00:00,XY,674.1,NR,EIDT,MW
2035-08-03 14:00:00,XY,648.9,NR,EIDT,MW
2035-08-04 15:00:00,XY,661.5,NR,EIDT,MW
2035-08-05 16:00:00,XY,674.1,NR,EIDT,MW
2035-08-06 17:00:00,XY,674.1,NR,EIDT,MW
2035-08-07 18:00:00,XY,674.1,NR,EIDT,MW
2035-08-08 19:00:00,XY,674.1,NR,EIDT,MW
2035-08-09 20:00:00,XY,458.6,NR,EIDT,MW
2035-08-10 21:00:00,XY,648.9,NR,EIDT,MW
2035-08-11 22:00:00,XY,661.5,NR,EIDT,MW
2035-08-12 23:00:00,XY,674.1,NR,EIDT,MW
2035-08-14 00:00:00,XY,452.3,NR,EIDT,MW
2035-08-15 01:00:00,XY,674.1,NR,EIDT,MW
2035-08-16 02:00:00,XY,636.3,NR,EIDT,MW
2035-08-17 03:00:00,XY,579.6,NR,EIDT,MW
2035-08-18 04:00:00,XY,541.8,NR,EIDT,MW
2035-08-19 05:00:00,XY,560.7,NR,EIDT,MW
2035-08-20 06:00:00,XY,623.7,NR,EIDT,MW
2035-08-21 07:00:00,XY,674.1,NR,EIDT,MW
2035-08-22 08:00:00,XY,674.1,NR,EIDT,MW
2035-08-23 09:00:00,XY,674.1,NR,EIDT,MW
2035-08-24 10:00:00,XY,648.9,NR,EIDT,MW
2035-08-25 11:00:00,XY,661.5,NR,EIDT,MW
2035-08-26 12:00:00,XY,674.1,NR,EIDT,MW
2035-08-27 13:00:00,XY,674.1,NR,EIDT,MW
2035-08-28 14:00:00,XY,674.1,NR,EIDT,MW
2035-08-29 15:00:00,XY,674.1,NR,EIDT,MW
2035-08-30 16:00:00,XY,674.1,NR,EIDT,MW
2035-08-31 17:00:00,XY,648.9,NR,EIDT,MW
2035-09-01 18:00:00,XY,661.5,NR,EIDT,MW
2035-09-02 19:00:00,XY,464.9,NR,EIDT,MW
2035-09-03 20:00:00,XY,674.1,NR,EIDT,MW
2035-09-04 21:00:00,XY,502.7,NR,EIDT,MW
2035-09-05 22:00:00,XY,490.1,NR,EIDT,MW
2035-09-06 23:00:00,XY,674.1,NR,EIDT,MW
2035-09-08 00:00:00,XY,648.9,NR,EIDT,MW
2035-09-09 01:00:00,XY,636.3,NR,EIDT,MW
2035-09-10 02:00:00,XY,623.7,NR,EIDT,MW
2035-09-11 03:00:00,XY,617.4,NR,EIDT,MW
2035-09-12 04:00:00,XY,617.4,NR,EIDT,MW
2035-09-13 05:00:00,XY,598.5,NR,EIDT,MW
2035-09-14 06:00:00,XY,573.3,NR,EIDT,MW
2035-09-15 07:00:00,XY,623.7,NR,EIDT,MW
2035-09-16 08:00:00,XY,674.1,NR,EIDT,MW
2035-09-17 09:00:00,XY,674.1,NR,EIDT,MW
2035-09-18 10:00:00,XY,674.1,NR,EIDT,MW
2035-09-19 11:00:00,XY,674.1,NR,EIDT,MW
2035-09-20 12:00:00,XY,674.1,NR,EIDT,MW
2035-09-21 13:00:00,XY,648.9,NR,EIDT,MW
2035-09-22 14:00:00,XY,661.5,NR,EIDT,MW
2035-09-23 15:00:00,XY,652.7,NR,EIDT,MW
2035-09-24 16:00:00,XY,674.1,NR,EIDT,MW
2035-09-25 17:00:00,XY,674.1,NR,EIDT,MW
2035-09-26 18:00:00,XY,496.4,NR,EIDT,MW
2035-09-27 19:00:00,XY,458.6,NR,EIDT,MW
2035-09-28 20:00:00,XY,338.9,NR,EIDT,MW
2035-09-29 21:00:00,XY,652.7,NR,EIDT,MW
2035-09-30 22:00:00,XY,464.9,NR,EIDT,MW
2035-10-01 23:00:00,XY,477.5,NR,EIDT,MW
2035-10-03 00:00:00,XY,674.1,NR,EIDT,MW
2035-10-04 01:00:00,XY,674.1,NR,EIDT,MW
2035-10-05 02:00:00,XY,611.1,NR,EIDT,MW
2035-10-06 03:00:00,XY,554.4,NR,EIDT,MW
2035-10-07 04:00:00,XY,554.4,NR,EIDT,MW
2035-10-08 05:00:00,XY,598.5,NR,EIDT,MW
2035-10-09 06:00:00,XY,655.2,NR,EIDT,MW
2035-10-10 07:00:00,XY,674.1,NR,EIDT,MW
2035-10-11 08:00:00,XY,674.1,NR,EIDT,MW
2035-10-12 09:00:00,XY,655.2,NR,EIDT,MW
2035-10-13 10:00:00,XY,667.8,NR,EIDT,MW
2035-10-14 11:00:00,XY,674.1,NR,EIDT,MW
2035-10-15 12:00:00,XY,674.1,NR,EIDT,MW
2035-10-16 13:00:00,XY,674.1,NR,EIDT,MW
2035-10-17 14:00:00,XY,674.1,NR,EIDT,MW
2035-10-18 15:00:00,XY,674.1,NR,EIDT,MW
2035-10-19 16:00:00,XY,655.2,NR,EIDT,MW
2035-10-20 17:00:00,XY,667.8,NR,EIDT,MW
2035-10-21 18:00:00,XY,471.2,NR,EIDT,MW
2035-10-22 19:00:00,XY,483.8,NR,EIDT,MW
2035-10-23 20:00:00,XY,509.0,NR,EIDT,MW
2035-10-24 21:00:00,XY,674.1,NR,EIDT,MW
2035-10-25 22:00:00,XY,674.1,NR,EIDT,MW
2035-10-26 23:00:00,XY,655.2,NR,EIDT,MW
2035-10-28 00:00:00,XY,667.8,NR,EIDT,MW
2035-10-29 01:00:00,XY,667.8,NR,EIDT,MW
2035-10-30 02:00:00,XY,648.9,NR,EIDT,MW
2035-10-31 03:00:00,XY,636.3,NR,EIDT,MW
2035-11-01 04:00:00,XY,592.2,NR,EIDT,MW
2035-11-02 05:00:00,XY,548.1,NR,EIDT,MW
2035-11-03 06:00:00,XY,585.9,NR,EIDT,MW
2035-11-04 07:00:00,XY,667.8,NR,EIDT,MW
2035-11-05 08:00:00,XY,674.1,NR,EIDT,MW
2035-11-06 09:00:00,XY,674.1,NR,EIDT,MW
2035-11-07 10:00:00,XY,674.1,NR,EIDT,MW
2035-11-08 11:00:00,XY,674.1,NR,EIDT,MW
2035-11-09 12:00:00,XY,655.2,NR,EIDT,MW
2035-11-10 13:00:00,XY,667.8,NR,EIDT,MW
2035-11-11 14:00:00,XY,674.1,NR,EIDT,MW
2035-11-12 15:00:00,XY,674.1,NR,EIDT,MW
2035-11-13 16:00:00,XY,674.1,NR,EIDT,MW
2035-11-14 17:00:00,XY,674.1,NR,EIDT,MW
2035-11-15 18:00:00,XY,674.1,NR,EIDT,MW
2035-11-16 19:00:00,XY,655.2,NR,EIDT,MW
2035-11-17 20:00:00,XY,667.8,NR,EIDT,MW
2035-11-18 21:00:00,XY,471.2,NR,EIDT,MW
2035-11-19 22:00:00,XY,674.1,NR,EIDT,MW
2035-11-20 23:00:00,XY,674.1,NR,EIDT,MW
2035-11-22 00:00:00,XY,674.1,NR,EIDT,MW
2035-11-23 01:00:00,XY,655.2,NR,EIDT,MW
2035-11-24 02:00:00,XY,592.2,NR,EIDT,MW
2035-11-25 03:00:00,XY,573.3,NR,EIDT,MW
2035-11-26 04:00:00,XY,592.2,NR,EIDT,MW
2035-11-27 05:00:00,XY,630.0,NR,EIDT,MW
2035-11-28 06:00:00,XY,667.8,NR,EIDT,MW
2035-11-29 07:00:00,XY,674.1,NR,EIDT,MW
2035-11-30 08:00:00,XY,655.2,NR,EIDT,MW
2035-12-01 09:00:00,XY,674.1,NR,EIDT,MW
2035-12-02 10:00:00,XY,674.1,NR,EIDT,MW
2035-12-03 11:00:00,XY,674.1,NR,EIDT,MW
2035-12-04 12:00:00,XY,674.1,NR,EIDT,MW
2035-12-05 13:00:00,XY,674.1,NR,EIDT,MW
2035-12-06 14:00:00,XY,674.1,NR,EIDT,MW
2035-12-07 15:00:00,XY,661.5,NR,EIDT,MW
2035-12-08 16:00:00,XY,674.1,NR,EIDT,MW
2035-12-09 17:00:00,XY,674.1,NR,EIDT,MW
2035-12-10 18:00:00,XY,674.1,NR,EIDT,MW
2035-12-11 19:00:00,XY,652.7,NR,EIDT,MW
2035-12-12 20:00:00,XY,674.1,NR,EIDT,MW
2035-12-13 21:00:00,XY,674.1,NR,EIDT,MW
2035-12-14 22:00:00,XY,661.5,NR,EIDT,MW
2035-12-15 23:00:00,XY,674.1,NR,EIDT,MW
2035-12-17 00:00:00,XY,674.1,NR,EIDT,MW
2035-12-18 01:00:00,XY,674.1,NR,EIDT,MW
2035-12-19 02:00:00,XY,674.1,NR,EIDT,MW
2035-12-20 03:00:00,XY,617.4,NR,EIDT,MW
2035-12-21 04:00:00,XY,579.6,NR,EIDT,MW
2035-12-22 05:00:00,XY,567.0,NR,EIDT,MW
2035-12-23 06:00:00,XY,636.3,NR,EIDT,MW
2035-12-24 07:00:00,XY,674.1,NR,EIDT,MW
2035-12-25 08:00:00,XY,674.1,NR,EIDT,MW
2035-12-26 09:00:00,XY,674.1,NR,EIDT,MW
2035-12-27 10:00:00,XY,674.1,NR,EIDT,MW
2035-12-28 11:00:00,XY,661.5,NR,EIDT,MW
2035-12-29 12:00:00,XY,674.1,NR,EIDT,MW
2035-12-30 13:00:00,XY,674.1,NR,EIDT,MW
2035-12-31 14:00:00,XY,674.1,NR,EIDT,MW
2036-01-01 15:00:00,XY,674.1,NR,EIDT,MW
2035-01-01 00:00:00,XY,1471.9,NR,IND_BOILER,MW
2035-01-02 01:00:00,XY,1416.4,NR,IND_BOILER,MW
2035-01-03 02:00:00,XY,1342.4,NR,IND_BOILER,MW
2035-01-04 03:00:00,XY,1323.9,NR,IND_BOILER,MW
2035-01-05 04:00:00,XY,1281.0,NR,IND_BOILER,MW
2035-01-06 05:00:00,XY,1305.4,NR,IND_BOILER,MW
2035-01-07 06:00:00,XY,1434.9,NR,IND_BOILER,MW
2035-01-08 07:00:00,XY,1545.9,NR,IND_BOILER,MW
2035-01-09 08:00:00,XY,1619.9,NR,IND_BOILER,MW
2035-01-10 09:00:00,XY,1601.4,NR,IND_BOILER,MW
2035-01-11 10:00:00,XY,1285.9,NR,IND_BOILER,MW
2035-01-12 11:00:00,XY,1137.9,NR,IND_BOILER,MW
2035-01-13 12:00:00,XY,1174.9,NR,IND_BOILER,MW
2035-01-14 13:00:00,XY,1341.4,NR,IND_BOILER,MW
2035-01-15 14:00:00,XY,1638.4,NR,IND_BOILER,MW
2035-01-16 15:00:00,XY,1786.4,NR,IND_BOILER,MW
2035-01-17 16:00:00,XY,1675.4,NR,IND_BOILER,MW
2035-01-18 17:00:00,XY,1305.4,NR,IND_BOILER,MW
2035-01-19 18:00:00,XY,1342.4,NR,IND_BOILER,MW
2035-01-20 19:00:00,XY,1871.6,NR,IND_BOILER,MW
2035-01-21 20:00:00,XY,1752.3,NR,IND_BOILER,MW
2035-01-22 21:00:00,XY,1804.9,NR,IND_BOILER,MW
2035-01-23 22:00:00,XY,1786.4,NR,IND_BOILER,MW
2035-01-24 23:00:00,XY,1545.9,NR,IND_BOILER,MW
2035-01-26 00:00:00,XY,1268.8,NR,IND_BOILER,MW
2035-01-27 01:00:00,XY,1195.6,NR,IND_BOILER,MW
2035-01-28 02:00:00,XY,1207.8,NR,IND_BOILER,MW
2035-01-29 03:00:00,XY,1232.2,NR,IND_BOILER,MW
2035-01-30 04:00:00,XY,1281.0,NR,IND_BOILER,MW
2035-01-31 05:00:00,XY,1268.8,NR,IND_BOILER,MW
2035-02-01 06:00:00,XY,1256.6,NR,IND_BOILER,MW
2035-02-02 07:00:00,XY,1360.9,NR,IND_BOILER,MW
2035-02-03 08:00:00,XY,1619.9,NR,IND_BOILER,MW
2035-02-04 09:00:00,XY,1730.9,NR,IND_BOILER,MW
2035-02-05 10:00:00,XY,1599.8,NR,IND_BOILER,MW
2035-02-06 11:00:00,XY,1544.9,NR,IND_BOILER,MW
2035-02-07 12:00:00,XY,1433.9,NR,IND_BOILER,MW
2035-02-08 13:00:00,XY,1063.9,NR,IND_BOILER,MW
2035-02-09 14:00:00,XY,1100.9,NR,IND_BOILER,MW
2035-02-10 15:00:00,XY,1452.4,NR,IND_BOILER,MW
2035-02-11 16:00:00,XY,1489.4,NR,IND_BOILER,MW
2035-02-12 17:00:00,XY,1823.4,NR,IND_BOILER,MW
2035-02-13 18:00:00,XY,1804.9,NR,IND_BOILER,MW
2035-02-14 19:00:00,XY,1693.9,NR,IND_BOILER,MW
2035-02-15 20:00:00,XY,1323.9,NR,IND_BOILER,MW
2035-02-16 21:00:00,XY,1360.9,NR,IND_BOILER,MW
2035-02-17 22:00:00,XY,1712.4,NR,IND_BOILER,MW
2035-02-18 23:00:00,XY,1656.9,NR,IND_BOILER,MW
2035-02-20 00:00:00,XY,1490.4,NR,IND_BOILER,MW
2035-02-21 01:00:00,XY,1281.0,NR,IND_BOILER,MW
2035-02-22 02:00:00,XY,1171.2,NR,IND_BOILER,MW
2035-02-23 03:00:00,XY,1098.0,NR,IND_BOILER,MW
2035-02-24 04:00:00,XY,1134.6,NR,IND_BOILER,MW
2035-02-25 05:00:00,XY,1256.6,NR,IND_BOILER,MW
2035-02-26 06:00:00,XY,1434.9,NR,IND_BOILER,MW
2035-02-27 07:00:00,XY,1601.4,NR,IND_BOILER,MW
2035-02-28 08:00:00,XY,1619.9,NR,IND_BOILER,MW
2035-03-01 09:00:00,XY,1305.4,NR,IND_BOILER,MW
2035-03-02 10:00:00,XY,1082.4,NR,IND_BOILER,MW
2035-03-03 11:00:00,XY,1433.9,NR,IND_BOILER,MW
2035-03-04 12:00:00,XY,1452.4,NR,IND_BOILER,MW
2035-03-05 13:00:00,XY,1544.9,NR,IND_BOILER,MW
2035-03-06 14:00:00,XY,1507.9,NR,IND_BOILER,MW
2035-03-07 15:00:00,XY,1396.9,NR,IND_BOILER,MW
2035-03-08 16:00:00,XY,1077.5,NR,IND_BOILER,MW
2035-03-09 17:00:00,XY,1342.4,NR,IND_BOILER,MW
2035-03-10 18:00:00,XY,1675.4,NR,IND_BOILER,MW
2035-03-11 19:00:00,XY,1712.4,NR,IND_BOILER,MW
2035-03-12 20:00:00,XY,1786.4,NR,IND_BOILER,MW
2035-03-13 21:00:00,XY,1767.9,NR,IND_BOILER,MW
2035-03-14 22:00:00,XY,1656.9,NR,IND_BOILER,MW
2035-03-15 23:00:00,XY,1293.2,NR,IND_BOILER,MW
2035-03-17 00:00:00,XY,1268.8,NR,IND_BOILER,MW
2035-03-18 01:00:00,XY,1244.4,NR,IND_BOILER,MW
2035-03-19 02:00:00,XY,1232.2,NR,IND_BOILER,MW
2035-03-20 03:00:00,XY,1232.2,NR,IND_BOILER,MW
2035-03-21 04:00:00,XY,1195.6,NR,IND_BOILER,MW
2035-03-22 05:00:00,XY,1146.8,NR,IND_BOILER,MW
2035-03-23 06:00:00,XY,1244.4,NR,IND_BOILER,MW
2035-03-24 07:00:00,XY,1453.4,NR,IND_BOILER,MW
2035-03-25 08:00:00,XY,1601.4,NR,IND_BOILER,MW
2035-03-26 09:00:00,XY,1749.4,NR,IND_BOILER,MW
2035-03-27 10:00:00,XY,1749.4,NR,IND_BOILER,MW
2035-03-28 11:00:00,XY,1378.4,NR,IND_BOILER,MW
2035-03-29 12:00:00,XY,1033.2,NR,IND_BOILER,MW
2035-03-30 13:00:00,XY,1063.9,NR,IND_BOILER,MW
2035-03-31 14:00:00,XY,1396.9,NR,IND_BOILER,MW
2035-04-01 15:00:00,XY,1693.9,NR,IND_BOILER,MW
2035-04-02 16:00:00,XY,1767.9,NR,IND_BOILER,MW
2035-04-03 17:00:00,XY,1908.2,NR,IND_BOILER,MW
2035-04-04 18:00:00,XY,1835.0,NR,IND_BOILER,MW
2035-04-05 19:00:00,XY,1281.0,NR,IND_BOILER,MW
2035-04-06 20:00:00,XY,1305.4,NR,IND_BOILER,MW
2035-04-07 21:00:00,XY,1847.2,NR,IND_BOILER,MW
2035-04-08 22:00:00,XY,1696.8,NR,IND_BOILER,MW
2035-04-09 23:00:00,XY,1656.9,NR,IND_BOILER,MW
2035-04-11 00:00:00,XY,1360.9,NR,IND_BOILER,MW
2035-04-12 01:00:00,XY,1195.6,NR,IND_BOILER,MW
2035-04-13 02:00:00,XY,1098.0,NR,IND_BOILER,MW
2035-04-14 03:00:00,XY,1085.8,NR,IND_BOILER,MW
2035-04-15 04:00:00,XY,1171.2,NR,IND_BOILER,MW
2035-04-16 05:00:00,XY,1281.0,NR,IND_BOILER,MW
2035-04-17 06:00:00,XY,1416.4,NR,IND_BOILER,MW
2035-04-18 07:00:00,XY,1453.4,NR,IND_BOILER,MW
2035-04-19 08:00:00,XY,1281.0,NR,IND_BOILER,MW
2035-04-20 09:00:00,XY,1305.4,NR,IND_BOILER,MW
2035-04-21 10:00:00,XY,1638.4,NR,IND_BOILER,MW
2035-04-22 11:00:00,XY,1675.4,NR,IND_BOILER,MW
2035-04-23 12:00:00,XY,1720.5,NR,IND_BOILER,MW
2035-04-24 13:00:00,XY,1538.2,NR,IND_BOILER,MW
2035-04-25 14:00:00,XY,1619.9,NR,IND_BOILER,MW
2035-04-26 15:00:00,XY,1281.0,NR,IND_BOILER,MW
2035-04-27 16:00:00,XY,1305.4,NR,IND_BOILER,MW
2035-04-28 17:00:00,XY,1835.0,NR,IND_BOILER,MW
2035-04-29 18:00:00,XY,1859.4,NR,IND_BOILER,MW
2035-04-30 19:00:00,XY,1908.2,NR,IND_BOILER,MW
2035-05-01 20:00:00,XY,1883.8,NR,IND_BOILER,MW
2035-05-02 21:00:00,XY,1822.8,NR,IND_BOILER,MW
2035-05-03 22:00:00,XY,1578.8,NR,IND_BOILER,MW
2035-05-04 23:00:00,XY,1615.4,NR,IND_BOILER,MW
2035-05-06 00:00:00,XY,1305.4,NR,IND_BOILER,MW
2035-05-07 01:00:00,XY,1268.8,NR,IND_BOILER,MW
2035-05-08 02:00:00,XY,1244.4,NR,IND_BOILER,MW
2035-05-09 03:00:00,XY,1159.0,NR,IND_BOILER,MW
2035-05-10 04:00:00,XY,1073.6,NR,IND_BOILER,MW
2035-05-11 05:00:00,XY,1146.8,NR,IND_BOILER,MW
2035-05-12 06:00:00,XY,1293.2,NR,IND_BOILER,MW
2035-05-13 07:00:00,XY,1700.8,NR,IND_BOILER,MW
2035-05-14 08:00:00,XY,1638.4,NR,IND_BOILER,MW
2035-05-15 09:00:00,XY,1712.4,NR,IND_BOILER,MW
2035-05-16 10:00:00,XY,1601.4,NR,IND_BOILER,MW
2035-05-17 11:00:00,XY,1268.8,NR,IND_BOILER,MW
2035-05-18 12:00:00,XY,1293.2,NR,IND_BOILER,MW
2035-05-19 13:00:00,XY,1619.9,NR,IND_BOILER,MW
2035-05-20 14:00:00,XY,1656.9,NR,IND_BOILER,MW
2035-05-21 15:00:00,XY,1896.0,NR,IND_BOILER,MW
2035-05-22 16:00:00,XY,1883.8,NR,IND_BOILER,MW
2035-05-23 17:00:00,XY,1810.6,NR,IND_BOILER,MW
2035-05-24 18:00:00,XY,1578.8,NR,IND_BOILER,MW
2035-05-25 19:00:00,XY,1603.2,NR,IND_BOILER,MW
2035-05-26 20:00:00,XY,1822.8,NR,IND_BOILER,MW
2035-05-27 21:00:00,XY,1847.2,NR,IND_BOILER,MW
2035-05-28 22:00:00,XY,1896.0,NR,IND_BOILER,MW
2035-05-29 23:00:00,XY,1786.2,NR,IND_BOILER,MW
2035-05-31 00:00:00,XY,1268.8,NR,IND_BOILER,MW
2035-06-01 01:00:00,XY,1134.6,NR,IND_BOILER,MW
2035-06-02 02:00:00,XY,1098.0,NR,IND_BOILER,MW
2035-06-03 03:00:00,XY,1134.6,NR,IND_BOILER,MW
2035-06-04 04:00:00,XY,1207.8,NR,IND_BOILER,MW
2035-06-05 05:00:00,XY,1281.0,NR,IND_BOILER,MW
2035-06-06 06:00:00,XY,1293.2,NR,IND_BOILER,MW
2035-06-07 07:00:00,XY,1582.9,NR,IND_BOILER,MW
2035-06-08 08:00:00,XY,1256.6,NR,IND_BOILER,MW
2035-06-09 09:00:00,XY,1281.0,NR,IND_BOILER,MW
2035-06-10 10:00:00,XY,1601.4,NR,IND_BOILER,MW
2035-06-11 11:00:00,XY,1638.4,NR,IND_BOILER,MW
2035-06-12 12:00:00,XY,1712.4,NR,IND_BOILER,MW
2035-06-13 13:00:00,XY,1693.9,NR,IND_BOILER,MW
2035-06-14 14:00:00,XY,1379.3,NR,IND_BOILER,MW
2035-06-15 15:00:00,XY,996.6,NR,IND_BOILER,MW
2035-06-16 16:00:00,XY,1281.0,NR,IND_BOILER,MW
2035-06-17 17:00:00,XY,1601.4,NR,IND_BOILER,MW
2035-06-18 18:00:00,XY,1638.4,NR,IND_BOILER,MW
2035-06-19 19:00:00,XY,1883.8,NR,IND_BOILER,MW
2035-06-20 20:00:00,XY,1871.6,NR,IND_BOILER,MW
2035-06-21 21:00:00,XY,1810.6,NR,IND_BOILER,MW
2035-06-22 22:00:00,XY,1566.6,NR,IND_BOILER,MW
2035-06-23 23:00:00,XY,1591.0,NR,IND_BOILER,MW
2035-06-25 00:00:00,XY,1749.6,NR,IND_BOILER,MW
2035-06-26 01:00:00,XY,1639.8,NR,IND_BOILER,MW
2035-06-27 02:00:00,XY,1591.0,NR,IND_BOILER,MW
2035-06-28 03:00:00,XY,1481.2,NR,IND_BOILER,MW
2035-06-29 04:00:00,XY,1098.0,NR,IND_BOILER,MW
2035-06-30 05:00:00,XY,1073.6,NR,IND_BOILER,MW
2035-07-01 06:00:00,XY,1207.8,NR,IND_BOILER,MW
2035-07-02 07:00:00,XY,1293.2,NR,IND_BOILER,MW
2035-07-03 08:00:00,XY,1490.4,NR,IND_BOILER,MW
2035-07-04 09:00:00,XY,1638.4,NR,IND_BOILER,MW
2035-07-05 10:00:00,XY,1582.9,NR,IND_BOILER,MW
2035-07-06 11:00:00,XY,1256.6,NR,IND_BOILER,MW
2035-07-07 12:00:00,XY,1281.0,NR,IND_BOILER,MW
2035-07-08 13:00:00,XY,1399.2,NR,IND_BOILER,MW
2035-07-09 14:00:00,XY,1638.4,NR,IND_BOILER,MW
2035-07-10 15:00:00,XY,1712.4,NR,IND_BOILER,MW
2035-07-11 16:00:00,XY,1693.9,NR,IND_BOILER,MW
2035-07-12 17:00:00,XY,1582.9,NR,IND_BOILER,MW
2035-07-13 18:00:00,XY,1256.6,NR,IND_BOILER,MW
2035-07-14 19:00:00,XY,1281.0,NR,IND_BOILER,MW
2035-07-15 20:00:00,XY,1810.6,NR,IND_BOILER,MW
2035-07-16 21:00:00,XY,1638.4,NR,IND_BOILER,MW
2035-07-17 22:00:00,XY,1883.8,NR,IND_BOILER,MW
2035-07-18 23:00:00,XY,1871.6,NR,IND_BOILER,MW
2035-07-20 00:00:00,XY,1456.1,NR,IND_BOILER,MW
2035-07-21 01:00:00,XY,1220.0,NR,IND_BOILER,MW
2035-07-22 02:00:00,XY,1146.8,NR,IND_BOILER,MW
2035-07-23 03:00:00,XY,1159.0,NR,IND_BOILER,MW
2035-07-24 04:00:00,XY,1183.4,NR,IND_BOILER,MW
2035-07-25 05:00:00,XY,1220.0,NR,IND_BOILER,MW
2035-07-26 06:00:00,XY,1220.0,NR,IND_BOILER,MW
2035-07-27 07:00:00,XY,1195.6,NR,IND_BOILER,MW
2035-07-28 08:00:00,XY,1281.0,NR,IND_BOILER,MW
2035-07-29 09:00:00,XY,1527.4,NR,IND_BOILER,MW
2035-07-30 10:00:00,XY,1619.9,NR,IND_BOILER,MW
2035-07-31 11:00:00,XY,1712.4,NR,IND_BOILER,MW
2035-08-01 12:00:00,XY,1433.9,NR,IND_BOILER,MW
2035-08-02 13:00:00,XY,1322.9,NR,IND_BOILER,MW
2035-08-03 14:00:00,XY,996.6,NR,IND_BOILER,MW
2035-08-04 15:00:00,XY,1165.9,NR,IND_BOILER,MW
2035-08-05 16:00:00,XY,1601.4,NR,IND_BOILER,MW
2035-08-06 17:00:00,XY,1638.4,NR,IND_BOILER,MW
2035-08-07 18:00:00,XY,1712.4,NR,IND_BOILER,MW
2035-08-08 19:00:00,XY,1693.9,NR,IND_BOILER,MW
2035-08-09 20:00:00,XY,1798.4,NR,IND_BOILER,MW
2035-08-10 21:00:00,XY,1256.6,NR,IND_BOILER,MW
2035-08-11 22:00:00,XY,1281.0,NR,IND_BOILER,MW
2035-08-12 23:00:00,XY,1601.4,NR,IND_BOILER,MW
2035-08-14 00:00:00,XY,1786.2,NR,IND_BOILER,MW
2035-08-15 01:00:00,XY,1397.9,NR,IND_BOILER,MW
2035-08-16 02:00:00,XY,1232.2,NR,IND_BOILER,MW
2035-08-17 03:00:00,XY,1122.4,NR,IND_BOILER,MW
2035-08-18 04:00:00,XY,1049.2,NR,IND_BOILER,MW
2035-08-19 05:00:00,XY,1085.8,NR,IND_BOILER,MW
2035-08-20 06:00:00,XY,1207.8,NR,IND_BOILER,MW
2035-08-21 07:00:00,XY,1360.9,NR,IND_BOILER,MW
2035-08-22 08:00:00,XY,1508.9,NR,IND_BOILER,MW
2035-08-23 09:00:00,XY,1527.4,NR,IND_BOILER,MW
2035-08-24 10:00:00,XY,1256.6,NR,IND_BOILER,MW
2035-08-25 11:00:00,XY,1021.0,NR,IND_BOILER,MW
2035-08-26 12:00:00,XY,1548.8,NR,IND_BOILER,MW
2035-08-27 13:00:00,XY,1378.4,NR,IND_BOILER,MW
2035-08-28 14:00:00,XY,1669.3,NR,IND_BOILER,MW
2035-08-29 15:00:00,XY,1693.9,NR,IND_BOILER,MW
2035-08-30 16:00:00,XY,1582.9,NR,IND_BOILER,MW
2035-08-31 17:00:00,XY,1256.6,NR,IND_BOILER,MW
2035-09-01 18:00:00,XY,1281.0,NR,IND_BOILER,MW
2035-09-02 19:00:00,XY,1810.6,NR,IND_BOILER,MW
2035-09-03 20:00:00,XY,1638.4,NR,IND_BOILER,MW
2035-09-04 21:00:00,XY,1883.8,NR,IND_BOILER,MW
2035-09-05 22:00:00,XY,1859.4,NR,IND_BOILER,MW
2035-09-06 23:00:00,XY,1582.9,NR,IND_BOILER,MW
2035-09-08 00:00:00,XY,1256.6,NR,IND_BOILER,MW
2035-09-09 01:00:00,XY,1232.2,NR,IND_BOILER,MW
2035-09-10 02:00:00,XY,1207.8,NR,IND_BOILER,MW
2035-09-11 03:00:00,XY,1195.6,NR,IND_BOILER,MW
2035-09-12 04:00:00,XY,1195.6,NR,IND_BOILER,MW
2035-09-13 05:00:00,XY,1159.0,NR,IND_BOILER,MW
2035-09-14 06:00:00,XY,1110.2,NR,IND_BOILER,MW
2035-09-15 07:00:00,XY,1207.8,NR,IND_BOILER,MW
2035-09-16 08:00:00,XY,1397.9,NR,IND_BOILER,MW
2035-09-17 09:00:00,XY,1527.4,NR,IND_BOILER,MW
2035-09-18 10:00:00,XY,1693.9,NR,IND_BOILER,MW
2035-09-19 11:00:00,XY,1675.4,NR,IND_BOILER,MW
2035-09-20 12:00:00,XY,1582.9,NR,IND_BOILER,MW
2035-09-21 13:00:00,XY,1256.6,NR,IND_BOILER,MW
2035-09-22 14:00:00,XY,1281.0,NR,IND_BOILER,MW
2035-09-23 15:00:00,XY,1622.8,NR,IND_BOILER,MW
2035-09-24 16:00:00,XY,1638.4,NR,IND_BOILER,MW
2035-09-25 17:00:00,XY,1712.4,NR,IND_BOILER,MW
2035-09-26 18:00:00,XY,1871.6,NR,IND_BOILER,MW
2035-09-27 19:00:00,XY,1798.4,NR,IND_BOILER,MW
2035-09-28 20:00:00,XY,1566.6,NR,IND_BOILER,MW
2035-09-29 21:00:00,XY,1289.8,NR,IND_BOILER,MW
2035-09-30 22:00:00,XY,1810.6,NR,IND_BOILER,MW
2035-10-01 23:00:00,XY,1835.0,NR,IND_BOILER,MW
2035-10-03 00:00:00,XY,1619.9,NR,IND_BOILER,MW
2035-10-04 01:00:00,XY,1323.9,NR,IND_BOILER,MW
2035-10-05 02:00:00,XY,1183.4,NR,IND_BOILER,MW
2035-10-06 03:00:00,XY,1073.6,NR,IND_BOILER,MW
2035-10-07 04:00:00,XY,1073.6,NR,IND_BOILER,MW
2035-10-08 05:00:00,XY,1159.0,NR,IND_BOILER,MW
2035-10-09 06:00:00,XY,1268.8,NR,IND_BOILER,MW
2035-10-10 07:00:00,XY,1397.9,NR,IND_BOILER,MW
2035-10-11 08:00:00,XY,1434.9,NR,IND_BOILER,MW
2035-10-12 09:00:00,XY,1268.8,NR,IND_BOILER,MW
2035-10-13 10:00:00,XY,1293.2,NR,IND_BOILER,MW
2035-10-14 11:00:00,XY,1619.9,NR,IND_BOILER,MW
2035-10-15 12:00:00,XY,1656.9,NR,IND_BOILER,MW
2035-10-16 13:00:00,XY,1730.9,NR,IND_BOILER,MW
2035-10-17 14:00:00,XY,1712.4,NR,IND_BOILER,MW
2035-10-18 15:00:00,XY,1601.4,NR,IND_BOILER,MW
2035-10-19 16:00:00,XY,1268.8,NR,IND_BOILER,MW
2035-10-20 17:00:00,XY,1293.2,NR,IND_BOILER,MW
2035-10-21 18:00:00,XY,1822.8,NR,IND_BOILER,MW
2035-10-22 19:00:00,XY,1847.2,NR,IND_BOILER,MW
2035-10-23 20:00:00,XY,1896.0,NR,IND_BOILER,MW
2035-10-24 21:00:00,XY,1693.9,NR,IND_BOILER,MW
2035-10-25 22:00:00,XY,1601.4,NR,IND_BOILER,MW
2035-10-26 23:00:00,XY,1268.8,NR,IND_BOILER,MW
2035-10-28 00:00:00,XY,1293.2,NR,IND_BOILER,MW
2035-10-29 01:00:00,XY,1293.2,NR,IND_BOILER,MW
2035-10-30 02:00:00,XY,1256.6,NR,IND_BOILER,MW
2035-10-31 03:00:00,XY,1232.2,NR,IND_BOILER,MW
2035-11-01 04:00:00,XY,1146.8,NR,IND_BOILER,MW
2035-11-02 05:00:00,XY,1061.4,NR,IND_BOILER,MW
2035-11-03 06:00:00,XY,1134.6,NR,IND_BOILER,MW
2035-11-04 07:00:00,XY,1293.2,NR,IND_BOILER,MW
2035-11-05 08:00:00,XY,1434.9,NR,IND_BOILER,MW
2035-11-06 09:00:00,XY,1619.9,NR,IND_BOILER,MW
2035-11-07 10:00:00,XY,1693.9,NR,IND_BOILER,MW
2035-11-08 11:00:00,XY,1446.2,NR,IND_BOILER,MW
2035-11-09 12:00:00,XY,1008.8,NR,IND_BOILER,MW
2035-11-10 13:00:00,XY,1033.2,NR,IND_BOILER,MW
2035-11-11 14:00:00,XY,1359.9,NR,IND_BOILER,MW
2035-11-12 15:00:00,XY,1656.9,NR,IND_BOILER,MW
2035-11-13 16:00:00,XY,1730.9,NR,IND_BOILER,MW
2035-11-14 17:00:00,XY,1712.4,NR,IND_BOILER,MW
2035-11-15 18:00:00,XY,1601.4,NR,IND_BOILER,MW
2035-11-16 19:00:00,XY,1268.8,NR,IND_BOILER,MW
2035-11-17 20:00:00,XY,1293.2,NR,IND_BOILER,MW
2035-11-18 21:00:00,XY,1822.8,NR,IND_BOILER,MW
2035-11-19 22:00:00,XY,1656.9,NR,IND_BOILER,MW
2035-11-20 23:00:00,XY,1730.9,NR,IND_BOILER,MW
2035-11-22 00:00:00,XY,1564.4,NR,IND_BOILER,MW
2035-11-23 01:00:00,XY,1268.8,NR,IND_BOILER,MW
2035-11-24 02:00:00,XY,1146.8,NR,IND_BOILER,MW
2035-11-25 03:00:00,XY,1110.2,NR,IND_BOILER,MW
2035-11-26 04:00:00,XY,1146.8,NR,IND_BOILER,MW
2035-11-27 05:00:00,XY,1220.0,NR,IND_BOILER,MW
2035-11-28 06:00:00,XY,1293.2,NR,IND_BOILER,MW
2035-11-29 07:00:00,XY,1323.9,NR,IND_BOILER,MW
2035-11-30 08:00:00,XY,1268.8,NR,IND_BOILER,MW
2035-12-01 09:00:00,XY,1305.4,NR,IND_BOILER,MW
2035-12-02 10:00:00,XY,1619.9,NR,IND_BOILER,MW
2035-12-03 11:00:00,XY,1675.4,NR,IND_BOILER,MW
2035-12-04 12:00:00,XY,1489.4,NR,IND_BOILER,MW
2035-12-05 13:00:00,XY,1470.9,NR,IND_BOILER,MW
2035-12-06 14:00:00,XY,1359.9,NR,IND_BOILER,MW
2035-12-07 15:00:00,XY,1021.0,NR,IND_BOILER,MW
2035-12-08 16:00:00,XY,1305.4,NR,IND_BOILER,MW
2035-12-09 17:00:00,XY,1638.4,NR,IND_BOILER,MW
2035-12-10 18:00:00,XY,1675.4,NR,IND_BOILER,MW
2035-12-11 19:00:00,XY,1770.8,NR,IND_BOILER,MW
2035-12-12 20:00:00,XY,1730.9,NR,IND_BOILER,MW
2035-12-13 21:00:00,XY,1619.9,NR,IND_BOILER,MW
2035-12-14 22:00:00,XY,1281.0,NR,IND_BOILER,MW
2035-12-15 23:00:00,XY,1305.4,NR,IND_BOILER,MW
2035-12-17 00:00:00,XY,1545.9,NR,IND_BOILER,MW
2035-12-18 01:00:00,XY,1379.4,NR,IND_BOILER,MW
2035-12-19 02:00:00,XY,1305.4,NR,IND_BOILER,MW
2035-12-20 03:00:00,XY,1195.6,NR,IND_BOILER,MW
2035-12-21 04:00:00,XY,1122.4,NR,IND_BOILER,MW
2035-12-22 05:00:00,XY,1098.0,NR,IND_BOILER,MW
2035-12-23 06:00:00,XY,1232.2,NR,IND_BOILER,MW
2035-12-24 07:00:00,XY,1323.9,NR,IND_BOILER,MW
2035-12-25 08:00:00,XY,1527.4,NR,IND_BOILER,MW
2035-12-26 09:00:00,XY,1675.4,NR,IND_BOILER,MW
2035-12-27 10:00:00,XY,1619.9,NR,IND_BOILER,MW
2035-12-28 11:00:00,XY,1281.0,NR,IND_BOILER,MW
2035-12-29 12:00:00,XY,1045.4,NR,IND_BOILER,MW
2035-12-30 13:00:00,XY,1396.9,NR,IND_BOILER,MW
2035-12-31 14:00:00,XY,1433.9,NR,IND_BOILER,MW
2036-01-01 15:00:00,XY,1767.9,NR,IND_BOILER,MW
2035-01-01 00:00:00,XY,3369.6,SO,IND_BOILER,MW
2035-01-02 01:00:00,XY,3270.3,SO,IND_BOILER,MW
2035-01-03 02:00:00,XY,3137.9,SO,IND_BOILER,MW
2035-01-04 03:00:00,XY,3104.8,SO,IND_BOILER,MW
2035-01-05 04:00:00,XY,3005.5,SO,IND_BOILER,MW
2035-01-06 05:00:00,XY,3071.7,SO,IND_BOILER,MW
2035-01-07 06:00:00,XY,3303.4,SO,IND_BOILER,MW
2035-01-08 07:00:00,XY,3502.0,SO,IND_BOILER,MW
2035-01-09 08:00:00,XY,3634.4,SO,IND_BOILER,MW
2035-01-10 09:00:00,XY,3601.3,SO,IND_BOILER,MW
2035-01-11 10:00:00,XY,3182.0,SO,IND_BOILER,MW
2035-01-12 11:00:00,XY,3178.4,SO,IND_BOILER,MW
2035-01-13 12:00:00,XY,2983.4,SO,IND_BOILER,MW
2035-01-14 13:00:00,XY,3601.3,SO,IND_BOILER,MW
2035-01-15 14:00:00,XY,3667.5,SO,IND_BOILER,MW
2035-01-16 15:00:00,XY,3885.0,SO,IND_BOILER,MW
2035-01-17 16:00:00,XY,3733.7,SO,IND_BOILER,MW
2035-01-18 17:00:00,XY,3071.7,SO,IND_BOILER,MW
2035-01-19 18:00:00,XY,3137.9,SO,IND_BOILER,MW
2035-01-20 19:00:00,XY,4236.8,SO,IND_BOILER,MW
2035-01-21 20:00:00,XY,4140.6,SO,IND_BOILER,MW
2035-01-22 21:00:00,XY,4115.4,SO,IND_BOILER,MW
2035-01-23 22:00:00,XY,3885.0,SO,IND_BOILER,MW
2035-01-24 23:00:00,XY,3502.0,SO,IND_BOILER,MW
2035-01-26 00:00:00,XY,2972.4,SO,IND_BOILER,MW
2035-01-27 01:00:00,XY,2773.8,SO,IND_BOILER,MW
2035-01-28 02:00:00,XY,2806.9,SO,IND_BOILER,MW
2035-01-29 03:00:00,XY,2873.1,SO,IND_BOILER,MW
2035-01-30 04:00:00,XY,3005.5,SO,IND_BOILER,MW
2035-01-31 05:00:00,XY,2972.4,SO,IND_BOILER,MW
2035-02-01 06:00:00,XY,2939.3,SO,IND_BOILER,MW
2035-02-02 07:00:00,XY,3171.0,SO,IND_BOILER,MW
2035-02-03 08:00:00,XY,3634.4,SO,IND_BOILER,MW
2035-02-04 09:00:00,XY,3833.0,SO,IND_BOILER,MW
2035-02-05 10:00:00,XY,3895.0,SO,IND_BOILER,MW
2035-02-06 11:00:00,XY,3645.4,SO,IND_BOILER,MW
2035-02-07 12:00:00,XY,3446.8,SO,IND_BOILER,MW
2035-02-08 13:00:00,XY,2784.8,SO,IND_BOILER,MW
2035-02-09 14:00:00,XY,2851.0,SO,IND_BOILER,MW
2035-02-10 15:00:00,XY,3479.9,SO,IND_BOILER,MW
2035-02-11 16:00:00,XY,3866.1,SO,IND_BOILER,MW
2035-02-12 17:00:00,XY,3895.0,SO,IND_BOILER,MW
2035-02-13 18:00:00,XY,4115.4,SO,IND_BOILER,MW
2035-02-14 19:00:00,XY,3766.8,SO,IND_BOILER,MW
2035-02-15 20:00:00,XY,3104.8,SO,IND_BOILER,MW
2035-02-16 21:00:00,XY,3171.0,SO,IND_BOILER,MW
2035-02-17 22:00:00,XY,3799.9,SO,IND_BOILER,MW
2035-02-18 23:00:00,XY,3700.6,SO,IND_BOILER,MW
2035-02-20 00:00:00,XY,3402.7,SO,IND_BOILER,MW
2035-02-21 01:00:00,XY,3005.5,SO,IND_BOILER,MW
2035-02-22 02:00:00,XY,2707.6,SO,IND_BOILER,MW
2035-02-23 03:00:00,XY,2529.0,SO,IND_BOILER,MW
2035-02-24 04:00:00,XY,2613.3,SO,IND_BOILER,MW
2035-02-25 05:00:00,XY,2939.3,SO,IND_BOILER,MW
2035-02-26 06:00:00,XY,3303.4,SO,IND_BOILER,MW
2035-02-27 07:00:00,XY,3601.3,SO,IND_BOILER,MW
2035-02-28 08:00:00,XY,3634.4,SO,IND_BOILER,MW
2035-03-01 09:00:00,XY,3071.7,SO,IND_BOILER,MW
2035-03-02 10:00:00,XY,3137.9,SO,IND_BOILER,MW
2035-03-03 11:00:00,XY,3766.8,SO,IND_BOILER,MW
2035-03-04 12:00:00,XY,3479.9,SO,IND_BOILER,MW
2035-03-05 13:00:00,XY,3645.4,SO,IND_BOILER,MW
2035-03-06 14:00:00,XY,3579.2,SO,IND_BOILER,MW
2035-03-07 15:00:00,XY,3700.6,SO,IND_BOILER,MW
2035-03-08 16:00:00,XY,3071.7,SO,IND_BOILER,MW
2035-03-09 17:00:00,XY,3137.9,SO,IND_BOILER,MW
2035-03-10 18:00:00,XY,3875.4,SO,IND_BOILER,MW
2035-03-11 19:00:00,XY,3974.9,SO,IND_BOILER,MW
2035-03-12 20:00:00,XY,4087.3,SO,IND_BOILER,MW
2035-03-13 21:00:00,XY,4059.2,SO,IND_BOILER,MW
2035-03-14 22:00:00,XY,3890.6,SO,IND_BOILER,MW
2035-03-15 23:00:00,XY,3038.6,SO,IND_BOILER,MW
2035-03-17 00:00:00,XY,2972.4,SO,IND_BOILER,MW
2035-03-18 01:00:00,XY,2906.2,SO,IND_BOILER,MW
2035-03-19 02:00:00,XY,2873.1,SO,IND_BOILER,MW
2035-03-20 03:00:00,XY,2873.1,SO,IND_BOILER,MW
2035-03-21 04:00:00,XY,2773.8,SO,IND_BOILER,MW
2035-03-22 05:00:00,XY,2641.4,SO,IND_BOILER,MW
2035-03-23 06:00:00,XY,2906.2,SO,IND_BOILER,MW
2035-03-24 07:00:00,XY,3336.5,SO,IND_BOILER,MW
2035-03-25 08:00:00,XY,3601.3,SO,IND_BOILER,MW
2035-03-26 09:00:00,XY,3866.1,SO,IND_BOILER,MW
2035-03-27 10:00:00,XY,3866.1,SO,IND_BOILER,MW
2035-03-28 11:00:00,XY,3667.5,SO,IND_BOILER,MW
2035-03-29 12:00:00,XY,2718.6,SO,IND_BOILER,MW
2035-03-30 13:00:00,XY,2784.8,SO,IND_BOILER,MW
2035-03-31 14:00:00,XY,3624.2,SO,IND_BOILER,MW
2035-04-01 15:00:00,XY,3766.8,SO,IND_BOILER,MW
2035-04-02 16:00:00,XY,4059.2,SO,IND_BOILER,MW
2035-04-03 17:00:00,XY,4336.1,SO,IND_BOILER,MW
2035-04-04 18:00:00,XY,4137.5,SO,IND_BOILER,MW
2035-04-05 19:00:00,XY,3300.5,SO,IND_BOILER,MW
2035-04-06 20:00:00,XY,3356.7,SO,IND_BOILER,MW
2035-04-07 21:00:00,XY,4170.6,SO,IND_BOILER,MW
2035-04-08 22:00:00,XY,4095.0,SO,IND_BOILER,MW
2035-04-09 23:00:00,XY,3890.6,SO,IND_BOILER,MW
2035-04-11 00:00:00,XY,3225.0,SO,IND_BOILER,MW
2035-04-12 01:00:00,XY,3103.8,SO,IND_BOILER,MW
2035-04-13 02:00:00,XY,2879.0,SO,IND_BOILER,MW
2035-04-14 03:00:00,XY,2783.0,SO,IND_BOILER,MW
2035-04-15 04:00:00,XY,2747.6,SO,IND_BOILER,MW
2035-04-16 05:00:00,XY,3045.5,SO,IND_BOILER,MW
2035-04-17 06:00:00,XY,3525.3,SO,IND_BOILER,MW
2035-04-18 07:00:00,XY,3336.5,SO,IND_BOILER,MW
2035-04-19 08:00:00,XY,3005.5,SO,IND_BOILER,MW
2035-04-20 09:00:00,XY,3071.7,SO,IND_BOILER,MW
2035-04-21 10:00:00,XY,3667.5,SO,IND_BOILER,MW
2035-04-22 11:00:00,XY,3733.7,SO,IND_BOILER,MW
2035-04-23 12:00:00,XY,3866.1,SO,IND_BOILER,MW
2035-04-24 13:00:00,XY,3833.0,SO,IND_BOILER,MW
2035-04-25 14:00:00,XY,3634.4,SO,IND_BOILER,MW
2035-04-26 15:00:00,XY,3005.5,SO,IND_BOILER,MW
2035-04-27 16:00:00,XY,3071.7,SO,IND_BOILER,MW
2035-04-28 17:00:00,XY,4137.5,SO,IND_BOILER,MW
2035-04-29 18:00:00,XY,4203.7,SO,IND_BOILER,MW
2035-04-30 19:00:00,XY,4336.1,SO,IND_BOILER,MW
2035-05-01 20:00:00,XY,4269.9,SO,IND_BOILER,MW
2035-05-02 21:00:00,XY,4104.4,SO,IND_BOILER,MW
2035-05-03 22:00:00,XY,3442.4,SO,IND_BOILER,MW
2035-05-04 23:00:00,XY,3541.7,SO,IND_BOILER,MW
2035-05-06 00:00:00,XY,3356.7,SO,IND_BOILER,MW
2035-05-07 01:00:00,XY,3272.4,SO,IND_BOILER,MW
2035-05-08 02:00:00,XY,3216.2,SO,IND_BOILER,MW
2035-05-09 03:00:00,XY,3019.5,SO,IND_BOILER,MW
2035-05-10 04:00:00,XY,2822.8,SO,IND_BOILER,MW
2035-05-11 05:00:00,XY,2991.4,SO,IND_BOILER,MW
2035-05-12 06:00:00,XY,3328.6,SO,IND_BOILER,MW
2035-05-13 07:00:00,XY,3773.4,SO,IND_BOILER,MW
2035-05-14 08:00:00,XY,3862.5,SO,IND_BOILER,MW
2035-05-15 09:00:00,XY,3799.9,SO,IND_BOILER,MW
2035-05-16 10:00:00,XY,3601.3,SO,IND_BOILER,MW
2035-05-17 11:00:00,XY,2972.4,SO,IND_BOILER,MW
2035-05-18 12:00:00,XY,3038.6,SO,IND_BOILER,MW
2035-05-19 13:00:00,XY,3634.4,SO,IND_BOILER,MW
2035-05-20 14:00:00,XY,3700.6,SO,IND_BOILER,MW
2035-05-21 15:00:00,XY,4303.0,SO,IND_BOILER,MW
2035-05-22 16:00:00,XY,4269.9,SO,IND_BOILER,MW
2035-05-23 17:00:00,XY,4071.3,SO,IND_BOILER,MW
2035-05-24 18:00:00,XY,3442.4,SO,IND_BOILER,MW
2035-05-25 19:00:00,XY,3508.6,SO,IND_BOILER,MW
2035-05-26 20:00:00,XY,4104.4,SO,IND_BOILER,MW
2035-05-27 21:00:00,XY,4170.6,SO,IND_BOILER,MW
2035-05-28 22:00:00,XY,4303.0,SO,IND_BOILER,MW
2035-05-29 23:00:00,XY,4005.1,SO,IND_BOILER,MW
2035-05-31 00:00:00,XY,3272.4,SO,IND_BOILER,MW
2035-06-01 01:00:00,XY,2963.3,SO,IND_BOILER,MW
2035-06-02 02:00:00,XY,2801.7,SO,IND_BOILER,MW
2035-06-03 03:00:00,XY,2613.3,SO,IND_BOILER,MW
2035-06-04 04:00:00,XY,3131.9,SO,IND_BOILER,MW
2035-06-05 05:00:00,XY,3300.5,SO,IND_BOILER,MW
2035-06-06 06:00:00,XY,3328.6,SO,IND_BOILER,MW
2035-06-07 07:00:00,XY,3568.2,SO,IND_BOILER,MW
2035-06-08 08:00:00,XY,2939.3,SO,IND_BOILER,MW
2035-06-09 09:00:00,XY,3005.5,SO,IND_BOILER,MW
2035-06-10 10:00:00,XY,3806.3,SO,IND_BOILER,MW
2035-06-11 11:00:00,XY,3667.5,SO,IND_BOILER,MW
2035-06-12 12:00:00,XY,3799.9,SO,IND_BOILER,MW
2035-06-13 13:00:00,XY,3766.8,SO,IND_BOILER,MW
2035-06-14 14:00:00,XY,3248.2,SO,IND_BOILER,MW
2035-06-15 15:00:00,XY,2619.3,SO,IND_BOILER,MW
2035-06-16 16:00:00,XY,2893.4,SO,IND_BOILER,MW
2035-06-17 17:00:00,XY,3601.3,SO,IND_BOILER,MW
2035-06-18 18:00:00,XY,3667.5,SO,IND_BOILER,MW
2035-06-19 19:00:00,XY,4269.9,SO,IND_BOILER,MW
2035-06-20 20:00:00,XY,4236.8,SO,IND_BOILER,MW
2035-06-21 21:00:00,XY,4071.3,SO,IND_BOILER,MW
2035-06-22 22:00:00,XY,3409.3,SO,IND_BOILER,MW
2035-06-23 23:00:00,XY,3475.5,SO,IND_BOILER,MW
2035-06-25 00:00:00,XY,3905.8,SO,IND_BOILER,MW
2035-06-26 01:00:00,XY,3607.9,SO,IND_BOILER,MW
2035-06-27 02:00:00,XY,3475.5,SO,IND_BOILER,MW
2035-06-28 03:00:00,XY,3177.6,SO,IND_BOILER,MW
2035-06-29 04:00:00,XY,2879.0,SO,IND_BOILER,MW
2035-06-30 05:00:00,XY,2482.8,SO,IND_BOILER,MW
2035-07-01 06:00:00,XY,3131.9,SO,IND_BOILER,MW
2035-07-02 07:00:00,XY,3078.6,SO,IND_BOILER,MW
2035-07-03 08:00:00,XY,3442.7,SO,IND_BOILER,MW
2035-07-04 09:00:00,XY,3667.5,SO,IND_BOILER,MW
2035-07-05 10:00:00,XY,3248.2,SO,IND_BOILER,MW
2035-07-06 11:00:00,XY,2619.3,SO,IND_BOILER,MW
2035-07-07 12:00:00,XY,2685.5,SO,IND_BOILER,MW
2035-07-08 13:00:00,XY,3549.7,SO,IND_BOILER,MW
2035-07-09 14:00:00,XY,3351.6,SO,IND_BOILER,MW
2035-07-10 15:00:00,XY,3479.9,SO,IND_BOILER,MW
2035-07-11 16:00:00,XY,3446.8,SO,IND_BOILER,MW
2035-07-12 17:00:00,XY,3568.2,SO,IND_BOILER,MW
2035-07-13 18:00:00,XY,2939.3,SO,IND_BOILER,MW
2035-07-14 19:00:00,XY,3005.5,SO,IND_BOILER,MW
2035-07-15 20:00:00,XY,4071.3,SO,IND_BOILER,MW
2035-07-16 21:00:00,XY,3862.5,SO,IND_BOILER,MW
2035-07-17 22:00:00,XY,4269.9,SO,IND_BOILER,MW
2035-07-18 23:00:00,XY,4236.8,SO,IND_BOILER,MW
2035-07-20 00:00:00,XY,3581.5,SO,IND_BOILER,MW
2035-07-21 01:00:00,XY,2967.9,SO,IND_BOILER,MW
2035-07-22 02:00:00,XY,2641.4,SO,IND_BOILER,MW
2035-07-23 03:00:00,XY,2674.5,SO,IND_BOILER,MW
2035-07-24 04:00:00,XY,2740.7,SO,IND_BOILER,MW
2035-07-25 05:00:00,XY,2880.0,SO,IND_BOILER,MW
2035-07-26 06:00:00,XY,2880.0,SO,IND_BOILER,MW
2035-07-27 07:00:00,XY,2773.8,SO,IND_BOILER,MW
2035-07-28 08:00:00,XY,3300.5,SO,IND_BOILER,MW
2035-07-29 09:00:00,XY,3693.9,SO,IND_BOILER,MW
2035-07-30 10:00:00,XY,3634.4,SO,IND_BOILER,MW
2035-07-31 11:00:00,XY,3613.2,SO,IND_BOILER,MW
2035-08-01 12:00:00,XY,3446.8,SO,IND_BOILER,MW
2035-08-02 13:00:00,XY,3248.2,SO,IND_BOILER,MW
2035-08-03 14:00:00,XY,2619.3,SO,IND_BOILER,MW
2035-08-04 15:00:00,XY,2715.7,SO,IND_BOILER,MW
2035-08-05 16:00:00,XY,3601.3,SO,IND_BOILER,MW
2035-08-06 17:00:00,XY,3667.5,SO,IND_BOILER,MW
2035-08-07 18:00:00,XY,3799.9,SO,IND_BOILER,MW
2035-08-08 19:00:00,XY,3946.8,SO,IND_BOILER,MW
2035-08-09 20:00:00,XY,4038.2,SO,IND_BOILER,MW
2035-08-10 21:00:00,XY,2939.3,SO,IND_BOILER,MW
2035-08-11 22:00:00,XY,3300.5,SO,IND_BOILER,MW
2035-08-12 23:00:00,XY,3806.3,SO,IND_BOILER,MW
2035-08-14 00:00:00,XY,4005.1,SO,IND_BOILER,MW
2035-08-15 01:00:00,XY,3497.2,SO,IND_BOILER,MW
2035-08-16 02:00:00,XY,2873.1,SO,IND_BOILER,MW
2035-08-17 03:00:00,XY,2585.2,SO,IND_BOILER,MW
2035-08-18 04:00:00,XY,2416.6,SO,IND_BOILER,MW
2035-08-19 05:00:00,XY,2500.9,SO,IND_BOILER,MW
2035-08-20 06:00:00,XY,3131.9,SO,IND_BOILER,MW
2035-08-21 07:00:00,XY,3441.0,SO,IND_BOILER,MW
2035-08-22 08:00:00,XY,3665.8,SO,IND_BOILER,MW
2035-08-23 09:00:00,XY,3468.9,SO,IND_BOILER,MW
2035-08-24 10:00:00,XY,2939.3,SO,IND_BOILER,MW
2035-08-25 11:00:00,XY,2932.3,SO,IND_BOILER,MW
2035-08-26 12:00:00,XY,3281.3,SO,IND_BOILER,MW
2035-08-27 13:00:00,XY,3347.5,SO,IND_BOILER,MW
2035-08-28 14:00:00,XY,3479.9,SO,IND_BOILER,MW
2035-08-29 15:00:00,XY,3766.8,SO,IND_BOILER,MW
2035-08-30 16:00:00,XY,3568.2,SO,IND_BOILER,MW
2035-08-31 17:00:00,XY,2939.3,SO,IND_BOILER,MW
2035-09-01 18:00:00,XY,3005.5,SO,IND_BOILER,MW
2035-09-02 19:00:00,XY,4071.3,SO,IND_BOILER,MW
2035-09-03 20:00:00,XY,3862.5,SO,IND_BOILER,MW
2035-09-04 21:00:00,XY,4269.9,SO,IND_BOILER,MW
2035-09-05 22:00:00,XY,4203.7,SO,IND_BOILER,MW
2035-09-06 23:00:00,XY,3778.2,SO,IND_BOILER,MW
2035-09-08 00:00:00,XY,2979.3,SO,IND_BOILER,MW
2035-09-09 01:00:00,XY,2913.1,SO,IND_BOILER,MW
2035-09-10 02:00:00,XY,2806.9,SO,IND_BOILER,MW
2035-09-11 03:00:00,XY,2773.8,SO,IND_BOILER,MW
2035-09-12 04:00:00,XY,2773.8,SO,IND_BOILER,MW
2035-09-13 05:00:00,XY,2714.5,SO,IND_BOILER,MW
2035-09-14 06:00:00,XY,2557.1,SO,IND_BOILER,MW
2035-09-15 07:00:00,XY,2806.9,SO,IND_BOILER,MW
2035-09-16 08:00:00,XY,3237.2,SO,IND_BOILER,MW
2035-09-17 09:00:00,XY,3468.9,SO,IND_BOILER,MW
2035-09-18 10:00:00,XY,3766.8,SO,IND_BOILER,MW
2035-09-19 11:00:00,XY,3733.7,SO,IND_BOILER,MW
2035-09-20 12:00:00,XY,3568.2,SO,IND_BOILER,MW
2035-09-21 13:00:00,XY,2939.3,SO,IND_BOILER,MW
2035-09-22 14:00:00,XY,3005.5,SO,IND_BOILER,MW
2035-09-23 15:00:00,XY,3813.0,SO,IND_BOILER,MW
2035-09-24 16:00:00,XY,3862.5,SO,IND_BOILER,MW
2035-09-25 17:00:00,XY,3974.9,SO,IND_BOILER,MW
2035-09-26 18:00:00,XY,4236.8,SO,IND_BOILER,MW
2035-09-27 19:00:00,XY,4038.2,SO,IND_BOILER,MW
2035-09-28 20:00:00,XY,3409.3,SO,IND_BOILER,MW
2035-09-29 21:00:00,XY,3301.6,SO,IND_BOILER,MW
2035-09-30 22:00:00,XY,4071.3,SO,IND_BOILER,MW
2035-10-01 23:00:00,XY,4137.5,SO,IND_BOILER,MW
2035-10-03 00:00:00,XY,3834.4,SO,IND_BOILER,MW
2035-10-04 01:00:00,XY,3104.8,SO,IND_BOILER,MW
2035-10-05 02:00:00,XY,2740.7,SO,IND_BOILER,MW
2035-10-06 03:00:00,XY,2472.8,SO,IND_BOILER,MW
2035-10-07 04:00:00,XY,2472.8,SO,IND_BOILER,MW
2035-10-08 05:00:00,XY,2674.5,SO,IND_BOILER,MW
2035-10-09 06:00:00,XY,2972.4,SO,IND_BOILER,MW
2035-10-10 07:00:00,XY,3277.2,SO,IND_BOILER,MW
2035-10-11 08:00:00,XY,3303.4,SO,IND_BOILER,MW
2035-10-12 09:00:00,XY,2972.4,SO,IND_BOILER,MW
2035-10-13 10:00:00,XY,3038.6,SO,IND_BOILER,MW
2035-10-14 11:00:00,XY,3634.4,SO,IND_BOILER,MW
2035-10-15 12:00:00,XY,3700.6,SO,IND_BOILER,MW
2035-10-16 13:00:00,XY,3833.0,SO,IND_BOILER,MW
2035-10-17 14:00:00,XY,3799.9,SO,IND_BOILER,MW
2035-10-18 15:00:00,XY,3601.3,SO,IND_BOILER,MW
2035-10-19 16:00:00,XY,2972.4,SO,IND_BOILER,MW
2035-10-20 17:00:00,XY,3038.6,SO,IND_BOILER,MW
2035-10-21 18:00:00,XY,4104.4,SO,IND_BOILER,MW
2035-10-22 19:00:00,XY,4170.6,SO,IND_BOILER,MW
2035-10-23 20:00:00,XY,4303.0,SO,IND_BOILER,MW
2035-10-24 21:00:00,XY,3946.8,SO,IND_BOILER,MW
2035-10-25 22:00:00,XY,3806.3,SO,IND_BOILER,MW
2035-10-26 23:00:00,XY,2972.4,SO,IND_BOILER,MW
2035-10-28 00:00:00,XY,3038.6,SO,IND_BOILER,MW
2035-10-29 01:00:00,XY,3038.6,SO,IND_BOILER,MW
2035-10-30 02:00:00,XY,2939.3,SO,IND_BOILER,MW
2035-10-31 03:00:00,XY,2873.1,SO,IND_BOILER,MW
2035-11-01 04:00:00,XY,2641.4,SO,IND_BOILER,MW
2035-11-02 05:00:00,XY,2444.7,SO,IND_BOILER,MW
2035-11-03 06:00:00,XY,2613.3,SO,IND_BOILER,MW
2035-11-04 07:00:00,XY,3038.6,SO,IND_BOILER,MW
2035-11-05 08:00:00,XY,3303.4,SO,IND_BOILER,MW
2035-11-06 09:00:00,XY,3634.4,SO,IND_BOILER,MW
2035-11-07 10:00:00,XY,3766.8,SO,IND_BOILER,MW
2035-11-08 11:00:00,XY,3601.3,SO,IND_BOILER,MW
2035-11-09 12:00:00,XY,2652.4,SO,IND_BOILER,MW
2035-11-10 13:00:00,XY,2718.6,SO,IND_BOILER,MW
2035-11-11 14:00:00,XY,3634.4,SO,IND_BOILER,MW
2035-11-12 15:00:00,XY,3700.6,SO,IND_BOILER,MW
2035-11-13 16:00:00,XY,3833.0,SO,IND_BOILER,MW
2035-11-14 17:00:00,XY,3799.9,SO,IND_BOILER,MW
2035-11-15 18:00:00,XY,3806.3,SO,IND_BOILER,MW
2035-11-16 19:00:00,XY,3012.4,SO,IND_BOILER,MW
2035-11-17 20:00:00,XY,3038.6,SO,IND_BOILER,MW
2035-11-18 21:00:00,XY,4104.4,SO,IND_BOILER,MW
2035-11-19 22:00:00,XY,3700.6,SO,IND_BOILER,MW
2035-11-20 23:00:00,XY,3833.0,SO,IND_BOILER,MW
2035-11-22 00:00:00,XY,3535.1,SO,IND_BOILER,MW
2035-11-23 01:00:00,XY,2972.4,SO,IND_BOILER,MW
2035-11-24 02:00:00,XY,2641.4,SO,IND_BOILER,MW
2035-11-25 03:00:00,XY,2557.1,SO,IND_BOILER,MW
2035-11-26 04:00:00,XY,2641.4,SO,IND_BOILER,MW
2035-11-27 05:00:00,XY,2840.0,SO,IND_BOILER,MW
2035-11-28 06:00:00,XY,3038.6,SO,IND_BOILER,MW
2035-11-29 07:00:00,XY,3104.8,SO,IND_BOILER,MW
2035-11-30 08:00:00,XY,2972.4,SO,IND_BOILER,MW
2035-12-01 09:00:00,XY,3071.7,SO,IND_BOILER,MW
2035-12-02 10:00:00,XY,3634.4,SO,IND_BOILER,MW
2035-12-03 11:00:00,XY,3733.7,SO,IND_BOILER,MW
2035-12-04 12:00:00,XY,3546.1,SO,IND_BOILER,MW
2035-12-05 13:00:00,XY,3513.0,SO,IND_BOILER,MW
2035-12-06 14:00:00,XY,3634.4,SO,IND_BOILER,MW
2035-12-07 15:00:00,XY,3005.5,SO,IND_BOILER,MW
2035-12-08 16:00:00,XY,3071.7,SO,IND_BOILER,MW
2035-12-09 17:00:00,XY,3862.5,SO,IND_BOILER,MW
2035-12-10 18:00:00,XY,3918.7,SO,IND_BOILER,MW
2035-12-11 19:00:00,XY,4081.7,SO,IND_BOILER,MW
2035-12-12 20:00:00,XY,4003.0,SO,IND_BOILER,MW
2035-12-13 21:00:00,XY,3634.4,SO,IND_BOILER,MW
2035-12-14 22:00:00,XY,3005.5,SO,IND_BOILER,MW
2035-12-15 23:00:00,XY,3071.7,SO,IND_BOILER,MW
2035-12-17 00:00:00,XY,3502.0,SO,IND_BOILER,MW
2035-12-18 01:00:00,XY,3204.1,SO,IND_BOILER,MW
2035-12-19 02:00:00,XY,3071.7,SO,IND_BOILER,MW
2035-12-20 03:00:00,XY,2773.8,SO,IND_BOILER,MW
2035-12-21 04:00:00,XY,2585.2,SO,IND_BOILER,MW
2035-12-22 05:00:00,XY,2529.0,SO,IND_BOILER,MW
2035-12-23 06:00:00,XY,2873.1,SO,IND_BOILER,MW
2035-12-24 07:00:00,XY,3104.8,SO,IND_BOILER,MW
2035-12-25 08:00:00,XY,3468.9,SO,IND_BOILER,MW
2035-12-26 09:00:00,XY,3733.7,SO,IND_BOILER,MW
2035-12-27 10:00:00,XY,3634.4,SO,IND_BOILER,MW
2035-12-28 11:00:00,XY,3005.5,SO,IND_BOILER,MW
2035-12-29 12:00:00,XY,2751.7,SO,IND_BOILER,MW
2035-12-30 13:00:00,XY,3700.6,SO,IND_BOILER,MW
2035-12-31 14:00:00,XY,3446.8,SO,IND_BOILER,MW
2036-01-01 15:00:00,XY,3880.0,SO,IND_BOILER,MW
2035-01-01 00:00:00,YZ,5029.0,CE,EIDT,MW
2035-01-02 01:00:00,YZ,5029.0,CE,EIDT,MW
2035-01-03 02:00:00,YZ,4391.4,CE,EIDT,MW
2035-01-04 03:00:00,YZ,5029.0,CE,EIDT,MW
2035-01-05 04:00:00,YZ,5029.0,CE,EIDT,MW
2035-01-06 05:00:00,YZ,5029.0,CE,EIDT,MW
2035-01-07 06:00:00,YZ,5029.0,CE,EIDT,MW
2035-01-08 07:00:00,YZ,5029.0,CE,EIDT,MW
2035-01-09 08:00:00,YZ,5029.0,CE,EIDT,MW
2035-01-10 09:00:00,YZ,5029.0,CE,EIDT,MW
2035-01-11 10:00:00,YZ,5029.0,CE,EIDT,MW
2035-01-12 11:00:00,YZ,5029.0,CE,EIDT,MW
2035-01-13 12:00:00,YZ,5029.0,CE,EIDT,MW
2035-01-14 13:00:00,YZ,5029.0,CE,EIDT,MW
2035-01-15 14:00:00,YZ,5029.0,CE,EIDT,MW
2035-01-16 15:00:00,YZ,5029.0,CE,EIDT,MW
2035-01-17 16:00:00,YZ,5029.0,CE,EIDT,MW
2035-01-18 17:00:00,YZ,5029.0,CE,EIDT,MW
2035-01-19 18:00:00,YZ,5029.0,CE,EIDT,MW
2035-01-20 19:00:00,YZ,5029.0,CE,EIDT,MW
2035-01-21 20:00:00,YZ,5029.0,CE,EIDT,MW
2035-01-22 21:00:00,YZ,5029.0,CE,EIDT,MW
2035-01-23 22:00:00,YZ,5029.0,CE,EIDT,MW
2035-01-24 23:00:00,YZ,5029.0,CE,EIDT,MW
2035-01-26 00:00:00,YZ,5029.0,CE,EIDT,MW
2035-01-27 01:00:00,YZ,5029.0,CE,EIDT,MW
2035-01-28 02:00:00,YZ,5029.0,CE,EIDT,MW
2035-01-29 03:00:00,YZ,1491.0,CE,EIDT,MW
2035-01-30 04:00:00,YZ,2865.0,CE,EIDT,MW
2035-01-31 05:00:00,YZ,2771.9,CE,EIDT,MW
2035-02-01 06:00:00,YZ,5029.0,CE,EIDT,MW
2035-02-02 07:00:00,YZ,5029.0,CE,EIDT,MW
2035-02-03 08:00:00,YZ,3124.0,CE,EIDT,MW
2035-02-04 09:00:00,YZ,5029.0,CE,EIDT,MW
2035-02-05 10:00:00,YZ,5029.0,CE,EIDT,MW
2035-02-06 11:00:00,YZ,5029.0,CE,EIDT,MW
2035-02-07 12:00:00,YZ,5029.0,CE,EIDT,MW
2035-02-08 13:00:00,YZ,5029.0,CE,EIDT,MW
2035-02-09 14:00:00,YZ,5029.0,CE,EIDT,MW
2035-02-10 15:00:00,YZ,3479.0,CE,EIDT,MW
2035-02-11 16:00:00,YZ,5029.0,CE,EIDT,MW
2035-02-12 17:00:00,YZ,5029.0,CE,EIDT,MW
2035-02-13 18:00:00,YZ,5029.0,CE,EIDT,MW
2035-02-14 19:00:00,YZ,5029.0,CE,EIDT,MW
2035-02-15 20:00:00,YZ,5029.0,CE,EIDT,MW
2035-02-16 21:00:00,YZ,5029.0,CE,EIDT,MW
2035-02-17 22:00:00,YZ,5029.0,CE,EIDT,MW
2035-02-18 23:00:00,YZ,5029.0,CE,EIDT,MW
2035-02-20 00:00:00,YZ,5029.0,CE,EIDT,MW
2035-02-21 01:00:00,YZ,3065.6,CE,EIDT,MW
2035-02-22 02:00:00,YZ,5029.0,CE,EIDT,MW
2035-02-23 03:00:00,YZ,5029.0,CE,EIDT,MW
2035-02-24 04:00:00,YZ,5029.0,CE,EIDT,MW
2035-02-25 05:00:00,YZ,5029.0,CE,EIDT,MW
2035-02-26 06:00:00,YZ,5029.0,CE,EIDT,MW
2035-02-27 07:00:00,YZ,5029.0,CE,EIDT,MW
2035-02-28 08:00:00,YZ,5029.0,CE,EIDT,MW
2035-03-01 09:00:00,YZ,5029.0,CE,EIDT,MW
2035-03-02 10:00:00,YZ,5029.0,CE,EIDT,MW
2035-03-03 11:00:00,YZ,5029.0,CE,EIDT,MW
2035-03-04 12:00:00,YZ,5029.0,CE,EIDT,MW
2035-03-05 13:00:00,YZ,5029.0,CE,EIDT,MW
2035-03-06 14:00:00,YZ,5029.0,CE,EIDT,MW
2035-03-07 15:00:00,YZ,5029.0,CE,EIDT,MW
2035-03-08 16:00:00,YZ,2147.0,CE,EIDT,MW
2035-03-09 17:00:00,YZ,5029.0,CE,EIDT,MW
2035-03-10 18:00:00,YZ,5029.0,CE,EIDT,MW
2035-03-11 19:00:00,YZ,5029.0,CE,EIDT,MW
2035-03-12 20:00:00,YZ,5029.0,CE,EIDT,MW
2035-03-13 21:00:00,YZ,5029.0,CE,EIDT,MW
2035-03-14 22:00:00,YZ,5029.0,CE,EIDT,MW
2035-03-15 23:00:00,YZ,5029.0,CE,EIDT,MW
2035-03-17 00:00:00,YZ,5029.0,CE,EIDT,MW
2035-03-18 01:00:00,YZ,5029.0,CE,EIDT,MW
2035-03-19 02:00:00,YZ,5029.0,CE,EIDT,MW
2035-03-20 03:00:00,YZ,5029.0,CE,EIDT,MW
2035-03-21 04:00:00,YZ,4958.0,CE,EIDT,MW
2035-03-22 05:00:00,YZ,5029.0,CE,EIDT,MW
2035-03-23 06:00:00,YZ,5029.0,CE,EIDT,MW
2035-03-24 07:00:00,YZ,5029.0,CE,EIDT,MW
2035-03-25 08:00:00,YZ,5029.0,CE,EIDT,MW
2035-03-26 09:00:00,YZ,5029.0,CE,EIDT,MW
2035-03-27 10:00:00,YZ,5029.0,CE,EIDT,MW
2035-03-28 11:00:00,YZ,5029.0,CE,EIDT,MW
2035-03-29 12:00:00,YZ,5029.0,CE,EIDT,MW
2035-03-30 13:00:00,YZ,5029.0,CE,EIDT,MW
2035-03-31 14:00:00,YZ,5029.0,CE,EIDT,MW
2035-04-01 15:00:00,YZ,5029.0,CE,EIDT,MW
2035-04-02 16:00:00,YZ,5029.0,CE,EIDT,MW
2035-04-03 17:00:00,YZ,5029.0,CE,EIDT,MW
2035-04-04 18:00:00,YZ,5029.0,CE,EIDT,MW
2035-04-05 19:00:00,YZ,5029.0,CE,EIDT,MW
2035-04-06 20:00:00,YZ,5029.0,CE,EIDT,MW
2035-04-07 21:00:00,YZ,5029.0,CE,EIDT,MW
2035-04-08 22:00:00,YZ,5029.0,CE,EIDT,MW
2035-04-09 23:00:00,YZ,5029.0,CE,EIDT,MW
2035-04-11 00:00:00,YZ,5029.0,CE,EIDT,MW
2035-04-12 01:00:00,YZ,5029.0,CE,EIDT,MW
2035-04-13 02:00:00,YZ,5029.0,CE,EIDT,MW
2035-04-14 03:00:00,YZ,5029.0,CE,EIDT,MW
2035-04-15 04:00:00,YZ,5029.0,CE,EIDT,MW
2035-04-16 05:00:00,YZ,5029.0,CE,EIDT,MW
2035-04-17 06:00:00,YZ,5029.0,CE,EIDT,MW
2035-04-18 07:00:00,YZ,5029.0,CE,EIDT,MW
2035-04-19 08:00:00,YZ,5029.0,CE,EIDT,MW
2035-04-20 09:00:00,YZ,5029.0,CE,EIDT,MW
2035-04-21 10:00:00,YZ,5029.0,CE,EIDT,MW
2035-04-22 11:00:00,YZ,5029.0,CE,EIDT,MW
2035-04-23 12:00:00,YZ,5029.0,CE,EIDT,MW
2035-04-24 13:00:00,YZ,5029.0,CE,EIDT,MW
2035-04-25 14:00:00,YZ,5029.0,CE,EIDT,MW
2035-04-26 15:00:00,YZ,5029.0,CE,EIDT,MW
2035-04-27 16:00:00,YZ,5029.0,CE,EIDT,MW
2035-04-28 17:00:00,YZ,5029.0,CE,EIDT,MW
2035-04-29 18:00:00,YZ,5029.0,CE,EIDT,MW
2035-04-30 19:00:00,YZ,5029.0,CE,EIDT,MW
2035-05-01 20:00:00,YZ,5029.0,CE,EIDT,MW
2035-05-02 21:00:00,YZ,5029.0,CE,EIDT,MW
2035-05-03 22:00:00,YZ,5029.0,CE,EIDT,MW
2035-05-04 23:00:00,YZ,5029.0,CE,EIDT,MW
2035-05-06 00:00:00,YZ,5029.0,CE,EIDT,MW
2035-05-07 01:00:00,YZ,5029.0,CE,EIDT,MW
2035-05-08 02:00:00,YZ,5029.0,CE,EIDT,MW
2035-05-09 03:00:00,YZ,5029.0,CE,EIDT,MW
2035-05-10 04:00:00,YZ,4248.0,CE,EIDT,MW
2035-05-11 05:00:00,YZ,5029.0,CE,EIDT,MW
2035-05-12 06:00:00,YZ,5029.0,CE,EIDT,MW
2035-05-13 07:00:00,YZ,5029.0,CE,EIDT,MW
2035-05-14 08:00:00,YZ,5029.0,CE,EIDT,MW
2035-05-15 09:00:00,YZ,5029.0,CE,EIDT,MW
2035-05-16 10:00:00,YZ,5029.0,CE,EIDT,MW
2035-05-17 11:00:00,YZ,5029.0,CE,EIDT,MW
2035-05-18 12:00:00,YZ,5029.0,CE,EIDT,MW
2035-05-19 13:00:00,YZ,5029.0,CE,EIDT,MW
2035-05-20 14:00:00,YZ,5029.0,CE,EIDT,MW
2035-05-21 15:00:00,YZ,5029.0,CE,EIDT,MW
2035-05-22 16:00:00,YZ,5029.0,CE,EIDT,MW
2035-05-23 17:00:00,YZ,5029.0,CE,EIDT,MW
2035-05-24 18:00:00,YZ,5029.0,CE,EIDT,MW
2035-05-25 19:00:00,YZ,5029.0,CE,EIDT,MW
2035-05-26 20:00:00,YZ,5029.0,CE,EIDT,MW
2035-05-27 21:00:00,YZ,5029.0,CE,EIDT,MW
2035-05-28 22:00:00,YZ,5029.0,CE,EIDT,MW
2035-05-29 23:00:00,YZ,5029.0,CE,EIDT,MW
2035-05-31 00:00:00,YZ,5029.0,CE,EIDT,MW
2035-06-01 01:00:00,YZ,4603.0,CE,EIDT,MW
2035-06-02 02:00:00,YZ,5029.0,CE,EIDT,MW
2035-06-03 03:00:00,YZ,5029.0,CE,EIDT,MW
2035-06-04 04:00:00,YZ,5029.0,CE,EIDT,MW
2035-06-05 05:00:00,YZ,5029.0,CE,EIDT,MW
2035-06-06 06:00:00,YZ,5029.0,CE,EIDT,MW
2035-06-07 07:00:00,YZ,5029.0,CE,EIDT,MW
2035-06-08 08:00:00,YZ,5029.0,CE,EIDT,MW
2035-06-09 09:00:00,YZ,5029.0,CE,EIDT,MW
2035-06-10 10:00:00,YZ,5029.0,CE,EIDT,MW
2035-06-11 11:00:00,YZ,5029.0,CE,EIDT,MW
2035-06-12 12:00:00,YZ,5029.0,CE,EIDT,MW
2035-06-13 13:00:00,YZ,5029.0,CE,EIDT,MW
2035-06-14 14:00:00,YZ,5029.0,CE,EIDT,MW
2035-06-15 15:00:00,YZ,5029.0,CE,EIDT,MW
2035-06-16 16:00:00,YZ,5029.0,CE,EIDT,MW
2035-06-17 17:00:00,YZ,5029.0,CE,EIDT,MW
2035-06-18 18:00:00,YZ,5029.0,CE,EIDT,MW
2035-06-19 19:00:00,YZ,5029.0,CE,EIDT,MW
2035-06-20 20:00:00,YZ,5029.0,CE,EIDT,MW
2035-06-21 21:00:00,YZ,5029.0,CE,EIDT,MW
2035-06-22 22:00:00,YZ,5029.0,CE,EIDT,MW
2035-06-23 23:00:00,YZ,5029.0,CE,EIDT,MW
2035-06-25 00:00:00,YZ,5029.0,CE,EIDT,MW
2035-06-26 01:00:00,YZ,5029.0,CE,EIDT,MW
2035-06-27 02:00:00,YZ,5029.0,CE,EIDT,MW
2035-06-28 03:00:00,YZ,5029.0,CE,EIDT,MW
2035-06-29 04:00:00,YZ,5029.0,CE,EIDT,MW
2035-06-30 05:00:00,YZ,5029.0,CE,EIDT,MW
2035-07-01 06:00:00,YZ,5029.0,CE,EIDT,MW
2035-07-02 07:00:00,YZ,5029.0,CE,EIDT,MW
2035-07-03 08:00:00,YZ,5029.0,CE,EIDT,MW
2035-07-04 09:00:00,YZ,5029.0,CE,EIDT,MW
2035-07-05 10:00:00,YZ,5029.0,CE,EIDT,MW
2035-07-06 11:00:00,YZ,5029.0,CE,EIDT,MW
2035-07-07 12:00:00,YZ,5029.0,CE,EIDT,MW
2035-07-08 13:00:00,YZ,5029.0,CE,EIDT,MW
2035-07-09 14:00:00,YZ,5029.0,CE,EIDT,MW
2035-07-10 15:00:00,YZ,5029.0,CE,EIDT,MW
2035-07-11 16:00:00,YZ,5029.0,CE,EIDT,MW
2035-07-12 17:00:00,YZ,5029.0,CE,EIDT,MW
2035-07-13 18:00:00,YZ,5029.0,CE,EIDT,MW
2035-07-14 19:00:00,YZ,5029.0,CE,EIDT,MW
2035-07-15 20:00:00,YZ,5029.0,CE,EIDT,MW
2035-07-16 21:00:00,YZ,5029.0,CE,EIDT,MW
2035-07-17 22:00:00,YZ,5029.0,CE,EIDT,MW
2035-07-18 23:00:00,YZ,5029.0,CE,EIDT,MW
2035-07-20 00:00:00,YZ,5029.0,CE,EIDT,MW
2035-07-21 01:00:00,YZ,5029.0,CE,EIDT,MW
2035-07-22 02:00:00,YZ,5029.0,CE,EIDT,MW
2035-07-23 03:00:00,YZ,5029.0,CE,EIDT,MW
2035-07-24 04:00:00,YZ,4887.0,CE,EIDT,MW
2035-07-25 05:00:00,YZ,5029.0,CE,EIDT,MW
2035-07-26 06:00:00,YZ,5029.0,CE,EIDT,MW
2035-07-27 07:00:00,YZ,5029.0,CE,EIDT,MW
2035-07-28 08:00:00,YZ,5029.0,CE,EIDT,MW
2035-07-29 09:00:00,YZ,5029.0,CE,EIDT,MW
2035-07-30 10:00:00,YZ,5029.0,CE,EIDT,MW
2035-07-31 11:00:00,YZ,5029.0,CE,EIDT,MW
2035-08-01 12:00:00,YZ,5029.0,CE,EIDT,MW
2035-08-02 13:00:00,YZ,5029.0,CE,EIDT,MW
2035-08-03 14:00:00,YZ,5029.0,CE,EIDT,MW
2035-08-04 15:00:00,YZ,4433.1,CE,EIDT,MW
2035-08-05 16:00:00,YZ,5029.0,CE,EIDT,MW
2035-08-06 17:00:00,YZ,5029.0,CE,EIDT,MW
2035-08-07 18:00:00,YZ,5029.0,CE,EIDT,MW
2035-08-08 19:00:00,YZ,5029.0,CE,EIDT,MW
2035-08-09 20:00:00,YZ,5029.0,CE,EIDT,MW
2035-08-10 21:00:00,YZ,5029.0,CE,EIDT,MW
2035-08-11 22:00:00,YZ,5029.0,CE,EIDT,MW
2035-08-12 23:00:00,YZ,5029.0,CE,EIDT,MW
2035-08-14 00:00:00,YZ,5029.0,CE,EIDT,MW
2035-08-15 01:00:00,YZ,5029.0,CE,EIDT,MW
2035-08-16 02:00:00,YZ,5029.0,CE,EIDT,MW
2035-08-17 03:00:00,YZ,4532.0,CE,EIDT,MW
2035-08-18 04:00:00,YZ,4391.6,CE,EIDT,MW
2035-08-19 05:00:00,YZ,4319.0,CE,EIDT,MW
2035-08-20 06:00:00,YZ,5029.0,CE,EIDT,MW
2035-08-21 07:00:00,YZ,5029.0,CE,EIDT,MW
2035-08-22 08:00:00,YZ,5029.0,CE,EIDT,MW
2035-08-23 09:00:00,YZ,5029.0,CE,EIDT,MW
2035-08-24 10:00:00,YZ,5029.0,CE,EIDT,MW
2035-08-25 11:00:00,YZ,5029.0,CE,EIDT,MW
2035-08-26 12:00:00,YZ,5029.0,CE,EIDT,MW
2035-08-27 13:00:00,YZ,5029.0,CE,EIDT,MW
2035-08-28 14:00:00,YZ,5029.0,CE,EIDT,MW
2035-08-29 15:00:00,YZ,5029.0,CE,EIDT,MW
2035-08-30 16:00:00,YZ,5029.0,CE,EIDT,MW
2035-08-31 17:00:00,YZ,5029.0,CE,EIDT,MW
2035-09-01 18:00:00,YZ,5029.0,CE,EIDT,MW
2035-09-02 19:00:00,YZ,5029.0,CE,EIDT,MW
2035-09-03 20:00:00,YZ,5029.0,CE,EIDT,MW
2035-09-04 21:00:00,YZ,5029.0,CE,EIDT,MW
2035-09-05 22:00:00,YZ,5029.0,CE,EIDT,MW
2035-09-06 23:00:00,YZ,5029.0,CE,EIDT,MW
2035-09-08 00:00:00,YZ,5029.0,CE,EIDT,MW
2035-09-09 01:00:00,YZ,5029.0,CE,EIDT,MW
2035-09-10 02:00:00,YZ,5029.0,CE,EIDT,MW
2035-09-11 03:00:00,YZ,4958.0,CE,EIDT,MW
2035-09-12 04:00:00,YZ,5029.0,CE,EIDT,MW
2035-09-13 05:00:00,YZ,5029.0,CE,EIDT,MW
2035-09-14 06:00:00,YZ,5029.0,CE,EIDT,MW
2035-09-15 07:00:00,YZ,5029.0,CE,EIDT,MW
2035-09-16 08:00:00,YZ,5029.0,CE,EIDT,MW
2035-09-17 09:00:00,YZ,5029.0,CE,EIDT,MW
2035-09-18 10:00:00,YZ,5029.0,CE,EIDT,MW
2035-09-19 11:00:00,YZ,5029.0,CE,EIDT,MW
2035-09-20 12:00:00,YZ,5029.0,CE,EIDT,MW
2035-09-21 13:00:00,YZ,5029.0,CE,EIDT,MW
2035-09-22 14:00:00,YZ,5029.0,CE,EIDT,MW
2035-09-23 15:00:00,YZ,5029.0,CE,EIDT,MW
2035-09-24 16:00:00,YZ,5029.0,CE,EIDT,MW
2035-09-25 17:00:00,YZ,5029.0,CE,EIDT,MW
2035-09-26 18:00:00,YZ,5029.0,CE,EIDT,MW
2035-09-27 19:00:00,YZ,5029.0,CE,EIDT,MW
2035-09-28 20:00:00,YZ,5029.0,CE,EIDT,MW
2035-09-29 21:00:00,YZ,5029.0,CE,EIDT,MW
2035-09-30 22:00:00,YZ,5029.0,CE,EIDT,MW
2035-10-01 23:00:00,YZ,5029.0,CE,EIDT,MW
2035-10-03 00:00:00,YZ,5029.0,CE,EIDT,MW
2035-10-04 01:00:00,YZ,5029.0,CE,EIDT,MW
2035-10-05 02:00:00,YZ,5029.0,CE,EIDT,MW
2035-10-06 03:00:00,YZ,5029.0,CE,EIDT,MW
2035-10-07 04:00:00,YZ,5029.0,CE,EIDT,MW
2035-10-08 05:00:00,YZ,5029.0,CE,EIDT,MW
2035-10-09 06:00:00,YZ,5029.0,CE,EIDT,MW
2035-10-10 07:00:00,YZ,5029.0,CE,EIDT,MW
2035-10-11 08:00:00,YZ,5029.0,CE,EIDT,MW
2035-10-12 09:00:00,YZ,5029.0,CE,EIDT,MW
2035-10-13 10:00:00,YZ,5029.0,CE,EIDT,MW
2035-10-14 11:00:00,YZ,5029.0,CE,EIDT,MW
2035-10-15 12:00:00,YZ,5029.0,CE,EIDT,MW
2035-10-16 13:00:00,YZ,5029.0,CE,EIDT,MW
2035-10-17 14:00:00,YZ,5029.0,CE,EIDT,MW
2035-10-18 15:00:00,YZ,5029.0,CE,EIDT,MW
2035-10-19 16:00:00,YZ,5029.0,CE,EIDT,MW
2035-10-20 17:00:00,YZ,5029.0,CE,EIDT,MW
2035-10-21 18:00:00,YZ,5029.0,CE,EIDT,MW
2035-10-22 19:00:00,YZ,5029.0,CE,EIDT,MW
2035-10-23 20:00:00,YZ,5029.0,CE,EIDT,MW
2035-10-24 21:00:00,YZ,5029.0,CE,EIDT,MW
2035-10-25 22:00:00,YZ,5029.0,CE,EIDT,MW
2035-10-26 23:00:00,YZ,5029.0,CE,EIDT,MW
2035-10-28 00:00:00,YZ,5029.0,CE,EIDT,MW
2035-10-29 01:00:00,YZ,5029.0,CE,EIDT,MW
2035-10-30 02:00:00,YZ,5029.0,CE,EIDT,MW
2035-10-31 03:00:00,YZ,5029.0,CE,EIDT,MW
2035-11-01 04:00:00,YZ,4674.0,CE,EIDT,MW
2035-11-02 05:00:00,YZ,5029.0,CE,EIDT,MW
2035-11-03 06:00:00,YZ,5029.0,CE,EIDT,MW
2035-11-04 07:00:00,YZ,5029.0,CE,EIDT,MW
2035-11-05 08:00:00,YZ,5029.0,CE,EIDT,MW
2035-11-06 09:00:00,YZ,5029.0,CE,EIDT,MW
2035-11-07 10:00:00,YZ,5029.0,CE,EIDT,MW
2035-11-08 11:00:00,YZ,5029.0,CE,EIDT,MW
2035-11-09 12:00:00,YZ,5029.0,CE,EIDT,MW
2035-11-10 13:00:00,YZ,5029.0,CE,EIDT,MW
2035-11-11 14:00:00,YZ,5029.0,CE,EIDT,MW
2035-11-12 15:00:00,YZ,5029.0,CE,EIDT,MW
2035-11-13 16:00:00,YZ,5029.0,CE,EIDT,MW
2035-11-14 17:00:00,YZ,5029.0,CE,EIDT,MW
2035-11-15 18:00:00,YZ,5029.0,CE,EIDT,MW
2035-11-16 19:00:00,YZ,5029.0,CE,EIDT,MW
2035-11-17 20:00:00,YZ,5029.0,CE,EIDT,MW
2035-11-18 21:00:00,YZ,5029.0,CE,EIDT,MW
2035-11-19 22:00:00,YZ,5029.0,CE,EIDT,MW
2035-11-20 23:00:00,YZ,5029.0,CE,EIDT,MW
2035-11-22 00:00:00,YZ,5029.0,CE,EIDT,MW
2035-11-23 01:00:00,YZ,5029.0,CE,EIDT,MW
2035-11-24 02:00:00,YZ,4674.0,CE,EIDT,MW
2035-11-25 03:00:00,YZ,5029.0,CE,EIDT,MW
2035-11-26 04:00:00,YZ,4674.0,CE,EIDT,MW
2035-11-27 05:00:00,YZ,5029.0,CE,EIDT,MW
2035-11-28 06:00:00,YZ,5029.0,CE,EIDT,MW
2035-11-29 07:00:00,YZ,5029.0,CE,EIDT,MW
2035-11-30 08:00:00,YZ,5029.0,CE,EIDT,MW
2035-12-01 09:00:00,YZ,5029.0,CE,EIDT,MW
2035-12-02 10:00:00,YZ,5029.0,CE,EIDT,MW
2035-12-03 11:00:00,YZ,5029.0,CE,EIDT,MW
2035-12-04 12:00:00,YZ,5029.0,CE,EIDT,MW
2035-12-05 13:00:00,YZ,5029.0,CE,EIDT,MW
2035-12-06 14:00:00,YZ,5029.0,CE,EIDT,MW
2035-12-07 15:00:00,YZ,5029.0,CE,EIDT,MW
2035-12-08 16:00:00,YZ,5029.0,CE,EIDT,MW
2035-12-09 17:00:00,YZ,5029.0,CE,EIDT,MW
2035-12-10 18:00:00,YZ,5029.0,CE,EIDT,MW
2035-12-11 19:00:00,YZ,5029.0,CE,EIDT,MW
2035-12-12 20:00:00,YZ,5029.0,CE,EIDT,MW
2035-12-13 21:00:00,YZ,5029.0,CE,EIDT,MW
2035-12-14 22:00:00,YZ,5029.0,CE,EIDT,MW
2035-12-15 23:00:00,YZ,5029.0,CE,EIDT,MW
2035-12-17 00:00:00,YZ,5029.0,CE,EIDT,MW
2035-12-18 01:00:00,YZ,5029.0,CE,EIDT,MW
2035-12-19 02:00:00,YZ,5029.0,CE,EIDT,MW
2035-12-20 03:00:00,YZ,5029.0,CE,EIDT,MW
2035-12-21 04:00:00,YZ,5029.0,CE,EIDT,MW
2035-12-22 05:00:00,YZ,5029.0,CE,EIDT,MW
2035-12-23 06:00:00,YZ,5029.0,CE,EIDT,MW
2035-12-24 07:00:00,YZ,5029.0,CE,EIDT,MW
2035-12-25 08:00:00,YZ,5029.0,CE,EIDT,MW
2035-12-26 09:00:00,YZ,5029.0,CE,EIDT,MW
2035-12-27 10:00:00,YZ,5029.0,CE,EIDT,MW
2035-12-28 11:00:00,YZ,5029.0,CE,EIDT,MW
2035-12-29 12:00:00,YZ,5029.0,CE,EIDT,MW
2035-12-30 13:00:00,YZ,5029.0,CE,EIDT,MW
2035-12-31 14:00:00,YZ,5029.0,CE,EIDT,MW
2036-01-01 15:00:00,YZ,5029.0,CE,EIDT,MW
2035-01-01 00:00:00,YZ,8013.2,CE,IND_BOILER,MW
2035-01-02 01:00:00,YZ,9607.4,CE,IND_BOILER,MW
2035-01-03 02:00:00,YZ,9996.6,CE,IND_BOILER,MW
2035-01-04 03:00:00,YZ,9227.0,CE,IND_BOILER,MW
2035-01-05 04:00:00,YZ,6816.9,CE,IND_BOILER,MW
2035-01-06 05:00:00,YZ,6864.8,CE,IND_BOILER,MW
2035-01-07 06:00:00,YZ,8004.9,CE,IND_BOILER,MW
2035-01-08 07:00:00,YZ,8796.9,CE,IND_BOILER,MW
2035-01-09 08:00:00,YZ,9324.9,CE,IND_BOILER,MW
2035-01-10 09:00:00,YZ,9192.9,CE,IND_BOILER,MW
2035-01-11 10:00:00,YZ,9133.0,CE,IND_BOILER,MW
2035-01-12 11:00:00,YZ,7740.9,CE,IND_BOILER,MW
2035-01-13 12:00:00,YZ,6824.9,CE,IND_BOILER,MW
2035-01-14 13:00:00,YZ,9192.9,CE,IND_BOILER,MW
2035-01-15 14:00:00,YZ,11471.0,CE,IND_BOILER,MW
2035-01-16 15:00:00,YZ,12514.0,CE,IND_BOILER,MW
2035-01-17 16:00:00,YZ,10825.2,CE,IND_BOILER,MW
2035-01-18 17:00:00,YZ,7159.2,CE,IND_BOILER,MW
2035-01-19 18:00:00,YZ,7344.9,CE,IND_BOILER,MW
2035-01-20 19:00:00,YZ,9852.9,CE,IND_BOILER,MW
2035-01-21 20:00:00,YZ,10116.9,CE,IND_BOILER,MW
2035-01-22 21:00:00,YZ,10644.9,CE,IND_BOILER,MW
2035-01-23 22:00:00,YZ,10512.9,CE,IND_BOILER,MW
2035-01-24 23:00:00,YZ,8642.9,CE,IND_BOILER,MW
2035-01-26 00:00:00,YZ,6496.9,CE,IND_BOILER,MW
2035-01-27 01:00:00,YZ,5096.7,CE,IND_BOILER,MW
2035-01-28 02:00:00,YZ,5239.9,CE,IND_BOILER,MW
2035-01-29 03:00:00,YZ,11841.0,CE,IND_BOILER,MW
2035-01-30 04:00:00,YZ,10995.0,CE,IND_BOILER,MW
2035-01-31 05:00:00,YZ,10956.1,CE,IND_BOILER,MW
2035-02-01 06:00:00,YZ,6552.9,CE,IND_BOILER,MW
2035-02-02 07:00:00,YZ,7476.9,CE,IND_BOILER,MW
2035-02-03 08:00:00,YZ,13244.0,CE,IND_BOILER,MW
2035-02-04 09:00:00,YZ,10706.8,CE,IND_BOILER,MW
2035-02-05 10:00:00,YZ,9596.9,CE,IND_BOILER,MW
2035-02-06 11:00:00,YZ,10644.9,CE,IND_BOILER,MW
2035-02-07 12:00:00,YZ,9852.9,CE,IND_BOILER,MW
2035-02-08 13:00:00,YZ,7793.7,CE,IND_BOILER,MW
2035-02-09 14:00:00,YZ,7562.5,CE,IND_BOILER,MW
2035-02-10 15:00:00,YZ,13549.0,CE,IND_BOILER,MW
2035-02-11 16:00:00,YZ,10248.9,CE,IND_BOILER,MW
2035-02-12 17:00:00,YZ,10776.9,CE,IND_BOILER,MW
2035-02-13 18:00:00,YZ,10644.9,CE,IND_BOILER,MW
2035-02-14 19:00:00,YZ,10220.3,CE,IND_BOILER,MW
2035-02-15 20:00:00,YZ,7212.9,CE,IND_BOILER,MW
2035-02-16 21:00:00,YZ,7476.9,CE,IND_BOILER,MW
2035-02-17 22:00:00,YZ,9984.9,CE,IND_BOILER,MW
2035-02-18 23:00:00,YZ,10364.7,CE,IND_BOILER,MW
2035-02-20 00:00:00,YZ,10415.0,CE,IND_BOILER,MW
2035-02-21 01:00:00,YZ,10794.4,CE,IND_BOILER,MW
2035-02-22 02:00:00,YZ,4959.2,CE,IND_BOILER,MW
2035-02-23 03:00:00,YZ,4171.1,CE,IND_BOILER,MW
2035-02-24 04:00:00,YZ,5274.0,CE,IND_BOILER,MW
2035-02-25 05:00:00,YZ,6552.9,CE,IND_BOILER,MW
2035-02-26 06:00:00,YZ,8004.9,CE,IND_BOILER,MW
2035-02-27 07:00:00,YZ,9192.9,CE,IND_BOILER,MW
2035-02-28 08:00:00,YZ,10175.7,CE,IND_BOILER,MW
2035-03-01 09:00:00,YZ,7106.0,CE,IND_BOILER,MW
2035-03-02 10:00:00,YZ,7344.9,CE,IND_BOILER,MW
2035-03-03 11:00:00,YZ,9398.4,CE,IND_BOILER,MW
2035-03-04 12:00:00,YZ,9683.2,CE,IND_BOILER,MW
2035-03-05 13:00:00,YZ,12585.0,CE,IND_BOILER,MW
2035-03-06 14:00:00,YZ,10051.4,CE,IND_BOILER,MW
2035-03-07 15:00:00,YZ,9588.9,CE,IND_BOILER,MW
2035-03-08 16:00:00,YZ,11977.0,CE,IND_BOILER,MW
2035-03-09 17:00:00,YZ,6164.9,CE,IND_BOILER,MW
2035-03-10 18:00:00,YZ,9227.3,CE,IND_BOILER,MW
2035-03-11 19:00:00,YZ,9984.9,CE,IND_BOILER,MW
2035-03-12 20:00:00,YZ,10512.9,CE,IND_BOILER,MW
2035-03-13 21:00:00,YZ,10792.4,CE,IND_BOILER,MW
2035-03-14 22:00:00,YZ,9588.9,CE,IND_BOILER,MW
2035-03-15 23:00:00,YZ,6178.4,CE,IND_BOILER,MW
2035-03-17 00:00:00,YZ,5799.9,CE,IND_BOILER,MW
2035-03-18 01:00:00,YZ,6420.9,CE,IND_BOILER,MW
2035-03-19 02:00:00,YZ,6288.9,CE,IND_BOILER,MW
2035-03-20 03:00:00,YZ,8303.0,CE,IND_BOILER,MW
2035-03-21 04:00:00,YZ,7256.7,CE,IND_BOILER,MW
2035-03-22 05:00:00,YZ,5364.9,CE,IND_BOILER,MW
2035-03-23 06:00:00,YZ,5718.4,CE,IND_BOILER,MW
2035-03-24 07:00:00,YZ,8136.9,CE,IND_BOILER,MW
2035-03-25 08:00:00,YZ,8681.6,CE,IND_BOILER,MW
2035-03-26 09:00:00,YZ,10248.9,CE,IND_BOILER,MW
2035-03-27 10:00:00,YZ,10248.9,CE,IND_BOILER,MW
2035-03-28 11:00:00,YZ,9456.9,CE,IND_BOILER,MW
2035-03-29 12:00:00,YZ,8107.4,CE,IND_BOILER,MW
2035-03-30 13:00:00,YZ,8247.9,CE,IND_BOILER,MW
2035-03-31 14:00:00,YZ,9383.8,CE,IND_BOILER,MW
2035-04-01 15:00:00,YZ,9852.9,CE,IND_BOILER,MW
2035-04-02 16:00:00,YZ,10380.9,CE,IND_BOILER,MW
2035-04-03 17:00:00,YZ,9972.9,CE,IND_BOILER,MW
2035-04-04 18:00:00,YZ,9456.9,CE,IND_BOILER,MW
2035-04-05 19:00:00,YZ,6816.9,CE,IND_BOILER,MW
2035-04-06 20:00:00,YZ,8658.4,CE,IND_BOILER,MW
2035-04-07 21:00:00,YZ,9075.7,CE,IND_BOILER,MW
2035-04-08 22:00:00,YZ,9190.9,CE,IND_BOILER,MW
2035-04-09 23:00:00,YZ,8408.9,CE,IND_BOILER,MW
2035-04-11 00:00:00,YZ,6816.4,CE,IND_BOILER,MW
2035-04-12 01:00:00,YZ,5892.9,CE,IND_BOILER,MW
2035-04-13 02:00:00,YZ,5010.8,CE,IND_BOILER,MW
2035-04-14 03:00:00,YZ,3883.8,CE,IND_BOILER,MW
2035-04-15 04:00:00,YZ,5628.9,CE,IND_BOILER,MW
2035-04-16 05:00:00,YZ,6816.9,CE,IND_BOILER,MW
2035-04-17 06:00:00,YZ,9100.6,CE,IND_BOILER,MW
2035-04-18 07:00:00,YZ,8860.4,CE,IND_BOILER,MW
2035-04-19 08:00:00,YZ,6816.9,CE,IND_BOILER,MW
2035-04-20 09:00:00,YZ,5900.9,CE,IND_BOILER,MW
2035-04-21 10:00:00,YZ,8276.9,CE,IND_BOILER,MW
2035-04-22 11:00:00,YZ,9637.1,CE,IND_BOILER,MW
2035-04-23 12:00:00,YZ,10248.9,CE,IND_BOILER,MW
2035-04-24 13:00:00,YZ,9939.1,CE,IND_BOILER,MW
2035-04-25 14:00:00,YZ,9324.9,CE,IND_BOILER,MW
2035-04-26 15:00:00,YZ,6816.9,CE,IND_BOILER,MW
2035-04-27 16:00:00,YZ,8061.5,CE,IND_BOILER,MW
2035-04-28 17:00:00,YZ,9456.9,CE,IND_BOILER,MW
2035-04-29 18:00:00,YZ,9720.9,CE,IND_BOILER,MW
2035-04-30 19:00:00,YZ,10248.9,CE,IND_BOILER,MW
2035-05-01 20:00:00,YZ,9984.9,CE,IND_BOILER,MW
2035-05-02 21:00:00,YZ,9324.9,CE,IND_BOILER,MW
2035-05-03 22:00:00,YZ,6385.2,CE,IND_BOILER,MW
2035-05-04 23:00:00,YZ,6550.9,CE,IND_BOILER,MW
2035-05-06 00:00:00,YZ,7766.7,CE,IND_BOILER,MW
2035-05-07 01:00:00,YZ,7062.8,CE,IND_BOILER,MW
2035-05-08 02:00:00,YZ,7775.4,CE,IND_BOILER,MW
2035-05-09 03:00:00,YZ,5416.0,CE,IND_BOILER,MW
2035-05-10 04:00:00,YZ,5824.8,CE,IND_BOILER,MW
2035-05-11 05:00:00,YZ,5364.9,CE,IND_BOILER,MW
2035-05-12 06:00:00,YZ,6418.9,CE,IND_BOILER,MW
2035-05-13 07:00:00,YZ,7474.9,CE,IND_BOILER,MW
2035-05-14 08:00:00,YZ,9456.9,CE,IND_BOILER,MW
2035-05-15 09:00:00,YZ,9984.9,CE,IND_BOILER,MW
2035-05-16 10:00:00,YZ,9192.9,CE,IND_BOILER,MW
2035-05-17 11:00:00,YZ,6684.9,CE,IND_BOILER,MW
2035-05-18 12:00:00,YZ,8321.7,CE,IND_BOILER,MW
2035-05-19 13:00:00,YZ,8794.9,CE,IND_BOILER,MW
2035-05-20 14:00:00,YZ,11603.0,CE,IND_BOILER,MW
2035-05-21 15:00:00,YZ,10067.9,CE,IND_BOILER,MW
2035-05-22 16:00:00,YZ,9454.9,CE,IND_BOILER,MW
2035-05-23 17:00:00,YZ,9651.9,CE,IND_BOILER,MW
2035-05-24 18:00:00,YZ,6903.5,CE,IND_BOILER,MW
2035-05-25 19:00:00,YZ,6662.1,CE,IND_BOILER,MW
2035-05-26 20:00:00,YZ,9324.9,CE,IND_BOILER,MW
2035-05-27 21:00:00,YZ,11238.6,CE,IND_BOILER,MW
2035-05-28 22:00:00,YZ,10116.9,CE,IND_BOILER,MW
2035-05-29 23:00:00,YZ,8398.9,CE,IND_BOILER,MW
2035-05-31 00:00:00,YZ,7110.1,CE,IND_BOILER,MW
2035-06-01 01:00:00,YZ,6034.9,CE,IND_BOILER,MW
2035-06-02 02:00:00,YZ,5061.0,CE,IND_BOILER,MW
2035-06-03 03:00:00,YZ,5274.0,CE,IND_BOILER,MW
2035-06-04 04:00:00,YZ,6024.9,CE,IND_BOILER,MW
2035-06-05 05:00:00,YZ,6359.2,CE,IND_BOILER,MW
2035-06-06 06:00:00,YZ,8963.0,CE,IND_BOILER,MW
2035-06-07 07:00:00,YZ,10356.0,CE,IND_BOILER,MW
2035-06-08 08:00:00,YZ,7732.4,CE,IND_BOILER,MW
2035-06-09 09:00:00,YZ,8831.0,CE,IND_BOILER,MW
2035-06-10 10:00:00,YZ,9192.9,CE,IND_BOILER,MW
2035-06-11 11:00:00,YZ,9456.9,CE,IND_BOILER,MW
2035-06-12 12:00:00,YZ,10151.7,CE,IND_BOILER,MW
2035-06-13 13:00:00,YZ,11560.0,CE,IND_BOILER,MW
2035-06-14 14:00:00,YZ,9060.9,CE,IND_BOILER,MW
2035-06-15 15:00:00,YZ,6552.9,CE,IND_BOILER,MW
2035-06-16 16:00:00,YZ,7922.8,CE,IND_BOILER,MW
2035-06-17 17:00:00,YZ,9192.9,CE,IND_BOILER,MW
2035-06-18 18:00:00,YZ,9456.9,CE,IND_BOILER,MW
2035-06-19 19:00:00,YZ,9945.9,CE,IND_BOILER,MW
2035-06-20 20:00:00,YZ,10528.6,CE,IND_BOILER,MW
2035-06-21 21:00:00,YZ,9192.9,CE,IND_BOILER,MW
2035-06-22 22:00:00,YZ,6552.9,CE,IND_BOILER,MW
2035-06-23 23:00:00,YZ,6816.9,CE,IND_BOILER,MW
2035-06-25 00:00:00,YZ,8532.9,CE,IND_BOILER,MW
2035-06-26 01:00:00,YZ,7344.9,CE,IND_BOILER,MW
2035-06-27 02:00:00,YZ,6816.9,CE,IND_BOILER,MW
2035-06-28 03:00:00,YZ,5628.9,CE,IND_BOILER,MW
2035-06-29 04:00:00,YZ,5061.0,CE,IND_BOILER,MW
2035-06-30 05:00:00,YZ,4919.0,CE,IND_BOILER,MW
2035-07-01 06:00:00,YZ,6024.9,CE,IND_BOILER,MW
2035-07-02 07:00:00,YZ,7152.0,CE,IND_BOILER,MW
2035-07-03 08:00:00,YZ,9088.0,CE,IND_BOILER,MW
2035-07-04 09:00:00,YZ,10459.3,CE,IND_BOILER,MW
2035-07-05 10:00:00,YZ,10122.8,CE,IND_BOILER,MW
2035-07-06 11:00:00,YZ,6552.9,CE,IND_BOILER,MW
2035-07-07 12:00:00,YZ,7294.4,CE,IND_BOILER,MW
2035-07-08 13:00:00,YZ,8012.9,CE,IND_BOILER,MW
2035-07-09 14:00:00,YZ,8607.3,CE,IND_BOILER,MW
2035-07-10 15:00:00,YZ,10227.4,CE,IND_BOILER,MW
2035-07-11 16:00:00,YZ,11621.2,CE,IND_BOILER,MW
2035-07-12 17:00:00,YZ,9060.9,CE,IND_BOILER,MW
2035-07-13 18:00:00,YZ,6552.9,CE,IND_BOILER,MW
2035-07-14 19:00:00,YZ,6816.9,CE,IND_BOILER,MW
2035-07-15 20:00:00,YZ,9312.9,CE,IND_BOILER,MW
2035-07-16 21:00:00,YZ,9456.9,CE,IND_BOILER,MW
2035-07-17 22:00:00,YZ,9984.9,CE,IND_BOILER,MW
2035-07-18 23:00:00,YZ,9852.9,CE,IND_BOILER,MW
2035-07-20 00:00:00,YZ,8136.9,CE,IND_BOILER,MW
2035-07-21 01:00:00,YZ,6156.9,CE,IND_BOILER,MW
2035-07-22 02:00:00,YZ,5364.9,CE,IND_BOILER,MW
2035-07-23 03:00:00,YZ,5496.9,CE,IND_BOILER,MW
2035-07-24 04:00:00,YZ,6260.2,CE,IND_BOILER,MW
2035-07-25 05:00:00,YZ,6156.9,CE,IND_BOILER,MW
2035-07-26 06:00:00,YZ,6156.9,CE,IND_BOILER,MW
2035-07-27 07:00:00,YZ,5892.9,CE,IND_BOILER,MW
2035-07-28 08:00:00,YZ,6816.9,CE,IND_BOILER,MW
2035-07-29 09:00:00,YZ,8664.9,CE,IND_BOILER,MW
2035-07-30 10:00:00,YZ,9324.9,CE,IND_BOILER,MW
2035-07-31 11:00:00,YZ,10290.3,CE,IND_BOILER,MW
2035-08-01 12:00:00,YZ,11867.0,CE,IND_BOILER,MW
2035-08-02 13:00:00,YZ,9565.8,CE,IND_BOILER,MW
2035-08-03 14:00:00,YZ,8567.0,CE,IND_BOILER,MW
2035-08-04 15:00:00,YZ,9426.9,CE,IND_BOILER,MW
2035-08-05 16:00:00,YZ,9192.9,CE,IND_BOILER,MW
2035-08-06 17:00:00,YZ,10289.4,CE,IND_BOILER,MW
2035-08-07 18:00:00,YZ,11331.5,CE,IND_BOILER,MW
2035-08-08 19:00:00,YZ,9852.9,CE,IND_BOILER,MW
2035-08-09 20:00:00,YZ,9060.9,CE,IND_BOILER,MW
2035-08-10 21:00:00,YZ,6552.9,CE,IND_BOILER,MW
2035-08-11 22:00:00,YZ,6816.9,CE,IND_BOILER,MW
2035-08-12 23:00:00,YZ,8012.9,CE,IND_BOILER,MW
2035-08-14 00:00:00,YZ,8928.9,CE,IND_BOILER,MW
2035-08-15 01:00:00,YZ,8344.9,CE,IND_BOILER,MW
2035-08-16 02:00:00,YZ,7034.0,CE,IND_BOILER,MW
2035-08-17 03:00:00,YZ,7612.0,CE,IND_BOILER,MW
2035-08-18 04:00:00,YZ,5414.4,CE,IND_BOILER,MW
2035-08-19 05:00:00,YZ,5700.0,CE,IND_BOILER,MW
2035-08-20 06:00:00,YZ,6024.9,CE,IND_BOILER,MW
2035-08-21 07:00:00,YZ,7476.9,CE,IND_BOILER,MW
2035-08-22 08:00:00,YZ,8532.9,CE,IND_BOILER,MW
2035-08-23 09:00:00,YZ,8664.9,CE,IND_BOILER,MW
2035-08-24 10:00:00,YZ,6937.6,CE,IND_BOILER,MW
2035-08-25 11:00:00,YZ,7224.0,CE,IND_BOILER,MW
2035-08-26 12:00:00,YZ,9192.9,CE,IND_BOILER,MW
2035-08-27 13:00:00,YZ,9456.9,CE,IND_BOILER,MW
2035-08-28 14:00:00,YZ,9984.9,CE,IND_BOILER,MW
2035-08-29 15:00:00,YZ,9852.9,CE,IND_BOILER,MW
2035-08-30 16:00:00,YZ,9060.9,CE,IND_BOILER,MW
2035-08-31 17:00:00,YZ,6773.7,CE,IND_BOILER,MW
2035-09-01 18:00:00,YZ,6816.9,CE,IND_BOILER,MW
2035-09-02 19:00:00,YZ,9192.9,CE,IND_BOILER,MW
2035-09-03 20:00:00,YZ,8709.2,CE,IND_BOILER,MW
2035-09-04 21:00:00,YZ,9984.9,CE,IND_BOILER,MW
2035-09-05 22:00:00,YZ,10213.3,CE,IND_BOILER,MW
2035-09-06 23:00:00,YZ,9060.9,CE,IND_BOILER,MW
2035-09-08 00:00:00,YZ,6022.9,CE,IND_BOILER,MW
2035-09-09 01:00:00,YZ,6288.9,CE,IND_BOILER,MW
2035-09-10 02:00:00,YZ,5917.1,CE,IND_BOILER,MW
2035-09-11 03:00:00,YZ,6626.2,CE,IND_BOILER,MW
2035-09-12 04:00:00,YZ,5892.9,CE,IND_BOILER,MW
2035-09-13 05:00:00,YZ,5496.9,CE,IND_BOILER,MW
2035-09-14 06:00:00,YZ,5132.0,CE,IND_BOILER,MW
2035-09-15 07:00:00,YZ,6024.9,CE,IND_BOILER,MW
2035-09-16 08:00:00,YZ,8220.4,CE,IND_BOILER,MW
2035-09-17 09:00:00,YZ,8296.7,CE,IND_BOILER,MW
2035-09-18 10:00:00,YZ,10867.3,CE,IND_BOILER,MW
2035-09-19 11:00:00,YZ,9720.9,CE,IND_BOILER,MW
2035-09-20 12:00:00,YZ,8858.2,CE,IND_BOILER,MW
2035-09-21 13:00:00,YZ,6552.9,CE,IND_BOILER,MW
2035-09-22 14:00:00,YZ,6816.9,CE,IND_BOILER,MW
2035-09-23 15:00:00,YZ,8662.9,CE,IND_BOILER,MW
2035-09-24 16:00:00,YZ,8926.9,CE,IND_BOILER,MW
2035-09-25 17:00:00,YZ,11425.9,CE,IND_BOILER,MW
2035-09-26 18:00:00,YZ,9852.9,CE,IND_BOILER,MW
2035-09-27 19:00:00,YZ,8530.9,CE,IND_BOILER,MW
2035-09-28 20:00:00,YZ,6552.9,CE,IND_BOILER,MW
2035-09-29 21:00:00,YZ,6816.9,CE,IND_BOILER,MW
2035-09-30 22:00:00,YZ,9192.9,CE,IND_BOILER,MW
2035-10-01 23:00:00,YZ,9456.9,CE,IND_BOILER,MW
2035-10-03 00:00:00,YZ,9389.1,CE,IND_BOILER,MW
2035-10-04 01:00:00,YZ,7212.9,CE,IND_BOILER,MW
2035-10-05 02:00:00,YZ,5760.9,CE,IND_BOILER,MW
2035-10-06 03:00:00,YZ,4919.0,CE,IND_BOILER,MW
2035-10-07 04:00:00,YZ,4919.0,CE,IND_BOILER,MW
2035-10-08 05:00:00,YZ,5496.9,CE,IND_BOILER,MW
2035-10-09 06:00:00,YZ,6684.9,CE,IND_BOILER,MW
2035-10-10 07:00:00,YZ,9755.0,CE,IND_BOILER,MW
2035-10-11 08:00:00,YZ,8885.1,CE,IND_BOILER,MW
2035-10-12 09:00:00,YZ,6684.9,CE,IND_BOILER,MW
2035-10-13 10:00:00,YZ,5921.9,CE,IND_BOILER,MW
2035-10-14 11:00:00,YZ,8794.9,CE,IND_BOILER,MW
2035-10-15 12:00:00,YZ,10014.5,CE,IND_BOILER,MW
2035-10-16 13:00:00,YZ,10471.6,CE,IND_BOILER,MW
2035-10-17 14:00:00,YZ,9984.9,CE,IND_BOILER,MW
2035-10-18 15:00:00,YZ,9192.9,CE,IND_BOILER,MW
2035-10-19 16:00:00,YZ,7866.7,CE,IND_BOILER,MW
2035-10-20 17:00:00,YZ,6948.9,CE,IND_BOILER,MW
2035-10-21 18:00:00,YZ,8794.9,CE,IND_BOILER,MW
2035-10-22 19:00:00,YZ,8408.9,CE,IND_BOILER,MW
2035-10-23 20:00:00,YZ,9817.1,CE,IND_BOILER,MW
2035-10-24 21:00:00,YZ,10275.8,CE,IND_BOILER,MW
2035-10-25 22:00:00,YZ,8012.9,CE,IND_BOILER,MW
2035-10-26 23:00:00,YZ,7068.5,CE,IND_BOILER,MW
2035-10-28 00:00:00,YZ,6948.9,CE,IND_BOILER,MW
2035-10-29 01:00:00,YZ,6948.9,CE,IND_BOILER,MW
2035-10-30 02:00:00,YZ,8567.0,CE,IND_BOILER,MW
2035-10-31 03:00:00,YZ,7123.9,CE,IND_BOILER,MW
2035-11-01 04:00:00,YZ,5719.9,CE,IND_BOILER,MW
2035-11-02 05:00:00,YZ,4848.0,CE,IND_BOILER,MW
2035-11-03 06:00:00,YZ,5274.0,CE,IND_BOILER,MW
2035-11-04 07:00:00,YZ,5921.9,CE,IND_BOILER,MW
2035-11-05 08:00:00,YZ,7474.9,CE,IND_BOILER,MW
2035-11-06 09:00:00,YZ,9324.9,CE,IND_BOILER,MW
2035-11-07 10:00:00,YZ,9852.9,CE,IND_BOILER,MW
2035-11-08 11:00:00,YZ,9499.6,CE,IND_BOILER,MW
2035-11-09 12:00:00,YZ,6684.9,CE,IND_BOILER,MW
2035-11-10 13:00:00,YZ,6948.9,CE,IND_BOILER,MW
2035-11-11 14:00:00,YZ,9324.9,CE,IND_BOILER,MW
2035-11-12 15:00:00,YZ,9588.9,CE,IND_BOILER,MW
2035-11-13 16:00:00,YZ,10116.9,CE,IND_BOILER,MW
2035-11-14 17:00:00,YZ,9984.9,CE,IND_BOILER,MW
2035-11-15 18:00:00,YZ,11207.0,CE,IND_BOILER,MW
2035-11-16 19:00:00,YZ,6684.9,CE,IND_BOILER,MW
2035-11-17 20:00:00,YZ,6737.6,CE,IND_BOILER,MW
2035-11-18 21:00:00,YZ,10667.4,CE,IND_BOILER,MW
2035-11-19 22:00:00,YZ,8408.9,CE,IND_BOILER,MW
2035-11-20 23:00:00,YZ,9586.9,CE,IND_BOILER,MW
2035-11-22 00:00:00,YZ,7748.9,CE,IND_BOILER,MW
2035-11-23 01:00:00,YZ,6684.9,CE,IND_BOILER,MW
2035-11-24 02:00:00,YZ,5940.6,CE,IND_BOILER,MW
2035-11-25 03:00:00,YZ,5132.0,CE,IND_BOILER,MW
2035-11-26 04:00:00,YZ,7652.7,CE,IND_BOILER,MW
2035-11-27 05:00:00,YZ,6156.9,CE,IND_BOILER,MW
2035-11-28 06:00:00,YZ,6418.9,CE,IND_BOILER,MW
2035-11-29 07:00:00,YZ,9227.0,CE,IND_BOILER,MW
2035-11-30 08:00:00,YZ,6154.9,CE,IND_BOILER,MW
2035-12-01 09:00:00,YZ,7080.9,CE,IND_BOILER,MW
2035-12-02 10:00:00,YZ,9324.9,CE,IND_BOILER,MW
2035-12-03 11:00:00,YZ,9720.9,CE,IND_BOILER,MW
2035-12-04 12:00:00,YZ,10248.9,CE,IND_BOILER,MW
2035-12-05 13:00:00,YZ,10323.3,CE,IND_BOILER,MW
2035-12-06 14:00:00,YZ,11090.4,CE,IND_BOILER,MW
2035-12-07 15:00:00,YZ,8831.0,CE,IND_BOILER,MW
2035-12-08 16:00:00,YZ,6747.9,CE,IND_BOILER,MW
2035-12-09 17:00:00,YZ,8805.4,CE,IND_BOILER,MW
2035-12-10 18:00:00,YZ,9720.9,CE,IND_BOILER,MW
2035-12-11 19:00:00,YZ,10248.9,CE,IND_BOILER,MW
2035-12-12 20:00:00,YZ,10116.9,CE,IND_BOILER,MW
2035-12-13 21:00:00,YZ,9324.9,CE,IND_BOILER,MW
2035-12-14 22:00:00,YZ,6286.9,CE,IND_BOILER,MW
2035-12-15 23:00:00,YZ,5900.9,CE,IND_BOILER,MW
2035-12-17 00:00:00,YZ,9860.4,CE,IND_BOILER,MW
2035-12-18 01:00:00,YZ,8117.7,CE,IND_BOILER,MW
2035-12-19 02:00:00,YZ,7651.8,CE,IND_BOILER,MW
2035-12-20 03:00:00,YZ,5892.9,CE,IND_BOILER,MW
2035-12-21 04:00:00,YZ,5203.0,CE,IND_BOILER,MW
2035-12-22 05:00:00,YZ,5061.0,CE,IND_BOILER,MW
2035-12-23 06:00:00,YZ,6288.9,CE,IND_BOILER,MW
2035-12-24 07:00:00,YZ,9227.0,CE,IND_BOILER,MW
2035-12-25 08:00:00,YZ,8743.7,CE,IND_BOILER,MW
2035-12-26 09:00:00,YZ,9720.9,CE,IND_BOILER,MW
2035-12-27 10:00:00,YZ,9324.9,CE,IND_BOILER,MW
2035-12-28 11:00:00,YZ,7368.8,CE,IND_BOILER,MW
2035-12-29 12:00:00,YZ,7080.9,CE,IND_BOILER,MW
2035-12-30 13:00:00,YZ,9242.6,CE,IND_BOILER,MW
2035-12-31 14:00:00,YZ,11867.0,CE,IND_BOILER,MW
2036-01-01 15:00:00,YZ,10380.9,CE,IND_BOILER,MW
2035-01-01 00:00:00,YZ,598.5,NR,EIDT,MW
2035-01-02 01:00:00,YZ,598.5,NR,EIDT,MW
2035-01-03 02:00:00,YZ,376.7,NR,EIDT,MW
2035-01-04 03:00:00,YZ,598.5,NR,EIDT,MW
2035-01-05 04:00:00,YZ,598.5,NR,EIDT,MW
2035-01-06 05:00:00,YZ,598.5,NR,EIDT,MW
2035-01-07 06:00:00,YZ,598.5,NR,EIDT,MW
2035-01-08 07:00:00,YZ,598.5,NR,EIDT,MW
2035-01-09 08:00:00,YZ,598.5,NR,EIDT,MW
2035-01-10 09:00:00,YZ,598.5,NR,EIDT,MW
2035-01-11 10:00:00,YZ,598.5,NR,EIDT,MW
2035-01-12 11:00:00,YZ,598.5,NR,EIDT,MW
2035-01-13 12:00:00,YZ,598.5,NR,EIDT,MW
2035-01-14 13:00:00,YZ,598.5,NR,EIDT,MW
2035-01-15 14:00:00,YZ,598.5,NR,EIDT,MW
2035-01-16 15:00:00,YZ,598.5,NR,EIDT,MW
2035-01-17 16:00:00,YZ,598.5,NR,EIDT,MW
2035-01-18 17:00:00,YZ,598.5,NR,EIDT,MW
2035-01-19 18:00:00,YZ,598.5,NR,EIDT,MW
2035-01-20 19:00:00,YZ,598.5,NR,EIDT,MW
2035-01-21 20:00:00,YZ,598.5,NR,EIDT,MW
2035-01-22 21:00:00,YZ,598.5,NR,EIDT,MW
2035-01-23 22:00:00,YZ,598.5,NR,EIDT,MW
2035-01-24 23:00:00,YZ,598.5,NR,EIDT,MW
2035-01-26 00:00:00,YZ,598.5,NR,EIDT,MW
2035-01-27 01:00:00,YZ,598.5,NR,EIDT,MW
2035-01-28 02:00:00,YZ,598.5,NR,EIDT,MW
2035-01-29 03:00:00,YZ,326.3,NR,EIDT,MW
2035-01-30 04:00:00,YZ,351.5,NR,EIDT,MW
2035-01-31 05:00:00,YZ,345.2,NR,EIDT,MW
2035-02-01 06:00:00,YZ,598.5,NR,EIDT,MW
2035-02-02 07:00:00,YZ,598.5,NR,EIDT,MW
2035-02-03 08:00:00,YZ,471.2,NR,EIDT,MW
2035-02-04 09:00:00,YZ,598.5,NR,EIDT,MW
2035-02-05 10:00:00,YZ,598.5,NR,EIDT,MW
2035-02-06 11:00:00,YZ,598.5,NR,EIDT,MW
2035-02-07 12:00:00,YZ,598.5,NR,EIDT,MW
2035-02-08 13:00:00,YZ,598.5,NR,EIDT,MW
2035-02-09 14:00:00,YZ,598.5,NR,EIDT,MW
2035-02-10 15:00:00,YZ,502.7,NR,EIDT,MW
2035-02-11 16:00:00,YZ,598.5,NR,EIDT,MW
2035-02-12 17:00:00,YZ,598.5,NR,EIDT,MW
2035-02-13 18:00:00,YZ,598.5,NR,EIDT,MW
2035-02-14 19:00:00,YZ,598.5,NR,EIDT,MW
2035-02-15 20:00:00,YZ,598.5,NR,EIDT,MW
2035-02-16 21:00:00,YZ,598.5,NR,EIDT,MW
2035-02-17 22:00:00,YZ,598.5,NR,EIDT,MW
2035-02-18 23:00:00,YZ,598.5,NR,EIDT,MW
2035-02-20 00:00:00,YZ,598.5,NR,EIDT,MW
2035-02-21 01:00:00,YZ,351.5,NR,EIDT,MW
2035-02-22 02:00:00,YZ,598.5,NR,EIDT,MW
2035-02-23 03:00:00,YZ,567.0,NR,EIDT,MW
2035-02-24 04:00:00,YZ,585.9,NR,EIDT,MW
2035-02-25 05:00:00,YZ,598.5,NR,EIDT,MW
2035-02-26 06:00:00,YZ,598.5,NR,EIDT,MW
2035-02-27 07:00:00,YZ,598.5,NR,EIDT,MW
2035-02-28 08:00:00,YZ,598.5,NR,EIDT,MW
2035-03-01 09:00:00,YZ,598.5,NR,EIDT,MW
2035-03-02 10:00:00,YZ,598.5,NR,EIDT,MW
2035-03-03 11:00:00,YZ,598.5,NR,EIDT,MW
2035-03-04 12:00:00,YZ,598.5,NR,EIDT,MW
2035-03-05 13:00:00,YZ,598.5,NR,EIDT,MW
2035-03-06 14:00:00,YZ,598.5,NR,EIDT,MW
2035-03-07 15:00:00,YZ,598.5,NR,EIDT,MW
2035-03-08 16:00:00,YZ,364.1,NR,EIDT,MW
2035-03-09 17:00:00,YZ,598.5,NR,EIDT,MW
2035-03-10 18:00:00,YZ,598.5,NR,EIDT,MW
2035-03-11 19:00:00,YZ,598.5,NR,EIDT,MW
2035-03-12 20:00:00,YZ,598.5,NR,EIDT,MW
2035-03-13 21:00:00,YZ,598.5,NR,EIDT,MW
2035-03-14 22:00:00,YZ,598.5,NR,EIDT,MW
2035-03-15 23:00:00,YZ,598.5,NR,EIDT,MW
2035-03-17 00:00:00,YZ,598.5,NR,EIDT,MW
2035-03-18 01:00:00,YZ,598.5,NR,EIDT,MW
2035-03-19 02:00:00,YZ,598.5,NR,EIDT,MW
2035-03-20 03:00:00,YZ,598.5,NR,EIDT,MW
2035-03-21 04:00:00,YZ,598.5,NR,EIDT,MW
2035-03-22 05:00:00,YZ,592.2,NR,EIDT,MW
2035-03-23 06:00:00,YZ,598.5,NR,EIDT,MW
2035-03-24 07:00:00,YZ,598.5,NR,EIDT,MW
2035-03-25 08:00:00,YZ,598.5,NR,EIDT,MW
2035-03-26 09:00:00,YZ,598.5,NR,EIDT,MW
2035-03-27 10:00:00,YZ,598.5,NR,EIDT,MW
2035-03-28 11:00:00,YZ,598.5,NR,EIDT,MW
2035-03-29 12:00:00,YZ,598.5,NR,EIDT,MW
2035-03-30 13:00:00,YZ,598.5,NR,EIDT,MW
2035-03-31 14:00:00,YZ,598.5,NR,EIDT,MW
2035-04-01 15:00:00,YZ,598.5,NR,EIDT,MW
2035-04-02 16:00:00,YZ,598.5,NR,EIDT,MW
2035-04-03 17:00:00,YZ,598.5,NR,EIDT,MW
2035-04-04 18:00:00,YZ,598.5,NR,EIDT,MW
2035-04-05 19:00:00,YZ,598.5,NR,EIDT,MW
2035-04-06 20:00:00,YZ,598.5,NR,EIDT,MW
2035-04-07 21:00:00,YZ,598.5,NR,EIDT,MW
2035-04-08 22:00:00,YZ,598.5,NR,EIDT,MW
2035-04-09 23:00:00,YZ,598.5,NR,EIDT,MW
2035-04-11 00:00:00,YZ,598.5,NR,EIDT,MW
2035-04-12 01:00:00,YZ,598.5,NR,EIDT,MW
2035-04-13 02:00:00,YZ,567.0,NR,EIDT,MW
2035-04-14 03:00:00,YZ,560.7,NR,EIDT,MW
2035-04-15 04:00:00,YZ,598.5,NR,EIDT,MW
2035-04-16 05:00:00,YZ,598.5,NR,EIDT,MW
2035-04-17 06:00:00,YZ,598.5,NR,EIDT,MW
2035-04-18 07:00:00,YZ,598.5,NR,EIDT,MW
2035-04-19 08:00:00,YZ,598.5,NR,EIDT,MW
2035-04-20 09:00:00,YZ,598.5,NR,EIDT,MW
2035-04-21 10:00:00,YZ,598.5,NR,EIDT,MW
2035-04-22 11:00:00,YZ,598.5,NR,EIDT,MW
2035-04-23 12:00:00,YZ,598.5,NR,EIDT,MW
2035-04-24 13:00:00,YZ,598.5,NR,EIDT,MW
2035-04-25 14:00:00,YZ,598.5,NR,EIDT,MW
2035-04-26 15:00:00,YZ,598.5,NR,EIDT,MW
2035-04-27 16:00:00,YZ,598.5,NR,EIDT,MW
2035-04-28 17:00:00,YZ,598.5,NR,EIDT,MW
2035-04-29 18:00:00,YZ,598.5,NR,EIDT,MW
2035-04-30 19:00:00,YZ,598.5,NR,EIDT,MW
2035-05-01 20:00:00,YZ,598.5,NR,EIDT,MW
2035-05-02 21:00:00,YZ,598.5,NR,EIDT,MW
2035-05-03 22:00:00,YZ,598.5,NR,EIDT,MW
2035-05-04 23:00:00,YZ,598.5,NR,EIDT,MW
2035-05-06 00:00:00,YZ,598.5,NR,EIDT,MW
2035-05-07 01:00:00,YZ,598.5,NR,EIDT,MW
2035-05-08 02:00:00,YZ,598.5,NR,EIDT,MW
2035-05-09 03:00:00,YZ,598.5,NR,EIDT,MW
2035-05-10 04:00:00,YZ,554.4,NR,EIDT,MW
2035-05-11 05:00:00,YZ,592.2,NR,EIDT,MW
2035-05-12 06:00:00,YZ,598.5,NR,EIDT,MW
2035-05-13 07:00:00,YZ,598.5,NR,EIDT,MW
2035-05-14 08:00:00,YZ,598.5,NR,EIDT,MW
2035-05-15 09:00:00,YZ,598.5,NR,EIDT,MW
2035-05-16 10:00:00,YZ,598.5,NR,EIDT,MW
2035-05-17 11:00:00,YZ,598.5,NR,EIDT,MW
2035-05-18 12:00:00,YZ,598.5,NR,EIDT,MW
2035-05-19 13:00:00,YZ,598.5,NR,EIDT,MW
2035-05-20 14:00:00,YZ,598.5,NR,EIDT,MW
2035-05-21 15:00:00,YZ,598.5,NR,EIDT,MW
2035-05-22 16:00:00,YZ,598.5,NR,EIDT,MW
2035-05-23 17:00:00,YZ,598.5,NR,EIDT,MW
2035-05-24 18:00:00,YZ,598.5,NR,EIDT,MW
2035-05-25 19:00:00,YZ,598.5,NR,EIDT,MW
2035-05-26 20:00:00,YZ,598.5,NR,EIDT,MW
2035-05-27 21:00:00,YZ,598.5,NR,EIDT,MW
2035-05-28 22:00:00,YZ,598.5,NR,EIDT,MW
2035-05-29 23:00:00,YZ,598.5,NR,EIDT,MW
2035-05-31 00:00:00,YZ,598.5,NR,EIDT,MW
2035-06-01 01:00:00,YZ,585.9,NR,EIDT,MW
2035-06-02 02:00:00,YZ,567.0,NR,EIDT,MW
2035-06-03 03:00:00,YZ,585.9,NR,EIDT,MW
2035-06-04 04:00:00,YZ,598.5,NR,EIDT,MW
2035-06-05 05:00:00,YZ,598.5,NR,EIDT,MW
2035-06-06 06:00:00,YZ,598.5,NR,EIDT,MW
2035-06-07 07:00:00,YZ,598.5,NR,EIDT,MW
2035-06-08 08:00:00,YZ,598.5,NR,EIDT,MW
2035-06-09 09:00:00,YZ,598.5,NR,EIDT,MW
2035-06-10 10:00:00,YZ,598.5,NR,EIDT,MW
2035-06-11 11:00:00,YZ,598.5,NR,EIDT,MW
2035-06-12 12:00:00,YZ,598.5,NR,EIDT,MW
2035-06-13 13:00:00,YZ,598.5,NR,EIDT,MW
2035-06-14 14:00:00,YZ,598.5,NR,EIDT,MW
2035-06-15 15:00:00,YZ,598.5,NR,EIDT,MW
2035-06-16 16:00:00,YZ,598.5,NR,EIDT,MW
2035-06-17 17:00:00,YZ,598.5,NR,EIDT,MW
2035-06-18 18:00:00,YZ,598.5,NR,EIDT,MW
2035-06-19 19:00:00,YZ,598.5,NR,EIDT,MW
2035-06-20 20:00:00,YZ,598.5,NR,EIDT,MW
2035-06-21 21:00:00,YZ,598.5,NR,EIDT,MW
2035-06-22 22:00:00,YZ,598.5,NR,EIDT,MW
2035-06-23 23:00:00,YZ,598.5,NR,EIDT,MW
2035-06-25 00:00:00,YZ,598.5,NR,EIDT,MW
2035-06-26 01:00:00,YZ,598.5,NR,EIDT,MW
2035-06-27 02:00:00,YZ,598.5,NR,EIDT,MW
2035-06-28 03:00:00,YZ,598.5,NR,EIDT,MW
2035-06-29 04:00:00,YZ,567.0,NR,EIDT,MW
2035-06-30 05:00:00,YZ,554.4,NR,EIDT,MW
2035-07-01 06:00:00,YZ,598.5,NR,EIDT,MW
2035-07-02 07:00:00,YZ,598.5,NR,EIDT,MW
2035-07-03 08:00:00,YZ,598.5,NR,EIDT,MW
2035-07-04 09:00:00,YZ,598.5,NR,EIDT,MW
2035-07-05 10:00:00,YZ,598.5,NR,EIDT,MW
2035-07-06 11:00:00,YZ,598.5,NR,EIDT,MW
2035-07-07 12:00:00,YZ,598.5,NR,EIDT,MW
2035-07-08 13:00:00,YZ,598.5,NR,EIDT,MW
2035-07-09 14:00:00,YZ,598.5,NR,EIDT,MW
2035-07-10 15:00:00,YZ,598.5,NR,EIDT,MW
2035-07-11 16:00:00,YZ,598.5,NR,EIDT,MW
2035-07-12 17:00:00,YZ,598.5,NR,EIDT,MW
2035-07-13 18:00:00,YZ,598.5,NR,EIDT,MW
2035-07-14 19:00:00,YZ,598.5,NR,EIDT,MW
2035-07-15 20:00:00,YZ,598.5,NR,EIDT,MW
2035-07-16 21:00:00,YZ,598.5,NR,EIDT,MW
2035-07-17 22:00:00,YZ,598.5,NR,EIDT,MW
2035-07-18 23:00:00,YZ,598.5,NR,EIDT,MW
2035-07-20 00:00:00,YZ,598.5,NR,EIDT,MW
2035-07-21 01:00:00,YZ,598.5,NR,EIDT,MW
2035-07-22 02:00:00,YZ,592.2,NR,EIDT,MW
2035-07-23 03:00:00,YZ,598.5,NR,EIDT,MW
2035-07-24 04:00:00,YZ,598.5,NR,EIDT,MW
2035-07-25 05:00:00,YZ,598.5,NR,EIDT,MW
2035-07-26 06:00:00,YZ,598.5,NR,EIDT,MW
2035-07-27 07:00:00,YZ,598.5,NR,EIDT,MW
2035-07-28 08:00:00,YZ,598.5,NR,EIDT,MW
2035-07-29 09:00:00,YZ,598.5,NR,EIDT,MW
2035-07-30 10:00:00,YZ,598.5,NR,EIDT,MW
2035-07-31 11:00:00,YZ,598.5,NR,EIDT,MW
2035-08-01 12:00:00,YZ,598.5,NR,EIDT,MW
2035-08-02 13:00:00,YZ,598.5,NR,EIDT,MW
2035-08-03 14:00:00,YZ,598.5,NR,EIDT,MW
2035-08-04 15:00:00,YZ,351.5,NR,EIDT,MW
2035-08-05 16:00:00,YZ,598.5,NR,EIDT,MW
2035-08-06 17:00:00,YZ,598.5,NR,EIDT,MW
2035-08-07 18:00:00,YZ,598.5,NR,EIDT,MW
2035-08-08 19:00:00,YZ,598.5,NR,EIDT,MW
2035-08-09 20:00:00,YZ,598.5,NR,EIDT,MW
2035-08-10 21:00:00,YZ,598.5,NR,EIDT,MW
2035-08-11 22:00:00,YZ,598.5,NR,EIDT,MW
2035-08-12 23:00:00,YZ,598.5,NR,EIDT,MW
2035-08-14 00:00:00,YZ,598.5,NR,EIDT,MW
2035-08-15 01:00:00,YZ,598.5,NR,EIDT,MW
2035-08-16 02:00:00,YZ,598.5,NR,EIDT,MW
2035-08-17 03:00:00,YZ,283.9,NR,EIDT,MW
2035-08-18 04:00:00,YZ,541.8,NR,EIDT,MW
2035-08-19 05:00:00,YZ,560.7,NR,EIDT,MW
2035-08-20 06:00:00,YZ,598.5,NR,EIDT,MW
2035-08-21 07:00:00,YZ,598.5,NR,EIDT,MW
2035-08-22 08:00:00,YZ,598.5,NR,EIDT,MW
2035-08-23 09:00:00,YZ,598.5,NR,EIDT,MW
2035-08-24 10:00:00,YZ,598.5,NR,EIDT,MW
2035-08-25 11:00:00,YZ,598.5,NR,EIDT,MW
2035-08-26 12:00:00,YZ,598.5,NR,EIDT,MW
2035-08-27 13:00:00,YZ,598.5,NR,EIDT,MW
2035-08-28 14:00:00,YZ,598.5,NR,EIDT,MW
2035-08-29 15:00:00,YZ,598.5,NR,EIDT,MW
2035-08-30 16:00:00,YZ,598.5,NR,EIDT,MW
2035-08-31 17:00:00,YZ,598.5,NR,EIDT,MW
2035-09-01 18:00:00,YZ,598.5,NR,EIDT,MW
2035-09-02 19:00:00,YZ,598.5,NR,EIDT,MW
2035-09-03 20:00:00,YZ,598.5,NR,EIDT,MW
2035-09-04 21:00:00,YZ,598.5,NR,EIDT,MW
2035-09-05 22:00:00,YZ,598.5,NR,EIDT,MW
2035-09-06 23:00:00,YZ,598.5,NR,EIDT,MW
2035-09-08 00:00:00,YZ,598.5,NR,EIDT,MW
2035-09-09 01:00:00,YZ,598.5,NR,EIDT,MW
2035-09-10 02:00:00,YZ,598.5,NR,EIDT,MW
2035-09-11 03:00:00,YZ,598.5,NR,EIDT,MW
2035-09-12 04:00:00,YZ,598.5,NR,EIDT,MW
2035-09-13 05:00:00,YZ,598.5,NR,EIDT,MW
2035-09-14 06:00:00,YZ,573.3,NR,EIDT,MW
2035-09-15 07:00:00,YZ,598.5,NR,EIDT,MW
2035-09-16 08:00:00,YZ,598.5,NR,EIDT,MW
2035-09-17 09:00:00,YZ,598.5,NR,EIDT,MW
2035-09-18 10:00:00,YZ,598.5,NR,EIDT,MW
2035-09-19 11:00:00,YZ,598.5,NR,EIDT,MW
2035-09-20 12:00:00,YZ,598.5,NR,EIDT,MW
2035-09-21 13:00:00,YZ,598.5,NR,EIDT,MW
2035-09-22 14:00:00,YZ,598.5,NR,EIDT,MW
2035-09-23 15:00:00,YZ,598.5,NR,EIDT,MW
2035-09-24 16:00:00,YZ,598.5,NR,EIDT,MW
2035-09-25 17:00:00,YZ,598.5,NR,EIDT,MW
2035-09-26 18:00:00,YZ,598.5,NR,EIDT,MW
2035-09-27 19:00:00,YZ,598.5,NR,EIDT,MW
2035-09-28 20:00:00,YZ,598.5,NR,EIDT,MW
2035-09-29 21:00:00,YZ,598.5,NR,EIDT,MW
2035-09-30 22:00:00,YZ,598.5,NR,EIDT,MW
2035-10-01 23:00:00,YZ,598.5,NR,EIDT,MW
2035-10-03 00:00:00,YZ,598.5,NR,EIDT,MW
2035-10-04 01:00:00,YZ,598.5,NR,EIDT,MW
2035-10-05 02:00:00,YZ,598.5,NR,EIDT,MW
2035-10-06 03:00:00,YZ,554.4,NR,EIDT,MW
2035-10-07 04:00:00,YZ,554.4,NR,EIDT,MW
2035-10-08 05:00:00,YZ,598.5,NR,EIDT,MW
2035-10-09 06:00:00,YZ,598.5,NR,EIDT,MW
2035-10-10 07:00:00,YZ,598.5,NR,EIDT,MW
2035-10-11 08:00:00,YZ,598.5,NR,EIDT,MW
2035-10-12 09:00:00,YZ,598.5,NR,EIDT,MW
2035-10-13 10:00:00,YZ,598.5,NR,EIDT,MW
2035-10-14 11:00:00,YZ,598.5,NR,EIDT,MW
2035-10-15 12:00:00,YZ,598.5,NR,EIDT,MW
2035-10-16 13:00:00,YZ,598.5,NR,EIDT,MW
2035-10-17 14:00:00,YZ,598.5,NR,EIDT,MW
2035-10-18 15:00:00,YZ,598.5,NR,EIDT,MW
2035-10-19 16:00:00,YZ,598.5,NR,EIDT,MW
2035-10-20 17:00:00,YZ,598.5,NR,EIDT,MW
2035-10-21 18:00:00,YZ,598.5,NR,EIDT,MW
2035-10-22 19:00:00,YZ,598.5,NR,EIDT,MW
2035-10-23 20:00:00,YZ,598.5,NR,EIDT,MW
2035-10-24 21:00:00,YZ,598.5,NR,EIDT,MW
2035-10-25 22:00:00,YZ,598.5,NR,EIDT,MW
2035-10-26 23:00:00,YZ,598.5,NR,EIDT,MW
2035-10-28 00:00:00,YZ,598.5,NR,EIDT,MW
2035-10-29 01:00:00,YZ,598.5,NR,EIDT,MW
2035-10-30 02:00:00,YZ,598.5,NR,EIDT,MW
2035-10-31 03:00:00,YZ,598.5,NR,EIDT,MW
2035-11-01 04:00:00,YZ,592.2,NR,EIDT,MW
2035-11-02 05:00:00,YZ,548.1,NR,EIDT,MW
2035-11-03 06:00:00,YZ,585.9,NR,EIDT,MW
2035-11-04 07:00:00,YZ,598.5,NR,EIDT,MW
2035-11-05 08:00:00,YZ,598.5,NR,EIDT,MW
2035-11-06 09:00:00,YZ,598.5,NR,EIDT,MW
2035-11-07 10:00:00,YZ,598.5,NR,EIDT,MW
2035-11-08 11:00:00,YZ,598.5,NR,EIDT,MW
2035-11-09 12:00:00,YZ,598.5,NR,EIDT,MW
2035-11-10 13:00:00,YZ,598.5,NR,EIDT,MW
2035-11-11 14:00:00,YZ,598.5,NR,EIDT,MW
2035-11-12 15:00:00,YZ,598.5,NR,EIDT,MW
2035-11-13 16:00:00,YZ,598.5,NR,EIDT,MW
2035-11-14 17:00:00,YZ,598.5,NR,EIDT,MW
2035-11-15 18:00:00,YZ,598.5,NR,EIDT,MW
2035-11-16 19:00:00,YZ,598.5,NR,EIDT,MW
2035-11-17 20:00:00,YZ,598.5,NR,EIDT,MW
2035-11-18 21:00:00,YZ,598.5,NR,EIDT,MW
2035-11-19 22:00:00,YZ,598.5,NR,EIDT,MW
2035-11-20 23:00:00,YZ,598.5,NR,EIDT,MW
2035-11-22 00:00:00,YZ,598.5,NR,EIDT,MW
2035-11-23 01:00:00,YZ,598.5,NR,EIDT,MW
2035-11-24 02:00:00,YZ,592.2,NR,EIDT,MW
2035-11-25 03:00:00,YZ,573.3,NR,EIDT,MW
2035-11-26 04:00:00,YZ,592.2,NR,EIDT,MW
2035-11-27 05:00:00,YZ,598.5,NR,EIDT,MW
2035-11-28 06:00:00,YZ,598.5,NR,EIDT,MW
2035-11-29 07:00:00,YZ,598.5,NR,EIDT,MW
2035-11-30 08:00:00,YZ,598.5,NR,EIDT,MW
2035-12-01 09:00:00,YZ,598.5,NR,EIDT,MW
2035-12-02 10:00:00,YZ,598.5,NR,EIDT,MW
2035-12-03 11:00:00,YZ,598.5,NR,EIDT,MW
2035-12-04 12:00:00,YZ,598.5,NR,EIDT,MW
2035-12-05 13:00:00,YZ,598.5,NR,EIDT,MW
2035-12-06 14:00:00,YZ,598.5,NR,EIDT,MW
2035-12-07 15:00:00,YZ,598.5,NR,EIDT,MW
2035-12-08 16:00:00,YZ,598.5,NR,EIDT,MW
2035-12-09 17:00:00,YZ,598.5,NR,EIDT,MW
2035-12-10 18:00:00,YZ,598.5,NR,EIDT,MW
2035-12-11 19:00:00,YZ,598.5,NR,EIDT,MW
2035-12-12 20:00:00,YZ,598.5,NR,EIDT,MW
2035-12-13 21:00:00,YZ,598.5,NR,EIDT,MW
2035-12-14 22:00:00,YZ,598.5,NR,EIDT,MW
2035-12-15 23:00:00,YZ,598.5,NR,EIDT,MW
2035-12-17 00:00:00,YZ,598.5,NR,EIDT,MW
2035-12-18 01:00:00,YZ,598.5,NR,EIDT,MW
2035-12-19 02:00:00,YZ,598.5,NR,EIDT,MW
2035-12-20 03:00:00,YZ,598.5,NR,EIDT,MW
2035-12-21 04:00:00,YZ,579.6,NR,EIDT,MW
2035-12-22 05:00:00,YZ,567.0,NR,EIDT,MW
2035-12-23 06:00:00,YZ,598.5,NR,EIDT,MW
2035-12-24 07:00:00,YZ,598.5,NR,EIDT,MW
2035-12-25 08:00:00,YZ,598.5,NR,EIDT,MW
2035-12-26 09:00:00,YZ,598.5,NR,EIDT,MW
2035-12-27 10:00:00,YZ,598.5,NR,EIDT,MW
2035-12-28 11:00:00,YZ,598.5,NR,EIDT,MW
2035-12-29 12:00:00,YZ,598.5,NR,EIDT,MW
2035-12-30 13:00:00,YZ,598.5,NR,EIDT,MW
2035-12-31 14:00:00,YZ,598.5,NR,EIDT,MW
2036-01-01 15:00:00,YZ,598.5,NR,EIDT,MW
2035-01-01 00:00:00,YZ,3839.6,SO,IND_BOILER,MW
2035-01-02 01:00:00,YZ,3625.3,SO,IND_BOILER,MW
2035-01-03 02:00:00,YZ,3492.9,SO,IND_BOILER,MW
2035-01-04 03:00:00,YZ,3574.8,SO,IND_BOILER,MW
2035-01-05 04:00:00,YZ,3475.5,SO,IND_BOILER,MW
2035-01-06 05:00:00,YZ,3541.7,SO,IND_BOILER,MW
2035-01-07 06:00:00,YZ,3773.4,SO,IND_BOILER,MW
2035-01-08 07:00:00,YZ,3972.0,SO,IND_BOILER,MW
2035-01-09 08:00:00,YZ,3989.4,SO,IND_BOILER,MW
2035-01-10 09:00:00,YZ,3956.3,SO,IND_BOILER,MW
2035-01-11 10:00:00,YZ,3835.8,SO,IND_BOILER,MW
2035-01-12 11:00:00,YZ,3592.2,SO,IND_BOILER,MW
2035-01-13 12:00:00,YZ,3298.4,SO,IND_BOILER,MW
2035-01-14 13:00:00,YZ,3596.3,SO,IND_BOILER,MW
2035-01-15 14:00:00,YZ,4022.5,SO,IND_BOILER,MW
2035-01-16 15:00:00,YZ,4287.3,SO,IND_BOILER,MW
2035-01-17 16:00:00,YZ,4088.7,SO,IND_BOILER,MW
2035-01-18 17:00:00,YZ,3426.7,SO,IND_BOILER,MW
2035-01-19 18:00:00,YZ,3607.9,SO,IND_BOILER,MW
2035-01-20 19:00:00,YZ,4121.8,SO,IND_BOILER,MW
2035-01-21 20:00:00,YZ,4188.0,SO,IND_BOILER,MW
2035-01-22 21:00:00,YZ,4255.0,SO,IND_BOILER,MW
2035-01-23 22:00:00,YZ,4250.0,SO,IND_BOILER,MW
2035-01-24 23:00:00,YZ,3857.0,SO,IND_BOILER,MW
2035-01-26 00:00:00,YZ,3327.4,SO,IND_BOILER,MW
2035-01-27 01:00:00,YZ,3128.8,SO,IND_BOILER,MW
2035-01-28 02:00:00,YZ,3161.9,SO,IND_BOILER,MW
2035-01-29 03:00:00,YZ,3343.1,SO,IND_BOILER,MW
2035-01-30 04:00:00,YZ,3475.5,SO,IND_BOILER,MW
2035-01-31 05:00:00,YZ,3442.4,SO,IND_BOILER,MW
2035-02-01 06:00:00,YZ,3409.3,SO,IND_BOILER,MW
2035-02-02 07:00:00,YZ,3641.0,SO,IND_BOILER,MW
2035-02-03 08:00:00,YZ,4104.4,SO,IND_BOILER,MW
2035-02-04 09:00:00,YZ,4303.0,SO,IND_BOILER,MW
2035-02-05 10:00:00,YZ,3993.5,SO,IND_BOILER,MW
2035-02-06 11:00:00,YZ,4255.0,SO,IND_BOILER,MW
2035-02-07 12:00:00,YZ,3761.8,SO,IND_BOILER,MW
2035-02-08 13:00:00,YZ,3459.8,SO,IND_BOILER,MW
2035-02-09 14:00:00,YZ,3526.0,SO,IND_BOILER,MW
2035-02-10 15:00:00,YZ,4154.9,SO,IND_BOILER,MW
2035-02-11 16:00:00,YZ,4221.1,SO,IND_BOILER,MW
2035-02-12 17:00:00,YZ,4260.0,SO,IND_BOILER,MW
2035-02-13 18:00:00,YZ,4255.0,SO,IND_BOILER,MW
2035-02-14 19:00:00,YZ,4121.8,SO,IND_BOILER,MW
2035-02-15 20:00:00,YZ,3459.8,SO,IND_BOILER,MW
2035-02-16 21:00:00,YZ,3526.0,SO,IND_BOILER,MW
2035-02-17 22:00:00,YZ,4154.9,SO,IND_BOILER,MW
2035-02-18 23:00:00,YZ,4055.6,SO,IND_BOILER,MW
2035-02-20 00:00:00,YZ,3872.7,SO,IND_BOILER,MW
2035-02-21 01:00:00,YZ,3475.5,SO,IND_BOILER,MW
2035-02-22 02:00:00,YZ,3177.6,SO,IND_BOILER,MW
2035-02-23 03:00:00,YZ,2504.0,SO,IND_BOILER,MW
2035-02-24 04:00:00,YZ,2963.3,SO,IND_BOILER,MW
2035-02-25 05:00:00,YZ,3409.3,SO,IND_BOILER,MW
2035-02-26 06:00:00,YZ,3773.4,SO,IND_BOILER,MW
2035-02-27 07:00:00,YZ,3956.3,SO,IND_BOILER,MW
2035-02-28 08:00:00,YZ,4104.4,SO,IND_BOILER,MW
2035-03-01 09:00:00,YZ,3361.3,SO,IND_BOILER,MW
2035-03-02 10:00:00,YZ,3492.9,SO,IND_BOILER,MW
2035-03-03 11:00:00,YZ,4121.8,SO,IND_BOILER,MW
2035-03-04 12:00:00,YZ,4154.9,SO,IND_BOILER,MW
2035-03-05 13:00:00,YZ,4206.5,SO,IND_BOILER,MW
2035-03-06 14:00:00,YZ,4245.0,SO,IND_BOILER,MW
2035-03-07 15:00:00,YZ,4055.6,SO,IND_BOILER,MW
2035-03-08 16:00:00,YZ,3501.7,SO,IND_BOILER,MW
2035-03-09 17:00:00,YZ,3132.9,SO,IND_BOILER,MW
2035-03-10 18:00:00,YZ,4203.7,SO,IND_BOILER,MW
2035-03-11 19:00:00,YZ,4154.9,SO,IND_BOILER,MW
2035-03-12 20:00:00,YZ,4250.0,SO,IND_BOILER,MW
2035-03-13 21:00:00,YZ,4254.2,SO,IND_BOILER,MW
2035-03-14 22:00:00,YZ,4055.6,SO,IND_BOILER,MW
2035-03-15 23:00:00,YZ,3393.6,SO,IND_BOILER,MW
2035-03-17 00:00:00,YZ,3327.2,SO,IND_BOILER,MW
2035-03-18 01:00:00,YZ,3261.2,SO,IND_BOILER,MW
2035-03-19 02:00:00,YZ,3228.1,SO,IND_BOILER,MW
2035-03-20 03:00:00,YZ,3343.1,SO,IND_BOILER,MW
2035-03-21 04:00:00,YZ,3243.8,SO,IND_BOILER,MW
2035-03-22 05:00:00,YZ,2996.4,SO,IND_BOILER,MW
2035-03-23 06:00:00,YZ,3261.2,SO,IND_BOILER,MW
2035-03-24 07:00:00,YZ,3691.5,SO,IND_BOILER,MW
2035-03-25 08:00:00,YZ,3956.3,SO,IND_BOILER,MW
2035-03-26 09:00:00,YZ,4221.1,SO,IND_BOILER,MW
2035-03-27 10:00:00,YZ,4221.1,SO,IND_BOILER,MW
2035-03-28 11:00:00,YZ,3850.9,SO,IND_BOILER,MW
2035-03-29 12:00:00,YZ,3207.6,SO,IND_BOILER,MW
2035-03-30 13:00:00,YZ,3099.8,SO,IND_BOILER,MW
2035-03-31 14:00:00,YZ,4038.6,SO,IND_BOILER,MW
2035-04-01 15:00:00,YZ,4121.8,SO,IND_BOILER,MW
2035-04-02 16:00:00,YZ,4128.2,SO,IND_BOILER,MW
2035-04-03 17:00:00,YZ,4137.7,SO,IND_BOILER,MW
2035-04-04 18:00:00,YZ,4137.5,SO,IND_BOILER,MW
2035-04-05 19:00:00,YZ,3360.5,SO,IND_BOILER,MW
2035-04-06 20:00:00,YZ,3426.7,SO,IND_BOILER,MW
2035-04-07 21:00:00,YZ,4055.6,SO,IND_BOILER,MW
2035-04-08 22:00:00,YZ,4088.7,SO,IND_BOILER,MW
2035-04-09 23:00:00,YZ,4055.6,SO,IND_BOILER,MW
2035-04-11 00:00:00,YZ,3526.0,SO,IND_BOILER,MW
2035-04-12 01:00:00,YZ,3243.8,SO,IND_BOILER,MW
2035-04-13 02:00:00,YZ,2544.0,SO,IND_BOILER,MW
2035-04-14 03:00:00,YZ,2470.9,SO,IND_BOILER,MW
2035-04-15 04:00:00,YZ,3177.6,SO,IND_BOILER,MW
2035-04-16 05:00:00,YZ,3475.5,SO,IND_BOILER,MW
2035-04-17 06:00:00,YZ,3740.3,SO,IND_BOILER,MW
2035-04-18 07:00:00,YZ,3691.5,SO,IND_BOILER,MW
2035-04-19 08:00:00,YZ,3360.5,SO,IND_BOILER,MW
2035-04-20 09:00:00,YZ,3066.7,SO,IND_BOILER,MW
2035-04-21 10:00:00,YZ,3662.5,SO,IND_BOILER,MW
2035-04-22 11:00:00,YZ,3728.7,SO,IND_BOILER,MW
2035-04-23 12:00:00,YZ,3861.1,SO,IND_BOILER,MW
2035-04-24 13:00:00,YZ,3974.6,SO,IND_BOILER,MW
2035-04-25 14:00:00,YZ,3989.4,SO,IND_BOILER,MW
2035-04-26 15:00:00,YZ,3360.5,SO,IND_BOILER,MW
2035-04-27 16:00:00,YZ,3426.7,SO,IND_BOILER,MW
2035-04-28 17:00:00,YZ,4022.5,SO,IND_BOILER,MW
2035-04-29 18:00:00,YZ,4088.7,SO,IND_BOILER,MW
2035-04-30 19:00:00,YZ,4221.1,SO,IND_BOILER,MW
2035-05-01 20:00:00,YZ,4154.9,SO,IND_BOILER,MW
2035-05-02 21:00:00,YZ,3989.4,SO,IND_BOILER,MW
2035-05-03 22:00:00,YZ,3327.4,SO,IND_BOILER,MW
2035-05-04 23:00:00,YZ,3426.7,SO,IND_BOILER,MW
2035-05-06 00:00:00,YZ,3426.7,SO,IND_BOILER,MW
2035-05-07 01:00:00,YZ,3442.4,SO,IND_BOILER,MW
2035-05-08 02:00:00,YZ,3261.2,SO,IND_BOILER,MW
2035-05-09 03:00:00,YZ,3029.5,SO,IND_BOILER,MW
2035-05-10 04:00:00,YZ,2912.8,SO,IND_BOILER,MW
2035-05-11 05:00:00,YZ,2996.4,SO,IND_BOILER,MW
2035-05-12 06:00:00,YZ,3393.6,SO,IND_BOILER,MW
2035-05-13 07:00:00,YZ,3658.4,SO,IND_BOILER,MW
2035-05-14 08:00:00,YZ,4022.5,SO,IND_BOILER,MW
2035-05-15 09:00:00,YZ,4154.9,SO,IND_BOILER,MW
2035-05-16 10:00:00,YZ,3956.3,SO,IND_BOILER,MW
2035-05-17 11:00:00,YZ,3327.4,SO,IND_BOILER,MW
2035-05-18 12:00:00,YZ,3393.6,SO,IND_BOILER,MW
2035-05-19 13:00:00,YZ,3935.2,SO,IND_BOILER,MW
2035-05-20 14:00:00,YZ,3990.3,SO,IND_BOILER,MW
2035-05-21 15:00:00,YZ,3828.0,SO,IND_BOILER,MW
2035-05-22 16:00:00,YZ,4074.4,SO,IND_BOILER,MW
2035-05-23 17:00:00,YZ,3956.3,SO,IND_BOILER,MW
2035-05-24 18:00:00,YZ,3327.4,SO,IND_BOILER,MW
2035-05-25 19:00:00,YZ,3393.6,SO,IND_BOILER,MW
2035-05-26 20:00:00,YZ,3989.4,SO,IND_BOILER,MW
2035-05-27 21:00:00,YZ,4055.6,SO,IND_BOILER,MW
2035-05-28 22:00:00,YZ,4188.0,SO,IND_BOILER,MW
2035-05-29 23:00:00,YZ,3890.1,SO,IND_BOILER,MW
2035-05-31 00:00:00,YZ,3327.4,SO,IND_BOILER,MW
2035-06-01 01:00:00,YZ,2963.3,SO,IND_BOILER,MW
2035-06-02 02:00:00,YZ,2864.0,SO,IND_BOILER,MW
2035-06-03 03:00:00,YZ,2963.3,SO,IND_BOILER,MW
2035-06-04 04:00:00,YZ,3161.9,SO,IND_BOILER,MW
2035-06-05 05:00:00,YZ,3360.5,SO,IND_BOILER,MW
2035-06-06 06:00:00,YZ,3393.6,SO,IND_BOILER,MW
2035-06-07 07:00:00,YZ,3923.2,SO,IND_BOILER,MW
2035-06-08 08:00:00,YZ,3294.3,SO,IND_BOILER,MW
2035-06-09 09:00:00,YZ,3360.5,SO,IND_BOILER,MW
2035-06-10 10:00:00,YZ,3956.3,SO,IND_BOILER,MW
2035-06-11 11:00:00,YZ,4022.5,SO,IND_BOILER,MW
2035-06-12 12:00:00,YZ,3794.9,SO,IND_BOILER,MW
2035-06-13 13:00:00,YZ,3761.8,SO,IND_BOILER,MW
2035-06-14 14:00:00,YZ,3563.2,SO,IND_BOILER,MW
2035-06-15 15:00:00,YZ,2934.3,SO,IND_BOILER,MW
2035-06-16 16:00:00,YZ,3360.5,SO,IND_BOILER,MW
2035-06-17 17:00:00,YZ,3956.3,SO,IND_BOILER,MW
2035-06-18 18:00:00,YZ,4022.5,SO,IND_BOILER,MW
2035-06-19 19:00:00,YZ,4128.2,SO,IND_BOILER,MW
2035-06-20 20:00:00,YZ,4236.8,SO,IND_BOILER,MW
2035-06-21 21:00:00,YZ,3956.3,SO,IND_BOILER,MW
2035-06-22 22:00:00,YZ,3294.3,SO,IND_BOILER,MW
2035-06-23 23:00:00,YZ,3360.5,SO,IND_BOILER,MW
2035-06-25 00:00:00,YZ,3790.8,SO,IND_BOILER,MW
2035-06-26 01:00:00,YZ,3492.9,SO,IND_BOILER,MW
2035-06-27 02:00:00,YZ,3360.5,SO,IND_BOILER,MW
2035-06-28 03:00:00,YZ,3062.6,SO,IND_BOILER,MW
2035-06-29 04:00:00,YZ,2864.0,SO,IND_BOILER,MW
2035-06-30 05:00:00,YZ,2912.8,SO,IND_BOILER,MW
2035-07-01 06:00:00,YZ,3161.9,SO,IND_BOILER,MW
2035-07-02 07:00:00,YZ,3393.6,SO,IND_BOILER,MW
2035-07-03 08:00:00,YZ,3872.7,SO,IND_BOILER,MW
2035-07-04 09:00:00,YZ,4022.5,SO,IND_BOILER,MW
2035-07-05 10:00:00,YZ,3923.2,SO,IND_BOILER,MW
2035-07-06 11:00:00,YZ,3294.3,SO,IND_BOILER,MW
2035-07-07 12:00:00,YZ,3360.5,SO,IND_BOILER,MW
2035-07-08 13:00:00,YZ,3596.3,SO,IND_BOILER,MW
2035-07-09 14:00:00,YZ,4022.5,SO,IND_BOILER,MW
2035-07-10 15:00:00,YZ,3794.9,SO,IND_BOILER,MW
2035-07-11 16:00:00,YZ,4121.8,SO,IND_BOILER,MW
2035-07-12 17:00:00,YZ,3923.2,SO,IND_BOILER,MW
2035-07-13 18:00:00,YZ,3294.3,SO,IND_BOILER,MW
2035-07-14 19:00:00,YZ,3360.5,SO,IND_BOILER,MW
2035-07-15 20:00:00,YZ,3956.3,SO,IND_BOILER,MW
2035-07-16 21:00:00,YZ,4022.5,SO,IND_BOILER,MW
2035-07-17 22:00:00,YZ,4154.9,SO,IND_BOILER,MW
2035-07-18 23:00:00,YZ,4121.8,SO,IND_BOILER,MW
2035-07-20 00:00:00,YZ,3691.5,SO,IND_BOILER,MW
2035-07-21 01:00:00,YZ,3195.0,SO,IND_BOILER,MW
2035-07-22 02:00:00,YZ,2996.4,SO,IND_BOILER,MW
2035-07-23 03:00:00,YZ,3029.5,SO,IND_BOILER,MW
2035-07-24 04:00:00,YZ,3210.7,SO,IND_BOILER,MW
2035-07-25 05:00:00,YZ,3310.0,SO,IND_BOILER,MW
2035-07-26 06:00:00,YZ,3195.0,SO,IND_BOILER,MW
2035-07-27 07:00:00,YZ,3128.8,SO,IND_BOILER,MW
2035-07-28 08:00:00,YZ,3360.5,SO,IND_BOILER,MW
2035-07-29 09:00:00,YZ,3823.9,SO,IND_BOILER,MW
2035-07-30 10:00:00,YZ,3989.4,SO,IND_BOILER,MW
2035-07-31 11:00:00,YZ,4154.9,SO,IND_BOILER,MW
2035-08-01 12:00:00,YZ,3761.8,SO,IND_BOILER,MW
2035-08-02 13:00:00,YZ,3563.2,SO,IND_BOILER,MW
2035-08-03 14:00:00,YZ,3294.3,SO,IND_BOILER,MW
2035-08-04 15:00:00,YZ,3360.5,SO,IND_BOILER,MW
2035-08-05 16:00:00,YZ,3956.3,SO,IND_BOILER,MW
2035-08-06 17:00:00,YZ,4022.5,SO,IND_BOILER,MW
2035-08-07 18:00:00,YZ,4154.9,SO,IND_BOILER,MW
2035-08-08 19:00:00,YZ,4121.8,SO,IND_BOILER,MW
2035-08-09 20:00:00,YZ,3923.2,SO,IND_BOILER,MW
2035-08-10 21:00:00,YZ,3294.3,SO,IND_BOILER,MW
2035-08-11 22:00:00,YZ,3360.5,SO,IND_BOILER,MW
2035-08-12 23:00:00,YZ,3956.3,SO,IND_BOILER,MW
2035-08-14 00:00:00,YZ,3890.1,SO,IND_BOILER,MW
2035-08-15 01:00:00,YZ,3592.2,SO,IND_BOILER,MW
2035-08-16 02:00:00,YZ,3228.1,SO,IND_BOILER,MW
2035-08-17 03:00:00,YZ,3045.2,SO,IND_BOILER,MW
2035-08-18 04:00:00,YZ,2731.6,SO,IND_BOILER,MW
2035-08-19 05:00:00,YZ,2850.9,SO,IND_BOILER,MW
2035-08-20 06:00:00,YZ,3161.9,SO,IND_BOILER,MW
2035-08-21 07:00:00,YZ,3526.0,SO,IND_BOILER,MW
2035-08-22 08:00:00,YZ,3790.8,SO,IND_BOILER,MW
2035-08-23 09:00:00,YZ,3823.9,SO,IND_BOILER,MW
2035-08-24 10:00:00,YZ,3294.3,SO,IND_BOILER,MW
2035-08-25 11:00:00,YZ,3360.5,SO,IND_BOILER,MW
2035-08-26 12:00:00,YZ,3956.3,SO,IND_BOILER,MW
2035-08-27 13:00:00,YZ,4022.5,SO,IND_BOILER,MW
2035-08-28 14:00:00,YZ,4154.9,SO,IND_BOILER,MW
2035-08-29 15:00:00,YZ,4121.8,SO,IND_BOILER,MW
2035-08-30 16:00:00,YZ,3923.2,SO,IND_BOILER,MW
2035-08-31 17:00:00,YZ,3294.3,SO,IND_BOILER,MW
2035-09-01 18:00:00,YZ,3360.5,SO,IND_BOILER,MW
2035-09-02 19:00:00,YZ,3956.3,SO,IND_BOILER,MW
2035-09-03 20:00:00,YZ,4022.5,SO,IND_BOILER,MW
2035-09-04 21:00:00,YZ,4154.9,SO,IND_BOILER,MW
2035-09-05 22:00:00,YZ,4088.7,SO,IND_BOILER,MW
2035-09-06 23:00:00,YZ,3923.2,SO,IND_BOILER,MW
2035-09-08 00:00:00,YZ,3294.3,SO,IND_BOILER,MW
2035-09-09 01:00:00,YZ,3228.1,SO,IND_BOILER,MW
2035-09-10 02:00:00,YZ,3161.9,SO,IND_BOILER,MW
2035-09-11 03:00:00,YZ,3243.8,SO,IND_BOILER,MW
2035-09-12 04:00:00,YZ,3243.8,SO,IND_BOILER,MW
2035-09-13 05:00:00,YZ,3144.5,SO,IND_BOILER,MW
2035-09-14 06:00:00,YZ,2897.1,SO,IND_BOILER,MW
2035-09-15 07:00:00,YZ,3276.9,SO,IND_BOILER,MW
2035-09-16 08:00:00,YZ,3592.2,SO,IND_BOILER,MW
2035-09-17 09:00:00,YZ,3823.9,SO,IND_BOILER,MW
2035-09-18 10:00:00,YZ,4121.8,SO,IND_BOILER,MW
2035-09-19 11:00:00,YZ,4088.7,SO,IND_BOILER,MW
2035-09-20 12:00:00,YZ,3923.2,SO,IND_BOILER,MW
2035-09-21 13:00:00,YZ,3294.3,SO,IND_BOILER,MW
2035-09-22 14:00:00,YZ,3360.5,SO,IND_BOILER,MW
2035-09-23 15:00:00,YZ,3956.3,SO,IND_BOILER,MW
2035-09-24 16:00:00,YZ,4022.5,SO,IND_BOILER,MW
2035-09-25 17:00:00,YZ,4154.9,SO,IND_BOILER,MW
2035-09-26 18:00:00,YZ,4121.8,SO,IND_BOILER,MW
2035-09-27 19:00:00,YZ,3923.2,SO,IND_BOILER,MW
2035-09-28 20:00:00,YZ,3409.3,SO,IND_BOILER,MW
2035-09-29 21:00:00,YZ,3360.5,SO,IND_BOILER,MW
2035-09-30 22:00:00,YZ,3956.3,SO,IND_BOILER,MW
2035-10-01 23:00:00,YZ,4022.5,SO,IND_BOILER,MW
2035-10-03 00:00:00,YZ,3989.4,SO,IND_BOILER,MW
2035-10-04 01:00:00,YZ,3574.8,SO,IND_BOILER,MW
2035-10-05 02:00:00,YZ,3095.7,SO,IND_BOILER,MW
2035-10-06 03:00:00,YZ,2797.8,SO,IND_BOILER,MW
2035-10-07 04:00:00,YZ,2797.8,SO,IND_BOILER,MW
2035-10-08 05:00:00,YZ,3029.5,SO,IND_BOILER,MW
2035-10-09 06:00:00,YZ,3327.4,SO,IND_BOILER,MW
2035-10-10 07:00:00,YZ,3707.2,SO,IND_BOILER,MW
2035-10-11 08:00:00,YZ,3658.4,SO,IND_BOILER,MW
2035-10-12 09:00:00,YZ,3327.4,SO,IND_BOILER,MW
2035-10-13 10:00:00,YZ,3353.6,SO,IND_BOILER,MW
2035-10-14 11:00:00,YZ,3989.4,SO,IND_BOILER,MW
2035-10-15 12:00:00,YZ,4055.6,SO,IND_BOILER,MW
2035-10-16 13:00:00,YZ,4188.0,SO,IND_BOILER,MW
2035-10-17 14:00:00,YZ,4154.9,SO,IND_BOILER,MW
2035-10-18 15:00:00,YZ,3916.3,SO,IND_BOILER,MW
2035-10-19 16:00:00,YZ,3442.4,SO,IND_BOILER,MW
2035-10-20 17:00:00,YZ,3393.6,SO,IND_BOILER,MW
2035-10-21 18:00:00,YZ,3989.4,SO,IND_BOILER,MW
2035-10-22 19:00:00,YZ,4170.6,SO,IND_BOILER,MW
2035-10-23 20:00:00,YZ,4188.0,SO,IND_BOILER,MW
2035-10-24 21:00:00,YZ,4066.4,SO,IND_BOILER,MW
2035-10-25 22:00:00,YZ,4071.3,SO,IND_BOILER,MW
2035-10-26 23:00:00,YZ,3327.4,SO,IND_BOILER,MW
2035-10-28 00:00:00,YZ,3393.6,SO,IND_BOILER,MW
2035-10-29 01:00:00,YZ,3508.6,SO,IND_BOILER,MW
2035-10-30 02:00:00,YZ,3409.3,SO,IND_BOILER,MW
2035-10-31 03:00:00,YZ,3343.1,SO,IND_BOILER,MW
2035-11-01 04:00:00,YZ,2996.4,SO,IND_BOILER,MW
2035-11-02 05:00:00,YZ,2818.4,SO,IND_BOILER,MW
2035-11-03 06:00:00,YZ,3078.3,SO,IND_BOILER,MW
2035-11-04 07:00:00,YZ,3272.6,SO,IND_BOILER,MW
2035-11-05 08:00:00,YZ,3658.4,SO,IND_BOILER,MW
2035-11-06 09:00:00,YZ,3989.4,SO,IND_BOILER,MW
2035-11-07 10:00:00,YZ,4121.8,SO,IND_BOILER,MW
2035-11-08 11:00:00,YZ,3956.3,SO,IND_BOILER,MW
2035-11-09 12:00:00,YZ,3327.4,SO,IND_BOILER,MW
2035-11-10 13:00:00,YZ,3393.6,SO,IND_BOILER,MW
2035-11-11 14:00:00,YZ,3989.4,SO,IND_BOILER,MW
2035-11-12 15:00:00,YZ,4055.6,SO,IND_BOILER,MW
2035-11-13 16:00:00,YZ,4188.0,SO,IND_BOILER,MW
2035-11-14 17:00:00,YZ,3794.9,SO,IND_BOILER,MW
2035-11-15 18:00:00,YZ,4071.3,SO,IND_BOILER,MW
2035-11-16 19:00:00,YZ,3327.4,SO,IND_BOILER,MW
2035-11-17 20:00:00,YZ,3364.0,SO,IND_BOILER,MW
2035-11-18 21:00:00,YZ,4104.4,SO,IND_BOILER,MW
2035-11-19 22:00:00,YZ,3695.6,SO,IND_BOILER,MW
2035-11-20 23:00:00,YZ,4188.0,SO,IND_BOILER,MW
2035-11-22 00:00:00,YZ,3530.1,SO,IND_BOILER,MW
2035-11-23 01:00:00,YZ,3442.4,SO,IND_BOILER,MW
2035-11-24 02:00:00,YZ,3111.4,SO,IND_BOILER,MW
2035-11-25 03:00:00,YZ,2897.1,SO,IND_BOILER,MW
2035-11-26 04:00:00,YZ,2996.4,SO,IND_BOILER,MW
2035-11-27 05:00:00,YZ,3195.0,SO,IND_BOILER,MW
2035-11-28 06:00:00,YZ,3393.6,SO,IND_BOILER,MW
2035-11-29 07:00:00,YZ,3574.8,SO,IND_BOILER,MW
2035-11-30 08:00:00,YZ,3442.4,SO,IND_BOILER,MW
2035-12-01 09:00:00,YZ,3426.7,SO,IND_BOILER,MW
2035-12-02 10:00:00,YZ,3989.4,SO,IND_BOILER,MW
2035-12-03 11:00:00,YZ,4088.7,SO,IND_BOILER,MW
2035-12-04 12:00:00,YZ,4221.1,SO,IND_BOILER,MW
2035-12-05 13:00:00,YZ,4188.0,SO,IND_BOILER,MW
2035-12-06 14:00:00,YZ,3989.4,SO,IND_BOILER,MW
2035-12-07 15:00:00,YZ,3360.5,SO,IND_BOILER,MW
2035-12-08 16:00:00,YZ,3541.7,SO,IND_BOILER,MW
2035-12-09 17:00:00,YZ,4022.5,SO,IND_BOILER,MW
2035-12-10 18:00:00,YZ,3941.9,SO,IND_BOILER,MW
2035-12-11 19:00:00,YZ,4336.1,SO,IND_BOILER,MW
2035-12-12 20:00:00,YZ,4303.0,SO,IND_BOILER,MW
2035-12-13 21:00:00,YZ,3989.4,SO,IND_BOILER,MW
2035-12-14 22:00:00,YZ,3360.5,SO,IND_BOILER,MW
2035-12-15 23:00:00,YZ,3541.7,SO,IND_BOILER,MW
2035-12-17 00:00:00,YZ,3857.0,SO,IND_BOILER,MW
2035-12-18 01:00:00,YZ,3674.1,SO,IND_BOILER,MW
2035-12-19 02:00:00,YZ,3541.7,SO,IND_BOILER,MW
2035-12-20 03:00:00,YZ,3128.8,SO,IND_BOILER,MW
2035-12-21 04:00:00,YZ,3045.2,SO,IND_BOILER,MW
2035-12-22 05:00:00,YZ,2864.0,SO,IND_BOILER,MW
2035-12-23 06:00:00,YZ,3343.1,SO,IND_BOILER,MW
2035-12-24 07:00:00,YZ,3574.8,SO,IND_BOILER,MW
2035-12-25 08:00:00,YZ,3938.9,SO,IND_BOILER,MW
2035-12-26 09:00:00,YZ,4088.7,SO,IND_BOILER,MW
2035-12-27 10:00:00,YZ,3989.4,SO,IND_BOILER,MW
2035-12-28 11:00:00,YZ,3360.5,SO,IND_BOILER,MW
2035-12-29 12:00:00,YZ,3426.7,SO,IND_BOILER,MW
2035-12-30 13:00:00,YZ,3992.5,SO,IND_BOILER,MW
2035-12-31 14:00:00,YZ,4121.8,SO,IND_BOILER,MW
2036-01-01 15:00:00,YZ,4245.0,SO,IND_BOILER,MW
