snapshot,country,technology,value,unit
2045-01-01 00:00:00,XY,BIOT,2180.0,MW
2045-01-02 01:00:00,XY,BIOT,2180.0,MW
2045-01-03 02:00:00,XY,BIOT,2180.0,MW
2045-01-04 03:00:00,XY,BIOT,2180.0,MW
2045-01-05 04:00:00,XY,BIOT,2180.0,MW
2045-01-06 05:00:00,XY,BIOT,2180.0,MW
2045-01-07 06:00:00,XY,BIOT,2180.0,MW
2045-01-08 07:00:00,XY,BIOT,2180.0,MW
2045-01-09 08:00:00,XY,BIOT,2180.0,MW
2045-01-10 09:00:00,XY,BIOT,2180.0,MW
2045-01-11 10:00:00,XY,BIOT,2180.0,MW
2045-01-12 11:00:00,XY,BIOT,2180.0,MW
2045-01-13 12:00:00,XY,BIOT,2180.0,MW
2045-01-14 13:00:00,XY,BIOT,2180.0,MW
2045-01-15 14:00:00,XY,BIOT,2180.0,MW
2045-01-16 15:00:00,XY,BIOT,2180.0,MW
2045-01-17 16:00:00,XY,BIOT,2180.0,MW
2045-01-18 17:00:00,XY,BIOT,2180.0,MW
2045-01-19 18:00:00,XY,BIOT,1845.1,MW
2045-01-20 19:00:00,XY,BIOT,2180.0,MW
2045-01-21 20:00:00,XY,BIOT,2180.0,MW
2045-01-22 21:00:00,XY,BIOT,2180.0,MW
2045-01-23 22:00:00,XY,BIOT,2180.0,MW
2045-01-24 23:00:00,XY,BIOT,2180.0,MW
2045-01-26 00:00:00,XY,BIOT,2180.0,MW
2045-01-27 01:00:00,XY,BIOT,2180.0,MW
2045-01-28 02:00:00,XY,BIOT,2180.0,MW
2045-01-29 03:00:00,XY,BIOT,2180.0,MW
2045-01-30 04:00:00,XY,BIOT,2180.0,MW
2045-01-31 05:00:00,XY,BIOT,2180.0,MW
2045-02-01 06:00:00,XY,BIOT,2180.0,MW
2045-02-02 07:00:00,XY,BIOT,2180.0,MW
2045-02-03 08:00:00,XY,BIOT,1887.0,MW
2045-02-04 09:00:00,XY,BIOT,2180.0,MW
2045-02-05 10:00:00,XY,BIOT,2180.0,MW
2045-02-06 11:00:00,XY,BIOT,2180.0,MW
2045-02-07 12:00:00,XY,BIOT,2180.0,MW
2045-02-08 13:00:00,XY,BIOT,2180.0,MW
2045-02-09 14:00:00,XY,BIOT,2180.0,MW
2045-02-10 15:00:00,XY,BIOT,2180.0,MW
2045-02-11 16:00:00,XY,BIOT,2180.0,MW
2045-02-12 17:00:00,XY,BIOT,2180.0,MW
2045-02-13 18:00:00,XY,BIOT,2180.0,MW
2045-02-14 19:00:00,XY,BIOT,2180.0,MW
2045-02-15 20:00:00,XY,BIOT,2180.0,MW
2045-02-16 21:00:00,XY,BIOT,2180.0,MW
2045-02-17 22:00:00,XY,BIOT,2180.0,MW
2045-02-18 23:00:00,XY,BIOT,2180.0,MW
2045-02-20 00:00:00,XY,BIOT,2180.0,MW
2045-02-21 01:00:00,XY,BIOT,2180.0,MW
2045-02-22 02:00:00,XY,BIOT,2180.0,MW
2045-02-23 03:00:00,XY,BIOT,2180.0,MW
2045-02-24 04:00:00,XY,BIOT,2180.0,MW
2045-02-25 05:00:00,XY,BIOT,2180.0,MW
2045-02-26 06:00:00,XY,BIOT,2180.0,MW
2045-02-27 07:00:00,XY,BIOT,2180.0,MW
2045-02-28 08:00:00,XY,BIOT,2180.0,MW
2045-03-01 09:00:00,XY,BIOT,2180.0,MW
2045-03-02 10:00:00,XY,BIOT,2180.0,MW
2045-03-03 11:00:00,XY,BIOT,2180.0,MW
2045-03-04 12:00:00,XY,BIOT,2180.0,MW
2045-03-05 13:00:00,XY,BIOT,2180.0,MW
2045-03-06 14:00:00,XY,BIOT,2180.0,MW
2045-03-07 15:00:00,XY,BIOT,2180.0,MW
2045-03-08 16:00:00,XY,BIOT,2180.0,MW
2045-03-09 17:00:00,XY,BIOT,2180.0,MW
2045-03-10 18:00:00,XY,BIOT,2180.0,MW
2045-03-11 19:00:00,XY,BIOT,2180.0,MW
2045-03-12 20:00:00,XY,BIOT,2180.0,MW
2045-03-13 21:00:00,XY,BIOT,2180.0,MW
2045-03-14 22:00:00,XY,BIOT,2180.0,MW
2045-03-15 23:00:00,XY,BIOT,2180.0,MW
2045-03-17 00:00:00,XY,BIOT,2180.0,MW
2045-03-18 01:00:00,XY,BIOT,2180.0,MW
2045-03-19 02:00:00,XY,BIOT,2180.0,MW
2045-03-20 03:00:00,XY,BIOT,2180.0,MW
2045-03-21 04:00:00,XY,BIOT,2180.0,MW
2045-03-22 05:00:00,XY,BIOT,2180.0,MW
2045-03-23 06:00:00,XY,BIOT,2180.0,MW
2045-03-24 07:00:00,XY,BIOT,2180.0,MW
2045-03-25 08:00:00,XY,BIOT,2180.0,MW
2045-03-26 09:00:00,XY,BIOT,2180.0,MW
2045-03-27 10:00:00,XY,BIOT,2180.0,MW
2045-03-28 11:00:00,XY,BIOT,2180.0,MW
2045-03-29 12:00:00,XY,BIOT,2180.0,MW
2045-03-30 13:00:00,XY,BIOT,2180.0,MW
2045-03-31 14:00:00,XY,BIOT,2180.0,MW
2045-04-01 15:00:00,XY,BIOT,2180.0,MW
2045-04-02 16:00:00,XY,BIOT,2180.0,MW
2045-04-03 17:00:00,XY,BIOT,2180.0,MW
2045-04-04 18:00:00,XY,BIOT,2180.0,MW
2045-04-05 19:00:00,XY,BIOT,2180.0,MW
2045-04-06 20:00:00,XY,BIOT,2180.0,MW
2045-04-07 21:00:00,XY,BIOT,2180.0,MW
2045-04-08 22:00:00,XY,BIOT,2180.0,MW
2045-04-09 23:00:00,XY,BIOT,2180.0,MW
2045-04-11 00:00:00,XY,BIOT,2180.0,MW
2045-04-12 01:00:00,XY,BIOT,2180.0,MW
2045-04-13 02:00:00,XY,BIOT,2180.0,MW
2045-04-14 03:00:00,XY,BIOT,2180.0,MW
2045-04-15 04:00:00,XY,BIOT,2180.0,MW
2045-04-16 05:00:00,XY,BIOT,2180.0,MW
2045-04-17 06:00:00,XY,BIOT,2180.0,MW
2045-04-18 07:00:00,XY,BIOT,2180.0,MW
2045-04-19 08:00:00,XY,BIOT,2180.0,MW
2045-04-20 09:00:00,XY,BIOT,2180.0,MW
2045-04-21 10:00:00,XY,BIOT,2180.0,MW
2045-04-22 11:00:00,XY,BIOT,2180.0,MW
2045-04-23 12:00:00,XY,BIOT,2180.0,MW
2045-04-24 13:00:00,XY,BIOT,2180.0,MW
2045-04-25 14:00:00,XY,BIOT,2180.0,MW
2045-04-26 15:00:00,XY,BIOT,2180.0,MW
2045-04-27 16:00:00,XY,BIOT,2180.0,MW
2045-04-28 17:00:00,XY,BIOT,2180.0,MW
2045-04-29 18:00:00,XY,BIOT,2180.0,MW
2045-04-30 19:00:00,XY,BIOT,2180.0,MW
2045-05-01 20:00:00,XY,BIOT,2180.0,MW
2045-05-02 21:00:00,XY,BIOT,2180.0,MW
2045-05-03 22:00:00,XY,BIOT,2180.0,MW
2045-05-04 23:00:00,XY,BIOT,2180.0,MW
2045-05-06 00:00:00,XY,BIOT,2180.0,MW
2045-05-07 01:00:00,XY,BIOT,2180.0,MW
2045-05-08 02:00:00,XY,BIOT,2180.0,MW
2045-05-09 03:00:00,XY,BIOT,2180.0,MW
2045-05-10 04:00:00,XY,BIOT,2180.0,MW
2045-05-11 05:00:00,XY,BIOT,2180.0,MW
2045-05-12 06:00:00,XY,BIOT,2180.0,MW
2045-05-13 07:00:00,XY,BIOT,2180.0,MW
2045-05-14 08:00:00,XY,BIOT,2180.0,MW
2045-05-15 09:00:00,XY,BIOT,2180.0,MW
2045-05-16 10:00:00,XY,BIOT,2180.0,MW
2045-05-17 11:00:00,XY,BIOT,2180.0,MW
2045-05-18 12:00:00,XY,BIOT,2180.0,MW
2045-05-19 13:00:00,XY,BIOT,2180.0,MW
2045-05-20 14:00:00,XY,BIOT,2180.0,MW
2045-05-21 15:00:00,XY,BIOT,2180.0,MW
2045-05-22 16:00:00,XY,BIOT,2180.0,MW
2045-05-23 17:00:00,XY,BIOT,2180.0,MW
2045-05-24 18:00:00,XY,BIOT,2180.0,MW
2045-05-25 19:00:00,XY,BIOT,2180.0,MW
2045-05-26 20:00:00,XY,BIOT,2180.0,MW
2045-05-27 21:00:00,XY,BIOT,2180.0,MW
2045-05-28 22:00:00,XY,BIOT,2180.0,MW
2045-05-29 23:00:00,XY,BIOT,2180.0,MW
2045-05-31 00:00:00,XY,BIOT,2180.0,MW
2045-06-01 01:00:00,XY,BIOT,2180.0,MW
2045-06-02 02:00:00,XY,BIOT,2180.0,MW
2045-06-03 03:00:00,XY,BIOT,2180.0,MW
2045-06-04 04:00:00,XY,BIOT,2180.0,MW
2045-06-05 05:00:00,XY,BIOT,2180.0,MW
2045-06-06 06:00:00,XY,BIOT,2180.0,MW
2045-06-07 07:00:00,XY,BIOT,2180.0,MW
2045-06-08 08:00:00,XY,BIOT,2180.0,MW
2045-06-09 09:00:00,XY,BIOT,2180.0,MW
2045-06-10 10:00:00,XY,BIOT,2180.0,MW
2045-06-11 11:00:00,XY,BIOT,2180.0,MW
2045-06-12 12:00:00,XY,BIOT,2180.0,MW
2045-06-13 13:00:00,XY,BIOT,2180.0,MW
2045-06-14 14:00:00,XY,BIOT,2180.0,MW
2045-06-15 15:00:00,XY,BIOT,2180.0,MW
2045-06-16 16:00:00,XY,BIOT,2180.0,MW
2045-06-17 17:00:00,XY,BIOT,2180.0,MW
2045-06-18 18:00:00,XY,BIOT,2180.0,MW
2045-06-19 19:00:00,XY,BIOT,2180.0,MW
2045-06-20 20:00:00,XY,BIOT,2180.0,MW
2045-06-21 21:00:00,XY,BIOT,2180.0,MW
2045-06-22 22:00:00,XY,BIOT,2180.0,MW
2045-06-23 23:00:00,XY,BIOT,2180.0,MW
2045-06-25 00:00:00,XY,BIOT,2180.0,MW
2045-06-26 01:00:00,XY,BIOT,2180.0,MW
2045-06-27 02:00:00,XY,BIOT,2180.0,MW
2045-06-28 03:00:00,XY,BIOT,2180.0,MW
2045-06-29 04:00:00,XY,BIOT,2180.0,MW
2045-06-30 05:00:00,XY,BIOT,2180.0,MW
2045-07-01 06:00:00,XY,BIOT,2180.0,MW
2045-07-02 07:00:00,XY,BIOT,2180.0,MW
2045-07-03 08:00:00,XY,BIOT,2180.0,MW
2045-07-04 09:00:00,XY,BIOT,2180.0,MW
2045-07-05 10:00:00,XY,BIOT,2180.0,MW
2045-07-06 11:00:00,XY,BIOT,2180.0,MW
2045-07-07 12:00:00,XY,BIOT,2180.0,MW
2045-07-08 13:00:00,XY,BIOT,2180.0,MW
2045-07-09 14:00:00,XY,BIOT,2180.0,MW
2045-07-10 15:00:00,XY,BIOT,2180.0,MW
2045-07-11 16:00:00,XY,BIOT,2180.0,MW
2045-07-12 17:00:00,XY,BIOT,2180.0,MW
2045-07-13 18:00:00,XY,BIOT,2180.0,MW
2045-07-14 19:00:00,XY,BIOT,2180.0,MW
2045-07-15 20:00:00,XY,BIOT,2180.0,MW
2045-07-16 21:00:00,XY,BIOT,2180.0,MW
2045-07-17 22:00:00,XY,BIOT,2180.0,MW
2045-07-18 23:00:00,XY,BIOT,2180.0,MW
2045-07-20 00:00:00,XY,BIOT,2180.0,MW
2045-07-21 01:00:00,XY,BIOT,2180.0,MW
2045-07-22 02:00:00,XY,BIOT,2180.0,MW
2045-07-23 03:00:00,XY,BIOT,2180.0,MW
2045-07-24 04:00:00,XY,BIOT,2180.0,MW
2045-07-25 05:00:00,XY,BIOT,2180.0,MW
2045-07-26 06:00:00,XY,BIOT,2180.0,MW
2045-07-27 07:00:00,XY,BIOT,2180.0,MW
2045-07-28 08:00:00,XY,BIOT,2180.0,MW
2045-07-29 09:00:00,XY,BIOT,2180.0,MW
2045-07-30 10:00:00,XY,BIOT,2180.0,MW
2045-07-31 11:00:00,XY,BIOT,2180.0,MW
2045-08-01 12:00:00,XY,BIOT,2180.0,MW
2045-08-02 13:00:00,XY,BIOT,2180.0,MW
2045-08-03 14:00:00,XY,BIOT,2180.0,MW
2045-08-04 15:00:00,XY,BIOT,2180.0,MW
2045-08-05 16:00:00,XY,BIOT,2180.0,MW
2045-08-06 17:00:00,XY,BIOT,2180.0,MW
2045-08-07 18:00:00,XY,BIOT,2180.0,MW
2045-08-08 19:00:00,XY,BIOT,2180.0,MW
2045-08-09 20:00:00,XY,BIOT,2180.0,MW
2045-08-10 21:00:00,XY,BIOT,2180.0,MW
2045-08-11 22:00:00,XY,BIOT,2180.0,MW
2045-08-12 23:00:00,XY,BIOT,2180.0,MW
2045-08-14 00:00:00,XY,BIOT,2180.0,MW
2045-08-15 01:00:00,XY,BIOT,2180.0,MW
2045-08-16 02:00:00,XY,BIOT,2180.0,MW
2045-08-17 03:00:00,XY,BIOT,2180.0,MW
2045-08-18 04:00:00,XY,BIOT,2180.0,MW
2045-08-19 05:00:00,XY,BIOT,2180.0,MW
2045-08-20 06:00:00,XY,BIOT,2180.0,MW
2045-08-21 07:00:00,XY,BIOT,2180.0,MW
2045-08-22 08:00:00,XY,BIOT,2180.0,MW
2045-08-23 09:00:00,XY,BIOT,2180.0,MW
2045-08-24 10:00:00,XY,BIOT,2180.0,MW
2045-08-25 11:00:00,XY,BIOT,2180.0,MW
2045-08-26 12:00:00,XY,BIOT,2180.0,MW
2045-08-27 13:00:00,XY,BIOT,2180.0,MW
2045-08-28 14:00:00,XY,BIOT,2180.0,MW
2045-08-29 15:00:00,XY,BIOT,2180.0,MW
2045-08-30 16:00:00,XY,BIOT,2180.0,MW
2045-08-31 17:00:00,XY,BIOT,2180.0,MW
2045-09-01 18:00:00,XY,BIOT,2180.0,MW
2045-09-02 19:00:00,XY,BIOT,2180.0,MW
2045-09-03 20:00:00,XY,BIOT,2180.0,MW
2045-09-04 21:00:00,XY,BIOT,2180.0,MW
2045-09-05 22:00:00,XY,BIOT,2180.0,MW
2045-09-06 23:00:00,XY,BIOT,2180.0,MW
2045-09-08 00:00:00,XY,BIOT,2180.0,MW
2045-09-09 01:00:00,XY,BIOT,2180.0,MW
2045-09-10 02:00:00,XY,BIOT,2180.0,MW
2045-09-11 03:00:00,XY,BIOT,2180.0,MW
2045-09-12 04:00:00,XY,BIOT,2180.0,MW
2045-09-13 05:00:00,XY,BIOT,2180.0,MW
2045-09-14 06:00:00,XY,BIOT,2180.0,MW
2045-09-15 07:00:00,XY,BIOT,2180.0,MW
2045-09-16 08:00:00,XY,BIOT,2180.0,MW
2045-09-17 09:00:00,XY,BIOT,2180.0,MW
2045-09-18 10:00:00,XY,BIOT,2180.0,MW
2045-09-19 11:00:00,XY,BIOT,2180.0,MW
2045-09-20 12:00:00,XY,BIOT,2180.0,MW
2045-09-21 13:00:00,XY,BIOT,2180.0,MW
2045-09-22 14:00:00,XY,BIOT,2180.0,MW
2045-09-23 15:00:00,XY,BIOT,2180.0,MW
2045-09-24 16:00:00,XY,BIOT,2180.0,MW
2045-09-25 17:00:00,XY,BIOT,2180.0,MW
2045-09-26 18:00:00,XY,BIOT,2180.0,MW
2045-09-27 19:00:00,XY,BIOT,2180.0,MW
2045-09-28 20:00:00,XY,BIOT,2180.0,MW
2045-09-29 21:00:00,XY,BIOT,2180.0,MW
2045-09-30 22:00:00,XY,BIOT,2180.0,MW
2045-10-01 23:00:00,XY,BIOT,2180.0,MW
2045-10-03 00:00:00,XY,BIOT,2180.0,MW
2045-10-04 01:00:00,XY,BIOT,2180.0,MW
2045-10-05 02:00:00,XY,BIOT,2180.0,MW
2045-10-06 03:00:00,XY,BIOT,2180.0,MW
2045-10-07 04:00:00,XY,BIOT,2180.0,MW
2045-10-08 05:00:00,XY,BIOT,2180.0,MW
2045-10-09 06:00:00,XY,BIOT,2180.0,MW
2045-10-10 07:00:00,XY,BIOT,2180.0,MW
2045-10-11 08:00:00,XY,BIOT,2180.0,MW
2045-10-12 09:00:00,XY,BIOT,2180.0,MW
2045-10-13 10:00:00,XY,BIOT,2180.0,MW
2045-10-14 11:00:00,XY,BIOT,2180.0,MW
2045-10-15 12:00:00,XY,BIOT,2180.0,MW
2045-10-16 13:00:00,XY,BIOT,2180.0,MW
2045-10-17 14:00:00,XY,BIOT,2180.0,MW
2045-10-18 15:00:00,XY,BIOT,2180.0,MW
2045-10-19 16:00:00,XY,BIOT,2180.0,MW
2045-10-20 17:00:00,XY,BIOT,2180.0,MW
2045-10-21 18:00:00,XY,BIOT,2180.0,MW
2045-10-22 19:00:00,XY,BIOT,2180.0,MW
2045-10-23 20:00:00,XY,BIOT,2180.0,MW
2045-10-24 21:00:00,XY,BIOT,2180.0,MW
2045-10-25 22:00:00,XY,BIOT,2180.0,MW
2045-10-26 23:00:00,XY,BIOT,2180.0,MW
2045-10-28 00:00:00,XY,BIOT,2180.0,MW
2045-10-29 01:00:00,XY,BIOT,2180.0,MW
2045-10-30 02:00:00,XY,BIOT,2180.0,MW
2045-10-31 03:00:00,XY,BIOT,2180.0,MW
2045-11-01 04:00:00,XY,BIOT,2180.0,MW
2045-11-02 05:00:00,XY,BIOT,2180.0,MW
2045-11-03 06:00:00,XY,BIOT,2180.0,MW
2045-11-04 07:00:00,XY,BIOT,2180.0,MW
2045-11-05 08:00:00,XY,BIOT,2180.0,MW
2045-11-06 09:00:00,XY,BIOT,2180.0,MW
2045-11-07 10:00:00,XY,BIOT,2180.0,MW
2045-11-08 11:00:00,XY,BIOT,2180.0,MW
2045-11-09 12:00:00,XY,BIOT,2180.0,MW
2045-11-10 13:00:00,XY,BIOT,2180.0,MW
2045-11-11 14:00:00,XY,BIOT,2180.0,MW
2045-11-12 15:00:00,XY,BIOT,2180.0,MW
2045-11-13 16:00:00,XY,BIOT,2180.0,MW
2045-11-14 17:00:00,XY,BIOT,2180.0,MW
2045-11-15 18:00:00,XY,BIOT,2180.0,MW
2045-11-16 19:00:00,XY,BIOT,2180.0,MW
2045-11-17 20:00:00,XY,BIOT,2180.0,MW
2045-11-18 21:00:00,XY,BIOT,2180.0,MW
2045-11-19 22:00:00,XY,BIOT,2180.0,MW
2045-11-20 23:00:00,XY,BIOT,2180.0,MW
2045-11-22 00:00:00,XY,BIOT,2180.0,MW
2045-11-23 01:00:00,XY,BIOT,2180.0,MW
2045-11-24 02:00:00,XY,BIOT,2180.0,MW
2045-11-25 03:00:00,XY,BIOT,2180.0,MW
2045-11-26 04:00:00,XY,BIOT,2180.0,MW
2045-11-27 05:00:00,XY,BIOT,2180.0,MW
2045-11-28 06:00:00,XY,BIOT,2180.0,MW
2045-11-29 07:00:00,XY,BIOT,2180.0,MW
2045-11-30 08:00:00,XY,BIOT,2180.0,MW
2045-12-01 09:00:00,XY,BIOT,2180.0,MW
2045-12-02 10:00:00,XY,BIOT,2180.0,MW
2045-12-03 11:00:00,XY,BIOT,2180.0,MW
2045-12-04 12:00:00,XY,BIOT,2180.0,MW
2045-12-05 13:00:00,XY,BIOT,2180.0,MW
2045-12-06 14:00:00,XY,BIOT,2180.0,MW
2045-12-07 15:00:00,XY,BIOT,2180.0,MW
2045-12-08 16:00:00,XY,BIOT,2180.0,MW
2045-12-09 17:00:00,XY,BIOT,2180.0,MW
2045-12-10 18:00:00,XY,BIOT,2180.0,MW
2045-12-11 19:00:00,XY,BIOT,2180.0,MW
2045-12-12 20:00:00,XY,BIOT,2180.0,MW
2045-12-13 21:00:00,XY,BIOT,2180.0,MW
2045-12-14 22:00:00,XY,BIOT,2180.0,MW
2045-12-15 23:00:00,XY,BIOT,2180.0,MW
2045-12-17 00:00:00,XY,BIOT,2180.0,MW
2045-12-18 01:00:00,XY,BIOT,2180.0,MW
2045-12-19 02:00:00,XY,BIOT,2180.0,MW
2045-12-20 03:00:00,XY,BIOT,2180.0,MW
2045-12-21 04:00:00,XY,BIOT,2180.0,MW
2045-12-22 05:00:00,XY,BIOT,2180.0,MW
2045-12-23 06:00:00,XY,BIOT,2180.0,MW
2045-12-24 07:00:00,XY,BIOT,2180.0,MW
2045-12-25 08:00:00,XY,BIOT,2180.0,MW
2045-12-26 09:00:00,XY,BIOT,2180.0,MW
2045-12-27 10:00:00,XY,BIOT,2180.0,MW
2045-12-28 11:00:00,XY,BIOT,2180.0,MW
2045-12-29 12:00:00,XY,BIOT,2180.0,MW
2045-12-30 13:00:00,XY,BIOT,2180.0,MW
2045-12-31 14:00:00,XY,BIOT,2180.0,MW
2046-01-01 15:00:00,XY,BIOT,2180.0,MW
2045-01-01 00:00:00,XY,CCGT,0.0,MW
2045-01-02 01:00:00,XY,CCGT,0.0,MW
2045-01-03 02:00:00,XY,CCGT,0.0,MW
2045-01-04 03:00:00,XY,CCGT,0.0,MW
2045-01-05 04:00:00,XY,CCGT,0.0,MW
2045-01-06 05:00:00,XY,CCGT,0.0,MW
2045-01-07 06:00:00,XY,CCGT,0.0,MW
2045-01-08 07:00:00,XY,CCGT,0.0,MW
2045-01-09 08:00:00,XY,CCGT,0.0,MW
2045-01-10 09:00:00,XY,CCGT,0.0,MW
2045-01-11 10:00:00,XY,CCGT,0.0,MW
2045-01-12 11:00:00,XY,CCGT,0.0,MW
2045-01-13 12:00:00,XY,CCGT,0.0,MW
2045-01-14 13:00:00,XY,CCGT,0.0,MW
2045-01-15 14:00:00,XY,CCGT,0.0,MW
2045-01-16 15:00:00,XY,CCGT,0.0,MW
2045-01-17 16:00:00,XY,CCGT,0.0,MW
2045-01-18 17:00:00,XY,CCGT,0.0,MW
2045-01-19 18:00:00,XY,CCGT,0.0,MW
2045-01-20 19:00:00,XY,CCGT,1312.2,MW
2045-01-21 20:00:00,XY,CCGT,271.8,MW
2045-01-22 21:00:00,XY,CCGT,0.0,MW
2045-01-23 22:00:00,XY,CCGT,0.0,MW
2045-01-24 23:00:00,XY,CCGT,0.0,MW
2045-01-26 00:00:00,XY,CCGT,0.0,MW
2045-01-27 01:00:00,XY,CCGT,0.0,MW
2045-01-28 02:00:00,XY,CCGT,0.0,MW
2045-01-29 03:00:00,XY,CCGT,0.0,MW
2045-01-30 04:00:00,XY,CCGT,0.0,MW
2045-01-31 05:00:00,XY,CCGT,0.0,MW
2045-02-01 06:00:00,XY,CCGT,0.0,MW
2045-02-02 07:00:00,XY,CCGT,0.0,MW
2045-02-03 08:00:00,XY,CCGT,0.0,MW
2045-02-04 09:00:00,XY,CCGT,0.0,MW
2045-02-05 10:00:00,XY,CCGT,0.0,MW
2045-02-06 11:00:00,XY,CCGT,0.0,MW
2045-02-07 12:00:00,XY,CCGT,0.0,MW
2045-02-08 13:00:00,XY,CCGT,0.0,MW
2045-02-09 14:00:00,XY,CCGT,0.0,MW
2045-02-10 15:00:00,XY,CCGT,0.0,MW
2045-02-11 16:00:00,XY,CCGT,0.0,MW
2045-02-12 17:00:00,XY,CCGT,0.0,MW
2045-02-13 18:00:00,XY,CCGT,0.0,MW
2045-02-14 19:00:00,XY,CCGT,0.0,MW
2045-02-15 20:00:00,XY,CCGT,0.0,MW
2045-02-16 21:00:00,XY,CCGT,0.0,MW
2045-02-17 22:00:00,XY,CCGT,0.0,MW
2045-02-18 23:00:00,XY,CCGT,0.0,MW
2045-02-20 00:00:00,XY,CCGT,0.0,MW
2045-02-21 01:00:00,XY,CCGT,0.0,MW
2045-02-22 02:00:00,XY,CCGT,0.0,MW
2045-02-23 03:00:00,XY,CCGT,0.0,MW
2045-02-24 04:00:00,XY,CCGT,0.0,MW
2045-02-25 05:00:00,XY,CCGT,0.0,MW
2045-02-26 06:00:00,XY,CCGT,0.0,MW
2045-02-27 07:00:00,XY,CCGT,0.0,MW
2045-02-28 08:00:00,XY,CCGT,0.0,MW
2045-03-01 09:00:00,XY,CCGT,0.0,MW
2045-03-02 10:00:00,XY,CCGT,0.0,MW
2045-03-03 11:00:00,XY,CCGT,0.0,MW
2045-03-04 12:00:00,XY,CCGT,0.0,MW
2045-03-05 13:00:00,XY,CCGT,0.0,MW
2045-03-06 14:00:00,XY,CCGT,0.0,MW
2045-03-07 15:00:00,XY,CCGT,0.0,MW
2045-03-08 16:00:00,XY,CCGT,0.0,MW
2045-03-09 17:00:00,XY,CCGT,0.0,MW
2045-03-10 18:00:00,XY,CCGT,0.0,MW
2045-03-11 19:00:00,XY,CCGT,0.0,MW
2045-03-12 20:00:00,XY,CCGT,0.0,MW
2045-03-13 21:00:00,XY,CCGT,0.0,MW
2045-03-14 22:00:00,XY,CCGT,0.0,MW
2045-03-15 23:00:00,XY,CCGT,0.0,MW
2045-03-17 00:00:00,XY,CCGT,0.0,MW
2045-03-18 01:00:00,XY,CCGT,0.0,MW
2045-03-19 02:00:00,XY,CCGT,0.0,MW
2045-03-20 03:00:00,XY,CCGT,0.0,MW
2045-03-21 04:00:00,XY,CCGT,0.0,MW
2045-03-22 05:00:00,XY,CCGT,0.0,MW
2045-03-23 06:00:00,XY,CCGT,0.0,MW
2045-03-24 07:00:00,XY,CCGT,0.0,MW
2045-03-25 08:00:00,XY,CCGT,0.0,MW
2045-03-26 09:00:00,XY,CCGT,0.0,MW
2045-03-27 10:00:00,XY,CCGT,0.0,MW
2045-03-28 11:00:00,XY,CCGT,0.0,MW
2045-03-29 12:00:00,XY,CCGT,0.0,MW
2045-03-30 13:00:00,XY,CCGT,0.0,MW
2045-03-31 14:00:00,XY,CCGT,0.0,MW
2045-04-01 15:00:00,XY,CCGT,0.0,MW
2045-04-02 16:00:00,XY,CCGT,0.0,MW
2045-04-03 17:00:00,XY,CCGT,0.0,MW
2045-04-04 18:00:00,XY,CCGT,461.8,MW
2045-04-05 19:00:00,XY,CCGT,0.0,MW
2045-04-06 20:00:00,XY,CCGT,0.0,MW
2045-04-07 21:00:00,XY,CCGT,465.6,MW
2045-04-08 22:00:00,XY,CCGT,0.0,MW
2045-04-09 23:00:00,XY,CCGT,0.0,MW
2045-04-11 00:00:00,XY,CCGT,0.0,MW
2045-04-12 01:00:00,XY,CCGT,0.0,MW
2045-04-13 02:00:00,XY,CCGT,0.0,MW
2045-04-14 03:00:00,XY,CCGT,0.0,MW
2045-04-15 04:00:00,XY,CCGT,0.0,MW
2045-04-16 05:00:00,XY,CCGT,0.0,MW
2045-04-17 06:00:00,XY,CCGT,206.3,MW
2045-04-18 07:00:00,XY,CCGT,0.0,MW
2045-04-19 08:00:00,XY,CCGT,0.0,MW
2045-04-20 09:00:00,XY,CCGT,0.0,MW
2045-04-21 10:00:00,XY,CCGT,0.0,MW
2045-04-22 11:00:00,XY,CCGT,0.0,MW
2045-04-23 12:00:00,XY,CCGT,0.0,MW
2045-04-24 13:00:00,XY,CCGT,0.0,MW
2045-04-25 14:00:00,XY,CCGT,0.0,MW
2045-04-26 15:00:00,XY,CCGT,0.0,MW
2045-04-27 16:00:00,XY,CCGT,0.0,MW
2045-04-28 17:00:00,XY,CCGT,172.8,MW
2045-04-29 18:00:00,XY,CCGT,1993.4,MW
2045-04-30 19:00:00,XY,CCGT,1963.5,MW
2045-05-01 20:00:00,XY,CCGT,1979.2,MW
2045-05-02 21:00:00,XY,CCGT,2366.6,MW
2045-05-03 22:00:00,XY,CCGT,1055.4,MW
2045-05-04 23:00:00,XY,CCGT,422.5,MW
2045-05-06 00:00:00,XY,CCGT,615.6,MW
2045-05-07 01:00:00,XY,CCGT,0.0,MW
2045-05-08 02:00:00,XY,CCGT,352.7,MW
2045-05-09 03:00:00,XY,CCGT,461.2,MW
2045-05-10 04:00:00,XY,CCGT,0.0,MW
2045-05-11 05:00:00,XY,CCGT,831.2,MW
2045-05-12 06:00:00,XY,CCGT,554.6,MW
2045-05-13 07:00:00,XY,CCGT,489.9,MW
2045-05-14 08:00:00,XY,CCGT,0.0,MW
2045-05-15 09:00:00,XY,CCGT,0.0,MW
2045-05-16 10:00:00,XY,CCGT,0.0,MW
2045-05-17 11:00:00,XY,CCGT,0.0,MW
2045-05-18 12:00:00,XY,CCGT,0.0,MW
2045-05-19 13:00:00,XY,CCGT,0.0,MW
2045-05-20 14:00:00,XY,CCGT,0.0,MW
2045-05-21 15:00:00,XY,CCGT,0.0,MW
2045-05-22 16:00:00,XY,CCGT,128.5,MW
2045-05-23 17:00:00,XY,CCGT,608.2,MW
2045-05-24 18:00:00,XY,CCGT,1264.3,MW
2045-05-25 19:00:00,XY,CCGT,2285.8,MW
2045-05-26 20:00:00,XY,CCGT,3385.5,MW
2045-05-27 21:00:00,XY,CCGT,2894.7,MW
2045-05-28 22:00:00,XY,CCGT,3292.0,MW
2045-05-29 23:00:00,XY,CCGT,1742.7,MW
2045-05-31 00:00:00,XY,CCGT,108.2,MW
2045-06-01 01:00:00,XY,CCGT,18.7,MW
2045-06-02 02:00:00,XY,CCGT,0.0,MW
2045-06-03 03:00:00,XY,CCGT,0.0,MW
2045-06-04 04:00:00,XY,CCGT,0.0,MW
2045-06-05 05:00:00,XY,CCGT,58.0,MW
2045-06-06 06:00:00,XY,CCGT,0.0,MW
2045-06-07 07:00:00,XY,CCGT,0.0,MW
2045-06-08 08:00:00,XY,CCGT,0.0,MW
2045-06-09 09:00:00,XY,CCGT,0.0,MW
2045-06-10 10:00:00,XY,CCGT,0.0,MW
2045-06-11 11:00:00,XY,CCGT,0.0,MW
2045-06-12 12:00:00,XY,CCGT,0.0,MW
2045-06-13 13:00:00,XY,CCGT,0.0,MW
2045-06-14 14:00:00,XY,CCGT,0.0,MW
2045-06-15 15:00:00,XY,CCGT,0.0,MW
2045-06-16 16:00:00,XY,CCGT,0.0,MW
2045-06-17 17:00:00,XY,CCGT,0.0,MW
2045-06-18 18:00:00,XY,CCGT,0.0,MW
2045-06-19 19:00:00,XY,CCGT,307.0,MW
2045-06-20 20:00:00,XY,CCGT,1577.6,MW
2045-06-21 21:00:00,XY,CCGT,2185.8,MW
2045-06-22 22:00:00,XY,CCGT,1144.5,MW
2045-06-23 23:00:00,XY,CCGT,1656.8,MW
2045-06-25 00:00:00,XY,CCGT,833.1,MW
2045-06-26 01:00:00,XY,CCGT,274.6,MW
2045-06-27 02:00:00,XY,CCGT,822.8,MW
2045-06-28 03:00:00,XY,CCGT,1325.6,MW
2045-06-29 04:00:00,XY,CCGT,0.0,MW
2045-06-30 05:00:00,XY,CCGT,0.0,MW
2045-07-01 06:00:00,XY,CCGT,0.0,MW
2045-07-02 07:00:00,XY,CCGT,0.0,MW
2045-07-03 08:00:00,XY,CCGT,0.0,MW
2045-07-04 09:00:00,XY,CCGT,0.0,MW
2045-07-05 10:00:00,XY,CCGT,0.0,MW
2045-07-06 11:00:00,XY,CCGT,0.0,MW
2045-07-07 12:00:00,XY,CCGT,0.0,MW
2045-07-08 13:00:00,XY,CCGT,0.0,MW
2045-07-09 14:00:00,XY,CCGT,0.0,MW
2045-07-10 15:00:00,XY,CCGT,0.0,MW
2045-07-11 16:00:00,XY,CCGT,0.0,MW
2045-07-12 17:00:00,XY,CCGT,0.0,MW
2045-07-13 18:00:00,XY,CCGT,0.0,MW
2045-07-14 19:00:00,XY,CCGT,0.0,MW
2045-07-15 20:00:00,XY,CCGT,251.3,MW
2045-07-16 21:00:00,XY,CCGT,190.8,MW
2045-07-17 22:00:00,XY,CCGT,481.4,MW
2045-07-18 23:00:00,XY,CCGT,722.2,MW
2045-07-20 00:00:00,XY,CCGT,0.0,MW
2045-07-21 01:00:00,XY,CCGT,0.0,MW
2045-07-22 02:00:00,XY,CCGT,0.0,MW
2045-07-23 03:00:00,XY,CCGT,0.0,MW
2045-07-24 04:00:00,XY,CCGT,0.0,MW
2045-07-25 05:00:00,XY,CCGT,0.0,MW
2045-07-26 06:00:00,XY,CCGT,0.0,MW
2045-07-27 07:00:00,XY,CCGT,0.0,MW
2045-07-28 08:00:00,XY,CCGT,0.0,MW
2045-07-29 09:00:00,XY,CCGT,0.0,MW
2045-07-30 10:00:00,XY,CCGT,0.0,MW
2045-07-31 11:00:00,XY,CCGT,0.0,MW
2045-08-01 12:00:00,XY,CCGT,0.0,MW
2045-08-02 13:00:00,XY,CCGT,0.0,MW
2045-08-03 14:00:00,XY,CCGT,0.0,MW
2045-08-04 15:00:00,XY,CCGT,0.0,MW
2045-08-05 16:00:00,XY,CCGT,0.0,MW
2045-08-06 17:00:00,XY,CCGT,0.0,MW
2045-08-07 18:00:00,XY,CCGT,0.0,MW
2045-08-08 19:00:00,XY,CCGT,241.6,MW
2045-08-09 20:00:00,XY,CCGT,917.3,MW
2045-08-10 21:00:00,XY,CCGT,0.0,MW
2045-08-11 22:00:00,XY,CCGT,0.0,MW
2045-08-12 23:00:00,XY,CCGT,164.8,MW
2045-08-14 00:00:00,XY,CCGT,0.0,MW
2045-08-15 01:00:00,XY,CCGT,0.0,MW
2045-08-16 02:00:00,XY,CCGT,0.0,MW
2045-08-17 03:00:00,XY,CCGT,0.0,MW
2045-08-18 04:00:00,XY,CCGT,0.0,MW
2045-08-19 05:00:00,XY,CCGT,0.0,MW
2045-08-20 06:00:00,XY,CCGT,0.0,MW
2045-08-21 07:00:00,XY,CCGT,0.0,MW
2045-08-22 08:00:00,XY,CCGT,0.0,MW
2045-08-23 09:00:00,XY,CCGT,0.0,MW
2045-08-24 10:00:00,XY,CCGT,0.0,MW
2045-08-25 11:00:00,XY,CCGT,0.0,MW
2045-08-26 12:00:00,XY,CCGT,0.0,MW
2045-08-27 13:00:00,XY,CCGT,0.0,MW
2045-08-28 14:00:00,XY,CCGT,0.0,MW
2045-08-29 15:00:00,XY,CCGT,0.0,MW
2045-08-30 16:00:00,XY,CCGT,0.0,MW
2045-08-31 17:00:00,XY,CCGT,0.0,MW
2045-09-01 18:00:00,XY,CCGT,0.0,MW
2045-09-02 19:00:00,XY,CCGT,518.9,MW
2045-09-03 20:00:00,XY,CCGT,0.0,MW
2045-09-04 21:00:00,XY,CCGT,197.3,MW
2045-09-05 22:00:00,XY,CCGT,205.1,MW
2045-09-06 23:00:00,XY,CCGT,47.4,MW
2045-09-08 00:00:00,XY,CCGT,0.0,MW
2045-09-09 01:00:00,XY,CCGT,0.0,MW
2045-09-10 02:00:00,XY,CCGT,0.0,MW
2045-09-11 03:00:00,XY,CCGT,0.0,MW
2045-09-12 04:00:00,XY,CCGT,0.0,MW
2045-09-13 05:00:00,XY,CCGT,0.0,MW
2045-09-14 06:00:00,XY,CCGT,0.0,MW
2045-09-15 07:00:00,XY,CCGT,0.0,MW
2045-09-16 08:00:00,XY,CCGT,0.0,MW
2045-09-17 09:00:00,XY,CCGT,0.0,MW
2045-09-18 10:00:00,XY,CCGT,0.0,MW
2045-09-19 11:00:00,XY,CCGT,0.0,MW
2045-09-20 12:00:00,XY,CCGT,0.0,MW
2045-09-21 13:00:00,XY,CCGT,0.0,MW
2045-09-22 14:00:00,XY,CCGT,0.0,MW
2045-09-23 15:00:00,XY,CCGT,0.0,MW
2045-09-24 16:00:00,XY,CCGT,0.0,MW
2045-09-25 17:00:00,XY,CCGT,0.0,MW
2045-09-26 18:00:00,XY,CCGT,0.0,MW
2045-09-27 19:00:00,XY,CCGT,1795.1,MW
2045-09-28 20:00:00,XY,CCGT,1308.5,MW
2045-09-29 21:00:00,XY,CCGT,0.0,MW
2045-09-30 22:00:00,XY,CCGT,1247.2,MW
2045-10-01 23:00:00,XY,CCGT,2269.9,MW
2045-10-03 00:00:00,XY,CCGT,243.7,MW
2045-10-04 01:00:00,XY,CCGT,0.0,MW
2045-10-05 02:00:00,XY,CCGT,0.0,MW
2045-10-06 03:00:00,XY,CCGT,0.0,MW
2045-10-07 04:00:00,XY,CCGT,0.0,MW
2045-10-08 05:00:00,XY,CCGT,0.0,MW
2045-10-09 06:00:00,XY,CCGT,0.0,MW
2045-10-10 07:00:00,XY,CCGT,0.0,MW
2045-10-11 08:00:00,XY,CCGT,0.0,MW
2045-10-12 09:00:00,XY,CCGT,0.0,MW
2045-10-13 10:00:00,XY,CCGT,0.0,MW
2045-10-14 11:00:00,XY,CCGT,0.0,MW
2045-10-15 12:00:00,XY,CCGT,0.0,MW
2045-10-16 13:00:00,XY,CCGT,0.0,MW
2045-10-17 14:00:00,XY,CCGT,0.0,MW
2045-10-18 15:00:00,XY,CCGT,0.0,MW
2045-10-19 16:00:00,XY,CCGT,0.0,MW
2045-10-20 17:00:00,XY,CCGT,0.0,MW
2045-10-21 18:00:00,XY,CCGT,1428.3,MW
2045-10-22 19:00:00,XY,CCGT,1047.2,MW
2045-10-23 20:00:00,XY,CCGT,1137.7,MW
2045-10-24 21:00:00,XY,CCGT,80.9,MW
2045-10-25 22:00:00,XY,CCGT,0.0,MW
2045-10-26 23:00:00,XY,CCGT,0.0,MW
2045-10-28 00:00:00,XY,CCGT,0.0,MW
2045-10-29 01:00:00,XY,CCGT,0.0,MW
2045-10-30 02:00:00,XY,CCGT,0.0,MW
2045-10-31 03:00:00,XY,CCGT,0.0,MW
2045-11-01 04:00:00,XY,CCGT,0.0,MW
2045-11-02 05:00:00,XY,CCGT,0.0,MW
2045-11-03 06:00:00,XY,CCGT,0.0,MW
2045-11-04 07:00:00,XY,CCGT,0.0,MW
2045-11-05 08:00:00,XY,CCGT,0.0,MW
2045-11-06 09:00:00,XY,CCGT,0.0,MW
2045-11-07 10:00:00,XY,CCGT,0.0,MW
2045-11-08 11:00:00,XY,CCGT,0.0,MW
2045-11-09 12:00:00,XY,CCGT,0.0,MW
2045-11-10 13:00:00,XY,CCGT,0.0,MW
2045-11-11 14:00:00,XY,CCGT,0.0,MW
2045-11-12 15:00:00,XY,CCGT,0.0,MW
2045-11-13 16:00:00,XY,CCGT,0.0,MW
2045-11-14 17:00:00,XY,CCGT,0.0,MW
2045-11-15 18:00:00,XY,CCGT,0.0,MW
2045-11-16 19:00:00,XY,CCGT,0.0,MW
2045-11-17 20:00:00,XY,CCGT,0.0,MW
2045-11-18 21:00:00,XY,CCGT,1790.1,MW
2045-11-19 22:00:00,XY,CCGT,0.0,MW
2045-11-20 23:00:00,XY,CCGT,0.0,MW
2045-11-22 00:00:00,XY,CCGT,0.0,MW
2045-11-23 01:00:00,XY,CCGT,0.0,MW
2045-11-24 02:00:00,XY,CCGT,0.0,MW
2045-11-25 03:00:00,XY,CCGT,0.0,MW
2045-11-26 04:00:00,XY,CCGT,0.0,MW
2045-11-27 05:00:00,XY,CCGT,0.0,MW
2045-11-28 06:00:00,XY,CCGT,0.0,MW
2045-11-29 07:00:00,XY,CCGT,0.0,MW
2045-11-30 08:00:00,XY,CCGT,0.0,MW
2045-12-01 09:00:00,XY,CCGT,0.0,MW
2045-12-02 10:00:00,XY,CCGT,0.0,MW
2045-12-03 11:00:00,XY,CCGT,0.0,MW
2045-12-04 12:00:00,XY,CCGT,0.0,MW
2045-12-05 13:00:00,XY,CCGT,0.0,MW
2045-12-06 14:00:00,XY,CCGT,0.0,MW
2045-12-07 15:00:00,XY,CCGT,0.0,MW
2045-12-08 16:00:00,XY,CCGT,0.0,MW
2045-12-09 17:00:00,XY,CCGT,0.0,MW
2045-12-10 18:00:00,XY,CCGT,0.0,MW
2045-12-11 19:00:00,XY,CCGT,0.0,MW
2045-12-12 20:00:00,XY,CCGT,0.0,MW
2045-12-13 21:00:00,XY,CCGT,0.0,MW
2045-12-14 22:00:00,XY,CCGT,0.0,MW
2045-12-15 23:00:00,XY,CCGT,0.0,MW
2045-12-17 00:00:00,XY,CCGT,0.0,MW
2045-12-18 01:00:00,XY,CCGT,0.0,MW
2045-12-19 02:00:00,XY,CCGT,0.0,MW
2045-12-20 03:00:00,XY,CCGT,0.0,MW
2045-12-21 04:00:00,XY,CCGT,0.0,MW
2045-12-22 05:00:00,XY,CCGT,0.0,MW
2045-12-23 06:00:00,XY,CCGT,0.0,MW
2045-12-24 07:00:00,XY,CCGT,0.0,MW
2045-12-25 08:00:00,XY,CCGT,0.0,MW
2045-12-26 09:00:00,XY,CCGT,0.0,MW
2045-12-27 10:00:00,XY,CCGT,0.0,MW
2045-12-28 11:00:00,XY,CCGT,0.0,MW
2045-12-29 12:00:00,XY,CCGT,0.0,MW
2045-12-30 13:00:00,XY,CCGT,0.0,MW
2045-12-31 14:00:00,XY,CCGT,0.0,MW
2046-01-01 15:00:00,XY,CCGT,0.0,MW
2045-01-01 00:00:00,XY,NUCL,1095.5,MW
2045-01-02 01:00:00,XY,NUCL,1095.5,MW
2045-01-03 02:00:00,XY,NUCL,1095.5,MW
2045-01-04 03:00:00,XY,NUCL,1095.5,MW
2045-01-05 04:00:00,XY,NUCL,1095.5,MW
2045-01-06 05:00:00,XY,NUCL,1095.5,MW
2045-01-07 06:00:00,XY,NUCL,1095.5,MW
2045-01-08 07:00:00,XY,NUCL,1095.5,MW
2045-01-09 08:00:00,XY,NUCL,1095.5,MW
2045-01-10 09:00:00,XY,NUCL,1095.5,MW
2045-01-11 10:00:00,XY,NUCL,1095.5,MW
2045-01-12 11:00:00,XY,NUCL,1095.5,MW
2045-01-13 12:00:00,XY,NUCL,1095.5,MW
2045-01-14 13:00:00,XY,NUCL,1095.5,MW
2045-01-15 14:00:00,XY,NUCL,1095.5,MW
2045-01-16 15:00:00,XY,NUCL,1095.5,MW
2045-01-17 16:00:00,XY,NUCL,1095.5,MW
2045-01-18 17:00:00,XY,NUCL,1095.5,MW
2045-01-19 18:00:00,XY,NUCL,1095.5,MW
2045-01-20 19:00:00,XY,NUCL,1095.5,MW
2045-01-21 20:00:00,XY,NUCL,1095.5,MW
2045-01-22 21:00:00,XY,NUCL,1095.5,MW
2045-01-23 22:00:00,XY,NUCL,1095.5,MW
2045-01-24 23:00:00,XY,NUCL,1095.5,MW
2045-01-26 00:00:00,XY,NUCL,1095.5,MW
2045-01-27 01:00:00,XY,NUCL,1095.5,MW
2045-01-28 02:00:00,XY,NUCL,1095.5,MW
2045-01-29 03:00:00,XY,NUCL,1095.5,MW
2045-01-30 04:00:00,XY,NUCL,1095.5,MW
2045-01-31 05:00:00,XY,NUCL,1095.5,MW
2045-02-01 06:00:00,XY,NUCL,1095.5,MW
2045-02-02 07:00:00,XY,NUCL,1095.5,MW
2045-02-03 08:00:00,XY,NUCL,1095.5,MW
2045-02-04 09:00:00,XY,NUCL,1095.5,MW
2045-02-05 10:00:00,XY,NUCL,1095.5,MW
2045-02-06 11:00:00,XY,NUCL,1095.5,MW
2045-02-07 12:00:00,XY,NUCL,1095.5,MW
2045-02-08 13:00:00,XY,NUCL,1095.5,MW
2045-02-09 14:00:00,XY,NUCL,1095.5,MW
2045-02-10 15:00:00,XY,NUCL,1095.5,MW
2045-02-11 16:00:00,XY,NUCL,1095.5,MW
2045-02-12 17:00:00,XY,NUCL,1095.5,MW
2045-02-13 18:00:00,XY,NUCL,1095.5,MW
2045-02-14 19:00:00,XY,NUCL,1095.5,MW
2045-02-15 20:00:00,XY,NUCL,1095.5,MW
2045-02-16 21:00:00,XY,NUCL,1095.5,MW
2045-02-17 22:00:00,XY,NUCL,1095.5,MW
2045-02-18 23:00:00,XY,NUCL,1095.5,MW
2045-02-20 00:00:00,XY,NUCL,1095.5,MW
2045-02-21 01:00:00,XY,NUCL,1095.5,MW
2045-02-22 02:00:00,XY,NUCL,1095.5,MW
2045-02-23 03:00:00,XY,NUCL,1095.5,MW
2045-02-24 04:00:00,XY,NUCL,1095.5,MW
2045-02-25 05:00:00,XY,NUCL,1095.5,MW
2045-02-26 06:00:00,XY,NUCL,1095.5,MW
2045-02-27 07:00:00,XY,NUCL,1095.5,MW
2045-02-28 08:00:00,XY,NUCL,1095.5,MW
2045-03-01 09:00:00,XY,NUCL,1095.5,MW
2045-03-02 10:00:00,XY,NUCL,1095.5,MW
2045-03-03 11:00:00,XY,NUCL,1095.5,MW
2045-03-04 12:00:00,XY,NUCL,1095.5,MW
2045-03-05 13:00:00,XY,NUCL,1095.5,MW
2045-03-06 14:00:00,XY,NUCL,1095.5,MW
2045-03-07 15:00:00,XY,NUCL,1095.5,MW
2045-03-08 16:00:00,XY,NUCL,1095.5,MW
2045-03-09 17:00:00,XY,NUCL,1095.5,MW
2045-03-10 18:00:00,XY,NUCL,1095.5,MW
2045-03-11 19:00:00,XY,NUCL,1095.5,MW
2045-03-12 20:00:00,XY,NUCL,1095.5,MW
2045-03-13 21:00:00,XY,NUCL,1095.5,MW
2045-03-14 22:00:00,XY,NUCL,1095.5,MW
2045-03-15 23:00:00,XY,NUCL,1095.5,MW
2045-03-17 00:00:00,XY,NUCL,1095.5,MW
2045-03-18 01:00:00,XY,NUCL,1095.5,MW
2045-03-19 02:00:00,XY,NUCL,1095.5,MW
2045-03-20 03:00:00,XY,NUCL,1095.5,MW
2045-03-21 04:00:00,XY,NUCL,1095.5,MW
2045-03-22 05:00:00,XY,NUCL,1095.5,MW
2045-03-23 06:00:00,XY,NUCL,1095.5,MW
2045-03-24 07:00:00,XY,NUCL,1095.5,MW
2045-03-25 08:00:00,XY,NUCL,1095.5,MW
2045-03-26 09:00:00,XY,NUCL,1095.5,MW
2045-03-27 10:00:00,XY,NUCL,1095.5,MW
2045-03-28 11:00:00,XY,NUCL,1095.5,MW
2045-03-29 12:00:00,XY,NUCL,1095.5,MW
2045-03-30 13:00:00,XY,NUCL,1095.5,MW
2045-03-31 14:00:00,XY,NUCL,1095.5,MW
2045-04-01 15:00:00,XY,NUCL,1095.5,MW
2045-04-02 16:00:00,XY,NUCL,1095.5,MW
2045-04-03 17:00:00,XY,NUCL,1095.5,MW
2045-04-04 18:00:00,XY,NUCL,1095.5,MW
2045-04-05 19:00:00,XY,NUCL,1095.5,MW
2045-04-06 20:00:00,XY,NUCL,1095.5,MW
2045-04-07 21:00:00,XY,NUCL,1095.5,MW
2045-04-08 22:00:00,XY,NUCL,1095.5,MW
2045-04-09 23:00:00,XY,NUCL,1095.5,MW
2045-04-11 00:00:00,XY,NUCL,1095.5,MW
2045-04-12 01:00:00,XY,NUCL,1095.5,MW
2045-04-13 02:00:00,XY,NUCL,1095.5,MW
2045-04-14 03:00:00,XY,NUCL,1095.5,MW
2045-04-15 04:00:00,XY,NUCL,1095.5,MW
2045-04-16 05:00:00,XY,NUCL,1095.5,MW
2045-04-17 06:00:00,XY,NUCL,1095.5,MW
2045-04-18 07:00:00,XY,NUCL,1095.5,MW
2045-04-19 08:00:00,XY,NUCL,1095.5,MW
2045-04-20 09:00:00,XY,NUCL,1095.5,MW
2045-04-21 10:00:00,XY,NUCL,1095.5,MW
2045-04-22 11:00:00,XY,NUCL,1095.5,MW
2045-04-23 12:00:00,XY,NUCL,1095.5,MW
2045-04-24 13:00:00,XY,NUCL,1095.5,MW
2045-04-25 14:00:00,XY,NUCL,1095.5,MW
2045-04-26 15:00:00,XY,NUCL,1095.5,MW
2045-04-27 16:00:00,XY,NUCL,1095.5,MW
2045-04-28 17:00:00,XY,NUCL,1095.5,MW
2045-04-29 18:00:00,XY,NUCL,1095.5,MW
2045-04-30 19:00:00,XY,NUCL,1095.5,MW
2045-05-01 20:00:00,XY,NUCL,1095.5,MW
2045-05-02 21:00:00,XY,NUCL,1095.5,MW
2045-05-03 22:00:00,XY,NUCL,1095.5,MW
2045-05-04 23:00:00,XY,NUCL,1095.5,MW
2045-05-06 00:00:00,XY,NUCL,1095.5,MW
2045-05-07 01:00:00,XY,NUCL,1095.5,MW
2045-05-08 02:00:00,XY,NUCL,1095.5,MW
2045-05-09 03:00:00,XY,NUCL,1095.5,MW
2045-05-10 04:00:00,XY,NUCL,1095.5,MW
2045-05-11 05:00:00,XY,NUCL,1095.5,MW
2045-05-12 06:00:00,XY,NUCL,1095.5,MW
2045-05-13 07:00:00,XY,NUCL,1095.5,MW
2045-05-14 08:00:00,XY,NUCL,1095.5,MW
2045-05-15 09:00:00,XY,NUCL,1095.5,MW
2045-05-16 10:00:00,XY,NUCL,1095.5,MW
2045-05-17 11:00:00,XY,NUCL,1095.5,MW
2045-05-18 12:00:00,XY,NUCL,1095.5,MW
2045-05-19 13:00:00,XY,NUCL,1095.5,MW
2045-05-20 14:00:00,XY,NUCL,1095.5,MW
2045-05-21 15:00:00,XY,NUCL,1095.5,MW
2045-05-22 16:00:00,XY,NUCL,1095.5,MW
2045-05-23 17:00:00,XY,NUCL,1095.5,MW
2045-05-24 18:00:00,XY,NUCL,1095.5,MW
2045-05-25 19:00:00,XY,NUCL,1095.5,MW
2045-05-26 20:00:00,XY,NUCL,1095.5,MW
2045-05-27 21:00:00,XY,NUCL,1095.5,MW
2045-05-28 22:00:00,XY,NUCL,1095.5,MW
2045-05-29 23:00:00,XY,NUCL,1095.5,MW
2045-05-31 00:00:00,XY,NUCL,1095.5,MW
2045-06-01 01:00:00,XY,NUCL,1095.5,MW
2045-06-02 02:00:00,XY,NUCL,1095.5,MW
2045-06-03 03:00:00,XY,NUCL,1095.5,MW
2045-06-04 04:00:00,XY,NUCL,1095.5,MW
2045-06-05 05:00:00,XY,NUCL,1095.5,MW
2045-06-06 06:00:00,XY,NUCL,1095.5,MW
2045-06-07 07:00:00,XY,NUCL,1095.5,MW
2045-06-08 08:00:00,XY,NUCL,1095.5,MW
2045-06-09 09:00:00,XY,NUCL,1095.5,MW
2045-06-10 10:00:00,XY,NUCL,1095.5,MW
2045-06-11 11:00:00,XY,NUCL,1095.5,MW
2045-06-12 12:00:00,XY,NUCL,1095.5,MW
2045-06-13 13:00:00,XY,NUCL,1095.5,MW
2045-06-14 14:00:00,XY,NUCL,1095.5,MW
2045-06-15 15:00:00,XY,NUCL,1095.5,MW
2045-06-16 16:00:00,XY,NUCL,1095.5,MW
2045-06-17 17:00:00,XY,NUCL,1095.5,MW
2045-06-18 18:00:00,XY,NUCL,1095.5,MW
2045-06-19 19:00:00,XY,NUCL,1095.5,MW
2045-06-20 20:00:00,XY,NUCL,1095.5,MW
2045-06-21 21:00:00,XY,NUCL,1095.5,MW
2045-06-22 22:00:00,XY,NUCL,1095.5,MW
2045-06-23 23:00:00,XY,NUCL,1095.5,MW
2045-06-25 00:00:00,XY,NUCL,1095.5,MW
2045-06-26 01:00:00,XY,NUCL,1095.5,MW
2045-06-27 02:00:00,XY,NUCL,1095.5,MW
2045-06-28 03:00:00,XY,NUCL,1095.5,MW
2045-06-29 04:00:00,XY,NUCL,1095.5,MW
2045-06-30 05:00:00,XY,NUCL,1095.5,MW
2045-07-01 06:00:00,XY,NUCL,1095.5,MW
2045-07-02 07:00:00,XY,NUCL,1095.5,MW
2045-07-03 08:00:00,XY,NUCL,1095.5,MW
2045-07-04 09:00:00,XY,NUCL,1095.5,MW
2045-07-05 10:00:00,XY,NUCL,1095.5,MW
2045-07-06 11:00:00,XY,NUCL,1095.5,MW
2045-07-07 12:00:00,XY,NUCL,1095.5,MW
2045-07-08 13:00:00,XY,NUCL,1095.5,MW
2045-07-09 14:00:00,XY,NUCL,1095.5,MW
2045-07-10 15:00:00,XY,NUCL,1095.5,MW
2045-07-11 16:00:00,XY,NUCL,1095.5,MW
2045-07-12 17:00:00,XY,NUCL,1095.5,MW
2045-07-13 18:00:00,XY,NUCL,1095.5,MW
2045-07-14 19:00:00,XY,NUCL,1095.5,MW
2045-07-15 20:00:00,XY,NUCL,1095.5,MW
2045-07-16 21:00:00,XY,NUCL,1095.5,MW
2045-07-17 22:00:00,XY,NUCL,1095.5,MW
2045-07-18 23:00:00,XY,NUCL,1095.5,MW
2045-07-20 00:00:00,XY,NUCL,1095.5,MW
2045-07-21 01:00:00,XY,NUCL,1095.5,MW
2045-07-22 02:00:00,XY,NUCL,1095.5,MW
2045-07-23 03:00:00,XY,NUCL,1095.5,MW
2045-07-24 04:00:00,XY,NUCL,1095.5,MW
2045-07-25 05:00:00,XY,NUCL,1095.5,MW
2045-07-26 06:00:00,XY,NUCL,1095.5,MW
2045-07-27 07:00:00,XY,NUCL,1095.5,MW
2045-07-28 08:00:00,XY,NUCL,1095.5,MW
2045-07-29 09:00:00,XY,NUCL,1095.5,MW
2045-07-30 10:00:00,XY,NUCL,1095.5,MW
2045-07-31 11:00:00,XY,NUCL,1095.5,MW
2045-08-01 12:00:00,XY,NUCL,1095.5,MW
2045-08-02 13:00:00,XY,NUCL,1095.5,MW
2045-08-03 14:00:00,XY,NUCL,1095.5,MW
2045-08-04 15:00:00,XY,NUCL,1095.5,MW
2045-08-05 16:00:00,XY,NUCL,1095.5,MW
2045-08-06 17:00:00,XY,NUCL,1095.5,MW
2045-08-07 18:00:00,XY,NUCL,1095.5,MW
2045-08-08 19:00:00,XY,NUCL,1095.5,MW
2045-08-09 20:00:00,XY,NUCL,1095.5,MW
2045-08-10 21:00:00,XY,NUCL,1095.5,MW
2045-08-11 22:00:00,XY,NUCL,1095.5,MW
2045-08-12 23:00:00,XY,NUCL,1095.5,MW
2045-08-14 00:00:00,XY,NUCL,1095.5,MW
2045-08-15 01:00:00,XY,NUCL,1095.5,MW
2045-08-16 02:00:00,XY,NUCL,1095.5,MW
2045-08-17 03:00:00,XY,NUCL,1095.5,MW
2045-08-18 04:00:00,XY,NUCL,1095.5,MW
2045-08-19 05:00:00,XY,NUCL,1095.5,MW
2045-08-20 06:00:00,XY,NUCL,1095.5,MW
2045-08-21 07:00:00,XY,NUCL,1095.5,MW
2045-08-22 08:00:00,XY,NUCL,1095.5,MW
2045-08-23 09:00:00,XY,NUCL,1095.5,MW
2045-08-24 10:00:00,XY,NUCL,1095.5,MW
2045-08-25 11:00:00,XY,NUCL,1095.5,MW
2045-08-26 12:00:00,XY,NUCL,1095.5,MW
2045-08-27 13:00:00,XY,NUCL,1095.5,MW
2045-08-28 14:00:00,XY,NUCL,1095.5,MW
2045-08-29 15:00:00,XY,NUCL,1095.5,MW
2045-08-30 16:00:00,XY,NUCL,1095.5,MW
2045-08-31 17:00:00,XY,NUCL,1095.5,MW
2045-09-01 18:00:00,XY,NUCL,1095.5,MW
2045-09-02 19:00:00,XY,NUCL,1095.5,MW
2045-09-03 20:00:00,XY,NUCL,1095.5,MW
2045-09-04 21:00:00,XY,NUCL,1095.5,MW
2045-09-05 22:00:00,XY,NUCL,1095.5,MW
2045-09-06 23:00:00,XY,NUCL,1095.5,MW
2045-09-08 00:00:00,XY,NUCL,1095.5,MW
2045-09-09 01:00:00,XY,NUCL,1095.5,MW
2045-09-10 02:00:00,XY,NUCL,1095.5,MW
2045-09-11 03:00:00,XY,NUCL,1095.5,MW
2045-09-12 04:00:00,XY,NUCL,1095.5,MW
2045-09-13 05:00:00,XY,NUCL,1095.5,MW
2045-09-14 06:00:00,XY,NUCL,1095.5,MW
2045-09-15 07:00:00,XY,NUCL,1095.5,MW
2045-09-16 08:00:00,XY,NUCL,1095.5,MW
2045-09-17 09:00:00,XY,NUCL,1095.5,MW
2045-09-18 10:00:00,XY,NUCL,1095.5,MW
2045-09-19 11:00:00,XY,NUCL,1095.5,MW
2045-09-20 12:00:00,XY,NUCL,1095.5,MW
2045-09-21 13:00:00,XY,NUCL,1095.5,MW
2045-09-22 14:00:00,XY,NUCL,1095.5,MW
2045-09-23 15:00:00,XY,NUCL,1095.5,MW
2045-09-24 16:00:00,XY,NUCL,1095.5,MW
2045-09-25 17:00:00,XY,NUCL,1095.5,MW
2045-09-26 18:00:00,XY,NUCL,1095.5,MW
2045-09-27 19:00:00,XY,NUCL,1095.5,MW
2045-09-28 20:00:00,XY,NUCL,1095.5,MW
2045-09-29 21:00:00,XY,NUCL,1095.5,MW
2045-09-30 22:00:00,XY,NUCL,1095.5,MW
2045-10-01 23:00:00,XY,NUCL,1095.5,MW
2045-10-03 00:00:00,XY,NUCL,1095.5,MW
2045-10-04 01:00:00,XY,NUCL,1095.5,MW
2045-10-05 02:00:00,XY,NUCL,1095.5,MW
2045-10-06 03:00:00,XY,NUCL,1095.5,MW
2045-10-07 04:00:00,XY,NUCL,1095.5,MW
2045-10-08 05:00:00,XY,NUCL,1095.5,MW
2045-10-09 06:00:00,XY,NUCL,1095.5,MW
2045-10-10 07:00:00,XY,NUCL,1095.5,MW
2045-10-11 08:00:00,XY,NUCL,1095.5,MW
2045-10-12 09:00:00,XY,NUCL,1095.5,MW
2045-10-13 10:00:00,XY,NUCL,1095.5,MW
2045-10-14 11:00:00,XY,NUCL,1095.5,MW
2045-10-15 12:00:00,XY,NUCL,1095.5,MW
2045-10-16 13:00:00,XY,NUCL,1095.5,MW
2045-10-17 14:00:00,XY,NUCL,1095.5,MW
2045-10-18 15:00:00,XY,NUCL,1095.5,MW
2045-10-19 16:00:00,XY,NUCL,1095.5,MW
2045-10-20 17:00:00,XY,NUCL,1095.5,MW
2045-10-21 18:00:00,XY,NUCL,1095.5,MW
2045-10-22 19:00:00,XY,NUCL,1095.5,MW
2045-10-23 20:00:00,XY,NUCL,1095.5,MW
2045-10-24 21:00:00,XY,NUCL,1095.5,MW
2045-10-25 22:00:00,XY,NUCL,1095.5,MW
2045-10-26 23:00:00,XY,NUCL,1095.5,MW
2045-10-28 00:00:00,XY,NUCL,1095.5,MW
2045-10-29 01:00:00,XY,NUCL,1095.5,MW
2045-10-30 02:00:00,XY,NUCL,1095.5,MW
2045-10-31 03:00:00,XY,NUCL,1095.5,MW
2045-11-01 04:00:00,XY,NUCL,1095.5,MW
2045-11-02 05:00:00,XY,NUCL,1095.5,MW
2045-11-03 06:00:00,XY,NUCL,1095.5,MW
2045-11-04 07:00:00,XY,NUCL,1095.5,MW
2045-11-05 08:00:00,XY,NUCL,1095.5,MW
2045-11-06 09:00:00,XY,NUCL,1095.5,MW
2045-11-07 10:00:00,XY,NUCL,1095.5,MW
2045-11-08 11:00:00,XY,NUCL,1095.5,MW
2045-11-09 12:00:00,XY,NUCL,1095.5,MW
2045-11-10 13:00:00,XY,NUCL,1095.5,MW
2045-11-11 14:00:00,XY,NUCL,1095.5,MW
2045-11-12 15:00:00,XY,NUCL,1095.5,MW
2045-11-13 16:00:00,XY,NUCL,1095.5,MW
2045-11-14 17:00:00,XY,NUCL,1095.5,MW
2045-11-15 18:00:00,XY,NUCL,1095.5,MW
2045-11-16 19:00:00,XY,NUCL,1095.5,MW
2045-11-17 20:00:00,XY,NUCL,1095.5,MW
2045-11-18 21:00:00,XY,NUCL,1095.5,MW
2045-11-19 22:00:00,XY,NUCL,1095.5,MW
2045-11-20 23:00:00,XY,NUCL,1095.5,MW
2045-11-22 00:00:00,XY,NUCL,1095.5,MW
2045-11-23 01:00:00,XY,NUCL,1095.5,MW
2045-11-24 02:00:00,XY,NUCL,1095.5,MW
2045-11-25 03:00:00,XY,NUCL,1095.5,MW
2045-11-26 04:00:00,XY,NUCL,1095.5,MW
2045-11-27 05:00:00,XY,NUCL,1095.5,MW
2045-11-28 06:00:00,XY,NUCL,1095.5,MW
2045-11-29 07:00:00,XY,NUCL,1095.5,MW
2045-11-30 08:00:00,XY,NUCL,1095.5,MW
2045-12-01 09:00:00,XY,NUCL,1095.5,MW
2045-12-02 10:00:00,XY,NUCL,1095.5,MW
2045-12-03 11:00:00,XY,NUCL,1095.5,MW
2045-12-04 12:00:00,XY,NUCL,1095.5,MW
2045-12-05 13:00:00,XY,NUCL,1095.5,MW
2045-12-06 14:00:00,XY,NUCL,1095.5,MW
2045-12-07 15:00:00,XY,NUCL,1095.5,MW
2045-12-08 16:00:00,XY,NUCL,1095.5,MW
2045-12-09 17:00:00,XY,NUCL,1095.5,MW
2045-12-10 18:00:00,XY,NUCL,1095.5,MW
2045-12-11 19:00:00,XY,NUCL,1095.5,MW
2045-12-12 20:00:00,XY,NUCL,1095.5,MW
2045-12-13 21:00:00,XY,NUCL,1095.5,MW
2045-12-14 22:00:00,XY,NUCL,1095.5,MW
2045-12-15 23:00:00,XY,NUCL,1095.5,MW
2045-12-17 00:00:00,XY,NUCL,1095.5,MW
2045-12-18 01:00:00,XY,NUCL,1095.5,MW
2045-12-19 02:00:00,XY,NUCL,1095.5,MW
2045-12-20 03:00:00,XY,NUCL,1095.5,MW
2045-12-21 04:00:00,XY,NUCL,1095.5,MW
2045-12-22 05:00:00,XY,NUCL,1095.5,MW
2045-12-23 06:00:00,XY,NUCL,1095.5,MW
2045-12-24 07:00:00,XY,NUCL,1095.5,MW
2045-12-25 08:00:00,XY,NUCL,1095.5,MW
2045-12-26 09:00:00,XY,NUCL,1095.5,MW
2045-12-27 10:00:00,XY,NUCL,1095.5,MW
2045-12-28 11:00:00,XY,NUCL,1095.5,MW
2045-12-29 12:00:00,XY,NUCL,1095.5,MW
2045-12-30 13:00:00,XY,NUCL,1095.5,MW
2045-12-31 14:00:00,XY,NUCL,1095.5,MW
2046-01-01 15:00:00,XY,NUCL,1095.5,MW
2045-01-01 00:00:00,XY,SubC,4073.8,MW
2045-01-02 01:00:00,XY,SubC,4274.7,MW
2045-01-03 02:00:00,XY,SubC,4334.9,MW
2045-01-04 03:00:00,XY,SubC,4440.4,MW
2045-01-05 04:00:00,XY,SubC,4373.8,MW
2045-01-06 05:00:00,XY,SubC,4152.6,MW
2045-01-07 06:00:00,XY,SubC,4553.1,MW
2045-01-08 07:00:00,XY,SubC,4849.4,MW
2045-01-09 08:00:00,XY,SubC,5011.8,MW
2045-01-10 09:00:00,XY,SubC,5136.6,MW
2045-01-11 10:00:00,XY,SubC,5151.9,MW
2045-01-12 11:00:00,XY,SubC,5268.8,MW
2045-01-13 12:00:00,XY,SubC,4832.0,MW
2045-01-14 13:00:00,XY,SubC,4766.3,MW
2045-01-15 14:00:00,XY,SubC,5403.4,MW
2045-01-16 15:00:00,XY,SubC,5335.8,MW
2045-01-17 16:00:00,XY,SubC,5271.7,MW
2045-01-18 17:00:00,XY,SubC,4820.5,MW
2045-01-19 18:00:00,XY,SubC,4641.8,MW
2045-01-20 19:00:00,XY,SubC,5800.0,MW
2045-01-21 20:00:00,XY,SubC,5800.0,MW
2045-01-22 21:00:00,XY,SubC,5109.3,MW
2045-01-23 22:00:00,XY,SubC,4132.7,MW
2045-01-24 23:00:00,XY,SubC,4193.6,MW
2045-01-26 00:00:00,XY,SubC,4495.5,MW
2045-01-27 01:00:00,XY,SubC,3702.8,MW
2045-01-28 02:00:00,XY,SubC,3803.1,MW
2045-01-29 03:00:00,XY,SubC,4368.3,MW
2045-01-30 04:00:00,XY,SubC,4416.0,MW
2045-01-31 05:00:00,XY,SubC,4617.2,MW
2045-02-01 06:00:00,XY,SubC,4543.4,MW
2045-02-02 07:00:00,XY,SubC,4464.3,MW
2045-02-03 08:00:00,XY,SubC,4537.9,MW
2045-02-04 09:00:00,XY,SubC,4043.6,MW
2045-02-05 10:00:00,XY,SubC,4903.5,MW
2045-02-06 11:00:00,XY,SubC,5154.6,MW
2045-02-07 12:00:00,XY,SubC,5078.3,MW
2045-02-08 13:00:00,XY,SubC,4921.9,MW
2045-02-09 14:00:00,XY,SubC,4927.0,MW
2045-02-10 15:00:00,XY,SubC,4255.2,MW
2045-02-11 16:00:00,XY,SubC,3963.2,MW
2045-02-12 17:00:00,XY,SubC,4228.5,MW
2045-02-13 18:00:00,XY,SubC,4572.6,MW
2045-02-14 19:00:00,XY,SubC,4757.6,MW
2045-02-15 20:00:00,XY,SubC,3541.6,MW
2045-02-16 21:00:00,XY,SubC,3431.8,MW
2045-02-17 22:00:00,XY,SubC,3225.3,MW
2045-02-18 23:00:00,XY,SubC,3502.5,MW
2045-02-20 00:00:00,XY,SubC,4228.0,MW
2045-02-21 01:00:00,XY,SubC,4089.4,MW
2045-02-22 02:00:00,XY,SubC,4030.7,MW
2045-02-23 03:00:00,XY,SubC,4100.7,MW
2045-02-24 04:00:00,XY,SubC,3703.9,MW
2045-02-25 05:00:00,XY,SubC,3593.4,MW
2045-02-26 06:00:00,XY,SubC,4459.2,MW
2045-02-27 07:00:00,XY,SubC,4699.5,MW
2045-02-28 08:00:00,XY,SubC,4784.2,MW
2045-03-01 09:00:00,XY,SubC,4814.9,MW
2045-03-02 10:00:00,XY,SubC,4823.9,MW
2045-03-03 11:00:00,XY,SubC,4548.5,MW
2045-03-04 12:00:00,XY,SubC,4292.0,MW
2045-03-05 13:00:00,XY,SubC,4842.8,MW
2045-03-06 14:00:00,XY,SubC,5048.0,MW
2045-03-07 15:00:00,XY,SubC,4935.1,MW
2045-03-08 16:00:00,XY,SubC,4640.1,MW
2045-03-09 17:00:00,XY,SubC,4286.4,MW
2045-03-10 18:00:00,XY,SubC,5139.3,MW
2045-03-11 19:00:00,XY,SubC,5014.6,MW
2045-03-12 20:00:00,XY,SubC,4689.2,MW
2045-03-13 21:00:00,XY,SubC,4418.9,MW
2045-03-14 22:00:00,XY,SubC,5349.2,MW
2045-03-15 23:00:00,XY,SubC,3702.0,MW
2045-03-17 00:00:00,XY,SubC,3463.9,MW
2045-03-18 01:00:00,XY,SubC,3355.4,MW
2045-03-19 02:00:00,XY,SubC,4291.7,MW
2045-03-20 03:00:00,XY,SubC,4383.3,MW
2045-03-21 04:00:00,XY,SubC,4209.2,MW
2045-03-22 05:00:00,XY,SubC,4241.1,MW
2045-03-23 06:00:00,XY,SubC,4547.1,MW
2045-03-24 07:00:00,XY,SubC,4175.2,MW
2045-03-25 08:00:00,XY,SubC,3896.7,MW
2045-03-26 09:00:00,XY,SubC,4971.8,MW
2045-03-27 10:00:00,XY,SubC,4995.0,MW
2045-03-28 11:00:00,XY,SubC,5115.7,MW
2045-03-29 12:00:00,XY,SubC,4767.6,MW
2045-03-30 13:00:00,XY,SubC,4335.9,MW
2045-03-31 14:00:00,XY,SubC,4559.7,MW
2045-04-01 15:00:00,XY,SubC,4645.5,MW
2045-04-02 16:00:00,XY,SubC,4588.1,MW
2045-04-03 17:00:00,XY,SubC,5789.9,MW
2045-04-04 18:00:00,XY,SubC,5800.0,MW
2045-04-05 19:00:00,XY,SubC,5477.9,MW
2045-04-06 20:00:00,XY,SubC,5298.0,MW
2045-04-07 21:00:00,XY,SubC,5800.0,MW
2045-04-08 22:00:00,XY,SubC,5734.6,MW
2045-04-09 23:00:00,XY,SubC,5451.9,MW
2045-04-11 00:00:00,XY,SubC,4732.0,MW
2045-04-12 01:00:00,XY,SubC,5484.7,MW
2045-04-13 02:00:00,XY,SubC,5608.1,MW
2045-04-14 03:00:00,XY,SubC,5630.1,MW
2045-04-15 04:00:00,XY,SubC,5090.0,MW
2045-04-16 05:00:00,XY,SubC,4721.8,MW
2045-04-17 06:00:00,XY,SubC,5800.0,MW
2045-04-18 07:00:00,XY,SubC,4856.2,MW
2045-04-19 08:00:00,XY,SubC,4926.8,MW
2045-04-20 09:00:00,XY,SubC,4859.0,MW
2045-04-21 10:00:00,XY,SubC,4224.6,MW
2045-04-22 11:00:00,XY,SubC,4217.4,MW
2045-04-23 12:00:00,XY,SubC,4735.1,MW
2045-04-24 13:00:00,XY,SubC,4913.0,MW
2045-04-25 14:00:00,XY,SubC,5272.4,MW
2045-04-26 15:00:00,XY,SubC,5147.3,MW
2045-04-27 16:00:00,XY,SubC,4880.6,MW
2045-04-28 17:00:00,XY,SubC,5800.0,MW
2045-04-29 18:00:00,XY,SubC,5800.0,MW
2045-04-30 19:00:00,XY,SubC,5800.0,MW
2045-05-01 20:00:00,XY,SubC,5800.0,MW
2045-05-02 21:00:00,XY,SubC,5800.0,MW
2045-05-03 22:00:00,XY,SubC,5800.0,MW
2045-05-04 23:00:00,XY,SubC,5800.0,MW
2045-05-06 00:00:00,XY,SubC,5800.0,MW
2045-05-07 01:00:00,XY,SubC,5552.2,MW
2045-05-08 02:00:00,XY,SubC,5800.0,MW
2045-05-09 03:00:00,XY,SubC,5800.0,MW
2045-05-10 04:00:00,XY,SubC,5625.8,MW
2045-05-11 05:00:00,XY,SubC,5800.0,MW
2045-05-12 06:00:00,XY,SubC,5800.0,MW
2045-05-13 07:00:00,XY,SubC,5800.0,MW
2045-05-14 08:00:00,XY,SubC,4863.5,MW
2045-05-15 09:00:00,XY,SubC,5004.4,MW
2045-05-16 10:00:00,XY,SubC,5079.8,MW
2045-05-17 11:00:00,XY,SubC,4924.9,MW
2045-05-18 12:00:00,XY,SubC,4778.2,MW
2045-05-19 13:00:00,XY,SubC,4376.0,MW
2045-05-20 14:00:00,XY,SubC,4294.9,MW
2045-05-21 15:00:00,XY,SubC,4961.8,MW
2045-05-22 16:00:00,XY,SubC,5800.0,MW
2045-05-23 17:00:00,XY,SubC,5800.0,MW
2045-05-24 18:00:00,XY,SubC,5800.0,MW
2045-05-25 19:00:00,XY,SubC,5800.0,MW
2045-05-26 20:00:00,XY,SubC,5800.0,MW
2045-05-27 21:00:00,XY,SubC,5800.0,MW
2045-05-28 22:00:00,XY,SubC,5800.0,MW
2045-05-29 23:00:00,XY,SubC,5800.0,MW
2045-05-31 00:00:00,XY,SubC,5800.0,MW
2045-06-01 01:00:00,XY,SubC,5800.0,MW
2045-06-02 02:00:00,XY,SubC,4759.5,MW
2045-06-03 03:00:00,XY,SubC,4239.0,MW
2045-06-04 04:00:00,XY,SubC,5659.2,MW
2045-06-05 05:00:00,XY,SubC,5800.0,MW
2045-06-06 06:00:00,XY,SubC,5585.7,MW
2045-06-07 07:00:00,XY,SubC,5689.2,MW
2045-06-08 08:00:00,XY,SubC,5115.1,MW
2045-06-09 09:00:00,XY,SubC,4896.4,MW
2045-06-10 10:00:00,XY,SubC,5611.2,MW
2045-06-11 11:00:00,XY,SubC,4334.6,MW
2045-06-12 12:00:00,XY,SubC,5171.7,MW
2045-06-13 13:00:00,XY,SubC,5298.5,MW
2045-06-14 14:00:00,XY,SubC,5337.7,MW
2045-06-15 15:00:00,XY,SubC,5061.6,MW
2045-06-16 16:00:00,XY,SubC,4915.8,MW
2045-06-17 17:00:00,XY,SubC,5121.0,MW
2045-06-18 18:00:00,XY,SubC,5602.1,MW
2045-06-19 19:00:00,XY,SubC,5800.0,MW
2045-06-20 20:00:00,XY,SubC,5800.0,MW
2045-06-21 21:00:00,XY,SubC,5800.0,MW
2045-06-22 22:00:00,XY,SubC,5800.0,MW
2045-06-23 23:00:00,XY,SubC,5800.0,MW
2045-06-25 00:00:00,XY,SubC,5800.0,MW
2045-06-26 01:00:00,XY,SubC,5800.0,MW
2045-06-27 02:00:00,XY,SubC,5800.0,MW
2045-06-28 03:00:00,XY,SubC,5800.0,MW
2045-06-29 04:00:00,XY,SubC,5584.9,MW
2045-06-30 05:00:00,XY,SubC,4765.7,MW
2045-07-01 06:00:00,XY,SubC,4977.1,MW
2045-07-02 07:00:00,XY,SubC,4622.1,MW
2045-07-03 08:00:00,XY,SubC,4763.6,MW
2045-07-04 09:00:00,XY,SubC,5150.9,MW
2045-07-05 10:00:00,XY,SubC,5182.0,MW
2045-07-06 11:00:00,XY,SubC,5292.3,MW
2045-07-07 12:00:00,XY,SubC,5323.6,MW
2045-07-08 13:00:00,XY,SubC,4448.4,MW
2045-07-09 14:00:00,XY,SubC,4567.4,MW
2045-07-10 15:00:00,XY,SubC,5492.7,MW
2045-07-11 16:00:00,XY,SubC,5435.9,MW
2045-07-12 17:00:00,XY,SubC,5019.1,MW
2045-07-13 18:00:00,XY,SubC,4436.0,MW
2045-07-14 19:00:00,XY,SubC,4732.0,MW
2045-07-15 20:00:00,XY,SubC,5800.0,MW
2045-07-16 21:00:00,XY,SubC,5800.0,MW
2045-07-17 22:00:00,XY,SubC,5800.0,MW
2045-07-18 23:00:00,XY,SubC,5800.0,MW
2045-07-20 00:00:00,XY,SubC,5526.6,MW
2045-07-21 01:00:00,XY,SubC,4835.7,MW
2045-07-22 02:00:00,XY,SubC,4317.1,MW
2045-07-23 03:00:00,XY,SubC,4084.9,MW
2045-07-24 04:00:00,XY,SubC,4131.3,MW
2045-07-25 05:00:00,XY,SubC,4373.9,MW
2045-07-26 06:00:00,XY,SubC,4570.4,MW
2045-07-27 07:00:00,XY,SubC,4619.2,MW
2045-07-28 08:00:00,XY,SubC,4979.7,MW
2045-07-29 09:00:00,XY,SubC,4957.2,MW
2045-07-30 10:00:00,XY,SubC,4236.7,MW
2045-07-31 11:00:00,XY,SubC,5408.9,MW
2045-08-01 12:00:00,XY,SubC,5358.5,MW
2045-08-02 13:00:00,XY,SubC,5179.9,MW
2045-08-03 14:00:00,XY,SubC,4811.3,MW
2045-08-04 15:00:00,XY,SubC,4779.4,MW
2045-08-05 16:00:00,XY,SubC,4455.7,MW
2045-08-06 17:00:00,XY,SubC,4666.4,MW
2045-08-07 18:00:00,XY,SubC,5462.4,MW
2045-08-08 19:00:00,XY,SubC,5800.0,MW
2045-08-09 20:00:00,XY,SubC,5800.0,MW
2045-08-10 21:00:00,XY,SubC,5043.5,MW
2045-08-11 22:00:00,XY,SubC,5203.3,MW
2045-08-12 23:00:00,XY,SubC,5800.0,MW
2045-08-14 00:00:00,XY,SubC,5765.0,MW
2045-08-15 01:00:00,XY,SubC,4965.0,MW
2045-08-16 02:00:00,XY,SubC,4770.0,MW
2045-08-17 03:00:00,XY,SubC,4069.8,MW
2045-08-18 04:00:00,XY,SubC,4094.8,MW
2045-08-19 05:00:00,XY,SubC,3884.5,MW
2045-08-20 06:00:00,XY,SubC,5234.1,MW
2045-08-21 07:00:00,XY,SubC,5072.2,MW
2045-08-22 08:00:00,XY,SubC,4771.9,MW
2045-08-23 09:00:00,XY,SubC,5000.1,MW
2045-08-24 10:00:00,XY,SubC,5080.7,MW
2045-08-25 11:00:00,XY,SubC,4860.6,MW
2045-08-26 12:00:00,XY,SubC,4343.0,MW
2045-08-27 13:00:00,XY,SubC,4075.9,MW
2045-08-28 14:00:00,XY,SubC,5045.6,MW
2045-08-29 15:00:00,XY,SubC,5071.6,MW
2045-08-30 16:00:00,XY,SubC,5070.0,MW
2045-08-31 17:00:00,XY,SubC,4591.1,MW
2045-09-01 18:00:00,XY,SubC,4261.9,MW
2045-09-02 19:00:00,XY,SubC,5800.0,MW
2045-09-03 20:00:00,XY,SubC,5660.1,MW
2045-09-04 21:00:00,XY,SubC,5800.0,MW
2045-09-05 22:00:00,XY,SubC,5800.0,MW
2045-09-06 23:00:00,XY,SubC,5800.0,MW
2045-09-08 00:00:00,XY,SubC,4615.2,MW
2045-09-09 01:00:00,XY,SubC,4659.3,MW
2045-09-10 02:00:00,XY,SubC,4000.7,MW
2045-09-11 03:00:00,XY,SubC,3954.2,MW
2045-09-12 04:00:00,XY,SubC,4167.7,MW
2045-09-13 05:00:00,XY,SubC,4793.2,MW
2045-09-14 06:00:00,XY,SubC,4362.6,MW
2045-09-15 07:00:00,XY,SubC,4454.4,MW
2045-09-16 08:00:00,XY,SubC,4455.9,MW
2045-09-17 09:00:00,XY,SubC,4282.9,MW
2045-09-18 10:00:00,XY,SubC,4942.4,MW
2045-09-19 11:00:00,XY,SubC,5078.7,MW
2045-09-20 12:00:00,XY,SubC,5021.1,MW
2045-09-21 13:00:00,XY,SubC,4704.0,MW
2045-09-22 14:00:00,XY,SubC,4769.3,MW
2045-09-23 15:00:00,XY,SubC,5145.6,MW
2045-09-24 16:00:00,XY,SubC,4382.2,MW
2045-09-25 17:00:00,XY,SubC,5406.1,MW
2045-09-26 18:00:00,XY,SubC,5754.2,MW
2045-09-27 19:00:00,XY,SubC,5800.0,MW
2045-09-28 20:00:00,XY,SubC,5800.0,MW
2045-09-29 21:00:00,XY,SubC,5800.0,MW
2045-09-30 22:00:00,XY,SubC,5800.0,MW
2045-10-01 23:00:00,XY,SubC,5800.0,MW
2045-10-03 00:00:00,XY,SubC,5800.0,MW
2045-10-04 01:00:00,XY,SubC,5419.3,MW
2045-10-05 02:00:00,XY,SubC,3983.4,MW
2045-10-06 03:00:00,XY,SubC,4026.7,MW
2045-10-07 04:00:00,XY,SubC,3503.7,MW
2045-10-08 05:00:00,XY,SubC,3557.0,MW
2045-10-09 06:00:00,XY,SubC,4268.2,MW
2045-10-10 07:00:00,XY,SubC,5294.1,MW
2045-10-11 08:00:00,XY,SubC,4603.0,MW
2045-10-12 09:00:00,XY,SubC,4500.8,MW
2045-10-13 10:00:00,XY,SubC,4457.5,MW
2045-10-14 11:00:00,XY,SubC,4568.0,MW
2045-10-15 12:00:00,XY,SubC,4467.6,MW
2045-10-16 13:00:00,XY,SubC,4729.3,MW
2045-10-17 14:00:00,XY,SubC,4852.7,MW
2045-10-18 15:00:00,XY,SubC,4975.5,MW
2045-10-19 16:00:00,XY,SubC,4768.1,MW
2045-10-20 17:00:00,XY,SubC,4509.6,MW
2045-10-21 18:00:00,XY,SubC,5800.0,MW
2045-10-22 19:00:00,XY,SubC,5800.0,MW
2045-10-23 20:00:00,XY,SubC,5800.0,MW
2045-10-24 21:00:00,XY,SubC,5800.0,MW
2045-10-25 22:00:00,XY,SubC,5080.5,MW
2045-10-26 23:00:00,XY,SubC,4070.1,MW
2045-10-28 00:00:00,XY,SubC,3321.7,MW
2045-10-29 01:00:00,XY,SubC,4588.3,MW
2045-10-30 02:00:00,XY,SubC,3796.6,MW
2045-10-31 03:00:00,XY,SubC,3940.4,MW
2045-11-01 04:00:00,XY,SubC,3973.7,MW
2045-11-02 05:00:00,XY,SubC,4165.3,MW
2045-11-03 06:00:00,XY,SubC,4444.5,MW
2045-11-04 07:00:00,XY,SubC,4164.7,MW
2045-11-05 08:00:00,XY,SubC,4020.1,MW
2045-11-06 09:00:00,XY,SubC,5046.2,MW
2045-11-07 10:00:00,XY,SubC,5175.7,MW
2045-11-08 11:00:00,XY,SubC,5342.1,MW
2045-11-09 12:00:00,XY,SubC,5226.2,MW
2045-11-10 13:00:00,XY,SubC,5083.7,MW
2045-11-11 14:00:00,XY,SubC,4791.3,MW
2045-11-12 15:00:00,XY,SubC,4741.4,MW
2045-11-13 16:00:00,XY,SubC,5329.0,MW
2045-11-14 17:00:00,XY,SubC,5173.9,MW
2045-11-15 18:00:00,XY,SubC,5295.0,MW
2045-11-16 19:00:00,XY,SubC,4462.2,MW
2045-11-17 20:00:00,XY,SubC,3828.0,MW
2045-11-18 21:00:00,XY,SubC,5800.0,MW
2045-11-19 22:00:00,XY,SubC,4270.7,MW
2045-11-20 23:00:00,XY,SubC,3801.3,MW
2045-11-22 00:00:00,XY,SubC,4184.7,MW
2045-11-23 01:00:00,XY,SubC,5226.2,MW
2045-11-24 02:00:00,XY,SubC,4302.8,MW
2045-11-25 03:00:00,XY,SubC,3721.5,MW
2045-11-26 04:00:00,XY,SubC,3874.9,MW
2045-11-27 05:00:00,XY,SubC,4377.7,MW
2045-11-28 06:00:00,XY,SubC,4577.6,MW
2045-11-29 07:00:00,XY,SubC,4853.9,MW
2045-11-30 08:00:00,XY,SubC,4814.9,MW
2045-12-01 09:00:00,XY,SubC,4856.6,MW
2045-12-02 10:00:00,XY,SubC,4847.3,MW
2045-12-03 11:00:00,XY,SubC,4714.4,MW
2045-12-04 12:00:00,XY,SubC,5417.3,MW
2045-12-05 13:00:00,XY,SubC,5378.2,MW
2045-12-06 14:00:00,XY,SubC,5408.3,MW
2045-12-07 15:00:00,XY,SubC,5378.9,MW
2045-12-08 16:00:00,XY,SubC,5108.8,MW
2045-12-09 17:00:00,XY,SubC,4704.5,MW
2045-12-10 18:00:00,XY,SubC,4879.3,MW
2045-12-11 19:00:00,XY,SubC,5740.5,MW
2045-12-12 20:00:00,XY,SubC,4842.2,MW
2045-12-13 21:00:00,XY,SubC,4276.3,MW
2045-12-14 22:00:00,XY,SubC,3775.2,MW
2045-12-15 23:00:00,XY,SubC,3597.8,MW
2045-12-17 00:00:00,XY,SubC,3296.0,MW
2045-12-18 01:00:00,XY,SubC,3982.0,MW
2045-12-19 02:00:00,XY,SubC,4357.6,MW
2045-12-20 03:00:00,XY,SubC,4343.8,MW
2045-12-21 04:00:00,XY,SubC,4352.1,MW
2045-12-22 05:00:00,XY,SubC,4473.1,MW
2045-12-23 06:00:00,XY,SubC,4723.5,MW
2045-12-24 07:00:00,XY,SubC,4869.1,MW
2045-12-25 08:00:00,XY,SubC,4446.8,MW
2045-12-26 09:00:00,XY,SubC,4533.8,MW
2045-12-27 10:00:00,XY,SubC,4700.7,MW
2045-12-28 11:00:00,XY,SubC,4874.8,MW
2045-12-29 12:00:00,XY,SubC,5072.5,MW
2045-12-30 13:00:00,XY,SubC,4675.2,MW
2045-12-31 14:00:00,XY,SubC,4729.4,MW
2046-01-01 15:00:00,XY,SubC,4916.7,MW
2045-01-01 00:00:00,XY,WSTT,9.4,MW
2045-01-02 01:00:00,XY,WSTT,9.4,MW
2045-01-03 02:00:00,XY,WSTT,9.4,MW
2045-01-04 03:00:00,XY,WSTT,9.4,MW
2045-01-05 04:00:00,XY,WSTT,9.4,MW
2045-01-06 05:00:00,XY,WSTT,9.4,MW
2045-01-07 06:00:00,XY,WSTT,9.4,MW
2045-01-08 07:00:00,XY,WSTT,9.4,MW
2045-01-09 08:00:00,XY,WSTT,9.4,MW
2045-01-10 09:00:00,XY,WSTT,9.4,MW
2045-01-11 10:00:00,XY,WSTT,9.4,MW
2045-01-12 11:00:00,XY,WSTT,9.4,MW
2045-01-13 12:00:00,XY,WSTT,9.4,MW
2045-01-14 13:00:00,XY,WSTT,9.4,MW
2045-01-15 14:00:00,XY,WSTT,9.4,MW
2045-01-16 15:00:00,XY,WSTT,9.4,MW
2045-01-17 16:00:00,XY,WSTT,9.4,MW
2045-01-18 17:00:00,XY,WSTT,9.4,MW
2045-01-19 18:00:00,XY,WSTT,9.4,MW
2045-01-20 19:00:00,XY,WSTT,9.4,MW
2045-01-21 20:00:00,XY,WSTT,9.4,MW
2045-01-22 21:00:00,XY,WSTT,9.4,MW
2045-01-23 22:00:00,XY,WSTT,9.4,MW
2045-01-24 23:00:00,XY,WSTT,9.4,MW
2045-01-26 00:00:00,XY,WSTT,9.4,MW
2045-01-27 01:00:00,XY,WSTT,9.4,MW
2045-01-28 02:00:00,XY,WSTT,9.4,MW
2045-01-29 03:00:00,XY,WSTT,9.4,MW
2045-01-30 04:00:00,XY,WSTT,9.4,MW
2045-01-31 05:00:00,XY,WSTT,9.4,MW
2045-02-01 06:00:00,XY,WSTT,9.4,MW
2045-02-02 07:00:00,XY,WSTT,9.4,MW
2045-02-03 08:00:00,XY,WSTT,9.4,MW
2045-02-04 09:00:00,XY,WSTT,9.4,MW
2045-02-05 10:00:00,XY,WSTT,9.4,MW
2045-02-06 11:00:00,XY,WSTT,9.4,MW
2045-02-07 12:00:00,XY,WSTT,9.4,MW
2045-02-08 13:00:00,XY,WSTT,9.4,MW
2045-02-09 14:00:00,XY,WSTT,9.4,MW
2045-02-10 15:00:00,XY,WSTT,9.4,MW
2045-02-11 16:00:00,XY,WSTT,9.4,MW
2045-02-12 17:00:00,XY,WSTT,9.4,MW
2045-02-13 18:00:00,XY,WSTT,9.4,MW
2045-02-14 19:00:00,XY,WSTT,9.4,MW
2045-02-15 20:00:00,XY,WSTT,9.4,MW
2045-02-16 21:00:00,XY,WSTT,9.4,MW
2045-02-17 22:00:00,XY,WSTT,9.4,MW
2045-02-18 23:00:00,XY,WSTT,9.4,MW
2045-02-20 00:00:00,XY,WSTT,9.4,MW
2045-02-21 01:00:00,XY,WSTT,9.4,MW
2045-02-22 02:00:00,XY,WSTT,9.4,MW
2045-02-23 03:00:00,XY,WSTT,9.4,MW
2045-02-24 04:00:00,XY,WSTT,9.4,MW
2045-02-25 05:00:00,XY,WSTT,9.4,MW
2045-02-26 06:00:00,XY,WSTT,9.4,MW
2045-02-27 07:00:00,XY,WSTT,9.4,MW
2045-02-28 08:00:00,XY,WSTT,9.4,MW
2045-03-01 09:00:00,XY,WSTT,9.4,MW
2045-03-02 10:00:00,XY,WSTT,9.4,MW
2045-03-03 11:00:00,XY,WSTT,9.4,MW
2045-03-04 12:00:00,XY,WSTT,9.4,MW
2045-03-05 13:00:00,XY,WSTT,9.4,MW
2045-03-06 14:00:00,XY,WSTT,9.4,MW
2045-03-07 15:00:00,XY,WSTT,9.4,MW
2045-03-08 16:00:00,XY,WSTT,9.4,MW
2045-03-09 17:00:00,XY,WSTT,9.4,MW
2045-03-10 18:00:00,XY,WSTT,9.4,MW
2045-03-11 19:00:00,XY,WSTT,9.4,MW
2045-03-12 20:00:00,XY,WSTT,9.4,MW
2045-03-13 21:00:00,XY,WSTT,9.4,MW
2045-03-14 22:00:00,XY,WSTT,9.4,MW
2045-03-15 23:00:00,XY,WSTT,9.4,MW
2045-03-17 00:00:00,XY,WSTT,9.4,MW
2045-03-18 01:00:00,XY,WSTT,9.4,MW
2045-03-19 02:00:00,XY,WSTT,9.4,MW
2045-03-20 03:00:00,XY,WSTT,9.4,MW
2045-03-21 04:00:00,XY,WSTT,9.4,MW
2045-03-22 05:00:00,XY,WSTT,9.4,MW
2045-03-23 06:00:00,XY,WSTT,9.4,MW
2045-03-24 07:00:00,XY,WSTT,9.4,MW
2045-03-25 08:00:00,XY,WSTT,9.4,MW
2045-03-26 09:00:00,XY,WSTT,9.4,MW
2045-03-27 10:00:00,XY,WSTT,9.4,MW
2045-03-28 11:00:00,XY,WSTT,9.4,MW
2045-03-29 12:00:00,XY,WSTT,9.4,MW
2045-03-30 13:00:00,XY,WSTT,9.4,MW
2045-03-31 14:00:00,XY,WSTT,9.4,MW
2045-04-01 15:00:00,XY,WSTT,9.4,MW
2045-04-02 16:00:00,XY,WSTT,9.4,MW
2045-04-03 17:00:00,XY,WSTT,9.4,MW
2045-04-04 18:00:00,XY,WSTT,9.4,MW
2045-04-05 19:00:00,XY,WSTT,9.4,MW
2045-04-06 20:00:00,XY,WSTT,9.4,MW
2045-04-07 21:00:00,XY,WSTT,9.4,MW
2045-04-08 22:00:00,XY,WSTT,9.4,MW
2045-04-09 23:00:00,XY,WSTT,9.4,MW
2045-04-11 00:00:00,XY,WSTT,9.4,MW
2045-04-12 01:00:00,XY,WSTT,9.4,MW
2045-04-13 02:00:00,XY,WSTT,9.4,MW
2045-04-14 03:00:00,XY,WSTT,9.4,MW
2045-04-15 04:00:00,XY,WSTT,9.4,MW
2045-04-16 05:00:00,XY,WSTT,9.4,MW
2045-04-17 06:00:00,XY,WSTT,9.4,MW
2045-04-18 07:00:00,XY,WSTT,9.4,MW
2045-04-19 08:00:00,XY,WSTT,9.4,MW
2045-04-20 09:00:00,XY,WSTT,9.4,MW
2045-04-21 10:00:00,XY,WSTT,9.4,MW
2045-04-22 11:00:00,XY,WSTT,9.4,MW
2045-04-23 12:00:00,XY,WSTT,9.4,MW
2045-04-24 13:00:00,XY,WSTT,9.4,MW
2045-04-25 14:00:00,XY,WSTT,9.4,MW
2045-04-26 15:00:00,XY,WSTT,9.4,MW
2045-04-27 16:00:00,XY,WSTT,9.4,MW
2045-04-28 17:00:00,XY,WSTT,9.4,MW
2045-04-29 18:00:00,XY,WSTT,9.4,MW
2045-04-30 19:00:00,XY,WSTT,9.4,MW
2045-05-01 20:00:00,XY,WSTT,9.4,MW
2045-05-02 21:00:00,XY,WSTT,9.4,MW
2045-05-03 22:00:00,XY,WSTT,9.4,MW
2045-05-04 23:00:00,XY,WSTT,9.4,MW
2045-05-06 00:00:00,XY,WSTT,9.4,MW
2045-05-07 01:00:00,XY,WSTT,9.4,MW
2045-05-08 02:00:00,XY,WSTT,9.4,MW
2045-05-09 03:00:00,XY,WSTT,9.4,MW
2045-05-10 04:00:00,XY,WSTT,9.4,MW
2045-05-11 05:00:00,XY,WSTT,9.4,MW
2045-05-12 06:00:00,XY,WSTT,9.4,MW
2045-05-13 07:00:00,XY,WSTT,9.4,MW
2045-05-14 08:00:00,XY,WSTT,9.4,MW
2045-05-15 09:00:00,XY,WSTT,9.4,MW
2045-05-16 10:00:00,XY,WSTT,9.4,MW
2045-05-17 11:00:00,XY,WSTT,9.4,MW
2045-05-18 12:00:00,XY,WSTT,9.4,MW
2045-05-19 13:00:00,XY,WSTT,9.4,MW
2045-05-20 14:00:00,XY,WSTT,9.4,MW
2045-05-21 15:00:00,XY,WSTT,9.4,MW
2045-05-22 16:00:00,XY,WSTT,9.4,MW
2045-05-23 17:00:00,XY,WSTT,9.4,MW
2045-05-24 18:00:00,XY,WSTT,9.4,MW
2045-05-25 19:00:00,XY,WSTT,9.4,MW
2045-05-26 20:00:00,XY,WSTT,9.4,MW
2045-05-27 21:00:00,XY,WSTT,9.4,MW
2045-05-28 22:00:00,XY,WSTT,9.4,MW
2045-05-29 23:00:00,XY,WSTT,9.4,MW
2045-05-31 00:00:00,XY,WSTT,9.4,MW
2045-06-01 01:00:00,XY,WSTT,9.4,MW
2045-06-02 02:00:00,XY,WSTT,9.4,MW
2045-06-03 03:00:00,XY,WSTT,9.4,MW
2045-06-04 04:00:00,XY,WSTT,9.4,MW
2045-06-05 05:00:00,XY,WSTT,9.4,MW
2045-06-06 06:00:00,XY,WSTT,9.4,MW
2045-06-07 07:00:00,XY,WSTT,9.4,MW
2045-06-08 08:00:00,XY,WSTT,9.4,MW
2045-06-09 09:00:00,XY,WSTT,9.4,MW
2045-06-10 10:00:00,XY,WSTT,9.4,MW
2045-06-11 11:00:00,XY,WSTT,9.4,MW
2045-06-12 12:00:00,XY,WSTT,9.4,MW
2045-06-13 13:00:00,XY,WSTT,9.4,MW
2045-06-14 14:00:00,XY,WSTT,9.4,MW
2045-06-15 15:00:00,XY,WSTT,9.4,MW
2045-06-16 16:00:00,XY,WSTT,9.4,MW
2045-06-17 17:00:00,XY,WSTT,9.4,MW
2045-06-18 18:00:00,XY,WSTT,9.4,MW
2045-06-19 19:00:00,XY,WSTT,9.4,MW
2045-06-20 20:00:00,XY,WSTT,9.4,MW
2045-06-21 21:00:00,XY,WSTT,9.4,MW
2045-06-22 22:00:00,XY,WSTT,9.4,MW
2045-06-23 23:00:00,XY,WSTT,9.4,MW
2045-06-25 00:00:00,XY,WSTT,9.4,MW
2045-06-26 01:00:00,XY,WSTT,9.4,MW
2045-06-27 02:00:00,XY,WSTT,9.4,MW
2045-06-28 03:00:00,XY,WSTT,9.4,MW
2045-06-29 04:00:00,XY,WSTT,9.4,MW
2045-06-30 05:00:00,XY,WSTT,9.4,MW
2045-07-01 06:00:00,XY,WSTT,9.4,MW
2045-07-02 07:00:00,XY,WSTT,9.4,MW
2045-07-03 08:00:00,XY,WSTT,9.4,MW
2045-07-04 09:00:00,XY,WSTT,9.4,MW
2045-07-05 10:00:00,XY,WSTT,9.4,MW
2045-07-06 11:00:00,XY,WSTT,9.4,MW
2045-07-07 12:00:00,XY,WSTT,9.4,MW
2045-07-08 13:00:00,XY,WSTT,9.4,MW
2045-07-09 14:00:00,XY,WSTT,9.4,MW
2045-07-10 15:00:00,XY,WSTT,9.4,MW
2045-07-11 16:00:00,XY,WSTT,9.4,MW
2045-07-12 17:00:00,XY,WSTT,9.4,MW
2045-07-13 18:00:00,XY,WSTT,9.4,MW
2045-07-14 19:00:00,XY,WSTT,9.4,MW
2045-07-15 20:00:00,XY,WSTT,9.4,MW
2045-07-16 21:00:00,XY,WSTT,9.4,MW
2045-07-17 22:00:00,XY,WSTT,9.4,MW
2045-07-18 23:00:00,XY,WSTT,9.4,MW
2045-07-20 00:00:00,XY,WSTT,9.4,MW
2045-07-21 01:00:00,XY,WSTT,9.4,MW
2045-07-22 02:00:00,XY,WSTT,9.4,MW
2045-07-23 03:00:00,XY,WSTT,9.4,MW
2045-07-24 04:00:00,XY,WSTT,9.4,MW
2045-07-25 05:00:00,XY,WSTT,9.4,MW
2045-07-26 06:00:00,XY,WSTT,9.4,MW
2045-07-27 07:00:00,XY,WSTT,9.4,MW
2045-07-28 08:00:00,XY,WSTT,9.4,MW
2045-07-29 09:00:00,XY,WSTT,9.4,MW
2045-07-30 10:00:00,XY,WSTT,9.4,MW
2045-07-31 11:00:00,XY,WSTT,9.4,MW
2045-08-01 12:00:00,XY,WSTT,9.4,MW
2045-08-02 13:00:00,XY,WSTT,9.4,MW
2045-08-03 14:00:00,XY,WSTT,9.4,MW
2045-08-04 15:00:00,XY,WSTT,9.4,MW
2045-08-05 16:00:00,XY,WSTT,9.4,MW
2045-08-06 17:00:00,XY,WSTT,9.4,MW
2045-08-07 18:00:00,XY,WSTT,9.4,MW
2045-08-08 19:00:00,XY,WSTT,9.4,MW
2045-08-09 20:00:00,XY,WSTT,9.4,MW
2045-08-10 21:00:00,XY,WSTT,9.4,MW
2045-08-11 22:00:00,XY,WSTT,9.4,MW
2045-08-12 23:00:00,XY,WSTT,9.4,MW
2045-08-14 00:00:00,XY,WSTT,9.4,MW
2045-08-15 01:00:00,XY,WSTT,9.4,MW
2045-08-16 02:00:00,XY,WSTT,9.4,MW
2045-08-17 03:00:00,XY,WSTT,9.4,MW
2045-08-18 04:00:00,XY,WSTT,9.4,MW
2045-08-19 05:00:00,XY,WSTT,9.4,MW
2045-08-20 06:00:00,XY,WSTT,9.4,MW
2045-08-21 07:00:00,XY,WSTT,9.4,MW
2045-08-22 08:00:00,XY,WSTT,9.4,MW
2045-08-23 09:00:00,XY,WSTT,9.4,MW
2045-08-24 10:00:00,XY,WSTT,9.4,MW
2045-08-25 11:00:00,XY,WSTT,9.4,MW
2045-08-26 12:00:00,XY,WSTT,9.4,MW
2045-08-27 13:00:00,XY,WSTT,9.4,MW
2045-08-28 14:00:00,XY,WSTT,9.4,MW
2045-08-29 15:00:00,XY,WSTT,9.4,MW
2045-08-30 16:00:00,XY,WSTT,9.4,MW
2045-08-31 17:00:00,XY,WSTT,9.4,MW
2045-09-01 18:00:00,XY,WSTT,9.4,MW
2045-09-02 19:00:00,XY,WSTT,9.4,MW
2045-09-03 20:00:00,XY,WSTT,9.4,MW
2045-09-04 21:00:00,XY,WSTT,9.4,MW
2045-09-05 22:00:00,XY,WSTT,9.4,MW
2045-09-06 23:00:00,XY,WSTT,9.4,MW
2045-09-08 00:00:00,XY,WSTT,9.4,MW
2045-09-09 01:00:00,XY,WSTT,9.4,MW
2045-09-10 02:00:00,XY,WSTT,9.4,MW
2045-09-11 03:00:00,XY,WSTT,9.4,MW
2045-09-12 04:00:00,XY,WSTT,9.4,MW
2045-09-13 05:00:00,XY,WSTT,9.4,MW
2045-09-14 06:00:00,XY,WSTT,9.4,MW
2045-09-15 07:00:00,XY,WSTT,9.4,MW
2045-09-16 08:00:00,XY,WSTT,9.4,MW
2045-09-17 09:00:00,XY,WSTT,9.4,MW
2045-09-18 10:00:00,XY,WSTT,9.4,MW
2045-09-19 11:00:00,XY,WSTT,9.4,MW
2045-09-20 12:00:00,XY,WSTT,9.4,MW
2045-09-21 13:00:00,XY,WSTT,9.4,MW
2045-09-22 14:00:00,XY,WSTT,9.4,MW
2045-09-23 15:00:00,XY,WSTT,9.4,MW
2045-09-24 16:00:00,XY,WSTT,9.4,MW
2045-09-25 17:00:00,XY,WSTT,9.4,MW
2045-09-26 18:00:00,XY,WSTT,9.4,MW
2045-09-27 19:00:00,XY,WSTT,9.5,MW
2045-09-28 20:00:00,XY,WSTT,9.5,MW
2045-09-29 21:00:00,XY,WSTT,9.5,MW
2045-09-30 22:00:00,XY,WSTT,9.5,MW
2045-10-01 23:00:00,XY,WSTT,9.5,MW
2045-10-03 00:00:00,XY,WSTT,9.5,MW
2045-10-04 01:00:00,XY,WSTT,9.4,MW
2045-10-05 02:00:00,XY,WSTT,9.4,MW
2045-10-06 03:00:00,XY,WSTT,9.4,MW
2045-10-07 04:00:00,XY,WSTT,9.4,MW
2045-10-08 05:00:00,XY,WSTT,9.4,MW
2045-10-09 06:00:00,XY,WSTT,9.4,MW
2045-10-10 07:00:00,XY,WSTT,9.4,MW
2045-10-11 08:00:00,XY,WSTT,9.4,MW
2045-10-12 09:00:00,XY,WSTT,9.4,MW
2045-10-13 10:00:00,XY,WSTT,9.4,MW
2045-10-14 11:00:00,XY,WSTT,9.4,MW
2045-10-15 12:00:00,XY,WSTT,9.4,MW
2045-10-16 13:00:00,XY,WSTT,9.4,MW
2045-10-17 14:00:00,XY,WSTT,9.4,MW
2045-10-18 15:00:00,XY,WSTT,9.4,MW
2045-10-19 16:00:00,XY,WSTT,9.4,MW
2045-10-20 17:00:00,XY,WSTT,9.4,MW
2045-10-21 18:00:00,XY,WSTT,9.4,MW
2045-10-22 19:00:00,XY,WSTT,9.4,MW
2045-10-23 20:00:00,XY,WSTT,9.4,MW
2045-10-24 21:00:00,XY,WSTT,9.4,MW
2045-10-25 22:00:00,XY,WSTT,9.4,MW
2045-10-26 23:00:00,XY,WSTT,9.4,MW
2045-10-28 00:00:00,XY,WSTT,9.4,MW
2045-10-29 01:00:00,XY,WSTT,9.4,MW
2045-10-30 02:00:00,XY,WSTT,9.4,MW
2045-10-31 03:00:00,XY,WSTT,9.4,MW
2045-11-01 04:00:00,XY,WSTT,9.4,MW
2045-11-02 05:00:00,XY,WSTT,9.4,MW
2045-11-03 06:00:00,XY,WSTT,9.4,MW
2045-11-04 07:00:00,XY,WSTT,9.4,MW
2045-11-05 08:00:00,XY,WSTT,9.4,MW
2045-11-06 09:00:00,XY,WSTT,9.4,MW
2045-11-07 10:00:00,XY,WSTT,9.4,MW
2045-11-08 11:00:00,XY,WSTT,9.4,MW
2045-11-09 12:00:00,XY,WSTT,9.4,MW
2045-11-10 13:00:00,XY,WSTT,9.4,MW
2045-11-11 14:00:00,XY,WSTT,9.4,MW
2045-11-12 15:00:00,XY,WSTT,9.4,MW
2045-11-13 16:00:00,XY,WSTT,9.4,MW
2045-11-14 17:00:00,XY,WSTT,9.4,MW
2045-11-15 18:00:00,XY,WSTT,9.4,MW
2045-11-16 19:00:00,XY,WSTT,9.4,MW
2045-11-17 20:00:00,XY,WSTT,9.4,MW
2045-11-18 21:00:00,XY,WSTT,9.4,MW
2045-11-19 22:00:00,XY,WSTT,9.4,MW
2045-11-20 23:00:00,XY,WSTT,9.4,MW
2045-11-22 00:00:00,XY,WSTT,9.4,MW
2045-11-23 01:00:00,XY,WSTT,9.4,MW
2045-11-24 02:00:00,XY,WSTT,9.4,MW
2045-11-25 03:00:00,XY,WSTT,9.4,MW
2045-11-26 04:00:00,XY,WSTT,9.4,MW
2045-11-27 05:00:00,XY,WSTT,9.4,MW
2045-11-28 06:00:00,XY,WSTT,9.4,MW
2045-11-29 07:00:00,XY,WSTT,9.4,MW
2045-11-30 08:00:00,XY,WSTT,9.4,MW
2045-12-01 09:00:00,XY,WSTT,9.4,MW
2045-12-02 10:00:00,XY,WSTT,9.4,MW
2045-12-03 11:00:00,XY,WSTT,9.4,MW
2045-12-04 12:00:00,XY,WSTT,9.4,MW
2045-12-05 13:00:00,XY,WSTT,9.4,MW
2045-12-06 14:00:00,XY,WSTT,9.4,MW
2045-12-07 15:00:00,XY,WSTT,9.4,MW
2045-12-08 16:00:00,XY,WSTT,9.4,MW
2045-12-09 17:00:00,XY,WSTT,9.4,MW
2045-12-10 18:00:00,XY,WSTT,9.4,MW
2045-12-11 19:00:00,XY,WSTT,9.4,MW
2045-12-12 20:00:00,XY,WSTT,9.4,MW
2045-12-13 21:00:00,XY,WSTT,9.4,MW
2045-12-14 22:00:00,XY,WSTT,9.4,MW
2045-12-15 23:00:00,XY,WSTT,9.4,MW
2045-12-17 00:00:00,XY,WSTT,9.4,MW
2045-12-18 01:00:00,XY,WSTT,9.4,MW
2045-12-19 02:00:00,XY,WSTT,9.4,MW
2045-12-20 03:00:00,XY,WSTT,9.4,MW
2045-12-21 04:00:00,XY,WSTT,9.4,MW
2045-12-22 05:00:00,XY,WSTT,9.4,MW
2045-12-23 06:00:00,XY,WSTT,9.4,MW
2045-12-24 07:00:00,XY,WSTT,9.4,MW
2045-12-25 08:00:00,XY,WSTT,9.4,MW
2045-12-26 09:00:00,XY,WSTT,9.4,MW
2045-12-27 10:00:00,XY,WSTT,9.4,MW
2045-12-28 11:00:00,XY,WSTT,9.4,MW
2045-12-29 12:00:00,XY,WSTT,9.4,MW
2045-12-30 13:00:00,XY,WSTT,9.4,MW
2045-12-31 14:00:00,XY,WSTT,9.4,MW
2046-01-01 15:00:00,XY,WSTT,9.4,MW
2045-01-01 00:00:00,XY,CSP,0.0,MW
2045-01-02 01:00:00,XY,CSP,0.0,MW
2045-01-03 02:00:00,XY,CSP,0.0,MW
2045-01-04 03:00:00,XY,CSP,0.0,MW
2045-01-05 04:00:00,XY,CSP,0.0,MW
2045-01-06 05:00:00,XY,CSP,0.0,MW
2045-01-07 06:00:00,XY,CSP,0.0,MW
2045-01-08 07:00:00,XY,CSP,0.0,MW
2045-01-09 08:00:00,XY,CSP,61.9,MW
2045-01-10 09:00:00,XY,CSP,201.0,MW
2045-01-11 10:00:00,XY,CSP,456.2,MW
2045-01-12 11:00:00,XY,CSP,549.0,MW
2045-01-13 12:00:00,XY,CSP,556.7,MW
2045-01-14 13:00:00,XY,CSP,572.2,MW
2045-01-15 14:00:00,XY,CSP,533.5,MW
2045-01-16 15:00:00,XY,CSP,510.3,MW
2045-01-17 16:00:00,XY,CSP,386.6,MW
2045-01-18 17:00:00,XY,CSP,193.3,MW
2045-01-19 18:00:00,XY,CSP,23.2,MW
2045-01-20 19:00:00,XY,CSP,0.0,MW
2045-01-21 20:00:00,XY,CSP,0.0,MW
2045-01-22 21:00:00,XY,CSP,0.0,MW
2045-01-23 22:00:00,XY,CSP,0.0,MW
2045-01-24 23:00:00,XY,CSP,0.0,MW
2045-01-26 00:00:00,XY,CSP,0.0,MW
2045-01-27 01:00:00,XY,CSP,0.0,MW
2045-01-28 02:00:00,XY,CSP,0.0,MW
2045-01-29 03:00:00,XY,CSP,0.0,MW
2045-01-30 04:00:00,XY,CSP,0.0,MW
2045-01-31 05:00:00,XY,CSP,0.0,MW
2045-02-01 06:00:00,XY,CSP,0.0,MW
2045-02-02 07:00:00,XY,CSP,0.0,MW
2045-02-03 08:00:00,XY,CSP,100.5,MW
2045-02-04 09:00:00,XY,CSP,293.8,MW
2045-02-05 10:00:00,XY,CSP,378.9,MW
2045-02-06 11:00:00,XY,CSP,603.1,MW
2045-02-07 12:00:00,XY,CSP,695.9,MW
2045-02-08 13:00:00,XY,CSP,649.5,MW
2045-02-09 14:00:00,XY,CSP,626.3,MW
2045-02-10 15:00:00,XY,CSP,456.2,MW
2045-02-11 16:00:00,XY,CSP,394.4,MW
2045-02-12 17:00:00,XY,CSP,255.2,MW
2045-02-13 18:00:00,XY,CSP,61.9,MW
2045-02-14 19:00:00,XY,CSP,0.0,MW
2045-02-15 20:00:00,XY,CSP,0.0,MW
2045-02-16 21:00:00,XY,CSP,0.0,MW
2045-02-17 22:00:00,XY,CSP,0.0,MW
2045-02-18 23:00:00,XY,CSP,0.0,MW
2045-02-20 00:00:00,XY,CSP,0.0,MW
2045-02-21 01:00:00,XY,CSP,0.0,MW
2045-02-22 02:00:00,XY,CSP,0.0,MW
2045-02-23 03:00:00,XY,CSP,0.0,MW
2045-02-24 04:00:00,XY,CSP,0.0,MW
2045-02-25 05:00:00,XY,CSP,0.0,MW
2045-02-26 06:00:00,XY,CSP,0.0,MW
2045-02-27 07:00:00,XY,CSP,7.7,MW
2045-02-28 08:00:00,XY,CSP,77.3,MW
2045-03-01 09:00:00,XY,CSP,348.0,MW
2045-03-02 10:00:00,XY,CSP,487.2,MW
2045-03-03 11:00:00,XY,CSP,579.9,MW
2045-03-04 12:00:00,XY,CSP,634.1,MW
2045-03-05 13:00:00,XY,CSP,610.9,MW
2045-03-06 14:00:00,XY,CSP,587.7,MW
2045-03-07 15:00:00,XY,CSP,525.8,MW
2045-03-08 16:00:00,XY,CSP,417.6,MW
2045-03-09 17:00:00,XY,CSP,255.2,MW
2045-03-10 18:00:00,XY,CSP,54.1,MW
2045-03-11 19:00:00,XY,CSP,0.0,MW
2045-03-12 20:00:00,XY,CSP,0.0,MW
2045-03-13 21:00:00,XY,CSP,0.0,MW
2045-03-14 22:00:00,XY,CSP,0.0,MW
2045-03-15 23:00:00,XY,CSP,0.0,MW
2045-03-17 00:00:00,XY,CSP,0.0,MW
2045-03-18 01:00:00,XY,CSP,0.0,MW
2045-03-19 02:00:00,XY,CSP,0.0,MW
2045-03-20 03:00:00,XY,CSP,0.0,MW
2045-03-21 04:00:00,XY,CSP,0.0,MW
2045-03-22 05:00:00,XY,CSP,0.0,MW
2045-03-23 06:00:00,XY,CSP,0.0,MW
2045-03-24 07:00:00,XY,CSP,23.2,MW
2045-03-25 08:00:00,XY,CSP,108.3,MW
2045-03-26 09:00:00,XY,CSP,232.0,MW
2045-03-27 10:00:00,XY,CSP,301.6,MW
2045-03-28 11:00:00,XY,CSP,378.9,MW
2045-03-29 12:00:00,XY,CSP,603.1,MW
2045-03-30 13:00:00,XY,CSP,595.4,MW
2045-03-31 14:00:00,XY,CSP,487.2,MW
2045-04-01 15:00:00,XY,CSP,487.2,MW
2045-04-02 16:00:00,XY,CSP,340.2,MW
2045-04-03 17:00:00,XY,CSP,232.0,MW
2045-04-04 18:00:00,XY,CSP,54.1,MW
2045-04-05 19:00:00,XY,CSP,0.0,MW
2045-04-06 20:00:00,XY,CSP,0.0,MW
2045-04-07 21:00:00,XY,CSP,0.0,MW
2045-04-08 22:00:00,XY,CSP,0.0,MW
2045-04-09 23:00:00,XY,CSP,0.0,MW
2045-04-11 00:00:00,XY,CSP,0.0,MW
2045-04-12 01:00:00,XY,CSP,0.0,MW
2045-04-13 02:00:00,XY,CSP,0.0,MW
2045-04-14 03:00:00,XY,CSP,0.0,MW
2045-04-15 04:00:00,XY,CSP,0.0,MW
2045-04-16 05:00:00,XY,CSP,0.0,MW
2045-04-17 06:00:00,XY,CSP,0.0,MW
2045-04-18 07:00:00,XY,CSP,54.1,MW
2045-04-19 08:00:00,XY,CSP,177.8,MW
2045-04-20 09:00:00,XY,CSP,340.2,MW
2045-04-21 10:00:00,XY,CSP,471.7,MW
2045-04-22 11:00:00,XY,CSP,595.4,MW
2045-04-23 12:00:00,XY,CSP,634.1,MW
2045-04-24 13:00:00,XY,CSP,634.1,MW
2045-04-25 14:00:00,XY,CSP,579.9,MW
2045-04-26 15:00:00,XY,CSP,479.4,MW
2045-04-27 16:00:00,XY,CSP,371.2,MW
2045-04-28 17:00:00,XY,CSP,208.8,MW
2045-04-29 18:00:00,XY,CSP,46.4,MW
2045-04-30 19:00:00,XY,CSP,0.0,MW
2045-05-01 20:00:00,XY,CSP,0.0,MW
2045-05-02 21:00:00,XY,CSP,0.0,MW
2045-05-03 22:00:00,XY,CSP,0.0,MW
2045-05-04 23:00:00,XY,CSP,0.0,MW
2045-05-06 00:00:00,XY,CSP,0.0,MW
2045-05-07 01:00:00,XY,CSP,0.0,MW
2045-05-08 02:00:00,XY,CSP,0.0,MW
2045-05-09 03:00:00,XY,CSP,0.0,MW
2045-05-10 04:00:00,XY,CSP,0.0,MW
2045-05-11 05:00:00,XY,CSP,0.0,MW
2045-05-12 06:00:00,XY,CSP,0.0,MW
2045-05-13 07:00:00,XY,CSP,54.1,MW
2045-05-14 08:00:00,XY,CSP,92.8,MW
2045-05-15 09:00:00,XY,CSP,262.9,MW
2045-05-16 10:00:00,XY,CSP,394.4,MW
2045-05-17 11:00:00,XY,CSP,549.0,MW
2045-05-18 12:00:00,XY,CSP,579.9,MW
2045-05-19 13:00:00,XY,CSP,518.1,MW
2045-05-20 14:00:00,XY,CSP,286.1,MW
2045-05-21 15:00:00,XY,CSP,417.6,MW
2045-05-22 16:00:00,XY,CSP,162.4,MW
2045-05-23 17:00:00,XY,CSP,154.7,MW
2045-05-24 18:00:00,XY,CSP,30.9,MW
2045-05-25 19:00:00,XY,CSP,0.0,MW
2045-05-26 20:00:00,XY,CSP,0.0,MW
2045-05-27 21:00:00,XY,CSP,0.0,MW
2045-05-28 22:00:00,XY,CSP,0.0,MW
2045-05-29 23:00:00,XY,CSP,0.0,MW
2045-05-31 00:00:00,XY,CSP,0.0,MW
2045-06-01 01:00:00,XY,CSP,0.0,MW
2045-06-02 02:00:00,XY,CSP,0.0,MW
2045-06-03 03:00:00,XY,CSP,0.0,MW
2045-06-04 04:00:00,XY,CSP,0.0,MW
2045-06-05 05:00:00,XY,CSP,0.0,MW
2045-06-06 06:00:00,XY,CSP,0.0,MW
2045-06-07 07:00:00,XY,CSP,270.6,MW
2045-06-08 08:00:00,XY,CSP,30.9,MW
2045-06-09 09:00:00,XY,CSP,46.4,MW
2045-06-10 10:00:00,XY,CSP,193.3,MW
2045-06-11 11:00:00,XY,CSP,378.9,MW
2045-06-12 12:00:00,XY,CSP,394.4,MW
2045-06-13 13:00:00,XY,CSP,286.1,MW
2045-06-14 14:00:00,XY,CSP,425.3,MW
2045-06-15 15:00:00,XY,CSP,278.4,MW
2045-06-16 16:00:00,XY,CSP,371.2,MW
2045-06-17 17:00:00,XY,CSP,232.0,MW
2045-06-18 18:00:00,XY,CSP,131.5,MW
2045-06-19 19:00:00,XY,CSP,38.7,MW
2045-06-20 20:00:00,XY,CSP,0.0,MW
2045-06-21 21:00:00,XY,CSP,0.0,MW
2045-06-22 22:00:00,XY,CSP,0.0,MW
2045-06-23 23:00:00,XY,CSP,0.0,MW
2045-06-25 00:00:00,XY,CSP,0.0,MW
2045-06-26 01:00:00,XY,CSP,0.0,MW
2045-06-27 02:00:00,XY,CSP,0.0,MW
2045-06-28 03:00:00,XY,CSP,0.0,MW
2045-06-29 04:00:00,XY,CSP,0.0,MW
2045-06-30 05:00:00,XY,CSP,0.0,MW
2045-07-01 06:00:00,XY,CSP,0.0,MW
2045-07-02 07:00:00,XY,CSP,0.0,MW
2045-07-03 08:00:00,XY,CSP,7.7,MW
2045-07-04 09:00:00,XY,CSP,23.2,MW
2045-07-05 10:00:00,XY,CSP,216.5,MW
2045-07-06 11:00:00,XY,CSP,216.5,MW
2045-07-07 12:00:00,XY,CSP,208.8,MW
2045-07-08 13:00:00,XY,CSP,348.0,MW
2045-07-09 14:00:00,XY,CSP,332.5,MW
2045-07-10 15:00:00,XY,CSP,278.4,MW
2045-07-11 16:00:00,XY,CSP,146.9,MW
2045-07-12 17:00:00,XY,CSP,309.3,MW
2045-07-13 18:00:00,XY,CSP,185.6,MW
2045-07-14 19:00:00,XY,CSP,30.9,MW
2045-07-15 20:00:00,XY,CSP,0.0,MW
2045-07-16 21:00:00,XY,CSP,0.0,MW
2045-07-17 22:00:00,XY,CSP,0.0,MW
2045-07-18 23:00:00,XY,CSP,0.0,MW
2045-07-20 00:00:00,XY,CSP,0.0,MW
2045-07-21 01:00:00,XY,CSP,0.0,MW
2045-07-22 02:00:00,XY,CSP,0.0,MW
2045-07-23 03:00:00,XY,CSP,0.0,MW
2045-07-24 04:00:00,XY,CSP,0.0,MW
2045-07-25 05:00:00,XY,CSP,0.0,MW
2045-07-26 06:00:00,XY,CSP,0.0,MW
2045-07-27 07:00:00,XY,CSP,0.0,MW
2045-07-28 08:00:00,XY,CSP,38.7,MW
2045-07-29 09:00:00,XY,CSP,116.0,MW
2045-07-30 10:00:00,XY,CSP,177.8,MW
2045-07-31 11:00:00,XY,CSP,262.9,MW
2045-08-01 12:00:00,XY,CSP,417.6,MW
2045-08-02 13:00:00,XY,CSP,487.2,MW
2045-08-03 14:00:00,XY,CSP,386.6,MW
2045-08-04 15:00:00,XY,CSP,386.6,MW
2045-08-05 16:00:00,XY,CSP,278.4,MW
2045-08-06 17:00:00,XY,CSP,239.7,MW
2045-08-07 18:00:00,XY,CSP,154.7,MW
2045-08-08 19:00:00,XY,CSP,46.4,MW
2045-08-09 20:00:00,XY,CSP,0.0,MW
2045-08-10 21:00:00,XY,CSP,0.0,MW
2045-08-11 22:00:00,XY,CSP,0.0,MW
2045-08-12 23:00:00,XY,CSP,0.0,MW
2045-08-14 00:00:00,XY,CSP,0.0,MW
2045-08-15 01:00:00,XY,CSP,0.0,MW
2045-08-16 02:00:00,XY,CSP,0.0,MW
2045-08-17 03:00:00,XY,CSP,0.0,MW
2045-08-18 04:00:00,XY,CSP,0.0,MW
2045-08-19 05:00:00,XY,CSP,0.0,MW
2045-08-20 06:00:00,XY,CSP,0.0,MW
2045-08-21 07:00:00,XY,CSP,0.0,MW
2045-08-22 08:00:00,XY,CSP,38.7,MW
2045-08-23 09:00:00,XY,CSP,154.7,MW
2045-08-24 10:00:00,XY,CSP,131.5,MW
2045-08-25 11:00:00,XY,CSP,417.6,MW
2045-08-26 12:00:00,XY,CSP,471.7,MW
2045-08-27 13:00:00,XY,CSP,533.5,MW
2045-08-28 14:00:00,XY,CSP,541.3,MW
2045-08-29 15:00:00,XY,CSP,293.8,MW
2045-08-30 16:00:00,XY,CSP,425.3,MW
2045-08-31 17:00:00,XY,CSP,208.8,MW
2045-09-01 18:00:00,XY,CSP,77.3,MW
2045-09-02 19:00:00,XY,CSP,38.7,MW
2045-09-03 20:00:00,XY,CSP,0.0,MW
2045-09-04 21:00:00,XY,CSP,0.0,MW
2045-09-05 22:00:00,XY,CSP,0.0,MW
2045-09-06 23:00:00,XY,CSP,0.0,MW
2045-09-08 00:00:00,XY,CSP,0.0,MW
2045-09-09 01:00:00,XY,CSP,0.0,MW
2045-09-10 02:00:00,XY,CSP,0.0,MW
2045-09-11 03:00:00,XY,CSP,0.0,MW
2045-09-12 04:00:00,XY,CSP,0.0,MW
2045-09-13 05:00:00,XY,CSP,0.0,MW
2045-09-14 06:00:00,XY,CSP,0.0,MW
2045-09-15 07:00:00,XY,CSP,0.0,MW
2045-09-16 08:00:00,XY,CSP,54.1,MW
2045-09-17 09:00:00,XY,CSP,61.9,MW
2045-09-18 10:00:00,XY,CSP,363.4,MW
2045-09-19 11:00:00,XY,CSP,371.2,MW
2045-09-20 12:00:00,XY,CSP,494.9,MW
2045-09-21 13:00:00,XY,CSP,324.8,MW
2045-09-22 14:00:00,XY,CSP,317.0,MW
2045-09-23 15:00:00,XY,CSP,262.9,MW
2045-09-24 16:00:00,XY,CSP,270.6,MW
2045-09-25 17:00:00,XY,CSP,162.4,MW
2045-09-26 18:00:00,XY,CSP,123.7,MW
2045-09-27 19:00:00,XY,CSP,7.7,MW
2045-09-28 20:00:00,XY,CSP,0.0,MW
2045-09-29 21:00:00,XY,CSP,0.0,MW
2045-09-30 22:00:00,XY,CSP,0.0,MW
2045-10-01 23:00:00,XY,CSP,0.0,MW
2045-10-03 00:00:00,XY,CSP,0.0,MW
2045-10-04 01:00:00,XY,CSP,0.0,MW
2045-10-05 02:00:00,XY,CSP,0.0,MW
2045-10-06 03:00:00,XY,CSP,0.0,MW
2045-10-07 04:00:00,XY,CSP,0.0,MW
2045-10-08 05:00:00,XY,CSP,0.0,MW
2045-10-09 06:00:00,XY,CSP,0.0,MW
2045-10-10 07:00:00,XY,CSP,0.0,MW
2045-10-11 08:00:00,XY,CSP,54.1,MW
2045-10-12 09:00:00,XY,CSP,146.9,MW
2045-10-13 10:00:00,XY,CSP,309.3,MW
2045-10-14 11:00:00,XY,CSP,433.0,MW
2045-10-15 12:00:00,XY,CSP,556.7,MW
2045-10-16 13:00:00,XY,CSP,587.7,MW
2045-10-17 14:00:00,XY,CSP,270.6,MW
2045-10-18 15:00:00,XY,CSP,278.4,MW
2045-10-19 16:00:00,XY,CSP,394.4,MW
2045-10-20 17:00:00,XY,CSP,170.1,MW
2045-10-21 18:00:00,XY,CSP,38.7,MW
2045-10-22 19:00:00,XY,CSP,0.0,MW
2045-10-23 20:00:00,XY,CSP,0.0,MW
2045-10-24 21:00:00,XY,CSP,0.0,MW
2045-10-25 22:00:00,XY,CSP,0.0,MW
2045-10-26 23:00:00,XY,CSP,0.0,MW
2045-10-28 00:00:00,XY,CSP,0.0,MW
2045-10-29 01:00:00,XY,CSP,0.0,MW
2045-10-30 02:00:00,XY,CSP,0.0,MW
2045-10-31 03:00:00,XY,CSP,0.0,MW
2045-11-01 04:00:00,XY,CSP,0.0,MW
2045-11-02 05:00:00,XY,CSP,0.0,MW
2045-11-03 06:00:00,XY,CSP,0.0,MW
2045-11-04 07:00:00,XY,CSP,0.0,MW
2045-11-05 08:00:00,XY,CSP,85.1,MW
2045-11-06 09:00:00,XY,CSP,92.8,MW
2045-11-07 10:00:00,XY,CSP,208.8,MW
2045-11-08 11:00:00,XY,CSP,479.4,MW
2045-11-09 12:00:00,XY,CSP,340.2,MW
2045-11-10 13:00:00,XY,CSP,440.8,MW
2045-11-11 14:00:00,XY,CSP,417.6,MW
2045-11-12 15:00:00,XY,CSP,572.2,MW
2045-11-13 16:00:00,XY,CSP,494.9,MW
2045-11-14 17:00:00,XY,CSP,255.2,MW
2045-11-15 18:00:00,XY,CSP,116.0,MW
2045-11-16 19:00:00,XY,CSP,0.0,MW
2045-11-17 20:00:00,XY,CSP,0.0,MW
2045-11-18 21:00:00,XY,CSP,0.0,MW
2045-11-19 22:00:00,XY,CSP,0.0,MW
2045-11-20 23:00:00,XY,CSP,0.0,MW
2045-11-22 00:00:00,XY,CSP,0.0,MW
2045-11-23 01:00:00,XY,CSP,0.0,MW
2045-11-24 02:00:00,XY,CSP,0.0,MW
2045-11-25 03:00:00,XY,CSP,0.0,MW
2045-11-26 04:00:00,XY,CSP,0.0,MW
2045-11-27 05:00:00,XY,CSP,0.0,MW
2045-11-28 06:00:00,XY,CSP,0.0,MW
2045-11-29 07:00:00,XY,CSP,0.0,MW
2045-11-30 08:00:00,XY,CSP,54.1,MW
2045-12-01 09:00:00,XY,CSP,177.8,MW
2045-12-02 10:00:00,XY,CSP,378.9,MW
2045-12-03 11:00:00,XY,CSP,494.9,MW
2045-12-04 12:00:00,XY,CSP,317.0,MW
2045-12-05 13:00:00,XY,CSP,448.5,MW
2045-12-06 14:00:00,XY,CSP,417.6,MW
2045-12-07 15:00:00,XY,CSP,232.0,MW
2045-12-08 16:00:00,XY,CSP,293.8,MW
2045-12-09 17:00:00,XY,CSP,154.7,MW
2045-12-10 18:00:00,XY,CSP,154.7,MW
2045-12-11 19:00:00,XY,CSP,0.0,MW
2045-12-12 20:00:00,XY,CSP,0.0,MW
2045-12-13 21:00:00,XY,CSP,0.0,MW
2045-12-14 22:00:00,XY,CSP,0.0,MW
2045-12-15 23:00:00,XY,CSP,0.0,MW
2045-12-17 00:00:00,XY,CSP,0.0,MW
2045-12-18 01:00:00,XY,CSP,0.0,MW
2045-12-19 02:00:00,XY,CSP,0.0,MW
2045-12-20 03:00:00,XY,CSP,0.0,MW
2045-12-21 04:00:00,XY,CSP,0.0,MW
2045-12-22 05:00:00,XY,CSP,0.0,MW
2045-12-23 06:00:00,XY,CSP,0.0,MW
2045-12-24 07:00:00,XY,CSP,0.0,MW
2045-12-25 08:00:00,XY,CSP,0.0,MW
2045-12-26 09:00:00,XY,CSP,108.3,MW
2045-12-27 10:00:00,XY,CSP,332.5,MW
2045-12-28 11:00:00,XY,CSP,440.8,MW
2045-12-29 12:00:00,XY,CSP,603.1,MW
2045-12-30 13:00:00,XY,CSP,665.0,MW
2045-12-31 14:00:00,XY,CSP,672.7,MW
2046-01-01 15:00:00,XY,CSP,525.8,MW
2045-01-01 00:00:00,XY,PHOT,0.0,MW
2045-01-02 01:00:00,XY,PHOT,0.0,MW
2045-01-03 02:00:00,XY,PHOT,0.0,MW
2045-01-04 03:00:00,XY,PHOT,0.0,MW
2045-01-05 04:00:00,XY,PHOT,0.0,MW
2045-01-06 05:00:00,XY,PHOT,0.0,MW
2045-01-07 06:00:00,XY,PHOT,0.0,MW
2045-01-08 07:00:00,XY,PHOT,787.3,MW
2045-01-09 08:00:00,XY,PHOT,3149.3,MW
2045-01-10 09:00:00,XY,PHOT,7891.5,MW
2045-01-11 10:00:00,XY,PHOT,11950.4,MW
2045-01-12 11:00:00,XY,PHOT,14364.7,MW
2045-01-13 12:00:00,XY,PHOT,14929.1,MW
2045-01-14 13:00:00,XY,PHOT,14189.3,MW
2045-01-15 14:00:00,XY,PHOT,11805.2,MW
2045-01-16 15:00:00,XY,PHOT,10212.1,MW
2045-01-17 16:00:00,XY,PHOT,7345.1,MW
2045-01-18 17:00:00,XY,PHOT,3176.2,MW
2045-01-19 18:00:00,XY,PHOT,0.0,MW
2045-01-20 19:00:00,XY,PHOT,0.0,MW
2045-01-21 20:00:00,XY,PHOT,0.0,MW
2045-01-22 21:00:00,XY,PHOT,0.0,MW
2045-01-23 22:00:00,XY,PHOT,0.0,MW
2045-01-24 23:00:00,XY,PHOT,0.0,MW
2045-01-26 00:00:00,XY,PHOT,0.0,MW
2045-01-27 01:00:00,XY,PHOT,0.0,MW
2045-01-28 02:00:00,XY,PHOT,0.0,MW
2045-01-29 03:00:00,XY,PHOT,0.0,MW
2045-01-30 04:00:00,XY,PHOT,0.0,MW
2045-01-31 05:00:00,XY,PHOT,0.0,MW
2045-02-01 06:00:00,XY,PHOT,0.0,MW
2045-02-02 07:00:00,XY,PHOT,419.8,MW
2045-02-03 08:00:00,XY,PHOT,3312.9,MW
2045-02-04 09:00:00,XY,PHOT,5647.2,MW
2045-02-05 10:00:00,XY,PHOT,11079.2,MW
2045-02-06 11:00:00,XY,PHOT,14348.2,MW
2045-02-07 12:00:00,XY,PHOT,13831.7,MW
2045-02-08 13:00:00,XY,PHOT,13153.6,MW
2045-02-09 14:00:00,XY,PHOT,13426.7,MW
2045-02-10 15:00:00,XY,PHOT,13168.0,MW
2045-02-11 16:00:00,XY,PHOT,8361.9,MW
2045-02-12 17:00:00,XY,PHOT,4617.6,MW
2045-02-13 18:00:00,XY,PHOT,315.1,MW
2045-02-14 19:00:00,XY,PHOT,0.0,MW
2045-02-15 20:00:00,XY,PHOT,0.0,MW
2045-02-16 21:00:00,XY,PHOT,0.0,MW
2045-02-17 22:00:00,XY,PHOT,0.0,MW
2045-02-18 23:00:00,XY,PHOT,0.0,MW
2045-02-20 00:00:00,XY,PHOT,0.0,MW
2045-02-21 01:00:00,XY,PHOT,0.0,MW
2045-02-22 02:00:00,XY,PHOT,0.0,MW
2045-02-23 03:00:00,XY,PHOT,0.0,MW
2045-02-24 04:00:00,XY,PHOT,0.0,MW
2045-02-25 05:00:00,XY,PHOT,0.0,MW
2045-02-26 06:00:00,XY,PHOT,0.0,MW
2045-02-27 07:00:00,XY,PHOT,1165.1,MW
2045-02-28 08:00:00,XY,PHOT,2944.2,MW
2045-03-01 09:00:00,XY,PHOT,10133.0,MW
2045-03-02 10:00:00,XY,PHOT,13521.9,MW
2045-03-03 11:00:00,XY,PHOT,16402.7,MW
2045-03-04 12:00:00,XY,PHOT,16150.9,MW
2045-03-05 13:00:00,XY,PHOT,15648.5,MW
2045-03-06 14:00:00,XY,PHOT,15781.9,MW
2045-03-07 15:00:00,XY,PHOT,13501.7,MW
2045-03-08 16:00:00,XY,PHOT,9675.6,MW
2045-03-09 17:00:00,XY,PHOT,4801.5,MW
2045-03-10 18:00:00,XY,PHOT,477.9,MW
2045-03-11 19:00:00,XY,PHOT,0.0,MW
2045-03-12 20:00:00,XY,PHOT,0.0,MW
2045-03-13 21:00:00,XY,PHOT,0.0,MW
2045-03-14 22:00:00,XY,PHOT,0.0,MW
2045-03-15 23:00:00,XY,PHOT,0.0,MW
2045-03-17 00:00:00,XY,PHOT,0.0,MW
2045-03-18 01:00:00,XY,PHOT,0.0,MW
2045-03-19 02:00:00,XY,PHOT,0.0,MW
2045-03-20 03:00:00,XY,PHOT,0.0,MW
2045-03-21 04:00:00,XY,PHOT,0.0,MW
2045-03-22 05:00:00,XY,PHOT,0.0,MW
2045-03-23 06:00:00,XY,PHOT,0.0,MW
2045-03-24 07:00:00,XY,PHOT,1685.5,MW
2045-03-25 08:00:00,XY,PHOT,3748.0,MW
2045-03-26 09:00:00,XY,PHOT,9720.2,MW
2045-03-27 10:00:00,XY,PHOT,11173.9,MW
2045-03-28 11:00:00,XY,PHOT,14686.8,MW
2045-03-29 12:00:00,XY,PHOT,14800.9,MW
2045-03-30 13:00:00,XY,PHOT,15320.0,MW
2045-03-31 14:00:00,XY,PHOT,15802.7,MW
2045-04-01 15:00:00,XY,PHOT,11904.1,MW
2045-04-02 16:00:00,XY,PHOT,8695.9,MW
2045-04-03 17:00:00,XY,PHOT,3280.5,MW
2045-04-04 18:00:00,XY,PHOT,168.0,MW
2045-04-05 19:00:00,XY,PHOT,0.0,MW
2045-04-06 20:00:00,XY,PHOT,0.0,MW
2045-04-07 21:00:00,XY,PHOT,0.0,MW
2045-04-08 22:00:00,XY,PHOT,0.0,MW
2045-04-09 23:00:00,XY,PHOT,0.0,MW
2045-04-11 00:00:00,XY,PHOT,0.0,MW
2045-04-12 01:00:00,XY,PHOT,0.0,MW
2045-04-13 02:00:00,XY,PHOT,0.0,MW
2045-04-14 03:00:00,XY,PHOT,0.0,MW
2045-04-15 04:00:00,XY,PHOT,0.0,MW
2045-04-16 05:00:00,XY,PHOT,0.0,MW
2045-04-17 06:00:00,XY,PHOT,0.0,MW
2045-04-18 07:00:00,XY,PHOT,1689.6,MW
2045-04-19 08:00:00,XY,PHOT,6004.3,MW
2045-04-20 09:00:00,XY,PHOT,10844.0,MW
2045-04-21 10:00:00,XY,PHOT,14375.7,MW
2045-04-22 11:00:00,XY,PHOT,16114.2,MW
2045-04-23 12:00:00,XY,PHOT,16376.9,MW
2045-04-24 13:00:00,XY,PHOT,16941.5,MW
2045-04-25 14:00:00,XY,PHOT,14444.7,MW
2045-04-26 15:00:00,XY,PHOT,9128.2,MW
2045-04-27 16:00:00,XY,PHOT,6117.8,MW
2045-04-28 17:00:00,XY,PHOT,2540.4,MW
2045-04-29 18:00:00,XY,PHOT,162.8,MW
2045-04-30 19:00:00,XY,PHOT,0.0,MW
2045-05-01 20:00:00,XY,PHOT,0.0,MW
2045-05-02 21:00:00,XY,PHOT,0.0,MW
2045-05-03 22:00:00,XY,PHOT,0.0,MW
2045-05-04 23:00:00,XY,PHOT,0.0,MW
2045-05-06 00:00:00,XY,PHOT,0.0,MW
2045-05-07 01:00:00,XY,PHOT,0.0,MW
2045-05-08 02:00:00,XY,PHOT,0.0,MW
2045-05-09 03:00:00,XY,PHOT,0.0,MW
2045-05-10 04:00:00,XY,PHOT,0.0,MW
2045-05-11 05:00:00,XY,PHOT,0.0,MW
2045-05-12 06:00:00,XY,PHOT,0.0,MW
2045-05-13 07:00:00,XY,PHOT,1218.0,MW
2045-05-14 08:00:00,XY,PHOT,5045.9,MW
2045-05-15 09:00:00,XY,PHOT,10009.9,MW
2045-05-16 10:00:00,XY,PHOT,8326.0,MW
2045-05-17 11:00:00,XY,PHOT,14658.4,MW
2045-05-18 12:00:00,XY,PHOT,11323.0,MW
2045-05-19 13:00:00,XY,PHOT,12061.3,MW
2045-05-20 14:00:00,XY,PHOT,12418.1,MW
2045-05-21 15:00:00,XY,PHOT,7098.4,MW
2045-05-22 16:00:00,XY,PHOT,2874.9,MW
2045-05-23 17:00:00,XY,PHOT,2708.7,MW
2045-05-24 18:00:00,XY,PHOT,220.3,MW
2045-05-25 19:00:00,XY,PHOT,0.0,MW
2045-05-26 20:00:00,XY,PHOT,0.0,MW
2045-05-27 21:00:00,XY,PHOT,0.0,MW
2045-05-28 22:00:00,XY,PHOT,0.0,MW
2045-05-29 23:00:00,XY,PHOT,0.0,MW
2045-05-31 00:00:00,XY,PHOT,0.0,MW
2045-06-01 01:00:00,XY,PHOT,0.0,MW
2045-06-02 02:00:00,XY,PHOT,0.0,MW
2045-06-03 03:00:00,XY,PHOT,0.0,MW
2045-06-04 04:00:00,XY,PHOT,0.0,MW
2045-06-05 05:00:00,XY,PHOT,0.0,MW
2045-06-06 06:00:00,XY,PHOT,0.0,MW
2045-06-07 07:00:00,XY,PHOT,10927.7,MW
2045-06-08 08:00:00,XY,PHOT,1863.9,MW
2045-06-09 09:00:00,XY,PHOT,1968.6,MW
2045-06-10 10:00:00,XY,PHOT,8178.3,MW
2045-06-11 11:00:00,XY,PHOT,12678.6,MW
2045-06-12 12:00:00,XY,PHOT,14679.2,MW
2045-06-13 13:00:00,XY,PHOT,14831.6,MW
2045-06-14 14:00:00,XY,PHOT,13723.1,MW
2045-06-15 15:00:00,XY,PHOT,11775.3,MW
2045-06-16 16:00:00,XY,PHOT,9220.2,MW
2045-06-17 17:00:00,XY,PHOT,3422.7,MW
2045-06-18 18:00:00,XY,PHOT,2817.1,MW
2045-06-19 19:00:00,XY,PHOT,435.4,MW
2045-06-20 20:00:00,XY,PHOT,0.0,MW
2045-06-21 21:00:00,XY,PHOT,0.0,MW
2045-06-22 22:00:00,XY,PHOT,0.0,MW
2045-06-23 23:00:00,XY,PHOT,0.0,MW
2045-06-25 00:00:00,XY,PHOT,0.0,MW
2045-06-26 01:00:00,XY,PHOT,0.0,MW
2045-06-27 02:00:00,XY,PHOT,0.0,MW
2045-06-28 03:00:00,XY,PHOT,0.0,MW
2045-06-29 04:00:00,XY,PHOT,0.0,MW
2045-06-30 05:00:00,XY,PHOT,0.0,MW
2045-07-01 06:00:00,XY,PHOT,0.0,MW
2045-07-02 07:00:00,XY,PHOT,0.0,MW
2045-07-03 08:00:00,XY,PHOT,1370.4,MW
2045-07-04 09:00:00,XY,PHOT,3957.7,MW
2045-07-05 10:00:00,XY,PHOT,8584.0,MW
2045-07-06 11:00:00,XY,PHOT,10056.1,MW
2045-07-07 12:00:00,XY,PHOT,8983.8,MW
2045-07-08 13:00:00,XY,PHOT,13708.1,MW
2045-07-09 14:00:00,XY,PHOT,10222.5,MW
2045-07-10 15:00:00,XY,PHOT,12281.3,MW
2045-07-11 16:00:00,XY,PHOT,8360.4,MW
2045-07-12 17:00:00,XY,PHOT,4340.3,MW
2045-07-13 18:00:00,XY,PHOT,2496.1,MW
2045-07-14 19:00:00,XY,PHOT,451.0,MW
2045-07-15 20:00:00,XY,PHOT,0.0,MW
2045-07-16 21:00:00,XY,PHOT,0.0,MW
2045-07-17 22:00:00,XY,PHOT,0.0,MW
2045-07-18 23:00:00,XY,PHOT,0.0,MW
2045-07-20 00:00:00,XY,PHOT,0.0,MW
2045-07-21 01:00:00,XY,PHOT,0.0,MW
2045-07-22 02:00:00,XY,PHOT,0.0,MW
2045-07-23 03:00:00,XY,PHOT,0.0,MW
2045-07-24 04:00:00,XY,PHOT,0.0,MW
2045-07-25 05:00:00,XY,PHOT,0.0,MW
2045-07-26 06:00:00,XY,PHOT,0.0,MW
2045-07-27 07:00:00,XY,PHOT,0.0,MW
2045-07-28 08:00:00,XY,PHOT,393.5,MW
2045-07-29 09:00:00,XY,PHOT,2916.3,MW
2045-07-30 10:00:00,XY,PHOT,6845.5,MW
2045-07-31 11:00:00,XY,PHOT,11452.2,MW
2045-08-01 12:00:00,XY,PHOT,15764.2,MW
2045-08-02 13:00:00,XY,PHOT,16668.2,MW
2045-08-03 14:00:00,XY,PHOT,13044.2,MW
2045-08-04 15:00:00,XY,PHOT,8990.4,MW
2045-08-05 16:00:00,XY,PHOT,7895.8,MW
2045-08-06 17:00:00,XY,PHOT,4792.8,MW
2045-08-07 18:00:00,XY,PHOT,4260.6,MW
2045-08-08 19:00:00,XY,PHOT,440.6,MW
2045-08-09 20:00:00,XY,PHOT,0.0,MW
2045-08-10 21:00:00,XY,PHOT,0.0,MW
2045-08-11 22:00:00,XY,PHOT,0.0,MW
2045-08-12 23:00:00,XY,PHOT,0.0,MW
2045-08-14 00:00:00,XY,PHOT,0.0,MW
2045-08-15 01:00:00,XY,PHOT,0.0,MW
2045-08-16 02:00:00,XY,PHOT,0.0,MW
2045-08-17 03:00:00,XY,PHOT,0.0,MW
2045-08-18 04:00:00,XY,PHOT,0.0,MW
2045-08-19 05:00:00,XY,PHOT,0.0,MW
2045-08-20 06:00:00,XY,PHOT,0.0,MW
2045-08-21 07:00:00,XY,PHOT,0.0,MW
2045-08-22 08:00:00,XY,PHOT,2314.1,MW
2045-08-23 09:00:00,XY,PHOT,4539.6,MW
2045-08-24 10:00:00,XY,PHOT,6310.7,MW
2045-08-25 11:00:00,XY,PHOT,11618.9,MW
2045-08-26 12:00:00,XY,PHOT,15040.8,MW
2045-08-27 13:00:00,XY,PHOT,16395.0,MW
2045-08-28 14:00:00,XY,PHOT,14920.6,MW
2045-08-29 15:00:00,XY,PHOT,9899.1,MW
2045-08-30 16:00:00,XY,PHOT,8634.6,MW
2045-08-31 17:00:00,XY,PHOT,5114.0,MW
2045-09-01 18:00:00,XY,PHOT,3599.7,MW
2045-09-02 19:00:00,XY,PHOT,162.8,MW
2045-09-03 20:00:00,XY,PHOT,0.0,MW
2045-09-04 21:00:00,XY,PHOT,0.0,MW
2045-09-05 22:00:00,XY,PHOT,0.0,MW
2045-09-06 23:00:00,XY,PHOT,0.0,MW
2045-09-08 00:00:00,XY,PHOT,0.0,MW
2045-09-09 01:00:00,XY,PHOT,0.0,MW
2045-09-10 02:00:00,XY,PHOT,0.0,MW
2045-09-11 03:00:00,XY,PHOT,0.0,MW
2045-09-12 04:00:00,XY,PHOT,0.0,MW
2045-09-13 05:00:00,XY,PHOT,0.0,MW
2045-09-14 06:00:00,XY,PHOT,0.0,MW
2045-09-15 07:00:00,XY,PHOT,0.0,MW
2045-09-16 08:00:00,XY,PHOT,1600.5,MW
2045-09-17 09:00:00,XY,PHOT,3162.6,MW
2045-09-18 10:00:00,XY,PHOT,8407.6,MW
2045-09-19 11:00:00,XY,PHOT,11066.8,MW
2045-09-20 12:00:00,XY,PHOT,13885.9,MW
2045-09-21 13:00:00,XY,PHOT,14011.1,MW
2045-09-22 14:00:00,XY,PHOT,9326.5,MW
2045-09-23 15:00:00,XY,PHOT,7903.8,MW
2045-09-24 16:00:00,XY,PHOT,7403.2,MW
2045-09-25 17:00:00,XY,PHOT,5952.2,MW
2045-09-26 18:00:00,XY,PHOT,2309.1,MW
2045-09-27 19:00:00,XY,PHOT,0.0,MW
2045-09-28 20:00:00,XY,PHOT,0.0,MW
2045-09-29 21:00:00,XY,PHOT,0.0,MW
2045-09-30 22:00:00,XY,PHOT,0.0,MW
2045-10-01 23:00:00,XY,PHOT,0.0,MW
2045-10-03 00:00:00,XY,PHOT,0.0,MW
2045-10-04 01:00:00,XY,PHOT,0.0,MW
2045-10-05 02:00:00,XY,PHOT,0.0,MW
2045-10-06 03:00:00,XY,PHOT,0.0,MW
2045-10-07 04:00:00,XY,PHOT,0.0,MW
2045-10-08 05:00:00,XY,PHOT,0.0,MW
2045-10-09 06:00:00,XY,PHOT,0.0,MW
2045-10-10 07:00:00,XY,PHOT,0.0,MW
2045-10-11 08:00:00,XY,PHOT,1053.5,MW
2045-10-12 09:00:00,XY,PHOT,1476.8,MW
2045-10-13 10:00:00,XY,PHOT,5034.6,MW
2045-10-14 11:00:00,XY,PHOT,9171.1,MW
2045-10-15 12:00:00,XY,PHOT,13026.9,MW
2045-10-16 13:00:00,XY,PHOT,12539.9,MW
2045-10-17 14:00:00,XY,PHOT,6691.6,MW
2045-10-18 15:00:00,XY,PHOT,7564.7,MW
2045-10-19 16:00:00,XY,PHOT,4180.4,MW
2045-10-20 17:00:00,XY,PHOT,2869.1,MW
2045-10-21 18:00:00,XY,PHOT,818.5,MW
2045-10-22 19:00:00,XY,PHOT,0.0,MW
2045-10-23 20:00:00,XY,PHOT,0.0,MW
2045-10-24 21:00:00,XY,PHOT,0.0,MW
2045-10-25 22:00:00,XY,PHOT,0.0,MW
2045-10-26 23:00:00,XY,PHOT,0.0,MW
2045-10-28 00:00:00,XY,PHOT,0.0,MW
2045-10-29 01:00:00,XY,PHOT,0.0,MW
2045-10-30 02:00:00,XY,PHOT,0.0,MW
2045-10-31 03:00:00,XY,PHOT,0.0,MW
2045-11-01 04:00:00,XY,PHOT,0.0,MW
2045-11-02 05:00:00,XY,PHOT,0.0,MW
2045-11-03 06:00:00,XY,PHOT,0.0,MW
2045-11-04 07:00:00,XY,PHOT,0.0,MW
2045-11-05 08:00:00,XY,PHOT,996.8,MW
2045-11-06 09:00:00,XY,PHOT,1745.6,MW
2045-11-07 10:00:00,XY,PHOT,3371.0,MW
2045-11-08 11:00:00,XY,PHOT,9663.3,MW
2045-11-09 12:00:00,XY,PHOT,13977.7,MW
2045-11-10 13:00:00,XY,PHOT,14540.1,MW
2045-11-11 14:00:00,XY,PHOT,13714.3,MW
2045-11-12 15:00:00,XY,PHOT,12014.8,MW
2045-11-13 16:00:00,XY,PHOT,10848.3,MW
2045-11-14 17:00:00,XY,PHOT,6948.2,MW
2045-11-15 18:00:00,XY,PHOT,1590.7,MW
2045-11-16 19:00:00,XY,PHOT,0.0,MW
2045-11-17 20:00:00,XY,PHOT,0.0,MW
2045-11-18 21:00:00,XY,PHOT,0.0,MW
2045-11-19 22:00:00,XY,PHOT,0.0,MW
2045-11-20 23:00:00,XY,PHOT,0.0,MW
2045-11-22 00:00:00,XY,PHOT,0.0,MW
2045-11-23 01:00:00,XY,PHOT,0.0,MW
2045-11-24 02:00:00,XY,PHOT,0.0,MW
2045-11-25 03:00:00,XY,PHOT,0.0,MW
2045-11-26 04:00:00,XY,PHOT,0.0,MW
2045-11-27 05:00:00,XY,PHOT,0.0,MW
2045-11-28 06:00:00,XY,PHOT,0.0,MW
2045-11-29 07:00:00,XY,PHOT,0.0,MW
2045-11-30 08:00:00,XY,PHOT,2525.7,MW
2045-12-01 09:00:00,XY,PHOT,3633.3,MW
2045-12-02 10:00:00,XY,PHOT,8130.0,MW
2045-12-03 11:00:00,XY,PHOT,9110.3,MW
2045-12-04 12:00:00,XY,PHOT,12061.9,MW
2045-12-05 13:00:00,XY,PHOT,14839.7,MW
2045-12-06 14:00:00,XY,PHOT,13080.4,MW
2045-12-07 15:00:00,XY,PHOT,8859.1,MW
2045-12-08 16:00:00,XY,PHOT,4727.1,MW
2045-12-09 17:00:00,XY,PHOT,3556.3,MW
2045-12-10 18:00:00,XY,PHOT,1495.9,MW
2045-12-11 19:00:00,XY,PHOT,0.0,MW
2045-12-12 20:00:00,XY,PHOT,0.0,MW
2045-12-13 21:00:00,XY,PHOT,0.0,MW
2045-12-14 22:00:00,XY,PHOT,0.0,MW
2045-12-15 23:00:00,XY,PHOT,0.0,MW
2045-12-17 00:00:00,XY,PHOT,0.0,MW
2045-12-18 01:00:00,XY,PHOT,0.0,MW
2045-12-19 02:00:00,XY,PHOT,0.0,MW
2045-12-20 03:00:00,XY,PHOT,0.0,MW
2045-12-21 04:00:00,XY,PHOT,0.0,MW
2045-12-22 05:00:00,XY,PHOT,0.0,MW
2045-12-23 06:00:00,XY,PHOT,0.0,MW
2045-12-24 07:00:00,XY,PHOT,0.0,MW
2045-12-25 08:00:00,XY,PHOT,1942.6,MW
2045-12-26 09:00:00,XY,PHOT,4535.6,MW
2045-12-27 10:00:00,XY,PHOT,8359.0,MW
2045-12-28 11:00:00,XY,PHOT,10959.0,MW
2045-12-29 12:00:00,XY,PHOT,14487.2,MW
2045-12-30 13:00:00,XY,PHOT,13854.1,MW
2045-12-31 14:00:00,XY,PHOT,13083.2,MW
2046-01-01 15:00:00,XY,PHOT,8357.2,MW
2045-01-01 00:00:00,XY,RTPV,0.0,MW
2045-01-02 01:00:00,XY,RTPV,0.0,MW
2045-01-03 02:00:00,XY,RTPV,0.0,MW
2045-01-04 03:00:00,XY,RTPV,0.0,MW
2045-01-05 04:00:00,XY,RTPV,0.0,MW
2045-01-06 05:00:00,XY,RTPV,0.0,MW
2045-01-07 06:00:00,XY,RTPV,0.0,MW
2045-01-08 07:00:00,XY,RTPV,2.5,MW
2045-01-09 08:00:00,XY,RTPV,41.4,MW
2045-01-10 09:00:00,XY,RTPV,102.6,MW
2045-01-11 10:00:00,XY,RTPV,123.5,MW
2045-01-12 11:00:00,XY,RTPV,162.6,MW
2045-01-13 12:00:00,XY,RTPV,0.0,MW
2045-01-14 13:00:00,XY,RTPV,154.6,MW
2045-01-15 14:00:00,XY,RTPV,159.2,MW
2045-01-16 15:00:00,XY,RTPV,209.9,MW
2045-01-17 16:00:00,XY,RTPV,81.1,MW
2045-01-18 17:00:00,XY,RTPV,25.2,MW
2045-01-19 18:00:00,XY,RTPV,0.0,MW
2045-01-20 19:00:00,XY,RTPV,0.0,MW
2045-01-21 20:00:00,XY,RTPV,0.0,MW
2045-01-22 21:00:00,XY,RTPV,0.0,MW
2045-01-23 22:00:00,XY,RTPV,0.0,MW
2045-01-24 23:00:00,XY,RTPV,0.0,MW
2045-01-26 00:00:00,XY,RTPV,0.0,MW
2045-01-27 01:00:00,XY,RTPV,0.0,MW
2045-01-28 02:00:00,XY,RTPV,0.0,MW
2045-01-29 03:00:00,XY,RTPV,0.0,MW
2045-01-30 04:00:00,XY,RTPV,0.0,MW
2045-01-31 05:00:00,XY,RTPV,0.0,MW
2045-02-01 06:00:00,XY,RTPV,0.0,MW
2045-02-02 07:00:00,XY,RTPV,1.4,MW
2045-02-03 08:00:00,XY,RTPV,12.8,MW
2045-02-04 09:00:00,XY,RTPV,37.1,MW
2045-02-05 10:00:00,XY,RTPV,196.1,MW
2045-02-06 11:00:00,XY,RTPV,0.0,MW
2045-02-07 12:00:00,XY,RTPV,0.0,MW
2045-02-08 13:00:00,XY,RTPV,0.0,MW
2045-02-09 14:00:00,XY,RTPV,0.0,MW
2045-02-10 15:00:00,XY,RTPV,235.6,MW
2045-02-11 16:00:00,XY,RTPV,168.7,MW
2045-02-12 17:00:00,XY,RTPV,78.5,MW
2045-02-13 18:00:00,XY,RTPV,0.8,MW
2045-02-14 19:00:00,XY,RTPV,0.0,MW
2045-02-15 20:00:00,XY,RTPV,0.0,MW
2045-02-16 21:00:00,XY,RTPV,0.0,MW
2045-02-17 22:00:00,XY,RTPV,0.0,MW
2045-02-18 23:00:00,XY,RTPV,0.0,MW
2045-02-20 00:00:00,XY,RTPV,0.0,MW
2045-02-21 01:00:00,XY,RTPV,0.0,MW
2045-02-22 02:00:00,XY,RTPV,0.0,MW
2045-02-23 03:00:00,XY,RTPV,0.0,MW
2045-02-24 04:00:00,XY,RTPV,0.0,MW
2045-02-25 05:00:00,XY,RTPV,0.0,MW
2045-02-26 06:00:00,XY,RTPV,0.0,MW
2045-02-27 07:00:00,XY,RTPV,10.1,MW
2045-02-28 08:00:00,XY,RTPV,75.6,MW
2045-03-01 09:00:00,XY,RTPV,162.9,MW
2045-03-02 10:00:00,XY,RTPV,194.0,MW
2045-03-03 11:00:00,XY,RTPV,0.0,MW
2045-03-04 12:00:00,XY,RTPV,0.0,MW
2045-03-05 13:00:00,XY,RTPV,0.0,MW
2045-03-06 14:00:00,XY,RTPV,206.1,MW
2045-03-07 15:00:00,XY,RTPV,180.7,MW
2045-03-08 16:00:00,XY,RTPV,140.1,MW
2045-03-09 17:00:00,XY,RTPV,63.2,MW
2045-03-10 18:00:00,XY,RTPV,4.4,MW
2045-03-11 19:00:00,XY,RTPV,0.0,MW
2045-03-12 20:00:00,XY,RTPV,0.0,MW
2045-03-13 21:00:00,XY,RTPV,0.0,MW
2045-03-14 22:00:00,XY,RTPV,0.0,MW
2045-03-15 23:00:00,XY,RTPV,0.0,MW
2045-03-17 00:00:00,XY,RTPV,0.0,MW
2045-03-18 01:00:00,XY,RTPV,0.0,MW
2045-03-19 02:00:00,XY,RTPV,0.0,MW
2045-03-20 03:00:00,XY,RTPV,0.0,MW
2045-03-21 04:00:00,XY,RTPV,0.0,MW
2045-03-22 05:00:00,XY,RTPV,0.0,MW
2045-03-23 06:00:00,XY,RTPV,0.0,MW
2045-03-24 07:00:00,XY,RTPV,7.9,MW
2045-03-25 08:00:00,XY,RTPV,55.5,MW
2045-03-26 09:00:00,XY,RTPV,100.3,MW
2045-03-27 10:00:00,XY,RTPV,95.7,MW
2045-03-28 11:00:00,XY,RTPV,172.8,MW
2045-03-29 12:00:00,XY,RTPV,0.0,MW
2045-03-30 13:00:00,XY,RTPV,0.0,MW
2045-03-31 14:00:00,XY,RTPV,218.9,MW
2045-04-01 15:00:00,XY,RTPV,164.8,MW
2045-04-02 16:00:00,XY,RTPV,82.0,MW
2045-04-03 17:00:00,XY,RTPV,57.5,MW
2045-04-04 18:00:00,XY,RTPV,6.8,MW
2045-04-05 19:00:00,XY,RTPV,0.0,MW
2045-04-06 20:00:00,XY,RTPV,0.0,MW
2045-04-07 21:00:00,XY,RTPV,0.0,MW
2045-04-08 22:00:00,XY,RTPV,0.0,MW
2045-04-09 23:00:00,XY,RTPV,0.0,MW
2045-04-11 00:00:00,XY,RTPV,0.0,MW
2045-04-12 01:00:00,XY,RTPV,0.0,MW
2045-04-13 02:00:00,XY,RTPV,0.0,MW
2045-04-14 03:00:00,XY,RTPV,0.0,MW
2045-04-15 04:00:00,XY,RTPV,0.0,MW
2045-04-16 05:00:00,XY,RTPV,0.0,MW
2045-04-17 06:00:00,XY,RTPV,0.0,MW
2045-04-18 07:00:00,XY,RTPV,12.1,MW
2045-04-19 08:00:00,XY,RTPV,31.8,MW
2045-04-20 09:00:00,XY,RTPV,123.6,MW
2045-04-21 10:00:00,XY,RTPV,176.2,MW
2045-04-22 11:00:00,XY,RTPV,121.0,MW
2045-04-23 12:00:00,XY,RTPV,247.3,MW
2045-04-24 13:00:00,XY,RTPV,244.7,MW
2045-04-25 14:00:00,XY,RTPV,248.0,MW
2045-04-26 15:00:00,XY,RTPV,221.3,MW
2045-04-27 16:00:00,XY,RTPV,134.4,MW
2045-04-28 17:00:00,XY,RTPV,52.0,MW
2045-04-29 18:00:00,XY,RTPV,3.6,MW
2045-04-30 19:00:00,XY,RTPV,0.0,MW
2045-05-01 20:00:00,XY,RTPV,0.0,MW
2045-05-02 21:00:00,XY,RTPV,0.0,MW
2045-05-03 22:00:00,XY,RTPV,0.0,MW
2045-05-04 23:00:00,XY,RTPV,0.0,MW
2045-05-06 00:00:00,XY,RTPV,0.0,MW
2045-05-07 01:00:00,XY,RTPV,0.0,MW
2045-05-08 02:00:00,XY,RTPV,0.0,MW
2045-05-09 03:00:00,XY,RTPV,0.0,MW
2045-05-10 04:00:00,XY,RTPV,0.0,MW
2045-05-11 05:00:00,XY,RTPV,0.0,MW
2045-05-12 06:00:00,XY,RTPV,0.0,MW
2045-05-13 07:00:00,XY,RTPV,9.9,MW
2045-05-14 08:00:00,XY,RTPV,56.6,MW
2045-05-15 09:00:00,XY,RTPV,92.2,MW
2045-05-16 10:00:00,XY,RTPV,216.3,MW
2045-05-17 11:00:00,XY,RTPV,221.7,MW
2045-05-18 12:00:00,XY,RTPV,197.6,MW
2045-05-19 13:00:00,XY,RTPV,196.9,MW
2045-05-20 14:00:00,XY,RTPV,223.3,MW
2045-05-21 15:00:00,XY,RTPV,160.2,MW
2045-05-22 16:00:00,XY,RTPV,35.4,MW
2045-05-23 17:00:00,XY,RTPV,27.2,MW
2045-05-24 18:00:00,XY,RTPV,7.1,MW
2045-05-25 19:00:00,XY,RTPV,0.0,MW
2045-05-26 20:00:00,XY,RTPV,0.0,MW
2045-05-27 21:00:00,XY,RTPV,0.0,MW
2045-05-28 22:00:00,XY,RTPV,0.0,MW
2045-05-29 23:00:00,XY,RTPV,0.0,MW
2045-05-31 00:00:00,XY,RTPV,0.0,MW
2045-06-01 01:00:00,XY,RTPV,0.0,MW
2045-06-02 02:00:00,XY,RTPV,0.0,MW
2045-06-03 03:00:00,XY,RTPV,0.0,MW
2045-06-04 04:00:00,XY,RTPV,0.0,MW
2045-06-05 05:00:00,XY,RTPV,0.0,MW
2045-06-06 06:00:00,XY,RTPV,0.0,MW
2045-06-07 07:00:00,XY,RTPV,174.3,MW
2045-06-08 08:00:00,XY,RTPV,21.1,MW
2045-06-09 09:00:00,XY,RTPV,21.7,MW
2045-06-10 10:00:00,XY,RTPV,144.7,MW
2045-06-11 11:00:00,XY,RTPV,155.2,MW
2045-06-12 12:00:00,XY,RTPV,234.5,MW
2045-06-13 13:00:00,XY,RTPV,231.7,MW
2045-06-14 14:00:00,XY,RTPV,257.3,MW
2045-06-15 15:00:00,XY,RTPV,248.4,MW
2045-06-16 16:00:00,XY,RTPV,217.5,MW
2045-06-17 17:00:00,XY,RTPV,87.1,MW
2045-06-18 18:00:00,XY,RTPV,63.6,MW
2045-06-19 19:00:00,XY,RTPV,11.0,MW
2045-06-20 20:00:00,XY,RTPV,0.0,MW
2045-06-21 21:00:00,XY,RTPV,0.0,MW
2045-06-22 22:00:00,XY,RTPV,0.0,MW
2045-06-23 23:00:00,XY,RTPV,0.0,MW
2045-06-25 00:00:00,XY,RTPV,0.0,MW
2045-06-26 01:00:00,XY,RTPV,0.0,MW
2045-06-27 02:00:00,XY,RTPV,0.0,MW
2045-06-28 03:00:00,XY,RTPV,0.0,MW
2045-06-29 04:00:00,XY,RTPV,0.0,MW
2045-06-30 05:00:00,XY,RTPV,0.0,MW
2045-07-01 06:00:00,XY,RTPV,0.0,MW
2045-07-02 07:00:00,XY,RTPV,0.0,MW
2045-07-03 08:00:00,XY,RTPV,7.1,MW
2045-07-04 09:00:00,XY,RTPV,25.0,MW
2045-07-05 10:00:00,XY,RTPV,111.4,MW
2045-07-06 11:00:00,XY,RTPV,113.9,MW
2045-07-07 12:00:00,XY,RTPV,130.8,MW
2045-07-08 13:00:00,XY,RTPV,247.2,MW
2045-07-09 14:00:00,XY,RTPV,223.9,MW
2045-07-10 15:00:00,XY,RTPV,235.7,MW
2045-07-11 16:00:00,XY,RTPV,201.4,MW
2045-07-12 17:00:00,XY,RTPV,138.0,MW
2045-07-13 18:00:00,XY,RTPV,60.1,MW
2045-07-14 19:00:00,XY,RTPV,20.6,MW
2045-07-15 20:00:00,XY,RTPV,0.0,MW
2045-07-16 21:00:00,XY,RTPV,0.0,MW
2045-07-17 22:00:00,XY,RTPV,0.0,MW
2045-07-18 23:00:00,XY,RTPV,0.0,MW
2045-07-20 00:00:00,XY,RTPV,0.0,MW
2045-07-21 01:00:00,XY,RTPV,0.0,MW
2045-07-22 02:00:00,XY,RTPV,0.0,MW
2045-07-23 03:00:00,XY,RTPV,0.0,MW
2045-07-24 04:00:00,XY,RTPV,0.0,MW
2045-07-25 05:00:00,XY,RTPV,0.0,MW
2045-07-26 06:00:00,XY,RTPV,0.0,MW
2045-07-27 07:00:00,XY,RTPV,0.0,MW
2045-07-28 08:00:00,XY,RTPV,17.1,MW
2045-07-29 09:00:00,XY,RTPV,29.8,MW
2045-07-30 10:00:00,XY,RTPV,103.7,MW
2045-07-31 11:00:00,XY,RTPV,176.3,MW
2045-08-01 12:00:00,XY,RTPV,292.6,MW
2045-08-02 13:00:00,XY,RTPV,300.7,MW
2045-08-03 14:00:00,XY,RTPV,291.3,MW
2045-08-04 15:00:00,XY,RTPV,171.8,MW
2045-08-05 16:00:00,XY,RTPV,138.0,MW
2045-08-06 17:00:00,XY,RTPV,125.9,MW
2045-08-07 18:00:00,XY,RTPV,83.8,MW
2045-08-08 19:00:00,XY,RTPV,14.2,MW
2045-08-09 20:00:00,XY,RTPV,0.0,MW
2045-08-10 21:00:00,XY,RTPV,0.0,MW
2045-08-11 22:00:00,XY,RTPV,0.0,MW
2045-08-12 23:00:00,XY,RTPV,0.0,MW
2045-08-14 00:00:00,XY,RTPV,0.0,MW
2045-08-15 01:00:00,XY,RTPV,0.0,MW
2045-08-16 02:00:00,XY,RTPV,0.0,MW
2045-08-17 03:00:00,XY,RTPV,0.0,MW
2045-08-18 04:00:00,XY,RTPV,0.0,MW
2045-08-19 05:00:00,XY,RTPV,0.0,MW
2045-08-20 06:00:00,XY,RTPV,0.0,MW
2045-08-21 07:00:00,XY,RTPV,0.0,MW
2045-08-22 08:00:00,XY,RTPV,11.0,MW
2045-08-23 09:00:00,XY,RTPV,30.5,MW
2045-08-24 10:00:00,XY,RTPV,95.3,MW
2045-08-25 11:00:00,XY,RTPV,247.0,MW
2045-08-26 12:00:00,XY,RTPV,295.8,MW
2045-08-27 13:00:00,XY,RTPV,293.8,MW
2045-08-28 14:00:00,XY,RTPV,285.6,MW
2045-08-29 15:00:00,XY,RTPV,120.6,MW
2045-08-30 16:00:00,XY,RTPV,105.6,MW
2045-08-31 17:00:00,XY,RTPV,97.7,MW
2045-09-01 18:00:00,XY,RTPV,62.5,MW
2045-09-02 19:00:00,XY,RTPV,3.6,MW
2045-09-03 20:00:00,XY,RTPV,0.0,MW
2045-09-04 21:00:00,XY,RTPV,0.0,MW
2045-09-05 22:00:00,XY,RTPV,0.0,MW
2045-09-06 23:00:00,XY,RTPV,0.0,MW
2045-09-08 00:00:00,XY,RTPV,0.0,MW
2045-09-09 01:00:00,XY,RTPV,0.0,MW
2045-09-10 02:00:00,XY,RTPV,0.0,MW
2045-09-11 03:00:00,XY,RTPV,0.0,MW
2045-09-12 04:00:00,XY,RTPV,0.0,MW
2045-09-13 05:00:00,XY,RTPV,0.0,MW
2045-09-14 06:00:00,XY,RTPV,0.0,MW
2045-09-15 07:00:00,XY,RTPV,0.0,MW
2045-09-16 08:00:00,XY,RTPV,21.1,MW
2045-09-17 09:00:00,XY,RTPV,52.9,MW
2045-09-18 10:00:00,XY,RTPV,135.5,MW
2045-09-19 11:00:00,XY,RTPV,167.6,MW
2045-09-20 12:00:00,XY,RTPV,198.0,MW
2045-09-21 13:00:00,XY,RTPV,235.5,MW
2045-09-22 14:00:00,XY,RTPV,271.9,MW
2045-09-23 15:00:00,XY,RTPV,201.6,MW
2045-09-24 16:00:00,XY,RTPV,154.7,MW
2045-09-25 17:00:00,XY,RTPV,62.7,MW
2045-09-26 18:00:00,XY,RTPV,39.0,MW
2045-09-27 19:00:00,XY,RTPV,0.0,MW
2045-09-28 20:00:00,XY,RTPV,0.0,MW
2045-09-29 21:00:00,XY,RTPV,0.0,MW
2045-09-30 22:00:00,XY,RTPV,0.0,MW
2045-10-01 23:00:00,XY,RTPV,0.0,MW
2045-10-03 00:00:00,XY,RTPV,0.0,MW
2045-10-04 01:00:00,XY,RTPV,0.0,MW
2045-10-05 02:00:00,XY,RTPV,0.0,MW
2045-10-06 03:00:00,XY,RTPV,0.0,MW
2045-10-07 04:00:00,XY,RTPV,0.0,MW
2045-10-08 05:00:00,XY,RTPV,0.0,MW
2045-10-09 06:00:00,XY,RTPV,0.0,MW
2045-10-10 07:00:00,XY,RTPV,0.0,MW
2045-10-11 08:00:00,XY,RTPV,7.7,MW
2045-10-12 09:00:00,XY,RTPV,13.8,MW
2045-10-13 10:00:00,XY,RTPV,82.4,MW
2045-10-14 11:00:00,XY,RTPV,112.5,MW
2045-10-15 12:00:00,XY,RTPV,205.0,MW
2045-10-16 13:00:00,XY,RTPV,130.3,MW
2045-10-17 14:00:00,XY,RTPV,202.1,MW
2045-10-18 15:00:00,XY,RTPV,222.2,MW
2045-10-19 16:00:00,XY,RTPV,131.9,MW
2045-10-20 17:00:00,XY,RTPV,32.7,MW
2045-10-21 18:00:00,XY,RTPV,21.7,MW
2045-10-22 19:00:00,XY,RTPV,0.0,MW
2045-10-23 20:00:00,XY,RTPV,0.0,MW
2045-10-24 21:00:00,XY,RTPV,0.0,MW
2045-10-25 22:00:00,XY,RTPV,0.0,MW
2045-10-26 23:00:00,XY,RTPV,0.0,MW
2045-10-28 00:00:00,XY,RTPV,0.0,MW
2045-10-29 01:00:00,XY,RTPV,0.0,MW
2045-10-30 02:00:00,XY,RTPV,0.0,MW
2045-10-31 03:00:00,XY,RTPV,0.0,MW
2045-11-01 04:00:00,XY,RTPV,0.0,MW
2045-11-02 05:00:00,XY,RTPV,0.0,MW
2045-11-03 06:00:00,XY,RTPV,0.0,MW
2045-11-04 07:00:00,XY,RTPV,0.0,MW
2045-11-05 08:00:00,XY,RTPV,34.9,MW
2045-11-06 09:00:00,XY,RTPV,48.3,MW
2045-11-07 10:00:00,XY,RTPV,86.3,MW
2045-11-08 11:00:00,XY,RTPV,103.9,MW
2045-11-09 12:00:00,XY,RTPV,84.8,MW
2045-11-10 13:00:00,XY,RTPV,0.0,MW
2045-11-11 14:00:00,XY,RTPV,84.8,MW
2045-11-12 15:00:00,XY,RTPV,128.8,MW
2045-11-13 16:00:00,XY,RTPV,88.5,MW
2045-11-14 17:00:00,XY,RTPV,66.9,MW
2045-11-15 18:00:00,XY,RTPV,14.2,MW
2045-11-16 19:00:00,XY,RTPV,0.0,MW
2045-11-17 20:00:00,XY,RTPV,0.0,MW
2045-11-18 21:00:00,XY,RTPV,0.0,MW
2045-11-19 22:00:00,XY,RTPV,0.0,MW
2045-11-20 23:00:00,XY,RTPV,0.0,MW
2045-11-22 00:00:00,XY,RTPV,0.0,MW
2045-11-23 01:00:00,XY,RTPV,0.0,MW
2045-11-24 02:00:00,XY,RTPV,0.0,MW
2045-11-25 03:00:00,XY,RTPV,0.0,MW
2045-11-26 04:00:00,XY,RTPV,0.0,MW
2045-11-27 05:00:00,XY,RTPV,0.0,MW
2045-11-28 06:00:00,XY,RTPV,0.0,MW
2045-11-29 07:00:00,XY,RTPV,0.0,MW
2045-11-30 08:00:00,XY,RTPV,10.2,MW
2045-12-01 09:00:00,XY,RTPV,16.8,MW
2045-12-02 10:00:00,XY,RTPV,148.5,MW
2045-12-03 11:00:00,XY,RTPV,206.1,MW
2045-12-04 12:00:00,XY,RTPV,188.8,MW
2045-12-05 13:00:00,XY,RTPV,0.0,MW
2045-12-06 14:00:00,XY,RTPV,204.3,MW
2045-12-07 15:00:00,XY,RTPV,211.0,MW
2045-12-08 16:00:00,XY,RTPV,176.9,MW
2045-12-09 17:00:00,XY,RTPV,101.3,MW
2045-12-10 18:00:00,XY,RTPV,20.5,MW
2045-12-11 19:00:00,XY,RTPV,0.0,MW
2045-12-12 20:00:00,XY,RTPV,0.0,MW
2045-12-13 21:00:00,XY,RTPV,0.0,MW
2045-12-14 22:00:00,XY,RTPV,0.0,MW
2045-12-15 23:00:00,XY,RTPV,0.0,MW
2045-12-17 00:00:00,XY,RTPV,0.0,MW
2045-12-18 01:00:00,XY,RTPV,0.0,MW
2045-12-19 02:00:00,XY,RTPV,0.0,MW
2045-12-20 03:00:00,XY,RTPV,0.0,MW
2045-12-21 04:00:00,XY,RTPV,0.0,MW
2045-12-22 05:00:00,XY,RTPV,0.0,MW
2045-12-23 06:00:00,XY,RTPV,0.0,MW
2045-12-24 07:00:00,XY,RTPV,0.0,MW
2045-12-25 08:00:00,XY,RTPV,5.7,MW
2045-12-26 09:00:00,XY,RTPV,26.4,MW
2045-12-27 10:00:00,XY,RTPV,100.6,MW
2045-12-28 11:00:00,XY,RTPV,123.0,MW
2045-12-29 12:00:00,XY,RTPV,241.4,MW
2045-12-30 13:00:00,XY,RTPV,234.6,MW
2045-12-31 14:00:00,XY,RTPV,272.4,MW
2046-01-01 15:00:00,XY,RTPV,157.4,MW
2045-01-01 00:00:00,XY,WTON,3173.4,MW
2045-01-02 01:00:00,XY,WTON,757.6,MW
2045-01-03 02:00:00,XY,WTON,348.2,MW
2045-01-04 03:00:00,XY,WTON,171.7,MW
2045-01-05 04:00:00,XY,WTON,1760.8,MW
2045-01-06 05:00:00,XY,WTON,2848.0,MW
2045-01-07 06:00:00,XY,WTON,1104.0,MW
2045-01-08 07:00:00,XY,WTON,861.5,MW
2045-01-09 08:00:00,XY,WTON,2862.4,MW
2045-01-10 09:00:00,XY,WTON,2777.2,MW
2045-01-11 10:00:00,XY,WTON,3070.9,MW
2045-01-12 11:00:00,XY,WTON,218.7,MW
2045-01-13 12:00:00,XY,WTON,0.0,MW
2045-01-14 13:00:00,XY,WTON,338.0,MW
2045-01-15 14:00:00,XY,WTON,0.6,MW
2045-01-16 15:00:00,XY,WTON,342.2,MW
2045-01-17 16:00:00,XY,WTON,1261.9,MW
2045-01-18 17:00:00,XY,WTON,1675.6,MW
2045-01-19 18:00:00,XY,WTON,3349.9,MW
2045-01-20 19:00:00,XY,WTON,763.6,MW
2045-01-21 20:00:00,XY,WTON,1176.1,MW
2045-01-22 21:00:00,XY,WTON,1933.1,MW
2045-01-23 22:00:00,XY,WTON,2355.2,MW
2045-01-24 23:00:00,XY,WTON,1684.6,MW
2045-01-26 00:00:00,XY,WTON,1850.9,MW
2045-01-27 01:00:00,XY,WTON,1180.3,MW
2045-01-28 02:00:00,XY,WTON,871.7,MW
2045-01-29 03:00:00,XY,WTON,1527.9,MW
2045-01-30 04:00:00,XY,WTON,1452.8,MW
2045-01-31 05:00:00,XY,WTON,2605.5,MW
2045-02-01 06:00:00,XY,WTON,3119.4,MW
2045-02-02 07:00:00,XY,WTON,3693.3,MW
2045-02-03 08:00:00,XY,WTON,3441.8,MW
2045-02-04 09:00:00,XY,WTON,3533.6,MW
2045-02-05 10:00:00,XY,WTON,1677.4,MW
2045-02-06 11:00:00,XY,WTON,0.0,MW
2045-02-07 12:00:00,XY,WTON,0.0,MW
2045-02-08 13:00:00,XY,WTON,0.0,MW
2045-02-09 14:00:00,XY,WTON,0.0,MW
2045-02-10 15:00:00,XY,WTON,1067.2,MW
2045-02-11 16:00:00,XY,WTON,2424.2,MW
2045-02-12 17:00:00,XY,WTON,1924.1,MW
2045-02-13 18:00:00,XY,WTON,1690.0,MW
2045-02-14 19:00:00,XY,WTON,1681.6,MW
2045-02-15 20:00:00,XY,WTON,2260.9,MW
2045-02-16 21:00:00,XY,WTON,2433.8,MW
2045-02-17 22:00:00,XY,WTON,2930.9,MW
2045-02-18 23:00:00,XY,WTON,3180.6,MW
2045-02-20 00:00:00,XY,WTON,2927.3,MW
2045-02-21 01:00:00,XY,WTON,2100.6,MW
2045-02-22 02:00:00,XY,WTON,2687.7,MW
2045-02-23 03:00:00,XY,WTON,4005.5,MW
2045-02-24 04:00:00,XY,WTON,2508.8,MW
2045-02-25 05:00:00,XY,WTON,3262.3,MW
2045-02-26 06:00:00,XY,WTON,1088.4,MW
2045-02-27 07:00:00,XY,WTON,1087.2,MW
2045-02-28 08:00:00,XY,WTON,2011.2,MW
2045-03-01 09:00:00,XY,WTON,764.2,MW
2045-03-02 10:00:00,XY,WTON,1020.0,MW
2045-03-03 11:00:00,XY,WTON,0.0,MW
2045-03-04 12:00:00,XY,WTON,0.0,MW
2045-03-05 13:00:00,XY,WTON,0.0,MW
2045-03-06 14:00:00,XY,WTON,14.9,MW
2045-03-07 15:00:00,XY,WTON,2624.4,MW
2045-03-08 16:00:00,XY,WTON,4178.4,MW
2045-03-09 17:00:00,XY,WTON,4269.1,MW
2045-03-10 18:00:00,XY,WTON,4351.9,MW
2045-03-11 19:00:00,XY,WTON,4436.0,MW
2045-03-12 20:00:00,XY,WTON,4015.1,MW
2045-03-13 21:00:00,XY,WTON,3515.6,MW
2045-03-14 22:00:00,XY,WTON,2009.4,MW
2045-03-15 23:00:00,XY,WTON,2597.1,MW
2045-03-17 00:00:00,XY,WTON,3518.0,MW
2045-03-18 01:00:00,XY,WTON,2178.7,MW
2045-03-19 02:00:00,XY,WTON,858.5,MW
2045-03-20 03:00:00,XY,WTON,521.7,MW
2045-03-21 04:00:00,XY,WTON,1511.1,MW
2045-03-22 05:00:00,XY,WTON,4423.4,MW
2045-03-23 06:00:00,XY,WTON,2837.8,MW
2045-03-24 07:00:00,XY,WTON,2510.0,MW
2045-03-25 08:00:00,XY,WTON,2256.1,MW
2045-03-26 09:00:00,XY,WTON,1340.0,MW
2045-03-27 10:00:00,XY,WTON,1100.4,MW
2045-03-28 11:00:00,XY,WTON,1254.7,MW
2045-03-29 12:00:00,XY,WTON,0.0,MW
2045-03-30 13:00:00,XY,WTON,0.0,MW
2045-03-31 14:00:00,XY,WTON,550.1,MW
2045-04-01 15:00:00,XY,WTON,587.7,MW
2045-04-02 16:00:00,XY,WTON,923.3,MW
2045-04-03 17:00:00,XY,WTON,3270.7,MW
2045-04-04 18:00:00,XY,WTON,2939.3,MW
2045-04-05 19:00:00,XY,WTON,3632.7,MW
2045-04-06 20:00:00,XY,WTON,3342.1,MW
2045-04-07 21:00:00,XY,WTON,4266.1,MW
2045-04-08 22:00:00,XY,WTON,3853.0,MW
2045-04-09 23:00:00,XY,WTON,2765.2,MW
2045-04-11 00:00:00,XY,WTON,2517.2,MW
2045-04-12 01:00:00,XY,WTON,1685.2,MW
2045-04-13 02:00:00,XY,WTON,1179.1,MW
2045-04-14 03:00:00,XY,WTON,771.4,MW
2045-04-15 04:00:00,XY,WTON,1429.4,MW
2045-04-16 05:00:00,XY,WTON,2337.8,MW
2045-04-17 06:00:00,XY,WTON,1335.2,MW
2045-04-18 07:00:00,XY,WTON,2088.0,MW
2045-04-19 08:00:00,XY,WTON,2777.2,MW
2045-04-20 09:00:00,XY,WTON,1610.7,MW
2045-04-21 10:00:00,XY,WTON,1102.8,MW
2045-04-22 11:00:00,XY,WTON,256.3,MW
2045-04-23 12:00:00,XY,WTON,87.6,MW
2045-04-24 13:00:00,XY,WTON,149.9,MW
2045-04-25 14:00:00,XY,WTON,501.9,MW
2045-04-26 15:00:00,XY,WTON,2339.0,MW
2045-04-27 16:00:00,XY,WTON,2505.8,MW
2045-04-28 17:00:00,XY,WTON,3264.7,MW
2045-04-29 18:00:00,XY,WTON,1349.0,MW
2045-04-30 19:00:00,XY,WTON,1266.7,MW
2045-05-01 20:00:00,XY,WTON,1171.3,MW
2045-05-02 21:00:00,XY,WTON,1509.3,MW
2045-05-03 22:00:00,XY,WTON,1350.2,MW
2045-05-04 23:00:00,XY,WTON,1686.4,MW
2045-05-06 00:00:00,XY,WTON,1018.2,MW
2045-05-07 01:00:00,XY,WTON,1507.5,MW
2045-05-08 02:00:00,XY,WTON,674.2,MW
2045-05-09 03:00:00,XY,WTON,341.6,MW
2045-05-10 04:00:00,XY,WTON,932.9,MW
2045-05-11 05:00:00,XY,WTON,95.4,MW
2045-05-12 06:00:00,XY,WTON,755.8,MW
2045-05-13 07:00:00,XY,WTON,589.5,MW
2045-05-14 08:00:00,XY,WTON,186.1,MW
2045-05-15 09:00:00,XY,WTON,348.8,MW
2045-05-16 10:00:00,XY,WTON,514.5,MW
2045-05-17 11:00:00,XY,WTON,6.0,MW
2045-05-18 12:00:00,XY,WTON,2.4,MW
2045-05-19 13:00:00,XY,WTON,6.6,MW
2045-05-20 14:00:00,XY,WTON,171.7,MW
2045-05-21 15:00:00,XY,WTON,338.6,MW
2045-05-22 16:00:00,XY,WTON,1509.3,MW
2045-05-23 17:00:00,XY,WTON,353.6,MW
2045-05-24 18:00:00,XY,WTON,859.1,MW
2045-05-25 19:00:00,XY,WTON,438.2,MW
2045-05-26 20:00:00,XY,WTON,170.5,MW
2045-05-27 21:00:00,XY,WTON,588.3,MW
2045-05-28 22:00:00,XY,WTON,347.0,MW
2045-05-29 23:00:00,XY,WTON,841.1,MW
2045-05-31 00:00:00,XY,WTON,1590.3,MW
2045-06-01 01:00:00,XY,WTON,1838.3,MW
2045-06-02 02:00:00,XY,WTON,2506.4,MW
2045-06-03 03:00:00,XY,WTON,3506.6,MW
2045-06-04 04:00:00,XY,WTON,1522.5,MW
2045-06-05 05:00:00,XY,WTON,1506.3,MW
2045-06-06 06:00:00,XY,WTON,2004.6,MW
2045-06-07 07:00:00,XY,WTON,3261.1,MW
2045-06-08 08:00:00,XY,WTON,2753.8,MW
2045-06-09 09:00:00,XY,WTON,4423.4,MW
2045-06-10 10:00:00,XY,WTON,2005.8,MW
2045-06-11 11:00:00,XY,WTON,2681.1,MW
2045-06-12 12:00:00,XY,WTON,1709.2,MW
2045-06-13 13:00:00,XY,WTON,1538.7,MW
2045-06-14 14:00:00,XY,WTON,4358.8,MW
2045-06-15 15:00:00,XY,WTON,5510.6,MW
2045-06-16 16:00:00,XY,WTON,5595.8,MW
2045-06-17 17:00:00,XY,WTON,5932.0,MW
2045-06-18 18:00:00,XY,WTON,5440.9,MW
2045-06-19 19:00:00,XY,WTON,3603.3,MW
2045-06-20 20:00:00,XY,WTON,2349.2,MW
2045-06-21 21:00:00,XY,WTON,1772.8,MW
2045-06-22 22:00:00,XY,WTON,1934.3,MW
2045-06-23 23:00:00,XY,WTON,1351.4,MW
2045-06-25 00:00:00,XY,WTON,2524.4,MW
2045-06-26 01:00:00,XY,WTON,2030.4,MW
2045-06-27 02:00:00,XY,WTON,1183.9,MW
2045-06-28 03:00:00,XY,WTON,178.9,MW
2045-06-29 04:00:00,XY,WTON,1597.5,MW
2045-06-30 05:00:00,XY,WTON,2266.3,MW
2045-07-01 06:00:00,XY,WTON,2267.5,MW
2045-07-02 07:00:00,XY,WTON,2932.7,MW
2045-07-03 08:00:00,XY,WTON,2854.0,MW
2045-07-04 09:00:00,XY,WTON,5863.6,MW
2045-07-05 10:00:00,XY,WTON,5857.6,MW
2045-07-06 11:00:00,XY,WTON,5547.4,MW
2045-07-07 12:00:00,XY,WTON,5508.2,MW
2045-07-08 13:00:00,XY,WTON,3341.5,MW
2045-07-09 14:00:00,XY,WTON,5935.0,MW
2045-07-10 15:00:00,XY,WTON,5176.8,MW
2045-07-11 16:00:00,XY,WTON,6760.5,MW
2045-07-12 17:00:00,XY,WTON,7263.0,MW
2045-07-13 18:00:00,XY,WTON,6265.2,MW
2045-07-14 19:00:00,XY,WTON,5510.0,MW
2045-07-15 20:00:00,XY,WTON,3597.3,MW
2045-07-16 21:00:00,XY,WTON,4614.9,MW
2045-07-17 22:00:00,XY,WTON,4932.4,MW
2045-07-18 23:00:00,XY,WTON,5116.1,MW
2045-07-20 00:00:00,XY,WTON,2843.8,MW
2045-07-21 01:00:00,XY,WTON,3599.7,MW
2045-07-22 02:00:00,XY,WTON,5024.9,MW
2045-07-23 03:00:00,XY,WTON,4595.7,MW
2045-07-24 04:00:00,XY,WTON,3425.0,MW
2045-07-25 05:00:00,XY,WTON,3174.6,MW
2045-07-26 06:00:00,XY,WTON,2261.5,MW
2045-07-27 07:00:00,XY,WTON,3094.8,MW
2045-07-28 08:00:00,XY,WTON,1591.5,MW
2045-07-29 09:00:00,XY,WTON,3008.3,MW
2045-07-30 10:00:00,XY,WTON,2422.4,MW
2045-07-31 11:00:00,XY,WTON,4844.8,MW
2045-08-01 12:00:00,XY,WTON,1730.3,MW
2045-08-02 13:00:00,XY,WTON,334.2,MW
2045-08-03 14:00:00,XY,WTON,3457.2,MW
2045-08-04 15:00:00,XY,WTON,5759.1,MW
2045-08-05 16:00:00,XY,WTON,5675.1,MW
2045-08-06 17:00:00,XY,WTON,4924.0,MW
2045-08-07 18:00:00,XY,WTON,5259.6,MW
2045-08-08 19:00:00,XY,WTON,4845.4,MW
2045-08-09 20:00:00,XY,WTON,4923.4,MW
2045-08-10 21:00:00,XY,WTON,5257.8,MW
2045-08-11 22:00:00,XY,WTON,3839.2,MW
2045-08-12 23:00:00,XY,WTON,4595.1,MW
2045-08-14 00:00:00,XY,WTON,2933.9,MW
2045-08-15 01:00:00,XY,WTON,2854.0,MW
2045-08-16 02:00:00,XY,WTON,4524.2,MW
2045-08-17 03:00:00,XY,WTON,4798.0,MW
2045-08-18 04:00:00,XY,WTON,5265.6,MW
2045-08-19 05:00:00,XY,WTON,3256.3,MW
2045-08-20 06:00:00,XY,WTON,1753.6,MW
2045-08-21 07:00:00,XY,WTON,2339.0,MW
2045-08-22 08:00:00,XY,WTON,1919.9,MW
2045-08-23 09:00:00,XY,WTON,3255.1,MW
2045-08-24 10:00:00,XY,WTON,2169.7,MW
2045-08-25 11:00:00,XY,WTON,4090.8,MW
2045-08-26 12:00:00,XY,WTON,3147.9,MW
2045-08-27 13:00:00,XY,WTON,1669.4,MW
2045-08-28 14:00:00,XY,WTON,3114.0,MW
2045-08-29 15:00:00,XY,WTON,5263.2,MW
2045-08-30 16:00:00,XY,WTON,4700.1,MW
2045-08-31 17:00:00,XY,WTON,3016.7,MW
2045-09-01 18:00:00,XY,WTON,2591.7,MW
2045-09-02 19:00:00,XY,WTON,3679.5,MW
2045-09-03 20:00:00,XY,WTON,3342.7,MW
2045-09-04 21:00:00,XY,WTON,2599.5,MW
2045-09-05 22:00:00,XY,WTON,3012.5,MW
2045-09-06 23:00:00,XY,WTON,4429.4,MW
2045-09-08 00:00:00,XY,WTON,3113.4,MW
2045-09-09 01:00:00,XY,WTON,2181.7,MW
2045-09-10 02:00:00,XY,WTON,2589.9,MW
2045-09-11 03:00:00,XY,WTON,2420.6,MW
2045-09-12 04:00:00,XY,WTON,2921.9,MW
2045-09-13 05:00:00,XY,WTON,1921.1,MW
2045-09-14 06:00:00,XY,WTON,3256.3,MW
2045-09-15 07:00:00,XY,WTON,2594.7,MW
2045-09-16 08:00:00,XY,WTON,3857.2,MW
2045-09-17 09:00:00,XY,WTON,4950.4,MW
2045-09-18 10:00:00,XY,WTON,4350.7,MW
2045-09-19 11:00:00,XY,WTON,1269.7,MW
2045-09-20 12:00:00,XY,WTON,751.6,MW
2045-09-21 13:00:00,XY,WTON,84.0,MW
2045-09-22 14:00:00,XY,WTON,835.1,MW
2045-09-23 15:00:00,XY,WTON,83.4,MW
2045-09-24 16:00:00,XY,WTON,168.1,MW
2045-09-25 17:00:00,XY,WTON,2427.8,MW
2045-09-26 18:00:00,XY,WTON,1595.7,MW
2045-09-27 19:00:00,XY,WTON,1840.1,MW
2045-09-28 20:00:00,XY,WTON,1017.0,MW
2045-09-29 21:00:00,XY,WTON,2257.3,MW
2045-09-30 22:00:00,XY,WTON,2259.7,MW
2045-10-01 23:00:00,XY,WTON,429.2,MW
2045-10-03 00:00:00,XY,WTON,593.7,MW
2045-10-04 01:00:00,XY,WTON,420.2,MW
2045-10-05 02:00:00,XY,WTON,1672.6,MW
2045-10-06 03:00:00,XY,WTON,1003.2,MW
2045-10-07 04:00:00,XY,WTON,1420.4,MW
2045-10-08 05:00:00,XY,WTON,1837.1,MW
2045-10-09 06:00:00,XY,WTON,1587.3,MW
2045-10-10 07:00:00,XY,WTON,1195.3,MW
2045-10-11 08:00:00,XY,WTON,1350.2,MW
2045-10-12 09:00:00,XY,WTON,2097.6,MW
2045-10-13 10:00:00,XY,WTON,1004.4,MW
2045-10-14 11:00:00,XY,WTON,594.3,MW
2045-10-15 12:00:00,XY,WTON,843.5,MW
2045-10-16 13:00:00,XY,WTON,253.3,MW
2045-10-17 14:00:00,XY,WTON,8.4,MW
2045-10-18 15:00:00,XY,WTON,672.4,MW
2045-10-19 16:00:00,XY,WTON,181.9,MW
2045-10-20 17:00:00,XY,WTON,1513.5,MW
2045-10-21 18:00:00,XY,WTON,341.0,MW
2045-10-22 19:00:00,XY,WTON,1927.7,MW
2045-10-23 20:00:00,XY,WTON,1012.2,MW
2045-10-24 21:00:00,XY,WTON,1760.8,MW
2045-10-25 22:00:00,XY,WTON,2678.1,MW
2045-10-26 23:00:00,XY,WTON,2182.9,MW
2045-10-28 00:00:00,XY,WTON,2595.9,MW
2045-10-29 01:00:00,XY,WTON,1174.9,MW
2045-10-30 02:00:00,XY,WTON,3019.1,MW
2045-10-31 03:00:00,XY,WTON,2616.9,MW
2045-11-01 04:00:00,XY,WTON,3026.3,MW
2045-11-02 05:00:00,XY,WTON,1269.7,MW
2045-11-03 06:00:00,XY,WTON,2005.2,MW
2045-11-04 07:00:00,XY,WTON,1753.0,MW
2045-11-05 08:00:00,XY,WTON,1503.3,MW
2045-11-06 09:00:00,XY,WTON,1505.1,MW
2045-11-07 10:00:00,XY,WTON,2013.6,MW
2045-11-08 11:00:00,XY,WTON,3528.2,MW
2045-11-09 12:00:00,XY,WTON,1074.8,MW
2045-11-10 13:00:00,XY,WTON,0.0,MW
2045-11-11 14:00:00,XY,WTON,2057.7,MW
2045-11-12 15:00:00,XY,WTON,1503.9,MW
2045-11-13 16:00:00,XY,WTON,1523.7,MW
2045-11-14 17:00:00,XY,WTON,2433.8,MW
2045-11-15 18:00:00,XY,WTON,3434.6,MW
2045-11-16 19:00:00,XY,WTON,3020.9,MW
2045-11-17 20:00:00,XY,WTON,3102.6,MW
2045-11-18 21:00:00,XY,WTON,182.5,MW
2045-11-19 22:00:00,XY,WTON,3010.7,MW
2045-11-20 23:00:00,XY,WTON,3689.7,MW
2045-11-22 00:00:00,XY,WTON,2205.7,MW
2045-11-23 01:00:00,XY,WTON,183.1,MW
2045-11-24 02:00:00,XY,WTON,2670.9,MW
2045-11-25 03:00:00,XY,WTON,5192.4,MW
2045-11-26 04:00:00,XY,WTON,4931.2,MW
2045-11-27 05:00:00,XY,WTON,1593.9,MW
2045-11-28 06:00:00,XY,WTON,1261.3,MW
2045-11-29 07:00:00,XY,WTON,2762.8,MW
2045-11-30 08:00:00,XY,WTON,1168.9,MW
2045-12-01 09:00:00,XY,WTON,1920.5,MW
2045-12-02 10:00:00,XY,WTON,3431.0,MW
2045-12-03 11:00:00,XY,WTON,2845.0,MW
2045-12-04 12:00:00,XY,WTON,3466.1,MW
2045-12-05 13:00:00,XY,WTON,0.0,MW
2045-12-06 14:00:00,XY,WTON,1623.4,MW
2045-12-07 15:00:00,XY,WTON,3689.1,MW
2045-12-08 16:00:00,XY,WTON,4275.1,MW
2045-12-09 17:00:00,XY,WTON,1427.0,MW
2045-12-10 18:00:00,XY,WTON,2760.4,MW
2045-12-11 19:00:00,XY,WTON,4862.8,MW
2045-12-12 20:00:00,XY,WTON,3436.4,MW
2045-12-13 21:00:00,XY,WTON,4685.7,MW
2045-12-14 22:00:00,XY,WTON,3099.0,MW
2045-12-15 23:00:00,XY,WTON,3432.2,MW
2045-12-17 00:00:00,XY,WTON,3267.7,MW
2045-12-18 01:00:00,XY,WTON,3092.4,MW
2045-12-19 02:00:00,XY,WTON,2087.4,MW
2045-12-20 03:00:00,XY,WTON,1002.0,MW
2045-12-21 04:00:00,XY,WTON,760.0,MW
2045-12-22 05:00:00,XY,WTON,422.0,MW
2045-12-23 06:00:00,XY,WTON,681.4,MW
2045-12-24 07:00:00,XY,WTON,1099.8,MW
2045-12-25 08:00:00,XY,WTON,501.9,MW
2045-12-26 09:00:00,XY,WTON,0.6,MW
2045-12-27 10:00:00,XY,WTON,349.4,MW
2045-12-28 11:00:00,XY,WTON,1615.5,MW
2045-12-29 12:00:00,XY,WTON,365.7,MW
2045-12-30 13:00:00,XY,WTON,1222.7,MW
2045-12-31 14:00:00,XY,WTON,2255.7,MW
2046-01-01 15:00:00,XY,WTON,2589.9,MW
2045-01-01 00:00:00,XY,HDAM,0.0,MW
2045-01-02 01:00:00,XY,HDAM,9.6,MW
2045-01-03 02:00:00,XY,HDAM,0.0,MW
2045-01-04 03:00:00,XY,HDAM,3.6,MW
2045-01-05 04:00:00,XY,HDAM,0.0,MW
2045-01-06 05:00:00,XY,HDAM,0.0,MW
2045-01-07 06:00:00,XY,HDAM,0.0,MW
2045-01-08 07:00:00,XY,HDAM,0.0,MW
2045-01-09 08:00:00,XY,HDAM,0.0,MW
2045-01-10 09:00:00,XY,HDAM,0.0,MW
2045-01-11 10:00:00,XY,HDAM,0.0,MW
2045-01-12 11:00:00,XY,HDAM,0.0,MW
2045-01-13 12:00:00,XY,HDAM,0.0,MW
2045-01-14 13:00:00,XY,HDAM,0.0,MW
2045-01-15 14:00:00,XY,HDAM,0.0,MW
2045-01-16 15:00:00,XY,HDAM,0.0,MW
2045-01-17 16:00:00,XY,HDAM,0.0,MW
2045-01-18 17:00:00,XY,HDAM,0.0,MW
2045-01-19 18:00:00,XY,HDAM,0.0,MW
2045-01-20 19:00:00,XY,HDAM,9.9,MW
2045-01-21 20:00:00,XY,HDAM,0.0,MW
2045-01-22 21:00:00,XY,HDAM,0.0,MW
2045-01-23 22:00:00,XY,HDAM,0.0,MW
2045-01-24 23:00:00,XY,HDAM,0.0,MW
2045-01-26 00:00:00,XY,HDAM,0.0,MW
2045-01-27 01:00:00,XY,HDAM,0.0,MW
2045-01-28 02:00:00,XY,HDAM,0.0,MW
2045-01-29 03:00:00,XY,HDAM,0.0,MW
2045-01-30 04:00:00,XY,HDAM,0.0,MW
2045-01-31 05:00:00,XY,HDAM,0.0,MW
2045-02-01 06:00:00,XY,HDAM,0.0,MW
2045-02-02 07:00:00,XY,HDAM,0.0,MW
2045-02-03 08:00:00,XY,HDAM,0.0,MW
2045-02-04 09:00:00,XY,HDAM,0.0,MW
2045-02-05 10:00:00,XY,HDAM,0.0,MW
2045-02-06 11:00:00,XY,HDAM,0.0,MW
2045-02-07 12:00:00,XY,HDAM,0.0,MW
2045-02-08 13:00:00,XY,HDAM,0.0,MW
2045-02-09 14:00:00,XY,HDAM,0.0,MW
2045-02-10 15:00:00,XY,HDAM,0.0,MW
2045-02-11 16:00:00,XY,HDAM,0.0,MW
2045-02-12 17:00:00,XY,HDAM,0.0,MW
2045-02-13 18:00:00,XY,HDAM,0.0,MW
2045-02-14 19:00:00,XY,HDAM,0.0,MW
2045-02-15 20:00:00,XY,HDAM,0.0,MW
2045-02-16 21:00:00,XY,HDAM,0.0,MW
2045-02-17 22:00:00,XY,HDAM,0.0,MW
2045-02-18 23:00:00,XY,HDAM,0.0,MW
2045-02-20 00:00:00,XY,HDAM,0.0,MW
2045-02-21 01:00:00,XY,HDAM,0.0,MW
2045-02-22 02:00:00,XY,HDAM,0.0,MW
2045-02-23 03:00:00,XY,HDAM,0.0,MW
2045-02-24 04:00:00,XY,HDAM,0.0,MW
2045-02-25 05:00:00,XY,HDAM,0.0,MW
2045-02-26 06:00:00,XY,HDAM,0.0,MW
2045-02-27 07:00:00,XY,HDAM,0.0,MW
2045-02-28 08:00:00,XY,HDAM,0.0,MW
2045-03-01 09:00:00,XY,HDAM,0.0,MW
2045-03-02 10:00:00,XY,HDAM,0.0,MW
2045-03-03 11:00:00,XY,HDAM,0.0,MW
2045-03-04 12:00:00,XY,HDAM,0.0,MW
2045-03-05 13:00:00,XY,HDAM,0.0,MW
2045-03-06 14:00:00,XY,HDAM,0.0,MW
2045-03-07 15:00:00,XY,HDAM,0.0,MW
2045-03-08 16:00:00,XY,HDAM,0.0,MW
2045-03-09 17:00:00,XY,HDAM,0.0,MW
2045-03-10 18:00:00,XY,HDAM,0.0,MW
2045-03-11 19:00:00,XY,HDAM,0.0,MW
2045-03-12 20:00:00,XY,HDAM,0.0,MW
2045-03-13 21:00:00,XY,HDAM,0.0,MW
2045-03-14 22:00:00,XY,HDAM,0.0,MW
2045-03-15 23:00:00,XY,HDAM,0.0,MW
2045-03-17 00:00:00,XY,HDAM,0.0,MW
2045-03-18 01:00:00,XY,HDAM,0.0,MW
2045-03-19 02:00:00,XY,HDAM,0.0,MW
2045-03-20 03:00:00,XY,HDAM,0.0,MW
2045-03-21 04:00:00,XY,HDAM,0.0,MW
2045-03-22 05:00:00,XY,HDAM,0.0,MW
2045-03-23 06:00:00,XY,HDAM,0.0,MW
2045-03-24 07:00:00,XY,HDAM,0.0,MW
2045-03-25 08:00:00,XY,HDAM,0.0,MW
2045-03-26 09:00:00,XY,HDAM,0.0,MW
2045-03-27 10:00:00,XY,HDAM,0.0,MW
2045-03-28 11:00:00,XY,HDAM,0.0,MW
2045-03-29 12:00:00,XY,HDAM,0.0,MW
2045-03-30 13:00:00,XY,HDAM,0.0,MW
2045-03-31 14:00:00,XY,HDAM,0.0,MW
2045-04-01 15:00:00,XY,HDAM,0.0,MW
2045-04-02 16:00:00,XY,HDAM,0.0,MW
2045-04-03 17:00:00,XY,HDAM,0.0,MW
2045-04-04 18:00:00,XY,HDAM,0.0,MW
2045-04-05 19:00:00,XY,HDAM,0.0,MW
2045-04-06 20:00:00,XY,HDAM,0.0,MW
2045-04-07 21:00:00,XY,HDAM,283.7,MW
2045-04-08 22:00:00,XY,HDAM,0.0,MW
2045-04-09 23:00:00,XY,HDAM,0.0,MW
2045-04-11 00:00:00,XY,HDAM,0.0,MW
2045-04-12 01:00:00,XY,HDAM,0.0,MW
2045-04-13 02:00:00,XY,HDAM,0.0,MW
2045-04-14 03:00:00,XY,HDAM,0.0,MW
2045-04-15 04:00:00,XY,HDAM,0.0,MW
2045-04-16 05:00:00,XY,HDAM,0.0,MW
2045-04-17 06:00:00,XY,HDAM,0.0,MW
2045-04-18 07:00:00,XY,HDAM,0.0,MW
2045-04-19 08:00:00,XY,HDAM,0.0,MW
2045-04-20 09:00:00,XY,HDAM,0.0,MW
2045-04-21 10:00:00,XY,HDAM,0.0,MW
2045-04-22 11:00:00,XY,HDAM,0.0,MW
2045-04-23 12:00:00,XY,HDAM,0.0,MW
2045-04-24 13:00:00,XY,HDAM,0.0,MW
2045-04-25 14:00:00,XY,HDAM,0.0,MW
2045-04-26 15:00:00,XY,HDAM,0.0,MW
2045-04-27 16:00:00,XY,HDAM,0.0,MW
2045-04-28 17:00:00,XY,HDAM,0.0,MW
2045-04-29 18:00:00,XY,HDAM,0.0,MW
2045-04-30 19:00:00,XY,HDAM,0.0,MW
2045-05-01 20:00:00,XY,HDAM,0.0,MW
2045-05-02 21:00:00,XY,HDAM,0.0,MW
2045-05-03 22:00:00,XY,HDAM,0.0,MW
2045-05-04 23:00:00,XY,HDAM,1.7,MW
2045-05-06 00:00:00,XY,HDAM,0.0,MW
2045-05-07 01:00:00,XY,HDAM,0.0,MW
2045-05-08 02:00:00,XY,HDAM,0.0,MW
2045-05-09 03:00:00,XY,HDAM,0.0,MW
2045-05-10 04:00:00,XY,HDAM,0.0,MW
2045-05-11 05:00:00,XY,HDAM,0.0,MW
2045-05-12 06:00:00,XY,HDAM,114.2,MW
2045-05-13 07:00:00,XY,HDAM,0.0,MW
2045-05-14 08:00:00,XY,HDAM,0.0,MW
2045-05-15 09:00:00,XY,HDAM,0.0,MW
2045-05-16 10:00:00,XY,HDAM,0.0,MW
2045-05-17 11:00:00,XY,HDAM,0.0,MW
2045-05-18 12:00:00,XY,HDAM,0.0,MW
2045-05-19 13:00:00,XY,HDAM,0.0,MW
2045-05-20 14:00:00,XY,HDAM,0.0,MW
2045-05-21 15:00:00,XY,HDAM,0.0,MW
2045-05-22 16:00:00,XY,HDAM,3.3,MW
2045-05-23 17:00:00,XY,HDAM,0.0,MW
2045-05-24 18:00:00,XY,HDAM,0.0,MW
2045-05-25 19:00:00,XY,HDAM,0.0,MW
2045-05-26 20:00:00,XY,HDAM,0.0,MW
2045-05-27 21:00:00,XY,HDAM,0.0,MW
2045-05-28 22:00:00,XY,HDAM,0.0,MW
2045-05-29 23:00:00,XY,HDAM,0.0,MW
2045-05-31 00:00:00,XY,HDAM,0.0,MW
2045-06-01 01:00:00,XY,HDAM,0.0,MW
2045-06-02 02:00:00,XY,HDAM,0.0,MW
2045-06-03 03:00:00,XY,HDAM,0.0,MW
2045-06-04 04:00:00,XY,HDAM,0.0,MW
2045-06-05 05:00:00,XY,HDAM,11.6,MW
2045-06-06 06:00:00,XY,HDAM,0.0,MW
2045-06-07 07:00:00,XY,HDAM,0.0,MW
2045-06-08 08:00:00,XY,HDAM,0.0,MW
2045-06-09 09:00:00,XY,HDAM,0.0,MW
2045-06-10 10:00:00,XY,HDAM,0.0,MW
2045-06-11 11:00:00,XY,HDAM,0.0,MW
2045-06-12 12:00:00,XY,HDAM,0.0,MW
2045-06-13 13:00:00,XY,HDAM,0.0,MW
2045-06-14 14:00:00,XY,HDAM,0.0,MW
2045-06-15 15:00:00,XY,HDAM,0.0,MW
2045-06-16 16:00:00,XY,HDAM,0.0,MW
2045-06-17 17:00:00,XY,HDAM,0.0,MW
2045-06-18 18:00:00,XY,HDAM,0.0,MW
2045-06-19 19:00:00,XY,HDAM,5.7,MW
2045-06-20 20:00:00,XY,HDAM,4.4,MW
2045-06-21 21:00:00,XY,HDAM,0.0,MW
2045-06-22 22:00:00,XY,HDAM,0.0,MW
2045-06-23 23:00:00,XY,HDAM,0.0,MW
2045-06-25 00:00:00,XY,HDAM,0.0,MW
2045-06-26 01:00:00,XY,HDAM,0.0,MW
2045-06-27 02:00:00,XY,HDAM,0.0,MW
2045-06-28 03:00:00,XY,HDAM,1.8,MW
2045-06-29 04:00:00,XY,HDAM,0.0,MW
2045-06-30 05:00:00,XY,HDAM,0.0,MW
2045-07-01 06:00:00,XY,HDAM,0.0,MW
2045-07-02 07:00:00,XY,HDAM,0.0,MW
2045-07-03 08:00:00,XY,HDAM,0.0,MW
2045-07-04 09:00:00,XY,HDAM,0.0,MW
2045-07-05 10:00:00,XY,HDAM,0.0,MW
2045-07-06 11:00:00,XY,HDAM,0.0,MW
2045-07-07 12:00:00,XY,HDAM,0.0,MW
2045-07-08 13:00:00,XY,HDAM,0.0,MW
2045-07-09 14:00:00,XY,HDAM,0.0,MW
2045-07-10 15:00:00,XY,HDAM,0.0,MW
2045-07-11 16:00:00,XY,HDAM,0.0,MW
2045-07-12 17:00:00,XY,HDAM,0.0,MW
2045-07-13 18:00:00,XY,HDAM,0.0,MW
2045-07-14 19:00:00,XY,HDAM,0.0,MW
2045-07-15 20:00:00,XY,HDAM,10.1,MW
2045-07-16 21:00:00,XY,HDAM,0.0,MW
2045-07-17 22:00:00,XY,HDAM,0.0,MW
2045-07-18 23:00:00,XY,HDAM,0.9,MW
2045-07-20 00:00:00,XY,HDAM,0.0,MW
2045-07-21 01:00:00,XY,HDAM,0.0,MW
2045-07-22 02:00:00,XY,HDAM,0.0,MW
2045-07-23 03:00:00,XY,HDAM,0.0,MW
2045-07-24 04:00:00,XY,HDAM,0.0,MW
2045-07-25 05:00:00,XY,HDAM,0.0,MW
2045-07-26 06:00:00,XY,HDAM,0.0,MW
2045-07-27 07:00:00,XY,HDAM,0.0,MW
2045-07-28 08:00:00,XY,HDAM,0.0,MW
2045-07-29 09:00:00,XY,HDAM,0.0,MW
2045-07-30 10:00:00,XY,HDAM,0.0,MW
2045-07-31 11:00:00,XY,HDAM,0.0,MW
2045-08-01 12:00:00,XY,HDAM,0.0,MW
2045-08-02 13:00:00,XY,HDAM,0.0,MW
2045-08-03 14:00:00,XY,HDAM,0.0,MW
2045-08-04 15:00:00,XY,HDAM,0.0,MW
2045-08-05 16:00:00,XY,HDAM,0.0,MW
2045-08-06 17:00:00,XY,HDAM,0.0,MW
2045-08-07 18:00:00,XY,HDAM,0.0,MW
2045-08-08 19:00:00,XY,HDAM,0.0,MW
2045-08-09 20:00:00,XY,HDAM,0.0,MW
2045-08-10 21:00:00,XY,HDAM,0.0,MW
2045-08-11 22:00:00,XY,HDAM,0.0,MW
2045-08-12 23:00:00,XY,HDAM,0.0,MW
2045-08-14 00:00:00,XY,HDAM,0.0,MW
2045-08-15 01:00:00,XY,HDAM,0.0,MW
2045-08-16 02:00:00,XY,HDAM,0.0,MW
2045-08-17 03:00:00,XY,HDAM,0.0,MW
2045-08-18 04:00:00,XY,HDAM,0.0,MW
2045-08-19 05:00:00,XY,HDAM,0.0,MW
2045-08-20 06:00:00,XY,HDAM,0.0,MW
2045-08-21 07:00:00,XY,HDAM,0.0,MW
2045-08-22 08:00:00,XY,HDAM,0.0,MW
2045-08-23 09:00:00,XY,HDAM,0.0,MW
2045-08-24 10:00:00,XY,HDAM,0.0,MW
2045-08-25 11:00:00,XY,HDAM,0.0,MW
2045-08-26 12:00:00,XY,HDAM,0.0,MW
2045-08-27 13:00:00,XY,HDAM,0.0,MW
2045-08-28 14:00:00,XY,HDAM,0.0,MW
2045-08-29 15:00:00,XY,HDAM,0.0,MW
2045-08-30 16:00:00,XY,HDAM,0.0,MW
2045-08-31 17:00:00,XY,HDAM,0.0,MW
2045-09-01 18:00:00,XY,HDAM,0.0,MW
2045-09-02 19:00:00,XY,HDAM,0.0,MW
2045-09-03 20:00:00,XY,HDAM,0.0,MW
2045-09-04 21:00:00,XY,HDAM,0.0,MW
2045-09-05 22:00:00,XY,HDAM,0.0,MW
2045-09-06 23:00:00,XY,HDAM,0.0,MW
2045-09-08 00:00:00,XY,HDAM,0.0,MW
2045-09-09 01:00:00,XY,HDAM,0.0,MW
2045-09-10 02:00:00,XY,HDAM,0.0,MW
2045-09-11 03:00:00,XY,HDAM,0.0,MW
2045-09-12 04:00:00,XY,HDAM,0.0,MW
2045-09-13 05:00:00,XY,HDAM,0.0,MW
2045-09-14 06:00:00,XY,HDAM,0.0,MW
2045-09-15 07:00:00,XY,HDAM,0.0,MW
2045-09-16 08:00:00,XY,HDAM,0.0,MW
2045-09-17 09:00:00,XY,HDAM,0.0,MW
2045-09-18 10:00:00,XY,HDAM,0.0,MW
2045-09-19 11:00:00,XY,HDAM,0.0,MW
2045-09-20 12:00:00,XY,HDAM,0.0,MW
2045-09-21 13:00:00,XY,HDAM,0.0,MW
2045-09-22 14:00:00,XY,HDAM,0.0,MW
2045-09-23 15:00:00,XY,HDAM,0.0,MW
2045-09-24 16:00:00,XY,HDAM,0.0,MW
2045-09-25 17:00:00,XY,HDAM,0.0,MW
2045-09-26 18:00:00,XY,HDAM,0.0,MW
2045-09-27 19:00:00,XY,HDAM,0.0,MW
2045-09-28 20:00:00,XY,HDAM,43.7,MW
2045-09-29 21:00:00,XY,HDAM,14.6,MW
2045-09-30 22:00:00,XY,HDAM,0.0,MW
2045-10-01 23:00:00,XY,HDAM,0.0,MW
2045-10-03 00:00:00,XY,HDAM,0.0,MW
2045-10-04 01:00:00,XY,HDAM,0.0,MW
2045-10-05 02:00:00,XY,HDAM,0.0,MW
2045-10-06 03:00:00,XY,HDAM,0.0,MW
2045-10-07 04:00:00,XY,HDAM,0.0,MW
2045-10-08 05:00:00,XY,HDAM,0.0,MW
2045-10-09 06:00:00,XY,HDAM,0.0,MW
2045-10-10 07:00:00,XY,HDAM,0.0,MW
2045-10-11 08:00:00,XY,HDAM,0.0,MW
2045-10-12 09:00:00,XY,HDAM,0.0,MW
2045-10-13 10:00:00,XY,HDAM,0.0,MW
2045-10-14 11:00:00,XY,HDAM,0.0,MW
2045-10-15 12:00:00,XY,HDAM,0.0,MW
2045-10-16 13:00:00,XY,HDAM,0.0,MW
2045-10-17 14:00:00,XY,HDAM,0.0,MW
2045-10-18 15:00:00,XY,HDAM,0.0,MW
2045-10-19 16:00:00,XY,HDAM,0.0,MW
2045-10-20 17:00:00,XY,HDAM,0.0,MW
2045-10-21 18:00:00,XY,HDAM,5.3,MW
2045-10-22 19:00:00,XY,HDAM,0.0,MW
2045-10-23 20:00:00,XY,HDAM,0.0,MW
2045-10-24 21:00:00,XY,HDAM,0.0,MW
2045-10-25 22:00:00,XY,HDAM,0.0,MW
2045-10-26 23:00:00,XY,HDAM,0.0,MW
2045-10-28 00:00:00,XY,HDAM,0.0,MW
2045-10-29 01:00:00,XY,HDAM,0.0,MW
2045-10-30 02:00:00,XY,HDAM,0.0,MW
2045-10-31 03:00:00,XY,HDAM,0.0,MW
2045-11-01 04:00:00,XY,HDAM,0.0,MW
2045-11-02 05:00:00,XY,HDAM,0.0,MW
2045-11-03 06:00:00,XY,HDAM,0.0,MW
2045-11-04 07:00:00,XY,HDAM,0.0,MW
2045-11-05 08:00:00,XY,HDAM,0.0,MW
2045-11-06 09:00:00,XY,HDAM,0.0,MW
2045-11-07 10:00:00,XY,HDAM,0.0,MW
2045-11-08 11:00:00,XY,HDAM,0.0,MW
2045-11-09 12:00:00,XY,HDAM,0.0,MW
2045-11-10 13:00:00,XY,HDAM,0.0,MW
2045-11-11 14:00:00,XY,HDAM,0.0,MW
2045-11-12 15:00:00,XY,HDAM,0.0,MW
2045-11-13 16:00:00,XY,HDAM,0.0,MW
2045-11-14 17:00:00,XY,HDAM,0.0,MW
2045-11-15 18:00:00,XY,HDAM,0.0,MW
2045-11-16 19:00:00,XY,HDAM,0.0,MW
2045-11-17 20:00:00,XY,HDAM,0.0,MW
2045-11-18 21:00:00,XY,HDAM,5.5,MW
2045-11-19 22:00:00,XY,HDAM,0.2,MW
2045-11-20 23:00:00,XY,HDAM,0.0,MW
2045-11-22 00:00:00,XY,HDAM,0.5,MW
2045-11-23 01:00:00,XY,HDAM,0.0,MW
2045-11-24 02:00:00,XY,HDAM,0.0,MW
2045-11-25 03:00:00,XY,HDAM,0.0,MW
2045-11-26 04:00:00,XY,HDAM,0.0,MW
2045-11-27 05:00:00,XY,HDAM,0.0,MW
2045-11-28 06:00:00,XY,HDAM,0.0,MW
2045-11-29 07:00:00,XY,HDAM,0.0,MW
2045-11-30 08:00:00,XY,HDAM,0.0,MW
2045-12-01 09:00:00,XY,HDAM,0.0,MW
2045-12-02 10:00:00,XY,HDAM,0.0,MW
2045-12-03 11:00:00,XY,HDAM,0.0,MW
2045-12-04 12:00:00,XY,HDAM,0.0,MW
2045-12-05 13:00:00,XY,HDAM,0.0,MW
2045-12-06 14:00:00,XY,HDAM,0.0,MW
2045-12-07 15:00:00,XY,HDAM,0.0,MW
2045-12-08 16:00:00,XY,HDAM,0.0,MW
2045-12-09 17:00:00,XY,HDAM,0.0,MW
2045-12-10 18:00:00,XY,HDAM,0.0,MW
2045-12-11 19:00:00,XY,HDAM,0.0,MW
2045-12-12 20:00:00,XY,HDAM,0.0,MW
2045-12-13 21:00:00,XY,HDAM,0.0,MW
2045-12-14 22:00:00,XY,HDAM,0.0,MW
2045-12-15 23:00:00,XY,HDAM,0.0,MW
2045-12-17 00:00:00,XY,HDAM,0.0,MW
2045-12-18 01:00:00,XY,HDAM,0.0,MW
2045-12-19 02:00:00,XY,HDAM,0.0,MW
2045-12-20 03:00:00,XY,HDAM,0.0,MW
2045-12-21 04:00:00,XY,HDAM,0.0,MW
2045-12-22 05:00:00,XY,HDAM,0.0,MW
2045-12-23 06:00:00,XY,HDAM,7.5,MW
2045-12-24 07:00:00,XY,HDAM,0.1,MW
2045-12-25 08:00:00,XY,HDAM,0.0,MW
2045-12-26 09:00:00,XY,HDAM,0.0,MW
2045-12-27 10:00:00,XY,HDAM,0.0,MW
2045-12-28 11:00:00,XY,HDAM,0.0,MW
2045-12-29 12:00:00,XY,HDAM,0.0,MW
2045-12-30 13:00:00,XY,HDAM,0.0,MW
2045-12-31 14:00:00,XY,HDAM,0.0,MW
2046-01-01 15:00:00,XY,HDAM,0.0,MW
2045-01-01 00:00:00,YZ,BIOT,19.0,MW
2045-01-02 01:00:00,YZ,BIOT,19.0,MW
2045-01-03 02:00:00,YZ,BIOT,19.0,MW
2045-01-04 03:00:00,YZ,BIOT,19.0,MW
2045-01-05 04:00:00,YZ,BIOT,19.0,MW
2045-01-06 05:00:00,YZ,BIOT,19.0,MW
2045-01-07 06:00:00,YZ,BIOT,19.0,MW
2045-01-08 07:00:00,YZ,BIOT,19.0,MW
2045-01-09 08:00:00,YZ,BIOT,19.0,MW
2045-01-10 09:00:00,YZ,BIOT,19.0,MW
2045-01-11 10:00:00,YZ,BIOT,16.2,MW
2045-01-12 11:00:00,YZ,BIOT,15.0,MW
2045-01-13 12:00:00,YZ,BIOT,4.4,MW
2045-01-14 13:00:00,YZ,BIOT,6.9,MW
2045-01-15 14:00:00,YZ,BIOT,15.0,MW
2045-01-16 15:00:00,YZ,BIOT,16.8,MW
2045-01-17 16:00:00,YZ,BIOT,19.0,MW
2045-01-18 17:00:00,YZ,BIOT,19.0,MW
2045-01-19 18:00:00,YZ,BIOT,19.0,MW
2045-01-20 19:00:00,YZ,BIOT,19.0,MW
2045-01-21 20:00:00,YZ,BIOT,19.0,MW
2045-01-22 21:00:00,YZ,BIOT,19.0,MW
2045-01-23 22:00:00,YZ,BIOT,19.0,MW
2045-01-24 23:00:00,YZ,BIOT,19.0,MW
2045-01-26 00:00:00,YZ,BIOT,19.0,MW
2045-01-27 01:00:00,YZ,BIOT,19.0,MW
2045-01-28 02:00:00,YZ,BIOT,16.3,MW
2045-01-29 03:00:00,YZ,BIOT,19.0,MW
2045-01-30 04:00:00,YZ,BIOT,19.0,MW
2045-01-31 05:00:00,YZ,BIOT,19.0,MW
2045-02-01 06:00:00,YZ,BIOT,19.0,MW
2045-02-02 07:00:00,YZ,BIOT,19.0,MW
2045-02-03 08:00:00,YZ,BIOT,19.0,MW
2045-02-04 09:00:00,YZ,BIOT,19.0,MW
2045-02-05 10:00:00,YZ,BIOT,16.2,MW
2045-02-06 11:00:00,YZ,BIOT,10.6,MW
2045-02-07 12:00:00,YZ,BIOT,0.0,MW
2045-02-08 13:00:00,YZ,BIOT,0.0,MW
2045-02-09 14:00:00,YZ,BIOT,6.9,MW
2045-02-10 15:00:00,YZ,BIOT,15.0,MW
2045-02-11 16:00:00,YZ,BIOT,17.2,MW
2045-02-12 17:00:00,YZ,BIOT,19.0,MW
2045-02-13 18:00:00,YZ,BIOT,19.0,MW
2045-02-14 19:00:00,YZ,BIOT,19.0,MW
2045-02-15 20:00:00,YZ,BIOT,19.0,MW
2045-02-16 21:00:00,YZ,BIOT,19.0,MW
2045-02-17 22:00:00,YZ,BIOT,19.0,MW
2045-02-18 23:00:00,YZ,BIOT,19.0,MW
2045-02-20 00:00:00,YZ,BIOT,19.0,MW
2045-02-21 01:00:00,YZ,BIOT,19.0,MW
2045-02-22 02:00:00,YZ,BIOT,15.4,MW
2045-02-23 03:00:00,YZ,BIOT,14.1,MW
2045-02-24 04:00:00,YZ,BIOT,19.0,MW
2045-02-25 05:00:00,YZ,BIOT,19.0,MW
2045-02-26 06:00:00,YZ,BIOT,19.0,MW
2045-02-27 07:00:00,YZ,BIOT,19.0,MW
2045-02-28 08:00:00,YZ,BIOT,19.0,MW
2045-03-01 09:00:00,YZ,BIOT,16.2,MW
2045-03-02 10:00:00,YZ,BIOT,4.4,MW
2045-03-03 11:00:00,YZ,BIOT,0.0,MW
2045-03-04 12:00:00,YZ,BIOT,0.0,MW
2045-03-05 13:00:00,YZ,BIOT,0.0,MW
2045-03-06 14:00:00,YZ,BIOT,0.0,MW
2045-03-07 15:00:00,YZ,BIOT,0.0,MW
2045-03-08 16:00:00,YZ,BIOT,0.0,MW
2045-03-09 17:00:00,YZ,BIOT,1.8,MW
2045-03-10 18:00:00,YZ,BIOT,10.9,MW
2045-03-11 19:00:00,YZ,BIOT,19.0,MW
2045-03-12 20:00:00,YZ,BIOT,19.0,MW
2045-03-13 21:00:00,YZ,BIOT,19.0,MW
2045-03-14 22:00:00,YZ,BIOT,19.0,MW
2045-03-15 23:00:00,YZ,BIOT,19.0,MW
2045-03-17 00:00:00,YZ,BIOT,19.0,MW
2045-03-18 01:00:00,YZ,BIOT,19.0,MW
2045-03-19 02:00:00,YZ,BIOT,19.0,MW
2045-03-20 03:00:00,YZ,BIOT,19.0,MW
2045-03-21 04:00:00,YZ,BIOT,19.0,MW
2045-03-22 05:00:00,YZ,BIOT,19.0,MW
2045-03-23 06:00:00,YZ,BIOT,19.0,MW
2045-03-24 07:00:00,YZ,BIOT,19.0,MW
2045-03-25 08:00:00,YZ,BIOT,19.0,MW
2045-03-26 09:00:00,YZ,BIOT,19.0,MW
2045-03-27 10:00:00,YZ,BIOT,11.8,MW
2045-03-28 11:00:00,YZ,BIOT,0.0,MW
2045-03-29 12:00:00,YZ,BIOT,0.0,MW
2045-03-30 13:00:00,YZ,BIOT,0.0,MW
2045-03-31 14:00:00,YZ,BIOT,0.0,MW
2045-04-01 15:00:00,YZ,BIOT,0.0,MW
2045-04-02 16:00:00,YZ,BIOT,0.0,MW
2045-04-03 17:00:00,YZ,BIOT,8.7,MW
2045-04-04 18:00:00,YZ,BIOT,19.0,MW
2045-04-05 19:00:00,YZ,BIOT,19.0,MW
2045-04-06 20:00:00,YZ,BIOT,19.0,MW
2045-04-07 21:00:00,YZ,BIOT,19.0,MW
2045-04-08 22:00:00,YZ,BIOT,19.0,MW
2045-04-09 23:00:00,YZ,BIOT,19.0,MW
2045-04-11 00:00:00,YZ,BIOT,19.0,MW
2045-04-12 01:00:00,YZ,BIOT,19.0,MW
2045-04-13 02:00:00,YZ,BIOT,19.0,MW
2045-04-14 03:00:00,YZ,BIOT,14.1,MW
2045-04-15 04:00:00,YZ,BIOT,19.0,MW
2045-04-16 05:00:00,YZ,BIOT,19.0,MW
2045-04-17 06:00:00,YZ,BIOT,19.0,MW
2045-04-18 07:00:00,YZ,BIOT,19.0,MW
2045-04-19 08:00:00,YZ,BIOT,5.5,MW
2045-04-20 09:00:00,YZ,BIOT,0.0,MW
2045-04-21 10:00:00,YZ,BIOT,0.0,MW
2045-04-22 11:00:00,YZ,BIOT,0.0,MW
2045-04-23 12:00:00,YZ,BIOT,0.0,MW
2045-04-24 13:00:00,YZ,BIOT,0.0,MW
2045-04-25 14:00:00,YZ,BIOT,0.0,MW
2045-04-26 15:00:00,YZ,BIOT,0.0,MW
2045-04-27 16:00:00,YZ,BIOT,4.1,MW
2045-04-28 17:00:00,YZ,BIOT,14.4,MW
2045-04-29 18:00:00,YZ,BIOT,19.0,MW
2045-04-30 19:00:00,YZ,BIOT,19.0,MW
2045-05-01 20:00:00,YZ,BIOT,19.0,MW
2045-05-02 21:00:00,YZ,BIOT,19.0,MW
2045-05-03 22:00:00,YZ,BIOT,19.0,MW
2045-05-04 23:00:00,YZ,BIOT,19.0,MW
2045-05-06 00:00:00,YZ,BIOT,19.0,MW
2045-05-07 01:00:00,YZ,BIOT,19.0,MW
2045-05-08 02:00:00,YZ,BIOT,19.0,MW
2045-05-09 03:00:00,YZ,BIOT,19.0,MW
2045-05-10 04:00:00,YZ,BIOT,19.0,MW
2045-05-11 05:00:00,YZ,BIOT,19.0,MW
2045-05-12 06:00:00,YZ,BIOT,19.0,MW
2045-05-13 07:00:00,YZ,BIOT,19.0,MW
2045-05-14 08:00:00,YZ,BIOT,19.0,MW
2045-05-15 09:00:00,YZ,BIOT,5.5,MW
2045-05-16 10:00:00,YZ,BIOT,0.0,MW
2045-05-17 11:00:00,YZ,BIOT,0.0,MW
2045-05-18 12:00:00,YZ,BIOT,0.0,MW
2045-05-19 13:00:00,YZ,BIOT,0.0,MW
2045-05-20 14:00:00,YZ,BIOT,0.0,MW
2045-05-21 15:00:00,YZ,BIOT,0.0,MW
2045-05-22 16:00:00,YZ,BIOT,0.0,MW
2045-05-23 17:00:00,YZ,BIOT,8.7,MW
2045-05-24 18:00:00,YZ,BIOT,19.0,MW
2045-05-25 19:00:00,YZ,BIOT,19.0,MW
2045-05-26 20:00:00,YZ,BIOT,19.0,MW
2045-05-27 21:00:00,YZ,BIOT,19.0,MW
2045-05-28 22:00:00,YZ,BIOT,19.0,MW
2045-05-29 23:00:00,YZ,BIOT,19.0,MW
2045-05-31 00:00:00,YZ,BIOT,19.0,MW
2045-06-01 01:00:00,YZ,BIOT,19.0,MW
2045-06-02 02:00:00,YZ,BIOT,19.0,MW
2045-06-03 03:00:00,YZ,BIOT,19.0,MW
2045-06-04 04:00:00,YZ,BIOT,19.0,MW
2045-06-05 05:00:00,YZ,BIOT,19.0,MW
2045-06-06 06:00:00,YZ,BIOT,19.0,MW
2045-06-07 07:00:00,YZ,BIOT,8.7,MW
2045-06-08 08:00:00,YZ,BIOT,19.0,MW
2045-06-09 09:00:00,YZ,BIOT,19.0,MW
2045-06-10 10:00:00,YZ,BIOT,9.1,MW
2045-06-11 11:00:00,YZ,BIOT,3.5,MW
2045-06-12 12:00:00,YZ,BIOT,0.0,MW
2045-06-13 13:00:00,YZ,BIOT,0.0,MW
2045-06-14 14:00:00,YZ,BIOT,0.0,MW
2045-06-15 15:00:00,YZ,BIOT,0.0,MW
2045-06-16 16:00:00,YZ,BIOT,1.8,MW
2045-06-17 17:00:00,YZ,BIOT,4.0,MW
2045-06-18 18:00:00,YZ,BIOT,4.0,MW
2045-06-19 19:00:00,YZ,BIOT,8.7,MW
2045-06-20 20:00:00,YZ,BIOT,19.0,MW
2045-06-21 21:00:00,YZ,BIOT,19.0,MW
2045-06-22 22:00:00,YZ,BIOT,19.0,MW
2045-06-23 23:00:00,YZ,BIOT,19.0,MW
2045-06-25 00:00:00,YZ,BIOT,19.0,MW
2045-06-26 01:00:00,YZ,BIOT,19.0,MW
2045-06-27 02:00:00,YZ,BIOT,19.0,MW
2045-06-28 03:00:00,YZ,BIOT,19.0,MW
2045-06-29 04:00:00,YZ,BIOT,19.0,MW
2045-06-30 05:00:00,YZ,BIOT,19.0,MW
2045-07-01 06:00:00,YZ,BIOT,19.0,MW
2045-07-02 07:00:00,YZ,BIOT,19.0,MW
2045-07-03 08:00:00,YZ,BIOT,19.0,MW
2045-07-04 09:00:00,YZ,BIOT,19.0,MW
2045-07-05 10:00:00,YZ,BIOT,19.0,MW
2045-07-06 11:00:00,YZ,BIOT,5.5,MW
2045-07-07 12:00:00,YZ,BIOT,0.0,MW
2045-07-08 13:00:00,YZ,BIOT,0.0,MW
2045-07-09 14:00:00,YZ,BIOT,0.0,MW
2045-07-10 15:00:00,YZ,BIOT,0.0,MW
2045-07-11 16:00:00,YZ,BIOT,9.9,MW
2045-07-12 17:00:00,YZ,BIOT,4.0,MW
2045-07-13 18:00:00,YZ,BIOT,1.2,MW
2045-07-14 19:00:00,YZ,BIOT,8.7,MW
2045-07-15 20:00:00,YZ,BIOT,19.0,MW
2045-07-16 21:00:00,YZ,BIOT,19.0,MW
2045-07-17 22:00:00,YZ,BIOT,19.0,MW
2045-07-18 23:00:00,YZ,BIOT,19.0,MW
2045-07-20 00:00:00,YZ,BIOT,19.0,MW
2045-07-21 01:00:00,YZ,BIOT,19.0,MW
2045-07-22 02:00:00,YZ,BIOT,19.0,MW
2045-07-23 03:00:00,YZ,BIOT,19.0,MW
2045-07-24 04:00:00,YZ,BIOT,19.0,MW
2045-07-25 05:00:00,YZ,BIOT,19.0,MW
2045-07-26 06:00:00,YZ,BIOT,19.0,MW
2045-07-27 07:00:00,YZ,BIOT,19.0,MW
2045-07-28 08:00:00,YZ,BIOT,19.0,MW
2045-07-29 09:00:00,YZ,BIOT,19.0,MW
2045-07-30 10:00:00,YZ,BIOT,19.0,MW
2045-07-31 11:00:00,YZ,BIOT,16.2,MW
2045-08-01 12:00:00,YZ,BIOT,10.6,MW
2045-08-02 13:00:00,YZ,BIOT,0.0,MW
2045-08-03 14:00:00,YZ,BIOT,0.0,MW
2045-08-04 15:00:00,YZ,BIOT,0.0,MW
2045-08-05 16:00:00,YZ,BIOT,0.0,MW
2045-08-06 17:00:00,YZ,BIOT,10.3,MW
2045-08-07 18:00:00,YZ,BIOT,19.0,MW
2045-08-08 19:00:00,YZ,BIOT,19.0,MW
2045-08-09 20:00:00,YZ,BIOT,19.0,MW
2045-08-10 21:00:00,YZ,BIOT,19.0,MW
2045-08-11 22:00:00,YZ,BIOT,19.0,MW
2045-08-12 23:00:00,YZ,BIOT,19.0,MW
2045-08-14 00:00:00,YZ,BIOT,19.0,MW
2045-08-15 01:00:00,YZ,BIOT,19.0,MW
2045-08-16 02:00:00,YZ,BIOT,19.0,MW
2045-08-17 03:00:00,YZ,BIOT,19.0,MW
2045-08-18 04:00:00,YZ,BIOT,19.0,MW
2045-08-19 05:00:00,YZ,BIOT,19.0,MW
2045-08-20 06:00:00,YZ,BIOT,19.0,MW
2045-08-21 07:00:00,YZ,BIOT,19.0,MW
2045-08-22 08:00:00,YZ,BIOT,19.0,MW
2045-08-23 09:00:00,YZ,BIOT,19.0,MW
2045-08-24 10:00:00,YZ,BIOT,19.0,MW
2045-08-25 11:00:00,YZ,BIOT,5.5,MW
2045-08-26 12:00:00,YZ,BIOT,0.0,MW
2045-08-27 13:00:00,YZ,BIOT,0.0,MW
2045-08-28 14:00:00,YZ,BIOT,0.0,MW
2045-08-29 15:00:00,YZ,BIOT,0.0,MW
2045-08-30 16:00:00,YZ,BIOT,0.0,MW
2045-08-31 17:00:00,YZ,BIOT,0.0,MW
2045-09-01 18:00:00,YZ,BIOT,8.7,MW
2045-09-02 19:00:00,YZ,BIOT,19.0,MW
2045-09-03 20:00:00,YZ,BIOT,19.0,MW
2045-09-04 21:00:00,YZ,BIOT,19.0,MW
2045-09-05 22:00:00,YZ,BIOT,19.0,MW
2045-09-06 23:00:00,YZ,BIOT,19.0,MW
2045-09-08 00:00:00,YZ,BIOT,19.0,MW
2045-09-09 01:00:00,YZ,BIOT,19.0,MW
2045-09-10 02:00:00,YZ,BIOT,19.0,MW
2045-09-11 03:00:00,YZ,BIOT,19.0,MW
2045-09-12 04:00:00,YZ,BIOT,19.0,MW
2045-09-13 05:00:00,YZ,BIOT,19.0,MW
2045-09-14 06:00:00,YZ,BIOT,19.0,MW
2045-09-15 07:00:00,YZ,BIOT,19.0,MW
2045-09-16 08:00:00,YZ,BIOT,19.0,MW
2045-09-17 09:00:00,YZ,BIOT,19.0,MW
2045-09-18 10:00:00,YZ,BIOT,19.0,MW
2045-09-19 11:00:00,YZ,BIOT,5.5,MW
2045-09-20 12:00:00,YZ,BIOT,0.0,MW
2045-09-21 13:00:00,YZ,BIOT,0.0,MW
2045-09-22 14:00:00,YZ,BIOT,0.0,MW
2045-09-23 15:00:00,YZ,BIOT,0.0,MW
2045-09-24 16:00:00,YZ,BIOT,0.0,MW
2045-09-25 17:00:00,YZ,BIOT,8.7,MW
2045-09-26 18:00:00,YZ,BIOT,19.0,MW
2045-09-27 19:00:00,YZ,BIOT,19.0,MW
2045-09-28 20:00:00,YZ,BIOT,19.0,MW
2045-09-29 21:00:00,YZ,BIOT,19.0,MW
2045-09-30 22:00:00,YZ,BIOT,19.0,MW
2045-10-01 23:00:00,YZ,BIOT,19.0,MW
2045-10-03 00:00:00,YZ,BIOT,19.0,MW
2045-10-04 01:00:00,YZ,BIOT,19.0,MW
2045-10-05 02:00:00,YZ,BIOT,19.0,MW
2045-10-06 03:00:00,YZ,BIOT,19.0,MW
2045-10-07 04:00:00,YZ,BIOT,19.0,MW
2045-10-08 05:00:00,YZ,BIOT,19.0,MW
2045-10-09 06:00:00,YZ,BIOT,19.0,MW
2045-10-10 07:00:00,YZ,BIOT,19.0,MW
2045-10-11 08:00:00,YZ,BIOT,19.0,MW
2045-10-12 09:00:00,YZ,BIOT,19.0,MW
2045-10-13 10:00:00,YZ,BIOT,5.5,MW
2045-10-14 11:00:00,YZ,BIOT,0.0,MW
2045-10-15 12:00:00,YZ,BIOT,0.0,MW
2045-10-16 13:00:00,YZ,BIOT,0.0,MW
2045-10-17 14:00:00,YZ,BIOT,0.0,MW
2045-10-18 15:00:00,YZ,BIOT,1.8,MW
2045-10-19 16:00:00,YZ,BIOT,4.0,MW
2045-10-20 17:00:00,YZ,BIOT,4.0,MW
2045-10-21 18:00:00,YZ,BIOT,12.1,MW
2045-10-22 19:00:00,YZ,BIOT,10.9,MW
2045-10-23 20:00:00,YZ,BIOT,19.0,MW
2045-10-24 21:00:00,YZ,BIOT,19.0,MW
2045-10-25 22:00:00,YZ,BIOT,19.0,MW
2045-10-26 23:00:00,YZ,BIOT,19.0,MW
2045-10-28 00:00:00,YZ,BIOT,19.0,MW
2045-10-29 01:00:00,YZ,BIOT,19.0,MW
2045-10-30 02:00:00,YZ,BIOT,19.0,MW
2045-10-31 03:00:00,YZ,BIOT,19.0,MW
2045-11-01 04:00:00,YZ,BIOT,19.0,MW
2045-11-02 05:00:00,YZ,BIOT,19.0,MW
2045-11-03 06:00:00,YZ,BIOT,19.0,MW
2045-11-04 07:00:00,YZ,BIOT,19.0,MW
2045-11-05 08:00:00,YZ,BIOT,19.0,MW
2045-11-06 09:00:00,YZ,BIOT,19.0,MW
2045-11-07 10:00:00,YZ,BIOT,19.0,MW
2045-11-08 11:00:00,YZ,BIOT,19.0,MW
2045-11-09 12:00:00,YZ,BIOT,5.5,MW
2045-11-10 13:00:00,YZ,BIOT,12.4,MW
2045-11-11 14:00:00,YZ,BIOT,1.8,MW
2045-11-12 15:00:00,YZ,BIOT,0.0,MW
2045-11-13 16:00:00,YZ,BIOT,6.9,MW
2045-11-14 17:00:00,YZ,BIOT,16.8,MW
2045-11-15 18:00:00,YZ,BIOT,19.0,MW
2045-11-16 19:00:00,YZ,BIOT,19.0,MW
2045-11-17 20:00:00,YZ,BIOT,19.0,MW
2045-11-18 21:00:00,YZ,BIOT,19.0,MW
2045-11-19 22:00:00,YZ,BIOT,8.7,MW
2045-11-20 23:00:00,YZ,BIOT,19.0,MW
2045-11-22 00:00:00,YZ,BIOT,8.7,MW
2045-11-23 01:00:00,YZ,BIOT,19.0,MW
2045-11-24 02:00:00,YZ,BIOT,19.0,MW
2045-11-25 03:00:00,YZ,BIOT,19.0,MW
2045-11-26 04:00:00,YZ,BIOT,19.0,MW
2045-11-27 05:00:00,YZ,BIOT,19.0,MW
2045-11-28 06:00:00,YZ,BIOT,19.0,MW
2045-11-29 07:00:00,YZ,BIOT,19.0,MW
2045-11-30 08:00:00,YZ,BIOT,19.0,MW
2045-12-01 09:00:00,YZ,BIOT,19.0,MW
2045-12-02 10:00:00,YZ,BIOT,16.2,MW
2045-12-03 11:00:00,YZ,BIOT,15.0,MW
2045-12-04 12:00:00,YZ,BIOT,6.9,MW
2045-12-05 13:00:00,YZ,BIOT,15.0,MW
2045-12-06 14:00:00,YZ,BIOT,16.8,MW
2045-12-07 15:00:00,YZ,BIOT,19.0,MW
2045-12-08 16:00:00,YZ,BIOT,7.2,MW
2045-12-09 17:00:00,YZ,BIOT,14.1,MW
2045-12-10 18:00:00,YZ,BIOT,19.0,MW
2045-12-11 19:00:00,YZ,BIOT,19.0,MW
2045-12-12 20:00:00,YZ,BIOT,19.0,MW
2045-12-13 21:00:00,YZ,BIOT,19.0,MW
2045-12-14 22:00:00,YZ,BIOT,19.0,MW
2045-12-15 23:00:00,YZ,BIOT,10.9,MW
2045-12-17 00:00:00,YZ,BIOT,19.0,MW
2045-12-18 01:00:00,YZ,BIOT,19.0,MW
2045-12-19 02:00:00,YZ,BIOT,19.0,MW
2045-12-20 03:00:00,YZ,BIOT,19.0,MW
2045-12-21 04:00:00,YZ,BIOT,19.0,MW
2045-12-22 05:00:00,YZ,BIOT,19.0,MW
2045-12-23 06:00:00,YZ,BIOT,19.0,MW
2045-12-24 07:00:00,YZ,BIOT,19.0,MW
2045-12-25 08:00:00,YZ,BIOT,19.0,MW
2045-12-26 09:00:00,YZ,BIOT,19.0,MW
2045-12-27 10:00:00,YZ,BIOT,19.0,MW
2045-12-28 11:00:00,YZ,BIOT,16.2,MW
2045-12-29 12:00:00,YZ,BIOT,15.0,MW
2045-12-30 13:00:00,YZ,BIOT,4.4,MW
2045-12-31 14:00:00,YZ,BIOT,12.4,MW
2046-01-01 15:00:00,YZ,BIOT,1.8,MW
2045-01-01 00:00:00,YZ,CCGT,1931.0,MW
2045-01-02 01:00:00,YZ,CCGT,1138.7,MW
2045-01-03 02:00:00,YZ,CCGT,2909.9,MW
2045-01-04 03:00:00,YZ,CCGT,2679.4,MW
2045-01-05 04:00:00,YZ,CCGT,1475.0,MW
2045-01-06 05:00:00,YZ,CCGT,1963.9,MW
2045-01-07 06:00:00,YZ,CCGT,1475.0,MW
2045-01-08 07:00:00,YZ,CCGT,530.0,MW
2045-01-09 08:00:00,YZ,CCGT,0.0,MW
2045-01-10 09:00:00,YZ,CCGT,0.0,MW
2045-01-11 10:00:00,YZ,CCGT,0.0,MW
2045-01-12 11:00:00,YZ,CCGT,0.0,MW
2045-01-13 12:00:00,YZ,CCGT,0.0,MW
2045-01-14 13:00:00,YZ,CCGT,0.0,MW
2045-01-15 14:00:00,YZ,CCGT,0.0,MW
2045-01-16 15:00:00,YZ,CCGT,0.0,MW
2045-01-17 16:00:00,YZ,CCGT,0.0,MW
2045-01-18 17:00:00,YZ,CCGT,0.0,MW
2045-01-19 18:00:00,YZ,CCGT,516.4,MW
2045-01-20 19:00:00,YZ,CCGT,0.0,MW
2045-01-21 20:00:00,YZ,CCGT,0.0,MW
2045-01-22 21:00:00,YZ,CCGT,0.0,MW
2045-01-23 22:00:00,YZ,CCGT,0.0,MW
2045-01-24 23:00:00,YZ,CCGT,34.3,MW
2045-01-26 00:00:00,YZ,CCGT,9.2,MW
2045-01-27 01:00:00,YZ,CCGT,0.0,MW
2045-01-28 02:00:00,YZ,CCGT,0.0,MW
2045-01-29 03:00:00,YZ,CCGT,1702.6,MW
2045-01-30 04:00:00,YZ,CCGT,3606.5,MW
2045-01-31 05:00:00,YZ,CCGT,4176.6,MW
2045-02-01 06:00:00,YZ,CCGT,1475.0,MW
2045-02-02 07:00:00,YZ,CCGT,1232.8,MW
2045-02-03 08:00:00,YZ,CCGT,3169.8,MW
2045-02-04 09:00:00,YZ,CCGT,0.0,MW
2045-02-05 10:00:00,YZ,CCGT,0.0,MW
2045-02-06 11:00:00,YZ,CCGT,0.0,MW
2045-02-07 12:00:00,YZ,CCGT,0.0,MW
2045-02-08 13:00:00,YZ,CCGT,0.0,MW
2045-02-09 14:00:00,YZ,CCGT,0.0,MW
2045-02-10 15:00:00,YZ,CCGT,0.0,MW
2045-02-11 16:00:00,YZ,CCGT,0.0,MW
2045-02-12 17:00:00,YZ,CCGT,0.0,MW
2045-02-13 18:00:00,YZ,CCGT,0.0,MW
2045-02-14 19:00:00,YZ,CCGT,14.8,MW
2045-02-15 20:00:00,YZ,CCGT,135.2,MW
2045-02-16 21:00:00,YZ,CCGT,0.0,MW
2045-02-17 22:00:00,YZ,CCGT,0.0,MW
2045-02-18 23:00:00,YZ,CCGT,0.0,MW
2045-02-20 00:00:00,YZ,CCGT,3307.0,MW
2045-02-21 01:00:00,YZ,CCGT,3075.5,MW
2045-02-22 02:00:00,YZ,CCGT,916.4,MW
2045-02-23 03:00:00,YZ,CCGT,0.0,MW
2045-02-24 04:00:00,YZ,CCGT,0.0,MW
2045-02-25 05:00:00,YZ,CCGT,1417.1,MW
2045-02-26 06:00:00,YZ,CCGT,585.0,MW
2045-02-27 07:00:00,YZ,CCGT,0.0,MW
2045-02-28 08:00:00,YZ,CCGT,0.0,MW
2045-03-01 09:00:00,YZ,CCGT,0.0,MW
2045-03-02 10:00:00,YZ,CCGT,0.0,MW
2045-03-03 11:00:00,YZ,CCGT,0.0,MW
2045-03-04 12:00:00,YZ,CCGT,0.0,MW
2045-03-05 13:00:00,YZ,CCGT,0.0,MW
2045-03-06 14:00:00,YZ,CCGT,0.0,MW
2045-03-07 15:00:00,YZ,CCGT,0.0,MW
2045-03-08 16:00:00,YZ,CCGT,0.0,MW
2045-03-09 17:00:00,YZ,CCGT,0.0,MW
2045-03-10 18:00:00,YZ,CCGT,0.0,MW
2045-03-11 19:00:00,YZ,CCGT,0.0,MW
2045-03-12 20:00:00,YZ,CCGT,0.0,MW
2045-03-13 21:00:00,YZ,CCGT,0.0,MW
2045-03-14 22:00:00,YZ,CCGT,0.0,MW
2045-03-15 23:00:00,YZ,CCGT,0.0,MW
2045-03-17 00:00:00,YZ,CCGT,0.0,MW
2045-03-18 01:00:00,YZ,CCGT,0.0,MW
2045-03-19 02:00:00,YZ,CCGT,0.0,MW
2045-03-20 03:00:00,YZ,CCGT,1088.7,MW
2045-03-21 04:00:00,YZ,CCGT,802.3,MW
2045-03-22 05:00:00,YZ,CCGT,0.0,MW
2045-03-23 06:00:00,YZ,CCGT,106.9,MW
2045-03-24 07:00:00,YZ,CCGT,0.0,MW
2045-03-25 08:00:00,YZ,CCGT,0.0,MW
2045-03-26 09:00:00,YZ,CCGT,0.0,MW
2045-03-27 10:00:00,YZ,CCGT,0.0,MW
2045-03-28 11:00:00,YZ,CCGT,0.0,MW
2045-03-29 12:00:00,YZ,CCGT,0.0,MW
2045-03-30 13:00:00,YZ,CCGT,0.0,MW
2045-03-31 14:00:00,YZ,CCGT,0.0,MW
2045-04-01 15:00:00,YZ,CCGT,0.0,MW
2045-04-02 16:00:00,YZ,CCGT,0.0,MW
2045-04-03 17:00:00,YZ,CCGT,0.0,MW
2045-04-04 18:00:00,YZ,CCGT,0.0,MW
2045-04-05 19:00:00,YZ,CCGT,0.0,MW
2045-04-06 20:00:00,YZ,CCGT,0.0,MW
2045-04-07 21:00:00,YZ,CCGT,0.0,MW
2045-04-08 22:00:00,YZ,CCGT,0.0,MW
2045-04-09 23:00:00,YZ,CCGT,0.0,MW
2045-04-11 00:00:00,YZ,CCGT,0.0,MW
2045-04-12 01:00:00,YZ,CCGT,158.1,MW
2045-04-13 02:00:00,YZ,CCGT,0.0,MW
2045-04-14 03:00:00,YZ,CCGT,0.0,MW
2045-04-15 04:00:00,YZ,CCGT,94.0,MW
2045-04-16 05:00:00,YZ,CCGT,725.9,MW
2045-04-17 06:00:00,YZ,CCGT,1388.6,MW
2045-04-18 07:00:00,YZ,CCGT,0.0,MW
2045-04-19 08:00:00,YZ,CCGT,0.0,MW
2045-04-20 09:00:00,YZ,CCGT,0.0,MW
2045-04-21 10:00:00,YZ,CCGT,0.0,MW
2045-04-22 11:00:00,YZ,CCGT,0.0,MW
2045-04-23 12:00:00,YZ,CCGT,0.0,MW
2045-04-24 13:00:00,YZ,CCGT,0.0,MW
2045-04-25 14:00:00,YZ,CCGT,0.0,MW
2045-04-26 15:00:00,YZ,CCGT,0.0,MW
2045-04-27 16:00:00,YZ,CCGT,0.0,MW
2045-04-28 17:00:00,YZ,CCGT,0.0,MW
2045-04-29 18:00:00,YZ,CCGT,0.0,MW
2045-04-30 19:00:00,YZ,CCGT,0.0,MW
2045-05-01 20:00:00,YZ,CCGT,0.0,MW
2045-05-02 21:00:00,YZ,CCGT,0.0,MW
2045-05-03 22:00:00,YZ,CCGT,0.0,MW
2045-05-04 23:00:00,YZ,CCGT,0.0,MW
2045-05-06 00:00:00,YZ,CCGT,0.0,MW
2045-05-07 01:00:00,YZ,CCGT,656.3,MW
2045-05-08 02:00:00,YZ,CCGT,46.7,MW
2045-05-09 03:00:00,YZ,CCGT,247.3,MW
2045-05-10 04:00:00,YZ,CCGT,452.1,MW
2045-05-11 05:00:00,YZ,CCGT,0.0,MW
2045-05-12 06:00:00,YZ,CCGT,0.0,MW
2045-05-13 07:00:00,YZ,CCGT,0.0,MW
2045-05-14 08:00:00,YZ,CCGT,0.0,MW
2045-05-15 09:00:00,YZ,CCGT,0.0,MW
2045-05-16 10:00:00,YZ,CCGT,0.0,MW
2045-05-17 11:00:00,YZ,CCGT,0.0,MW
2045-05-18 12:00:00,YZ,CCGT,0.0,MW
2045-05-19 13:00:00,YZ,CCGT,0.0,MW
2045-05-20 14:00:00,YZ,CCGT,0.0,MW
2045-05-21 15:00:00,YZ,CCGT,0.0,MW
2045-05-22 16:00:00,YZ,CCGT,0.0,MW
2045-05-23 17:00:00,YZ,CCGT,0.0,MW
2045-05-24 18:00:00,YZ,CCGT,0.0,MW
2045-05-25 19:00:00,YZ,CCGT,0.0,MW
2045-05-26 20:00:00,YZ,CCGT,0.0,MW
2045-05-27 21:00:00,YZ,CCGT,0.0,MW
2045-05-28 22:00:00,YZ,CCGT,0.0,MW
2045-05-29 23:00:00,YZ,CCGT,0.0,MW
2045-05-31 00:00:00,YZ,CCGT,0.0,MW
2045-06-01 01:00:00,YZ,CCGT,0.0,MW
2045-06-02 02:00:00,YZ,CCGT,0.0,MW
2045-06-03 03:00:00,YZ,CCGT,0.0,MW
2045-06-04 04:00:00,YZ,CCGT,0.0,MW
2045-06-05 05:00:00,YZ,CCGT,0.0,MW
2045-06-06 06:00:00,YZ,CCGT,1502.7,MW
2045-06-07 07:00:00,YZ,CCGT,0.0,MW
2045-06-08 08:00:00,YZ,CCGT,0.0,MW
2045-06-09 09:00:00,YZ,CCGT,0.0,MW
2045-06-10 10:00:00,YZ,CCGT,0.0,MW
2045-06-11 11:00:00,YZ,CCGT,0.0,MW
2045-06-12 12:00:00,YZ,CCGT,0.0,MW
2045-06-13 13:00:00,YZ,CCGT,0.0,MW
2045-06-14 14:00:00,YZ,CCGT,0.0,MW
2045-06-15 15:00:00,YZ,CCGT,0.0,MW
2045-06-16 16:00:00,YZ,CCGT,0.0,MW
2045-06-17 17:00:00,YZ,CCGT,0.0,MW
2045-06-18 18:00:00,YZ,CCGT,0.0,MW
2045-06-19 19:00:00,YZ,CCGT,0.0,MW
2045-06-20 20:00:00,YZ,CCGT,0.0,MW
2045-06-21 21:00:00,YZ,CCGT,0.0,MW
2045-06-22 22:00:00,YZ,CCGT,0.0,MW
2045-06-23 23:00:00,YZ,CCGT,0.0,MW
2045-06-25 00:00:00,YZ,CCGT,0.0,MW
2045-06-26 01:00:00,YZ,CCGT,0.0,MW
2045-06-27 02:00:00,YZ,CCGT,0.0,MW
2045-06-28 03:00:00,YZ,CCGT,0.0,MW
2045-06-29 04:00:00,YZ,CCGT,166.0,MW
2045-06-30 05:00:00,YZ,CCGT,326.7,MW
2045-07-01 06:00:00,YZ,CCGT,0.0,MW
2045-07-02 07:00:00,YZ,CCGT,0.0,MW
2045-07-03 08:00:00,YZ,CCGT,0.0,MW
2045-07-04 09:00:00,YZ,CCGT,0.0,MW
2045-07-05 10:00:00,YZ,CCGT,0.0,MW
2045-07-06 11:00:00,YZ,CCGT,0.0,MW
2045-07-07 12:00:00,YZ,CCGT,0.0,MW
2045-07-08 13:00:00,YZ,CCGT,0.0,MW
2045-07-09 14:00:00,YZ,CCGT,0.0,MW
2045-07-10 15:00:00,YZ,CCGT,0.0,MW
2045-07-11 16:00:00,YZ,CCGT,0.0,MW
2045-07-12 17:00:00,YZ,CCGT,0.0,MW
2045-07-13 18:00:00,YZ,CCGT,0.0,MW
2045-07-14 19:00:00,YZ,CCGT,0.0,MW
2045-07-15 20:00:00,YZ,CCGT,0.0,MW
2045-07-16 21:00:00,YZ,CCGT,0.0,MW
2045-07-17 22:00:00,YZ,CCGT,0.0,MW
2045-07-18 23:00:00,YZ,CCGT,0.0,MW
2045-07-20 00:00:00,YZ,CCGT,0.0,MW
2045-07-21 01:00:00,YZ,CCGT,0.0,MW
2045-07-22 02:00:00,YZ,CCGT,0.0,MW
2045-07-23 03:00:00,YZ,CCGT,0.0,MW
2045-07-24 04:00:00,YZ,CCGT,853.2,MW
2045-07-25 05:00:00,YZ,CCGT,574.4,MW
2045-07-26 06:00:00,YZ,CCGT,0.0,MW
2045-07-27 07:00:00,YZ,CCGT,0.0,MW
2045-07-28 08:00:00,YZ,CCGT,0.0,MW
2045-07-29 09:00:00,YZ,CCGT,0.0,MW
2045-07-30 10:00:00,YZ,CCGT,0.0,MW
2045-07-31 11:00:00,YZ,CCGT,0.0,MW
2045-08-01 12:00:00,YZ,CCGT,0.0,MW
2045-08-02 13:00:00,YZ,CCGT,0.0,MW
2045-08-03 14:00:00,YZ,CCGT,0.0,MW
2045-08-04 15:00:00,YZ,CCGT,0.0,MW
2045-08-05 16:00:00,YZ,CCGT,0.0,MW
2045-08-06 17:00:00,YZ,CCGT,0.0,MW
2045-08-07 18:00:00,YZ,CCGT,0.0,MW
2045-08-08 19:00:00,YZ,CCGT,0.0,MW
2045-08-09 20:00:00,YZ,CCGT,0.0,MW
2045-08-10 21:00:00,YZ,CCGT,0.0,MW
2045-08-11 22:00:00,YZ,CCGT,0.0,MW
2045-08-12 23:00:00,YZ,CCGT,0.0,MW
2045-08-14 00:00:00,YZ,CCGT,0.0,MW
2045-08-15 01:00:00,YZ,CCGT,0.0,MW
2045-08-16 02:00:00,YZ,CCGT,0.0,MW
2045-08-17 03:00:00,YZ,CCGT,2495.8,MW
2045-08-18 04:00:00,YZ,CCGT,43.0,MW
2045-08-19 05:00:00,YZ,CCGT,0.0,MW
2045-08-20 06:00:00,YZ,CCGT,0.0,MW
2045-08-21 07:00:00,YZ,CCGT,0.0,MW
2045-08-22 08:00:00,YZ,CCGT,0.0,MW
2045-08-23 09:00:00,YZ,CCGT,0.0,MW
2045-08-24 10:00:00,YZ,CCGT,0.0,MW
2045-08-25 11:00:00,YZ,CCGT,0.0,MW
2045-08-26 12:00:00,YZ,CCGT,0.0,MW
2045-08-27 13:00:00,YZ,CCGT,0.0,MW
2045-08-28 14:00:00,YZ,CCGT,0.0,MW
2045-08-29 15:00:00,YZ,CCGT,0.0,MW
2045-08-30 16:00:00,YZ,CCGT,0.0,MW
2045-08-31 17:00:00,YZ,CCGT,0.0,MW
2045-09-01 18:00:00,YZ,CCGT,0.0,MW
2045-09-02 19:00:00,YZ,CCGT,0.0,MW
2045-09-03 20:00:00,YZ,CCGT,0.0,MW
2045-09-04 21:00:00,YZ,CCGT,0.0,MW
2045-09-05 22:00:00,YZ,CCGT,0.0,MW
2045-09-06 23:00:00,YZ,CCGT,0.0,MW
2045-09-08 00:00:00,YZ,CCGT,0.0,MW
2045-09-09 01:00:00,YZ,CCGT,0.0,MW
2045-09-10 02:00:00,YZ,CCGT,0.0,MW
2045-09-11 03:00:00,YZ,CCGT,410.2,MW
2045-09-12 04:00:00,YZ,CCGT,447.7,MW
2045-09-13 05:00:00,YZ,CCGT,361.3,MW
2045-09-14 06:00:00,YZ,CCGT,0.0,MW
2045-09-15 07:00:00,YZ,CCGT,933.4,MW
2045-09-16 08:00:00,YZ,CCGT,0.0,MW
2045-09-17 09:00:00,YZ,CCGT,0.0,MW
2045-09-18 10:00:00,YZ,CCGT,0.0,MW
2045-09-19 11:00:00,YZ,CCGT,0.0,MW
2045-09-20 12:00:00,YZ,CCGT,0.0,MW
2045-09-21 13:00:00,YZ,CCGT,0.0,MW
2045-09-22 14:00:00,YZ,CCGT,0.0,MW
2045-09-23 15:00:00,YZ,CCGT,0.0,MW
2045-09-24 16:00:00,YZ,CCGT,0.0,MW
2045-09-25 17:00:00,YZ,CCGT,0.0,MW
2045-09-26 18:00:00,YZ,CCGT,0.0,MW
2045-09-27 19:00:00,YZ,CCGT,0.0,MW
2045-09-28 20:00:00,YZ,CCGT,0.0,MW
2045-09-29 21:00:00,YZ,CCGT,0.0,MW
2045-09-30 22:00:00,YZ,CCGT,0.0,MW
2045-10-01 23:00:00,YZ,CCGT,0.0,MW
2045-10-03 00:00:00,YZ,CCGT,0.0,MW
2045-10-04 01:00:00,YZ,CCGT,893.4,MW
2045-10-05 02:00:00,YZ,CCGT,0.0,MW
2045-10-06 03:00:00,YZ,CCGT,0.0,MW
2045-10-07 04:00:00,YZ,CCGT,0.0,MW
2045-10-08 05:00:00,YZ,CCGT,0.0,MW
2045-10-09 06:00:00,YZ,CCGT,274.8,MW
2045-10-10 07:00:00,YZ,CCGT,2655.2,MW
2045-10-11 08:00:00,YZ,CCGT,147.4,MW
2045-10-12 09:00:00,YZ,CCGT,0.0,MW
2045-10-13 10:00:00,YZ,CCGT,0.0,MW
2045-10-14 11:00:00,YZ,CCGT,0.0,MW
2045-10-15 12:00:00,YZ,CCGT,0.0,MW
2045-10-16 13:00:00,YZ,CCGT,0.0,MW
2045-10-17 14:00:00,YZ,CCGT,0.0,MW
2045-10-18 15:00:00,YZ,CCGT,0.0,MW
2045-10-19 16:00:00,YZ,CCGT,0.0,MW
2045-10-20 17:00:00,YZ,CCGT,0.0,MW
2045-10-21 18:00:00,YZ,CCGT,0.0,MW
2045-10-22 19:00:00,YZ,CCGT,0.0,MW
2045-10-23 20:00:00,YZ,CCGT,0.0,MW
2045-10-24 21:00:00,YZ,CCGT,0.0,MW
2045-10-25 22:00:00,YZ,CCGT,0.0,MW
2045-10-26 23:00:00,YZ,CCGT,0.0,MW
2045-10-28 00:00:00,YZ,CCGT,0.0,MW
2045-10-29 01:00:00,YZ,CCGT,392.8,MW
2045-10-30 02:00:00,YZ,CCGT,1094.9,MW
2045-10-31 03:00:00,YZ,CCGT,814.7,MW
2045-11-01 04:00:00,YZ,CCGT,281.3,MW
2045-11-02 05:00:00,YZ,CCGT,387.7,MW
2045-11-03 06:00:00,YZ,CCGT,347.3,MW
2045-11-04 07:00:00,YZ,CCGT,0.0,MW
2045-11-05 08:00:00,YZ,CCGT,0.0,MW
2045-11-06 09:00:00,YZ,CCGT,0.0,MW
2045-11-07 10:00:00,YZ,CCGT,0.0,MW
2045-11-08 11:00:00,YZ,CCGT,0.0,MW
2045-11-09 12:00:00,YZ,CCGT,0.0,MW
2045-11-10 13:00:00,YZ,CCGT,0.0,MW
2045-11-11 14:00:00,YZ,CCGT,0.0,MW
2045-11-12 15:00:00,YZ,CCGT,0.0,MW
2045-11-13 16:00:00,YZ,CCGT,0.0,MW
2045-11-14 17:00:00,YZ,CCGT,0.0,MW
2045-11-15 18:00:00,YZ,CCGT,376.4,MW
2045-11-16 19:00:00,YZ,CCGT,0.0,MW
2045-11-17 20:00:00,YZ,CCGT,0.0,MW
2045-11-18 21:00:00,YZ,CCGT,18.1,MW
2045-11-19 22:00:00,YZ,CCGT,0.0,MW
2045-11-20 23:00:00,YZ,CCGT,0.0,MW
2045-11-22 00:00:00,YZ,CCGT,0.0,MW
2045-11-23 01:00:00,YZ,CCGT,0.0,MW
2045-11-24 02:00:00,YZ,CCGT,1159.9,MW
2045-11-25 03:00:00,YZ,CCGT,0.0,MW
2045-11-26 04:00:00,YZ,CCGT,70.3,MW
2045-11-27 05:00:00,YZ,CCGT,0.0,MW
2045-11-28 06:00:00,YZ,CCGT,0.0,MW
2045-11-29 07:00:00,YZ,CCGT,1318.4,MW
2045-11-30 08:00:00,YZ,CCGT,0.0,MW
2045-12-01 09:00:00,YZ,CCGT,0.0,MW
2045-12-02 10:00:00,YZ,CCGT,0.0,MW
2045-12-03 11:00:00,YZ,CCGT,0.0,MW
2045-12-04 12:00:00,YZ,CCGT,0.0,MW
2045-12-05 13:00:00,YZ,CCGT,0.0,MW
2045-12-06 14:00:00,YZ,CCGT,0.0,MW
2045-12-07 15:00:00,YZ,CCGT,0.0,MW
2045-12-08 16:00:00,YZ,CCGT,0.0,MW
2045-12-09 17:00:00,YZ,CCGT,0.0,MW
2045-12-10 18:00:00,YZ,CCGT,0.0,MW
2045-12-11 19:00:00,YZ,CCGT,0.0,MW
2045-12-12 20:00:00,YZ,CCGT,381.1,MW
2045-12-13 21:00:00,YZ,CCGT,133.9,MW
2045-12-14 22:00:00,YZ,CCGT,174.5,MW
2045-12-15 23:00:00,YZ,CCGT,460.1,MW
2045-12-17 00:00:00,YZ,CCGT,0.0,MW
2045-12-18 01:00:00,YZ,CCGT,514.6,MW
2045-12-19 02:00:00,YZ,CCGT,466.4,MW
2045-12-20 03:00:00,YZ,CCGT,0.0,MW
2045-12-21 04:00:00,YZ,CCGT,586.0,MW
2045-12-22 05:00:00,YZ,CCGT,0.0,MW
2045-12-23 06:00:00,YZ,CCGT,546.2,MW
2045-12-24 07:00:00,YZ,CCGT,1040.4,MW
2045-12-25 08:00:00,YZ,CCGT,0.0,MW
2045-12-26 09:00:00,YZ,CCGT,0.0,MW
2045-12-27 10:00:00,YZ,CCGT,0.0,MW
2045-12-28 11:00:00,YZ,CCGT,0.0,MW
2045-12-29 12:00:00,YZ,CCGT,0.0,MW
2045-12-30 13:00:00,YZ,CCGT,0.0,MW
2045-12-31 14:00:00,YZ,CCGT,0.0,MW
2046-01-01 15:00:00,YZ,CCGT,0.0,MW
2045-01-01 00:00:00,YZ,OCGT,0.0,MW
2045-01-02 01:00:00,YZ,OCGT,0.0,MW
2045-01-03 02:00:00,YZ,OCGT,0.0,MW
2045-01-04 03:00:00,YZ,OCGT,0.0,MW
2045-01-05 04:00:00,YZ,OCGT,42.7,MW
2045-01-06 05:00:00,YZ,OCGT,292.1,MW
2045-01-07 06:00:00,YZ,OCGT,213.1,MW
2045-01-08 07:00:00,YZ,OCGT,0.0,MW
2045-01-09 08:00:00,YZ,OCGT,0.0,MW
2045-01-10 09:00:00,YZ,OCGT,0.0,MW
2045-01-11 10:00:00,YZ,OCGT,0.0,MW
2045-01-12 11:00:00,YZ,OCGT,0.0,MW
2045-01-13 12:00:00,YZ,OCGT,0.0,MW
2045-01-14 13:00:00,YZ,OCGT,0.0,MW
2045-01-15 14:00:00,YZ,OCGT,0.0,MW
2045-01-16 15:00:00,YZ,OCGT,0.0,MW
2045-01-17 16:00:00,YZ,OCGT,0.0,MW
2045-01-18 17:00:00,YZ,OCGT,0.0,MW
2045-01-19 18:00:00,YZ,OCGT,0.0,MW
2045-01-20 19:00:00,YZ,OCGT,0.0,MW
2045-01-21 20:00:00,YZ,OCGT,0.0,MW
2045-01-22 21:00:00,YZ,OCGT,0.0,MW
2045-01-23 22:00:00,YZ,OCGT,0.0,MW
2045-01-24 23:00:00,YZ,OCGT,0.0,MW
2045-01-26 00:00:00,YZ,OCGT,0.0,MW
2045-01-27 01:00:00,YZ,OCGT,0.0,MW
2045-01-28 02:00:00,YZ,OCGT,0.0,MW
2045-01-29 03:00:00,YZ,OCGT,0.0,MW
2045-01-30 04:00:00,YZ,OCGT,0.0,MW
2045-01-31 05:00:00,YZ,OCGT,0.0,MW
2045-02-01 06:00:00,YZ,OCGT,1.4,MW
2045-02-02 07:00:00,YZ,OCGT,0.0,MW
2045-02-03 08:00:00,YZ,OCGT,0.0,MW
2045-02-04 09:00:00,YZ,OCGT,0.0,MW
2045-02-05 10:00:00,YZ,OCGT,0.0,MW
2045-02-06 11:00:00,YZ,OCGT,0.0,MW
2045-02-07 12:00:00,YZ,OCGT,0.0,MW
2045-02-08 13:00:00,YZ,OCGT,0.0,MW
2045-02-09 14:00:00,YZ,OCGT,0.0,MW
2045-02-10 15:00:00,YZ,OCGT,0.0,MW
2045-02-11 16:00:00,YZ,OCGT,0.0,MW
2045-02-12 17:00:00,YZ,OCGT,0.0,MW
2045-02-13 18:00:00,YZ,OCGT,0.0,MW
2045-02-14 19:00:00,YZ,OCGT,0.0,MW
2045-02-15 20:00:00,YZ,OCGT,0.0,MW
2045-02-16 21:00:00,YZ,OCGT,0.0,MW
2045-02-17 22:00:00,YZ,OCGT,0.0,MW
2045-02-18 23:00:00,YZ,OCGT,0.0,MW
2045-02-20 00:00:00,YZ,OCGT,6.6,MW
2045-02-21 01:00:00,YZ,OCGT,0.0,MW
2045-02-22 02:00:00,YZ,OCGT,0.0,MW
2045-02-23 03:00:00,YZ,OCGT,0.0,MW
2045-02-24 04:00:00,YZ,OCGT,0.0,MW
2045-02-25 05:00:00,YZ,OCGT,0.0,MW
2045-02-26 06:00:00,YZ,OCGT,0.0,MW
2045-02-27 07:00:00,YZ,OCGT,0.0,MW
2045-02-28 08:00:00,YZ,OCGT,0.0,MW
2045-03-01 09:00:00,YZ,OCGT,0.0,MW
2045-03-02 10:00:00,YZ,OCGT,0.0,MW
2045-03-03 11:00:00,YZ,OCGT,0.0,MW
2045-03-04 12:00:00,YZ,OCGT,0.0,MW
2045-03-05 13:00:00,YZ,OCGT,0.0,MW
2045-03-06 14:00:00,YZ,OCGT,0.0,MW
2045-03-07 15:00:00,YZ,OCGT,0.0,MW
2045-03-08 16:00:00,YZ,OCGT,0.0,MW
2045-03-09 17:00:00,YZ,OCGT,0.0,MW
2045-03-10 18:00:00,YZ,OCGT,0.0,MW
2045-03-11 19:00:00,YZ,OCGT,0.0,MW
2045-03-12 20:00:00,YZ,OCGT,0.0,MW
2045-03-13 21:00:00,YZ,OCGT,0.0,MW
2045-03-14 22:00:00,YZ,OCGT,0.0,MW
2045-03-15 23:00:00,YZ,OCGT,0.0,MW
2045-03-17 00:00:00,YZ,OCGT,0.0,MW
2045-03-18 01:00:00,YZ,OCGT,0.0,MW
2045-03-19 02:00:00,YZ,OCGT,0.0,MW
2045-03-20 03:00:00,YZ,OCGT,0.0,MW
2045-03-21 04:00:00,YZ,OCGT,0.0,MW
2045-03-22 05:00:00,YZ,OCGT,0.0,MW
2045-03-23 06:00:00,YZ,OCGT,0.0,MW
2045-03-24 07:00:00,YZ,OCGT,0.0,MW
2045-03-25 08:00:00,YZ,OCGT,0.0,MW
2045-03-26 09:00:00,YZ,OCGT,0.0,MW
2045-03-27 10:00:00,YZ,OCGT,0.0,MW
2045-03-28 11:00:00,YZ,OCGT,0.0,MW
2045-03-29 12:00:00,YZ,OCGT,0.0,MW
2045-03-30 13:00:00,YZ,OCGT,0.0,MW
2045-03-31 14:00:00,YZ,OCGT,0.0,MW
2045-04-01 15:00:00,YZ,OCGT,0.0,MW
2045-04-02 16:00:00,YZ,OCGT,0.0,MW
2045-04-03 17:00:00,YZ,OCGT,0.0,MW
2045-04-04 18:00:00,YZ,OCGT,0.0,MW
2045-04-05 19:00:00,YZ,OCGT,0.0,MW
2045-04-06 20:00:00,YZ,OCGT,0.0,MW
2045-04-07 21:00:00,YZ,OCGT,0.0,MW
2045-04-08 22:00:00,YZ,OCGT,0.0,MW
2045-04-09 23:00:00,YZ,OCGT,0.0,MW
2045-04-11 00:00:00,YZ,OCGT,0.0,MW
2045-04-12 01:00:00,YZ,OCGT,0.0,MW
2045-04-13 02:00:00,YZ,OCGT,0.0,MW
2045-04-14 03:00:00,YZ,OCGT,0.0,MW
2045-04-15 04:00:00,YZ,OCGT,0.0,MW
2045-04-16 05:00:00,YZ,OCGT,0.0,MW
2045-04-17 06:00:00,YZ,OCGT,0.0,MW
2045-04-18 07:00:00,YZ,OCGT,0.0,MW
2045-04-19 08:00:00,YZ,OCGT,0.0,MW
2045-04-20 09:00:00,YZ,OCGT,0.0,MW
2045-04-21 10:00:00,YZ,OCGT,0.0,MW
2045-04-22 11:00:00,YZ,OCGT,0.0,MW
2045-04-23 12:00:00,YZ,OCGT,0.0,MW
2045-04-24 13:00:00,YZ,OCGT,0.0,MW
2045-04-25 14:00:00,YZ,OCGT,0.0,MW
2045-04-26 15:00:00,YZ,OCGT,0.0,MW
2045-04-27 16:00:00,YZ,OCGT,0.0,MW
2045-04-28 17:00:00,YZ,OCGT,0.0,MW
2045-04-29 18:00:00,YZ,OCGT,0.0,MW
2045-04-30 19:00:00,YZ,OCGT,0.0,MW
2045-05-01 20:00:00,YZ,OCGT,0.0,MW
2045-05-02 21:00:00,YZ,OCGT,0.0,MW
2045-05-03 22:00:00,YZ,OCGT,0.0,MW
2045-05-04 23:00:00,YZ,OCGT,0.0,MW
2045-05-06 00:00:00,YZ,OCGT,0.0,MW
2045-05-07 01:00:00,YZ,OCGT,0.0,MW
2045-05-08 02:00:00,YZ,OCGT,0.0,MW
2045-05-09 03:00:00,YZ,OCGT,0.0,MW
2045-05-10 04:00:00,YZ,OCGT,0.0,MW
2045-05-11 05:00:00,YZ,OCGT,0.0,MW
2045-05-12 06:00:00,YZ,OCGT,0.0,MW
2045-05-13 07:00:00,YZ,OCGT,0.0,MW
2045-05-14 08:00:00,YZ,OCGT,0.0,MW
2045-05-15 09:00:00,YZ,OCGT,0.0,MW
2045-05-16 10:00:00,YZ,OCGT,0.0,MW
2045-05-17 11:00:00,YZ,OCGT,0.0,MW
2045-05-18 12:00:00,YZ,OCGT,0.0,MW
2045-05-19 13:00:00,YZ,OCGT,0.0,MW
2045-05-20 14:00:00,YZ,OCGT,0.0,MW
2045-05-21 15:00:00,YZ,OCGT,0.0,MW
2045-05-22 16:00:00,YZ,OCGT,0.0,MW
2045-05-23 17:00:00,YZ,OCGT,0.0,MW
2045-05-24 18:00:00,YZ,OCGT,0.0,MW
2045-05-25 19:00:00,YZ,OCGT,0.0,MW
2045-05-26 20:00:00,YZ,OCGT,0.0,MW
2045-05-27 21:00:00,YZ,OCGT,0.0,MW
2045-05-28 22:00:00,YZ,OCGT,0.0,MW
2045-05-29 23:00:00,YZ,OCGT,0.0,MW
2045-05-31 00:00:00,YZ,OCGT,0.0,MW
2045-06-01 01:00:00,YZ,OCGT,0.0,MW
2045-06-02 02:00:00,YZ,OCGT,0.0,MW
2045-06-03 03:00:00,YZ,OCGT,0.0,MW
2045-06-04 04:00:00,YZ,OCGT,0.0,MW
2045-06-05 05:00:00,YZ,OCGT,0.0,MW
2045-06-06 06:00:00,YZ,OCGT,0.0,MW
2045-06-07 07:00:00,YZ,OCGT,0.0,MW
2045-06-08 08:00:00,YZ,OCGT,0.0,MW
2045-06-09 09:00:00,YZ,OCGT,0.0,MW
2045-06-10 10:00:00,YZ,OCGT,0.0,MW
2045-06-11 11:00:00,YZ,OCGT,0.0,MW
2045-06-12 12:00:00,YZ,OCGT,0.0,MW
2045-06-13 13:00:00,YZ,OCGT,0.0,MW
2045-06-14 14:00:00,YZ,OCGT,0.0,MW
2045-06-15 15:00:00,YZ,OCGT,0.0,MW
2045-06-16 16:00:00,YZ,OCGT,0.0,MW
2045-06-17 17:00:00,YZ,OCGT,0.0,MW
2045-06-18 18:00:00,YZ,OCGT,0.0,MW
2045-06-19 19:00:00,YZ,OCGT,0.0,MW
2045-06-20 20:00:00,YZ,OCGT,0.0,MW
2045-06-21 21:00:00,YZ,OCGT,0.0,MW
2045-06-22 22:00:00,YZ,OCGT,0.0,MW
2045-06-23 23:00:00,YZ,OCGT,0.0,MW
2045-06-25 00:00:00,YZ,OCGT,0.0,MW
2045-06-26 01:00:00,YZ,OCGT,0.0,MW
2045-06-27 02:00:00,YZ,OCGT,0.0,MW
2045-06-28 03:00:00,YZ,OCGT,0.0,MW
2045-06-29 04:00:00,YZ,OCGT,0.0,MW
2045-06-30 05:00:00,YZ,OCGT,0.0,MW
2045-07-01 06:00:00,YZ,OCGT,0.0,MW
2045-07-02 07:00:00,YZ,OCGT,0.0,MW
2045-07-03 08:00:00,YZ,OCGT,0.0,MW
2045-07-04 09:00:00,YZ,OCGT,0.0,MW
2045-07-05 10:00:00,YZ,OCGT,0.0,MW
2045-07-06 11:00:00,YZ,OCGT,0.0,MW
2045-07-07 12:00:00,YZ,OCGT,0.0,MW
2045-07-08 13:00:00,YZ,OCGT,0.0,MW
2045-07-09 14:00:00,YZ,OCGT,0.0,MW
2045-07-10 15:00:00,YZ,OCGT,0.0,MW
2045-07-11 16:00:00,YZ,OCGT,0.0,MW
2045-07-12 17:00:00,YZ,OCGT,0.0,MW
2045-07-13 18:00:00,YZ,OCGT,0.0,MW
2045-07-14 19:00:00,YZ,OCGT,0.0,MW
2045-07-15 20:00:00,YZ,OCGT,0.0,MW
2045-07-16 21:00:00,YZ,OCGT,0.0,MW
2045-07-17 22:00:00,YZ,OCGT,0.0,MW
2045-07-18 23:00:00,YZ,OCGT,0.0,MW
2045-07-20 00:00:00,YZ,OCGT,0.0,MW
2045-07-21 01:00:00,YZ,OCGT,0.0,MW
2045-07-22 02:00:00,YZ,OCGT,0.0,MW
2045-07-23 03:00:00,YZ,OCGT,0.0,MW
2045-07-24 04:00:00,YZ,OCGT,0.0,MW
2045-07-25 05:00:00,YZ,OCGT,0.0,MW
2045-07-26 06:00:00,YZ,OCGT,0.0,MW
2045-07-27 07:00:00,YZ,OCGT,0.0,MW
2045-07-28 08:00:00,YZ,OCGT,0.0,MW
2045-07-29 09:00:00,YZ,OCGT,0.0,MW
2045-07-30 10:00:00,YZ,OCGT,0.0,MW
2045-07-31 11:00:00,YZ,OCGT,0.0,MW
2045-08-01 12:00:00,YZ,OCGT,0.0,MW
2045-08-02 13:00:00,YZ,OCGT,0.0,MW
2045-08-03 14:00:00,YZ,OCGT,0.0,MW
2045-08-04 15:00:00,YZ,OCGT,0.0,MW
2045-08-05 16:00:00,YZ,OCGT,0.0,MW
2045-08-06 17:00:00,YZ,OCGT,0.0,MW
2045-08-07 18:00:00,YZ,OCGT,0.0,MW
2045-08-08 19:00:00,YZ,OCGT,0.0,MW
2045-08-09 20:00:00,YZ,OCGT,0.0,MW
2045-08-10 21:00:00,YZ,OCGT,0.0,MW
2045-08-11 22:00:00,YZ,OCGT,0.0,MW
2045-08-12 23:00:00,YZ,OCGT,0.0,MW
2045-08-14 00:00:00,YZ,OCGT,0.0,MW
2045-08-15 01:00:00,YZ,OCGT,0.0,MW
2045-08-16 02:00:00,YZ,OCGT,0.0,MW
2045-08-17 03:00:00,YZ,OCGT,0.0,MW
2045-08-18 04:00:00,YZ,OCGT,0.0,MW
2045-08-19 05:00:00,YZ,OCGT,0.0,MW
2045-08-20 06:00:00,YZ,OCGT,0.0,MW
2045-08-21 07:00:00,YZ,OCGT,0.0,MW
2045-08-22 08:00:00,YZ,OCGT,0.0,MW
2045-08-23 09:00:00,YZ,OCGT,0.0,MW
2045-08-24 10:00:00,YZ,OCGT,0.0,MW
2045-08-25 11:00:00,YZ,OCGT,0.0,MW
2045-08-26 12:00:00,YZ,OCGT,0.0,MW
2045-08-27 13:00:00,YZ,OCGT,0.0,MW
2045-08-28 14:00:00,YZ,OCGT,0.0,MW
2045-08-29 15:00:00,YZ,OCGT,0.0,MW
2045-08-30 16:00:00,YZ,OCGT,0.0,MW
2045-08-31 17:00:00,YZ,OCGT,0.0,MW
2045-09-01 18:00:00,YZ,OCGT,0.0,MW
2045-09-02 19:00:00,YZ,OCGT,0.0,MW
2045-09-03 20:00:00,YZ,OCGT,0.0,MW
2045-09-04 21:00:00,YZ,OCGT,0.0,MW
2045-09-05 22:00:00,YZ,OCGT,0.0,MW
2045-09-06 23:00:00,YZ,OCGT,0.0,MW
2045-09-08 00:00:00,YZ,OCGT,0.0,MW
2045-09-09 01:00:00,YZ,OCGT,0.0,MW
2045-09-10 02:00:00,YZ,OCGT,0.0,MW
2045-09-11 03:00:00,YZ,OCGT,0.0,MW
2045-09-12 04:00:00,YZ,OCGT,0.0,MW
2045-09-13 05:00:00,YZ,OCGT,0.0,MW
2045-09-14 06:00:00,YZ,OCGT,0.0,MW
2045-09-15 07:00:00,YZ,OCGT,0.0,MW
2045-09-16 08:00:00,YZ,OCGT,0.0,MW
2045-09-17 09:00:00,YZ,OCGT,0.0,MW
2045-09-18 10:00:00,YZ,OCGT,0.0,MW
2045-09-19 11:00:00,YZ,OCGT,0.0,MW
2045-09-20 12:00:00,YZ,OCGT,0.0,MW
2045-09-21 13:00:00,YZ,OCGT,0.0,MW
2045-09-22 14:00:00,YZ,OCGT,0.0,MW
2045-09-23 15:00:00,YZ,OCGT,0.0,MW
2045-09-24 16:00:00,YZ,OCGT,0.0,MW
2045-09-25 17:00:00,YZ,OCGT,0.0,MW
2045-09-26 18:00:00,YZ,OCGT,0.0,MW
2045-09-27 19:00:00,YZ,OCGT,0.0,MW
2045-09-28 20:00:00,YZ,OCGT,0.0,MW
2045-09-29 21:00:00,YZ,OCGT,0.0,MW
2045-09-30 22:00:00,YZ,OCGT,0.0,MW
2045-10-01 23:00:00,YZ,OCGT,0.0,MW
2045-10-03 00:00:00,YZ,OCGT,0.0,MW
2045-10-04 01:00:00,YZ,OCGT,0.0,MW
2045-10-05 02:00:00,YZ,OCGT,0.0,MW
2045-10-06 03:00:00,YZ,OCGT,0.0,MW
2045-10-07 04:00:00,YZ,OCGT,0.0,MW
2045-10-08 05:00:00,YZ,OCGT,0.0,MW
2045-10-09 06:00:00,YZ,OCGT,0.0,MW
2045-10-10 07:00:00,YZ,OCGT,0.0,MW
2045-10-11 08:00:00,YZ,OCGT,0.0,MW
2045-10-12 09:00:00,YZ,OCGT,0.0,MW
2045-10-13 10:00:00,YZ,OCGT,0.0,MW
2045-10-14 11:00:00,YZ,OCGT,0.0,MW
2045-10-15 12:00:00,YZ,OCGT,0.0,MW
2045-10-16 13:00:00,YZ,OCGT,0.0,MW
2045-10-17 14:00:00,YZ,OCGT,0.0,MW
2045-10-18 15:00:00,YZ,OCGT,0.0,MW
2045-10-19 16:00:00,YZ,OCGT,0.0,MW
2045-10-20 17:00:00,YZ,OCGT,0.0,MW
2045-10-21 18:00:00,YZ,OCGT,0.0,MW
2045-10-22 19:00:00,YZ,OCGT,0.0,MW
2045-10-23 20:00:00,YZ,OCGT,0.0,MW
2045-10-24 21:00:00,YZ,OCGT,0.0,MW
2045-10-25 22:00:00,YZ,OCGT,0.0,MW
2045-10-26 23:00:00,YZ,OCGT,0.0,MW
2045-10-28 00:00:00,YZ,OCGT,0.0,MW
2045-10-29 01:00:00,YZ,OCGT,0.0,MW
2045-10-30 02:00:00,YZ,OCGT,0.0,MW
2045-10-31 03:00:00,YZ,OCGT,0.0,MW
2045-11-01 04:00:00,YZ,OCGT,0.0,MW
2045-11-02 05:00:00,YZ,OCGT,0.0,MW
2045-11-03 06:00:00,YZ,OCGT,0.0,MW
2045-11-04 07:00:00,YZ,OCGT,0.0,MW
2045-11-05 08:00:00,YZ,OCGT,0.0,MW
2045-11-06 09:00:00,YZ,OCGT,0.0,MW
2045-11-07 10:00:00,YZ,OCGT,0.0,MW
2045-11-08 11:00:00,YZ,OCGT,0.0,MW
2045-11-09 12:00:00,YZ,OCGT,0.0,MW
2045-11-10 13:00:00,YZ,OCGT,0.0,MW
2045-11-11 14:00:00,YZ,OCGT,0.0,MW
2045-11-12 15:00:00,YZ,OCGT,0.0,MW
2045-11-13 16:00:00,YZ,OCGT,0.0,MW
2045-11-14 17:00:00,YZ,OCGT,0.0,MW
2045-11-15 18:00:00,YZ,OCGT,0.0,MW
2045-11-16 19:00:00,YZ,OCGT,0.0,MW
2045-11-17 20:00:00,YZ,OCGT,0.0,MW
2045-11-18 21:00:00,YZ,OCGT,0.0,MW
2045-11-19 22:00:00,YZ,OCGT,0.0,MW
2045-11-20 23:00:00,YZ,OCGT,0.0,MW
2045-11-22 00:00:00,YZ,OCGT,0.0,MW
2045-11-23 01:00:00,YZ,OCGT,0.0,MW
2045-11-24 02:00:00,YZ,OCGT,0.0,MW
2045-11-25 03:00:00,YZ,OCGT,0.0,MW
2045-11-26 04:00:00,YZ,OCGT,0.0,MW
2045-11-27 05:00:00,YZ,OCGT,0.0,MW
2045-11-28 06:00:00,YZ,OCGT,0.0,MW
2045-11-29 07:00:00,YZ,OCGT,0.0,MW
2045-11-30 08:00:00,YZ,OCGT,0.0,MW
2045-12-01 09:00:00,YZ,OCGT,0.0,MW
2045-12-02 10:00:00,YZ,OCGT,0.0,MW
2045-12-03 11:00:00,YZ,OCGT,0.0,MW
2045-12-04 12:00:00,YZ,OCGT,0.0,MW
2045-12-05 13:00:00,YZ,OCGT,0.0,MW
2045-12-06 14:00:00,YZ,OCGT,0.0,MW
2045-12-07 15:00:00,YZ,OCGT,0.0,MW
2045-12-08 16:00:00,YZ,OCGT,0.0,MW
2045-12-09 17:00:00,YZ,OCGT,0.0,MW
2045-12-10 18:00:00,YZ,OCGT,0.0,MW
2045-12-11 19:00:00,YZ,OCGT,0.0,MW
2045-12-12 20:00:00,YZ,OCGT,0.0,MW
2045-12-13 21:00:00,YZ,OCGT,0.0,MW
2045-12-14 22:00:00,YZ,OCGT,0.0,MW
2045-12-15 23:00:00,YZ,OCGT,0.0,MW
2045-12-17 00:00:00,YZ,OCGT,0.0,MW
2045-12-18 01:00:00,YZ,OCGT,0.0,MW
2045-12-19 02:00:00,YZ,OCGT,0.0,MW
2045-12-20 03:00:00,YZ,OCGT,0.0,MW
2045-12-21 04:00:00,YZ,OCGT,0.0,MW
2045-12-22 05:00:00,YZ,OCGT,0.0,MW
2045-12-23 06:00:00,YZ,OCGT,0.0,MW
2045-12-24 07:00:00,YZ,OCGT,0.0,MW
2045-12-25 08:00:00,YZ,OCGT,0.0,MW
2045-12-26 09:00:00,YZ,OCGT,0.0,MW
2045-12-27 10:00:00,YZ,OCGT,0.0,MW
2045-12-28 11:00:00,YZ,OCGT,0.0,MW
2045-12-29 12:00:00,YZ,OCGT,0.0,MW
2045-12-30 13:00:00,YZ,OCGT,0.0,MW
2045-12-31 14:00:00,YZ,OCGT,0.0,MW
2046-01-01 15:00:00,YZ,OCGT,0.0,MW
2045-01-01 00:00:00,YZ,SubC,5963.0,MW
2045-01-02 01:00:00,YZ,SubC,5963.0,MW
2045-01-03 02:00:00,YZ,SubC,5963.0,MW
2045-01-04 03:00:00,YZ,SubC,5963.0,MW
2045-01-05 04:00:00,YZ,SubC,5963.0,MW
2045-01-06 05:00:00,YZ,SubC,5963.0,MW
2045-01-07 06:00:00,YZ,SubC,5963.0,MW
2045-01-08 07:00:00,YZ,SubC,5963.0,MW
2045-01-09 08:00:00,YZ,SubC,5578.9,MW
2045-01-10 09:00:00,YZ,SubC,4856.9,MW
2045-01-11 10:00:00,YZ,SubC,3385.0,MW
2045-01-12 11:00:00,YZ,SubC,1675.0,MW
2045-01-13 12:00:00,YZ,SubC,725.0,MW
2045-01-14 13:00:00,YZ,SubC,950.0,MW
2045-01-15 14:00:00,YZ,SubC,2629.7,MW
2045-01-16 15:00:00,YZ,SubC,2080.0,MW
2045-01-17 16:00:00,YZ,SubC,3910.1,MW
2045-01-18 17:00:00,YZ,SubC,5766.1,MW
2045-01-19 18:00:00,YZ,SubC,5963.0,MW
2045-01-20 19:00:00,YZ,SubC,5963.0,MW
2045-01-21 20:00:00,YZ,SubC,5884.4,MW
2045-01-22 21:00:00,YZ,SubC,5963.0,MW
2045-01-23 22:00:00,YZ,SubC,5963.0,MW
2045-01-24 23:00:00,YZ,SubC,5117.7,MW
2045-01-26 00:00:00,YZ,SubC,5763.0,MW
2045-01-27 01:00:00,YZ,SubC,3349.5,MW
2045-01-28 02:00:00,YZ,SubC,4107.0,MW
2045-01-29 03:00:00,YZ,SubC,5963.0,MW
2045-01-30 04:00:00,YZ,SubC,5963.0,MW
2045-01-31 05:00:00,YZ,SubC,5963.0,MW
2045-02-01 06:00:00,YZ,SubC,5963.0,MW
2045-02-02 07:00:00,YZ,SubC,5963.0,MW
2045-02-03 08:00:00,YZ,SubC,5963.0,MW
2045-02-04 09:00:00,YZ,SubC,4107.0,MW
2045-02-05 10:00:00,YZ,SubC,1675.0,MW
2045-02-06 11:00:00,YZ,SubC,1675.0,MW
2045-02-07 12:00:00,YZ,SubC,725.0,MW
2045-02-08 13:00:00,YZ,SubC,225.0,MW
2045-02-09 14:00:00,YZ,SubC,950.0,MW
2045-02-10 15:00:00,YZ,SubC,2980.0,MW
2045-02-11 16:00:00,YZ,SubC,1675.0,MW
2045-02-12 17:00:00,YZ,SubC,3531.0,MW
2045-02-13 18:00:00,YZ,SubC,5387.0,MW
2045-02-14 19:00:00,YZ,SubC,5963.0,MW
2045-02-15 20:00:00,YZ,SubC,5963.0,MW
2045-02-16 21:00:00,YZ,SubC,5963.0,MW
2045-02-17 22:00:00,YZ,SubC,5261.7,MW
2045-02-18 23:00:00,YZ,SubC,5963.0,MW
2045-02-20 00:00:00,YZ,SubC,5963.0,MW
2045-02-21 01:00:00,YZ,SubC,5963.0,MW
2045-02-22 02:00:00,YZ,SubC,4976.9,MW
2045-02-23 03:00:00,YZ,SubC,2634.9,MW
2045-02-24 04:00:00,YZ,SubC,4137.3,MW
2045-02-25 05:00:00,YZ,SubC,4959.1,MW
2045-02-26 06:00:00,YZ,SubC,5963.0,MW
2045-02-27 07:00:00,YZ,SubC,4543.9,MW
2045-02-28 08:00:00,YZ,SubC,5412.0,MW
2045-03-01 09:00:00,YZ,SubC,3385.0,MW
2045-03-02 10:00:00,YZ,SubC,725.0,MW
2045-03-03 11:00:00,YZ,SubC,0.0,MW
2045-03-04 12:00:00,YZ,SubC,0.0,MW
2045-03-05 13:00:00,YZ,SubC,0.0,MW
2045-03-06 14:00:00,YZ,SubC,0.0,MW
2045-03-07 15:00:00,YZ,SubC,0.0,MW
2045-03-08 16:00:00,YZ,SubC,0.0,MW
2045-03-09 17:00:00,YZ,SubC,516.3,MW
2045-03-10 18:00:00,YZ,SubC,1792.3,MW
2045-03-11 19:00:00,YZ,SubC,4253.0,MW
2045-03-12 20:00:00,YZ,SubC,5494.9,MW
2045-03-13 21:00:00,YZ,SubC,5963.0,MW
2045-03-14 22:00:00,YZ,SubC,4692.2,MW
2045-03-15 23:00:00,YZ,SubC,2517.6,MW
2045-03-17 00:00:00,YZ,SubC,1675.0,MW
2045-03-18 01:00:00,YZ,SubC,3369.7,MW
2045-03-19 02:00:00,YZ,SubC,4107.0,MW
2045-03-20 03:00:00,YZ,SubC,5963.0,MW
2045-03-21 04:00:00,YZ,SubC,5963.0,MW
2045-03-22 05:00:00,YZ,SubC,5063.0,MW
2045-03-23 06:00:00,YZ,SubC,3353.0,MW
2045-03-24 07:00:00,YZ,SubC,4107.0,MW
2045-03-25 08:00:00,YZ,SubC,1675.0,MW
2045-03-26 09:00:00,YZ,SubC,1675.0,MW
2045-03-27 10:00:00,YZ,SubC,1675.0,MW
2045-03-28 11:00:00,YZ,SubC,725.0,MW
2045-03-29 12:00:00,YZ,SubC,0.0,MW
2045-03-30 13:00:00,YZ,SubC,0.0,MW
2045-03-31 14:00:00,YZ,SubC,0.0,MW
2045-04-01 15:00:00,YZ,SubC,0.0,MW
2045-04-02 16:00:00,YZ,SubC,225.0,MW
2045-04-03 17:00:00,YZ,SubC,950.0,MW
2045-04-04 18:00:00,YZ,SubC,2921.2,MW
2045-04-05 19:00:00,YZ,SubC,2121.9,MW
2045-04-06 20:00:00,YZ,SubC,3977.9,MW
2045-04-07 21:00:00,YZ,SubC,2327.9,MW
2045-04-08 22:00:00,YZ,SubC,2898.1,MW
2045-04-09 23:00:00,YZ,SubC,1846.0,MW
2045-04-11 00:00:00,YZ,SubC,2397.0,MW
2045-04-12 01:00:00,YZ,SubC,4250.5,MW
2045-04-13 02:00:00,YZ,SubC,2292.7,MW
2045-04-14 03:00:00,YZ,SubC,3478.7,MW
2045-04-15 04:00:00,YZ,SubC,5334.7,MW
2045-04-16 05:00:00,YZ,SubC,5873.0,MW
2045-04-17 06:00:00,YZ,SubC,5963.0,MW
2045-04-18 07:00:00,YZ,SubC,4107.0,MW
2045-04-19 08:00:00,YZ,SubC,950.0,MW
2045-04-20 09:00:00,YZ,SubC,0.0,MW
2045-04-21 10:00:00,YZ,SubC,0.0,MW
2045-04-22 11:00:00,YZ,SubC,0.0,MW
2045-04-23 12:00:00,YZ,SubC,0.0,MW
2045-04-24 13:00:00,YZ,SubC,0.0,MW
2045-04-25 14:00:00,YZ,SubC,0.0,MW
2045-04-26 15:00:00,YZ,SubC,225.0,MW
2045-04-27 16:00:00,YZ,SubC,950.0,MW
2045-04-28 17:00:00,YZ,SubC,1675.0,MW
2045-04-29 18:00:00,YZ,SubC,2356.5,MW
2045-04-30 19:00:00,YZ,SubC,4212.5,MW
2045-05-01 20:00:00,YZ,SubC,4749.6,MW
2045-05-02 21:00:00,YZ,SubC,4807.3,MW
2045-05-03 22:00:00,YZ,SubC,2375.3,MW
2045-05-04 23:00:00,YZ,SubC,2515.3,MW
2045-05-06 00:00:00,YZ,SubC,4371.3,MW
2045-05-07 01:00:00,YZ,SubC,5963.0,MW
2045-05-08 02:00:00,YZ,SubC,5348.7,MW
2045-05-09 03:00:00,YZ,SubC,3638.7,MW
2045-05-10 04:00:00,YZ,SubC,4943.7,MW
2045-05-11 05:00:00,YZ,SubC,4144.9,MW
2045-05-12 06:00:00,YZ,SubC,1712.9,MW
2045-05-13 07:00:00,YZ,SubC,1675.0,MW
2045-05-14 08:00:00,YZ,SubC,1675.0,MW
2045-05-15 09:00:00,YZ,SubC,807.8,MW
2045-05-16 10:00:00,YZ,SubC,0.0,MW
2045-05-17 11:00:00,YZ,SubC,0.0,MW
2045-05-18 12:00:00,YZ,SubC,0.0,MW
2045-05-19 13:00:00,YZ,SubC,0.0,MW
2045-05-20 14:00:00,YZ,SubC,0.0,MW
2045-05-21 15:00:00,YZ,SubC,0.0,MW
2045-05-22 16:00:00,YZ,SubC,225.0,MW
2045-05-23 17:00:00,YZ,SubC,950.0,MW
2045-05-24 18:00:00,YZ,SubC,2991.1,MW
2045-05-25 19:00:00,YZ,SubC,2867.0,MW
2045-05-26 20:00:00,YZ,SubC,3899.6,MW
2045-05-27 21:00:00,YZ,SubC,5486.7,MW
2045-05-28 22:00:00,YZ,SubC,4156.7,MW
2045-05-29 23:00:00,YZ,SubC,4157.2,MW
2045-05-31 00:00:00,YZ,SubC,5644.4,MW
2045-06-01 01:00:00,YZ,SubC,5769.0,MW
2045-06-02 02:00:00,YZ,SubC,3790.8,MW
2045-06-03 03:00:00,YZ,SubC,4545.1,MW
2045-06-04 04:00:00,YZ,SubC,5870.2,MW
2045-06-05 05:00:00,YZ,SubC,5575.6,MW
2045-06-06 06:00:00,YZ,SubC,5963.0,MW
2045-06-07 07:00:00,YZ,SubC,2806.0,MW
2045-06-08 08:00:00,YZ,SubC,5387.0,MW
2045-06-09 09:00:00,YZ,SubC,4236.5,MW
2045-06-10 10:00:00,YZ,SubC,854.5,MW
2045-06-11 11:00:00,YZ,SubC,0.0,MW
2045-06-12 12:00:00,YZ,SubC,0.0,MW
2045-06-13 13:00:00,YZ,SubC,0.0,MW
2045-06-14 14:00:00,YZ,SubC,0.0,MW
2045-06-15 15:00:00,YZ,SubC,0.0,MW
2045-06-16 16:00:00,YZ,SubC,0.0,MW
2045-06-17 17:00:00,YZ,SubC,374.6,MW
2045-06-18 18:00:00,YZ,SubC,617.9,MW
2045-06-19 19:00:00,YZ,SubC,950.0,MW
2045-06-20 20:00:00,YZ,SubC,3531.0,MW
2045-06-21 21:00:00,YZ,SubC,5373.3,MW
2045-06-22 22:00:00,YZ,SubC,5963.0,MW
2045-06-23 23:00:00,YZ,SubC,5424.4,MW
2045-06-25 00:00:00,YZ,SubC,4297.9,MW
2045-06-26 01:00:00,YZ,SubC,5963.0,MW
2045-06-27 02:00:00,YZ,SubC,5371.3,MW
2045-06-28 03:00:00,YZ,SubC,5963.0,MW
2045-06-29 04:00:00,YZ,SubC,5963.0,MW
2045-06-30 05:00:00,YZ,SubC,5963.0,MW
2045-07-01 06:00:00,YZ,SubC,5963.0,MW
2045-07-02 07:00:00,YZ,SubC,5963.0,MW
2045-07-03 08:00:00,YZ,SubC,5963.0,MW
2045-07-04 09:00:00,YZ,SubC,4938.6,MW
2045-07-05 10:00:00,YZ,SubC,2735.3,MW
2045-07-06 11:00:00,YZ,SubC,950.0,MW
2045-07-07 12:00:00,YZ,SubC,0.0,MW
2045-07-08 13:00:00,YZ,SubC,0.0,MW
2045-07-09 14:00:00,YZ,SubC,0.0,MW
2045-07-10 15:00:00,YZ,SubC,450.0,MW
2045-07-11 16:00:00,YZ,SubC,1175.0,MW
2045-07-12 17:00:00,YZ,SubC,225.0,MW
2045-07-13 18:00:00,YZ,SubC,950.0,MW
2045-07-14 19:00:00,YZ,SubC,2226.0,MW
2045-07-15 20:00:00,YZ,SubC,4082.0,MW
2045-07-16 21:00:00,YZ,SubC,5558.0,MW
2045-07-17 22:00:00,YZ,SubC,5963.0,MW
2045-07-18 23:00:00,YZ,SubC,5963.0,MW
2045-07-20 00:00:00,YZ,SubC,5963.0,MW
2045-07-21 01:00:00,YZ,SubC,5730.3,MW
2045-07-22 02:00:00,YZ,SubC,4948.0,MW
2045-07-23 03:00:00,YZ,SubC,5963.0,MW
2045-07-24 04:00:00,YZ,SubC,5963.0,MW
2045-07-25 05:00:00,YZ,SubC,5963.0,MW
2045-07-26 06:00:00,YZ,SubC,5069.6,MW
2045-07-27 07:00:00,YZ,SubC,5963.0,MW
2045-07-28 08:00:00,YZ,SubC,5963.0,MW
2045-07-29 09:00:00,YZ,SubC,4180.4,MW
2045-07-30 10:00:00,YZ,SubC,1748.4,MW
2045-07-31 11:00:00,YZ,SubC,1675.0,MW
2045-08-01 12:00:00,YZ,SubC,1617.7,MW
2045-08-02 13:00:00,YZ,SubC,667.7,MW
2045-08-03 14:00:00,YZ,SubC,0.0,MW
2045-08-04 15:00:00,YZ,SubC,225.0,MW
2045-08-05 16:00:00,YZ,SubC,950.0,MW
2045-08-06 17:00:00,YZ,SubC,1675.0,MW
2045-08-07 18:00:00,YZ,SubC,3403.9,MW
2045-08-08 19:00:00,YZ,SubC,4107.0,MW
2045-08-09 20:00:00,YZ,SubC,5963.0,MW
2045-08-10 21:00:00,YZ,SubC,4633.0,MW
2045-08-11 22:00:00,YZ,SubC,4107.0,MW
2045-08-12 23:00:00,YZ,SubC,1675.0,MW
2045-08-14 00:00:00,YZ,SubC,3531.0,MW
2045-08-15 01:00:00,YZ,SubC,5387.0,MW
2045-08-16 02:00:00,YZ,SubC,5963.0,MW
2045-08-17 03:00:00,YZ,SubC,5963.0,MW
2045-08-18 04:00:00,YZ,SubC,5963.0,MW
2045-08-19 05:00:00,YZ,SubC,5963.0,MW
2045-08-20 06:00:00,YZ,SubC,5495.5,MW
2045-08-21 07:00:00,YZ,SubC,5963.0,MW
2045-08-22 08:00:00,YZ,SubC,5697.1,MW
2045-08-23 09:00:00,YZ,SubC,3863.1,MW
2045-08-24 10:00:00,YZ,SubC,2777.0,MW
2045-08-25 11:00:00,YZ,SubC,725.0,MW
2045-08-26 12:00:00,YZ,SubC,0.0,MW
2045-08-27 13:00:00,YZ,SubC,0.0,MW
2045-08-28 14:00:00,YZ,SubC,0.0,MW
2045-08-29 15:00:00,YZ,SubC,0.0,MW
2045-08-30 16:00:00,YZ,SubC,0.0,MW
2045-08-31 17:00:00,YZ,SubC,722.6,MW
2045-09-01 18:00:00,YZ,SubC,1447.6,MW
2045-09-02 19:00:00,YZ,SubC,2203.9,MW
2045-09-03 20:00:00,YZ,SubC,2060.3,MW
2045-09-04 21:00:00,YZ,SubC,3916.3,MW
2045-09-05 22:00:00,YZ,SubC,5558.0,MW
2045-09-06 23:00:00,YZ,SubC,5484.4,MW
2045-09-08 00:00:00,YZ,SubC,3052.4,MW
2045-09-09 01:00:00,YZ,SubC,2595.7,MW
2045-09-10 02:00:00,YZ,SubC,3493.5,MW
2045-09-11 03:00:00,YZ,SubC,5349.5,MW
2045-09-12 04:00:00,YZ,SubC,5963.0,MW
2045-09-13 05:00:00,YZ,SubC,5963.0,MW
2045-09-14 06:00:00,YZ,SubC,5963.0,MW
2045-09-15 07:00:00,YZ,SubC,5963.0,MW
2045-09-16 08:00:00,YZ,SubC,4428.9,MW
2045-09-17 09:00:00,YZ,SubC,1996.9,MW
2045-09-18 10:00:00,YZ,SubC,2429.2,MW
2045-09-19 11:00:00,YZ,SubC,725.0,MW
2045-09-20 12:00:00,YZ,SubC,0.0,MW
2045-09-21 13:00:00,YZ,SubC,0.0,MW
2045-09-22 14:00:00,YZ,SubC,0.0,MW
2045-09-23 15:00:00,YZ,SubC,0.0,MW
2045-09-24 16:00:00,YZ,SubC,225.0,MW
2045-09-25 17:00:00,YZ,SubC,950.0,MW
2045-09-26 18:00:00,YZ,SubC,1876.7,MW
2045-09-27 19:00:00,YZ,SubC,2355.5,MW
2045-09-28 20:00:00,YZ,SubC,4211.5,MW
2045-09-29 21:00:00,YZ,SubC,5713.2,MW
2045-09-30 22:00:00,YZ,SubC,5963.0,MW
2045-10-01 23:00:00,YZ,SubC,5922.5,MW
2045-10-03 00:00:00,YZ,SubC,5963.0,MW
2045-10-04 01:00:00,YZ,SubC,5963.0,MW
2045-10-05 02:00:00,YZ,SubC,4682.6,MW
2045-10-06 03:00:00,YZ,SubC,2250.6,MW
2045-10-07 04:00:00,YZ,SubC,3043.1,MW
2045-10-08 05:00:00,YZ,SubC,4899.1,MW
2045-10-09 06:00:00,YZ,SubC,5963.0,MW
2045-10-10 07:00:00,YZ,SubC,5963.0,MW
2045-10-11 08:00:00,YZ,SubC,5963.0,MW
2045-10-12 09:00:00,YZ,SubC,4107.0,MW
2045-10-13 10:00:00,YZ,SubC,725.0,MW
2045-10-14 11:00:00,YZ,SubC,0.0,MW
2045-10-15 12:00:00,YZ,SubC,0.0,MW
2045-10-16 13:00:00,YZ,SubC,0.0,MW
2045-10-17 14:00:00,YZ,SubC,0.0,MW
2045-10-18 15:00:00,YZ,SubC,725.0,MW
2045-10-19 16:00:00,YZ,SubC,2001.0,MW
2045-10-20 17:00:00,YZ,SubC,1344.7,MW
2045-10-21 18:00:00,YZ,SubC,2115.1,MW
2045-10-22 19:00:00,YZ,SubC,1978.1,MW
2045-10-23 20:00:00,YZ,SubC,3382.3,MW
2045-10-24 21:00:00,YZ,SubC,4501.0,MW
2045-10-25 22:00:00,YZ,SubC,2812.5,MW
2045-10-26 23:00:00,YZ,SubC,4343.0,MW
2045-10-28 00:00:00,YZ,SubC,5648.0,MW
2045-10-29 01:00:00,YZ,SubC,4658.0,MW
2045-10-30 02:00:00,YZ,SubC,5963.0,MW
2045-10-31 03:00:00,YZ,SubC,5260.5,MW
2045-11-01 04:00:00,YZ,SubC,5963.0,MW
2045-11-02 05:00:00,YZ,SubC,5963.0,MW
2045-11-03 06:00:00,YZ,SubC,5090.5,MW
2045-11-04 07:00:00,YZ,SubC,2658.5,MW
2045-11-05 08:00:00,YZ,SubC,1675.0,MW
2045-11-06 09:00:00,YZ,SubC,2992.8,MW
2045-11-07 10:00:00,YZ,SubC,2144.9,MW
2045-11-08 11:00:00,YZ,SubC,2611.1,MW
2045-11-09 12:00:00,YZ,SubC,950.0,MW
2045-11-10 13:00:00,YZ,SubC,1675.0,MW
2045-11-11 14:00:00,YZ,SubC,725.8,MW
2045-11-12 15:00:00,YZ,SubC,1450.8,MW
2045-11-13 16:00:00,YZ,SubC,1355.0,MW
2045-11-14 17:00:00,YZ,SubC,3936.0,MW
2045-11-15 18:00:00,YZ,SubC,5792.0,MW
2045-11-16 19:00:00,YZ,SubC,4040.3,MW
2045-11-17 20:00:00,YZ,SubC,2802.0,MW
2045-11-18 21:00:00,YZ,SubC,4658.0,MW
2045-11-19 22:00:00,YZ,SubC,2226.0,MW
2045-11-20 23:00:00,YZ,SubC,1977.7,MW
2045-11-22 00:00:00,YZ,SubC,2186.8,MW
2045-11-23 01:00:00,YZ,SubC,4042.8,MW
2045-11-24 02:00:00,YZ,SubC,5558.0,MW
2045-11-25 03:00:00,YZ,SubC,3589.2,MW
2045-11-26 04:00:00,YZ,SubC,5445.2,MW
2045-11-27 05:00:00,YZ,SubC,4128.8,MW
2045-11-28 06:00:00,YZ,SubC,4107.0,MW
2045-11-29 07:00:00,YZ,SubC,5963.0,MW
2045-11-30 08:00:00,YZ,SubC,4049.4,MW
2045-12-01 09:00:00,YZ,SubC,3397.1,MW
2045-12-02 10:00:00,YZ,SubC,3126.5,MW
2045-12-03 11:00:00,YZ,SubC,3385.0,MW
2045-12-04 12:00:00,YZ,SubC,950.0,MW
2045-12-05 13:00:00,YZ,SubC,1675.0,MW
2045-12-06 14:00:00,YZ,SubC,2980.0,MW
2045-12-07 15:00:00,YZ,SubC,3936.0,MW
2045-12-08 16:00:00,YZ,SubC,950.0,MW
2045-12-09 17:00:00,YZ,SubC,1846.0,MW
2045-12-10 18:00:00,YZ,SubC,3702.0,MW
2045-12-11 19:00:00,YZ,SubC,4734.9,MW
2045-12-12 20:00:00,YZ,SubC,5963.0,MW
2045-12-13 21:00:00,YZ,SubC,5239.9,MW
2045-12-14 22:00:00,YZ,SubC,3529.9,MW
2045-12-15 23:00:00,YZ,SubC,2948.0,MW
2045-12-17 00:00:00,YZ,SubC,4253.0,MW
2045-12-18 01:00:00,YZ,SubC,5558.0,MW
2045-12-19 02:00:00,YZ,SubC,5963.0,MW
2045-12-20 03:00:00,YZ,SubC,5963.0,MW
2045-12-21 04:00:00,YZ,SubC,5963.0,MW
2045-12-22 05:00:00,YZ,SubC,5424.7,MW
2045-12-23 06:00:00,YZ,SubC,4658.0,MW
2045-12-24 07:00:00,YZ,SubC,5963.0,MW
2045-12-25 08:00:00,YZ,SubC,5963.0,MW
2045-12-26 09:00:00,YZ,SubC,3964.1,MW
2045-12-27 10:00:00,YZ,SubC,4105.4,MW
2045-12-28 11:00:00,YZ,SubC,4690.0,MW
2045-12-29 12:00:00,YZ,SubC,3385.0,MW
2045-12-30 13:00:00,YZ,SubC,950.0,MW
2045-12-31 14:00:00,YZ,SubC,2980.0,MW
2046-01-01 15:00:00,YZ,SubC,725.0,MW
2045-01-01 00:00:00,YZ,SupC,4221.0,MW
2045-01-02 01:00:00,YZ,SupC,4221.0,MW
2045-01-03 02:00:00,YZ,SupC,4221.0,MW
2045-01-04 03:00:00,YZ,SupC,4221.0,MW
2045-01-05 04:00:00,YZ,SupC,4221.0,MW
2045-01-06 05:00:00,YZ,SupC,4221.0,MW
2045-01-07 06:00:00,YZ,SupC,4221.0,MW
2045-01-08 07:00:00,YZ,SupC,4221.0,MW
2045-01-09 08:00:00,YZ,SupC,4221.0,MW
2045-01-10 09:00:00,YZ,SupC,3841.0,MW
2045-01-11 10:00:00,YZ,SupC,2816.3,MW
2045-01-12 11:00:00,YZ,SupC,802.3,MW
2045-01-13 12:00:00,YZ,SupC,0.0,MW
2045-01-14 13:00:00,YZ,SupC,0.0,MW
2045-01-15 14:00:00,YZ,SupC,1537.0,MW
2045-01-16 15:00:00,YZ,SupC,1524.7,MW
2045-01-17 16:00:00,YZ,SupC,3351.7,MW
2045-01-18 17:00:00,YZ,SupC,4131.0,MW
2045-01-19 18:00:00,YZ,SupC,4221.0,MW
2045-01-20 19:00:00,YZ,SupC,4221.0,MW
2045-01-21 20:00:00,YZ,SupC,4221.0,MW
2045-01-22 21:00:00,YZ,SupC,4221.0,MW
2045-01-23 22:00:00,YZ,SupC,4221.0,MW
2045-01-24 23:00:00,YZ,SupC,4221.0,MW
2045-01-26 00:00:00,YZ,SupC,4006.7,MW
2045-01-27 01:00:00,YZ,SupC,2776.2,MW
2045-01-28 02:00:00,YZ,SupC,2794.9,MW
2045-01-29 03:00:00,YZ,SupC,4221.0,MW
2045-01-30 04:00:00,YZ,SupC,4221.0,MW
2045-01-31 05:00:00,YZ,SupC,4221.0,MW
2045-02-01 06:00:00,YZ,SupC,4221.0,MW
2045-02-02 07:00:00,YZ,SupC,4221.0,MW
2045-02-03 08:00:00,YZ,SupC,4221.0,MW
2045-02-04 09:00:00,YZ,SupC,2781.4,MW
2045-02-05 10:00:00,YZ,SupC,387.4,MW
2045-02-06 11:00:00,YZ,SupC,0.0,MW
2045-02-07 12:00:00,YZ,SupC,0.0,MW
2045-02-08 13:00:00,YZ,SupC,0.0,MW
2045-02-09 14:00:00,YZ,SupC,0.0,MW
2045-02-10 15:00:00,YZ,SupC,1537.0,MW
2045-02-11 16:00:00,YZ,SupC,0.0,MW
2045-02-12 17:00:00,YZ,SupC,1827.0,MW
2045-02-13 18:00:00,YZ,SupC,3654.0,MW
2045-02-14 19:00:00,YZ,SupC,4221.0,MW
2045-02-15 20:00:00,YZ,SupC,4221.0,MW
2045-02-16 21:00:00,YZ,SupC,4221.0,MW
2045-02-17 22:00:00,YZ,SupC,4221.0,MW
2045-02-18 23:00:00,YZ,SupC,4221.0,MW
2045-02-20 00:00:00,YZ,SupC,4221.0,MW
2045-02-21 01:00:00,YZ,SupC,4221.0,MW
2045-02-22 02:00:00,YZ,SupC,3727.0,MW
2045-02-23 03:00:00,YZ,SupC,1450.0,MW
2045-02-24 04:00:00,YZ,SupC,3277.0,MW
2045-02-25 05:00:00,YZ,SupC,4104.0,MW
2045-02-26 06:00:00,YZ,SupC,4221.0,MW
2045-02-27 07:00:00,YZ,SupC,4221.0,MW
2045-02-28 08:00:00,YZ,SupC,3931.0,MW
2045-03-01 09:00:00,YZ,SupC,2014.0,MW
2045-03-02 10:00:00,YZ,SupC,0.0,MW
2045-03-03 11:00:00,YZ,SupC,0.0,MW
2045-03-04 12:00:00,YZ,SupC,0.0,MW
2045-03-05 13:00:00,YZ,SupC,0.0,MW
2045-03-06 14:00:00,YZ,SupC,0.0,MW
2045-03-07 15:00:00,YZ,SupC,0.0,MW
2045-03-08 16:00:00,YZ,SupC,0.0,MW
2045-03-09 17:00:00,YZ,SupC,290.0,MW
2045-03-10 18:00:00,YZ,SupC,580.0,MW
2045-03-11 19:00:00,YZ,SupC,2207.0,MW
2045-03-12 20:00:00,YZ,SupC,3744.0,MW
2045-03-13 21:00:00,YZ,SupC,4221.0,MW
2045-03-14 22:00:00,YZ,SupC,4221.0,MW
2045-03-15 23:00:00,YZ,SupC,4026.0,MW
2045-03-17 00:00:00,YZ,SupC,2125.0,MW
2045-03-18 01:00:00,YZ,SupC,3952.0,MW
2045-03-19 02:00:00,YZ,SupC,3539.2,MW
2045-03-20 03:00:00,YZ,SupC,4221.0,MW
2045-03-21 04:00:00,YZ,SupC,4221.0,MW
2045-03-22 05:00:00,YZ,SupC,3281.2,MW
2045-03-23 06:00:00,YZ,SupC,1267.2,MW
2045-03-24 07:00:00,YZ,SupC,2394.0,MW
2045-03-25 08:00:00,YZ,SupC,0.0,MW
2045-03-26 09:00:00,YZ,SupC,935.2,MW
2045-03-27 10:00:00,YZ,SupC,0.0,MW
2045-03-28 11:00:00,YZ,SupC,0.0,MW
2045-03-29 12:00:00,YZ,SupC,0.0,MW
2045-03-30 13:00:00,YZ,SupC,0.0,MW
2045-03-31 14:00:00,YZ,SupC,0.0,MW
2045-04-01 15:00:00,YZ,SupC,0.0,MW
2045-04-02 16:00:00,YZ,SupC,0.0,MW
2045-04-03 17:00:00,YZ,SupC,210.1,MW
2045-04-04 18:00:00,YZ,SupC,2037.1,MW
2045-04-05 19:00:00,YZ,SupC,2224.8,MW
2045-04-06 20:00:00,YZ,SupC,4051.8,MW
2045-04-07 21:00:00,YZ,SupC,4221.0,MW
2045-04-08 22:00:00,YZ,SupC,2684.0,MW
2045-04-09 23:00:00,YZ,SupC,413.3,MW
2045-04-11 00:00:00,YZ,SupC,2019.2,MW
2045-04-12 01:00:00,YZ,SupC,3484.0,MW
2045-04-13 02:00:00,YZ,SupC,1090.0,MW
2045-04-14 03:00:00,YZ,SupC,2340.0,MW
2045-04-15 04:00:00,YZ,SupC,3727.0,MW
2045-04-16 05:00:00,YZ,SupC,4104.0,MW
2045-04-17 06:00:00,YZ,SupC,4221.0,MW
2045-04-18 07:00:00,YZ,SupC,2603.8,MW
2045-04-19 08:00:00,YZ,SupC,209.8,MW
2045-04-20 09:00:00,YZ,SupC,0.0,MW
2045-04-21 10:00:00,YZ,SupC,0.0,MW
2045-04-22 11:00:00,YZ,SupC,0.0,MW
2045-04-23 12:00:00,YZ,SupC,0.0,MW
2045-04-24 13:00:00,YZ,SupC,0.0,MW
2045-04-25 14:00:00,YZ,SupC,0.0,MW
2045-04-26 15:00:00,YZ,SupC,0.0,MW
2045-04-27 16:00:00,YZ,SupC,0.0,MW
2045-04-28 17:00:00,YZ,SupC,0.0,MW
2045-04-29 18:00:00,YZ,SupC,1827.0,MW
2045-04-30 19:00:00,YZ,SupC,3654.0,MW
2045-05-01 20:00:00,YZ,SupC,4221.0,MW
2045-05-02 21:00:00,YZ,SupC,4221.0,MW
2045-05-03 22:00:00,YZ,SupC,2373.2,MW
2045-05-04 23:00:00,YZ,SupC,2394.0,MW
2045-05-06 00:00:00,YZ,SupC,4221.0,MW
2045-05-07 01:00:00,YZ,SupC,4221.0,MW
2045-05-08 02:00:00,YZ,SupC,4221.0,MW
2045-05-09 03:00:00,YZ,SupC,2207.0,MW
2045-05-10 04:00:00,YZ,SupC,3744.0,MW
2045-05-11 05:00:00,YZ,SupC,4105.4,MW
2045-05-12 06:00:00,YZ,SupC,1711.4,MW
2045-05-13 07:00:00,YZ,SupC,928.3,MW
2045-05-14 08:00:00,YZ,SupC,820.4,MW
2045-05-15 09:00:00,YZ,SupC,0.0,MW
2045-05-16 10:00:00,YZ,SupC,0.0,MW
2045-05-17 11:00:00,YZ,SupC,0.0,MW
2045-05-18 12:00:00,YZ,SupC,0.0,MW
2045-05-19 13:00:00,YZ,SupC,0.0,MW
2045-05-20 14:00:00,YZ,SupC,0.0,MW
2045-05-21 15:00:00,YZ,SupC,0.0,MW
2045-05-22 16:00:00,YZ,SupC,0.0,MW
2045-05-23 17:00:00,YZ,SupC,38.0,MW
2045-05-24 18:00:00,YZ,SupC,1865.0,MW
2045-05-25 19:00:00,YZ,SupC,1170.8,MW
2045-05-26 20:00:00,YZ,SupC,2759.7,MW
2045-05-27 21:00:00,YZ,SupC,4221.0,MW
2045-05-28 22:00:00,YZ,SupC,4007.5,MW
2045-05-29 23:00:00,YZ,SupC,2684.0,MW
2045-05-31 00:00:00,YZ,SupC,4221.0,MW
2045-06-01 01:00:00,YZ,SupC,4221.0,MW
2045-06-02 02:00:00,YZ,SupC,4221.0,MW
2045-06-03 03:00:00,YZ,SupC,2684.0,MW
2045-06-04 04:00:00,YZ,SupC,4221.0,MW
2045-06-05 05:00:00,YZ,SupC,4221.0,MW
2045-06-06 06:00:00,YZ,SupC,4221.0,MW
2045-06-07 07:00:00,YZ,SupC,1827.0,MW
2045-06-08 08:00:00,YZ,SupC,3654.0,MW
2045-06-09 09:00:00,YZ,SupC,2983.2,MW
2045-06-10 10:00:00,YZ,SupC,589.2,MW
2045-06-11 11:00:00,YZ,SupC,0.0,MW
2045-06-12 12:00:00,YZ,SupC,0.0,MW
2045-06-13 13:00:00,YZ,SupC,0.0,MW
2045-06-14 14:00:00,YZ,SupC,0.0,MW
2045-06-15 15:00:00,YZ,SupC,0.0,MW
2045-06-16 16:00:00,YZ,SupC,0.0,MW
2045-06-17 17:00:00,YZ,SupC,290.0,MW
2045-06-18 18:00:00,YZ,SupC,304.8,MW
2045-06-19 19:00:00,YZ,SupC,262.1,MW
2045-06-20 20:00:00,YZ,SupC,2089.1,MW
2045-06-21 21:00:00,YZ,SupC,3744.0,MW
2045-06-22 22:00:00,YZ,SupC,4221.0,MW
2045-06-23 23:00:00,YZ,SupC,4221.0,MW
2045-06-25 00:00:00,YZ,SupC,4221.0,MW
2045-06-26 01:00:00,YZ,SupC,4221.0,MW
2045-06-27 02:00:00,YZ,SupC,4221.0,MW
2045-06-28 03:00:00,YZ,SupC,4221.0,MW
2045-06-29 04:00:00,YZ,SupC,4221.0,MW
2045-06-30 05:00:00,YZ,SupC,4221.0,MW
2045-07-01 06:00:00,YZ,SupC,4221.0,MW
2045-07-02 07:00:00,YZ,SupC,4221.0,MW
2045-07-03 08:00:00,YZ,SupC,4221.0,MW
2045-07-04 09:00:00,YZ,SupC,4221.0,MW
2045-07-05 10:00:00,YZ,SupC,2394.0,MW
2045-07-06 11:00:00,YZ,SupC,0.0,MW
2045-07-07 12:00:00,YZ,SupC,0.0,MW
2045-07-08 13:00:00,YZ,SupC,0.0,MW
2045-07-09 14:00:00,YZ,SupC,0.0,MW
2045-07-10 15:00:00,YZ,SupC,0.0,MW
2045-07-11 16:00:00,YZ,SupC,0.0,MW
2045-07-12 17:00:00,YZ,SupC,163.9,MW
2045-07-13 18:00:00,YZ,SupC,0.0,MW
2045-07-14 19:00:00,YZ,SupC,290.0,MW
2045-07-15 20:00:00,YZ,SupC,2117.0,MW
2045-07-16 21:00:00,YZ,SupC,3744.0,MW
2045-07-17 22:00:00,YZ,SupC,4221.0,MW
2045-07-18 23:00:00,YZ,SupC,4221.0,MW
2045-07-20 00:00:00,YZ,SupC,4221.0,MW
2045-07-21 01:00:00,YZ,SupC,4221.0,MW
2045-07-22 02:00:00,YZ,SupC,3440.3,MW
2045-07-23 03:00:00,YZ,SupC,4221.0,MW
2045-07-24 04:00:00,YZ,SupC,4221.0,MW
2045-07-25 05:00:00,YZ,SupC,4221.0,MW
2045-07-26 06:00:00,YZ,SupC,4221.0,MW
2045-07-27 07:00:00,YZ,SupC,4221.0,MW
2045-07-28 08:00:00,YZ,SupC,4221.0,MW
2045-07-29 09:00:00,YZ,SupC,3061.0,MW
2045-07-30 10:00:00,YZ,SupC,667.0,MW
2045-07-31 11:00:00,YZ,SupC,0.0,MW
2045-08-01 12:00:00,YZ,SupC,0.0,MW
2045-08-02 13:00:00,YZ,SupC,0.0,MW
2045-08-03 14:00:00,YZ,SupC,0.0,MW
2045-08-04 15:00:00,YZ,SupC,0.0,MW
2045-08-05 16:00:00,YZ,SupC,0.0,MW
2045-08-06 17:00:00,YZ,SupC,0.0,MW
2045-08-07 18:00:00,YZ,SupC,1827.0,MW
2045-08-08 19:00:00,YZ,SupC,3205.5,MW
2045-08-09 20:00:00,YZ,SupC,4221.0,MW
2045-08-10 21:00:00,YZ,SupC,4116.2,MW
2045-08-11 22:00:00,YZ,SupC,3229.9,MW
2045-08-12 23:00:00,YZ,SupC,835.9,MW
2045-08-14 00:00:00,YZ,SupC,2662.9,MW
2045-08-15 01:00:00,YZ,SupC,4221.0,MW
2045-08-16 02:00:00,YZ,SupC,4221.0,MW
2045-08-17 03:00:00,YZ,SupC,4221.0,MW
2045-08-18 04:00:00,YZ,SupC,4221.0,MW
2045-08-19 05:00:00,YZ,SupC,4221.0,MW
2045-08-20 06:00:00,YZ,SupC,4221.0,MW
2045-08-21 07:00:00,YZ,SupC,4221.0,MW
2045-08-22 08:00:00,YZ,SupC,4221.0,MW
2045-08-23 09:00:00,YZ,SupC,3579.1,MW
2045-08-24 10:00:00,YZ,SupC,1613.8,MW
2045-08-25 11:00:00,YZ,SupC,0.0,MW
2045-08-26 12:00:00,YZ,SupC,0.0,MW
2045-08-27 13:00:00,YZ,SupC,0.0,MW
2045-08-28 14:00:00,YZ,SupC,0.0,MW
2045-08-29 15:00:00,YZ,SupC,0.0,MW
2045-08-30 16:00:00,YZ,SupC,0.0,MW
2045-08-31 17:00:00,YZ,SupC,0.0,MW
2045-09-01 18:00:00,YZ,SupC,0.0,MW
2045-09-02 19:00:00,YZ,SupC,1827.0,MW
2045-09-03 20:00:00,YZ,SupC,706.9,MW
2045-09-04 21:00:00,YZ,SupC,2533.9,MW
2045-09-05 22:00:00,YZ,SupC,4070.9,MW
2045-09-06 23:00:00,YZ,SupC,4221.0,MW
2045-09-08 00:00:00,YZ,SupC,1892.2,MW
2045-09-09 01:00:00,YZ,SupC,3719.2,MW
2045-09-10 02:00:00,YZ,SupC,2394.0,MW
2045-09-11 03:00:00,YZ,SupC,4221.0,MW
2045-09-12 04:00:00,YZ,SupC,4221.0,MW
2045-09-13 05:00:00,YZ,SupC,4221.0,MW
2045-09-14 06:00:00,YZ,SupC,4221.0,MW
2045-09-15 07:00:00,YZ,SupC,4221.0,MW
2045-09-16 08:00:00,YZ,SupC,3648.2,MW
2045-09-17 09:00:00,YZ,SupC,1254.2,MW
2045-09-18 10:00:00,YZ,SupC,2394.0,MW
2045-09-19 11:00:00,YZ,SupC,0.0,MW
2045-09-20 12:00:00,YZ,SupC,0.0,MW
2045-09-21 13:00:00,YZ,SupC,0.0,MW
2045-09-22 14:00:00,YZ,SupC,0.0,MW
2045-09-23 15:00:00,YZ,SupC,0.0,MW
2045-09-24 16:00:00,YZ,SupC,0.0,MW
2045-09-25 17:00:00,YZ,SupC,0.0,MW
2045-09-26 18:00:00,YZ,SupC,1503.4,MW
2045-09-27 19:00:00,YZ,SupC,857.0,MW
2045-09-28 20:00:00,YZ,SupC,2684.0,MW
2045-09-29 21:00:00,YZ,SupC,4221.0,MW
2045-09-30 22:00:00,YZ,SupC,4221.0,MW
2045-10-01 23:00:00,YZ,SupC,4221.0,MW
2045-10-03 00:00:00,YZ,SupC,4221.0,MW
2045-10-04 01:00:00,YZ,SupC,4221.0,MW
2045-10-05 02:00:00,YZ,SupC,4221.0,MW
2045-10-06 03:00:00,YZ,SupC,4067.0,MW
2045-10-07 04:00:00,YZ,SupC,2537.1,MW
2045-10-08 05:00:00,YZ,SupC,4221.0,MW
2045-10-09 06:00:00,YZ,SupC,4221.0,MW
2045-10-10 07:00:00,YZ,SupC,4221.0,MW
2045-10-11 08:00:00,YZ,SupC,4221.0,MW
2045-10-12 09:00:00,YZ,SupC,2394.0,MW
2045-10-13 10:00:00,YZ,SupC,0.0,MW
2045-10-14 11:00:00,YZ,SupC,0.0,MW
2045-10-15 12:00:00,YZ,SupC,0.0,MW
2045-10-16 13:00:00,YZ,SupC,0.0,MW
2045-10-17 14:00:00,YZ,SupC,0.0,MW
2045-10-18 15:00:00,YZ,SupC,0.0,MW
2045-10-19 16:00:00,YZ,SupC,290.0,MW
2045-10-20 17:00:00,YZ,SupC,580.0,MW
2045-10-21 18:00:00,YZ,SupC,380.0,MW
2045-10-22 19:00:00,YZ,SupC,670.0,MW
2045-10-23 20:00:00,YZ,SupC,1897.5,MW
2045-10-24 21:00:00,YZ,SupC,3434.5,MW
2045-10-25 22:00:00,YZ,SupC,1420.5,MW
2045-10-26 23:00:00,YZ,SupC,2957.5,MW
2045-10-28 00:00:00,YZ,SupC,4221.0,MW
2045-10-29 01:00:00,YZ,SupC,2798.7,MW
2045-10-30 02:00:00,YZ,SupC,4221.0,MW
2045-10-31 03:00:00,YZ,SupC,4221.0,MW
2045-11-01 04:00:00,YZ,SupC,4221.0,MW
2045-11-02 05:00:00,YZ,SupC,4221.0,MW
2045-11-03 06:00:00,YZ,SupC,4221.0,MW
2045-11-04 07:00:00,YZ,SupC,2567.3,MW
2045-11-05 08:00:00,YZ,SupC,3505.1,MW
2045-11-06 09:00:00,YZ,SupC,4221.0,MW
2045-11-07 10:00:00,YZ,SupC,4221.0,MW
2045-11-08 11:00:00,YZ,SupC,2079.6,MW
2045-11-09 12:00:00,YZ,SupC,0.0,MW
2045-11-10 13:00:00,YZ,SupC,95.9,MW
2045-11-11 14:00:00,YZ,SupC,0.0,MW
2045-11-12 15:00:00,YZ,SupC,0.0,MW
2045-11-13 16:00:00,YZ,SupC,477.0,MW
2045-11-14 17:00:00,YZ,SupC,2304.0,MW
2045-11-15 18:00:00,YZ,SupC,4131.0,MW
2045-11-16 19:00:00,YZ,SupC,4153.6,MW
2045-11-17 20:00:00,YZ,SupC,2687.5,MW
2045-11-18 21:00:00,YZ,SupC,2906.6,MW
2045-11-19 22:00:00,YZ,SupC,512.6,MW
2045-11-20 23:00:00,YZ,SupC,1825.5,MW
2045-11-22 00:00:00,YZ,SupC,380.0,MW
2045-11-23 01:00:00,YZ,SupC,2207.0,MW
2045-11-24 02:00:00,YZ,SupC,3744.0,MW
2045-11-25 03:00:00,YZ,SupC,2394.0,MW
2045-11-26 04:00:00,YZ,SupC,4221.0,MW
2045-11-27 05:00:00,YZ,SupC,4221.0,MW
2045-11-28 06:00:00,YZ,SupC,3537.0,MW
2045-11-29 07:00:00,YZ,SupC,4221.0,MW
2045-11-30 08:00:00,YZ,SupC,3022.9,MW
2045-12-01 09:00:00,YZ,SupC,3931.0,MW
2045-12-02 10:00:00,YZ,SupC,3551.0,MW
2045-12-03 11:00:00,YZ,SupC,2014.0,MW
2045-12-04 12:00:00,YZ,SupC,0.0,MW
2045-12-05 13:00:00,YZ,SupC,1091.7,MW
2045-12-06 14:00:00,YZ,SupC,2628.7,MW
2045-12-07 15:00:00,YZ,SupC,2304.0,MW
2045-12-08 16:00:00,YZ,SupC,0.0,MW
2045-12-09 17:00:00,YZ,SupC,203.7,MW
2045-12-10 18:00:00,YZ,SupC,2030.7,MW
2045-12-11 19:00:00,YZ,SupC,3857.7,MW
2045-12-12 20:00:00,YZ,SupC,4221.0,MW
2045-12-13 21:00:00,YZ,SupC,4221.0,MW
2045-12-14 22:00:00,YZ,SupC,2207.0,MW
2045-12-15 23:00:00,YZ,SupC,670.0,MW
2045-12-17 00:00:00,YZ,SupC,2207.0,MW
2045-12-18 01:00:00,YZ,SupC,3744.0,MW
2045-12-19 02:00:00,YZ,SupC,4221.0,MW
2045-12-20 03:00:00,YZ,SupC,4221.0,MW
2045-12-21 04:00:00,YZ,SupC,4221.0,MW
2045-12-22 05:00:00,YZ,SupC,4221.0,MW
2045-12-23 06:00:00,YZ,SupC,3753.4,MW
2045-12-24 07:00:00,YZ,SupC,4221.0,MW
2045-12-25 08:00:00,YZ,SupC,4221.0,MW
2045-12-26 09:00:00,YZ,SupC,4221.0,MW
2045-12-27 10:00:00,YZ,SupC,3931.0,MW
2045-12-28 11:00:00,YZ,SupC,3551.0,MW
2045-12-29 12:00:00,YZ,SupC,2014.0,MW
2045-12-30 13:00:00,YZ,SupC,0.0,MW
2045-12-31 14:00:00,YZ,SupC,1537.0,MW
2046-01-01 15:00:00,YZ,SupC,0.0,MW
2045-01-01 00:00:00,YZ,HROR,5015.0,MW
2045-01-02 01:00:00,YZ,HROR,6120.0,MW
2045-01-03 02:00:00,YZ,HROR,5780.0,MW
2045-01-04 03:00:00,YZ,HROR,5015.0,MW
2045-01-05 04:00:00,YZ,HROR,6120.0,MW
2045-01-06 05:00:00,YZ,HROR,5015.0,MW
2045-01-07 06:00:00,YZ,HROR,6120.0,MW
2045-01-08 07:00:00,YZ,HROR,4675.0,MW
2045-01-09 08:00:00,YZ,HROR,5015.0,MW
2045-01-10 09:00:00,YZ,HROR,5780.0,MW
2045-01-11 10:00:00,YZ,HROR,6120.0,MW
2045-01-12 11:00:00,YZ,HROR,6120.0,MW
2045-01-13 12:00:00,YZ,HROR,5780.0,MW
2045-01-14 13:00:00,YZ,HROR,6120.0,MW
2045-01-15 14:00:00,YZ,HROR,2975.0,MW
2045-01-16 15:00:00,YZ,HROR,5015.0,MW
2045-01-17 16:00:00,YZ,HROR,5015.0,MW
2045-01-18 17:00:00,YZ,HROR,5440.0,MW
2045-01-19 18:00:00,YZ,HROR,5440.0,MW
2045-01-20 19:00:00,YZ,HROR,6375.0,MW
2045-01-21 20:00:00,YZ,HROR,4675.0,MW
2045-01-22 21:00:00,YZ,HROR,6375.0,MW
2045-01-23 22:00:00,YZ,HROR,5780.0,MW
2045-01-24 23:00:00,YZ,HROR,6375.0,MW
2045-01-26 00:00:00,YZ,HROR,4675.0,MW
2045-01-27 01:00:00,YZ,HROR,5440.0,MW
2045-01-28 02:00:00,YZ,HROR,5780.0,MW
2045-01-29 03:00:00,YZ,HROR,6375.0,MW
2045-01-30 04:00:00,YZ,HROR,4675.0,MW
2045-01-31 05:00:00,YZ,HROR,5950.0,MW
2045-02-01 06:00:00,YZ,HROR,6120.0,MW
2045-02-02 07:00:00,YZ,HROR,5525.0,MW
2045-02-03 08:00:00,YZ,HROR,5525.0,MW
2045-02-04 09:00:00,YZ,HROR,5525.0,MW
2045-02-05 10:00:00,YZ,HROR,5865.0,MW
2045-02-06 11:00:00,YZ,HROR,5865.0,MW
2045-02-07 12:00:00,YZ,HROR,6290.0,MW
2045-02-08 13:00:00,YZ,HROR,6290.0,MW
2045-02-09 14:00:00,YZ,HROR,5525.0,MW
2045-02-10 15:00:00,YZ,HROR,2975.0,MW
2045-02-11 16:00:00,YZ,HROR,6290.0,MW
2045-02-12 17:00:00,YZ,HROR,6290.0,MW
2045-02-13 18:00:00,YZ,HROR,5525.0,MW
2045-02-14 19:00:00,YZ,HROR,6290.0,MW
2045-02-15 20:00:00,YZ,HROR,5865.0,MW
2045-02-16 21:00:00,YZ,HROR,5525.0,MW
2045-02-17 22:00:00,YZ,HROR,5865.0,MW
2045-02-18 23:00:00,YZ,HROR,6120.0,MW
2045-02-20 00:00:00,YZ,HROR,5865.0,MW
2045-02-21 01:00:00,YZ,HROR,6035.0,MW
2045-02-22 02:00:00,YZ,HROR,5015.0,MW
2045-02-23 03:00:00,YZ,HROR,5865.0,MW
2045-02-24 04:00:00,YZ,HROR,6120.0,MW
2045-02-25 05:00:00,YZ,HROR,5865.0,MW
2045-02-26 06:00:00,YZ,HROR,8500.0,MW
2045-02-27 07:00:00,YZ,HROR,6035.0,MW
2045-02-28 08:00:00,YZ,HROR,8500.0,MW
2045-03-01 09:00:00,YZ,HROR,8500.0,MW
2045-03-02 10:00:00,YZ,HROR,6035.0,MW
2045-03-03 11:00:00,YZ,HROR,5015.0,MW
2045-03-04 12:00:00,YZ,HROR,5440.0,MW
2045-03-05 13:00:00,YZ,HROR,5015.0,MW
2045-03-06 14:00:00,YZ,HROR,8500.0,MW
2045-03-07 15:00:00,YZ,HROR,6035.0,MW
2045-03-08 16:00:00,YZ,HROR,2975.0,MW
2045-03-09 17:00:00,YZ,HROR,8500.0,MW
2045-03-10 18:00:00,YZ,HROR,8500.0,MW
2045-03-11 19:00:00,YZ,HROR,5015.0,MW
2045-03-12 20:00:00,YZ,HROR,6035.0,MW
2045-03-13 21:00:00,YZ,HROR,6035.0,MW
2045-03-14 22:00:00,YZ,HROR,5015.0,MW
2045-03-15 23:00:00,YZ,HROR,5015.0,MW
2045-03-17 00:00:00,YZ,HROR,5015.0,MW
2045-03-18 01:00:00,YZ,HROR,5015.0,MW
2045-03-19 02:00:00,YZ,HROR,5100.0,MW
2045-03-20 03:00:00,YZ,HROR,6120.0,MW
2045-03-21 04:00:00,YZ,HROR,8500.0,MW
2045-03-22 05:00:00,YZ,HROR,8500.0,MW
2045-03-23 06:00:00,YZ,HROR,8500.0,MW
2045-03-24 07:00:00,YZ,HROR,8500.0,MW
2045-03-25 08:00:00,YZ,HROR,8500.0,MW
2045-03-26 09:00:00,YZ,HROR,8500.0,MW
2045-03-27 10:00:00,YZ,HROR,8500.0,MW
2045-03-28 11:00:00,YZ,HROR,8500.0,MW
2045-03-29 12:00:00,YZ,HROR,8500.0,MW
2045-03-30 13:00:00,YZ,HROR,8500.0,MW
2045-03-31 14:00:00,YZ,HROR,5865.0,MW
2045-04-01 15:00:00,YZ,HROR,2550.0,MW
2045-04-02 16:00:00,YZ,HROR,4590.0,MW
2045-04-03 17:00:00,YZ,HROR,5610.0,MW
2045-04-04 18:00:00,YZ,HROR,4420.0,MW
2045-04-05 19:00:00,YZ,HROR,5610.0,MW
2045-04-06 20:00:00,YZ,HROR,8500.0,MW
2045-04-07 21:00:00,YZ,HROR,8500.0,MW
2045-04-08 22:00:00,YZ,HROR,8500.0,MW
2045-04-09 23:00:00,YZ,HROR,8500.0,MW
2045-04-11 00:00:00,YZ,HROR,8500.0,MW
2045-04-12 01:00:00,YZ,HROR,8500.0,MW
2045-04-13 02:00:00,YZ,HROR,8500.0,MW
2045-04-14 03:00:00,YZ,HROR,4420.0,MW
2045-04-15 04:00:00,YZ,HROR,8500.0,MW
2045-04-16 05:00:00,YZ,HROR,8500.0,MW
2045-04-17 06:00:00,YZ,HROR,7140.0,MW
2045-04-18 07:00:00,YZ,HROR,8500.0,MW
2045-04-19 08:00:00,YZ,HROR,8500.0,MW
2045-04-20 09:00:00,YZ,HROR,8500.0,MW
2045-04-21 10:00:00,YZ,HROR,8500.0,MW
2045-04-22 11:00:00,YZ,HROR,8500.0,MW
2045-04-23 12:00:00,YZ,HROR,8500.0,MW
2045-04-24 13:00:00,YZ,HROR,8500.0,MW
2045-04-25 14:00:00,YZ,HROR,8500.0,MW
2045-04-26 15:00:00,YZ,HROR,4675.0,MW
2045-04-27 16:00:00,YZ,HROR,8500.0,MW
2045-04-28 17:00:00,YZ,HROR,8500.0,MW
2045-04-29 18:00:00,YZ,HROR,8500.0,MW
2045-04-30 19:00:00,YZ,HROR,5610.0,MW
2045-05-01 20:00:00,YZ,HROR,8500.0,MW
2045-05-02 21:00:00,YZ,HROR,8500.0,MW
2045-05-03 22:00:00,YZ,HROR,8500.0,MW
2045-05-04 23:00:00,YZ,HROR,8500.0,MW
2045-05-06 00:00:00,YZ,HROR,8500.0,MW
2045-05-07 01:00:00,YZ,HROR,7565.0,MW
2045-05-08 02:00:00,YZ,HROR,8500.0,MW
2045-05-09 03:00:00,YZ,HROR,8500.0,MW
2045-05-10 04:00:00,YZ,HROR,8500.0,MW
2045-05-11 05:00:00,YZ,HROR,6715.0,MW
2045-05-12 06:00:00,YZ,HROR,8500.0,MW
2045-05-13 07:00:00,YZ,HROR,8500.0,MW
2045-05-14 08:00:00,YZ,HROR,8500.0,MW
2045-05-15 09:00:00,YZ,HROR,8500.0,MW
2045-05-16 10:00:00,YZ,HROR,7820.0,MW
2045-05-17 11:00:00,YZ,HROR,5525.0,MW
2045-05-18 12:00:00,YZ,HROR,5525.0,MW
2045-05-19 13:00:00,YZ,HROR,5525.0,MW
2045-05-20 14:00:00,YZ,HROR,2975.0,MW
2045-05-21 15:00:00,YZ,HROR,6970.0,MW
2045-05-22 16:00:00,YZ,HROR,8500.0,MW
2045-05-23 17:00:00,YZ,HROR,8500.0,MW
2045-05-24 18:00:00,YZ,HROR,8500.0,MW
2045-05-25 19:00:00,YZ,HROR,8500.0,MW
2045-05-26 20:00:00,YZ,HROR,8500.0,MW
2045-05-27 21:00:00,YZ,HROR,5440.0,MW
2045-05-28 22:00:00,YZ,HROR,8500.0,MW
2045-05-29 23:00:00,YZ,HROR,8500.0,MW
2045-05-31 00:00:00,YZ,HROR,8500.0,MW
2045-06-01 01:00:00,YZ,HROR,8500.0,MW
2045-06-02 02:00:00,YZ,HROR,8500.0,MW
2045-06-03 03:00:00,YZ,HROR,8500.0,MW
2045-06-04 04:00:00,YZ,HROR,5525.0,MW
2045-06-05 05:00:00,YZ,HROR,8245.0,MW
2045-06-06 06:00:00,YZ,HROR,6460.0,MW
2045-06-07 07:00:00,YZ,HROR,7480.0,MW
2045-06-08 08:00:00,YZ,HROR,6545.0,MW
2045-06-09 09:00:00,YZ,HROR,5610.0,MW
2045-06-10 10:00:00,YZ,HROR,8500.0,MW
2045-06-11 11:00:00,YZ,HROR,6290.0,MW
2045-06-12 12:00:00,YZ,HROR,8500.0,MW
2045-06-13 13:00:00,YZ,HROR,6290.0,MW
2045-06-14 14:00:00,YZ,HROR,8500.0,MW
2045-06-15 15:00:00,YZ,HROR,5610.0,MW
2045-06-16 16:00:00,YZ,HROR,5525.0,MW
2045-06-17 17:00:00,YZ,HROR,8500.0,MW
2045-06-18 18:00:00,YZ,HROR,5610.0,MW
2045-06-19 19:00:00,YZ,HROR,8500.0,MW
2045-06-20 20:00:00,YZ,HROR,5610.0,MW
2045-06-21 21:00:00,YZ,HROR,4420.0,MW
2045-06-22 22:00:00,YZ,HROR,5610.0,MW
2045-06-23 23:00:00,YZ,HROR,5865.0,MW
2045-06-25 00:00:00,YZ,HROR,8500.0,MW
2045-06-26 01:00:00,YZ,HROR,8500.0,MW
2045-06-27 02:00:00,YZ,HROR,8500.0,MW
2045-06-28 03:00:00,YZ,HROR,8415.0,MW
2045-06-29 04:00:00,YZ,HROR,8500.0,MW
2045-06-30 05:00:00,YZ,HROR,8500.0,MW
2045-07-01 06:00:00,YZ,HROR,8500.0,MW
2045-07-02 07:00:00,YZ,HROR,8500.0,MW
2045-07-03 08:00:00,YZ,HROR,8500.0,MW
2045-07-04 09:00:00,YZ,HROR,8500.0,MW
2045-07-05 10:00:00,YZ,HROR,7140.0,MW
2045-07-06 11:00:00,YZ,HROR,5610.0,MW
2045-07-07 12:00:00,YZ,HROR,5780.0,MW
2045-07-08 13:00:00,YZ,HROR,8500.0,MW
2045-07-09 14:00:00,YZ,HROR,6035.0,MW
2045-07-10 15:00:00,YZ,HROR,8500.0,MW
2045-07-11 16:00:00,YZ,HROR,5610.0,MW
2045-07-12 17:00:00,YZ,HROR,5950.0,MW
2045-07-13 18:00:00,YZ,HROR,6290.0,MW
2045-07-14 19:00:00,YZ,HROR,8500.0,MW
2045-07-15 20:00:00,YZ,HROR,8500.0,MW
2045-07-16 21:00:00,YZ,HROR,5950.0,MW
2045-07-17 22:00:00,YZ,HROR,5950.0,MW
2045-07-18 23:00:00,YZ,HROR,6205.0,MW
2045-07-20 00:00:00,YZ,HROR,6205.0,MW
2045-07-21 01:00:00,YZ,HROR,7905.0,MW
2045-07-22 02:00:00,YZ,HROR,8500.0,MW
2045-07-23 03:00:00,YZ,HROR,7055.0,MW
2045-07-24 04:00:00,YZ,HROR,8500.0,MW
2045-07-25 05:00:00,YZ,HROR,8500.0,MW
2045-07-26 06:00:00,YZ,HROR,8500.0,MW
2045-07-27 07:00:00,YZ,HROR,6120.0,MW
2045-07-28 08:00:00,YZ,HROR,8500.0,MW
2045-07-29 09:00:00,YZ,HROR,6545.0,MW
2045-07-30 10:00:00,YZ,HROR,8500.0,MW
2045-07-31 11:00:00,YZ,HROR,8500.0,MW
2045-08-01 12:00:00,YZ,HROR,6545.0,MW
2045-08-02 13:00:00,YZ,HROR,8500.0,MW
2045-08-03 14:00:00,YZ,HROR,5525.0,MW
2045-08-04 15:00:00,YZ,HROR,3060.0,MW
2045-08-05 16:00:00,YZ,HROR,6460.0,MW
2045-08-06 17:00:00,YZ,HROR,5865.0,MW
2045-08-07 18:00:00,YZ,HROR,5355.0,MW
2045-08-08 19:00:00,YZ,HROR,5695.0,MW
2045-08-09 20:00:00,YZ,HROR,4930.0,MW
2045-08-10 21:00:00,YZ,HROR,8500.0,MW
2045-08-11 22:00:00,YZ,HROR,8500.0,MW
2045-08-12 23:00:00,YZ,HROR,8500.0,MW
2045-08-14 00:00:00,YZ,HROR,4845.0,MW
2045-08-15 01:00:00,YZ,HROR,4590.0,MW
2045-08-16 02:00:00,YZ,HROR,5355.0,MW
2045-08-17 03:00:00,YZ,HROR,4590.0,MW
2045-08-18 04:00:00,YZ,HROR,7650.0,MW
2045-08-19 05:00:00,YZ,HROR,4590.0,MW
2045-08-20 06:00:00,YZ,HROR,8500.0,MW
2045-08-21 07:00:00,YZ,HROR,8500.0,MW
2045-08-22 08:00:00,YZ,HROR,8500.0,MW
2045-08-23 09:00:00,YZ,HROR,8500.0,MW
2045-08-24 10:00:00,YZ,HROR,8500.0,MW
2045-08-25 11:00:00,YZ,HROR,8500.0,MW
2045-08-26 12:00:00,YZ,HROR,8500.0,MW
2045-08-27 13:00:00,YZ,HROR,8500.0,MW
2045-08-28 14:00:00,YZ,HROR,8500.0,MW
2045-08-29 15:00:00,YZ,HROR,8500.0,MW
2045-08-30 16:00:00,YZ,HROR,8500.0,MW
2045-08-31 17:00:00,YZ,HROR,8500.0,MW
2045-09-01 18:00:00,YZ,HROR,6290.0,MW
2045-09-02 19:00:00,YZ,HROR,8500.0,MW
2045-09-03 20:00:00,YZ,HROR,8500.0,MW
2045-09-04 21:00:00,YZ,HROR,7310.0,MW
2045-09-05 22:00:00,YZ,HROR,5525.0,MW
2045-09-06 23:00:00,YZ,HROR,5440.0,MW
2045-09-08 00:00:00,YZ,HROR,8500.0,MW
2045-09-09 01:00:00,YZ,HROR,8500.0,MW
2045-09-10 02:00:00,YZ,HROR,8500.0,MW
2045-09-11 03:00:00,YZ,HROR,7055.0,MW
2045-09-12 04:00:00,YZ,HROR,8500.0,MW
2045-09-13 05:00:00,YZ,HROR,8500.0,MW
2045-09-14 06:00:00,YZ,HROR,8500.0,MW
2045-09-15 07:00:00,YZ,HROR,8500.0,MW
2045-09-16 08:00:00,YZ,HROR,8500.0,MW
2045-09-17 09:00:00,YZ,HROR,8500.0,MW
2045-09-18 10:00:00,YZ,HROR,8500.0,MW
2045-09-19 11:00:00,YZ,HROR,8500.0,MW
2045-09-20 12:00:00,YZ,HROR,8500.0,MW
2045-09-21 13:00:00,YZ,HROR,8500.0,MW
2045-09-22 14:00:00,YZ,HROR,8500.0,MW
2045-09-23 15:00:00,YZ,HROR,8500.0,MW
2045-09-24 16:00:00,YZ,HROR,8500.0,MW
2045-09-25 17:00:00,YZ,HROR,7225.0,MW
2045-09-26 18:00:00,YZ,HROR,5780.0,MW
2045-09-27 19:00:00,YZ,HROR,6715.0,MW
2045-09-28 20:00:00,YZ,HROR,7480.0,MW
2045-09-29 21:00:00,YZ,HROR,8500.0,MW
2045-09-30 22:00:00,YZ,HROR,6715.0,MW
2045-10-01 23:00:00,YZ,HROR,7480.0,MW
2045-10-03 00:00:00,YZ,HROR,8500.0,MW
2045-10-04 01:00:00,YZ,HROR,7395.0,MW
2045-10-05 02:00:00,YZ,HROR,6715.0,MW
2045-10-06 03:00:00,YZ,HROR,7480.0,MW
2045-10-07 04:00:00,YZ,HROR,7650.0,MW
2045-10-08 05:00:00,YZ,HROR,7480.0,MW
2045-10-09 06:00:00,YZ,HROR,8500.0,MW
2045-10-10 07:00:00,YZ,HROR,7055.0,MW
2045-10-11 08:00:00,YZ,HROR,7055.0,MW
2045-10-12 09:00:00,YZ,HROR,6715.0,MW
2045-10-13 10:00:00,YZ,HROR,8500.0,MW
2045-10-14 11:00:00,YZ,HROR,8500.0,MW
2045-10-15 12:00:00,YZ,HROR,8500.0,MW
2045-10-16 13:00:00,YZ,HROR,7140.0,MW
2045-10-17 14:00:00,YZ,HROR,6630.0,MW
2045-10-18 15:00:00,YZ,HROR,6885.0,MW
2045-10-19 16:00:00,YZ,HROR,8500.0,MW
2045-10-20 17:00:00,YZ,HROR,7140.0,MW
2045-10-21 18:00:00,YZ,HROR,8500.0,MW
2045-10-22 19:00:00,YZ,HROR,8500.0,MW
2045-10-23 20:00:00,YZ,HROR,8500.0,MW
2045-10-24 21:00:00,YZ,HROR,7480.0,MW
2045-10-25 22:00:00,YZ,HROR,7820.0,MW
2045-10-26 23:00:00,YZ,HROR,7055.0,MW
2045-10-28 00:00:00,YZ,HROR,7735.0,MW
2045-10-29 01:00:00,YZ,HROR,8500.0,MW
2045-10-30 02:00:00,YZ,HROR,8500.0,MW
2045-10-31 03:00:00,YZ,HROR,8500.0,MW
2045-11-01 04:00:00,YZ,HROR,7055.0,MW
2045-11-02 05:00:00,YZ,HROR,7820.0,MW
2045-11-03 06:00:00,YZ,HROR,7650.0,MW
2045-11-04 07:00:00,YZ,HROR,8500.0,MW
2045-11-05 08:00:00,YZ,HROR,8500.0,MW
2045-11-06 09:00:00,YZ,HROR,8500.0,MW
2045-11-07 10:00:00,YZ,HROR,7310.0,MW
2045-11-08 11:00:00,YZ,HROR,8330.0,MW
2045-11-09 12:00:00,YZ,HROR,8500.0,MW
2045-11-10 13:00:00,YZ,HROR,7480.0,MW
2045-11-11 14:00:00,YZ,HROR,6630.0,MW
2045-11-12 15:00:00,YZ,HROR,8415.0,MW
2045-11-13 16:00:00,YZ,HROR,8415.0,MW
2045-11-14 17:00:00,YZ,HROR,7480.0,MW
2045-11-15 18:00:00,YZ,HROR,7480.0,MW
2045-11-16 19:00:00,YZ,HROR,7820.0,MW
2045-11-17 20:00:00,YZ,HROR,8330.0,MW
2045-11-18 21:00:00,YZ,HROR,7905.0,MW
2045-11-19 22:00:00,YZ,HROR,7905.0,MW
2045-11-20 23:00:00,YZ,HROR,7820.0,MW
2045-11-22 00:00:00,YZ,HROR,8330.0,MW
2045-11-23 01:00:00,YZ,HROR,7905.0,MW
2045-11-24 02:00:00,YZ,HROR,8500.0,MW
2045-11-25 03:00:00,YZ,HROR,8500.0,MW
2045-11-26 04:00:00,YZ,HROR,7820.0,MW
2045-11-27 05:00:00,YZ,HROR,7905.0,MW
2045-11-28 06:00:00,YZ,HROR,8330.0,MW
2045-11-29 07:00:00,YZ,HROR,7395.0,MW
2045-11-30 08:00:00,YZ,HROR,8500.0,MW
2045-12-01 09:00:00,YZ,HROR,8500.0,MW
2045-12-02 10:00:00,YZ,HROR,8075.0,MW
2045-12-03 11:00:00,YZ,HROR,7820.0,MW
2045-12-04 12:00:00,YZ,HROR,8415.0,MW
2045-12-05 13:00:00,YZ,HROR,7820.0,MW
2045-12-06 14:00:00,YZ,HROR,7820.0,MW
2045-12-07 15:00:00,YZ,HROR,8415.0,MW
2045-12-08 16:00:00,YZ,HROR,7820.0,MW
2045-12-09 17:00:00,YZ,HROR,7480.0,MW
2045-12-10 18:00:00,YZ,HROR,7990.0,MW
2045-12-11 19:00:00,YZ,HROR,8500.0,MW
2045-12-12 20:00:00,YZ,HROR,8160.0,MW
2045-12-13 21:00:00,YZ,HROR,8330.0,MW
2045-12-14 22:00:00,YZ,HROR,7480.0,MW
2045-12-15 23:00:00,YZ,HROR,8500.0,MW
2045-12-17 00:00:00,YZ,HROR,8245.0,MW
2045-12-18 01:00:00,YZ,HROR,8500.0,MW
2045-12-19 02:00:00,YZ,HROR,8500.0,MW
2045-12-20 03:00:00,YZ,HROR,8500.0,MW
2045-12-21 04:00:00,YZ,HROR,8500.0,MW
2045-12-22 05:00:00,YZ,HROR,8500.0,MW
2045-12-23 06:00:00,YZ,HROR,8500.0,MW
2045-12-24 07:00:00,YZ,HROR,8500.0,MW
2045-12-25 08:00:00,YZ,HROR,8500.0,MW
2045-12-26 09:00:00,YZ,HROR,8500.0,MW
2045-12-27 10:00:00,YZ,HROR,8500.0,MW
2045-12-28 11:00:00,YZ,HROR,8330.0,MW
2045-12-29 12:00:00,YZ,HROR,8330.0,MW
2045-12-30 13:00:00,YZ,HROR,8500.0,MW
2045-12-31 14:00:00,YZ,HROR,8415.0,MW
2046-01-01 15:00:00,YZ,HROR,8415.0,MW
2045-01-01 00:00:00,YZ,PHOT,0.0,MW
2045-01-02 01:00:00,YZ,PHOT,0.0,MW
2045-01-03 02:00:00,YZ,PHOT,0.0,MW
2045-01-04 03:00:00,YZ,PHOT,0.0,MW
2045-01-05 04:00:00,YZ,PHOT,0.0,MW
2045-01-06 05:00:00,YZ,PHOT,0.0,MW
2045-01-07 06:00:00,YZ,PHOT,0.0,MW
2045-01-08 07:00:00,YZ,PHOT,489.0,MW
2045-01-09 08:00:00,YZ,PHOT,2078.2,MW
2045-01-10 09:00:00,YZ,PHOT,5778.0,MW
2045-01-11 10:00:00,YZ,PHOT,8850.2,MW
2045-01-12 11:00:00,YZ,PHOT,15135.2,MW
2045-01-13 12:00:00,YZ,PHOT,22849.0,MW
2045-01-14 13:00:00,YZ,PHOT,22408.9,MW
2045-01-15 14:00:00,YZ,PHOT,18714.1,MW
2045-01-16 15:00:00,YZ,PHOT,18626.9,MW
2045-01-17 16:00:00,YZ,PHOT,11517.0,MW
2045-01-18 17:00:00,YZ,PHOT,5955.3,MW
2045-01-19 18:00:00,YZ,PHOT,878.6,MW
2045-01-20 19:00:00,YZ,PHOT,0.0,MW
2045-01-21 20:00:00,YZ,PHOT,0.0,MW
2045-01-22 21:00:00,YZ,PHOT,0.0,MW
2045-01-23 22:00:00,YZ,PHOT,0.0,MW
2045-01-24 23:00:00,YZ,PHOT,0.0,MW
2045-01-26 00:00:00,YZ,PHOT,0.0,MW
2045-01-27 01:00:00,YZ,PHOT,0.0,MW
2045-01-28 02:00:00,YZ,PHOT,0.0,MW
2045-01-29 03:00:00,YZ,PHOT,0.0,MW
2045-01-30 04:00:00,YZ,PHOT,0.0,MW
2045-01-31 05:00:00,YZ,PHOT,0.0,MW
2045-02-01 06:00:00,YZ,PHOT,0.0,MW
2045-02-02 07:00:00,YZ,PHOT,244.5,MW
2045-02-03 08:00:00,YZ,PHOT,2322.7,MW
2045-02-04 09:00:00,YZ,PHOT,4677.8,MW
2045-02-05 10:00:00,YZ,PHOT,10955.5,MW
2045-02-06 11:00:00,YZ,PHOT,16095.7,MW
2045-02-07 12:00:00,YZ,PHOT,19809.1,MW
2045-02-08 13:00:00,YZ,PHOT,26642.3,MW
2045-02-09 14:00:00,YZ,PHOT,25305.8,MW
2045-02-10 15:00:00,YZ,PHOT,20680.4,MW
2045-02-11 16:00:00,YZ,PHOT,16099.9,MW
2045-02-12 17:00:00,YZ,PHOT,7420.0,MW
2045-02-13 18:00:00,YZ,PHOT,2228.3,MW
2045-02-14 19:00:00,YZ,PHOT,292.9,MW
2045-02-15 20:00:00,YZ,PHOT,0.0,MW
2045-02-16 21:00:00,YZ,PHOT,0.0,MW
2045-02-17 22:00:00,YZ,PHOT,0.0,MW
2045-02-18 23:00:00,YZ,PHOT,0.0,MW
2045-02-20 00:00:00,YZ,PHOT,0.0,MW
2045-02-21 01:00:00,YZ,PHOT,0.0,MW
2045-02-22 02:00:00,YZ,PHOT,0.0,MW
2045-02-23 03:00:00,YZ,PHOT,0.0,MW
2045-02-24 04:00:00,YZ,PHOT,0.0,MW
2045-02-25 05:00:00,YZ,PHOT,0.0,MW
2045-02-26 06:00:00,YZ,PHOT,0.0,MW
2045-02-27 07:00:00,YZ,PHOT,733.5,MW
2045-02-28 08:00:00,YZ,PHOT,2409.0,MW
2045-03-01 09:00:00,YZ,PHOT,8792.7,MW
2045-03-02 10:00:00,YZ,PHOT,15735.5,MW
2045-03-03 11:00:00,YZ,PHOT,20890.8,MW
2045-03-04 12:00:00,YZ,PHOT,23622.5,MW
2045-03-05 13:00:00,YZ,PHOT,26442.2,MW
2045-03-06 14:00:00,YZ,PHOT,22325.8,MW
2045-03-07 15:00:00,YZ,PHOT,22125.9,MW
2045-03-08 16:00:00,YZ,PHOT,20451.6,MW
2045-03-09 17:00:00,YZ,PHOT,10645.0,MW
2045-03-10 18:00:00,YZ,PHOT,5892.6,MW
2045-03-11 19:00:00,YZ,PHOT,1544.5,MW
2045-03-12 20:00:00,YZ,PHOT,0.0,MW
2045-03-13 21:00:00,YZ,PHOT,0.0,MW
2045-03-14 22:00:00,YZ,PHOT,0.0,MW
2045-03-15 23:00:00,YZ,PHOT,0.0,MW
2045-03-17 00:00:00,YZ,PHOT,0.0,MW
2045-03-18 01:00:00,YZ,PHOT,0.0,MW
2045-03-19 02:00:00,YZ,PHOT,0.0,MW
2045-03-20 03:00:00,YZ,PHOT,0.0,MW
2045-03-21 04:00:00,YZ,PHOT,0.0,MW
2045-03-22 05:00:00,YZ,PHOT,0.0,MW
2045-03-23 06:00:00,YZ,PHOT,0.0,MW
2045-03-24 07:00:00,YZ,PHOT,1675.5,MW
2045-03-25 08:00:00,YZ,PHOT,5738.6,MW
2045-03-26 09:00:00,YZ,PHOT,10431.0,MW
2045-03-27 10:00:00,YZ,PHOT,15946.1,MW
2045-03-28 11:00:00,YZ,PHOT,23584.5,MW
2045-03-29 12:00:00,YZ,PHOT,24685.3,MW
2045-03-30 13:00:00,YZ,PHOT,24728.7,MW
2045-03-31 14:00:00,YZ,PHOT,27407.1,MW
2045-04-01 15:00:00,YZ,PHOT,27231.6,MW
2045-04-02 16:00:00,YZ,PHOT,22228.9,MW
2045-04-03 17:00:00,YZ,PHOT,10604.9,MW
2045-04-04 18:00:00,YZ,PHOT,5076.1,MW
2045-04-05 19:00:00,YZ,PHOT,1837.4,MW
2045-04-06 20:00:00,YZ,PHOT,146.4,MW
2045-04-07 21:00:00,YZ,PHOT,0.0,MW
2045-04-08 22:00:00,YZ,PHOT,0.0,MW
2045-04-09 23:00:00,YZ,PHOT,0.0,MW
2045-04-11 00:00:00,YZ,PHOT,0.0,MW
2045-04-12 01:00:00,YZ,PHOT,0.0,MW
2045-04-13 02:00:00,YZ,PHOT,0.0,MW
2045-04-14 03:00:00,YZ,PHOT,0.0,MW
2045-04-15 04:00:00,YZ,PHOT,0.0,MW
2045-04-16 05:00:00,YZ,PHOT,0.0,MW
2045-04-17 06:00:00,YZ,PHOT,226.5,MW
2045-04-18 07:00:00,YZ,PHOT,2337.1,MW
2045-04-19 08:00:00,YZ,PHOT,8759.5,MW
2045-04-20 09:00:00,YZ,PHOT,17328.0,MW
2045-04-21 10:00:00,YZ,PHOT,18457.9,MW
2045-04-22 11:00:00,YZ,PHOT,18767.4,MW
2045-04-23 12:00:00,YZ,PHOT,23124.5,MW
2045-04-24 13:00:00,YZ,PHOT,23127.3,MW
2045-04-25 14:00:00,YZ,PHOT,23899.9,MW
2045-04-26 15:00:00,YZ,PHOT,21772.6,MW
2045-04-27 16:00:00,YZ,PHOT,18879.1,MW
2045-04-28 17:00:00,YZ,PHOT,11873.2,MW
2045-04-29 18:00:00,YZ,PHOT,6487.9,MW
2045-04-30 19:00:00,YZ,PHOT,2583.3,MW
2045-05-01 20:00:00,YZ,PHOT,585.8,MW
2045-05-02 21:00:00,YZ,PHOT,0.0,MW
2045-05-03 22:00:00,YZ,PHOT,0.0,MW
2045-05-04 23:00:00,YZ,PHOT,0.0,MW
2045-05-06 00:00:00,YZ,PHOT,0.0,MW
2045-05-07 01:00:00,YZ,PHOT,0.0,MW
2045-05-08 02:00:00,YZ,PHOT,0.0,MW
2045-05-09 03:00:00,YZ,PHOT,0.0,MW
2045-05-10 04:00:00,YZ,PHOT,0.0,MW
2045-05-11 05:00:00,YZ,PHOT,0.0,MW
2045-05-12 06:00:00,YZ,PHOT,453.1,MW
2045-05-13 07:00:00,YZ,PHOT,3040.9,MW
2045-05-14 08:00:00,YZ,PHOT,9109.1,MW
2045-05-15 09:00:00,YZ,PHOT,16745.2,MW
2045-05-16 10:00:00,YZ,PHOT,19349.2,MW
2045-05-17 11:00:00,YZ,PHOT,24905.9,MW
2045-05-18 12:00:00,YZ,PHOT,23898.9,MW
2045-05-19 13:00:00,YZ,PHOT,24803.5,MW
2045-05-20 14:00:00,YZ,PHOT,24949.6,MW
2045-05-21 15:00:00,YZ,PHOT,23310.6,MW
2045-05-22 16:00:00,YZ,PHOT,17972.5,MW
2045-05-23 17:00:00,YZ,PHOT,13954.1,MW
2045-05-24 18:00:00,YZ,PHOT,6954.7,MW
2045-05-25 19:00:00,YZ,PHOT,2809.9,MW
2045-05-26 20:00:00,YZ,PHOT,958.7,MW
2045-05-27 21:00:00,YZ,PHOT,146.4,MW
2045-05-28 22:00:00,YZ,PHOT,0.0,MW
2045-05-29 23:00:00,YZ,PHOT,0.0,MW
2045-05-31 00:00:00,YZ,PHOT,0.0,MW
2045-06-01 01:00:00,YZ,PHOT,0.0,MW
2045-06-02 02:00:00,YZ,PHOT,0.0,MW
2045-06-03 03:00:00,YZ,PHOT,0.0,MW
2045-06-04 04:00:00,YZ,PHOT,0.0,MW
2045-06-05 05:00:00,YZ,PHOT,226.5,MW
2045-06-06 06:00:00,YZ,PHOT,679.6,MW
2045-06-07 07:00:00,YZ,PHOT,20924.7,MW
2045-06-08 08:00:00,YZ,PHOT,4129.4,MW
2045-06-09 09:00:00,YZ,PHOT,7433.5,MW
2045-06-10 10:00:00,YZ,PHOT,16267.9,MW
2045-06-11 11:00:00,YZ,PHOT,20073.4,MW
2045-06-12 12:00:00,YZ,PHOT,23750.8,MW
2045-06-13 13:00:00,YZ,PHOT,25593.5,MW
2045-06-14 14:00:00,YZ,PHOT,24020.9,MW
2045-06-15 15:00:00,YZ,PHOT,25544.8,MW
2045-06-16 16:00:00,YZ,PHOT,22802.9,MW
2045-06-17 17:00:00,YZ,PHOT,16382.5,MW
2045-06-18 18:00:00,YZ,PHOT,12350.4,MW
2045-06-19 19:00:00,YZ,PHOT,8102.0,MW
2045-06-20 20:00:00,YZ,PHOT,3915.0,MW
2045-06-21 21:00:00,YZ,PHOT,1251.6,MW
2045-06-22 22:00:00,YZ,PHOT,292.9,MW
2045-06-23 23:00:00,YZ,PHOT,0.0,MW
2045-06-25 00:00:00,YZ,PHOT,0.0,MW
2045-06-26 01:00:00,YZ,PHOT,0.0,MW
2045-06-27 02:00:00,YZ,PHOT,0.0,MW
2045-06-28 03:00:00,YZ,PHOT,0.0,MW
2045-06-29 04:00:00,YZ,PHOT,0.0,MW
2045-06-30 05:00:00,YZ,PHOT,0.0,MW
2045-07-01 06:00:00,YZ,PHOT,0.0,MW
2045-07-02 07:00:00,YZ,PHOT,679.6,MW
2045-07-03 08:00:00,YZ,PHOT,3389.7,MW
2045-07-04 09:00:00,YZ,PHOT,8283.0,MW
2045-07-05 10:00:00,YZ,PHOT,15350.1,MW
2045-07-06 11:00:00,YZ,PHOT,18668.1,MW
2045-07-07 12:00:00,YZ,PHOT,21085.8,MW
2045-07-08 13:00:00,YZ,PHOT,21898.3,MW
2045-07-09 14:00:00,YZ,PHOT,23734.5,MW
2045-07-10 15:00:00,YZ,PHOT,23733.2,MW
2045-07-11 16:00:00,YZ,PHOT,19651.5,MW
2045-07-12 17:00:00,YZ,PHOT,14752.7,MW
2045-07-13 18:00:00,YZ,PHOT,10105.1,MW
2045-07-14 19:00:00,YZ,PHOT,6157.1,MW
2045-07-15 20:00:00,YZ,PHOT,3622.2,MW
2045-07-16 21:00:00,YZ,PHOT,1105.2,MW
2045-07-17 22:00:00,YZ,PHOT,146.4,MW
2045-07-18 23:00:00,YZ,PHOT,0.0,MW
2045-07-20 00:00:00,YZ,PHOT,0.0,MW
2045-07-21 01:00:00,YZ,PHOT,0.0,MW
2045-07-22 02:00:00,YZ,PHOT,0.0,MW
2045-07-23 03:00:00,YZ,PHOT,0.0,MW
2045-07-24 04:00:00,YZ,PHOT,0.0,MW
2045-07-25 05:00:00,YZ,PHOT,0.0,MW
2045-07-26 06:00:00,YZ,PHOT,0.0,MW
2045-07-27 07:00:00,YZ,PHOT,453.1,MW
2045-07-28 08:00:00,YZ,PHOT,2056.7,MW
2045-07-29 09:00:00,YZ,PHOT,5903.7,MW
2045-07-30 10:00:00,YZ,PHOT,13259.4,MW
2045-07-31 11:00:00,YZ,PHOT,20490.8,MW
2045-08-01 12:00:00,YZ,PHOT,24364.6,MW
2045-08-02 13:00:00,YZ,PHOT,24085.2,MW
2045-08-03 14:00:00,YZ,PHOT,26180.7,MW
2045-08-04 15:00:00,YZ,PHOT,24082.0,MW
2045-08-05 16:00:00,YZ,PHOT,22251.8,MW
2045-08-06 17:00:00,YZ,PHOT,17200.3,MW
2045-08-07 18:00:00,YZ,PHOT,14220.8,MW
2045-08-08 19:00:00,YZ,PHOT,7049.5,MW
2045-08-09 20:00:00,YZ,PHOT,3169.1,MW
2045-08-10 21:00:00,YZ,PHOT,585.8,MW
2045-08-11 22:00:00,YZ,PHOT,0.0,MW
2045-08-12 23:00:00,YZ,PHOT,0.0,MW
2045-08-14 00:00:00,YZ,PHOT,0.0,MW
2045-08-15 01:00:00,YZ,PHOT,0.0,MW
2045-08-16 02:00:00,YZ,PHOT,0.0,MW
2045-08-17 03:00:00,YZ,PHOT,0.0,MW
2045-08-18 04:00:00,YZ,PHOT,0.0,MW
2045-08-19 05:00:00,YZ,PHOT,0.0,MW
2045-08-20 06:00:00,YZ,PHOT,0.0,MW
2045-08-21 07:00:00,YZ,PHOT,0.0,MW
2045-08-22 08:00:00,YZ,PHOT,2703.9,MW
2045-08-23 09:00:00,YZ,PHOT,7635.1,MW
2045-08-24 10:00:00,YZ,PHOT,12655.7,MW
2045-08-25 11:00:00,YZ,PHOT,19772.4,MW
2045-08-26 12:00:00,YZ,PHOT,21470.3,MW
2045-08-27 13:00:00,YZ,PHOT,21296.9,MW
2045-08-28 14:00:00,YZ,PHOT,23123.0,MW
2045-08-29 15:00:00,YZ,PHOT,22925.5,MW
2045-08-30 16:00:00,YZ,PHOT,22533.6,MW
2045-08-31 17:00:00,YZ,PHOT,17100.3,MW
2045-09-01 18:00:00,YZ,PHOT,11616.2,MW
2045-09-02 19:00:00,YZ,PHOT,5023.5,MW
2045-09-03 20:00:00,YZ,PHOT,1544.5,MW
2045-09-04 21:00:00,YZ,PHOT,146.4,MW
2045-09-05 22:00:00,YZ,PHOT,0.0,MW
2045-09-06 23:00:00,YZ,PHOT,0.0,MW
2045-09-08 00:00:00,YZ,PHOT,0.0,MW
2045-09-09 01:00:00,YZ,PHOT,0.0,MW
2045-09-10 02:00:00,YZ,PHOT,0.0,MW
2045-09-11 03:00:00,YZ,PHOT,0.0,MW
2045-09-12 04:00:00,YZ,PHOT,0.0,MW
2045-09-13 05:00:00,YZ,PHOT,0.0,MW
2045-09-14 06:00:00,YZ,PHOT,0.0,MW
2045-09-15 07:00:00,YZ,PHOT,0.0,MW
2045-09-16 08:00:00,YZ,PHOT,1657.6,MW
2045-09-17 09:00:00,YZ,PHOT,5133.6,MW
2045-09-18 10:00:00,YZ,PHOT,11566.5,MW
2045-09-19 11:00:00,YZ,PHOT,18038.9,MW
2045-09-20 12:00:00,YZ,PHOT,19723.7,MW
2045-09-21 13:00:00,YZ,PHOT,20377.2,MW
2045-09-22 14:00:00,YZ,PHOT,21797.7,MW
2045-09-23 15:00:00,YZ,PHOT,18871.2,MW
2045-09-24 16:00:00,YZ,PHOT,19759.0,MW
2045-09-25 17:00:00,YZ,PHOT,16711.9,MW
2045-09-26 18:00:00,YZ,PHOT,7034.1,MW
2045-09-27 19:00:00,YZ,PHOT,1690.9,MW
2045-09-28 20:00:00,YZ,PHOT,439.3,MW
2045-09-29 21:00:00,YZ,PHOT,0.0,MW
2045-09-30 22:00:00,YZ,PHOT,0.0,MW
2045-10-01 23:00:00,YZ,PHOT,0.0,MW
2045-10-03 00:00:00,YZ,PHOT,0.0,MW
2045-10-04 01:00:00,YZ,PHOT,0.0,MW
2045-10-05 02:00:00,YZ,PHOT,0.0,MW
2045-10-06 03:00:00,YZ,PHOT,0.0,MW
2045-10-07 04:00:00,YZ,PHOT,0.0,MW
2045-10-08 05:00:00,YZ,PHOT,0.0,MW
2045-10-09 06:00:00,YZ,PHOT,0.0,MW
2045-10-10 07:00:00,YZ,PHOT,0.0,MW
2045-10-11 08:00:00,YZ,PHOT,366.7,MW
2045-10-12 09:00:00,YZ,PHOT,1377.1,MW
2045-10-13 10:00:00,YZ,PHOT,6721.5,MW
2045-10-14 11:00:00,YZ,PHOT,15855.0,MW
2045-10-15 12:00:00,YZ,PHOT,21546.0,MW
2045-10-16 13:00:00,YZ,PHOT,23180.0,MW
2045-10-17 14:00:00,YZ,PHOT,20565.8,MW
2045-10-18 15:00:00,YZ,PHOT,18733.9,MW
2045-10-19 16:00:00,YZ,PHOT,14829.8,MW
2045-10-20 17:00:00,YZ,PHOT,9098.0,MW
2045-10-21 18:00:00,YZ,PHOT,2406.5,MW
2045-10-22 19:00:00,YZ,PHOT,1318.0,MW
2045-10-23 20:00:00,YZ,PHOT,0.0,MW
2045-10-24 21:00:00,YZ,PHOT,0.0,MW
2045-10-25 22:00:00,YZ,PHOT,0.0,MW
2045-10-26 23:00:00,YZ,PHOT,0.0,MW
2045-10-28 00:00:00,YZ,PHOT,0.0,MW
2045-10-29 01:00:00,YZ,PHOT,0.0,MW
2045-10-30 02:00:00,YZ,PHOT,0.0,MW
2045-10-31 03:00:00,YZ,PHOT,0.0,MW
2045-11-01 04:00:00,YZ,PHOT,0.0,MW
2045-11-02 05:00:00,YZ,PHOT,0.0,MW
2045-11-03 06:00:00,YZ,PHOT,0.0,MW
2045-11-04 07:00:00,YZ,PHOT,0.0,MW
2045-11-05 08:00:00,YZ,PHOT,611.2,MW
2045-11-06 09:00:00,YZ,PHOT,1413.1,MW
2045-11-07 10:00:00,YZ,PHOT,4931.3,MW
2045-11-08 11:00:00,YZ,PHOT,13143.9,MW
2045-11-09 12:00:00,YZ,PHOT,17576.4,MW
2045-11-10 13:00:00,YZ,PHOT,15575.1,MW
2045-11-11 14:00:00,YZ,PHOT,18054.4,MW
2045-11-12 15:00:00,YZ,PHOT,16827.7,MW
2045-11-13 16:00:00,YZ,PHOT,12785.8,MW
2045-11-14 17:00:00,YZ,PHOT,7008.4,MW
2045-11-15 18:00:00,YZ,PHOT,1393.1,MW
2045-11-16 19:00:00,YZ,PHOT,439.3,MW
2045-11-17 20:00:00,YZ,PHOT,0.0,MW
2045-11-18 21:00:00,YZ,PHOT,0.0,MW
2045-11-19 22:00:00,YZ,PHOT,0.0,MW
2045-11-20 23:00:00,YZ,PHOT,0.0,MW
2045-11-22 00:00:00,YZ,PHOT,0.0,MW
2045-11-23 01:00:00,YZ,PHOT,0.0,MW
2045-11-24 02:00:00,YZ,PHOT,0.0,MW
2045-11-25 03:00:00,YZ,PHOT,0.0,MW
2045-11-26 04:00:00,YZ,PHOT,0.0,MW
2045-11-27 05:00:00,YZ,PHOT,0.0,MW
2045-11-28 06:00:00,YZ,PHOT,0.0,MW
2045-11-29 07:00:00,YZ,PHOT,0.0,MW
2045-11-30 08:00:00,YZ,PHOT,1833.7,MW
2045-12-01 09:00:00,YZ,PHOT,2567.2,MW
2045-12-02 10:00:00,YZ,PHOT,7191.1,MW
2045-12-03 11:00:00,YZ,PHOT,8265.8,MW
2045-12-04 12:00:00,YZ,PHOT,15452.8,MW
2045-12-05 13:00:00,YZ,PHOT,15999.1,MW
2045-12-06 14:00:00,YZ,PHOT,14609.6,MW
2045-12-07 15:00:00,YZ,PHOT,13752.8,MW
2045-12-08 16:00:00,YZ,PHOT,14081.8,MW
2045-12-09 17:00:00,YZ,PHOT,6790.8,MW
2045-12-10 18:00:00,YZ,PHOT,1417.3,MW
2045-12-11 19:00:00,YZ,PHOT,0.0,MW
2045-12-12 20:00:00,YZ,PHOT,0.0,MW
2045-12-13 21:00:00,YZ,PHOT,0.0,MW
2045-12-14 22:00:00,YZ,PHOT,0.0,MW
2045-12-15 23:00:00,YZ,PHOT,0.0,MW
2045-12-17 00:00:00,YZ,PHOT,0.0,MW
2045-12-18 01:00:00,YZ,PHOT,0.0,MW
2045-12-19 02:00:00,YZ,PHOT,0.0,MW
2045-12-20 03:00:00,YZ,PHOT,0.0,MW
2045-12-21 04:00:00,YZ,PHOT,0.0,MW
2045-12-22 05:00:00,YZ,PHOT,0.0,MW
2045-12-23 06:00:00,YZ,PHOT,0.0,MW
2045-12-24 07:00:00,YZ,PHOT,0.0,MW
2045-12-25 08:00:00,YZ,PHOT,1344.7,MW
2045-12-26 09:00:00,YZ,PHOT,3056.1,MW
2045-12-27 10:00:00,YZ,PHOT,5691.7,MW
2045-12-28 11:00:00,YZ,PHOT,9931.1,MW
2045-12-29 12:00:00,YZ,PHOT,12655.4,MW
2045-12-30 13:00:00,YZ,PHOT,17348.6,MW
2045-12-31 14:00:00,YZ,PHOT,16721.7,MW
2046-01-01 15:00:00,YZ,PHOT,18894.3,MW
2045-01-01 00:00:00,YZ,RTPV,0.0,MW
2045-01-02 01:00:00,YZ,RTPV,0.0,MW
2045-01-03 02:00:00,YZ,RTPV,0.0,MW
2045-01-04 03:00:00,YZ,RTPV,0.0,MW
2045-01-05 04:00:00,YZ,RTPV,0.0,MW
2045-01-06 05:00:00,YZ,RTPV,0.0,MW
2045-01-07 06:00:00,YZ,RTPV,0.0,MW
2045-01-08 07:00:00,YZ,RTPV,0.0,MW
2045-01-09 08:00:00,YZ,RTPV,0.0,MW
2045-01-10 09:00:00,YZ,RTPV,23.2,MW
2045-01-11 10:00:00,YZ,RTPV,19.5,MW
2045-01-12 11:00:00,YZ,RTPV,21.3,MW
2045-01-13 12:00:00,YZ,RTPV,25.6,MW
2045-01-14 13:00:00,YZ,RTPV,26.6,MW
2045-01-15 14:00:00,YZ,RTPV,23.9,MW
2045-01-16 15:00:00,YZ,RTPV,37.7,MW
2045-01-17 16:00:00,YZ,RTPV,24.6,MW
2045-01-18 17:00:00,YZ,RTPV,19.5,MW
2045-01-19 18:00:00,YZ,RTPV,1.8,MW
2045-01-20 19:00:00,YZ,RTPV,0.0,MW
2045-01-21 20:00:00,YZ,RTPV,0.0,MW
2045-01-22 21:00:00,YZ,RTPV,0.0,MW
2045-01-23 22:00:00,YZ,RTPV,0.0,MW
2045-01-24 23:00:00,YZ,RTPV,0.0,MW
2045-01-26 00:00:00,YZ,RTPV,0.0,MW
2045-01-27 01:00:00,YZ,RTPV,0.0,MW
2045-01-28 02:00:00,YZ,RTPV,0.0,MW
2045-01-29 03:00:00,YZ,RTPV,0.0,MW
2045-01-30 04:00:00,YZ,RTPV,0.0,MW
2045-01-31 05:00:00,YZ,RTPV,0.0,MW
2045-02-01 06:00:00,YZ,RTPV,0.0,MW
2045-02-02 07:00:00,YZ,RTPV,0.0,MW
2045-02-03 08:00:00,YZ,RTPV,0.8,MW
2045-02-04 09:00:00,YZ,RTPV,20.8,MW
2045-02-05 10:00:00,YZ,RTPV,17.4,MW
2045-02-06 11:00:00,YZ,RTPV,22.1,MW
2045-02-07 12:00:00,YZ,RTPV,30.7,MW
2045-02-08 13:00:00,YZ,RTPV,30.2,MW
2045-02-09 14:00:00,YZ,RTPV,14.0,MW
2045-02-10 15:00:00,YZ,RTPV,18.8,MW
2045-02-11 16:00:00,YZ,RTPV,34.6,MW
2045-02-12 17:00:00,YZ,RTPV,24.4,MW
2045-02-13 18:00:00,YZ,RTPV,8.4,MW
2045-02-14 19:00:00,YZ,RTPV,0.6,MW
2045-02-15 20:00:00,YZ,RTPV,0.0,MW
2045-02-16 21:00:00,YZ,RTPV,0.0,MW
2045-02-17 22:00:00,YZ,RTPV,0.0,MW
2045-02-18 23:00:00,YZ,RTPV,0.0,MW
2045-02-20 00:00:00,YZ,RTPV,0.0,MW
2045-02-21 01:00:00,YZ,RTPV,0.0,MW
2045-02-22 02:00:00,YZ,RTPV,0.0,MW
2045-02-23 03:00:00,YZ,RTPV,0.0,MW
2045-02-24 04:00:00,YZ,RTPV,0.0,MW
2045-02-25 05:00:00,YZ,RTPV,0.0,MW
2045-02-26 06:00:00,YZ,RTPV,0.0,MW
2045-02-27 07:00:00,YZ,RTPV,0.0,MW
2045-02-28 08:00:00,YZ,RTPV,9.6,MW
2045-03-01 09:00:00,YZ,RTPV,29.8,MW
2045-03-02 10:00:00,YZ,RTPV,22.8,MW
2045-03-03 11:00:00,YZ,RTPV,26.1,MW
2045-03-04 12:00:00,YZ,RTPV,32.7,MW
2045-03-05 13:00:00,YZ,RTPV,30.9,MW
2045-03-06 14:00:00,YZ,RTPV,28.8,MW
2045-03-07 15:00:00,YZ,RTPV,25.1,MW
2045-03-08 16:00:00,YZ,RTPV,25.3,MW
2045-03-09 17:00:00,YZ,RTPV,7.4,MW
2045-03-10 18:00:00,YZ,RTPV,22.6,MW
2045-03-11 19:00:00,YZ,RTPV,5.9,MW
2045-03-12 20:00:00,YZ,RTPV,0.0,MW
2045-03-13 21:00:00,YZ,RTPV,0.0,MW
2045-03-14 22:00:00,YZ,RTPV,0.0,MW
2045-03-15 23:00:00,YZ,RTPV,0.0,MW
2045-03-17 00:00:00,YZ,RTPV,0.0,MW
2045-03-18 01:00:00,YZ,RTPV,0.0,MW
2045-03-19 02:00:00,YZ,RTPV,0.0,MW
2045-03-20 03:00:00,YZ,RTPV,0.0,MW
2045-03-21 04:00:00,YZ,RTPV,0.0,MW
2045-03-22 05:00:00,YZ,RTPV,0.0,MW
2045-03-23 06:00:00,YZ,RTPV,0.0,MW
2045-03-24 07:00:00,YZ,RTPV,7.2,MW
2045-03-25 08:00:00,YZ,RTPV,34.4,MW
2045-03-26 09:00:00,YZ,RTPV,28.9,MW
2045-03-27 10:00:00,YZ,RTPV,24.9,MW
2045-03-28 11:00:00,YZ,RTPV,10.5,MW
2045-03-29 12:00:00,YZ,RTPV,11.1,MW
2045-03-30 13:00:00,YZ,RTPV,0.0,MW
2045-03-31 14:00:00,YZ,RTPV,0.0,MW
2045-04-01 15:00:00,YZ,RTPV,22.1,MW
2045-04-02 16:00:00,YZ,RTPV,4.2,MW
2045-04-03 17:00:00,YZ,RTPV,15.8,MW
2045-04-04 18:00:00,YZ,RTPV,17.9,MW
2045-04-05 19:00:00,YZ,RTPV,6.9,MW
2045-04-06 20:00:00,YZ,RTPV,0.3,MW
2045-04-07 21:00:00,YZ,RTPV,0.0,MW
2045-04-08 22:00:00,YZ,RTPV,0.0,MW
2045-04-09 23:00:00,YZ,RTPV,0.0,MW
2045-04-11 00:00:00,YZ,RTPV,0.0,MW
2045-04-12 01:00:00,YZ,RTPV,0.0,MW
2045-04-13 02:00:00,YZ,RTPV,0.0,MW
2045-04-14 03:00:00,YZ,RTPV,0.0,MW
2045-04-15 04:00:00,YZ,RTPV,0.0,MW
2045-04-16 05:00:00,YZ,RTPV,0.0,MW
2045-04-17 06:00:00,YZ,RTPV,3.2,MW
2045-04-18 07:00:00,YZ,RTPV,21.6,MW
2045-04-19 08:00:00,YZ,RTPV,23.7,MW
2045-04-20 09:00:00,YZ,RTPV,28.2,MW
2045-04-21 10:00:00,YZ,RTPV,5.1,MW
2045-04-22 11:00:00,YZ,RTPV,5.4,MW
2045-04-23 12:00:00,YZ,RTPV,12.8,MW
2045-04-24 13:00:00,YZ,RTPV,14.1,MW
2045-04-25 14:00:00,YZ,RTPV,26.5,MW
2045-04-26 15:00:00,YZ,RTPV,28.4,MW
2045-04-27 16:00:00,YZ,RTPV,3.2,MW
2045-04-28 17:00:00,YZ,RTPV,22.1,MW
2045-04-29 18:00:00,YZ,RTPV,19.8,MW
2045-04-30 19:00:00,YZ,RTPV,14.3,MW
2045-05-01 20:00:00,YZ,RTPV,1.2,MW
2045-05-02 21:00:00,YZ,RTPV,0.0,MW
2045-05-03 22:00:00,YZ,RTPV,0.0,MW
2045-05-04 23:00:00,YZ,RTPV,0.0,MW
2045-05-06 00:00:00,YZ,RTPV,0.0,MW
2045-05-07 01:00:00,YZ,RTPV,0.0,MW
2045-05-08 02:00:00,YZ,RTPV,0.0,MW
2045-05-09 03:00:00,YZ,RTPV,0.0,MW
2045-05-10 04:00:00,YZ,RTPV,0.0,MW
2045-05-11 05:00:00,YZ,RTPV,0.0,MW
2045-05-12 06:00:00,YZ,RTPV,6.8,MW
2045-05-13 07:00:00,YZ,RTPV,32.7,MW
2045-05-14 08:00:00,YZ,RTPV,27.0,MW
2045-05-15 09:00:00,YZ,RTPV,34.7,MW
2045-05-16 10:00:00,YZ,RTPV,40.4,MW
2045-05-17 11:00:00,YZ,RTPV,29.7,MW
2045-05-18 12:00:00,YZ,RTPV,30.5,MW
2045-05-19 13:00:00,YZ,RTPV,7.1,MW
2045-05-20 14:00:00,YZ,RTPV,22.8,MW
2045-05-21 15:00:00,YZ,RTPV,23.2,MW
2045-05-22 16:00:00,YZ,RTPV,24.2,MW
2045-05-23 17:00:00,YZ,RTPV,23.2,MW
2045-05-24 18:00:00,YZ,RTPV,18.1,MW
2045-05-25 19:00:00,YZ,RTPV,11.9,MW
2045-05-26 20:00:00,YZ,RTPV,4.7,MW
2045-05-27 21:00:00,YZ,RTPV,0.3,MW
2045-05-28 22:00:00,YZ,RTPV,0.0,MW
2045-05-29 23:00:00,YZ,RTPV,0.0,MW
2045-05-31 00:00:00,YZ,RTPV,0.0,MW
2045-06-01 01:00:00,YZ,RTPV,0.0,MW
2045-06-02 02:00:00,YZ,RTPV,0.0,MW
2045-06-03 03:00:00,YZ,RTPV,0.0,MW
2045-06-04 04:00:00,YZ,RTPV,0.0,MW
2045-06-05 05:00:00,YZ,RTPV,3.2,MW
2045-06-06 06:00:00,YZ,RTPV,10.4,MW
2045-06-07 07:00:00,YZ,RTPV,9.0,MW
2045-06-08 08:00:00,YZ,RTPV,25.8,MW
2045-06-09 09:00:00,YZ,RTPV,30.2,MW
2045-06-10 10:00:00,YZ,RTPV,42.3,MW
2045-06-11 11:00:00,YZ,RTPV,31.5,MW
2045-06-12 12:00:00,YZ,RTPV,12.0,MW
2045-06-13 13:00:00,YZ,RTPV,32.4,MW
2045-06-14 14:00:00,YZ,RTPV,12.6,MW
2045-06-15 15:00:00,YZ,RTPV,25.1,MW
2045-06-16 16:00:00,YZ,RTPV,11.6,MW
2045-06-17 17:00:00,YZ,RTPV,26.3,MW
2045-06-18 18:00:00,YZ,RTPV,18.9,MW
2045-06-19 19:00:00,YZ,RTPV,23.3,MW
2045-06-20 20:00:00,YZ,RTPV,19.7,MW
2045-06-21 21:00:00,YZ,RTPV,5.7,MW
2045-06-22 22:00:00,YZ,RTPV,0.6,MW
2045-06-23 23:00:00,YZ,RTPV,0.0,MW
2045-06-25 00:00:00,YZ,RTPV,0.0,MW
2045-06-26 01:00:00,YZ,RTPV,0.0,MW
2045-06-27 02:00:00,YZ,RTPV,0.0,MW
2045-06-28 03:00:00,YZ,RTPV,0.0,MW
2045-06-29 04:00:00,YZ,RTPV,0.0,MW
2045-06-30 05:00:00,YZ,RTPV,0.0,MW
2045-07-01 06:00:00,YZ,RTPV,0.0,MW
2045-07-02 07:00:00,YZ,RTPV,10.4,MW
2045-07-03 08:00:00,YZ,RTPV,23.1,MW
2045-07-04 09:00:00,YZ,RTPV,28.3,MW
2045-07-05 10:00:00,YZ,RTPV,37.4,MW
2045-07-06 11:00:00,YZ,RTPV,38.6,MW
2045-07-07 12:00:00,YZ,RTPV,40.8,MW
2045-07-08 13:00:00,YZ,RTPV,9.4,MW
2045-07-09 14:00:00,YZ,RTPV,29.5,MW
2045-07-10 15:00:00,YZ,RTPV,25.8,MW
2045-07-11 16:00:00,YZ,RTPV,34.7,MW
2045-07-12 17:00:00,YZ,RTPV,26.3,MW
2045-07-13 18:00:00,YZ,RTPV,17.9,MW
2045-07-14 19:00:00,YZ,RTPV,8.4,MW
2045-07-15 20:00:00,YZ,RTPV,19.5,MW
2045-07-16 21:00:00,YZ,RTPV,5.4,MW
2045-07-17 22:00:00,YZ,RTPV,0.3,MW
2045-07-18 23:00:00,YZ,RTPV,0.0,MW
2045-07-20 00:00:00,YZ,RTPV,0.0,MW
2045-07-21 01:00:00,YZ,RTPV,0.0,MW
2045-07-22 02:00:00,YZ,RTPV,0.0,MW
2045-07-23 03:00:00,YZ,RTPV,0.0,MW
2045-07-24 04:00:00,YZ,RTPV,0.0,MW
2045-07-25 05:00:00,YZ,RTPV,0.0,MW
2045-07-26 06:00:00,YZ,RTPV,0.0,MW
2045-07-27 07:00:00,YZ,RTPV,6.8,MW
2045-07-28 08:00:00,YZ,RTPV,26.0,MW
2045-07-29 09:00:00,YZ,RTPV,33.6,MW
2045-07-30 10:00:00,YZ,RTPV,40.4,MW
2045-07-31 11:00:00,YZ,RTPV,36.2,MW
2045-08-01 12:00:00,YZ,RTPV,28.8,MW
2045-08-02 13:00:00,YZ,RTPV,13.1,MW
2045-08-03 14:00:00,YZ,RTPV,26.5,MW
2045-08-04 15:00:00,YZ,RTPV,18.9,MW
2045-08-05 16:00:00,YZ,RTPV,20.0,MW
2045-08-06 17:00:00,YZ,RTPV,14.7,MW
2045-08-07 18:00:00,YZ,RTPV,23.2,MW
2045-08-08 19:00:00,YZ,RTPV,23.6,MW
2045-08-09 20:00:00,YZ,RTPV,15.9,MW
2045-08-10 21:00:00,YZ,RTPV,1.2,MW
2045-08-11 22:00:00,YZ,RTPV,0.0,MW
2045-08-12 23:00:00,YZ,RTPV,0.0,MW
2045-08-14 00:00:00,YZ,RTPV,0.0,MW
2045-08-15 01:00:00,YZ,RTPV,0.0,MW
2045-08-16 02:00:00,YZ,RTPV,0.0,MW
2045-08-17 03:00:00,YZ,RTPV,0.0,MW
2045-08-18 04:00:00,YZ,RTPV,0.0,MW
2045-08-19 05:00:00,YZ,RTPV,0.0,MW
2045-08-20 06:00:00,YZ,RTPV,0.0,MW
2045-08-21 07:00:00,YZ,RTPV,0.0,MW
2045-08-22 08:00:00,YZ,RTPV,21.2,MW
2045-08-23 09:00:00,YZ,RTPV,27.0,MW
2045-08-24 10:00:00,YZ,RTPV,33.2,MW
2045-08-25 11:00:00,YZ,RTPV,36.7,MW
2045-08-26 12:00:00,YZ,RTPV,11.1,MW
2045-08-27 13:00:00,YZ,RTPV,0.0,MW
2045-08-28 14:00:00,YZ,RTPV,12.1,MW
2045-08-29 15:00:00,YZ,RTPV,27.3,MW
2045-08-30 16:00:00,YZ,RTPV,22.1,MW
2045-08-31 17:00:00,YZ,RTPV,21.1,MW
2045-09-01 18:00:00,YZ,RTPV,4.2,MW
2045-09-02 19:00:00,YZ,RTPV,17.8,MW
2045-09-03 20:00:00,YZ,RTPV,6.3,MW
2045-09-04 21:00:00,YZ,RTPV,0.3,MW
2045-09-05 22:00:00,YZ,RTPV,0.0,MW
2045-09-06 23:00:00,YZ,RTPV,0.0,MW
2045-09-08 00:00:00,YZ,RTPV,0.0,MW
2045-09-09 01:00:00,YZ,RTPV,0.0,MW
2045-09-10 02:00:00,YZ,RTPV,0.0,MW
2045-09-11 03:00:00,YZ,RTPV,0.0,MW
2045-09-12 04:00:00,YZ,RTPV,0.0,MW
2045-09-13 05:00:00,YZ,RTPV,0.0,MW
2045-09-14 06:00:00,YZ,RTPV,0.0,MW
2045-09-15 07:00:00,YZ,RTPV,0.0,MW
2045-09-16 08:00:00,YZ,RTPV,10.8,MW
2045-09-17 09:00:00,YZ,RTPV,39.1,MW
2045-09-18 10:00:00,YZ,RTPV,29.6,MW
2045-09-19 11:00:00,YZ,RTPV,38.6,MW
2045-09-20 12:00:00,YZ,RTPV,25.9,MW
2045-09-21 13:00:00,YZ,RTPV,26.6,MW
2045-09-22 14:00:00,YZ,RTPV,18.4,MW
2045-09-23 15:00:00,YZ,RTPV,23.2,MW
2045-09-24 16:00:00,YZ,RTPV,22.1,MW
2045-09-25 17:00:00,YZ,RTPV,26.3,MW
2045-09-26 18:00:00,YZ,RTPV,20.6,MW
2045-09-27 19:00:00,YZ,RTPV,7.8,MW
2045-09-28 20:00:00,YZ,RTPV,0.9,MW
2045-09-29 21:00:00,YZ,RTPV,0.0,MW
2045-09-30 22:00:00,YZ,RTPV,0.0,MW
2045-10-01 23:00:00,YZ,RTPV,0.0,MW
2045-10-03 00:00:00,YZ,RTPV,0.0,MW
2045-10-04 01:00:00,YZ,RTPV,0.0,MW
2045-10-05 02:00:00,YZ,RTPV,0.0,MW
2045-10-06 03:00:00,YZ,RTPV,0.0,MW
2045-10-07 04:00:00,YZ,RTPV,0.0,MW
2045-10-08 05:00:00,YZ,RTPV,0.0,MW
2045-10-09 06:00:00,YZ,RTPV,0.0,MW
2045-10-10 07:00:00,YZ,RTPV,0.0,MW
2045-10-11 08:00:00,YZ,RTPV,0.4,MW
2045-10-12 09:00:00,YZ,RTPV,20.4,MW
2045-10-13 10:00:00,YZ,RTPV,33.8,MW
2045-10-14 11:00:00,YZ,RTPV,37.5,MW
2045-10-15 12:00:00,YZ,RTPV,28.8,MW
2045-10-16 13:00:00,YZ,RTPV,27.8,MW
2045-10-17 14:00:00,YZ,RTPV,44.2,MW
2045-10-18 15:00:00,YZ,RTPV,36.6,MW
2045-10-19 16:00:00,YZ,RTPV,29.5,MW
2045-10-20 17:00:00,YZ,RTPV,7.4,MW
2045-10-21 18:00:00,YZ,RTPV,10.6,MW
2045-10-22 19:00:00,YZ,RTPV,2.7,MW
2045-10-23 20:00:00,YZ,RTPV,0.0,MW
2045-10-24 21:00:00,YZ,RTPV,0.0,MW
2045-10-25 22:00:00,YZ,RTPV,0.0,MW
2045-10-26 23:00:00,YZ,RTPV,0.0,MW
2045-10-28 00:00:00,YZ,RTPV,0.0,MW
2045-10-29 01:00:00,YZ,RTPV,0.0,MW
2045-10-30 02:00:00,YZ,RTPV,0.0,MW
2045-10-31 03:00:00,YZ,RTPV,0.0,MW
2045-11-01 04:00:00,YZ,RTPV,0.0,MW
2045-11-02 05:00:00,YZ,RTPV,0.0,MW
2045-11-03 06:00:00,YZ,RTPV,0.0,MW
2045-11-04 07:00:00,YZ,RTPV,0.0,MW
2045-11-05 08:00:00,YZ,RTPV,0.0,MW
2045-11-06 09:00:00,YZ,RTPV,13.2,MW
2045-11-07 10:00:00,YZ,RTPV,28.2,MW
2045-11-08 11:00:00,YZ,RTPV,34.9,MW
2045-11-09 12:00:00,YZ,RTPV,20.4,MW
2045-11-10 13:00:00,YZ,RTPV,19.6,MW
2045-11-11 14:00:00,YZ,RTPV,24.2,MW
2045-11-12 15:00:00,YZ,RTPV,25.0,MW
2045-11-13 16:00:00,YZ,RTPV,30.2,MW
2045-11-14 17:00:00,YZ,RTPV,16.6,MW
2045-11-15 18:00:00,YZ,RTPV,1.4,MW
2045-11-16 19:00:00,YZ,RTPV,0.9,MW
2045-11-17 20:00:00,YZ,RTPV,0.0,MW
2045-11-18 21:00:00,YZ,RTPV,0.0,MW
2045-11-19 22:00:00,YZ,RTPV,0.0,MW
2045-11-20 23:00:00,YZ,RTPV,0.0,MW
2045-11-22 00:00:00,YZ,RTPV,0.0,MW
2045-11-23 01:00:00,YZ,RTPV,0.0,MW
2045-11-24 02:00:00,YZ,RTPV,0.0,MW
2045-11-25 03:00:00,YZ,RTPV,0.0,MW
2045-11-26 04:00:00,YZ,RTPV,0.0,MW
2045-11-27 05:00:00,YZ,RTPV,0.0,MW
2045-11-28 06:00:00,YZ,RTPV,0.0,MW
2045-11-29 07:00:00,YZ,RTPV,0.0,MW
2045-11-30 08:00:00,YZ,RTPV,0.0,MW
2045-12-01 09:00:00,YZ,RTPV,0.8,MW
2045-12-02 10:00:00,YZ,RTPV,32.0,MW
2045-12-03 11:00:00,YZ,RTPV,32.4,MW
2045-12-04 12:00:00,YZ,RTPV,21.7,MW
2045-12-05 13:00:00,YZ,RTPV,25.2,MW
2045-12-06 14:00:00,YZ,RTPV,25.8,MW
2045-12-07 15:00:00,YZ,RTPV,31.8,MW
2045-12-08 16:00:00,YZ,RTPV,13.7,MW
2045-12-09 17:00:00,YZ,RTPV,24.4,MW
2045-12-10 18:00:00,YZ,RTPV,2.5,MW
2045-12-11 19:00:00,YZ,RTPV,0.0,MW
2045-12-12 20:00:00,YZ,RTPV,0.0,MW
2045-12-13 21:00:00,YZ,RTPV,0.0,MW
2045-12-14 22:00:00,YZ,RTPV,0.0,MW
2045-12-15 23:00:00,YZ,RTPV,0.0,MW
2045-12-17 00:00:00,YZ,RTPV,0.0,MW
2045-12-18 01:00:00,YZ,RTPV,0.0,MW
2045-12-19 02:00:00,YZ,RTPV,0.0,MW
2045-12-20 03:00:00,YZ,RTPV,0.0,MW
2045-12-21 04:00:00,YZ,RTPV,0.0,MW
2045-12-22 05:00:00,YZ,RTPV,0.0,MW
2045-12-23 06:00:00,YZ,RTPV,0.0,MW
2045-12-24 07:00:00,YZ,RTPV,0.0,MW
2045-12-25 08:00:00,YZ,RTPV,0.0,MW
2045-12-26 09:00:00,YZ,RTPV,0.0,MW
2045-12-27 10:00:00,YZ,RTPV,12.0,MW
2045-12-28 11:00:00,YZ,RTPV,21.6,MW
2045-12-29 12:00:00,YZ,RTPV,20.8,MW
2045-12-30 13:00:00,YZ,RTPV,16.9,MW
2045-12-31 14:00:00,YZ,RTPV,21.5,MW
2046-01-01 15:00:00,YZ,RTPV,52.4,MW
2045-01-01 00:00:00,YZ,WTON,12482.9,MW
2045-01-02 01:00:00,YZ,WTON,8729.7,MW
2045-01-03 02:00:00,YZ,WTON,7037.7,MW
2045-01-04 03:00:00,YZ,WTON,8203.0,MW
2045-01-05 04:00:00,YZ,WTON,11587.2,MW
2045-01-06 05:00:00,YZ,WTON,12113.8,MW
2045-01-07 06:00:00,YZ,WTON,10703.6,MW
2045-01-08 07:00:00,YZ,WTON,13576.4,MW
2045-01-09 08:00:00,YZ,WTON,12772.6,MW
2045-01-10 09:00:00,YZ,WTON,9911.9,MW
2045-01-11 10:00:00,YZ,WTON,6879.6,MW
2045-01-12 11:00:00,YZ,WTON,10319.3,MW
2045-01-13 12:00:00,YZ,WTON,6220.0,MW
2045-01-14 13:00:00,YZ,WTON,6719.3,MW
2045-01-15 14:00:00,YZ,WTON,8561.2,MW
2045-01-16 15:00:00,YZ,WTON,6038.0,MW
2045-01-17 16:00:00,YZ,WTON,6595.4,MW
2045-01-18 17:00:00,YZ,WTON,7907.5,MW
2045-01-19 18:00:00,YZ,WTON,7199.0,MW
2045-01-20 19:00:00,YZ,WTON,7612.0,MW
2045-01-21 20:00:00,YZ,WTON,13099.8,MW
2045-01-22 21:00:00,YZ,WTON,8360.4,MW
2045-01-23 22:00:00,YZ,WTON,12110.1,MW
2045-01-24 23:00:00,YZ,WTON,13960.0,MW
2045-01-26 00:00:00,YZ,WTON,16910.0,MW
2045-01-27 01:00:00,YZ,WTON,16610.1,MW
2045-01-28 02:00:00,YZ,WTON,17588.4,MW
2045-01-29 03:00:00,YZ,WTON,7678.7,MW
2045-01-30 04:00:00,YZ,WTON,7007.2,MW
2045-01-31 05:00:00,YZ,WTON,4952.5,MW
2045-02-01 06:00:00,YZ,WTON,9628.5,MW
2045-02-02 07:00:00,YZ,WTON,10922.2,MW
2045-02-03 08:00:00,YZ,WTON,2429.3,MW
2045-02-04 09:00:00,YZ,WTON,8159.7,MW
2045-02-05 10:00:00,YZ,WTON,15039.4,MW
2045-02-06 11:00:00,YZ,WTON,10320.9,MW
2045-02-07 12:00:00,YZ,WTON,9192.5,MW
2045-02-08 13:00:00,YZ,WTON,2450.6,MW
2045-02-09 14:00:00,YZ,WTON,3678.9,MW
2045-02-10 15:00:00,YZ,WTON,2507.2,MW
2045-02-11 16:00:00,YZ,WTON,7426.3,MW
2045-02-12 17:00:00,YZ,WTON,9942.1,MW
2045-02-13 18:00:00,YZ,WTON,9637.4,MW
2045-02-14 19:00:00,YZ,WTON,4963.3,MW
2045-02-15 20:00:00,YZ,WTON,8676.6,MW
2045-02-16 21:00:00,YZ,WTON,9847.7,MW
2045-02-17 22:00:00,YZ,WTON,11597.4,MW
2045-02-18 23:00:00,YZ,WTON,6774.1,MW
2045-02-20 00:00:00,YZ,WTON,5417.9,MW
2045-02-21 01:00:00,YZ,WTON,4884.9,MW
2045-02-22 02:00:00,YZ,WTON,14641.6,MW
2045-02-23 03:00:00,YZ,WTON,20189.3,MW
2045-02-24 04:00:00,YZ,WTON,15023.7,MW
2045-02-25 05:00:00,YZ,WTON,13180.1,MW
2045-02-26 06:00:00,YZ,WTON,10224.7,MW
2045-02-27 07:00:00,YZ,WTON,16251.8,MW
2045-02-28 08:00:00,YZ,WTON,7351.9,MW
2045-03-01 09:00:00,YZ,WTON,4804.0,MW
2045-03-02 10:00:00,YZ,WTON,10763.2,MW
2045-03-03 11:00:00,YZ,WTON,7176.8,MW
2045-03-04 12:00:00,YZ,WTON,4019.8,MW
2045-03-05 13:00:00,YZ,WTON,2170.7,MW
2045-03-06 14:00:00,YZ,WTON,2804.3,MW
2045-03-07 15:00:00,YZ,WTON,4547.5,MW
2045-03-08 16:00:00,YZ,WTON,6971.9,MW
2045-03-09 17:00:00,YZ,WTON,10347.7,MW
2045-03-10 18:00:00,YZ,WTON,11251.5,MW
2045-03-11 19:00:00,YZ,WTON,9946.4,MW
2045-03-12 20:00:00,YZ,WTON,9256.2,MW
2045-03-13 21:00:00,YZ,WTON,6089.2,MW
2045-03-14 22:00:00,YZ,WTON,12343.8,MW
2045-03-15 23:00:00,YZ,WTON,15509.7,MW
2045-03-17 00:00:00,YZ,WTON,17723.7,MW
2045-03-18 01:00:00,YZ,WTON,14774.1,MW
2045-03-19 02:00:00,YZ,WTON,17207.6,MW
2045-03-20 03:00:00,YZ,WTON,7784.4,MW
2045-03-21 04:00:00,YZ,WTON,4345.9,MW
2045-03-22 05:00:00,YZ,WTON,10551.6,MW
2045-03-23 06:00:00,YZ,WTON,16558.0,MW
2045-03-24 07:00:00,YZ,WTON,12822.7,MW
2045-03-25 08:00:00,YZ,WTON,13530.7,MW
2045-03-26 09:00:00,YZ,WTON,9648.3,MW
2045-03-27 10:00:00,YZ,WTON,6003.6,MW
2045-03-28 11:00:00,YZ,WTON,1023.3,MW
2045-03-29 12:00:00,YZ,WTON,0.0,MW
2045-03-30 13:00:00,YZ,WTON,0.0,MW
2045-03-31 14:00:00,YZ,WTON,0.0,MW
2045-04-01 15:00:00,YZ,WTON,2375.3,MW
2045-04-02 16:00:00,YZ,WTON,4736.8,MW
2045-04-03 17:00:00,YZ,WTON,13296.5,MW
2045-04-04 18:00:00,YZ,WTON,11222.7,MW
2045-04-05 19:00:00,YZ,WTON,12575.7,MW
2045-04-06 20:00:00,YZ,WTON,3561.4,MW
2045-04-07 21:00:00,YZ,WTON,10306.3,MW
2045-04-08 22:00:00,YZ,WTON,11491.4,MW
2045-04-09 23:00:00,YZ,WTON,16307.5,MW
2045-04-11 00:00:00,YZ,WTON,15780.3,MW
2045-04-12 01:00:00,YZ,WTON,12083.8,MW
2045-04-13 02:00:00,YZ,WTON,15219.9,MW
2045-04-14 03:00:00,YZ,WTON,15427.7,MW
2045-04-15 04:00:00,YZ,WTON,8665.9,MW
2045-04-16 05:00:00,YZ,WTON,7320.4,MW
2045-04-17 06:00:00,YZ,WTON,3549.4,MW
2045-04-18 07:00:00,YZ,WTON,6321.7,MW
2045-04-19 08:00:00,YZ,WTON,11722.2,MW
2045-04-20 09:00:00,YZ,WTON,5910.2,MW
2045-04-21 10:00:00,YZ,WTON,3218.7,MW
2045-04-22 11:00:00,YZ,WTON,3095.4,MW
2045-04-23 12:00:00,YZ,WTON,0.0,MW
2045-04-24 13:00:00,YZ,WTON,0.0,MW
2045-04-25 14:00:00,YZ,WTON,309.1,MW
2045-04-26 15:00:00,YZ,WTON,5547.6,MW
2045-04-27 16:00:00,YZ,WTON,2055.3,MW
2045-04-28 17:00:00,YZ,WTON,6684.2,MW
2045-04-29 18:00:00,YZ,WTON,6361.2,MW
2045-04-30 19:00:00,YZ,WTON,8539.1,MW
2045-05-01 20:00:00,YZ,WTON,7263.1,MW
2045-05-02 21:00:00,YZ,WTON,8380.7,MW
2045-05-03 22:00:00,YZ,WTON,11627.0,MW
2045-05-04 23:00:00,YZ,WTON,11715.0,MW
2045-05-06 00:00:00,YZ,WTON,6021.5,MW
2045-05-07 01:00:00,YZ,WTON,4891.0,MW
2045-05-08 02:00:00,YZ,WTON,5065.7,MW
2045-05-09 03:00:00,YZ,WTON,13032.4,MW
2045-05-10 04:00:00,YZ,WTON,7043.8,MW
2045-05-11 05:00:00,YZ,WTON,11083.1,MW
2045-05-12 06:00:00,YZ,WTON,14341.6,MW
2045-05-13 07:00:00,YZ,WTON,13394.7,MW
2045-05-14 08:00:00,YZ,WTON,9067.2,MW
2045-05-15 09:00:00,YZ,WTON,5363.8,MW
2045-05-16 10:00:00,YZ,WTON,4433.0,MW
2045-05-17 11:00:00,YZ,WTON,1008.6,MW
2045-05-18 12:00:00,YZ,WTON,1720.4,MW
2045-05-19 13:00:00,YZ,WTON,0.0,MW
2045-05-20 14:00:00,YZ,WTON,2398.7,MW
2045-05-21 15:00:00,YZ,WTON,1316.6,MW
2045-05-22 16:00:00,YZ,WTON,4716.4,MW
2045-05-23 17:00:00,YZ,WTON,6427.3,MW
2045-05-24 18:00:00,YZ,WTON,5058.8,MW
2045-05-25 19:00:00,YZ,WTON,9804.2,MW
2045-05-26 20:00:00,YZ,WTON,9595.4,MW
2045-05-27 21:00:00,YZ,WTON,5736.3,MW
2045-05-28 22:00:00,YZ,WTON,7313.3,MW
2045-05-29 23:00:00,YZ,WTON,10403.3,MW
2045-05-31 00:00:00,YZ,WTON,6263.0,MW
2045-06-01 01:00:00,YZ,WTON,5243.1,MW
2045-06-02 02:00:00,YZ,WTON,7100.9,MW
2045-06-03 03:00:00,YZ,WTON,8607.6,MW
2045-06-04 04:00:00,YZ,WTON,12346.3,MW
2045-06-05 05:00:00,YZ,WTON,10753.4,MW
2045-06-06 06:00:00,YZ,WTON,4983.1,MW
2045-06-07 07:00:00,YZ,WTON,1132.9,MW
2045-06-08 08:00:00,YZ,WTON,5917.6,MW
2045-06-09 09:00:00,YZ,WTON,4441.1,MW
2045-06-10 10:00:00,YZ,WTON,1947.7,MW
2045-06-11 11:00:00,YZ,WTON,3196.0,MW
2045-06-12 12:00:00,YZ,WTON,109.1,MW
2045-06-13 13:00:00,YZ,WTON,1011.4,MW
2045-06-14 14:00:00,YZ,WTON,0.0,MW
2045-06-15 15:00:00,YZ,WTON,0.0,MW
2045-06-16 16:00:00,YZ,WTON,2790.0,MW
2045-06-17 17:00:00,YZ,WTON,3928.9,MW
2045-06-18 18:00:00,YZ,WTON,9859.3,MW
2045-06-19 19:00:00,YZ,WTON,10475.2,MW
2045-06-20 20:00:00,YZ,WTON,8385.0,MW
2045-06-21 21:00:00,YZ,WTON,8319.6,MW
2045-06-22 22:00:00,YZ,WTON,6291.1,MW
2045-06-23 23:00:00,YZ,WTON,8152.6,MW
2045-06-25 00:00:00,YZ,WTON,7437.7,MW
2045-06-26 01:00:00,YZ,WTON,4575.2,MW
2045-06-27 02:00:00,YZ,WTON,8361.7,MW
2045-06-28 03:00:00,YZ,WTON,7538.9,MW
2045-06-29 04:00:00,YZ,WTON,7182.9,MW
2045-06-30 05:00:00,YZ,WTON,6471.5,MW
2045-07-01 06:00:00,YZ,WTON,5927.0,MW
2045-07-02 07:00:00,YZ,WTON,5047.3,MW
2045-07-03 08:00:00,YZ,WTON,3584.8,MW
2045-07-04 09:00:00,YZ,WTON,2207.1,MW
2045-07-05 10:00:00,YZ,WTON,2466.2,MW
2045-07-06 11:00:00,YZ,WTON,6800.0,MW
2045-07-07 12:00:00,YZ,WTON,7005.2,MW
2045-07-08 13:00:00,YZ,WTON,852.2,MW
2045-07-09 14:00:00,YZ,WTON,1460.9,MW
2045-07-10 15:00:00,YZ,WTON,1126.0,MW
2045-07-11 16:00:00,YZ,WTON,5906.1,MW
2045-07-12 17:00:00,YZ,WTON,9645.3,MW
2045-07-13 18:00:00,YZ,WTON,10417.2,MW
2045-07-14 19:00:00,YZ,WTON,7825.9,MW
2045-07-15 20:00:00,YZ,WTON,4051.5,MW
2045-07-16 21:00:00,YZ,WTON,4776.2,MW
2045-07-17 22:00:00,YZ,WTON,4277.7,MW
2045-07-18 23:00:00,YZ,WTON,4445.2,MW
2045-07-20 00:00:00,YZ,WTON,7247.3,MW
2045-07-21 01:00:00,YZ,WTON,6423.9,MW
2045-07-22 02:00:00,YZ,WTON,6426.1,MW
2045-07-23 03:00:00,YZ,WTON,6041.4,MW
2045-07-24 04:00:00,YZ,WTON,4142.6,MW
2045-07-25 05:00:00,YZ,WTON,6662.8,MW
2045-07-26 06:00:00,YZ,WTON,10595.2,MW
2045-07-27 07:00:00,YZ,WTON,10250.9,MW
2045-07-28 08:00:00,YZ,WTON,6164.2,MW
2045-07-29 09:00:00,YZ,WTON,4821.3,MW
2045-07-30 10:00:00,YZ,WTON,3795.8,MW
2045-07-31 11:00:00,YZ,WTON,2705.9,MW
2045-08-01 12:00:00,YZ,WTON,807.2,MW
2045-08-02 13:00:00,YZ,WTON,0.0,MW
2045-08-03 14:00:00,YZ,WTON,0.0,MW
2045-08-04 15:00:00,YZ,WTON,4119.6,MW
2045-08-05 16:00:00,YZ,WTON,835.0,MW
2045-08-06 17:00:00,YZ,WTON,3337.5,MW
2045-08-07 18:00:00,YZ,WTON,3362.2,MW
2045-08-08 19:00:00,YZ,WTON,6061.3,MW
2045-08-09 20:00:00,YZ,WTON,7352.8,MW
2045-08-10 21:00:00,YZ,WTON,5519.4,MW
2045-08-11 22:00:00,YZ,WTON,6968.0,MW
2045-08-12 23:00:00,YZ,WTON,13246.4,MW
2045-08-14 00:00:00,YZ,WTON,11469.4,MW
2045-08-15 01:00:00,YZ,WTON,7066.3,MW
2045-08-16 02:00:00,YZ,WTON,4407.9,MW
2045-08-17 03:00:00,YZ,WTON,4268.0,MW
2045-08-18 04:00:00,YZ,WTON,4706.7,MW
2045-08-19 05:00:00,YZ,WTON,6571.6,MW
2045-08-20 06:00:00,YZ,WTON,8785.7,MW
2045-08-21 07:00:00,YZ,WTON,7433.1,MW
2045-08-22 08:00:00,YZ,WTON,5853.3,MW
2045-08-23 09:00:00,YZ,WTON,6123.7,MW
2045-08-24 10:00:00,YZ,WTON,4328.2,MW
2045-08-25 11:00:00,YZ,WTON,1291.4,MW
2045-08-26 12:00:00,YZ,WTON,0.0,MW
2045-08-27 13:00:00,YZ,WTON,0.0,MW
2045-08-28 14:00:00,YZ,WTON,0.0,MW
2045-08-29 15:00:00,YZ,WTON,0.0,MW
2045-08-30 16:00:00,YZ,WTON,0.0,MW
2045-08-31 17:00:00,YZ,WTON,3720.9,MW
2045-09-01 18:00:00,YZ,WTON,7487.6,MW
2045-09-02 19:00:00,YZ,WTON,8857.6,MW
2045-09-03 20:00:00,YZ,WTON,13052.1,MW
2045-09-04 21:00:00,YZ,WTON,9454.3,MW
2045-09-05 22:00:00,YZ,WTON,6029.2,MW
2045-09-06 23:00:00,YZ,WTON,8932.9,MW
2045-09-08 00:00:00,YZ,WTON,11170.9,MW
2045-09-09 01:00:00,YZ,WTON,9979.5,MW
2045-09-10 02:00:00,YZ,WTON,10400.3,MW
2045-09-11 03:00:00,YZ,WTON,9020.7,MW
2045-09-12 04:00:00,YZ,WTON,8734.5,MW
2045-09-13 05:00:00,YZ,WTON,7727.1,MW
2045-09-14 06:00:00,YZ,WTON,8465.5,MW
2045-09-15 07:00:00,YZ,WTON,7149.3,MW
2045-09-16 08:00:00,YZ,WTON,4497.3,MW
2045-09-17 09:00:00,YZ,WTON,10850.8,MW
2045-09-18 10:00:00,YZ,WTON,4535.0,MW
2045-09-19 11:00:00,YZ,WTON,4701.3,MW
2045-09-20 12:00:00,YZ,WTON,3920.3,MW
2045-09-21 13:00:00,YZ,WTON,2283.4,MW
2045-09-22 14:00:00,YZ,WTON,1013.4,MW
2045-09-23 15:00:00,YZ,WTON,2942.3,MW
2045-09-24 16:00:00,YZ,WTON,2379.6,MW
2045-09-25 17:00:00,YZ,WTON,6396.7,MW
2045-09-26 18:00:00,YZ,WTON,11572.4,MW
2045-09-27 19:00:00,YZ,WTON,14801.4,MW
2045-09-28 20:00:00,YZ,WTON,9301.9,MW
2045-09-29 21:00:00,YZ,WTON,5233.8,MW
2045-09-30 22:00:00,YZ,WTON,5611.5,MW
2045-10-01 23:00:00,YZ,WTON,5999.7,MW
2045-10-03 00:00:00,YZ,WTON,3983.0,MW
2045-10-04 01:00:00,YZ,WTON,5947.6,MW
2045-10-05 02:00:00,YZ,WTON,13016.0,MW
2045-10-06 03:00:00,YZ,WTON,13253.4,MW
2045-10-07 04:00:00,YZ,WTON,12352.6,MW
2045-10-08 05:00:00,YZ,WTON,10911.3,MW
2045-10-09 06:00:00,YZ,WTON,7055.7,MW
2045-10-10 07:00:00,YZ,WTON,3312.4,MW
2045-10-11 08:00:00,YZ,WTON,5111.2,MW
2045-10-12 09:00:00,YZ,WTON,10875.1,MW
2045-10-13 10:00:00,YZ,WTON,15145.7,MW
2045-10-14 11:00:00,YZ,WTON,7984.7,MW
2045-10-15 12:00:00,YZ,WTON,2670.3,MW
2045-10-16 13:00:00,YZ,WTON,2756.7,MW
2045-10-17 14:00:00,YZ,WTON,5868.6,MW
2045-10-18 15:00:00,YZ,WTON,6359.1,MW
2045-10-19 16:00:00,YZ,WTON,4755.5,MW
2045-10-20 17:00:00,YZ,WTON,12511.0,MW
2045-10-21 18:00:00,YZ,WTON,14911.8,MW
2045-10-22 19:00:00,YZ,WTON,15359.2,MW
2045-10-23 20:00:00,YZ,WTON,10943.8,MW
2045-10-24 21:00:00,YZ,WTON,8423.5,MW
2045-10-25 22:00:00,YZ,WTON,13304.8,MW
2045-10-26 23:00:00,YZ,WTON,5931.0,MW
2045-10-28 00:00:00,YZ,WTON,6350.2,MW
2045-10-29 01:00:00,YZ,WTON,9000.0,MW
2045-10-30 02:00:00,YZ,WTON,4456.8,MW
2045-10-31 03:00:00,YZ,WTON,7131.6,MW
2045-11-01 04:00:00,YZ,WTON,7835.8,MW
2045-11-02 05:00:00,YZ,WTON,9635.4,MW
2045-11-03 06:00:00,YZ,WTON,12463.8,MW
2045-11-04 07:00:00,YZ,WTON,16118.7,MW
2045-11-05 08:00:00,YZ,WTON,16217.9,MW
2045-11-06 09:00:00,YZ,WTON,14627.2,MW
2045-11-07 10:00:00,YZ,WTON,13210.8,MW
2045-11-08 11:00:00,YZ,WTON,5848.7,MW
2045-11-09 12:00:00,YZ,WTON,7904.7,MW
2045-11-10 13:00:00,YZ,WTON,7803.7,MW
2045-11-11 14:00:00,YZ,WTON,9315.6,MW
2045-11-12 15:00:00,YZ,WTON,7894.7,MW
2045-11-13 16:00:00,YZ,WTON,11863.2,MW
2045-11-14 17:00:00,YZ,WTON,10170.6,MW
2045-11-15 18:00:00,YZ,WTON,3281.6,MW
2045-11-16 19:00:00,YZ,WTON,10034.0,MW
2045-11-17 20:00:00,YZ,WTON,12098.9,MW
2045-11-18 21:00:00,YZ,WTON,4627.7,MW
2045-11-19 22:00:00,YZ,WTON,18035.9,MW
2045-11-20 23:00:00,YZ,WTON,14997.4,MW
2045-11-22 00:00:00,YZ,WTON,17959.1,MW
2045-11-23 01:00:00,YZ,WTON,14603.4,MW
2045-11-24 02:00:00,YZ,WTON,8953.4,MW
2045-11-25 03:00:00,YZ,WTON,12549.7,MW
2045-11-26 04:00:00,YZ,WTON,7898.4,MW
2045-11-27 05:00:00,YZ,WTON,14879.0,MW
2045-11-28 06:00:00,YZ,WTON,15152.2,MW
2045-11-29 07:00:00,YZ,WTON,5698.2,MW
2045-11-30 08:00:00,YZ,WTON,13523.8,MW
2045-12-01 09:00:00,YZ,WTON,12777.3,MW
2045-12-02 10:00:00,YZ,WTON,10287.6,MW
2045-12-03 11:00:00,YZ,WTON,8734.9,MW
2045-12-04 12:00:00,YZ,WTON,11194.6,MW
2045-12-05 13:00:00,YZ,WTON,7467.3,MW
2045-12-06 14:00:00,YZ,WTON,2602.8,MW
2045-12-07 15:00:00,YZ,WTON,2620.7,MW
2045-12-08 16:00:00,YZ,WTON,11297.8,MW
2045-12-09 17:00:00,YZ,WTON,16085.1,MW
2045-12-10 18:00:00,YZ,WTON,13926.1,MW
2045-12-11 19:00:00,YZ,WTON,9854.7,MW
2045-12-12 20:00:00,YZ,WTON,6877.0,MW
2045-12-13 21:00:00,YZ,WTON,8036.9,MW
2045-12-14 22:00:00,YZ,WTON,12770.0,MW
2045-12-15 23:00:00,YZ,WTON,14861.8,MW
2045-12-17 00:00:00,YZ,WTON,7614.8,MW
2045-12-18 01:00:00,YZ,WTON,7582.5,MW
2045-12-19 02:00:00,YZ,WTON,5776.6,MW
2045-12-20 03:00:00,YZ,WTON,9800.7,MW
2045-12-21 04:00:00,YZ,WTON,10151.8,MW
2045-12-22 05:00:00,YZ,WTON,12443.6,MW
2045-12-23 06:00:00,YZ,WTON,13334.5,MW
2045-12-24 07:00:00,YZ,WTON,6328.2,MW
2045-12-25 08:00:00,YZ,WTON,8294.5,MW
2045-12-26 09:00:00,YZ,WTON,12850.9,MW
2045-12-27 10:00:00,YZ,WTON,10299.8,MW
2045-12-28 11:00:00,YZ,WTON,4458.0,MW
2045-12-29 12:00:00,YZ,WTON,6424.7,MW
2045-12-30 13:00:00,YZ,WTON,8111.3,MW
2045-12-31 14:00:00,YZ,WTON,1809.3,MW
2046-01-01 15:00:00,YZ,WTON,7969.3,MW
