snapshot,type,status,value,country,unit
2045-01-01 00:00:00,TRAN-PRV,charging,54.315789473760006,XY,MW
2045-01-02 01:00:00,TRAN-PUB,charging,36.21052631579,XY,MW
2045-01-03 02:00:00,TRAN-PRV,charging,51.789473684280004,XY,MW
2045-01-04 03:00:00,TRAN-PUB,charging,34.52631578947,XY,MW
2045-01-05 04:00:00,TRAN-PRV,charging,53.05263157902,XY,MW
2045-01-06 05:00:00,TRAN-PUB,charging,35.36842105263,XY,MW
2045-01-07 06:00:00,TRAN-PRV,charging,56.84210526323999,XY,MW
2045-01-08 07:00:00,TRAN-PUB,charging,37.89473684211001,XY,MW
2045-01-09 08:00:00,TRAN-PRV,charging,56.84210526323999,XY,MW
2045-01-10 09:00:00,TRAN-PUB,charging,37.89473684211001,XY,MW
2045-01-11 10:00:00,TRAN-PRV,charging,54.315789473760006,XY,MW
2045-01-12 11:00:00,TRAN-PUB,charging,36.21052631579,XY,MW
2045-01-13 12:00:00,TRAN-PRV,charging,55.5789473685,XY,MW
2045-01-14 13:00:00,TRAN-PUB,charging,37.05263157895,XY,MW
2045-01-15 14:00:00,TRAN-PRV,charging,32.21052631584,XY,MW
2045-01-16 15:00:00,TRAN-PUB,charging,21.47368421054,XY,MW
2045-01-17 16:00:00,TRAN-PRV,charging,30.31578947373,XY,MW
2045-01-18 17:00:00,TRAN-PUB,charging,20.21052631579,XY,MW
2045-01-19 18:00:00,TRAN-PRV,charging,29.684210526330002,XY,MW
2045-01-20 19:00:00,TRAN-PUB,charging,19.78947368422,XY,MW
2045-01-21 20:00:00,TRAN-PRV,charging,30.31578947373,XY,MW
2045-01-22 21:00:00,TRAN-PUB,charging,20.21052631579,XY,MW
2045-01-23 22:00:00,TRAN-PRV,charging,30.31578947373,XY,MW
2045-01-24 23:00:00,TRAN-PUB,charging,20.21052631579,XY,MW
2045-01-26 00:00:00,TRAN-PRV,charging,27.15789473685,XY,MW
2045-01-27 01:00:00,TRAN-PUB,charging,18.105263157899998,XY,MW
2045-01-28 02:00:00,TRAN-PRV,charging,29.684210526330002,XY,MW
2045-01-29 03:00:00,TRAN-PUB,charging,19.78947368422,XY,MW
2045-01-30 04:00:00,TRAN-PRV,charging,25.89473684211,XY,MW
2045-01-31 05:00:00,TRAN-PUB,charging,17.26315789474,XY,MW
2045-02-01 06:00:00,TRAN-PRV,charging,24.00000000003,XY,MW
2045-02-02 07:00:00,TRAN-PUB,charging,16.0,XY,MW
2045-02-03 08:00:00,TRAN-PRV,charging,19.578947368439998,XY,MW
2045-02-04 09:00:00,TRAN-PUB,charging,13.05263157894,XY,MW
2045-02-05 10:00:00,TRAN-PRV,charging,16.42105263159,XY,MW
2045-02-06 11:00:00,TRAN-PUB,charging,10.94736842106,XY,MW
2045-02-07 12:00:00,TRAN-PRV,charging,7.57894736844,XY,MW
2045-02-08 13:00:00,TRAN-PUB,charging,5.052631578941,XY,MW
2045-02-09 14:00:00,TRAN-PRV,charging,26.52631578951,XY,MW
2045-02-10 15:00:00,TRAN-PUB,charging,17.68421052632,XY,MW
2045-02-11 16:00:00,TRAN-PRV,charging,25.26315789477,XY,MW
2045-02-12 17:00:00,TRAN-PUB,charging,16.84210526315,XY,MW
2045-02-13 18:00:00,TRAN-PRV,charging,35.36842105269,XY,MW
2045-02-14 19:00:00,TRAN-PUB,charging,23.57894736841,XY,MW
2045-02-15 20:00:00,TRAN-PRV,charging,39.157894736879996,XY,MW
2045-02-16 21:00:00,TRAN-PUB,charging,26.105263157899998,XY,MW
2045-02-17 22:00:00,TRAN-PRV,charging,42.9473684211,XY,MW
2045-02-18 23:00:00,TRAN-PUB,charging,28.631578947370002,XY,MW
2045-02-20 00:00:00,TRAN-PRV,charging,46.10526315795,XY,MW
2045-02-21 01:00:00,TRAN-PUB,charging,30.73684210527,XY,MW
2045-02-22 02:00:00,TRAN-PRV,charging,46.10526315795,XY,MW
2045-02-23 03:00:00,TRAN-PUB,charging,30.73684210527,XY,MW
2045-02-24 04:00:00,TRAN-PRV,charging,51.15789473691,XY,MW
2045-02-25 05:00:00,TRAN-PUB,charging,34.1052631579,XY,MW
2045-02-26 06:00:00,TRAN-PRV,charging,55.5789473685,XY,MW
2045-02-27 07:00:00,TRAN-PUB,charging,37.05263157895,XY,MW
2045-02-28 08:00:00,TRAN-PRV,charging,57.47368421061,XY,MW
2045-03-01 09:00:00,TRAN-PUB,charging,38.31578947368,XY,MW
2045-03-02 10:00:00,TRAN-PRV,charging,53.68421052636,XY,MW
2045-03-03 11:00:00,TRAN-PUB,charging,35.78947368422,XY,MW
2045-03-04 12:00:00,TRAN-PRV,charging,45.47368421058,XY,MW
2045-03-05 13:00:00,TRAN-PUB,charging,30.31578947368,XY,MW
2045-03-06 14:00:00,TRAN-PRV,charging,37.26315789477,XY,MW
2045-03-07 15:00:00,TRAN-PUB,charging,24.84210526315,XY,MW
2045-03-08 16:00:00,TRAN-PRV,charging,46.73684210532,XY,MW
2045-03-09 17:00:00,TRAN-PUB,charging,31.15789473685,XY,MW
2045-03-10 18:00:00,TRAN-PRV,charging,51.15789473691,XY,MW
2045-03-11 19:00:00,TRAN-PUB,charging,34.1052631579,XY,MW
2045-03-12 20:00:00,TRAN-PRV,charging,26.52631578951,XY,MW
2045-03-13 21:00:00,TRAN-PUB,charging,17.68421052632,XY,MW
2045-03-14 22:00:00,TRAN-PRV,charging,29.684210526330002,XY,MW
2045-03-15 23:00:00,TRAN-PUB,charging,19.78947368422,XY,MW
2045-03-17 00:00:00,TRAN-PRV,charging,29.05263157899,XY,MW
2045-03-18 01:00:00,TRAN-PUB,charging,19.368421052619997,XY,MW
2045-03-19 02:00:00,TRAN-PRV,charging,25.89473684211,XY,MW
2045-03-20 03:00:00,TRAN-PUB,charging,17.26315789474,XY,MW
2045-03-21 04:00:00,TRAN-PRV,charging,12.00000000003,XY,MW
2045-03-22 05:00:00,TRAN-PUB,charging,8.0,XY,MW
2045-03-23 06:00:00,TRAN-PRV,charging,16.42105263159,XY,MW
2045-03-24 07:00:00,TRAN-PUB,charging,10.94736842106,XY,MW
2045-03-25 08:00:00,TRAN-PRV,charging,23.36842105266,XY,MW
2045-03-26 09:00:00,TRAN-PUB,charging,15.57894736841,XY,MW
2045-03-27 10:00:00,TRAN-PRV,charging,20.21052631581,XY,MW
2045-03-28 11:00:00,TRAN-PUB,charging,13.47368421054,XY,MW
2045-03-29 12:00:00,TRAN-PRV,charging,17.052631578990002,XY,MW
2045-03-30 13:00:00,TRAN-PUB,charging,11.36842105262,XY,MW
2045-03-31 14:00:00,TRAN-PRV,charging,18.94736842107,XY,MW
2045-04-01 15:00:00,TRAN-PUB,charging,12.63157894737,XY,MW
2045-04-02 16:00:00,TRAN-PRV,charging,25.26315789477,XY,MW
2045-04-03 17:00:00,TRAN-PUB,charging,16.84210526315,XY,MW
2045-04-04 18:00:00,TRAN-PRV,charging,24.00000000003,XY,MW
2045-04-05 19:00:00,TRAN-PUB,charging,16.0,XY,MW
2045-04-06 20:00:00,TRAN-PRV,charging,36.00000000003,XY,MW
2045-04-07 21:00:00,TRAN-PUB,charging,24.0,XY,MW
2045-04-08 22:00:00,TRAN-PRV,charging,39.789473684250005,XY,MW
2045-04-09 23:00:00,TRAN-PUB,charging,26.52631578947,XY,MW
2045-04-11 00:00:00,TRAN-PRV,charging,49.2631578948,XY,MW
2045-04-12 01:00:00,TRAN-PUB,charging,32.84210526315,XY,MW
2045-04-13 02:00:00,TRAN-PRV,charging,51.789473684280004,XY,MW
2045-04-14 03:00:00,TRAN-PUB,charging,34.52631578947,XY,MW
2045-04-15 04:00:00,TRAN-PRV,charging,54.315789473760006,XY,MW
2045-04-16 05:00:00,TRAN-PUB,charging,36.21052631579,XY,MW
2045-04-17 06:00:00,TRAN-PRV,charging,55.5789473685,XY,MW
2045-04-18 07:00:00,TRAN-PUB,charging,37.05263157895,XY,MW
2045-04-19 08:00:00,TRAN-PRV,charging,53.05263157902,XY,MW
2045-04-20 09:00:00,TRAN-PUB,charging,35.36842105263,XY,MW
2045-04-21 10:00:00,TRAN-PRV,charging,56.21052631587,XY,MW
2045-04-22 11:00:00,TRAN-PUB,charging,37.47368421054,XY,MW
2045-04-23 12:00:00,TRAN-PRV,charging,42.31578947376,XY,MW
2045-04-24 13:00:00,TRAN-PUB,charging,28.2105263158,XY,MW
2045-04-25 14:00:00,TRAN-PRV,charging,35.36842105269,XY,MW
2045-04-26 15:00:00,TRAN-PUB,charging,23.57894736841,XY,MW
2045-04-27 16:00:00,TRAN-PRV,charging,29.684210526330002,XY,MW
2045-04-28 17:00:00,TRAN-PUB,charging,19.78947368422,XY,MW
2045-04-29 18:00:00,TRAN-PRV,charging,28.42105263162,XY,MW
2045-04-30 19:00:00,TRAN-PUB,charging,18.947368421060002,XY,MW
2045-05-01 20:00:00,TRAN-PRV,charging,30.31578947373,XY,MW
2045-05-02 21:00:00,TRAN-PUB,charging,20.21052631579,XY,MW
2045-05-03 22:00:00,TRAN-PRV,charging,26.52631578951,XY,MW
2045-05-04 23:00:00,TRAN-PUB,charging,17.68421052632,XY,MW
2045-05-06 00:00:00,TRAN-PRV,charging,30.31578947373,XY,MW
2045-05-07 01:00:00,TRAN-PUB,charging,20.21052631579,XY,MW
2045-05-08 02:00:00,TRAN-PRV,charging,26.52631578951,XY,MW
2045-05-09 03:00:00,TRAN-PUB,charging,17.68421052632,XY,MW
2045-05-10 04:00:00,TRAN-PRV,charging,26.52631578951,XY,MW
2045-05-11 05:00:00,TRAN-PUB,charging,17.68421052632,XY,MW
2045-05-12 06:00:00,TRAN-PRV,charging,21.47368421055,XY,MW
2045-05-13 07:00:00,TRAN-PUB,charging,14.31578947368,XY,MW
2045-05-14 08:00:00,TRAN-PRV,charging,15.15789473685,XY,MW
2045-05-15 09:00:00,TRAN-PUB,charging,10.1052631579,XY,MW
2045-05-16 10:00:00,TRAN-PRV,charging,4.421052631584,XY,MW
2045-05-17 11:00:00,TRAN-PUB,charging,2.947368421054,XY,MW
2045-05-18 12:00:00,TRAN-PRV,charging,17.052631578990002,XY,MW
2045-05-19 13:00:00,TRAN-PUB,charging,11.36842105262,XY,MW
2045-05-20 14:00:00,TRAN-PRV,charging,15.15789473685,XY,MW
2045-05-21 15:00:00,TRAN-PUB,charging,10.1052631579,XY,MW
2045-05-22 16:00:00,TRAN-PRV,charging,27.78947368425,XY,MW
2045-05-23 17:00:00,TRAN-PUB,charging,18.52631578947,XY,MW
2045-05-24 18:00:00,TRAN-PRV,charging,32.84210526321,XY,MW
2045-05-25 19:00:00,TRAN-PUB,charging,21.894736842100002,XY,MW
2045-05-26 20:00:00,TRAN-PRV,charging,36.6315789474,XY,MW
2045-05-27 21:00:00,TRAN-PUB,charging,24.421052631589998,XY,MW
2045-05-28 22:00:00,TRAN-PRV,charging,39.789473684250005,XY,MW
2045-05-29 23:00:00,TRAN-PUB,charging,26.52631578947,XY,MW
2045-05-31 00:00:00,TRAN-PRV,charging,41.684210526360005,XY,MW
2045-06-01 01:00:00,TRAN-PUB,charging,27.78947368422,XY,MW
2045-06-02 02:00:00,TRAN-PRV,charging,48.00000000006,XY,MW
2045-06-03 03:00:00,TRAN-PUB,charging,32.0,XY,MW
2045-06-04 04:00:00,TRAN-PRV,charging,53.05263157902,XY,MW
2045-06-05 05:00:00,TRAN-PUB,charging,35.36842105263,XY,MW
2045-06-06 06:00:00,TRAN-PRV,charging,56.84210526323999,XY,MW
2045-06-07 07:00:00,TRAN-PUB,charging,37.89473684211001,XY,MW
2045-06-08 08:00:00,TRAN-PRV,charging,56.84210526323999,XY,MW
2045-06-09 09:00:00,TRAN-PUB,charging,37.89473684211001,XY,MW
2045-06-10 10:00:00,TRAN-PRV,charging,53.05263157902,XY,MW
2045-06-11 11:00:00,TRAN-PUB,charging,35.36842105263,XY,MW
2045-06-12 12:00:00,TRAN-PRV,charging,45.47368421058,XY,MW
2045-06-13 13:00:00,TRAN-PUB,charging,30.31578947368,XY,MW
2045-06-14 14:00:00,TRAN-PRV,charging,46.10526315795,XY,MW
2045-06-15 15:00:00,TRAN-PUB,charging,30.73684210527,XY,MW
2045-06-16 16:00:00,TRAN-PRV,charging,52.42105263161999,XY,MW
2045-06-17 17:00:00,TRAN-PUB,charging,34.94736842105,XY,MW
2045-06-18 18:00:00,TRAN-PRV,charging,25.89473684211,XY,MW
2045-06-19 19:00:00,TRAN-PUB,charging,17.26315789474,XY,MW
2045-06-20 20:00:00,TRAN-PRV,charging,28.42105263162,XY,MW
2045-06-21 21:00:00,TRAN-PUB,charging,18.947368421060002,XY,MW
2045-06-22 22:00:00,TRAN-PRV,charging,27.15789473685,XY,MW
2045-06-23 23:00:00,TRAN-PUB,charging,18.105263157899998,XY,MW
2045-06-25 00:00:00,TRAN-PRV,charging,20.84210526321,XY,MW
2045-06-26 01:00:00,TRAN-PUB,charging,13.894736842090001,XY,MW
2045-06-27 02:00:00,TRAN-PRV,charging,10.73684210529,XY,MW
2045-06-28 03:00:00,TRAN-PUB,charging,7.157894736851,XY,MW
2045-06-29 04:00:00,TRAN-PRV,charging,14.526315789509999,XY,MW
2045-06-30 05:00:00,TRAN-PUB,charging,9.68421052632,XY,MW
2045-07-01 06:00:00,TRAN-PRV,charging,18.94736842107,XY,MW
2045-07-02 07:00:00,TRAN-PUB,charging,12.63157894737,XY,MW
2045-07-03 08:00:00,TRAN-PRV,charging,2.526315789477,XY,MW
2045-07-04 09:00:00,TRAN-PUB,charging,1.684210526315,XY,MW
2045-07-05 10:00:00,TRAN-PRV,charging,9.47368421052,XY,MW
2045-07-06 11:00:00,TRAN-PUB,charging,6.3157894736869995,XY,MW
2045-07-07 12:00:00,TRAN-PRV,charging,12.63157894737,XY,MW
2045-07-08 13:00:00,TRAN-PUB,charging,8.4210526316,XY,MW
2045-07-09 14:00:00,TRAN-PRV,charging,15.15789473685,XY,MW
2045-07-10 15:00:00,TRAN-PUB,charging,10.1052631579,XY,MW
2045-07-11 16:00:00,TRAN-PRV,charging,15.789473684219999,XY,MW
2045-07-12 17:00:00,TRAN-PUB,charging,10.52631578946,XY,MW
2045-07-13 18:00:00,TRAN-PRV,charging,27.15789473685,XY,MW
2045-07-14 19:00:00,TRAN-PUB,charging,18.105263157899998,XY,MW
2045-07-15 20:00:00,TRAN-PRV,charging,26.52631578951,XY,MW
2045-07-16 21:00:00,TRAN-PUB,charging,17.68421052632,XY,MW
2045-07-17 22:00:00,TRAN-PRV,charging,42.9473684211,XY,MW
2045-07-18 23:00:00,TRAN-PUB,charging,28.631578947370002,XY,MW
2045-07-20 00:00:00,TRAN-PRV,charging,47.36842105269,XY,MW
2045-07-21 01:00:00,TRAN-PUB,charging,31.57894736841,XY,MW
2045-07-22 02:00:00,TRAN-PRV,charging,49.894736842170005,XY,MW
2045-07-23 03:00:00,TRAN-PUB,charging,33.263157894740004,XY,MW
2045-07-24 04:00:00,TRAN-PRV,charging,52.42105263161999,XY,MW
2045-07-25 05:00:00,TRAN-PUB,charging,34.94736842105,XY,MW
2045-07-26 06:00:00,TRAN-PRV,charging,52.42105263161999,XY,MW
2045-07-27 07:00:00,TRAN-PUB,charging,34.94736842105,XY,MW
2045-07-28 08:00:00,TRAN-PRV,charging,54.315789473760006,XY,MW
2045-07-29 09:00:00,TRAN-PUB,charging,36.21052631579,XY,MW
2045-07-30 10:00:00,TRAN-PRV,charging,49.894736842170005,XY,MW
2045-07-31 11:00:00,TRAN-PUB,charging,33.263157894740004,XY,MW
2045-08-01 12:00:00,TRAN-PRV,charging,44.21052631584,XY,MW
2045-08-02 13:00:00,TRAN-PUB,charging,29.47368421054,XY,MW
2045-08-03 14:00:00,TRAN-PRV,charging,33.47368421058,XY,MW
2045-08-04 15:00:00,TRAN-PUB,charging,22.31578947368,XY,MW
2045-08-05 16:00:00,TRAN-PRV,charging,27.78947368425,XY,MW
2045-08-06 17:00:00,TRAN-PUB,charging,18.52631578947,XY,MW
2045-08-07 18:00:00,TRAN-PRV,charging,28.42105263162,XY,MW
2045-08-08 19:00:00,TRAN-PUB,charging,18.947368421060002,XY,MW
2045-08-09 20:00:00,TRAN-PRV,charging,30.947368421070003,XY,MW
2045-08-10 21:00:00,TRAN-PUB,charging,20.631578947370002,XY,MW
2045-08-11 22:00:00,TRAN-PRV,charging,32.84210526321,XY,MW
2045-08-12 23:00:00,TRAN-PUB,charging,21.894736842100002,XY,MW
2045-08-14 00:00:00,TRAN-PRV,charging,24.00000000003,XY,MW
2045-08-15 01:00:00,TRAN-PUB,charging,16.0,XY,MW
2045-08-16 02:00:00,TRAN-PRV,charging,26.52631578951,XY,MW
2045-08-17 03:00:00,TRAN-PUB,charging,17.68421052632,XY,MW
2045-08-18 04:00:00,TRAN-PRV,charging,22.73684210529,XY,MW
2045-08-19 05:00:00,TRAN-PUB,charging,15.15789473685,XY,MW
2045-08-20 06:00:00,TRAN-PRV,charging,17.052631578990002,XY,MW
2045-08-21 07:00:00,TRAN-PUB,charging,11.36842105262,XY,MW
2045-08-22 08:00:00,TRAN-PRV,charging,1.894736842107,XY,MW
2045-08-23 09:00:00,TRAN-PUB,charging,1.2631578947370001,XY,MW
2045-08-24 10:00:00,TRAN-PRV,charging,13.26315789474,XY,MW
2045-08-25 11:00:00,TRAN-PUB,charging,8.84210526315,XY,MW
2045-08-26 12:00:00,TRAN-PRV,charging,13.894736842110001,XY,MW
2045-08-27 13:00:00,TRAN-PUB,charging,9.26315789474,XY,MW
2045-08-28 14:00:00,TRAN-PRV,charging,20.21052631581,XY,MW
2045-08-29 15:00:00,TRAN-PUB,charging,13.47368421054,XY,MW
2045-08-30 16:00:00,TRAN-PRV,charging,22.73684210529,XY,MW
2045-08-31 17:00:00,TRAN-PUB,charging,15.15789473685,XY,MW
2045-09-01 18:00:00,TRAN-PRV,charging,30.947368421070003,XY,MW
2045-09-02 19:00:00,TRAN-PUB,charging,20.631578947370002,XY,MW
2045-09-03 20:00:00,TRAN-PRV,charging,34.10526315795,XY,MW
2045-09-04 21:00:00,TRAN-PUB,charging,22.73684210527,XY,MW
2045-09-05 22:00:00,TRAN-PRV,charging,34.10526315795,XY,MW
2045-09-06 23:00:00,TRAN-PUB,charging,22.73684210527,XY,MW
2045-09-08 00:00:00,TRAN-PRV,charging,41.684210526360005,XY,MW
2045-09-09 01:00:00,TRAN-PUB,charging,27.78947368422,XY,MW
2045-09-10 02:00:00,TRAN-PRV,charging,46.73684210532,XY,MW
2045-09-11 03:00:00,TRAN-PUB,charging,31.15789473685,XY,MW
2045-09-12 04:00:00,TRAN-PRV,charging,54.315789473760006,XY,MW
2045-09-13 05:00:00,TRAN-PUB,charging,36.21052631579,XY,MW
2045-09-14 06:00:00,TRAN-PRV,charging,55.5789473685,XY,MW
2045-09-15 07:00:00,TRAN-PUB,charging,37.05263157895,XY,MW
2045-09-16 08:00:00,TRAN-PRV,charging,51.789473684280004,XY,MW
2045-09-17 09:00:00,TRAN-PUB,charging,34.52631578947,XY,MW
2045-09-18 10:00:00,TRAN-PRV,charging,55.5789473685,XY,MW
2045-09-19 11:00:00,TRAN-PUB,charging,37.05263157895,XY,MW
2045-09-20 12:00:00,TRAN-PRV,charging,54.315789473760006,XY,MW
2045-09-21 13:00:00,TRAN-PUB,charging,36.21052631579,XY,MW
2045-09-22 14:00:00,TRAN-PRV,charging,53.68421052636,XY,MW
2045-09-23 15:00:00,TRAN-PUB,charging,35.78947368422,XY,MW
2045-09-24 16:00:00,TRAN-PRV,charging,24.00000000003,XY,MW
2045-09-25 17:00:00,TRAN-PUB,charging,16.0,XY,MW
2045-09-26 18:00:00,TRAN-PRV,charging,25.89473684211,XY,MW
2045-09-27 19:00:00,TRAN-PUB,charging,17.26315789474,XY,MW
2045-09-28 20:00:00,TRAN-PRV,charging,27.15789473685,XY,MW
2045-09-29 21:00:00,TRAN-PUB,charging,18.105263157899998,XY,MW
2045-09-30 22:00:00,TRAN-PRV,charging,26.52631578951,XY,MW
2045-10-01 23:00:00,TRAN-PUB,charging,17.68421052632,XY,MW
2045-10-03 00:00:00,TRAN-PRV,charging,18.3157894737,XY,MW
2045-10-04 01:00:00,TRAN-PUB,charging,12.21052631578,XY,MW
2045-10-05 02:00:00,TRAN-PRV,charging,13.26315789474,XY,MW
2045-10-06 03:00:00,TRAN-PUB,charging,8.84210526315,XY,MW
2045-10-07 04:00:00,TRAN-PRV,charging,19.578947368439998,XY,MW
2045-10-08 05:00:00,TRAN-PUB,charging,13.05263157894,XY,MW
2045-10-09 06:00:00,TRAN-PRV,charging,13.894736842110001,XY,MW
2045-10-10 07:00:00,TRAN-PUB,charging,9.26315789474,XY,MW
2045-10-11 08:00:00,TRAN-PRV,charging,14.526315789509999,XY,MW
2045-10-12 09:00:00,TRAN-PUB,charging,9.68421052632,XY,MW
2045-10-13 10:00:00,TRAN-PRV,charging,13.894736842110001,XY,MW
2045-10-14 11:00:00,TRAN-PUB,charging,9.26315789474,XY,MW
2045-10-15 12:00:00,TRAN-PRV,charging,11.36842105266,XY,MW
2045-10-16 13:00:00,TRAN-PUB,charging,7.578947368415999,XY,MW
2045-10-17 14:00:00,TRAN-PRV,charging,10.73684210529,XY,MW
2045-10-18 15:00:00,TRAN-PUB,charging,7.157894736851,XY,MW
2045-10-19 16:00:00,TRAN-PRV,charging,26.52631578951,XY,MW
2045-10-20 17:00:00,TRAN-PUB,charging,17.68421052632,XY,MW
2045-10-21 18:00:00,TRAN-PRV,charging,24.631578947399998,XY,MW
2045-10-22 19:00:00,TRAN-PUB,charging,16.4210526316,XY,MW
2045-10-23 20:00:00,TRAN-PRV,charging,38.52631578951,XY,MW
2045-10-24 21:00:00,TRAN-PUB,charging,25.68421052631,XY,MW
2045-10-25 22:00:00,TRAN-PRV,charging,42.31578947376,XY,MW
2045-10-26 23:00:00,TRAN-PUB,charging,28.2105263158,XY,MW
2045-10-28 00:00:00,TRAN-PRV,charging,39.157894736879996,XY,MW
2045-10-29 01:00:00,TRAN-PUB,charging,26.105263157899998,XY,MW
2045-10-30 02:00:00,TRAN-PRV,charging,49.894736842170005,XY,MW
2045-10-31 03:00:00,TRAN-PUB,charging,33.263157894740004,XY,MW
2045-11-01 04:00:00,TRAN-PRV,charging,49.2631578948,XY,MW
2045-11-02 05:00:00,TRAN-PUB,charging,32.84210526315,XY,MW
2045-11-03 06:00:00,TRAN-PRV,charging,51.15789473691,XY,MW
2045-11-04 07:00:00,TRAN-PUB,charging,34.1052631579,XY,MW
2045-11-05 08:00:00,TRAN-PRV,charging,51.789473684280004,XY,MW
2045-11-06 09:00:00,TRAN-PUB,charging,34.52631578947,XY,MW
2045-11-07 10:00:00,TRAN-PRV,charging,53.05263157902,XY,MW
2045-11-08 11:00:00,TRAN-PUB,charging,35.36842105263,XY,MW
2045-11-09 12:00:00,TRAN-PRV,charging,44.21052631584,XY,MW
2045-11-10 13:00:00,TRAN-PUB,charging,29.47368421054,XY,MW
2045-11-11 14:00:00,TRAN-PRV,charging,27.78947368425,XY,MW
2045-11-12 15:00:00,TRAN-PUB,charging,18.52631578947,XY,MW
2045-11-13 16:00:00,TRAN-PRV,charging,34.10526315795,XY,MW
2045-11-14 17:00:00,TRAN-PUB,charging,22.73684210527,XY,MW
2045-11-15 18:00:00,TRAN-PRV,charging,30.947368421070003,XY,MW
2045-11-16 19:00:00,TRAN-PUB,charging,20.631578947370002,XY,MW
2045-11-17 20:00:00,TRAN-PRV,charging,36.6315789474,XY,MW
2045-11-18 21:00:00,TRAN-PUB,charging,24.421052631589998,XY,MW
2045-11-19 22:00:00,TRAN-PRV,charging,37.89473684214,XY,MW
2045-11-20 23:00:00,TRAN-PUB,charging,25.26315789474,XY,MW
2045-11-22 00:00:00,TRAN-PRV,charging,24.631578947399998,XY,MW
2045-11-23 01:00:00,TRAN-PUB,charging,16.4210526316,XY,MW
2045-11-24 02:00:00,TRAN-PRV,charging,27.78947368425,XY,MW
2045-11-25 03:00:00,TRAN-PUB,charging,18.52631578947,XY,MW
2045-11-26 04:00:00,TRAN-PRV,charging,25.26315789477,XY,MW
2045-11-27 05:00:00,TRAN-PUB,charging,16.84210526315,XY,MW
2045-11-28 06:00:00,TRAN-PRV,charging,21.47368421055,XY,MW
2045-11-29 07:00:00,TRAN-PUB,charging,14.31578947368,XY,MW
2045-11-30 08:00:00,TRAN-PRV,charging,6.947368421070001,XY,MW
2045-12-01 09:00:00,TRAN-PUB,charging,4.631578947372001,XY,MW
2045-12-02 10:00:00,TRAN-PRV,charging,15.789473684219999,XY,MW
2045-12-03 11:00:00,TRAN-PUB,charging,10.52631578946,XY,MW
2045-12-04 12:00:00,TRAN-PRV,charging,11.36842105266,XY,MW
2045-12-05 13:00:00,TRAN-PUB,charging,7.578947368415999,XY,MW
2045-12-06 14:00:00,TRAN-PRV,charging,15.15789473685,XY,MW
2045-12-07 15:00:00,TRAN-PUB,charging,10.1052631579,XY,MW
2045-12-08 16:00:00,TRAN-PRV,charging,18.94736842107,XY,MW
2045-12-09 17:00:00,TRAN-PUB,charging,12.63157894737,XY,MW
2045-12-10 18:00:00,TRAN-PRV,charging,24.00000000003,XY,MW
2045-12-11 19:00:00,TRAN-PUB,charging,16.0,XY,MW
2045-12-12 20:00:00,TRAN-PRV,charging,26.52631578951,XY,MW
2045-12-13 21:00:00,TRAN-PUB,charging,17.68421052632,XY,MW
2045-12-14 22:00:00,TRAN-PRV,charging,27.15789473685,XY,MW
2045-12-15 23:00:00,TRAN-PUB,charging,18.105263157899998,XY,MW
2045-12-17 00:00:00,TRAN-PRV,charging,39.789473684250005,XY,MW
2045-12-18 01:00:00,TRAN-PUB,charging,26.52631578947,XY,MW
2045-12-19 02:00:00,TRAN-PRV,charging,40.42105263162,XY,MW
2045-12-20 03:00:00,TRAN-PUB,charging,26.94736842106,XY,MW
2045-12-21 04:00:00,TRAN-PRV,charging,51.15789473691,XY,MW
2045-12-22 05:00:00,TRAN-PUB,charging,34.1052631579,XY,MW
2045-12-23 06:00:00,TRAN-PRV,charging,53.68421052636,XY,MW
2045-12-24 07:00:00,TRAN-PUB,charging,35.78947368422,XY,MW
2045-12-25 08:00:00,TRAN-PRV,charging,55.5789473685,XY,MW
2045-12-26 09:00:00,TRAN-PUB,charging,37.05263157895,XY,MW
2045-12-27 10:00:00,TRAN-PRV,charging,54.947368421099995,XY,MW
2045-12-28 11:00:00,TRAN-PUB,charging,36.63157894737,XY,MW
2045-12-29 12:00:00,TRAN-PRV,charging,50.52631578954,XY,MW
2045-12-30 13:00:00,TRAN-PUB,charging,33.68421052631,XY,MW
2045-12-31 14:00:00,TRAN-PRV,charging,52.42105263161999,XY,MW
2046-01-01 15:00:00,TRAN-PUB,charging,34.94736842105,XY,MW
2046-01-02 16:00:00,TRAN-PRV,charging,30.947368421070003,XY,MW
2046-01-03 17:00:00,TRAN-PUB,charging,20.631578947370002,XY,MW
2046-01-04 18:00:00,TRAN-PRV,charging,30.31578947373,XY,MW
2046-01-05 19:00:00,TRAN-PUB,charging,20.21052631579,XY,MW
2046-01-06 20:00:00,TRAN-PRV,charging,28.42105263162,XY,MW
2046-01-07 21:00:00,TRAN-PUB,charging,18.947368421060002,XY,MW
2046-01-08 22:00:00,TRAN-PRV,charging,27.15789473685,XY,MW
2046-01-09 23:00:00,TRAN-PUB,charging,18.105263157899998,XY,MW
2046-01-11 00:00:00,TRAN-PRV,charging,24.631578947399998,XY,MW
2046-01-12 01:00:00,TRAN-PUB,charging,16.4210526316,XY,MW
2046-01-13 02:00:00,TRAN-PRV,charging,17.684210526330002,XY,MW
2046-01-14 03:00:00,TRAN-PUB,charging,11.789473684219999,XY,MW
2046-01-15 04:00:00,TRAN-PRV,charging,17.684210526330002,XY,MW
2046-01-16 05:00:00,TRAN-PUB,charging,11.789473684219999,XY,MW
2046-01-17 06:00:00,TRAN-PRV,charging,22.10526315792,XY,MW
2046-01-18 07:00:00,TRAN-PUB,charging,14.73684210527,XY,MW
2046-01-19 08:00:00,TRAN-PRV,charging,20.84210526321,XY,MW
2046-01-20 09:00:00,TRAN-PUB,charging,13.894736842090001,XY,MW
2046-01-21 10:00:00,TRAN-PRV,charging,15.789473684219999,XY,MW
2046-01-22 11:00:00,TRAN-PUB,charging,10.52631578946,XY,MW
2046-01-23 12:00:00,TRAN-PRV,charging,10.73684210529,XY,MW
2046-01-24 13:00:00,TRAN-PUB,charging,7.157894736851,XY,MW
2046-01-25 14:00:00,TRAN-PRV,charging,5.052631578954,XY,MW
2046-01-26 15:00:00,TRAN-PUB,charging,3.368421052631,XY,MW
2046-01-27 16:00:00,TRAN-PRV,charging,20.21052631581,XY,MW
2046-01-28 17:00:00,TRAN-PUB,charging,13.47368421054,XY,MW
2046-01-29 18:00:00,TRAN-PRV,charging,17.052631578990002,XY,MW
2046-01-30 19:00:00,TRAN-PUB,charging,11.36842105262,XY,MW
2046-01-31 20:00:00,TRAN-PRV,charging,31.57894736847,XY,MW
2046-02-01 21:00:00,TRAN-PUB,charging,21.052631578939998,XY,MW
2046-02-02 22:00:00,TRAN-PRV,charging,36.00000000003,XY,MW
2046-02-03 23:00:00,TRAN-PUB,charging,24.0,XY,MW
2046-02-05 00:00:00,TRAN-PRV,charging,39.789473684250005,XY,MW
2046-02-06 01:00:00,TRAN-PUB,charging,26.52631578947,XY,MW
2046-02-07 02:00:00,TRAN-PRV,charging,42.31578947376,XY,MW
2046-02-08 03:00:00,TRAN-PUB,charging,28.2105263158,XY,MW
2046-02-09 04:00:00,TRAN-PRV,charging,40.42105263162,XY,MW
2046-02-10 05:00:00,TRAN-PUB,charging,26.94736842106,XY,MW
2046-02-11 06:00:00,TRAN-PRV,charging,46.73684210532,XY,MW
2046-02-12 07:00:00,TRAN-PUB,charging,31.15789473685,XY,MW
2046-02-13 08:00:00,TRAN-PRV,charging,50.52631578954,XY,MW
2046-02-14 09:00:00,TRAN-PUB,charging,33.68421052631,XY,MW
2046-02-15 10:00:00,TRAN-PRV,charging,55.5789473685,XY,MW
2046-02-16 11:00:00,TRAN-PUB,charging,37.05263157895,XY,MW
2046-02-17 12:00:00,TRAN-PRV,charging,52.42105263161999,XY,MW
2046-02-18 13:00:00,TRAN-PUB,charging,34.94736842105,XY,MW
2046-02-19 14:00:00,TRAN-PRV,charging,44.21052631584,XY,MW
2046-02-20 15:00:00,TRAN-PUB,charging,29.47368421054,XY,MW
2046-02-21 16:00:00,TRAN-PRV,charging,36.6315789474,XY,MW
2046-02-22 17:00:00,TRAN-PUB,charging,24.421052631589998,XY,MW
2046-02-23 18:00:00,TRAN-PRV,charging,38.52631578951,XY,MW
2046-02-24 19:00:00,TRAN-PUB,charging,25.68421052631,XY,MW
2046-02-25 20:00:00,TRAN-PRV,charging,40.42105263162,XY,MW
2046-02-26 21:00:00,TRAN-PUB,charging,26.94736842106,XY,MW
2046-02-27 22:00:00,TRAN-PRV,charging,24.00000000003,XY,MW
2046-02-28 23:00:00,TRAN-PUB,charging,16.0,XY,MW
2046-03-02 00:00:00,TRAN-PRV,charging,26.52631578951,XY,MW
2046-03-03 01:00:00,TRAN-PUB,charging,17.68421052632,XY,MW
2046-03-04 02:00:00,TRAN-PRV,charging,24.631578947399998,XY,MW
2046-03-05 03:00:00,TRAN-PUB,charging,16.4210526316,XY,MW
2046-03-06 04:00:00,TRAN-PRV,charging,22.73684210529,XY,MW
2046-03-07 05:00:00,TRAN-PUB,charging,15.15789473685,XY,MW
2046-03-08 06:00:00,TRAN-PRV,charging,11.36842105266,XY,MW
2046-03-09 07:00:00,TRAN-PUB,charging,7.578947368415999,XY,MW
2046-03-10 08:00:00,TRAN-PRV,charging,12.00000000003,XY,MW
2046-03-11 09:00:00,TRAN-PUB,charging,8.0,XY,MW
2046-03-12 10:00:00,TRAN-PRV,charging,8.84210526318,XY,MW
2046-03-13 11:00:00,TRAN-PUB,charging,5.894736842098,XY,MW
2046-03-14 12:00:00,TRAN-PRV,charging,13.894736842110001,XY,MW
2046-03-15 13:00:00,TRAN-PUB,charging,9.26315789474,XY,MW
2046-03-16 14:00:00,TRAN-PRV,charging,15.789473684219999,XY,MW
2046-03-17 15:00:00,TRAN-PUB,charging,10.52631578946,XY,MW
2046-03-18 16:00:00,TRAN-PRV,charging,18.3157894737,XY,MW
2046-03-19 17:00:00,TRAN-PUB,charging,12.21052631578,XY,MW
2046-03-20 18:00:00,TRAN-PRV,charging,20.84210526321,XY,MW
2046-03-21 19:00:00,TRAN-PUB,charging,13.894736842090001,XY,MW
2046-03-22 20:00:00,TRAN-PRV,charging,18.3157894737,XY,MW
2046-03-23 21:00:00,TRAN-PUB,charging,12.21052631578,XY,MW
2046-03-24 22:00:00,TRAN-PRV,charging,30.31578947373,XY,MW
2046-03-25 23:00:00,TRAN-PUB,charging,20.21052631579,XY,MW
2046-03-27 00:00:00,TRAN-PRV,charging,31.57894736847,XY,MW
2046-03-28 01:00:00,TRAN-PUB,charging,21.052631578939998,XY,MW
2046-03-29 02:00:00,TRAN-PRV,charging,46.10526315795,XY,MW
2046-03-30 03:00:00,TRAN-PUB,charging,30.73684210527,XY,MW
2046-03-31 04:00:00,TRAN-PRV,charging,49.2631578948,XY,MW
2046-04-01 05:00:00,TRAN-PUB,charging,32.84210526315,XY,MW
2046-04-02 06:00:00,TRAN-PRV,charging,52.42105263161999,XY,MW
2046-04-03 07:00:00,TRAN-PUB,charging,34.94736842105,XY,MW
2046-04-04 08:00:00,TRAN-PRV,charging,53.68421052636,XY,MW
2046-04-05 09:00:00,TRAN-PUB,charging,35.78947368422,XY,MW
2046-04-06 10:00:00,TRAN-PRV,charging,51.15789473691,XY,MW
2046-04-07 11:00:00,TRAN-PUB,charging,34.1052631579,XY,MW
2046-04-08 12:00:00,TRAN-PRV,charging,52.42105263161999,XY,MW
2046-04-09 13:00:00,TRAN-PUB,charging,34.94736842105,XY,MW
2046-04-10 14:00:00,TRAN-PRV,charging,40.42105263162,XY,MW
2046-04-11 15:00:00,TRAN-PUB,charging,26.94736842106,XY,MW
2046-04-12 16:00:00,TRAN-PRV,charging,34.73684210532,XY,MW
2046-04-13 17:00:00,TRAN-PUB,charging,23.15789473685,XY,MW
2046-04-14 18:00:00,TRAN-PRV,charging,29.684210526330002,XY,MW
2046-04-15 19:00:00,TRAN-PUB,charging,19.78947368422,XY,MW
2046-04-16 20:00:00,TRAN-PRV,charging,27.15789473685,XY,MW
2046-04-17 21:00:00,TRAN-PUB,charging,18.105263157899998,XY,MW
2046-04-18 22:00:00,TRAN-PRV,charging,26.52631578951,XY,MW
2046-04-19 23:00:00,TRAN-PUB,charging,17.68421052632,XY,MW
2046-04-21 00:00:00,TRAN-PRV,charging,20.84210526321,XY,MW
2046-04-22 01:00:00,TRAN-PUB,charging,13.894736842090001,XY,MW
2046-04-23 02:00:00,TRAN-PRV,charging,20.21052631581,XY,MW
2046-04-24 03:00:00,TRAN-PUB,charging,13.47368421054,XY,MW
2046-04-25 04:00:00,TRAN-PRV,charging,22.73684210529,XY,MW
2046-04-26 05:00:00,TRAN-PUB,charging,15.15789473685,XY,MW
2046-04-27 06:00:00,TRAN-PRV,charging,23.36842105266,XY,MW
2046-04-28 07:00:00,TRAN-PUB,charging,15.57894736841,XY,MW
2046-04-29 08:00:00,TRAN-PRV,charging,18.94736842107,XY,MW
2046-04-30 09:00:00,TRAN-PUB,charging,12.63157894737,XY,MW
2046-05-01 10:00:00,TRAN-PRV,charging,12.63157894737,XY,MW
2046-05-02 11:00:00,TRAN-PUB,charging,8.4210526316,XY,MW
2046-05-03 12:00:00,TRAN-PRV,charging,2.526315789477,XY,MW
2046-05-04 13:00:00,TRAN-PUB,charging,1.684210526315,XY,MW
2046-05-05 14:00:00,TRAN-PRV,charging,13.26315789474,XY,MW
2046-05-06 15:00:00,TRAN-PUB,charging,8.84210526315,XY,MW
2046-05-07 16:00:00,TRAN-PRV,charging,7.57894736844,XY,MW
2046-05-08 17:00:00,TRAN-PUB,charging,5.052631578941,XY,MW
2046-05-09 18:00:00,TRAN-PRV,charging,25.89473684211,XY,MW
2046-05-10 19:00:00,TRAN-PUB,charging,17.26315789474,XY,MW
2046-05-11 20:00:00,TRAN-PRV,charging,30.947368421070003,XY,MW
2046-05-12 21:00:00,TRAN-PUB,charging,20.631578947370002,XY,MW
2046-05-13 22:00:00,TRAN-PRV,charging,34.73684210532,XY,MW
2046-05-14 23:00:00,TRAN-PUB,charging,23.15789473685,XY,MW
2046-05-16 00:00:00,TRAN-PRV,charging,37.89473684214,XY,MW
2046-05-17 01:00:00,TRAN-PUB,charging,25.26315789474,XY,MW
2046-05-18 02:00:00,TRAN-PRV,charging,38.52631578951,XY,MW
2046-05-19 03:00:00,TRAN-PUB,charging,25.68421052631,XY,MW
2046-05-20 04:00:00,TRAN-PRV,charging,44.21052631584,XY,MW
2046-05-21 05:00:00,TRAN-PUB,charging,29.47368421054,XY,MW
2046-05-22 06:00:00,TRAN-PRV,charging,49.2631578948,XY,MW
2046-05-23 07:00:00,TRAN-PUB,charging,32.84210526315,XY,MW
2046-05-24 08:00:00,TRAN-PRV,charging,56.21052631587,XY,MW
2046-05-25 09:00:00,TRAN-PUB,charging,37.47368421054,XY,MW
2046-05-26 10:00:00,TRAN-PRV,charging,56.21052631587,XY,MW
2046-05-27 11:00:00,TRAN-PUB,charging,37.47368421054,XY,MW
2046-05-28 12:00:00,TRAN-PRV,charging,53.05263157902,XY,MW
2046-05-29 13:00:00,TRAN-PUB,charging,35.36842105263,XY,MW
2046-05-30 14:00:00,TRAN-PRV,charging,44.84210526321,XY,MW
2046-05-31 15:00:00,TRAN-PUB,charging,29.89473684211,XY,MW
2046-06-01 16:00:00,TRAN-PRV,charging,48.63157894743,XY,MW
2046-06-02 17:00:00,TRAN-PUB,charging,32.42105263159,XY,MW
2046-06-03 18:00:00,TRAN-PRV,charging,49.894736842170005,XY,MW
2046-06-04 19:00:00,TRAN-PUB,charging,33.263157894740004,XY,MW
2046-06-05 20:00:00,TRAN-PRV,charging,24.00000000003,XY,MW
2046-06-06 21:00:00,TRAN-PUB,charging,16.0,XY,MW
2046-06-07 22:00:00,TRAN-PRV,charging,27.15789473685,XY,MW
2046-06-08 23:00:00,TRAN-PUB,charging,18.105263157899998,XY,MW
2046-06-10 00:00:00,TRAN-PRV,charging,27.15789473685,XY,MW
2046-06-11 01:00:00,TRAN-PUB,charging,18.105263157899998,XY,MW
2046-06-12 02:00:00,TRAN-PRV,charging,25.89473684211,XY,MW
2046-06-13 03:00:00,TRAN-PUB,charging,17.26315789474,XY,MW
2046-06-14 04:00:00,TRAN-PRV,charging,15.789473684219999,XY,MW
2046-06-15 05:00:00,TRAN-PUB,charging,10.52631578946,XY,MW
2046-06-16 06:00:00,TRAN-PRV,charging,13.894736842110001,XY,MW
2046-06-17 07:00:00,TRAN-PUB,charging,9.26315789474,XY,MW
2046-06-18 08:00:00,TRAN-PRV,charging,13.26315789474,XY,MW
2046-06-19 09:00:00,TRAN-PUB,charging,8.84210526315,XY,MW
2046-06-20 10:00:00,TRAN-PRV,charging,15.789473684219999,XY,MW
2046-06-21 11:00:00,TRAN-PUB,charging,10.52631578946,XY,MW
2046-06-22 12:00:00,TRAN-PRV,charging,12.63157894737,XY,MW
2046-06-23 13:00:00,TRAN-PUB,charging,8.4210526316,XY,MW
2046-06-24 14:00:00,TRAN-PRV,charging,12.00000000003,XY,MW
2046-06-25 15:00:00,TRAN-PUB,charging,8.0,XY,MW
2046-06-26 16:00:00,TRAN-PRV,charging,13.26315789474,XY,MW
2046-06-27 17:00:00,TRAN-PUB,charging,8.84210526315,XY,MW
2046-06-28 18:00:00,TRAN-PRV,charging,12.00000000003,XY,MW
2046-06-29 19:00:00,TRAN-PUB,charging,8.0,XY,MW
2046-06-30 20:00:00,TRAN-PRV,charging,27.78947368425,XY,MW
2046-07-01 21:00:00,TRAN-PUB,charging,18.52631578947,XY,MW
2046-07-02 22:00:00,TRAN-PRV,charging,27.15789473685,XY,MW
2046-07-03 23:00:00,TRAN-PUB,charging,18.105263157899998,XY,MW
2046-07-05 00:00:00,TRAN-PRV,charging,44.21052631584,XY,MW
2046-07-06 01:00:00,TRAN-PUB,charging,29.47368421054,XY,MW
2046-07-07 02:00:00,TRAN-PRV,charging,42.9473684211,XY,MW
2046-07-08 03:00:00,TRAN-PUB,charging,28.631578947370002,XY,MW
2046-07-09 04:00:00,TRAN-PRV,charging,51.15789473691,XY,MW
2046-07-10 05:00:00,TRAN-PUB,charging,34.1052631579,XY,MW
2046-07-11 06:00:00,TRAN-PRV,charging,53.05263157902,XY,MW
2046-07-12 07:00:00,TRAN-PUB,charging,35.36842105263,XY,MW
2046-07-13 08:00:00,TRAN-PRV,charging,52.42105263161999,XY,MW
2046-07-14 09:00:00,TRAN-PUB,charging,34.94736842105,XY,MW
2046-07-15 10:00:00,TRAN-PRV,charging,53.68421052636,XY,MW
2046-07-16 11:00:00,TRAN-PUB,charging,35.78947368422,XY,MW
2046-07-17 12:00:00,TRAN-PRV,charging,49.2631578948,XY,MW
2046-07-18 13:00:00,TRAN-PUB,charging,32.84210526315,XY,MW
2046-07-19 14:00:00,TRAN-PRV,charging,44.84210526321,XY,MW
2046-07-20 15:00:00,TRAN-PUB,charging,29.89473684211,XY,MW
2046-07-21 16:00:00,TRAN-PRV,charging,36.00000000003,XY,MW
2046-07-22 17:00:00,TRAN-PUB,charging,24.0,XY,MW
2046-07-23 18:00:00,TRAN-PRV,charging,30.31578947373,XY,MW
2046-07-24 19:00:00,TRAN-PUB,charging,20.21052631579,XY,MW
2046-07-25 20:00:00,TRAN-PRV,charging,30.31578947373,XY,MW
2046-07-26 21:00:00,TRAN-PUB,charging,20.21052631579,XY,MW
2046-07-27 22:00:00,TRAN-PRV,charging,27.78947368425,XY,MW
2046-07-28 23:00:00,TRAN-PUB,charging,18.52631578947,XY,MW
2046-07-30 00:00:00,TRAN-PRV,charging,28.42105263162,XY,MW
2046-07-31 01:00:00,TRAN-PUB,charging,18.947368421060002,XY,MW
2046-08-01 02:00:00,TRAN-PRV,charging,24.00000000003,XY,MW
2046-08-02 03:00:00,TRAN-PUB,charging,16.0,XY,MW
2046-08-03 04:00:00,TRAN-PRV,charging,26.52631578951,XY,MW
2046-08-04 05:00:00,TRAN-PUB,charging,17.68421052632,XY,MW
2046-08-05 06:00:00,TRAN-PRV,charging,22.73684210529,XY,MW
2046-08-06 07:00:00,TRAN-PUB,charging,15.15789473685,XY,MW
2046-08-07 08:00:00,TRAN-PRV,charging,17.684210526330002,XY,MW
2046-08-08 09:00:00,TRAN-PUB,charging,11.789473684219999,XY,MW
2046-08-09 10:00:00,TRAN-PRV,charging,4.421052631584,XY,MW
2046-08-10 11:00:00,TRAN-PUB,charging,2.947368421054,XY,MW
2046-08-11 12:00:00,TRAN-PRV,charging,14.526315789509999,XY,MW
2046-08-12 13:00:00,TRAN-PUB,charging,9.68421052632,XY,MW
2046-08-13 14:00:00,TRAN-PRV,charging,5.684210526324,XY,MW
2046-08-14 15:00:00,TRAN-PUB,charging,3.789473684211,XY,MW
2046-08-15 16:00:00,TRAN-PRV,charging,20.21052631581,XY,MW
2046-08-16 17:00:00,TRAN-PUB,charging,13.47368421054,XY,MW
2046-08-17 18:00:00,TRAN-PRV,charging,25.89473684211,XY,MW
2046-08-18 19:00:00,TRAN-PUB,charging,17.26315789474,XY,MW
2046-08-19 20:00:00,TRAN-PRV,charging,30.31578947373,XY,MW
2046-08-20 21:00:00,TRAN-PUB,charging,20.21052631579,XY,MW
2046-08-21 22:00:00,TRAN-PRV,charging,32.21052631584,XY,MW
2046-08-22 23:00:00,TRAN-PUB,charging,21.47368421054,XY,MW
2046-08-24 00:00:00,TRAN-PRV,charging,33.47368421058,XY,MW
2046-08-25 01:00:00,TRAN-PUB,charging,22.31578947368,XY,MW
2046-08-26 02:00:00,TRAN-PRV,charging,42.31578947376,XY,MW
2046-08-27 03:00:00,TRAN-PUB,charging,28.2105263158,XY,MW
2046-08-28 04:00:00,TRAN-PRV,charging,49.2631578948,XY,MW
2046-08-29 05:00:00,TRAN-PUB,charging,32.84210526315,XY,MW
2046-08-30 06:00:00,TRAN-PRV,charging,54.947368421099995,XY,MW
2046-08-31 07:00:00,TRAN-PUB,charging,36.63157894737,XY,MW
2046-09-01 08:00:00,TRAN-PRV,charging,55.5789473685,XY,MW
2046-09-02 09:00:00,TRAN-PUB,charging,37.05263157895,XY,MW
2046-09-03 10:00:00,TRAN-PRV,charging,54.315789473760006,XY,MW
2046-09-04 11:00:00,TRAN-PUB,charging,36.21052631579,XY,MW
2046-09-05 12:00:00,TRAN-PRV,charging,54.947368421099995,XY,MW
2046-09-06 13:00:00,TRAN-PUB,charging,36.63157894737,XY,MW
2046-09-07 14:00:00,TRAN-PRV,charging,54.947368421099995,XY,MW
2046-09-08 15:00:00,TRAN-PUB,charging,36.63157894737,XY,MW
2046-09-09 16:00:00,TRAN-PRV,charging,55.5789473685,XY,MW
2046-09-10 17:00:00,TRAN-PUB,charging,37.05263157895,XY,MW
2046-09-11 18:00:00,TRAN-PRV,charging,24.631578947399998,XY,MW
2046-09-12 19:00:00,TRAN-PUB,charging,16.4210526316,XY,MW
2046-09-13 20:00:00,TRAN-PRV,charging,27.15789473685,XY,MW
2046-09-14 21:00:00,TRAN-PUB,charging,18.105263157899998,XY,MW
2046-09-15 22:00:00,TRAN-PRV,charging,28.42105263162,XY,MW
2046-09-16 23:00:00,TRAN-PUB,charging,18.947368421060002,XY,MW
2046-09-18 00:00:00,TRAN-PRV,charging,28.42105263162,XY,MW
2046-09-19 01:00:00,TRAN-PUB,charging,18.947368421060002,XY,MW
2046-09-20 02:00:00,TRAN-PRV,charging,23.36842105266,XY,MW
2046-09-21 03:00:00,TRAN-PUB,charging,15.57894736841,XY,MW
2046-09-22 04:00:00,TRAN-PRV,charging,22.10526315792,XY,MW
2046-09-23 05:00:00,TRAN-PUB,charging,14.73684210527,XY,MW
2046-09-24 06:00:00,TRAN-PRV,charging,21.47368421055,XY,MW
2046-09-25 07:00:00,TRAN-PUB,charging,14.31578947368,XY,MW
2046-09-26 08:00:00,TRAN-PRV,charging,20.84210526321,XY,MW
2046-09-27 09:00:00,TRAN-PUB,charging,13.894736842090001,XY,MW
2046-09-28 10:00:00,TRAN-PRV,charging,17.684210526330002,XY,MW
2046-09-29 11:00:00,TRAN-PUB,charging,11.789473684219999,XY,MW
2046-09-30 12:00:00,TRAN-PRV,charging,13.26315789474,XY,MW
2046-10-01 13:00:00,TRAN-PUB,charging,8.84210526315,XY,MW
2046-10-02 14:00:00,TRAN-PRV,charging,11.36842105266,XY,MW
2046-10-03 15:00:00,TRAN-PUB,charging,7.578947368415999,XY,MW
2046-10-04 16:00:00,TRAN-PRV,charging,10.10526315792,XY,MW
2046-10-05 17:00:00,TRAN-PUB,charging,6.736842105256,XY,MW
2046-10-06 18:00:00,TRAN-PRV,charging,28.42105263162,XY,MW
2046-10-07 19:00:00,TRAN-PUB,charging,18.947368421060002,XY,MW
2046-10-08 20:00:00,TRAN-PRV,charging,26.52631578951,XY,MW
2046-10-09 21:00:00,TRAN-PUB,charging,17.68421052632,XY,MW
2046-10-10 22:00:00,TRAN-PRV,charging,39.789473684250005,XY,MW
2046-10-11 23:00:00,TRAN-PUB,charging,26.52631578947,XY,MW
2046-10-13 00:00:00,TRAN-PRV,charging,43.57894736847,XY,MW
2046-10-14 01:00:00,TRAN-PUB,charging,29.05263157895,XY,MW
2046-10-15 02:00:00,TRAN-PRV,charging,48.00000000006,XY,MW
2046-10-16 03:00:00,TRAN-PUB,charging,32.0,XY,MW
2046-10-17 04:00:00,TRAN-PRV,charging,49.894736842170005,XY,MW
2046-10-18 05:00:00,TRAN-PUB,charging,33.263157894740004,XY,MW
2046-10-19 06:00:00,TRAN-PRV,charging,49.894736842170005,XY,MW
2046-10-20 07:00:00,TRAN-PUB,charging,33.263157894740004,XY,MW
2046-10-21 08:00:00,TRAN-PRV,charging,53.68421052636,XY,MW
2046-10-22 09:00:00,TRAN-PUB,charging,35.78947368422,XY,MW
2046-10-23 10:00:00,TRAN-PRV,charging,55.5789473685,XY,MW
2046-10-24 11:00:00,TRAN-PUB,charging,37.05263157895,XY,MW
2046-10-25 12:00:00,TRAN-PRV,charging,53.68421052636,XY,MW
2046-10-26 13:00:00,TRAN-PUB,charging,35.78947368422,XY,MW
2046-10-27 14:00:00,TRAN-PRV,charging,44.84210526321,XY,MW
2046-10-28 15:00:00,TRAN-PUB,charging,29.89473684211,XY,MW
2046-10-29 16:00:00,TRAN-PRV,charging,35.36842105269,XY,MW
2046-10-30 17:00:00,TRAN-PUB,charging,23.57894736841,XY,MW
2046-10-31 18:00:00,TRAN-PRV,charging,32.21052631584,XY,MW
2046-11-01 19:00:00,TRAN-PUB,charging,21.47368421054,XY,MW
2046-11-02 20:00:00,TRAN-PRV,charging,40.42105263162,XY,MW
2046-11-03 21:00:00,TRAN-PUB,charging,26.94736842106,XY,MW
2046-11-04 22:00:00,TRAN-PRV,charging,44.84210526321,XY,MW
2046-11-05 23:00:00,TRAN-PUB,charging,29.89473684211,XY,MW
2046-11-07 00:00:00,TRAN-PRV,charging,25.26315789477,XY,MW
2046-11-08 01:00:00,TRAN-PUB,charging,16.84210526315,XY,MW
2046-11-09 02:00:00,TRAN-PRV,charging,28.42105263162,XY,MW
2046-11-10 03:00:00,TRAN-PUB,charging,18.947368421060002,XY,MW
2046-11-11 04:00:00,TRAN-PRV,charging,26.52631578951,XY,MW
2046-11-12 05:00:00,TRAN-PUB,charging,17.68421052632,XY,MW
2046-11-13 06:00:00,TRAN-PRV,charging,22.73684210529,XY,MW
2046-11-14 07:00:00,TRAN-PUB,charging,15.15789473685,XY,MW
2046-11-15 08:00:00,TRAN-PRV,charging,8.21052631581,XY,MW
2046-11-16 09:00:00,TRAN-PUB,charging,5.473684210529,XY,MW
2046-11-17 10:00:00,TRAN-PRV,charging,18.3157894737,XY,MW
2046-11-18 11:00:00,TRAN-PUB,charging,12.21052631578,XY,MW
2046-11-19 12:00:00,TRAN-PRV,charging,13.26315789474,XY,MW
2046-11-20 13:00:00,TRAN-PUB,charging,8.84210526315,XY,MW
2046-11-21 14:00:00,TRAN-PRV,charging,15.789473684219999,XY,MW
2046-11-22 15:00:00,TRAN-PUB,charging,10.52631578946,XY,MW
2046-11-23 16:00:00,TRAN-PRV,charging,20.84210526321,XY,MW
2046-11-24 17:00:00,TRAN-PUB,charging,13.894736842090001,XY,MW
2046-11-25 18:00:00,TRAN-PRV,charging,25.89473684211,XY,MW
2046-11-26 19:00:00,TRAN-PUB,charging,17.26315789474,XY,MW
2046-11-27 20:00:00,TRAN-PRV,charging,29.05263157899,XY,MW
2046-11-28 21:00:00,TRAN-PUB,charging,19.368421052619997,XY,MW
2046-11-29 22:00:00,TRAN-PRV,charging,30.947368421070003,XY,MW
2046-11-30 23:00:00,TRAN-PUB,charging,20.631578947370002,XY,MW
2046-12-02 00:00:00,TRAN-PRV,charging,39.157894736879996,XY,MW
2046-12-03 01:00:00,TRAN-PUB,charging,26.105263157899998,XY,MW
2046-12-04 02:00:00,TRAN-PRV,charging,47.36842105269,XY,MW
2046-12-05 03:00:00,TRAN-PUB,charging,31.57894736841,XY,MW
2046-12-06 04:00:00,TRAN-PRV,charging,52.42105263161999,XY,MW
2046-12-07 05:00:00,TRAN-PUB,charging,34.94736842105,XY,MW
2046-12-08 06:00:00,TRAN-PRV,charging,53.68421052636,XY,MW
2046-12-09 07:00:00,TRAN-PUB,charging,35.78947368422,XY,MW
2046-12-10 08:00:00,TRAN-PRV,charging,54.315789473760006,XY,MW
2046-12-11 09:00:00,TRAN-PUB,charging,36.21052631579,XY,MW
2046-12-12 10:00:00,TRAN-PRV,charging,53.68421052636,XY,MW
2046-12-13 11:00:00,TRAN-PUB,charging,35.78947368422,XY,MW
2046-12-14 12:00:00,TRAN-PRV,charging,49.2631578948,XY,MW
2046-12-15 13:00:00,TRAN-PUB,charging,32.84210526315,XY,MW
2046-12-16 14:00:00,TRAN-PRV,charging,54.947368421099995,XY,MW
2046-12-17 15:00:00,TRAN-PUB,charging,36.63157894737,XY,MW
2046-12-18 16:00:00,TRAN-PRV,charging,55.5789473685,XY,MW
2046-12-19 17:00:00,TRAN-PUB,charging,37.05263157895,XY,MW
2046-12-20 18:00:00,TRAN-PRV,charging,56.21052631587,XY,MW
2046-12-21 19:00:00,TRAN-PUB,charging,37.47368421054,XY,MW
2046-12-22 20:00:00,TRAN-PRV,charging,48.00000000006,XY,MW
2046-12-23 21:00:00,TRAN-PUB,charging,32.0,XY,MW
2046-12-24 22:00:00,TRAN-PRV,charging,32.21052631584,XY,MW
2046-12-25 23:00:00,TRAN-PUB,charging,21.47368421054,XY,MW
2046-12-27 00:00:00,TRAN-PRV,charging,27.15789473685,XY,MW
2046-12-28 01:00:00,TRAN-PUB,charging,18.105263157899998,XY,MW
2046-12-29 02:00:00,TRAN-PRV,charging,19.578947368439998,XY,MW
2046-12-30 03:00:00,TRAN-PUB,charging,13.05263157894,XY,MW
2046-12-31 04:00:00,TRAN-PRV,charging,24.00000000003,XY,MW
2047-01-01 05:00:00,TRAN-PUB,charging,16.0,XY,MW
2047-01-02 06:00:00,TRAN-PRV,charging,35.36842105269,XY,MW
2047-01-03 07:00:00,TRAN-PUB,charging,23.57894736841,XY,MW
2045-01-01 00:00:00,TRAN-PRV,load,49.1,XY,MW
2045-01-02 01:00:00,TRAN-PUB,load,2970.84,XY,MW
2045-01-03 02:00:00,TRAN-PRV,load,235.68,XY,MW
2045-01-04 03:00:00,TRAN-PUB,load,2970.84,XY,MW
2045-01-05 04:00:00,TRAN-PRV,load,549.92,XY,MW
2045-01-06 05:00:00,TRAN-PUB,load,2970.84,XY,MW
2045-01-07 06:00:00,TRAN-PRV,load,628.48,XY,MW
2045-01-08 07:00:00,TRAN-PUB,load,2970.84,XY,MW
2045-01-09 08:00:00,TRAN-PRV,load,707.04,XY,MW
2045-01-10 09:00:00,TRAN-PUB,load,2970.84,XY,MW
2045-01-11 10:00:00,TRAN-PRV,load,481.17999999999995,XY,MW
2045-01-12 11:00:00,TRAN-PUB,load,2970.84,XY,MW
2045-01-13 12:00:00,TRAN-PRV,load,147.3,XY,MW
2045-01-14 13:00:00,TRAN-PUB,load,2970.84,XY,MW
2045-01-15 14:00:00,TRAN-PRV,load,1404.2600000000002,XY,MW
2045-01-16 15:00:00,TRAN-PUB,load,2970.84,XY,MW
2045-01-17 16:00:00,TRAN-PRV,load,1630.1200000000001,XY,MW
2045-01-18 17:00:00,TRAN-PUB,load,2970.84,XY,MW
2045-01-19 18:00:00,TRAN-PRV,load,1630.1200000000001,XY,MW
2045-01-20 19:00:00,TRAN-PUB,load,2970.84,XY,MW
2045-01-21 20:00:00,TRAN-PRV,load,1610.48,XY,MW
2045-01-22 21:00:00,TRAN-PUB,load,2970.84,XY,MW
2045-01-23 22:00:00,TRAN-PRV,load,1531.92,XY,MW
2045-01-24 23:00:00,TRAN-PUB,load,2970.84,XY,MW
2045-01-26 00:00:00,TRAN-PRV,load,834.7,XY,MW
2045-01-27 01:00:00,TRAN-PUB,load,2970.84,XY,MW
2045-01-28 02:00:00,TRAN-PRV,load,481.17999999999995,XY,MW
2045-01-29 03:00:00,TRAN-PUB,load,2970.84,XY,MW
2045-01-30 04:00:00,TRAN-PRV,load,1669.4,XY,MW
2045-01-31 05:00:00,TRAN-PUB,load,2970.84,XY,MW
2045-02-01 06:00:00,TRAN-PRV,load,1865.8000000000002,XY,MW
2045-02-02 07:00:00,TRAN-PUB,load,2970.84,XY,MW
2045-02-03 08:00:00,TRAN-PRV,load,1895.26,XY,MW
2045-02-04 09:00:00,TRAN-PUB,load,2970.84,XY,MW
2045-02-05 10:00:00,TRAN-PRV,load,1708.68,XY,MW
2045-02-06 11:00:00,TRAN-PUB,load,2970.84,XY,MW
2045-02-07 12:00:00,TRAN-PRV,load,1433.72,XY,MW
2045-02-08 13:00:00,TRAN-PUB,load,2970.84,XY,MW
2045-02-09 14:00:00,TRAN-PRV,load,559.74,XY,MW
2045-02-10 15:00:00,TRAN-PUB,load,2970.84,XY,MW
2045-02-11 16:00:00,TRAN-PRV,load,343.7,XY,MW
2045-02-12 17:00:00,TRAN-PUB,load,2970.84,XY,MW
2045-02-13 18:00:00,TRAN-PRV,load,1060.56,XY,MW
2045-02-14 19:00:00,TRAN-PUB,load,2970.84,XY,MW
2045-02-15 20:00:00,TRAN-PRV,load,1099.84,XY,MW
2045-02-16 21:00:00,TRAN-PUB,load,2970.84,XY,MW
2045-02-17 22:00:00,TRAN-PRV,load,1001.64,XY,MW
2045-02-18 23:00:00,TRAN-PUB,load,2970.84,XY,MW
2045-02-20 00:00:00,TRAN-PRV,load,923.0799999999999,XY,MW
2045-02-21 01:00:00,TRAN-PUB,load,2970.84,XY,MW
2045-02-22 02:00:00,TRAN-PRV,load,697.22,XY,MW
2045-02-23 03:00:00,TRAN-PUB,load,2970.84,XY,MW
2045-02-24 04:00:00,TRAN-PRV,load,186.58,XY,MW
2045-02-25 05:00:00,TRAN-PUB,load,2970.84,XY,MW
2045-02-26 06:00:00,TRAN-PRV,load,549.92,XY,MW
2045-02-27 07:00:00,TRAN-PUB,load,2970.84,XY,MW
2045-02-28 08:00:00,TRAN-PRV,load,923.0799999999999,XY,MW
2045-03-01 09:00:00,TRAN-PUB,load,2970.84,XY,MW
2045-03-02 10:00:00,TRAN-PRV,load,1276.6,XY,MW
2045-03-03 11:00:00,TRAN-PUB,load,2970.84,XY,MW
2045-03-04 12:00:00,TRAN-PRV,load,1639.94,XY,MW
2045-03-05 13:00:00,TRAN-PUB,load,2970.84,XY,MW
2045-03-06 14:00:00,TRAN-PRV,load,1571.2,XY,MW
2045-03-07 15:00:00,TRAN-PUB,load,2970.84,XY,MW
2045-03-08 16:00:00,TRAN-PRV,load,756.14,XY,MW
2045-03-09 17:00:00,TRAN-PUB,load,2970.84,XY,MW
2045-03-10 18:00:00,TRAN-PRV,load,255.32,XY,MW
2045-03-11 19:00:00,TRAN-PUB,load,2970.84,XY,MW
2045-03-12 20:00:00,TRAN-PRV,load,1492.64,XY,MW
2045-03-13 21:00:00,TRAN-PUB,load,2970.84,XY,MW
2045-03-14 22:00:00,TRAN-PRV,load,1669.4,XY,MW
2045-03-15 23:00:00,TRAN-PUB,load,2970.84,XY,MW
2045-03-17 00:00:00,TRAN-PRV,load,1728.32,XY,MW
2045-03-18 01:00:00,TRAN-PUB,load,2970.84,XY,MW
2045-03-19 02:00:00,TRAN-PRV,load,1747.9599999999998,XY,MW
2045-03-20 03:00:00,TRAN-PUB,load,2970.84,XY,MW
2045-03-21 04:00:00,TRAN-PRV,load,1728.32,XY,MW
2045-03-22 05:00:00,TRAN-PUB,load,2970.84,XY,MW
2045-03-23 06:00:00,TRAN-PRV,load,785.6,XY,MW
2045-03-24 07:00:00,TRAN-PUB,load,2970.84,XY,MW
2045-03-25 08:00:00,TRAN-PRV,load,451.71999999999997,XY,MW
2045-03-26 09:00:00,TRAN-PUB,load,2970.84,XY,MW
2045-03-27 10:00:00,TRAN-PRV,load,1482.8200000000002,XY,MW
2045-03-28 11:00:00,TRAN-PUB,load,2970.84,XY,MW
2045-03-29 12:00:00,TRAN-PRV,load,1561.3799999999999,XY,MW
2045-03-30 13:00:00,TRAN-PUB,load,2970.84,XY,MW
2045-03-31 14:00:00,TRAN-PRV,load,1443.54,XY,MW
2045-04-01 15:00:00,TRAN-PUB,load,2970.84,XY,MW
2045-04-02 16:00:00,TRAN-PRV,load,1227.5,XY,MW
2045-04-03 17:00:00,TRAN-PUB,load,2970.84,XY,MW
2045-04-04 18:00:00,TRAN-PRV,load,1050.74,XY,MW
2045-04-05 19:00:00,TRAN-PUB,load,2970.84,XY,MW
2045-04-06 20:00:00,TRAN-PRV,load,392.8,XY,MW
2045-04-07 21:00:00,TRAN-PUB,load,2970.84,XY,MW
2045-04-08 22:00:00,TRAN-PRV,load,333.88,XY,MW
2045-04-09 23:00:00,TRAN-PUB,load,2970.84,XY,MW
2045-04-11 00:00:00,TRAN-PRV,load,883.8000000000001,XY,MW
2045-04-12 01:00:00,TRAN-PUB,load,2970.84,XY,MW
2045-04-13 02:00:00,TRAN-PRV,load,903.4399999999999,XY,MW
2045-04-14 03:00:00,TRAN-PUB,load,2970.84,XY,MW
2045-04-15 04:00:00,TRAN-PRV,load,844.5200000000001,XY,MW
2045-04-16 05:00:00,TRAN-PUB,load,2970.84,XY,MW
2045-04-17 06:00:00,TRAN-PRV,load,775.78,XY,MW
2045-04-18 07:00:00,TRAN-PUB,load,2970.84,XY,MW
2045-04-19 08:00:00,TRAN-PRV,load,559.74,XY,MW
2045-04-20 09:00:00,TRAN-PUB,load,2970.84,XY,MW
2045-04-21 10:00:00,TRAN-PRV,load,147.3,XY,MW
2045-04-22 11:00:00,TRAN-PUB,load,2970.84,XY,MW
2045-04-23 12:00:00,TRAN-PRV,load,1394.44,XY,MW
2045-04-24 13:00:00,TRAN-PUB,load,2970.84,XY,MW
2045-04-25 14:00:00,TRAN-PRV,load,1738.1399999999999,XY,MW
2045-04-26 15:00:00,TRAN-PUB,load,2970.84,XY,MW
2045-04-27 16:00:00,TRAN-PRV,load,1718.5,XY,MW
2045-04-28 17:00:00,TRAN-PUB,load,2970.84,XY,MW
2045-04-29 18:00:00,TRAN-PRV,load,1659.58,XY,MW
2045-04-30 19:00:00,TRAN-PUB,load,2970.84,XY,MW
2045-05-01 20:00:00,TRAN-PRV,load,1512.28,XY,MW
2045-05-02 21:00:00,TRAN-PUB,load,2970.84,XY,MW
2045-05-03 22:00:00,TRAN-PRV,load,903.4399999999999,XY,MW
2045-05-04 23:00:00,TRAN-PUB,load,2970.84,XY,MW
2045-05-06 00:00:00,TRAN-PRV,load,491.0,XY,MW
2045-05-07 01:00:00,TRAN-PUB,load,2970.84,XY,MW
2045-05-08 02:00:00,TRAN-PRV,load,1581.0200000000002,XY,MW
2045-05-09 03:00:00,TRAN-PUB,load,2970.84,XY,MW
2045-05-10 04:00:00,TRAN-PRV,load,1826.52,XY,MW
2045-05-11 05:00:00,TRAN-PUB,load,2970.84,XY,MW
2045-05-12 06:00:00,TRAN-PRV,load,1934.54,XY,MW
2045-05-13 07:00:00,TRAN-PUB,load,2970.84,XY,MW
2045-05-14 08:00:00,TRAN-PRV,load,1924.7199999999998,XY,MW
2045-05-15 09:00:00,TRAN-PUB,load,2970.84,XY,MW
2045-05-16 10:00:00,TRAN-PRV,load,1600.6599999999999,XY,MW
2045-05-17 11:00:00,TRAN-PUB,load,2970.84,XY,MW
2045-05-18 12:00:00,TRAN-PRV,load,726.68,XY,MW
2045-05-19 13:00:00,TRAN-PUB,load,2970.84,XY,MW
2045-05-20 14:00:00,TRAN-PRV,load,451.71999999999997,XY,MW
2045-05-21 15:00:00,TRAN-PUB,load,2970.84,XY,MW
2045-05-22 16:00:00,TRAN-PRV,load,1188.22,XY,MW
2045-05-23 17:00:00,TRAN-PUB,load,2970.84,XY,MW
2045-05-24 18:00:00,TRAN-PRV,load,1188.22,XY,MW
2045-05-25 19:00:00,TRAN-PUB,load,2970.84,XY,MW
2045-05-26 20:00:00,TRAN-PRV,load,1148.94,XY,MW
2045-05-27 21:00:00,TRAN-PUB,load,2970.84,XY,MW
2045-05-28 22:00:00,TRAN-PRV,load,1040.92,XY,MW
2045-05-29 23:00:00,TRAN-PUB,load,2970.84,XY,MW
2045-05-31 00:00:00,TRAN-PRV,load,775.78,XY,MW
2045-06-01 01:00:00,TRAN-PUB,load,2970.84,XY,MW
2045-06-02 02:00:00,TRAN-PRV,load,245.5,XY,MW
2045-06-03 03:00:00,TRAN-PUB,load,2970.84,XY,MW
2045-06-04 04:00:00,TRAN-PRV,load,432.08,XY,MW
2045-06-05 05:00:00,TRAN-PUB,load,2970.84,XY,MW
2045-06-06 06:00:00,TRAN-PRV,load,824.8799999999999,XY,MW
2045-06-07 07:00:00,TRAN-PUB,load,2970.84,XY,MW
2045-06-08 08:00:00,TRAN-PRV,load,982.0,XY,MW
2045-06-09 09:00:00,TRAN-PUB,load,2970.84,XY,MW
2045-06-10 10:00:00,TRAN-PRV,load,1364.9799999999998,XY,MW
2045-06-11 11:00:00,TRAN-PUB,load,2970.84,XY,MW
2045-06-12 12:00:00,TRAN-PRV,load,1649.7599999999998,XY,MW
2045-06-13 13:00:00,TRAN-PUB,load,2970.84,XY,MW
2045-06-14 14:00:00,TRAN-PRV,load,883.8000000000001,XY,MW
2045-06-15 15:00:00,TRAN-PUB,load,2970.84,XY,MW
2045-06-16 16:00:00,TRAN-PRV,load,274.96,XY,MW
2045-06-17 17:00:00,TRAN-PUB,load,2970.84,XY,MW
2045-06-18 18:00:00,TRAN-PRV,load,1600.6599999999999,XY,MW
2045-06-19 19:00:00,TRAN-PUB,load,2970.84,XY,MW
2045-06-20 20:00:00,TRAN-PRV,load,1767.6000000000001,XY,MW
2045-06-21 21:00:00,TRAN-PUB,load,2970.84,XY,MW
2045-06-22 22:00:00,TRAN-PRV,load,1816.7,XY,MW
2045-06-23 23:00:00,TRAN-PUB,load,2970.84,XY,MW
2045-06-25 00:00:00,TRAN-PRV,load,1777.42,XY,MW
2045-06-26 01:00:00,TRAN-PUB,load,2970.84,XY,MW
2045-06-27 02:00:00,TRAN-PRV,load,657.94,XY,MW
2045-06-28 03:00:00,TRAN-PUB,load,2970.84,XY,MW
2045-06-29 04:00:00,TRAN-PRV,load,785.6,XY,MW
2045-06-30 05:00:00,TRAN-PUB,load,2970.84,XY,MW
2045-07-01 06:00:00,TRAN-PRV,load,461.53999999999996,XY,MW
2045-07-02 07:00:00,TRAN-PUB,load,2970.84,XY,MW
2045-07-03 08:00:00,TRAN-PRV,load,667.76,XY,MW
2045-07-04 09:00:00,TRAN-PUB,load,2970.84,XY,MW
2045-07-05 10:00:00,TRAN-PRV,load,1679.22,XY,MW
2045-07-06 11:00:00,TRAN-PUB,load,2970.84,XY,MW
2045-07-07 12:00:00,TRAN-PRV,load,1708.68,XY,MW
2045-07-08 13:00:00,TRAN-PUB,load,2970.84,XY,MW
2045-07-09 14:00:00,TRAN-PRV,load,1522.1,XY,MW
2045-07-10 15:00:00,TRAN-PUB,load,2970.84,XY,MW
2045-07-11 16:00:00,TRAN-PRV,load,1256.96,XY,MW
2045-07-12 17:00:00,TRAN-PUB,load,2970.84,XY,MW
2045-07-13 18:00:00,TRAN-PRV,load,549.92,XY,MW
2045-07-14 19:00:00,TRAN-PUB,load,2970.84,XY,MW
2045-07-15 20:00:00,TRAN-PRV,load,392.8,XY,MW
2045-07-16 21:00:00,TRAN-PUB,load,2970.84,XY,MW
2045-07-17 22:00:00,TRAN-PRV,load,982.0,XY,MW
2045-07-18 23:00:00,TRAN-PUB,load,2970.84,XY,MW
2045-07-20 00:00:00,TRAN-PRV,load,982.0,XY,MW
2045-07-21 01:00:00,TRAN-PUB,load,2970.84,XY,MW
2045-07-22 02:00:00,TRAN-PRV,load,942.72,XY,MW
2045-07-23 03:00:00,TRAN-PUB,load,2970.84,XY,MW
2045-07-24 04:00:00,TRAN-PRV,load,854.34,XY,MW
2045-07-25 05:00:00,TRAN-PUB,load,2970.84,XY,MW
2045-07-26 06:00:00,TRAN-PRV,load,589.2,XY,MW
2045-07-27 07:00:00,TRAN-PUB,load,2970.84,XY,MW
2045-07-28 08:00:00,TRAN-PRV,load,166.94,XY,MW
2045-07-29 09:00:00,TRAN-PUB,load,2970.84,XY,MW
2045-07-30 10:00:00,TRAN-PRV,load,1198.04,XY,MW
2045-07-31 11:00:00,TRAN-PUB,load,2970.84,XY,MW
2045-08-01 12:00:00,TRAN-PRV,load,1836.34,XY,MW
2045-08-02 13:00:00,TRAN-PUB,load,2970.84,XY,MW
2045-08-03 14:00:00,TRAN-PRV,load,1924.7199999999998,XY,MW
2045-08-04 15:00:00,TRAN-PUB,load,2970.84,XY,MW
2045-08-05 16:00:00,TRAN-PRV,load,1855.98,XY,MW
2045-08-06 17:00:00,TRAN-PUB,load,2970.84,XY,MW
2045-08-07 18:00:00,TRAN-PRV,load,1679.22,XY,MW
2045-08-08 19:00:00,TRAN-PUB,load,2970.84,XY,MW
2045-08-09 20:00:00,TRAN-PRV,load,991.8199999999999,XY,MW
2045-08-10 21:00:00,TRAN-PUB,load,2970.84,XY,MW
2045-08-11 22:00:00,TRAN-PRV,load,530.28,XY,MW
2045-08-12 23:00:00,TRAN-PUB,load,2970.84,XY,MW
2045-08-14 00:00:00,TRAN-PRV,load,1679.22,XY,MW
2045-08-15 01:00:00,TRAN-PUB,load,2970.84,XY,MW
2045-08-16 02:00:00,TRAN-PRV,load,1875.6200000000001,XY,MW
2045-08-17 03:00:00,TRAN-PUB,load,2970.84,XY,MW
2045-08-18 04:00:00,TRAN-PRV,load,1993.46,XY,MW
2045-08-19 05:00:00,TRAN-PUB,load,2970.84,XY,MW
2045-08-20 06:00:00,TRAN-PRV,load,1993.46,XY,MW
2045-08-21 07:00:00,TRAN-PUB,load,2970.84,XY,MW
2045-08-22 08:00:00,TRAN-PRV,load,1777.42,XY,MW
2045-08-23 09:00:00,TRAN-PUB,load,2970.84,XY,MW
2045-08-24 10:00:00,TRAN-PRV,load,844.5200000000001,XY,MW
2045-08-25 11:00:00,TRAN-PUB,load,2970.84,XY,MW
2045-08-26 12:00:00,TRAN-PRV,load,559.74,XY,MW
2045-08-27 13:00:00,TRAN-PUB,load,2970.84,XY,MW
2045-08-28 14:00:00,TRAN-PRV,load,1178.4,XY,MW
2045-08-29 15:00:00,TRAN-PUB,load,2970.84,XY,MW
2045-08-30 16:00:00,TRAN-PRV,load,432.08,XY,MW
2045-08-31 17:00:00,TRAN-PUB,load,2970.84,XY,MW
2045-09-01 18:00:00,TRAN-PRV,load,1158.7599999999998,XY,MW
2045-09-02 19:00:00,TRAN-PUB,load,2970.84,XY,MW
2045-09-03 20:00:00,TRAN-PRV,load,1139.1200000000001,XY,MW
2045-09-04 21:00:00,TRAN-PUB,load,2970.84,XY,MW
2045-09-05 22:00:00,TRAN-PRV,load,923.0799999999999,XY,MW
2045-09-06 23:00:00,TRAN-PUB,load,2970.84,XY,MW
2045-09-08 00:00:00,TRAN-PRV,load,333.88,XY,MW
2045-09-09 01:00:00,TRAN-PUB,load,2970.84,XY,MW
2045-09-10 02:00:00,TRAN-PRV,load,432.08,XY,MW
2045-09-11 03:00:00,TRAN-PUB,load,2970.84,XY,MW
2045-09-12 04:00:00,TRAN-PRV,load,864.16,XY,MW
2045-09-13 05:00:00,TRAN-PUB,load,2970.84,XY,MW
2045-09-14 06:00:00,TRAN-PRV,load,903.4399999999999,XY,MW
2045-09-15 07:00:00,TRAN-PUB,load,2970.84,XY,MW
2045-09-16 08:00:00,TRAN-PRV,load,540.1,XY,MW
2045-09-17 09:00:00,TRAN-PUB,load,2970.84,XY,MW
2045-09-18 10:00:00,TRAN-PRV,load,1168.58,XY,MW
2045-09-19 11:00:00,TRAN-PUB,load,2970.84,XY,MW
2045-09-20 12:00:00,TRAN-PRV,load,726.68,XY,MW
2045-09-21 13:00:00,TRAN-PUB,load,2970.84,XY,MW
2045-09-22 14:00:00,TRAN-PRV,load,216.04,XY,MW
2045-09-23 15:00:00,TRAN-PUB,load,2970.84,XY,MW
2045-09-24 16:00:00,TRAN-PRV,load,1620.3,XY,MW
2045-09-25 17:00:00,TRAN-PUB,load,2970.84,XY,MW
2045-09-26 18:00:00,TRAN-PRV,load,1855.98,XY,MW
2045-09-27 19:00:00,TRAN-PUB,load,2970.84,XY,MW
2045-09-28 20:00:00,TRAN-PRV,load,1826.52,XY,MW
2045-09-29 21:00:00,TRAN-PUB,load,2970.84,XY,MW
2045-09-30 22:00:00,TRAN-PRV,load,1806.8799999999999,XY,MW
2045-10-01 23:00:00,TRAN-PUB,load,2970.84,XY,MW
2045-10-03 00:00:00,TRAN-PRV,load,1826.52,XY,MW
2045-10-04 01:00:00,TRAN-PUB,load,2970.84,XY,MW
2045-10-05 02:00:00,TRAN-PRV,load,1011.46,XY,MW
2045-10-06 03:00:00,TRAN-PUB,load,2970.84,XY,MW
2045-10-07 04:00:00,TRAN-PRV,load,510.64,XY,MW
2045-10-08 05:00:00,TRAN-PUB,load,2970.84,XY,MW
2045-10-09 06:00:00,TRAN-PRV,load,628.48,XY,MW
2045-10-10 07:00:00,TRAN-PUB,load,2970.84,XY,MW
2045-10-11 08:00:00,TRAN-PRV,load,1846.1599999999999,XY,MW
2045-10-12 09:00:00,TRAN-PUB,load,2970.84,XY,MW
2045-10-13 10:00:00,TRAN-PRV,load,1914.8999999999999,XY,MW
2045-10-14 11:00:00,TRAN-PUB,load,2970.84,XY,MW
2045-10-15 12:00:00,TRAN-PRV,load,1757.7799999999997,XY,MW
2045-10-16 13:00:00,TRAN-PUB,load,2970.84,XY,MW
2045-10-17 14:00:00,TRAN-PRV,load,1384.6200000000001,XY,MW
2045-10-18 15:00:00,TRAN-PUB,load,2970.84,XY,MW
2045-10-19 16:00:00,TRAN-PRV,load,608.84,XY,MW
2045-10-20 17:00:00,TRAN-PUB,load,2970.84,XY,MW
2045-10-21 18:00:00,TRAN-PRV,load,363.34,XY,MW
2045-10-22 19:00:00,TRAN-PUB,load,2970.84,XY,MW
2045-10-23 20:00:00,TRAN-PRV,load,1090.02,XY,MW
2045-10-24 21:00:00,TRAN-PUB,load,2970.84,XY,MW
2045-10-25 22:00:00,TRAN-PRV,load,1090.02,XY,MW
2045-10-26 23:00:00,TRAN-PUB,load,2970.84,XY,MW
2045-10-28 00:00:00,TRAN-PRV,load,913.26,XY,MW
2045-10-29 01:00:00,TRAN-PUB,load,2970.84,XY,MW
2045-10-30 02:00:00,TRAN-PRV,load,608.84,XY,MW
2045-10-31 03:00:00,TRAN-PUB,load,2970.84,XY,MW
2045-11-01 04:00:00,TRAN-PRV,load,638.3,XY,MW
2045-11-02 05:00:00,TRAN-PUB,load,2970.84,XY,MW
2045-11-03 06:00:00,TRAN-PRV,load,196.4,XY,MW
2045-11-04 07:00:00,TRAN-PUB,load,2970.84,XY,MW
2045-11-05 08:00:00,TRAN-PRV,load,824.8799999999999,XY,MW
2045-11-06 09:00:00,TRAN-PUB,load,2970.84,XY,MW
2045-11-07 10:00:00,TRAN-PRV,load,1443.54,XY,MW
2045-11-08 11:00:00,TRAN-PUB,load,2970.84,XY,MW
2045-11-09 12:00:00,TRAN-PRV,load,1855.98,XY,MW
2045-11-10 13:00:00,TRAN-PUB,load,2970.84,XY,MW
2045-11-11 14:00:00,TRAN-PRV,load,1816.7,XY,MW
2045-11-12 15:00:00,TRAN-PUB,load,2970.84,XY,MW
2045-11-13 16:00:00,TRAN-PRV,load,1885.44,XY,MW
2045-11-14 17:00:00,TRAN-PUB,load,2970.84,XY,MW
2045-11-15 18:00:00,TRAN-PRV,load,1708.68,XY,MW
2045-11-16 19:00:00,TRAN-PUB,load,2970.84,XY,MW
2045-11-17 20:00:00,TRAN-PRV,load,1001.64,XY,MW
2045-11-18 21:00:00,TRAN-PUB,load,2970.84,XY,MW
2045-11-19 22:00:00,TRAN-PRV,load,500.82,XY,MW
2045-11-20 23:00:00,TRAN-PUB,load,2970.84,XY,MW
2045-11-22 00:00:00,TRAN-PRV,load,1630.1200000000001,XY,MW
2045-11-23 01:00:00,TRAN-PUB,load,2970.84,XY,MW
2045-11-24 02:00:00,TRAN-PRV,load,1787.2400000000002,XY,MW
2045-11-25 03:00:00,TRAN-PUB,load,2970.84,XY,MW
2045-11-26 04:00:00,TRAN-PRV,load,1865.8000000000002,XY,MW
2045-11-27 05:00:00,TRAN-PUB,load,2970.84,XY,MW
2045-11-28 06:00:00,TRAN-PRV,load,1924.7199999999998,XY,MW
2045-11-29 07:00:00,TRAN-PUB,load,2970.84,XY,MW
2045-11-30 08:00:00,TRAN-PRV,load,1777.42,XY,MW
2045-12-01 09:00:00,TRAN-PUB,load,2970.84,XY,MW
2045-12-02 10:00:00,TRAN-PRV,load,834.7,XY,MW
2045-12-03 11:00:00,TRAN-PUB,load,2970.84,XY,MW
2045-12-04 12:00:00,TRAN-PRV,load,549.92,XY,MW
2045-12-05 13:00:00,TRAN-PUB,load,2970.84,XY,MW
2045-12-06 14:00:00,TRAN-PRV,load,1541.7399999999998,XY,MW
2045-12-07 15:00:00,TRAN-PUB,load,2970.84,XY,MW
2045-12-08 16:00:00,TRAN-PRV,load,1463.1799999999998,XY,MW
2045-12-09 17:00:00,TRAN-PUB,load,2970.84,XY,MW
2045-12-10 18:00:00,TRAN-PRV,load,1325.7,XY,MW
2045-12-11 19:00:00,TRAN-PUB,load,2970.84,XY,MW
2045-12-12 20:00:00,TRAN-PRV,load,1217.68,XY,MW
2045-12-13 21:00:00,TRAN-PUB,load,2970.84,XY,MW
2045-12-14 22:00:00,TRAN-PRV,load,1040.92,XY,MW
2045-12-15 23:00:00,TRAN-PUB,load,2970.84,XY,MW
2045-12-17 00:00:00,TRAN-PRV,load,402.62,XY,MW
2045-12-18 01:00:00,TRAN-PUB,load,2970.84,XY,MW
2045-12-19 02:00:00,TRAN-PRV,load,412.43999999999994,XY,MW
2045-12-20 03:00:00,TRAN-PUB,load,2970.84,XY,MW
2045-12-21 04:00:00,TRAN-PRV,load,873.9799999999999,XY,MW
2045-12-22 05:00:00,TRAN-PUB,load,2970.84,XY,MW
2045-12-23 06:00:00,TRAN-PRV,load,873.9799999999999,XY,MW
2045-12-24 07:00:00,TRAN-PUB,load,2970.84,XY,MW
2045-12-25 08:00:00,TRAN-PRV,load,883.8000000000001,XY,MW
2045-12-26 09:00:00,TRAN-PUB,load,2970.84,XY,MW
2045-12-27 10:00:00,TRAN-PRV,load,982.0,XY,MW
2045-12-28 11:00:00,TRAN-PUB,load,2970.84,XY,MW
2045-12-29 12:00:00,TRAN-PRV,load,677.5799999999999,XY,MW
2045-12-30 13:00:00,TRAN-PUB,load,2970.84,XY,MW
2045-12-31 14:00:00,TRAN-PRV,load,216.04,XY,MW
2046-01-01 15:00:00,TRAN-PUB,load,2970.84,XY,MW
2046-01-02 16:00:00,TRAN-PRV,load,1610.48,XY,MW
2046-01-03 17:00:00,TRAN-PUB,load,2970.84,XY,MW
2046-01-04 18:00:00,TRAN-PRV,load,1747.9599999999998,XY,MW
2046-01-05 19:00:00,TRAN-PUB,load,2970.84,XY,MW
2046-01-06 20:00:00,TRAN-PRV,load,1767.6000000000001,XY,MW
2046-01-07 21:00:00,TRAN-PUB,load,2970.84,XY,MW
2046-01-08 22:00:00,TRAN-PRV,load,1738.1399999999999,XY,MW
2046-01-09 23:00:00,TRAN-PUB,load,2970.84,XY,MW
2046-01-11 00:00:00,TRAN-PRV,load,1689.0400000000002,XY,MW
2046-01-12 01:00:00,TRAN-PUB,load,2970.84,XY,MW
2046-01-13 02:00:00,TRAN-PRV,load,834.7,XY,MW
2046-01-14 03:00:00,TRAN-PUB,load,2970.84,XY,MW
2046-01-15 04:00:00,TRAN-PRV,load,628.48,XY,MW
2046-01-16 05:00:00,TRAN-PUB,load,2970.84,XY,MW
2046-01-17 06:00:00,TRAN-PRV,load,1689.0400000000002,XY,MW
2046-01-18 07:00:00,TRAN-PUB,load,2970.84,XY,MW
2046-01-19 08:00:00,TRAN-PRV,load,1885.44,XY,MW
2046-01-20 09:00:00,TRAN-PUB,load,2970.84,XY,MW
2046-01-21 10:00:00,TRAN-PRV,load,1914.8999999999999,XY,MW
2046-01-22 11:00:00,TRAN-PUB,load,2970.84,XY,MW
2046-01-23 12:00:00,TRAN-PRV,load,1777.42,XY,MW
2046-01-24 13:00:00,TRAN-PUB,load,2970.84,XY,MW
2046-01-25 14:00:00,TRAN-PRV,load,1463.1799999999998,XY,MW
2046-01-26 15:00:00,TRAN-PUB,load,2970.84,XY,MW
2046-01-27 16:00:00,TRAN-PRV,load,549.92,XY,MW
2046-01-28 17:00:00,TRAN-PUB,load,2970.84,XY,MW
2046-01-29 18:00:00,TRAN-PRV,load,491.0,XY,MW
2046-01-30 19:00:00,TRAN-PUB,load,2970.84,XY,MW
2046-01-31 20:00:00,TRAN-PRV,load,1080.2,XY,MW
2046-02-01 21:00:00,TRAN-PUB,load,2970.84,XY,MW
2046-02-02 22:00:00,TRAN-PRV,load,1109.6599999999999,XY,MW
2046-02-03 23:00:00,TRAN-PUB,load,2970.84,XY,MW
2046-02-05 00:00:00,TRAN-PRV,load,1031.1,XY,MW
2046-02-06 01:00:00,TRAN-PUB,load,2970.84,XY,MW
2046-02-07 02:00:00,TRAN-PRV,load,942.72,XY,MW
2046-02-08 03:00:00,TRAN-PUB,load,2970.84,XY,MW
2046-02-09 04:00:00,TRAN-PRV,load,726.68,XY,MW
2046-02-10 05:00:00,TRAN-PUB,load,2970.84,XY,MW
2046-02-11 06:00:00,TRAN-PRV,load,235.68,XY,MW
2046-02-12 07:00:00,TRAN-PUB,load,2970.84,XY,MW
2046-02-13 08:00:00,TRAN-PRV,load,579.3799999999999,XY,MW
2046-02-14 09:00:00,TRAN-PUB,load,2970.84,XY,MW
2046-02-15 10:00:00,TRAN-PRV,load,952.54,XY,MW
2046-02-16 11:00:00,TRAN-PUB,load,2970.84,XY,MW
2046-02-17 12:00:00,TRAN-PRV,load,1325.7,XY,MW
2046-02-18 13:00:00,TRAN-PUB,load,2970.84,XY,MW
2046-02-19 14:00:00,TRAN-PRV,load,1679.22,XY,MW
2046-02-20 15:00:00,TRAN-PUB,load,2970.84,XY,MW
2046-02-21 16:00:00,TRAN-PRV,load,1590.8400000000001,XY,MW
2046-02-22 17:00:00,TRAN-PUB,load,2970.84,XY,MW
2046-02-23 18:00:00,TRAN-PRV,load,707.04,XY,MW
2046-02-24 19:00:00,TRAN-PUB,load,2970.84,XY,MW
2046-02-25 20:00:00,TRAN-PRV,load,441.90000000000003,XY,MW
2046-02-26 21:00:00,TRAN-PUB,load,2970.84,XY,MW
2046-02-27 22:00:00,TRAN-PRV,load,1522.1,XY,MW
2046-02-28 23:00:00,TRAN-PUB,load,2970.84,XY,MW
2046-03-02 00:00:00,TRAN-PRV,load,1639.94,XY,MW
2046-03-03 01:00:00,TRAN-PUB,load,2970.84,XY,MW
2046-03-04 02:00:00,TRAN-PRV,load,1669.4,XY,MW
2046-03-05 03:00:00,TRAN-PUB,load,2970.84,XY,MW
2046-03-06 04:00:00,TRAN-PRV,load,1679.22,XY,MW
2046-03-07 05:00:00,TRAN-PUB,load,2970.84,XY,MW
2046-03-08 06:00:00,TRAN-PRV,load,1649.7599999999998,XY,MW
2046-03-09 07:00:00,TRAN-PUB,load,2970.84,XY,MW
2046-03-10 08:00:00,TRAN-PRV,load,736.4999999999999,XY,MW
2046-03-11 09:00:00,TRAN-PUB,load,2970.84,XY,MW
2046-03-12 10:00:00,TRAN-PRV,load,628.48,XY,MW
2046-03-13 11:00:00,TRAN-PUB,load,2970.84,XY,MW
2046-03-14 12:00:00,TRAN-PRV,load,1581.0200000000002,XY,MW
2046-03-15 13:00:00,TRAN-PUB,load,2970.84,XY,MW
2046-03-16 14:00:00,TRAN-PRV,load,1551.56,XY,MW
2046-03-17 15:00:00,TRAN-PUB,load,2970.84,XY,MW
2046-03-18 16:00:00,TRAN-PRV,load,1384.6200000000001,XY,MW
2046-03-19 17:00:00,TRAN-PUB,load,2970.84,XY,MW
2046-03-20 18:00:00,TRAN-PRV,load,1227.5,XY,MW
2046-03-21 19:00:00,TRAN-PUB,load,2970.84,XY,MW
2046-03-22 20:00:00,TRAN-PRV,load,1060.56,XY,MW
2046-03-23 21:00:00,TRAN-PUB,load,2970.84,XY,MW
2046-03-24 22:00:00,TRAN-PRV,load,451.71999999999997,XY,MW
2046-03-25 23:00:00,TRAN-PUB,load,2970.84,XY,MW
2046-03-27 00:00:00,TRAN-PRV,load,402.62,XY,MW
2046-03-28 01:00:00,TRAN-PUB,load,2970.84,XY,MW
2046-03-29 02:00:00,TRAN-PRV,load,834.7,XY,MW
2046-03-30 03:00:00,TRAN-PUB,load,2970.84,XY,MW
2046-03-31 04:00:00,TRAN-PRV,load,805.24,XY,MW
2046-04-01 05:00:00,TRAN-PUB,load,2970.84,XY,MW
2046-04-02 06:00:00,TRAN-PRV,load,687.4,XY,MW
2046-04-03 07:00:00,TRAN-PUB,load,2970.84,XY,MW
2046-04-04 08:00:00,TRAN-PRV,load,736.4999999999999,XY,MW
2046-04-05 09:00:00,TRAN-PUB,load,2970.84,XY,MW
2046-04-06 10:00:00,TRAN-PRV,load,569.5600000000001,XY,MW
2046-04-07 11:00:00,TRAN-PUB,load,2970.84,XY,MW
2046-04-08 12:00:00,TRAN-PRV,load,206.21999999999997,XY,MW
2046-04-09 13:00:00,TRAN-PUB,load,2970.84,XY,MW
2046-04-10 14:00:00,TRAN-PRV,load,1482.8200000000002,XY,MW
2046-04-11 15:00:00,TRAN-PUB,load,2970.84,XY,MW
2046-04-12 16:00:00,TRAN-PRV,load,1747.9599999999998,XY,MW
2046-04-13 17:00:00,TRAN-PUB,load,2970.84,XY,MW
2046-04-14 18:00:00,TRAN-PRV,load,1698.8600000000001,XY,MW
2046-04-15 19:00:00,TRAN-PUB,load,2970.84,XY,MW
2046-04-16 20:00:00,TRAN-PRV,load,1718.5,XY,MW
2046-04-17 21:00:00,TRAN-PUB,load,2970.84,XY,MW
2046-04-18 22:00:00,TRAN-PRV,load,1600.6599999999999,XY,MW
2046-04-19 23:00:00,TRAN-PUB,load,2970.84,XY,MW
2046-04-21 00:00:00,TRAN-PRV,load,854.34,XY,MW
2046-04-22 01:00:00,TRAN-PUB,load,2970.84,XY,MW
2046-04-23 02:00:00,TRAN-PRV,load,648.1200000000001,XY,MW
2046-04-24 03:00:00,TRAN-PUB,load,2970.84,XY,MW
2046-04-25 04:00:00,TRAN-PRV,load,1620.3,XY,MW
2046-04-26 05:00:00,TRAN-PUB,load,2970.84,XY,MW
2046-04-27 06:00:00,TRAN-PRV,load,1797.06,XY,MW
2046-04-28 07:00:00,TRAN-PUB,load,2970.84,XY,MW
2046-04-29 08:00:00,TRAN-PRV,load,1865.8000000000002,XY,MW
2046-04-30 09:00:00,TRAN-PUB,load,2970.84,XY,MW
2046-05-01 10:00:00,TRAN-PRV,load,1846.1599999999999,XY,MW
2046-05-02 11:00:00,TRAN-PUB,load,2970.84,XY,MW
2046-05-03 12:00:00,TRAN-PRV,load,1571.2,XY,MW
2046-05-04 13:00:00,TRAN-PUB,load,2970.84,XY,MW
2046-05-05 14:00:00,TRAN-PRV,load,765.96,XY,MW
2046-05-06 15:00:00,TRAN-PUB,load,2970.84,XY,MW
2046-05-07 16:00:00,TRAN-PRV,load,579.3799999999999,XY,MW
2046-05-08 17:00:00,TRAN-PUB,load,2970.84,XY,MW
2046-05-09 18:00:00,TRAN-PRV,load,1158.7599999999998,XY,MW
2046-05-10 19:00:00,TRAN-PUB,load,2970.84,XY,MW
2046-05-11 20:00:00,TRAN-PRV,load,1168.58,XY,MW
2046-05-12 21:00:00,TRAN-PUB,load,2970.84,XY,MW
2046-05-13 22:00:00,TRAN-PRV,load,1129.3,XY,MW
2046-05-14 23:00:00,TRAN-PUB,load,2970.84,XY,MW
2046-05-16 00:00:00,TRAN-PRV,load,1021.28,XY,MW
2046-05-17 01:00:00,TRAN-PUB,load,2970.84,XY,MW
2046-05-18 02:00:00,TRAN-PRV,load,785.6,XY,MW
2046-05-19 03:00:00,TRAN-PUB,load,2970.84,XY,MW
2046-05-20 04:00:00,TRAN-PRV,load,274.96,XY,MW
2046-05-21 05:00:00,TRAN-PUB,load,2970.84,XY,MW
2046-05-22 06:00:00,TRAN-PRV,load,461.53999999999996,XY,MW
2046-05-23 07:00:00,TRAN-PUB,load,2970.84,XY,MW
2046-05-24 08:00:00,TRAN-PRV,load,844.5200000000001,XY,MW
2046-05-25 09:00:00,TRAN-PUB,load,2970.84,XY,MW
2046-05-26 10:00:00,TRAN-PRV,load,1021.28,XY,MW
2046-05-27 11:00:00,TRAN-PUB,load,2970.84,XY,MW
2046-05-28 12:00:00,TRAN-PRV,load,1374.8,XY,MW
2046-05-29 13:00:00,TRAN-PUB,load,2970.84,XY,MW
2046-05-30 14:00:00,TRAN-PRV,load,1590.8400000000001,XY,MW
2046-05-31 15:00:00,TRAN-PUB,load,2970.84,XY,MW
2046-06-01 16:00:00,TRAN-PRV,load,815.0600000000001,XY,MW
2046-06-02 17:00:00,TRAN-PUB,load,2970.84,XY,MW
2046-06-03 18:00:00,TRAN-PRV,load,314.24,XY,MW
2046-06-04 19:00:00,TRAN-PUB,load,2970.84,XY,MW
2046-06-05 20:00:00,TRAN-PRV,load,1590.8400000000001,XY,MW
2046-06-06 21:00:00,TRAN-PUB,load,2970.84,XY,MW
2046-06-07 22:00:00,TRAN-PRV,load,1738.1399999999999,XY,MW
2046-06-08 23:00:00,TRAN-PUB,load,2970.84,XY,MW
2046-06-10 00:00:00,TRAN-PRV,load,1767.6000000000001,XY,MW
2046-06-11 01:00:00,TRAN-PUB,load,2970.84,XY,MW
2046-06-12 02:00:00,TRAN-PRV,load,1767.6000000000001,XY,MW
2046-06-13 03:00:00,TRAN-PUB,load,2970.84,XY,MW
2046-06-14 04:00:00,TRAN-PRV,load,1787.2400000000002,XY,MW
2046-06-15 05:00:00,TRAN-PUB,load,2970.84,XY,MW
2046-06-16 06:00:00,TRAN-PRV,load,952.54,XY,MW
2046-06-17 07:00:00,TRAN-PUB,load,2970.84,XY,MW
2046-06-18 08:00:00,TRAN-PRV,load,638.3,XY,MW
2046-06-19 09:00:00,TRAN-PUB,load,2970.84,XY,MW
2046-06-20 10:00:00,TRAN-PRV,load,1797.06,XY,MW
2046-06-21 11:00:00,TRAN-PUB,load,2970.84,XY,MW
2046-06-22 12:00:00,TRAN-PRV,load,1865.8000000000002,XY,MW
2046-06-23 13:00:00,TRAN-PUB,load,2970.84,XY,MW
2046-06-24 14:00:00,TRAN-PRV,load,1698.8600000000001,XY,MW
2046-06-25 15:00:00,TRAN-PUB,load,2970.84,XY,MW
2046-06-26 16:00:00,TRAN-PRV,load,1581.0200000000002,XY,MW
2046-06-27 17:00:00,TRAN-PUB,load,2970.84,XY,MW
2046-06-28 18:00:00,TRAN-PRV,load,1266.78,XY,MW
2046-06-29 19:00:00,TRAN-PUB,load,2970.84,XY,MW
2046-06-30 20:00:00,TRAN-PRV,load,520.46,XY,MW
2046-07-01 21:00:00,TRAN-PUB,load,2970.84,XY,MW
2046-07-02 22:00:00,TRAN-PRV,load,392.8,XY,MW
2046-07-03 23:00:00,TRAN-PUB,load,2970.84,XY,MW
2046-07-05 00:00:00,TRAN-PRV,load,972.18,XY,MW
2046-07-06 01:00:00,TRAN-PUB,load,2970.84,XY,MW
2046-07-07 02:00:00,TRAN-PRV,load,883.8000000000001,XY,MW
2046-07-08 03:00:00,TRAN-PUB,load,2970.84,XY,MW
2046-07-09 04:00:00,TRAN-PRV,load,667.76,XY,MW
2046-07-10 05:00:00,TRAN-PUB,load,2970.84,XY,MW
2046-07-11 06:00:00,TRAN-PRV,load,893.6200000000001,XY,MW
2046-07-12 07:00:00,TRAN-PUB,load,2970.84,XY,MW
2046-07-13 08:00:00,TRAN-PRV,load,618.66,XY,MW
2046-07-14 09:00:00,TRAN-PUB,load,2970.84,XY,MW
2046-07-15 10:00:00,TRAN-PRV,load,176.76,XY,MW
2046-07-16 11:00:00,TRAN-PUB,load,2970.84,XY,MW
2046-07-17 12:00:00,TRAN-PRV,load,1207.8600000000001,XY,MW
2046-07-18 13:00:00,TRAN-PUB,load,2970.84,XY,MW
2046-07-19 14:00:00,TRAN-PRV,load,1767.6000000000001,XY,MW
2046-07-20 15:00:00,TRAN-PUB,load,2970.84,XY,MW
2046-07-21 16:00:00,TRAN-PRV,load,1855.98,XY,MW
2046-07-22 17:00:00,TRAN-PUB,load,2970.84,XY,MW
2046-07-23 18:00:00,TRAN-PRV,load,1806.8799999999999,XY,MW
2046-07-24 19:00:00,TRAN-PUB,load,2970.84,XY,MW
2046-07-25 20:00:00,TRAN-PRV,load,1669.4,XY,MW
2046-07-26 21:00:00,TRAN-PUB,load,2970.84,XY,MW
2046-07-27 22:00:00,TRAN-PRV,load,1040.92,XY,MW
2046-07-28 23:00:00,TRAN-PUB,load,2970.84,XY,MW
2046-07-30 00:00:00,TRAN-PRV,load,608.84,XY,MW
2046-07-31 01:00:00,TRAN-PUB,load,2970.84,XY,MW
2046-08-01 02:00:00,TRAN-PRV,load,1659.58,XY,MW
2046-08-02 03:00:00,TRAN-PUB,load,2970.84,XY,MW
2046-08-03 04:00:00,TRAN-PRV,load,1846.1599999999999,XY,MW
2046-08-04 05:00:00,TRAN-PUB,load,2970.84,XY,MW
2046-08-05 06:00:00,TRAN-PRV,load,1934.54,XY,MW
2046-08-06 07:00:00,TRAN-PUB,load,2970.84,XY,MW
2046-08-07 08:00:00,TRAN-PRV,load,1983.6399999999999,XY,MW
2046-08-08 09:00:00,TRAN-PUB,load,2970.84,XY,MW
2046-08-09 10:00:00,TRAN-PRV,load,1728.32,XY,MW
2046-08-10 11:00:00,TRAN-PUB,load,2970.84,XY,MW
2046-08-11 12:00:00,TRAN-PRV,load,834.7,XY,MW
2046-08-12 13:00:00,TRAN-PUB,load,2970.84,XY,MW
2046-08-13 14:00:00,TRAN-PRV,load,628.48,XY,MW
2046-08-14 15:00:00,TRAN-PUB,load,2970.84,XY,MW
2046-08-15 16:00:00,TRAN-PRV,load,1345.3400000000001,XY,MW
2046-08-16 17:00:00,TRAN-PUB,load,2970.84,XY,MW
2046-08-17 18:00:00,TRAN-PRV,load,1315.88,XY,MW
2046-08-18 19:00:00,TRAN-PUB,load,2970.84,XY,MW
2046-08-19 20:00:00,TRAN-PRV,load,1227.5,XY,MW
2046-08-20 21:00:00,TRAN-PUB,load,2970.84,XY,MW
2046-08-21 22:00:00,TRAN-PRV,load,1158.7599999999998,XY,MW
2046-08-22 23:00:00,TRAN-PUB,load,2970.84,XY,MW
2046-08-24 00:00:00,TRAN-PRV,load,913.26,XY,MW
2046-08-25 01:00:00,TRAN-PUB,load,2970.84,XY,MW
2046-08-26 02:00:00,TRAN-PRV,load,314.24,XY,MW
2046-08-27 03:00:00,TRAN-PUB,load,2970.84,XY,MW
2046-08-28 04:00:00,TRAN-PRV,load,422.26000000000005,XY,MW
2046-08-29 05:00:00,TRAN-PUB,load,2970.84,XY,MW
2046-08-30 06:00:00,TRAN-PRV,load,844.5200000000001,XY,MW
2046-08-31 07:00:00,TRAN-PUB,load,2970.84,XY,MW
2046-09-01 08:00:00,TRAN-PRV,load,785.6,XY,MW
2046-09-02 09:00:00,TRAN-PUB,load,2970.84,XY,MW
2046-09-03 10:00:00,TRAN-PRV,load,540.1,XY,MW
2046-09-04 11:00:00,TRAN-PUB,load,2970.84,XY,MW
2046-09-05 12:00:00,TRAN-PRV,load,1139.1200000000001,XY,MW
2046-09-06 13:00:00,TRAN-PUB,load,2970.84,XY,MW
2046-09-07 14:00:00,TRAN-PRV,load,648.1200000000001,XY,MW
2046-09-08 15:00:00,TRAN-PUB,load,2970.84,XY,MW
2046-09-09 16:00:00,TRAN-PRV,load,166.94,XY,MW
2046-09-10 17:00:00,TRAN-PUB,load,2970.84,XY,MW
2046-09-11 18:00:00,TRAN-PRV,load,1600.6599999999999,XY,MW
2046-09-12 19:00:00,TRAN-PUB,load,2970.84,XY,MW
2046-09-13 20:00:00,TRAN-PRV,load,1806.8799999999999,XY,MW
2046-09-14 21:00:00,TRAN-PUB,load,2970.84,XY,MW
2046-09-15 22:00:00,TRAN-PRV,load,1816.7,XY,MW
2046-09-16 23:00:00,TRAN-PUB,load,2970.84,XY,MW
2046-09-18 00:00:00,TRAN-PRV,load,1806.8799999999999,XY,MW
2046-09-19 01:00:00,TRAN-PUB,load,2970.84,XY,MW
2046-09-20 02:00:00,TRAN-PRV,load,1767.6000000000001,XY,MW
2046-09-21 03:00:00,TRAN-PUB,load,2970.84,XY,MW
2046-09-22 04:00:00,TRAN-PRV,load,913.26,XY,MW
2046-09-23 05:00:00,TRAN-PUB,load,2970.84,XY,MW
2046-09-24 06:00:00,TRAN-PRV,load,559.74,XY,MW
2046-09-25 07:00:00,TRAN-PUB,load,2970.84,XY,MW
2046-09-26 08:00:00,TRAN-PRV,load,1865.8000000000002,XY,MW
2046-09-27 09:00:00,TRAN-PUB,load,2970.84,XY,MW
2046-09-28 10:00:00,TRAN-PRV,load,1993.46,XY,MW
2046-09-29 11:00:00,TRAN-PUB,load,2970.84,XY,MW
2046-09-30 12:00:00,TRAN-PRV,load,1875.6200000000001,XY,MW
2046-10-01 13:00:00,TRAN-PUB,load,2970.84,XY,MW
2046-10-02 14:00:00,TRAN-PRV,load,1679.22,XY,MW
2046-10-03 15:00:00,TRAN-PUB,load,2970.84,XY,MW
2046-10-04 16:00:00,TRAN-PRV,load,1335.52,XY,MW
2046-10-05 17:00:00,TRAN-PUB,load,2970.84,XY,MW
2046-10-06 18:00:00,TRAN-PRV,load,510.64,XY,MW
2046-10-07 19:00:00,TRAN-PUB,load,2970.84,XY,MW
2046-10-08 20:00:00,TRAN-PRV,load,314.24,XY,MW
2046-10-09 21:00:00,TRAN-PUB,load,2970.84,XY,MW
2046-10-10 22:00:00,TRAN-PRV,load,1080.2,XY,MW
2046-10-11 23:00:00,TRAN-PUB,load,2970.84,XY,MW
2046-10-13 00:00:00,TRAN-PRV,load,1070.38,XY,MW
2046-10-14 01:00:00,TRAN-PUB,load,2970.84,XY,MW
2046-10-15 02:00:00,TRAN-PRV,load,991.8199999999999,XY,MW
2046-10-16 03:00:00,TRAN-PUB,load,2970.84,XY,MW
2046-10-17 04:00:00,TRAN-PRV,load,913.26,XY,MW
2046-10-18 05:00:00,TRAN-PUB,load,2970.84,XY,MW
2046-10-19 06:00:00,TRAN-PRV,load,628.48,XY,MW
2046-10-20 07:00:00,TRAN-PUB,load,2970.84,XY,MW
2046-10-21 08:00:00,TRAN-PRV,load,166.94,XY,MW
2046-10-22 09:00:00,TRAN-PUB,load,2970.84,XY,MW
2046-10-23 10:00:00,TRAN-PRV,load,805.24,XY,MW
2046-10-24 11:00:00,TRAN-PUB,load,2970.84,XY,MW
2046-10-25 12:00:00,TRAN-PRV,load,1433.72,XY,MW
2046-10-26 13:00:00,TRAN-PUB,load,2970.84,XY,MW
2046-10-27 14:00:00,TRAN-PRV,load,1826.52,XY,MW
2046-10-28 15:00:00,TRAN-PUB,load,2970.84,XY,MW
2046-10-29 16:00:00,TRAN-PRV,load,1855.98,XY,MW
2046-10-30 17:00:00,TRAN-PUB,load,2970.84,XY,MW
2046-10-31 18:00:00,TRAN-PRV,load,1689.0400000000002,XY,MW
2046-11-01 19:00:00,TRAN-PUB,load,2970.84,XY,MW
2046-11-02 20:00:00,TRAN-PRV,load,913.26,XY,MW
2046-11-03 21:00:00,TRAN-PUB,load,2970.84,XY,MW
2046-11-04 22:00:00,TRAN-PRV,load,392.8,XY,MW
2046-11-05 23:00:00,TRAN-PUB,load,2970.84,XY,MW
2046-11-07 00:00:00,TRAN-PRV,load,1649.7599999999998,XY,MW
2046-11-08 01:00:00,TRAN-PUB,load,2970.84,XY,MW
2046-11-09 02:00:00,TRAN-PRV,load,1855.98,XY,MW
2046-11-10 03:00:00,TRAN-PUB,load,2970.84,XY,MW
2046-11-11 04:00:00,TRAN-PRV,load,1895.26,XY,MW
2046-11-12 05:00:00,TRAN-PUB,load,2970.84,XY,MW
2046-11-13 06:00:00,TRAN-PRV,load,1964.0,XY,MW
2046-11-14 07:00:00,TRAN-PUB,load,2970.84,XY,MW
2046-11-15 08:00:00,TRAN-PRV,load,1806.8799999999999,XY,MW
2046-11-16 09:00:00,TRAN-PUB,load,2970.84,XY,MW
2046-11-17 10:00:00,TRAN-PRV,load,805.24,XY,MW
2046-11-18 11:00:00,TRAN-PUB,load,2970.84,XY,MW
2046-11-19 12:00:00,TRAN-PRV,load,559.74,XY,MW
2046-11-20 13:00:00,TRAN-PUB,load,2970.84,XY,MW
2046-11-21 14:00:00,TRAN-PRV,load,1561.3799999999999,XY,MW
2046-11-22 15:00:00,TRAN-PUB,load,2970.84,XY,MW
2046-11-23 16:00:00,TRAN-PRV,load,1492.64,XY,MW
2046-11-24 17:00:00,TRAN-PUB,load,2970.84,XY,MW
2046-11-25 18:00:00,TRAN-PRV,load,1364.9799999999998,XY,MW
2046-11-26 19:00:00,TRAN-PUB,load,2970.84,XY,MW
2046-11-27 20:00:00,TRAN-PRV,load,1266.78,XY,MW
2046-11-28 21:00:00,TRAN-PUB,load,2970.84,XY,MW
2046-11-29 22:00:00,TRAN-PRV,load,1070.38,XY,MW
2046-11-30 23:00:00,TRAN-PUB,load,2970.84,XY,MW
2046-12-02 00:00:00,TRAN-PRV,load,382.98,XY,MW
2046-12-03 01:00:00,TRAN-PUB,load,2970.84,XY,MW
2046-12-04 02:00:00,TRAN-PRV,load,392.8,XY,MW
2046-12-05 03:00:00,TRAN-PUB,load,2970.84,XY,MW
2046-12-06 04:00:00,TRAN-PRV,load,903.4399999999999,XY,MW
2046-12-07 05:00:00,TRAN-PUB,load,2970.84,XY,MW
2046-12-08 06:00:00,TRAN-PRV,load,873.9799999999999,XY,MW
2046-12-09 07:00:00,TRAN-PUB,load,2970.84,XY,MW
2046-12-10 08:00:00,TRAN-PRV,load,834.7,XY,MW
2046-12-11 09:00:00,TRAN-PUB,load,2970.84,XY,MW
2046-12-12 10:00:00,TRAN-PRV,load,815.0600000000001,XY,MW
2046-12-13 11:00:00,TRAN-PUB,load,2970.84,XY,MW
2046-12-14 12:00:00,TRAN-PRV,load,500.82,XY,MW
2046-12-15 13:00:00,TRAN-PUB,load,2970.84,XY,MW
2046-12-16 14:00:00,TRAN-PRV,load,137.48,XY,MW
2046-12-17 15:00:00,TRAN-PUB,load,2970.84,XY,MW
2046-12-18 16:00:00,TRAN-PRV,load,274.96,XY,MW
2046-12-19 17:00:00,TRAN-PUB,load,2970.84,XY,MW
2046-12-20 18:00:00,TRAN-PRV,load,127.66,XY,MW
2046-12-21 19:00:00,TRAN-PUB,load,2970.84,XY,MW
2046-12-22 20:00:00,TRAN-PRV,load,294.6,XY,MW
2046-12-23 21:00:00,TRAN-PUB,load,2970.84,XY,MW
2046-12-24 22:00:00,TRAN-PRV,load,952.54,XY,MW
2046-12-25 23:00:00,TRAN-PUB,load,2970.84,XY,MW
2046-12-27 00:00:00,TRAN-PRV,load,1021.28,XY,MW
2046-12-28 01:00:00,TRAN-PUB,load,2970.84,XY,MW
2046-12-29 02:00:00,TRAN-PRV,load,736.4999999999999,XY,MW
2046-12-30 03:00:00,TRAN-PUB,load,2970.84,XY,MW
2046-12-31 04:00:00,TRAN-PRV,load,510.64,XY,MW
2047-01-01 05:00:00,TRAN-PUB,load,2970.84,XY,MW
2047-01-02 06:00:00,TRAN-PRV,load,441.90000000000003,XY,MW
2047-01-03 07:00:00,TRAN-PUB,load,2970.84,XY,MW
2045-01-01 00:00:00,TRAN-PRV,store_discharge,-10.08,XY,MW
2045-01-02 01:00:00,TRAN-PUB,store_discharge,0.0,XY,MW
2045-01-03 02:00:00,TRAN-PRV,store_discharge,10.08,XY,MW
2045-01-04 03:00:00,TRAN-PUB,store_discharge,0.0,XY,MW
2045-01-05 04:00:00,TRAN-PRV,store_discharge,0.0,XY,MW
2045-01-06 05:00:00,TRAN-PUB,store_discharge,0.0,XY,MW
2045-01-07 06:00:00,TRAN-PRV,store_discharge,0.0,XY,MW
2045-01-08 07:00:00,TRAN-PUB,store_discharge,0.0,XY,MW
2045-01-09 08:00:00,TRAN-PRV,store_discharge,0.0,XY,MW
2045-01-10 09:00:00,TRAN-PUB,store_discharge,0.0,XY,MW
2045-01-11 10:00:00,TRAN-PRV,store_discharge,0.0,XY,MW
2045-01-12 11:00:00,TRAN-PUB,store_discharge,0.0,XY,MW
2045-01-13 12:00:00,TRAN-PRV,store_discharge,-10.8,XY,MW
2045-01-14 13:00:00,TRAN-PUB,store_discharge,-3.6,XY,MW
2045-01-15 14:00:00,TRAN-PRV,store_discharge,10.8,XY,MW
2045-01-16 15:00:00,TRAN-PUB,store_discharge,3.6,XY,MW
2045-01-17 16:00:00,TRAN-PRV,store_discharge,0.0,XY,MW
2045-01-18 17:00:00,TRAN-PUB,store_discharge,0.0,XY,MW
2045-01-19 18:00:00,TRAN-PRV,store_discharge,0.0,XY,MW
2045-01-20 19:00:00,TRAN-PUB,store_discharge,0.0,XY,MW
2045-01-21 20:00:00,TRAN-PRV,store_discharge,0.0,XY,MW
2045-01-22 21:00:00,TRAN-PUB,store_discharge,0.0,XY,MW
2045-01-23 22:00:00,TRAN-PRV,store_discharge,0.0,XY,MW
2045-01-24 23:00:00,TRAN-PUB,store_discharge,0.0,XY,MW
2045-01-26 00:00:00,TRAN-PRV,store_discharge,0.0,XY,MW
2045-01-27 01:00:00,TRAN-PUB,store_discharge,0.0,XY,MW
2045-01-28 02:00:00,TRAN-PRV,store_discharge,0.0,XY,MW
2045-01-29 03:00:00,TRAN-PUB,store_discharge,0.0,XY,MW
2045-01-30 04:00:00,TRAN-PRV,store_discharge,0.0,XY,MW
2045-01-31 05:00:00,TRAN-PUB,store_discharge,0.0,XY,MW
2045-02-01 06:00:00,TRAN-PRV,store_discharge,0.0,XY,MW
2045-02-02 07:00:00,TRAN-PUB,store_discharge,0.0,XY,MW
2045-02-03 08:00:00,TRAN-PRV,store_discharge,0.0,XY,MW
2045-02-04 09:00:00,TRAN-PUB,store_discharge,0.0,XY,MW
2045-02-05 10:00:00,TRAN-PRV,store_discharge,0.0,XY,MW
2045-02-06 11:00:00,TRAN-PUB,store_discharge,0.0,XY,MW
2045-02-07 12:00:00,TRAN-PRV,store_discharge,0.0,XY,MW
2045-02-08 13:00:00,TRAN-PUB,store_discharge,0.0,XY,MW
2045-02-09 14:00:00,TRAN-PRV,store_discharge,0.0,XY,MW
2045-02-10 15:00:00,TRAN-PUB,store_discharge,0.0,XY,MW
2045-02-11 16:00:00,TRAN-PRV,store_discharge,0.0,XY,MW
2045-02-12 17:00:00,TRAN-PUB,store_discharge,0.0,XY,MW
2045-02-13 18:00:00,TRAN-PRV,store_discharge,0.0,XY,MW
2045-02-14 19:00:00,TRAN-PUB,store_discharge,0.0,XY,MW
2045-02-15 20:00:00,TRAN-PRV,store_discharge,0.0,XY,MW
2045-02-16 21:00:00,TRAN-PUB,store_discharge,0.0,XY,MW
2045-02-17 22:00:00,TRAN-PRV,store_discharge,0.0,XY,MW
2045-02-18 23:00:00,TRAN-PUB,store_discharge,0.0,XY,MW
2045-02-20 00:00:00,TRAN-PRV,store_discharge,0.0,XY,MW
2045-02-21 01:00:00,TRAN-PUB,store_discharge,0.0,XY,MW
2045-02-22 02:00:00,TRAN-PRV,store_discharge,0.0,XY,MW
2045-02-23 03:00:00,TRAN-PUB,store_discharge,0.0,XY,MW
2045-02-24 04:00:00,TRAN-PRV,store_discharge,0.0,XY,MW
2045-02-25 05:00:00,TRAN-PUB,store_discharge,0.0,XY,MW
2045-02-26 06:00:00,TRAN-PRV,store_discharge,0.0,XY,MW
2045-02-27 07:00:00,TRAN-PUB,store_discharge,0.0,XY,MW
2045-02-28 08:00:00,TRAN-PRV,store_discharge,0.0,XY,MW
2045-03-01 09:00:00,TRAN-PUB,store_discharge,0.0,XY,MW
2045-03-02 10:00:00,TRAN-PRV,store_discharge,0.0,XY,MW
2045-03-03 11:00:00,TRAN-PUB,store_discharge,0.0,XY,MW
2045-03-04 12:00:00,TRAN-PRV,store_discharge,-10.8,XY,MW
2045-03-05 13:00:00,TRAN-PUB,store_discharge,-3.6,XY,MW
2045-03-06 14:00:00,TRAN-PRV,store_discharge,10.8,XY,MW
2045-03-07 15:00:00,TRAN-PUB,store_discharge,3.6,XY,MW
2045-03-08 16:00:00,TRAN-PRV,store_discharge,0.0,XY,MW
2045-03-09 17:00:00,TRAN-PUB,store_discharge,0.0,XY,MW
2045-03-10 18:00:00,TRAN-PRV,store_discharge,0.0,XY,MW
2045-03-11 19:00:00,TRAN-PUB,store_discharge,0.0,XY,MW
2045-03-12 20:00:00,TRAN-PRV,store_discharge,0.0,XY,MW
2045-03-13 21:00:00,TRAN-PUB,store_discharge,0.0,XY,MW
2045-03-14 22:00:00,TRAN-PRV,store_discharge,0.0,XY,MW
2045-03-15 23:00:00,TRAN-PUB,store_discharge,0.0,XY,MW
2045-03-17 00:00:00,TRAN-PRV,store_discharge,0.0,XY,MW
2045-03-18 01:00:00,TRAN-PUB,store_discharge,0.0,XY,MW
2045-03-19 02:00:00,TRAN-PRV,store_discharge,0.0,XY,MW
2045-03-20 03:00:00,TRAN-PUB,store_discharge,0.0,XY,MW
2045-03-21 04:00:00,TRAN-PRV,store_discharge,0.0,XY,MW
2045-03-22 05:00:00,TRAN-PUB,store_discharge,0.0,XY,MW
2045-03-23 06:00:00,TRAN-PRV,store_discharge,0.0,XY,MW
2045-03-24 07:00:00,TRAN-PUB,store_discharge,0.0,XY,MW
2045-03-25 08:00:00,TRAN-PRV,store_discharge,0.0,XY,MW
2045-03-26 09:00:00,TRAN-PUB,store_discharge,0.0,XY,MW
2045-03-27 10:00:00,TRAN-PRV,store_discharge,0.0,XY,MW
2045-03-28 11:00:00,TRAN-PUB,store_discharge,0.0,XY,MW
2045-03-29 12:00:00,TRAN-PRV,store_discharge,0.0,XY,MW
2045-03-30 13:00:00,TRAN-PUB,store_discharge,0.0,XY,MW
2045-03-31 14:00:00,TRAN-PRV,store_discharge,0.0,XY,MW
2045-04-01 15:00:00,TRAN-PUB,store_discharge,0.0,XY,MW
2045-04-02 16:00:00,TRAN-PRV,store_discharge,0.0,XY,MW
2045-04-03 17:00:00,TRAN-PUB,store_discharge,0.0,XY,MW
2045-04-04 18:00:00,TRAN-PRV,store_discharge,0.0,XY,MW
2045-04-05 19:00:00,TRAN-PUB,store_discharge,0.0,XY,MW
2045-04-06 20:00:00,TRAN-PRV,store_discharge,0.0,XY,MW
2045-04-07 21:00:00,TRAN-PUB,store_discharge,0.0,XY,MW
2045-04-08 22:00:00,TRAN-PRV,store_discharge,0.0,XY,MW
2045-04-09 23:00:00,TRAN-PUB,store_discharge,0.0,XY,MW
2045-04-11 00:00:00,TRAN-PRV,store_discharge,0.0,XY,MW
2045-04-12 01:00:00,TRAN-PUB,store_discharge,0.0,XY,MW
2045-04-13 02:00:00,TRAN-PRV,store_discharge,0.0,XY,MW
2045-04-14 03:00:00,TRAN-PUB,store_discharge,0.0,XY,MW
2045-04-15 04:00:00,TRAN-PRV,store_discharge,0.0,XY,MW
2045-04-16 05:00:00,TRAN-PUB,store_discharge,0.0,XY,MW
2045-04-17 06:00:00,TRAN-PRV,store_discharge,0.0,XY,MW
2045-04-18 07:00:00,TRAN-PUB,store_discharge,0.0,XY,MW
2045-04-19 08:00:00,TRAN-PRV,store_discharge,0.0,XY,MW
2045-04-20 09:00:00,TRAN-PUB,store_discharge,0.0,XY,MW
2045-04-21 10:00:00,TRAN-PRV,store_discharge,0.0,XY,MW
2045-04-22 11:00:00,TRAN-PUB,store_discharge,0.0,XY,MW
2045-04-23 12:00:00,TRAN-PRV,store_discharge,-10.8,XY,MW
2045-04-24 13:00:00,TRAN-PUB,store_discharge,-3.6,XY,MW
2045-04-25 14:00:00,TRAN-PRV,store_discharge,10.8,XY,MW
2045-04-26 15:00:00,TRAN-PUB,store_discharge,3.6,XY,MW
2045-04-27 16:00:00,TRAN-PRV,store_discharge,0.0,XY,MW
2045-04-28 17:00:00,TRAN-PUB,store_discharge,0.0,XY,MW
2045-04-29 18:00:00,TRAN-PRV,store_discharge,0.0,XY,MW
2045-04-30 19:00:00,TRAN-PUB,store_discharge,0.0,XY,MW
2045-05-01 20:00:00,TRAN-PRV,store_discharge,0.0,XY,MW
2045-05-02 21:00:00,TRAN-PUB,store_discharge,0.0,XY,MW
2045-05-03 22:00:00,TRAN-PRV,store_discharge,0.0,XY,MW
2045-05-04 23:00:00,TRAN-PUB,store_discharge,0.0,XY,MW
2045-05-06 00:00:00,TRAN-PRV,store_discharge,0.0,XY,MW
2045-05-07 01:00:00,TRAN-PUB,store_discharge,0.0,XY,MW
2045-05-08 02:00:00,TRAN-PRV,store_discharge,0.0,XY,MW
2045-05-09 03:00:00,TRAN-PUB,store_discharge,0.0,XY,MW
2045-05-10 04:00:00,TRAN-PRV,store_discharge,0.0,XY,MW
2045-05-11 05:00:00,TRAN-PUB,store_discharge,0.0,XY,MW
2045-05-12 06:00:00,TRAN-PRV,store_discharge,0.0,XY,MW
2045-05-13 07:00:00,TRAN-PUB,store_discharge,0.0,XY,MW
2045-05-14 08:00:00,TRAN-PRV,store_discharge,0.0,XY,MW
2045-05-15 09:00:00,TRAN-PUB,store_discharge,0.0,XY,MW
2045-05-16 10:00:00,TRAN-PRV,store_discharge,0.0,XY,MW
2045-05-17 11:00:00,TRAN-PUB,store_discharge,0.0,XY,MW
2045-05-18 12:00:00,TRAN-PRV,store_discharge,0.0,XY,MW
2045-05-19 13:00:00,TRAN-PUB,store_discharge,0.0,XY,MW
2045-05-20 14:00:00,TRAN-PRV,store_discharge,0.0,XY,MW
2045-05-21 15:00:00,TRAN-PUB,store_discharge,0.0,XY,MW
2045-05-22 16:00:00,TRAN-PRV,store_discharge,0.0,XY,MW
2045-05-23 17:00:00,TRAN-PUB,store_discharge,0.0,XY,MW
2045-05-24 18:00:00,TRAN-PRV,store_discharge,0.0,XY,MW
2045-05-25 19:00:00,TRAN-PUB,store_discharge,0.0,XY,MW
2045-05-26 20:00:00,TRAN-PRV,store_discharge,0.0,XY,MW
2045-05-27 21:00:00,TRAN-PUB,store_discharge,0.0,XY,MW
2045-05-28 22:00:00,TRAN-PRV,store_discharge,0.0,XY,MW
2045-05-29 23:00:00,TRAN-PUB,store_discharge,0.0,XY,MW
2045-05-31 00:00:00,TRAN-PRV,store_discharge,0.0,XY,MW
2045-06-01 01:00:00,TRAN-PUB,store_discharge,0.0,XY,MW
2045-06-02 02:00:00,TRAN-PRV,store_discharge,0.0,XY,MW
2045-06-03 03:00:00,TRAN-PUB,store_discharge,0.0,XY,MW
2045-06-04 04:00:00,TRAN-PRV,store_discharge,0.0,XY,MW
2045-06-05 05:00:00,TRAN-PUB,store_discharge,0.0,XY,MW
2045-06-06 06:00:00,TRAN-PRV,store_discharge,0.0,XY,MW
2045-06-07 07:00:00,TRAN-PUB,store_discharge,0.0,XY,MW
2045-06-08 08:00:00,TRAN-PRV,store_discharge,0.0,XY,MW
2045-06-09 09:00:00,TRAN-PUB,store_discharge,0.0,XY,MW
2045-06-10 10:00:00,TRAN-PRV,store_discharge,0.0,XY,MW
2045-06-11 11:00:00,TRAN-PUB,store_discharge,0.0,XY,MW
2045-06-12 12:00:00,TRAN-PRV,store_discharge,-10.8,XY,MW
2045-06-13 13:00:00,TRAN-PUB,store_discharge,-3.6,XY,MW
2045-06-14 14:00:00,TRAN-PRV,store_discharge,10.8,XY,MW
2045-06-15 15:00:00,TRAN-PUB,store_discharge,3.6,XY,MW
2045-06-16 16:00:00,TRAN-PRV,store_discharge,0.0,XY,MW
2045-06-17 17:00:00,TRAN-PUB,store_discharge,0.0,XY,MW
2045-06-18 18:00:00,TRAN-PRV,store_discharge,0.0,XY,MW
2045-06-19 19:00:00,TRAN-PUB,store_discharge,0.0,XY,MW
2045-06-20 20:00:00,TRAN-PRV,store_discharge,0.0,XY,MW
2045-06-21 21:00:00,TRAN-PUB,store_discharge,0.0,XY,MW
2045-06-22 22:00:00,TRAN-PRV,store_discharge,0.0,XY,MW
2045-06-23 23:00:00,TRAN-PUB,store_discharge,0.0,XY,MW
2045-06-25 00:00:00,TRAN-PRV,store_discharge,0.0,XY,MW
2045-06-26 01:00:00,TRAN-PUB,store_discharge,0.0,XY,MW
2045-06-27 02:00:00,TRAN-PRV,store_discharge,0.0,XY,MW
2045-06-28 03:00:00,TRAN-PUB,store_discharge,0.0,XY,MW
2045-06-29 04:00:00,TRAN-PRV,store_discharge,0.0,XY,MW
2045-06-30 05:00:00,TRAN-PUB,store_discharge,0.0,XY,MW
2045-07-01 06:00:00,TRAN-PRV,store_discharge,0.0,XY,MW
2045-07-02 07:00:00,TRAN-PUB,store_discharge,0.0,XY,MW
2045-07-03 08:00:00,TRAN-PRV,store_discharge,0.0,XY,MW
2045-07-04 09:00:00,TRAN-PUB,store_discharge,0.0,XY,MW
2045-07-05 10:00:00,TRAN-PRV,store_discharge,0.0,XY,MW
2045-07-06 11:00:00,TRAN-PUB,store_discharge,0.0,XY,MW
2045-07-07 12:00:00,TRAN-PRV,store_discharge,0.0,XY,MW
2045-07-08 13:00:00,TRAN-PUB,store_discharge,0.0,XY,MW
2045-07-09 14:00:00,TRAN-PRV,store_discharge,0.0,XY,MW
2045-07-10 15:00:00,TRAN-PUB,store_discharge,0.0,XY,MW
2045-07-11 16:00:00,TRAN-PRV,store_discharge,0.0,XY,MW
2045-07-12 17:00:00,TRAN-PUB,store_discharge,0.0,XY,MW
2045-07-13 18:00:00,TRAN-PRV,store_discharge,0.0,XY,MW
2045-07-14 19:00:00,TRAN-PUB,store_discharge,0.0,XY,MW
2045-07-15 20:00:00,TRAN-PRV,store_discharge,0.0,XY,MW
2045-07-16 21:00:00,TRAN-PUB,store_discharge,0.0,XY,MW
2045-07-17 22:00:00,TRAN-PRV,store_discharge,0.0,XY,MW
2045-07-18 23:00:00,TRAN-PUB,store_discharge,0.0,XY,MW
2045-07-20 00:00:00,TRAN-PRV,store_discharge,0.0,XY,MW
2045-07-21 01:00:00,TRAN-PUB,store_discharge,0.0,XY,MW
2045-07-22 02:00:00,TRAN-PRV,store_discharge,0.0,XY,MW
2045-07-23 03:00:00,TRAN-PUB,store_discharge,0.0,XY,MW
2045-07-24 04:00:00,TRAN-PRV,store_discharge,0.0,XY,MW
2045-07-25 05:00:00,TRAN-PUB,store_discharge,0.0,XY,MW
2045-07-26 06:00:00,TRAN-PRV,store_discharge,0.0,XY,MW
2045-07-27 07:00:00,TRAN-PUB,store_discharge,0.0,XY,MW
2045-07-28 08:00:00,TRAN-PRV,store_discharge,0.0,XY,MW
2045-07-29 09:00:00,TRAN-PUB,store_discharge,0.0,XY,MW
2045-07-30 10:00:00,TRAN-PRV,store_discharge,-10.8,XY,MW
2045-07-31 11:00:00,TRAN-PUB,store_discharge,-3.6,XY,MW
2045-08-01 12:00:00,TRAN-PRV,store_discharge,10.8,XY,MW
2045-08-02 13:00:00,TRAN-PUB,store_discharge,3.6,XY,MW
2045-08-03 14:00:00,TRAN-PRV,store_discharge,0.0,XY,MW
2045-08-04 15:00:00,TRAN-PUB,store_discharge,0.0,XY,MW
2045-08-05 16:00:00,TRAN-PRV,store_discharge,0.0,XY,MW
2045-08-06 17:00:00,TRAN-PUB,store_discharge,0.0,XY,MW
2045-08-07 18:00:00,TRAN-PRV,store_discharge,0.0,XY,MW
2045-08-08 19:00:00,TRAN-PUB,store_discharge,0.0,XY,MW
2045-08-09 20:00:00,TRAN-PRV,store_discharge,0.0,XY,MW
2045-08-10 21:00:00,TRAN-PUB,store_discharge,0.0,XY,MW
2045-08-11 22:00:00,TRAN-PRV,store_discharge,0.0,XY,MW
2045-08-12 23:00:00,TRAN-PUB,store_discharge,0.0,XY,MW
2045-08-14 00:00:00,TRAN-PRV,store_discharge,0.0,XY,MW
2045-08-15 01:00:00,TRAN-PUB,store_discharge,0.0,XY,MW
2045-08-16 02:00:00,TRAN-PRV,store_discharge,0.0,XY,MW
2045-08-17 03:00:00,TRAN-PUB,store_discharge,0.0,XY,MW
2045-08-18 04:00:00,TRAN-PRV,store_discharge,0.0,XY,MW
2045-08-19 05:00:00,TRAN-PUB,store_discharge,0.0,XY,MW
2045-08-20 06:00:00,TRAN-PRV,store_discharge,0.0,XY,MW
2045-08-21 07:00:00,TRAN-PUB,store_discharge,0.0,XY,MW
2045-08-22 08:00:00,TRAN-PRV,store_discharge,0.0,XY,MW
2045-08-23 09:00:00,TRAN-PUB,store_discharge,0.0,XY,MW
2045-08-24 10:00:00,TRAN-PRV,store_discharge,0.0,XY,MW
2045-08-25 11:00:00,TRAN-PUB,store_discharge,0.0,XY,MW
2045-08-26 12:00:00,TRAN-PRV,store_discharge,0.0,XY,MW
2045-08-27 13:00:00,TRAN-PUB,store_discharge,0.0,XY,MW
2045-08-28 14:00:00,TRAN-PRV,store_discharge,0.0,XY,MW
2045-08-29 15:00:00,TRAN-PUB,store_discharge,0.0,XY,MW
2045-08-30 16:00:00,TRAN-PRV,store_discharge,0.0,XY,MW
2045-08-31 17:00:00,TRAN-PUB,store_discharge,0.0,XY,MW
2045-09-01 18:00:00,TRAN-PRV,store_discharge,0.0,XY,MW
2045-09-02 19:00:00,TRAN-PUB,store_discharge,0.0,XY,MW
2045-09-03 20:00:00,TRAN-PRV,store_discharge,0.0,XY,MW
2045-09-04 21:00:00,TRAN-PUB,store_discharge,0.0,XY,MW
2045-09-05 22:00:00,TRAN-PRV,store_discharge,0.0,XY,MW
2045-09-06 23:00:00,TRAN-PUB,store_discharge,0.0,XY,MW
2045-09-08 00:00:00,TRAN-PRV,store_discharge,0.0,XY,MW
2045-09-09 01:00:00,TRAN-PUB,store_discharge,0.0,XY,MW
2045-09-10 02:00:00,TRAN-PRV,store_discharge,0.0,XY,MW
2045-09-11 03:00:00,TRAN-PUB,store_discharge,0.0,XY,MW
2045-09-12 04:00:00,TRAN-PRV,store_discharge,0.0,XY,MW
2045-09-13 05:00:00,TRAN-PUB,store_discharge,0.0,XY,MW
2045-09-14 06:00:00,TRAN-PRV,store_discharge,0.0,XY,MW
2045-09-15 07:00:00,TRAN-PUB,store_discharge,0.0,XY,MW
2045-09-16 08:00:00,TRAN-PRV,store_discharge,0.0,XY,MW
2045-09-17 09:00:00,TRAN-PUB,store_discharge,0.0,XY,MW
2045-09-18 10:00:00,TRAN-PRV,store_discharge,-10.8,XY,MW
2045-09-19 11:00:00,TRAN-PUB,store_discharge,-3.6,XY,MW
2045-09-20 12:00:00,TRAN-PRV,store_discharge,10.8,XY,MW
2045-09-21 13:00:00,TRAN-PUB,store_discharge,3.6,XY,MW
2045-09-22 14:00:00,TRAN-PRV,store_discharge,0.0,XY,MW
2045-09-23 15:00:00,TRAN-PUB,store_discharge,0.0,XY,MW
2045-09-24 16:00:00,TRAN-PRV,store_discharge,0.0,XY,MW
2045-09-25 17:00:00,TRAN-PUB,store_discharge,0.0,XY,MW
2045-09-26 18:00:00,TRAN-PRV,store_discharge,0.0,XY,MW
2045-09-27 19:00:00,TRAN-PUB,store_discharge,0.0,XY,MW
2045-09-28 20:00:00,TRAN-PRV,store_discharge,0.0,XY,MW
2045-09-29 21:00:00,TRAN-PUB,store_discharge,0.0,XY,MW
2045-09-30 22:00:00,TRAN-PRV,store_discharge,0.0,XY,MW
2045-10-01 23:00:00,TRAN-PUB,store_discharge,0.0,XY,MW
2045-10-03 00:00:00,TRAN-PRV,store_discharge,0.0,XY,MW
2045-10-04 01:00:00,TRAN-PUB,store_discharge,0.0,XY,MW
2045-10-05 02:00:00,TRAN-PRV,store_discharge,0.0,XY,MW
2045-10-06 03:00:00,TRAN-PUB,store_discharge,0.0,XY,MW
2045-10-07 04:00:00,TRAN-PRV,store_discharge,0.0,XY,MW
2045-10-08 05:00:00,TRAN-PUB,store_discharge,0.0,XY,MW
2045-10-09 06:00:00,TRAN-PRV,store_discharge,0.0,XY,MW
2045-10-10 07:00:00,TRAN-PUB,store_discharge,0.0,XY,MW
2045-10-11 08:00:00,TRAN-PRV,store_discharge,0.0,XY,MW
2045-10-12 09:00:00,TRAN-PUB,store_discharge,0.0,XY,MW
2045-10-13 10:00:00,TRAN-PRV,store_discharge,0.0,XY,MW
2045-10-14 11:00:00,TRAN-PUB,store_discharge,0.0,XY,MW
2045-10-15 12:00:00,TRAN-PRV,store_discharge,0.0,XY,MW
2045-10-16 13:00:00,TRAN-PUB,store_discharge,0.0,XY,MW
2045-10-17 14:00:00,TRAN-PRV,store_discharge,0.0,XY,MW
2045-10-18 15:00:00,TRAN-PUB,store_discharge,0.0,XY,MW
2045-10-19 16:00:00,TRAN-PRV,store_discharge,0.0,XY,MW
2045-10-20 17:00:00,TRAN-PUB,store_discharge,0.0,XY,MW
2045-10-21 18:00:00,TRAN-PRV,store_discharge,0.0,XY,MW
2045-10-22 19:00:00,TRAN-PUB,store_discharge,0.0,XY,MW
2045-10-23 20:00:00,TRAN-PRV,store_discharge,0.0,XY,MW
2045-10-24 21:00:00,TRAN-PUB,store_discharge,0.0,XY,MW
2045-10-25 22:00:00,TRAN-PRV,store_discharge,0.0,XY,MW
2045-10-26 23:00:00,TRAN-PUB,store_discharge,0.0,XY,MW
2045-10-28 00:00:00,TRAN-PRV,store_discharge,0.0,XY,MW
2045-10-29 01:00:00,TRAN-PUB,store_discharge,0.0,XY,MW
2045-10-30 02:00:00,TRAN-PRV,store_discharge,0.0,XY,MW
2045-10-31 03:00:00,TRAN-PUB,store_discharge,0.0,XY,MW
2045-11-01 04:00:00,TRAN-PRV,store_discharge,0.0,XY,MW
2045-11-02 05:00:00,TRAN-PUB,store_discharge,0.0,XY,MW
2045-11-03 06:00:00,TRAN-PRV,store_discharge,0.0,XY,MW
2045-11-04 07:00:00,TRAN-PUB,store_discharge,0.0,XY,MW
2045-11-05 08:00:00,TRAN-PRV,store_discharge,0.0,XY,MW
2045-11-06 09:00:00,TRAN-PUB,store_discharge,0.0,XY,MW
2045-11-07 10:00:00,TRAN-PRV,store_discharge,-10.8,XY,MW
2045-11-08 11:00:00,TRAN-PUB,store_discharge,-3.6,XY,MW
2045-11-09 12:00:00,TRAN-PRV,store_discharge,10.8,XY,MW
2045-11-10 13:00:00,TRAN-PUB,store_discharge,3.6,XY,MW
2045-11-11 14:00:00,TRAN-PRV,store_discharge,0.0,XY,MW
2045-11-12 15:00:00,TRAN-PUB,store_discharge,0.0,XY,MW
2045-11-13 16:00:00,TRAN-PRV,store_discharge,0.0,XY,MW
2045-11-14 17:00:00,TRAN-PUB,store_discharge,0.0,XY,MW
2045-11-15 18:00:00,TRAN-PRV,store_discharge,0.0,XY,MW
2045-11-16 19:00:00,TRAN-PUB,store_discharge,0.0,XY,MW
2045-11-17 20:00:00,TRAN-PRV,store_discharge,0.0,XY,MW
2045-11-18 21:00:00,TRAN-PUB,store_discharge,0.0,XY,MW
2045-11-19 22:00:00,TRAN-PRV,store_discharge,0.0,XY,MW
2045-11-20 23:00:00,TRAN-PUB,store_discharge,0.0,XY,MW
2045-11-22 00:00:00,TRAN-PRV,store_discharge,0.0,XY,MW
2045-11-23 01:00:00,TRAN-PUB,store_discharge,0.0,XY,MW
2045-11-24 02:00:00,TRAN-PRV,store_discharge,0.0,XY,MW
2045-11-25 03:00:00,TRAN-PUB,store_discharge,0.0,XY,MW
2045-11-26 04:00:00,TRAN-PRV,store_discharge,0.0,XY,MW
2045-11-27 05:00:00,TRAN-PUB,store_discharge,0.0,XY,MW
2045-11-28 06:00:00,TRAN-PRV,store_discharge,0.0,XY,MW
2045-11-29 07:00:00,TRAN-PUB,store_discharge,0.0,XY,MW
2045-11-30 08:00:00,TRAN-PRV,store_discharge,0.0,XY,MW
2045-12-01 09:00:00,TRAN-PUB,store_discharge,0.0,XY,MW
2045-12-02 10:00:00,TRAN-PRV,store_discharge,0.0,XY,MW
2045-12-03 11:00:00,TRAN-PUB,store_discharge,0.0,XY,MW
2045-12-04 12:00:00,TRAN-PRV,store_discharge,0.0,XY,MW
2045-12-05 13:00:00,TRAN-PUB,store_discharge,0.0,XY,MW
2045-12-06 14:00:00,TRAN-PRV,store_discharge,0.0,XY,MW
2045-12-07 15:00:00,TRAN-PUB,store_discharge,0.0,XY,MW
2045-12-08 16:00:00,TRAN-PRV,store_discharge,0.0,XY,MW
2045-12-09 17:00:00,TRAN-PUB,store_discharge,0.0,XY,MW
2045-12-10 18:00:00,TRAN-PRV,store_discharge,0.0,XY,MW
2045-12-11 19:00:00,TRAN-PUB,store_discharge,0.0,XY,MW
2045-12-12 20:00:00,TRAN-PRV,store_discharge,0.0,XY,MW
2045-12-13 21:00:00,TRAN-PUB,store_discharge,0.0,XY,MW
2045-12-14 22:00:00,TRAN-PRV,store_discharge,0.0,XY,MW
2045-12-15 23:00:00,TRAN-PUB,store_discharge,0.0,XY,MW
2045-12-17 00:00:00,TRAN-PRV,store_discharge,0.0,XY,MW
2045-12-18 01:00:00,TRAN-PUB,store_discharge,0.0,XY,MW
2045-12-19 02:00:00,TRAN-PRV,store_discharge,0.0,XY,MW
2045-12-20 03:00:00,TRAN-PUB,store_discharge,0.0,XY,MW
2045-12-21 04:00:00,TRAN-PRV,store_discharge,0.0,XY,MW
2045-12-22 05:00:00,TRAN-PUB,store_discharge,0.0,XY,MW
2045-12-23 06:00:00,TRAN-PRV,store_discharge,0.0,XY,MW
2045-12-24 07:00:00,TRAN-PUB,store_discharge,0.0,XY,MW
2045-12-25 08:00:00,TRAN-PRV,store_discharge,0.0,XY,MW
2045-12-26 09:00:00,TRAN-PUB,store_discharge,0.0,XY,MW
2045-12-27 10:00:00,TRAN-PRV,store_discharge,0.0,XY,MW
2045-12-28 11:00:00,TRAN-PUB,store_discharge,0.0,XY,MW
2045-12-29 12:00:00,TRAN-PRV,store_discharge,-10.8,XY,MW
2045-12-30 13:00:00,TRAN-PUB,store_discharge,-3.6,XY,MW
2045-12-31 14:00:00,TRAN-PRV,store_discharge,10.8,XY,MW
2046-01-01 15:00:00,TRAN-PUB,store_discharge,3.6,XY,MW
2046-01-02 16:00:00,TRAN-PRV,store_discharge,0.0,XY,MW
2046-01-03 17:00:00,TRAN-PUB,store_discharge,0.0,XY,MW
2046-01-04 18:00:00,TRAN-PRV,store_discharge,0.0,XY,MW
2046-01-05 19:00:00,TRAN-PUB,store_discharge,0.0,XY,MW
2046-01-06 20:00:00,TRAN-PRV,store_discharge,0.0,XY,MW
2046-01-07 21:00:00,TRAN-PUB,store_discharge,0.0,XY,MW
2046-01-08 22:00:00,TRAN-PRV,store_discharge,0.0,XY,MW
2046-01-09 23:00:00,TRAN-PUB,store_discharge,0.0,XY,MW
2046-01-11 00:00:00,TRAN-PRV,store_discharge,0.0,XY,MW
2046-01-12 01:00:00,TRAN-PUB,store_discharge,0.0,XY,MW
2046-01-13 02:00:00,TRAN-PRV,store_discharge,0.0,XY,MW
2046-01-14 03:00:00,TRAN-PUB,store_discharge,0.0,XY,MW
2046-01-15 04:00:00,TRAN-PRV,store_discharge,0.0,XY,MW
2046-01-16 05:00:00,TRAN-PUB,store_discharge,0.0,XY,MW
2046-01-17 06:00:00,TRAN-PRV,store_discharge,0.0,XY,MW
2046-01-18 07:00:00,TRAN-PUB,store_discharge,0.0,XY,MW
2046-01-19 08:00:00,TRAN-PRV,store_discharge,0.0,XY,MW
2046-01-20 09:00:00,TRAN-PUB,store_discharge,0.0,XY,MW
2046-01-21 10:00:00,TRAN-PRV,store_discharge,0.0,XY,MW
2046-01-22 11:00:00,TRAN-PUB,store_discharge,0.0,XY,MW
2046-01-23 12:00:00,TRAN-PRV,store_discharge,0.0,XY,MW
2046-01-24 13:00:00,TRAN-PUB,store_discharge,0.0,XY,MW
2046-01-25 14:00:00,TRAN-PRV,store_discharge,0.0,XY,MW
2046-01-26 15:00:00,TRAN-PUB,store_discharge,0.0,XY,MW
2046-01-27 16:00:00,TRAN-PRV,store_discharge,0.0,XY,MW
2046-01-28 17:00:00,TRAN-PUB,store_discharge,0.0,XY,MW
2046-01-29 18:00:00,TRAN-PRV,store_discharge,0.0,XY,MW
2046-01-30 19:00:00,TRAN-PUB,store_discharge,0.0,XY,MW
2046-01-31 20:00:00,TRAN-PRV,store_discharge,0.0,XY,MW
2046-02-01 21:00:00,TRAN-PUB,store_discharge,0.0,XY,MW
2046-02-02 22:00:00,TRAN-PRV,store_discharge,0.0,XY,MW
2046-02-03 23:00:00,TRAN-PUB,store_discharge,0.0,XY,MW
2046-02-05 00:00:00,TRAN-PRV,store_discharge,0.0,XY,MW
2046-02-06 01:00:00,TRAN-PUB,store_discharge,0.0,XY,MW
2046-02-07 02:00:00,TRAN-PRV,store_discharge,0.0,XY,MW
2046-02-08 03:00:00,TRAN-PUB,store_discharge,0.0,XY,MW
2046-02-09 04:00:00,TRAN-PRV,store_discharge,0.0,XY,MW
2046-02-10 05:00:00,TRAN-PUB,store_discharge,0.0,XY,MW
2046-02-11 06:00:00,TRAN-PRV,store_discharge,0.0,XY,MW
2046-02-12 07:00:00,TRAN-PUB,store_discharge,0.0,XY,MW
2046-02-13 08:00:00,TRAN-PRV,store_discharge,0.0,XY,MW
2046-02-14 09:00:00,TRAN-PUB,store_discharge,0.0,XY,MW
2046-02-15 10:00:00,TRAN-PRV,store_discharge,0.0,XY,MW
2046-02-16 11:00:00,TRAN-PUB,store_discharge,0.0,XY,MW
2046-02-17 12:00:00,TRAN-PRV,store_discharge,-10.8,XY,MW
2046-02-18 13:00:00,TRAN-PUB,store_discharge,-3.6,XY,MW
2046-02-19 14:00:00,TRAN-PRV,store_discharge,10.8,XY,MW
2046-02-20 15:00:00,TRAN-PUB,store_discharge,3.6,XY,MW
2046-02-21 16:00:00,TRAN-PRV,store_discharge,0.0,XY,MW
2046-02-22 17:00:00,TRAN-PUB,store_discharge,0.0,XY,MW
2046-02-23 18:00:00,TRAN-PRV,store_discharge,0.0,XY,MW
2046-02-24 19:00:00,TRAN-PUB,store_discharge,0.0,XY,MW
2046-02-25 20:00:00,TRAN-PRV,store_discharge,0.0,XY,MW
2046-02-26 21:00:00,TRAN-PUB,store_discharge,0.0,XY,MW
2046-02-27 22:00:00,TRAN-PRV,store_discharge,0.0,XY,MW
2046-02-28 23:00:00,TRAN-PUB,store_discharge,0.0,XY,MW
2046-03-02 00:00:00,TRAN-PRV,store_discharge,0.0,XY,MW
2046-03-03 01:00:00,TRAN-PUB,store_discharge,0.0,XY,MW
2046-03-04 02:00:00,TRAN-PRV,store_discharge,0.0,XY,MW
2046-03-05 03:00:00,TRAN-PUB,store_discharge,0.0,XY,MW
2046-03-06 04:00:00,TRAN-PRV,store_discharge,0.0,XY,MW
2046-03-07 05:00:00,TRAN-PUB,store_discharge,0.0,XY,MW
2046-03-08 06:00:00,TRAN-PRV,store_discharge,0.0,XY,MW
2046-03-09 07:00:00,TRAN-PUB,store_discharge,0.0,XY,MW
2046-03-10 08:00:00,TRAN-PRV,store_discharge,0.0,XY,MW
2046-03-11 09:00:00,TRAN-PUB,store_discharge,0.0,XY,MW
2046-03-12 10:00:00,TRAN-PRV,store_discharge,0.0,XY,MW
2046-03-13 11:00:00,TRAN-PUB,store_discharge,0.0,XY,MW
2046-03-14 12:00:00,TRAN-PRV,store_discharge,0.0,XY,MW
2046-03-15 13:00:00,TRAN-PUB,store_discharge,0.0,XY,MW
2046-03-16 14:00:00,TRAN-PRV,store_discharge,0.0,XY,MW
2046-03-17 15:00:00,TRAN-PUB,store_discharge,0.0,XY,MW
2046-03-18 16:00:00,TRAN-PRV,store_discharge,0.0,XY,MW
2046-03-19 17:00:00,TRAN-PUB,store_discharge,0.0,XY,MW
2046-03-20 18:00:00,TRAN-PRV,store_discharge,0.0,XY,MW
2046-03-21 19:00:00,TRAN-PUB,store_discharge,0.0,XY,MW
2046-03-22 20:00:00,TRAN-PRV,store_discharge,0.0,XY,MW
2046-03-23 21:00:00,TRAN-PUB,store_discharge,0.0,XY,MW
2046-03-24 22:00:00,TRAN-PRV,store_discharge,0.0,XY,MW
2046-03-25 23:00:00,TRAN-PUB,store_discharge,0.0,XY,MW
2046-03-27 00:00:00,TRAN-PRV,store_discharge,0.0,XY,MW
2046-03-28 01:00:00,TRAN-PUB,store_discharge,0.0,XY,MW
2046-03-29 02:00:00,TRAN-PRV,store_discharge,0.0,XY,MW
2046-03-30 03:00:00,TRAN-PUB,store_discharge,0.0,XY,MW
2046-03-31 04:00:00,TRAN-PRV,store_discharge,0.0,XY,MW
2046-04-01 05:00:00,TRAN-PUB,store_discharge,0.0,XY,MW
2046-04-02 06:00:00,TRAN-PRV,store_discharge,0.0,XY,MW
2046-04-03 07:00:00,TRAN-PUB,store_discharge,0.0,XY,MW
2046-04-04 08:00:00,TRAN-PRV,store_discharge,0.0,XY,MW
2046-04-05 09:00:00,TRAN-PUB,store_discharge,0.0,XY,MW
2046-04-06 10:00:00,TRAN-PRV,store_discharge,0.0,XY,MW
2046-04-07 11:00:00,TRAN-PUB,store_discharge,0.0,XY,MW
2046-04-08 12:00:00,TRAN-PRV,store_discharge,-10.8,XY,MW
2046-04-09 13:00:00,TRAN-PUB,store_discharge,-3.6,XY,MW
2046-04-10 14:00:00,TRAN-PRV,store_discharge,10.8,XY,MW
2046-04-11 15:00:00,TRAN-PUB,store_discharge,3.6,XY,MW
2046-04-12 16:00:00,TRAN-PRV,store_discharge,0.0,XY,MW
2046-04-13 17:00:00,TRAN-PUB,store_discharge,0.0,XY,MW
2046-04-14 18:00:00,TRAN-PRV,store_discharge,0.0,XY,MW
2046-04-15 19:00:00,TRAN-PUB,store_discharge,0.0,XY,MW
2046-04-16 20:00:00,TRAN-PRV,store_discharge,0.0,XY,MW
2046-04-17 21:00:00,TRAN-PUB,store_discharge,0.0,XY,MW
2046-04-18 22:00:00,TRAN-PRV,store_discharge,0.0,XY,MW
2046-04-19 23:00:00,TRAN-PUB,store_discharge,0.0,XY,MW
2046-04-21 00:00:00,TRAN-PRV,store_discharge,0.0,XY,MW
2046-04-22 01:00:00,TRAN-PUB,store_discharge,0.0,XY,MW
2046-04-23 02:00:00,TRAN-PRV,store_discharge,0.0,XY,MW
2046-04-24 03:00:00,TRAN-PUB,store_discharge,0.0,XY,MW
2046-04-25 04:00:00,TRAN-PRV,store_discharge,0.0,XY,MW
2046-04-26 05:00:00,TRAN-PUB,store_discharge,0.0,XY,MW
2046-04-27 06:00:00,TRAN-PRV,store_discharge,0.0,XY,MW
2046-04-28 07:00:00,TRAN-PUB,store_discharge,0.0,XY,MW
2046-04-29 08:00:00,TRAN-PRV,store_discharge,0.0,XY,MW
2046-04-30 09:00:00,TRAN-PUB,store_discharge,0.0,XY,MW
2046-05-01 10:00:00,TRAN-PRV,store_discharge,0.0,XY,MW
2046-05-02 11:00:00,TRAN-PUB,store_discharge,0.0,XY,MW
2046-05-03 12:00:00,TRAN-PRV,store_discharge,0.0,XY,MW
2046-05-04 13:00:00,TRAN-PUB,store_discharge,0.0,XY,MW
2046-05-05 14:00:00,TRAN-PRV,store_discharge,0.0,XY,MW
2046-05-06 15:00:00,TRAN-PUB,store_discharge,0.0,XY,MW
2046-05-07 16:00:00,TRAN-PRV,store_discharge,0.0,XY,MW
2046-05-08 17:00:00,TRAN-PUB,store_discharge,0.0,XY,MW
2046-05-09 18:00:00,TRAN-PRV,store_discharge,0.0,XY,MW
2046-05-10 19:00:00,TRAN-PUB,store_discharge,0.0,XY,MW
2046-05-11 20:00:00,TRAN-PRV,store_discharge,0.0,XY,MW
2046-05-12 21:00:00,TRAN-PUB,store_discharge,0.0,XY,MW
2046-05-13 22:00:00,TRAN-PRV,store_discharge,0.0,XY,MW
2046-05-14 23:00:00,TRAN-PUB,store_discharge,0.0,XY,MW
2046-05-16 00:00:00,TRAN-PRV,store_discharge,0.0,XY,MW
2046-05-17 01:00:00,TRAN-PUB,store_discharge,0.0,XY,MW
2046-05-18 02:00:00,TRAN-PRV,store_discharge,0.0,XY,MW
2046-05-19 03:00:00,TRAN-PUB,store_discharge,0.0,XY,MW
2046-05-20 04:00:00,TRAN-PRV,store_discharge,0.0,XY,MW
2046-05-21 05:00:00,TRAN-PUB,store_discharge,0.0,XY,MW
2046-05-22 06:00:00,TRAN-PRV,store_discharge,0.0,XY,MW
2046-05-23 07:00:00,TRAN-PUB,store_discharge,0.0,XY,MW
2046-05-24 08:00:00,TRAN-PRV,store_discharge,0.0,XY,MW
2046-05-25 09:00:00,TRAN-PUB,store_discharge,0.0,XY,MW
2046-05-26 10:00:00,TRAN-PRV,store_discharge,0.0,XY,MW
2046-05-27 11:00:00,TRAN-PUB,store_discharge,0.0,XY,MW
2046-05-28 12:00:00,TRAN-PRV,store_discharge,-10.8,XY,MW
2046-05-29 13:00:00,TRAN-PUB,store_discharge,-3.6,XY,MW
2046-05-30 14:00:00,TRAN-PRV,store_discharge,10.8,XY,MW
2046-05-31 15:00:00,TRAN-PUB,store_discharge,3.6,XY,MW
2046-06-01 16:00:00,TRAN-PRV,store_discharge,0.0,XY,MW
2046-06-02 17:00:00,TRAN-PUB,store_discharge,0.0,XY,MW
2046-06-03 18:00:00,TRAN-PRV,store_discharge,0.0,XY,MW
2046-06-04 19:00:00,TRAN-PUB,store_discharge,0.0,XY,MW
2046-06-05 20:00:00,TRAN-PRV,store_discharge,0.0,XY,MW
2046-06-06 21:00:00,TRAN-PUB,store_discharge,0.0,XY,MW
2046-06-07 22:00:00,TRAN-PRV,store_discharge,0.0,XY,MW
2046-06-08 23:00:00,TRAN-PUB,store_discharge,0.0,XY,MW
2046-06-10 00:00:00,TRAN-PRV,store_discharge,0.0,XY,MW
2046-06-11 01:00:00,TRAN-PUB,store_discharge,0.0,XY,MW
2046-06-12 02:00:00,TRAN-PRV,store_discharge,0.0,XY,MW
2046-06-13 03:00:00,TRAN-PUB,store_discharge,0.0,XY,MW
2046-06-14 04:00:00,TRAN-PRV,store_discharge,0.0,XY,MW
2046-06-15 05:00:00,TRAN-PUB,store_discharge,0.0,XY,MW
2046-06-16 06:00:00,TRAN-PRV,store_discharge,0.0,XY,MW
2046-06-17 07:00:00,TRAN-PUB,store_discharge,0.0,XY,MW
2046-06-18 08:00:00,TRAN-PRV,store_discharge,0.0,XY,MW
2046-06-19 09:00:00,TRAN-PUB,store_discharge,0.0,XY,MW
2046-06-20 10:00:00,TRAN-PRV,store_discharge,0.0,XY,MW
2046-06-21 11:00:00,TRAN-PUB,store_discharge,0.0,XY,MW
2046-06-22 12:00:00,TRAN-PRV,store_discharge,0.0,XY,MW
2046-06-23 13:00:00,TRAN-PUB,store_discharge,0.0,XY,MW
2046-06-24 14:00:00,TRAN-PRV,store_discharge,0.0,XY,MW
2046-06-25 15:00:00,TRAN-PUB,store_discharge,0.0,XY,MW
2046-06-26 16:00:00,TRAN-PRV,store_discharge,0.0,XY,MW
2046-06-27 17:00:00,TRAN-PUB,store_discharge,0.0,XY,MW
2046-06-28 18:00:00,TRAN-PRV,store_discharge,0.0,XY,MW
2046-06-29 19:00:00,TRAN-PUB,store_discharge,0.0,XY,MW
2046-06-30 20:00:00,TRAN-PRV,store_discharge,0.0,XY,MW
2046-07-01 21:00:00,TRAN-PUB,store_discharge,0.0,XY,MW
2046-07-02 22:00:00,TRAN-PRV,store_discharge,0.0,XY,MW
2046-07-03 23:00:00,TRAN-PUB,store_discharge,0.0,XY,MW
2046-07-05 00:00:00,TRAN-PRV,store_discharge,0.0,XY,MW
2046-07-06 01:00:00,TRAN-PUB,store_discharge,0.0,XY,MW
2046-07-07 02:00:00,TRAN-PRV,store_discharge,0.0,XY,MW
2046-07-08 03:00:00,TRAN-PUB,store_discharge,0.0,XY,MW
2046-07-09 04:00:00,TRAN-PRV,store_discharge,0.0,XY,MW
2046-07-10 05:00:00,TRAN-PUB,store_discharge,0.0,XY,MW
2046-07-11 06:00:00,TRAN-PRV,store_discharge,0.0,XY,MW
2046-07-12 07:00:00,TRAN-PUB,store_discharge,0.0,XY,MW
2046-07-13 08:00:00,TRAN-PRV,store_discharge,0.0,XY,MW
2046-07-14 09:00:00,TRAN-PUB,store_discharge,0.0,XY,MW
2046-07-15 10:00:00,TRAN-PRV,store_discharge,0.0,XY,MW
2046-07-16 11:00:00,TRAN-PUB,store_discharge,0.0,XY,MW
2046-07-17 12:00:00,TRAN-PRV,store_discharge,-10.8,XY,MW
2046-07-18 13:00:00,TRAN-PUB,store_discharge,-3.6,XY,MW
2046-07-19 14:00:00,TRAN-PRV,store_discharge,10.8,XY,MW
2046-07-20 15:00:00,TRAN-PUB,store_discharge,3.6,XY,MW
2046-07-21 16:00:00,TRAN-PRV,store_discharge,0.0,XY,MW
2046-07-22 17:00:00,TRAN-PUB,store_discharge,0.0,XY,MW
2046-07-23 18:00:00,TRAN-PRV,store_discharge,0.0,XY,MW
2046-07-24 19:00:00,TRAN-PUB,store_discharge,0.0,XY,MW
2046-07-25 20:00:00,TRAN-PRV,store_discharge,0.0,XY,MW
2046-07-26 21:00:00,TRAN-PUB,store_discharge,0.0,XY,MW
2046-07-27 22:00:00,TRAN-PRV,store_discharge,0.0,XY,MW
2046-07-28 23:00:00,TRAN-PUB,store_discharge,0.0,XY,MW
2046-07-30 00:00:00,TRAN-PRV,store_discharge,0.0,XY,MW
2046-07-31 01:00:00,TRAN-PUB,store_discharge,0.0,XY,MW
2046-08-01 02:00:00,TRAN-PRV,store_discharge,0.0,XY,MW
2046-08-02 03:00:00,TRAN-PUB,store_discharge,0.0,XY,MW
2046-08-03 04:00:00,TRAN-PRV,store_discharge,0.0,XY,MW
2046-08-04 05:00:00,TRAN-PUB,store_discharge,0.0,XY,MW
2046-08-05 06:00:00,TRAN-PRV,store_discharge,0.0,XY,MW
2046-08-06 07:00:00,TRAN-PUB,store_discharge,0.0,XY,MW
2046-08-07 08:00:00,TRAN-PRV,store_discharge,0.0,XY,MW
2046-08-08 09:00:00,TRAN-PUB,store_discharge,0.0,XY,MW
2046-08-09 10:00:00,TRAN-PRV,store_discharge,0.0,XY,MW
2046-08-10 11:00:00,TRAN-PUB,store_discharge,0.0,XY,MW
2046-08-11 12:00:00,TRAN-PRV,store_discharge,0.0,XY,MW
2046-08-12 13:00:00,TRAN-PUB,store_discharge,0.0,XY,MW
2046-08-13 14:00:00,TRAN-PRV,store_discharge,0.0,XY,MW
2046-08-14 15:00:00,TRAN-PUB,store_discharge,0.0,XY,MW
2046-08-15 16:00:00,TRAN-PRV,store_discharge,0.0,XY,MW
2046-08-16 17:00:00,TRAN-PUB,store_discharge,0.0,XY,MW
2046-08-17 18:00:00,TRAN-PRV,store_discharge,0.0,XY,MW
2046-08-18 19:00:00,TRAN-PUB,store_discharge,0.0,XY,MW
2046-08-19 20:00:00,TRAN-PRV,store_discharge,0.0,XY,MW
2046-08-20 21:00:00,TRAN-PUB,store_discharge,0.0,XY,MW
2046-08-21 22:00:00,TRAN-PRV,store_discharge,0.0,XY,MW
2046-08-22 23:00:00,TRAN-PUB,store_discharge,0.0,XY,MW
2046-08-24 00:00:00,TRAN-PRV,store_discharge,0.0,XY,MW
2046-08-25 01:00:00,TRAN-PUB,store_discharge,0.0,XY,MW
2046-08-26 02:00:00,TRAN-PRV,store_discharge,0.0,XY,MW
2046-08-27 03:00:00,TRAN-PUB,store_discharge,0.0,XY,MW
2046-08-28 04:00:00,TRAN-PRV,store_discharge,0.0,XY,MW
2046-08-29 05:00:00,TRAN-PUB,store_discharge,0.0,XY,MW
2046-08-30 06:00:00,TRAN-PRV,store_discharge,0.0,XY,MW
2046-08-31 07:00:00,TRAN-PUB,store_discharge,0.0,XY,MW
2046-09-01 08:00:00,TRAN-PRV,store_discharge,0.0,XY,MW
2046-09-02 09:00:00,TRAN-PUB,store_discharge,0.0,XY,MW
2046-09-03 10:00:00,TRAN-PRV,store_discharge,0.0,XY,MW
2046-09-04 11:00:00,TRAN-PUB,store_discharge,0.0,XY,MW
2046-09-05 12:00:00,TRAN-PRV,store_discharge,0.0,XY,MW
2046-09-06 13:00:00,TRAN-PUB,store_discharge,0.0,XY,MW
2046-09-07 14:00:00,TRAN-PRV,store_discharge,-10.8,XY,MW
2046-09-08 15:00:00,TRAN-PUB,store_discharge,-3.6,XY,MW
2046-09-09 16:00:00,TRAN-PRV,store_discharge,10.8,XY,MW
2046-09-10 17:00:00,TRAN-PUB,store_discharge,3.6,XY,MW
2046-09-11 18:00:00,TRAN-PRV,store_discharge,0.0,XY,MW
2046-09-12 19:00:00,TRAN-PUB,store_discharge,0.0,XY,MW
2046-09-13 20:00:00,TRAN-PRV,store_discharge,0.0,XY,MW
2046-09-14 21:00:00,TRAN-PUB,store_discharge,0.0,XY,MW
2046-09-15 22:00:00,TRAN-PRV,store_discharge,0.0,XY,MW
2046-09-16 23:00:00,TRAN-PUB,store_discharge,0.0,XY,MW
2046-09-18 00:00:00,TRAN-PRV,store_discharge,0.0,XY,MW
2046-09-19 01:00:00,TRAN-PUB,store_discharge,0.0,XY,MW
2046-09-20 02:00:00,TRAN-PRV,store_discharge,0.0,XY,MW
2046-09-21 03:00:00,TRAN-PUB,store_discharge,0.0,XY,MW
2046-09-22 04:00:00,TRAN-PRV,store_discharge,0.0,XY,MW
2046-09-23 05:00:00,TRAN-PUB,store_discharge,0.0,XY,MW
2046-09-24 06:00:00,TRAN-PRV,store_discharge,0.0,XY,MW
2046-09-25 07:00:00,TRAN-PUB,store_discharge,0.0,XY,MW
2046-09-26 08:00:00,TRAN-PRV,store_discharge,0.0,XY,MW
2046-09-27 09:00:00,TRAN-PUB,store_discharge,0.0,XY,MW
2046-09-28 10:00:00,TRAN-PRV,store_discharge,0.0,XY,MW
2046-09-29 11:00:00,TRAN-PUB,store_discharge,0.0,XY,MW
2046-09-30 12:00:00,TRAN-PRV,store_discharge,0.0,XY,MW
2046-10-01 13:00:00,TRAN-PUB,store_discharge,0.0,XY,MW
2046-10-02 14:00:00,TRAN-PRV,store_discharge,0.0,XY,MW
2046-10-03 15:00:00,TRAN-PUB,store_discharge,0.0,XY,MW
2046-10-04 16:00:00,TRAN-PRV,store_discharge,0.0,XY,MW
2046-10-05 17:00:00,TRAN-PUB,store_discharge,0.0,XY,MW
2046-10-06 18:00:00,TRAN-PRV,store_discharge,0.0,XY,MW
2046-10-07 19:00:00,TRAN-PUB,store_discharge,0.0,XY,MW
2046-10-08 20:00:00,TRAN-PRV,store_discharge,0.0,XY,MW
2046-10-09 21:00:00,TRAN-PUB,store_discharge,0.0,XY,MW
2046-10-10 22:00:00,TRAN-PRV,store_discharge,0.0,XY,MW
2046-10-11 23:00:00,TRAN-PUB,store_discharge,0.0,XY,MW
2046-10-13 00:00:00,TRAN-PRV,store_discharge,0.0,XY,MW
2046-10-14 01:00:00,TRAN-PUB,store_discharge,0.0,XY,MW
2046-10-15 02:00:00,TRAN-PRV,store_discharge,0.0,XY,MW
2046-10-16 03:00:00,TRAN-PUB,store_discharge,0.0,XY,MW
2046-10-17 04:00:00,TRAN-PRV,store_discharge,0.0,XY,MW
2046-10-18 05:00:00,TRAN-PUB,store_discharge,0.0,XY,MW
2046-10-19 06:00:00,TRAN-PRV,store_discharge,0.0,XY,MW
2046-10-20 07:00:00,TRAN-PUB,store_discharge,0.0,XY,MW
2046-10-21 08:00:00,TRAN-PRV,store_discharge,0.0,XY,MW
2046-10-22 09:00:00,TRAN-PUB,store_discharge,0.0,XY,MW
2046-10-23 10:00:00,TRAN-PRV,store_discharge,0.0,XY,MW
2046-10-24 11:00:00,TRAN-PUB,store_discharge,0.0,XY,MW
2046-10-25 12:00:00,TRAN-PRV,store_discharge,0.0,XY,MW
2046-10-26 13:00:00,TRAN-PUB,store_discharge,0.0,XY,MW
2046-10-27 14:00:00,TRAN-PRV,store_discharge,-10.8,XY,MW
2046-10-28 15:00:00,TRAN-PUB,store_discharge,-3.6,XY,MW
2046-10-29 16:00:00,TRAN-PRV,store_discharge,10.8,XY,MW
2046-10-30 17:00:00,TRAN-PUB,store_discharge,3.6,XY,MW
2046-10-31 18:00:00,TRAN-PRV,store_discharge,0.0,XY,MW
2046-11-01 19:00:00,TRAN-PUB,store_discharge,0.0,XY,MW
2046-11-02 20:00:00,TRAN-PRV,store_discharge,0.0,XY,MW
2046-11-03 21:00:00,TRAN-PUB,store_discharge,0.0,XY,MW
2046-11-04 22:00:00,TRAN-PRV,store_discharge,0.0,XY,MW
2046-11-05 23:00:00,TRAN-PUB,store_discharge,0.0,XY,MW
2046-11-07 00:00:00,TRAN-PRV,store_discharge,0.0,XY,MW
2046-11-08 01:00:00,TRAN-PUB,store_discharge,0.0,XY,MW
2046-11-09 02:00:00,TRAN-PRV,store_discharge,0.0,XY,MW
2046-11-10 03:00:00,TRAN-PUB,store_discharge,0.0,XY,MW
2046-11-11 04:00:00,TRAN-PRV,store_discharge,0.0,XY,MW
2046-11-12 05:00:00,TRAN-PUB,store_discharge,0.0,XY,MW
2046-11-13 06:00:00,TRAN-PRV,store_discharge,0.0,XY,MW
2046-11-14 07:00:00,TRAN-PUB,store_discharge,0.0,XY,MW
2046-11-15 08:00:00,TRAN-PRV,store_discharge,0.0,XY,MW
2046-11-16 09:00:00,TRAN-PUB,store_discharge,0.0,XY,MW
2046-11-17 10:00:00,TRAN-PRV,store_discharge,0.0,XY,MW
2046-11-18 11:00:00,TRAN-PUB,store_discharge,0.0,XY,MW
2046-11-19 12:00:00,TRAN-PRV,store_discharge,0.0,XY,MW
2046-11-20 13:00:00,TRAN-PUB,store_discharge,0.0,XY,MW
2046-11-21 14:00:00,TRAN-PRV,store_discharge,0.0,XY,MW
2046-11-22 15:00:00,TRAN-PUB,store_discharge,0.0,XY,MW
2046-11-23 16:00:00,TRAN-PRV,store_discharge,0.0,XY,MW
2046-11-24 17:00:00,TRAN-PUB,store_discharge,0.0,XY,MW
2046-11-25 18:00:00,TRAN-PRV,store_discharge,0.0,XY,MW
2046-11-26 19:00:00,TRAN-PUB,store_discharge,0.0,XY,MW
2046-11-27 20:00:00,TRAN-PRV,store_discharge,0.0,XY,MW
2046-11-28 21:00:00,TRAN-PUB,store_discharge,0.0,XY,MW
2046-11-29 22:00:00,TRAN-PRV,store_discharge,0.0,XY,MW
2046-11-30 23:00:00,TRAN-PUB,store_discharge,0.0,XY,MW
2046-12-02 00:00:00,TRAN-PRV,store_discharge,0.0,XY,MW
2046-12-03 01:00:00,TRAN-PUB,store_discharge,0.0,XY,MW
2046-12-04 02:00:00,TRAN-PRV,store_discharge,0.0,XY,MW
2046-12-05 03:00:00,TRAN-PUB,store_discharge,0.0,XY,MW
2046-12-06 04:00:00,TRAN-PRV,store_discharge,0.0,XY,MW
2046-12-07 05:00:00,TRAN-PUB,store_discharge,0.0,XY,MW
2046-12-08 06:00:00,TRAN-PRV,store_discharge,0.0,XY,MW
2046-12-09 07:00:00,TRAN-PUB,store_discharge,0.0,XY,MW
2046-12-10 08:00:00,TRAN-PRV,store_discharge,0.0,XY,MW
2046-12-11 09:00:00,TRAN-PUB,store_discharge,0.0,XY,MW
2046-12-12 10:00:00,TRAN-PRV,store_discharge,0.0,XY,MW
2046-12-13 11:00:00,TRAN-PUB,store_discharge,0.0,XY,MW
2046-12-14 12:00:00,TRAN-PRV,store_discharge,0.0,XY,MW
2046-12-15 13:00:00,TRAN-PUB,store_discharge,0.0,XY,MW
2046-12-16 14:00:00,TRAN-PRV,store_discharge,-10.8,XY,MW
2046-12-17 15:00:00,TRAN-PUB,store_discharge,-3.6,XY,MW
2046-12-18 16:00:00,TRAN-PRV,store_discharge,10.8,XY,MW
2046-12-19 17:00:00,TRAN-PUB,store_discharge,3.6,XY,MW
2046-12-20 18:00:00,TRAN-PRV,store_discharge,0.0,XY,MW
2046-12-21 19:00:00,TRAN-PUB,store_discharge,0.0,XY,MW
2046-12-22 20:00:00,TRAN-PRV,store_discharge,0.0,XY,MW
2046-12-23 21:00:00,TRAN-PUB,store_discharge,0.0,XY,MW
2046-12-24 22:00:00,TRAN-PRV,store_discharge,0.0,XY,MW
2046-12-25 23:00:00,TRAN-PUB,store_discharge,0.0,XY,MW
2046-12-27 00:00:00,TRAN-PRV,store_discharge,0.0,XY,MW
2046-12-28 01:00:00,TRAN-PUB,store_discharge,0.0,XY,MW
2046-12-29 02:00:00,TRAN-PRV,store_discharge,0.0,XY,MW
2046-12-30 03:00:00,TRAN-PUB,store_discharge,0.0,XY,MW
2046-12-31 04:00:00,TRAN-PRV,store_discharge,0.0,XY,MW
2047-01-01 05:00:00,TRAN-PUB,store_discharge,0.0,XY,MW
2047-01-02 06:00:00,TRAN-PRV,store_discharge,0.0,XY,MW
2047-01-03 07:00:00,TRAN-PUB,store_discharge,0.0,XY,MW
2045-01-01 00:00:00,TRAN-PRV,state_of_charge,252.0,XY,MW
2045-01-02 01:00:00,TRAN-PUB,state_of_charge,0.0,XY,MW
2045-01-03 02:00:00,TRAN-PRV,state_of_charge,0.0,XY,MW
2045-01-04 03:00:00,TRAN-PUB,state_of_charge,0.0,XY,MW
2045-01-05 04:00:00,TRAN-PRV,state_of_charge,0.0,XY,MW
2045-01-06 05:00:00,TRAN-PUB,state_of_charge,0.0,XY,MW
2045-01-07 06:00:00,TRAN-PRV,state_of_charge,0.0,XY,MW
2045-01-08 07:00:00,TRAN-PUB,state_of_charge,0.0,XY,MW
2045-01-09 08:00:00,TRAN-PRV,state_of_charge,0.0,XY,MW
2045-01-10 09:00:00,TRAN-PUB,state_of_charge,0.0,XY,MW
2045-01-11 10:00:00,TRAN-PRV,state_of_charge,0.0,XY,MW
2045-01-12 11:00:00,TRAN-PUB,state_of_charge,0.0,XY,MW
2045-01-13 12:00:00,TRAN-PRV,state_of_charge,270.0,XY,MW
2045-01-14 13:00:00,TRAN-PUB,state_of_charge,90.0,XY,MW
2045-01-15 14:00:00,TRAN-PRV,state_of_charge,0.0,XY,MW
2045-01-16 15:00:00,TRAN-PUB,state_of_charge,0.0,XY,MW
2045-01-17 16:00:00,TRAN-PRV,state_of_charge,0.0,XY,MW
2045-01-18 17:00:00,TRAN-PUB,state_of_charge,0.0,XY,MW
2045-01-19 18:00:00,TRAN-PRV,state_of_charge,0.0,XY,MW
2045-01-20 19:00:00,TRAN-PUB,state_of_charge,0.0,XY,MW
2045-01-21 20:00:00,TRAN-PRV,state_of_charge,0.0,XY,MW
2045-01-22 21:00:00,TRAN-PUB,state_of_charge,0.0,XY,MW
2045-01-23 22:00:00,TRAN-PRV,state_of_charge,0.0,XY,MW
2045-01-24 23:00:00,TRAN-PUB,state_of_charge,0.0,XY,MW
2045-01-26 00:00:00,TRAN-PRV,state_of_charge,0.0,XY,MW
2045-01-27 01:00:00,TRAN-PUB,state_of_charge,0.0,XY,MW
2045-01-28 02:00:00,TRAN-PRV,state_of_charge,0.0,XY,MW
2045-01-29 03:00:00,TRAN-PUB,state_of_charge,0.0,XY,MW
2045-01-30 04:00:00,TRAN-PRV,state_of_charge,0.0,XY,MW
2045-01-31 05:00:00,TRAN-PUB,state_of_charge,0.0,XY,MW
2045-02-01 06:00:00,TRAN-PRV,state_of_charge,0.0,XY,MW
2045-02-02 07:00:00,TRAN-PUB,state_of_charge,0.0,XY,MW
2045-02-03 08:00:00,TRAN-PRV,state_of_charge,0.0,XY,MW
2045-02-04 09:00:00,TRAN-PUB,state_of_charge,0.0,XY,MW
2045-02-05 10:00:00,TRAN-PRV,state_of_charge,0.0,XY,MW
2045-02-06 11:00:00,TRAN-PUB,state_of_charge,0.0,XY,MW
2045-02-07 12:00:00,TRAN-PRV,state_of_charge,0.0,XY,MW
2045-02-08 13:00:00,TRAN-PUB,state_of_charge,0.0,XY,MW
2045-02-09 14:00:00,TRAN-PRV,state_of_charge,0.0,XY,MW
2045-02-10 15:00:00,TRAN-PUB,state_of_charge,0.0,XY,MW
2045-02-11 16:00:00,TRAN-PRV,state_of_charge,0.0,XY,MW
2045-02-12 17:00:00,TRAN-PUB,state_of_charge,0.0,XY,MW
2045-02-13 18:00:00,TRAN-PRV,state_of_charge,0.0,XY,MW
2045-02-14 19:00:00,TRAN-PUB,state_of_charge,0.0,XY,MW
2045-02-15 20:00:00,TRAN-PRV,state_of_charge,0.0,XY,MW
2045-02-16 21:00:00,TRAN-PUB,state_of_charge,0.0,XY,MW
2045-02-17 22:00:00,TRAN-PRV,state_of_charge,0.0,XY,MW
2045-02-18 23:00:00,TRAN-PUB,state_of_charge,0.0,XY,MW
2045-02-20 00:00:00,TRAN-PRV,state_of_charge,0.0,XY,MW
2045-02-21 01:00:00,TRAN-PUB,state_of_charge,0.0,XY,MW
2045-02-22 02:00:00,TRAN-PRV,state_of_charge,0.0,XY,MW
2045-02-23 03:00:00,TRAN-PUB,state_of_charge,0.0,XY,MW
2045-02-24 04:00:00,TRAN-PRV,state_of_charge,0.0,XY,MW
2045-02-25 05:00:00,TRAN-PUB,state_of_charge,0.0,XY,MW
2045-02-26 06:00:00,TRAN-PRV,state_of_charge,0.0,XY,MW
2045-02-27 07:00:00,TRAN-PUB,state_of_charge,0.0,XY,MW
2045-02-28 08:00:00,TRAN-PRV,state_of_charge,0.0,XY,MW
2045-03-01 09:00:00,TRAN-PUB,state_of_charge,0.0,XY,MW
2045-03-02 10:00:00,TRAN-PRV,state_of_charge,0.0,XY,MW
2045-03-03 11:00:00,TRAN-PUB,state_of_charge,0.0,XY,MW
2045-03-04 12:00:00,TRAN-PRV,state_of_charge,270.0,XY,MW
2045-03-05 13:00:00,TRAN-PUB,state_of_charge,90.0,XY,MW
2045-03-06 14:00:00,TRAN-PRV,state_of_charge,0.0,XY,MW
2045-03-07 15:00:00,TRAN-PUB,state_of_charge,0.0,XY,MW
2045-03-08 16:00:00,TRAN-PRV,state_of_charge,0.0,XY,MW
2045-03-09 17:00:00,TRAN-PUB,state_of_charge,0.0,XY,MW
2045-03-10 18:00:00,TRAN-PRV,state_of_charge,0.0,XY,MW
2045-03-11 19:00:00,TRAN-PUB,state_of_charge,0.0,XY,MW
2045-03-12 20:00:00,TRAN-PRV,state_of_charge,0.0,XY,MW
2045-03-13 21:00:00,TRAN-PUB,state_of_charge,0.0,XY,MW
2045-03-14 22:00:00,TRAN-PRV,state_of_charge,0.0,XY,MW
2045-03-15 23:00:00,TRAN-PUB,state_of_charge,0.0,XY,MW
2045-03-17 00:00:00,TRAN-PRV,state_of_charge,0.0,XY,MW
2045-03-18 01:00:00,TRAN-PUB,state_of_charge,0.0,XY,MW
2045-03-19 02:00:00,TRAN-PRV,state_of_charge,0.0,XY,MW
2045-03-20 03:00:00,TRAN-PUB,state_of_charge,0.0,XY,MW
2045-03-21 04:00:00,TRAN-PRV,state_of_charge,0.0,XY,MW
2045-03-22 05:00:00,TRAN-PUB,state_of_charge,0.0,XY,MW
2045-03-23 06:00:00,TRAN-PRV,state_of_charge,0.0,XY,MW
2045-03-24 07:00:00,TRAN-PUB,state_of_charge,0.0,XY,MW
2045-03-25 08:00:00,TRAN-PRV,state_of_charge,0.0,XY,MW
2045-03-26 09:00:00,TRAN-PUB,state_of_charge,0.0,XY,MW
2045-03-27 10:00:00,TRAN-PRV,state_of_charge,0.0,XY,MW
2045-03-28 11:00:00,TRAN-PUB,state_of_charge,0.0,XY,MW
2045-03-29 12:00:00,TRAN-PRV,state_of_charge,0.0,XY,MW
2045-03-30 13:00:00,TRAN-PUB,state_of_charge,0.0,XY,MW
2045-03-31 14:00:00,TRAN-PRV,state_of_charge,0.0,XY,MW
2045-04-01 15:00:00,TRAN-PUB,state_of_charge,0.0,XY,MW
2045-04-02 16:00:00,TRAN-PRV,state_of_charge,0.0,XY,MW
2045-04-03 17:00:00,TRAN-PUB,state_of_charge,0.0,XY,MW
2045-04-04 18:00:00,TRAN-PRV,state_of_charge,0.0,XY,MW
2045-04-05 19:00:00,TRAN-PUB,state_of_charge,0.0,XY,MW
2045-04-06 20:00:00,TRAN-PRV,state_of_charge,0.0,XY,MW
2045-04-07 21:00:00,TRAN-PUB,state_of_charge,0.0,XY,MW
2045-04-08 22:00:00,TRAN-PRV,state_of_charge,0.0,XY,MW
2045-04-09 23:00:00,TRAN-PUB,state_of_charge,0.0,XY,MW
2045-04-11 00:00:00,TRAN-PRV,state_of_charge,0.0,XY,MW
2045-04-12 01:00:00,TRAN-PUB,state_of_charge,0.0,XY,MW
2045-04-13 02:00:00,TRAN-PRV,state_of_charge,0.0,XY,MW
2045-04-14 03:00:00,TRAN-PUB,state_of_charge,0.0,XY,MW
2045-04-15 04:00:00,TRAN-PRV,state_of_charge,0.0,XY,MW
2045-04-16 05:00:00,TRAN-PUB,state_of_charge,0.0,XY,MW
2045-04-17 06:00:00,TRAN-PRV,state_of_charge,0.0,XY,MW
2045-04-18 07:00:00,TRAN-PUB,state_of_charge,0.0,XY,MW
2045-04-19 08:00:00,TRAN-PRV,state_of_charge,0.0,XY,MW
2045-04-20 09:00:00,TRAN-PUB,state_of_charge,0.0,XY,MW
2045-04-21 10:00:00,TRAN-PRV,state_of_charge,0.0,XY,MW
2045-04-22 11:00:00,TRAN-PUB,state_of_charge,0.0,XY,MW
2045-04-23 12:00:00,TRAN-PRV,state_of_charge,270.0,XY,MW
2045-04-24 13:00:00,TRAN-PUB,state_of_charge,90.0,XY,MW
2045-04-25 14:00:00,TRAN-PRV,state_of_charge,0.0,XY,MW
2045-04-26 15:00:00,TRAN-PUB,state_of_charge,0.0,XY,MW
2045-04-27 16:00:00,TRAN-PRV,state_of_charge,0.0,XY,MW
2045-04-28 17:00:00,TRAN-PUB,state_of_charge,0.0,XY,MW
2045-04-29 18:00:00,TRAN-PRV,state_of_charge,0.0,XY,MW
2045-04-30 19:00:00,TRAN-PUB,state_of_charge,0.0,XY,MW
2045-05-01 20:00:00,TRAN-PRV,state_of_charge,0.0,XY,MW
2045-05-02 21:00:00,TRAN-PUB,state_of_charge,0.0,XY,MW
2045-05-03 22:00:00,TRAN-PRV,state_of_charge,0.0,XY,MW
2045-05-04 23:00:00,TRAN-PUB,state_of_charge,0.0,XY,MW
2045-05-06 00:00:00,TRAN-PRV,state_of_charge,0.0,XY,MW
2045-05-07 01:00:00,TRAN-PUB,state_of_charge,0.0,XY,MW
2045-05-08 02:00:00,TRAN-PRV,state_of_charge,0.0,XY,MW
2045-05-09 03:00:00,TRAN-PUB,state_of_charge,0.0,XY,MW
2045-05-10 04:00:00,TRAN-PRV,state_of_charge,0.0,XY,MW
2045-05-11 05:00:00,TRAN-PUB,state_of_charge,0.0,XY,MW
2045-05-12 06:00:00,TRAN-PRV,state_of_charge,0.0,XY,MW
2045-05-13 07:00:00,TRAN-PUB,state_of_charge,0.0,XY,MW
2045-05-14 08:00:00,TRAN-PRV,state_of_charge,0.0,XY,MW
2045-05-15 09:00:00,TRAN-PUB,state_of_charge,0.0,XY,MW
2045-05-16 10:00:00,TRAN-PRV,state_of_charge,0.0,XY,MW
2045-05-17 11:00:00,TRAN-PUB,state_of_charge,0.0,XY,MW
2045-05-18 12:00:00,TRAN-PRV,state_of_charge,0.0,XY,MW
2045-05-19 13:00:00,TRAN-PUB,state_of_charge,0.0,XY,MW
2045-05-20 14:00:00,TRAN-PRV,state_of_charge,0.0,XY,MW
2045-05-21 15:00:00,TRAN-PUB,state_of_charge,0.0,XY,MW
2045-05-22 16:00:00,TRAN-PRV,state_of_charge,0.0,XY,MW
2045-05-23 17:00:00,TRAN-PUB,state_of_charge,0.0,XY,MW
2045-05-24 18:00:00,TRAN-PRV,state_of_charge,0.0,XY,MW
2045-05-25 19:00:00,TRAN-PUB,state_of_charge,0.0,XY,MW
2045-05-26 20:00:00,TRAN-PRV,state_of_charge,0.0,XY,MW
2045-05-27 21:00:00,TRAN-PUB,state_of_charge,0.0,XY,MW
2045-05-28 22:00:00,TRAN-PRV,state_of_charge,0.0,XY,MW
2045-05-29 23:00:00,TRAN-PUB,state_of_charge,0.0,XY,MW
2045-05-31 00:00:00,TRAN-PRV,state_of_charge,0.0,XY,MW
2045-06-01 01:00:00,TRAN-PUB,state_of_charge,0.0,XY,MW
2045-06-02 02:00:00,TRAN-PRV,state_of_charge,0.0,XY,MW
2045-06-03 03:00:00,TRAN-PUB,state_of_charge,0.0,XY,MW
2045-06-04 04:00:00,TRAN-PRV,state_of_charge,0.0,XY,MW
2045-06-05 05:00:00,TRAN-PUB,state_of_charge,0.0,XY,MW
2045-06-06 06:00:00,TRAN-PRV,state_of_charge,0.0,XY,MW
2045-06-07 07:00:00,TRAN-PUB,state_of_charge,0.0,XY,MW
2045-06-08 08:00:00,TRAN-PRV,state_of_charge,0.0,XY,MW
2045-06-09 09:00:00,TRAN-PUB,state_of_charge,0.0,XY,MW
2045-06-10 10:00:00,TRAN-PRV,state_of_charge,0.0,XY,MW
2045-06-11 11:00:00,TRAN-PUB,state_of_charge,0.0,XY,MW
2045-06-12 12:00:00,TRAN-PRV,state_of_charge,270.0,XY,MW
2045-06-13 13:00:00,TRAN-PUB,state_of_charge,90.0,XY,MW
2045-06-14 14:00:00,TRAN-PRV,state_of_charge,0.0,XY,MW
2045-06-15 15:00:00,TRAN-PUB,state_of_charge,0.0,XY,MW
2045-06-16 16:00:00,TRAN-PRV,state_of_charge,0.0,XY,MW
2045-06-17 17:00:00,TRAN-PUB,state_of_charge,0.0,XY,MW
2045-06-18 18:00:00,TRAN-PRV,state_of_charge,0.0,XY,MW
2045-06-19 19:00:00,TRAN-PUB,state_of_charge,0.0,XY,MW
2045-06-20 20:00:00,TRAN-PRV,state_of_charge,0.0,XY,MW
2045-06-21 21:00:00,TRAN-PUB,state_of_charge,0.0,XY,MW
2045-06-22 22:00:00,TRAN-PRV,state_of_charge,0.0,XY,MW
2045-06-23 23:00:00,TRAN-PUB,state_of_charge,0.0,XY,MW
2045-06-25 00:00:00,TRAN-PRV,state_of_charge,0.0,XY,MW
2045-06-26 01:00:00,TRAN-PUB,state_of_charge,0.0,XY,MW
2045-06-27 02:00:00,TRAN-PRV,state_of_charge,0.0,XY,MW
2045-06-28 03:00:00,TRAN-PUB,state_of_charge,0.0,XY,MW
2045-06-29 04:00:00,TRAN-PRV,state_of_charge,0.0,XY,MW
2045-06-30 05:00:00,TRAN-PUB,state_of_charge,0.0,XY,MW
2045-07-01 06:00:00,TRAN-PRV,state_of_charge,0.0,XY,MW
2045-07-02 07:00:00,TRAN-PUB,state_of_charge,0.0,XY,MW
2045-07-03 08:00:00,TRAN-PRV,state_of_charge,0.0,XY,MW
2045-07-04 09:00:00,TRAN-PUB,state_of_charge,0.0,XY,MW
2045-07-05 10:00:00,TRAN-PRV,state_of_charge,0.0,XY,MW
2045-07-06 11:00:00,TRAN-PUB,state_of_charge,0.0,XY,MW
2045-07-07 12:00:00,TRAN-PRV,state_of_charge,0.0,XY,MW
2045-07-08 13:00:00,TRAN-PUB,state_of_charge,0.0,XY,MW
2045-07-09 14:00:00,TRAN-PRV,state_of_charge,0.0,XY,MW
2045-07-10 15:00:00,TRAN-PUB,state_of_charge,0.0,XY,MW
2045-07-11 16:00:00,TRAN-PRV,state_of_charge,0.0,XY,MW
2045-07-12 17:00:00,TRAN-PUB,state_of_charge,0.0,XY,MW
2045-07-13 18:00:00,TRAN-PRV,state_of_charge,0.0,XY,MW
2045-07-14 19:00:00,TRAN-PUB,state_of_charge,0.0,XY,MW
2045-07-15 20:00:00,TRAN-PRV,state_of_charge,0.0,XY,MW
2045-07-16 21:00:00,TRAN-PUB,state_of_charge,0.0,XY,MW
2045-07-17 22:00:00,TRAN-PRV,state_of_charge,0.0,XY,MW
2045-07-18 23:00:00,TRAN-PUB,state_of_charge,0.0,XY,MW
2045-07-20 00:00:00,TRAN-PRV,state_of_charge,0.0,XY,MW
2045-07-21 01:00:00,TRAN-PUB,state_of_charge,0.0,XY,MW
2045-07-22 02:00:00,TRAN-PRV,state_of_charge,0.0,XY,MW
2045-07-23 03:00:00,TRAN-PUB,state_of_charge,0.0,XY,MW
2045-07-24 04:00:00,TRAN-PRV,state_of_charge,0.0,XY,MW
2045-07-25 05:00:00,TRAN-PUB,state_of_charge,0.0,XY,MW
2045-07-26 06:00:00,TRAN-PRV,state_of_charge,0.0,XY,MW
2045-07-27 07:00:00,TRAN-PUB,state_of_charge,0.0,XY,MW
2045-07-28 08:00:00,TRAN-PRV,state_of_charge,0.0,XY,MW
2045-07-29 09:00:00,TRAN-PUB,state_of_charge,0.0,XY,MW
2045-07-30 10:00:00,TRAN-PRV,state_of_charge,270.0,XY,MW
2045-07-31 11:00:00,TRAN-PUB,state_of_charge,90.0,XY,MW
2045-08-01 12:00:00,TRAN-PRV,state_of_charge,0.0,XY,MW
2045-08-02 13:00:00,TRAN-PUB,state_of_charge,0.0,XY,MW
2045-08-03 14:00:00,TRAN-PRV,state_of_charge,0.0,XY,MW
2045-08-04 15:00:00,TRAN-PUB,state_of_charge,0.0,XY,MW
2045-08-05 16:00:00,TRAN-PRV,state_of_charge,0.0,XY,MW
2045-08-06 17:00:00,TRAN-PUB,state_of_charge,0.0,XY,MW
2045-08-07 18:00:00,TRAN-PRV,state_of_charge,0.0,XY,MW
2045-08-08 19:00:00,TRAN-PUB,state_of_charge,0.0,XY,MW
2045-08-09 20:00:00,TRAN-PRV,state_of_charge,0.0,XY,MW
2045-08-10 21:00:00,TRAN-PUB,state_of_charge,0.0,XY,MW
2045-08-11 22:00:00,TRAN-PRV,state_of_charge,0.0,XY,MW
2045-08-12 23:00:00,TRAN-PUB,state_of_charge,0.0,XY,MW
2045-08-14 00:00:00,TRAN-PRV,state_of_charge,0.0,XY,MW
2045-08-15 01:00:00,TRAN-PUB,state_of_charge,0.0,XY,MW
2045-08-16 02:00:00,TRAN-PRV,state_of_charge,0.0,XY,MW
2045-08-17 03:00:00,TRAN-PUB,state_of_charge,0.0,XY,MW
2045-08-18 04:00:00,TRAN-PRV,state_of_charge,0.0,XY,MW
2045-08-19 05:00:00,TRAN-PUB,state_of_charge,0.0,XY,MW
2045-08-20 06:00:00,TRAN-PRV,state_of_charge,0.0,XY,MW
2045-08-21 07:00:00,TRAN-PUB,state_of_charge,0.0,XY,MW
2045-08-22 08:00:00,TRAN-PRV,state_of_charge,0.0,XY,MW
2045-08-23 09:00:00,TRAN-PUB,state_of_charge,0.0,XY,MW
2045-08-24 10:00:00,TRAN-PRV,state_of_charge,0.0,XY,MW
2045-08-25 11:00:00,TRAN-PUB,state_of_charge,0.0,XY,MW
2045-08-26 12:00:00,TRAN-PRV,state_of_charge,0.0,XY,MW
2045-08-27 13:00:00,TRAN-PUB,state_of_charge,0.0,XY,MW
2045-08-28 14:00:00,TRAN-PRV,state_of_charge,0.0,XY,MW
2045-08-29 15:00:00,TRAN-PUB,state_of_charge,0.0,XY,MW
2045-08-30 16:00:00,TRAN-PRV,state_of_charge,0.0,XY,MW
2045-08-31 17:00:00,TRAN-PUB,state_of_charge,0.0,XY,MW
2045-09-01 18:00:00,TRAN-PRV,state_of_charge,0.0,XY,MW
2045-09-02 19:00:00,TRAN-PUB,state_of_charge,0.0,XY,MW
2045-09-03 20:00:00,TRAN-PRV,state_of_charge,0.0,XY,MW
2045-09-04 21:00:00,TRAN-PUB,state_of_charge,0.0,XY,MW
2045-09-05 22:00:00,TRAN-PRV,state_of_charge,0.0,XY,MW
2045-09-06 23:00:00,TRAN-PUB,state_of_charge,0.0,XY,MW
2045-09-08 00:00:00,TRAN-PRV,state_of_charge,0.0,XY,MW
2045-09-09 01:00:00,TRAN-PUB,state_of_charge,0.0,XY,MW
2045-09-10 02:00:00,TRAN-PRV,state_of_charge,0.0,XY,MW
2045-09-11 03:00:00,TRAN-PUB,state_of_charge,0.0,XY,MW
2045-09-12 04:00:00,TRAN-PRV,state_of_charge,0.0,XY,MW
2045-09-13 05:00:00,TRAN-PUB,state_of_charge,0.0,XY,MW
2045-09-14 06:00:00,TRAN-PRV,state_of_charge,0.0,XY,MW
2045-09-15 07:00:00,TRAN-PUB,state_of_charge,0.0,XY,MW
2045-09-16 08:00:00,TRAN-PRV,state_of_charge,0.0,XY,MW
2045-09-17 09:00:00,TRAN-PUB,state_of_charge,0.0,XY,MW
2045-09-18 10:00:00,TRAN-PRV,state_of_charge,270.0,XY,MW
2045-09-19 11:00:00,TRAN-PUB,state_of_charge,90.0,XY,MW
2045-09-20 12:00:00,TRAN-PRV,state_of_charge,0.0,XY,MW
2045-09-21 13:00:00,TRAN-PUB,state_of_charge,0.0,XY,MW
2045-09-22 14:00:00,TRAN-PRV,state_of_charge,0.0,XY,MW
2045-09-23 15:00:00,TRAN-PUB,state_of_charge,0.0,XY,MW
2045-09-24 16:00:00,TRAN-PRV,state_of_charge,0.0,XY,MW
2045-09-25 17:00:00,TRAN-PUB,state_of_charge,0.0,XY,MW
2045-09-26 18:00:00,TRAN-PRV,state_of_charge,0.0,XY,MW
2045-09-27 19:00:00,TRAN-PUB,state_of_charge,0.0,XY,MW
2045-09-28 20:00:00,TRAN-PRV,state_of_charge,0.0,XY,MW
2045-09-29 21:00:00,TRAN-PUB,state_of_charge,0.0,XY,MW
2045-09-30 22:00:00,TRAN-PRV,state_of_charge,0.0,XY,MW
2045-10-01 23:00:00,TRAN-PUB,state_of_charge,0.0,XY,MW
2045-10-03 00:00:00,TRAN-PRV,state_of_charge,0.0,XY,MW
2045-10-04 01:00:00,TRAN-PUB,state_of_charge,0.0,XY,MW
2045-10-05 02:00:00,TRAN-PRV,state_of_charge,0.0,XY,MW
2045-10-06 03:00:00,TRAN-PUB,state_of_charge,0.0,XY,MW
2045-10-07 04:00:00,TRAN-PRV,state_of_charge,0.0,XY,MW
2045-10-08 05:00:00,TRAN-PUB,state_of_charge,0.0,XY,MW
2045-10-09 06:00:00,TRAN-PRV,state_of_charge,0.0,XY,MW
2045-10-10 07:00:00,TRAN-PUB,state_of_charge,0.0,XY,MW
2045-10-11 08:00:00,TRAN-PRV,state_of_charge,0.0,XY,MW
2045-10-12 09:00:00,TRAN-PUB,state_of_charge,0.0,XY,MW
2045-10-13 10:00:00,TRAN-PRV,state_of_charge,0.0,XY,MW
2045-10-14 11:00:00,TRAN-PUB,state_of_charge,0.0,XY,MW
2045-10-15 12:00:00,TRAN-PRV,state_of_charge,0.0,XY,MW
2045-10-16 13:00:00,TRAN-PUB,state_of_charge,0.0,XY,MW
2045-10-17 14:00:00,TRAN-PRV,state_of_charge,0.0,XY,MW
2045-10-18 15:00:00,TRAN-PUB,state_of_charge,0.0,XY,MW
2045-10-19 16:00:00,TRAN-PRV,state_of_charge,0.0,XY,MW
2045-10-20 17:00:00,TRAN-PUB,state_of_charge,0.0,XY,MW
2045-10-21 18:00:00,TRAN-PRV,state_of_charge,0.0,XY,MW
2045-10-22 19:00:00,TRAN-PUB,state_of_charge,0.0,XY,MW
2045-10-23 20:00:00,TRAN-PRV,state_of_charge,0.0,XY,MW
2045-10-24 21:00:00,TRAN-PUB,state_of_charge,0.0,XY,MW
2045-10-25 22:00:00,TRAN-PRV,state_of_charge,0.0,XY,MW
2045-10-26 23:00:00,TRAN-PUB,state_of_charge,0.0,XY,MW
2045-10-28 00:00:00,TRAN-PRV,state_of_charge,0.0,XY,MW
2045-10-29 01:00:00,TRAN-PUB,state_of_charge,0.0,XY,MW
2045-10-30 02:00:00,TRAN-PRV,state_of_charge,0.0,XY,MW
2045-10-31 03:00:00,TRAN-PUB,state_of_charge,0.0,XY,MW
2045-11-01 04:00:00,TRAN-PRV,state_of_charge,0.0,XY,MW
2045-11-02 05:00:00,TRAN-PUB,state_of_charge,0.0,XY,MW
2045-11-03 06:00:00,TRAN-PRV,state_of_charge,0.0,XY,MW
2045-11-04 07:00:00,TRAN-PUB,state_of_charge,0.0,XY,MW
2045-11-05 08:00:00,TRAN-PRV,state_of_charge,0.0,XY,MW
2045-11-06 09:00:00,TRAN-PUB,state_of_charge,0.0,XY,MW
2045-11-07 10:00:00,TRAN-PRV,state_of_charge,270.0,XY,MW
2045-11-08 11:00:00,TRAN-PUB,state_of_charge,90.0,XY,MW
2045-11-09 12:00:00,TRAN-PRV,state_of_charge,0.0,XY,MW
2045-11-10 13:00:00,TRAN-PUB,state_of_charge,0.0,XY,MW
2045-11-11 14:00:00,TRAN-PRV,state_of_charge,0.0,XY,MW
2045-11-12 15:00:00,TRAN-PUB,state_of_charge,0.0,XY,MW
2045-11-13 16:00:00,TRAN-PRV,state_of_charge,0.0,XY,MW
2045-11-14 17:00:00,TRAN-PUB,state_of_charge,0.0,XY,MW
2045-11-15 18:00:00,TRAN-PRV,state_of_charge,0.0,XY,MW
2045-11-16 19:00:00,TRAN-PUB,state_of_charge,0.0,XY,MW
2045-11-17 20:00:00,TRAN-PRV,state_of_charge,0.0,XY,MW
2045-11-18 21:00:00,TRAN-PUB,state_of_charge,0.0,XY,MW
2045-11-19 22:00:00,TRAN-PRV,state_of_charge,0.0,XY,MW
2045-11-20 23:00:00,TRAN-PUB,state_of_charge,0.0,XY,MW
2045-11-22 00:00:00,TRAN-PRV,state_of_charge,0.0,XY,MW
2045-11-23 01:00:00,TRAN-PUB,state_of_charge,0.0,XY,MW
2045-11-24 02:00:00,TRAN-PRV,state_of_charge,0.0,XY,MW
2045-11-25 03:00:00,TRAN-PUB,state_of_charge,0.0,XY,MW
2045-11-26 04:00:00,TRAN-PRV,state_of_charge,0.0,XY,MW
2045-11-27 05:00:00,TRAN-PUB,state_of_charge,0.0,XY,MW
2045-11-28 06:00:00,TRAN-PRV,state_of_charge,0.0,XY,MW
2045-11-29 07:00:00,TRAN-PUB,state_of_charge,0.0,XY,MW
2045-11-30 08:00:00,TRAN-PRV,state_of_charge,0.0,XY,MW
2045-12-01 09:00:00,TRAN-PUB,state_of_charge,0.0,XY,MW
2045-12-02 10:00:00,TRAN-PRV,state_of_charge,0.0,XY,MW
2045-12-03 11:00:00,TRAN-PUB,state_of_charge,0.0,XY,MW
2045-12-04 12:00:00,TRAN-PRV,state_of_charge,0.0,XY,MW
2045-12-05 13:00:00,TRAN-PUB,state_of_charge,0.0,XY,MW
2045-12-06 14:00:00,TRAN-PRV,state_of_charge,0.0,XY,MW
2045-12-07 15:00:00,TRAN-PUB,state_of_charge,0.0,XY,MW
2045-12-08 16:00:00,TRAN-PRV,state_of_charge,0.0,XY,MW
2045-12-09 17:00:00,TRAN-PUB,state_of_charge,0.0,XY,MW
2045-12-10 18:00:00,TRAN-PRV,state_of_charge,0.0,XY,MW
2045-12-11 19:00:00,TRAN-PUB,state_of_charge,0.0,XY,MW
2045-12-12 20:00:00,TRAN-PRV,state_of_charge,0.0,XY,MW
2045-12-13 21:00:00,TRAN-PUB,state_of_charge,0.0,XY,MW
2045-12-14 22:00:00,TRAN-PRV,state_of_charge,0.0,XY,MW
2045-12-15 23:00:00,TRAN-PUB,state_of_charge,0.0,XY,MW
2045-12-17 00:00:00,TRAN-PRV,state_of_charge,0.0,XY,MW
2045-12-18 01:00:00,TRAN-PUB,state_of_charge,0.0,XY,MW
2045-12-19 02:00:00,TRAN-PRV,state_of_charge,0.0,XY,MW
2045-12-20 03:00:00,TRAN-PUB,state_of_charge,0.0,XY,MW
2045-12-21 04:00:00,TRAN-PRV,state_of_charge,0.0,XY,MW
2045-12-22 05:00:00,TRAN-PUB,state_of_charge,0.0,XY,MW
2045-12-23 06:00:00,TRAN-PRV,state_of_charge,0.0,XY,MW
2045-12-24 07:00:00,TRAN-PUB,state_of_charge,0.0,XY,MW
2045-12-25 08:00:00,TRAN-PRV,state_of_charge,0.0,XY,MW
2045-12-26 09:00:00,TRAN-PUB,state_of_charge,0.0,XY,MW
2045-12-27 10:00:00,TRAN-PRV,state_of_charge,0.0,XY,MW
2045-12-28 11:00:00,TRAN-PUB,state_of_charge,0.0,XY,MW
2045-12-29 12:00:00,TRAN-PRV,state_of_charge,270.0,XY,MW
2045-12-30 13:00:00,TRAN-PUB,state_of_charge,90.0,XY,MW
2045-12-31 14:00:00,TRAN-PRV,state_of_charge,0.0,XY,MW
2046-01-01 15:00:00,TRAN-PUB,state_of_charge,0.0,XY,MW
2046-01-02 16:00:00,TRAN-PRV,state_of_charge,0.0,XY,MW
2046-01-03 17:00:00,TRAN-PUB,state_of_charge,0.0,XY,MW
2046-01-04 18:00:00,TRAN-PRV,state_of_charge,0.0,XY,MW
2046-01-05 19:00:00,TRAN-PUB,state_of_charge,0.0,XY,MW
2046-01-06 20:00:00,TRAN-PRV,state_of_charge,0.0,XY,MW
2046-01-07 21:00:00,TRAN-PUB,state_of_charge,0.0,XY,MW
2046-01-08 22:00:00,TRAN-PRV,state_of_charge,0.0,XY,MW
2046-01-09 23:00:00,TRAN-PUB,state_of_charge,0.0,XY,MW
2046-01-11 00:00:00,TRAN-PRV,state_of_charge,0.0,XY,MW
2046-01-12 01:00:00,TRAN-PUB,state_of_charge,0.0,XY,MW
2046-01-13 02:00:00,TRAN-PRV,state_of_charge,0.0,XY,MW
2046-01-14 03:00:00,TRAN-PUB,state_of_charge,0.0,XY,MW
2046-01-15 04:00:00,TRAN-PRV,state_of_charge,0.0,XY,MW
2046-01-16 05:00:00,TRAN-PUB,state_of_charge,0.0,XY,MW
2046-01-17 06:00:00,TRAN-PRV,state_of_charge,0.0,XY,MW
2046-01-18 07:00:00,TRAN-PUB,state_of_charge,0.0,XY,MW
2046-01-19 08:00:00,TRAN-PRV,state_of_charge,0.0,XY,MW
2046-01-20 09:00:00,TRAN-PUB,state_of_charge,0.0,XY,MW
2046-01-21 10:00:00,TRAN-PRV,state_of_charge,0.0,XY,MW
2046-01-22 11:00:00,TRAN-PUB,state_of_charge,0.0,XY,MW
2046-01-23 12:00:00,TRAN-PRV,state_of_charge,0.0,XY,MW
2046-01-24 13:00:00,TRAN-PUB,state_of_charge,0.0,XY,MW
2046-01-25 14:00:00,TRAN-PRV,state_of_charge,0.0,XY,MW
2046-01-26 15:00:00,TRAN-PUB,state_of_charge,0.0,XY,MW
2046-01-27 16:00:00,TRAN-PRV,state_of_charge,0.0,XY,MW
2046-01-28 17:00:00,TRAN-PUB,state_of_charge,0.0,XY,MW
2046-01-29 18:00:00,TRAN-PRV,state_of_charge,0.0,XY,MW
2046-01-30 19:00:00,TRAN-PUB,state_of_charge,0.0,XY,MW
2046-01-31 20:00:00,TRAN-PRV,state_of_charge,0.0,XY,MW
2046-02-01 21:00:00,TRAN-PUB,state_of_charge,0.0,XY,MW
2046-02-02 22:00:00,TRAN-PRV,state_of_charge,0.0,XY,MW
2046-02-03 23:00:00,TRAN-PUB,state_of_charge,0.0,XY,MW
2046-02-05 00:00:00,TRAN-PRV,state_of_charge,0.0,XY,MW
2046-02-06 01:00:00,TRAN-PUB,state_of_charge,0.0,XY,MW
2046-02-07 02:00:00,TRAN-PRV,state_of_charge,0.0,XY,MW
2046-02-08 03:00:00,TRAN-PUB,state_of_charge,0.0,XY,MW
2046-02-09 04:00:00,TRAN-PRV,state_of_charge,0.0,XY,MW
2046-02-10 05:00:00,TRAN-PUB,state_of_charge,0.0,XY,MW
2046-02-11 06:00:00,TRAN-PRV,state_of_charge,0.0,XY,MW
2046-02-12 07:00:00,TRAN-PUB,state_of_charge,0.0,XY,MW
2046-02-13 08:00:00,TRAN-PRV,state_of_charge,0.0,XY,MW
2046-02-14 09:00:00,TRAN-PUB,state_of_charge,0.0,XY,MW
2046-02-15 10:00:00,TRAN-PRV,state_of_charge,0.0,XY,MW
2046-02-16 11:00:00,TRAN-PUB,state_of_charge,0.0,XY,MW
2046-02-17 12:00:00,TRAN-PRV,state_of_charge,270.0,XY,MW
2046-02-18 13:00:00,TRAN-PUB,state_of_charge,90.0,XY,MW
2046-02-19 14:00:00,TRAN-PRV,state_of_charge,0.0,XY,MW
2046-02-20 15:00:00,TRAN-PUB,state_of_charge,0.0,XY,MW
2046-02-21 16:00:00,TRAN-PRV,state_of_charge,0.0,XY,MW
2046-02-22 17:00:00,TRAN-PUB,state_of_charge,0.0,XY,MW
2046-02-23 18:00:00,TRAN-PRV,state_of_charge,0.0,XY,MW
2046-02-24 19:00:00,TRAN-PUB,state_of_charge,0.0,XY,MW
2046-02-25 20:00:00,TRAN-PRV,state_of_charge,0.0,XY,MW
2046-02-26 21:00:00,TRAN-PUB,state_of_charge,0.0,XY,MW
2046-02-27 22:00:00,TRAN-PRV,state_of_charge,0.0,XY,MW
2046-02-28 23:00:00,TRAN-PUB,state_of_charge,0.0,XY,MW
2046-03-02 00:00:00,TRAN-PRV,state_of_charge,0.0,XY,MW
2046-03-03 01:00:00,TRAN-PUB,state_of_charge,0.0,XY,MW
2046-03-04 02:00:00,TRAN-PRV,state_of_charge,0.0,XY,MW
2046-03-05 03:00:00,TRAN-PUB,state_of_charge,0.0,XY,MW
2046-03-06 04:00:00,TRAN-PRV,state_of_charge,0.0,XY,MW
2046-03-07 05:00:00,TRAN-PUB,state_of_charge,0.0,XY,MW
2046-03-08 06:00:00,TRAN-PRV,state_of_charge,0.0,XY,MW
2046-03-09 07:00:00,TRAN-PUB,state_of_charge,0.0,XY,MW
2046-03-10 08:00:00,TRAN-PRV,state_of_charge,0.0,XY,MW
2046-03-11 09:00:00,TRAN-PUB,state_of_charge,0.0,XY,MW
2046-03-12 10:00:00,TRAN-PRV,state_of_charge,0.0,XY,MW
2046-03-13 11:00:00,TRAN-PUB,state_of_charge,0.0,XY,MW
2046-03-14 12:00:00,TRAN-PRV,state_of_charge,0.0,XY,MW
2046-03-15 13:00:00,TRAN-PUB,state_of_charge,0.0,XY,MW
2046-03-16 14:00:00,TRAN-PRV,state_of_charge,0.0,XY,MW
2046-03-17 15:00:00,TRAN-PUB,state_of_charge,0.0,XY,MW
2046-03-18 16:00:00,TRAN-PRV,state_of_charge,0.0,XY,MW
2046-03-19 17:00:00,TRAN-PUB,state_of_charge,0.0,XY,MW
2046-03-20 18:00:00,TRAN-PRV,state_of_charge,0.0,XY,MW
2046-03-21 19:00:00,TRAN-PUB,state_of_charge,0.0,XY,MW
2046-03-22 20:00:00,TRAN-PRV,state_of_charge,0.0,XY,MW
2046-03-23 21:00:00,TRAN-PUB,state_of_charge,0.0,XY,MW
2046-03-24 22:00:00,TRAN-PRV,state_of_charge,0.0,XY,MW
2046-03-25 23:00:00,TRAN-PUB,state_of_charge,0.0,XY,MW
2046-03-27 00:00:00,TRAN-PRV,state_of_charge,0.0,XY,MW
2046-03-28 01:00:00,TRAN-PUB,state_of_charge,0.0,XY,MW
2046-03-29 02:00:00,TRAN-PRV,state_of_charge,0.0,XY,MW
2046-03-30 03:00:00,TRAN-PUB,state_of_charge,0.0,XY,MW
2046-03-31 04:00:00,TRAN-PRV,state_of_charge,0.0,XY,MW
2046-04-01 05:00:00,TRAN-PUB,state_of_charge,0.0,XY,MW
2046-04-02 06:00:00,TRAN-PRV,state_of_charge,0.0,XY,MW
2046-04-03 07:00:00,TRAN-PUB,state_of_charge,0.0,XY,MW
2046-04-04 08:00:00,TRAN-PRV,state_of_charge,0.0,XY,MW
2046-04-05 09:00:00,TRAN-PUB,state_of_charge,0.0,XY,MW
2046-04-06 10:00:00,TRAN-PRV,state_of_charge,0.0,XY,MW
2046-04-07 11:00:00,TRAN-PUB,state_of_charge,0.0,XY,MW
2046-04-08 12:00:00,TRAN-PRV,state_of_charge,270.0,XY,MW
2046-04-09 13:00:00,TRAN-PUB,state_of_charge,90.0,XY,MW
2046-04-10 14:00:00,TRAN-PRV,state_of_charge,0.0,XY,MW
2046-04-11 15:00:00,TRAN-PUB,state_of_charge,0.0,XY,MW
2046-04-12 16:00:00,TRAN-PRV,state_of_charge,0.0,XY,MW
2046-04-13 17:00:00,TRAN-PUB,state_of_charge,0.0,XY,MW
2046-04-14 18:00:00,TRAN-PRV,state_of_charge,0.0,XY,MW
2046-04-15 19:00:00,TRAN-PUB,state_of_charge,0.0,XY,MW
2046-04-16 20:00:00,TRAN-PRV,state_of_charge,0.0,XY,MW
2046-04-17 21:00:00,TRAN-PUB,state_of_charge,0.0,XY,MW
2046-04-18 22:00:00,TRAN-PRV,state_of_charge,0.0,XY,MW
2046-04-19 23:00:00,TRAN-PUB,state_of_charge,0.0,XY,MW
2046-04-21 00:00:00,TRAN-PRV,state_of_charge,0.0,XY,MW
2046-04-22 01:00:00,TRAN-PUB,state_of_charge,0.0,XY,MW
2046-04-23 02:00:00,TRAN-PRV,state_of_charge,0.0,XY,MW
2046-04-24 03:00:00,TRAN-PUB,state_of_charge,0.0,XY,MW
2046-04-25 04:00:00,TRAN-PRV,state_of_charge,0.0,XY,MW
2046-04-26 05:00:00,TRAN-PUB,state_of_charge,0.0,XY,MW
2046-04-27 06:00:00,TRAN-PRV,state_of_charge,0.0,XY,MW
2046-04-28 07:00:00,TRAN-PUB,state_of_charge,0.0,XY,MW
2046-04-29 08:00:00,TRAN-PRV,state_of_charge,0.0,XY,MW
2046-04-30 09:00:00,TRAN-PUB,state_of_charge,0.0,XY,MW
2046-05-01 10:00:00,TRAN-PRV,state_of_charge,0.0,XY,MW
2046-05-02 11:00:00,TRAN-PUB,state_of_charge,0.0,XY,MW
2046-05-03 12:00:00,TRAN-PRV,state_of_charge,0.0,XY,MW
2046-05-04 13:00:00,TRAN-PUB,state_of_charge,0.0,XY,MW
2046-05-05 14:00:00,TRAN-PRV,state_of_charge,0.0,XY,MW
2046-05-06 15:00:00,TRAN-PUB,state_of_charge,0.0,XY,MW
2046-05-07 16:00:00,TRAN-PRV,state_of_charge,0.0,XY,MW
2046-05-08 17:00:00,TRAN-PUB,state_of_charge,0.0,XY,MW
2046-05-09 18:00:00,TRAN-PRV,state_of_charge,0.0,XY,MW
2046-05-10 19:00:00,TRAN-PUB,state_of_charge,0.0,XY,MW
2046-05-11 20:00:00,TRAN-PRV,state_of_charge,0.0,XY,MW
2046-05-12 21:00:00,TRAN-PUB,state_of_charge,0.0,XY,MW
2046-05-13 22:00:00,TRAN-PRV,state_of_charge,0.0,XY,MW
2046-05-14 23:00:00,TRAN-PUB,state_of_charge,0.0,XY,MW
2046-05-16 00:00:00,TRAN-PRV,state_of_charge,0.0,XY,MW
2046-05-17 01:00:00,TRAN-PUB,state_of_charge,0.0,XY,MW
2046-05-18 02:00:00,TRAN-PRV,state_of_charge,0.0,XY,MW
2046-05-19 03:00:00,TRAN-PUB,state_of_charge,0.0,XY,MW
2046-05-20 04:00:00,TRAN-PRV,state_of_charge,0.0,XY,MW
2046-05-21 05:00:00,TRAN-PUB,state_of_charge,0.0,XY,MW
2046-05-22 06:00:00,TRAN-PRV,state_of_charge,0.0,XY,MW
2046-05-23 07:00:00,TRAN-PUB,state_of_charge,0.0,XY,MW
2046-05-24 08:00:00,TRAN-PRV,state_of_charge,0.0,XY,MW
2046-05-25 09:00:00,TRAN-PUB,state_of_charge,0.0,XY,MW
2046-05-26 10:00:00,TRAN-PRV,state_of_charge,0.0,XY,MW
2046-05-27 11:00:00,TRAN-PUB,state_of_charge,0.0,XY,MW
2046-05-28 12:00:00,TRAN-PRV,state_of_charge,270.0,XY,MW
2046-05-29 13:00:00,TRAN-PUB,state_of_charge,90.0,XY,MW
2046-05-30 14:00:00,TRAN-PRV,state_of_charge,0.0,XY,MW
2046-05-31 15:00:00,TRAN-PUB,state_of_charge,0.0,XY,MW
2046-06-01 16:00:00,TRAN-PRV,state_of_charge,0.0,XY,MW
2046-06-02 17:00:00,TRAN-PUB,state_of_charge,0.0,XY,MW
2046-06-03 18:00:00,TRAN-PRV,state_of_charge,0.0,XY,MW
2046-06-04 19:00:00,TRAN-PUB,state_of_charge,0.0,XY,MW
2046-06-05 20:00:00,TRAN-PRV,state_of_charge,0.0,XY,MW
2046-06-06 21:00:00,TRAN-PUB,state_of_charge,0.0,XY,MW
2046-06-07 22:00:00,TRAN-PRV,state_of_charge,0.0,XY,MW
2046-06-08 23:00:00,TRAN-PUB,state_of_charge,0.0,XY,MW
2046-06-10 00:00:00,TRAN-PRV,state_of_charge,0.0,XY,MW
2046-06-11 01:00:00,TRAN-PUB,state_of_charge,0.0,XY,MW
2046-06-12 02:00:00,TRAN-PRV,state_of_charge,0.0,XY,MW
2046-06-13 03:00:00,TRAN-PUB,state_of_charge,0.0,XY,MW
2046-06-14 04:00:00,TRAN-PRV,state_of_charge,0.0,XY,MW
2046-06-15 05:00:00,TRAN-PUB,state_of_charge,0.0,XY,MW
2046-06-16 06:00:00,TRAN-PRV,state_of_charge,0.0,XY,MW
2046-06-17 07:00:00,TRAN-PUB,state_of_charge,0.0,XY,MW
2046-06-18 08:00:00,TRAN-PRV,state_of_charge,0.0,XY,MW
2046-06-19 09:00:00,TRAN-PUB,state_of_charge,0.0,XY,MW
2046-06-20 10:00:00,TRAN-PRV,state_of_charge,0.0,XY,MW
2046-06-21 11:00:00,TRAN-PUB,state_of_charge,0.0,XY,MW
2046-06-22 12:00:00,TRAN-PRV,state_of_charge,0.0,XY,MW
2046-06-23 13:00:00,TRAN-PUB,state_of_charge,0.0,XY,MW
2046-06-24 14:00:00,TRAN-PRV,state_of_charge,0.0,XY,MW
2046-06-25 15:00:00,TRAN-PUB,state_of_charge,0.0,XY,MW
2046-06-26 16:00:00,TRAN-PRV,state_of_charge,0.0,XY,MW
2046-06-27 17:00:00,TRAN-PUB,state_of_charge,0.0,XY,MW
2046-06-28 18:00:00,TRAN-PRV,state_of_charge,0.0,XY,MW
2046-06-29 19:00:00,TRAN-PUB,state_of_charge,0.0,XY,MW
2046-06-30 20:00:00,TRAN-PRV,state_of_charge,0.0,XY,MW
2046-07-01 21:00:00,TRAN-PUB,state_of_charge,0.0,XY,MW
2046-07-02 22:00:00,TRAN-PRV,state_of_charge,0.0,XY,MW
2046-07-03 23:00:00,TRAN-PUB,state_of_charge,0.0,XY,MW
2046-07-05 00:00:00,TRAN-PRV,state_of_charge,0.0,XY,MW
2046-07-06 01:00:00,TRAN-PUB,state_of_charge,0.0,XY,MW
2046-07-07 02:00:00,TRAN-PRV,state_of_charge,0.0,XY,MW
2046-07-08 03:00:00,TRAN-PUB,state_of_charge,0.0,XY,MW
2046-07-09 04:00:00,TRAN-PRV,state_of_charge,0.0,XY,MW
2046-07-10 05:00:00,TRAN-PUB,state_of_charge,0.0,XY,MW
2046-07-11 06:00:00,TRAN-PRV,state_of_charge,0.0,XY,MW
2046-07-12 07:00:00,TRAN-PUB,state_of_charge,0.0,XY,MW
2046-07-13 08:00:00,TRAN-PRV,state_of_charge,0.0,XY,MW
2046-07-14 09:00:00,TRAN-PUB,state_of_charge,0.0,XY,MW
2046-07-15 10:00:00,TRAN-PRV,state_of_charge,0.0,XY,MW
2046-07-16 11:00:00,TRAN-PUB,state_of_charge,0.0,XY,MW
2046-07-17 12:00:00,TRAN-PRV,state_of_charge,270.0,XY,MW
2046-07-18 13:00:00,TRAN-PUB,state_of_charge,90.0,XY,MW
2046-07-19 14:00:00,TRAN-PRV,state_of_charge,0.0,XY,MW
2046-07-20 15:00:00,TRAN-PUB,state_of_charge,0.0,XY,MW
2046-07-21 16:00:00,TRAN-PRV,state_of_charge,0.0,XY,MW
2046-07-22 17:00:00,TRAN-PUB,state_of_charge,0.0,XY,MW
2046-07-23 18:00:00,TRAN-PRV,state_of_charge,0.0,XY,MW
2046-07-24 19:00:00,TRAN-PUB,state_of_charge,0.0,XY,MW
2046-07-25 20:00:00,TRAN-PRV,state_of_charge,0.0,XY,MW
2046-07-26 21:00:00,TRAN-PUB,state_of_charge,0.0,XY,MW
2046-07-27 22:00:00,TRAN-PRV,state_of_charge,0.0,XY,MW
2046-07-28 23:00:00,TRAN-PUB,state_of_charge,0.0,XY,MW
2046-07-30 00:00:00,TRAN-PRV,state_of_charge,0.0,XY,MW
2046-07-31 01:00:00,TRAN-PUB,state_of_charge,0.0,XY,MW
2046-08-01 02:00:00,TRAN-PRV,state_of_charge,0.0,XY,MW
2046-08-02 03:00:00,TRAN-PUB,state_of_charge,0.0,XY,MW
2046-08-03 04:00:00,TRAN-PRV,state_of_charge,0.0,XY,MW
2046-08-04 05:00:00,TRAN-PUB,state_of_charge,0.0,XY,MW
2046-08-05 06:00:00,TRAN-PRV,state_of_charge,0.0,XY,MW
2046-08-06 07:00:00,TRAN-PUB,state_of_charge,0.0,XY,MW
2046-08-07 08:00:00,TRAN-PRV,state_of_charge,0.0,XY,MW
2046-08-08 09:00:00,TRAN-PUB,state_of_charge,0.0,XY,MW
2046-08-09 10:00:00,TRAN-PRV,state_of_charge,0.0,XY,MW
2046-08-10 11:00:00,TRAN-PUB,state_of_charge,0.0,XY,MW
2046-08-11 12:00:00,TRAN-PRV,state_of_charge,0.0,XY,MW
2046-08-12 13:00:00,TRAN-PUB,state_of_charge,0.0,XY,MW
2046-08-13 14:00:00,TRAN-PRV,state_of_charge,0.0,XY,MW
2046-08-14 15:00:00,TRAN-PUB,state_of_charge,0.0,XY,MW
2046-08-15 16:00:00,TRAN-PRV,state_of_charge,0.0,XY,MW
2046-08-16 17:00:00,TRAN-PUB,state_of_charge,0.0,XY,MW
2046-08-17 18:00:00,TRAN-PRV,state_of_charge,0.0,XY,MW
2046-08-18 19:00:00,TRAN-PUB,state_of_charge,0.0,XY,MW
2046-08-19 20:00:00,TRAN-PRV,state_of_charge,0.0,XY,MW
2046-08-20 21:00:00,TRAN-PUB,state_of_charge,0.0,XY,MW
2046-08-21 22:00:00,TRAN-PRV,state_of_charge,0.0,XY,MW
2046-08-22 23:00:00,TRAN-PUB,state_of_charge,0.0,XY,MW
2046-08-24 00:00:00,TRAN-PRV,state_of_charge,0.0,XY,MW
2046-08-25 01:00:00,TRAN-PUB,state_of_charge,0.0,XY,MW
2046-08-26 02:00:00,TRAN-PRV,state_of_charge,0.0,XY,MW
2046-08-27 03:00:00,TRAN-PUB,state_of_charge,0.0,XY,MW
2046-08-28 04:00:00,TRAN-PRV,state_of_charge,0.0,XY,MW
2046-08-29 05:00:00,TRAN-PUB,state_of_charge,0.0,XY,MW
2046-08-30 06:00:00,TRAN-PRV,state_of_charge,0.0,XY,MW
2046-08-31 07:00:00,TRAN-PUB,state_of_charge,0.0,XY,MW
2046-09-01 08:00:00,TRAN-PRV,state_of_charge,0.0,XY,MW
2046-09-02 09:00:00,TRAN-PUB,state_of_charge,0.0,XY,MW
2046-09-03 10:00:00,TRAN-PRV,state_of_charge,0.0,XY,MW
2046-09-04 11:00:00,TRAN-PUB,state_of_charge,0.0,XY,MW
2046-09-05 12:00:00,TRAN-PRV,state_of_charge,0.0,XY,MW
2046-09-06 13:00:00,TRAN-PUB,state_of_charge,0.0,XY,MW
2046-09-07 14:00:00,TRAN-PRV,state_of_charge,270.0,XY,MW
2046-09-08 15:00:00,TRAN-PUB,state_of_charge,90.0,XY,MW
2046-09-09 16:00:00,TRAN-PRV,state_of_charge,0.0,XY,MW
2046-09-10 17:00:00,TRAN-PUB,state_of_charge,0.0,XY,MW
2046-09-11 18:00:00,TRAN-PRV,state_of_charge,0.0,XY,MW
2046-09-12 19:00:00,TRAN-PUB,state_of_charge,0.0,XY,MW
2046-09-13 20:00:00,TRAN-PRV,state_of_charge,0.0,XY,MW
2046-09-14 21:00:00,TRAN-PUB,state_of_charge,0.0,XY,MW
2046-09-15 22:00:00,TRAN-PRV,state_of_charge,0.0,XY,MW
2046-09-16 23:00:00,TRAN-PUB,state_of_charge,0.0,XY,MW
2046-09-18 00:00:00,TRAN-PRV,state_of_charge,0.0,XY,MW
2046-09-19 01:00:00,TRAN-PUB,state_of_charge,0.0,XY,MW
2046-09-20 02:00:00,TRAN-PRV,state_of_charge,0.0,XY,MW
2046-09-21 03:00:00,TRAN-PUB,state_of_charge,0.0,XY,MW
2046-09-22 04:00:00,TRAN-PRV,state_of_charge,0.0,XY,MW
2046-09-23 05:00:00,TRAN-PUB,state_of_charge,0.0,XY,MW
2046-09-24 06:00:00,TRAN-PRV,state_of_charge,0.0,XY,MW
2046-09-25 07:00:00,TRAN-PUB,state_of_charge,0.0,XY,MW
2046-09-26 08:00:00,TRAN-PRV,state_of_charge,0.0,XY,MW
2046-09-27 09:00:00,TRAN-PUB,state_of_charge,0.0,XY,MW
2046-09-28 10:00:00,TRAN-PRV,state_of_charge,0.0,XY,MW
2046-09-29 11:00:00,TRAN-PUB,state_of_charge,0.0,XY,MW
2046-09-30 12:00:00,TRAN-PRV,state_of_charge,0.0,XY,MW
2046-10-01 13:00:00,TRAN-PUB,state_of_charge,0.0,XY,MW
2046-10-02 14:00:00,TRAN-PRV,state_of_charge,0.0,XY,MW
2046-10-03 15:00:00,TRAN-PUB,state_of_charge,0.0,XY,MW
2046-10-04 16:00:00,TRAN-PRV,state_of_charge,0.0,XY,MW
2046-10-05 17:00:00,TRAN-PUB,state_of_charge,0.0,XY,MW
2046-10-06 18:00:00,TRAN-PRV,state_of_charge,0.0,XY,MW
2046-10-07 19:00:00,TRAN-PUB,state_of_charge,0.0,XY,MW
2046-10-08 20:00:00,TRAN-PRV,state_of_charge,0.0,XY,MW
2046-10-09 21:00:00,TRAN-PUB,state_of_charge,0.0,XY,MW
2046-10-10 22:00:00,TRAN-PRV,state_of_charge,0.0,XY,MW
2046-10-11 23:00:00,TRAN-PUB,state_of_charge,0.0,XY,MW
2046-10-13 00:00:00,TRAN-PRV,state_of_charge,0.0,XY,MW
2046-10-14 01:00:00,TRAN-PUB,state_of_charge,0.0,XY,MW
2046-10-15 02:00:00,TRAN-PRV,state_of_charge,0.0,XY,MW
2046-10-16 03:00:00,TRAN-PUB,state_of_charge,0.0,XY,MW
2046-10-17 04:00:00,TRAN-PRV,state_of_charge,0.0,XY,MW
2046-10-18 05:00:00,TRAN-PUB,state_of_charge,0.0,XY,MW
2046-10-19 06:00:00,TRAN-PRV,state_of_charge,0.0,XY,MW
2046-10-20 07:00:00,TRAN-PUB,state_of_charge,0.0,XY,MW
2046-10-21 08:00:00,TRAN-PRV,state_of_charge,0.0,XY,MW
2046-10-22 09:00:00,TRAN-PUB,state_of_charge,0.0,XY,MW
2046-10-23 10:00:00,TRAN-PRV,state_of_charge,0.0,XY,MW
2046-10-24 11:00:00,TRAN-PUB,state_of_charge,0.0,XY,MW
2046-10-25 12:00:00,TRAN-PRV,state_of_charge,0.0,XY,MW
2046-10-26 13:00:00,TRAN-PUB,state_of_charge,0.0,XY,MW
2046-10-27 14:00:00,TRAN-PRV,state_of_charge,270.0,XY,MW
2046-10-28 15:00:00,TRAN-PUB,state_of_charge,90.0,XY,MW
2046-10-29 16:00:00,TRAN-PRV,state_of_charge,0.0,XY,MW
2046-10-30 17:00:00,TRAN-PUB,state_of_charge,0.0,XY,MW
2046-10-31 18:00:00,TRAN-PRV,state_of_charge,0.0,XY,MW
2046-11-01 19:00:00,TRAN-PUB,state_of_charge,0.0,XY,MW
2046-11-02 20:00:00,TRAN-PRV,state_of_charge,0.0,XY,MW
2046-11-03 21:00:00,TRAN-PUB,state_of_charge,0.0,XY,MW
2046-11-04 22:00:00,TRAN-PRV,state_of_charge,0.0,XY,MW
2046-11-05 23:00:00,TRAN-PUB,state_of_charge,0.0,XY,MW
2046-11-07 00:00:00,TRAN-PRV,state_of_charge,0.0,XY,MW
2046-11-08 01:00:00,TRAN-PUB,state_of_charge,0.0,XY,MW
2046-11-09 02:00:00,TRAN-PRV,state_of_charge,0.0,XY,MW
2046-11-10 03:00:00,TRAN-PUB,state_of_charge,0.0,XY,MW
2046-11-11 04:00:00,TRAN-PRV,state_of_charge,0.0,XY,MW
2046-11-12 05:00:00,TRAN-PUB,state_of_charge,0.0,XY,MW
2046-11-13 06:00:00,TRAN-PRV,state_of_charge,0.0,XY,MW
2046-11-14 07:00:00,TRAN-PUB,state_of_charge,0.0,XY,MW
2046-11-15 08:00:00,TRAN-PRV,state_of_charge,0.0,XY,MW
2046-11-16 09:00:00,TRAN-PUB,state_of_charge,0.0,XY,MW
2046-11-17 10:00:00,TRAN-PRV,state_of_charge,0.0,XY,MW
2046-11-18 11:00:00,TRAN-PUB,state_of_charge,0.0,XY,MW
2046-11-19 12:00:00,TRAN-PRV,state_of_charge,0.0,XY,MW
2046-11-20 13:00:00,TRAN-PUB,state_of_charge,0.0,XY,MW
2046-11-21 14:00:00,TRAN-PRV,state_of_charge,0.0,XY,MW
2046-11-22 15:00:00,TRAN-PUB,state_of_charge,0.0,XY,MW
2046-11-23 16:00:00,TRAN-PRV,state_of_charge,0.0,XY,MW
2046-11-24 17:00:00,TRAN-PUB,state_of_charge,0.0,XY,MW
2046-11-25 18:00:00,TRAN-PRV,state_of_charge,0.0,XY,MW
2046-11-26 19:00:00,TRAN-PUB,state_of_charge,0.0,XY,MW
2046-11-27 20:00:00,TRAN-PRV,state_of_charge,0.0,XY,MW
2046-11-28 21:00:00,TRAN-PUB,state_of_charge,0.0,XY,MW
2046-11-29 22:00:00,TRAN-PRV,state_of_charge,0.0,XY,MW
2046-11-30 23:00:00,TRAN-PUB,state_of_charge,0.0,XY,MW
2046-12-02 00:00:00,TRAN-PRV,state_of_charge,0.0,XY,MW
2046-12-03 01:00:00,TRAN-PUB,state_of_charge,0.0,XY,MW
2046-12-04 02:00:00,TRAN-PRV,state_of_charge,0.0,XY,MW
2046-12-05 03:00:00,TRAN-PUB,state_of_charge,0.0,XY,MW
2046-12-06 04:00:00,TRAN-PRV,state_of_charge,0.0,XY,MW
2046-12-07 05:00:00,TRAN-PUB,state_of_charge,0.0,XY,MW
2046-12-08 06:00:00,TRAN-PRV,state_of_charge,0.0,XY,MW
2046-12-09 07:00:00,TRAN-PUB,state_of_charge,0.0,XY,MW
2046-12-10 08:00:00,TRAN-PRV,state_of_charge,0.0,XY,MW
2046-12-11 09:00:00,TRAN-PUB,state_of_charge,0.0,XY,MW
2046-12-12 10:00:00,TRAN-PRV,state_of_charge,0.0,XY,MW
2046-12-13 11:00:00,TRAN-PUB,state_of_charge,0.0,XY,MW
2046-12-14 12:00:00,TRAN-PRV,state_of_charge,0.0,XY,MW
2046-12-15 13:00:00,TRAN-PUB,state_of_charge,0.0,XY,MW
2046-12-16 14:00:00,TRAN-PRV,state_of_charge,270.0,XY,MW
2046-12-17 15:00:00,TRAN-PUB,state_of_charge,90.0,XY,MW
2046-12-18 16:00:00,TRAN-PRV,state_of_charge,0.0,XY,MW
2046-12-19 17:00:00,TRAN-PUB,state_of_charge,0.0,XY,MW
2046-12-20 18:00:00,TRAN-PRV,state_of_charge,0.0,XY,MW
2046-12-21 19:00:00,TRAN-PUB,state_of_charge,0.0,XY,MW
2046-12-22 20:00:00,TRAN-PRV,state_of_charge,0.0,XY,MW
2046-12-23 21:00:00,TRAN-PUB,state_of_charge,0.0,XY,MW
2046-12-24 22:00:00,TRAN-PRV,state_of_charge,0.0,XY,MW
2046-12-25 23:00:00,TRAN-PUB,state_of_charge,0.0,XY,MW
2046-12-27 00:00:00,TRAN-PRV,state_of_charge,0.0,XY,MW
2046-12-28 01:00:00,TRAN-PUB,state_of_charge,0.0,XY,MW
2046-12-29 02:00:00,TRAN-PRV,state_of_charge,0.0,XY,MW
2046-12-30 03:00:00,TRAN-PUB,state_of_charge,0.0,XY,MW
2046-12-31 04:00:00,TRAN-PRV,state_of_charge,0.0,XY,MW
2047-01-01 05:00:00,TRAN-PUB,state_of_charge,0.0,XY,MW
2047-01-02 06:00:00,TRAN-PRV,state_of_charge,0.0,XY,MW
2047-01-03 07:00:00,TRAN-PUB,state_of_charge,0.0,XY,MW
2045-01-01 00:00:00,TRAN-PRV,charging,54.315789473760006,YZ,MW
2045-01-02 01:00:00,TRAN-PUB,charging,36.21052631579,YZ,MW
2045-01-03 02:00:00,TRAN-PRV,charging,51.789473684280004,YZ,MW
2045-01-04 03:00:00,TRAN-PUB,charging,34.52631578947,YZ,MW
2045-01-05 04:00:00,TRAN-PRV,charging,53.05263157902,YZ,MW
2045-01-06 05:00:00,TRAN-PUB,charging,35.36842105263,YZ,MW
2045-01-07 06:00:00,TRAN-PRV,charging,56.84210526323999,YZ,MW
2045-01-08 07:00:00,TRAN-PUB,charging,37.89473684211001,YZ,MW
2045-01-09 08:00:00,TRAN-PRV,charging,56.84210526323999,YZ,MW
2045-01-10 09:00:00,TRAN-PUB,charging,37.89473684211001,YZ,MW
2045-01-11 10:00:00,TRAN-PRV,charging,54.315789473760006,YZ,MW
2045-01-12 11:00:00,TRAN-PUB,charging,36.21052631579,YZ,MW
2045-01-13 12:00:00,TRAN-PRV,charging,55.5789473685,YZ,MW
2045-01-14 13:00:00,TRAN-PUB,charging,37.05263157895,YZ,MW
2045-01-15 14:00:00,TRAN-PRV,charging,32.21052631584,YZ,MW
2045-01-16 15:00:00,TRAN-PUB,charging,21.47368421054,YZ,MW
2045-01-17 16:00:00,TRAN-PRV,charging,30.31578947373,YZ,MW
2045-01-18 17:00:00,TRAN-PUB,charging,20.21052631579,YZ,MW
2045-01-19 18:00:00,TRAN-PRV,charging,29.684210526330002,YZ,MW
2045-01-20 19:00:00,TRAN-PUB,charging,19.78947368422,YZ,MW
2045-01-21 20:00:00,TRAN-PRV,charging,30.31578947373,YZ,MW
2045-01-22 21:00:00,TRAN-PUB,charging,20.21052631579,YZ,MW
2045-01-23 22:00:00,TRAN-PRV,charging,30.31578947373,YZ,MW
2045-01-24 23:00:00,TRAN-PUB,charging,20.21052631579,YZ,MW
2045-01-26 00:00:00,TRAN-PRV,charging,27.15789473685,YZ,MW
2045-01-27 01:00:00,TRAN-PUB,charging,18.105263157899998,YZ,MW
2045-01-28 02:00:00,TRAN-PRV,charging,29.684210526330002,YZ,MW
2045-01-29 03:00:00,TRAN-PUB,charging,19.78947368422,YZ,MW
2045-01-30 04:00:00,TRAN-PRV,charging,25.89473684211,YZ,MW
2045-01-31 05:00:00,TRAN-PUB,charging,17.26315789474,YZ,MW
2045-02-01 06:00:00,TRAN-PRV,charging,24.00000000003,YZ,MW
2045-02-02 07:00:00,TRAN-PUB,charging,16.0,YZ,MW
2045-02-03 08:00:00,TRAN-PRV,charging,19.578947368439998,YZ,MW
2045-02-04 09:00:00,TRAN-PUB,charging,13.05263157894,YZ,MW
2045-02-05 10:00:00,TRAN-PRV,charging,16.42105263159,YZ,MW
2045-02-06 11:00:00,TRAN-PUB,charging,10.94736842106,YZ,MW
2045-02-07 12:00:00,TRAN-PRV,charging,7.57894736844,YZ,MW
2045-02-08 13:00:00,TRAN-PUB,charging,5.052631578941,YZ,MW
2045-02-09 14:00:00,TRAN-PRV,charging,26.52631578951,YZ,MW
2045-02-10 15:00:00,TRAN-PUB,charging,17.68421052632,YZ,MW
2045-02-11 16:00:00,TRAN-PRV,charging,25.26315789477,YZ,MW
2045-02-12 17:00:00,TRAN-PUB,charging,16.84210526315,YZ,MW
2045-02-13 18:00:00,TRAN-PRV,charging,35.36842105269,YZ,MW
2045-02-14 19:00:00,TRAN-PUB,charging,23.57894736841,YZ,MW
2045-02-15 20:00:00,TRAN-PRV,charging,39.157894736879996,YZ,MW
2045-02-16 21:00:00,TRAN-PUB,charging,26.105263157899998,YZ,MW
2045-02-17 22:00:00,TRAN-PRV,charging,42.9473684211,YZ,MW
2045-02-18 23:00:00,TRAN-PUB,charging,28.631578947370002,YZ,MW
2045-02-20 00:00:00,TRAN-PRV,charging,46.10526315795,YZ,MW
2045-02-21 01:00:00,TRAN-PUB,charging,30.73684210527,YZ,MW
2045-02-22 02:00:00,TRAN-PRV,charging,46.10526315795,YZ,MW
2045-02-23 03:00:00,TRAN-PUB,charging,30.73684210527,YZ,MW
2045-02-24 04:00:00,TRAN-PRV,charging,51.15789473691,YZ,MW
2045-02-25 05:00:00,TRAN-PUB,charging,34.1052631579,YZ,MW
2045-02-26 06:00:00,TRAN-PRV,charging,55.5789473685,YZ,MW
2045-02-27 07:00:00,TRAN-PUB,charging,37.05263157895,YZ,MW
2045-02-28 08:00:00,TRAN-PRV,charging,57.47368421061,YZ,MW
2045-03-01 09:00:00,TRAN-PUB,charging,38.31578947368,YZ,MW
2045-03-02 10:00:00,TRAN-PRV,charging,53.68421052636,YZ,MW
2045-03-03 11:00:00,TRAN-PUB,charging,35.78947368422,YZ,MW
2045-03-04 12:00:00,TRAN-PRV,charging,45.47368421058,YZ,MW
2045-03-05 13:00:00,TRAN-PUB,charging,30.31578947368,YZ,MW
2045-03-06 14:00:00,TRAN-PRV,charging,37.26315789477,YZ,MW
2045-03-07 15:00:00,TRAN-PUB,charging,24.84210526315,YZ,MW
2045-03-08 16:00:00,TRAN-PRV,charging,46.73684210532,YZ,MW
2045-03-09 17:00:00,TRAN-PUB,charging,31.15789473685,YZ,MW
2045-03-10 18:00:00,TRAN-PRV,charging,51.15789473691,YZ,MW
2045-03-11 19:00:00,TRAN-PUB,charging,34.1052631579,YZ,MW
2045-03-12 20:00:00,TRAN-PRV,charging,26.52631578951,YZ,MW
2045-03-13 21:00:00,TRAN-PUB,charging,17.68421052632,YZ,MW
2045-03-14 22:00:00,TRAN-PRV,charging,29.684210526330002,YZ,MW
2045-03-15 23:00:00,TRAN-PUB,charging,19.78947368422,YZ,MW
2045-03-17 00:00:00,TRAN-PRV,charging,29.05263157899,YZ,MW
2045-03-18 01:00:00,TRAN-PUB,charging,19.368421052619997,YZ,MW
2045-03-19 02:00:00,TRAN-PRV,charging,25.89473684211,YZ,MW
2045-03-20 03:00:00,TRAN-PUB,charging,17.26315789474,YZ,MW
2045-03-21 04:00:00,TRAN-PRV,charging,12.00000000003,YZ,MW
2045-03-22 05:00:00,TRAN-PUB,charging,8.0,YZ,MW
2045-03-23 06:00:00,TRAN-PRV,charging,16.42105263159,YZ,MW
2045-03-24 07:00:00,TRAN-PUB,charging,10.94736842106,YZ,MW
2045-03-25 08:00:00,TRAN-PRV,charging,23.36842105266,YZ,MW
2045-03-26 09:00:00,TRAN-PUB,charging,15.57894736841,YZ,MW
2045-03-27 10:00:00,TRAN-PRV,charging,20.21052631581,YZ,MW
2045-03-28 11:00:00,TRAN-PUB,charging,13.47368421054,YZ,MW
2045-03-29 12:00:00,TRAN-PRV,charging,17.052631578990002,YZ,MW
2045-03-30 13:00:00,TRAN-PUB,charging,11.36842105262,YZ,MW
2045-03-31 14:00:00,TRAN-PRV,charging,18.94736842107,YZ,MW
2045-04-01 15:00:00,TRAN-PUB,charging,12.63157894737,YZ,MW
2045-04-02 16:00:00,TRAN-PRV,charging,25.26315789477,YZ,MW
2045-04-03 17:00:00,TRAN-PUB,charging,16.84210526315,YZ,MW
2045-04-04 18:00:00,TRAN-PRV,charging,24.00000000003,YZ,MW
2045-04-05 19:00:00,TRAN-PUB,charging,16.0,YZ,MW
2045-04-06 20:00:00,TRAN-PRV,charging,36.00000000003,YZ,MW
2045-04-07 21:00:00,TRAN-PUB,charging,24.0,YZ,MW
2045-04-08 22:00:00,TRAN-PRV,charging,39.789473684250005,YZ,MW
2045-04-09 23:00:00,TRAN-PUB,charging,26.52631578947,YZ,MW
2045-04-11 00:00:00,TRAN-PRV,charging,49.2631578948,YZ,MW
2045-04-12 01:00:00,TRAN-PUB,charging,32.84210526315,YZ,MW
2045-04-13 02:00:00,TRAN-PRV,charging,51.789473684280004,YZ,MW
2045-04-14 03:00:00,TRAN-PUB,charging,34.52631578947,YZ,MW
2045-04-15 04:00:00,TRAN-PRV,charging,54.315789473760006,YZ,MW
2045-04-16 05:00:00,TRAN-PUB,charging,36.21052631579,YZ,MW
2045-04-17 06:00:00,TRAN-PRV,charging,55.5789473685,YZ,MW
2045-04-18 07:00:00,TRAN-PUB,charging,37.05263157895,YZ,MW
2045-04-19 08:00:00,TRAN-PRV,charging,53.05263157902,YZ,MW
2045-04-20 09:00:00,TRAN-PUB,charging,35.36842105263,YZ,MW
2045-04-21 10:00:00,TRAN-PRV,charging,56.21052631587,YZ,MW
2045-04-22 11:00:00,TRAN-PUB,charging,37.47368421054,YZ,MW
2045-04-23 12:00:00,TRAN-PRV,charging,42.31578947376,YZ,MW
2045-04-24 13:00:00,TRAN-PUB,charging,28.2105263158,YZ,MW
2045-04-25 14:00:00,TRAN-PRV,charging,35.36842105269,YZ,MW
2045-04-26 15:00:00,TRAN-PUB,charging,23.57894736841,YZ,MW
2045-04-27 16:00:00,TRAN-PRV,charging,29.684210526330002,YZ,MW
2045-04-28 17:00:00,TRAN-PUB,charging,19.78947368422,YZ,MW
2045-04-29 18:00:00,TRAN-PRV,charging,28.42105263162,YZ,MW
2045-04-30 19:00:00,TRAN-PUB,charging,18.947368421060002,YZ,MW
2045-05-01 20:00:00,TRAN-PRV,charging,30.31578947373,YZ,MW
2045-05-02 21:00:00,TRAN-PUB,charging,20.21052631579,YZ,MW
2045-05-03 22:00:00,TRAN-PRV,charging,26.52631578951,YZ,MW
2045-05-04 23:00:00,TRAN-PUB,charging,17.68421052632,YZ,MW
2045-05-06 00:00:00,TRAN-PRV,charging,30.31578947373,YZ,MW
2045-05-07 01:00:00,TRAN-PUB,charging,20.21052631579,YZ,MW
2045-05-08 02:00:00,TRAN-PRV,charging,26.52631578951,YZ,MW
2045-05-09 03:00:00,TRAN-PUB,charging,17.68421052632,YZ,MW
2045-05-10 04:00:00,TRAN-PRV,charging,26.52631578951,YZ,MW
2045-05-11 05:00:00,TRAN-PUB,charging,17.68421052632,YZ,MW
2045-05-12 06:00:00,TRAN-PRV,charging,21.47368421055,YZ,MW
2045-05-13 07:00:00,TRAN-PUB,charging,14.31578947368,YZ,MW
2045-05-14 08:00:00,TRAN-PRV,charging,15.15789473685,YZ,MW
2045-05-15 09:00:00,TRAN-PUB,charging,10.1052631579,YZ,MW
2045-05-16 10:00:00,TRAN-PRV,charging,4.421052631584,YZ,MW
2045-05-17 11:00:00,TRAN-PUB,charging,2.947368421054,YZ,MW
2045-05-18 12:00:00,TRAN-PRV,charging,17.052631578990002,YZ,MW
2045-05-19 13:00:00,TRAN-PUB,charging,11.36842105262,YZ,MW
2045-05-20 14:00:00,TRAN-PRV,charging,15.15789473685,YZ,MW
2045-05-21 15:00:00,TRAN-PUB,charging,10.1052631579,YZ,MW
2045-05-22 16:00:00,TRAN-PRV,charging,27.78947368425,YZ,MW
2045-05-23 17:00:00,TRAN-PUB,charging,18.52631578947,YZ,MW
2045-05-24 18:00:00,TRAN-PRV,charging,32.84210526321,YZ,MW
2045-05-25 19:00:00,TRAN-PUB,charging,21.894736842100002,YZ,MW
2045-05-26 20:00:00,TRAN-PRV,charging,36.6315789474,YZ,MW
2045-05-27 21:00:00,TRAN-PUB,charging,24.421052631589998,YZ,MW
2045-05-28 22:00:00,TRAN-PRV,charging,39.789473684250005,YZ,MW
2045-05-29 23:00:00,TRAN-PUB,charging,26.52631578947,YZ,MW
2045-05-31 00:00:00,TRAN-PRV,charging,41.684210526360005,YZ,MW
2045-06-01 01:00:00,TRAN-PUB,charging,27.78947368422,YZ,MW
2045-06-02 02:00:00,TRAN-PRV,charging,48.00000000006,YZ,MW
2045-06-03 03:00:00,TRAN-PUB,charging,32.0,YZ,MW
2045-06-04 04:00:00,TRAN-PRV,charging,53.05263157902,YZ,MW
2045-06-05 05:00:00,TRAN-PUB,charging,35.36842105263,YZ,MW
2045-06-06 06:00:00,TRAN-PRV,charging,56.84210526323999,YZ,MW
2045-06-07 07:00:00,TRAN-PUB,charging,37.89473684211001,YZ,MW
2045-06-08 08:00:00,TRAN-PRV,charging,56.84210526323999,YZ,MW
2045-06-09 09:00:00,TRAN-PUB,charging,37.89473684211001,YZ,MW
2045-06-10 10:00:00,TRAN-PRV,charging,53.05263157902,YZ,MW
2045-06-11 11:00:00,TRAN-PUB,charging,35.36842105263,YZ,MW
2045-06-12 12:00:00,TRAN-PRV,charging,45.47368421058,YZ,MW
2045-06-13 13:00:00,TRAN-PUB,charging,30.31578947368,YZ,MW
2045-06-14 14:00:00,TRAN-PRV,charging,46.10526315795,YZ,MW
2045-06-15 15:00:00,TRAN-PUB,charging,30.73684210527,YZ,MW
2045-06-16 16:00:00,TRAN-PRV,charging,52.42105263161999,YZ,MW
2045-06-17 17:00:00,TRAN-PUB,charging,34.94736842105,YZ,MW
2045-06-18 18:00:00,TRAN-PRV,charging,25.89473684211,YZ,MW
2045-06-19 19:00:00,TRAN-PUB,charging,17.26315789474,YZ,MW
2045-06-20 20:00:00,TRAN-PRV,charging,28.42105263162,YZ,MW
2045-06-21 21:00:00,TRAN-PUB,charging,18.947368421060002,YZ,MW
2045-06-22 22:00:00,TRAN-PRV,charging,27.15789473685,YZ,MW
2045-06-23 23:00:00,TRAN-PUB,charging,18.105263157899998,YZ,MW
2045-06-25 00:00:00,TRAN-PRV,charging,20.84210526321,YZ,MW
2045-06-26 01:00:00,TRAN-PUB,charging,13.894736842090001,YZ,MW
2045-06-27 02:00:00,TRAN-PRV,charging,10.73684210529,YZ,MW
2045-06-28 03:00:00,TRAN-PUB,charging,7.157894736851,YZ,MW
2045-06-29 04:00:00,TRAN-PRV,charging,14.526315789509999,YZ,MW
2045-06-30 05:00:00,TRAN-PUB,charging,9.68421052632,YZ,MW
2045-07-01 06:00:00,TRAN-PRV,charging,18.94736842107,YZ,MW
2045-07-02 07:00:00,TRAN-PUB,charging,12.63157894737,YZ,MW
2045-07-03 08:00:00,TRAN-PRV,charging,2.526315789477,YZ,MW
2045-07-04 09:00:00,TRAN-PUB,charging,1.684210526315,YZ,MW
2045-07-05 10:00:00,TRAN-PRV,charging,9.47368421052,YZ,MW
2045-07-06 11:00:00,TRAN-PUB,charging,6.3157894736869995,YZ,MW
2045-07-07 12:00:00,TRAN-PRV,charging,12.63157894737,YZ,MW
2045-07-08 13:00:00,TRAN-PUB,charging,8.4210526316,YZ,MW
2045-07-09 14:00:00,TRAN-PRV,charging,15.15789473685,YZ,MW
2045-07-10 15:00:00,TRAN-PUB,charging,10.1052631579,YZ,MW
2045-07-11 16:00:00,TRAN-PRV,charging,15.789473684219999,YZ,MW
2045-07-12 17:00:00,TRAN-PUB,charging,10.52631578946,YZ,MW
2045-07-13 18:00:00,TRAN-PRV,charging,27.15789473685,YZ,MW
2045-07-14 19:00:00,TRAN-PUB,charging,18.105263157899998,YZ,MW
2045-07-15 20:00:00,TRAN-PRV,charging,26.52631578951,YZ,MW
2045-07-16 21:00:00,TRAN-PUB,charging,17.68421052632,YZ,MW
2045-07-17 22:00:00,TRAN-PRV,charging,42.9473684211,YZ,MW
2045-07-18 23:00:00,TRAN-PUB,charging,28.631578947370002,YZ,MW
2045-07-20 00:00:00,TRAN-PRV,charging,47.36842105269,YZ,MW
2045-07-21 01:00:00,TRAN-PUB,charging,31.57894736841,YZ,MW
2045-07-22 02:00:00,TRAN-PRV,charging,49.894736842170005,YZ,MW
2045-07-23 03:00:00,TRAN-PUB,charging,33.263157894740004,YZ,MW
2045-07-24 04:00:00,TRAN-PRV,charging,52.42105263161999,YZ,MW
2045-07-25 05:00:00,TRAN-PUB,charging,34.94736842105,YZ,MW
2045-07-26 06:00:00,TRAN-PRV,charging,52.42105263161999,YZ,MW
2045-07-27 07:00:00,TRAN-PUB,charging,34.94736842105,YZ,MW
2045-07-28 08:00:00,TRAN-PRV,charging,54.315789473760006,YZ,MW
2045-07-29 09:00:00,TRAN-PUB,charging,36.21052631579,YZ,MW
2045-07-30 10:00:00,TRAN-PRV,charging,49.894736842170005,YZ,MW
2045-07-31 11:00:00,TRAN-PUB,charging,33.263157894740004,YZ,MW
2045-08-01 12:00:00,TRAN-PRV,charging,44.21052631584,YZ,MW
2045-08-02 13:00:00,TRAN-PUB,charging,29.47368421054,YZ,MW
2045-08-03 14:00:00,TRAN-PRV,charging,33.47368421058,YZ,MW
2045-08-04 15:00:00,TRAN-PUB,charging,22.31578947368,YZ,MW
2045-08-05 16:00:00,TRAN-PRV,charging,27.78947368425,YZ,MW
2045-08-06 17:00:00,TRAN-PUB,charging,18.52631578947,YZ,MW
2045-08-07 18:00:00,TRAN-PRV,charging,28.42105263162,YZ,MW
2045-08-08 19:00:00,TRAN-PUB,charging,18.947368421060002,YZ,MW
2045-08-09 20:00:00,TRAN-PRV,charging,30.947368421070003,YZ,MW
2045-08-10 21:00:00,TRAN-PUB,charging,20.631578947370002,YZ,MW
2045-08-11 22:00:00,TRAN-PRV,charging,32.84210526321,YZ,MW
2045-08-12 23:00:00,TRAN-PUB,charging,21.894736842100002,YZ,MW
2045-08-14 00:00:00,TRAN-PRV,charging,24.00000000003,YZ,MW
2045-08-15 01:00:00,TRAN-PUB,charging,16.0,YZ,MW
2045-08-16 02:00:00,TRAN-PRV,charging,26.52631578951,YZ,MW
2045-08-17 03:00:00,TRAN-PUB,charging,17.68421052632,YZ,MW
2045-08-18 04:00:00,TRAN-PRV,charging,22.73684210529,YZ,MW
2045-08-19 05:00:00,TRAN-PUB,charging,15.15789473685,YZ,MW
2045-08-20 06:00:00,TRAN-PRV,charging,17.052631578990002,YZ,MW
2045-08-21 07:00:00,TRAN-PUB,charging,11.36842105262,YZ,MW
2045-08-22 08:00:00,TRAN-PRV,charging,1.894736842107,YZ,MW
2045-08-23 09:00:00,TRAN-PUB,charging,1.2631578947370001,YZ,MW
2045-08-24 10:00:00,TRAN-PRV,charging,13.26315789474,YZ,MW
2045-08-25 11:00:00,TRAN-PUB,charging,8.84210526315,YZ,MW
2045-08-26 12:00:00,TRAN-PRV,charging,13.894736842110001,YZ,MW
2045-08-27 13:00:00,TRAN-PUB,charging,9.26315789474,YZ,MW
2045-08-28 14:00:00,TRAN-PRV,charging,20.21052631581,YZ,MW
2045-08-29 15:00:00,TRAN-PUB,charging,13.47368421054,YZ,MW
2045-08-30 16:00:00,TRAN-PRV,charging,22.73684210529,YZ,MW
2045-08-31 17:00:00,TRAN-PUB,charging,15.15789473685,YZ,MW
2045-09-01 18:00:00,TRAN-PRV,charging,30.947368421070003,YZ,MW
2045-09-02 19:00:00,TRAN-PUB,charging,20.631578947370002,YZ,MW
2045-09-03 20:00:00,TRAN-PRV,charging,34.10526315795,YZ,MW
2045-09-04 21:00:00,TRAN-PUB,charging,22.73684210527,YZ,MW
2045-09-05 22:00:00,TRAN-PRV,charging,34.10526315795,YZ,MW
2045-09-06 23:00:00,TRAN-PUB,charging,22.73684210527,YZ,MW
2045-09-08 00:00:00,TRAN-PRV,charging,41.684210526360005,YZ,MW
2045-09-09 01:00:00,TRAN-PUB,charging,27.78947368422,YZ,MW
2045-09-10 02:00:00,TRAN-PRV,charging,46.73684210532,YZ,MW
2045-09-11 03:00:00,TRAN-PUB,charging,31.15789473685,YZ,MW
2045-09-12 04:00:00,TRAN-PRV,charging,54.315789473760006,YZ,MW
2045-09-13 05:00:00,TRAN-PUB,charging,36.21052631579,YZ,MW
2045-09-14 06:00:00,TRAN-PRV,charging,55.5789473685,YZ,MW
2045-09-15 07:00:00,TRAN-PUB,charging,37.05263157895,YZ,MW
2045-09-16 08:00:00,TRAN-PRV,charging,51.789473684280004,YZ,MW
2045-09-17 09:00:00,TRAN-PUB,charging,34.52631578947,YZ,MW
2045-09-18 10:00:00,TRAN-PRV,charging,55.5789473685,YZ,MW
2045-09-19 11:00:00,TRAN-PUB,charging,37.05263157895,YZ,MW
2045-09-20 12:00:00,TRAN-PRV,charging,54.315789473760006,YZ,MW
2045-09-21 13:00:00,TRAN-PUB,charging,36.21052631579,YZ,MW
2045-09-22 14:00:00,TRAN-PRV,charging,53.68421052636,YZ,MW
2045-09-23 15:00:00,TRAN-PUB,charging,35.78947368422,YZ,MW
2045-09-24 16:00:00,TRAN-PRV,charging,24.00000000003,YZ,MW
2045-09-25 17:00:00,TRAN-PUB,charging,16.0,YZ,MW
2045-09-26 18:00:00,TRAN-PRV,charging,25.89473684211,YZ,MW
2045-09-27 19:00:00,TRAN-PUB,charging,17.26315789474,YZ,MW
2045-09-28 20:00:00,TRAN-PRV,charging,27.15789473685,YZ,MW
2045-09-29 21:00:00,TRAN-PUB,charging,18.105263157899998,YZ,MW
2045-09-30 22:00:00,TRAN-PRV,charging,26.52631578951,YZ,MW
2045-10-01 23:00:00,TRAN-PUB,charging,17.68421052632,YZ,MW
2045-10-03 00:00:00,TRAN-PRV,charging,18.3157894737,YZ,MW
2045-10-04 01:00:00,TRAN-PUB,charging,12.21052631578,YZ,MW
2045-10-05 02:00:00,TRAN-PRV,charging,13.26315789474,YZ,MW
2045-10-06 03:00:00,TRAN-PUB,charging,8.84210526315,YZ,MW
2045-10-07 04:00:00,TRAN-PRV,charging,19.578947368439998,YZ,MW
2045-10-08 05:00:00,TRAN-PUB,charging,13.05263157894,YZ,MW
2045-10-09 06:00:00,TRAN-PRV,charging,13.894736842110001,YZ,MW
2045-10-10 07:00:00,TRAN-PUB,charging,9.26315789474,YZ,MW
2045-10-11 08:00:00,TRAN-PRV,charging,14.526315789509999,YZ,MW
2045-10-12 09:00:00,TRAN-PUB,charging,9.68421052632,YZ,MW
2045-10-13 10:00:00,TRAN-PRV,charging,13.894736842110001,YZ,MW
2045-10-14 11:00:00,TRAN-PUB,charging,9.26315789474,YZ,MW
2045-10-15 12:00:00,TRAN-PRV,charging,11.36842105266,YZ,MW
2045-10-16 13:00:00,TRAN-PUB,charging,7.578947368415999,YZ,MW
2045-10-17 14:00:00,TRAN-PRV,charging,10.73684210529,YZ,MW
2045-10-18 15:00:00,TRAN-PUB,charging,7.157894736851,YZ,MW
2045-10-19 16:00:00,TRAN-PRV,charging,26.52631578951,YZ,MW
2045-10-20 17:00:00,TRAN-PUB,charging,17.68421052632,YZ,MW
2045-10-21 18:00:00,TRAN-PRV,charging,24.631578947399998,YZ,MW
2045-10-22 19:00:00,TRAN-PUB,charging,16.4210526316,YZ,MW
2045-10-23 20:00:00,TRAN-PRV,charging,38.52631578951,YZ,MW
2045-10-24 21:00:00,TRAN-PUB,charging,25.68421052631,YZ,MW
2045-10-25 22:00:00,TRAN-PRV,charging,42.31578947376,YZ,MW
2045-10-26 23:00:00,TRAN-PUB,charging,28.2105263158,YZ,MW
2045-10-28 00:00:00,TRAN-PRV,charging,39.157894736879996,YZ,MW
2045-10-29 01:00:00,TRAN-PUB,charging,26.105263157899998,YZ,MW
2045-10-30 02:00:00,TRAN-PRV,charging,49.894736842170005,YZ,MW
2045-10-31 03:00:00,TRAN-PUB,charging,33.263157894740004,YZ,MW
2045-11-01 04:00:00,TRAN-PRV,charging,49.2631578948,YZ,MW
2045-11-02 05:00:00,TRAN-PUB,charging,32.84210526315,YZ,MW
2045-11-03 06:00:00,TRAN-PRV,charging,51.15789473691,YZ,MW
2045-11-04 07:00:00,TRAN-PUB,charging,34.1052631579,YZ,MW
2045-11-05 08:00:00,TRAN-PRV,charging,51.789473684280004,YZ,MW
2045-11-06 09:00:00,TRAN-PUB,charging,34.52631578947,YZ,MW
2045-11-07 10:00:00,TRAN-PRV,charging,53.05263157902,YZ,MW
2045-11-08 11:00:00,TRAN-PUB,charging,35.36842105263,YZ,MW
2045-11-09 12:00:00,TRAN-PRV,charging,44.21052631584,YZ,MW
2045-11-10 13:00:00,TRAN-PUB,charging,29.47368421054,YZ,MW
2045-11-11 14:00:00,TRAN-PRV,charging,27.78947368425,YZ,MW
2045-11-12 15:00:00,TRAN-PUB,charging,18.52631578947,YZ,MW
2045-11-13 16:00:00,TRAN-PRV,charging,34.10526315795,YZ,MW
2045-11-14 17:00:00,TRAN-PUB,charging,22.73684210527,YZ,MW
2045-11-15 18:00:00,TRAN-PRV,charging,30.947368421070003,YZ,MW
2045-11-16 19:00:00,TRAN-PUB,charging,20.631578947370002,YZ,MW
2045-11-17 20:00:00,TRAN-PRV,charging,36.6315789474,YZ,MW
2045-11-18 21:00:00,TRAN-PUB,charging,24.421052631589998,YZ,MW
2045-11-19 22:00:00,TRAN-PRV,charging,37.89473684214,YZ,MW
2045-11-20 23:00:00,TRAN-PUB,charging,25.26315789474,YZ,MW
2045-11-22 00:00:00,TRAN-PRV,charging,24.631578947399998,YZ,MW
2045-11-23 01:00:00,TRAN-PUB,charging,16.4210526316,YZ,MW
2045-11-24 02:00:00,TRAN-PRV,charging,27.78947368425,YZ,MW
2045-11-25 03:00:00,TRAN-PUB,charging,18.52631578947,YZ,MW
2045-11-26 04:00:00,TRAN-PRV,charging,25.26315789477,YZ,MW
2045-11-27 05:00:00,TRAN-PUB,charging,16.84210526315,YZ,MW
2045-11-28 06:00:00,TRAN-PRV,charging,21.47368421055,YZ,MW
2045-11-29 07:00:00,TRAN-PUB,charging,14.31578947368,YZ,MW
2045-11-30 08:00:00,TRAN-PRV,charging,6.947368421070001,YZ,MW
2045-12-01 09:00:00,TRAN-PUB,charging,4.631578947372001,YZ,MW
2045-12-02 10:00:00,TRAN-PRV,charging,15.789473684219999,YZ,MW
2045-12-03 11:00:00,TRAN-PUB,charging,10.52631578946,YZ,MW
2045-12-04 12:00:00,TRAN-PRV,charging,11.36842105266,YZ,MW
2045-12-05 13:00:00,TRAN-PUB,charging,7.578947368415999,YZ,MW
2045-12-06 14:00:00,TRAN-PRV,charging,15.15789473685,YZ,MW
2045-12-07 15:00:00,TRAN-PUB,charging,10.1052631579,YZ,MW
2045-12-08 16:00:00,TRAN-PRV,charging,18.94736842107,YZ,MW
2045-12-09 17:00:00,TRAN-PUB,charging,12.63157894737,YZ,MW
2045-12-10 18:00:00,TRAN-PRV,charging,24.00000000003,YZ,MW
2045-12-11 19:00:00,TRAN-PUB,charging,16.0,YZ,MW
2045-12-12 20:00:00,TRAN-PRV,charging,26.52631578951,YZ,MW
2045-12-13 21:00:00,TRAN-PUB,charging,17.68421052632,YZ,MW
2045-12-14 22:00:00,TRAN-PRV,charging,27.15789473685,YZ,MW
2045-12-15 23:00:00,TRAN-PUB,charging,18.105263157899998,YZ,MW
2045-12-17 00:00:00,TRAN-PRV,charging,39.789473684250005,YZ,MW
2045-12-18 01:00:00,TRAN-PUB,charging,26.52631578947,YZ,MW
2045-12-19 02:00:00,TRAN-PRV,charging,40.42105263162,YZ,MW
2045-12-20 03:00:00,TRAN-PUB,charging,26.94736842106,YZ,MW
2045-12-21 04:00:00,TRAN-PRV,charging,51.15789473691,YZ,MW
2045-12-22 05:00:00,TRAN-PUB,charging,34.1052631579,YZ,MW
2045-12-23 06:00:00,TRAN-PRV,charging,53.68421052636,YZ,MW
2045-12-24 07:00:00,TRAN-PUB,charging,35.78947368422,YZ,MW
2045-12-25 08:00:00,TRAN-PRV,charging,55.5789473685,YZ,MW
2045-12-26 09:00:00,TRAN-PUB,charging,37.05263157895,YZ,MW
2045-12-27 10:00:00,TRAN-PRV,charging,54.947368421099995,YZ,MW
2045-12-28 11:00:00,TRAN-PUB,charging,36.63157894737,YZ,MW
2045-12-29 12:00:00,TRAN-PRV,charging,50.52631578954,YZ,MW
2045-12-30 13:00:00,TRAN-PUB,charging,33.68421052631,YZ,MW
2045-12-31 14:00:00,TRAN-PRV,charging,52.42105263161999,YZ,MW
2046-01-01 15:00:00,TRAN-PUB,charging,34.94736842105,YZ,MW
2046-01-02 16:00:00,TRAN-PRV,charging,30.947368421070003,YZ,MW
2046-01-03 17:00:00,TRAN-PUB,charging,20.631578947370002,YZ,MW
2046-01-04 18:00:00,TRAN-PRV,charging,30.31578947373,YZ,MW
2046-01-05 19:00:00,TRAN-PUB,charging,20.21052631579,YZ,MW
2046-01-06 20:00:00,TRAN-PRV,charging,28.42105263162,YZ,MW
2046-01-07 21:00:00,TRAN-PUB,charging,18.947368421060002,YZ,MW
2046-01-08 22:00:00,TRAN-PRV,charging,27.15789473685,YZ,MW
2046-01-09 23:00:00,TRAN-PUB,charging,18.105263157899998,YZ,MW
2046-01-11 00:00:00,TRAN-PRV,charging,24.631578947399998,YZ,MW
2046-01-12 01:00:00,TRAN-PUB,charging,16.4210526316,YZ,MW
2046-01-13 02:00:00,TRAN-PRV,charging,17.684210526330002,YZ,MW
2046-01-14 03:00:00,TRAN-PUB,charging,11.789473684219999,YZ,MW
2046-01-15 04:00:00,TRAN-PRV,charging,17.684210526330002,YZ,MW
2046-01-16 05:00:00,TRAN-PUB,charging,11.789473684219999,YZ,MW
2046-01-17 06:00:00,TRAN-PRV,charging,22.10526315792,YZ,MW
2046-01-18 07:00:00,TRAN-PUB,charging,14.73684210527,YZ,MW
2046-01-19 08:00:00,TRAN-PRV,charging,20.84210526321,YZ,MW
2046-01-20 09:00:00,TRAN-PUB,charging,13.894736842090001,YZ,MW
2046-01-21 10:00:00,TRAN-PRV,charging,15.789473684219999,YZ,MW
2046-01-22 11:00:00,TRAN-PUB,charging,10.52631578946,YZ,MW
2046-01-23 12:00:00,TRAN-PRV,charging,10.73684210529,YZ,MW
2046-01-24 13:00:00,TRAN-PUB,charging,7.157894736851,YZ,MW
2046-01-25 14:00:00,TRAN-PRV,charging,5.052631578954,YZ,MW
2046-01-26 15:00:00,TRAN-PUB,charging,3.368421052631,YZ,MW
2046-01-27 16:00:00,TRAN-PRV,charging,20.21052631581,YZ,MW
2046-01-28 17:00:00,TRAN-PUB,charging,13.47368421054,YZ,MW
2046-01-29 18:00:00,TRAN-PRV,charging,17.052631578990002,YZ,MW
2046-01-30 19:00:00,TRAN-PUB,charging,11.36842105262,YZ,MW
2046-01-31 20:00:00,TRAN-PRV,charging,31.57894736847,YZ,MW
2046-02-01 21:00:00,TRAN-PUB,charging,21.052631578939998,YZ,MW
2046-02-02 22:00:00,TRAN-PRV,charging,36.00000000003,YZ,MW
2046-02-03 23:00:00,TRAN-PUB,charging,24.0,YZ,MW
2046-02-05 00:00:00,TRAN-PRV,charging,39.789473684250005,YZ,MW
2046-02-06 01:00:00,TRAN-PUB,charging,26.52631578947,YZ,MW
2046-02-07 02:00:00,TRAN-PRV,charging,42.31578947376,YZ,MW
2046-02-08 03:00:00,TRAN-PUB,charging,28.2105263158,YZ,MW
2046-02-09 04:00:00,TRAN-PRV,charging,40.42105263162,YZ,MW
2046-02-10 05:00:00,TRAN-PUB,charging,26.94736842106,YZ,MW
2046-02-11 06:00:00,TRAN-PRV,charging,46.73684210532,YZ,MW
2046-02-12 07:00:00,TRAN-PUB,charging,31.15789473685,YZ,MW
2046-02-13 08:00:00,TRAN-PRV,charging,50.52631578954,YZ,MW
2046-02-14 09:00:00,TRAN-PUB,charging,33.68421052631,YZ,MW
2046-02-15 10:00:00,TRAN-PRV,charging,55.5789473685,YZ,MW
2046-02-16 11:00:00,TRAN-PUB,charging,37.05263157895,YZ,MW
2046-02-17 12:00:00,TRAN-PRV,charging,52.42105263161999,YZ,MW
2046-02-18 13:00:00,TRAN-PUB,charging,34.94736842105,YZ,MW
2046-02-19 14:00:00,TRAN-PRV,charging,44.21052631584,YZ,MW
2046-02-20 15:00:00,TRAN-PUB,charging,29.47368421054,YZ,MW
2046-02-21 16:00:00,TRAN-PRV,charging,36.6315789474,YZ,MW
2046-02-22 17:00:00,TRAN-PUB,charging,24.421052631589998,YZ,MW
2046-02-23 18:00:00,TRAN-PRV,charging,38.52631578951,YZ,MW
2046-02-24 19:00:00,TRAN-PUB,charging,25.68421052631,YZ,MW
2046-02-25 20:00:00,TRAN-PRV,charging,40.42105263162,YZ,MW
2046-02-26 21:00:00,TRAN-PUB,charging,26.94736842106,YZ,MW
2046-02-27 22:00:00,TRAN-PRV,charging,24.00000000003,YZ,MW
2046-02-28 23:00:00,TRAN-PUB,charging,16.0,YZ,MW
2046-03-02 00:00:00,TRAN-PRV,charging,26.52631578951,YZ,MW
2046-03-03 01:00:00,TRAN-PUB,charging,17.68421052632,YZ,MW
2046-03-04 02:00:00,TRAN-PRV,charging,24.631578947399998,YZ,MW
2046-03-05 03:00:00,TRAN-PUB,charging,16.4210526316,YZ,MW
2046-03-06 04:00:00,TRAN-PRV,charging,22.73684210529,YZ,MW
2046-03-07 05:00:00,TRAN-PUB,charging,15.15789473685,YZ,MW
2046-03-08 06:00:00,TRAN-PRV,charging,11.36842105266,YZ,MW
2046-03-09 07:00:00,TRAN-PUB,charging,7.578947368415999,YZ,MW
2046-03-10 08:00:00,TRAN-PRV,charging,12.00000000003,YZ,MW
2046-03-11 09:00:00,TRAN-PUB,charging,8.0,YZ,MW
2046-03-12 10:00:00,TRAN-PRV,charging,8.84210526318,YZ,MW
2046-03-13 11:00:00,TRAN-PUB,charging,5.894736842098,YZ,MW
2046-03-14 12:00:00,TRAN-PRV,charging,13.894736842110001,YZ,MW
2046-03-15 13:00:00,TRAN-PUB,charging,9.26315789474,YZ,MW
2046-03-16 14:00:00,TRAN-PRV,charging,15.789473684219999,YZ,MW
2046-03-17 15:00:00,TRAN-PUB,charging,10.52631578946,YZ,MW
2046-03-18 16:00:00,TRAN-PRV,charging,18.3157894737,YZ,MW
2046-03-19 17:00:00,TRAN-PUB,charging,12.21052631578,YZ,MW
2046-03-20 18:00:00,TRAN-PRV,charging,20.84210526321,YZ,MW
2046-03-21 19:00:00,TRAN-PUB,charging,13.894736842090001,YZ,MW
2046-03-22 20:00:00,TRAN-PRV,charging,18.3157894737,YZ,MW
2046-03-23 21:00:00,TRAN-PUB,charging,12.21052631578,YZ,MW
2046-03-24 22:00:00,TRAN-PRV,charging,30.31578947373,YZ,MW
2046-03-25 23:00:00,TRAN-PUB,charging,20.21052631579,YZ,MW
2046-03-27 00:00:00,TRAN-PRV,charging,31.57894736847,YZ,MW
2046-03-28 01:00:00,TRAN-PUB,charging,21.052631578939998,YZ,MW
2046-03-29 02:00:00,TRAN-PRV,charging,46.10526315795,YZ,MW
2046-03-30 03:00:00,TRAN-PUB,charging,30.73684210527,YZ,MW
2046-03-31 04:00:00,TRAN-PRV,charging,49.2631578948,YZ,MW
2046-04-01 05:00:00,TRAN-PUB,charging,32.84210526315,YZ,MW
2046-04-02 06:00:00,TRAN-PRV,charging,52.42105263161999,YZ,MW
2046-04-03 07:00:00,TRAN-PUB,charging,34.94736842105,YZ,MW
2046-04-04 08:00:00,TRAN-PRV,charging,53.68421052636,YZ,MW
2046-04-05 09:00:00,TRAN-PUB,charging,35.78947368422,YZ,MW
2046-04-06 10:00:00,TRAN-PRV,charging,51.15789473691,YZ,MW
2046-04-07 11:00:00,TRAN-PUB,charging,34.1052631579,YZ,MW
2046-04-08 12:00:00,TRAN-PRV,charging,52.42105263161999,YZ,MW
2046-04-09 13:00:00,TRAN-PUB,charging,34.94736842105,YZ,MW
2046-04-10 14:00:00,TRAN-PRV,charging,40.42105263162,YZ,MW
2046-04-11 15:00:00,TRAN-PUB,charging,26.94736842106,YZ,MW
2046-04-12 16:00:00,TRAN-PRV,charging,34.73684210532,YZ,MW
2046-04-13 17:00:00,TRAN-PUB,charging,23.15789473685,YZ,MW
2046-04-14 18:00:00,TRAN-PRV,charging,29.684210526330002,YZ,MW
2046-04-15 19:00:00,TRAN-PUB,charging,19.78947368422,YZ,MW
2046-04-16 20:00:00,TRAN-PRV,charging,27.15789473685,YZ,MW
2046-04-17 21:00:00,TRAN-PUB,charging,18.105263157899998,YZ,MW
2046-04-18 22:00:00,TRAN-PRV,charging,26.52631578951,YZ,MW
2046-04-19 23:00:00,TRAN-PUB,charging,17.68421052632,YZ,MW
2046-04-21 00:00:00,TRAN-PRV,charging,20.84210526321,YZ,MW
2046-04-22 01:00:00,TRAN-PUB,charging,13.894736842090001,YZ,MW
2046-04-23 02:00:00,TRAN-PRV,charging,20.21052631581,YZ,MW
2046-04-24 03:00:00,TRAN-PUB,charging,13.47368421054,YZ,MW
2046-04-25 04:00:00,TRAN-PRV,charging,22.73684210529,YZ,MW
2046-04-26 05:00:00,TRAN-PUB,charging,15.15789473685,YZ,MW
2046-04-27 06:00:00,TRAN-PRV,charging,23.36842105266,YZ,MW
2046-04-28 07:00:00,TRAN-PUB,charging,15.57894736841,YZ,MW
2046-04-29 08:00:00,TRAN-PRV,charging,18.94736842107,YZ,MW
2046-04-30 09:00:00,TRAN-PUB,charging,12.63157894737,YZ,MW
2046-05-01 10:00:00,TRAN-PRV,charging,12.63157894737,YZ,MW
2046-05-02 11:00:00,TRAN-PUB,charging,8.4210526316,YZ,MW
2046-05-03 12:00:00,TRAN-PRV,charging,2.526315789477,YZ,MW
2046-05-04 13:00:00,TRAN-PUB,charging,1.684210526315,YZ,MW
2046-05-05 14:00:00,TRAN-PRV,charging,13.26315789474,YZ,MW
2046-05-06 15:00:00,TRAN-PUB,charging,8.84210526315,YZ,MW
2046-05-07 16:00:00,TRAN-PRV,charging,7.57894736844,YZ,MW
2046-05-08 17:00:00,TRAN-PUB,charging,5.052631578941,YZ,MW
2046-05-09 18:00:00,TRAN-PRV,charging,25.89473684211,YZ,MW
2046-05-10 19:00:00,TRAN-PUB,charging,17.26315789474,YZ,MW
2046-05-11 20:00:00,TRAN-PRV,charging,30.947368421070003,YZ,MW
2046-05-12 21:00:00,TRAN-PUB,charging,20.631578947370002,YZ,MW
2046-05-13 22:00:00,TRAN-PRV,charging,34.73684210532,YZ,MW
2046-05-14 23:00:00,TRAN-PUB,charging,23.15789473685,YZ,MW
2046-05-16 00:00:00,TRAN-PRV,charging,37.89473684214,YZ,MW
2046-05-17 01:00:00,TRAN-PUB,charging,25.26315789474,YZ,MW
2046-05-18 02:00:00,TRAN-PRV,charging,38.52631578951,YZ,MW
2046-05-19 03:00:00,TRAN-PUB,charging,25.68421052631,YZ,MW
2046-05-20 04:00:00,TRAN-PRV,charging,44.21052631584,YZ,MW
2046-05-21 05:00:00,TRAN-PUB,charging,29.47368421054,YZ,MW
2046-05-22 06:00:00,TRAN-PRV,charging,49.2631578948,YZ,MW
2046-05-23 07:00:00,TRAN-PUB,charging,32.84210526315,YZ,MW
2046-05-24 08:00:00,TRAN-PRV,charging,56.21052631587,YZ,MW
2046-05-25 09:00:00,TRAN-PUB,charging,37.47368421054,YZ,MW
2046-05-26 10:00:00,TRAN-PRV,charging,56.21052631587,YZ,MW
2046-05-27 11:00:00,TRAN-PUB,charging,37.47368421054,YZ,MW
2046-05-28 12:00:00,TRAN-PRV,charging,53.05263157902,YZ,MW
2046-05-29 13:00:00,TRAN-PUB,charging,35.36842105263,YZ,MW
2046-05-30 14:00:00,TRAN-PRV,charging,44.84210526321,YZ,MW
2046-05-31 15:00:00,TRAN-PUB,charging,29.89473684211,YZ,MW
2046-06-01 16:00:00,TRAN-PRV,charging,48.63157894743,YZ,MW
2046-06-02 17:00:00,TRAN-PUB,charging,32.42105263159,YZ,MW
2046-06-03 18:00:00,TRAN-PRV,charging,49.894736842170005,YZ,MW
2046-06-04 19:00:00,TRAN-PUB,charging,33.263157894740004,YZ,MW
2046-06-05 20:00:00,TRAN-PRV,charging,24.00000000003,YZ,MW
2046-06-06 21:00:00,TRAN-PUB,charging,16.0,YZ,MW
2046-06-07 22:00:00,TRAN-PRV,charging,27.15789473685,YZ,MW
2046-06-08 23:00:00,TRAN-PUB,charging,18.105263157899998,YZ,MW
2046-06-10 00:00:00,TRAN-PRV,charging,27.15789473685,YZ,MW
2046-06-11 01:00:00,TRAN-PUB,charging,18.105263157899998,YZ,MW
2046-06-12 02:00:00,TRAN-PRV,charging,25.89473684211,YZ,MW
2046-06-13 03:00:00,TRAN-PUB,charging,17.26315789474,YZ,MW
2046-06-14 04:00:00,TRAN-PRV,charging,15.789473684219999,YZ,MW
2046-06-15 05:00:00,TRAN-PUB,charging,10.52631578946,YZ,MW
2046-06-16 06:00:00,TRAN-PRV,charging,13.894736842110001,YZ,MW
2046-06-17 07:00:00,TRAN-PUB,charging,9.26315789474,YZ,MW
2046-06-18 08:00:00,TRAN-PRV,charging,13.26315789474,YZ,MW
2046-06-19 09:00:00,TRAN-PUB,charging,8.84210526315,YZ,MW
2046-06-20 10:00:00,TRAN-PRV,charging,15.789473684219999,YZ,MW
2046-06-21 11:00:00,TRAN-PUB,charging,10.52631578946,YZ,MW
2046-06-22 12:00:00,TRAN-PRV,charging,12.63157894737,YZ,MW
2046-06-23 13:00:00,TRAN-PUB,charging,8.4210526316,YZ,MW
2046-06-24 14:00:00,TRAN-PRV,charging,12.00000000003,YZ,MW
2046-06-25 15:00:00,TRAN-PUB,charging,8.0,YZ,MW
2046-06-26 16:00:00,TRAN-PRV,charging,13.26315789474,YZ,MW
2046-06-27 17:00:00,TRAN-PUB,charging,8.84210526315,YZ,MW
2046-06-28 18:00:00,TRAN-PRV,charging,12.00000000003,YZ,MW
2046-06-29 19:00:00,TRAN-PUB,charging,8.0,YZ,MW
2046-06-30 20:00:00,TRAN-PRV,charging,27.78947368425,YZ,MW
2046-07-01 21:00:00,TRAN-PUB,charging,18.52631578947,YZ,MW
2046-07-02 22:00:00,TRAN-PRV,charging,27.15789473685,YZ,MW
2046-07-03 23:00:00,TRAN-PUB,charging,18.105263157899998,YZ,MW
2046-07-05 00:00:00,TRAN-PRV,charging,44.21052631584,YZ,MW
2046-07-06 01:00:00,TRAN-PUB,charging,29.47368421054,YZ,MW
2046-07-07 02:00:00,TRAN-PRV,charging,42.9473684211,YZ,MW
2046-07-08 03:00:00,TRAN-PUB,charging,28.631578947370002,YZ,MW
2046-07-09 04:00:00,TRAN-PRV,charging,51.15789473691,YZ,MW
2046-07-10 05:00:00,TRAN-PUB,charging,34.1052631579,YZ,MW
2046-07-11 06:00:00,TRAN-PRV,charging,53.05263157902,YZ,MW
2046-07-12 07:00:00,TRAN-PUB,charging,35.36842105263,YZ,MW
2046-07-13 08:00:00,TRAN-PRV,charging,52.42105263161999,YZ,MW
2046-07-14 09:00:00,TRAN-PUB,charging,34.94736842105,YZ,MW
2046-07-15 10:00:00,TRAN-PRV,charging,53.68421052636,YZ,MW
2046-07-16 11:00:00,TRAN-PUB,charging,35.78947368422,YZ,MW
2046-07-17 12:00:00,TRAN-PRV,charging,49.2631578948,YZ,MW
2046-07-18 13:00:00,TRAN-PUB,charging,32.84210526315,YZ,MW
2046-07-19 14:00:00,TRAN-PRV,charging,44.84210526321,YZ,MW
2046-07-20 15:00:00,TRAN-PUB,charging,29.89473684211,YZ,MW
2046-07-21 16:00:00,TRAN-PRV,charging,36.00000000003,YZ,MW
2046-07-22 17:00:00,TRAN-PUB,charging,24.0,YZ,MW
2046-07-23 18:00:00,TRAN-PRV,charging,30.31578947373,YZ,MW
2046-07-24 19:00:00,TRAN-PUB,charging,20.21052631579,YZ,MW
2046-07-25 20:00:00,TRAN-PRV,charging,30.31578947373,YZ,MW
2046-07-26 21:00:00,TRAN-PUB,charging,20.21052631579,YZ,MW
2046-07-27 22:00:00,TRAN-PRV,charging,27.78947368425,YZ,MW
2046-07-28 23:00:00,TRAN-PUB,charging,18.52631578947,YZ,MW
2046-07-30 00:00:00,TRAN-PRV,charging,28.42105263162,YZ,MW
2046-07-31 01:00:00,TRAN-PUB,charging,18.947368421060002,YZ,MW
2046-08-01 02:00:00,TRAN-PRV,charging,24.00000000003,YZ,MW
2046-08-02 03:00:00,TRAN-PUB,charging,16.0,YZ,MW
2046-08-03 04:00:00,TRAN-PRV,charging,26.52631578951,YZ,MW
2046-08-04 05:00:00,TRAN-PUB,charging,17.68421052632,YZ,MW
2046-08-05 06:00:00,TRAN-PRV,charging,22.73684210529,YZ,MW
2046-08-06 07:00:00,TRAN-PUB,charging,15.15789473685,YZ,MW
2046-08-07 08:00:00,TRAN-PRV,charging,17.684210526330002,YZ,MW
2046-08-08 09:00:00,TRAN-PUB,charging,11.789473684219999,YZ,MW
2046-08-09 10:00:00,TRAN-PRV,charging,4.421052631584,YZ,MW
2046-08-10 11:00:00,TRAN-PUB,charging,2.947368421054,YZ,MW
2046-08-11 12:00:00,TRAN-PRV,charging,14.526315789509999,YZ,MW
2046-08-12 13:00:00,TRAN-PUB,charging,9.68421052632,YZ,MW
2046-08-13 14:00:00,TRAN-PRV,charging,5.684210526324,YZ,MW
2046-08-14 15:00:00,TRAN-PUB,charging,3.789473684211,YZ,MW
2046-08-15 16:00:00,TRAN-PRV,charging,20.21052631581,YZ,MW
2046-08-16 17:00:00,TRAN-PUB,charging,13.47368421054,YZ,MW
2046-08-17 18:00:00,TRAN-PRV,charging,25.89473684211,YZ,MW
2046-08-18 19:00:00,TRAN-PUB,charging,17.26315789474,YZ,MW
2046-08-19 20:00:00,TRAN-PRV,charging,30.31578947373,YZ,MW
2046-08-20 21:00:00,TRAN-PUB,charging,20.21052631579,YZ,MW
2046-08-21 22:00:00,TRAN-PRV,charging,32.21052631584,YZ,MW
2046-08-22 23:00:00,TRAN-PUB,charging,21.47368421054,YZ,MW
2046-08-24 00:00:00,TRAN-PRV,charging,33.47368421058,YZ,MW
2046-08-25 01:00:00,TRAN-PUB,charging,22.31578947368,YZ,MW
2046-08-26 02:00:00,TRAN-PRV,charging,42.31578947376,YZ,MW
2046-08-27 03:00:00,TRAN-PUB,charging,28.2105263158,YZ,MW
2046-08-28 04:00:00,TRAN-PRV,charging,49.2631578948,YZ,MW
2046-08-29 05:00:00,TRAN-PUB,charging,32.84210526315,YZ,MW
2046-08-30 06:00:00,TRAN-PRV,charging,54.947368421099995,YZ,MW
2046-08-31 07:00:00,TRAN-PUB,charging,36.63157894737,YZ,MW
2046-09-01 08:00:00,TRAN-PRV,charging,55.5789473685,YZ,MW
2046-09-02 09:00:00,TRAN-PUB,charging,37.05263157895,YZ,MW
2046-09-03 10:00:00,TRAN-PRV,charging,54.315789473760006,YZ,MW
2046-09-04 11:00:00,TRAN-PUB,charging,36.21052631579,YZ,MW
2046-09-05 12:00:00,TRAN-PRV,charging,54.947368421099995,YZ,MW
2046-09-06 13:00:00,TRAN-PUB,charging,36.63157894737,YZ,MW
2046-09-07 14:00:00,TRAN-PRV,charging,54.947368421099995,YZ,MW
2046-09-08 15:00:00,TRAN-PUB,charging,36.63157894737,YZ,MW
2046-09-09 16:00:00,TRAN-PRV,charging,55.5789473685,YZ,MW
2046-09-10 17:00:00,TRAN-PUB,charging,37.05263157895,YZ,MW
2046-09-11 18:00:00,TRAN-PRV,charging,24.631578947399998,YZ,MW
2046-09-12 19:00:00,TRAN-PUB,charging,16.4210526316,YZ,MW
2046-09-13 20:00:00,TRAN-PRV,charging,27.15789473685,YZ,MW
2046-09-14 21:00:00,TRAN-PUB,charging,18.105263157899998,YZ,MW
2046-09-15 22:00:00,TRAN-PRV,charging,28.42105263162,YZ,MW
2046-09-16 23:00:00,TRAN-PUB,charging,18.947368421060002,YZ,MW
2046-09-18 00:00:00,TRAN-PRV,charging,28.42105263162,YZ,MW
2046-09-19 01:00:00,TRAN-PUB,charging,18.947368421060002,YZ,MW
2046-09-20 02:00:00,TRAN-PRV,charging,23.36842105266,YZ,MW
2046-09-21 03:00:00,TRAN-PUB,charging,15.57894736841,YZ,MW
2046-09-22 04:00:00,TRAN-PRV,charging,22.10526315792,YZ,MW
2046-09-23 05:00:00,TRAN-PUB,charging,14.73684210527,YZ,MW
2046-09-24 06:00:00,TRAN-PRV,charging,21.47368421055,YZ,MW
2046-09-25 07:00:00,TRAN-PUB,charging,14.31578947368,YZ,MW
2046-09-26 08:00:00,TRAN-PRV,charging,20.84210526321,YZ,MW
2046-09-27 09:00:00,TRAN-PUB,charging,13.894736842090001,YZ,MW
2046-09-28 10:00:00,TRAN-PRV,charging,17.684210526330002,YZ,MW
2046-09-29 11:00:00,TRAN-PUB,charging,11.789473684219999,YZ,MW
2046-09-30 12:00:00,TRAN-PRV,charging,13.26315789474,YZ,MW
2046-10-01 13:00:00,TRAN-PUB,charging,8.84210526315,YZ,MW
2046-10-02 14:00:00,TRAN-PRV,charging,11.36842105266,YZ,MW
2046-10-03 15:00:00,TRAN-PUB,charging,7.578947368415999,YZ,MW
2046-10-04 16:00:00,TRAN-PRV,charging,10.10526315792,YZ,MW
2046-10-05 17:00:00,TRAN-PUB,charging,6.736842105256,YZ,MW
2046-10-06 18:00:00,TRAN-PRV,charging,28.42105263162,YZ,MW
2046-10-07 19:00:00,TRAN-PUB,charging,18.947368421060002,YZ,MW
2046-10-08 20:00:00,TRAN-PRV,charging,26.52631578951,YZ,MW
2046-10-09 21:00:00,TRAN-PUB,charging,17.68421052632,YZ,MW
2046-10-10 22:00:00,TRAN-PRV,charging,39.789473684250005,YZ,MW
2046-10-11 23:00:00,TRAN-PUB,charging,26.52631578947,YZ,MW
2046-10-13 00:00:00,TRAN-PRV,charging,43.57894736847,YZ,MW
2046-10-14 01:00:00,TRAN-PUB,charging,29.05263157895,YZ,MW
2046-10-15 02:00:00,TRAN-PRV,charging,48.00000000006,YZ,MW
2046-10-16 03:00:00,TRAN-PUB,charging,32.0,YZ,MW
2046-10-17 04:00:00,TRAN-PRV,charging,49.894736842170005,YZ,MW
2046-10-18 05:00:00,TRAN-PUB,charging,33.263157894740004,YZ,MW
2046-10-19 06:00:00,TRAN-PRV,charging,49.894736842170005,YZ,MW
2046-10-20 07:00:00,TRAN-PUB,charging,33.263157894740004,YZ,MW
2046-10-21 08:00:00,TRAN-PRV,charging,53.68421052636,YZ,MW
2046-10-22 09:00:00,TRAN-PUB,charging,35.78947368422,YZ,MW
2046-10-23 10:00:00,TRAN-PRV,charging,55.5789473685,YZ,MW
2046-10-24 11:00:00,TRAN-PUB,charging,37.05263157895,YZ,MW
2046-10-25 12:00:00,TRAN-PRV,charging,53.68421052636,YZ,MW
2046-10-26 13:00:00,TRAN-PUB,charging,35.78947368422,YZ,MW
2046-10-27 14:00:00,TRAN-PRV,charging,44.84210526321,YZ,MW
2046-10-28 15:00:00,TRAN-PUB,charging,29.89473684211,YZ,MW
2046-10-29 16:00:00,TRAN-PRV,charging,35.36842105269,YZ,MW
2046-10-30 17:00:00,TRAN-PUB,charging,23.57894736841,YZ,MW
2046-10-31 18:00:00,TRAN-PRV,charging,32.21052631584,YZ,MW
2046-11-01 19:00:00,TRAN-PUB,charging,21.47368421054,YZ,MW
2046-11-02 20:00:00,TRAN-PRV,charging,40.42105263162,YZ,MW
2046-11-03 21:00:00,TRAN-PUB,charging,26.94736842106,YZ,MW
2046-11-04 22:00:00,TRAN-PRV,charging,44.84210526321,YZ,MW
2046-11-05 23:00:00,TRAN-PUB,charging,29.89473684211,YZ,MW
2046-11-07 00:00:00,TRAN-PRV,charging,25.26315789477,YZ,MW
2046-11-08 01:00:00,TRAN-PUB,charging,16.84210526315,YZ,MW
2046-11-09 02:00:00,TRAN-PRV,charging,28.42105263162,YZ,MW
2046-11-10 03:00:00,TRAN-PUB,charging,18.947368421060002,YZ,MW
2046-11-11 04:00:00,TRAN-PRV,charging,26.52631578951,YZ,MW
2046-11-12 05:00:00,TRAN-PUB,charging,17.68421052632,YZ,MW
2046-11-13 06:00:00,TRAN-PRV,charging,22.73684210529,YZ,MW
2046-11-14 07:00:00,TRAN-PUB,charging,15.15789473685,YZ,MW
2046-11-15 08:00:00,TRAN-PRV,charging,8.21052631581,YZ,MW
2046-11-16 09:00:00,TRAN-PUB,charging,5.473684210529,YZ,MW
2046-11-17 10:00:00,TRAN-PRV,charging,18.3157894737,YZ,MW
2046-11-18 11:00:00,TRAN-PUB,charging,12.21052631578,YZ,MW
2046-11-19 12:00:00,TRAN-PRV,charging,13.26315789474,YZ,MW
2046-11-20 13:00:00,TRAN-PUB,charging,8.84210526315,YZ,MW
2046-11-21 14:00:00,TRAN-PRV,charging,15.789473684219999,YZ,MW
2046-11-22 15:00:00,TRAN-PUB,charging,10.52631578946,YZ,MW
2046-11-23 16:00:00,TRAN-PRV,charging,20.84210526321,YZ,MW
2046-11-24 17:00:00,TRAN-PUB,charging,13.894736842090001,YZ,MW
2046-11-25 18:00:00,TRAN-PRV,charging,25.89473684211,YZ,MW
2046-11-26 19:00:00,TRAN-PUB,charging,17.26315789474,YZ,MW
2046-11-27 20:00:00,TRAN-PRV,charging,29.05263157899,YZ,MW
2046-11-28 21:00:00,TRAN-PUB,charging,19.368421052619997,YZ,MW
2046-11-29 22:00:00,TRAN-PRV,charging,30.947368421070003,YZ,MW
2046-11-30 23:00:00,TRAN-PUB,charging,20.631578947370002,YZ,MW
2046-12-02 00:00:00,TRAN-PRV,charging,39.157894736879996,YZ,MW
2046-12-03 01:00:00,TRAN-PUB,charging,26.105263157899998,YZ,MW
2046-12-04 02:00:00,TRAN-PRV,charging,47.36842105269,YZ,MW
2046-12-05 03:00:00,TRAN-PUB,charging,31.57894736841,YZ,MW
2046-12-06 04:00:00,TRAN-PRV,charging,52.42105263161999,YZ,MW
2046-12-07 05:00:00,TRAN-PUB,charging,34.94736842105,YZ,MW
2046-12-08 06:00:00,TRAN-PRV,charging,53.68421052636,YZ,MW
2046-12-09 07:00:00,TRAN-PUB,charging,35.78947368422,YZ,MW
2046-12-10 08:00:00,TRAN-PRV,charging,54.315789473760006,YZ,MW
2046-12-11 09:00:00,TRAN-PUB,charging,36.21052631579,YZ,MW
2046-12-12 10:00:00,TRAN-PRV,charging,53.68421052636,YZ,MW
2046-12-13 11:00:00,TRAN-PUB,charging,35.78947368422,YZ,MW
2046-12-14 12:00:00,TRAN-PRV,charging,49.2631578948,YZ,MW
2046-12-15 13:00:00,TRAN-PUB,charging,32.84210526315,YZ,MW
2046-12-16 14:00:00,TRAN-PRV,charging,54.947368421099995,YZ,MW
2046-12-17 15:00:00,TRAN-PUB,charging,36.63157894737,YZ,MW
2046-12-18 16:00:00,TRAN-PRV,charging,55.5789473685,YZ,MW
2046-12-19 17:00:00,TRAN-PUB,charging,37.05263157895,YZ,MW
2046-12-20 18:00:00,TRAN-PRV,charging,56.21052631587,YZ,MW
2046-12-21 19:00:00,TRAN-PUB,charging,37.47368421054,YZ,MW
2046-12-22 20:00:00,TRAN-PRV,charging,48.00000000006,YZ,MW
2046-12-23 21:00:00,TRAN-PUB,charging,32.0,YZ,MW
2046-12-24 22:00:00,TRAN-PRV,charging,32.21052631584,YZ,MW
2046-12-25 23:00:00,TRAN-PUB,charging,21.47368421054,YZ,MW
2046-12-27 00:00:00,TRAN-PRV,charging,27.15789473685,YZ,MW
2046-12-28 01:00:00,TRAN-PUB,charging,18.105263157899998,YZ,MW
2046-12-29 02:00:00,TRAN-PRV,charging,19.578947368439998,YZ,MW
2046-12-30 03:00:00,TRAN-PUB,charging,13.05263157894,YZ,MW
2046-12-31 04:00:00,TRAN-PRV,charging,24.00000000003,YZ,MW
2047-01-01 05:00:00,TRAN-PUB,charging,16.0,YZ,MW
2047-01-02 06:00:00,TRAN-PRV,charging,35.36842105269,YZ,MW
2047-01-03 07:00:00,TRAN-PUB,charging,23.57894736841,YZ,MW
2045-01-01 00:00:00,TRAN-PRV,load,48.75,YZ,MW
2045-01-02 01:00:00,TRAN-PUB,load,2970.84,YZ,MW
2045-01-03 02:00:00,TRAN-PRV,load,234.0,YZ,MW
2045-01-04 03:00:00,TRAN-PUB,load,2970.84,YZ,MW
2045-01-05 04:00:00,TRAN-PRV,load,546.0,YZ,MW
2045-01-06 05:00:00,TRAN-PUB,load,2970.84,YZ,MW
2045-01-07 06:00:00,TRAN-PRV,load,624.0,YZ,MW
2045-01-08 07:00:00,TRAN-PUB,load,2970.84,YZ,MW
2045-01-09 08:00:00,TRAN-PRV,load,702.0,YZ,MW
2045-01-10 09:00:00,TRAN-PUB,load,2970.84,YZ,MW
2045-01-11 10:00:00,TRAN-PRV,load,477.75,YZ,MW
2045-01-12 11:00:00,TRAN-PUB,load,2970.84,YZ,MW
2045-01-13 12:00:00,TRAN-PRV,load,146.25,YZ,MW
2045-01-14 13:00:00,TRAN-PUB,load,2970.84,YZ,MW
2045-01-15 14:00:00,TRAN-PRV,load,1394.25,YZ,MW
2045-01-16 15:00:00,TRAN-PUB,load,2970.84,YZ,MW
2045-01-17 16:00:00,TRAN-PRV,load,1618.5,YZ,MW
2045-01-18 17:00:00,TRAN-PUB,load,2970.84,YZ,MW
2045-01-19 18:00:00,TRAN-PRV,load,1618.5,YZ,MW
2045-01-20 19:00:00,TRAN-PUB,load,2970.84,YZ,MW
2045-01-21 20:00:00,TRAN-PRV,load,1599.0,YZ,MW
2045-01-22 21:00:00,TRAN-PUB,load,2970.84,YZ,MW
2045-01-23 22:00:00,TRAN-PRV,load,1521.0,YZ,MW
2045-01-24 23:00:00,TRAN-PUB,load,2970.84,YZ,MW
2045-01-26 00:00:00,TRAN-PRV,load,828.75,YZ,MW
2045-01-27 01:00:00,TRAN-PUB,load,2970.84,YZ,MW
2045-01-28 02:00:00,TRAN-PRV,load,477.75,YZ,MW
2045-01-29 03:00:00,TRAN-PUB,load,2970.84,YZ,MW
2045-01-30 04:00:00,TRAN-PRV,load,1657.5,YZ,MW
2045-01-31 05:00:00,TRAN-PUB,load,2970.84,YZ,MW
2045-02-01 06:00:00,TRAN-PRV,load,1852.5,YZ,MW
2045-02-02 07:00:00,TRAN-PUB,load,2970.84,YZ,MW
2045-02-03 08:00:00,TRAN-PRV,load,1881.75,YZ,MW
2045-02-04 09:00:00,TRAN-PUB,load,2970.84,YZ,MW
2045-02-05 10:00:00,TRAN-PRV,load,1696.5,YZ,MW
2045-02-06 11:00:00,TRAN-PUB,load,2970.84,YZ,MW
2045-02-07 12:00:00,TRAN-PRV,load,1423.5,YZ,MW
2045-02-08 13:00:00,TRAN-PUB,load,2970.84,YZ,MW
2045-02-09 14:00:00,TRAN-PRV,load,555.75,YZ,MW
2045-02-10 15:00:00,TRAN-PUB,load,2970.84,YZ,MW
2045-02-11 16:00:00,TRAN-PRV,load,341.25,YZ,MW
2045-02-12 17:00:00,TRAN-PUB,load,2970.84,YZ,MW
2045-02-13 18:00:00,TRAN-PRV,load,1053.0,YZ,MW
2045-02-14 19:00:00,TRAN-PUB,load,2970.84,YZ,MW
2045-02-15 20:00:00,TRAN-PRV,load,1092.0,YZ,MW
2045-02-16 21:00:00,TRAN-PUB,load,2970.84,YZ,MW
2045-02-17 22:00:00,TRAN-PRV,load,994.5,YZ,MW
2045-02-18 23:00:00,TRAN-PUB,load,2970.84,YZ,MW
2045-02-20 00:00:00,TRAN-PRV,load,916.5,YZ,MW
2045-02-21 01:00:00,TRAN-PUB,load,2970.84,YZ,MW
2045-02-22 02:00:00,TRAN-PRV,load,692.2500000000001,YZ,MW
2045-02-23 03:00:00,TRAN-PUB,load,2970.84,YZ,MW
2045-02-24 04:00:00,TRAN-PRV,load,185.25,YZ,MW
2045-02-25 05:00:00,TRAN-PUB,load,2970.84,YZ,MW
2045-02-26 06:00:00,TRAN-PRV,load,546.0,YZ,MW
2045-02-27 07:00:00,TRAN-PUB,load,2970.84,YZ,MW
2045-02-28 08:00:00,TRAN-PRV,load,916.5,YZ,MW
2045-03-01 09:00:00,TRAN-PUB,load,2970.84,YZ,MW
2045-03-02 10:00:00,TRAN-PRV,load,1267.5,YZ,MW
2045-03-03 11:00:00,TRAN-PUB,load,2970.84,YZ,MW
2045-03-04 12:00:00,TRAN-PRV,load,1628.25,YZ,MW
2045-03-05 13:00:00,TRAN-PUB,load,2970.84,YZ,MW
2045-03-06 14:00:00,TRAN-PRV,load,1560.0,YZ,MW
2045-03-07 15:00:00,TRAN-PUB,load,2970.84,YZ,MW
2045-03-08 16:00:00,TRAN-PRV,load,750.75,YZ,MW
2045-03-09 17:00:00,TRAN-PUB,load,2970.84,YZ,MW
2045-03-10 18:00:00,TRAN-PRV,load,253.5,YZ,MW
2045-03-11 19:00:00,TRAN-PUB,load,2970.84,YZ,MW
2045-03-12 20:00:00,TRAN-PRV,load,1482.0,YZ,MW
2045-03-13 21:00:00,TRAN-PUB,load,2970.84,YZ,MW
2045-03-14 22:00:00,TRAN-PRV,load,1657.5,YZ,MW
2045-03-15 23:00:00,TRAN-PUB,load,2970.84,YZ,MW
2045-03-17 00:00:00,TRAN-PRV,load,1716.0,YZ,MW
2045-03-18 01:00:00,TRAN-PUB,load,2970.84,YZ,MW
2045-03-19 02:00:00,TRAN-PRV,load,1735.5,YZ,MW
2045-03-20 03:00:00,TRAN-PUB,load,2970.84,YZ,MW
2045-03-21 04:00:00,TRAN-PRV,load,1716.0,YZ,MW
2045-03-22 05:00:00,TRAN-PUB,load,2970.84,YZ,MW
2045-03-23 06:00:00,TRAN-PRV,load,780.0,YZ,MW
2045-03-24 07:00:00,TRAN-PUB,load,2970.84,YZ,MW
2045-03-25 08:00:00,TRAN-PRV,load,448.5,YZ,MW
2045-03-26 09:00:00,TRAN-PUB,load,2970.84,YZ,MW
2045-03-27 10:00:00,TRAN-PRV,load,1472.25,YZ,MW
2045-03-28 11:00:00,TRAN-PUB,load,2970.84,YZ,MW
2045-03-29 12:00:00,TRAN-PRV,load,1550.25,YZ,MW
2045-03-30 13:00:00,TRAN-PUB,load,2970.84,YZ,MW
2045-03-31 14:00:00,TRAN-PRV,load,1433.25,YZ,MW
2045-04-01 15:00:00,TRAN-PUB,load,2970.84,YZ,MW
2045-04-02 16:00:00,TRAN-PRV,load,1218.75,YZ,MW
2045-04-03 17:00:00,TRAN-PUB,load,2970.84,YZ,MW
2045-04-04 18:00:00,TRAN-PRV,load,1043.25,YZ,MW
2045-04-05 19:00:00,TRAN-PUB,load,2970.84,YZ,MW
2045-04-06 20:00:00,TRAN-PRV,load,390.0,YZ,MW
2045-04-07 21:00:00,TRAN-PUB,load,2970.84,YZ,MW
2045-04-08 22:00:00,TRAN-PRV,load,331.5,YZ,MW
2045-04-09 23:00:00,TRAN-PUB,load,2970.84,YZ,MW
2045-04-11 00:00:00,TRAN-PRV,load,877.5,YZ,MW
2045-04-12 01:00:00,TRAN-PUB,load,2970.84,YZ,MW
2045-04-13 02:00:00,TRAN-PRV,load,897.0,YZ,MW
2045-04-14 03:00:00,TRAN-PUB,load,2970.84,YZ,MW
2045-04-15 04:00:00,TRAN-PRV,load,838.5,YZ,MW
2045-04-16 05:00:00,TRAN-PUB,load,2970.84,YZ,MW
2045-04-17 06:00:00,TRAN-PRV,load,770.25,YZ,MW
2045-04-18 07:00:00,TRAN-PUB,load,2970.84,YZ,MW
2045-04-19 08:00:00,TRAN-PRV,load,555.75,YZ,MW
2045-04-20 09:00:00,TRAN-PUB,load,2970.84,YZ,MW
2045-04-21 10:00:00,TRAN-PRV,load,146.25,YZ,MW
2045-04-22 11:00:00,TRAN-PUB,load,2970.84,YZ,MW
2045-04-23 12:00:00,TRAN-PRV,load,1384.5000000000002,YZ,MW
2045-04-24 13:00:00,TRAN-PUB,load,2970.84,YZ,MW
2045-04-25 14:00:00,TRAN-PRV,load,1725.75,YZ,MW
2045-04-26 15:00:00,TRAN-PUB,load,2970.84,YZ,MW
2045-04-27 16:00:00,TRAN-PRV,load,1706.25,YZ,MW
2045-04-28 17:00:00,TRAN-PUB,load,2970.84,YZ,MW
2045-04-29 18:00:00,TRAN-PRV,load,1647.75,YZ,MW
2045-04-30 19:00:00,TRAN-PUB,load,2970.84,YZ,MW
2045-05-01 20:00:00,TRAN-PRV,load,1501.5,YZ,MW
2045-05-02 21:00:00,TRAN-PUB,load,2970.84,YZ,MW
2045-05-03 22:00:00,TRAN-PRV,load,897.0,YZ,MW
2045-05-04 23:00:00,TRAN-PUB,load,2970.84,YZ,MW
2045-05-06 00:00:00,TRAN-PRV,load,487.5,YZ,MW
2045-05-07 01:00:00,TRAN-PUB,load,2970.84,YZ,MW
2045-05-08 02:00:00,TRAN-PRV,load,1569.75,YZ,MW
2045-05-09 03:00:00,TRAN-PUB,load,2970.84,YZ,MW
2045-05-10 04:00:00,TRAN-PRV,load,1813.5,YZ,MW
2045-05-11 05:00:00,TRAN-PUB,load,2970.84,YZ,MW
2045-05-12 06:00:00,TRAN-PRV,load,1920.7499999999998,YZ,MW
2045-05-13 07:00:00,TRAN-PUB,load,2970.84,YZ,MW
2045-05-14 08:00:00,TRAN-PRV,load,1911.0,YZ,MW
2045-05-15 09:00:00,TRAN-PUB,load,2970.84,YZ,MW
2045-05-16 10:00:00,TRAN-PRV,load,1589.25,YZ,MW
2045-05-17 11:00:00,TRAN-PUB,load,2970.84,YZ,MW
2045-05-18 12:00:00,TRAN-PRV,load,721.5,YZ,MW
2045-05-19 13:00:00,TRAN-PUB,load,2970.84,YZ,MW
2045-05-20 14:00:00,TRAN-PRV,load,448.5,YZ,MW
2045-05-21 15:00:00,TRAN-PUB,load,2970.84,YZ,MW
2045-05-22 16:00:00,TRAN-PRV,load,1179.75,YZ,MW
2045-05-23 17:00:00,TRAN-PUB,load,2970.84,YZ,MW
2045-05-24 18:00:00,TRAN-PRV,load,1179.75,YZ,MW
2045-05-25 19:00:00,TRAN-PUB,load,2970.84,YZ,MW
2045-05-26 20:00:00,TRAN-PRV,load,1140.75,YZ,MW
2045-05-27 21:00:00,TRAN-PUB,load,2970.84,YZ,MW
2045-05-28 22:00:00,TRAN-PRV,load,1033.5,YZ,MW
2045-05-29 23:00:00,TRAN-PUB,load,2970.84,YZ,MW
2045-05-31 00:00:00,TRAN-PRV,load,770.25,YZ,MW
2045-06-01 01:00:00,TRAN-PUB,load,2970.84,YZ,MW
2045-06-02 02:00:00,TRAN-PRV,load,243.75,YZ,MW
2045-06-03 03:00:00,TRAN-PUB,load,2970.84,YZ,MW
2045-06-04 04:00:00,TRAN-PRV,load,429.0,YZ,MW
2045-06-05 05:00:00,TRAN-PUB,load,2970.84,YZ,MW
2045-06-06 06:00:00,TRAN-PRV,load,819.0,YZ,MW
2045-06-07 07:00:00,TRAN-PUB,load,2970.84,YZ,MW
2045-06-08 08:00:00,TRAN-PRV,load,975.0,YZ,MW
2045-06-09 09:00:00,TRAN-PUB,load,2970.84,YZ,MW
2045-06-10 10:00:00,TRAN-PRV,load,1355.25,YZ,MW
2045-06-11 11:00:00,TRAN-PUB,load,2970.84,YZ,MW
2045-06-12 12:00:00,TRAN-PRV,load,1638.0,YZ,MW
2045-06-13 13:00:00,TRAN-PUB,load,2970.84,YZ,MW
2045-06-14 14:00:00,TRAN-PRV,load,877.5,YZ,MW
2045-06-15 15:00:00,TRAN-PUB,load,2970.84,YZ,MW
2045-06-16 16:00:00,TRAN-PRV,load,273.0,YZ,MW
2045-06-17 17:00:00,TRAN-PUB,load,2970.84,YZ,MW
2045-06-18 18:00:00,TRAN-PRV,load,1589.25,YZ,MW
2045-06-19 19:00:00,TRAN-PUB,load,2970.84,YZ,MW
2045-06-20 20:00:00,TRAN-PRV,load,1755.0,YZ,MW
2045-06-21 21:00:00,TRAN-PUB,load,2970.84,YZ,MW
2045-06-22 22:00:00,TRAN-PRV,load,1803.75,YZ,MW
2045-06-23 23:00:00,TRAN-PUB,load,2970.84,YZ,MW
2045-06-25 00:00:00,TRAN-PRV,load,1764.75,YZ,MW
2045-06-26 01:00:00,TRAN-PUB,load,2970.84,YZ,MW
2045-06-27 02:00:00,TRAN-PRV,load,653.25,YZ,MW
2045-06-28 03:00:00,TRAN-PUB,load,2970.84,YZ,MW
2045-06-29 04:00:00,TRAN-PRV,load,780.0,YZ,MW
2045-06-30 05:00:00,TRAN-PUB,load,2970.84,YZ,MW
2045-07-01 06:00:00,TRAN-PRV,load,458.25,YZ,MW
2045-07-02 07:00:00,TRAN-PUB,load,2970.84,YZ,MW
2045-07-03 08:00:00,TRAN-PRV,load,663.0,YZ,MW
2045-07-04 09:00:00,TRAN-PUB,load,2970.84,YZ,MW
2045-07-05 10:00:00,TRAN-PRV,load,1667.25,YZ,MW
2045-07-06 11:00:00,TRAN-PUB,load,2970.84,YZ,MW
2045-07-07 12:00:00,TRAN-PRV,load,1696.5,YZ,MW
2045-07-08 13:00:00,TRAN-PUB,load,2970.84,YZ,MW
2045-07-09 14:00:00,TRAN-PRV,load,1511.25,YZ,MW
2045-07-10 15:00:00,TRAN-PUB,load,2970.84,YZ,MW
2045-07-11 16:00:00,TRAN-PRV,load,1248.0,YZ,MW
2045-07-12 17:00:00,TRAN-PUB,load,2970.84,YZ,MW
2045-07-13 18:00:00,TRAN-PRV,load,546.0,YZ,MW
2045-07-14 19:00:00,TRAN-PUB,load,2970.84,YZ,MW
2045-07-15 20:00:00,TRAN-PRV,load,390.0,YZ,MW
2045-07-16 21:00:00,TRAN-PUB,load,2970.84,YZ,MW
2045-07-17 22:00:00,TRAN-PRV,load,975.0,YZ,MW
2045-07-18 23:00:00,TRAN-PUB,load,2970.84,YZ,MW
2045-07-20 00:00:00,TRAN-PRV,load,975.0,YZ,MW
2045-07-21 01:00:00,TRAN-PUB,load,2970.84,YZ,MW
2045-07-22 02:00:00,TRAN-PRV,load,936.0,YZ,MW
2045-07-23 03:00:00,TRAN-PUB,load,2970.84,YZ,MW
2045-07-24 04:00:00,TRAN-PRV,load,848.25,YZ,MW
2045-07-25 05:00:00,TRAN-PUB,load,2970.84,YZ,MW
2045-07-26 06:00:00,TRAN-PRV,load,585.0,YZ,MW
2045-07-27 07:00:00,TRAN-PUB,load,2970.84,YZ,MW
2045-07-28 08:00:00,TRAN-PRV,load,165.75,YZ,MW
2045-07-29 09:00:00,TRAN-PUB,load,2970.84,YZ,MW
2045-07-30 10:00:00,TRAN-PRV,load,1189.5,YZ,MW
2045-07-31 11:00:00,TRAN-PUB,load,2970.84,YZ,MW
2045-08-01 12:00:00,TRAN-PRV,load,1823.2499999999998,YZ,MW
2045-08-02 13:00:00,TRAN-PUB,load,2970.84,YZ,MW
2045-08-03 14:00:00,TRAN-PRV,load,1911.0,YZ,MW
2045-08-04 15:00:00,TRAN-PUB,load,2970.84,YZ,MW
2045-08-05 16:00:00,TRAN-PRV,load,1842.75,YZ,MW
2045-08-06 17:00:00,TRAN-PUB,load,2970.84,YZ,MW
2045-08-07 18:00:00,TRAN-PRV,load,1667.25,YZ,MW
2045-08-08 19:00:00,TRAN-PUB,load,2970.84,YZ,MW
2045-08-09 20:00:00,TRAN-PRV,load,984.75,YZ,MW
2045-08-10 21:00:00,TRAN-PUB,load,2970.84,YZ,MW
2045-08-11 22:00:00,TRAN-PRV,load,526.5,YZ,MW
2045-08-12 23:00:00,TRAN-PUB,load,2970.84,YZ,MW
2045-08-14 00:00:00,TRAN-PRV,load,1667.25,YZ,MW
2045-08-15 01:00:00,TRAN-PUB,load,2970.84,YZ,MW
2045-08-16 02:00:00,TRAN-PRV,load,1862.25,YZ,MW
2045-08-17 03:00:00,TRAN-PUB,load,2970.84,YZ,MW
2045-08-18 04:00:00,TRAN-PRV,load,1979.25,YZ,MW
2045-08-19 05:00:00,TRAN-PUB,load,2970.84,YZ,MW
2045-08-20 06:00:00,TRAN-PRV,load,1979.25,YZ,MW
2045-08-21 07:00:00,TRAN-PUB,load,2970.84,YZ,MW
2045-08-22 08:00:00,TRAN-PRV,load,1764.75,YZ,MW
2045-08-23 09:00:00,TRAN-PUB,load,2970.84,YZ,MW
2045-08-24 10:00:00,TRAN-PRV,load,838.5,YZ,MW
2045-08-25 11:00:00,TRAN-PUB,load,2970.84,YZ,MW
2045-08-26 12:00:00,TRAN-PRV,load,555.75,YZ,MW
2045-08-27 13:00:00,TRAN-PUB,load,2970.84,YZ,MW
2045-08-28 14:00:00,TRAN-PRV,load,1170.0,YZ,MW
2045-08-29 15:00:00,TRAN-PUB,load,2970.84,YZ,MW
2045-08-30 16:00:00,TRAN-PRV,load,429.0,YZ,MW
2045-08-31 17:00:00,TRAN-PUB,load,2970.84,YZ,MW
2045-09-01 18:00:00,TRAN-PRV,load,1150.5,YZ,MW
2045-09-02 19:00:00,TRAN-PUB,load,2970.84,YZ,MW
2045-09-03 20:00:00,TRAN-PRV,load,1131.0,YZ,MW
2045-09-04 21:00:00,TRAN-PUB,load,2970.84,YZ,MW
2045-09-05 22:00:00,TRAN-PRV,load,916.5,YZ,MW
2045-09-06 23:00:00,TRAN-PUB,load,2970.84,YZ,MW
2045-09-08 00:00:00,TRAN-PRV,load,331.5,YZ,MW
2045-09-09 01:00:00,TRAN-PUB,load,2970.84,YZ,MW
2045-09-10 02:00:00,TRAN-PRV,load,429.0,YZ,MW
2045-09-11 03:00:00,TRAN-PUB,load,2970.84,YZ,MW
2045-09-12 04:00:00,TRAN-PRV,load,858.0,YZ,MW
2045-09-13 05:00:00,TRAN-PUB,load,2970.84,YZ,MW
2045-09-14 06:00:00,TRAN-PRV,load,897.0,YZ,MW
2045-09-15 07:00:00,TRAN-PUB,load,2970.84,YZ,MW
2045-09-16 08:00:00,TRAN-PRV,load,536.25,YZ,MW
2045-09-17 09:00:00,TRAN-PUB,load,2970.84,YZ,MW
2045-09-18 10:00:00,TRAN-PRV,load,1160.25,YZ,MW
2045-09-19 11:00:00,TRAN-PUB,load,2970.84,YZ,MW
2045-09-20 12:00:00,TRAN-PRV,load,721.5,YZ,MW
2045-09-21 13:00:00,TRAN-PUB,load,2970.84,YZ,MW
2045-09-22 14:00:00,TRAN-PRV,load,214.5,YZ,MW
2045-09-23 15:00:00,TRAN-PUB,load,2970.84,YZ,MW
2045-09-24 16:00:00,TRAN-PRV,load,1608.75,YZ,MW
2045-09-25 17:00:00,TRAN-PUB,load,2970.84,YZ,MW
2045-09-26 18:00:00,TRAN-PRV,load,1842.75,YZ,MW
2045-09-27 19:00:00,TRAN-PUB,load,2970.84,YZ,MW
2045-09-28 20:00:00,TRAN-PRV,load,1813.5,YZ,MW
2045-09-29 21:00:00,TRAN-PUB,load,2970.84,YZ,MW
2045-09-30 22:00:00,TRAN-PRV,load,1794.0,YZ,MW
2045-10-01 23:00:00,TRAN-PUB,load,2970.84,YZ,MW
2045-10-03 00:00:00,TRAN-PRV,load,1813.5,YZ,MW
2045-10-04 01:00:00,TRAN-PUB,load,2970.84,YZ,MW
2045-10-05 02:00:00,TRAN-PRV,load,1004.25,YZ,MW
2045-10-06 03:00:00,TRAN-PUB,load,2970.84,YZ,MW
2045-10-07 04:00:00,TRAN-PRV,load,507.0,YZ,MW
2045-10-08 05:00:00,TRAN-PUB,load,2970.84,YZ,MW
2045-10-09 06:00:00,TRAN-PRV,load,624.0,YZ,MW
2045-10-10 07:00:00,TRAN-PUB,load,2970.84,YZ,MW
2045-10-11 08:00:00,TRAN-PRV,load,1833.0,YZ,MW
2045-10-12 09:00:00,TRAN-PUB,load,2970.84,YZ,MW
2045-10-13 10:00:00,TRAN-PRV,load,1901.25,YZ,MW
2045-10-14 11:00:00,TRAN-PUB,load,2970.84,YZ,MW
2045-10-15 12:00:00,TRAN-PRV,load,1745.2499999999998,YZ,MW
2045-10-16 13:00:00,TRAN-PUB,load,2970.84,YZ,MW
2045-10-17 14:00:00,TRAN-PRV,load,1374.75,YZ,MW
2045-10-18 15:00:00,TRAN-PUB,load,2970.84,YZ,MW
2045-10-19 16:00:00,TRAN-PRV,load,604.5,YZ,MW
2045-10-20 17:00:00,TRAN-PUB,load,2970.84,YZ,MW
2045-10-21 18:00:00,TRAN-PRV,load,360.75,YZ,MW
2045-10-22 19:00:00,TRAN-PUB,load,2970.84,YZ,MW
2045-10-23 20:00:00,TRAN-PRV,load,1082.25,YZ,MW
2045-10-24 21:00:00,TRAN-PUB,load,2970.84,YZ,MW
2045-10-25 22:00:00,TRAN-PRV,load,1082.25,YZ,MW
2045-10-26 23:00:00,TRAN-PUB,load,2970.84,YZ,MW
2045-10-28 00:00:00,TRAN-PRV,load,906.75,YZ,MW
2045-10-29 01:00:00,TRAN-PUB,load,2970.84,YZ,MW
2045-10-30 02:00:00,TRAN-PRV,load,604.5,YZ,MW
2045-10-31 03:00:00,TRAN-PUB,load,2970.84,YZ,MW
2045-11-01 04:00:00,TRAN-PRV,load,633.75,YZ,MW
2045-11-02 05:00:00,TRAN-PUB,load,2970.84,YZ,MW
2045-11-03 06:00:00,TRAN-PRV,load,195.0,YZ,MW
2045-11-04 07:00:00,TRAN-PUB,load,2970.84,YZ,MW
2045-11-05 08:00:00,TRAN-PRV,load,819.0,YZ,MW
2045-11-06 09:00:00,TRAN-PUB,load,2970.84,YZ,MW
2045-11-07 10:00:00,TRAN-PRV,load,1433.25,YZ,MW
2045-11-08 11:00:00,TRAN-PUB,load,2970.84,YZ,MW
2045-11-09 12:00:00,TRAN-PRV,load,1842.75,YZ,MW
2045-11-10 13:00:00,TRAN-PUB,load,2970.84,YZ,MW
2045-11-11 14:00:00,TRAN-PRV,load,1803.75,YZ,MW
2045-11-12 15:00:00,TRAN-PUB,load,2970.84,YZ,MW
2045-11-13 16:00:00,TRAN-PRV,load,1872.0,YZ,MW
2045-11-14 17:00:00,TRAN-PUB,load,2970.84,YZ,MW
2045-11-15 18:00:00,TRAN-PRV,load,1696.5,YZ,MW
2045-11-16 19:00:00,TRAN-PUB,load,2970.84,YZ,MW
2045-11-17 20:00:00,TRAN-PRV,load,994.5,YZ,MW
2045-11-18 21:00:00,TRAN-PUB,load,2970.84,YZ,MW
2045-11-19 22:00:00,TRAN-PRV,load,497.25,YZ,MW
2045-11-20 23:00:00,TRAN-PUB,load,2970.84,YZ,MW
2045-11-22 00:00:00,TRAN-PRV,load,1618.5,YZ,MW
2045-11-23 01:00:00,TRAN-PUB,load,2970.84,YZ,MW
2045-11-24 02:00:00,TRAN-PRV,load,1774.5,YZ,MW
2045-11-25 03:00:00,TRAN-PUB,load,2970.84,YZ,MW
2045-11-26 04:00:00,TRAN-PRV,load,1852.5,YZ,MW
2045-11-27 05:00:00,TRAN-PUB,load,2970.84,YZ,MW
2045-11-28 06:00:00,TRAN-PRV,load,1911.0,YZ,MW
2045-11-29 07:00:00,TRAN-PUB,load,2970.84,YZ,MW
2045-11-30 08:00:00,TRAN-PRV,load,1764.75,YZ,MW
2045-12-01 09:00:00,TRAN-PUB,load,2970.84,YZ,MW
2045-12-02 10:00:00,TRAN-PRV,load,828.75,YZ,MW
2045-12-03 11:00:00,TRAN-PUB,load,2970.84,YZ,MW
2045-12-04 12:00:00,TRAN-PRV,load,546.0,YZ,MW
2045-12-05 13:00:00,TRAN-PUB,load,2970.84,YZ,MW
2045-12-06 14:00:00,TRAN-PRV,load,1530.75,YZ,MW
2045-12-07 15:00:00,TRAN-PUB,load,2970.84,YZ,MW
2045-12-08 16:00:00,TRAN-PRV,load,1452.75,YZ,MW
2045-12-09 17:00:00,TRAN-PUB,load,2970.84,YZ,MW
2045-12-10 18:00:00,TRAN-PRV,load,1316.25,YZ,MW
2045-12-11 19:00:00,TRAN-PUB,load,2970.84,YZ,MW
2045-12-12 20:00:00,TRAN-PRV,load,1209.0,YZ,MW
2045-12-13 21:00:00,TRAN-PUB,load,2970.84,YZ,MW
2045-12-14 22:00:00,TRAN-PRV,load,1033.5,YZ,MW
2045-12-15 23:00:00,TRAN-PUB,load,2970.84,YZ,MW
2045-12-17 00:00:00,TRAN-PRV,load,399.75,YZ,MW
2045-12-18 01:00:00,TRAN-PUB,load,2970.84,YZ,MW
2045-12-19 02:00:00,TRAN-PRV,load,409.5,YZ,MW
2045-12-20 03:00:00,TRAN-PUB,load,2970.84,YZ,MW
2045-12-21 04:00:00,TRAN-PRV,load,867.75,YZ,MW
2045-12-22 05:00:00,TRAN-PUB,load,2970.84,YZ,MW
2045-12-23 06:00:00,TRAN-PRV,load,867.75,YZ,MW
2045-12-24 07:00:00,TRAN-PUB,load,2970.84,YZ,MW
2045-12-25 08:00:00,TRAN-PRV,load,877.5,YZ,MW
2045-12-26 09:00:00,TRAN-PUB,load,2970.84,YZ,MW
2045-12-27 10:00:00,TRAN-PRV,load,975.0,YZ,MW
2045-12-28 11:00:00,TRAN-PUB,load,2970.84,YZ,MW
2045-12-29 12:00:00,TRAN-PRV,load,672.75,YZ,MW
2045-12-30 13:00:00,TRAN-PUB,load,2970.84,YZ,MW
2045-12-31 14:00:00,TRAN-PRV,load,214.5,YZ,MW
2046-01-01 15:00:00,TRAN-PUB,load,2970.84,YZ,MW
2046-01-02 16:00:00,TRAN-PRV,load,1599.0,YZ,MW
2046-01-03 17:00:00,TRAN-PUB,load,2970.84,YZ,MW
2046-01-04 18:00:00,TRAN-PRV,load,1735.5,YZ,MW
2046-01-05 19:00:00,TRAN-PUB,load,2970.84,YZ,MW
2046-01-06 20:00:00,TRAN-PRV,load,1755.0,YZ,MW
2046-01-07 21:00:00,TRAN-PUB,load,2970.84,YZ,MW
2046-01-08 22:00:00,TRAN-PRV,load,1725.75,YZ,MW
2046-01-09 23:00:00,TRAN-PUB,load,2970.84,YZ,MW
2046-01-11 00:00:00,TRAN-PRV,load,1677.0,YZ,MW
2046-01-12 01:00:00,TRAN-PUB,load,2970.84,YZ,MW
2046-01-13 02:00:00,TRAN-PRV,load,828.75,YZ,MW
2046-01-14 03:00:00,TRAN-PUB,load,2970.84,YZ,MW
2046-01-15 04:00:00,TRAN-PRV,load,624.0,YZ,MW
2046-01-16 05:00:00,TRAN-PUB,load,2970.84,YZ,MW
2046-01-17 06:00:00,TRAN-PRV,load,1677.0,YZ,MW
2046-01-18 07:00:00,TRAN-PUB,load,2970.84,YZ,MW
2046-01-19 08:00:00,TRAN-PRV,load,1872.0,YZ,MW
2046-01-20 09:00:00,TRAN-PUB,load,2970.84,YZ,MW
2046-01-21 10:00:00,TRAN-PRV,load,1901.25,YZ,MW
2046-01-22 11:00:00,TRAN-PUB,load,2970.84,YZ,MW
2046-01-23 12:00:00,TRAN-PRV,load,1764.75,YZ,MW
2046-01-24 13:00:00,TRAN-PUB,load,2970.84,YZ,MW
2046-01-25 14:00:00,TRAN-PRV,load,1452.75,YZ,MW
2046-01-26 15:00:00,TRAN-PUB,load,2970.84,YZ,MW
2046-01-27 16:00:00,TRAN-PRV,load,546.0,YZ,MW
2046-01-28 17:00:00,TRAN-PUB,load,2970.84,YZ,MW
2046-01-29 18:00:00,TRAN-PRV,load,487.5,YZ,MW
2046-01-30 19:00:00,TRAN-PUB,load,2970.84,YZ,MW
2046-01-31 20:00:00,TRAN-PRV,load,1072.5,YZ,MW
2046-02-01 21:00:00,TRAN-PUB,load,2970.84,YZ,MW
2046-02-02 22:00:00,TRAN-PRV,load,1101.75,YZ,MW
2046-02-03 23:00:00,TRAN-PUB,load,2970.84,YZ,MW
2046-02-05 00:00:00,TRAN-PRV,load,1023.75,YZ,MW
2046-02-06 01:00:00,TRAN-PUB,load,2970.84,YZ,MW
2046-02-07 02:00:00,TRAN-PRV,load,936.0,YZ,MW
2046-02-08 03:00:00,TRAN-PUB,load,2970.84,YZ,MW
2046-02-09 04:00:00,TRAN-PRV,load,721.5,YZ,MW
2046-02-10 05:00:00,TRAN-PUB,load,2970.84,YZ,MW
2046-02-11 06:00:00,TRAN-PRV,load,234.0,YZ,MW
2046-02-12 07:00:00,TRAN-PUB,load,2970.84,YZ,MW
2046-02-13 08:00:00,TRAN-PRV,load,575.25,YZ,MW
2046-02-14 09:00:00,TRAN-PUB,load,2970.84,YZ,MW
2046-02-15 10:00:00,TRAN-PRV,load,945.75,YZ,MW
2046-02-16 11:00:00,TRAN-PUB,load,2970.84,YZ,MW
2046-02-17 12:00:00,TRAN-PRV,load,1316.25,YZ,MW
2046-02-18 13:00:00,TRAN-PUB,load,2970.84,YZ,MW
2046-02-19 14:00:00,TRAN-PRV,load,1667.25,YZ,MW
2046-02-20 15:00:00,TRAN-PUB,load,2970.84,YZ,MW
2046-02-21 16:00:00,TRAN-PRV,load,1579.5,YZ,MW
2046-02-22 17:00:00,TRAN-PUB,load,2970.84,YZ,MW
2046-02-23 18:00:00,TRAN-PRV,load,702.0,YZ,MW
2046-02-24 19:00:00,TRAN-PUB,load,2970.84,YZ,MW
2046-02-25 20:00:00,TRAN-PRV,load,438.75,YZ,MW
2046-02-26 21:00:00,TRAN-PUB,load,2970.84,YZ,MW
2046-02-27 22:00:00,TRAN-PRV,load,1511.25,YZ,MW
2046-02-28 23:00:00,TRAN-PUB,load,2970.84,YZ,MW
2046-03-02 00:00:00,TRAN-PRV,load,1628.25,YZ,MW
2046-03-03 01:00:00,TRAN-PUB,load,2970.84,YZ,MW
2046-03-04 02:00:00,TRAN-PRV,load,1657.5,YZ,MW
2046-03-05 03:00:00,TRAN-PUB,load,2970.84,YZ,MW
2046-03-06 04:00:00,TRAN-PRV,load,1667.25,YZ,MW
2046-03-07 05:00:00,TRAN-PUB,load,2970.84,YZ,MW
2046-03-08 06:00:00,TRAN-PRV,load,1638.0,YZ,MW
2046-03-09 07:00:00,TRAN-PUB,load,2970.84,YZ,MW
2046-03-10 08:00:00,TRAN-PRV,load,731.2499999999999,YZ,MW
2046-03-11 09:00:00,TRAN-PUB,load,2970.84,YZ,MW
2046-03-12 10:00:00,TRAN-PRV,load,624.0,YZ,MW
2046-03-13 11:00:00,TRAN-PUB,load,2970.84,YZ,MW
2046-03-14 12:00:00,TRAN-PRV,load,1569.75,YZ,MW
2046-03-15 13:00:00,TRAN-PUB,load,2970.84,YZ,MW
2046-03-16 14:00:00,TRAN-PRV,load,1540.5,YZ,MW
2046-03-17 15:00:00,TRAN-PUB,load,2970.84,YZ,MW
2046-03-18 16:00:00,TRAN-PRV,load,1374.75,YZ,MW
2046-03-19 17:00:00,TRAN-PUB,load,2970.84,YZ,MW
2046-03-20 18:00:00,TRAN-PRV,load,1218.75,YZ,MW
2046-03-21 19:00:00,TRAN-PUB,load,2970.84,YZ,MW
2046-03-22 20:00:00,TRAN-PRV,load,1053.0,YZ,MW
2046-03-23 21:00:00,TRAN-PUB,load,2970.84,YZ,MW
2046-03-24 22:00:00,TRAN-PRV,load,448.5,YZ,MW
2046-03-25 23:00:00,TRAN-PUB,load,2970.84,YZ,MW
2046-03-27 00:00:00,TRAN-PRV,load,399.75,YZ,MW
2046-03-28 01:00:00,TRAN-PUB,load,2970.84,YZ,MW
2046-03-29 02:00:00,TRAN-PRV,load,828.75,YZ,MW
2046-03-30 03:00:00,TRAN-PUB,load,2970.84,YZ,MW
2046-03-31 04:00:00,TRAN-PRV,load,799.5,YZ,MW
2046-04-01 05:00:00,TRAN-PUB,load,2970.84,YZ,MW
2046-04-02 06:00:00,TRAN-PRV,load,682.5,YZ,MW
2046-04-03 07:00:00,TRAN-PUB,load,2970.84,YZ,MW
2046-04-04 08:00:00,TRAN-PRV,load,731.2499999999999,YZ,MW
2046-04-05 09:00:00,TRAN-PUB,load,2970.84,YZ,MW
2046-04-06 10:00:00,TRAN-PRV,load,565.5,YZ,MW
2046-04-07 11:00:00,TRAN-PUB,load,2970.84,YZ,MW
2046-04-08 12:00:00,TRAN-PRV,load,204.75,YZ,MW
2046-04-09 13:00:00,TRAN-PUB,load,2970.84,YZ,MW
2046-04-10 14:00:00,TRAN-PRV,load,1472.25,YZ,MW
2046-04-11 15:00:00,TRAN-PUB,load,2970.84,YZ,MW
2046-04-12 16:00:00,TRAN-PRV,load,1735.5,YZ,MW
2046-04-13 17:00:00,TRAN-PUB,load,2970.84,YZ,MW
2046-04-14 18:00:00,TRAN-PRV,load,1686.75,YZ,MW
2046-04-15 19:00:00,TRAN-PUB,load,2970.84,YZ,MW
2046-04-16 20:00:00,TRAN-PRV,load,1706.25,YZ,MW
2046-04-17 21:00:00,TRAN-PUB,load,2970.84,YZ,MW
2046-04-18 22:00:00,TRAN-PRV,load,1589.25,YZ,MW
2046-04-19 23:00:00,TRAN-PUB,load,2970.84,YZ,MW
2046-04-21 00:00:00,TRAN-PRV,load,848.25,YZ,MW
2046-04-22 01:00:00,TRAN-PUB,load,2970.84,YZ,MW
2046-04-23 02:00:00,TRAN-PRV,load,643.5,YZ,MW
2046-04-24 03:00:00,TRAN-PUB,load,2970.84,YZ,MW
2046-04-25 04:00:00,TRAN-PRV,load,1608.75,YZ,MW
2046-04-26 05:00:00,TRAN-PUB,load,2970.84,YZ,MW
2046-04-27 06:00:00,TRAN-PRV,load,1784.25,YZ,MW
2046-04-28 07:00:00,TRAN-PUB,load,2970.84,YZ,MW
2046-04-29 08:00:00,TRAN-PRV,load,1852.5,YZ,MW
2046-04-30 09:00:00,TRAN-PUB,load,2970.84,YZ,MW
2046-05-01 10:00:00,TRAN-PRV,load,1833.0,YZ,MW
2046-05-02 11:00:00,TRAN-PUB,load,2970.84,YZ,MW
2046-05-03 12:00:00,TRAN-PRV,load,1560.0,YZ,MW
2046-05-04 13:00:00,TRAN-PUB,load,2970.84,YZ,MW
2046-05-05 14:00:00,TRAN-PRV,load,760.5,YZ,MW
2046-05-06 15:00:00,TRAN-PUB,load,2970.84,YZ,MW
2046-05-07 16:00:00,TRAN-PRV,load,575.25,YZ,MW
2046-05-08 17:00:00,TRAN-PUB,load,2970.84,YZ,MW
2046-05-09 18:00:00,TRAN-PRV,load,1150.5,YZ,MW
2046-05-10 19:00:00,TRAN-PUB,load,2970.84,YZ,MW
2046-05-11 20:00:00,TRAN-PRV,load,1160.25,YZ,MW
2046-05-12 21:00:00,TRAN-PUB,load,2970.84,YZ,MW
2046-05-13 22:00:00,TRAN-PRV,load,1121.25,YZ,MW
2046-05-14 23:00:00,TRAN-PUB,load,2970.84,YZ,MW
2046-05-16 00:00:00,TRAN-PRV,load,1014.0,YZ,MW
2046-05-17 01:00:00,TRAN-PUB,load,2970.84,YZ,MW
2046-05-18 02:00:00,TRAN-PRV,load,780.0,YZ,MW
2046-05-19 03:00:00,TRAN-PUB,load,2970.84,YZ,MW
2046-05-20 04:00:00,TRAN-PRV,load,273.0,YZ,MW
2046-05-21 05:00:00,TRAN-PUB,load,2970.84,YZ,MW
2046-05-22 06:00:00,TRAN-PRV,load,458.25,YZ,MW
2046-05-23 07:00:00,TRAN-PUB,load,2970.84,YZ,MW
2046-05-24 08:00:00,TRAN-PRV,load,838.5,YZ,MW
2046-05-25 09:00:00,TRAN-PUB,load,2970.84,YZ,MW
2046-05-26 10:00:00,TRAN-PRV,load,1014.0,YZ,MW
2046-05-27 11:00:00,TRAN-PUB,load,2970.84,YZ,MW
2046-05-28 12:00:00,TRAN-PRV,load,1365.0,YZ,MW
2046-05-29 13:00:00,TRAN-PUB,load,2970.84,YZ,MW
2046-05-30 14:00:00,TRAN-PRV,load,1579.5,YZ,MW
2046-05-31 15:00:00,TRAN-PUB,load,2970.84,YZ,MW
2046-06-01 16:00:00,TRAN-PRV,load,809.25,YZ,MW
2046-06-02 17:00:00,TRAN-PUB,load,2970.84,YZ,MW
2046-06-03 18:00:00,TRAN-PRV,load,312.0,YZ,MW
2046-06-04 19:00:00,TRAN-PUB,load,2970.84,YZ,MW
2046-06-05 20:00:00,TRAN-PRV,load,1579.5,YZ,MW
2046-06-06 21:00:00,TRAN-PUB,load,2970.84,YZ,MW
2046-06-07 22:00:00,TRAN-PRV,load,1725.75,YZ,MW
2046-06-08 23:00:00,TRAN-PUB,load,2970.84,YZ,MW
2046-06-10 00:00:00,TRAN-PRV,load,1755.0,YZ,MW
2046-06-11 01:00:00,TRAN-PUB,load,2970.84,YZ,MW
2046-06-12 02:00:00,TRAN-PRV,load,1755.0,YZ,MW
2046-06-13 03:00:00,TRAN-PUB,load,2970.84,YZ,MW
2046-06-14 04:00:00,TRAN-PRV,load,1774.5,YZ,MW
2046-06-15 05:00:00,TRAN-PUB,load,2970.84,YZ,MW
2046-06-16 06:00:00,TRAN-PRV,load,945.75,YZ,MW
2046-06-17 07:00:00,TRAN-PUB,load,2970.84,YZ,MW
2046-06-18 08:00:00,TRAN-PRV,load,633.75,YZ,MW
2046-06-19 09:00:00,TRAN-PUB,load,2970.84,YZ,MW
2046-06-20 10:00:00,TRAN-PRV,load,1784.25,YZ,MW
2046-06-21 11:00:00,TRAN-PUB,load,2970.84,YZ,MW
2046-06-22 12:00:00,TRAN-PRV,load,1852.5,YZ,MW
2046-06-23 13:00:00,TRAN-PUB,load,2970.84,YZ,MW
2046-06-24 14:00:00,TRAN-PRV,load,1686.75,YZ,MW
2046-06-25 15:00:00,TRAN-PUB,load,2970.84,YZ,MW
2046-06-26 16:00:00,TRAN-PRV,load,1569.75,YZ,MW
2046-06-27 17:00:00,TRAN-PUB,load,2970.84,YZ,MW
2046-06-28 18:00:00,TRAN-PRV,load,1257.75,YZ,MW
2046-06-29 19:00:00,TRAN-PUB,load,2970.84,YZ,MW
2046-06-30 20:00:00,TRAN-PRV,load,516.75,YZ,MW
2046-07-01 21:00:00,TRAN-PUB,load,2970.84,YZ,MW
2046-07-02 22:00:00,TRAN-PRV,load,390.0,YZ,MW
2046-07-03 23:00:00,TRAN-PUB,load,2970.84,YZ,MW
2046-07-05 00:00:00,TRAN-PRV,load,965.25,YZ,MW
2046-07-06 01:00:00,TRAN-PUB,load,2970.84,YZ,MW
2046-07-07 02:00:00,TRAN-PRV,load,877.5,YZ,MW
2046-07-08 03:00:00,TRAN-PUB,load,2970.84,YZ,MW
2046-07-09 04:00:00,TRAN-PRV,load,663.0,YZ,MW
2046-07-10 05:00:00,TRAN-PUB,load,2970.84,YZ,MW
2046-07-11 06:00:00,TRAN-PRV,load,887.25,YZ,MW
2046-07-12 07:00:00,TRAN-PUB,load,2970.84,YZ,MW
2046-07-13 08:00:00,TRAN-PRV,load,614.25,YZ,MW
2046-07-14 09:00:00,TRAN-PUB,load,2970.84,YZ,MW
2046-07-15 10:00:00,TRAN-PRV,load,175.5,YZ,MW
2046-07-16 11:00:00,TRAN-PUB,load,2970.84,YZ,MW
2046-07-17 12:00:00,TRAN-PRV,load,1199.25,YZ,MW
2046-07-18 13:00:00,TRAN-PUB,load,2970.84,YZ,MW
2046-07-19 14:00:00,TRAN-PRV,load,1755.0,YZ,MW
2046-07-20 15:00:00,TRAN-PUB,load,2970.84,YZ,MW
2046-07-21 16:00:00,TRAN-PRV,load,1842.75,YZ,MW
2046-07-22 17:00:00,TRAN-PUB,load,2970.84,YZ,MW
2046-07-23 18:00:00,TRAN-PRV,load,1794.0,YZ,MW
2046-07-24 19:00:00,TRAN-PUB,load,2970.84,YZ,MW
2046-07-25 20:00:00,TRAN-PRV,load,1657.5,YZ,MW
2046-07-26 21:00:00,TRAN-PUB,load,2970.84,YZ,MW
2046-07-27 22:00:00,TRAN-PRV,load,1033.5,YZ,MW
2046-07-28 23:00:00,TRAN-PUB,load,2970.84,YZ,MW
2046-07-30 00:00:00,TRAN-PRV,load,604.5,YZ,MW
2046-07-31 01:00:00,TRAN-PUB,load,2970.84,YZ,MW
2046-08-01 02:00:00,TRAN-PRV,load,1647.75,YZ,MW
2046-08-02 03:00:00,TRAN-PUB,load,2970.84,YZ,MW
2046-08-03 04:00:00,TRAN-PRV,load,1833.0,YZ,MW
2046-08-04 05:00:00,TRAN-PUB,load,2970.84,YZ,MW
2046-08-05 06:00:00,TRAN-PRV,load,1920.7499999999998,YZ,MW
2046-08-06 07:00:00,TRAN-PUB,load,2970.84,YZ,MW
2046-08-07 08:00:00,TRAN-PRV,load,1969.5,YZ,MW
2046-08-08 09:00:00,TRAN-PUB,load,2970.84,YZ,MW
2046-08-09 10:00:00,TRAN-PRV,load,1716.0,YZ,MW
2046-08-10 11:00:00,TRAN-PUB,load,2970.84,YZ,MW
2046-08-11 12:00:00,TRAN-PRV,load,828.75,YZ,MW
2046-08-12 13:00:00,TRAN-PUB,load,2970.84,YZ,MW
2046-08-13 14:00:00,TRAN-PRV,load,624.0,YZ,MW
2046-08-14 15:00:00,TRAN-PUB,load,2970.84,YZ,MW
2046-08-15 16:00:00,TRAN-PRV,load,1335.75,YZ,MW
2046-08-16 17:00:00,TRAN-PUB,load,2970.84,YZ,MW
2046-08-17 18:00:00,TRAN-PRV,load,1306.5,YZ,MW
2046-08-18 19:00:00,TRAN-PUB,load,2970.84,YZ,MW
2046-08-19 20:00:00,TRAN-PRV,load,1218.75,YZ,MW
2046-08-20 21:00:00,TRAN-PUB,load,2970.84,YZ,MW
2046-08-21 22:00:00,TRAN-PRV,load,1150.5,YZ,MW
2046-08-22 23:00:00,TRAN-PUB,load,2970.84,YZ,MW
2046-08-24 00:00:00,TRAN-PRV,load,906.75,YZ,MW
2046-08-25 01:00:00,TRAN-PUB,load,2970.84,YZ,MW
2046-08-26 02:00:00,TRAN-PRV,load,312.0,YZ,MW
2046-08-27 03:00:00,TRAN-PUB,load,2970.84,YZ,MW
2046-08-28 04:00:00,TRAN-PRV,load,419.25,YZ,MW
2046-08-29 05:00:00,TRAN-PUB,load,2970.84,YZ,MW
2046-08-30 06:00:00,TRAN-PRV,load,838.5,YZ,MW
2046-08-31 07:00:00,TRAN-PUB,load,2970.84,YZ,MW
2046-09-01 08:00:00,TRAN-PRV,load,780.0,YZ,MW
2046-09-02 09:00:00,TRAN-PUB,load,2970.84,YZ,MW
2046-09-03 10:00:00,TRAN-PRV,load,536.25,YZ,MW
2046-09-04 11:00:00,TRAN-PUB,load,2970.84,YZ,MW
2046-09-05 12:00:00,TRAN-PRV,load,1131.0,YZ,MW
2046-09-06 13:00:00,TRAN-PUB,load,2970.84,YZ,MW
2046-09-07 14:00:00,TRAN-PRV,load,643.5,YZ,MW
2046-09-08 15:00:00,TRAN-PUB,load,2970.84,YZ,MW
2046-09-09 16:00:00,TRAN-PRV,load,165.75,YZ,MW
2046-09-10 17:00:00,TRAN-PUB,load,2970.84,YZ,MW
2046-09-11 18:00:00,TRAN-PRV,load,1589.25,YZ,MW
2046-09-12 19:00:00,TRAN-PUB,load,2970.84,YZ,MW
2046-09-13 20:00:00,TRAN-PRV,load,1794.0,YZ,MW
2046-09-14 21:00:00,TRAN-PUB,load,2970.84,YZ,MW
2046-09-15 22:00:00,TRAN-PRV,load,1803.75,YZ,MW
2046-09-16 23:00:00,TRAN-PUB,load,2970.84,YZ,MW
2046-09-18 00:00:00,TRAN-PRV,load,1794.0,YZ,MW
2046-09-19 01:00:00,TRAN-PUB,load,2970.84,YZ,MW
2046-09-20 02:00:00,TRAN-PRV,load,1755.0,YZ,MW
2046-09-21 03:00:00,TRAN-PUB,load,2970.84,YZ,MW
2046-09-22 04:00:00,TRAN-PRV,load,906.75,YZ,MW
2046-09-23 05:00:00,TRAN-PUB,load,2970.84,YZ,MW
2046-09-24 06:00:00,TRAN-PRV,load,555.75,YZ,MW
2046-09-25 07:00:00,TRAN-PUB,load,2970.84,YZ,MW
2046-09-26 08:00:00,TRAN-PRV,load,1852.5,YZ,MW
2046-09-27 09:00:00,TRAN-PUB,load,2970.84,YZ,MW
2046-09-28 10:00:00,TRAN-PRV,load,1979.25,YZ,MW
2046-09-29 11:00:00,TRAN-PUB,load,2970.84,YZ,MW
2046-09-30 12:00:00,TRAN-PRV,load,1862.25,YZ,MW
2046-10-01 13:00:00,TRAN-PUB,load,2970.84,YZ,MW
2046-10-02 14:00:00,TRAN-PRV,load,1667.25,YZ,MW
2046-10-03 15:00:00,TRAN-PUB,load,2970.84,YZ,MW
2046-10-04 16:00:00,TRAN-PRV,load,1326.0,YZ,MW
2046-10-05 17:00:00,TRAN-PUB,load,2970.84,YZ,MW
2046-10-06 18:00:00,TRAN-PRV,load,507.0,YZ,MW
2046-10-07 19:00:00,TRAN-PUB,load,2970.84,YZ,MW
2046-10-08 20:00:00,TRAN-PRV,load,312.0,YZ,MW
2046-10-09 21:00:00,TRAN-PUB,load,2970.84,YZ,MW
2046-10-10 22:00:00,TRAN-PRV,load,1072.5,YZ,MW
2046-10-11 23:00:00,TRAN-PUB,load,2970.84,YZ,MW
2046-10-13 00:00:00,TRAN-PRV,load,1062.75,YZ,MW
2046-10-14 01:00:00,TRAN-PUB,load,2970.84,YZ,MW
2046-10-15 02:00:00,TRAN-PRV,load,984.75,YZ,MW
2046-10-16 03:00:00,TRAN-PUB,load,2970.84,YZ,MW
2046-10-17 04:00:00,TRAN-PRV,load,906.75,YZ,MW
2046-10-18 05:00:00,TRAN-PUB,load,2970.84,YZ,MW
2046-10-19 06:00:00,TRAN-PRV,load,624.0,YZ,MW
2046-10-20 07:00:00,TRAN-PUB,load,2970.84,YZ,MW
2046-10-21 08:00:00,TRAN-PRV,load,165.75,YZ,MW
2046-10-22 09:00:00,TRAN-PUB,load,2970.84,YZ,MW
2046-10-23 10:00:00,TRAN-PRV,load,799.5,YZ,MW
2046-10-24 11:00:00,TRAN-PUB,load,2970.84,YZ,MW
2046-10-25 12:00:00,TRAN-PRV,load,1423.5,YZ,MW
2046-10-26 13:00:00,TRAN-PUB,load,2970.84,YZ,MW
2046-10-27 14:00:00,TRAN-PRV,load,1813.5,YZ,MW
2046-10-28 15:00:00,TRAN-PUB,load,2970.84,YZ,MW
2046-10-29 16:00:00,TRAN-PRV,load,1842.75,YZ,MW
2046-10-30 17:00:00,TRAN-PUB,load,2970.84,YZ,MW
2046-10-31 18:00:00,TRAN-PRV,load,1677.0,YZ,MW
2046-11-01 19:00:00,TRAN-PUB,load,2970.84,YZ,MW
2046-11-02 20:00:00,TRAN-PRV,load,906.75,YZ,MW
2046-11-03 21:00:00,TRAN-PUB,load,2970.84,YZ,MW
2046-11-04 22:00:00,TRAN-PRV,load,390.0,YZ,MW
2046-11-05 23:00:00,TRAN-PUB,load,2970.84,YZ,MW
2046-11-07 00:00:00,TRAN-PRV,load,1638.0,YZ,MW
2046-11-08 01:00:00,TRAN-PUB,load,2970.84,YZ,MW
2046-11-09 02:00:00,TRAN-PRV,load,1842.75,YZ,MW
2046-11-10 03:00:00,TRAN-PUB,load,2970.84,YZ,MW
2046-11-11 04:00:00,TRAN-PRV,load,1881.75,YZ,MW
2046-11-12 05:00:00,TRAN-PUB,load,2970.84,YZ,MW
2046-11-13 06:00:00,TRAN-PRV,load,1950.0,YZ,MW
2046-11-14 07:00:00,TRAN-PUB,load,2970.84,YZ,MW
2046-11-15 08:00:00,TRAN-PRV,load,1794.0,YZ,MW
2046-11-16 09:00:00,TRAN-PUB,load,2970.84,YZ,MW
2046-11-17 10:00:00,TRAN-PRV,load,799.5,YZ,MW
2046-11-18 11:00:00,TRAN-PUB,load,2970.84,YZ,MW
2046-11-19 12:00:00,TRAN-PRV,load,555.75,YZ,MW
2046-11-20 13:00:00,TRAN-PUB,load,2970.84,YZ,MW
2046-11-21 14:00:00,TRAN-PRV,load,1550.25,YZ,MW
2046-11-22 15:00:00,TRAN-PUB,load,2970.84,YZ,MW
2046-11-23 16:00:00,TRAN-PRV,load,1482.0,YZ,MW
2046-11-24 17:00:00,TRAN-PUB,load,2970.84,YZ,MW
2046-11-25 18:00:00,TRAN-PRV,load,1355.25,YZ,MW
2046-11-26 19:00:00,TRAN-PUB,load,2970.84,YZ,MW
2046-11-27 20:00:00,TRAN-PRV,load,1257.75,YZ,MW
2046-11-28 21:00:00,TRAN-PUB,load,2970.84,YZ,MW
2046-11-29 22:00:00,TRAN-PRV,load,1062.75,YZ,MW
2046-11-30 23:00:00,TRAN-PUB,load,2970.84,YZ,MW
2046-12-02 00:00:00,TRAN-PRV,load,380.25,YZ,MW
2046-12-03 01:00:00,TRAN-PUB,load,2970.84,YZ,MW
2046-12-04 02:00:00,TRAN-PRV,load,390.0,YZ,MW
2046-12-05 03:00:00,TRAN-PUB,load,2970.84,YZ,MW
2046-12-06 04:00:00,TRAN-PRV,load,897.0,YZ,MW
2046-12-07 05:00:00,TRAN-PUB,load,2970.84,YZ,MW
2046-12-08 06:00:00,TRAN-PRV,load,867.75,YZ,MW
2046-12-09 07:00:00,TRAN-PUB,load,2970.84,YZ,MW
2046-12-10 08:00:00,TRAN-PRV,load,828.75,YZ,MW
2046-12-11 09:00:00,TRAN-PUB,load,2970.84,YZ,MW
2046-12-12 10:00:00,TRAN-PRV,load,809.25,YZ,MW
2046-12-13 11:00:00,TRAN-PUB,load,2970.84,YZ,MW
2046-12-14 12:00:00,TRAN-PRV,load,497.25,YZ,MW
2046-12-15 13:00:00,TRAN-PUB,load,2970.84,YZ,MW
2046-12-16 14:00:00,TRAN-PRV,load,136.5,YZ,MW
2046-12-17 15:00:00,TRAN-PUB,load,2970.84,YZ,MW
2046-12-18 16:00:00,TRAN-PRV,load,273.0,YZ,MW
2046-12-19 17:00:00,TRAN-PUB,load,2970.84,YZ,MW
2046-12-20 18:00:00,TRAN-PRV,load,126.75,YZ,MW
2046-12-21 19:00:00,TRAN-PUB,load,2970.84,YZ,MW
2046-12-22 20:00:00,TRAN-PRV,load,292.5,YZ,MW
2046-12-23 21:00:00,TRAN-PUB,load,2970.84,YZ,MW
2046-12-24 22:00:00,TRAN-PRV,load,945.75,YZ,MW
2046-12-25 23:00:00,TRAN-PUB,load,2970.84,YZ,MW
2046-12-27 00:00:00,TRAN-PRV,load,1014.0,YZ,MW
2046-12-28 01:00:00,TRAN-PUB,load,2970.84,YZ,MW
2046-12-29 02:00:00,TRAN-PRV,load,731.2499999999999,YZ,MW
2046-12-30 03:00:00,TRAN-PUB,load,2970.84,YZ,MW
2046-12-31 04:00:00,TRAN-PRV,load,507.0,YZ,MW
2047-01-01 05:00:00,TRAN-PUB,load,2970.84,YZ,MW
2047-01-02 06:00:00,TRAN-PRV,load,438.75,YZ,MW
2047-01-03 07:00:00,TRAN-PUB,load,2970.84,YZ,MW
2045-01-01 00:00:00,TRAN-PRV,store_discharge,-10.08,YZ,MW
2045-01-02 01:00:00,TRAN-PUB,store_discharge,0.0,YZ,MW
2045-01-03 02:00:00,TRAN-PRV,store_discharge,10.08,YZ,MW
2045-01-04 03:00:00,TRAN-PUB,store_discharge,0.0,YZ,MW
2045-01-05 04:00:00,TRAN-PRV,store_discharge,0.0,YZ,MW
2045-01-06 05:00:00,TRAN-PUB,store_discharge,0.0,YZ,MW
2045-01-07 06:00:00,TRAN-PRV,store_discharge,0.0,YZ,MW
2045-01-08 07:00:00,TRAN-PUB,store_discharge,0.0,YZ,MW
2045-01-09 08:00:00,TRAN-PRV,store_discharge,0.0,YZ,MW
2045-01-10 09:00:00,TRAN-PUB,store_discharge,0.0,YZ,MW
2045-01-11 10:00:00,TRAN-PRV,store_discharge,0.0,YZ,MW
2045-01-12 11:00:00,TRAN-PUB,store_discharge,0.0,YZ,MW
2045-01-13 12:00:00,TRAN-PRV,store_discharge,-10.8,YZ,MW
2045-01-14 13:00:00,TRAN-PUB,store_discharge,-3.6,YZ,MW
2045-01-15 14:00:00,TRAN-PRV,store_discharge,10.8,YZ,MW
2045-01-16 15:00:00,TRAN-PUB,store_discharge,3.6,YZ,MW
2045-01-17 16:00:00,TRAN-PRV,store_discharge,0.0,YZ,MW
2045-01-18 17:00:00,TRAN-PUB,store_discharge,0.0,YZ,MW
2045-01-19 18:00:00,TRAN-PRV,store_discharge,0.0,YZ,MW
2045-01-20 19:00:00,TRAN-PUB,store_discharge,0.0,YZ,MW
2045-01-21 20:00:00,TRAN-PRV,store_discharge,0.0,YZ,MW
2045-01-22 21:00:00,TRAN-PUB,store_discharge,0.0,YZ,MW
2045-01-23 22:00:00,TRAN-PRV,store_discharge,0.0,YZ,MW
2045-01-24 23:00:00,TRAN-PUB,store_discharge,0.0,YZ,MW
2045-01-26 00:00:00,TRAN-PRV,store_discharge,0.0,YZ,MW
2045-01-27 01:00:00,TRAN-PUB,store_discharge,0.0,YZ,MW
2045-01-28 02:00:00,TRAN-PRV,store_discharge,0.0,YZ,MW
2045-01-29 03:00:00,TRAN-PUB,store_discharge,0.0,YZ,MW
2045-01-30 04:00:00,TRAN-PRV,store_discharge,0.0,YZ,MW
2045-01-31 05:00:00,TRAN-PUB,store_discharge,0.0,YZ,MW
2045-02-01 06:00:00,TRAN-PRV,store_discharge,0.0,YZ,MW
2045-02-02 07:00:00,TRAN-PUB,store_discharge,0.0,YZ,MW
2045-02-03 08:00:00,TRAN-PRV,store_discharge,0.0,YZ,MW
2045-02-04 09:00:00,TRAN-PUB,store_discharge,0.0,YZ,MW
2045-02-05 10:00:00,TRAN-PRV,store_discharge,0.0,YZ,MW
2045-02-06 11:00:00,TRAN-PUB,store_discharge,0.0,YZ,MW
2045-02-07 12:00:00,TRAN-PRV,store_discharge,0.0,YZ,MW
2045-02-08 13:00:00,TRAN-PUB,store_discharge,0.0,YZ,MW
2045-02-09 14:00:00,TRAN-PRV,store_discharge,0.0,YZ,MW
2045-02-10 15:00:00,TRAN-PUB,store_discharge,0.0,YZ,MW
2045-02-11 16:00:00,TRAN-PRV,store_discharge,0.0,YZ,MW
2045-02-12 17:00:00,TRAN-PUB,store_discharge,0.0,YZ,MW
2045-02-13 18:00:00,TRAN-PRV,store_discharge,0.0,YZ,MW
2045-02-14 19:00:00,TRAN-PUB,store_discharge,0.0,YZ,MW
2045-02-15 20:00:00,TRAN-PRV,store_discharge,0.0,YZ,MW
2045-02-16 21:00:00,TRAN-PUB,store_discharge,0.0,YZ,MW
2045-02-17 22:00:00,TRAN-PRV,store_discharge,0.0,YZ,MW
2045-02-18 23:00:00,TRAN-PUB,store_discharge,0.0,YZ,MW
2045-02-20 00:00:00,TRAN-PRV,store_discharge,0.0,YZ,MW
2045-02-21 01:00:00,TRAN-PUB,store_discharge,0.0,YZ,MW
2045-02-22 02:00:00,TRAN-PRV,store_discharge,0.0,YZ,MW
2045-02-23 03:00:00,TRAN-PUB,store_discharge,0.0,YZ,MW
2045-02-24 04:00:00,TRAN-PRV,store_discharge,0.0,YZ,MW
2045-02-25 05:00:00,TRAN-PUB,store_discharge,0.0,YZ,MW
2045-02-26 06:00:00,TRAN-PRV,store_discharge,0.0,YZ,MW
2045-02-27 07:00:00,TRAN-PUB,store_discharge,0.0,YZ,MW
2045-02-28 08:00:00,TRAN-PRV,store_discharge,0.0,YZ,MW
2045-03-01 09:00:00,TRAN-PUB,store_discharge,0.0,YZ,MW
2045-03-02 10:00:00,TRAN-PRV,store_discharge,0.0,YZ,MW
2045-03-03 11:00:00,TRAN-PUB,store_discharge,0.0,YZ,MW
2045-03-04 12:00:00,TRAN-PRV,store_discharge,-10.8,YZ,MW
2045-03-05 13:00:00,TRAN-PUB,store_discharge,-3.6,YZ,MW
2045-03-06 14:00:00,TRAN-PRV,store_discharge,10.8,YZ,MW
2045-03-07 15:00:00,TRAN-PUB,store_discharge,3.6,YZ,MW
2045-03-08 16:00:00,TRAN-PRV,store_discharge,0.0,YZ,MW
2045-03-09 17:00:00,TRAN-PUB,store_discharge,0.0,YZ,MW
2045-03-10 18:00:00,TRAN-PRV,store_discharge,0.0,YZ,MW
2045-03-11 19:00:00,TRAN-PUB,store_discharge,0.0,YZ,MW
2045-03-12 20:00:00,TRAN-PRV,store_discharge,0.0,YZ,MW
2045-03-13 21:00:00,TRAN-PUB,store_discharge,0.0,YZ,MW
2045-03-14 22:00:00,TRAN-PRV,store_discharge,0.0,YZ,MW
2045-03-15 23:00:00,TRAN-PUB,store_discharge,0.0,YZ,MW
2045-03-17 00:00:00,TRAN-PRV,store_discharge,0.0,YZ,MW
2045-03-18 01:00:00,TRAN-PUB,store_discharge,0.0,YZ,MW
2045-03-19 02:00:00,TRAN-PRV,store_discharge,0.0,YZ,MW
2045-03-20 03:00:00,TRAN-PUB,store_discharge,0.0,YZ,MW
2045-03-21 04:00:00,TRAN-PRV,store_discharge,0.0,YZ,MW
2045-03-22 05:00:00,TRAN-PUB,store_discharge,0.0,YZ,MW
2045-03-23 06:00:00,TRAN-PRV,store_discharge,0.0,YZ,MW
2045-03-24 07:00:00,TRAN-PUB,store_discharge,0.0,YZ,MW
2045-03-25 08:00:00,TRAN-PRV,store_discharge,0.0,YZ,MW
2045-03-26 09:00:00,TRAN-PUB,store_discharge,0.0,YZ,MW
2045-03-27 10:00:00,TRAN-PRV,store_discharge,0.0,YZ,MW
2045-03-28 11:00:00,TRAN-PUB,store_discharge,0.0,YZ,MW
2045-03-29 12:00:00,TRAN-PRV,store_discharge,0.0,YZ,MW
2045-03-30 13:00:00,TRAN-PUB,store_discharge,0.0,YZ,MW
2045-03-31 14:00:00,TRAN-PRV,store_discharge,0.0,YZ,MW
2045-04-01 15:00:00,TRAN-PUB,store_discharge,0.0,YZ,MW
2045-04-02 16:00:00,TRAN-PRV,store_discharge,0.0,YZ,MW
2045-04-03 17:00:00,TRAN-PUB,store_discharge,0.0,YZ,MW
2045-04-04 18:00:00,TRAN-PRV,store_discharge,0.0,YZ,MW
2045-04-05 19:00:00,TRAN-PUB,store_discharge,0.0,YZ,MW
2045-04-06 20:00:00,TRAN-PRV,store_discharge,0.0,YZ,MW
2045-04-07 21:00:00,TRAN-PUB,store_discharge,0.0,YZ,MW
2045-04-08 22:00:00,TRAN-PRV,store_discharge,0.0,YZ,MW
2045-04-09 23:00:00,TRAN-PUB,store_discharge,0.0,YZ,MW
2045-04-11 00:00:00,TRAN-PRV,store_discharge,0.0,YZ,MW
2045-04-12 01:00:00,TRAN-PUB,store_discharge,0.0,YZ,MW
2045-04-13 02:00:00,TRAN-PRV,store_discharge,0.0,YZ,MW
2045-04-14 03:00:00,TRAN-PUB,store_discharge,0.0,YZ,MW
2045-04-15 04:00:00,TRAN-PRV,store_discharge,0.0,YZ,MW
2045-04-16 05:00:00,TRAN-PUB,store_discharge,0.0,YZ,MW
2045-04-17 06:00:00,TRAN-PRV,store_discharge,0.0,YZ,MW
2045-04-18 07:00:00,TRAN-PUB,store_discharge,0.0,YZ,MW
2045-04-19 08:00:00,TRAN-PRV,store_discharge,0.0,YZ,MW
2045-04-20 09:00:00,TRAN-PUB,store_discharge,0.0,YZ,MW
2045-04-21 10:00:00,TRAN-PRV,store_discharge,0.0,YZ,MW
2045-04-22 11:00:00,TRAN-PUB,store_discharge,0.0,YZ,MW
2045-04-23 12:00:00,TRAN-PRV,store_discharge,-10.8,YZ,MW
2045-04-24 13:00:00,TRAN-PUB,store_discharge,-3.6,YZ,MW
2045-04-25 14:00:00,TRAN-PRV,store_discharge,10.8,YZ,MW
2045-04-26 15:00:00,TRAN-PUB,store_discharge,3.6,YZ,MW
2045-04-27 16:00:00,TRAN-PRV,store_discharge,0.0,YZ,MW
2045-04-28 17:00:00,TRAN-PUB,store_discharge,0.0,YZ,MW
2045-04-29 18:00:00,TRAN-PRV,store_discharge,0.0,YZ,MW
2045-04-30 19:00:00,TRAN-PUB,store_discharge,0.0,YZ,MW
2045-05-01 20:00:00,TRAN-PRV,store_discharge,0.0,YZ,MW
2045-05-02 21:00:00,TRAN-PUB,store_discharge,0.0,YZ,MW
2045-05-03 22:00:00,TRAN-PRV,store_discharge,0.0,YZ,MW
2045-05-04 23:00:00,TRAN-PUB,store_discharge,0.0,YZ,MW
2045-05-06 00:00:00,TRAN-PRV,store_discharge,0.0,YZ,MW
2045-05-07 01:00:00,TRAN-PUB,store_discharge,0.0,YZ,MW
2045-05-08 02:00:00,TRAN-PRV,store_discharge,0.0,YZ,MW
2045-05-09 03:00:00,TRAN-PUB,store_discharge,0.0,YZ,MW
2045-05-10 04:00:00,TRAN-PRV,store_discharge,0.0,YZ,MW
2045-05-11 05:00:00,TRAN-PUB,store_discharge,0.0,YZ,MW
2045-05-12 06:00:00,TRAN-PRV,store_discharge,0.0,YZ,MW
2045-05-13 07:00:00,TRAN-PUB,store_discharge,0.0,YZ,MW
2045-05-14 08:00:00,TRAN-PRV,store_discharge,0.0,YZ,MW
2045-05-15 09:00:00,TRAN-PUB,store_discharge,0.0,YZ,MW
2045-05-16 10:00:00,TRAN-PRV,store_discharge,0.0,YZ,MW
2045-05-17 11:00:00,TRAN-PUB,store_discharge,0.0,YZ,MW
2045-05-18 12:00:00,TRAN-PRV,store_discharge,0.0,YZ,MW
2045-05-19 13:00:00,TRAN-PUB,store_discharge,0.0,YZ,MW
2045-05-20 14:00:00,TRAN-PRV,store_discharge,0.0,YZ,MW
2045-05-21 15:00:00,TRAN-PUB,store_discharge,0.0,YZ,MW
2045-05-22 16:00:00,TRAN-PRV,store_discharge,0.0,YZ,MW
2045-05-23 17:00:00,TRAN-PUB,store_discharge,0.0,YZ,MW
2045-05-24 18:00:00,TRAN-PRV,store_discharge,0.0,YZ,MW
2045-05-25 19:00:00,TRAN-PUB,store_discharge,0.0,YZ,MW
2045-05-26 20:00:00,TRAN-PRV,store_discharge,0.0,YZ,MW
2045-05-27 21:00:00,TRAN-PUB,store_discharge,0.0,YZ,MW
2045-05-28 22:00:00,TRAN-PRV,store_discharge,0.0,YZ,MW
2045-05-29 23:00:00,TRAN-PUB,store_discharge,0.0,YZ,MW
2045-05-31 00:00:00,TRAN-PRV,store_discharge,0.0,YZ,MW
2045-06-01 01:00:00,TRAN-PUB,store_discharge,0.0,YZ,MW
2045-06-02 02:00:00,TRAN-PRV,store_discharge,0.0,YZ,MW
2045-06-03 03:00:00,TRAN-PUB,store_discharge,0.0,YZ,MW
2045-06-04 04:00:00,TRAN-PRV,store_discharge,0.0,YZ,MW
2045-06-05 05:00:00,TRAN-PUB,store_discharge,0.0,YZ,MW
2045-06-06 06:00:00,TRAN-PRV,store_discharge,0.0,YZ,MW
2045-06-07 07:00:00,TRAN-PUB,store_discharge,0.0,YZ,MW
2045-06-08 08:00:00,TRAN-PRV,store_discharge,0.0,YZ,MW
2045-06-09 09:00:00,TRAN-PUB,store_discharge,0.0,YZ,MW
2045-06-10 10:00:00,TRAN-PRV,store_discharge,0.0,YZ,MW
2045-06-11 11:00:00,TRAN-PUB,store_discharge,0.0,YZ,MW
2045-06-12 12:00:00,TRAN-PRV,store_discharge,-10.8,YZ,MW
2045-06-13 13:00:00,TRAN-PUB,store_discharge,-3.6,YZ,MW
2045-06-14 14:00:00,TRAN-PRV,store_discharge,10.8,YZ,MW
2045-06-15 15:00:00,TRAN-PUB,store_discharge,3.6,YZ,MW
2045-06-16 16:00:00,TRAN-PRV,store_discharge,0.0,YZ,MW
2045-06-17 17:00:00,TRAN-PUB,store_discharge,0.0,YZ,MW
2045-06-18 18:00:00,TRAN-PRV,store_discharge,0.0,YZ,MW
2045-06-19 19:00:00,TRAN-PUB,store_discharge,0.0,YZ,MW
2045-06-20 20:00:00,TRAN-PRV,store_discharge,0.0,YZ,MW
2045-06-21 21:00:00,TRAN-PUB,store_discharge,0.0,YZ,MW
2045-06-22 22:00:00,TRAN-PRV,store_discharge,0.0,YZ,MW
2045-06-23 23:00:00,TRAN-PUB,store_discharge,0.0,YZ,MW
2045-06-25 00:00:00,TRAN-PRV,store_discharge,0.0,YZ,MW
2045-06-26 01:00:00,TRAN-PUB,store_discharge,0.0,YZ,MW
2045-06-27 02:00:00,TRAN-PRV,store_discharge,0.0,YZ,MW
2045-06-28 03:00:00,TRAN-PUB,store_discharge,0.0,YZ,MW
2045-06-29 04:00:00,TRAN-PRV,store_discharge,0.0,YZ,MW
2045-06-30 05:00:00,TRAN-PUB,store_discharge,0.0,YZ,MW
2045-07-01 06:00:00,TRAN-PRV,store_discharge,0.0,YZ,MW
2045-07-02 07:00:00,TRAN-PUB,store_discharge,0.0,YZ,MW
2045-07-03 08:00:00,TRAN-PRV,store_discharge,0.0,YZ,MW
2045-07-04 09:00:00,TRAN-PUB,store_discharge,0.0,YZ,MW
2045-07-05 10:00:00,TRAN-PRV,store_discharge,0.0,YZ,MW
2045-07-06 11:00:00,TRAN-PUB,store_discharge,0.0,YZ,MW
2045-07-07 12:00:00,TRAN-PRV,store_discharge,0.0,YZ,MW
2045-07-08 13:00:00,TRAN-PUB,store_discharge,0.0,YZ,MW
2045-07-09 14:00:00,TRAN-PRV,store_discharge,0.0,YZ,MW
2045-07-10 15:00:00,TRAN-PUB,store_discharge,0.0,YZ,MW
2045-07-11 16:00:00,TRAN-PRV,store_discharge,0.0,YZ,MW
2045-07-12 17:00:00,TRAN-PUB,store_discharge,0.0,YZ,MW
2045-07-13 18:00:00,TRAN-PRV,store_discharge,0.0,YZ,MW
2045-07-14 19:00:00,TRAN-PUB,store_discharge,0.0,YZ,MW
2045-07-15 20:00:00,TRAN-PRV,store_discharge,0.0,YZ,MW
2045-07-16 21:00:00,TRAN-PUB,store_discharge,0.0,YZ,MW
2045-07-17 22:00:00,TRAN-PRV,store_discharge,0.0,YZ,MW
2045-07-18 23:00:00,TRAN-PUB,store_discharge,0.0,YZ,MW
2045-07-20 00:00:00,TRAN-PRV,store_discharge,0.0,YZ,MW
2045-07-21 01:00:00,TRAN-PUB,store_discharge,0.0,YZ,MW
2045-07-22 02:00:00,TRAN-PRV,store_discharge,0.0,YZ,MW
2045-07-23 03:00:00,TRAN-PUB,store_discharge,0.0,YZ,MW
2045-07-24 04:00:00,TRAN-PRV,store_discharge,0.0,YZ,MW
2045-07-25 05:00:00,TRAN-PUB,store_discharge,0.0,YZ,MW
2045-07-26 06:00:00,TRAN-PRV,store_discharge,0.0,YZ,MW
2045-07-27 07:00:00,TRAN-PUB,store_discharge,0.0,YZ,MW
2045-07-28 08:00:00,TRAN-PRV,store_discharge,0.0,YZ,MW
2045-07-29 09:00:00,TRAN-PUB,store_discharge,0.0,YZ,MW
2045-07-30 10:00:00,TRAN-PRV,store_discharge,-10.8,YZ,MW
2045-07-31 11:00:00,TRAN-PUB,store_discharge,-3.6,YZ,MW
2045-08-01 12:00:00,TRAN-PRV,store_discharge,10.8,YZ,MW
2045-08-02 13:00:00,TRAN-PUB,store_discharge,3.6,YZ,MW
2045-08-03 14:00:00,TRAN-PRV,store_discharge,0.0,YZ,MW
2045-08-04 15:00:00,TRAN-PUB,store_discharge,0.0,YZ,MW
2045-08-05 16:00:00,TRAN-PRV,store_discharge,0.0,YZ,MW
2045-08-06 17:00:00,TRAN-PUB,store_discharge,0.0,YZ,MW
2045-08-07 18:00:00,TRAN-PRV,store_discharge,0.0,YZ,MW
2045-08-08 19:00:00,TRAN-PUB,store_discharge,0.0,YZ,MW
2045-08-09 20:00:00,TRAN-PRV,store_discharge,0.0,YZ,MW
2045-08-10 21:00:00,TRAN-PUB,store_discharge,0.0,YZ,MW
2045-08-11 22:00:00,TRAN-PRV,store_discharge,0.0,YZ,MW
2045-08-12 23:00:00,TRAN-PUB,store_discharge,0.0,YZ,MW
2045-08-14 00:00:00,TRAN-PRV,store_discharge,0.0,YZ,MW
2045-08-15 01:00:00,TRAN-PUB,store_discharge,0.0,YZ,MW
2045-08-16 02:00:00,TRAN-PRV,store_discharge,0.0,YZ,MW
2045-08-17 03:00:00,TRAN-PUB,store_discharge,0.0,YZ,MW
2045-08-18 04:00:00,TRAN-PRV,store_discharge,0.0,YZ,MW
2045-08-19 05:00:00,TRAN-PUB,store_discharge,0.0,YZ,MW
2045-08-20 06:00:00,TRAN-PRV,store_discharge,0.0,YZ,MW
2045-08-21 07:00:00,TRAN-PUB,store_discharge,0.0,YZ,MW
2045-08-22 08:00:00,TRAN-PRV,store_discharge,0.0,YZ,MW
2045-08-23 09:00:00,TRAN-PUB,store_discharge,0.0,YZ,MW
2045-08-24 10:00:00,TRAN-PRV,store_discharge,0.0,YZ,MW
2045-08-25 11:00:00,TRAN-PUB,store_discharge,0.0,YZ,MW
2045-08-26 12:00:00,TRAN-PRV,store_discharge,0.0,YZ,MW
2045-08-27 13:00:00,TRAN-PUB,store_discharge,0.0,YZ,MW
2045-08-28 14:00:00,TRAN-PRV,store_discharge,0.0,YZ,MW
2045-08-29 15:00:00,TRAN-PUB,store_discharge,0.0,YZ,MW
2045-08-30 16:00:00,TRAN-PRV,store_discharge,0.0,YZ,MW
2045-08-31 17:00:00,TRAN-PUB,store_discharge,0.0,YZ,MW
2045-09-01 18:00:00,TRAN-PRV,store_discharge,0.0,YZ,MW
2045-09-02 19:00:00,TRAN-PUB,store_discharge,0.0,YZ,MW
2045-09-03 20:00:00,TRAN-PRV,store_discharge,0.0,YZ,MW
2045-09-04 21:00:00,TRAN-PUB,store_discharge,0.0,YZ,MW
2045-09-05 22:00:00,TRAN-PRV,store_discharge,0.0,YZ,MW
2045-09-06 23:00:00,TRAN-PUB,store_discharge,0.0,YZ,MW
2045-09-08 00:00:00,TRAN-PRV,store_discharge,0.0,YZ,MW
2045-09-09 01:00:00,TRAN-PUB,store_discharge,0.0,YZ,MW
2045-09-10 02:00:00,TRAN-PRV,store_discharge,0.0,YZ,MW
2045-09-11 03:00:00,TRAN-PUB,store_discharge,0.0,YZ,MW
2045-09-12 04:00:00,TRAN-PRV,store_discharge,0.0,YZ,MW
2045-09-13 05:00:00,TRAN-PUB,store_discharge,0.0,YZ,MW
2045-09-14 06:00:00,TRAN-PRV,store_discharge,0.0,YZ,MW
2045-09-15 07:00:00,TRAN-PUB,store_discharge,0.0,YZ,MW
2045-09-16 08:00:00,TRAN-PRV,store_discharge,0.0,YZ,MW
2045-09-17 09:00:00,TRAN-PUB,store_discharge,0.0,YZ,MW
2045-09-18 10:00:00,TRAN-PRV,store_discharge,-10.8,YZ,MW
2045-09-19 11:00:00,TRAN-PUB,store_discharge,-3.6,YZ,MW
2045-09-20 12:00:00,TRAN-PRV,store_discharge,10.8,YZ,MW
2045-09-21 13:00:00,TRAN-PUB,store_discharge,3.6,YZ,MW
2045-09-22 14:00:00,TRAN-PRV,store_discharge,0.0,YZ,MW
2045-09-23 15:00:00,TRAN-PUB,store_discharge,0.0,YZ,MW
2045-09-24 16:00:00,TRAN-PRV,store_discharge,0.0,YZ,MW
2045-09-25 17:00:00,TRAN-PUB,store_discharge,0.0,YZ,MW
2045-09-26 18:00:00,TRAN-PRV,store_discharge,0.0,YZ,MW
2045-09-27 19:00:00,TRAN-PUB,store_discharge,0.0,YZ,MW
2045-09-28 20:00:00,TRAN-PRV,store_discharge,0.0,YZ,MW
2045-09-29 21:00:00,TRAN-PUB,store_discharge,0.0,YZ,MW
2045-09-30 22:00:00,TRAN-PRV,store_discharge,0.0,YZ,MW
2045-10-01 23:00:00,TRAN-PUB,store_discharge,0.0,YZ,MW
2045-10-03 00:00:00,TRAN-PRV,store_discharge,0.0,YZ,MW
2045-10-04 01:00:00,TRAN-PUB,store_discharge,0.0,YZ,MW
2045-10-05 02:00:00,TRAN-PRV,store_discharge,0.0,YZ,MW
2045-10-06 03:00:00,TRAN-PUB,store_discharge,0.0,YZ,MW
2045-10-07 04:00:00,TRAN-PRV,store_discharge,0.0,YZ,MW
2045-10-08 05:00:00,TRAN-PUB,store_discharge,0.0,YZ,MW
2045-10-09 06:00:00,TRAN-PRV,store_discharge,0.0,YZ,MW
2045-10-10 07:00:00,TRAN-PUB,store_discharge,0.0,YZ,MW
2045-10-11 08:00:00,TRAN-PRV,store_discharge,0.0,YZ,MW
2045-10-12 09:00:00,TRAN-PUB,store_discharge,0.0,YZ,MW
2045-10-13 10:00:00,TRAN-PRV,store_discharge,0.0,YZ,MW
2045-10-14 11:00:00,TRAN-PUB,store_discharge,0.0,YZ,MW
2045-10-15 12:00:00,TRAN-PRV,store_discharge,0.0,YZ,MW
2045-10-16 13:00:00,TRAN-PUB,store_discharge,0.0,YZ,MW
2045-10-17 14:00:00,TRAN-PRV,store_discharge,0.0,YZ,MW
2045-10-18 15:00:00,TRAN-PUB,store_discharge,0.0,YZ,MW
2045-10-19 16:00:00,TRAN-PRV,store_discharge,0.0,YZ,MW
2045-10-20 17:00:00,TRAN-PUB,store_discharge,0.0,YZ,MW
2045-10-21 18:00:00,TRAN-PRV,store_discharge,0.0,YZ,MW
2045-10-22 19:00:00,TRAN-PUB,store_discharge,0.0,YZ,MW
2045-10-23 20:00:00,TRAN-PRV,store_discharge,0.0,YZ,MW
2045-10-24 21:00:00,TRAN-PUB,store_discharge,0.0,YZ,MW
2045-10-25 22:00:00,TRAN-PRV,store_discharge,0.0,YZ,MW
2045-10-26 23:00:00,TRAN-PUB,store_discharge,0.0,YZ,MW
2045-10-28 00:00:00,TRAN-PRV,store_discharge,0.0,YZ,MW
2045-10-29 01:00:00,TRAN-PUB,store_discharge,0.0,YZ,MW
2045-10-30 02:00:00,TRAN-PRV,store_discharge,0.0,YZ,MW
2045-10-31 03:00:00,TRAN-PUB,store_discharge,0.0,YZ,MW
2045-11-01 04:00:00,TRAN-PRV,store_discharge,0.0,YZ,MW
2045-11-02 05:00:00,TRAN-PUB,store_discharge,0.0,YZ,MW
2045-11-03 06:00:00,TRAN-PRV,store_discharge,0.0,YZ,MW
2045-11-04 07:00:00,TRAN-PUB,store_discharge,0.0,YZ,MW
2045-11-05 08:00:00,TRAN-PRV,store_discharge,0.0,YZ,MW
2045-11-06 09:00:00,TRAN-PUB,store_discharge,0.0,YZ,MW
2045-11-07 10:00:00,TRAN-PRV,store_discharge,-10.8,YZ,MW
2045-11-08 11:00:00,TRAN-PUB,store_discharge,-3.6,YZ,MW
2045-11-09 12:00:00,TRAN-PRV,store_discharge,10.8,YZ,MW
2045-11-10 13:00:00,TRAN-PUB,store_discharge,3.6,YZ,MW
2045-11-11 14:00:00,TRAN-PRV,store_discharge,0.0,YZ,MW
2045-11-12 15:00:00,TRAN-PUB,store_discharge,0.0,YZ,MW
2045-11-13 16:00:00,TRAN-PRV,store_discharge,0.0,YZ,MW
2045-11-14 17:00:00,TRAN-PUB,store_discharge,0.0,YZ,MW
2045-11-15 18:00:00,TRAN-PRV,store_discharge,0.0,YZ,MW
2045-11-16 19:00:00,TRAN-PUB,store_discharge,0.0,YZ,MW
2045-11-17 20:00:00,TRAN-PRV,store_discharge,0.0,YZ,MW
2045-11-18 21:00:00,TRAN-PUB,store_discharge,0.0,YZ,MW
2045-11-19 22:00:00,TRAN-PRV,store_discharge,0.0,YZ,MW
2045-11-20 23:00:00,TRAN-PUB,store_discharge,0.0,YZ,MW
2045-11-22 00:00:00,TRAN-PRV,store_discharge,0.0,YZ,MW
2045-11-23 01:00:00,TRAN-PUB,store_discharge,0.0,YZ,MW
2045-11-24 02:00:00,TRAN-PRV,store_discharge,0.0,YZ,MW
2045-11-25 03:00:00,TRAN-PUB,store_discharge,0.0,YZ,MW
2045-11-26 04:00:00,TRAN-PRV,store_discharge,0.0,YZ,MW
2045-11-27 05:00:00,TRAN-PUB,store_discharge,0.0,YZ,MW
2045-11-28 06:00:00,TRAN-PRV,store_discharge,0.0,YZ,MW
2045-11-29 07:00:00,TRAN-PUB,store_discharge,0.0,YZ,MW
2045-11-30 08:00:00,TRAN-PRV,store_discharge,0.0,YZ,MW
2045-12-01 09:00:00,TRAN-PUB,store_discharge,0.0,YZ,MW
2045-12-02 10:00:00,TRAN-PRV,store_discharge,0.0,YZ,MW
2045-12-03 11:00:00,TRAN-PUB,store_discharge,0.0,YZ,MW
2045-12-04 12:00:00,TRAN-PRV,store_discharge,0.0,YZ,MW
2045-12-05 13:00:00,TRAN-PUB,store_discharge,0.0,YZ,MW
2045-12-06 14:00:00,TRAN-PRV,store_discharge,0.0,YZ,MW
2045-12-07 15:00:00,TRAN-PUB,store_discharge,0.0,YZ,MW
2045-12-08 16:00:00,TRAN-PRV,store_discharge,0.0,YZ,MW
2045-12-09 17:00:00,TRAN-PUB,store_discharge,0.0,YZ,MW
2045-12-10 18:00:00,TRAN-PRV,store_discharge,0.0,YZ,MW
2045-12-11 19:00:00,TRAN-PUB,store_discharge,0.0,YZ,MW
2045-12-12 20:00:00,TRAN-PRV,store_discharge,0.0,YZ,MW
2045-12-13 21:00:00,TRAN-PUB,store_discharge,0.0,YZ,MW
2045-12-14 22:00:00,TRAN-PRV,store_discharge,0.0,YZ,MW
2045-12-15 23:00:00,TRAN-PUB,store_discharge,0.0,YZ,MW
2045-12-17 00:00:00,TRAN-PRV,store_discharge,0.0,YZ,MW
2045-12-18 01:00:00,TRAN-PUB,store_discharge,0.0,YZ,MW
2045-12-19 02:00:00,TRAN-PRV,store_discharge,0.0,YZ,MW
2045-12-20 03:00:00,TRAN-PUB,store_discharge,0.0,YZ,MW
2045-12-21 04:00:00,TRAN-PRV,store_discharge,0.0,YZ,MW
2045-12-22 05:00:00,TRAN-PUB,store_discharge,0.0,YZ,MW
2045-12-23 06:00:00,TRAN-PRV,store_discharge,0.0,YZ,MW
2045-12-24 07:00:00,TRAN-PUB,store_discharge,0.0,YZ,MW
2045-12-25 08:00:00,TRAN-PRV,store_discharge,0.0,YZ,MW
2045-12-26 09:00:00,TRAN-PUB,store_discharge,0.0,YZ,MW
2045-12-27 10:00:00,TRAN-PRV,store_discharge,0.0,YZ,MW
2045-12-28 11:00:00,TRAN-PUB,store_discharge,0.0,YZ,MW
2045-12-29 12:00:00,TRAN-PRV,store_discharge,-10.8,YZ,MW
2045-12-30 13:00:00,TRAN-PUB,store_discharge,-3.6,YZ,MW
2045-12-31 14:00:00,TRAN-PRV,store_discharge,10.8,YZ,MW
2046-01-01 15:00:00,TRAN-PUB,store_discharge,3.6,YZ,MW
2046-01-02 16:00:00,TRAN-PRV,store_discharge,0.0,YZ,MW
2046-01-03 17:00:00,TRAN-PUB,store_discharge,0.0,YZ,MW
2046-01-04 18:00:00,TRAN-PRV,store_discharge,0.0,YZ,MW
2046-01-05 19:00:00,TRAN-PUB,store_discharge,0.0,YZ,MW
2046-01-06 20:00:00,TRAN-PRV,store_discharge,0.0,YZ,MW
2046-01-07 21:00:00,TRAN-PUB,store_discharge,0.0,YZ,MW
2046-01-08 22:00:00,TRAN-PRV,store_discharge,0.0,YZ,MW
2046-01-09 23:00:00,TRAN-PUB,store_discharge,0.0,YZ,MW
2046-01-11 00:00:00,TRAN-PRV,store_discharge,0.0,YZ,MW
2046-01-12 01:00:00,TRAN-PUB,store_discharge,0.0,YZ,MW
2046-01-13 02:00:00,TRAN-PRV,store_discharge,0.0,YZ,MW
2046-01-14 03:00:00,TRAN-PUB,store_discharge,0.0,YZ,MW
2046-01-15 04:00:00,TRAN-PRV,store_discharge,0.0,YZ,MW
2046-01-16 05:00:00,TRAN-PUB,store_discharge,0.0,YZ,MW
2046-01-17 06:00:00,TRAN-PRV,store_discharge,0.0,YZ,MW
2046-01-18 07:00:00,TRAN-PUB,store_discharge,0.0,YZ,MW
2046-01-19 08:00:00,TRAN-PRV,store_discharge,0.0,YZ,MW
2046-01-20 09:00:00,TRAN-PUB,store_discharge,0.0,YZ,MW
2046-01-21 10:00:00,TRAN-PRV,store_discharge,0.0,YZ,MW
2046-01-22 11:00:00,TRAN-PUB,store_discharge,0.0,YZ,MW
2046-01-23 12:00:00,TRAN-PRV,store_discharge,0.0,YZ,MW
2046-01-24 13:00:00,TRAN-PUB,store_discharge,0.0,YZ,MW
2046-01-25 14:00:00,TRAN-PRV,store_discharge,0.0,YZ,MW
2046-01-26 15:00:00,TRAN-PUB,store_discharge,0.0,YZ,MW
2046-01-27 16:00:00,TRAN-PRV,store_discharge,0.0,YZ,MW
2046-01-28 17:00:00,TRAN-PUB,store_discharge,0.0,YZ,MW
2046-01-29 18:00:00,TRAN-PRV,store_discharge,0.0,YZ,MW
2046-01-30 19:00:00,TRAN-PUB,store_discharge,0.0,YZ,MW
2046-01-31 20:00:00,TRAN-PRV,store_discharge,0.0,YZ,MW
2046-02-01 21:00:00,TRAN-PUB,store_discharge,0.0,YZ,MW
2046-02-02 22:00:00,TRAN-PRV,store_discharge,0.0,YZ,MW
2046-02-03 23:00:00,TRAN-PUB,store_discharge,0.0,YZ,MW
2046-02-05 00:00:00,TRAN-PRV,store_discharge,0.0,YZ,MW
2046-02-06 01:00:00,TRAN-PUB,store_discharge,0.0,YZ,MW
2046-02-07 02:00:00,TRAN-PRV,store_discharge,0.0,YZ,MW
2046-02-08 03:00:00,TRAN-PUB,store_discharge,0.0,YZ,MW
2046-02-09 04:00:00,TRAN-PRV,store_discharge,0.0,YZ,MW
2046-02-10 05:00:00,TRAN-PUB,store_discharge,0.0,YZ,MW
2046-02-11 06:00:00,TRAN-PRV,store_discharge,0.0,YZ,MW
2046-02-12 07:00:00,TRAN-PUB,store_discharge,0.0,YZ,MW
2046-02-13 08:00:00,TRAN-PRV,store_discharge,0.0,YZ,MW
2046-02-14 09:00:00,TRAN-PUB,store_discharge,0.0,YZ,MW
2046-02-15 10:00:00,TRAN-PRV,store_discharge,0.0,YZ,MW
2046-02-16 11:00:00,TRAN-PUB,store_discharge,0.0,YZ,MW
2046-02-17 12:00:00,TRAN-PRV,store_discharge,-10.8,YZ,MW
2046-02-18 13:00:00,TRAN-PUB,store_discharge,-3.6,YZ,MW
2046-02-19 14:00:00,TRAN-PRV,store_discharge,10.8,YZ,MW
2046-02-20 15:00:00,TRAN-PUB,store_discharge,3.6,YZ,MW
2046-02-21 16:00:00,TRAN-PRV,store_discharge,0.0,YZ,MW
2046-02-22 17:00:00,TRAN-PUB,store_discharge,0.0,YZ,MW
2046-02-23 18:00:00,TRAN-PRV,store_discharge,0.0,YZ,MW
2046-02-24 19:00:00,TRAN-PUB,store_discharge,0.0,YZ,MW
2046-02-25 20:00:00,TRAN-PRV,store_discharge,0.0,YZ,MW
2046-02-26 21:00:00,TRAN-PUB,store_discharge,0.0,YZ,MW
2046-02-27 22:00:00,TRAN-PRV,store_discharge,0.0,YZ,MW
2046-02-28 23:00:00,TRAN-PUB,store_discharge,0.0,YZ,MW
2046-03-02 00:00:00,TRAN-PRV,store_discharge,0.0,YZ,MW
2046-03-03 01:00:00,TRAN-PUB,store_discharge,0.0,YZ,MW
2046-03-04 02:00:00,TRAN-PRV,store_discharge,0.0,YZ,MW
2046-03-05 03:00:00,TRAN-PUB,store_discharge,0.0,YZ,MW
2046-03-06 04:00:00,TRAN-PRV,store_discharge,0.0,YZ,MW
2046-03-07 05:00:00,TRAN-PUB,store_discharge,0.0,YZ,MW
2046-03-08 06:00:00,TRAN-PRV,store_discharge,0.0,YZ,MW
2046-03-09 07:00:00,TRAN-PUB,store_discharge,0.0,YZ,MW
2046-03-10 08:00:00,TRAN-PRV,store_discharge,0.0,YZ,MW
2046-03-11 09:00:00,TRAN-PUB,store_discharge,0.0,YZ,MW
2046-03-12 10:00:00,TRAN-PRV,store_discharge,0.0,YZ,MW
2046-03-13 11:00:00,TRAN-PUB,store_discharge,0.0,YZ,MW
2046-03-14 12:00:00,TRAN-PRV,store_discharge,0.0,YZ,MW
2046-03-15 13:00:00,TRAN-PUB,store_discharge,0.0,YZ,MW
2046-03-16 14:00:00,TRAN-PRV,store_discharge,0.0,YZ,MW
2046-03-17 15:00:00,TRAN-PUB,store_discharge,0.0,YZ,MW
2046-03-18 16:00:00,TRAN-PRV,store_discharge,0.0,YZ,MW
2046-03-19 17:00:00,TRAN-PUB,store_discharge,0.0,YZ,MW
2046-03-20 18:00:00,TRAN-PRV,store_discharge,0.0,YZ,MW
2046-03-21 19:00:00,TRAN-PUB,store_discharge,0.0,YZ,MW
2046-03-22 20:00:00,TRAN-PRV,store_discharge,0.0,YZ,MW
2046-03-23 21:00:00,TRAN-PUB,store_discharge,0.0,YZ,MW
2046-03-24 22:00:00,TRAN-PRV,store_discharge,0.0,YZ,MW
2046-03-25 23:00:00,TRAN-PUB,store_discharge,0.0,YZ,MW
2046-03-27 00:00:00,TRAN-PRV,store_discharge,0.0,YZ,MW
2046-03-28 01:00:00,TRAN-PUB,store_discharge,0.0,YZ,MW
2046-03-29 02:00:00,TRAN-PRV,store_discharge,0.0,YZ,MW
2046-03-30 03:00:00,TRAN-PUB,store_discharge,0.0,YZ,MW
2046-03-31 04:00:00,TRAN-PRV,store_discharge,0.0,YZ,MW
2046-04-01 05:00:00,TRAN-PUB,store_discharge,0.0,YZ,MW
2046-04-02 06:00:00,TRAN-PRV,store_discharge,0.0,YZ,MW
2046-04-03 07:00:00,TRAN-PUB,store_discharge,0.0,YZ,MW
2046-04-04 08:00:00,TRAN-PRV,store_discharge,0.0,YZ,MW
2046-04-05 09:00:00,TRAN-PUB,store_discharge,0.0,YZ,MW
2046-04-06 10:00:00,TRAN-PRV,store_discharge,0.0,YZ,MW
2046-04-07 11:00:00,TRAN-PUB,store_discharge,0.0,YZ,MW
2046-04-08 12:00:00,TRAN-PRV,store_discharge,-10.8,YZ,MW
2046-04-09 13:00:00,TRAN-PUB,store_discharge,-3.6,YZ,MW
2046-04-10 14:00:00,TRAN-PRV,store_discharge,10.8,YZ,MW
2046-04-11 15:00:00,TRAN-PUB,store_discharge,3.6,YZ,MW
2046-04-12 16:00:00,TRAN-PRV,store_discharge,0.0,YZ,MW
2046-04-13 17:00:00,TRAN-PUB,store_discharge,0.0,YZ,MW
2046-04-14 18:00:00,TRAN-PRV,store_discharge,0.0,YZ,MW
2046-04-15 19:00:00,TRAN-PUB,store_discharge,0.0,YZ,MW
2046-04-16 20:00:00,TRAN-PRV,store_discharge,0.0,YZ,MW
2046-04-17 21:00:00,TRAN-PUB,store_discharge,0.0,YZ,MW
2046-04-18 22:00:00,TRAN-PRV,store_discharge,0.0,YZ,MW
2046-04-19 23:00:00,TRAN-PUB,store_discharge,0.0,YZ,MW
2046-04-21 00:00:00,TRAN-PRV,store_discharge,0.0,YZ,MW
2046-04-22 01:00:00,TRAN-PUB,store_discharge,0.0,YZ,MW
2046-04-23 02:00:00,TRAN-PRV,store_discharge,0.0,YZ,MW
2046-04-24 03:00:00,TRAN-PUB,store_discharge,0.0,YZ,MW
2046-04-25 04:00:00,TRAN-PRV,store_discharge,0.0,YZ,MW
2046-04-26 05:00:00,TRAN-PUB,store_discharge,0.0,YZ,MW
2046-04-27 06:00:00,TRAN-PRV,store_discharge,0.0,YZ,MW
2046-04-28 07:00:00,TRAN-PUB,store_discharge,0.0,YZ,MW
2046-04-29 08:00:00,TRAN-PRV,store_discharge,0.0,YZ,MW
2046-04-30 09:00:00,TRAN-PUB,store_discharge,0.0,YZ,MW
2046-05-01 10:00:00,TRAN-PRV,store_discharge,0.0,YZ,MW
2046-05-02 11:00:00,TRAN-PUB,store_discharge,0.0,YZ,MW
2046-05-03 12:00:00,TRAN-PRV,store_discharge,0.0,YZ,MW
2046-05-04 13:00:00,TRAN-PUB,store_discharge,0.0,YZ,MW
2046-05-05 14:00:00,TRAN-PRV,store_discharge,0.0,YZ,MW
2046-05-06 15:00:00,TRAN-PUB,store_discharge,0.0,YZ,MW
2046-05-07 16:00:00,TRAN-PRV,store_discharge,0.0,YZ,MW
2046-05-08 17:00:00,TRAN-PUB,store_discharge,0.0,YZ,MW
2046-05-09 18:00:00,TRAN-PRV,store_discharge,0.0,YZ,MW
2046-05-10 19:00:00,TRAN-PUB,store_discharge,0.0,YZ,MW
2046-05-11 20:00:00,TRAN-PRV,store_discharge,0.0,YZ,MW
2046-05-12 21:00:00,TRAN-PUB,store_discharge,0.0,YZ,MW
2046-05-13 22:00:00,TRAN-PRV,store_discharge,0.0,YZ,MW
2046-05-14 23:00:00,TRAN-PUB,store_discharge,0.0,YZ,MW
2046-05-16 00:00:00,TRAN-PRV,store_discharge,0.0,YZ,MW
2046-05-17 01:00:00,TRAN-PUB,store_discharge,0.0,YZ,MW
2046-05-18 02:00:00,TRAN-PRV,store_discharge,0.0,YZ,MW
2046-05-19 03:00:00,TRAN-PUB,store_discharge,0.0,YZ,MW
2046-05-20 04:00:00,TRAN-PRV,store_discharge,0.0,YZ,MW
2046-05-21 05:00:00,TRAN-PUB,store_discharge,0.0,YZ,MW
2046-05-22 06:00:00,TRAN-PRV,store_discharge,0.0,YZ,MW
2046-05-23 07:00:00,TRAN-PUB,store_discharge,0.0,YZ,MW
2046-05-24 08:00:00,TRAN-PRV,store_discharge,0.0,YZ,MW
2046-05-25 09:00:00,TRAN-PUB,store_discharge,0.0,YZ,MW
2046-05-26 10:00:00,TRAN-PRV,store_discharge,0.0,YZ,MW
2046-05-27 11:00:00,TRAN-PUB,store_discharge,0.0,YZ,MW
2046-05-28 12:00:00,TRAN-PRV,store_discharge,-10.8,YZ,MW
2046-05-29 13:00:00,TRAN-PUB,store_discharge,-3.6,YZ,MW
2046-05-30 14:00:00,TRAN-PRV,store_discharge,10.8,YZ,MW
2046-05-31 15:00:00,TRAN-PUB,store_discharge,3.6,YZ,MW
2046-06-01 16:00:00,TRAN-PRV,store_discharge,0.0,YZ,MW
2046-06-02 17:00:00,TRAN-PUB,store_discharge,0.0,YZ,MW
2046-06-03 18:00:00,TRAN-PRV,store_discharge,0.0,YZ,MW
2046-06-04 19:00:00,TRAN-PUB,store_discharge,0.0,YZ,MW
2046-06-05 20:00:00,TRAN-PRV,store_discharge,0.0,YZ,MW
2046-06-06 21:00:00,TRAN-PUB,store_discharge,0.0,YZ,MW
2046-06-07 22:00:00,TRAN-PRV,store_discharge,0.0,YZ,MW
2046-06-08 23:00:00,TRAN-PUB,store_discharge,0.0,YZ,MW
2046-06-10 00:00:00,TRAN-PRV,store_discharge,0.0,YZ,MW
2046-06-11 01:00:00,TRAN-PUB,store_discharge,0.0,YZ,MW
2046-06-12 02:00:00,TRAN-PRV,store_discharge,0.0,YZ,MW
2046-06-13 03:00:00,TRAN-PUB,store_discharge,0.0,YZ,MW
2046-06-14 04:00:00,TRAN-PRV,store_discharge,0.0,YZ,MW
2046-06-15 05:00:00,TRAN-PUB,store_discharge,0.0,YZ,MW
2046-06-16 06:00:00,TRAN-PRV,store_discharge,0.0,YZ,MW
2046-06-17 07:00:00,TRAN-PUB,store_discharge,0.0,YZ,MW
2046-06-18 08:00:00,TRAN-PRV,store_discharge,0.0,YZ,MW
2046-06-19 09:00:00,TRAN-PUB,store_discharge,0.0,YZ,MW
2046-06-20 10:00:00,TRAN-PRV,store_discharge,0.0,YZ,MW
2046-06-21 11:00:00,TRAN-PUB,store_discharge,0.0,YZ,MW
2046-06-22 12:00:00,TRAN-PRV,store_discharge,0.0,YZ,MW
2046-06-23 13:00:00,TRAN-PUB,store_discharge,0.0,YZ,MW
2046-06-24 14:00:00,TRAN-PRV,store_discharge,0.0,YZ,MW
2046-06-25 15:00:00,TRAN-PUB,store_discharge,0.0,YZ,MW
2046-06-26 16:00:00,TRAN-PRV,store_discharge,0.0,YZ,MW
2046-06-27 17:00:00,TRAN-PUB,store_discharge,0.0,YZ,MW
2046-06-28 18:00:00,TRAN-PRV,store_discharge,0.0,YZ,MW
2046-06-29 19:00:00,TRAN-PUB,store_discharge,0.0,YZ,MW
2046-06-30 20:00:00,TRAN-PRV,store_discharge,0.0,YZ,MW
2046-07-01 21:00:00,TRAN-PUB,store_discharge,0.0,YZ,MW
2046-07-02 22:00:00,TRAN-PRV,store_discharge,0.0,YZ,MW
2046-07-03 23:00:00,TRAN-PUB,store_discharge,0.0,YZ,MW
2046-07-05 00:00:00,TRAN-PRV,store_discharge,0.0,YZ,MW
2046-07-06 01:00:00,TRAN-PUB,store_discharge,0.0,YZ,MW
2046-07-07 02:00:00,TRAN-PRV,store_discharge,0.0,YZ,MW
2046-07-08 03:00:00,TRAN-PUB,store_discharge,0.0,YZ,MW
2046-07-09 04:00:00,TRAN-PRV,store_discharge,0.0,YZ,MW
2046-07-10 05:00:00,TRAN-PUB,store_discharge,0.0,YZ,MW
2046-07-11 06:00:00,TRAN-PRV,store_discharge,0.0,YZ,MW
2046-07-12 07:00:00,TRAN-PUB,store_discharge,0.0,YZ,MW
2046-07-13 08:00:00,TRAN-PRV,store_discharge,0.0,YZ,MW
2046-07-14 09:00:00,TRAN-PUB,store_discharge,0.0,YZ,MW
2046-07-15 10:00:00,TRAN-PRV,store_discharge,0.0,YZ,MW
2046-07-16 11:00:00,TRAN-PUB,store_discharge,0.0,YZ,MW
2046-07-17 12:00:00,TRAN-PRV,store_discharge,-10.8,YZ,MW
2046-07-18 13:00:00,TRAN-PUB,store_discharge,-3.6,YZ,MW
2046-07-19 14:00:00,TRAN-PRV,store_discharge,10.8,YZ,MW
2046-07-20 15:00:00,TRAN-PUB,store_discharge,3.6,YZ,MW
2046-07-21 16:00:00,TRAN-PRV,store_discharge,0.0,YZ,MW
2046-07-22 17:00:00,TRAN-PUB,store_discharge,0.0,YZ,MW
2046-07-23 18:00:00,TRAN-PRV,store_discharge,0.0,YZ,MW
2046-07-24 19:00:00,TRAN-PUB,store_discharge,0.0,YZ,MW
2046-07-25 20:00:00,TRAN-PRV,store_discharge,0.0,YZ,MW
2046-07-26 21:00:00,TRAN-PUB,store_discharge,0.0,YZ,MW
2046-07-27 22:00:00,TRAN-PRV,store_discharge,0.0,YZ,MW
2046-07-28 23:00:00,TRAN-PUB,store_discharge,0.0,YZ,MW
2046-07-30 00:00:00,TRAN-PRV,store_discharge,0.0,YZ,MW
2046-07-31 01:00:00,TRAN-PUB,store_discharge,0.0,YZ,MW
2046-08-01 02:00:00,TRAN-PRV,store_discharge,0.0,YZ,MW
2046-08-02 03:00:00,TRAN-PUB,store_discharge,0.0,YZ,MW
2046-08-03 04:00:00,TRAN-PRV,store_discharge,0.0,YZ,MW
2046-08-04 05:00:00,TRAN-PUB,store_discharge,0.0,YZ,MW
2046-08-05 06:00:00,TRAN-PRV,store_discharge,0.0,YZ,MW
2046-08-06 07:00:00,TRAN-PUB,store_discharge,0.0,YZ,MW
2046-08-07 08:00:00,TRAN-PRV,store_discharge,0.0,YZ,MW
2046-08-08 09:00:00,TRAN-PUB,store_discharge,0.0,YZ,MW
2046-08-09 10:00:00,TRAN-PRV,store_discharge,0.0,YZ,MW
2046-08-10 11:00:00,TRAN-PUB,store_discharge,0.0,YZ,MW
2046-08-11 12:00:00,TRAN-PRV,store_discharge,0.0,YZ,MW
2046-08-12 13:00:00,TRAN-PUB,store_discharge,0.0,YZ,MW
2046-08-13 14:00:00,TRAN-PRV,store_discharge,0.0,YZ,MW
2046-08-14 15:00:00,TRAN-PUB,store_discharge,0.0,YZ,MW
2046-08-15 16:00:00,TRAN-PRV,store_discharge,0.0,YZ,MW
2046-08-16 17:00:00,TRAN-PUB,store_discharge,0.0,YZ,MW
2046-08-17 18:00:00,TRAN-PRV,store_discharge,0.0,YZ,MW
2046-08-18 19:00:00,TRAN-PUB,store_discharge,0.0,YZ,MW
2046-08-19 20:00:00,TRAN-PRV,store_discharge,0.0,YZ,MW
2046-08-20 21:00:00,TRAN-PUB,store_discharge,0.0,YZ,MW
2046-08-21 22:00:00,TRAN-PRV,store_discharge,0.0,YZ,MW
2046-08-22 23:00:00,TRAN-PUB,store_discharge,0.0,YZ,MW
2046-08-24 00:00:00,TRAN-PRV,store_discharge,0.0,YZ,MW
2046-08-25 01:00:00,TRAN-PUB,store_discharge,0.0,YZ,MW
2046-08-26 02:00:00,TRAN-PRV,store_discharge,0.0,YZ,MW
2046-08-27 03:00:00,TRAN-PUB,store_discharge,0.0,YZ,MW
2046-08-28 04:00:00,TRAN-PRV,store_discharge,0.0,YZ,MW
2046-08-29 05:00:00,TRAN-PUB,store_discharge,0.0,YZ,MW
2046-08-30 06:00:00,TRAN-PRV,store_discharge,0.0,YZ,MW
2046-08-31 07:00:00,TRAN-PUB,store_discharge,0.0,YZ,MW
2046-09-01 08:00:00,TRAN-PRV,store_discharge,0.0,YZ,MW
2046-09-02 09:00:00,TRAN-PUB,store_discharge,0.0,YZ,MW
2046-09-03 10:00:00,TRAN-PRV,store_discharge,0.0,YZ,MW
2046-09-04 11:00:00,TRAN-PUB,store_discharge,0.0,YZ,MW
2046-09-05 12:00:00,TRAN-PRV,store_discharge,0.0,YZ,MW
2046-09-06 13:00:00,TRAN-PUB,store_discharge,0.0,YZ,MW
2046-09-07 14:00:00,TRAN-PRV,store_discharge,-10.8,YZ,MW
2046-09-08 15:00:00,TRAN-PUB,store_discharge,-3.6,YZ,MW
2046-09-09 16:00:00,TRAN-PRV,store_discharge,10.8,YZ,MW
2046-09-10 17:00:00,TRAN-PUB,store_discharge,3.6,YZ,MW
2046-09-11 18:00:00,TRAN-PRV,store_discharge,0.0,YZ,MW
2046-09-12 19:00:00,TRAN-PUB,store_discharge,0.0,YZ,MW
2046-09-13 20:00:00,TRAN-PRV,store_discharge,0.0,YZ,MW
2046-09-14 21:00:00,TRAN-PUB,store_discharge,0.0,YZ,MW
2046-09-15 22:00:00,TRAN-PRV,store_discharge,0.0,YZ,MW
2046-09-16 23:00:00,TRAN-PUB,store_discharge,0.0,YZ,MW
2046-09-18 00:00:00,TRAN-PRV,store_discharge,0.0,YZ,MW
2046-09-19 01:00:00,TRAN-PUB,store_discharge,0.0,YZ,MW
2046-09-20 02:00:00,TRAN-PRV,store_discharge,0.0,YZ,MW
2046-09-21 03:00:00,TRAN-PUB,store_discharge,0.0,YZ,MW
2046-09-22 04:00:00,TRAN-PRV,store_discharge,0.0,YZ,MW
2046-09-23 05:00:00,TRAN-PUB,store_discharge,0.0,YZ,MW
2046-09-24 06:00:00,TRAN-PRV,store_discharge,0.0,YZ,MW
2046-09-25 07:00:00,TRAN-PUB,store_discharge,0.0,YZ,MW
2046-09-26 08:00:00,TRAN-PRV,store_discharge,0.0,YZ,MW
2046-09-27 09:00:00,TRAN-PUB,store_discharge,0.0,YZ,MW
2046-09-28 10:00:00,TRAN-PRV,store_discharge,0.0,YZ,MW
2046-09-29 11:00:00,TRAN-PUB,store_discharge,0.0,YZ,MW
2046-09-30 12:00:00,TRAN-PRV,store_discharge,0.0,YZ,MW
2046-10-01 13:00:00,TRAN-PUB,store_discharge,0.0,YZ,MW
2046-10-02 14:00:00,TRAN-PRV,store_discharge,0.0,YZ,MW
2046-10-03 15:00:00,TRAN-PUB,store_discharge,0.0,YZ,MW
2046-10-04 16:00:00,TRAN-PRV,store_discharge,0.0,YZ,MW
2046-10-05 17:00:00,TRAN-PUB,store_discharge,0.0,YZ,MW
2046-10-06 18:00:00,TRAN-PRV,store_discharge,0.0,YZ,MW
2046-10-07 19:00:00,TRAN-PUB,store_discharge,0.0,YZ,MW
2046-10-08 20:00:00,TRAN-PRV,store_discharge,0.0,YZ,MW
2046-10-09 21:00:00,TRAN-PUB,store_discharge,0.0,YZ,MW
2046-10-10 22:00:00,TRAN-PRV,store_discharge,0.0,YZ,MW
2046-10-11 23:00:00,TRAN-PUB,store_discharge,0.0,YZ,MW
2046-10-13 00:00:00,TRAN-PRV,store_discharge,0.0,YZ,MW
2046-10-14 01:00:00,TRAN-PUB,store_discharge,0.0,YZ,MW
2046-10-15 02:00:00,TRAN-PRV,store_discharge,0.0,YZ,MW
2046-10-16 03:00:00,TRAN-PUB,store_discharge,0.0,YZ,MW
2046-10-17 04:00:00,TRAN-PRV,store_discharge,0.0,YZ,MW
2046-10-18 05:00:00,TRAN-PUB,store_discharge,0.0,YZ,MW
2046-10-19 06:00:00,TRAN-PRV,store_discharge,0.0,YZ,MW
2046-10-20 07:00:00,TRAN-PUB,store_discharge,0.0,YZ,MW
2046-10-21 08:00:00,TRAN-PRV,store_discharge,0.0,YZ,MW
2046-10-22 09:00:00,TRAN-PUB,store_discharge,0.0,YZ,MW
2046-10-23 10:00:00,TRAN-PRV,store_discharge,0.0,YZ,MW
2046-10-24 11:00:00,TRAN-PUB,store_discharge,0.0,YZ,MW
2046-10-25 12:00:00,TRAN-PRV,store_discharge,0.0,YZ,MW
2046-10-26 13:00:00,TRAN-PUB,store_discharge,0.0,YZ,MW
2046-10-27 14:00:00,TRAN-PRV,store_discharge,-10.8,YZ,MW
2046-10-28 15:00:00,TRAN-PUB,store_discharge,-3.6,YZ,MW
2046-10-29 16:00:00,TRAN-PRV,store_discharge,10.8,YZ,MW
2046-10-30 17:00:00,TRAN-PUB,store_discharge,3.6,YZ,MW
2046-10-31 18:00:00,TRAN-PRV,store_discharge,0.0,YZ,MW
2046-11-01 19:00:00,TRAN-PUB,store_discharge,0.0,YZ,MW
2046-11-02 20:00:00,TRAN-PRV,store_discharge,0.0,YZ,MW
2046-11-03 21:00:00,TRAN-PUB,store_discharge,0.0,YZ,MW
2046-11-04 22:00:00,TRAN-PRV,store_discharge,0.0,YZ,MW
2046-11-05 23:00:00,TRAN-PUB,store_discharge,0.0,YZ,MW
2046-11-07 00:00:00,TRAN-PRV,store_discharge,0.0,YZ,MW
2046-11-08 01:00:00,TRAN-PUB,store_discharge,0.0,YZ,MW
2046-11-09 02:00:00,TRAN-PRV,store_discharge,0.0,YZ,MW
2046-11-10 03:00:00,TRAN-PUB,store_discharge,0.0,YZ,MW
2046-11-11 04:00:00,TRAN-PRV,store_discharge,0.0,YZ,MW
2046-11-12 05:00:00,TRAN-PUB,store_discharge,0.0,YZ,MW
2046-11-13 06:00:00,TRAN-PRV,store_discharge,0.0,YZ,MW
2046-11-14 07:00:00,TRAN-PUB,store_discharge,0.0,YZ,MW
2046-11-15 08:00:00,TRAN-PRV,store_discharge,0.0,YZ,MW
2046-11-16 09:00:00,TRAN-PUB,store_discharge,0.0,YZ,MW
2046-11-17 10:00:00,TRAN-PRV,store_discharge,0.0,YZ,MW
2046-11-18 11:00:00,TRAN-PUB,store_discharge,0.0,YZ,MW
2046-11-19 12:00:00,TRAN-PRV,store_discharge,0.0,YZ,MW
2046-11-20 13:00:00,TRAN-PUB,store_discharge,0.0,YZ,MW
2046-11-21 14:00:00,TRAN-PRV,store_discharge,0.0,YZ,MW
2046-11-22 15:00:00,TRAN-PUB,store_discharge,0.0,YZ,MW
2046-11-23 16:00:00,TRAN-PRV,store_discharge,0.0,YZ,MW
2046-11-24 17:00:00,TRAN-PUB,store_discharge,0.0,YZ,MW
2046-11-25 18:00:00,TRAN-PRV,store_discharge,0.0,YZ,MW
2046-11-26 19:00:00,TRAN-PUB,store_discharge,0.0,YZ,MW
2046-11-27 20:00:00,TRAN-PRV,store_discharge,0.0,YZ,MW
2046-11-28 21:00:00,TRAN-PUB,store_discharge,0.0,YZ,MW
2046-11-29 22:00:00,TRAN-PRV,store_discharge,0.0,YZ,MW
2046-11-30 23:00:00,TRAN-PUB,store_discharge,0.0,YZ,MW
2046-12-02 00:00:00,TRAN-PRV,store_discharge,0.0,YZ,MW
2046-12-03 01:00:00,TRAN-PUB,store_discharge,0.0,YZ,MW
2046-12-04 02:00:00,TRAN-PRV,store_discharge,0.0,YZ,MW
2046-12-05 03:00:00,TRAN-PUB,store_discharge,0.0,YZ,MW
2046-12-06 04:00:00,TRAN-PRV,store_discharge,0.0,YZ,MW
2046-12-07 05:00:00,TRAN-PUB,store_discharge,0.0,YZ,MW
2046-12-08 06:00:00,TRAN-PRV,store_discharge,0.0,YZ,MW
2046-12-09 07:00:00,TRAN-PUB,store_discharge,0.0,YZ,MW
2046-12-10 08:00:00,TRAN-PRV,store_discharge,0.0,YZ,MW
2046-12-11 09:00:00,TRAN-PUB,store_discharge,0.0,YZ,MW
2046-12-12 10:00:00,TRAN-PRV,store_discharge,0.0,YZ,MW
2046-12-13 11:00:00,TRAN-PUB,store_discharge,0.0,YZ,MW
2046-12-14 12:00:00,TRAN-PRV,store_discharge,0.0,YZ,MW
2046-12-15 13:00:00,TRAN-PUB,store_discharge,0.0,YZ,MW
2046-12-16 14:00:00,TRAN-PRV,store_discharge,-10.8,YZ,MW
2046-12-17 15:00:00,TRAN-PUB,store_discharge,-3.6,YZ,MW
2046-12-18 16:00:00,TRAN-PRV,store_discharge,10.8,YZ,MW
2046-12-19 17:00:00,TRAN-PUB,store_discharge,3.6,YZ,MW
2046-12-20 18:00:00,TRAN-PRV,store_discharge,0.0,YZ,MW
2046-12-21 19:00:00,TRAN-PUB,store_discharge,0.0,YZ,MW
2046-12-22 20:00:00,TRAN-PRV,store_discharge,0.0,YZ,MW
2046-12-23 21:00:00,TRAN-PUB,store_discharge,0.0,YZ,MW
2046-12-24 22:00:00,TRAN-PRV,store_discharge,0.0,YZ,MW
2046-12-25 23:00:00,TRAN-PUB,store_discharge,0.0,YZ,MW
2046-12-27 00:00:00,TRAN-PRV,store_discharge,0.0,YZ,MW
2046-12-28 01:00:00,TRAN-PUB,store_discharge,0.0,YZ,MW
2046-12-29 02:00:00,TRAN-PRV,store_discharge,0.0,YZ,MW
2046-12-30 03:00:00,TRAN-PUB,store_discharge,0.0,YZ,MW
2046-12-31 04:00:00,TRAN-PRV,store_discharge,0.0,YZ,MW
2047-01-01 05:00:00,TRAN-PUB,store_discharge,0.0,YZ,MW
2047-01-02 06:00:00,TRAN-PRV,store_discharge,0.0,YZ,MW
2047-01-03 07:00:00,TRAN-PUB,store_discharge,0.0,YZ,MW
2045-01-01 00:00:00,TRAN-PRV,state_of_charge,252.0,YZ,MW
2045-01-02 01:00:00,TRAN-PUB,state_of_charge,0.0,YZ,MW
2045-01-03 02:00:00,TRAN-PRV,state_of_charge,0.0,YZ,MW
2045-01-04 03:00:00,TRAN-PUB,state_of_charge,0.0,YZ,MW
2045-01-05 04:00:00,TRAN-PRV,state_of_charge,0.0,YZ,MW
2045-01-06 05:00:00,TRAN-PUB,state_of_charge,0.0,YZ,MW
2045-01-07 06:00:00,TRAN-PRV,state_of_charge,0.0,YZ,MW
2045-01-08 07:00:00,TRAN-PUB,state_of_charge,0.0,YZ,MW
2045-01-09 08:00:00,TRAN-PRV,state_of_charge,0.0,YZ,MW
2045-01-10 09:00:00,TRAN-PUB,state_of_charge,0.0,YZ,MW
2045-01-11 10:00:00,TRAN-PRV,state_of_charge,0.0,YZ,MW
2045-01-12 11:00:00,TRAN-PUB,state_of_charge,0.0,YZ,MW
2045-01-13 12:00:00,TRAN-PRV,state_of_charge,270.0,YZ,MW
2045-01-14 13:00:00,TRAN-PUB,state_of_charge,90.0,YZ,MW
2045-01-15 14:00:00,TRAN-PRV,state_of_charge,0.0,YZ,MW
2045-01-16 15:00:00,TRAN-PUB,state_of_charge,0.0,YZ,MW
2045-01-17 16:00:00,TRAN-PRV,state_of_charge,0.0,YZ,MW
2045-01-18 17:00:00,TRAN-PUB,state_of_charge,0.0,YZ,MW
2045-01-19 18:00:00,TRAN-PRV,state_of_charge,0.0,YZ,MW
2045-01-20 19:00:00,TRAN-PUB,state_of_charge,0.0,YZ,MW
2045-01-21 20:00:00,TRAN-PRV,state_of_charge,0.0,YZ,MW
2045-01-22 21:00:00,TRAN-PUB,state_of_charge,0.0,YZ,MW
2045-01-23 22:00:00,TRAN-PRV,state_of_charge,0.0,YZ,MW
2045-01-24 23:00:00,TRAN-PUB,state_of_charge,0.0,YZ,MW
2045-01-26 00:00:00,TRAN-PRV,state_of_charge,0.0,YZ,MW
2045-01-27 01:00:00,TRAN-PUB,state_of_charge,0.0,YZ,MW
2045-01-28 02:00:00,TRAN-PRV,state_of_charge,0.0,YZ,MW
2045-01-29 03:00:00,TRAN-PUB,state_of_charge,0.0,YZ,MW
2045-01-30 04:00:00,TRAN-PRV,state_of_charge,0.0,YZ,MW
2045-01-31 05:00:00,TRAN-PUB,state_of_charge,0.0,YZ,MW
2045-02-01 06:00:00,TRAN-PRV,state_of_charge,0.0,YZ,MW
2045-02-02 07:00:00,TRAN-PUB,state_of_charge,0.0,YZ,MW
2045-02-03 08:00:00,TRAN-PRV,state_of_charge,0.0,YZ,MW
2045-02-04 09:00:00,TRAN-PUB,state_of_charge,0.0,YZ,MW
2045-02-05 10:00:00,TRAN-PRV,state_of_charge,0.0,YZ,MW
2045-02-06 11:00:00,TRAN-PUB,state_of_charge,0.0,YZ,MW
2045-02-07 12:00:00,TRAN-PRV,state_of_charge,0.0,YZ,MW
2045-02-08 13:00:00,TRAN-PUB,state_of_charge,0.0,YZ,MW
2045-02-09 14:00:00,TRAN-PRV,state_of_charge,0.0,YZ,MW
2045-02-10 15:00:00,TRAN-PUB,state_of_charge,0.0,YZ,MW
2045-02-11 16:00:00,TRAN-PRV,state_of_charge,0.0,YZ,MW
2045-02-12 17:00:00,TRAN-PUB,state_of_charge,0.0,YZ,MW
2045-02-13 18:00:00,TRAN-PRV,state_of_charge,0.0,YZ,MW
2045-02-14 19:00:00,TRAN-PUB,state_of_charge,0.0,YZ,MW
2045-02-15 20:00:00,TRAN-PRV,state_of_charge,0.0,YZ,MW
2045-02-16 21:00:00,TRAN-PUB,state_of_charge,0.0,YZ,MW
2045-02-17 22:00:00,TRAN-PRV,state_of_charge,0.0,YZ,MW
2045-02-18 23:00:00,TRAN-PUB,state_of_charge,0.0,YZ,MW
2045-02-20 00:00:00,TRAN-PRV,state_of_charge,0.0,YZ,MW
2045-02-21 01:00:00,TRAN-PUB,state_of_charge,0.0,YZ,MW
2045-02-22 02:00:00,TRAN-PRV,state_of_charge,0.0,YZ,MW
2045-02-23 03:00:00,TRAN-PUB,state_of_charge,0.0,YZ,MW
2045-02-24 04:00:00,TRAN-PRV,state_of_charge,0.0,YZ,MW
2045-02-25 05:00:00,TRAN-PUB,state_of_charge,0.0,YZ,MW
2045-02-26 06:00:00,TRAN-PRV,state_of_charge,0.0,YZ,MW
2045-02-27 07:00:00,TRAN-PUB,state_of_charge,0.0,YZ,MW
2045-02-28 08:00:00,TRAN-PRV,state_of_charge,0.0,YZ,MW
2045-03-01 09:00:00,TRAN-PUB,state_of_charge,0.0,YZ,MW
2045-03-02 10:00:00,TRAN-PRV,state_of_charge,0.0,YZ,MW
2045-03-03 11:00:00,TRAN-PUB,state_of_charge,0.0,YZ,MW
2045-03-04 12:00:00,TRAN-PRV,state_of_charge,270.0,YZ,MW
2045-03-05 13:00:00,TRAN-PUB,state_of_charge,90.0,YZ,MW
2045-03-06 14:00:00,TRAN-PRV,state_of_charge,0.0,YZ,MW
2045-03-07 15:00:00,TRAN-PUB,state_of_charge,0.0,YZ,MW
2045-03-08 16:00:00,TRAN-PRV,state_of_charge,0.0,YZ,MW
2045-03-09 17:00:00,TRAN-PUB,state_of_charge,0.0,YZ,MW
2045-03-10 18:00:00,TRAN-PRV,state_of_charge,0.0,YZ,MW
2045-03-11 19:00:00,TRAN-PUB,state_of_charge,0.0,YZ,MW
2045-03-12 20:00:00,TRAN-PRV,state_of_charge,0.0,YZ,MW
2045-03-13 21:00:00,TRAN-PUB,state_of_charge,0.0,YZ,MW
2045-03-14 22:00:00,TRAN-PRV,state_of_charge,0.0,YZ,MW
2045-03-15 23:00:00,TRAN-PUB,state_of_charge,0.0,YZ,MW
2045-03-17 00:00:00,TRAN-PRV,state_of_charge,0.0,YZ,MW
2045-03-18 01:00:00,TRAN-PUB,state_of_charge,0.0,YZ,MW
2045-03-19 02:00:00,TRAN-PRV,state_of_charge,0.0,YZ,MW
2045-03-20 03:00:00,TRAN-PUB,state_of_charge,0.0,YZ,MW
2045-03-21 04:00:00,TRAN-PRV,state_of_charge,0.0,YZ,MW
2045-03-22 05:00:00,TRAN-PUB,state_of_charge,0.0,YZ,MW
2045-03-23 06:00:00,TRAN-PRV,state_of_charge,0.0,YZ,MW
2045-03-24 07:00:00,TRAN-PUB,state_of_charge,0.0,YZ,MW
2045-03-25 08:00:00,TRAN-PRV,state_of_charge,0.0,YZ,MW
2045-03-26 09:00:00,TRAN-PUB,state_of_charge,0.0,YZ,MW
2045-03-27 10:00:00,TRAN-PRV,state_of_charge,0.0,YZ,MW
2045-03-28 11:00:00,TRAN-PUB,state_of_charge,0.0,YZ,MW
2045-03-29 12:00:00,TRAN-PRV,state_of_charge,0.0,YZ,MW
2045-03-30 13:00:00,TRAN-PUB,state_of_charge,0.0,YZ,MW
2045-03-31 14:00:00,TRAN-PRV,state_of_charge,0.0,YZ,MW
2045-04-01 15:00:00,TRAN-PUB,state_of_charge,0.0,YZ,MW
2045-04-02 16:00:00,TRAN-PRV,state_of_charge,0.0,YZ,MW
2045-04-03 17:00:00,TRAN-PUB,state_of_charge,0.0,YZ,MW
2045-04-04 18:00:00,TRAN-PRV,state_of_charge,0.0,YZ,MW
2045-04-05 19:00:00,TRAN-PUB,state_of_charge,0.0,YZ,MW
2045-04-06 20:00:00,TRAN-PRV,state_of_charge,0.0,YZ,MW
2045-04-07 21:00:00,TRAN-PUB,state_of_charge,0.0,YZ,MW
2045-04-08 22:00:00,TRAN-PRV,state_of_charge,0.0,YZ,MW
2045-04-09 23:00:00,TRAN-PUB,state_of_charge,0.0,YZ,MW
2045-04-11 00:00:00,TRAN-PRV,state_of_charge,0.0,YZ,MW
2045-04-12 01:00:00,TRAN-PUB,state_of_charge,0.0,YZ,MW
2045-04-13 02:00:00,TRAN-PRV,state_of_charge,0.0,YZ,MW
2045-04-14 03:00:00,TRAN-PUB,state_of_charge,0.0,YZ,MW
2045-04-15 04:00:00,TRAN-PRV,state_of_charge,0.0,YZ,MW
2045-04-16 05:00:00,TRAN-PUB,state_of_charge,0.0,YZ,MW
2045-04-17 06:00:00,TRAN-PRV,state_of_charge,0.0,YZ,MW
2045-04-18 07:00:00,TRAN-PUB,state_of_charge,0.0,YZ,MW
2045-04-19 08:00:00,TRAN-PRV,state_of_charge,0.0,YZ,MW
2045-04-20 09:00:00,TRAN-PUB,state_of_charge,0.0,YZ,MW
2045-04-21 10:00:00,TRAN-PRV,state_of_charge,0.0,YZ,MW
2045-04-22 11:00:00,TRAN-PUB,state_of_charge,0.0,YZ,MW
2045-04-23 12:00:00,TRAN-PRV,state_of_charge,270.0,YZ,MW
2045-04-24 13:00:00,TRAN-PUB,state_of_charge,90.0,YZ,MW
2045-04-25 14:00:00,TRAN-PRV,state_of_charge,0.0,YZ,MW
2045-04-26 15:00:00,TRAN-PUB,state_of_charge,0.0,YZ,MW
2045-04-27 16:00:00,TRAN-PRV,state_of_charge,0.0,YZ,MW
2045-04-28 17:00:00,TRAN-PUB,state_of_charge,0.0,YZ,MW
2045-04-29 18:00:00,TRAN-PRV,state_of_charge,0.0,YZ,MW
2045-04-30 19:00:00,TRAN-PUB,state_of_charge,0.0,YZ,MW
2045-05-01 20:00:00,TRAN-PRV,state_of_charge,0.0,YZ,MW
2045-05-02 21:00:00,TRAN-PUB,state_of_charge,0.0,YZ,MW
2045-05-03 22:00:00,TRAN-PRV,state_of_charge,0.0,YZ,MW
2045-05-04 23:00:00,TRAN-PUB,state_of_charge,0.0,YZ,MW
2045-05-06 00:00:00,TRAN-PRV,state_of_charge,0.0,YZ,MW
2045-05-07 01:00:00,TRAN-PUB,state_of_charge,0.0,YZ,MW
2045-05-08 02:00:00,TRAN-PRV,state_of_charge,0.0,YZ,MW
2045-05-09 03:00:00,TRAN-PUB,state_of_charge,0.0,YZ,MW
2045-05-10 04:00:00,TRAN-PRV,state_of_charge,0.0,YZ,MW
2045-05-11 05:00:00,TRAN-PUB,state_of_charge,0.0,YZ,MW
2045-05-12 06:00:00,TRAN-PRV,state_of_charge,0.0,YZ,MW
2045-05-13 07:00:00,TRAN-PUB,state_of_charge,0.0,YZ,MW
2045-05-14 08:00:00,TRAN-PRV,state_of_charge,0.0,YZ,MW
2045-05-15 09:00:00,TRAN-PUB,state_of_charge,0.0,YZ,MW
2045-05-16 10:00:00,TRAN-PRV,state_of_charge,0.0,YZ,MW
2045-05-17 11:00:00,TRAN-PUB,state_of_charge,0.0,YZ,MW
2045-05-18 12:00:00,TRAN-PRV,state_of_charge,0.0,YZ,MW
2045-05-19 13:00:00,TRAN-PUB,state_of_charge,0.0,YZ,MW
2045-05-20 14:00:00,TRAN-PRV,state_of_charge,0.0,YZ,MW
2045-05-21 15:00:00,TRAN-PUB,state_of_charge,0.0,YZ,MW
2045-05-22 16:00:00,TRAN-PRV,state_of_charge,0.0,YZ,MW
2045-05-23 17:00:00,TRAN-PUB,state_of_charge,0.0,YZ,MW
2045-05-24 18:00:00,TRAN-PRV,state_of_charge,0.0,YZ,MW
2045-05-25 19:00:00,TRAN-PUB,state_of_charge,0.0,YZ,MW
2045-05-26 20:00:00,TRAN-PRV,state_of_charge,0.0,YZ,MW
2045-05-27 21:00:00,TRAN-PUB,state_of_charge,0.0,YZ,MW
2045-05-28 22:00:00,TRAN-PRV,state_of_charge,0.0,YZ,MW
2045-05-29 23:00:00,TRAN-PUB,state_of_charge,0.0,YZ,MW
2045-05-31 00:00:00,TRAN-PRV,state_of_charge,0.0,YZ,MW
2045-06-01 01:00:00,TRAN-PUB,state_of_charge,0.0,YZ,MW
2045-06-02 02:00:00,TRAN-PRV,state_of_charge,0.0,YZ,MW
2045-06-03 03:00:00,TRAN-PUB,state_of_charge,0.0,YZ,MW
2045-06-04 04:00:00,TRAN-PRV,state_of_charge,0.0,YZ,MW
2045-06-05 05:00:00,TRAN-PUB,state_of_charge,0.0,YZ,MW
2045-06-06 06:00:00,TRAN-PRV,state_of_charge,0.0,YZ,MW
2045-06-07 07:00:00,TRAN-PUB,state_of_charge,0.0,YZ,MW
2045-06-08 08:00:00,TRAN-PRV,state_of_charge,0.0,YZ,MW
2045-06-09 09:00:00,TRAN-PUB,state_of_charge,0.0,YZ,MW
2045-06-10 10:00:00,TRAN-PRV,state_of_charge,0.0,YZ,MW
2045-06-11 11:00:00,TRAN-PUB,state_of_charge,0.0,YZ,MW
2045-06-12 12:00:00,TRAN-PRV,state_of_charge,270.0,YZ,MW
2045-06-13 13:00:00,TRAN-PUB,state_of_charge,90.0,YZ,MW
2045-06-14 14:00:00,TRAN-PRV,state_of_charge,0.0,YZ,MW
2045-06-15 15:00:00,TRAN-PUB,state_of_charge,0.0,YZ,MW
2045-06-16 16:00:00,TRAN-PRV,state_of_charge,0.0,YZ,MW
2045-06-17 17:00:00,TRAN-PUB,state_of_charge,0.0,YZ,MW
2045-06-18 18:00:00,TRAN-PRV,state_of_charge,0.0,YZ,MW
2045-06-19 19:00:00,TRAN-PUB,state_of_charge,0.0,YZ,MW
2045-06-20 20:00:00,TRAN-PRV,state_of_charge,0.0,YZ,MW
2045-06-21 21:00:00,TRAN-PUB,state_of_charge,0.0,YZ,MW
2045-06-22 22:00:00,TRAN-PRV,state_of_charge,0.0,YZ,MW
2045-06-23 23:00:00,TRAN-PUB,state_of_charge,0.0,YZ,MW
2045-06-25 00:00:00,TRAN-PRV,state_of_charge,0.0,YZ,MW
2045-06-26 01:00:00,TRAN-PUB,state_of_charge,0.0,YZ,MW
2045-06-27 02:00:00,TRAN-PRV,state_of_charge,0.0,YZ,MW
2045-06-28 03:00:00,TRAN-PUB,state_of_charge,0.0,YZ,MW
2045-06-29 04:00:00,TRAN-PRV,state_of_charge,0.0,YZ,MW
2045-06-30 05:00:00,TRAN-PUB,state_of_charge,0.0,YZ,MW
2045-07-01 06:00:00,TRAN-PRV,state_of_charge,0.0,YZ,MW
2045-07-02 07:00:00,TRAN-PUB,state_of_charge,0.0,YZ,MW
2045-07-03 08:00:00,TRAN-PRV,state_of_charge,0.0,YZ,MW
2045-07-04 09:00:00,TRAN-PUB,state_of_charge,0.0,YZ,MW
2045-07-05 10:00:00,TRAN-PRV,state_of_charge,0.0,YZ,MW
2045-07-06 11:00:00,TRAN-PUB,state_of_charge,0.0,YZ,MW
2045-07-07 12:00:00,TRAN-PRV,state_of_charge,0.0,YZ,MW
2045-07-08 13:00:00,TRAN-PUB,state_of_charge,0.0,YZ,MW
2045-07-09 14:00:00,TRAN-PRV,state_of_charge,0.0,YZ,MW
2045-07-10 15:00:00,TRAN-PUB,state_of_charge,0.0,YZ,MW
2045-07-11 16:00:00,TRAN-PRV,state_of_charge,0.0,YZ,MW
2045-07-12 17:00:00,TRAN-PUB,state_of_charge,0.0,YZ,MW
2045-07-13 18:00:00,TRAN-PRV,state_of_charge,0.0,YZ,MW
2045-07-14 19:00:00,TRAN-PUB,state_of_charge,0.0,YZ,MW
2045-07-15 20:00:00,TRAN-PRV,state_of_charge,0.0,YZ,MW
2045-07-16 21:00:00,TRAN-PUB,state_of_charge,0.0,YZ,MW
2045-07-17 22:00:00,TRAN-PRV,state_of_charge,0.0,YZ,MW
2045-07-18 23:00:00,TRAN-PUB,state_of_charge,0.0,YZ,MW
2045-07-20 00:00:00,TRAN-PRV,state_of_charge,0.0,YZ,MW
2045-07-21 01:00:00,TRAN-PUB,state_of_charge,0.0,YZ,MW
2045-07-22 02:00:00,TRAN-PRV,state_of_charge,0.0,YZ,MW
2045-07-23 03:00:00,TRAN-PUB,state_of_charge,0.0,YZ,MW
2045-07-24 04:00:00,TRAN-PRV,state_of_charge,0.0,YZ,MW
2045-07-25 05:00:00,TRAN-PUB,state_of_charge,0.0,YZ,MW
2045-07-26 06:00:00,TRAN-PRV,state_of_charge,0.0,YZ,MW
2045-07-27 07:00:00,TRAN-PUB,state_of_charge,0.0,YZ,MW
2045-07-28 08:00:00,TRAN-PRV,state_of_charge,0.0,YZ,MW
2045-07-29 09:00:00,TRAN-PUB,state_of_charge,0.0,YZ,MW
2045-07-30 10:00:00,TRAN-PRV,state_of_charge,270.0,YZ,MW
2045-07-31 11:00:00,TRAN-PUB,state_of_charge,90.0,YZ,MW
2045-08-01 12:00:00,TRAN-PRV,state_of_charge,0.0,YZ,MW
2045-08-02 13:00:00,TRAN-PUB,state_of_charge,0.0,YZ,MW
2045-08-03 14:00:00,TRAN-PRV,state_of_charge,0.0,YZ,MW
2045-08-04 15:00:00,TRAN-PUB,state_of_charge,0.0,YZ,MW
2045-08-05 16:00:00,TRAN-PRV,state_of_charge,0.0,YZ,MW
2045-08-06 17:00:00,TRAN-PUB,state_of_charge,0.0,YZ,MW
2045-08-07 18:00:00,TRAN-PRV,state_of_charge,0.0,YZ,MW
2045-08-08 19:00:00,TRAN-PUB,state_of_charge,0.0,YZ,MW
2045-08-09 20:00:00,TRAN-PRV,state_of_charge,0.0,YZ,MW
2045-08-10 21:00:00,TRAN-PUB,state_of_charge,0.0,YZ,MW
2045-08-11 22:00:00,TRAN-PRV,state_of_charge,0.0,YZ,MW
2045-08-12 23:00:00,TRAN-PUB,state_of_charge,0.0,YZ,MW
2045-08-14 00:00:00,TRAN-PRV,state_of_charge,0.0,YZ,MW
2045-08-15 01:00:00,TRAN-PUB,state_of_charge,0.0,YZ,MW
2045-08-16 02:00:00,TRAN-PRV,state_of_charge,0.0,YZ,MW
2045-08-17 03:00:00,TRAN-PUB,state_of_charge,0.0,YZ,MW
2045-08-18 04:00:00,TRAN-PRV,state_of_charge,0.0,YZ,MW
2045-08-19 05:00:00,TRAN-PUB,state_of_charge,0.0,YZ,MW
2045-08-20 06:00:00,TRAN-PRV,state_of_charge,0.0,YZ,MW
2045-08-21 07:00:00,TRAN-PUB,state_of_charge,0.0,YZ,MW
2045-08-22 08:00:00,TRAN-PRV,state_of_charge,0.0,YZ,MW
2045-08-23 09:00:00,TRAN-PUB,state_of_charge,0.0,YZ,MW
2045-08-24 10:00:00,TRAN-PRV,state_of_charge,0.0,YZ,MW
2045-08-25 11:00:00,TRAN-PUB,state_of_charge,0.0,YZ,MW
2045-08-26 12:00:00,TRAN-PRV,state_of_charge,0.0,YZ,MW
2045-08-27 13:00:00,TRAN-PUB,state_of_charge,0.0,YZ,MW
2045-08-28 14:00:00,TRAN-PRV,state_of_charge,0.0,YZ,MW
2045-08-29 15:00:00,TRAN-PUB,state_of_charge,0.0,YZ,MW
2045-08-30 16:00:00,TRAN-PRV,state_of_charge,0.0,YZ,MW
2045-08-31 17:00:00,TRAN-PUB,state_of_charge,0.0,YZ,MW
2045-09-01 18:00:00,TRAN-PRV,state_of_charge,0.0,YZ,MW
2045-09-02 19:00:00,TRAN-PUB,state_of_charge,0.0,YZ,MW
2045-09-03 20:00:00,TRAN-PRV,state_of_charge,0.0,YZ,MW
2045-09-04 21:00:00,TRAN-PUB,state_of_charge,0.0,YZ,MW
2045-09-05 22:00:00,TRAN-PRV,state_of_charge,0.0,YZ,MW
2045-09-06 23:00:00,TRAN-PUB,state_of_charge,0.0,YZ,MW
2045-09-08 00:00:00,TRAN-PRV,state_of_charge,0.0,YZ,MW
2045-09-09 01:00:00,TRAN-PUB,state_of_charge,0.0,YZ,MW
2045-09-10 02:00:00,TRAN-PRV,state_of_charge,0.0,YZ,MW
2045-09-11 03:00:00,TRAN-PUB,state_of_charge,0.0,YZ,MW
2045-09-12 04:00:00,TRAN-PRV,state_of_charge,0.0,YZ,MW
2045-09-13 05:00:00,TRAN-PUB,state_of_charge,0.0,YZ,MW
2045-09-14 06:00:00,TRAN-PRV,state_of_charge,0.0,YZ,MW
2045-09-15 07:00:00,TRAN-PUB,state_of_charge,0.0,YZ,MW
2045-09-16 08:00:00,TRAN-PRV,state_of_charge,0.0,YZ,MW
2045-09-17 09:00:00,TRAN-PUB,state_of_charge,0.0,YZ,MW
2045-09-18 10:00:00,TRAN-PRV,state_of_charge,270.0,YZ,MW
2045-09-19 11:00:00,TRAN-PUB,state_of_charge,90.0,YZ,MW
2045-09-20 12:00:00,TRAN-PRV,state_of_charge,0.0,YZ,MW
2045-09-21 13:00:00,TRAN-PUB,state_of_charge,0.0,YZ,MW
2045-09-22 14:00:00,TRAN-PRV,state_of_charge,0.0,YZ,MW
2045-09-23 15:00:00,TRAN-PUB,state_of_charge,0.0,YZ,MW
2045-09-24 16:00:00,TRAN-PRV,state_of_charge,0.0,YZ,MW
2045-09-25 17:00:00,TRAN-PUB,state_of_charge,0.0,YZ,MW
2045-09-26 18:00:00,TRAN-PRV,state_of_charge,0.0,YZ,MW
2045-09-27 19:00:00,TRAN-PUB,state_of_charge,0.0,YZ,MW
2045-09-28 20:00:00,TRAN-PRV,state_of_charge,0.0,YZ,MW
2045-09-29 21:00:00,TRAN-PUB,state_of_charge,0.0,YZ,MW
2045-09-30 22:00:00,TRAN-PRV,state_of_charge,0.0,YZ,MW
2045-10-01 23:00:00,TRAN-PUB,state_of_charge,0.0,YZ,MW
2045-10-03 00:00:00,TRAN-PRV,state_of_charge,0.0,YZ,MW
2045-10-04 01:00:00,TRAN-PUB,state_of_charge,0.0,YZ,MW
2045-10-05 02:00:00,TRAN-PRV,state_of_charge,0.0,YZ,MW
2045-10-06 03:00:00,TRAN-PUB,state_of_charge,0.0,YZ,MW
2045-10-07 04:00:00,TRAN-PRV,state_of_charge,0.0,YZ,MW
2045-10-08 05:00:00,TRAN-PUB,state_of_charge,0.0,YZ,MW
2045-10-09 06:00:00,TRAN-PRV,state_of_charge,0.0,YZ,MW
2045-10-10 07:00:00,TRAN-PUB,state_of_charge,0.0,YZ,MW
2045-10-11 08:00:00,TRAN-PRV,state_of_charge,0.0,YZ,MW
2045-10-12 09:00:00,TRAN-PUB,state_of_charge,0.0,YZ,MW
2045-10-13 10:00:00,TRAN-PRV,state_of_charge,0.0,YZ,MW
2045-10-14 11:00:00,TRAN-PUB,state_of_charge,0.0,YZ,MW
2045-10-15 12:00:00,TRAN-PRV,state_of_charge,0.0,YZ,MW
2045-10-16 13:00:00,TRAN-PUB,state_of_charge,0.0,YZ,MW
2045-10-17 14:00:00,TRAN-PRV,state_of_charge,0.0,YZ,MW
2045-10-18 15:00:00,TRAN-PUB,state_of_charge,0.0,YZ,MW
2045-10-19 16:00:00,TRAN-PRV,state_of_charge,0.0,YZ,MW
2045-10-20 17:00:00,TRAN-PUB,state_of_charge,0.0,YZ,MW
2045-10-21 18:00:00,TRAN-PRV,state_of_charge,0.0,YZ,MW
2045-10-22 19:00:00,TRAN-PUB,state_of_charge,0.0,YZ,MW
2045-10-23 20:00:00,TRAN-PRV,state_of_charge,0.0,YZ,MW
2045-10-24 21:00:00,TRAN-PUB,state_of_charge,0.0,YZ,MW
2045-10-25 22:00:00,TRAN-PRV,state_of_charge,0.0,YZ,MW
2045-10-26 23:00:00,TRAN-PUB,state_of_charge,0.0,YZ,MW
2045-10-28 00:00:00,TRAN-PRV,state_of_charge,0.0,YZ,MW
2045-10-29 01:00:00,TRAN-PUB,state_of_charge,0.0,YZ,MW
2045-10-30 02:00:00,TRAN-PRV,state_of_charge,0.0,YZ,MW
2045-10-31 03:00:00,TRAN-PUB,state_of_charge,0.0,YZ,MW
2045-11-01 04:00:00,TRAN-PRV,state_of_charge,0.0,YZ,MW
2045-11-02 05:00:00,TRAN-PUB,state_of_charge,0.0,YZ,MW
2045-11-03 06:00:00,TRAN-PRV,state_of_charge,0.0,YZ,MW
2045-11-04 07:00:00,TRAN-PUB,state_of_charge,0.0,YZ,MW
2045-11-05 08:00:00,TRAN-PRV,state_of_charge,0.0,YZ,MW
2045-11-06 09:00:00,TRAN-PUB,state_of_charge,0.0,YZ,MW
2045-11-07 10:00:00,TRAN-PRV,state_of_charge,270.0,YZ,MW
2045-11-08 11:00:00,TRAN-PUB,state_of_charge,90.0,YZ,MW
2045-11-09 12:00:00,TRAN-PRV,state_of_charge,0.0,YZ,MW
2045-11-10 13:00:00,TRAN-PUB,state_of_charge,0.0,YZ,MW
2045-11-11 14:00:00,TRAN-PRV,state_of_charge,0.0,YZ,MW
2045-11-12 15:00:00,TRAN-PUB,state_of_charge,0.0,YZ,MW
2045-11-13 16:00:00,TRAN-PRV,state_of_charge,0.0,YZ,MW
2045-11-14 17:00:00,TRAN-PUB,state_of_charge,0.0,YZ,MW
2045-11-15 18:00:00,TRAN-PRV,state_of_charge,0.0,YZ,MW
2045-11-16 19:00:00,TRAN-PUB,state_of_charge,0.0,YZ,MW
2045-11-17 20:00:00,TRAN-PRV,state_of_charge,0.0,YZ,MW
2045-11-18 21:00:00,TRAN-PUB,state_of_charge,0.0,YZ,MW
2045-11-19 22:00:00,TRAN-PRV,state_of_charge,0.0,YZ,MW
2045-11-20 23:00:00,TRAN-PUB,state_of_charge,0.0,YZ,MW
2045-11-22 00:00:00,TRAN-PRV,state_of_charge,0.0,YZ,MW
2045-11-23 01:00:00,TRAN-PUB,state_of_charge,0.0,YZ,MW
2045-11-24 02:00:00,TRAN-PRV,state_of_charge,0.0,YZ,MW
2045-11-25 03:00:00,TRAN-PUB,state_of_charge,0.0,YZ,MW
2045-11-26 04:00:00,TRAN-PRV,state_of_charge,0.0,YZ,MW
2045-11-27 05:00:00,TRAN-PUB,state_of_charge,0.0,YZ,MW
2045-11-28 06:00:00,TRAN-PRV,state_of_charge,0.0,YZ,MW
2045-11-29 07:00:00,TRAN-PUB,state_of_charge,0.0,YZ,MW
2045-11-30 08:00:00,TRAN-PRV,state_of_charge,0.0,YZ,MW
2045-12-01 09:00:00,TRAN-PUB,state_of_charge,0.0,YZ,MW
2045-12-02 10:00:00,TRAN-PRV,state_of_charge,0.0,YZ,MW
2045-12-03 11:00:00,TRAN-PUB,state_of_charge,0.0,YZ,MW
2045-12-04 12:00:00,TRAN-PRV,state_of_charge,0.0,YZ,MW
2045-12-05 13:00:00,TRAN-PUB,state_of_charge,0.0,YZ,MW
2045-12-06 14:00:00,TRAN-PRV,state_of_charge,0.0,YZ,MW
2045-12-07 15:00:00,TRAN-PUB,state_of_charge,0.0,YZ,MW
2045-12-08 16:00:00,TRAN-PRV,state_of_charge,0.0,YZ,MW
2045-12-09 17:00:00,TRAN-PUB,state_of_charge,0.0,YZ,MW
2045-12-10 18:00:00,TRAN-PRV,state_of_charge,0.0,YZ,MW
2045-12-11 19:00:00,TRAN-PUB,state_of_charge,0.0,YZ,MW
2045-12-12 20:00:00,TRAN-PRV,state_of_charge,0.0,YZ,MW
2045-12-13 21:00:00,TRAN-PUB,state_of_charge,0.0,YZ,MW
2045-12-14 22:00:00,TRAN-PRV,state_of_charge,0.0,YZ,MW
2045-12-15 23:00:00,TRAN-PUB,state_of_charge,0.0,YZ,MW
2045-12-17 00:00:00,TRAN-PRV,state_of_charge,0.0,YZ,MW
2045-12-18 01:00:00,TRAN-PUB,state_of_charge,0.0,YZ,MW
2045-12-19 02:00:00,TRAN-PRV,state_of_charge,0.0,YZ,MW
2045-12-20 03:00:00,TRAN-PUB,state_of_charge,0.0,YZ,MW
2045-12-21 04:00:00,TRAN-PRV,state_of_charge,0.0,YZ,MW
2045-12-22 05:00:00,TRAN-PUB,state_of_charge,0.0,YZ,MW
2045-12-23 06:00:00,TRAN-PRV,state_of_charge,0.0,YZ,MW
2045-12-24 07:00:00,TRAN-PUB,state_of_charge,0.0,YZ,MW
2045-12-25 08:00:00,TRAN-PRV,state_of_charge,0.0,YZ,MW
2045-12-26 09:00:00,TRAN-PUB,state_of_charge,0.0,YZ,MW
2045-12-27 10:00:00,TRAN-PRV,state_of_charge,0.0,YZ,MW
2045-12-28 11:00:00,TRAN-PUB,state_of_charge,0.0,YZ,MW
2045-12-29 12:00:00,TRAN-PRV,state_of_charge,270.0,YZ,MW
2045-12-30 13:00:00,TRAN-PUB,state_of_charge,90.0,YZ,MW
2045-12-31 14:00:00,TRAN-PRV,state_of_charge,0.0,YZ,MW
2046-01-01 15:00:00,TRAN-PUB,state_of_charge,0.0,YZ,MW
2046-01-02 16:00:00,TRAN-PRV,state_of_charge,0.0,YZ,MW
2046-01-03 17:00:00,TRAN-PUB,state_of_charge,0.0,YZ,MW
2046-01-04 18:00:00,TRAN-PRV,state_of_charge,0.0,YZ,MW
2046-01-05 19:00:00,TRAN-PUB,state_of_charge,0.0,YZ,MW
2046-01-06 20:00:00,TRAN-PRV,state_of_charge,0.0,YZ,MW
2046-01-07 21:00:00,TRAN-PUB,state_of_charge,0.0,YZ,MW
2046-01-08 22:00:00,TRAN-PRV,state_of_charge,0.0,YZ,MW
2046-01-09 23:00:00,TRAN-PUB,state_of_charge,0.0,YZ,MW
2046-01-11 00:00:00,TRAN-PRV,state_of_charge,0.0,YZ,MW
2046-01-12 01:00:00,TRAN-PUB,state_of_charge,0.0,YZ,MW
2046-01-13 02:00:00,TRAN-PRV,state_of_charge,0.0,YZ,MW
2046-01-14 03:00:00,TRAN-PUB,state_of_charge,0.0,YZ,MW
2046-01-15 04:00:00,TRAN-PRV,state_of_charge,0.0,YZ,MW
2046-01-16 05:00:00,TRAN-PUB,state_of_charge,0.0,YZ,MW
2046-01-17 06:00:00,TRAN-PRV,state_of_charge,0.0,YZ,MW
2046-01-18 07:00:00,TRAN-PUB,state_of_charge,0.0,YZ,MW
2046-01-19 08:00:00,TRAN-PRV,state_of_charge,0.0,YZ,MW
2046-01-20 09:00:00,TRAN-PUB,state_of_charge,0.0,YZ,MW
2046-01-21 10:00:00,TRAN-PRV,state_of_charge,0.0,YZ,MW
2046-01-22 11:00:00,TRAN-PUB,state_of_charge,0.0,YZ,MW
2046-01-23 12:00:00,TRAN-PRV,state_of_charge,0.0,YZ,MW
2046-01-24 13:00:00,TRAN-PUB,state_of_charge,0.0,YZ,MW
2046-01-25 14:00:00,TRAN-PRV,state_of_charge,0.0,YZ,MW
2046-01-26 15:00:00,TRAN-PUB,state_of_charge,0.0,YZ,MW
2046-01-27 16:00:00,TRAN-PRV,state_of_charge,0.0,YZ,MW
2046-01-28 17:00:00,TRAN-PUB,state_of_charge,0.0,YZ,MW
2046-01-29 18:00:00,TRAN-PRV,state_of_charge,0.0,YZ,MW
2046-01-30 19:00:00,TRAN-PUB,state_of_charge,0.0,YZ,MW
2046-01-31 20:00:00,TRAN-PRV,state_of_charge,0.0,YZ,MW
2046-02-01 21:00:00,TRAN-PUB,state_of_charge,0.0,YZ,MW
2046-02-02 22:00:00,TRAN-PRV,state_of_charge,0.0,YZ,MW
2046-02-03 23:00:00,TRAN-PUB,state_of_charge,0.0,YZ,MW
2046-02-05 00:00:00,TRAN-PRV,state_of_charge,0.0,YZ,MW
2046-02-06 01:00:00,TRAN-PUB,state_of_charge,0.0,YZ,MW
2046-02-07 02:00:00,TRAN-PRV,state_of_charge,0.0,YZ,MW
2046-02-08 03:00:00,TRAN-PUB,state_of_charge,0.0,YZ,MW
2046-02-09 04:00:00,TRAN-PRV,state_of_charge,0.0,YZ,MW
2046-02-10 05:00:00,TRAN-PUB,state_of_charge,0.0,YZ,MW
2046-02-11 06:00:00,TRAN-PRV,state_of_charge,0.0,YZ,MW
2046-02-12 07:00:00,TRAN-PUB,state_of_charge,0.0,YZ,MW
2046-02-13 08:00:00,TRAN-PRV,state_of_charge,0.0,YZ,MW
2046-02-14 09:00:00,TRAN-PUB,state_of_charge,0.0,YZ,MW
2046-02-15 10:00:00,TRAN-PRV,state_of_charge,0.0,YZ,MW
2046-02-16 11:00:00,TRAN-PUB,state_of_charge,0.0,YZ,MW
2046-02-17 12:00:00,TRAN-PRV,state_of_charge,270.0,YZ,MW
2046-02-18 13:00:00,TRAN-PUB,state_of_charge,90.0,YZ,MW
2046-02-19 14:00:00,TRAN-PRV,state_of_charge,0.0,YZ,MW
2046-02-20 15:00:00,TRAN-PUB,state_of_charge,0.0,YZ,MW
2046-02-21 16:00:00,TRAN-PRV,state_of_charge,0.0,YZ,MW
2046-02-22 17:00:00,TRAN-PUB,state_of_charge,0.0,YZ,MW
2046-02-23 18:00:00,TRAN-PRV,state_of_charge,0.0,YZ,MW
2046-02-24 19:00:00,TRAN-PUB,state_of_charge,0.0,YZ,MW
2046-02-25 20:00:00,TRAN-PRV,state_of_charge,0.0,YZ,MW
2046-02-26 21:00:00,TRAN-PUB,state_of_charge,0.0,YZ,MW
2046-02-27 22:00:00,TRAN-PRV,state_of_charge,0.0,YZ,MW
2046-02-28 23:00:00,TRAN-PUB,state_of_charge,0.0,YZ,MW
2046-03-02 00:00:00,TRAN-PRV,state_of_charge,0.0,YZ,MW
2046-03-03 01:00:00,TRAN-PUB,state_of_charge,0.0,YZ,MW
2046-03-04 02:00:00,TRAN-PRV,state_of_charge,0.0,YZ,MW
2046-03-05 03:00:00,TRAN-PUB,state_of_charge,0.0,YZ,MW
2046-03-06 04:00:00,TRAN-PRV,state_of_charge,0.0,YZ,MW
2046-03-07 05:00:00,TRAN-PUB,state_of_charge,0.0,YZ,MW
2046-03-08 06:00:00,TRAN-PRV,state_of_charge,0.0,YZ,MW
2046-03-09 07:00:00,TRAN-PUB,state_of_charge,0.0,YZ,MW
2046-03-10 08:00:00,TRAN-PRV,state_of_charge,0.0,YZ,MW
2046-03-11 09:00:00,TRAN-PUB,state_of_charge,0.0,YZ,MW
2046-03-12 10:00:00,TRAN-PRV,state_of_charge,0.0,YZ,MW
2046-03-13 11:00:00,TRAN-PUB,state_of_charge,0.0,YZ,MW
2046-03-14 12:00:00,TRAN-PRV,state_of_charge,0.0,YZ,MW
2046-03-15 13:00:00,TRAN-PUB,state_of_charge,0.0,YZ,MW
2046-03-16 14:00:00,TRAN-PRV,state_of_charge,0.0,YZ,MW
2046-03-17 15:00:00,TRAN-PUB,state_of_charge,0.0,YZ,MW
2046-03-18 16:00:00,TRAN-PRV,state_of_charge,0.0,YZ,MW
2046-03-19 17:00:00,TRAN-PUB,state_of_charge,0.0,YZ,MW
2046-03-20 18:00:00,TRAN-PRV,state_of_charge,0.0,YZ,MW
2046-03-21 19:00:00,TRAN-PUB,state_of_charge,0.0,YZ,MW
2046-03-22 20:00:00,TRAN-PRV,state_of_charge,0.0,YZ,MW
2046-03-23 21:00:00,TRAN-PUB,state_of_charge,0.0,YZ,MW
2046-03-24 22:00:00,TRAN-PRV,state_of_charge,0.0,YZ,MW
2046-03-25 23:00:00,TRAN-PUB,state_of_charge,0.0,YZ,MW
2046-03-27 00:00:00,TRAN-PRV,state_of_charge,0.0,YZ,MW
2046-03-28 01:00:00,TRAN-PUB,state_of_charge,0.0,YZ,MW
2046-03-29 02:00:00,TRAN-PRV,state_of_charge,0.0,YZ,MW
2046-03-30 03:00:00,TRAN-PUB,state_of_charge,0.0,YZ,MW
2046-03-31 04:00:00,TRAN-PRV,state_of_charge,0.0,YZ,MW
2046-04-01 05:00:00,TRAN-PUB,state_of_charge,0.0,YZ,MW
2046-04-02 06:00:00,TRAN-PRV,state_of_charge,0.0,YZ,MW
2046-04-03 07:00:00,TRAN-PUB,state_of_charge,0.0,YZ,MW
2046-04-04 08:00:00,TRAN-PRV,state_of_charge,0.0,YZ,MW
2046-04-05 09:00:00,TRAN-PUB,state_of_charge,0.0,YZ,MW
2046-04-06 10:00:00,TRAN-PRV,state_of_charge,0.0,YZ,MW
2046-04-07 11:00:00,TRAN-PUB,state_of_charge,0.0,YZ,MW
2046-04-08 12:00:00,TRAN-PRV,state_of_charge,270.0,YZ,MW
2046-04-09 13:00:00,TRAN-PUB,state_of_charge,90.0,YZ,MW
2046-04-10 14:00:00,TRAN-PRV,state_of_charge,0.0,YZ,MW
2046-04-11 15:00:00,TRAN-PUB,state_of_charge,0.0,YZ,MW
2046-04-12 16:00:00,TRAN-PRV,state_of_charge,0.0,YZ,MW
2046-04-13 17:00:00,TRAN-PUB,state_of_charge,0.0,YZ,MW
2046-04-14 18:00:00,TRAN-PRV,state_of_charge,0.0,YZ,MW
2046-04-15 19:00:00,TRAN-PUB,state_of_charge,0.0,YZ,MW
2046-04-16 20:00:00,TRAN-PRV,state_of_charge,0.0,YZ,MW
2046-04-17 21:00:00,TRAN-PUB,state_of_charge,0.0,YZ,MW
2046-04-18 22:00:00,TRAN-PRV,state_of_charge,0.0,YZ,MW
2046-04-19 23:00:00,TRAN-PUB,state_of_charge,0.0,YZ,MW
2046-04-21 00:00:00,TRAN-PRV,state_of_charge,0.0,YZ,MW
2046-04-22 01:00:00,TRAN-PUB,state_of_charge,0.0,YZ,MW
2046-04-23 02:00:00,TRAN-PRV,state_of_charge,0.0,YZ,MW
2046-04-24 03:00:00,TRAN-PUB,state_of_charge,0.0,YZ,MW
2046-04-25 04:00:00,TRAN-PRV,state_of_charge,0.0,YZ,MW
2046-04-26 05:00:00,TRAN-PUB,state_of_charge,0.0,YZ,MW
2046-04-27 06:00:00,TRAN-PRV,state_of_charge,0.0,YZ,MW
2046-04-28 07:00:00,TRAN-PUB,state_of_charge,0.0,YZ,MW
2046-04-29 08:00:00,TRAN-PRV,state_of_charge,0.0,YZ,MW
2046-04-30 09:00:00,TRAN-PUB,state_of_charge,0.0,YZ,MW
2046-05-01 10:00:00,TRAN-PRV,state_of_charge,0.0,YZ,MW
2046-05-02 11:00:00,TRAN-PUB,state_of_charge,0.0,YZ,MW
2046-05-03 12:00:00,TRAN-PRV,state_of_charge,0.0,YZ,MW
2046-05-04 13:00:00,TRAN-PUB,state_of_charge,0.0,YZ,MW
2046-05-05 14:00:00,TRAN-PRV,state_of_charge,0.0,YZ,MW
2046-05-06 15:00:00,TRAN-PUB,state_of_charge,0.0,YZ,MW
2046-05-07 16:00:00,TRAN-PRV,state_of_charge,0.0,YZ,MW
2046-05-08 17:00:00,TRAN-PUB,state_of_charge,0.0,YZ,MW
2046-05-09 18:00:00,TRAN-PRV,state_of_charge,0.0,YZ,MW
2046-05-10 19:00:00,TRAN-PUB,state_of_charge,0.0,YZ,MW
2046-05-11 20:00:00,TRAN-PRV,state_of_charge,0.0,YZ,MW
2046-05-12 21:00:00,TRAN-PUB,state_of_charge,0.0,YZ,MW
2046-05-13 22:00:00,TRAN-PRV,state_of_charge,0.0,YZ,MW
2046-05-14 23:00:00,TRAN-PUB,state_of_charge,0.0,YZ,MW
2046-05-16 00:00:00,TRAN-PRV,state_of_charge,0.0,YZ,MW
2046-05-17 01:00:00,TRAN-PUB,state_of_charge,0.0,YZ,MW
2046-05-18 02:00:00,TRAN-PRV,state_of_charge,0.0,YZ,MW
2046-05-19 03:00:00,TRAN-PUB,state_of_charge,0.0,YZ,MW
2046-05-20 04:00:00,TRAN-PRV,state_of_charge,0.0,YZ,MW
2046-05-21 05:00:00,TRAN-PUB,state_of_charge,0.0,YZ,MW
2046-05-22 06:00:00,TRAN-PRV,state_of_charge,0.0,YZ,MW
2046-05-23 07:00:00,TRAN-PUB,state_of_charge,0.0,YZ,MW
2046-05-24 08:00:00,TRAN-PRV,state_of_charge,0.0,YZ,MW
2046-05-25 09:00:00,TRAN-PUB,state_of_charge,0.0,YZ,MW
2046-05-26 10:00:00,TRAN-PRV,state_of_charge,0.0,YZ,MW
2046-05-27 11:00:00,TRAN-PUB,state_of_charge,0.0,YZ,MW
2046-05-28 12:00:00,TRAN-PRV,state_of_charge,270.0,YZ,MW
2046-05-29 13:00:00,TRAN-PUB,state_of_charge,90.0,YZ,MW
2046-05-30 14:00:00,TRAN-PRV,state_of_charge,0.0,YZ,MW
2046-05-31 15:00:00,TRAN-PUB,state_of_charge,0.0,YZ,MW
2046-06-01 16:00:00,TRAN-PRV,state_of_charge,0.0,YZ,MW
2046-06-02 17:00:00,TRAN-PUB,state_of_charge,0.0,YZ,MW
2046-06-03 18:00:00,TRAN-PRV,state_of_charge,0.0,YZ,MW
2046-06-04 19:00:00,TRAN-PUB,state_of_charge,0.0,YZ,MW
2046-06-05 20:00:00,TRAN-PRV,state_of_charge,0.0,YZ,MW
2046-06-06 21:00:00,TRAN-PUB,state_of_charge,0.0,YZ,MW
2046-06-07 22:00:00,TRAN-PRV,state_of_charge,0.0,YZ,MW
2046-06-08 23:00:00,TRAN-PUB,state_of_charge,0.0,YZ,MW
2046-06-10 00:00:00,TRAN-PRV,state_of_charge,0.0,YZ,MW
2046-06-11 01:00:00,TRAN-PUB,state_of_charge,0.0,YZ,MW
2046-06-12 02:00:00,TRAN-PRV,state_of_charge,0.0,YZ,MW
2046-06-13 03:00:00,TRAN-PUB,state_of_charge,0.0,YZ,MW
2046-06-14 04:00:00,TRAN-PRV,state_of_charge,0.0,YZ,MW
2046-06-15 05:00:00,TRAN-PUB,state_of_charge,0.0,YZ,MW
2046-06-16 06:00:00,TRAN-PRV,state_of_charge,0.0,YZ,MW
2046-06-17 07:00:00,TRAN-PUB,state_of_charge,0.0,YZ,MW
2046-06-18 08:00:00,TRAN-PRV,state_of_charge,0.0,YZ,MW
2046-06-19 09:00:00,TRAN-PUB,state_of_charge,0.0,YZ,MW
2046-06-20 10:00:00,TRAN-PRV,state_of_charge,0.0,YZ,MW
2046-06-21 11:00:00,TRAN-PUB,state_of_charge,0.0,YZ,MW
2046-06-22 12:00:00,TRAN-PRV,state_of_charge,0.0,YZ,MW
2046-06-23 13:00:00,TRAN-PUB,state_of_charge,0.0,YZ,MW
2046-06-24 14:00:00,TRAN-PRV,state_of_charge,0.0,YZ,MW
2046-06-25 15:00:00,TRAN-PUB,state_of_charge,0.0,YZ,MW
2046-06-26 16:00:00,TRAN-PRV,state_of_charge,0.0,YZ,MW
2046-06-27 17:00:00,TRAN-PUB,state_of_charge,0.0,YZ,MW
2046-06-28 18:00:00,TRAN-PRV,state_of_charge,0.0,YZ,MW
2046-06-29 19:00:00,TRAN-PUB,state_of_charge,0.0,YZ,MW
2046-06-30 20:00:00,TRAN-PRV,state_of_charge,0.0,YZ,MW
2046-07-01 21:00:00,TRAN-PUB,state_of_charge,0.0,YZ,MW
2046-07-02 22:00:00,TRAN-PRV,state_of_charge,0.0,YZ,MW
2046-07-03 23:00:00,TRAN-PUB,state_of_charge,0.0,YZ,MW
2046-07-05 00:00:00,TRAN-PRV,state_of_charge,0.0,YZ,MW
2046-07-06 01:00:00,TRAN-PUB,state_of_charge,0.0,YZ,MW
2046-07-07 02:00:00,TRAN-PRV,state_of_charge,0.0,YZ,MW
2046-07-08 03:00:00,TRAN-PUB,state_of_charge,0.0,YZ,MW
2046-07-09 04:00:00,TRAN-PRV,state_of_charge,0.0,YZ,MW
2046-07-10 05:00:00,TRAN-PUB,state_of_charge,0.0,YZ,MW
2046-07-11 06:00:00,TRAN-PRV,state_of_charge,0.0,YZ,MW
2046-07-12 07:00:00,TRAN-PUB,state_of_charge,0.0,YZ,MW
2046-07-13 08:00:00,TRAN-PRV,state_of_charge,0.0,YZ,MW
2046-07-14 09:00:00,TRAN-PUB,state_of_charge,0.0,YZ,MW
2046-07-15 10:00:00,TRAN-PRV,state_of_charge,0.0,YZ,MW
2046-07-16 11:00:00,TRAN-PUB,state_of_charge,0.0,YZ,MW
2046-07-17 12:00:00,TRAN-PRV,state_of_charge,270.0,YZ,MW
2046-07-18 13:00:00,TRAN-PUB,state_of_charge,90.0,YZ,MW
2046-07-19 14:00:00,TRAN-PRV,state_of_charge,0.0,YZ,MW
2046-07-20 15:00:00,TRAN-PUB,state_of_charge,0.0,YZ,MW
2046-07-21 16:00:00,TRAN-PRV,state_of_charge,0.0,YZ,MW
2046-07-22 17:00:00,TRAN-PUB,state_of_charge,0.0,YZ,MW
2046-07-23 18:00:00,TRAN-PRV,state_of_charge,0.0,YZ,MW
2046-07-24 19:00:00,TRAN-PUB,state_of_charge,0.0,YZ,MW
2046-07-25 20:00:00,TRAN-PRV,state_of_charge,0.0,YZ,MW
2046-07-26 21:00:00,TRAN-PUB,state_of_charge,0.0,YZ,MW
2046-07-27 22:00:00,TRAN-PRV,state_of_charge,0.0,YZ,MW
2046-07-28 23:00:00,TRAN-PUB,state_of_charge,0.0,YZ,MW
2046-07-30 00:00:00,TRAN-PRV,state_of_charge,0.0,YZ,MW
2046-07-31 01:00:00,TRAN-PUB,state_of_charge,0.0,YZ,MW
2046-08-01 02:00:00,TRAN-PRV,state_of_charge,0.0,YZ,MW
2046-08-02 03:00:00,TRAN-PUB,state_of_charge,0.0,YZ,MW
2046-08-03 04:00:00,TRAN-PRV,state_of_charge,0.0,YZ,MW
2046-08-04 05:00:00,TRAN-PUB,state_of_charge,0.0,YZ,MW
2046-08-05 06:00:00,TRAN-PRV,state_of_charge,0.0,YZ,MW
2046-08-06 07:00:00,TRAN-PUB,state_of_charge,0.0,YZ,MW
2046-08-07 08:00:00,TRAN-PRV,state_of_charge,0.0,YZ,MW
2046-08-08 09:00:00,TRAN-PUB,state_of_charge,0.0,YZ,MW
2046-08-09 10:00:00,TRAN-PRV,state_of_charge,0.0,YZ,MW
2046-08-10 11:00:00,TRAN-PUB,state_of_charge,0.0,YZ,MW
2046-08-11 12:00:00,TRAN-PRV,state_of_charge,0.0,YZ,MW
2046-08-12 13:00:00,TRAN-PUB,state_of_charge,0.0,YZ,MW
2046-08-13 14:00:00,TRAN-PRV,state_of_charge,0.0,YZ,MW
2046-08-14 15:00:00,TRAN-PUB,state_of_charge,0.0,YZ,MW
2046-08-15 16:00:00,TRAN-PRV,state_of_charge,0.0,YZ,MW
2046-08-16 17:00:00,TRAN-PUB,state_of_charge,0.0,YZ,MW
2046-08-17 18:00:00,TRAN-PRV,state_of_charge,0.0,YZ,MW
2046-08-18 19:00:00,TRAN-PUB,state_of_charge,0.0,YZ,MW
2046-08-19 20:00:00,TRAN-PRV,state_of_charge,0.0,YZ,MW
2046-08-20 21:00:00,TRAN-PUB,state_of_charge,0.0,YZ,MW
2046-08-21 22:00:00,TRAN-PRV,state_of_charge,0.0,YZ,MW
2046-08-22 23:00:00,TRAN-PUB,state_of_charge,0.0,YZ,MW
2046-08-24 00:00:00,TRAN-PRV,state_of_charge,0.0,YZ,MW
2046-08-25 01:00:00,TRAN-PUB,state_of_charge,0.0,YZ,MW
2046-08-26 02:00:00,TRAN-PRV,state_of_charge,0.0,YZ,MW
2046-08-27 03:00:00,TRAN-PUB,state_of_charge,0.0,YZ,MW
2046-08-28 04:00:00,TRAN-PRV,state_of_charge,0.0,YZ,MW
2046-08-29 05:00:00,TRAN-PUB,state_of_charge,0.0,YZ,MW
2046-08-30 06:00:00,TRAN-PRV,state_of_charge,0.0,YZ,MW
2046-08-31 07:00:00,TRAN-PUB,state_of_charge,0.0,YZ,MW
2046-09-01 08:00:00,TRAN-PRV,state_of_charge,0.0,YZ,MW
2046-09-02 09:00:00,TRAN-PUB,state_of_charge,0.0,YZ,MW
2046-09-03 10:00:00,TRAN-PRV,state_of_charge,0.0,YZ,MW
2046-09-04 11:00:00,TRAN-PUB,state_of_charge,0.0,YZ,MW
2046-09-05 12:00:00,TRAN-PRV,state_of_charge,0.0,YZ,MW
2046-09-06 13:00:00,TRAN-PUB,state_of_charge,0.0,YZ,MW
2046-09-07 14:00:00,TRAN-PRV,state_of_charge,270.0,YZ,MW
2046-09-08 15:00:00,TRAN-PUB,state_of_charge,90.0,YZ,MW
2046-09-09 16:00:00,TRAN-PRV,state_of_charge,0.0,YZ,MW
2046-09-10 17:00:00,TRAN-PUB,state_of_charge,0.0,YZ,MW
2046-09-11 18:00:00,TRAN-PRV,state_of_charge,0.0,YZ,MW
2046-09-12 19:00:00,TRAN-PUB,state_of_charge,0.0,YZ,MW
2046-09-13 20:00:00,TRAN-PRV,state_of_charge,0.0,YZ,MW
2046-09-14 21:00:00,TRAN-PUB,state_of_charge,0.0,YZ,MW
2046-09-15 22:00:00,TRAN-PRV,state_of_charge,0.0,YZ,MW
2046-09-16 23:00:00,TRAN-PUB,state_of_charge,0.0,YZ,MW
2046-09-18 00:00:00,TRAN-PRV,state_of_charge,0.0,YZ,MW
2046-09-19 01:00:00,TRAN-PUB,state_of_charge,0.0,YZ,MW
2046-09-20 02:00:00,TRAN-PRV,state_of_charge,0.0,YZ,MW
2046-09-21 03:00:00,TRAN-PUB,state_of_charge,0.0,YZ,MW
2046-09-22 04:00:00,TRAN-PRV,state_of_charge,0.0,YZ,MW
2046-09-23 05:00:00,TRAN-PUB,state_of_charge,0.0,YZ,MW
2046-09-24 06:00:00,TRAN-PRV,state_of_charge,0.0,YZ,MW
2046-09-25 07:00:00,TRAN-PUB,state_of_charge,0.0,YZ,MW
2046-09-26 08:00:00,TRAN-PRV,state_of_charge,0.0,YZ,MW
2046-09-27 09:00:00,TRAN-PUB,state_of_charge,0.0,YZ,MW
2046-09-28 10:00:00,TRAN-PRV,state_of_charge,0.0,YZ,MW
2046-09-29 11:00:00,TRAN-PUB,state_of_charge,0.0,YZ,MW
2046-09-30 12:00:00,TRAN-PRV,state_of_charge,0.0,YZ,MW
2046-10-01 13:00:00,TRAN-PUB,state_of_charge,0.0,YZ,MW
2046-10-02 14:00:00,TRAN-PRV,state_of_charge,0.0,YZ,MW
2046-10-03 15:00:00,TRAN-PUB,state_of_charge,0.0,YZ,MW
2046-10-04 16:00:00,TRAN-PRV,state_of_charge,0.0,YZ,MW
2046-10-05 17:00:00,TRAN-PUB,state_of_charge,0.0,YZ,MW
2046-10-06 18:00:00,TRAN-PRV,state_of_charge,0.0,YZ,MW
2046-10-07 19:00:00,TRAN-PUB,state_of_charge,0.0,YZ,MW
2046-10-08 20:00:00,TRAN-PRV,state_of_charge,0.0,YZ,MW
2046-10-09 21:00:00,TRAN-PUB,state_of_charge,0.0,YZ,MW
2046-10-10 22:00:00,TRAN-PRV,state_of_charge,0.0,YZ,MW
2046-10-11 23:00:00,TRAN-PUB,state_of_charge,0.0,YZ,MW
2046-10-13 00:00:00,TRAN-PRV,state_of_charge,0.0,YZ,MW
2046-10-14 01:00:00,TRAN-PUB,state_of_charge,0.0,YZ,MW
2046-10-15 02:00:00,TRAN-PRV,state_of_charge,0.0,YZ,MW
2046-10-16 03:00:00,TRAN-PUB,state_of_charge,0.0,YZ,MW
2046-10-17 04:00:00,TRAN-PRV,state_of_charge,0.0,YZ,MW
2046-10-18 05:00:00,TRAN-PUB,state_of_charge,0.0,YZ,MW
2046-10-19 06:00:00,TRAN-PRV,state_of_charge,0.0,YZ,MW
2046-10-20 07:00:00,TRAN-PUB,state_of_charge,0.0,YZ,MW
2046-10-21 08:00:00,TRAN-PRV,state_of_charge,0.0,YZ,MW
2046-10-22 09:00:00,TRAN-PUB,state_of_charge,0.0,YZ,MW
2046-10-23 10:00:00,TRAN-PRV,state_of_charge,0.0,YZ,MW
2046-10-24 11:00:00,TRAN-PUB,state_of_charge,0.0,YZ,MW
2046-10-25 12:00:00,TRAN-PRV,state_of_charge,0.0,YZ,MW
2046-10-26 13:00:00,TRAN-PUB,state_of_charge,0.0,YZ,MW
2046-10-27 14:00:00,TRAN-PRV,state_of_charge,270.0,YZ,MW
2046-10-28 15:00:00,TRAN-PUB,state_of_charge,90.0,YZ,MW
2046-10-29 16:00:00,TRAN-PRV,state_of_charge,0.0,YZ,MW
2046-10-30 17:00:00,TRAN-PUB,state_of_charge,0.0,YZ,MW
2046-10-31 18:00:00,TRAN-PRV,state_of_charge,0.0,YZ,MW
2046-11-01 19:00:00,TRAN-PUB,state_of_charge,0.0,YZ,MW
2046-11-02 20:00:00,TRAN-PRV,state_of_charge,0.0,YZ,MW
2046-11-03 21:00:00,TRAN-PUB,state_of_charge,0.0,YZ,MW
2046-11-04 22:00:00,TRAN-PRV,state_of_charge,0.0,YZ,MW
2046-11-05 23:00:00,TRAN-PUB,state_of_charge,0.0,YZ,MW
2046-11-07 00:00:00,TRAN-PRV,state_of_charge,0.0,YZ,MW
2046-11-08 01:00:00,TRAN-PUB,state_of_charge,0.0,YZ,MW
2046-11-09 02:00:00,TRAN-PRV,state_of_charge,0.0,YZ,MW
2046-11-10 03:00:00,TRAN-PUB,state_of_charge,0.0,YZ,MW
2046-11-11 04:00:00,TRAN-PRV,state_of_charge,0.0,YZ,MW
2046-11-12 05:00:00,TRAN-PUB,state_of_charge,0.0,YZ,MW
2046-11-13 06:00:00,TRAN-PRV,state_of_charge,0.0,YZ,MW
2046-11-14 07:00:00,TRAN-PUB,state_of_charge,0.0,YZ,MW
2046-11-15 08:00:00,TRAN-PRV,state_of_charge,0.0,YZ,MW
2046-11-16 09:00:00,TRAN-PUB,state_of_charge,0.0,YZ,MW
2046-11-17 10:00:00,TRAN-PRV,state_of_charge,0.0,YZ,MW
2046-11-18 11:00:00,TRAN-PUB,state_of_charge,0.0,YZ,MW
2046-11-19 12:00:00,TRAN-PRV,state_of_charge,0.0,YZ,MW
2046-11-20 13:00:00,TRAN-PUB,state_of_charge,0.0,YZ,MW
2046-11-21 14:00:00,TRAN-PRV,state_of_charge,0.0,YZ,MW
2046-11-22 15:00:00,TRAN-PUB,state_of_charge,0.0,YZ,MW
2046-11-23 16:00:00,TRAN-PRV,state_of_charge,0.0,YZ,MW
2046-11-24 17:00:00,TRAN-PUB,state_of_charge,0.0,YZ,MW
2046-11-25 18:00:00,TRAN-PRV,state_of_charge,0.0,YZ,MW
2046-11-26 19:00:00,TRAN-PUB,state_of_charge,0.0,YZ,MW
2046-11-27 20:00:00,TRAN-PRV,state_of_charge,0.0,YZ,MW
2046-11-28 21:00:00,TRAN-PUB,state_of_charge,0.0,YZ,MW
2046-11-29 22:00:00,TRAN-PRV,state_of_charge,0.0,YZ,MW
2046-11-30 23:00:00,TRAN-PUB,state_of_charge,0.0,YZ,MW
2046-12-02 00:00:00,TRAN-PRV,state_of_charge,0.0,YZ,MW
2046-12-03 01:00:00,TRAN-PUB,state_of_charge,0.0,YZ,MW
2046-12-04 02:00:00,TRAN-PRV,state_of_charge,0.0,YZ,MW
2046-12-05 03:00:00,TRAN-PUB,state_of_charge,0.0,YZ,MW
2046-12-06 04:00:00,TRAN-PRV,state_of_charge,0.0,YZ,MW
2046-12-07 05:00:00,TRAN-PUB,state_of_charge,0.0,YZ,MW
2046-12-08 06:00:00,TRAN-PRV,state_of_charge,0.0,YZ,MW
2046-12-09 07:00:00,TRAN-PUB,state_of_charge,0.0,YZ,MW
2046-12-10 08:00:00,TRAN-PRV,state_of_charge,0.0,YZ,MW
2046-12-11 09:00:00,TRAN-PUB,state_of_charge,0.0,YZ,MW
2046-12-12 10:00:00,TRAN-PRV,state_of_charge,0.0,YZ,MW
2046-12-13 11:00:00,TRAN-PUB,state_of_charge,0.0,YZ,MW
2046-12-14 12:00:00,TRAN-PRV,state_of_charge,0.0,YZ,MW
2046-12-15 13:00:00,TRAN-PUB,state_of_charge,0.0,YZ,MW
2046-12-16 14:00:00,TRAN-PRV,state_of_charge,270.0,YZ,MW
2046-12-17 15:00:00,TRAN-PUB,state_of_charge,90.0,YZ,MW
2046-12-18 16:00:00,TRAN-PRV,state_of_charge,0.0,YZ,MW
2046-12-19 17:00:00,TRAN-PUB,state_of_charge,0.0,YZ,MW
2046-12-20 18:00:00,TRAN-PRV,state_of_charge,0.0,YZ,MW
2046-12-21 19:00:00,TRAN-PUB,state_of_charge,0.0,YZ,MW
2046-12-22 20:00:00,TRAN-PRV,state_of_charge,0.0,YZ,MW
2046-12-23 21:00:00,TRAN-PUB,state_of_charge,0.0,YZ,MW
2046-12-24 22:00:00,TRAN-PRV,state_of_charge,0.0,YZ,MW
2046-12-25 23:00:00,TRAN-PUB,state_of_charge,0.0,YZ,MW
2046-12-27 00:00:00,TRAN-PRV,state_of_charge,0.0,YZ,MW
2046-12-28 01:00:00,TRAN-PUB,state_of_charge,0.0,YZ,MW
2046-12-29 02:00:00,TRAN-PRV,state_of_charge,0.0,YZ,MW
2046-12-30 03:00:00,TRAN-PUB,state_of_charge,0.0,YZ,MW
2046-12-31 04:00:00,TRAN-PRV,state_of_charge,0.0,YZ,MW
2047-01-01 05:00:00,TRAN-PUB,state_of_charge,0.0,YZ,MW
2047-01-02 06:00:00,TRAN-PRV,state_of_charge,0.0,YZ,MW
2047-01-03 07:00:00,TRAN-PUB,state_of_charge,0.0,YZ,MW
