snapshot,country,value,region,technology,unit
2030-01-01 00:00:00,XY,6762.0,CE,EIDT,MW
2030-01-02 01:00:00,XY,6762.0,CE,EIDT,MW
2030-01-03 02:00:00,XY,6762.0,CE,EIDT,MW
2030-01-04 03:00:00,XY,6762.0,CE,EIDT,MW
2030-01-05 04:00:00,XY,6762.0,CE,EIDT,MW
2030-01-06 05:00:00,XY,6762.0,CE,EIDT,MW
2030-01-07 06:00:00,XY,6762.0,CE,EIDT,MW
2030-01-08 07:00:00,XY,6762.0,CE,EIDT,MW
2030-01-09 08:00:00,XY,6762.0,CE,EIDT,MW
2030-01-10 09:00:00,XY,6762.0,CE,EIDT,MW
2030-01-11 10:00:00,XY,6762.0,CE,EIDT,MW
2030-01-12 11:00:00,XY,6762.0,CE,EIDT,MW
2030-01-13 12:00:00,XY,6762.0,CE,EIDT,MW
2030-01-14 13:00:00,XY,6762.0,CE,EIDT,MW
2030-01-15 14:00:00,XY,6762.0,CE,EIDT,MW
2030-01-16 15:00:00,XY,6762.0,CE,EIDT,MW
2030-01-17 16:00:00,XY,6762.0,CE,EIDT,MW
2030-01-18 17:00:00,XY,6762.0,CE,EIDT,MW
2030-01-19 18:00:00,XY,6672.1,CE,EIDT,MW
2030-01-20 19:00:00,XY,2632.0,CE,EIDT,MW
2030-01-21 20:00:00,XY,3418.5,CE,EIDT,MW
2030-01-22 21:00:00,XY,3851.4,CE,EIDT,MW
2030-01-23 22:00:00,XY,6762.0,CE,EIDT,MW
2030-01-24 23:00:00,XY,6762.0,CE,EIDT,MW
2030-01-26 00:00:00,XY,6762.0,CE,EIDT,MW
2030-01-27 01:00:00,XY,6762.0,CE,EIDT,MW
2030-01-28 02:00:00,XY,6762.0,CE,EIDT,MW
2030-01-29 03:00:00,XY,6762.0,CE,EIDT,MW
2030-01-30 04:00:00,XY,6762.0,CE,EIDT,MW
2030-01-31 05:00:00,XY,6762.0,CE,EIDT,MW
2030-02-01 06:00:00,XY,6762.0,CE,EIDT,MW
2030-02-02 07:00:00,XY,6762.0,CE,EIDT,MW
2030-02-03 08:00:00,XY,6762.0,CE,EIDT,MW
2030-02-04 09:00:00,XY,6762.0,CE,EIDT,MW
2030-02-05 10:00:00,XY,6762.0,CE,EIDT,MW
2030-02-06 11:00:00,XY,6762.0,CE,EIDT,MW
2030-02-07 12:00:00,XY,6762.0,CE,EIDT,MW
2030-02-08 13:00:00,XY,6762.0,CE,EIDT,MW
2030-02-09 14:00:00,XY,6762.0,CE,EIDT,MW
2030-02-10 15:00:00,XY,6762.0,CE,EIDT,MW
2030-02-11 16:00:00,XY,6762.0,CE,EIDT,MW
2030-02-12 17:00:00,XY,6762.0,CE,EIDT,MW
2030-02-13 18:00:00,XY,5236.0,CE,EIDT,MW
2030-02-14 19:00:00,XY,6762.0,CE,EIDT,MW
2030-02-15 20:00:00,XY,6762.0,CE,EIDT,MW
2030-02-16 21:00:00,XY,6762.0,CE,EIDT,MW
2030-02-17 22:00:00,XY,6762.0,CE,EIDT,MW
2030-02-18 23:00:00,XY,6762.0,CE,EIDT,MW
2030-02-20 00:00:00,XY,6762.0,CE,EIDT,MW
2030-02-21 01:00:00,XY,6762.0,CE,EIDT,MW
2030-02-22 02:00:00,XY,6624.0,CE,EIDT,MW
2030-02-23 03:00:00,XY,6210.0,CE,EIDT,MW
2030-02-24 04:00:00,XY,6417.0,CE,EIDT,MW
2030-02-25 05:00:00,XY,6762.0,CE,EIDT,MW
2030-02-26 06:00:00,XY,6762.0,CE,EIDT,MW
2030-02-27 07:00:00,XY,6762.0,CE,EIDT,MW
2030-02-28 08:00:00,XY,6762.0,CE,EIDT,MW
2030-03-01 09:00:00,XY,6762.0,CE,EIDT,MW
2030-03-02 10:00:00,XY,6762.0,CE,EIDT,MW
2030-03-03 11:00:00,XY,6762.0,CE,EIDT,MW
2030-03-04 12:00:00,XY,6762.0,CE,EIDT,MW
2030-03-05 13:00:00,XY,6762.0,CE,EIDT,MW
2030-03-06 14:00:00,XY,6762.0,CE,EIDT,MW
2030-03-07 15:00:00,XY,6762.0,CE,EIDT,MW
2030-03-08 16:00:00,XY,6762.0,CE,EIDT,MW
2030-03-09 17:00:00,XY,6762.0,CE,EIDT,MW
2030-03-10 18:00:00,XY,6151.2,CE,EIDT,MW
2030-03-11 19:00:00,XY,5513.2,CE,EIDT,MW
2030-03-12 20:00:00,XY,4547.4,CE,EIDT,MW
2030-03-13 21:00:00,XY,5104.9,CE,EIDT,MW
2030-03-14 22:00:00,XY,5505.0,CE,EIDT,MW
2030-03-15 23:00:00,XY,6762.0,CE,EIDT,MW
2030-03-17 00:00:00,XY,6762.0,CE,EIDT,MW
2030-03-18 01:00:00,XY,6762.0,CE,EIDT,MW
2030-03-19 02:00:00,XY,6762.0,CE,EIDT,MW
2030-03-20 03:00:00,XY,6762.0,CE,EIDT,MW
2030-03-21 04:00:00,XY,6762.0,CE,EIDT,MW
2030-03-22 05:00:00,XY,6486.0,CE,EIDT,MW
2030-03-23 06:00:00,XY,6762.0,CE,EIDT,MW
2030-03-24 07:00:00,XY,6762.0,CE,EIDT,MW
2030-03-25 08:00:00,XY,6762.0,CE,EIDT,MW
2030-03-26 09:00:00,XY,6762.0,CE,EIDT,MW
2030-03-27 10:00:00,XY,6762.0,CE,EIDT,MW
2030-03-28 11:00:00,XY,6762.0,CE,EIDT,MW
2030-03-29 12:00:00,XY,6762.0,CE,EIDT,MW
2030-03-30 13:00:00,XY,6762.0,CE,EIDT,MW
2030-03-31 14:00:00,XY,6762.0,CE,EIDT,MW
2030-04-01 15:00:00,XY,6762.0,CE,EIDT,MW
2030-04-02 16:00:00,XY,5225.8,CE,EIDT,MW
2030-04-03 17:00:00,XY,2839.0,CE,EIDT,MW
2030-04-04 18:00:00,XY,2425.0,CE,EIDT,MW
2030-04-05 19:00:00,XY,2311.1,CE,EIDT,MW
2030-04-06 20:00:00,XY,2849.0,CE,EIDT,MW
2030-04-07 21:00:00,XY,2494.0,CE,EIDT,MW
2030-04-08 22:00:00,XY,2593.7,CE,EIDT,MW
2030-04-09 23:00:00,XY,3444.6,CE,EIDT,MW
2030-04-11 00:00:00,XY,5560.6,CE,EIDT,MW
2030-04-12 01:00:00,XY,3517.9,CE,EIDT,MW
2030-04-13 02:00:00,XY,3534.0,CE,EIDT,MW
2030-04-14 03:00:00,XY,4141.0,CE,EIDT,MW
2030-04-15 04:00:00,XY,5239.1,CE,EIDT,MW
2030-04-16 05:00:00,XY,5331.9,CE,EIDT,MW
2030-04-17 06:00:00,XY,3315.4,CE,EIDT,MW
2030-04-18 07:00:00,XY,6633.8,CE,EIDT,MW
2030-04-19 08:00:00,XY,6762.0,CE,EIDT,MW
2030-04-20 09:00:00,XY,6762.0,CE,EIDT,MW
2030-04-21 10:00:00,XY,6762.0,CE,EIDT,MW
2030-04-22 11:00:00,XY,6762.0,CE,EIDT,MW
2030-04-23 12:00:00,XY,6762.0,CE,EIDT,MW
2030-04-24 13:00:00,XY,6762.0,CE,EIDT,MW
2030-04-25 14:00:00,XY,6762.0,CE,EIDT,MW
2030-04-26 15:00:00,XY,6762.0,CE,EIDT,MW
2030-04-27 16:00:00,XY,6762.0,CE,EIDT,MW
2030-04-28 17:00:00,XY,2425.0,CE,EIDT,MW
2030-04-29 18:00:00,XY,2563.0,CE,EIDT,MW
2030-04-30 19:00:00,XY,2839.0,CE,EIDT,MW
2030-05-01 20:00:00,XY,2701.0,CE,EIDT,MW
2030-05-02 21:00:00,XY,2356.0,CE,EIDT,MW
2030-05-03 22:00:00,XY,976.0,CE,EIDT,MW
2030-05-04 23:00:00,XY,1289.1,CE,EIDT,MW
2030-05-06 00:00:00,XY,1937.1,CE,EIDT,MW
2030-05-07 01:00:00,XY,4048.4,CE,EIDT,MW
2030-05-08 02:00:00,XY,3341.0,CE,EIDT,MW
2030-05-09 03:00:00,XY,3127.7,CE,EIDT,MW
2030-05-10 04:00:00,XY,3863.0,CE,EIDT,MW
2030-05-11 05:00:00,XY,2156.1,CE,EIDT,MW
2030-05-12 06:00:00,XY,2241.6,CE,EIDT,MW
2030-05-13 07:00:00,XY,1666.0,CE,EIDT,MW
2030-05-14 08:00:00,XY,4261.1,CE,EIDT,MW
2030-05-15 09:00:00,XY,6762.0,CE,EIDT,MW
2030-05-16 10:00:00,XY,6762.0,CE,EIDT,MW
2030-05-17 11:00:00,XY,6762.0,CE,EIDT,MW
2030-05-18 12:00:00,XY,6762.0,CE,EIDT,MW
2030-05-19 13:00:00,XY,6762.0,CE,EIDT,MW
2030-05-20 14:00:00,XY,6762.0,CE,EIDT,MW
2030-05-21 15:00:00,XY,2770.0,CE,EIDT,MW
2030-05-22 16:00:00,XY,2701.0,CE,EIDT,MW
2030-05-23 17:00:00,XY,2287.0,CE,EIDT,MW
2030-05-24 18:00:00,XY,976.0,CE,EIDT,MW
2030-05-25 19:00:00,XY,1114.0,CE,EIDT,MW
2030-05-26 20:00:00,XY,2356.0,CE,EIDT,MW
2030-05-27 21:00:00,XY,2494.0,CE,EIDT,MW
2030-05-28 22:00:00,XY,2770.0,CE,EIDT,MW
2030-05-29 23:00:00,XY,2149.0,CE,EIDT,MW
2030-05-31 00:00:00,XY,2492.7,CE,EIDT,MW
2030-06-01 01:00:00,XY,1492.4,CE,EIDT,MW
2030-06-02 02:00:00,XY,3994.4,CE,EIDT,MW
2030-06-03 03:00:00,XY,6290.5,CE,EIDT,MW
2030-06-04 04:00:00,XY,3273.2,CE,EIDT,MW
2030-06-05 05:00:00,XY,2885.8,CE,EIDT,MW
2030-06-06 06:00:00,XY,2968.2,CE,EIDT,MW
2030-06-07 07:00:00,XY,6762.0,CE,EIDT,MW
2030-06-08 08:00:00,XY,6762.0,CE,EIDT,MW
2030-06-09 09:00:00,XY,6762.0,CE,EIDT,MW
2030-06-10 10:00:00,XY,4867.3,CE,EIDT,MW
2030-06-11 11:00:00,XY,6762.0,CE,EIDT,MW
2030-06-12 12:00:00,XY,6762.0,CE,EIDT,MW
2030-06-13 13:00:00,XY,6762.0,CE,EIDT,MW
2030-06-14 14:00:00,XY,6762.0,CE,EIDT,MW
2030-06-15 15:00:00,XY,6762.0,CE,EIDT,MW
2030-06-16 16:00:00,XY,6762.0,CE,EIDT,MW
2030-06-17 17:00:00,XY,6487.0,CE,EIDT,MW
2030-06-18 18:00:00,XY,6762.0,CE,EIDT,MW
2030-06-19 19:00:00,XY,2701.0,CE,EIDT,MW
2030-06-20 20:00:00,XY,2632.0,CE,EIDT,MW
2030-06-21 21:00:00,XY,2287.0,CE,EIDT,MW
2030-06-22 22:00:00,XY,907.0,CE,EIDT,MW
2030-06-23 23:00:00,XY,1045.0,CE,EIDT,MW
2030-06-25 00:00:00,XY,1942.0,CE,EIDT,MW
2030-06-26 01:00:00,XY,1321.0,CE,EIDT,MW
2030-06-27 02:00:00,XY,1045.0,CE,EIDT,MW
2030-06-28 03:00:00,XY,646.3,CE,EIDT,MW
2030-06-29 04:00:00,XY,2730.6,CE,EIDT,MW
2030-06-30 05:00:00,XY,4072.0,CE,EIDT,MW
2030-07-01 06:00:00,XY,4338.9,CE,EIDT,MW
2030-07-02 07:00:00,XY,5314.0,CE,EIDT,MW
2030-07-03 08:00:00,XY,6222.2,CE,EIDT,MW
2030-07-04 09:00:00,XY,6762.0,CE,EIDT,MW
2030-07-05 10:00:00,XY,6762.0,CE,EIDT,MW
2030-07-06 11:00:00,XY,6762.0,CE,EIDT,MW
2030-07-07 12:00:00,XY,6762.0,CE,EIDT,MW
2030-07-08 13:00:00,XY,6762.0,CE,EIDT,MW
2030-07-09 14:00:00,XY,6762.0,CE,EIDT,MW
2030-07-10 15:00:00,XY,6762.0,CE,EIDT,MW
2030-07-11 16:00:00,XY,6762.0,CE,EIDT,MW
2030-07-12 17:00:00,XY,6762.0,CE,EIDT,MW
2030-07-13 18:00:00,XY,6762.0,CE,EIDT,MW
2030-07-14 19:00:00,XY,6762.0,CE,EIDT,MW
2030-07-15 20:00:00,XY,2287.0,CE,EIDT,MW
2030-07-16 21:00:00,XY,3363.0,CE,EIDT,MW
2030-07-17 22:00:00,XY,2701.0,CE,EIDT,MW
2030-07-18 23:00:00,XY,2632.0,CE,EIDT,MW
2030-07-20 00:00:00,XY,2139.0,CE,EIDT,MW
2030-07-21 01:00:00,XY,4606.2,CE,EIDT,MW
2030-07-22 02:00:00,XY,6486.0,CE,EIDT,MW
2030-07-23 03:00:00,XY,6555.0,CE,EIDT,MW
2030-07-24 04:00:00,XY,6693.0,CE,EIDT,MW
2030-07-25 05:00:00,XY,5712.8,CE,EIDT,MW
2030-07-26 06:00:00,XY,5720.2,CE,EIDT,MW
2030-07-27 07:00:00,XY,6762.0,CE,EIDT,MW
2030-07-28 08:00:00,XY,5097.5,CE,EIDT,MW
2030-07-29 09:00:00,XY,4688.9,CE,EIDT,MW
2030-07-30 10:00:00,XY,6762.0,CE,EIDT,MW
2030-07-31 11:00:00,XY,6762.0,CE,EIDT,MW
2030-08-01 12:00:00,XY,6762.0,CE,EIDT,MW
2030-08-02 13:00:00,XY,6762.0,CE,EIDT,MW
2030-08-03 14:00:00,XY,6762.0,CE,EIDT,MW
2030-08-04 15:00:00,XY,6762.0,CE,EIDT,MW
2030-08-05 16:00:00,XY,6762.0,CE,EIDT,MW
2030-08-06 17:00:00,XY,6762.0,CE,EIDT,MW
2030-08-07 18:00:00,XY,6762.0,CE,EIDT,MW
2030-08-08 19:00:00,XY,2788.5,CE,EIDT,MW
2030-08-09 20:00:00,XY,2218.0,CE,EIDT,MW
2030-08-10 21:00:00,XY,6762.0,CE,EIDT,MW
2030-08-11 22:00:00,XY,4002.6,CE,EIDT,MW
2030-08-12 23:00:00,XY,3256.9,CE,EIDT,MW
2030-08-14 00:00:00,XY,2149.0,CE,EIDT,MW
2030-08-15 01:00:00,XY,4087.7,CE,EIDT,MW
2030-08-16 02:00:00,XY,6651.8,CE,EIDT,MW
2030-08-17 03:00:00,XY,6348.0,CE,EIDT,MW
2030-08-18 04:00:00,XY,5934.0,CE,EIDT,MW
2030-08-19 05:00:00,XY,6141.0,CE,EIDT,MW
2030-08-20 06:00:00,XY,4453.9,CE,EIDT,MW
2030-08-21 07:00:00,XY,4589.3,CE,EIDT,MW
2030-08-22 08:00:00,XY,4646.3,CE,EIDT,MW
2030-08-23 09:00:00,XY,6762.0,CE,EIDT,MW
2030-08-24 10:00:00,XY,6762.0,CE,EIDT,MW
2030-08-25 11:00:00,XY,6762.0,CE,EIDT,MW
2030-08-26 12:00:00,XY,6762.0,CE,EIDT,MW
2030-08-27 13:00:00,XY,6762.0,CE,EIDT,MW
2030-08-28 14:00:00,XY,6762.0,CE,EIDT,MW
2030-08-29 15:00:00,XY,6762.0,CE,EIDT,MW
2030-08-30 16:00:00,XY,6762.0,CE,EIDT,MW
2030-08-31 17:00:00,XY,6762.0,CE,EIDT,MW
2030-09-01 18:00:00,XY,6762.0,CE,EIDT,MW
2030-09-02 19:00:00,XY,2287.0,CE,EIDT,MW
2030-09-03 20:00:00,XY,2839.7,CE,EIDT,MW
2030-09-04 21:00:00,XY,2701.0,CE,EIDT,MW
2030-09-05 22:00:00,XY,2563.0,CE,EIDT,MW
2030-09-06 23:00:00,XY,3717.5,CE,EIDT,MW
2030-09-08 00:00:00,XY,5107.0,CE,EIDT,MW
2030-09-09 01:00:00,XY,5618.9,CE,EIDT,MW
2030-09-10 02:00:00,XY,6762.0,CE,EIDT,MW
2030-09-11 03:00:00,XY,6762.0,CE,EIDT,MW
2030-09-12 04:00:00,XY,6762.0,CE,EIDT,MW
2030-09-13 05:00:00,XY,5172.7,CE,EIDT,MW
2030-09-14 06:00:00,XY,6279.0,CE,EIDT,MW
2030-09-15 07:00:00,XY,6762.0,CE,EIDT,MW
2030-09-16 08:00:00,XY,6762.0,CE,EIDT,MW
2030-09-17 09:00:00,XY,6762.0,CE,EIDT,MW
2030-09-18 10:00:00,XY,6762.0,CE,EIDT,MW
2030-09-19 11:00:00,XY,6762.0,CE,EIDT,MW
2030-09-20 12:00:00,XY,6762.0,CE,EIDT,MW
2030-09-21 13:00:00,XY,6762.0,CE,EIDT,MW
2030-09-22 14:00:00,XY,6762.0,CE,EIDT,MW
2030-09-23 15:00:00,XY,3094.5,CE,EIDT,MW
2030-09-24 16:00:00,XY,5152.5,CE,EIDT,MW
2030-09-25 17:00:00,XY,4371.3,CE,EIDT,MW
2030-09-26 18:00:00,XY,2632.0,CE,EIDT,MW
2030-09-27 19:00:00,XY,2218.0,CE,EIDT,MW
2030-09-28 20:00:00,XY,907.0,CE,EIDT,MW
2030-09-29 21:00:00,XY,1541.6,CE,EIDT,MW
2030-09-30 22:00:00,XY,2287.0,CE,EIDT,MW
2030-10-01 23:00:00,XY,2425.0,CE,EIDT,MW
2030-10-03 00:00:00,XY,5722.9,CE,EIDT,MW
2030-10-04 01:00:00,XY,6762.0,CE,EIDT,MW
2030-10-05 02:00:00,XY,6693.0,CE,EIDT,MW
2030-10-06 03:00:00,XY,6072.0,CE,EIDT,MW
2030-10-07 04:00:00,XY,6072.0,CE,EIDT,MW
2030-10-08 05:00:00,XY,6555.0,CE,EIDT,MW
2030-10-09 06:00:00,XY,6762.0,CE,EIDT,MW
2030-10-10 07:00:00,XY,6162.8,CE,EIDT,MW
2030-10-11 08:00:00,XY,6762.0,CE,EIDT,MW
2030-10-12 09:00:00,XY,6762.0,CE,EIDT,MW
2030-10-13 10:00:00,XY,6762.0,CE,EIDT,MW
2030-10-14 11:00:00,XY,6762.0,CE,EIDT,MW
2030-10-15 12:00:00,XY,6762.0,CE,EIDT,MW
2030-10-16 13:00:00,XY,6762.0,CE,EIDT,MW
2030-10-17 14:00:00,XY,6762.0,CE,EIDT,MW
2030-10-18 15:00:00,XY,6762.0,CE,EIDT,MW
2030-10-19 16:00:00,XY,6762.0,CE,EIDT,MW
2030-10-20 17:00:00,XY,6762.0,CE,EIDT,MW
2030-10-21 18:00:00,XY,2356.0,CE,EIDT,MW
2030-10-22 19:00:00,XY,2494.0,CE,EIDT,MW
2030-10-23 20:00:00,XY,2770.0,CE,EIDT,MW
2030-10-24 21:00:00,XY,3471.6,CE,EIDT,MW
2030-10-25 22:00:00,XY,4907.8,CE,EIDT,MW
2030-10-26 23:00:00,XY,6762.0,CE,EIDT,MW
2030-10-28 00:00:00,XY,6762.0,CE,EIDT,MW
2030-10-29 01:00:00,XY,6762.0,CE,EIDT,MW
2030-10-30 02:00:00,XY,6762.0,CE,EIDT,MW
2030-10-31 03:00:00,XY,6762.0,CE,EIDT,MW
2030-11-01 04:00:00,XY,6486.0,CE,EIDT,MW
2030-11-02 05:00:00,XY,6003.0,CE,EIDT,MW
2030-11-03 06:00:00,XY,6417.0,CE,EIDT,MW
2030-11-04 07:00:00,XY,6762.0,CE,EIDT,MW
2030-11-05 08:00:00,XY,6762.0,CE,EIDT,MW
2030-11-06 09:00:00,XY,6762.0,CE,EIDT,MW
2030-11-07 10:00:00,XY,6762.0,CE,EIDT,MW
2030-11-08 11:00:00,XY,6762.0,CE,EIDT,MW
2030-11-09 12:00:00,XY,6762.0,CE,EIDT,MW
2030-11-10 13:00:00,XY,6762.0,CE,EIDT,MW
2030-11-11 14:00:00,XY,6762.0,CE,EIDT,MW
2030-11-12 15:00:00,XY,6762.0,CE,EIDT,MW
2030-11-13 16:00:00,XY,6762.0,CE,EIDT,MW
2030-11-14 17:00:00,XY,6762.0,CE,EIDT,MW
2030-11-15 18:00:00,XY,4170.1,CE,EIDT,MW
2030-11-16 19:00:00,XY,5134.0,CE,EIDT,MW
2030-11-17 20:00:00,XY,6762.0,CE,EIDT,MW
2030-11-18 21:00:00,XY,2356.0,CE,EIDT,MW
2030-11-19 22:00:00,XY,6762.0,CE,EIDT,MW
2030-11-20 23:00:00,XY,6762.0,CE,EIDT,MW
2030-11-22 00:00:00,XY,6762.0,CE,EIDT,MW
2030-11-23 01:00:00,XY,6762.0,CE,EIDT,MW
2030-11-24 02:00:00,XY,6486.0,CE,EIDT,MW
2030-11-25 03:00:00,XY,6279.0,CE,EIDT,MW
2030-11-26 04:00:00,XY,6486.0,CE,EIDT,MW
2030-11-27 05:00:00,XY,6762.0,CE,EIDT,MW
2030-11-28 06:00:00,XY,6762.0,CE,EIDT,MW
2030-11-29 07:00:00,XY,6762.0,CE,EIDT,MW
2030-11-30 08:00:00,XY,6762.0,CE,EIDT,MW
2030-12-01 09:00:00,XY,6762.0,CE,EIDT,MW
2030-12-02 10:00:00,XY,6762.0,CE,EIDT,MW
2030-12-03 11:00:00,XY,6762.0,CE,EIDT,MW
2030-12-04 12:00:00,XY,6762.0,CE,EIDT,MW
2030-12-05 13:00:00,XY,6762.0,CE,EIDT,MW
2030-12-06 14:00:00,XY,6762.0,CE,EIDT,MW
2030-12-07 15:00:00,XY,6762.0,CE,EIDT,MW
2030-12-08 16:00:00,XY,6762.0,CE,EIDT,MW
2030-12-09 17:00:00,XY,5945.1,CE,EIDT,MW
2030-12-10 18:00:00,XY,3884.6,CE,EIDT,MW
2030-12-11 19:00:00,XY,2839.0,CE,EIDT,MW
2030-12-12 20:00:00,XY,4362.0,CE,EIDT,MW
2030-12-13 21:00:00,XY,6762.0,CE,EIDT,MW
2030-12-14 22:00:00,XY,6762.0,CE,EIDT,MW
2030-12-15 23:00:00,XY,6762.0,CE,EIDT,MW
2030-12-17 00:00:00,XY,6762.0,CE,EIDT,MW
2030-12-18 01:00:00,XY,6762.0,CE,EIDT,MW
2030-12-19 02:00:00,XY,6762.0,CE,EIDT,MW
2030-12-20 03:00:00,XY,6762.0,CE,EIDT,MW
2030-12-21 04:00:00,XY,6348.0,CE,EIDT,MW
2030-12-22 05:00:00,XY,6210.0,CE,EIDT,MW
2030-12-23 06:00:00,XY,6762.0,CE,EIDT,MW
2030-12-24 07:00:00,XY,6762.0,CE,EIDT,MW
2030-12-25 08:00:00,XY,6762.0,CE,EIDT,MW
2030-12-26 09:00:00,XY,6762.0,CE,EIDT,MW
2030-12-27 10:00:00,XY,6762.0,CE,EIDT,MW
2030-12-28 11:00:00,XY,6762.0,CE,EIDT,MW
2030-12-29 12:00:00,XY,6762.0,CE,EIDT,MW
2030-12-30 13:00:00,XY,6762.0,CE,EIDT,MW
2030-12-31 14:00:00,XY,6762.0,CE,EIDT,MW
2031-01-01 15:00:00,XY,6762.0,CE,EIDT,MW
2030-01-01 00:00:00,XY,7962.0,CE,IND_BOILER,MW
2030-01-02 01:00:00,XY,7575.0,CE,IND_BOILER,MW
2030-01-03 02:00:00,XY,7059.0,CE,IND_BOILER,MW
2030-01-04 03:00:00,XY,6930.0,CE,IND_BOILER,MW
2030-01-05 04:00:00,XY,6543.0,CE,IND_BOILER,MW
2030-01-06 05:00:00,XY,6801.0,CE,IND_BOILER,MW
2030-01-07 06:00:00,XY,7704.0,CE,IND_BOILER,MW
2030-01-08 07:00:00,XY,8478.0,CE,IND_BOILER,MW
2030-01-09 08:00:00,XY,8994.0,CE,IND_BOILER,MW
2030-01-10 09:00:00,XY,8865.0,CE,IND_BOILER,MW
2030-01-11 10:00:00,XY,8182.9,CE,IND_BOILER,MW
2030-01-12 11:00:00,XY,6916.0,CE,IND_BOILER,MW
2030-01-13 12:00:00,XY,7174.0,CE,IND_BOILER,MW
2030-01-14 13:00:00,XY,8335.0,CE,IND_BOILER,MW
2030-01-15 14:00:00,XY,9123.0,CE,IND_BOILER,MW
2030-01-16 15:00:00,XY,9975.0,CE,IND_BOILER,MW
2030-01-17 16:00:00,XY,9381.0,CE,IND_BOILER,MW
2030-01-18 17:00:00,XY,6801.0,CE,IND_BOILER,MW
2030-01-19 18:00:00,XY,7388.9,CE,IND_BOILER,MW
2030-01-20 19:00:00,XY,13760.0,CE,IND_BOILER,MW
2030-01-21 20:00:00,XY,13111.5,CE,IND_BOILER,MW
2030-01-22 21:00:00,XY,12954.6,CE,IND_BOILER,MW
2030-01-23 22:00:00,XY,9975.0,CE,IND_BOILER,MW
2030-01-24 23:00:00,XY,8478.0,CE,IND_BOILER,MW
2030-01-26 00:00:00,XY,6414.0,CE,IND_BOILER,MW
2030-01-27 01:00:00,XY,5640.0,CE,IND_BOILER,MW
2030-01-28 02:00:00,XY,5769.0,CE,IND_BOILER,MW
2030-01-29 03:00:00,XY,6027.0,CE,IND_BOILER,MW
2030-01-30 04:00:00,XY,6543.0,CE,IND_BOILER,MW
2030-01-31 05:00:00,XY,6414.0,CE,IND_BOILER,MW
2030-02-01 06:00:00,XY,6285.0,CE,IND_BOILER,MW
2030-02-02 07:00:00,XY,7188.0,CE,IND_BOILER,MW
2030-02-03 08:00:00,XY,8994.0,CE,IND_BOILER,MW
2030-02-04 09:00:00,XY,9768.0,CE,IND_BOILER,MW
2030-02-05 10:00:00,XY,10113.0,CE,IND_BOILER,MW
2030-02-06 11:00:00,XY,9754.0,CE,IND_BOILER,MW
2030-02-07 12:00:00,XY,8980.0,CE,IND_BOILER,MW
2030-02-08 13:00:00,XY,6400.0,CE,IND_BOILER,MW
2030-02-09 14:00:00,XY,6658.0,CE,IND_BOILER,MW
2030-02-10 15:00:00,XY,9109.0,CE,IND_BOILER,MW
2030-02-11 16:00:00,XY,9781.4,CE,IND_BOILER,MW
2030-02-12 17:00:00,XY,10113.0,CE,IND_BOILER,MW
2030-02-13 18:00:00,XY,11570.0,CE,IND_BOILER,MW
2030-02-14 19:00:00,XY,9510.0,CE,IND_BOILER,MW
2030-02-15 20:00:00,XY,6930.0,CE,IND_BOILER,MW
2030-02-16 21:00:00,XY,7188.0,CE,IND_BOILER,MW
2030-02-17 22:00:00,XY,9639.0,CE,IND_BOILER,MW
2030-02-18 23:00:00,XY,9252.0,CE,IND_BOILER,MW
2030-02-20 00:00:00,XY,8091.0,CE,IND_BOILER,MW
2030-02-21 01:00:00,XY,6543.0,CE,IND_BOILER,MW
2030-02-22 02:00:00,XY,5520.0,CE,IND_BOILER,MW
2030-02-23 03:00:00,XY,5160.0,CE,IND_BOILER,MW
2030-02-24 04:00:00,XY,5340.0,CE,IND_BOILER,MW
2030-02-25 05:00:00,XY,6285.0,CE,IND_BOILER,MW
2030-02-26 06:00:00,XY,7704.0,CE,IND_BOILER,MW
2030-02-27 07:00:00,XY,8865.0,CE,IND_BOILER,MW
2030-02-28 08:00:00,XY,8994.0,CE,IND_BOILER,MW
2030-03-01 09:00:00,XY,6801.0,CE,IND_BOILER,MW
2030-03-02 10:00:00,XY,6937.1,CE,IND_BOILER,MW
2030-03-03 11:00:00,XY,9039.2,CE,IND_BOILER,MW
2030-03-04 12:00:00,XY,9109.0,CE,IND_BOILER,MW
2030-03-05 13:00:00,XY,9754.0,CE,IND_BOILER,MW
2030-03-06 14:00:00,XY,9496.0,CE,IND_BOILER,MW
2030-03-07 15:00:00,XY,9041.8,CE,IND_BOILER,MW
2030-03-08 16:00:00,XY,6801.0,CE,IND_BOILER,MW
2030-03-09 17:00:00,XY,7059.0,CE,IND_BOILER,MW
2030-03-10 18:00:00,XY,10171.8,CE,IND_BOILER,MW
2030-03-11 19:00:00,XY,10947.8,CE,IND_BOILER,MW
2030-03-12 20:00:00,XY,12189.6,CE,IND_BOILER,MW
2030-03-13 21:00:00,XY,11563.1,CE,IND_BOILER,MW
2030-03-14 22:00:00,XY,10749.0,CE,IND_BOILER,MW
2030-03-15 23:00:00,XY,6672.0,CE,IND_BOILER,MW
2030-03-17 00:00:00,XY,6414.0,CE,IND_BOILER,MW
2030-03-18 01:00:00,XY,6156.0,CE,IND_BOILER,MW
2030-03-19 02:00:00,XY,6027.0,CE,IND_BOILER,MW
2030-03-20 03:00:00,XY,6027.0,CE,IND_BOILER,MW
2030-03-21 04:00:00,XY,5640.0,CE,IND_BOILER,MW
2030-03-22 05:00:00,XY,5400.0,CE,IND_BOILER,MW
2030-03-23 06:00:00,XY,6156.0,CE,IND_BOILER,MW
2030-03-24 07:00:00,XY,7833.0,CE,IND_BOILER,MW
2030-03-25 08:00:00,XY,8865.0,CE,IND_BOILER,MW
2030-03-26 09:00:00,XY,9837.0,CE,IND_BOILER,MW
2030-03-27 10:00:00,XY,9837.0,CE,IND_BOILER,MW
2030-03-28 11:00:00,XY,8932.2,CE,IND_BOILER,MW
2030-03-29 12:00:00,XY,6142.0,CE,IND_BOILER,MW
2030-03-30 13:00:00,XY,6400.0,CE,IND_BOILER,MW
2030-03-31 14:00:00,XY,8722.0,CE,IND_BOILER,MW
2030-04-01 15:00:00,XY,9510.0,CE,IND_BOILER,MW
2030-04-02 16:00:00,XY,11442.2,CE,IND_BOILER,MW
2030-04-03 17:00:00,XY,13760.0,CE,IND_BOILER,MW
2030-04-04 18:00:00,XY,13700.0,CE,IND_BOILER,MW
2030-04-05 19:00:00,XY,11233.9,CE,IND_BOILER,MW
2030-04-06 20:00:00,XY,10954.0,CE,IND_BOILER,MW
2030-04-07 21:00:00,XY,13760.0,CE,IND_BOILER,MW
2030-04-08 22:00:00,XY,13729.3,CE,IND_BOILER,MW
2030-04-09 23:00:00,XY,12809.4,CE,IND_BOILER,MW
2030-04-11 00:00:00,XY,8629.4,CE,IND_BOILER,MW
2030-04-12 01:00:00,XY,9124.1,CE,IND_BOILER,MW
2030-04-13 02:00:00,XY,8076.0,CE,IND_BOILER,MW
2030-04-14 03:00:00,XY,7340.0,CE,IND_BOILER,MW
2030-04-15 04:00:00,XY,7144.9,CE,IND_BOILER,MW
2030-04-16 05:00:00,XY,8213.1,CE,IND_BOILER,MW
2030-04-17 06:00:00,XY,11261.6,CE,IND_BOILER,MW
2030-04-18 07:00:00,XY,8201.2,CE,IND_BOILER,MW
2030-04-19 08:00:00,XY,6543.0,CE,IND_BOILER,MW
2030-04-20 09:00:00,XY,6801.0,CE,IND_BOILER,MW
2030-04-21 10:00:00,XY,9123.0,CE,IND_BOILER,MW
2030-04-22 11:00:00,XY,9381.0,CE,IND_BOILER,MW
2030-04-23 12:00:00,XY,9837.0,CE,IND_BOILER,MW
2030-04-24 13:00:00,XY,9768.0,CE,IND_BOILER,MW
2030-04-25 14:00:00,XY,8994.0,CE,IND_BOILER,MW
2030-04-26 15:00:00,XY,6543.0,CE,IND_BOILER,MW
2030-04-27 16:00:00,XY,6801.0,CE,IND_BOILER,MW
2030-04-28 17:00:00,XY,13700.0,CE,IND_BOILER,MW
2030-04-29 18:00:00,XY,13760.0,CE,IND_BOILER,MW
2030-04-30 19:00:00,XY,13760.0,CE,IND_BOILER,MW
2030-05-01 20:00:00,XY,13760.0,CE,IND_BOILER,MW
2030-05-02 21:00:00,XY,13640.0,CE,IND_BOILER,MW
2030-05-03 22:00:00,XY,12440.0,CE,IND_BOILER,MW
2030-05-04 23:00:00,XY,12513.9,CE,IND_BOILER,MW
2030-05-06 00:00:00,XY,11865.9,CE,IND_BOILER,MW
2030-05-07 01:00:00,XY,9367.6,CE,IND_BOILER,MW
2030-05-08 02:00:00,XY,9817.0,CE,IND_BOILER,MW
2030-05-09 03:00:00,XY,9127.3,CE,IND_BOILER,MW
2030-05-10 04:00:00,XY,7489.0,CE,IND_BOILER,MW
2030-05-11 05:00:00,XY,9969.9,CE,IND_BOILER,MW
2030-05-12 06:00:00,XY,11432.4,CE,IND_BOILER,MW
2030-05-13 07:00:00,XY,13040.0,CE,IND_BOILER,MW
2030-05-14 08:00:00,XY,11863.9,CE,IND_BOILER,MW
2030-05-15 09:00:00,XY,9639.0,CE,IND_BOILER,MW
2030-05-16 10:00:00,XY,8865.0,CE,IND_BOILER,MW
2030-05-17 11:00:00,XY,6414.0,CE,IND_BOILER,MW
2030-05-18 12:00:00,XY,6672.0,CE,IND_BOILER,MW
2030-05-19 13:00:00,XY,8994.0,CE,IND_BOILER,MW
2030-05-20 14:00:00,XY,9252.0,CE,IND_BOILER,MW
2030-05-21 15:00:00,XY,13760.0,CE,IND_BOILER,MW
2030-05-22 16:00:00,XY,13760.0,CE,IND_BOILER,MW
2030-05-23 17:00:00,XY,13580.0,CE,IND_BOILER,MW
2030-05-24 18:00:00,XY,12440.0,CE,IND_BOILER,MW
2030-05-25 19:00:00,XY,12560.0,CE,IND_BOILER,MW
2030-05-26 20:00:00,XY,13640.0,CE,IND_BOILER,MW
2030-05-27 21:00:00,XY,13760.0,CE,IND_BOILER,MW
2030-05-28 22:00:00,XY,13760.0,CE,IND_BOILER,MW
2030-05-29 23:00:00,XY,13460.0,CE,IND_BOILER,MW
2030-05-31 00:00:00,XY,10923.3,CE,IND_BOILER,MW
2030-06-01 01:00:00,XY,10504.6,CE,IND_BOILER,MW
2030-06-02 02:00:00,XY,7615.6,CE,IND_BOILER,MW
2030-06-03 03:00:00,XY,5706.5,CE,IND_BOILER,MW
2030-06-04 04:00:00,XY,9497.8,CE,IND_BOILER,MW
2030-06-05 05:00:00,XY,10659.2,CE,IND_BOILER,MW
2030-06-06 06:00:00,XY,10705.8,CE,IND_BOILER,MW
2030-06-07 07:00:00,XY,8736.0,CE,IND_BOILER,MW
2030-06-08 08:00:00,XY,6368.8,CE,IND_BOILER,MW
2030-06-09 09:00:00,XY,6543.0,CE,IND_BOILER,MW
2030-06-10 10:00:00,XY,10999.7,CE,IND_BOILER,MW
2030-06-11 11:00:00,XY,9123.0,CE,IND_BOILER,MW
2030-06-12 12:00:00,XY,9639.0,CE,IND_BOILER,MW
2030-06-13 13:00:00,XY,9510.0,CE,IND_BOILER,MW
2030-06-14 14:00:00,XY,8736.0,CE,IND_BOILER,MW
2030-06-15 15:00:00,XY,6285.0,CE,IND_BOILER,MW
2030-06-16 16:00:00,XY,6543.0,CE,IND_BOILER,MW
2030-06-17 17:00:00,XY,9380.0,CE,IND_BOILER,MW
2030-06-18 18:00:00,XY,9297.9,CE,IND_BOILER,MW
2030-06-19 19:00:00,XY,13760.0,CE,IND_BOILER,MW
2030-06-20 20:00:00,XY,13760.0,CE,IND_BOILER,MW
2030-06-21 21:00:00,XY,13580.0,CE,IND_BOILER,MW
2030-06-22 22:00:00,XY,12380.0,CE,IND_BOILER,MW
2030-06-23 23:00:00,XY,12500.0,CE,IND_BOILER,MW
2030-06-25 00:00:00,XY,13280.0,CE,IND_BOILER,MW
2030-06-26 01:00:00,XY,12740.0,CE,IND_BOILER,MW
2030-06-27 02:00:00,XY,12500.0,CE,IND_BOILER,MW
2030-06-28 03:00:00,XY,11737.7,CE,IND_BOILER,MW
2030-06-29 04:00:00,XY,8879.4,CE,IND_BOILER,MW
2030-06-30 05:00:00,XY,7280.0,CE,IND_BOILER,MW
2030-07-01 06:00:00,XY,8432.1,CE,IND_BOILER,MW
2030-07-02 07:00:00,XY,8360.0,CE,IND_BOILER,MW
2030-07-03 08:00:00,XY,8870.8,CE,IND_BOILER,MW
2030-07-04 09:00:00,XY,9123.0,CE,IND_BOILER,MW
2030-07-05 10:00:00,XY,8736.0,CE,IND_BOILER,MW
2030-07-06 11:00:00,XY,6285.0,CE,IND_BOILER,MW
2030-07-07 12:00:00,XY,6543.0,CE,IND_BOILER,MW
2030-07-08 13:00:00,XY,8865.0,CE,IND_BOILER,MW
2030-07-09 14:00:00,XY,9123.0,CE,IND_BOILER,MW
2030-07-10 15:00:00,XY,9639.0,CE,IND_BOILER,MW
2030-07-11 16:00:00,XY,9510.0,CE,IND_BOILER,MW
2030-07-12 17:00:00,XY,8736.0,CE,IND_BOILER,MW
2030-07-13 18:00:00,XY,6285.0,CE,IND_BOILER,MW
2030-07-14 19:00:00,XY,6543.0,CE,IND_BOILER,MW
2030-07-15 20:00:00,XY,13580.0,CE,IND_BOILER,MW
2030-07-16 21:00:00,XY,12762.0,CE,IND_BOILER,MW
2030-07-17 22:00:00,XY,13760.0,CE,IND_BOILER,MW
2030-07-18 23:00:00,XY,13760.0,CE,IND_BOILER,MW
2030-07-20 00:00:00,XY,12696.0,CE,IND_BOILER,MW
2030-07-21 01:00:00,XY,8293.8,CE,IND_BOILER,MW
2030-07-22 02:00:00,XY,5400.0,CE,IND_BOILER,MW
2030-07-23 03:00:00,XY,5460.0,CE,IND_BOILER,MW
2030-07-24 04:00:00,XY,5641.5,CE,IND_BOILER,MW
2030-07-25 05:00:00,XY,7187.2,CE,IND_BOILER,MW
2030-07-26 06:00:00,XY,7179.8,CE,IND_BOILER,MW
2030-07-27 07:00:00,XY,5862.7,CE,IND_BOILER,MW
2030-07-28 08:00:00,XY,8447.5,CE,IND_BOILER,MW
2030-07-29 09:00:00,XY,10662.1,CE,IND_BOILER,MW
2030-07-30 10:00:00,XY,8994.0,CE,IND_BOILER,MW
2030-07-31 11:00:00,XY,9639.0,CE,IND_BOILER,MW
2030-08-01 12:00:00,XY,9248.1,CE,IND_BOILER,MW
2030-08-02 13:00:00,XY,8449.6,CE,IND_BOILER,MW
2030-08-03 14:00:00,XY,5755.0,CE,IND_BOILER,MW
2030-08-04 15:00:00,XY,6543.0,CE,IND_BOILER,MW
2030-08-05 16:00:00,XY,8865.0,CE,IND_BOILER,MW
2030-08-06 17:00:00,XY,9123.0,CE,IND_BOILER,MW
2030-08-07 18:00:00,XY,9639.0,CE,IND_BOILER,MW
2030-08-08 19:00:00,XY,13603.5,CE,IND_BOILER,MW
2030-08-09 20:00:00,XY,13520.0,CE,IND_BOILER,MW
2030-08-10 21:00:00,XY,6525.0,CE,IND_BOILER,MW
2030-08-11 22:00:00,XY,9542.4,CE,IND_BOILER,MW
2030-08-12 23:00:00,XY,12610.1,CE,IND_BOILER,MW
2030-08-14 00:00:00,XY,13460.0,CE,IND_BOILER,MW
2030-08-15 01:00:00,XY,10360.3,CE,IND_BOILER,MW
2030-08-16 02:00:00,XY,6377.2,CE,IND_BOILER,MW
2030-08-17 03:00:00,XY,5280.0,CE,IND_BOILER,MW
2030-08-18 04:00:00,XY,4920.0,CE,IND_BOILER,MW
2030-08-19 05:00:00,XY,5125.2,CE,IND_BOILER,MW
2030-08-20 06:00:00,XY,8317.1,CE,IND_BOILER,MW
2030-08-21 07:00:00,XY,9600.7,CE,IND_BOILER,MW
2030-08-22 08:00:00,XY,10575.7,CE,IND_BOILER,MW
2030-08-23 09:00:00,XY,8583.7,CE,IND_BOILER,MW
2030-08-24 10:00:00,XY,6285.0,CE,IND_BOILER,MW
2030-08-25 11:00:00,XY,6543.0,CE,IND_BOILER,MW
2030-08-26 12:00:00,XY,8865.0,CE,IND_BOILER,MW
2030-08-27 13:00:00,XY,9123.0,CE,IND_BOILER,MW
2030-08-28 14:00:00,XY,9639.0,CE,IND_BOILER,MW
2030-08-29 15:00:00,XY,9510.0,CE,IND_BOILER,MW
2030-08-30 16:00:00,XY,8736.0,CE,IND_BOILER,MW
2030-08-31 17:00:00,XY,6285.0,CE,IND_BOILER,MW
2030-09-01 18:00:00,XY,6544.8,CE,IND_BOILER,MW
2030-09-02 19:00:00,XY,13580.0,CE,IND_BOILER,MW
2030-09-03 20:00:00,XY,13285.3,CE,IND_BOILER,MW
2030-09-04 21:00:00,XY,13760.0,CE,IND_BOILER,MW
2030-09-05 22:00:00,XY,13760.0,CE,IND_BOILER,MW
2030-09-06 23:00:00,XY,12020.5,CE,IND_BOILER,MW
2030-09-08 00:00:00,XY,8180.0,CE,IND_BOILER,MW
2030-09-09 01:00:00,XY,7410.1,CE,IND_BOILER,MW
2030-09-10 02:00:00,XY,5943.7,CE,IND_BOILER,MW
2030-09-11 03:00:00,XY,5728.2,CE,IND_BOILER,MW
2030-09-12 04:00:00,XY,5640.0,CE,IND_BOILER,MW
2030-09-13 05:00:00,XY,7082.3,CE,IND_BOILER,MW
2030-09-14 06:00:00,XY,5220.0,CE,IND_BOILER,MW
2030-09-15 07:00:00,XY,5953.3,CE,IND_BOILER,MW
2030-09-16 08:00:00,XY,7446.0,CE,IND_BOILER,MW
2030-09-17 09:00:00,XY,8349.0,CE,IND_BOILER,MW
2030-09-18 10:00:00,XY,9510.0,CE,IND_BOILER,MW
2030-09-19 11:00:00,XY,9381.0,CE,IND_BOILER,MW
2030-09-20 12:00:00,XY,8736.0,CE,IND_BOILER,MW
2030-09-21 13:00:00,XY,6285.0,CE,IND_BOILER,MW
2030-09-22 14:00:00,XY,6543.0,CE,IND_BOILER,MW
2030-09-23 15:00:00,XY,12772.5,CE,IND_BOILER,MW
2030-09-24 16:00:00,XY,10972.5,CE,IND_BOILER,MW
2030-09-25 17:00:00,XY,12089.7,CE,IND_BOILER,MW
2030-09-26 18:00:00,XY,13760.0,CE,IND_BOILER,MW
2030-09-27 19:00:00,XY,13520.0,CE,IND_BOILER,MW
2030-09-28 20:00:00,XY,12380.0,CE,IND_BOILER,MW
2030-09-29 21:00:00,XY,12003.4,CE,IND_BOILER,MW
2030-09-30 22:00:00,XY,13580.0,CE,IND_BOILER,MW
2030-10-01 23:00:00,XY,13700.0,CE,IND_BOILER,MW
2030-10-03 00:00:00,XY,10273.1,CE,IND_BOILER,MW
2030-10-04 01:00:00,XY,7132.5,CE,IND_BOILER,MW
2030-10-05 02:00:00,XY,5580.0,CE,IND_BOILER,MW
2030-10-06 03:00:00,XY,5040.0,CE,IND_BOILER,MW
2030-10-07 04:00:00,XY,5040.0,CE,IND_BOILER,MW
2030-10-08 05:00:00,XY,5460.0,CE,IND_BOILER,MW
2030-10-09 06:00:00,XY,6414.0,CE,IND_BOILER,MW
2030-10-10 07:00:00,XY,8285.2,CE,IND_BOILER,MW
2030-10-11 08:00:00,XY,7704.0,CE,IND_BOILER,MW
2030-10-12 09:00:00,XY,6414.0,CE,IND_BOILER,MW
2030-10-13 10:00:00,XY,6672.0,CE,IND_BOILER,MW
2030-10-14 11:00:00,XY,8994.0,CE,IND_BOILER,MW
2030-10-15 12:00:00,XY,9252.0,CE,IND_BOILER,MW
2030-10-16 13:00:00,XY,9768.0,CE,IND_BOILER,MW
2030-10-17 14:00:00,XY,9639.0,CE,IND_BOILER,MW
2030-10-18 15:00:00,XY,8865.0,CE,IND_BOILER,MW
2030-10-19 16:00:00,XY,6414.0,CE,IND_BOILER,MW
2030-10-20 17:00:00,XY,6672.0,CE,IND_BOILER,MW
2030-10-21 18:00:00,XY,13640.0,CE,IND_BOILER,MW
2030-10-22 19:00:00,XY,13760.0,CE,IND_BOILER,MW
2030-10-23 20:00:00,XY,13760.0,CE,IND_BOILER,MW
2030-10-24 21:00:00,XY,12920.4,CE,IND_BOILER,MW
2030-10-25 22:00:00,XY,10959.2,CE,IND_BOILER,MW
2030-10-26 23:00:00,XY,6414.0,CE,IND_BOILER,MW
2030-10-28 00:00:00,XY,6672.0,CE,IND_BOILER,MW
2030-10-29 01:00:00,XY,6672.0,CE,IND_BOILER,MW
2030-10-30 02:00:00,XY,6285.0,CE,IND_BOILER,MW
2030-10-31 03:00:00,XY,6027.0,CE,IND_BOILER,MW
2030-11-01 04:00:00,XY,5400.0,CE,IND_BOILER,MW
2030-11-02 05:00:00,XY,4980.0,CE,IND_BOILER,MW
2030-11-03 06:00:00,XY,5340.0,CE,IND_BOILER,MW
2030-11-04 07:00:00,XY,6672.0,CE,IND_BOILER,MW
2030-11-05 08:00:00,XY,7704.0,CE,IND_BOILER,MW
2030-11-06 09:00:00,XY,9177.9,CE,IND_BOILER,MW
2030-11-07 10:00:00,XY,9510.0,CE,IND_BOILER,MW
2030-11-08 11:00:00,XY,8865.0,CE,IND_BOILER,MW
2030-11-09 12:00:00,XY,6080.9,CE,IND_BOILER,MW
2030-11-10 13:00:00,XY,6142.0,CE,IND_BOILER,MW
2030-11-11 14:00:00,XY,8681.6,CE,IND_BOILER,MW
2030-11-12 15:00:00,XY,9252.0,CE,IND_BOILER,MW
2030-11-13 16:00:00,XY,9768.0,CE,IND_BOILER,MW
2030-11-14 17:00:00,XY,9639.0,CE,IND_BOILER,MW
2030-11-15 18:00:00,XY,11696.9,CE,IND_BOILER,MW
2030-11-16 19:00:00,XY,8282.0,CE,IND_BOILER,MW
2030-11-17 20:00:00,XY,6713.9,CE,IND_BOILER,MW
2030-11-18 21:00:00,XY,13640.0,CE,IND_BOILER,MW
2030-11-19 22:00:00,XY,9374.3,CE,IND_BOILER,MW
2030-11-20 23:00:00,XY,9768.0,CE,IND_BOILER,MW
2030-11-22 00:00:00,XY,8607.0,CE,IND_BOILER,MW
2030-11-23 01:00:00,XY,6430.8,CE,IND_BOILER,MW
2030-11-24 02:00:00,XY,5400.0,CE,IND_BOILER,MW
2030-11-25 03:00:00,XY,5220.0,CE,IND_BOILER,MW
2030-11-26 04:00:00,XY,5400.0,CE,IND_BOILER,MW
2030-11-27 05:00:00,XY,5898.0,CE,IND_BOILER,MW
2030-11-28 06:00:00,XY,6672.0,CE,IND_BOILER,MW
2030-11-29 07:00:00,XY,6930.0,CE,IND_BOILER,MW
2030-11-30 08:00:00,XY,6414.0,CE,IND_BOILER,MW
2030-12-01 09:00:00,XY,6801.0,CE,IND_BOILER,MW
2030-12-02 10:00:00,XY,8994.0,CE,IND_BOILER,MW
2030-12-03 11:00:00,XY,9381.0,CE,IND_BOILER,MW
2030-12-04 12:00:00,XY,9837.0,CE,IND_BOILER,MW
2030-12-05 13:00:00,XY,9238.0,CE,IND_BOILER,MW
2030-12-06 14:00:00,XY,8683.9,CE,IND_BOILER,MW
2030-12-07 15:00:00,XY,6477.2,CE,IND_BOILER,MW
2030-12-08 16:00:00,XY,6801.0,CE,IND_BOILER,MW
2030-12-09 17:00:00,XY,10179.9,CE,IND_BOILER,MW
2030-12-10 18:00:00,XY,12438.4,CE,IND_BOILER,MW
2030-12-11 19:00:00,XY,13760.0,CE,IND_BOILER,MW
2030-12-12 20:00:00,XY,12168.0,CE,IND_BOILER,MW
2030-12-13 21:00:00,XY,8994.0,CE,IND_BOILER,MW
2030-12-14 22:00:00,XY,6543.0,CE,IND_BOILER,MW
2030-12-15 23:00:00,XY,6801.0,CE,IND_BOILER,MW
2030-12-17 00:00:00,XY,8478.0,CE,IND_BOILER,MW
2030-12-18 01:00:00,XY,7317.0,CE,IND_BOILER,MW
2030-12-19 02:00:00,XY,6801.0,CE,IND_BOILER,MW
2030-12-20 03:00:00,XY,5640.0,CE,IND_BOILER,MW
2030-12-21 04:00:00,XY,5280.0,CE,IND_BOILER,MW
2030-12-22 05:00:00,XY,5160.0,CE,IND_BOILER,MW
2030-12-23 06:00:00,XY,6027.0,CE,IND_BOILER,MW
2030-12-24 07:00:00,XY,6990.6,CE,IND_BOILER,MW
2030-12-25 08:00:00,XY,8394.1,CE,IND_BOILER,MW
2030-12-26 09:00:00,XY,9426.8,CE,IND_BOILER,MW
2030-12-27 10:00:00,XY,8994.0,CE,IND_BOILER,MW
2030-12-28 11:00:00,XY,6543.0,CE,IND_BOILER,MW
2030-12-29 12:00:00,XY,6271.0,CE,IND_BOILER,MW
2030-12-30 13:00:00,XY,8733.6,CE,IND_BOILER,MW
2030-12-31 14:00:00,XY,9169.3,CE,IND_BOILER,MW
2031-01-01 15:00:00,XY,9906.0,CE,IND_BOILER,MW
2030-01-01 00:00:00,XY,652.7,NR,EIDT,MW
2030-01-02 01:00:00,XY,652.7,NR,EIDT,MW
2030-01-03 02:00:00,XY,652.7,NR,EIDT,MW
2030-01-04 03:00:00,XY,652.7,NR,EIDT,MW
2030-01-05 04:00:00,XY,640.5,NR,EIDT,MW
2030-01-06 05:00:00,XY,652.7,NR,EIDT,MW
2030-01-07 06:00:00,XY,652.7,NR,EIDT,MW
2030-01-08 07:00:00,XY,652.7,NR,EIDT,MW
2030-01-09 08:00:00,XY,652.7,NR,EIDT,MW
2030-01-10 09:00:00,XY,652.7,NR,EIDT,MW
2030-01-11 10:00:00,XY,652.7,NR,EIDT,MW
2030-01-12 11:00:00,XY,652.7,NR,EIDT,MW
2030-01-13 12:00:00,XY,652.7,NR,EIDT,MW
2030-01-14 13:00:00,XY,652.7,NR,EIDT,MW
2030-01-15 14:00:00,XY,652.7,NR,EIDT,MW
2030-01-16 15:00:00,XY,652.7,NR,EIDT,MW
2030-01-17 16:00:00,XY,652.7,NR,EIDT,MW
2030-01-18 17:00:00,XY,652.7,NR,EIDT,MW
2030-01-19 18:00:00,XY,652.7,NR,EIDT,MW
2030-01-20 19:00:00,XY,410.8,NR,EIDT,MW
2030-01-21 20:00:00,XY,652.7,NR,EIDT,MW
2030-01-22 21:00:00,XY,652.7,NR,EIDT,MW
2030-01-23 22:00:00,XY,652.7,NR,EIDT,MW
2030-01-24 23:00:00,XY,652.7,NR,EIDT,MW
2030-01-26 00:00:00,XY,634.4,NR,EIDT,MW
2030-01-27 01:00:00,XY,597.8,NR,EIDT,MW
2030-01-28 02:00:00,XY,603.9,NR,EIDT,MW
2030-01-29 03:00:00,XY,616.1,NR,EIDT,MW
2030-01-30 04:00:00,XY,640.5,NR,EIDT,MW
2030-01-31 05:00:00,XY,634.4,NR,EIDT,MW
2030-02-01 06:00:00,XY,628.3,NR,EIDT,MW
2030-02-02 07:00:00,XY,652.7,NR,EIDT,MW
2030-02-03 08:00:00,XY,652.7,NR,EIDT,MW
2030-02-04 09:00:00,XY,652.7,NR,EIDT,MW
2030-02-05 10:00:00,XY,652.7,NR,EIDT,MW
2030-02-06 11:00:00,XY,652.7,NR,EIDT,MW
2030-02-07 12:00:00,XY,652.7,NR,EIDT,MW
2030-02-08 13:00:00,XY,652.7,NR,EIDT,MW
2030-02-09 14:00:00,XY,652.7,NR,EIDT,MW
2030-02-10 15:00:00,XY,652.7,NR,EIDT,MW
2030-02-11 16:00:00,XY,652.7,NR,EIDT,MW
2030-02-12 17:00:00,XY,652.7,NR,EIDT,MW
2030-02-13 18:00:00,XY,652.7,NR,EIDT,MW
2030-02-14 19:00:00,XY,652.7,NR,EIDT,MW
2030-02-15 20:00:00,XY,652.7,NR,EIDT,MW
2030-02-16 21:00:00,XY,652.7,NR,EIDT,MW
2030-02-17 22:00:00,XY,652.7,NR,EIDT,MW
2030-02-18 23:00:00,XY,652.7,NR,EIDT,MW
2030-02-20 00:00:00,XY,652.7,NR,EIDT,MW
2030-02-21 01:00:00,XY,640.5,NR,EIDT,MW
2030-02-22 02:00:00,XY,585.6,NR,EIDT,MW
2030-02-23 03:00:00,XY,549.0,NR,EIDT,MW
2030-02-24 04:00:00,XY,567.3,NR,EIDT,MW
2030-02-25 05:00:00,XY,628.3,NR,EIDT,MW
2030-02-26 06:00:00,XY,652.7,NR,EIDT,MW
2030-02-27 07:00:00,XY,652.7,NR,EIDT,MW
2030-02-28 08:00:00,XY,652.7,NR,EIDT,MW
2030-03-01 09:00:00,XY,652.7,NR,EIDT,MW
2030-03-02 10:00:00,XY,652.7,NR,EIDT,MW
2030-03-03 11:00:00,XY,652.7,NR,EIDT,MW
2030-03-04 12:00:00,XY,652.7,NR,EIDT,MW
2030-03-05 13:00:00,XY,652.7,NR,EIDT,MW
2030-03-06 14:00:00,XY,652.7,NR,EIDT,MW
2030-03-07 15:00:00,XY,652.7,NR,EIDT,MW
2030-03-08 16:00:00,XY,652.7,NR,EIDT,MW
2030-03-09 17:00:00,XY,652.7,NR,EIDT,MW
2030-03-10 18:00:00,XY,652.7,NR,EIDT,MW
2030-03-11 19:00:00,XY,652.7,NR,EIDT,MW
2030-03-12 20:00:00,XY,652.7,NR,EIDT,MW
2030-03-13 21:00:00,XY,652.7,NR,EIDT,MW
2030-03-14 22:00:00,XY,652.7,NR,EIDT,MW
2030-03-15 23:00:00,XY,646.6,NR,EIDT,MW
2030-03-17 00:00:00,XY,634.4,NR,EIDT,MW
2030-03-18 01:00:00,XY,622.2,NR,EIDT,MW
2030-03-19 02:00:00,XY,616.1,NR,EIDT,MW
2030-03-20 03:00:00,XY,616.1,NR,EIDT,MW
2030-03-21 04:00:00,XY,597.8,NR,EIDT,MW
2030-03-22 05:00:00,XY,573.4,NR,EIDT,MW
2030-03-23 06:00:00,XY,622.2,NR,EIDT,MW
2030-03-24 07:00:00,XY,652.7,NR,EIDT,MW
2030-03-25 08:00:00,XY,652.7,NR,EIDT,MW
2030-03-26 09:00:00,XY,652.7,NR,EIDT,MW
2030-03-27 10:00:00,XY,652.7,NR,EIDT,MW
2030-03-28 11:00:00,XY,652.7,NR,EIDT,MW
2030-03-29 12:00:00,XY,646.6,NR,EIDT,MW
2030-03-30 13:00:00,XY,652.7,NR,EIDT,MW
2030-03-31 14:00:00,XY,652.7,NR,EIDT,MW
2030-04-01 15:00:00,XY,652.7,NR,EIDT,MW
2030-04-02 16:00:00,XY,652.7,NR,EIDT,MW
2030-04-03 17:00:00,XY,429.1,NR,EIDT,MW
2030-04-04 18:00:00,XY,392.5,NR,EIDT,MW
2030-04-05 19:00:00,XY,640.5,NR,EIDT,MW
2030-04-06 20:00:00,XY,652.7,NR,EIDT,MW
2030-04-07 21:00:00,XY,398.6,NR,EIDT,MW
2030-04-08 22:00:00,XY,652.7,NR,EIDT,MW
2030-04-09 23:00:00,XY,652.7,NR,EIDT,MW
2030-04-11 00:00:00,XY,652.7,NR,EIDT,MW
2030-04-12 01:00:00,XY,597.8,NR,EIDT,MW
2030-04-13 02:00:00,XY,549.0,NR,EIDT,MW
2030-04-14 03:00:00,XY,542.9,NR,EIDT,MW
2030-04-15 04:00:00,XY,585.6,NR,EIDT,MW
2030-04-16 05:00:00,XY,640.5,NR,EIDT,MW
2030-04-17 06:00:00,XY,652.7,NR,EIDT,MW
2030-04-18 07:00:00,XY,652.7,NR,EIDT,MW
2030-04-19 08:00:00,XY,640.5,NR,EIDT,MW
2030-04-20 09:00:00,XY,652.7,NR,EIDT,MW
2030-04-21 10:00:00,XY,652.7,NR,EIDT,MW
2030-04-22 11:00:00,XY,652.7,NR,EIDT,MW
2030-04-23 12:00:00,XY,652.7,NR,EIDT,MW
2030-04-24 13:00:00,XY,652.7,NR,EIDT,MW
2030-04-25 14:00:00,XY,652.7,NR,EIDT,MW
2030-04-26 15:00:00,XY,640.5,NR,EIDT,MW
2030-04-27 16:00:00,XY,652.7,NR,EIDT,MW
2030-04-28 17:00:00,XY,580.0,NR,EIDT,MW
2030-04-29 18:00:00,XY,404.7,NR,EIDT,MW
2030-04-30 19:00:00,XY,429.1,NR,EIDT,MW
2030-05-01 20:00:00,XY,416.9,NR,EIDT,MW
2030-05-02 21:00:00,XY,386.4,NR,EIDT,MW
2030-05-03 22:00:00,XY,264.4,NR,EIDT,MW
2030-05-04 23:00:00,XY,652.7,NR,EIDT,MW
2030-05-06 00:00:00,XY,652.7,NR,EIDT,MW
2030-05-07 01:00:00,XY,634.4,NR,EIDT,MW
2030-05-08 02:00:00,XY,622.2,NR,EIDT,MW
2030-05-09 03:00:00,XY,579.5,NR,EIDT,MW
2030-05-10 04:00:00,XY,536.8,NR,EIDT,MW
2030-05-11 05:00:00,XY,573.4,NR,EIDT,MW
2030-05-12 06:00:00,XY,646.6,NR,EIDT,MW
2030-05-13 07:00:00,XY,325.4,NR,EIDT,MW
2030-05-14 08:00:00,XY,652.7,NR,EIDT,MW
2030-05-15 09:00:00,XY,652.7,NR,EIDT,MW
2030-05-16 10:00:00,XY,652.7,NR,EIDT,MW
2030-05-17 11:00:00,XY,634.4,NR,EIDT,MW
2030-05-18 12:00:00,XY,646.6,NR,EIDT,MW
2030-05-19 13:00:00,XY,652.7,NR,EIDT,MW
2030-05-20 14:00:00,XY,652.7,NR,EIDT,MW
2030-05-21 15:00:00,XY,423.0,NR,EIDT,MW
2030-05-22 16:00:00,XY,416.9,NR,EIDT,MW
2030-05-23 17:00:00,XY,380.3,NR,EIDT,MW
2030-05-24 18:00:00,XY,264.4,NR,EIDT,MW
2030-05-25 19:00:00,XY,276.6,NR,EIDT,MW
2030-05-26 20:00:00,XY,386.4,NR,EIDT,MW
2030-05-27 21:00:00,XY,398.6,NR,EIDT,MW
2030-05-28 22:00:00,XY,423.0,NR,EIDT,MW
2030-05-29 23:00:00,XY,368.1,NR,EIDT,MW
2030-05-31 00:00:00,XY,634.4,NR,EIDT,MW
2030-06-01 01:00:00,XY,567.3,NR,EIDT,MW
2030-06-02 02:00:00,XY,549.0,NR,EIDT,MW
2030-06-03 03:00:00,XY,567.3,NR,EIDT,MW
2030-06-04 04:00:00,XY,603.9,NR,EIDT,MW
2030-06-05 05:00:00,XY,640.5,NR,EIDT,MW
2030-06-06 06:00:00,XY,646.6,NR,EIDT,MW
2030-06-07 07:00:00,XY,652.7,NR,EIDT,MW
2030-06-08 08:00:00,XY,628.3,NR,EIDT,MW
2030-06-09 09:00:00,XY,640.5,NR,EIDT,MW
2030-06-10 10:00:00,XY,652.7,NR,EIDT,MW
2030-06-11 11:00:00,XY,652.7,NR,EIDT,MW
2030-06-12 12:00:00,XY,652.7,NR,EIDT,MW
2030-06-13 13:00:00,XY,652.7,NR,EIDT,MW
2030-06-14 14:00:00,XY,652.7,NR,EIDT,MW
2030-06-15 15:00:00,XY,628.3,NR,EIDT,MW
2030-06-16 16:00:00,XY,640.5,NR,EIDT,MW
2030-06-17 17:00:00,XY,652.7,NR,EIDT,MW
2030-06-18 18:00:00,XY,652.7,NR,EIDT,MW
2030-06-19 19:00:00,XY,416.9,NR,EIDT,MW
2030-06-20 20:00:00,XY,410.8,NR,EIDT,MW
2030-06-21 21:00:00,XY,380.3,NR,EIDT,MW
2030-06-22 22:00:00,XY,258.3,NR,EIDT,MW
2030-06-23 23:00:00,XY,270.5,NR,EIDT,MW
2030-06-25 00:00:00,XY,349.8,NR,EIDT,MW
2030-06-26 01:00:00,XY,652.7,NR,EIDT,MW
2030-06-27 02:00:00,XY,398.8,NR,EIDT,MW
2030-06-28 03:00:00,XY,215.6,NR,EIDT,MW
2030-06-29 04:00:00,XY,549.0,NR,EIDT,MW
2030-06-30 05:00:00,XY,536.8,NR,EIDT,MW
2030-07-01 06:00:00,XY,603.9,NR,EIDT,MW
2030-07-02 07:00:00,XY,646.6,NR,EIDT,MW
2030-07-03 08:00:00,XY,652.7,NR,EIDT,MW
2030-07-04 09:00:00,XY,652.7,NR,EIDT,MW
2030-07-05 10:00:00,XY,652.7,NR,EIDT,MW
2030-07-06 11:00:00,XY,628.3,NR,EIDT,MW
2030-07-07 12:00:00,XY,640.5,NR,EIDT,MW
2030-07-08 13:00:00,XY,652.7,NR,EIDT,MW
2030-07-09 14:00:00,XY,652.7,NR,EIDT,MW
2030-07-10 15:00:00,XY,652.7,NR,EIDT,MW
2030-07-11 16:00:00,XY,652.7,NR,EIDT,MW
2030-07-12 17:00:00,XY,652.7,NR,EIDT,MW
2030-07-13 18:00:00,XY,628.3,NR,EIDT,MW
2030-07-14 19:00:00,XY,640.5,NR,EIDT,MW
2030-07-15 20:00:00,XY,380.3,NR,EIDT,MW
2030-07-16 21:00:00,XY,652.7,NR,EIDT,MW
2030-07-17 22:00:00,XY,416.9,NR,EIDT,MW
2030-07-18 23:00:00,XY,410.8,NR,EIDT,MW
2030-07-20 00:00:00,XY,652.7,NR,EIDT,MW
2030-07-21 01:00:00,XY,610.0,NR,EIDT,MW
2030-07-22 02:00:00,XY,573.4,NR,EIDT,MW
2030-07-23 03:00:00,XY,579.5,NR,EIDT,MW
2030-07-24 04:00:00,XY,591.7,NR,EIDT,MW
2030-07-25 05:00:00,XY,610.0,NR,EIDT,MW
2030-07-26 06:00:00,XY,610.0,NR,EIDT,MW
2030-07-27 07:00:00,XY,597.8,NR,EIDT,MW
2030-07-28 08:00:00,XY,640.5,NR,EIDT,MW
2030-07-29 09:00:00,XY,652.7,NR,EIDT,MW
2030-07-30 10:00:00,XY,652.7,NR,EIDT,MW
2030-07-31 11:00:00,XY,652.7,NR,EIDT,MW
2030-08-01 12:00:00,XY,652.7,NR,EIDT,MW
2030-08-02 13:00:00,XY,652.7,NR,EIDT,MW
2030-08-03 14:00:00,XY,628.3,NR,EIDT,MW
2030-08-04 15:00:00,XY,640.5,NR,EIDT,MW
2030-08-05 16:00:00,XY,652.7,NR,EIDT,MW
2030-08-06 17:00:00,XY,652.7,NR,EIDT,MW
2030-08-07 18:00:00,XY,652.7,NR,EIDT,MW
2030-08-08 19:00:00,XY,652.7,NR,EIDT,MW
2030-08-09 20:00:00,XY,374.2,NR,EIDT,MW
2030-08-10 21:00:00,XY,628.3,NR,EIDT,MW
2030-08-11 22:00:00,XY,640.5,NR,EIDT,MW
2030-08-12 23:00:00,XY,652.7,NR,EIDT,MW
2030-08-14 00:00:00,XY,368.1,NR,EIDT,MW
2030-08-15 01:00:00,XY,652.7,NR,EIDT,MW
2030-08-16 02:00:00,XY,616.1,NR,EIDT,MW
2030-08-17 03:00:00,XY,561.2,NR,EIDT,MW
2030-08-18 04:00:00,XY,524.6,NR,EIDT,MW
2030-08-19 05:00:00,XY,542.9,NR,EIDT,MW
2030-08-20 06:00:00,XY,603.9,NR,EIDT,MW
2030-08-21 07:00:00,XY,652.7,NR,EIDT,MW
2030-08-22 08:00:00,XY,652.7,NR,EIDT,MW
2030-08-23 09:00:00,XY,652.7,NR,EIDT,MW
2030-08-24 10:00:00,XY,628.3,NR,EIDT,MW
2030-08-25 11:00:00,XY,640.5,NR,EIDT,MW
2030-08-26 12:00:00,XY,652.7,NR,EIDT,MW
2030-08-27 13:00:00,XY,652.7,NR,EIDT,MW
2030-08-28 14:00:00,XY,652.7,NR,EIDT,MW
2030-08-29 15:00:00,XY,652.7,NR,EIDT,MW
2030-08-30 16:00:00,XY,652.7,NR,EIDT,MW
2030-08-31 17:00:00,XY,628.3,NR,EIDT,MW
2030-09-01 18:00:00,XY,640.5,NR,EIDT,MW
2030-09-02 19:00:00,XY,380.3,NR,EIDT,MW
2030-09-03 20:00:00,XY,652.7,NR,EIDT,MW
2030-09-04 21:00:00,XY,416.9,NR,EIDT,MW
2030-09-05 22:00:00,XY,404.7,NR,EIDT,MW
2030-09-06 23:00:00,XY,652.7,NR,EIDT,MW
2030-09-08 00:00:00,XY,628.3,NR,EIDT,MW
2030-09-09 01:00:00,XY,616.1,NR,EIDT,MW
2030-09-10 02:00:00,XY,603.9,NR,EIDT,MW
2030-09-11 03:00:00,XY,597.8,NR,EIDT,MW
2030-09-12 04:00:00,XY,597.8,NR,EIDT,MW
2030-09-13 05:00:00,XY,579.5,NR,EIDT,MW
2030-09-14 06:00:00,XY,555.1,NR,EIDT,MW
2030-09-15 07:00:00,XY,603.9,NR,EIDT,MW
2030-09-16 08:00:00,XY,652.7,NR,EIDT,MW
2030-09-17 09:00:00,XY,652.7,NR,EIDT,MW
2030-09-18 10:00:00,XY,652.7,NR,EIDT,MW
2030-09-19 11:00:00,XY,652.7,NR,EIDT,MW
2030-09-20 12:00:00,XY,652.7,NR,EIDT,MW
2030-09-21 13:00:00,XY,628.3,NR,EIDT,MW
2030-09-22 14:00:00,XY,640.5,NR,EIDT,MW
2030-09-23 15:00:00,XY,652.7,NR,EIDT,MW
2030-09-24 16:00:00,XY,652.7,NR,EIDT,MW
2030-09-25 17:00:00,XY,652.7,NR,EIDT,MW
2030-09-26 18:00:00,XY,410.8,NR,EIDT,MW
2030-09-27 19:00:00,XY,374.2,NR,EIDT,MW
2030-09-28 20:00:00,XY,258.3,NR,EIDT,MW
2030-09-29 21:00:00,XY,640.5,NR,EIDT,MW
2030-09-30 22:00:00,XY,380.3,NR,EIDT,MW
2030-10-01 23:00:00,XY,392.5,NR,EIDT,MW
2030-10-03 00:00:00,XY,652.7,NR,EIDT,MW
2030-10-04 01:00:00,XY,652.7,NR,EIDT,MW
2030-10-05 02:00:00,XY,591.7,NR,EIDT,MW
2030-10-06 03:00:00,XY,536.8,NR,EIDT,MW
2030-10-07 04:00:00,XY,536.8,NR,EIDT,MW
2030-10-08 05:00:00,XY,579.5,NR,EIDT,MW
2030-10-09 06:00:00,XY,634.4,NR,EIDT,MW
2030-10-10 07:00:00,XY,652.7,NR,EIDT,MW
2030-10-11 08:00:00,XY,652.7,NR,EIDT,MW
2030-10-12 09:00:00,XY,634.4,NR,EIDT,MW
2030-10-13 10:00:00,XY,646.6,NR,EIDT,MW
2030-10-14 11:00:00,XY,652.7,NR,EIDT,MW
2030-10-15 12:00:00,XY,652.7,NR,EIDT,MW
2030-10-16 13:00:00,XY,652.7,NR,EIDT,MW
2030-10-17 14:00:00,XY,652.7,NR,EIDT,MW
2030-10-18 15:00:00,XY,652.7,NR,EIDT,MW
2030-10-19 16:00:00,XY,634.4,NR,EIDT,MW
2030-10-20 17:00:00,XY,646.6,NR,EIDT,MW
2030-10-21 18:00:00,XY,386.4,NR,EIDT,MW
2030-10-22 19:00:00,XY,398.6,NR,EIDT,MW
2030-10-23 20:00:00,XY,423.0,NR,EIDT,MW
2030-10-24 21:00:00,XY,652.7,NR,EIDT,MW
2030-10-25 22:00:00,XY,652.7,NR,EIDT,MW
2030-10-26 23:00:00,XY,634.4,NR,EIDT,MW
2030-10-28 00:00:00,XY,646.6,NR,EIDT,MW
2030-10-29 01:00:00,XY,646.6,NR,EIDT,MW
2030-10-30 02:00:00,XY,628.3,NR,EIDT,MW
2030-10-31 03:00:00,XY,616.1,NR,EIDT,MW
2030-11-01 04:00:00,XY,573.4,NR,EIDT,MW
2030-11-02 05:00:00,XY,530.7,NR,EIDT,MW
2030-11-03 06:00:00,XY,567.3,NR,EIDT,MW
2030-11-04 07:00:00,XY,646.6,NR,EIDT,MW
2030-11-05 08:00:00,XY,652.7,NR,EIDT,MW
2030-11-06 09:00:00,XY,652.7,NR,EIDT,MW
2030-11-07 10:00:00,XY,652.7,NR,EIDT,MW
2030-11-08 11:00:00,XY,652.7,NR,EIDT,MW
2030-11-09 12:00:00,XY,634.4,NR,EIDT,MW
2030-11-10 13:00:00,XY,646.6,NR,EIDT,MW
2030-11-11 14:00:00,XY,652.7,NR,EIDT,MW
2030-11-12 15:00:00,XY,652.7,NR,EIDT,MW
2030-11-13 16:00:00,XY,652.7,NR,EIDT,MW
2030-11-14 17:00:00,XY,652.7,NR,EIDT,MW
2030-11-15 18:00:00,XY,652.7,NR,EIDT,MW
2030-11-16 19:00:00,XY,634.4,NR,EIDT,MW
2030-11-17 20:00:00,XY,646.6,NR,EIDT,MW
2030-11-18 21:00:00,XY,386.4,NR,EIDT,MW
2030-11-19 22:00:00,XY,652.7,NR,EIDT,MW
2030-11-20 23:00:00,XY,652.7,NR,EIDT,MW
2030-11-22 00:00:00,XY,652.7,NR,EIDT,MW
2030-11-23 01:00:00,XY,634.4,NR,EIDT,MW
2030-11-24 02:00:00,XY,573.4,NR,EIDT,MW
2030-11-25 03:00:00,XY,555.1,NR,EIDT,MW
2030-11-26 04:00:00,XY,573.4,NR,EIDT,MW
2030-11-27 05:00:00,XY,610.0,NR,EIDT,MW
2030-11-28 06:00:00,XY,646.6,NR,EIDT,MW
2030-11-29 07:00:00,XY,652.7,NR,EIDT,MW
2030-11-30 08:00:00,XY,634.4,NR,EIDT,MW
2030-12-01 09:00:00,XY,652.7,NR,EIDT,MW
2030-12-02 10:00:00,XY,652.7,NR,EIDT,MW
2030-12-03 11:00:00,XY,652.7,NR,EIDT,MW
2030-12-04 12:00:00,XY,652.7,NR,EIDT,MW
2030-12-05 13:00:00,XY,652.7,NR,EIDT,MW
2030-12-06 14:00:00,XY,652.7,NR,EIDT,MW
2030-12-07 15:00:00,XY,640.5,NR,EIDT,MW
2030-12-08 16:00:00,XY,652.7,NR,EIDT,MW
2030-12-09 17:00:00,XY,652.7,NR,EIDT,MW
2030-12-10 18:00:00,XY,652.7,NR,EIDT,MW
2030-12-11 19:00:00,XY,652.7,NR,EIDT,MW
2030-12-12 20:00:00,XY,652.7,NR,EIDT,MW
2030-12-13 21:00:00,XY,652.7,NR,EIDT,MW
2030-12-14 22:00:00,XY,640.5,NR,EIDT,MW
2030-12-15 23:00:00,XY,652.7,NR,EIDT,MW
2030-12-17 00:00:00,XY,652.7,NR,EIDT,MW
2030-12-18 01:00:00,XY,652.7,NR,EIDT,MW
2030-12-19 02:00:00,XY,652.7,NR,EIDT,MW
2030-12-20 03:00:00,XY,597.8,NR,EIDT,MW
2030-12-21 04:00:00,XY,561.2,NR,EIDT,MW
2030-12-22 05:00:00,XY,549.0,NR,EIDT,MW
2030-12-23 06:00:00,XY,616.1,NR,EIDT,MW
2030-12-24 07:00:00,XY,652.7,NR,EIDT,MW
2030-12-25 08:00:00,XY,652.7,NR,EIDT,MW
2030-12-26 09:00:00,XY,652.7,NR,EIDT,MW
2030-12-27 10:00:00,XY,652.7,NR,EIDT,MW
2030-12-28 11:00:00,XY,640.5,NR,EIDT,MW
2030-12-29 12:00:00,XY,652.7,NR,EIDT,MW
2030-12-30 13:00:00,XY,652.7,NR,EIDT,MW
2030-12-31 14:00:00,XY,652.7,NR,EIDT,MW
2031-01-01 15:00:00,XY,652.7,NR,EIDT,MW
2030-01-01 00:00:00,XY,1423.7,NR,IND_BOILER,MW
2030-01-02 01:00:00,XY,1370.0,NR,IND_BOILER,MW
2030-01-03 02:00:00,XY,1298.4,NR,IND_BOILER,MW
2030-01-04 03:00:00,XY,1280.5,NR,IND_BOILER,MW
2030-01-05 04:00:00,XY,1239.0,NR,IND_BOILER,MW
2030-01-06 05:00:00,XY,1262.6,NR,IND_BOILER,MW
2030-01-07 06:00:00,XY,1387.9,NR,IND_BOILER,MW
2030-01-08 07:00:00,XY,1495.3,NR,IND_BOILER,MW
2030-01-09 08:00:00,XY,1566.9,NR,IND_BOILER,MW
2030-01-10 09:00:00,XY,1549.0,NR,IND_BOILER,MW
2030-01-11 10:00:00,XY,1235.3,NR,IND_BOILER,MW
2030-01-12 11:00:00,XY,1092.1,NR,IND_BOILER,MW
2030-01-13 12:00:00,XY,1127.9,NR,IND_BOILER,MW
2030-01-14 13:00:00,XY,1289.0,NR,IND_BOILER,MW
2030-01-15 14:00:00,XY,1584.8,NR,IND_BOILER,MW
2030-01-16 15:00:00,XY,1728.0,NR,IND_BOILER,MW
2030-01-17 16:00:00,XY,1620.6,NR,IND_BOILER,MW
2030-01-18 17:00:00,XY,1262.6,NR,IND_BOILER,MW
2030-01-19 18:00:00,XY,1298.4,NR,IND_BOILER,MW
2030-01-20 19:00:00,XY,1880.4,NR,IND_BOILER,MW
2030-01-21 20:00:00,XY,1674.3,NR,IND_BOILER,MW
2030-01-22 21:00:00,XY,1745.9,NR,IND_BOILER,MW
2030-01-23 22:00:00,XY,1728.0,NR,IND_BOILER,MW
2030-01-24 23:00:00,XY,1495.3,NR,IND_BOILER,MW
2030-01-26 00:00:00,XY,1227.2,NR,IND_BOILER,MW
2030-01-27 01:00:00,XY,1156.4,NR,IND_BOILER,MW
2030-01-28 02:00:00,XY,1168.2,NR,IND_BOILER,MW
2030-01-29 03:00:00,XY,1191.8,NR,IND_BOILER,MW
2030-01-30 04:00:00,XY,1239.0,NR,IND_BOILER,MW
2030-01-31 05:00:00,XY,1227.2,NR,IND_BOILER,MW
2030-02-01 06:00:00,XY,1215.4,NR,IND_BOILER,MW
2030-02-02 07:00:00,XY,1316.3,NR,IND_BOILER,MW
2030-02-03 08:00:00,XY,1566.9,NR,IND_BOILER,MW
2030-02-04 09:00:00,XY,1674.3,NR,IND_BOILER,MW
2030-02-05 10:00:00,XY,1749.8,NR,IND_BOILER,MW
2030-02-06 11:00:00,XY,1485.9,NR,IND_BOILER,MW
2030-02-07 12:00:00,XY,1378.5,NR,IND_BOILER,MW
2030-02-08 13:00:00,XY,1020.5,NR,IND_BOILER,MW
2030-02-09 14:00:00,XY,1056.3,NR,IND_BOILER,MW
2030-02-10 15:00:00,XY,1396.4,NR,IND_BOILER,MW
2030-02-11 16:00:00,XY,1432.2,NR,IND_BOILER,MW
2030-02-12 17:00:00,XY,1763.8,NR,IND_BOILER,MW
2030-02-13 18:00:00,XY,1745.9,NR,IND_BOILER,MW
2030-02-14 19:00:00,XY,1638.5,NR,IND_BOILER,MW
2030-02-15 20:00:00,XY,1280.5,NR,IND_BOILER,MW
2030-02-16 21:00:00,XY,1316.3,NR,IND_BOILER,MW
2030-02-17 22:00:00,XY,1656.4,NR,IND_BOILER,MW
2030-02-18 23:00:00,XY,1602.7,NR,IND_BOILER,MW
2030-02-20 00:00:00,XY,1441.6,NR,IND_BOILER,MW
2030-02-21 01:00:00,XY,1239.0,NR,IND_BOILER,MW
2030-02-22 02:00:00,XY,1132.8,NR,IND_BOILER,MW
2030-02-23 03:00:00,XY,1062.0,NR,IND_BOILER,MW
2030-02-24 04:00:00,XY,1097.4,NR,IND_BOILER,MW
2030-02-25 05:00:00,XY,1215.4,NR,IND_BOILER,MW
2030-02-26 06:00:00,XY,1387.9,NR,IND_BOILER,MW
2030-02-27 07:00:00,XY,1549.0,NR,IND_BOILER,MW
2030-02-28 08:00:00,XY,1566.9,NR,IND_BOILER,MW
2030-03-01 09:00:00,XY,1262.6,NR,IND_BOILER,MW
2030-03-02 10:00:00,XY,1038.4,NR,IND_BOILER,MW
2030-03-03 11:00:00,XY,1378.5,NR,IND_BOILER,MW
2030-03-04 12:00:00,XY,1396.4,NR,IND_BOILER,MW
2030-03-05 13:00:00,XY,1485.9,NR,IND_BOILER,MW
2030-03-06 14:00:00,XY,1450.1,NR,IND_BOILER,MW
2030-03-07 15:00:00,XY,1342.7,NR,IND_BOILER,MW
2030-03-08 16:00:00,XY,1136.7,NR,IND_BOILER,MW
2030-03-09 17:00:00,XY,1298.4,NR,IND_BOILER,MW
2030-03-10 18:00:00,XY,1620.6,NR,IND_BOILER,MW
2030-03-11 19:00:00,XY,1656.4,NR,IND_BOILER,MW
2030-03-12 20:00:00,XY,1728.0,NR,IND_BOILER,MW
2030-03-13 21:00:00,XY,1710.1,NR,IND_BOILER,MW
2030-03-14 22:00:00,XY,1602.7,NR,IND_BOILER,MW
2030-03-15 23:00:00,XY,1250.8,NR,IND_BOILER,MW
2030-03-17 00:00:00,XY,1227.2,NR,IND_BOILER,MW
2030-03-18 01:00:00,XY,1203.6,NR,IND_BOILER,MW
2030-03-19 02:00:00,XY,1191.8,NR,IND_BOILER,MW
2030-03-20 03:00:00,XY,1191.8,NR,IND_BOILER,MW
2030-03-21 04:00:00,XY,1156.4,NR,IND_BOILER,MW
2030-03-22 05:00:00,XY,1109.2,NR,IND_BOILER,MW
2030-03-23 06:00:00,XY,1203.6,NR,IND_BOILER,MW
2030-03-24 07:00:00,XY,1405.8,NR,IND_BOILER,MW
2030-03-25 08:00:00,XY,1549.0,NR,IND_BOILER,MW
2030-03-26 09:00:00,XY,1692.2,NR,IND_BOILER,MW
2030-03-27 10:00:00,XY,1692.2,NR,IND_BOILER,MW
2030-03-28 11:00:00,XY,1324.8,NR,IND_BOILER,MW
2030-03-29 12:00:00,XY,990.8,NR,IND_BOILER,MW
2030-03-30 13:00:00,XY,1020.5,NR,IND_BOILER,MW
2030-03-31 14:00:00,XY,1342.7,NR,IND_BOILER,MW
2030-04-01 15:00:00,XY,1638.5,NR,IND_BOILER,MW
2030-04-02 16:00:00,XY,1710.1,NR,IND_BOILER,MW
2030-04-03 17:00:00,XY,1915.8,NR,IND_BOILER,MW
2030-04-04 18:00:00,XY,1845.0,NR,IND_BOILER,MW
2030-04-05 19:00:00,XY,1239.0,NR,IND_BOILER,MW
2030-04-06 20:00:00,XY,1262.6,NR,IND_BOILER,MW
2030-04-07 21:00:00,XY,1856.8,NR,IND_BOILER,MW
2030-04-08 22:00:00,XY,1620.6,NR,IND_BOILER,MW
2030-04-09 23:00:00,XY,1602.7,NR,IND_BOILER,MW
2030-04-11 00:00:00,XY,1316.3,NR,IND_BOILER,MW
2030-04-12 01:00:00,XY,1156.4,NR,IND_BOILER,MW
2030-04-13 02:00:00,XY,1062.0,NR,IND_BOILER,MW
2030-04-14 03:00:00,XY,1050.2,NR,IND_BOILER,MW
2030-04-15 04:00:00,XY,1132.8,NR,IND_BOILER,MW
2030-04-16 05:00:00,XY,1239.0,NR,IND_BOILER,MW
2030-04-17 06:00:00,XY,1370.0,NR,IND_BOILER,MW
2030-04-18 07:00:00,XY,1405.8,NR,IND_BOILER,MW
2030-04-19 08:00:00,XY,1239.0,NR,IND_BOILER,MW
2030-04-20 09:00:00,XY,1262.6,NR,IND_BOILER,MW
2030-04-21 10:00:00,XY,1584.8,NR,IND_BOILER,MW
2030-04-22 11:00:00,XY,1620.6,NR,IND_BOILER,MW
2030-04-23 12:00:00,XY,1692.2,NR,IND_BOILER,MW
2030-04-24 13:00:00,XY,1497.4,NR,IND_BOILER,MW
2030-04-25 14:00:00,XY,1566.9,NR,IND_BOILER,MW
2030-04-26 15:00:00,XY,1239.0,NR,IND_BOILER,MW
2030-04-27 16:00:00,XY,1262.6,NR,IND_BOILER,MW
2030-04-28 17:00:00,XY,1657.5,NR,IND_BOILER,MW
2030-04-29 18:00:00,XY,1868.6,NR,IND_BOILER,MW
2030-04-30 19:00:00,XY,1915.8,NR,IND_BOILER,MW
2030-05-01 20:00:00,XY,1892.2,NR,IND_BOILER,MW
2030-05-02 21:00:00,XY,1833.2,NR,IND_BOILER,MW
2030-05-03 22:00:00,XY,1597.2,NR,IND_BOILER,MW
2030-05-04 23:00:00,XY,1262.6,NR,IND_BOILER,MW
2030-05-06 00:00:00,XY,1262.6,NR,IND_BOILER,MW
2030-05-07 01:00:00,XY,1227.2,NR,IND_BOILER,MW
2030-05-08 02:00:00,XY,1203.6,NR,IND_BOILER,MW
2030-05-09 03:00:00,XY,1121.0,NR,IND_BOILER,MW
2030-05-10 04:00:00,XY,1038.4,NR,IND_BOILER,MW
2030-05-11 05:00:00,XY,1109.2,NR,IND_BOILER,MW
2030-05-12 06:00:00,XY,1250.8,NR,IND_BOILER,MW
2030-05-13 07:00:00,XY,1715.2,NR,IND_BOILER,MW
2030-05-14 08:00:00,XY,1584.8,NR,IND_BOILER,MW
2030-05-15 09:00:00,XY,1656.4,NR,IND_BOILER,MW
2030-05-16 10:00:00,XY,1549.0,NR,IND_BOILER,MW
2030-05-17 11:00:00,XY,1227.2,NR,IND_BOILER,MW
2030-05-18 12:00:00,XY,1250.8,NR,IND_BOILER,MW
2030-05-19 13:00:00,XY,1566.9,NR,IND_BOILER,MW
2030-05-20 14:00:00,XY,1602.7,NR,IND_BOILER,MW
2030-05-21 15:00:00,XY,1904.0,NR,IND_BOILER,MW
2030-05-22 16:00:00,XY,1892.2,NR,IND_BOILER,MW
2030-05-23 17:00:00,XY,1821.4,NR,IND_BOILER,MW
2030-05-24 18:00:00,XY,1597.2,NR,IND_BOILER,MW
2030-05-25 19:00:00,XY,1620.8,NR,IND_BOILER,MW
2030-05-26 20:00:00,XY,1833.2,NR,IND_BOILER,MW
2030-05-27 21:00:00,XY,1856.8,NR,IND_BOILER,MW
2030-05-28 22:00:00,XY,1904.0,NR,IND_BOILER,MW
2030-05-29 23:00:00,XY,1797.8,NR,IND_BOILER,MW
2030-05-31 00:00:00,XY,1227.2,NR,IND_BOILER,MW
2030-06-01 01:00:00,XY,1097.4,NR,IND_BOILER,MW
2030-06-02 02:00:00,XY,1062.0,NR,IND_BOILER,MW
2030-06-03 03:00:00,XY,1097.4,NR,IND_BOILER,MW
2030-06-04 04:00:00,XY,1168.2,NR,IND_BOILER,MW
2030-06-05 05:00:00,XY,1239.0,NR,IND_BOILER,MW
2030-06-06 06:00:00,XY,1250.8,NR,IND_BOILER,MW
2030-06-07 07:00:00,XY,1531.1,NR,IND_BOILER,MW
2030-06-08 08:00:00,XY,1215.4,NR,IND_BOILER,MW
2030-06-09 09:00:00,XY,1239.0,NR,IND_BOILER,MW
2030-06-10 10:00:00,XY,1549.0,NR,IND_BOILER,MW
2030-06-11 11:00:00,XY,1584.8,NR,IND_BOILER,MW
2030-06-12 12:00:00,XY,1656.4,NR,IND_BOILER,MW
2030-06-13 13:00:00,XY,1638.5,NR,IND_BOILER,MW
2030-06-14 14:00:00,XY,1519.1,NR,IND_BOILER,MW
2030-06-15 15:00:00,XY,1133.6,NR,IND_BOILER,MW
2030-06-16 16:00:00,XY,1239.0,NR,IND_BOILER,MW
2030-06-17 17:00:00,XY,1549.0,NR,IND_BOILER,MW
2030-06-18 18:00:00,XY,1584.8,NR,IND_BOILER,MW
2030-06-19 19:00:00,XY,1892.2,NR,IND_BOILER,MW
2030-06-20 20:00:00,XY,1880.4,NR,IND_BOILER,MW
2030-06-21 21:00:00,XY,1821.4,NR,IND_BOILER,MW
2030-06-22 22:00:00,XY,1585.4,NR,IND_BOILER,MW
2030-06-23 23:00:00,XY,1609.0,NR,IND_BOILER,MW
2030-06-25 00:00:00,XY,1762.4,NR,IND_BOILER,MW
2030-06-26 01:00:00,XY,1298.4,NR,IND_BOILER,MW
2030-06-27 02:00:00,XY,1480.7,NR,IND_BOILER,MW
2030-06-28 03:00:00,XY,1502.8,NR,IND_BOILER,MW
2030-06-29 04:00:00,XY,1062.0,NR,IND_BOILER,MW
2030-06-30 05:00:00,XY,1038.4,NR,IND_BOILER,MW
2030-07-01 06:00:00,XY,1168.2,NR,IND_BOILER,MW
2030-07-02 07:00:00,XY,1250.8,NR,IND_BOILER,MW
2030-07-03 08:00:00,XY,1441.6,NR,IND_BOILER,MW
2030-07-04 09:00:00,XY,1584.8,NR,IND_BOILER,MW
2030-07-05 10:00:00,XY,1531.1,NR,IND_BOILER,MW
2030-07-06 11:00:00,XY,1215.4,NR,IND_BOILER,MW
2030-07-07 12:00:00,XY,1239.0,NR,IND_BOILER,MW
2030-07-08 13:00:00,XY,1472.9,NR,IND_BOILER,MW
2030-07-09 14:00:00,XY,1584.8,NR,IND_BOILER,MW
2030-07-10 15:00:00,XY,1656.4,NR,IND_BOILER,MW
2030-07-11 16:00:00,XY,1638.5,NR,IND_BOILER,MW
2030-07-12 17:00:00,XY,1531.1,NR,IND_BOILER,MW
2030-07-13 18:00:00,XY,1215.4,NR,IND_BOILER,MW
2030-07-14 19:00:00,XY,1239.0,NR,IND_BOILER,MW
2030-07-15 20:00:00,XY,1821.4,NR,IND_BOILER,MW
2030-07-16 21:00:00,XY,1584.8,NR,IND_BOILER,MW
2030-07-17 22:00:00,XY,1892.2,NR,IND_BOILER,MW
2030-07-18 23:00:00,XY,1880.4,NR,IND_BOILER,MW
2030-07-20 00:00:00,XY,1405.8,NR,IND_BOILER,MW
2030-07-21 01:00:00,XY,1180.0,NR,IND_BOILER,MW
2030-07-22 02:00:00,XY,1109.2,NR,IND_BOILER,MW
2030-07-23 03:00:00,XY,1121.0,NR,IND_BOILER,MW
2030-07-24 04:00:00,XY,1144.6,NR,IND_BOILER,MW
2030-07-25 05:00:00,XY,1180.0,NR,IND_BOILER,MW
2030-07-26 06:00:00,XY,1180.0,NR,IND_BOILER,MW
2030-07-27 07:00:00,XY,1156.4,NR,IND_BOILER,MW
2030-07-28 08:00:00,XY,1239.0,NR,IND_BOILER,MW
2030-07-29 09:00:00,XY,1477.4,NR,IND_BOILER,MW
2030-07-30 10:00:00,XY,1566.9,NR,IND_BOILER,MW
2030-07-31 11:00:00,XY,1656.4,NR,IND_BOILER,MW
2030-08-01 12:00:00,XY,1378.5,NR,IND_BOILER,MW
2030-08-02 13:00:00,XY,1271.1,NR,IND_BOILER,MW
2030-08-03 14:00:00,XY,955.4,NR,IND_BOILER,MW
2030-08-04 15:00:00,XY,1239.0,NR,IND_BOILER,MW
2030-08-05 16:00:00,XY,1549.0,NR,IND_BOILER,MW
2030-08-06 17:00:00,XY,1584.8,NR,IND_BOILER,MW
2030-08-07 18:00:00,XY,1656.4,NR,IND_BOILER,MW
2030-08-08 19:00:00,XY,1638.5,NR,IND_BOILER,MW
2030-08-09 20:00:00,XY,1809.6,NR,IND_BOILER,MW
2030-08-10 21:00:00,XY,1215.4,NR,IND_BOILER,MW
2030-08-11 22:00:00,XY,1239.0,NR,IND_BOILER,MW
2030-08-12 23:00:00,XY,1549.0,NR,IND_BOILER,MW
2030-08-14 00:00:00,XY,1797.8,NR,IND_BOILER,MW
2030-08-15 01:00:00,XY,1352.1,NR,IND_BOILER,MW
2030-08-16 02:00:00,XY,1191.8,NR,IND_BOILER,MW
2030-08-17 03:00:00,XY,1085.6,NR,IND_BOILER,MW
2030-08-18 04:00:00,XY,1014.8,NR,IND_BOILER,MW
2030-08-19 05:00:00,XY,1050.2,NR,IND_BOILER,MW
2030-08-20 06:00:00,XY,1168.2,NR,IND_BOILER,MW
2030-08-21 07:00:00,XY,1316.3,NR,IND_BOILER,MW
2030-08-22 08:00:00,XY,1459.5,NR,IND_BOILER,MW
2030-08-23 09:00:00,XY,1477.4,NR,IND_BOILER,MW
2030-08-24 10:00:00,XY,1215.4,NR,IND_BOILER,MW
2030-08-25 11:00:00,XY,1018.2,NR,IND_BOILER,MW
2030-08-26 12:00:00,XY,1549.0,NR,IND_BOILER,MW
2030-08-27 13:00:00,XY,1365.5,NR,IND_BOILER,MW
2030-08-28 14:00:00,XY,1656.4,NR,IND_BOILER,MW
2030-08-29 15:00:00,XY,1638.5,NR,IND_BOILER,MW
2030-08-30 16:00:00,XY,1531.1,NR,IND_BOILER,MW
2030-08-31 17:00:00,XY,1215.4,NR,IND_BOILER,MW
2030-09-01 18:00:00,XY,1239.0,NR,IND_BOILER,MW
2030-09-02 19:00:00,XY,1821.4,NR,IND_BOILER,MW
2030-09-03 20:00:00,XY,1584.8,NR,IND_BOILER,MW
2030-09-04 21:00:00,XY,1892.2,NR,IND_BOILER,MW
2030-09-05 22:00:00,XY,1868.6,NR,IND_BOILER,MW
2030-09-06 23:00:00,XY,1531.1,NR,IND_BOILER,MW
2030-09-08 00:00:00,XY,1215.4,NR,IND_BOILER,MW
2030-09-09 01:00:00,XY,1191.8,NR,IND_BOILER,MW
2030-09-10 02:00:00,XY,1168.2,NR,IND_BOILER,MW
2030-09-11 03:00:00,XY,1156.4,NR,IND_BOILER,MW
2030-09-12 04:00:00,XY,1156.4,NR,IND_BOILER,MW
2030-09-13 05:00:00,XY,1121.0,NR,IND_BOILER,MW
2030-09-14 06:00:00,XY,1073.8,NR,IND_BOILER,MW
2030-09-15 07:00:00,XY,1168.2,NR,IND_BOILER,MW
2030-09-16 08:00:00,XY,1352.1,NR,IND_BOILER,MW
2030-09-17 09:00:00,XY,1477.4,NR,IND_BOILER,MW
2030-09-18 10:00:00,XY,1638.5,NR,IND_BOILER,MW
2030-09-19 11:00:00,XY,1620.6,NR,IND_BOILER,MW
2030-09-20 12:00:00,XY,1531.1,NR,IND_BOILER,MW
2030-09-21 13:00:00,XY,1215.4,NR,IND_BOILER,MW
2030-09-22 14:00:00,XY,1239.0,NR,IND_BOILER,MW
2030-09-23 15:00:00,XY,1549.0,NR,IND_BOILER,MW
2030-09-24 16:00:00,XY,1584.8,NR,IND_BOILER,MW
2030-09-25 17:00:00,XY,1656.4,NR,IND_BOILER,MW
2030-09-26 18:00:00,XY,1880.4,NR,IND_BOILER,MW
2030-09-27 19:00:00,XY,1809.6,NR,IND_BOILER,MW
2030-09-28 20:00:00,XY,1585.4,NR,IND_BOILER,MW
2030-09-29 21:00:00,XY,1239.0,NR,IND_BOILER,MW
2030-09-30 22:00:00,XY,1821.4,NR,IND_BOILER,MW
2030-10-01 23:00:00,XY,1845.0,NR,IND_BOILER,MW
2030-10-03 00:00:00,XY,1566.9,NR,IND_BOILER,MW
2030-10-04 01:00:00,XY,1280.5,NR,IND_BOILER,MW
2030-10-05 02:00:00,XY,1144.6,NR,IND_BOILER,MW
2030-10-06 03:00:00,XY,1038.4,NR,IND_BOILER,MW
2030-10-07 04:00:00,XY,1038.4,NR,IND_BOILER,MW
2030-10-08 05:00:00,XY,1121.0,NR,IND_BOILER,MW
2030-10-09 06:00:00,XY,1227.2,NR,IND_BOILER,MW
2030-10-10 07:00:00,XY,1352.1,NR,IND_BOILER,MW
2030-10-11 08:00:00,XY,1387.9,NR,IND_BOILER,MW
2030-10-12 09:00:00,XY,1227.2,NR,IND_BOILER,MW
2030-10-13 10:00:00,XY,1250.8,NR,IND_BOILER,MW
2030-10-14 11:00:00,XY,1566.9,NR,IND_BOILER,MW
2030-10-15 12:00:00,XY,1602.7,NR,IND_BOILER,MW
2030-10-16 13:00:00,XY,1674.3,NR,IND_BOILER,MW
2030-10-17 14:00:00,XY,1656.4,NR,IND_BOILER,MW
2030-10-18 15:00:00,XY,1549.0,NR,IND_BOILER,MW
2030-10-19 16:00:00,XY,1227.2,NR,IND_BOILER,MW
2030-10-20 17:00:00,XY,1250.8,NR,IND_BOILER,MW
2030-10-21 18:00:00,XY,1833.2,NR,IND_BOILER,MW
2030-10-22 19:00:00,XY,1856.8,NR,IND_BOILER,MW
2030-10-23 20:00:00,XY,1904.0,NR,IND_BOILER,MW
2030-10-24 21:00:00,XY,1638.5,NR,IND_BOILER,MW
2030-10-25 22:00:00,XY,1549.0,NR,IND_BOILER,MW
2030-10-26 23:00:00,XY,1227.2,NR,IND_BOILER,MW
2030-10-28 00:00:00,XY,1250.8,NR,IND_BOILER,MW
2030-10-29 01:00:00,XY,1250.8,NR,IND_BOILER,MW
2030-10-30 02:00:00,XY,1215.4,NR,IND_BOILER,MW
2030-10-31 03:00:00,XY,1191.8,NR,IND_BOILER,MW
2030-11-01 04:00:00,XY,1109.2,NR,IND_BOILER,MW
2030-11-02 05:00:00,XY,1026.6,NR,IND_BOILER,MW
2030-11-03 06:00:00,XY,1097.4,NR,IND_BOILER,MW
2030-11-04 07:00:00,XY,1250.8,NR,IND_BOILER,MW
2030-11-05 08:00:00,XY,1387.9,NR,IND_BOILER,MW
2030-11-06 09:00:00,XY,1566.9,NR,IND_BOILER,MW
2030-11-07 10:00:00,XY,1638.5,NR,IND_BOILER,MW
2030-11-08 11:00:00,XY,1485.9,NR,IND_BOILER,MW
2030-11-09 12:00:00,XY,967.2,NR,IND_BOILER,MW
2030-11-10 13:00:00,XY,990.8,NR,IND_BOILER,MW
2030-11-11 14:00:00,XY,1306.9,NR,IND_BOILER,MW
2030-11-12 15:00:00,XY,1602.7,NR,IND_BOILER,MW
2030-11-13 16:00:00,XY,1674.3,NR,IND_BOILER,MW
2030-11-14 17:00:00,XY,1656.4,NR,IND_BOILER,MW
2030-11-15 18:00:00,XY,1549.0,NR,IND_BOILER,MW
2030-11-16 19:00:00,XY,1227.2,NR,IND_BOILER,MW
2030-11-17 20:00:00,XY,1250.8,NR,IND_BOILER,MW
2030-11-18 21:00:00,XY,1833.2,NR,IND_BOILER,MW
2030-11-19 22:00:00,XY,1602.7,NR,IND_BOILER,MW
2030-11-20 23:00:00,XY,1674.3,NR,IND_BOILER,MW
2030-11-22 00:00:00,XY,1513.2,NR,IND_BOILER,MW
2030-11-23 01:00:00,XY,1227.2,NR,IND_BOILER,MW
2030-11-24 02:00:00,XY,1109.2,NR,IND_BOILER,MW
2030-11-25 03:00:00,XY,1073.8,NR,IND_BOILER,MW
2030-11-26 04:00:00,XY,1109.2,NR,IND_BOILER,MW
2030-11-27 05:00:00,XY,1180.0,NR,IND_BOILER,MW
2030-11-28 06:00:00,XY,1250.8,NR,IND_BOILER,MW
2030-11-29 07:00:00,XY,1280.5,NR,IND_BOILER,MW
2030-11-30 08:00:00,XY,1227.2,NR,IND_BOILER,MW
2030-12-01 09:00:00,XY,1262.6,NR,IND_BOILER,MW
2030-12-02 10:00:00,XY,1566.9,NR,IND_BOILER,MW
2030-12-03 11:00:00,XY,1620.6,NR,IND_BOILER,MW
2030-12-04 12:00:00,XY,1593.1,NR,IND_BOILER,MW
2030-12-05 13:00:00,XY,1414.3,NR,IND_BOILER,MW
2030-12-06 14:00:00,XY,1306.9,NR,IND_BOILER,MW
2030-12-07 15:00:00,XY,979.0,NR,IND_BOILER,MW
2030-12-08 16:00:00,XY,1262.6,NR,IND_BOILER,MW
2030-12-09 17:00:00,XY,1584.8,NR,IND_BOILER,MW
2030-12-10 18:00:00,XY,1620.6,NR,IND_BOILER,MW
2030-12-11 19:00:00,XY,1692.2,NR,IND_BOILER,MW
2030-12-12 20:00:00,XY,1674.3,NR,IND_BOILER,MW
2030-12-13 21:00:00,XY,1566.9,NR,IND_BOILER,MW
2030-12-14 22:00:00,XY,1239.0,NR,IND_BOILER,MW
2030-12-15 23:00:00,XY,1262.6,NR,IND_BOILER,MW
2030-12-17 00:00:00,XY,1495.3,NR,IND_BOILER,MW
2030-12-18 01:00:00,XY,1334.2,NR,IND_BOILER,MW
2030-12-19 02:00:00,XY,1262.6,NR,IND_BOILER,MW
2030-12-20 03:00:00,XY,1156.4,NR,IND_BOILER,MW
2030-12-21 04:00:00,XY,1085.6,NR,IND_BOILER,MW
2030-12-22 05:00:00,XY,1062.0,NR,IND_BOILER,MW
2030-12-23 06:00:00,XY,1191.8,NR,IND_BOILER,MW
2030-12-24 07:00:00,XY,1280.5,NR,IND_BOILER,MW
2030-12-25 08:00:00,XY,1477.4,NR,IND_BOILER,MW
2030-12-26 09:00:00,XY,1620.6,NR,IND_BOILER,MW
2030-12-27 10:00:00,XY,1566.9,NR,IND_BOILER,MW
2030-12-28 11:00:00,XY,1239.0,NR,IND_BOILER,MW
2030-12-29 12:00:00,XY,1002.6,NR,IND_BOILER,MW
2030-12-30 13:00:00,XY,1342.7,NR,IND_BOILER,MW
2030-12-31 14:00:00,XY,1378.5,NR,IND_BOILER,MW
2031-01-01 15:00:00,XY,1710.1,NR,IND_BOILER,MW
2030-01-01 00:00:00,XY,3376.8,SO,IND_BOILER,MW
2030-01-02 01:00:00,XY,3277.8,SO,IND_BOILER,MW
2030-01-03 02:00:00,XY,3145.8,SO,IND_BOILER,MW
2030-01-04 03:00:00,XY,3112.8,SO,IND_BOILER,MW
2030-01-05 04:00:00,XY,3013.8,SO,IND_BOILER,MW
2030-01-06 05:00:00,XY,3079.8,SO,IND_BOILER,MW
2030-01-07 06:00:00,XY,3310.8,SO,IND_BOILER,MW
2030-01-08 07:00:00,XY,3508.8,SO,IND_BOILER,MW
2030-01-09 08:00:00,XY,3640.8,SO,IND_BOILER,MW
2030-01-10 09:00:00,XY,3607.8,SO,IND_BOILER,MW
2030-01-11 10:00:00,XY,3188.8,SO,IND_BOILER,MW
2030-01-12 11:00:00,XY,3220.8,SO,IND_BOILER,MW
2030-01-13 12:00:00,XY,2990.8,SO,IND_BOILER,MW
2030-01-14 13:00:00,XY,3560.8,SO,IND_BOILER,MW
2030-01-15 14:00:00,XY,3673.8,SO,IND_BOILER,MW
2030-01-16 15:00:00,XY,3937.8,SO,IND_BOILER,MW
2030-01-17 16:00:00,XY,3739.8,SO,IND_BOILER,MW
2030-01-18 17:00:00,XY,3079.8,SO,IND_BOILER,MW
2030-01-19 18:00:00,XY,3185.8,SO,IND_BOILER,MW
2030-01-20 19:00:00,XY,4224.0,SO,IND_BOILER,MW
2030-01-21 20:00:00,XY,4016.0,SO,IND_BOILER,MW
2030-01-22 21:00:00,XY,4128.8,SO,IND_BOILER,MW
2030-01-23 22:00:00,XY,3937.8,SO,IND_BOILER,MW
2030-01-24 23:00:00,XY,3508.8,SO,IND_BOILER,MW
2030-01-26 00:00:00,XY,2980.8,SO,IND_BOILER,MW
2030-01-27 01:00:00,XY,2782.8,SO,IND_BOILER,MW
2030-01-28 02:00:00,XY,2815.8,SO,IND_BOILER,MW
2030-01-29 03:00:00,XY,2881.8,SO,IND_BOILER,MW
2030-01-30 04:00:00,XY,3013.8,SO,IND_BOILER,MW
2030-01-31 05:00:00,XY,2980.8,SO,IND_BOILER,MW
2030-02-01 06:00:00,XY,2947.8,SO,IND_BOILER,MW
2030-02-02 07:00:00,XY,3178.8,SO,IND_BOILER,MW
2030-02-03 08:00:00,XY,3640.8,SO,IND_BOILER,MW
2030-02-04 09:00:00,XY,3838.8,SO,IND_BOILER,MW
2030-02-05 10:00:00,XY,4003.8,SO,IND_BOILER,MW
2030-02-06 11:00:00,XY,3650.8,SO,IND_BOILER,MW
2030-02-07 12:00:00,XY,3452.8,SO,IND_BOILER,MW
2030-02-08 13:00:00,XY,2792.8,SO,IND_BOILER,MW
2030-02-09 14:00:00,XY,2858.8,SO,IND_BOILER,MW
2030-02-10 15:00:00,XY,3485.8,SO,IND_BOILER,MW
2030-02-11 16:00:00,XY,3871.8,SO,IND_BOILER,MW
2030-02-12 17:00:00,XY,4003.8,SO,IND_BOILER,MW
2030-02-13 18:00:00,XY,4128.8,SO,IND_BOILER,MW
2030-02-14 19:00:00,XY,3772.8,SO,IND_BOILER,MW
2030-02-15 20:00:00,XY,3112.8,SO,IND_BOILER,MW
2030-02-16 21:00:00,XY,3178.8,SO,IND_BOILER,MW
2030-02-17 22:00:00,XY,3805.8,SO,IND_BOILER,MW
2030-02-18 23:00:00,XY,3706.8,SO,IND_BOILER,MW
2030-02-20 00:00:00,XY,3409.8,SO,IND_BOILER,MW
2030-02-21 01:00:00,XY,3013.8,SO,IND_BOILER,MW
2030-02-22 02:00:00,XY,2716.8,SO,IND_BOILER,MW
2030-02-23 03:00:00,XY,2538.0,SO,IND_BOILER,MW
2030-02-24 04:00:00,XY,2622.6,SO,IND_BOILER,MW
2030-02-25 05:00:00,XY,2947.8,SO,IND_BOILER,MW
2030-02-26 06:00:00,XY,3310.8,SO,IND_BOILER,MW
2030-02-27 07:00:00,XY,3607.8,SO,IND_BOILER,MW
2030-02-28 08:00:00,XY,3640.8,SO,IND_BOILER,MW
2030-03-01 09:00:00,XY,3079.8,SO,IND_BOILER,MW
2030-03-02 10:00:00,XY,3145.8,SO,IND_BOILER,MW
2030-03-03 11:00:00,XY,3772.8,SO,IND_BOILER,MW
2030-03-04 12:00:00,XY,3485.8,SO,IND_BOILER,MW
2030-03-05 13:00:00,XY,3650.8,SO,IND_BOILER,MW
2030-03-06 14:00:00,XY,3584.8,SO,IND_BOILER,MW
2030-03-07 15:00:00,XY,3706.8,SO,IND_BOILER,MW
2030-03-08 16:00:00,XY,3079.8,SO,IND_BOILER,MW
2030-03-09 17:00:00,XY,3145.8,SO,IND_BOILER,MW
2030-03-10 18:00:00,XY,3931.4,SO,IND_BOILER,MW
2030-03-11 19:00:00,XY,3987.8,SO,IND_BOILER,MW
2030-03-12 20:00:00,XY,4100.6,SO,IND_BOILER,MW
2030-03-13 21:00:00,XY,4072.4,SO,IND_BOILER,MW
2030-03-14 22:00:00,XY,3903.2,SO,IND_BOILER,MW
2030-03-15 23:00:00,XY,3046.8,SO,IND_BOILER,MW
2030-03-17 00:00:00,XY,2980.8,SO,IND_BOILER,MW
2030-03-18 01:00:00,XY,2914.8,SO,IND_BOILER,MW
2030-03-19 02:00:00,XY,2881.8,SO,IND_BOILER,MW
2030-03-20 03:00:00,XY,2881.8,SO,IND_BOILER,MW
2030-03-21 04:00:00,XY,2782.8,SO,IND_BOILER,MW
2030-03-22 05:00:00,XY,2650.8,SO,IND_BOILER,MW
2030-03-23 06:00:00,XY,2914.8,SO,IND_BOILER,MW
2030-03-24 07:00:00,XY,3343.8,SO,IND_BOILER,MW
2030-03-25 08:00:00,XY,3607.8,SO,IND_BOILER,MW
2030-03-26 09:00:00,XY,3871.8,SO,IND_BOILER,MW
2030-03-27 10:00:00,XY,3871.8,SO,IND_BOILER,MW
2030-03-28 11:00:00,XY,3673.8,SO,IND_BOILER,MW
2030-03-29 12:00:00,XY,2726.8,SO,IND_BOILER,MW
2030-03-30 13:00:00,XY,2792.8,SO,IND_BOILER,MW
2030-03-31 14:00:00,XY,3604.8,SO,IND_BOILER,MW
2030-04-01 15:00:00,XY,3772.8,SO,IND_BOILER,MW
2030-04-02 16:00:00,XY,4072.4,SO,IND_BOILER,MW
2030-04-03 17:00:00,XY,4323.0,SO,IND_BOILER,MW
2030-04-04 18:00:00,XY,4125.0,SO,IND_BOILER,MW
2030-04-05 19:00:00,XY,3311.0,SO,IND_BOILER,MW
2030-04-06 20:00:00,XY,3367.4,SO,IND_BOILER,MW
2030-04-07 21:00:00,XY,4158.0,SO,IND_BOILER,MW
2030-04-08 22:00:00,XY,3931.4,SO,IND_BOILER,MW
2030-04-09 23:00:00,XY,3903.2,SO,IND_BOILER,MW
2030-04-11 00:00:00,XY,3452.0,SO,IND_BOILER,MW
2030-04-12 01:00:00,XY,3113.6,SO,IND_BOILER,MW
2030-04-13 02:00:00,XY,2888.0,SO,IND_BOILER,MW
2030-04-14 03:00:00,XY,2744.5,SO,IND_BOILER,MW
2030-04-15 04:00:00,XY,2756.8,SO,IND_BOILER,MW
2030-04-16 05:00:00,XY,3053.8,SO,IND_BOILER,MW
2030-04-17 06:00:00,XY,3536.6,SO,IND_BOILER,MW
2030-04-18 07:00:00,XY,3383.8,SO,IND_BOILER,MW
2030-04-19 08:00:00,XY,3013.8,SO,IND_BOILER,MW
2030-04-20 09:00:00,XY,3079.8,SO,IND_BOILER,MW
2030-04-21 10:00:00,XY,3673.8,SO,IND_BOILER,MW
2030-04-22 11:00:00,XY,3739.8,SO,IND_BOILER,MW
2030-04-23 12:00:00,XY,3871.8,SO,IND_BOILER,MW
2030-04-24 13:00:00,XY,3838.8,SO,IND_BOILER,MW
2030-04-25 14:00:00,XY,3640.8,SO,IND_BOILER,MW
2030-04-26 15:00:00,XY,3013.8,SO,IND_BOILER,MW
2030-04-27 16:00:00,XY,3079.8,SO,IND_BOILER,MW
2030-04-28 17:00:00,XY,4125.0,SO,IND_BOILER,MW
2030-04-29 18:00:00,XY,4191.0,SO,IND_BOILER,MW
2030-04-30 19:00:00,XY,4323.0,SO,IND_BOILER,MW
2030-05-01 20:00:00,XY,4257.0,SO,IND_BOILER,MW
2030-05-02 21:00:00,XY,4092.0,SO,IND_BOILER,MW
2030-05-03 22:00:00,XY,3432.0,SO,IND_BOILER,MW
2030-05-04 23:00:00,XY,3367.4,SO,IND_BOILER,MW
2030-05-06 00:00:00,XY,3367.4,SO,IND_BOILER,MW
2030-05-07 01:00:00,XY,3282.8,SO,IND_BOILER,MW
2030-05-08 02:00:00,XY,3226.4,SO,IND_BOILER,MW
2030-05-09 03:00:00,XY,3029.0,SO,IND_BOILER,MW
2030-05-10 04:00:00,XY,2831.6,SO,IND_BOILER,MW
2030-05-11 05:00:00,XY,3000.8,SO,IND_BOILER,MW
2030-05-12 06:00:00,XY,3339.2,SO,IND_BOILER,MW
2030-05-13 07:00:00,XY,3762.0,SO,IND_BOILER,MW
2030-05-14 08:00:00,XY,3875.0,SO,IND_BOILER,MW
2030-05-15 09:00:00,XY,3805.8,SO,IND_BOILER,MW
2030-05-16 10:00:00,XY,3607.8,SO,IND_BOILER,MW
2030-05-17 11:00:00,XY,2980.8,SO,IND_BOILER,MW
2030-05-18 12:00:00,XY,3046.8,SO,IND_BOILER,MW
2030-05-19 13:00:00,XY,3640.8,SO,IND_BOILER,MW
2030-05-20 14:00:00,XY,3706.8,SO,IND_BOILER,MW
2030-05-21 15:00:00,XY,4290.0,SO,IND_BOILER,MW
2030-05-22 16:00:00,XY,4257.0,SO,IND_BOILER,MW
2030-05-23 17:00:00,XY,4059.0,SO,IND_BOILER,MW
2030-05-24 18:00:00,XY,3432.0,SO,IND_BOILER,MW
2030-05-25 19:00:00,XY,3498.0,SO,IND_BOILER,MW
2030-05-26 20:00:00,XY,4092.0,SO,IND_BOILER,MW
2030-05-27 21:00:00,XY,4158.0,SO,IND_BOILER,MW
2030-05-28 22:00:00,XY,4290.0,SO,IND_BOILER,MW
2030-05-29 23:00:00,XY,3993.0,SO,IND_BOILER,MW
2030-05-31 00:00:00,XY,3282.8,SO,IND_BOILER,MW
2030-06-01 01:00:00,XY,2972.6,SO,IND_BOILER,MW
2030-06-02 02:00:00,XY,2888.0,SO,IND_BOILER,MW
2030-06-03 03:00:00,XY,2657.8,SO,IND_BOILER,MW
2030-06-04 04:00:00,XY,3141.8,SO,IND_BOILER,MW
2030-06-05 05:00:00,XY,3311.0,SO,IND_BOILER,MW
2030-06-06 06:00:00,XY,3339.2,SO,IND_BOILER,MW
2030-06-07 07:00:00,XY,3574.8,SO,IND_BOILER,MW
2030-06-08 08:00:00,XY,2947.8,SO,IND_BOILER,MW
2030-06-09 09:00:00,XY,3013.8,SO,IND_BOILER,MW
2030-06-10 10:00:00,XY,3818.6,SO,IND_BOILER,MW
2030-06-11 11:00:00,XY,3673.8,SO,IND_BOILER,MW
2030-06-12 12:00:00,XY,3805.8,SO,IND_BOILER,MW
2030-06-13 13:00:00,XY,3772.8,SO,IND_BOILER,MW
2030-06-14 14:00:00,XY,3254.8,SO,IND_BOILER,MW
2030-06-15 15:00:00,XY,2627.8,SO,IND_BOILER,MW
2030-06-16 16:00:00,XY,2837.0,SO,IND_BOILER,MW
2030-06-17 17:00:00,XY,3818.6,SO,IND_BOILER,MW
2030-06-18 18:00:00,XY,3673.8,SO,IND_BOILER,MW
2030-06-19 19:00:00,XY,4257.0,SO,IND_BOILER,MW
2030-06-20 20:00:00,XY,4224.0,SO,IND_BOILER,MW
2030-06-21 21:00:00,XY,4059.0,SO,IND_BOILER,MW
2030-06-22 22:00:00,XY,3399.0,SO,IND_BOILER,MW
2030-06-23 23:00:00,XY,3465.0,SO,IND_BOILER,MW
2030-06-25 00:00:00,XY,3894.0,SO,IND_BOILER,MW
2030-06-26 01:00:00,XY,3426.3,SO,IND_BOILER,MW
2030-06-27 02:00:00,XY,3465.0,SO,IND_BOILER,MW
2030-06-28 03:00:00,XY,3168.0,SO,IND_BOILER,MW
2030-06-29 04:00:00,XY,2888.0,SO,IND_BOILER,MW
2030-06-30 05:00:00,XY,2535.4,SO,IND_BOILER,MW
2030-07-01 06:00:00,XY,3141.8,SO,IND_BOILER,MW
2030-07-02 07:00:00,XY,3246.3,SO,IND_BOILER,MW
2030-07-03 08:00:00,XY,3449.8,SO,IND_BOILER,MW
2030-07-04 09:00:00,XY,3673.8,SO,IND_BOILER,MW
2030-07-05 10:00:00,XY,3296.5,SO,IND_BOILER,MW
2030-07-06 11:00:00,XY,2627.8,SO,IND_BOILER,MW
2030-07-07 12:00:00,XY,2693.8,SO,IND_BOILER,MW
2030-07-08 13:00:00,XY,3428.6,SO,IND_BOILER,MW
2030-07-09 14:00:00,XY,3415.7,SO,IND_BOILER,MW
2030-07-10 15:00:00,XY,3485.8,SO,IND_BOILER,MW
2030-07-11 16:00:00,XY,3452.8,SO,IND_BOILER,MW
2030-07-12 17:00:00,XY,3574.8,SO,IND_BOILER,MW
2030-07-13 18:00:00,XY,2947.8,SO,IND_BOILER,MW
2030-07-14 19:00:00,XY,3013.8,SO,IND_BOILER,MW
2030-07-15 20:00:00,XY,4059.0,SO,IND_BOILER,MW
2030-07-16 21:00:00,XY,3875.0,SO,IND_BOILER,MW
2030-07-17 22:00:00,XY,4257.0,SO,IND_BOILER,MW
2030-07-18 23:00:00,XY,4224.0,SO,IND_BOILER,MW
2030-07-20 00:00:00,XY,3593.0,SO,IND_BOILER,MW
2030-07-21 01:00:00,XY,3170.0,SO,IND_BOILER,MW
2030-07-22 02:00:00,XY,2650.8,SO,IND_BOILER,MW
2030-07-23 03:00:00,XY,2683.8,SO,IND_BOILER,MW
2030-07-24 04:00:00,XY,2749.8,SO,IND_BOILER,MW
2030-07-25 05:00:00,XY,2888.8,SO,IND_BOILER,MW
2030-07-26 06:00:00,XY,2888.8,SO,IND_BOILER,MW
2030-07-27 07:00:00,XY,2782.8,SO,IND_BOILER,MW
2030-07-28 08:00:00,XY,3311.0,SO,IND_BOILER,MW
2030-07-29 09:00:00,XY,3705.8,SO,IND_BOILER,MW
2030-07-30 10:00:00,XY,3640.8,SO,IND_BOILER,MW
2030-07-31 11:00:00,XY,3540.5,SO,IND_BOILER,MW
2030-08-01 12:00:00,XY,3452.8,SO,IND_BOILER,MW
2030-08-02 13:00:00,XY,3254.8,SO,IND_BOILER,MW
2030-08-03 14:00:00,XY,2627.8,SO,IND_BOILER,MW
2030-08-04 15:00:00,XY,2693.8,SO,IND_BOILER,MW
2030-08-05 16:00:00,XY,3586.8,SO,IND_BOILER,MW
2030-08-06 17:00:00,XY,3673.8,SO,IND_BOILER,MW
2030-08-07 18:00:00,XY,3805.8,SO,IND_BOILER,MW
2030-08-08 19:00:00,XY,3959.6,SO,IND_BOILER,MW
2030-08-09 20:00:00,XY,4026.0,SO,IND_BOILER,MW
2030-08-10 21:00:00,XY,2947.8,SO,IND_BOILER,MW
2030-08-11 22:00:00,XY,3311.0,SO,IND_BOILER,MW
2030-08-12 23:00:00,XY,3818.6,SO,IND_BOILER,MW
2030-08-14 00:00:00,XY,3993.0,SO,IND_BOILER,MW
2030-08-15 01:00:00,XY,3508.4,SO,IND_BOILER,MW
2030-08-16 02:00:00,XY,2921.8,SO,IND_BOILER,MW
2030-08-17 03:00:00,XY,2594.4,SO,IND_BOILER,MW
2030-08-18 04:00:00,XY,2425.2,SO,IND_BOILER,MW
2030-08-19 05:00:00,XY,2509.8,SO,IND_BOILER,MW
2030-08-20 06:00:00,XY,3141.8,SO,IND_BOILER,MW
2030-08-21 07:00:00,XY,3452.0,SO,IND_BOILER,MW
2030-08-22 08:00:00,XY,3677.6,SO,IND_BOILER,MW
2030-08-23 09:00:00,XY,3475.8,SO,IND_BOILER,MW
2030-08-24 10:00:00,XY,2947.8,SO,IND_BOILER,MW
2030-08-25 11:00:00,XY,2837.1,SO,IND_BOILER,MW
2030-08-26 12:00:00,XY,3287.8,SO,IND_BOILER,MW
2030-08-27 13:00:00,XY,3353.8,SO,IND_BOILER,MW
2030-08-28 14:00:00,XY,3485.8,SO,IND_BOILER,MW
2030-08-29 15:00:00,XY,3703.8,SO,IND_BOILER,MW
2030-08-30 16:00:00,XY,3574.8,SO,IND_BOILER,MW
2030-08-31 17:00:00,XY,2947.8,SO,IND_BOILER,MW
2030-09-01 18:00:00,XY,3013.8,SO,IND_BOILER,MW
2030-09-02 19:00:00,XY,4059.0,SO,IND_BOILER,MW
2030-09-03 20:00:00,XY,3875.0,SO,IND_BOILER,MW
2030-09-04 21:00:00,XY,4257.0,SO,IND_BOILER,MW
2030-09-05 22:00:00,XY,4191.0,SO,IND_BOILER,MW
2030-09-06 23:00:00,XY,3790.4,SO,IND_BOILER,MW
2030-09-08 00:00:00,XY,3184.2,SO,IND_BOILER,MW
2030-09-09 01:00:00,XY,2921.8,SO,IND_BOILER,MW
2030-09-10 02:00:00,XY,2815.8,SO,IND_BOILER,MW
2030-09-11 03:00:00,XY,2782.8,SO,IND_BOILER,MW
2030-09-12 04:00:00,XY,2782.8,SO,IND_BOILER,MW
2030-09-13 05:00:00,XY,2723.8,SO,IND_BOILER,MW
2030-09-14 06:00:00,XY,2566.2,SO,IND_BOILER,MW
2030-09-15 07:00:00,XY,2815.8,SO,IND_BOILER,MW
2030-09-16 08:00:00,XY,3244.8,SO,IND_BOILER,MW
2030-09-17 09:00:00,XY,3475.8,SO,IND_BOILER,MW
2030-09-18 10:00:00,XY,3772.8,SO,IND_BOILER,MW
2030-09-19 11:00:00,XY,3739.8,SO,IND_BOILER,MW
2030-09-20 12:00:00,XY,3574.8,SO,IND_BOILER,MW
2030-09-21 13:00:00,XY,2947.8,SO,IND_BOILER,MW
2030-09-22 14:00:00,XY,3013.8,SO,IND_BOILER,MW
2030-09-23 15:00:00,XY,3818.6,SO,IND_BOILER,MW
2030-09-24 16:00:00,XY,3875.0,SO,IND_BOILER,MW
2030-09-25 17:00:00,XY,3987.8,SO,IND_BOILER,MW
2030-09-26 18:00:00,XY,4224.0,SO,IND_BOILER,MW
2030-09-27 19:00:00,XY,4026.0,SO,IND_BOILER,MW
2030-09-28 20:00:00,XY,3399.0,SO,IND_BOILER,MW
2030-09-29 21:00:00,XY,3311.0,SO,IND_BOILER,MW
2030-09-30 22:00:00,XY,4059.0,SO,IND_BOILER,MW
2030-10-01 23:00:00,XY,4125.0,SO,IND_BOILER,MW
2030-10-03 00:00:00,XY,3846.8,SO,IND_BOILER,MW
2030-10-04 01:00:00,XY,3112.8,SO,IND_BOILER,MW
2030-10-05 02:00:00,XY,2749.8,SO,IND_BOILER,MW
2030-10-06 03:00:00,XY,2481.6,SO,IND_BOILER,MW
2030-10-07 04:00:00,XY,2481.6,SO,IND_BOILER,MW
2030-10-08 05:00:00,XY,2683.8,SO,IND_BOILER,MW
2030-10-09 06:00:00,XY,2980.8,SO,IND_BOILER,MW
2030-10-10 07:00:00,XY,3284.8,SO,IND_BOILER,MW
2030-10-11 08:00:00,XY,3310.8,SO,IND_BOILER,MW
2030-10-12 09:00:00,XY,2980.8,SO,IND_BOILER,MW
2030-10-13 10:00:00,XY,3046.8,SO,IND_BOILER,MW
2030-10-14 11:00:00,XY,3640.8,SO,IND_BOILER,MW
2030-10-15 12:00:00,XY,3706.8,SO,IND_BOILER,MW
2030-10-16 13:00:00,XY,3838.8,SO,IND_BOILER,MW
2030-10-17 14:00:00,XY,3805.8,SO,IND_BOILER,MW
2030-10-18 15:00:00,XY,3607.8,SO,IND_BOILER,MW
2030-10-19 16:00:00,XY,2980.8,SO,IND_BOILER,MW
2030-10-20 17:00:00,XY,3046.8,SO,IND_BOILER,MW
2030-10-21 18:00:00,XY,4092.0,SO,IND_BOILER,MW
2030-10-22 19:00:00,XY,4158.0,SO,IND_BOILER,MW
2030-10-23 20:00:00,XY,4290.0,SO,IND_BOILER,MW
2030-10-24 21:00:00,XY,3959.6,SO,IND_BOILER,MW
2030-10-25 22:00:00,XY,3818.6,SO,IND_BOILER,MW
2030-10-26 23:00:00,XY,2980.8,SO,IND_BOILER,MW
2030-10-28 00:00:00,XY,3046.8,SO,IND_BOILER,MW
2030-10-29 01:00:00,XY,3046.8,SO,IND_BOILER,MW
2030-10-30 02:00:00,XY,2947.8,SO,IND_BOILER,MW
2030-10-31 03:00:00,XY,2881.8,SO,IND_BOILER,MW
2030-11-01 04:00:00,XY,2650.8,SO,IND_BOILER,MW
2030-11-02 05:00:00,XY,2453.4,SO,IND_BOILER,MW
2030-11-03 06:00:00,XY,2622.6,SO,IND_BOILER,MW
2030-11-04 07:00:00,XY,3046.8,SO,IND_BOILER,MW
2030-11-05 08:00:00,XY,3310.8,SO,IND_BOILER,MW
2030-11-06 09:00:00,XY,3640.8,SO,IND_BOILER,MW
2030-11-07 10:00:00,XY,3772.8,SO,IND_BOILER,MW
2030-11-08 11:00:00,XY,3607.8,SO,IND_BOILER,MW
2030-11-09 12:00:00,XY,2660.8,SO,IND_BOILER,MW
2030-11-10 13:00:00,XY,2726.8,SO,IND_BOILER,MW
2030-11-11 14:00:00,XY,3640.8,SO,IND_BOILER,MW
2030-11-12 15:00:00,XY,3706.8,SO,IND_BOILER,MW
2030-11-13 16:00:00,XY,3838.8,SO,IND_BOILER,MW
2030-11-14 17:00:00,XY,3805.8,SO,IND_BOILER,MW
2030-11-15 18:00:00,XY,3818.6,SO,IND_BOILER,MW
2030-11-16 19:00:00,XY,3282.8,SO,IND_BOILER,MW
2030-11-17 20:00:00,XY,3046.8,SO,IND_BOILER,MW
2030-11-18 21:00:00,XY,4092.0,SO,IND_BOILER,MW
2030-11-19 22:00:00,XY,3706.8,SO,IND_BOILER,MW
2030-11-20 23:00:00,XY,3838.8,SO,IND_BOILER,MW
2030-11-22 00:00:00,XY,3541.8,SO,IND_BOILER,MW
2030-11-23 01:00:00,XY,2980.8,SO,IND_BOILER,MW
2030-11-24 02:00:00,XY,2650.8,SO,IND_BOILER,MW
2030-11-25 03:00:00,XY,2566.2,SO,IND_BOILER,MW
2030-11-26 04:00:00,XY,2650.8,SO,IND_BOILER,MW
2030-11-27 05:00:00,XY,2848.8,SO,IND_BOILER,MW
2030-11-28 06:00:00,XY,3046.8,SO,IND_BOILER,MW
2030-11-29 07:00:00,XY,3112.8,SO,IND_BOILER,MW
2030-11-30 08:00:00,XY,2980.8,SO,IND_BOILER,MW
2030-12-01 09:00:00,XY,3079.8,SO,IND_BOILER,MW
2030-12-02 10:00:00,XY,3640.8,SO,IND_BOILER,MW
2030-12-03 11:00:00,XY,3739.8,SO,IND_BOILER,MW
2030-12-04 12:00:00,XY,3551.8,SO,IND_BOILER,MW
2030-12-05 13:00:00,XY,3518.8,SO,IND_BOILER,MW
2030-12-06 14:00:00,XY,3602.0,SO,IND_BOILER,MW
2030-12-07 15:00:00,XY,3013.8,SO,IND_BOILER,MW
2030-12-08 16:00:00,XY,3079.8,SO,IND_BOILER,MW
2030-12-09 17:00:00,XY,3875.0,SO,IND_BOILER,MW
2030-12-10 18:00:00,XY,3931.4,SO,IND_BOILER,MW
2030-12-11 19:00:00,XY,4181.6,SO,IND_BOILER,MW
2030-12-12 20:00:00,XY,4016.0,SO,IND_BOILER,MW
2030-12-13 21:00:00,XY,3640.8,SO,IND_BOILER,MW
2030-12-14 22:00:00,XY,3013.8,SO,IND_BOILER,MW
2030-12-15 23:00:00,XY,3079.8,SO,IND_BOILER,MW
2030-12-17 00:00:00,XY,3508.8,SO,IND_BOILER,MW
2030-12-18 01:00:00,XY,3211.8,SO,IND_BOILER,MW
2030-12-19 02:00:00,XY,3079.8,SO,IND_BOILER,MW
2030-12-20 03:00:00,XY,2782.8,SO,IND_BOILER,MW
2030-12-21 04:00:00,XY,2594.4,SO,IND_BOILER,MW
2030-12-22 05:00:00,XY,2538.0,SO,IND_BOILER,MW
2030-12-23 06:00:00,XY,2881.8,SO,IND_BOILER,MW
2030-12-24 07:00:00,XY,3112.8,SO,IND_BOILER,MW
2030-12-25 08:00:00,XY,3475.8,SO,IND_BOILER,MW
2030-12-26 09:00:00,XY,3739.8,SO,IND_BOILER,MW
2030-12-27 10:00:00,XY,3640.8,SO,IND_BOILER,MW
2030-12-28 11:00:00,XY,3013.8,SO,IND_BOILER,MW
2030-12-29 12:00:00,XY,2759.8,SO,IND_BOILER,MW
2030-12-30 13:00:00,XY,3706.8,SO,IND_BOILER,MW
2030-12-31 14:00:00,XY,3452.8,SO,IND_BOILER,MW
2031-01-01 15:00:00,XY,3904.8,SO,IND_BOILER,MW
2030-01-01 00:00:00,YZ,3023.3,CE,EIDT,MW
2030-01-02 01:00:00,YZ,3023.3,CE,EIDT,MW
2030-01-03 02:00:00,YZ,3023.3,CE,EIDT,MW
2030-01-04 03:00:00,YZ,3023.3,CE,EIDT,MW
2030-01-05 04:00:00,YZ,3023.3,CE,EIDT,MW
2030-01-06 05:00:00,YZ,3023.3,CE,EIDT,MW
2030-01-07 06:00:00,YZ,3023.3,CE,EIDT,MW
2030-01-08 07:00:00,YZ,3023.3,CE,EIDT,MW
2030-01-09 08:00:00,YZ,3023.3,CE,EIDT,MW
2030-01-10 09:00:00,YZ,3023.3,CE,EIDT,MW
2030-01-11 10:00:00,YZ,3023.3,CE,EIDT,MW
2030-01-12 11:00:00,YZ,3023.3,CE,EIDT,MW
2030-01-13 12:00:00,YZ,3023.3,CE,EIDT,MW
2030-01-14 13:00:00,YZ,3023.3,CE,EIDT,MW
2030-01-15 14:00:00,YZ,3023.3,CE,EIDT,MW
2030-01-16 15:00:00,YZ,3023.3,CE,EIDT,MW
2030-01-17 16:00:00,YZ,3023.3,CE,EIDT,MW
2030-01-18 17:00:00,YZ,3023.3,CE,EIDT,MW
2030-01-19 18:00:00,YZ,3023.3,CE,EIDT,MW
2030-01-20 19:00:00,YZ,3023.3,CE,EIDT,MW
2030-01-21 20:00:00,YZ,3023.3,CE,EIDT,MW
2030-01-22 21:00:00,YZ,3023.3,CE,EIDT,MW
2030-01-23 22:00:00,YZ,3023.3,CE,EIDT,MW
2030-01-24 23:00:00,YZ,3023.3,CE,EIDT,MW
2030-01-26 00:00:00,YZ,3023.3,CE,EIDT,MW
2030-01-27 01:00:00,YZ,3023.3,CE,EIDT,MW
2030-01-28 02:00:00,YZ,3023.3,CE,EIDT,MW
2030-01-29 03:00:00,YZ,769.0,CE,EIDT,MW
2030-01-30 04:00:00,YZ,1045.0,CE,EIDT,MW
2030-01-31 05:00:00,YZ,3023.3,CE,EIDT,MW
2030-02-01 06:00:00,YZ,3023.3,CE,EIDT,MW
2030-02-02 07:00:00,YZ,3023.3,CE,EIDT,MW
2030-02-03 08:00:00,YZ,2356.0,CE,EIDT,MW
2030-02-04 09:00:00,YZ,3023.3,CE,EIDT,MW
2030-02-05 10:00:00,YZ,3023.3,CE,EIDT,MW
2030-02-06 11:00:00,YZ,3023.3,CE,EIDT,MW
2030-02-07 12:00:00,YZ,3023.3,CE,EIDT,MW
2030-02-08 13:00:00,YZ,3023.3,CE,EIDT,MW
2030-02-09 14:00:00,YZ,3023.3,CE,EIDT,MW
2030-02-10 15:00:00,YZ,2701.0,CE,EIDT,MW
2030-02-11 16:00:00,YZ,3023.3,CE,EIDT,MW
2030-02-12 17:00:00,YZ,3023.3,CE,EIDT,MW
2030-02-13 18:00:00,YZ,3023.3,CE,EIDT,MW
2030-02-14 19:00:00,YZ,3023.3,CE,EIDT,MW
2030-02-15 20:00:00,YZ,3023.3,CE,EIDT,MW
2030-02-16 21:00:00,YZ,3023.3,CE,EIDT,MW
2030-02-17 22:00:00,YZ,3023.3,CE,EIDT,MW
2030-02-18 23:00:00,YZ,3023.3,CE,EIDT,MW
2030-02-20 00:00:00,YZ,3023.3,CE,EIDT,MW
2030-02-21 01:00:00,YZ,3023.3,CE,EIDT,MW
2030-02-22 02:00:00,YZ,3023.3,CE,EIDT,MW
2030-02-23 03:00:00,YZ,3023.3,CE,EIDT,MW
2030-02-24 04:00:00,YZ,3023.3,CE,EIDT,MW
2030-02-25 05:00:00,YZ,3023.3,CE,EIDT,MW
2030-02-26 06:00:00,YZ,3023.3,CE,EIDT,MW
2030-02-27 07:00:00,YZ,3023.3,CE,EIDT,MW
2030-02-28 08:00:00,YZ,3023.3,CE,EIDT,MW
2030-03-01 09:00:00,YZ,3023.3,CE,EIDT,MW
2030-03-02 10:00:00,YZ,3023.3,CE,EIDT,MW
2030-03-03 11:00:00,YZ,3023.3,CE,EIDT,MW
2030-03-04 12:00:00,YZ,3023.3,CE,EIDT,MW
2030-03-05 13:00:00,YZ,3023.3,CE,EIDT,MW
2030-03-06 14:00:00,YZ,3023.3,CE,EIDT,MW
2030-03-07 15:00:00,YZ,3023.3,CE,EIDT,MW
2030-03-08 16:00:00,YZ,1183.0,CE,EIDT,MW
2030-03-09 17:00:00,YZ,3023.3,CE,EIDT,MW
2030-03-10 18:00:00,YZ,3023.3,CE,EIDT,MW
2030-03-11 19:00:00,YZ,3023.3,CE,EIDT,MW
2030-03-12 20:00:00,YZ,3023.3,CE,EIDT,MW
2030-03-13 21:00:00,YZ,3023.3,CE,EIDT,MW
2030-03-14 22:00:00,YZ,3023.3,CE,EIDT,MW
2030-03-15 23:00:00,YZ,3023.3,CE,EIDT,MW
2030-03-17 00:00:00,YZ,3023.3,CE,EIDT,MW
2030-03-18 01:00:00,YZ,3023.3,CE,EIDT,MW
2030-03-19 02:00:00,YZ,3023.3,CE,EIDT,MW
2030-03-20 03:00:00,YZ,3023.3,CE,EIDT,MW
2030-03-21 04:00:00,YZ,3023.3,CE,EIDT,MW
2030-03-22 05:00:00,YZ,3023.3,CE,EIDT,MW
2030-03-23 06:00:00,YZ,3023.3,CE,EIDT,MW
2030-03-24 07:00:00,YZ,3023.3,CE,EIDT,MW
2030-03-25 08:00:00,YZ,3023.3,CE,EIDT,MW
2030-03-26 09:00:00,YZ,3023.3,CE,EIDT,MW
2030-03-27 10:00:00,YZ,3023.3,CE,EIDT,MW
2030-03-28 11:00:00,YZ,3023.3,CE,EIDT,MW
2030-03-29 12:00:00,YZ,3023.3,CE,EIDT,MW
2030-03-30 13:00:00,YZ,3023.3,CE,EIDT,MW
2030-03-31 14:00:00,YZ,3023.3,CE,EIDT,MW
2030-04-01 15:00:00,YZ,3023.3,CE,EIDT,MW
2030-04-02 16:00:00,YZ,3023.3,CE,EIDT,MW
2030-04-03 17:00:00,YZ,3023.3,CE,EIDT,MW
2030-04-04 18:00:00,YZ,3023.3,CE,EIDT,MW
2030-04-05 19:00:00,YZ,3023.3,CE,EIDT,MW
2030-04-06 20:00:00,YZ,3023.3,CE,EIDT,MW
2030-04-07 21:00:00,YZ,3023.3,CE,EIDT,MW
2030-04-08 22:00:00,YZ,3023.3,CE,EIDT,MW
2030-04-09 23:00:00,YZ,3023.3,CE,EIDT,MW
2030-04-11 00:00:00,YZ,3023.3,CE,EIDT,MW
2030-04-12 01:00:00,YZ,3023.3,CE,EIDT,MW
2030-04-13 02:00:00,YZ,3023.3,CE,EIDT,MW
2030-04-14 03:00:00,YZ,3023.3,CE,EIDT,MW
2030-04-15 04:00:00,YZ,3023.3,CE,EIDT,MW
2030-04-16 05:00:00,YZ,3023.3,CE,EIDT,MW
2030-04-17 06:00:00,YZ,3023.3,CE,EIDT,MW
2030-04-18 07:00:00,YZ,3023.3,CE,EIDT,MW
2030-04-19 08:00:00,YZ,3023.3,CE,EIDT,MW
2030-04-20 09:00:00,YZ,3023.3,CE,EIDT,MW
2030-04-21 10:00:00,YZ,3023.3,CE,EIDT,MW
2030-04-22 11:00:00,YZ,3023.3,CE,EIDT,MW
2030-04-23 12:00:00,YZ,3023.3,CE,EIDT,MW
2030-04-24 13:00:00,YZ,3023.3,CE,EIDT,MW
2030-04-25 14:00:00,YZ,3023.3,CE,EIDT,MW
2030-04-26 15:00:00,YZ,3023.3,CE,EIDT,MW
2030-04-27 16:00:00,YZ,3023.3,CE,EIDT,MW
2030-04-28 17:00:00,YZ,3023.3,CE,EIDT,MW
2030-04-29 18:00:00,YZ,3023.3,CE,EIDT,MW
2030-04-30 19:00:00,YZ,3023.3,CE,EIDT,MW
2030-05-01 20:00:00,YZ,3023.3,CE,EIDT,MW
2030-05-02 21:00:00,YZ,3023.3,CE,EIDT,MW
2030-05-03 22:00:00,YZ,3023.3,CE,EIDT,MW
2030-05-04 23:00:00,YZ,3023.3,CE,EIDT,MW
2030-05-06 00:00:00,YZ,3023.3,CE,EIDT,MW
2030-05-07 01:00:00,YZ,3023.3,CE,EIDT,MW
2030-05-08 02:00:00,YZ,3023.3,CE,EIDT,MW
2030-05-09 03:00:00,YZ,3023.3,CE,EIDT,MW
2030-05-10 04:00:00,YZ,3023.3,CE,EIDT,MW
2030-05-11 05:00:00,YZ,3023.3,CE,EIDT,MW
2030-05-12 06:00:00,YZ,3023.3,CE,EIDT,MW
2030-05-13 07:00:00,YZ,3023.3,CE,EIDT,MW
2030-05-14 08:00:00,YZ,3023.3,CE,EIDT,MW
2030-05-15 09:00:00,YZ,3023.3,CE,EIDT,MW
2030-05-16 10:00:00,YZ,3023.3,CE,EIDT,MW
2030-05-17 11:00:00,YZ,3023.3,CE,EIDT,MW
2030-05-18 12:00:00,YZ,3023.3,CE,EIDT,MW
2030-05-19 13:00:00,YZ,3023.3,CE,EIDT,MW
2030-05-20 14:00:00,YZ,3023.3,CE,EIDT,MW
2030-05-21 15:00:00,YZ,3023.3,CE,EIDT,MW
2030-05-22 16:00:00,YZ,3023.3,CE,EIDT,MW
2030-05-23 17:00:00,YZ,3023.3,CE,EIDT,MW
2030-05-24 18:00:00,YZ,3023.3,CE,EIDT,MW
2030-05-25 19:00:00,YZ,3023.3,CE,EIDT,MW
2030-05-26 20:00:00,YZ,3023.3,CE,EIDT,MW
2030-05-27 21:00:00,YZ,3023.3,CE,EIDT,MW
2030-05-28 22:00:00,YZ,3023.3,CE,EIDT,MW
2030-05-29 23:00:00,YZ,3023.3,CE,EIDT,MW
2030-05-31 00:00:00,YZ,3023.3,CE,EIDT,MW
2030-06-01 01:00:00,YZ,3023.3,CE,EIDT,MW
2030-06-02 02:00:00,YZ,3023.3,CE,EIDT,MW
2030-06-03 03:00:00,YZ,3023.3,CE,EIDT,MW
2030-06-04 04:00:00,YZ,3023.3,CE,EIDT,MW
2030-06-05 05:00:00,YZ,3023.3,CE,EIDT,MW
2030-06-06 06:00:00,YZ,3023.3,CE,EIDT,MW
2030-06-07 07:00:00,YZ,3023.3,CE,EIDT,MW
2030-06-08 08:00:00,YZ,3023.3,CE,EIDT,MW
2030-06-09 09:00:00,YZ,3023.3,CE,EIDT,MW
2030-06-10 10:00:00,YZ,3023.3,CE,EIDT,MW
2030-06-11 11:00:00,YZ,3023.3,CE,EIDT,MW
2030-06-12 12:00:00,YZ,3023.3,CE,EIDT,MW
2030-06-13 13:00:00,YZ,3023.3,CE,EIDT,MW
2030-06-14 14:00:00,YZ,3023.3,CE,EIDT,MW
2030-06-15 15:00:00,YZ,3023.3,CE,EIDT,MW
2030-06-16 16:00:00,YZ,3023.3,CE,EIDT,MW
2030-06-17 17:00:00,YZ,3023.3,CE,EIDT,MW
2030-06-18 18:00:00,YZ,3023.3,CE,EIDT,MW
2030-06-19 19:00:00,YZ,3023.3,CE,EIDT,MW
2030-06-20 20:00:00,YZ,3023.3,CE,EIDT,MW
2030-06-21 21:00:00,YZ,3023.3,CE,EIDT,MW
2030-06-22 22:00:00,YZ,3023.3,CE,EIDT,MW
2030-06-23 23:00:00,YZ,3023.3,CE,EIDT,MW
2030-06-25 00:00:00,YZ,3023.3,CE,EIDT,MW
2030-06-26 01:00:00,YZ,3023.3,CE,EIDT,MW
2030-06-27 02:00:00,YZ,3023.3,CE,EIDT,MW
2030-06-28 03:00:00,YZ,3023.3,CE,EIDT,MW
2030-06-29 04:00:00,YZ,3023.3,CE,EIDT,MW
2030-06-30 05:00:00,YZ,3023.3,CE,EIDT,MW
2030-07-01 06:00:00,YZ,3023.3,CE,EIDT,MW
2030-07-02 07:00:00,YZ,3023.3,CE,EIDT,MW
2030-07-03 08:00:00,YZ,3023.3,CE,EIDT,MW
2030-07-04 09:00:00,YZ,3023.3,CE,EIDT,MW
2030-07-05 10:00:00,YZ,3023.3,CE,EIDT,MW
2030-07-06 11:00:00,YZ,3023.3,CE,EIDT,MW
2030-07-07 12:00:00,YZ,3023.3,CE,EIDT,MW
2030-07-08 13:00:00,YZ,3023.3,CE,EIDT,MW
2030-07-09 14:00:00,YZ,3023.3,CE,EIDT,MW
2030-07-10 15:00:00,YZ,3023.3,CE,EIDT,MW
2030-07-11 16:00:00,YZ,3023.3,CE,EIDT,MW
2030-07-12 17:00:00,YZ,3023.3,CE,EIDT,MW
2030-07-13 18:00:00,YZ,3023.3,CE,EIDT,MW
2030-07-14 19:00:00,YZ,3023.3,CE,EIDT,MW
2030-07-15 20:00:00,YZ,3023.3,CE,EIDT,MW
2030-07-16 21:00:00,YZ,3023.3,CE,EIDT,MW
2030-07-17 22:00:00,YZ,3023.3,CE,EIDT,MW
2030-07-18 23:00:00,YZ,3023.3,CE,EIDT,MW
2030-07-20 00:00:00,YZ,3023.3,CE,EIDT,MW
2030-07-21 01:00:00,YZ,3023.3,CE,EIDT,MW
2030-07-22 02:00:00,YZ,3023.3,CE,EIDT,MW
2030-07-23 03:00:00,YZ,3023.3,CE,EIDT,MW
2030-07-24 04:00:00,YZ,3023.3,CE,EIDT,MW
2030-07-25 05:00:00,YZ,3023.3,CE,EIDT,MW
2030-07-26 06:00:00,YZ,3023.3,CE,EIDT,MW
2030-07-27 07:00:00,YZ,3023.3,CE,EIDT,MW
2030-07-28 08:00:00,YZ,3023.3,CE,EIDT,MW
2030-07-29 09:00:00,YZ,3023.3,CE,EIDT,MW
2030-07-30 10:00:00,YZ,3023.3,CE,EIDT,MW
2030-07-31 11:00:00,YZ,3023.3,CE,EIDT,MW
2030-08-01 12:00:00,YZ,3023.3,CE,EIDT,MW
2030-08-02 13:00:00,YZ,3023.3,CE,EIDT,MW
2030-08-03 14:00:00,YZ,3023.3,CE,EIDT,MW
2030-08-04 15:00:00,YZ,3023.3,CE,EIDT,MW
2030-08-05 16:00:00,YZ,3023.3,CE,EIDT,MW
2030-08-06 17:00:00,YZ,3023.3,CE,EIDT,MW
2030-08-07 18:00:00,YZ,3023.3,CE,EIDT,MW
2030-08-08 19:00:00,YZ,3023.3,CE,EIDT,MW
2030-08-09 20:00:00,YZ,3023.3,CE,EIDT,MW
2030-08-10 21:00:00,YZ,3023.3,CE,EIDT,MW
2030-08-11 22:00:00,YZ,3023.3,CE,EIDT,MW
2030-08-12 23:00:00,YZ,3023.3,CE,EIDT,MW
2030-08-14 00:00:00,YZ,3023.3,CE,EIDT,MW
2030-08-15 01:00:00,YZ,3023.3,CE,EIDT,MW
2030-08-16 02:00:00,YZ,3023.3,CE,EIDT,MW
2030-08-17 03:00:00,YZ,3023.3,CE,EIDT,MW
2030-08-18 04:00:00,YZ,3023.3,CE,EIDT,MW
2030-08-19 05:00:00,YZ,3023.3,CE,EIDT,MW
2030-08-20 06:00:00,YZ,3023.3,CE,EIDT,MW
2030-08-21 07:00:00,YZ,3023.3,CE,EIDT,MW
2030-08-22 08:00:00,YZ,3023.3,CE,EIDT,MW
2030-08-23 09:00:00,YZ,3023.3,CE,EIDT,MW
2030-08-24 10:00:00,YZ,3023.3,CE,EIDT,MW
2030-08-25 11:00:00,YZ,3023.3,CE,EIDT,MW
2030-08-26 12:00:00,YZ,3023.3,CE,EIDT,MW
2030-08-27 13:00:00,YZ,3023.3,CE,EIDT,MW
2030-08-28 14:00:00,YZ,3023.3,CE,EIDT,MW
2030-08-29 15:00:00,YZ,3023.3,CE,EIDT,MW
2030-08-30 16:00:00,YZ,3023.3,CE,EIDT,MW
2030-08-31 17:00:00,YZ,3023.3,CE,EIDT,MW
2030-09-01 18:00:00,YZ,3023.3,CE,EIDT,MW
2030-09-02 19:00:00,YZ,3023.3,CE,EIDT,MW
2030-09-03 20:00:00,YZ,3023.3,CE,EIDT,MW
2030-09-04 21:00:00,YZ,3023.3,CE,EIDT,MW
2030-09-05 22:00:00,YZ,3023.3,CE,EIDT,MW
2030-09-06 23:00:00,YZ,3023.3,CE,EIDT,MW
2030-09-08 00:00:00,YZ,3023.3,CE,EIDT,MW
2030-09-09 01:00:00,YZ,3023.3,CE,EIDT,MW
2030-09-10 02:00:00,YZ,3023.3,CE,EIDT,MW
2030-09-11 03:00:00,YZ,3023.3,CE,EIDT,MW
2030-09-12 04:00:00,YZ,3023.3,CE,EIDT,MW
2030-09-13 05:00:00,YZ,3023.3,CE,EIDT,MW
2030-09-14 06:00:00,YZ,3023.3,CE,EIDT,MW
2030-09-15 07:00:00,YZ,3023.3,CE,EIDT,MW
2030-09-16 08:00:00,YZ,3023.3,CE,EIDT,MW
2030-09-17 09:00:00,YZ,3023.3,CE,EIDT,MW
2030-09-18 10:00:00,YZ,3023.3,CE,EIDT,MW
2030-09-19 11:00:00,YZ,3023.3,CE,EIDT,MW
2030-09-20 12:00:00,YZ,3023.3,CE,EIDT,MW
2030-09-21 13:00:00,YZ,3023.3,CE,EIDT,MW
2030-09-22 14:00:00,YZ,3023.3,CE,EIDT,MW
2030-09-23 15:00:00,YZ,3023.3,CE,EIDT,MW
2030-09-24 16:00:00,YZ,3023.3,CE,EIDT,MW
2030-09-25 17:00:00,YZ,3023.3,CE,EIDT,MW
2030-09-26 18:00:00,YZ,3023.3,CE,EIDT,MW
2030-09-27 19:00:00,YZ,3023.3,CE,EIDT,MW
2030-09-28 20:00:00,YZ,3023.3,CE,EIDT,MW
2030-09-29 21:00:00,YZ,3023.3,CE,EIDT,MW
2030-09-30 22:00:00,YZ,3023.3,CE,EIDT,MW
2030-10-01 23:00:00,YZ,3023.3,CE,EIDT,MW
2030-10-03 00:00:00,YZ,3023.3,CE,EIDT,MW
2030-10-04 01:00:00,YZ,3023.3,CE,EIDT,MW
2030-10-05 02:00:00,YZ,3023.3,CE,EIDT,MW
2030-10-06 03:00:00,YZ,3023.3,CE,EIDT,MW
2030-10-07 04:00:00,YZ,3023.3,CE,EIDT,MW
2030-10-08 05:00:00,YZ,3023.3,CE,EIDT,MW
2030-10-09 06:00:00,YZ,3023.3,CE,EIDT,MW
2030-10-10 07:00:00,YZ,3023.3,CE,EIDT,MW
2030-10-11 08:00:00,YZ,3023.3,CE,EIDT,MW
2030-10-12 09:00:00,YZ,3023.3,CE,EIDT,MW
2030-10-13 10:00:00,YZ,3023.3,CE,EIDT,MW
2030-10-14 11:00:00,YZ,3023.3,CE,EIDT,MW
2030-10-15 12:00:00,YZ,3023.3,CE,EIDT,MW
2030-10-16 13:00:00,YZ,3023.3,CE,EIDT,MW
2030-10-17 14:00:00,YZ,3023.3,CE,EIDT,MW
2030-10-18 15:00:00,YZ,3023.3,CE,EIDT,MW
2030-10-19 16:00:00,YZ,3023.3,CE,EIDT,MW
2030-10-20 17:00:00,YZ,3023.3,CE,EIDT,MW
2030-10-21 18:00:00,YZ,3023.3,CE,EIDT,MW
2030-10-22 19:00:00,YZ,3023.3,CE,EIDT,MW
2030-10-23 20:00:00,YZ,3023.3,CE,EIDT,MW
2030-10-24 21:00:00,YZ,3023.3,CE,EIDT,MW
2030-10-25 22:00:00,YZ,3023.3,CE,EIDT,MW
2030-10-26 23:00:00,YZ,3023.3,CE,EIDT,MW
2030-10-28 00:00:00,YZ,3023.3,CE,EIDT,MW
2030-10-29 01:00:00,YZ,3023.3,CE,EIDT,MW
2030-10-30 02:00:00,YZ,3023.3,CE,EIDT,MW
2030-10-31 03:00:00,YZ,3023.3,CE,EIDT,MW
2030-11-01 04:00:00,YZ,3023.3,CE,EIDT,MW
2030-11-02 05:00:00,YZ,3023.3,CE,EIDT,MW
2030-11-03 06:00:00,YZ,3023.3,CE,EIDT,MW
2030-11-04 07:00:00,YZ,3023.3,CE,EIDT,MW
2030-11-05 08:00:00,YZ,3023.3,CE,EIDT,MW
2030-11-06 09:00:00,YZ,3023.3,CE,EIDT,MW
2030-11-07 10:00:00,YZ,3023.3,CE,EIDT,MW
2030-11-08 11:00:00,YZ,3023.3,CE,EIDT,MW
2030-11-09 12:00:00,YZ,3023.3,CE,EIDT,MW
2030-11-10 13:00:00,YZ,3023.3,CE,EIDT,MW
2030-11-11 14:00:00,YZ,3023.3,CE,EIDT,MW
2030-11-12 15:00:00,YZ,3023.3,CE,EIDT,MW
2030-11-13 16:00:00,YZ,3023.3,CE,EIDT,MW
2030-11-14 17:00:00,YZ,3023.3,CE,EIDT,MW
2030-11-15 18:00:00,YZ,3023.3,CE,EIDT,MW
2030-11-16 19:00:00,YZ,3023.3,CE,EIDT,MW
2030-11-17 20:00:00,YZ,3023.3,CE,EIDT,MW
2030-11-18 21:00:00,YZ,3023.3,CE,EIDT,MW
2030-11-19 22:00:00,YZ,3023.3,CE,EIDT,MW
2030-11-20 23:00:00,YZ,3023.3,CE,EIDT,MW
2030-11-22 00:00:00,YZ,3023.3,CE,EIDT,MW
2030-11-23 01:00:00,YZ,3023.3,CE,EIDT,MW
2030-11-24 02:00:00,YZ,3023.3,CE,EIDT,MW
2030-11-25 03:00:00,YZ,3023.3,CE,EIDT,MW
2030-11-26 04:00:00,YZ,3023.3,CE,EIDT,MW
2030-11-27 05:00:00,YZ,3023.3,CE,EIDT,MW
2030-11-28 06:00:00,YZ,3023.3,CE,EIDT,MW
2030-11-29 07:00:00,YZ,3023.3,CE,EIDT,MW
2030-11-30 08:00:00,YZ,3023.3,CE,EIDT,MW
2030-12-01 09:00:00,YZ,3023.3,CE,EIDT,MW
2030-12-02 10:00:00,YZ,3023.3,CE,EIDT,MW
2030-12-03 11:00:00,YZ,3023.3,CE,EIDT,MW
2030-12-04 12:00:00,YZ,3023.3,CE,EIDT,MW
2030-12-05 13:00:00,YZ,3023.3,CE,EIDT,MW
2030-12-06 14:00:00,YZ,3023.3,CE,EIDT,MW
2030-12-07 15:00:00,YZ,3023.3,CE,EIDT,MW
2030-12-08 16:00:00,YZ,3023.3,CE,EIDT,MW
2030-12-09 17:00:00,YZ,3023.3,CE,EIDT,MW
2030-12-10 18:00:00,YZ,3023.3,CE,EIDT,MW
2030-12-11 19:00:00,YZ,3023.3,CE,EIDT,MW
2030-12-12 20:00:00,YZ,3023.3,CE,EIDT,MW
2030-12-13 21:00:00,YZ,3023.3,CE,EIDT,MW
2030-12-14 22:00:00,YZ,3023.3,CE,EIDT,MW
2030-12-15 23:00:00,YZ,3023.3,CE,EIDT,MW
2030-12-17 00:00:00,YZ,3023.3,CE,EIDT,MW
2030-12-18 01:00:00,YZ,3023.3,CE,EIDT,MW
2030-12-19 02:00:00,YZ,3023.3,CE,EIDT,MW
2030-12-20 03:00:00,YZ,3023.3,CE,EIDT,MW
2030-12-21 04:00:00,YZ,3023.3,CE,EIDT,MW
2030-12-22 05:00:00,YZ,3023.3,CE,EIDT,MW
2030-12-23 06:00:00,YZ,3023.3,CE,EIDT,MW
2030-12-24 07:00:00,YZ,3023.3,CE,EIDT,MW
2030-12-25 08:00:00,YZ,3023.3,CE,EIDT,MW
2030-12-26 09:00:00,YZ,3023.3,CE,EIDT,MW
2030-12-27 10:00:00,YZ,3023.3,CE,EIDT,MW
2030-12-28 11:00:00,YZ,3023.3,CE,EIDT,MW
2030-12-29 12:00:00,YZ,3023.3,CE,EIDT,MW
2030-12-30 13:00:00,YZ,3023.3,CE,EIDT,MW
2030-12-31 14:00:00,YZ,3023.3,CE,EIDT,MW
2031-01-01 15:00:00,YZ,3023.3,CE,EIDT,MW
2030-01-01 00:00:00,YZ,9731.1,CE,IND_BOILER,MW
2030-01-02 01:00:00,YZ,10943.3,CE,IND_BOILER,MW
2030-01-03 02:00:00,YZ,11048.6,CE,IND_BOILER,MW
2030-01-04 03:00:00,YZ,10919.5,CE,IND_BOILER,MW
2030-01-05 04:00:00,YZ,8519.0,CE,IND_BOILER,MW
2030-01-06 05:00:00,YZ,8618.0,CE,IND_BOILER,MW
2030-01-07 06:00:00,YZ,9680.9,CE,IND_BOILER,MW
2030-01-08 07:00:00,YZ,10455.5,CE,IND_BOILER,MW
2030-01-09 08:00:00,YZ,10971.9,CE,IND_BOILER,MW
2030-01-10 09:00:00,YZ,10842.8,CE,IND_BOILER,MW
2030-01-11 10:00:00,YZ,11122.3,CE,IND_BOILER,MW
2030-01-12 11:00:00,YZ,9422.7,CE,IND_BOILER,MW
2030-01-13 12:00:00,YZ,8500.9,CE,IND_BOILER,MW
2030-01-14 13:00:00,YZ,10842.8,CE,IND_BOILER,MW
2030-01-15 14:00:00,YZ,13114.2,CE,IND_BOILER,MW
2030-01-16 15:00:00,YZ,14119.5,CE,IND_BOILER,MW
2030-01-17 16:00:00,YZ,12147.8,CE,IND_BOILER,MW
2030-01-18 17:00:00,YZ,8777.2,CE,IND_BOILER,MW
2030-01-19 18:00:00,YZ,9043.6,CE,IND_BOILER,MW
2030-01-20 19:00:00,YZ,11488.3,CE,IND_BOILER,MW
2030-01-21 20:00:00,YZ,11746.5,CE,IND_BOILER,MW
2030-01-22 21:00:00,YZ,12240.2,CE,IND_BOILER,MW
2030-01-23 22:00:00,YZ,12133.8,CE,IND_BOILER,MW
2030-01-24 23:00:00,YZ,10349.8,CE,IND_BOILER,MW
2030-01-26 00:00:00,YZ,8257.6,CE,IND_BOILER,MW
2030-01-27 01:00:00,YZ,6881.9,CE,IND_BOILER,MW
2030-01-28 02:00:00,YZ,7016.1,CE,IND_BOILER,MW
2030-01-29 03:00:00,YZ,12270.1,CE,IND_BOILER,MW
2030-01-30 04:00:00,YZ,12510.5,CE,IND_BOILER,MW
2030-01-31 05:00:00,YZ,10403.1,CE,IND_BOILER,MW
2030-02-01 06:00:00,YZ,8260.8,CE,IND_BOILER,MW
2030-02-02 07:00:00,YZ,9164.5,CE,IND_BOILER,MW
2030-02-03 08:00:00,YZ,13652.4,CE,IND_BOILER,MW
2030-02-04 09:00:00,YZ,12161.9,CE,IND_BOILER,MW
2030-02-05 10:00:00,YZ,11212.0,CE,IND_BOILER,MW
2030-02-06 11:00:00,YZ,12300.8,CE,IND_BOILER,MW
2030-02-07 12:00:00,YZ,11488.3,CE,IND_BOILER,MW
2030-02-08 13:00:00,YZ,9904.9,CE,IND_BOILER,MW
2030-02-09 14:00:00,YZ,9164.5,CE,IND_BOILER,MW
2030-02-10 15:00:00,YZ,13952.9,CE,IND_BOILER,MW
2030-02-11 16:00:00,YZ,11875.6,CE,IND_BOILER,MW
2030-02-12 17:00:00,YZ,12300.3,CE,IND_BOILER,MW
2030-02-13 18:00:00,YZ,12240.2,CE,IND_BOILER,MW
2030-02-14 19:00:00,YZ,11488.3,CE,IND_BOILER,MW
2030-02-15 20:00:00,YZ,8906.3,CE,IND_BOILER,MW
2030-02-16 21:00:00,YZ,9164.5,CE,IND_BOILER,MW
2030-02-17 22:00:00,YZ,11617.4,CE,IND_BOILER,MW
2030-02-18 23:00:00,YZ,11253.1,CE,IND_BOILER,MW
2030-02-20 00:00:00,YZ,12081.4,CE,IND_BOILER,MW
2030-02-21 01:00:00,YZ,10532.2,CE,IND_BOILER,MW
2030-02-22 02:00:00,YZ,6743.4,CE,IND_BOILER,MW
2030-02-23 03:00:00,YZ,5973.2,CE,IND_BOILER,MW
2030-02-24 04:00:00,YZ,7093.7,CE,IND_BOILER,MW
2030-02-25 05:00:00,YZ,8260.8,CE,IND_BOILER,MW
2030-02-26 06:00:00,YZ,9680.9,CE,IND_BOILER,MW
2030-02-27 07:00:00,YZ,10842.8,CE,IND_BOILER,MW
2030-02-28 08:00:00,YZ,11359.2,CE,IND_BOILER,MW
2030-03-01 09:00:00,YZ,8777.2,CE,IND_BOILER,MW
2030-03-02 10:00:00,YZ,9035.4,CE,IND_BOILER,MW
2030-03-03 11:00:00,YZ,11163.4,CE,IND_BOILER,MW
2030-03-04 12:00:00,YZ,11617.4,CE,IND_BOILER,MW
2030-03-05 13:00:00,YZ,14253.4,CE,IND_BOILER,MW
2030-03-06 14:00:00,YZ,11911.0,CE,IND_BOILER,MW
2030-03-07 15:00:00,YZ,11230.1,CE,IND_BOILER,MW
2030-03-08 16:00:00,YZ,12630.7,CE,IND_BOILER,MW
2030-03-09 17:00:00,YZ,7855.4,CE,IND_BOILER,MW
2030-03-10 18:00:00,YZ,11359.2,CE,IND_BOILER,MW
2030-03-11 19:00:00,YZ,11617.4,CE,IND_BOILER,MW
2030-03-12 20:00:00,YZ,12133.8,CE,IND_BOILER,MW
2030-03-13 21:00:00,YZ,12004.7,CE,IND_BOILER,MW
2030-03-14 22:00:00,YZ,11230.1,CE,IND_BOILER,MW
2030-03-15 23:00:00,YZ,8022.5,CE,IND_BOILER,MW
2030-03-17 00:00:00,YZ,7624.1,CE,IND_BOILER,MW
2030-03-18 01:00:00,YZ,8131.7,CE,IND_BOILER,MW
2030-03-19 02:00:00,YZ,8002.6,CE,IND_BOILER,MW
2030-03-20 03:00:00,YZ,9721.5,CE,IND_BOILER,MW
2030-03-21 04:00:00,YZ,8540.4,CE,IND_BOILER,MW
2030-03-22 05:00:00,YZ,7162.7,CE,IND_BOILER,MW
2030-03-23 06:00:00,YZ,7714.7,CE,IND_BOILER,MW
2030-03-24 07:00:00,YZ,9810.0,CE,IND_BOILER,MW
2030-03-25 08:00:00,YZ,10470.1,CE,IND_BOILER,MW
2030-03-26 09:00:00,YZ,11875.6,CE,IND_BOILER,MW
2030-03-27 10:00:00,YZ,11875.6,CE,IND_BOILER,MW
2030-03-28 11:00:00,YZ,11101.0,CE,IND_BOILER,MW
2030-03-29 12:00:00,YZ,9059.3,CE,IND_BOILER,MW
2030-03-30 13:00:00,YZ,9369.2,CE,IND_BOILER,MW
2030-03-31 14:00:00,YZ,11121.8,CE,IND_BOILER,MW
2030-04-01 15:00:00,YZ,11488.3,CE,IND_BOILER,MW
2030-04-02 16:00:00,YZ,12004.7,CE,IND_BOILER,MW
2030-04-03 17:00:00,YZ,11836.3,CE,IND_BOILER,MW
2030-04-04 18:00:00,YZ,11430.1,CE,IND_BOILER,MW
2030-04-05 19:00:00,YZ,8519.0,CE,IND_BOILER,MW
2030-04-06 20:00:00,YZ,9947.1,CE,IND_BOILER,MW
2030-04-07 21:00:00,YZ,10700.1,CE,IND_BOILER,MW
2030-04-08 22:00:00,YZ,10938.9,CE,IND_BOILER,MW
2030-04-09 23:00:00,YZ,10050.1,CE,IND_BOILER,MW
2030-04-11 00:00:00,YZ,8634.5,CE,IND_BOILER,MW
2030-04-12 01:00:00,YZ,7615.3,CE,IND_BOILER,MW
2030-04-13 02:00:00,YZ,6386.3,CE,IND_BOILER,MW
2030-04-14 03:00:00,YZ,5705.6,CE,IND_BOILER,MW
2030-04-15 04:00:00,YZ,7357.1,CE,IND_BOILER,MW
2030-04-16 05:00:00,YZ,8519.0,CE,IND_BOILER,MW
2030-04-17 06:00:00,YZ,10376.9,CE,IND_BOILER,MW
2030-04-18 07:00:00,YZ,10315.9,CE,IND_BOILER,MW
2030-04-19 08:00:00,YZ,8519.0,CE,IND_BOILER,MW
2030-04-20 09:00:00,YZ,7597.2,CE,IND_BOILER,MW
2030-04-21 10:00:00,YZ,9921.0,CE,IND_BOILER,MW
2030-04-22 11:00:00,YZ,11359.2,CE,IND_BOILER,MW
2030-04-23 12:00:00,YZ,11875.6,CE,IND_BOILER,MW
2030-04-24 13:00:00,YZ,11709.1,CE,IND_BOILER,MW
2030-04-25 14:00:00,YZ,10971.9,CE,IND_BOILER,MW
2030-04-26 15:00:00,YZ,8519.0,CE,IND_BOILER,MW
2030-04-27 16:00:00,YZ,9342.0,CE,IND_BOILER,MW
2030-04-28 17:00:00,YZ,11101.0,CE,IND_BOILER,MW
2030-04-29 18:00:00,YZ,11359.2,CE,IND_BOILER,MW
2030-04-30 19:00:00,YZ,11875.6,CE,IND_BOILER,MW
2030-05-01 20:00:00,YZ,11617.4,CE,IND_BOILER,MW
2030-05-02 21:00:00,YZ,10971.9,CE,IND_BOILER,MW
2030-05-03 22:00:00,YZ,8315.3,CE,IND_BOILER,MW
2030-05-04 23:00:00,YZ,8247.2,CE,IND_BOILER,MW
2030-05-06 00:00:00,YZ,9115.2,CE,IND_BOILER,MW
2030-05-07 01:00:00,YZ,8389.9,CE,IND_BOILER,MW
2030-05-08 02:00:00,YZ,8864.1,CE,IND_BOILER,MW
2030-05-09 03:00:00,YZ,7231.7,CE,IND_BOILER,MW
2030-05-10 04:00:00,YZ,6748.7,CE,IND_BOILER,MW
2030-05-11 05:00:00,YZ,7162.7,CE,IND_BOILER,MW
2030-05-12 06:00:00,YZ,8118.1,CE,IND_BOILER,MW
2030-05-13 07:00:00,YZ,9150.9,CE,IND_BOILER,MW
2030-05-14 08:00:00,YZ,11101.0,CE,IND_BOILER,MW
2030-05-15 09:00:00,YZ,11617.4,CE,IND_BOILER,MW
2030-05-16 10:00:00,YZ,10842.8,CE,IND_BOILER,MW
2030-05-17 11:00:00,YZ,8389.9,CE,IND_BOILER,MW
2030-05-18 12:00:00,YZ,9916.7,CE,IND_BOILER,MW
2030-05-19 13:00:00,YZ,10730.1,CE,IND_BOILER,MW
2030-05-20 14:00:00,YZ,13243.3,CE,IND_BOILER,MW
2030-05-21 15:00:00,YZ,11746.5,CE,IND_BOILER,MW
2030-05-22 16:00:00,YZ,11087.4,CE,IND_BOILER,MW
2030-05-23 17:00:00,YZ,11046.6,CE,IND_BOILER,MW
2030-05-24 18:00:00,YZ,8389.9,CE,IND_BOILER,MW
2030-05-25 19:00:00,YZ,8312.1,CE,IND_BOILER,MW
2030-05-26 20:00:00,YZ,10971.9,CE,IND_BOILER,MW
2030-05-27 21:00:00,YZ,12412.8,CE,IND_BOILER,MW
2030-05-28 22:00:00,YZ,11746.5,CE,IND_BOILER,MW
2030-05-29 23:00:00,YZ,10179.2,CE,IND_BOILER,MW
2030-05-31 00:00:00,YZ,8716.7,CE,IND_BOILER,MW
2030-06-01 01:00:00,YZ,7093.7,CE,IND_BOILER,MW
2030-06-02 02:00:00,YZ,6886.7,CE,IND_BOILER,MW
2030-06-03 03:00:00,YZ,7093.7,CE,IND_BOILER,MW
2030-06-04 04:00:00,YZ,7744.4,CE,IND_BOILER,MW
2030-06-05 05:00:00,YZ,8274.4,CE,IND_BOILER,MW
2030-06-06 06:00:00,YZ,10661.3,CE,IND_BOILER,MW
2030-06-07 07:00:00,YZ,11441.5,CE,IND_BOILER,MW
2030-06-08 08:00:00,YZ,8926.7,CE,IND_BOILER,MW
2030-06-09 09:00:00,YZ,10213.8,CE,IND_BOILER,MW
2030-06-10 10:00:00,YZ,10842.8,CE,IND_BOILER,MW
2030-06-11 11:00:00,YZ,11101.0,CE,IND_BOILER,MW
2030-06-12 12:00:00,YZ,11617.4,CE,IND_BOILER,MW
2030-06-13 13:00:00,YZ,12970.6,CE,IND_BOILER,MW
2030-06-14 14:00:00,YZ,10713.7,CE,IND_BOILER,MW
2030-06-15 15:00:00,YZ,8260.8,CE,IND_BOILER,MW
2030-06-16 16:00:00,YZ,9430.6,CE,IND_BOILER,MW
2030-06-17 17:00:00,YZ,10842.8,CE,IND_BOILER,MW
2030-06-18 18:00:00,YZ,11101.0,CE,IND_BOILER,MW
2030-06-19 19:00:00,YZ,11617.4,CE,IND_BOILER,MW
2030-06-20 20:00:00,YZ,12230.2,CE,IND_BOILER,MW
2030-06-21 21:00:00,YZ,10842.8,CE,IND_BOILER,MW
2030-06-22 22:00:00,YZ,8260.8,CE,IND_BOILER,MW
2030-06-23 23:00:00,YZ,8519.0,CE,IND_BOILER,MW
2030-06-25 00:00:00,YZ,10197.3,CE,IND_BOILER,MW
2030-06-26 01:00:00,YZ,9035.4,CE,IND_BOILER,MW
2030-06-27 02:00:00,YZ,8519.0,CE,IND_BOILER,MW
2030-06-28 03:00:00,YZ,7357.1,CE,IND_BOILER,MW
2030-06-29 04:00:00,YZ,6886.7,CE,IND_BOILER,MW
2030-06-30 05:00:00,YZ,6748.7,CE,IND_BOILER,MW
2030-07-01 06:00:00,YZ,7744.4,CE,IND_BOILER,MW
2030-07-02 07:00:00,YZ,8648.1,CE,IND_BOILER,MW
2030-07-03 08:00:00,YZ,10413.8,CE,IND_BOILER,MW
2030-07-04 09:00:00,YZ,11700.4,CE,IND_BOILER,MW
2030-07-05 10:00:00,YZ,11233.3,CE,IND_BOILER,MW
2030-07-06 11:00:00,YZ,8260.8,CE,IND_BOILER,MW
2030-07-07 12:00:00,YZ,9026.4,CE,IND_BOILER,MW
2030-07-08 13:00:00,YZ,9662.8,CE,IND_BOILER,MW
2030-07-09 14:00:00,YZ,10463.2,CE,IND_BOILER,MW
2030-07-10 15:00:00,YZ,11617.4,CE,IND_BOILER,MW
2030-07-11 16:00:00,YZ,12564.5,CE,IND_BOILER,MW
2030-07-12 17:00:00,YZ,10713.7,CE,IND_BOILER,MW
2030-07-13 18:00:00,YZ,8260.8,CE,IND_BOILER,MW
2030-07-14 19:00:00,YZ,8519.0,CE,IND_BOILER,MW
2030-07-15 20:00:00,YZ,10842.8,CE,IND_BOILER,MW
2030-07-16 21:00:00,YZ,11101.0,CE,IND_BOILER,MW
2030-07-17 22:00:00,YZ,11617.4,CE,IND_BOILER,MW
2030-07-18 23:00:00,YZ,11488.3,CE,IND_BOILER,MW
2030-07-20 00:00:00,YZ,9810.0,CE,IND_BOILER,MW
2030-07-21 01:00:00,YZ,7873.5,CE,IND_BOILER,MW
2030-07-22 02:00:00,YZ,7162.7,CE,IND_BOILER,MW
2030-07-23 03:00:00,YZ,7231.7,CE,IND_BOILER,MW
2030-07-24 04:00:00,YZ,7548.7,CE,IND_BOILER,MW
2030-07-25 05:00:00,YZ,7873.5,CE,IND_BOILER,MW
2030-07-26 06:00:00,YZ,7873.5,CE,IND_BOILER,MW
2030-07-27 07:00:00,YZ,7615.3,CE,IND_BOILER,MW
2030-07-28 08:00:00,YZ,8519.0,CE,IND_BOILER,MW
2030-07-29 09:00:00,YZ,10326.4,CE,IND_BOILER,MW
2030-07-30 10:00:00,YZ,10971.9,CE,IND_BOILER,MW
2030-07-31 11:00:00,YZ,11617.4,CE,IND_BOILER,MW
2030-08-01 12:00:00,YZ,13321.3,CE,IND_BOILER,MW
2030-08-02 13:00:00,YZ,10807.8,CE,IND_BOILER,MW
2030-08-03 14:00:00,YZ,9938.6,CE,IND_BOILER,MW
2030-08-04 15:00:00,YZ,10532.2,CE,IND_BOILER,MW
2030-08-05 16:00:00,YZ,10842.8,CE,IND_BOILER,MW
2030-08-06 17:00:00,YZ,11303.4,CE,IND_BOILER,MW
2030-08-07 18:00:00,YZ,12538.3,CE,IND_BOILER,MW
2030-08-08 19:00:00,YZ,11488.3,CE,IND_BOILER,MW
2030-08-09 20:00:00,YZ,10713.7,CE,IND_BOILER,MW
2030-08-10 21:00:00,YZ,8260.8,CE,IND_BOILER,MW
2030-08-11 22:00:00,YZ,8519.0,CE,IND_BOILER,MW
2030-08-12 23:00:00,YZ,9662.8,CE,IND_BOILER,MW
2030-08-14 00:00:00,YZ,10584.6,CE,IND_BOILER,MW
2030-08-15 01:00:00,YZ,9686.3,CE,IND_BOILER,MW
2030-08-16 02:00:00,YZ,8233.6,CE,IND_BOILER,MW
2030-08-17 03:00:00,YZ,8853.9,CE,IND_BOILER,MW
2030-08-18 04:00:00,YZ,6610.7,CE,IND_BOILER,MW
2030-08-19 05:00:00,YZ,6817.7,CE,IND_BOILER,MW
2030-08-20 06:00:00,YZ,7744.4,CE,IND_BOILER,MW
2030-08-21 07:00:00,YZ,9164.5,CE,IND_BOILER,MW
2030-08-22 08:00:00,YZ,10197.3,CE,IND_BOILER,MW
2030-08-23 09:00:00,YZ,10326.4,CE,IND_BOILER,MW
2030-08-24 10:00:00,YZ,8286.3,CE,IND_BOILER,MW
2030-08-25 11:00:00,YZ,8519.0,CE,IND_BOILER,MW
2030-08-26 12:00:00,YZ,10842.8,CE,IND_BOILER,MW
2030-08-27 13:00:00,YZ,11101.0,CE,IND_BOILER,MW
2030-08-28 14:00:00,YZ,11617.4,CE,IND_BOILER,MW
2030-08-29 15:00:00,YZ,11488.3,CE,IND_BOILER,MW
2030-08-30 16:00:00,YZ,10713.7,CE,IND_BOILER,MW
2030-08-31 17:00:00,YZ,8260.8,CE,IND_BOILER,MW
2030-09-01 18:00:00,YZ,8519.0,CE,IND_BOILER,MW
2030-09-02 19:00:00,YZ,10842.8,CE,IND_BOILER,MW
2030-09-03 20:00:00,YZ,10571.0,CE,IND_BOILER,MW
2030-09-04 21:00:00,YZ,11617.4,CE,IND_BOILER,MW
2030-09-05 22:00:00,YZ,11588.5,CE,IND_BOILER,MW
2030-09-06 23:00:00,YZ,10713.7,CE,IND_BOILER,MW
2030-09-08 00:00:00,YZ,7783.7,CE,IND_BOILER,MW
2030-09-09 01:00:00,YZ,8002.6,CE,IND_BOILER,MW
2030-09-10 02:00:00,YZ,7734.0,CE,IND_BOILER,MW
2030-09-11 03:00:00,YZ,8498.6,CE,IND_BOILER,MW
2030-09-12 04:00:00,YZ,7615.3,CE,IND_BOILER,MW
2030-09-13 05:00:00,YZ,7231.7,CE,IND_BOILER,MW
2030-09-14 06:00:00,YZ,6955.7,CE,IND_BOILER,MW
2030-09-15 07:00:00,YZ,7744.4,CE,IND_BOILER,MW
2030-09-16 08:00:00,YZ,9508.4,CE,IND_BOILER,MW
2030-09-17 09:00:00,YZ,9926.2,CE,IND_BOILER,MW
2030-09-18 10:00:00,YZ,12060.5,CE,IND_BOILER,MW
2030-09-19 11:00:00,YZ,11359.2,CE,IND_BOILER,MW
2030-09-20 12:00:00,YZ,10713.7,CE,IND_BOILER,MW
2030-09-21 13:00:00,YZ,8255.2,CE,IND_BOILER,MW
2030-09-22 14:00:00,YZ,8519.0,CE,IND_BOILER,MW
2030-09-23 15:00:00,YZ,10312.8,CE,IND_BOILER,MW
2030-09-24 16:00:00,YZ,10571.0,CE,IND_BOILER,MW
2030-09-25 17:00:00,YZ,12754.1,CE,IND_BOILER,MW
2030-09-26 18:00:00,YZ,11488.3,CE,IND_BOILER,MW
2030-09-27 19:00:00,YZ,10380.6,CE,IND_BOILER,MW
2030-09-28 20:00:00,YZ,8260.8,CE,IND_BOILER,MW
2030-09-29 21:00:00,YZ,8519.0,CE,IND_BOILER,MW
2030-09-30 22:00:00,YZ,10842.8,CE,IND_BOILER,MW
2030-10-01 23:00:00,YZ,11101.0,CE,IND_BOILER,MW
2030-10-03 00:00:00,YZ,10971.9,CE,IND_BOILER,MW
2030-10-04 01:00:00,YZ,8906.3,CE,IND_BOILER,MW
2030-10-05 02:00:00,YZ,7486.2,CE,IND_BOILER,MW
2030-10-06 03:00:00,YZ,6748.7,CE,IND_BOILER,MW
2030-10-07 04:00:00,YZ,6748.7,CE,IND_BOILER,MW
2030-10-08 05:00:00,YZ,7231.7,CE,IND_BOILER,MW
2030-10-09 06:00:00,YZ,8389.9,CE,IND_BOILER,MW
2030-10-10 07:00:00,YZ,10947.2,CE,IND_BOILER,MW
2030-10-11 08:00:00,YZ,10203.2,CE,IND_BOILER,MW
2030-10-12 09:00:00,YZ,8389.9,CE,IND_BOILER,MW
2030-10-13 10:00:00,YZ,7719.8,CE,IND_BOILER,MW
2030-10-14 11:00:00,YZ,10441.9,CE,IND_BOILER,MW
2030-10-15 12:00:00,YZ,11319.2,CE,IND_BOILER,MW
2030-10-16 13:00:00,YZ,11746.5,CE,IND_BOILER,MW
2030-10-17 14:00:00,YZ,11617.4,CE,IND_BOILER,MW
2030-10-18 15:00:00,YZ,10842.8,CE,IND_BOILER,MW
2030-10-19 16:00:00,YZ,9055.6,CE,IND_BOILER,MW
2030-10-20 17:00:00,YZ,8648.1,CE,IND_BOILER,MW
2030-10-21 18:00:00,YZ,10441.9,CE,IND_BOILER,MW
2030-10-22 19:00:00,YZ,10050.1,CE,IND_BOILER,MW
2030-10-23 20:00:00,YZ,11646.5,CE,IND_BOILER,MW
2030-10-24 21:00:00,YZ,11539.7,CE,IND_BOILER,MW
2030-10-25 22:00:00,YZ,9662.8,CE,IND_BOILER,MW
2030-10-26 23:00:00,YZ,8617.8,CE,IND_BOILER,MW
2030-10-28 00:00:00,YZ,8648.1,CE,IND_BOILER,MW
2030-10-29 01:00:00,YZ,8648.1,CE,IND_BOILER,MW
2030-10-30 02:00:00,YZ,10274.0,CE,IND_BOILER,MW
2030-10-31 03:00:00,YZ,8485.4,CE,IND_BOILER,MW
2030-11-01 04:00:00,YZ,7162.7,CE,IND_BOILER,MW
2030-11-02 05:00:00,YZ,6679.7,CE,IND_BOILER,MW
2030-11-03 06:00:00,YZ,7093.7,CE,IND_BOILER,MW
2030-11-04 07:00:00,YZ,7621.5,CE,IND_BOILER,MW
2030-11-05 08:00:00,YZ,9371.0,CE,IND_BOILER,MW
2030-11-06 09:00:00,YZ,10971.9,CE,IND_BOILER,MW
2030-11-07 10:00:00,YZ,11488.3,CE,IND_BOILER,MW
2030-11-08 11:00:00,YZ,10878.6,CE,IND_BOILER,MW
2030-11-09 12:00:00,YZ,8389.9,CE,IND_BOILER,MW
2030-11-10 13:00:00,YZ,8648.1,CE,IND_BOILER,MW
2030-11-11 14:00:00,YZ,10971.9,CE,IND_BOILER,MW
2030-11-12 15:00:00,YZ,11230.1,CE,IND_BOILER,MW
2030-11-13 16:00:00,YZ,11746.5,CE,IND_BOILER,MW
2030-11-14 17:00:00,YZ,11617.4,CE,IND_BOILER,MW
2030-11-15 18:00:00,YZ,12856.0,CE,IND_BOILER,MW
2030-11-16 19:00:00,YZ,8389.9,CE,IND_BOILER,MW
2030-11-17 20:00:00,YZ,8648.1,CE,IND_BOILER,MW
2030-11-18 21:00:00,YZ,12120.5,CE,IND_BOILER,MW
2030-11-19 22:00:00,YZ,10050.1,CE,IND_BOILER,MW
2030-11-20 23:00:00,YZ,11216.5,CE,IND_BOILER,MW
2030-11-22 00:00:00,YZ,9404.6,CE,IND_BOILER,MW
2030-11-23 01:00:00,YZ,8389.9,CE,IND_BOILER,MW
2030-11-24 02:00:00,YZ,7162.7,CE,IND_BOILER,MW
2030-11-25 03:00:00,YZ,6955.7,CE,IND_BOILER,MW
2030-11-26 04:00:00,YZ,8813.1,CE,IND_BOILER,MW
2030-11-27 05:00:00,YZ,7873.5,CE,IND_BOILER,MW
2030-11-28 06:00:00,YZ,8464.3,CE,IND_BOILER,MW
2030-11-29 07:00:00,YZ,10919.5,CE,IND_BOILER,MW
2030-11-30 08:00:00,YZ,8024.1,CE,IND_BOILER,MW
2030-12-01 09:00:00,YZ,8777.2,CE,IND_BOILER,MW
2030-12-02 10:00:00,YZ,10971.9,CE,IND_BOILER,MW
2030-12-03 11:00:00,YZ,11359.2,CE,IND_BOILER,MW
2030-12-04 12:00:00,YZ,11875.6,CE,IND_BOILER,MW
2030-12-05 13:00:00,YZ,11746.5,CE,IND_BOILER,MW
2030-12-06 14:00:00,YZ,12218.8,CE,IND_BOILER,MW
2030-12-07 15:00:00,YZ,10532.2,CE,IND_BOILER,MW
2030-12-08 16:00:00,YZ,8702.2,CE,IND_BOILER,MW
2030-12-09 17:00:00,YZ,10571.0,CE,IND_BOILER,MW
2030-12-10 18:00:00,YZ,11359.2,CE,IND_BOILER,MW
2030-12-11 19:00:00,YZ,11875.6,CE,IND_BOILER,MW
2030-12-12 20:00:00,YZ,11746.5,CE,IND_BOILER,MW
2030-12-13 21:00:00,YZ,10971.9,CE,IND_BOILER,MW
2030-12-14 22:00:00,YZ,7989.0,CE,IND_BOILER,MW
2030-12-15 23:00:00,YZ,7597.2,CE,IND_BOILER,MW
2030-12-17 00:00:00,YZ,11101.4,CE,IND_BOILER,MW
2030-12-18 01:00:00,YZ,9293.6,CE,IND_BOILER,MW
2030-12-19 02:00:00,YZ,9006.1,CE,IND_BOILER,MW
2030-12-20 03:00:00,YZ,7615.3,CE,IND_BOILER,MW
2030-12-21 04:00:00,YZ,7024.7,CE,IND_BOILER,MW
2030-12-22 05:00:00,YZ,6886.7,CE,IND_BOILER,MW
2030-12-23 06:00:00,YZ,8002.6,CE,IND_BOILER,MW
2030-12-24 07:00:00,YZ,10919.5,CE,IND_BOILER,MW
2030-12-25 08:00:00,YZ,10326.4,CE,IND_BOILER,MW
2030-12-26 09:00:00,YZ,11359.2,CE,IND_BOILER,MW
2030-12-27 10:00:00,YZ,10971.9,CE,IND_BOILER,MW
2030-12-28 11:00:00,YZ,8828.0,CE,IND_BOILER,MW
2030-12-29 12:00:00,YZ,8777.2,CE,IND_BOILER,MW
2030-12-30 13:00:00,YZ,11137.9,CE,IND_BOILER,MW
2030-12-31 14:00:00,YZ,13501.5,CE,IND_BOILER,MW
2031-01-01 15:00:00,YZ,12004.7,CE,IND_BOILER,MW
2030-01-01 00:00:00,YZ,441.3,NR,EIDT,MW
2030-01-02 01:00:00,YZ,441.3,NR,EIDT,MW
2030-01-03 02:00:00,YZ,441.3,NR,EIDT,MW
2030-01-04 03:00:00,YZ,441.3,NR,EIDT,MW
2030-01-05 04:00:00,YZ,441.3,NR,EIDT,MW
2030-01-06 05:00:00,YZ,441.3,NR,EIDT,MW
2030-01-07 06:00:00,YZ,441.3,NR,EIDT,MW
2030-01-08 07:00:00,YZ,441.3,NR,EIDT,MW
2030-01-09 08:00:00,YZ,441.3,NR,EIDT,MW
2030-01-10 09:00:00,YZ,441.3,NR,EIDT,MW
2030-01-11 10:00:00,YZ,441.3,NR,EIDT,MW
2030-01-12 11:00:00,YZ,441.3,NR,EIDT,MW
2030-01-13 12:00:00,YZ,441.3,NR,EIDT,MW
2030-01-14 13:00:00,YZ,441.3,NR,EIDT,MW
2030-01-15 14:00:00,YZ,441.3,NR,EIDT,MW
2030-01-16 15:00:00,YZ,441.3,NR,EIDT,MW
2030-01-17 16:00:00,YZ,441.3,NR,EIDT,MW
2030-01-18 17:00:00,YZ,441.3,NR,EIDT,MW
2030-01-19 18:00:00,YZ,441.3,NR,EIDT,MW
2030-01-20 19:00:00,YZ,441.3,NR,EIDT,MW
2030-01-21 20:00:00,YZ,441.3,NR,EIDT,MW
2030-01-22 21:00:00,YZ,441.3,NR,EIDT,MW
2030-01-23 22:00:00,YZ,441.3,NR,EIDT,MW
2030-01-24 23:00:00,YZ,441.3,NR,EIDT,MW
2030-01-26 00:00:00,YZ,441.3,NR,EIDT,MW
2030-01-27 01:00:00,YZ,441.3,NR,EIDT,MW
2030-01-28 02:00:00,YZ,441.3,NR,EIDT,MW
2030-01-29 03:00:00,YZ,246.1,NR,EIDT,MW
2030-01-30 04:00:00,YZ,270.5,NR,EIDT,MW
2030-01-31 05:00:00,YZ,439.0,NR,EIDT,MW
2030-02-01 06:00:00,YZ,441.3,NR,EIDT,MW
2030-02-02 07:00:00,YZ,441.3,NR,EIDT,MW
2030-02-03 08:00:00,YZ,386.4,NR,EIDT,MW
2030-02-04 09:00:00,YZ,441.3,NR,EIDT,MW
2030-02-05 10:00:00,YZ,441.3,NR,EIDT,MW
2030-02-06 11:00:00,YZ,441.3,NR,EIDT,MW
2030-02-07 12:00:00,YZ,441.3,NR,EIDT,MW
2030-02-08 13:00:00,YZ,441.3,NR,EIDT,MW
2030-02-09 14:00:00,YZ,441.3,NR,EIDT,MW
2030-02-10 15:00:00,YZ,416.9,NR,EIDT,MW
2030-02-11 16:00:00,YZ,441.3,NR,EIDT,MW
2030-02-12 17:00:00,YZ,441.3,NR,EIDT,MW
2030-02-13 18:00:00,YZ,441.3,NR,EIDT,MW
2030-02-14 19:00:00,YZ,441.3,NR,EIDT,MW
2030-02-15 20:00:00,YZ,441.3,NR,EIDT,MW
2030-02-16 21:00:00,YZ,441.3,NR,EIDT,MW
2030-02-17 22:00:00,YZ,441.3,NR,EIDT,MW
2030-02-18 23:00:00,YZ,441.3,NR,EIDT,MW
2030-02-20 00:00:00,YZ,441.3,NR,EIDT,MW
2030-02-21 01:00:00,YZ,294.3,NR,EIDT,MW
2030-02-22 02:00:00,YZ,441.3,NR,EIDT,MW
2030-02-23 03:00:00,YZ,441.3,NR,EIDT,MW
2030-02-24 04:00:00,YZ,441.3,NR,EIDT,MW
2030-02-25 05:00:00,YZ,441.3,NR,EIDT,MW
2030-02-26 06:00:00,YZ,441.3,NR,EIDT,MW
2030-02-27 07:00:00,YZ,441.3,NR,EIDT,MW
2030-02-28 08:00:00,YZ,441.3,NR,EIDT,MW
2030-03-01 09:00:00,YZ,441.3,NR,EIDT,MW
2030-03-02 10:00:00,YZ,441.3,NR,EIDT,MW
2030-03-03 11:00:00,YZ,441.3,NR,EIDT,MW
2030-03-04 12:00:00,YZ,441.3,NR,EIDT,MW
2030-03-05 13:00:00,YZ,441.3,NR,EIDT,MW
2030-03-06 14:00:00,YZ,441.3,NR,EIDT,MW
2030-03-07 15:00:00,YZ,441.3,NR,EIDT,MW
2030-03-08 16:00:00,YZ,282.7,NR,EIDT,MW
2030-03-09 17:00:00,YZ,441.3,NR,EIDT,MW
2030-03-10 18:00:00,YZ,441.3,NR,EIDT,MW
2030-03-11 19:00:00,YZ,441.3,NR,EIDT,MW
2030-03-12 20:00:00,YZ,441.3,NR,EIDT,MW
2030-03-13 21:00:00,YZ,441.3,NR,EIDT,MW
2030-03-14 22:00:00,YZ,441.3,NR,EIDT,MW
2030-03-15 23:00:00,YZ,441.3,NR,EIDT,MW
2030-03-17 00:00:00,YZ,441.3,NR,EIDT,MW
2030-03-18 01:00:00,YZ,441.3,NR,EIDT,MW
2030-03-19 02:00:00,YZ,441.3,NR,EIDT,MW
2030-03-20 03:00:00,YZ,441.3,NR,EIDT,MW
2030-03-21 04:00:00,YZ,441.3,NR,EIDT,MW
2030-03-22 05:00:00,YZ,441.3,NR,EIDT,MW
2030-03-23 06:00:00,YZ,441.3,NR,EIDT,MW
2030-03-24 07:00:00,YZ,441.3,NR,EIDT,MW
2030-03-25 08:00:00,YZ,441.3,NR,EIDT,MW
2030-03-26 09:00:00,YZ,441.3,NR,EIDT,MW
2030-03-27 10:00:00,YZ,441.3,NR,EIDT,MW
2030-03-28 11:00:00,YZ,441.3,NR,EIDT,MW
2030-03-29 12:00:00,YZ,441.3,NR,EIDT,MW
2030-03-30 13:00:00,YZ,441.3,NR,EIDT,MW
2030-03-31 14:00:00,YZ,441.3,NR,EIDT,MW
2030-04-01 15:00:00,YZ,441.3,NR,EIDT,MW
2030-04-02 16:00:00,YZ,441.3,NR,EIDT,MW
2030-04-03 17:00:00,YZ,441.3,NR,EIDT,MW
2030-04-04 18:00:00,YZ,441.3,NR,EIDT,MW
2030-04-05 19:00:00,YZ,441.3,NR,EIDT,MW
2030-04-06 20:00:00,YZ,441.3,NR,EIDT,MW
2030-04-07 21:00:00,YZ,441.3,NR,EIDT,MW
2030-04-08 22:00:00,YZ,441.3,NR,EIDT,MW
2030-04-09 23:00:00,YZ,441.3,NR,EIDT,MW
2030-04-11 00:00:00,YZ,441.3,NR,EIDT,MW
2030-04-12 01:00:00,YZ,441.3,NR,EIDT,MW
2030-04-13 02:00:00,YZ,441.3,NR,EIDT,MW
2030-04-14 03:00:00,YZ,441.3,NR,EIDT,MW
2030-04-15 04:00:00,YZ,441.3,NR,EIDT,MW
2030-04-16 05:00:00,YZ,441.3,NR,EIDT,MW
2030-04-17 06:00:00,YZ,441.3,NR,EIDT,MW
2030-04-18 07:00:00,YZ,441.3,NR,EIDT,MW
2030-04-19 08:00:00,YZ,441.3,NR,EIDT,MW
2030-04-20 09:00:00,YZ,441.3,NR,EIDT,MW
2030-04-21 10:00:00,YZ,441.3,NR,EIDT,MW
2030-04-22 11:00:00,YZ,441.3,NR,EIDT,MW
2030-04-23 12:00:00,YZ,441.3,NR,EIDT,MW
2030-04-24 13:00:00,YZ,441.3,NR,EIDT,MW
2030-04-25 14:00:00,YZ,441.3,NR,EIDT,MW
2030-04-26 15:00:00,YZ,441.3,NR,EIDT,MW
2030-04-27 16:00:00,YZ,441.3,NR,EIDT,MW
2030-04-28 17:00:00,YZ,441.3,NR,EIDT,MW
2030-04-29 18:00:00,YZ,441.3,NR,EIDT,MW
2030-04-30 19:00:00,YZ,441.3,NR,EIDT,MW
2030-05-01 20:00:00,YZ,441.3,NR,EIDT,MW
2030-05-02 21:00:00,YZ,441.3,NR,EIDT,MW
2030-05-03 22:00:00,YZ,441.3,NR,EIDT,MW
2030-05-04 23:00:00,YZ,441.3,NR,EIDT,MW
2030-05-06 00:00:00,YZ,441.3,NR,EIDT,MW
2030-05-07 01:00:00,YZ,441.3,NR,EIDT,MW
2030-05-08 02:00:00,YZ,441.3,NR,EIDT,MW
2030-05-09 03:00:00,YZ,441.3,NR,EIDT,MW
2030-05-10 04:00:00,YZ,441.3,NR,EIDT,MW
2030-05-11 05:00:00,YZ,441.3,NR,EIDT,MW
2030-05-12 06:00:00,YZ,441.3,NR,EIDT,MW
2030-05-13 07:00:00,YZ,441.3,NR,EIDT,MW
2030-05-14 08:00:00,YZ,441.3,NR,EIDT,MW
2030-05-15 09:00:00,YZ,441.3,NR,EIDT,MW
2030-05-16 10:00:00,YZ,441.3,NR,EIDT,MW
2030-05-17 11:00:00,YZ,441.3,NR,EIDT,MW
2030-05-18 12:00:00,YZ,441.3,NR,EIDT,MW
2030-05-19 13:00:00,YZ,441.3,NR,EIDT,MW
2030-05-20 14:00:00,YZ,441.3,NR,EIDT,MW
2030-05-21 15:00:00,YZ,441.3,NR,EIDT,MW
2030-05-22 16:00:00,YZ,441.3,NR,EIDT,MW
2030-05-23 17:00:00,YZ,441.3,NR,EIDT,MW
2030-05-24 18:00:00,YZ,441.3,NR,EIDT,MW
2030-05-25 19:00:00,YZ,441.3,NR,EIDT,MW
2030-05-26 20:00:00,YZ,441.3,NR,EIDT,MW
2030-05-27 21:00:00,YZ,441.3,NR,EIDT,MW
2030-05-28 22:00:00,YZ,441.3,NR,EIDT,MW
2030-05-29 23:00:00,YZ,441.3,NR,EIDT,MW
2030-05-31 00:00:00,YZ,441.3,NR,EIDT,MW
2030-06-01 01:00:00,YZ,441.3,NR,EIDT,MW
2030-06-02 02:00:00,YZ,441.3,NR,EIDT,MW
2030-06-03 03:00:00,YZ,441.3,NR,EIDT,MW
2030-06-04 04:00:00,YZ,441.3,NR,EIDT,MW
2030-06-05 05:00:00,YZ,441.3,NR,EIDT,MW
2030-06-06 06:00:00,YZ,441.3,NR,EIDT,MW
2030-06-07 07:00:00,YZ,441.3,NR,EIDT,MW
2030-06-08 08:00:00,YZ,441.3,NR,EIDT,MW
2030-06-09 09:00:00,YZ,441.3,NR,EIDT,MW
2030-06-10 10:00:00,YZ,441.3,NR,EIDT,MW
2030-06-11 11:00:00,YZ,441.3,NR,EIDT,MW
2030-06-12 12:00:00,YZ,441.3,NR,EIDT,MW
2030-06-13 13:00:00,YZ,441.3,NR,EIDT,MW
2030-06-14 14:00:00,YZ,441.3,NR,EIDT,MW
2030-06-15 15:00:00,YZ,441.3,NR,EIDT,MW
2030-06-16 16:00:00,YZ,441.3,NR,EIDT,MW
2030-06-17 17:00:00,YZ,441.3,NR,EIDT,MW
2030-06-18 18:00:00,YZ,441.3,NR,EIDT,MW
2030-06-19 19:00:00,YZ,441.3,NR,EIDT,MW
2030-06-20 20:00:00,YZ,441.3,NR,EIDT,MW
2030-06-21 21:00:00,YZ,441.3,NR,EIDT,MW
2030-06-22 22:00:00,YZ,441.3,NR,EIDT,MW
2030-06-23 23:00:00,YZ,441.3,NR,EIDT,MW
2030-06-25 00:00:00,YZ,441.3,NR,EIDT,MW
2030-06-26 01:00:00,YZ,441.3,NR,EIDT,MW
2030-06-27 02:00:00,YZ,441.3,NR,EIDT,MW
2030-06-28 03:00:00,YZ,441.3,NR,EIDT,MW
2030-06-29 04:00:00,YZ,441.3,NR,EIDT,MW
2030-06-30 05:00:00,YZ,441.3,NR,EIDT,MW
2030-07-01 06:00:00,YZ,441.3,NR,EIDT,MW
2030-07-02 07:00:00,YZ,441.3,NR,EIDT,MW
2030-07-03 08:00:00,YZ,441.3,NR,EIDT,MW
2030-07-04 09:00:00,YZ,441.3,NR,EIDT,MW
2030-07-05 10:00:00,YZ,441.3,NR,EIDT,MW
2030-07-06 11:00:00,YZ,441.3,NR,EIDT,MW
2030-07-07 12:00:00,YZ,441.3,NR,EIDT,MW
2030-07-08 13:00:00,YZ,441.3,NR,EIDT,MW
2030-07-09 14:00:00,YZ,441.3,NR,EIDT,MW
2030-07-10 15:00:00,YZ,441.3,NR,EIDT,MW
2030-07-11 16:00:00,YZ,441.3,NR,EIDT,MW
2030-07-12 17:00:00,YZ,441.3,NR,EIDT,MW
2030-07-13 18:00:00,YZ,441.3,NR,EIDT,MW
2030-07-14 19:00:00,YZ,441.3,NR,EIDT,MW
2030-07-15 20:00:00,YZ,441.3,NR,EIDT,MW
2030-07-16 21:00:00,YZ,441.3,NR,EIDT,MW
2030-07-17 22:00:00,YZ,441.3,NR,EIDT,MW
2030-07-18 23:00:00,YZ,441.3,NR,EIDT,MW
2030-07-20 00:00:00,YZ,441.3,NR,EIDT,MW
2030-07-21 01:00:00,YZ,441.3,NR,EIDT,MW
2030-07-22 02:00:00,YZ,441.3,NR,EIDT,MW
2030-07-23 03:00:00,YZ,441.3,NR,EIDT,MW
2030-07-24 04:00:00,YZ,441.3,NR,EIDT,MW
2030-07-25 05:00:00,YZ,441.3,NR,EIDT,MW
2030-07-26 06:00:00,YZ,441.3,NR,EIDT,MW
2030-07-27 07:00:00,YZ,441.3,NR,EIDT,MW
2030-07-28 08:00:00,YZ,441.3,NR,EIDT,MW
2030-07-29 09:00:00,YZ,441.3,NR,EIDT,MW
2030-07-30 10:00:00,YZ,441.3,NR,EIDT,MW
2030-07-31 11:00:00,YZ,441.3,NR,EIDT,MW
2030-08-01 12:00:00,YZ,441.3,NR,EIDT,MW
2030-08-02 13:00:00,YZ,441.3,NR,EIDT,MW
2030-08-03 14:00:00,YZ,441.3,NR,EIDT,MW
2030-08-04 15:00:00,YZ,441.3,NR,EIDT,MW
2030-08-05 16:00:00,YZ,441.3,NR,EIDT,MW
2030-08-06 17:00:00,YZ,441.3,NR,EIDT,MW
2030-08-07 18:00:00,YZ,441.3,NR,EIDT,MW
2030-08-08 19:00:00,YZ,441.3,NR,EIDT,MW
2030-08-09 20:00:00,YZ,441.3,NR,EIDT,MW
2030-08-10 21:00:00,YZ,441.3,NR,EIDT,MW
2030-08-11 22:00:00,YZ,441.3,NR,EIDT,MW
2030-08-12 23:00:00,YZ,441.3,NR,EIDT,MW
2030-08-14 00:00:00,YZ,441.3,NR,EIDT,MW
2030-08-15 01:00:00,YZ,441.3,NR,EIDT,MW
2030-08-16 02:00:00,YZ,441.3,NR,EIDT,MW
2030-08-17 03:00:00,YZ,441.3,NR,EIDT,MW
2030-08-18 04:00:00,YZ,441.3,NR,EIDT,MW
2030-08-19 05:00:00,YZ,441.3,NR,EIDT,MW
2030-08-20 06:00:00,YZ,441.3,NR,EIDT,MW
2030-08-21 07:00:00,YZ,441.3,NR,EIDT,MW
2030-08-22 08:00:00,YZ,441.3,NR,EIDT,MW
2030-08-23 09:00:00,YZ,441.3,NR,EIDT,MW
2030-08-24 10:00:00,YZ,441.3,NR,EIDT,MW
2030-08-25 11:00:00,YZ,441.3,NR,EIDT,MW
2030-08-26 12:00:00,YZ,441.3,NR,EIDT,MW
2030-08-27 13:00:00,YZ,441.3,NR,EIDT,MW
2030-08-28 14:00:00,YZ,441.3,NR,EIDT,MW
2030-08-29 15:00:00,YZ,441.3,NR,EIDT,MW
2030-08-30 16:00:00,YZ,441.3,NR,EIDT,MW
2030-08-31 17:00:00,YZ,441.3,NR,EIDT,MW
2030-09-01 18:00:00,YZ,441.3,NR,EIDT,MW
2030-09-02 19:00:00,YZ,441.3,NR,EIDT,MW
2030-09-03 20:00:00,YZ,441.3,NR,EIDT,MW
2030-09-04 21:00:00,YZ,441.3,NR,EIDT,MW
2030-09-05 22:00:00,YZ,441.3,NR,EIDT,MW
2030-09-06 23:00:00,YZ,441.3,NR,EIDT,MW
2030-09-08 00:00:00,YZ,441.3,NR,EIDT,MW
2030-09-09 01:00:00,YZ,441.3,NR,EIDT,MW
2030-09-10 02:00:00,YZ,441.3,NR,EIDT,MW
2030-09-11 03:00:00,YZ,441.3,NR,EIDT,MW
2030-09-12 04:00:00,YZ,441.3,NR,EIDT,MW
2030-09-13 05:00:00,YZ,441.3,NR,EIDT,MW
2030-09-14 06:00:00,YZ,441.3,NR,EIDT,MW
2030-09-15 07:00:00,YZ,441.3,NR,EIDT,MW
2030-09-16 08:00:00,YZ,441.3,NR,EIDT,MW
2030-09-17 09:00:00,YZ,441.3,NR,EIDT,MW
2030-09-18 10:00:00,YZ,441.3,NR,EIDT,MW
2030-09-19 11:00:00,YZ,441.3,NR,EIDT,MW
2030-09-20 12:00:00,YZ,441.3,NR,EIDT,MW
2030-09-21 13:00:00,YZ,441.3,NR,EIDT,MW
2030-09-22 14:00:00,YZ,441.3,NR,EIDT,MW
2030-09-23 15:00:00,YZ,441.3,NR,EIDT,MW
2030-09-24 16:00:00,YZ,441.3,NR,EIDT,MW
2030-09-25 17:00:00,YZ,441.3,NR,EIDT,MW
2030-09-26 18:00:00,YZ,441.3,NR,EIDT,MW
2030-09-27 19:00:00,YZ,441.3,NR,EIDT,MW
2030-09-28 20:00:00,YZ,441.3,NR,EIDT,MW
2030-09-29 21:00:00,YZ,441.3,NR,EIDT,MW
2030-09-30 22:00:00,YZ,441.3,NR,EIDT,MW
2030-10-01 23:00:00,YZ,441.3,NR,EIDT,MW
2030-10-03 00:00:00,YZ,441.3,NR,EIDT,MW
2030-10-04 01:00:00,YZ,441.3,NR,EIDT,MW
2030-10-05 02:00:00,YZ,441.3,NR,EIDT,MW
2030-10-06 03:00:00,YZ,441.3,NR,EIDT,MW
2030-10-07 04:00:00,YZ,441.3,NR,EIDT,MW
2030-10-08 05:00:00,YZ,441.3,NR,EIDT,MW
2030-10-09 06:00:00,YZ,441.3,NR,EIDT,MW
2030-10-10 07:00:00,YZ,441.3,NR,EIDT,MW
2030-10-11 08:00:00,YZ,441.3,NR,EIDT,MW
2030-10-12 09:00:00,YZ,441.3,NR,EIDT,MW
2030-10-13 10:00:00,YZ,441.3,NR,EIDT,MW
2030-10-14 11:00:00,YZ,441.3,NR,EIDT,MW
2030-10-15 12:00:00,YZ,441.3,NR,EIDT,MW
2030-10-16 13:00:00,YZ,441.3,NR,EIDT,MW
2030-10-17 14:00:00,YZ,441.3,NR,EIDT,MW
2030-10-18 15:00:00,YZ,441.3,NR,EIDT,MW
2030-10-19 16:00:00,YZ,441.3,NR,EIDT,MW
2030-10-20 17:00:00,YZ,441.3,NR,EIDT,MW
2030-10-21 18:00:00,YZ,441.3,NR,EIDT,MW
2030-10-22 19:00:00,YZ,441.3,NR,EIDT,MW
2030-10-23 20:00:00,YZ,441.3,NR,EIDT,MW
2030-10-24 21:00:00,YZ,441.3,NR,EIDT,MW
2030-10-25 22:00:00,YZ,441.3,NR,EIDT,MW
2030-10-26 23:00:00,YZ,441.3,NR,EIDT,MW
2030-10-28 00:00:00,YZ,441.3,NR,EIDT,MW
2030-10-29 01:00:00,YZ,441.3,NR,EIDT,MW
2030-10-30 02:00:00,YZ,441.3,NR,EIDT,MW
2030-10-31 03:00:00,YZ,441.3,NR,EIDT,MW
2030-11-01 04:00:00,YZ,441.3,NR,EIDT,MW
2030-11-02 05:00:00,YZ,441.3,NR,EIDT,MW
2030-11-03 06:00:00,YZ,441.3,NR,EIDT,MW
2030-11-04 07:00:00,YZ,441.3,NR,EIDT,MW
2030-11-05 08:00:00,YZ,441.3,NR,EIDT,MW
2030-11-06 09:00:00,YZ,441.3,NR,EIDT,MW
2030-11-07 10:00:00,YZ,441.3,NR,EIDT,MW
2030-11-08 11:00:00,YZ,441.3,NR,EIDT,MW
2030-11-09 12:00:00,YZ,441.3,NR,EIDT,MW
2030-11-10 13:00:00,YZ,441.3,NR,EIDT,MW
2030-11-11 14:00:00,YZ,441.3,NR,EIDT,MW
2030-11-12 15:00:00,YZ,441.3,NR,EIDT,MW
2030-11-13 16:00:00,YZ,441.3,NR,EIDT,MW
2030-11-14 17:00:00,YZ,441.3,NR,EIDT,MW
2030-11-15 18:00:00,YZ,441.3,NR,EIDT,MW
2030-11-16 19:00:00,YZ,441.3,NR,EIDT,MW
2030-11-17 20:00:00,YZ,441.3,NR,EIDT,MW
2030-11-18 21:00:00,YZ,441.3,NR,EIDT,MW
2030-11-19 22:00:00,YZ,441.3,NR,EIDT,MW
2030-11-20 23:00:00,YZ,441.3,NR,EIDT,MW
2030-11-22 00:00:00,YZ,441.3,NR,EIDT,MW
2030-11-23 01:00:00,YZ,441.3,NR,EIDT,MW
2030-11-24 02:00:00,YZ,441.3,NR,EIDT,MW
2030-11-25 03:00:00,YZ,441.3,NR,EIDT,MW
2030-11-26 04:00:00,YZ,441.3,NR,EIDT,MW
2030-11-27 05:00:00,YZ,441.3,NR,EIDT,MW
2030-11-28 06:00:00,YZ,441.3,NR,EIDT,MW
2030-11-29 07:00:00,YZ,441.3,NR,EIDT,MW
2030-11-30 08:00:00,YZ,441.3,NR,EIDT,MW
2030-12-01 09:00:00,YZ,441.3,NR,EIDT,MW
2030-12-02 10:00:00,YZ,441.3,NR,EIDT,MW
2030-12-03 11:00:00,YZ,441.3,NR,EIDT,MW
2030-12-04 12:00:00,YZ,441.3,NR,EIDT,MW
2030-12-05 13:00:00,YZ,441.3,NR,EIDT,MW
2030-12-06 14:00:00,YZ,441.3,NR,EIDT,MW
2030-12-07 15:00:00,YZ,441.3,NR,EIDT,MW
2030-12-08 16:00:00,YZ,441.3,NR,EIDT,MW
2030-12-09 17:00:00,YZ,441.3,NR,EIDT,MW
2030-12-10 18:00:00,YZ,441.3,NR,EIDT,MW
2030-12-11 19:00:00,YZ,441.3,NR,EIDT,MW
2030-12-12 20:00:00,YZ,441.3,NR,EIDT,MW
2030-12-13 21:00:00,YZ,441.3,NR,EIDT,MW
2030-12-14 22:00:00,YZ,441.3,NR,EIDT,MW
2030-12-15 23:00:00,YZ,441.3,NR,EIDT,MW
2030-12-17 00:00:00,YZ,441.3,NR,EIDT,MW
2030-12-18 01:00:00,YZ,441.3,NR,EIDT,MW
2030-12-19 02:00:00,YZ,441.3,NR,EIDT,MW
2030-12-20 03:00:00,YZ,441.3,NR,EIDT,MW
2030-12-21 04:00:00,YZ,441.3,NR,EIDT,MW
2030-12-22 05:00:00,YZ,441.3,NR,EIDT,MW
2030-12-23 06:00:00,YZ,441.3,NR,EIDT,MW
2030-12-24 07:00:00,YZ,441.3,NR,EIDT,MW
2030-12-25 08:00:00,YZ,441.3,NR,EIDT,MW
2030-12-26 09:00:00,YZ,441.3,NR,EIDT,MW
2030-12-27 10:00:00,YZ,441.3,NR,EIDT,MW
2030-12-28 11:00:00,YZ,441.3,NR,EIDT,MW
2030-12-29 12:00:00,YZ,441.3,NR,EIDT,MW
2030-12-30 13:00:00,YZ,441.3,NR,EIDT,MW
2030-12-31 14:00:00,YZ,441.3,NR,EIDT,MW
2031-01-01 15:00:00,YZ,441.3,NR,EIDT,MW
2030-01-01 00:00:00,YZ,825.1,NR,IND_BOILER,MW
2030-01-02 01:00:00,YZ,1031.4,NR,IND_BOILER,MW
2030-01-03 02:00:00,YZ,1509.6,NR,IND_BOILER,MW
2030-01-04 03:00:00,YZ,1299.1,NR,IND_BOILER,MW
2030-01-05 04:00:00,YZ,628.2,NR,IND_BOILER,MW
2030-01-06 05:00:00,YZ,664.0,NR,IND_BOILER,MW
2030-01-07 06:00:00,YZ,789.3,NR,IND_BOILER,MW
2030-01-08 07:00:00,YZ,896.7,NR,IND_BOILER,MW
2030-01-09 08:00:00,YZ,968.3,NR,IND_BOILER,MW
2030-01-10 09:00:00,YZ,950.4,NR,IND_BOILER,MW
2030-01-11 10:00:00,YZ,1156.7,NR,IND_BOILER,MW
2030-01-12 11:00:00,YZ,753.5,NR,IND_BOILER,MW
2030-01-13 12:00:00,YZ,789.3,NR,IND_BOILER,MW
2030-01-14 13:00:00,YZ,950.4,NR,IND_BOILER,MW
2030-01-15 14:00:00,YZ,1616.9,NR,IND_BOILER,MW
2030-01-16 15:00:00,YZ,1389.4,NR,IND_BOILER,MW
2030-01-17 16:00:00,YZ,1282.0,NR,IND_BOILER,MW
2030-01-18 17:00:00,YZ,786.6,NR,IND_BOILER,MW
2030-01-19 18:00:00,YZ,959.8,NR,IND_BOILER,MW
2030-01-20 19:00:00,YZ,1039.9,NR,IND_BOILER,MW
2030-01-21 20:00:00,YZ,1075.7,NR,IND_BOILER,MW
2030-01-22 21:00:00,YZ,1141.2,NR,IND_BOILER,MW
2030-01-23 22:00:00,YZ,1129.4,NR,IND_BOILER,MW
2030-01-24 23:00:00,YZ,896.7,NR,IND_BOILER,MW
2030-01-26 00:00:00,YZ,779.1,NR,IND_BOILER,MW
2030-01-27 01:00:00,YZ,502.9,NR,IND_BOILER,MW
2030-01-28 02:00:00,YZ,260.8,NR,IND_BOILER,MW
2030-01-29 03:00:00,YZ,1561.8,NR,IND_BOILER,MW
2030-01-30 04:00:00,YZ,1609.0,NR,IND_BOILER,MW
2030-01-31 05:00:00,YZ,1422.6,NR,IND_BOILER,MW
2030-02-01 06:00:00,YZ,592.4,NR,IND_BOILER,MW
2030-02-02 07:00:00,YZ,717.7,NR,IND_BOILER,MW
2030-02-03 08:00:00,YZ,1833.2,NR,IND_BOILER,MW
2030-02-04 09:00:00,YZ,1335.7,NR,IND_BOILER,MW
2030-02-05 10:00:00,YZ,1153.0,NR,IND_BOILER,MW
2030-02-06 11:00:00,YZ,1401.2,NR,IND_BOILER,MW
2030-02-07 12:00:00,YZ,1039.9,NR,IND_BOILER,MW
2030-02-08 13:00:00,YZ,941.9,NR,IND_BOILER,MW
2030-02-09 14:00:00,YZ,853.8,NR,IND_BOILER,MW
2030-02-10 15:00:00,YZ,1892.2,NR,IND_BOILER,MW
2030-02-11 16:00:00,YZ,1093.6,NR,IND_BOILER,MW
2030-02-12 17:00:00,YZ,1153.0,NR,IND_BOILER,MW
2030-02-13 18:00:00,YZ,1141.2,NR,IND_BOILER,MW
2030-02-14 19:00:00,YZ,1039.9,NR,IND_BOILER,MW
2030-02-15 20:00:00,YZ,681.9,NR,IND_BOILER,MW
2030-02-16 21:00:00,YZ,717.7,NR,IND_BOILER,MW
2030-02-17 22:00:00,YZ,1057.8,NR,IND_BOILER,MW
2030-02-18 23:00:00,YZ,1264.1,NR,IND_BOILER,MW
2030-02-20 00:00:00,YZ,1467.3,NR,IND_BOILER,MW
2030-02-21 01:00:00,YZ,1585.2,NR,IND_BOILER,MW
2030-02-22 02:00:00,YZ,467.1,NR,IND_BOILER,MW
2030-02-23 03:00:00,YZ,359.7,NR,IND_BOILER,MW
2030-02-24 04:00:00,YZ,413.4,NR,IND_BOILER,MW
2030-02-25 05:00:00,YZ,592.4,NR,IND_BOILER,MW
2030-02-26 06:00:00,YZ,789.3,NR,IND_BOILER,MW
2030-02-27 07:00:00,YZ,950.4,NR,IND_BOILER,MW
2030-02-28 08:00:00,YZ,1228.3,NR,IND_BOILER,MW
2030-03-01 09:00:00,YZ,664.0,NR,IND_BOILER,MW
2030-03-02 10:00:00,YZ,699.8,NR,IND_BOILER,MW
2030-03-03 11:00:00,YZ,1039.9,NR,IND_BOILER,MW
2030-03-04 12:00:00,YZ,1057.8,NR,IND_BOILER,MW
2030-03-05 13:00:00,YZ,1951.2,NR,IND_BOILER,MW
2030-03-06 14:00:00,YZ,1111.5,NR,IND_BOILER,MW
2030-03-07 15:00:00,YZ,1004.1,NR,IND_BOILER,MW
2030-03-08 16:00:00,YZ,1632.6,NR,IND_BOILER,MW
2030-03-09 17:00:00,YZ,389.8,NR,IND_BOILER,MW
2030-03-10 18:00:00,YZ,1022.0,NR,IND_BOILER,MW
2030-03-11 19:00:00,YZ,1057.8,NR,IND_BOILER,MW
2030-03-12 20:00:00,YZ,1129.4,NR,IND_BOILER,MW
2030-03-13 21:00:00,YZ,1261.6,NR,IND_BOILER,MW
2030-03-14 22:00:00,YZ,1004.1,NR,IND_BOILER,MW
2030-03-15 23:00:00,YZ,646.1,NR,IND_BOILER,MW
2030-03-17 00:00:00,YZ,610.3,NR,IND_BOILER,MW
2030-03-18 01:00:00,YZ,574.5,NR,IND_BOILER,MW
2030-03-19 02:00:00,YZ,556.6,NR,IND_BOILER,MW
2030-03-20 03:00:00,YZ,816.6,NR,IND_BOILER,MW
2030-03-21 04:00:00,YZ,502.9,NR,IND_BOILER,MW
2030-03-22 05:00:00,YZ,431.3,NR,IND_BOILER,MW
2030-03-23 06:00:00,YZ,314.5,NR,IND_BOILER,MW
2030-03-24 07:00:00,YZ,807.2,NR,IND_BOILER,MW
2030-03-25 08:00:00,YZ,950.4,NR,IND_BOILER,MW
2030-03-26 09:00:00,YZ,1093.6,NR,IND_BOILER,MW
2030-03-27 10:00:00,YZ,1093.6,NR,IND_BOILER,MW
2030-03-28 11:00:00,YZ,986.2,NR,IND_BOILER,MW
2030-03-29 12:00:00,YZ,906.1,NR,IND_BOILER,MW
2030-03-30 13:00:00,YZ,941.9,NR,IND_BOILER,MW
2030-03-31 14:00:00,YZ,1004.1,NR,IND_BOILER,MW
2030-04-01 15:00:00,YZ,1039.9,NR,IND_BOILER,MW
2030-04-02 16:00:00,YZ,1111.5,NR,IND_BOILER,MW
2030-04-03 17:00:00,YZ,1093.6,NR,IND_BOILER,MW
2030-04-04 18:00:00,YZ,1246.2,NR,IND_BOILER,MW
2030-04-05 19:00:00,YZ,628.2,NR,IND_BOILER,MW
2030-04-06 20:00:00,YZ,672.4,NR,IND_BOILER,MW
2030-04-07 21:00:00,YZ,998.8,NR,IND_BOILER,MW
2030-04-08 22:00:00,YZ,1022.0,NR,IND_BOILER,MW
2030-04-09 23:00:00,YZ,694.1,NR,IND_BOILER,MW
2030-04-11 00:00:00,YZ,457.7,NR,IND_BOILER,MW
2030-04-12 01:00:00,YZ,502.9,NR,IND_BOILER,MW
2030-04-13 02:00:00,YZ,107.7,NR,IND_BOILER,MW
2030-04-14 03:00:00,YZ,341.8,NR,IND_BOILER,MW
2030-04-15 04:00:00,YZ,467.1,NR,IND_BOILER,MW
2030-04-16 05:00:00,YZ,628.2,NR,IND_BOILER,MW
2030-04-17 06:00:00,YZ,1031.4,NR,IND_BOILER,MW
2030-04-18 07:00:00,YZ,1067.2,NR,IND_BOILER,MW
2030-04-19 08:00:00,YZ,628.2,NR,IND_BOILER,MW
2030-04-20 09:00:00,YZ,404.0,NR,IND_BOILER,MW
2030-04-21 10:00:00,YZ,676.2,NR,IND_BOILER,MW
2030-04-22 11:00:00,YZ,1022.0,NR,IND_BOILER,MW
2030-04-23 12:00:00,YZ,1093.6,NR,IND_BOILER,MW
2030-04-24 13:00:00,YZ,1075.7,NR,IND_BOILER,MW
2030-04-25 14:00:00,YZ,968.3,NR,IND_BOILER,MW
2030-04-26 15:00:00,YZ,628.2,NR,IND_BOILER,MW
2030-04-27 16:00:00,YZ,664.0,NR,IND_BOILER,MW
2030-04-28 17:00:00,YZ,986.2,NR,IND_BOILER,MW
2030-04-29 18:00:00,YZ,1022.0,NR,IND_BOILER,MW
2030-04-30 19:00:00,YZ,1093.6,NR,IND_BOILER,MW
2030-05-01 20:00:00,YZ,1057.8,NR,IND_BOILER,MW
2030-05-02 21:00:00,YZ,968.3,NR,IND_BOILER,MW
2030-05-03 22:00:00,YZ,610.3,NR,IND_BOILER,MW
2030-05-04 23:00:00,YZ,580.5,NR,IND_BOILER,MW
2030-05-06 00:00:00,YZ,664.0,NR,IND_BOILER,MW
2030-05-07 01:00:00,YZ,788.0,NR,IND_BOILER,MW
2030-05-08 02:00:00,YZ,834.5,NR,IND_BOILER,MW
2030-05-09 03:00:00,YZ,189.2,NR,IND_BOILER,MW
2030-05-10 04:00:00,YZ,428.7,NR,IND_BOILER,MW
2030-05-11 05:00:00,YZ,431.3,NR,IND_BOILER,MW
2030-05-12 06:00:00,YZ,386.1,NR,IND_BOILER,MW
2030-05-13 07:00:00,YZ,533.0,NR,IND_BOILER,MW
2030-05-14 08:00:00,YZ,986.2,NR,IND_BOILER,MW
2030-05-15 09:00:00,YZ,1057.8,NR,IND_BOILER,MW
2030-05-16 10:00:00,YZ,950.4,NR,IND_BOILER,MW
2030-05-17 11:00:00,YZ,610.3,NR,IND_BOILER,MW
2030-05-18 12:00:00,YZ,906.1,NR,IND_BOILER,MW
2030-05-19 13:00:00,YZ,968.3,NR,IND_BOILER,MW
2030-05-20 14:00:00,YZ,1814.1,NR,IND_BOILER,MW
2030-05-21 15:00:00,YZ,1075.7,NR,IND_BOILER,MW
2030-05-22 16:00:00,YZ,797.8,NR,IND_BOILER,MW
2030-05-23 17:00:00,YZ,1210.4,NR,IND_BOILER,MW
2030-05-24 18:00:00,YZ,610.3,NR,IND_BOILER,MW
2030-05-25 19:00:00,YZ,646.1,NR,IND_BOILER,MW
2030-05-26 20:00:00,YZ,968.3,NR,IND_BOILER,MW
2030-05-27 21:00:00,YZ,1264.1,NR,IND_BOILER,MW
2030-05-28 22:00:00,YZ,1075.7,NR,IND_BOILER,MW
2030-05-29 23:00:00,YZ,914.6,NR,IND_BOILER,MW
2030-05-31 00:00:00,YZ,870.3,NR,IND_BOILER,MW
2030-06-01 01:00:00,YZ,413.4,NR,IND_BOILER,MW
2030-06-02 02:00:00,YZ,359.7,NR,IND_BOILER,MW
2030-06-03 03:00:00,YZ,413.4,NR,IND_BOILER,MW
2030-06-04 04:00:00,YZ,723.5,NR,IND_BOILER,MW
2030-06-05 05:00:00,YZ,628.2,NR,IND_BOILER,MW
2030-06-06 06:00:00,YZ,1456.1,NR,IND_BOILER,MW
2030-06-07 07:00:00,YZ,1192.5,NR,IND_BOILER,MW
2030-06-08 08:00:00,YZ,852.4,NR,IND_BOILER,MW
2030-06-09 09:00:00,YZ,888.2,NR,IND_BOILER,MW
2030-06-10 10:00:00,YZ,950.4,NR,IND_BOILER,MW
2030-06-11 11:00:00,YZ,986.2,NR,IND_BOILER,MW
2030-06-12 12:00:00,YZ,1057.8,NR,IND_BOILER,MW
2030-06-13 13:00:00,YZ,1299.9,NR,IND_BOILER,MW
2030-06-14 14:00:00,YZ,932.5,NR,IND_BOILER,MW
2030-06-15 15:00:00,YZ,592.4,NR,IND_BOILER,MW
2030-06-16 16:00:00,YZ,888.2,NR,IND_BOILER,MW
2030-06-17 17:00:00,YZ,950.4,NR,IND_BOILER,MW
2030-06-18 18:00:00,YZ,986.2,NR,IND_BOILER,MW
2030-06-19 19:00:00,YZ,1057.8,NR,IND_BOILER,MW
2030-06-20 20:00:00,YZ,1299.9,NR,IND_BOILER,MW
2030-06-21 21:00:00,YZ,950.4,NR,IND_BOILER,MW
2030-06-22 22:00:00,YZ,592.4,NR,IND_BOILER,MW
2030-06-23 23:00:00,YZ,628.2,NR,IND_BOILER,MW
2030-06-25 00:00:00,YZ,860.9,NR,IND_BOILER,MW
2030-06-26 01:00:00,YZ,699.8,NR,IND_BOILER,MW
2030-06-27 02:00:00,YZ,628.2,NR,IND_BOILER,MW
2030-06-28 03:00:00,YZ,467.1,NR,IND_BOILER,MW
2030-06-29 04:00:00,YZ,359.7,NR,IND_BOILER,MW
2030-06-30 05:00:00,YZ,323.9,NR,IND_BOILER,MW
2030-07-01 06:00:00,YZ,520.8,NR,IND_BOILER,MW
2030-07-02 07:00:00,YZ,646.1,NR,IND_BOILER,MW
2030-07-03 08:00:00,YZ,843.0,NR,IND_BOILER,MW
2030-07-04 09:00:00,YZ,986.2,NR,IND_BOILER,MW
2030-07-05 10:00:00,YZ,1192.5,NR,IND_BOILER,MW
2030-07-06 11:00:00,YZ,592.4,NR,IND_BOILER,MW
2030-07-07 12:00:00,YZ,888.2,NR,IND_BOILER,MW
2030-07-08 13:00:00,YZ,640.4,NR,IND_BOILER,MW
2030-07-09 14:00:00,YZ,726.2,NR,IND_BOILER,MW
2030-07-10 15:00:00,YZ,1181.0,NR,IND_BOILER,MW
2030-07-11 16:00:00,YZ,1299.9,NR,IND_BOILER,MW
2030-07-12 17:00:00,YZ,932.5,NR,IND_BOILER,MW
2030-07-13 18:00:00,YZ,592.4,NR,IND_BOILER,MW
2030-07-14 19:00:00,YZ,628.2,NR,IND_BOILER,MW
2030-07-15 20:00:00,YZ,950.4,NR,IND_BOILER,MW
2030-07-16 21:00:00,YZ,986.2,NR,IND_BOILER,MW
2030-07-17 22:00:00,YZ,1057.8,NR,IND_BOILER,MW
2030-07-18 23:00:00,YZ,1039.9,NR,IND_BOILER,MW
2030-07-20 00:00:00,YZ,807.2,NR,IND_BOILER,MW
2030-07-21 01:00:00,YZ,538.7,NR,IND_BOILER,MW
2030-07-22 02:00:00,YZ,431.3,NR,IND_BOILER,MW
2030-07-23 03:00:00,YZ,449.2,NR,IND_BOILER,MW
2030-07-24 04:00:00,YZ,485.0,NR,IND_BOILER,MW
2030-07-25 05:00:00,YZ,538.7,NR,IND_BOILER,MW
2030-07-26 06:00:00,YZ,538.7,NR,IND_BOILER,MW
2030-07-27 07:00:00,YZ,502.9,NR,IND_BOILER,MW
2030-07-28 08:00:00,YZ,628.2,NR,IND_BOILER,MW
2030-07-29 09:00:00,YZ,878.8,NR,IND_BOILER,MW
2030-07-30 10:00:00,YZ,968.3,NR,IND_BOILER,MW
2030-07-31 11:00:00,YZ,1114.8,NR,IND_BOILER,MW
2030-08-01 12:00:00,YZ,1299.9,NR,IND_BOILER,MW
2030-08-02 13:00:00,YZ,932.5,NR,IND_BOILER,MW
2030-08-03 14:00:00,YZ,852.4,NR,IND_BOILER,MW
2030-08-04 15:00:00,YZ,1200.6,NR,IND_BOILER,MW
2030-08-05 16:00:00,YZ,950.4,NR,IND_BOILER,MW
2030-08-06 17:00:00,YZ,1246.2,NR,IND_BOILER,MW
2030-08-07 18:00:00,YZ,1317.8,NR,IND_BOILER,MW
2030-08-08 19:00:00,YZ,1039.9,NR,IND_BOILER,MW
2030-08-09 20:00:00,YZ,932.5,NR,IND_BOILER,MW
2030-08-10 21:00:00,YZ,592.4,NR,IND_BOILER,MW
2030-08-11 22:00:00,YZ,628.2,NR,IND_BOILER,MW
2030-08-12 23:00:00,YZ,640.4,NR,IND_BOILER,MW
2030-08-14 00:00:00,YZ,914.6,NR,IND_BOILER,MW
2030-08-15 01:00:00,YZ,1013.5,NR,IND_BOILER,MW
2030-08-16 02:00:00,YZ,816.6,NR,IND_BOILER,MW
2030-08-17 03:00:00,YZ,856.0,NR,IND_BOILER,MW
2030-08-18 04:00:00,YZ,288.1,NR,IND_BOILER,MW
2030-08-19 05:00:00,YZ,341.8,NR,IND_BOILER,MW
2030-08-20 06:00:00,YZ,520.8,NR,IND_BOILER,MW
2030-08-21 07:00:00,YZ,717.7,NR,IND_BOILER,MW
2030-08-22 08:00:00,YZ,860.9,NR,IND_BOILER,MW
2030-08-23 09:00:00,YZ,878.8,NR,IND_BOILER,MW
2030-08-24 10:00:00,YZ,592.4,NR,IND_BOILER,MW
2030-08-25 11:00:00,YZ,628.2,NR,IND_BOILER,MW
2030-08-26 12:00:00,YZ,950.4,NR,IND_BOILER,MW
2030-08-27 13:00:00,YZ,986.2,NR,IND_BOILER,MW
2030-08-28 14:00:00,YZ,1057.8,NR,IND_BOILER,MW
2030-08-29 15:00:00,YZ,1039.9,NR,IND_BOILER,MW
2030-08-30 16:00:00,YZ,932.5,NR,IND_BOILER,MW
2030-08-31 17:00:00,YZ,592.4,NR,IND_BOILER,MW
2030-09-01 18:00:00,YZ,628.2,NR,IND_BOILER,MW
2030-09-02 19:00:00,YZ,950.4,NR,IND_BOILER,MW
2030-09-03 20:00:00,YZ,726.2,NR,IND_BOILER,MW
2030-09-04 21:00:00,YZ,1057.8,NR,IND_BOILER,MW
2030-09-05 22:00:00,YZ,1282.0,NR,IND_BOILER,MW
2030-09-06 23:00:00,YZ,932.5,NR,IND_BOILER,MW
2030-09-08 00:00:00,YZ,376.1,NR,IND_BOILER,MW
2030-09-09 01:00:00,YZ,556.6,NR,IND_BOILER,MW
2030-09-10 02:00:00,YZ,520.8,NR,IND_BOILER,MW
2030-09-11 03:00:00,YZ,762.9,NR,IND_BOILER,MW
2030-09-12 04:00:00,YZ,502.9,NR,IND_BOILER,MW
2030-09-13 05:00:00,YZ,449.2,NR,IND_BOILER,MW
2030-09-14 06:00:00,YZ,377.6,NR,IND_BOILER,MW
2030-09-15 07:00:00,YZ,520.8,NR,IND_BOILER,MW
2030-09-16 08:00:00,YZ,753.5,NR,IND_BOILER,MW
2030-09-17 09:00:00,YZ,878.8,NR,IND_BOILER,MW
2030-09-18 10:00:00,YZ,1299.9,NR,IND_BOILER,MW
2030-09-19 11:00:00,YZ,1078.6,NR,IND_BOILER,MW
2030-09-20 12:00:00,YZ,932.5,NR,IND_BOILER,MW
2030-09-21 13:00:00,YZ,592.4,NR,IND_BOILER,MW
2030-09-22 14:00:00,YZ,628.2,NR,IND_BOILER,MW
2030-09-23 15:00:00,YZ,876.1,NR,IND_BOILER,MW
2030-09-24 16:00:00,YZ,726.2,NR,IND_BOILER,MW
2030-09-25 17:00:00,YZ,1317.8,NR,IND_BOILER,MW
2030-09-26 18:00:00,YZ,1039.9,NR,IND_BOILER,MW
2030-09-27 19:00:00,YZ,932.5,NR,IND_BOILER,MW
2030-09-28 20:00:00,YZ,592.4,NR,IND_BOILER,MW
2030-09-29 21:00:00,YZ,628.2,NR,IND_BOILER,MW
2030-09-30 22:00:00,YZ,950.4,NR,IND_BOILER,MW
2030-10-01 23:00:00,YZ,986.2,NR,IND_BOILER,MW
2030-10-03 00:00:00,YZ,968.3,NR,IND_BOILER,MW
2030-10-04 01:00:00,YZ,681.9,NR,IND_BOILER,MW
2030-10-05 02:00:00,YZ,485.0,NR,IND_BOILER,MW
2030-10-06 03:00:00,YZ,323.9,NR,IND_BOILER,MW
2030-10-07 04:00:00,YZ,323.9,NR,IND_BOILER,MW
2030-10-08 05:00:00,YZ,449.2,NR,IND_BOILER,MW
2030-10-09 06:00:00,YZ,610.3,NR,IND_BOILER,MW
2030-10-10 07:00:00,YZ,1013.5,NR,IND_BOILER,MW
2030-10-11 08:00:00,YZ,1049.3,NR,IND_BOILER,MW
2030-10-12 09:00:00,YZ,610.3,NR,IND_BOILER,MW
2030-10-13 10:00:00,YZ,386.1,NR,IND_BOILER,MW
2030-10-14 11:00:00,YZ,708.3,NR,IND_BOILER,MW
2030-10-15 12:00:00,YZ,1264.1,NR,IND_BOILER,MW
2030-10-16 13:00:00,YZ,1185.2,NR,IND_BOILER,MW
2030-10-17 14:00:00,YZ,1057.8,NR,IND_BOILER,MW
2030-10-18 15:00:00,YZ,950.4,NR,IND_BOILER,MW
2030-10-19 16:00:00,YZ,870.3,NR,IND_BOILER,MW
2030-10-20 17:00:00,YZ,646.1,NR,IND_BOILER,MW
2030-10-21 18:00:00,YZ,708.3,NR,IND_BOILER,MW
2030-10-22 19:00:00,YZ,694.1,NR,IND_BOILER,MW
2030-10-23 20:00:00,YZ,1075.7,NR,IND_BOILER,MW
2030-10-24 21:00:00,YZ,1039.9,NR,IND_BOILER,MW
2030-10-25 22:00:00,YZ,640.4,NR,IND_BOILER,MW
2030-10-26 23:00:00,YZ,870.3,NR,IND_BOILER,MW
2030-10-28 00:00:00,YZ,646.1,NR,IND_BOILER,MW
2030-10-29 01:00:00,YZ,646.1,NR,IND_BOILER,MW
2030-10-30 02:00:00,YZ,928.9,NR,IND_BOILER,MW
2030-10-31 03:00:00,YZ,556.6,NR,IND_BOILER,MW
2030-11-01 04:00:00,YZ,431.3,NR,IND_BOILER,MW
2030-11-02 05:00:00,YZ,306.0,NR,IND_BOILER,MW
2030-11-03 06:00:00,YZ,413.4,NR,IND_BOILER,MW
2030-11-04 07:00:00,YZ,453.0,NR,IND_BOILER,MW
2030-11-05 08:00:00,YZ,789.3,NR,IND_BOILER,MW
2030-11-06 09:00:00,YZ,968.3,NR,IND_BOILER,MW
2030-11-07 10:00:00,YZ,1039.9,NR,IND_BOILER,MW
2030-11-08 11:00:00,YZ,1210.4,NR,IND_BOILER,MW
2030-11-09 12:00:00,YZ,610.3,NR,IND_BOILER,MW
2030-11-10 13:00:00,YZ,646.1,NR,IND_BOILER,MW
2030-11-11 14:00:00,YZ,968.3,NR,IND_BOILER,MW
2030-11-12 15:00:00,YZ,1004.1,NR,IND_BOILER,MW
2030-11-13 16:00:00,YZ,1075.7,NR,IND_BOILER,MW
2030-11-14 17:00:00,YZ,1057.8,NR,IND_BOILER,MW
2030-11-15 18:00:00,YZ,1514.6,NR,IND_BOILER,MW
2030-11-16 19:00:00,YZ,610.3,NR,IND_BOILER,MW
2030-11-17 20:00:00,YZ,646.1,NR,IND_BOILER,MW
2030-11-18 21:00:00,YZ,1228.3,NR,IND_BOILER,MW
2030-11-19 22:00:00,YZ,694.1,NR,IND_BOILER,MW
2030-11-20 23:00:00,YZ,815.7,NR,IND_BOILER,MW
2030-11-22 00:00:00,YZ,604.6,NR,IND_BOILER,MW
2030-11-23 01:00:00,YZ,610.3,NR,IND_BOILER,MW
2030-11-24 02:00:00,YZ,489.1,NR,IND_BOILER,MW
2030-11-25 03:00:00,YZ,200.0,NR,IND_BOILER,MW
2030-11-26 04:00:00,YZ,691.3,NR,IND_BOILER,MW
2030-11-27 05:00:00,YZ,538.7,NR,IND_BOILER,MW
2030-11-28 06:00:00,YZ,646.1,NR,IND_BOILER,MW
2030-11-29 07:00:00,YZ,1491.9,NR,IND_BOILER,MW
2030-11-30 08:00:00,YZ,610.3,NR,IND_BOILER,MW
2030-12-01 09:00:00,YZ,664.0,NR,IND_BOILER,MW
2030-12-02 10:00:00,YZ,968.3,NR,IND_BOILER,MW
2030-12-03 11:00:00,YZ,1022.0,NR,IND_BOILER,MW
2030-12-04 12:00:00,YZ,1093.6,NR,IND_BOILER,MW
2030-12-05 13:00:00,YZ,1186.5,NR,IND_BOILER,MW
2030-12-06 14:00:00,YZ,1228.3,NR,IND_BOILER,MW
2030-12-07 15:00:00,YZ,1438.2,NR,IND_BOILER,MW
2030-12-08 16:00:00,YZ,664.0,NR,IND_BOILER,MW
2030-12-09 17:00:00,YZ,986.2,NR,IND_BOILER,MW
2030-12-10 18:00:00,YZ,1022.0,NR,IND_BOILER,MW
2030-12-11 19:00:00,YZ,1093.6,NR,IND_BOILER,MW
2030-12-12 20:00:00,YZ,1075.7,NR,IND_BOILER,MW
2030-12-13 21:00:00,YZ,968.3,NR,IND_BOILER,MW
2030-12-14 22:00:00,YZ,400.0,NR,IND_BOILER,MW
2030-12-15 23:00:00,YZ,354.0,NR,IND_BOILER,MW
2030-12-17 00:00:00,YZ,896.7,NR,IND_BOILER,MW
2030-12-18 01:00:00,YZ,843.0,NR,IND_BOILER,MW
2030-12-19 02:00:00,YZ,924.0,NR,IND_BOILER,MW
2030-12-20 03:00:00,YZ,502.9,NR,IND_BOILER,MW
2030-12-21 04:00:00,YZ,395.5,NR,IND_BOILER,MW
2030-12-22 05:00:00,YZ,359.7,NR,IND_BOILER,MW
2030-12-23 06:00:00,YZ,556.6,NR,IND_BOILER,MW
2030-12-24 07:00:00,YZ,1080.9,NR,IND_BOILER,MW
2030-12-25 08:00:00,YZ,1057.3,NR,IND_BOILER,MW
2030-12-26 09:00:00,YZ,1022.0,NR,IND_BOILER,MW
2030-12-27 10:00:00,YZ,968.3,NR,IND_BOILER,MW
2030-12-28 11:00:00,YZ,888.2,NR,IND_BOILER,MW
2030-12-29 12:00:00,YZ,664.0,NR,IND_BOILER,MW
2030-12-30 13:00:00,YZ,1004.1,NR,IND_BOILER,MW
2030-12-31 14:00:00,YZ,1818.6,NR,IND_BOILER,MW
2031-01-01 15:00:00,YZ,1111.5,NR,IND_BOILER,MW
2030-01-01 00:00:00,YZ,3828.0,SO,IND_BOILER,MW
2030-01-02 01:00:00,YZ,3689.0,SO,IND_BOILER,MW
2030-01-03 02:00:00,YZ,3557.0,SO,IND_BOILER,MW
2030-01-04 03:00:00,YZ,3564.0,SO,IND_BOILER,MW
2030-01-05 04:00:00,YZ,3465.0,SO,IND_BOILER,MW
2030-01-06 05:00:00,YZ,3531.0,SO,IND_BOILER,MW
2030-01-07 06:00:00,YZ,3762.0,SO,IND_BOILER,MW
2030-01-08 07:00:00,YZ,3960.0,SO,IND_BOILER,MW
2030-01-09 08:00:00,YZ,4052.0,SO,IND_BOILER,MW
2030-01-10 09:00:00,YZ,4019.0,SO,IND_BOILER,MW
2030-01-11 10:00:00,YZ,3920.0,SO,IND_BOILER,MW
2030-01-12 11:00:00,YZ,3656.0,SO,IND_BOILER,MW
2030-01-13 12:00:00,YZ,3362.0,SO,IND_BOILER,MW
2030-01-14 13:00:00,YZ,3659.0,SO,IND_BOILER,MW
2030-01-15 14:00:00,YZ,4085.0,SO,IND_BOILER,MW
2030-01-16 15:00:00,YZ,4349.0,SO,IND_BOILER,MW
2030-01-17 16:00:00,YZ,4151.0,SO,IND_BOILER,MW
2030-01-18 17:00:00,YZ,3491.0,SO,IND_BOILER,MW
2030-01-19 18:00:00,YZ,3597.0,SO,IND_BOILER,MW
2030-01-20 19:00:00,YZ,4184.0,SO,IND_BOILER,MW
2030-01-21 20:00:00,YZ,4250.0,SO,IND_BOILER,MW
2030-01-22 21:00:00,YZ,4382.0,SO,IND_BOILER,MW
2030-01-23 22:00:00,YZ,4349.0,SO,IND_BOILER,MW
2030-01-24 23:00:00,YZ,3920.0,SO,IND_BOILER,MW
2030-01-26 00:00:00,YZ,3392.0,SO,IND_BOILER,MW
2030-01-27 01:00:00,YZ,3194.0,SO,IND_BOILER,MW
2030-01-28 02:00:00,YZ,3227.0,SO,IND_BOILER,MW
2030-01-29 03:00:00,YZ,3333.0,SO,IND_BOILER,MW
2030-01-30 04:00:00,YZ,3465.0,SO,IND_BOILER,MW
2030-01-31 05:00:00,YZ,3432.0,SO,IND_BOILER,MW
2030-02-01 06:00:00,YZ,3399.0,SO,IND_BOILER,MW
2030-02-02 07:00:00,YZ,3630.0,SO,IND_BOILER,MW
2030-02-03 08:00:00,YZ,4092.0,SO,IND_BOILER,MW
2030-02-04 09:00:00,YZ,4290.0,SO,IND_BOILER,MW
2030-02-05 10:00:00,YZ,4190.0,SO,IND_BOILER,MW
2030-02-06 11:00:00,YZ,4382.0,SO,IND_BOILER,MW
2030-02-07 12:00:00,YZ,3824.0,SO,IND_BOILER,MW
2030-02-08 13:00:00,YZ,3524.0,SO,IND_BOILER,MW
2030-02-09 14:00:00,YZ,3590.0,SO,IND_BOILER,MW
2030-02-10 15:00:00,YZ,4217.0,SO,IND_BOILER,MW
2030-02-11 16:00:00,YZ,4283.0,SO,IND_BOILER,MW
2030-02-12 17:00:00,YZ,4415.0,SO,IND_BOILER,MW
2030-02-13 18:00:00,YZ,4382.0,SO,IND_BOILER,MW
2030-02-14 19:00:00,YZ,4184.0,SO,IND_BOILER,MW
2030-02-15 20:00:00,YZ,3524.0,SO,IND_BOILER,MW
2030-02-16 21:00:00,YZ,3590.0,SO,IND_BOILER,MW
2030-02-17 22:00:00,YZ,4217.0,SO,IND_BOILER,MW
2030-02-18 23:00:00,YZ,4118.0,SO,IND_BOILER,MW
2030-02-20 00:00:00,YZ,3861.0,SO,IND_BOILER,MW
2030-02-21 01:00:00,YZ,3465.0,SO,IND_BOILER,MW
2030-02-22 02:00:00,YZ,3168.0,SO,IND_BOILER,MW
2030-02-23 03:00:00,YZ,2570.0,SO,IND_BOILER,MW
2030-02-24 04:00:00,YZ,3029.0,SO,IND_BOILER,MW
2030-02-25 05:00:00,YZ,3399.0,SO,IND_BOILER,MW
2030-02-26 06:00:00,YZ,3762.0,SO,IND_BOILER,MW
2030-02-27 07:00:00,YZ,4019.0,SO,IND_BOILER,MW
2030-02-28 08:00:00,YZ,4052.0,SO,IND_BOILER,MW
2030-03-01 09:00:00,YZ,3491.0,SO,IND_BOILER,MW
2030-03-02 10:00:00,YZ,3557.0,SO,IND_BOILER,MW
2030-03-03 11:00:00,YZ,4184.0,SO,IND_BOILER,MW
2030-03-04 12:00:00,YZ,4217.0,SO,IND_BOILER,MW
2030-03-05 13:00:00,YZ,4382.0,SO,IND_BOILER,MW
2030-03-06 14:00:00,YZ,4316.0,SO,IND_BOILER,MW
2030-03-07 15:00:00,YZ,4026.0,SO,IND_BOILER,MW
2030-03-08 16:00:00,YZ,3531.0,SO,IND_BOILER,MW
2030-03-09 17:00:00,YZ,3197.0,SO,IND_BOILER,MW
2030-03-10 18:00:00,YZ,4191.0,SO,IND_BOILER,MW
2030-03-11 19:00:00,YZ,4217.0,SO,IND_BOILER,MW
2030-03-12 20:00:00,YZ,4349.0,SO,IND_BOILER,MW
2030-03-13 21:00:00,YZ,4316.0,SO,IND_BOILER,MW
2030-03-14 22:00:00,YZ,4118.0,SO,IND_BOILER,MW
2030-03-15 23:00:00,YZ,3458.0,SO,IND_BOILER,MW
2030-03-17 00:00:00,YZ,3392.0,SO,IND_BOILER,MW
2030-03-18 01:00:00,YZ,3326.0,SO,IND_BOILER,MW
2030-03-19 02:00:00,YZ,3293.0,SO,IND_BOILER,MW
2030-03-20 03:00:00,YZ,3333.0,SO,IND_BOILER,MW
2030-03-21 04:00:00,YZ,3234.0,SO,IND_BOILER,MW
2030-03-22 05:00:00,YZ,3062.0,SO,IND_BOILER,MW
2030-03-23 06:00:00,YZ,3326.0,SO,IND_BOILER,MW
2030-03-24 07:00:00,YZ,3755.0,SO,IND_BOILER,MW
2030-03-25 08:00:00,YZ,4019.0,SO,IND_BOILER,MW
2030-03-26 09:00:00,YZ,4283.0,SO,IND_BOILER,MW
2030-03-27 10:00:00,YZ,4283.0,SO,IND_BOILER,MW
2030-03-28 11:00:00,YZ,4076.3,SO,IND_BOILER,MW
2030-03-29 12:00:00,YZ,3448.5,SO,IND_BOILER,MW
2030-03-30 13:00:00,YZ,3164.0,SO,IND_BOILER,MW
2030-03-31 14:00:00,YZ,4118.0,SO,IND_BOILER,MW
2030-04-01 15:00:00,YZ,4184.0,SO,IND_BOILER,MW
2030-04-02 16:00:00,YZ,4299.0,SO,IND_BOILER,MW
2030-04-03 17:00:00,YZ,4283.0,SO,IND_BOILER,MW
2030-04-04 18:00:00,YZ,4085.0,SO,IND_BOILER,MW
2030-04-05 19:00:00,YZ,3425.0,SO,IND_BOILER,MW
2030-04-06 20:00:00,YZ,3491.0,SO,IND_BOILER,MW
2030-04-07 21:00:00,YZ,4118.0,SO,IND_BOILER,MW
2030-04-08 22:00:00,YZ,4151.0,SO,IND_BOILER,MW
2030-04-09 23:00:00,YZ,4118.0,SO,IND_BOILER,MW
2030-04-11 00:00:00,YZ,3590.0,SO,IND_BOILER,MW
2030-04-12 01:00:00,YZ,3234.0,SO,IND_BOILER,MW
2030-04-13 02:00:00,YZ,2930.0,SO,IND_BOILER,MW
2030-04-14 03:00:00,YZ,2537.0,SO,IND_BOILER,MW
2030-04-15 04:00:00,YZ,3168.0,SO,IND_BOILER,MW
2030-04-16 05:00:00,YZ,3465.0,SO,IND_BOILER,MW
2030-04-17 06:00:00,YZ,3729.0,SO,IND_BOILER,MW
2030-04-18 07:00:00,YZ,3755.0,SO,IND_BOILER,MW
2030-04-19 08:00:00,YZ,3425.0,SO,IND_BOILER,MW
2030-04-20 09:00:00,YZ,3131.0,SO,IND_BOILER,MW
2030-04-21 10:00:00,YZ,3725.0,SO,IND_BOILER,MW
2030-04-22 11:00:00,YZ,3791.0,SO,IND_BOILER,MW
2030-04-23 12:00:00,YZ,3923.0,SO,IND_BOILER,MW
2030-04-24 13:00:00,YZ,4210.0,SO,IND_BOILER,MW
2030-04-25 14:00:00,YZ,4052.0,SO,IND_BOILER,MW
2030-04-26 15:00:00,YZ,3425.0,SO,IND_BOILER,MW
2030-04-27 16:00:00,YZ,3491.0,SO,IND_BOILER,MW
2030-04-28 17:00:00,YZ,4085.0,SO,IND_BOILER,MW
2030-04-29 18:00:00,YZ,4151.0,SO,IND_BOILER,MW
2030-04-30 19:00:00,YZ,4283.0,SO,IND_BOILER,MW
2030-05-01 20:00:00,YZ,4217.0,SO,IND_BOILER,MW
2030-05-02 21:00:00,YZ,4052.0,SO,IND_BOILER,MW
2030-05-03 22:00:00,YZ,3392.0,SO,IND_BOILER,MW
2030-05-04 23:00:00,YZ,3491.0,SO,IND_BOILER,MW
2030-05-06 00:00:00,YZ,3491.0,SO,IND_BOILER,MW
2030-05-07 01:00:00,YZ,3432.0,SO,IND_BOILER,MW
2030-05-08 02:00:00,YZ,3326.0,SO,IND_BOILER,MW
2030-05-09 03:00:00,YZ,3095.0,SO,IND_BOILER,MW
2030-05-10 04:00:00,YZ,2904.0,SO,IND_BOILER,MW
2030-05-11 05:00:00,YZ,3062.0,SO,IND_BOILER,MW
2030-05-12 06:00:00,YZ,3458.0,SO,IND_BOILER,MW
2030-05-13 07:00:00,YZ,3722.0,SO,IND_BOILER,MW
2030-05-14 08:00:00,YZ,4085.0,SO,IND_BOILER,MW
2030-05-15 09:00:00,YZ,4217.0,SO,IND_BOILER,MW
2030-05-16 10:00:00,YZ,4019.0,SO,IND_BOILER,MW
2030-05-17 11:00:00,YZ,3392.0,SO,IND_BOILER,MW
2030-05-18 12:00:00,YZ,3458.0,SO,IND_BOILER,MW
2030-05-19 13:00:00,YZ,4052.0,SO,IND_BOILER,MW
2030-05-20 14:00:00,YZ,4118.0,SO,IND_BOILER,MW
2030-05-21 15:00:00,YZ,3890.0,SO,IND_BOILER,MW
2030-05-22 16:00:00,YZ,4184.9,SO,IND_BOILER,MW
2030-05-23 17:00:00,YZ,4019.0,SO,IND_BOILER,MW
2030-05-24 18:00:00,YZ,3392.0,SO,IND_BOILER,MW
2030-05-25 19:00:00,YZ,3458.0,SO,IND_BOILER,MW
2030-05-26 20:00:00,YZ,4052.0,SO,IND_BOILER,MW
2030-05-27 21:00:00,YZ,4118.0,SO,IND_BOILER,MW
2030-05-28 22:00:00,YZ,4250.0,SO,IND_BOILER,MW
2030-05-29 23:00:00,YZ,3953.0,SO,IND_BOILER,MW
2030-05-31 00:00:00,YZ,3392.0,SO,IND_BOILER,MW
2030-06-01 01:00:00,YZ,3029.0,SO,IND_BOILER,MW
2030-06-02 02:00:00,YZ,2930.0,SO,IND_BOILER,MW
2030-06-03 03:00:00,YZ,3029.0,SO,IND_BOILER,MW
2030-06-04 04:00:00,YZ,3227.0,SO,IND_BOILER,MW
2030-06-05 05:00:00,YZ,3425.0,SO,IND_BOILER,MW
2030-06-06 06:00:00,YZ,3458.0,SO,IND_BOILER,MW
2030-06-07 07:00:00,YZ,3986.0,SO,IND_BOILER,MW
2030-06-08 08:00:00,YZ,3359.0,SO,IND_BOILER,MW
2030-06-09 09:00:00,YZ,3425.0,SO,IND_BOILER,MW
2030-06-10 10:00:00,YZ,4019.0,SO,IND_BOILER,MW
2030-06-11 11:00:00,YZ,4085.0,SO,IND_BOILER,MW
2030-06-12 12:00:00,YZ,3857.0,SO,IND_BOILER,MW
2030-06-13 13:00:00,YZ,3824.0,SO,IND_BOILER,MW
2030-06-14 14:00:00,YZ,3626.0,SO,IND_BOILER,MW
2030-06-15 15:00:00,YZ,2999.0,SO,IND_BOILER,MW
2030-06-16 16:00:00,YZ,3425.0,SO,IND_BOILER,MW
2030-06-17 17:00:00,YZ,4019.0,SO,IND_BOILER,MW
2030-06-18 18:00:00,YZ,4085.0,SO,IND_BOILER,MW
2030-06-19 19:00:00,YZ,4217.0,SO,IND_BOILER,MW
2030-06-20 20:00:00,YZ,4184.0,SO,IND_BOILER,MW
2030-06-21 21:00:00,YZ,4019.0,SO,IND_BOILER,MW
2030-06-22 22:00:00,YZ,3359.0,SO,IND_BOILER,MW
2030-06-23 23:00:00,YZ,3425.0,SO,IND_BOILER,MW
2030-06-25 00:00:00,YZ,3854.0,SO,IND_BOILER,MW
2030-06-26 01:00:00,YZ,3557.0,SO,IND_BOILER,MW
2030-06-27 02:00:00,YZ,3425.0,SO,IND_BOILER,MW
2030-06-28 03:00:00,YZ,3128.0,SO,IND_BOILER,MW
2030-06-29 04:00:00,YZ,2930.0,SO,IND_BOILER,MW
2030-06-30 05:00:00,YZ,2864.0,SO,IND_BOILER,MW
2030-07-01 06:00:00,YZ,3227.0,SO,IND_BOILER,MW
2030-07-02 07:00:00,YZ,3458.0,SO,IND_BOILER,MW
2030-07-03 08:00:00,YZ,3861.0,SO,IND_BOILER,MW
2030-07-04 09:00:00,YZ,4085.0,SO,IND_BOILER,MW
2030-07-05 10:00:00,YZ,3986.0,SO,IND_BOILER,MW
2030-07-06 11:00:00,YZ,3359.0,SO,IND_BOILER,MW
2030-07-07 12:00:00,YZ,3425.0,SO,IND_BOILER,MW
2030-07-08 13:00:00,YZ,3659.0,SO,IND_BOILER,MW
2030-07-09 14:00:00,YZ,4085.0,SO,IND_BOILER,MW
2030-07-10 15:00:00,YZ,3857.0,SO,IND_BOILER,MW
2030-07-11 16:00:00,YZ,4184.0,SO,IND_BOILER,MW
2030-07-12 17:00:00,YZ,3986.0,SO,IND_BOILER,MW
2030-07-13 18:00:00,YZ,3359.0,SO,IND_BOILER,MW
2030-07-14 19:00:00,YZ,3425.0,SO,IND_BOILER,MW
2030-07-15 20:00:00,YZ,4019.0,SO,IND_BOILER,MW
2030-07-16 21:00:00,YZ,4085.0,SO,IND_BOILER,MW
2030-07-17 22:00:00,YZ,4217.0,SO,IND_BOILER,MW
2030-07-18 23:00:00,YZ,4184.0,SO,IND_BOILER,MW
2030-07-20 00:00:00,YZ,3755.0,SO,IND_BOILER,MW
2030-07-21 01:00:00,YZ,3260.0,SO,IND_BOILER,MW
2030-07-22 02:00:00,YZ,3062.0,SO,IND_BOILER,MW
2030-07-23 03:00:00,YZ,3095.0,SO,IND_BOILER,MW
2030-07-24 04:00:00,YZ,3201.0,SO,IND_BOILER,MW
2030-07-25 05:00:00,YZ,3300.0,SO,IND_BOILER,MW
2030-07-26 06:00:00,YZ,3260.0,SO,IND_BOILER,MW
2030-07-27 07:00:00,YZ,3194.0,SO,IND_BOILER,MW
2030-07-28 08:00:00,YZ,3425.0,SO,IND_BOILER,MW
2030-07-29 09:00:00,YZ,3887.0,SO,IND_BOILER,MW
2030-07-30 10:00:00,YZ,4052.0,SO,IND_BOILER,MW
2030-07-31 11:00:00,YZ,4217.0,SO,IND_BOILER,MW
2030-08-01 12:00:00,YZ,3824.0,SO,IND_BOILER,MW
2030-08-02 13:00:00,YZ,3626.0,SO,IND_BOILER,MW
2030-08-03 14:00:00,YZ,3359.0,SO,IND_BOILER,MW
2030-08-04 15:00:00,YZ,3425.0,SO,IND_BOILER,MW
2030-08-05 16:00:00,YZ,4019.0,SO,IND_BOILER,MW
2030-08-06 17:00:00,YZ,4085.0,SO,IND_BOILER,MW
2030-08-07 18:00:00,YZ,4217.0,SO,IND_BOILER,MW
2030-08-08 19:00:00,YZ,4184.0,SO,IND_BOILER,MW
2030-08-09 20:00:00,YZ,3986.0,SO,IND_BOILER,MW
2030-08-10 21:00:00,YZ,3359.0,SO,IND_BOILER,MW
2030-08-11 22:00:00,YZ,3425.0,SO,IND_BOILER,MW
2030-08-12 23:00:00,YZ,4008.0,SO,IND_BOILER,MW
2030-08-14 00:00:00,YZ,3953.0,SO,IND_BOILER,MW
2030-08-15 01:00:00,YZ,3656.0,SO,IND_BOILER,MW
2030-08-16 02:00:00,YZ,3293.0,SO,IND_BOILER,MW
2030-08-17 03:00:00,YZ,2996.0,SO,IND_BOILER,MW
2030-08-18 04:00:00,YZ,2798.0,SO,IND_BOILER,MW
2030-08-19 05:00:00,YZ,2897.0,SO,IND_BOILER,MW
2030-08-20 06:00:00,YZ,3227.0,SO,IND_BOILER,MW
2030-08-21 07:00:00,YZ,3590.0,SO,IND_BOILER,MW
2030-08-22 08:00:00,YZ,3854.0,SO,IND_BOILER,MW
2030-08-23 09:00:00,YZ,3887.0,SO,IND_BOILER,MW
2030-08-24 10:00:00,YZ,3359.0,SO,IND_BOILER,MW
2030-08-25 11:00:00,YZ,3425.0,SO,IND_BOILER,MW
2030-08-26 12:00:00,YZ,4019.0,SO,IND_BOILER,MW
2030-08-27 13:00:00,YZ,4085.0,SO,IND_BOILER,MW
2030-08-28 14:00:00,YZ,4217.0,SO,IND_BOILER,MW
2030-08-29 15:00:00,YZ,4184.0,SO,IND_BOILER,MW
2030-08-30 16:00:00,YZ,3986.0,SO,IND_BOILER,MW
2030-08-31 17:00:00,YZ,3359.0,SO,IND_BOILER,MW
2030-09-01 18:00:00,YZ,3425.0,SO,IND_BOILER,MW
2030-09-02 19:00:00,YZ,4019.0,SO,IND_BOILER,MW
2030-09-03 20:00:00,YZ,4085.0,SO,IND_BOILER,MW
2030-09-04 21:00:00,YZ,4217.0,SO,IND_BOILER,MW
2030-09-05 22:00:00,YZ,4151.0,SO,IND_BOILER,MW
2030-09-06 23:00:00,YZ,3986.0,SO,IND_BOILER,MW
2030-09-08 00:00:00,YZ,3359.0,SO,IND_BOILER,MW
2030-09-09 01:00:00,YZ,3293.0,SO,IND_BOILER,MW
2030-09-10 02:00:00,YZ,3227.0,SO,IND_BOILER,MW
2030-09-11 03:00:00,YZ,3234.0,SO,IND_BOILER,MW
2030-09-12 04:00:00,YZ,3234.0,SO,IND_BOILER,MW
2030-09-13 05:00:00,YZ,3095.0,SO,IND_BOILER,MW
2030-09-14 06:00:00,YZ,2963.0,SO,IND_BOILER,MW
2030-09-15 07:00:00,YZ,3267.0,SO,IND_BOILER,MW
2030-09-16 08:00:00,YZ,3656.0,SO,IND_BOILER,MW
2030-09-17 09:00:00,YZ,3887.0,SO,IND_BOILER,MW
2030-09-18 10:00:00,YZ,4184.0,SO,IND_BOILER,MW
2030-09-19 11:00:00,YZ,4151.0,SO,IND_BOILER,MW
2030-09-20 12:00:00,YZ,3986.0,SO,IND_BOILER,MW
2030-09-21 13:00:00,YZ,3359.0,SO,IND_BOILER,MW
2030-09-22 14:00:00,YZ,3425.0,SO,IND_BOILER,MW
2030-09-23 15:00:00,YZ,4019.0,SO,IND_BOILER,MW
2030-09-24 16:00:00,YZ,4085.0,SO,IND_BOILER,MW
2030-09-25 17:00:00,YZ,4217.0,SO,IND_BOILER,MW
2030-09-26 18:00:00,YZ,4184.0,SO,IND_BOILER,MW
2030-09-27 19:00:00,YZ,3986.0,SO,IND_BOILER,MW
2030-09-28 20:00:00,YZ,3359.0,SO,IND_BOILER,MW
2030-09-29 21:00:00,YZ,3425.0,SO,IND_BOILER,MW
2030-09-30 22:00:00,YZ,4019.0,SO,IND_BOILER,MW
2030-10-01 23:00:00,YZ,4085.0,SO,IND_BOILER,MW
2030-10-03 00:00:00,YZ,4052.0,SO,IND_BOILER,MW
2030-10-04 01:00:00,YZ,3564.0,SO,IND_BOILER,MW
2030-10-05 02:00:00,YZ,3161.0,SO,IND_BOILER,MW
2030-10-06 03:00:00,YZ,2864.0,SO,IND_BOILER,MW
2030-10-07 04:00:00,YZ,2864.0,SO,IND_BOILER,MW
2030-10-08 05:00:00,YZ,3095.0,SO,IND_BOILER,MW
2030-10-09 06:00:00,YZ,3392.0,SO,IND_BOILER,MW
2030-10-10 07:00:00,YZ,3696.0,SO,IND_BOILER,MW
2030-10-11 08:00:00,YZ,3722.0,SO,IND_BOILER,MW
2030-10-12 09:00:00,YZ,3392.0,SO,IND_BOILER,MW
2030-10-13 10:00:00,YZ,3458.0,SO,IND_BOILER,MW
2030-10-14 11:00:00,YZ,4052.0,SO,IND_BOILER,MW
2030-10-15 12:00:00,YZ,4118.0,SO,IND_BOILER,MW
2030-10-16 13:00:00,YZ,4250.0,SO,IND_BOILER,MW
2030-10-17 14:00:00,YZ,4217.0,SO,IND_BOILER,MW
2030-10-18 15:00:00,YZ,4019.0,SO,IND_BOILER,MW
2030-10-19 16:00:00,YZ,3392.0,SO,IND_BOILER,MW
2030-10-20 17:00:00,YZ,3458.0,SO,IND_BOILER,MW
2030-10-21 18:00:00,YZ,4052.0,SO,IND_BOILER,MW
2030-10-22 19:00:00,YZ,4158.0,SO,IND_BOILER,MW
2030-10-23 20:00:00,YZ,4250.0,SO,IND_BOILER,MW
2030-10-24 21:00:00,YZ,4184.0,SO,IND_BOILER,MW
2030-10-25 22:00:00,YZ,4019.0,SO,IND_BOILER,MW
2030-10-26 23:00:00,YZ,3392.0,SO,IND_BOILER,MW
2030-10-28 00:00:00,YZ,3458.0,SO,IND_BOILER,MW
2030-10-29 01:00:00,YZ,3498.0,SO,IND_BOILER,MW
2030-10-30 02:00:00,YZ,3399.0,SO,IND_BOILER,MW
2030-10-31 03:00:00,YZ,3333.0,SO,IND_BOILER,MW
2030-11-01 04:00:00,YZ,3062.0,SO,IND_BOILER,MW
2030-11-02 05:00:00,YZ,2831.0,SO,IND_BOILER,MW
2030-11-03 06:00:00,YZ,3069.0,SO,IND_BOILER,MW
2030-11-04 07:00:00,YZ,3458.0,SO,IND_BOILER,MW
2030-11-05 08:00:00,YZ,3722.0,SO,IND_BOILER,MW
2030-11-06 09:00:00,YZ,4052.0,SO,IND_BOILER,MW
2030-11-07 10:00:00,YZ,4184.0,SO,IND_BOILER,MW
2030-11-08 11:00:00,YZ,4019.0,SO,IND_BOILER,MW
2030-11-09 12:00:00,YZ,3392.0,SO,IND_BOILER,MW
2030-11-10 13:00:00,YZ,3458.0,SO,IND_BOILER,MW
2030-11-11 14:00:00,YZ,4052.0,SO,IND_BOILER,MW
2030-11-12 15:00:00,YZ,4118.0,SO,IND_BOILER,MW
2030-11-13 16:00:00,YZ,4250.0,SO,IND_BOILER,MW
2030-11-14 17:00:00,YZ,3857.0,SO,IND_BOILER,MW
2030-11-15 18:00:00,YZ,4059.0,SO,IND_BOILER,MW
2030-11-16 19:00:00,YZ,3392.0,SO,IND_BOILER,MW
2030-11-17 20:00:00,YZ,3458.0,SO,IND_BOILER,MW
2030-11-18 21:00:00,YZ,4092.0,SO,IND_BOILER,MW
2030-11-19 22:00:00,YZ,3758.0,SO,IND_BOILER,MW
2030-11-20 23:00:00,YZ,4250.0,SO,IND_BOILER,MW
2030-11-22 00:00:00,YZ,3593.0,SO,IND_BOILER,MW
2030-11-23 01:00:00,YZ,3432.0,SO,IND_BOILER,MW
2030-11-24 02:00:00,YZ,3102.0,SO,IND_BOILER,MW
2030-11-25 03:00:00,YZ,2963.0,SO,IND_BOILER,MW
2030-11-26 04:00:00,YZ,3062.0,SO,IND_BOILER,MW
2030-11-27 05:00:00,YZ,3260.0,SO,IND_BOILER,MW
2030-11-28 06:00:00,YZ,3458.0,SO,IND_BOILER,MW
2030-11-29 07:00:00,YZ,3564.0,SO,IND_BOILER,MW
2030-11-30 08:00:00,YZ,3432.0,SO,IND_BOILER,MW
2030-12-01 09:00:00,YZ,3491.0,SO,IND_BOILER,MW
2030-12-02 10:00:00,YZ,4052.0,SO,IND_BOILER,MW
2030-12-03 11:00:00,YZ,4151.0,SO,IND_BOILER,MW
2030-12-04 12:00:00,YZ,4283.0,SO,IND_BOILER,MW
2030-12-05 13:00:00,YZ,4250.0,SO,IND_BOILER,MW
2030-12-06 14:00:00,YZ,4052.0,SO,IND_BOILER,MW
2030-12-07 15:00:00,YZ,3425.0,SO,IND_BOILER,MW
2030-12-08 16:00:00,YZ,3531.0,SO,IND_BOILER,MW
2030-12-09 17:00:00,YZ,4085.0,SO,IND_BOILER,MW
2030-12-10 18:00:00,YZ,4078.3,SO,IND_BOILER,MW
2030-12-11 19:00:00,YZ,4323.0,SO,IND_BOILER,MW
2030-12-12 20:00:00,YZ,4290.0,SO,IND_BOILER,MW
2030-12-13 21:00:00,YZ,4052.0,SO,IND_BOILER,MW
2030-12-14 22:00:00,YZ,3425.0,SO,IND_BOILER,MW
2030-12-15 23:00:00,YZ,3531.0,SO,IND_BOILER,MW
2030-12-17 00:00:00,YZ,3920.0,SO,IND_BOILER,MW
2030-12-18 01:00:00,YZ,3663.0,SO,IND_BOILER,MW
2030-12-19 02:00:00,YZ,3491.0,SO,IND_BOILER,MW
2030-12-20 03:00:00,YZ,3194.0,SO,IND_BOILER,MW
2030-12-21 04:00:00,YZ,3036.0,SO,IND_BOILER,MW
2030-12-22 05:00:00,YZ,2930.0,SO,IND_BOILER,MW
2030-12-23 06:00:00,YZ,3333.0,SO,IND_BOILER,MW
2030-12-24 07:00:00,YZ,3564.0,SO,IND_BOILER,MW
2030-12-25 08:00:00,YZ,3927.0,SO,IND_BOILER,MW
2030-12-26 09:00:00,YZ,4151.0,SO,IND_BOILER,MW
2030-12-27 10:00:00,YZ,4052.0,SO,IND_BOILER,MW
2030-12-28 11:00:00,YZ,3425.0,SO,IND_BOILER,MW
2030-12-29 12:00:00,YZ,3491.0,SO,IND_BOILER,MW
2030-12-30 13:00:00,YZ,4118.0,SO,IND_BOILER,MW
2030-12-31 14:00:00,YZ,4184.0,SO,IND_BOILER,MW
2031-01-01 15:00:00,YZ,4316.0,SO,IND_BOILER,MW
