snapshot,type,status,value,country,unit
2030-01-01 00:00:00,TRAN-PRV,charging,18.73684210526316,XY,MW
2030-01-02 01:00:00,TRAN-PUB,charging,36.210526315787,XY,MW
2030-01-03 02:00:00,TRAN-PRV,charging,40.00000000002316,XY,MW
2030-01-04 03:00:00,TRAN-PUB,charging,34.526315789468995,XY,MW
2030-01-05 04:00:00,TRAN-PRV,charging,53.05263157902,XY,MW
2030-01-06 05:00:00,TRAN-PUB,charging,35.368421052628,XY,MW
2030-01-07 06:00:00,TRAN-PRV,charging,56.84210526324,XY,MW
2030-01-08 07:00:00,TRAN-PUB,charging,37.894736842105004,XY,MW
2030-01-09 08:00:00,TRAN-PRV,charging,56.84210526324,XY,MW
2030-01-10 09:00:00,TRAN-PUB,charging,37.894736842105004,XY,MW
2030-01-11 10:00:00,TRAN-PRV,charging,54.31578947376,XY,MW
2030-01-12 11:00:00,TRAN-PUB,charging,36.210526315787,XY,MW
2030-01-13 12:00:00,TRAN-PRV,charging,36.0,XY,MW
2030-01-14 13:00:00,TRAN-PUB,charging,37.052631578946,XY,MW
2030-01-15 14:00:00,TRAN-PRV,charging,32.210526315825,XY,MW
2030-01-16 15:00:00,TRAN-PUB,charging,21.4736842105345,XY,MW
2030-01-17 16:00:00,TRAN-PRV,charging,30.31578947373,XY,MW
2030-01-18 17:00:00,TRAN-PUB,charging,20.210526315785998,XY,MW
2030-01-19 18:00:00,TRAN-PRV,charging,29.684210526344998,XY,MW
2030-01-20 19:00:00,TRAN-PUB,charging,19.7894736842165,XY,MW
2030-01-21 20:00:00,TRAN-PRV,charging,30.31578947373,XY,MW
2030-01-22 21:00:00,TRAN-PUB,charging,20.210526315785998,XY,MW
2030-01-23 22:00:00,TRAN-PRV,charging,30.31578947373,XY,MW
2030-01-24 23:00:00,TRAN-PUB,charging,20.210526315785998,XY,MW
2030-01-26 00:00:00,TRAN-PRV,charging,27.157894736864996,XY,MW
2030-01-27 01:00:00,TRAN-PUB,charging,18.1052631578985,XY,MW
2030-01-28 02:00:00,TRAN-PRV,charging,29.684210526344998,XY,MW
2030-01-29 03:00:00,TRAN-PUB,charging,19.7894736842165,XY,MW
2030-01-30 04:00:00,TRAN-PRV,charging,25.894736842125,XY,MW
2030-01-31 05:00:00,TRAN-PUB,charging,17.2631578947395,XY,MW
2030-02-01 06:00:00,TRAN-PRV,charging,24.00000000003,XY,MW
2030-02-02 07:00:00,TRAN-PUB,charging,16.000000000001,XY,MW
2030-02-03 08:00:00,TRAN-PRV,charging,19.578947368455,XY,MW
2030-02-04 09:00:00,TRAN-PUB,charging,13.0526315789445,XY,MW
2030-02-05 10:00:00,TRAN-PRV,charging,16.42105263159,XY,MW
2030-02-06 11:00:00,TRAN-PUB,charging,10.947368421057,XY,MW
2030-02-07 12:00:00,TRAN-PRV,charging,7.57894736844,XY,MW
2030-02-08 13:00:00,TRAN-PUB,charging,5.052631578944,XY,MW
2030-02-09 14:00:00,TRAN-PRV,charging,26.52631578951,XY,MW
2030-02-10 15:00:00,TRAN-PUB,charging,17.684210526319,XY,MW
2030-02-11 16:00:00,TRAN-PRV,charging,25.26315789477,XY,MW
2030-02-12 17:00:00,TRAN-PUB,charging,16.84210526315,XY,MW
2030-02-13 18:00:00,TRAN-PRV,charging,35.36842105269,XY,MW
2030-02-14 19:00:00,TRAN-PUB,charging,23.578947368412,XY,MW
2030-02-15 20:00:00,TRAN-PRV,charging,39.157894736879996,XY,MW
2030-02-16 21:00:00,TRAN-PUB,charging,26.105263157899,XY,MW
2030-02-17 22:00:00,TRAN-PRV,charging,42.9473684211,XY,MW
2030-02-18 23:00:00,TRAN-PUB,charging,28.631578947376,XY,MW
2030-02-20 00:00:00,TRAN-PRV,charging,46.105263157965,XY,MW
2030-02-21 01:00:00,TRAN-PUB,charging,30.7368421052635,XY,MW
2030-02-22 02:00:00,TRAN-PRV,charging,46.105263157965,XY,MW
2030-02-23 03:00:00,TRAN-PUB,charging,30.7368421052635,XY,MW
2030-02-24 04:00:00,TRAN-PRV,charging,42.12631578949132,XY,MW
2030-02-25 05:00:00,TRAN-PUB,charging,34.1052631578995,XY,MW
2030-02-26 06:00:00,TRAN-PRV,charging,55.5789473685,XY,MW
2030-02-27 07:00:00,TRAN-PUB,charging,37.052631578946,XY,MW
2030-02-28 08:00:00,TRAN-PRV,charging,57.473684210594996,XY,MW
2030-03-01 09:00:00,TRAN-PUB,charging,38.3157894736845,XY,MW
2030-03-02 10:00:00,TRAN-PRV,charging,53.684210526375,XY,MW
2030-03-03 11:00:00,TRAN-PUB,charging,35.7894736842175,XY,MW
2030-03-04 12:00:00,TRAN-PRV,charging,45.47368421058,XY,MW
2030-03-05 13:00:00,TRAN-PUB,charging,30.315789473684,XY,MW
2030-03-06 14:00:00,TRAN-PRV,charging,37.263157894784996,XY,MW
2030-03-07 15:00:00,TRAN-PUB,charging,24.842105263150497,XY,MW
2030-03-08 16:00:00,TRAN-PRV,charging,46.73684210532,XY,MW
2030-03-09 17:00:00,TRAN-PUB,charging,31.157894736853,XY,MW
2030-03-10 18:00:00,TRAN-PRV,charging,48.75789473685974,XY,MW
2030-03-11 19:00:00,TRAN-PUB,charging,34.1052631578995,XY,MW
2030-03-12 20:00:00,TRAN-PRV,charging,26.52631578951,XY,MW
2030-03-13 21:00:00,TRAN-PUB,charging,17.684210526319,XY,MW
2030-03-14 22:00:00,TRAN-PRV,charging,29.684210526344998,XY,MW
2030-03-15 23:00:00,TRAN-PUB,charging,19.7894736842165,XY,MW
2030-03-17 00:00:00,TRAN-PRV,charging,29.052631578990002,XY,MW
2030-03-18 01:00:00,TRAN-PUB,charging,19.368421052627,XY,MW
2030-03-19 02:00:00,TRAN-PRV,charging,25.894736842125,XY,MW
2030-03-20 03:00:00,TRAN-PUB,charging,17.2631578947395,XY,MW
2030-03-21 04:00:00,TRAN-PRV,charging,12.000000000015,XY,MW
2030-03-22 05:00:00,TRAN-PUB,charging,8.0000000000005,XY,MW
2030-03-23 06:00:00,TRAN-PRV,charging,16.42105263159,XY,MW
2030-03-24 07:00:00,TRAN-PUB,charging,10.947368421057,XY,MW
2030-03-25 08:00:00,TRAN-PRV,charging,23.368421052675,XY,MW
2030-03-26 09:00:00,TRAN-PUB,charging,15.5789473684115,XY,MW
2030-03-27 10:00:00,TRAN-PRV,charging,20.21052631581,XY,MW
2030-03-28 11:00:00,TRAN-PUB,charging,13.473684210534,XY,MW
2030-03-29 12:00:00,TRAN-PRV,charging,17.052631578975,XY,MW
2030-03-30 13:00:00,TRAN-PUB,charging,11.3684210526265,XY,MW
2030-03-31 14:00:00,TRAN-PRV,charging,18.94736842107,XY,MW
2030-04-01 15:00:00,TRAN-PUB,charging,12.631578947374999,XY,MW
2030-04-02 16:00:00,TRAN-PRV,charging,25.26315789477,XY,MW
2030-04-03 17:00:00,TRAN-PUB,charging,16.84210526315,XY,MW
2030-04-04 18:00:00,TRAN-PRV,charging,24.00000000003,XY,MW
2030-04-05 19:00:00,TRAN-PUB,charging,16.000000000001,XY,MW
2030-04-06 20:00:00,TRAN-PRV,charging,36.000000000045,XY,MW
2030-04-07 21:00:00,TRAN-PUB,charging,24.0000000000015,XY,MW
2030-04-08 22:00:00,TRAN-PRV,charging,39.789473684265005,XY,MW
2030-04-09 23:00:00,TRAN-PUB,charging,26.526315789468498,XY,MW
2030-04-11 00:00:00,TRAN-PRV,charging,49.2631578948,XY,MW
2030-04-12 01:00:00,TRAN-PUB,charging,32.842105263151,XY,MW
2030-04-13 02:00:00,TRAN-PRV,charging,51.78947368428,XY,MW
2030-04-14 03:00:00,TRAN-PUB,charging,34.526315789468995,XY,MW
2030-04-15 04:00:00,TRAN-PRV,charging,54.31578947376,XY,MW
2030-04-16 05:00:00,TRAN-PUB,charging,36.210526315787,XY,MW
2030-04-17 06:00:00,TRAN-PRV,charging,55.5789473685,XY,MW
2030-04-18 07:00:00,TRAN-PUB,charging,37.052631578946,XY,MW
2030-04-19 08:00:00,TRAN-PRV,charging,53.05263157902,XY,MW
2030-04-20 09:00:00,TRAN-PUB,charging,35.368421052628,XY,MW
2030-04-21 10:00:00,TRAN-PRV,charging,36.0,XY,MW
2030-04-22 11:00:00,TRAN-PUB,charging,37.473684210535495,XY,MW
2030-04-23 12:00:00,TRAN-PRV,charging,42.315789473745,XY,MW
2030-04-24 13:00:00,TRAN-PUB,charging,28.2105263157865,XY,MW
2030-04-25 14:00:00,TRAN-PRV,charging,35.36842105269,XY,MW
2030-04-26 15:00:00,TRAN-PUB,charging,23.578947368412,XY,MW
2030-04-27 16:00:00,TRAN-PRV,charging,29.684210526344998,XY,MW
2030-04-28 17:00:00,TRAN-PUB,charging,19.7894736842165,XY,MW
2030-04-29 18:00:00,TRAN-PRV,charging,28.421052631605,XY,MW
2030-04-30 19:00:00,TRAN-PUB,charging,18.9473684210575,XY,MW
2030-05-01 20:00:00,TRAN-PRV,charging,30.31578947373,XY,MW
2030-05-02 21:00:00,TRAN-PUB,charging,20.210526315785998,XY,MW
2030-05-03 22:00:00,TRAN-PRV,charging,26.52631578951,XY,MW
2030-05-04 23:00:00,TRAN-PUB,charging,17.684210526319,XY,MW
2030-05-06 00:00:00,TRAN-PRV,charging,30.31578947373,XY,MW
2030-05-07 01:00:00,TRAN-PUB,charging,20.210526315785998,XY,MW
2030-05-08 02:00:00,TRAN-PRV,charging,26.52631578951,XY,MW
2030-05-09 03:00:00,TRAN-PUB,charging,17.684210526319,XY,MW
2030-05-10 04:00:00,TRAN-PRV,charging,26.52631578951,XY,MW
2030-05-11 05:00:00,TRAN-PUB,charging,17.684210526319,XY,MW
2030-05-12 06:00:00,TRAN-PRV,charging,21.47368421055,XY,MW
2030-05-13 07:00:00,TRAN-PUB,charging,14.315789473683001,XY,MW
2030-05-14 08:00:00,TRAN-PRV,charging,15.15789473685,XY,MW
2030-05-15 09:00:00,TRAN-PUB,charging,10.105263157898,XY,MW
2030-05-16 10:00:00,TRAN-PRV,charging,4.421052631584,XY,MW
2030-05-17 11:00:00,TRAN-PUB,charging,2.9473684210535,XY,MW
2030-05-18 12:00:00,TRAN-PRV,charging,17.052631578975,XY,MW
2030-05-19 13:00:00,TRAN-PUB,charging,11.3684210526265,XY,MW
2030-05-20 14:00:00,TRAN-PRV,charging,15.15789473685,XY,MW
2030-05-21 15:00:00,TRAN-PUB,charging,10.105263157898,XY,MW
2030-05-22 16:00:00,TRAN-PRV,charging,27.78947368425,XY,MW
2030-05-23 17:00:00,TRAN-PUB,charging,18.526315789468,XY,MW
2030-05-24 18:00:00,TRAN-PRV,charging,32.84210526321,XY,MW
2030-05-25 19:00:00,TRAN-PUB,charging,21.894736842104,XY,MW
2030-05-26 20:00:00,TRAN-PRV,charging,36.6315789474,XY,MW
2030-05-27 21:00:00,TRAN-PUB,charging,24.421052631590996,XY,MW
2030-05-28 22:00:00,TRAN-PRV,charging,39.789473684265005,XY,MW
2030-05-29 23:00:00,TRAN-PUB,charging,26.526315789468498,XY,MW
2030-05-31 00:00:00,TRAN-PRV,charging,41.684210526360005,XY,MW
2030-06-01 01:00:00,TRAN-PUB,charging,27.789473684217,XY,MW
2030-06-02 02:00:00,TRAN-PRV,charging,46.757894736862106,XY,MW
2030-06-03 03:00:00,TRAN-PUB,charging,32.000000000002,XY,MW
2030-06-04 04:00:00,TRAN-PRV,charging,53.05263157902,XY,MW
2030-06-05 05:00:00,TRAN-PUB,charging,35.368421052628,XY,MW
2030-06-06 06:00:00,TRAN-PRV,charging,56.84210526324,XY,MW
2030-06-07 07:00:00,TRAN-PUB,charging,37.894736842105004,XY,MW
2030-06-08 08:00:00,TRAN-PRV,charging,56.84210526324,XY,MW
2030-06-09 09:00:00,TRAN-PUB,charging,37.894736842105004,XY,MW
2030-06-10 10:00:00,TRAN-PRV,charging,53.05263157902,XY,MW
2030-06-11 11:00:00,TRAN-PUB,charging,35.368421052628,XY,MW
2030-06-12 12:00:00,TRAN-PRV,charging,45.47368421058,XY,MW
2030-06-13 13:00:00,TRAN-PUB,charging,30.315789473684,XY,MW
2030-06-14 14:00:00,TRAN-PRV,charging,46.105263157965,XY,MW
2030-06-15 15:00:00,TRAN-PUB,charging,30.7368421052635,XY,MW
2030-06-16 16:00:00,TRAN-PRV,charging,51.073684210545,XY,MW
2030-06-17 17:00:00,TRAN-PUB,charging,34.9473684210585,XY,MW
2030-06-18 18:00:00,TRAN-PRV,charging,25.894736842125,XY,MW
2030-06-19 19:00:00,TRAN-PUB,charging,17.2631578947395,XY,MW
2030-06-20 20:00:00,TRAN-PRV,charging,28.421052631605,XY,MW
2030-06-21 21:00:00,TRAN-PUB,charging,18.9473684210575,XY,MW
2030-06-22 22:00:00,TRAN-PRV,charging,27.157894736864996,XY,MW
2030-06-23 23:00:00,TRAN-PUB,charging,18.1052631578985,XY,MW
2030-06-25 00:00:00,TRAN-PRV,charging,20.842105263195002,XY,MW
2030-06-26 01:00:00,TRAN-PUB,charging,13.8947368421035,XY,MW
2030-06-27 02:00:00,TRAN-PRV,charging,10.736842105275,XY,MW
2030-06-28 03:00:00,TRAN-PUB,charging,7.1578947368465,XY,MW
2030-06-29 04:00:00,TRAN-PRV,charging,14.526315789495001,XY,MW
2030-06-30 05:00:00,TRAN-PUB,charging,9.6842105263185,XY,MW
2030-07-01 06:00:00,TRAN-PRV,charging,18.94736842107,XY,MW
2030-07-02 07:00:00,TRAN-PUB,charging,12.631578947374999,XY,MW
2030-07-03 08:00:00,TRAN-PRV,charging,2.526315789477,XY,MW
2030-07-04 09:00:00,TRAN-PUB,charging,1.684210526315,XY,MW
2030-07-05 10:00:00,TRAN-PRV,charging,9.473684210535,XY,MW
2030-07-06 11:00:00,TRAN-PUB,charging,6.3157894736864995,XY,MW
2030-07-07 12:00:00,TRAN-PRV,charging,12.63157894737,XY,MW
2030-07-08 13:00:00,TRAN-PUB,charging,8.42105263159,XY,MW
2030-07-09 14:00:00,TRAN-PRV,charging,15.15789473685,XY,MW
2030-07-10 15:00:00,TRAN-PUB,charging,10.105263157898,XY,MW
2030-07-11 16:00:00,TRAN-PRV,charging,15.789473684235,XY,MW
2030-07-12 17:00:00,TRAN-PUB,charging,10.5263157894675,XY,MW
2030-07-13 18:00:00,TRAN-PRV,charging,27.157894736864996,XY,MW
2030-07-14 19:00:00,TRAN-PUB,charging,18.1052631578985,XY,MW
2030-07-15 20:00:00,TRAN-PRV,charging,26.52631578951,XY,MW
2030-07-16 21:00:00,TRAN-PUB,charging,17.684210526319,XY,MW
2030-07-17 22:00:00,TRAN-PRV,charging,42.9473684211,XY,MW
2030-07-18 23:00:00,TRAN-PUB,charging,28.631578947376,XY,MW
2030-07-20 00:00:00,TRAN-PRV,charging,47.368421052705,XY,MW
2030-07-21 01:00:00,TRAN-PUB,charging,31.5789473684125,XY,MW
2030-07-22 02:00:00,TRAN-PRV,charging,49.894736842155005,XY,MW
2030-07-23 03:00:00,TRAN-PUB,charging,33.2631578947405,XY,MW
2030-07-24 04:00:00,TRAN-PRV,charging,52.42105263163499,XY,MW
2030-07-25 05:00:00,TRAN-PUB,charging,34.9473684210585,XY,MW
2030-07-26 06:00:00,TRAN-PRV,charging,52.42105263163499,XY,MW
2030-07-27 07:00:00,TRAN-PUB,charging,34.9473684210585,XY,MW
2030-07-28 08:00:00,TRAN-PRV,charging,39.45263157894737,XY,MW
2030-07-29 09:00:00,TRAN-PUB,charging,36.210526315787,XY,MW
2030-07-30 10:00:00,TRAN-PRV,charging,49.894736842155005,XY,MW
2030-07-31 11:00:00,TRAN-PUB,charging,33.2631578947405,XY,MW
2030-08-01 12:00:00,TRAN-PRV,charging,44.21052631584,XY,MW
2030-08-02 13:00:00,TRAN-PUB,charging,29.473684210534998,XY,MW
2030-08-03 14:00:00,TRAN-PRV,charging,33.473684210565,XY,MW
2030-08-04 15:00:00,TRAN-PUB,charging,22.3157894736835,XY,MW
2030-08-05 16:00:00,TRAN-PRV,charging,27.78947368425,XY,MW
2030-08-06 17:00:00,TRAN-PUB,charging,18.526315789468,XY,MW
2030-08-07 18:00:00,TRAN-PRV,charging,28.421052631605,XY,MW
2030-08-08 19:00:00,TRAN-PUB,charging,18.9473684210575,XY,MW
2030-08-09 20:00:00,TRAN-PRV,charging,30.947368421085002,XY,MW
2030-08-10 21:00:00,TRAN-PUB,charging,20.6315789473755,XY,MW
2030-08-11 22:00:00,TRAN-PRV,charging,32.84210526321,XY,MW
2030-08-12 23:00:00,TRAN-PUB,charging,21.894736842104,XY,MW
2030-08-14 00:00:00,TRAN-PRV,charging,24.00000000003,XY,MW
2030-08-15 01:00:00,TRAN-PUB,charging,16.000000000001,XY,MW
2030-08-16 02:00:00,TRAN-PRV,charging,26.52631578951,XY,MW
2030-08-17 03:00:00,TRAN-PUB,charging,17.684210526319,XY,MW
2030-08-18 04:00:00,TRAN-PRV,charging,22.73684210529,XY,MW
2030-08-19 05:00:00,TRAN-PUB,charging,15.157894736851999,XY,MW
2030-08-20 06:00:00,TRAN-PRV,charging,17.052631578975,XY,MW
2030-08-21 07:00:00,TRAN-PUB,charging,11.3684210526265,XY,MW
2030-08-22 08:00:00,TRAN-PRV,charging,1.894736842107,XY,MW
2030-08-23 09:00:00,TRAN-PUB,charging,1.2631578947375,XY,MW
2030-08-24 10:00:00,TRAN-PRV,charging,13.263157894755,XY,MW
2030-08-25 11:00:00,TRAN-PUB,charging,8.842105263149499,XY,MW
2030-08-26 12:00:00,TRAN-PRV,charging,13.894736842110001,XY,MW
2030-08-27 13:00:00,TRAN-PUB,charging,9.263157894739,XY,MW
2030-08-28 14:00:00,TRAN-PRV,charging,20.21052631581,XY,MW
2030-08-29 15:00:00,TRAN-PUB,charging,13.473684210534,XY,MW
2030-08-30 16:00:00,TRAN-PRV,charging,22.73684210529,XY,MW
2030-08-31 17:00:00,TRAN-PUB,charging,15.157894736851999,XY,MW
2030-09-01 18:00:00,TRAN-PRV,charging,30.947368421085002,XY,MW
2030-09-02 19:00:00,TRAN-PUB,charging,20.6315789473755,XY,MW
2030-09-03 20:00:00,TRAN-PRV,charging,34.10526315795,XY,MW
2030-09-04 21:00:00,TRAN-PUB,charging,22.736842105262998,XY,MW
2030-09-05 22:00:00,TRAN-PRV,charging,34.10526315795,XY,MW
2030-09-06 23:00:00,TRAN-PUB,charging,22.736842105262998,XY,MW
2030-09-08 00:00:00,TRAN-PRV,charging,41.684210526360005,XY,MW
2030-09-09 01:00:00,TRAN-PUB,charging,27.789473684217,XY,MW
2030-09-10 02:00:00,TRAN-PRV,charging,46.73684210532,XY,MW
2030-09-11 03:00:00,TRAN-PUB,charging,31.157894736853,XY,MW
2030-09-12 04:00:00,TRAN-PRV,charging,54.31578947376,XY,MW
2030-09-13 05:00:00,TRAN-PUB,charging,36.210526315787,XY,MW
2030-09-14 06:00:00,TRAN-PRV,charging,55.5789473685,XY,MW
2030-09-15 07:00:00,TRAN-PUB,charging,37.052631578946,XY,MW
2030-09-16 08:00:00,TRAN-PRV,charging,51.78947368428,XY,MW
2030-09-17 09:00:00,TRAN-PUB,charging,34.526315789468995,XY,MW
2030-09-18 10:00:00,TRAN-PRV,charging,55.5789473685,XY,MW
2030-09-19 11:00:00,TRAN-PUB,charging,37.052631578946,XY,MW
2030-09-20 12:00:00,TRAN-PRV,charging,54.31578947376,XY,MW
2030-09-21 13:00:00,TRAN-PUB,charging,36.210526315787,XY,MW
2030-09-22 14:00:00,TRAN-PRV,charging,45.81052631580921,XY,MW
2030-09-23 15:00:00,TRAN-PUB,charging,35.7894736842175,XY,MW
2030-09-24 16:00:00,TRAN-PRV,charging,24.00000000003,XY,MW
2030-09-25 17:00:00,TRAN-PUB,charging,16.000000000001,XY,MW
2030-09-26 18:00:00,TRAN-PRV,charging,25.894736842125,XY,MW
2030-09-27 19:00:00,TRAN-PUB,charging,17.2631578947395,XY,MW
2030-09-28 20:00:00,TRAN-PRV,charging,27.157894736864996,XY,MW
2030-09-29 21:00:00,TRAN-PUB,charging,18.1052631578985,XY,MW
2030-09-30 22:00:00,TRAN-PRV,charging,26.52631578951,XY,MW
2030-10-01 23:00:00,TRAN-PUB,charging,17.684210526319,XY,MW
2030-10-03 00:00:00,TRAN-PRV,charging,18.315789473715,XY,MW
2030-10-04 01:00:00,TRAN-PUB,charging,12.210526315785499,XY,MW
2030-10-05 02:00:00,TRAN-PRV,charging,13.263157894755,XY,MW
2030-10-06 03:00:00,TRAN-PUB,charging,8.842105263149499,XY,MW
2030-10-07 04:00:00,TRAN-PRV,charging,19.578947368455,XY,MW
2030-10-08 05:00:00,TRAN-PUB,charging,13.0526315789445,XY,MW
2030-10-09 06:00:00,TRAN-PRV,charging,13.894736842110001,XY,MW
2030-10-10 07:00:00,TRAN-PUB,charging,9.263157894739,XY,MW
2030-10-11 08:00:00,TRAN-PRV,charging,14.526315789495001,XY,MW
2030-10-12 09:00:00,TRAN-PUB,charging,9.6842105263185,XY,MW
2030-10-13 10:00:00,TRAN-PRV,charging,13.894736842110001,XY,MW
2030-10-14 11:00:00,TRAN-PUB,charging,9.263157894739,XY,MW
2030-10-15 12:00:00,TRAN-PRV,charging,11.36842105266,XY,MW
2030-10-16 13:00:00,TRAN-PUB,charging,7.578947368413999,XY,MW
2030-10-17 14:00:00,TRAN-PRV,charging,10.736842105275,XY,MW
2030-10-18 15:00:00,TRAN-PUB,charging,7.1578947368465,XY,MW
2030-10-19 16:00:00,TRAN-PRV,charging,26.52631578951,XY,MW
2030-10-20 17:00:00,TRAN-PUB,charging,17.684210526319,XY,MW
2030-10-21 18:00:00,TRAN-PRV,charging,24.631578947384998,XY,MW
2030-10-22 19:00:00,TRAN-PUB,charging,16.4210526315905,XY,MW
2030-10-23 20:00:00,TRAN-PRV,charging,38.526315789525,XY,MW
2030-10-24 21:00:00,TRAN-PUB,charging,25.684210526319497,XY,MW
2030-10-25 22:00:00,TRAN-PRV,charging,42.315789473745,XY,MW
2030-10-26 23:00:00,TRAN-PUB,charging,28.2105263157865,XY,MW
2030-10-28 00:00:00,TRAN-PRV,charging,39.157894736879996,XY,MW
2030-10-29 01:00:00,TRAN-PUB,charging,26.105263157899,XY,MW
2030-10-30 02:00:00,TRAN-PRV,charging,49.894736842155005,XY,MW
2030-10-31 03:00:00,TRAN-PUB,charging,33.2631578947405,XY,MW
2030-11-01 04:00:00,TRAN-PRV,charging,49.2631578948,XY,MW
2030-11-02 05:00:00,TRAN-PUB,charging,32.842105263151,XY,MW
2030-11-03 06:00:00,TRAN-PRV,charging,43.07368421054395,XY,MW
2030-11-04 07:00:00,TRAN-PUB,charging,34.1052631578995,XY,MW
2030-11-05 08:00:00,TRAN-PRV,charging,51.78947368428,XY,MW
2030-11-06 09:00:00,TRAN-PUB,charging,34.526315789468995,XY,MW
2030-11-07 10:00:00,TRAN-PRV,charging,53.05263157902,XY,MW
2030-11-08 11:00:00,TRAN-PUB,charging,35.368421052628,XY,MW
2030-11-09 12:00:00,TRAN-PRV,charging,44.21052631584,XY,MW
2030-11-10 13:00:00,TRAN-PUB,charging,29.473684210534998,XY,MW
2030-11-11 14:00:00,TRAN-PRV,charging,27.78947368425,XY,MW
2030-11-12 15:00:00,TRAN-PUB,charging,18.526315789468,XY,MW
2030-11-13 16:00:00,TRAN-PRV,charging,34.10526315795,XY,MW
2030-11-14 17:00:00,TRAN-PUB,charging,22.736842105262998,XY,MW
2030-11-15 18:00:00,TRAN-PRV,charging,30.947368421085002,XY,MW
2030-11-16 19:00:00,TRAN-PUB,charging,20.6315789473755,XY,MW
2030-11-17 20:00:00,TRAN-PRV,charging,36.6315789474,XY,MW
2030-11-18 21:00:00,TRAN-PUB,charging,24.421052631590996,XY,MW
2030-11-19 22:00:00,TRAN-PRV,charging,37.89473684214,XY,MW
2030-11-20 23:00:00,TRAN-PUB,charging,25.263157894739997,XY,MW
2030-11-22 00:00:00,TRAN-PRV,charging,24.631578947384998,XY,MW
2030-11-23 01:00:00,TRAN-PUB,charging,16.4210526315905,XY,MW
2030-11-24 02:00:00,TRAN-PRV,charging,27.78947368425,XY,MW
2030-11-25 03:00:00,TRAN-PUB,charging,18.526315789468,XY,MW
2030-11-26 04:00:00,TRAN-PRV,charging,25.26315789477,XY,MW
2030-11-27 05:00:00,TRAN-PUB,charging,16.84210526315,XY,MW
2030-11-28 06:00:00,TRAN-PRV,charging,21.47368421055,XY,MW
2030-11-29 07:00:00,TRAN-PUB,charging,14.315789473683001,XY,MW
2030-11-30 08:00:00,TRAN-PRV,charging,6.947368421055001,XY,MW
2030-12-01 09:00:00,TRAN-PUB,charging,4.6315789473705005,XY,MW
2030-12-02 10:00:00,TRAN-PRV,charging,15.789473684235,XY,MW
2030-12-03 11:00:00,TRAN-PUB,charging,10.5263157894675,XY,MW
2030-12-04 12:00:00,TRAN-PRV,charging,11.36842105266,XY,MW
2030-12-05 13:00:00,TRAN-PUB,charging,7.578947368413999,XY,MW
2030-12-06 14:00:00,TRAN-PRV,charging,15.15789473685,XY,MW
2030-12-07 15:00:00,TRAN-PUB,charging,10.105263157898,XY,MW
2030-12-08 16:00:00,TRAN-PRV,charging,18.94736842107,XY,MW
2030-12-09 17:00:00,TRAN-PUB,charging,12.631578947374999,XY,MW
2030-12-10 18:00:00,TRAN-PRV,charging,24.00000000003,XY,MW
2030-12-11 19:00:00,TRAN-PUB,charging,16.000000000001,XY,MW
2030-12-12 20:00:00,TRAN-PRV,charging,26.52631578951,XY,MW
2030-12-13 21:00:00,TRAN-PUB,charging,17.684210526319,XY,MW
2030-12-14 22:00:00,TRAN-PRV,charging,27.157894736864996,XY,MW
2030-12-15 23:00:00,TRAN-PUB,charging,18.1052631578985,XY,MW
2030-12-17 00:00:00,TRAN-PRV,charging,39.789473684265005,XY,MW
2030-12-18 01:00:00,TRAN-PUB,charging,26.526315789468498,XY,MW
2030-12-19 02:00:00,TRAN-PRV,charging,40.42105263162,XY,MW
2030-12-20 03:00:00,TRAN-PUB,charging,26.947368421058,XY,MW
2030-12-21 04:00:00,TRAN-PRV,charging,51.157894736895,XY,MW
2030-12-22 05:00:00,TRAN-PUB,charging,34.1052631578995,XY,MW
2030-12-23 06:00:00,TRAN-PRV,charging,53.684210526375,XY,MW
2030-12-24 07:00:00,TRAN-PUB,charging,35.7894736842175,XY,MW
2030-12-25 08:00:00,TRAN-PRV,charging,55.5789473685,XY,MW
2030-12-26 09:00:00,TRAN-PUB,charging,37.052631578946,XY,MW
2030-12-27 10:00:00,TRAN-PRV,charging,54.947368421115,XY,MW
2030-12-28 11:00:00,TRAN-PUB,charging,36.6315789473765,XY,MW
2030-12-29 12:00:00,TRAN-PRV,charging,50.52631578954,XY,MW
2030-12-30 13:00:00,TRAN-PUB,charging,33.68421052632,XY,MW
2030-12-31 14:00:00,TRAN-PRV,charging,40.08421052633447,XY,MW
2031-01-01 15:00:00,TRAN-PUB,charging,34.9473684210585,XY,MW
2031-01-02 16:00:00,TRAN-PRV,charging,30.947368421085002,XY,MW
2031-01-03 17:00:00,TRAN-PUB,charging,20.6315789473755,XY,MW
2031-01-04 18:00:00,TRAN-PRV,charging,30.31578947373,XY,MW
2031-01-05 19:00:00,TRAN-PUB,charging,20.210526315785998,XY,MW
2031-01-06 20:00:00,TRAN-PRV,charging,28.421052631605,XY,MW
2031-01-07 21:00:00,TRAN-PUB,charging,18.9473684210575,XY,MW
2031-01-08 22:00:00,TRAN-PRV,charging,27.157894736864996,XY,MW
2031-01-09 23:00:00,TRAN-PUB,charging,18.1052631578985,XY,MW
2031-01-11 00:00:00,TRAN-PRV,charging,24.631578947384998,XY,MW
2031-01-12 01:00:00,TRAN-PUB,charging,16.4210526315905,XY,MW
2031-01-13 02:00:00,TRAN-PRV,charging,17.684210526330002,XY,MW
2031-01-14 03:00:00,TRAN-PUB,charging,11.789473684216,XY,MW
2031-01-15 04:00:00,TRAN-PRV,charging,17.684210526330002,XY,MW
2031-01-16 05:00:00,TRAN-PUB,charging,11.789473684216,XY,MW
2031-01-17 06:00:00,TRAN-PRV,charging,22.105263157935,XY,MW
2031-01-18 07:00:00,TRAN-PUB,charging,14.7368421052625,XY,MW
2031-01-19 08:00:00,TRAN-PRV,charging,20.842105263195002,XY,MW
2031-01-20 09:00:00,TRAN-PUB,charging,13.8947368421035,XY,MW
2031-01-21 10:00:00,TRAN-PRV,charging,15.789473684235,XY,MW
2031-01-22 11:00:00,TRAN-PUB,charging,10.5263157894675,XY,MW
2031-01-23 12:00:00,TRAN-PRV,charging,10.736842105275,XY,MW
2031-01-24 13:00:00,TRAN-PUB,charging,7.1578947368465,XY,MW
2031-01-25 14:00:00,TRAN-PRV,charging,5.052631578954,XY,MW
2031-01-26 15:00:00,TRAN-PUB,charging,3.368421052632,XY,MW
2031-01-27 16:00:00,TRAN-PRV,charging,20.21052631581,XY,MW
2031-01-28 17:00:00,TRAN-PUB,charging,13.473684210534,XY,MW
2031-01-29 18:00:00,TRAN-PRV,charging,17.052631578975,XY,MW
2031-01-30 19:00:00,TRAN-PUB,charging,11.3684210526265,XY,MW
2031-01-31 20:00:00,TRAN-PRV,charging,31.57894736847,XY,MW
2031-02-01 21:00:00,TRAN-PUB,charging,21.052631578945,XY,MW
2031-02-02 22:00:00,TRAN-PRV,charging,36.000000000045,XY,MW
2031-02-03 23:00:00,TRAN-PUB,charging,24.0000000000015,XY,MW
2031-02-05 00:00:00,TRAN-PRV,charging,39.789473684265005,XY,MW
2031-02-06 01:00:00,TRAN-PUB,charging,26.526315789468498,XY,MW
2031-02-07 02:00:00,TRAN-PRV,charging,42.315789473745,XY,MW
2031-02-08 03:00:00,TRAN-PUB,charging,28.2105263157865,XY,MW
2031-02-09 04:00:00,TRAN-PRV,charging,40.42105263162,XY,MW
2031-02-10 05:00:00,TRAN-PUB,charging,26.947368421058,XY,MW
2031-02-11 06:00:00,TRAN-PRV,charging,45.38947368422947,XY,MW
2031-02-12 07:00:00,TRAN-PUB,charging,31.157894736853,XY,MW
2031-02-13 08:00:00,TRAN-PRV,charging,50.52631578954,XY,MW
2031-02-14 09:00:00,TRAN-PUB,charging,33.68421052632,XY,MW
2031-02-15 10:00:00,TRAN-PRV,charging,55.5789473685,XY,MW
2031-02-16 11:00:00,TRAN-PUB,charging,37.052631578946,XY,MW
2031-02-17 12:00:00,TRAN-PRV,charging,52.42105263163499,XY,MW
2031-02-18 13:00:00,TRAN-PUB,charging,34.9473684210585,XY,MW
2031-02-19 14:00:00,TRAN-PRV,charging,44.21052631584,XY,MW
2031-02-20 15:00:00,TRAN-PUB,charging,29.473684210534998,XY,MW
2031-02-21 16:00:00,TRAN-PRV,charging,36.6315789474,XY,MW
2031-02-22 17:00:00,TRAN-PUB,charging,24.421052631590996,XY,MW
2031-02-23 18:00:00,TRAN-PRV,charging,38.526315789525,XY,MW
2031-02-24 19:00:00,TRAN-PUB,charging,25.684210526319497,XY,MW
2031-02-25 20:00:00,TRAN-PRV,charging,40.42105263162,XY,MW
2031-02-26 21:00:00,TRAN-PUB,charging,26.947368421058,XY,MW
2031-02-27 22:00:00,TRAN-PRV,charging,24.00000000003,XY,MW
2031-02-28 23:00:00,TRAN-PUB,charging,16.000000000001,XY,MW
2031-03-02 00:00:00,TRAN-PRV,charging,26.52631578951,XY,MW
2031-03-03 01:00:00,TRAN-PUB,charging,17.684210526319,XY,MW
2031-03-04 02:00:00,TRAN-PRV,charging,24.631578947384998,XY,MW
2031-03-05 03:00:00,TRAN-PUB,charging,16.4210526315905,XY,MW
2031-03-06 04:00:00,TRAN-PRV,charging,22.73684210529,XY,MW
2031-03-07 05:00:00,TRAN-PUB,charging,15.157894736851999,XY,MW
2031-03-08 06:00:00,TRAN-PRV,charging,11.36842105266,XY,MW
2031-03-09 07:00:00,TRAN-PUB,charging,7.578947368413999,XY,MW
2031-03-10 08:00:00,TRAN-PRV,charging,12.000000000015,XY,MW
2031-03-11 09:00:00,TRAN-PUB,charging,8.0000000000005,XY,MW
2031-03-12 10:00:00,TRAN-PRV,charging,8.84210526318,XY,MW
2031-03-13 11:00:00,TRAN-PUB,charging,5.894736842102,XY,MW
2031-03-14 12:00:00,TRAN-PRV,charging,13.894736842110001,XY,MW
2031-03-15 13:00:00,TRAN-PUB,charging,9.263157894739,XY,MW
2031-03-16 14:00:00,TRAN-PRV,charging,15.789473684235,XY,MW
2031-03-17 15:00:00,TRAN-PUB,charging,10.5263157894675,XY,MW
2031-03-18 16:00:00,TRAN-PRV,charging,18.315789473715,XY,MW
2031-03-19 17:00:00,TRAN-PUB,charging,12.210526315785499,XY,MW
2031-03-20 18:00:00,TRAN-PRV,charging,20.842105263195002,XY,MW
2031-03-21 19:00:00,TRAN-PUB,charging,13.8947368421035,XY,MW
2031-03-22 20:00:00,TRAN-PRV,charging,18.315789473715,XY,MW
2031-03-23 21:00:00,TRAN-PUB,charging,12.210526315785499,XY,MW
2031-03-24 22:00:00,TRAN-PRV,charging,30.31578947373,XY,MW
2031-03-25 23:00:00,TRAN-PUB,charging,20.210526315785998,XY,MW
2031-03-27 00:00:00,TRAN-PRV,charging,31.57894736847,XY,MW
2031-03-28 01:00:00,TRAN-PUB,charging,21.052631578945,XY,MW
2031-03-29 02:00:00,TRAN-PRV,charging,46.105263157965,XY,MW
2031-03-30 03:00:00,TRAN-PUB,charging,30.7368421052635,XY,MW
2031-03-31 04:00:00,TRAN-PRV,charging,49.2631578948,XY,MW
2031-04-01 05:00:00,TRAN-PUB,charging,32.842105263151,XY,MW
2031-04-02 06:00:00,TRAN-PRV,charging,52.42105263163499,XY,MW
2031-04-03 07:00:00,TRAN-PUB,charging,34.9473684210585,XY,MW
2031-04-04 08:00:00,TRAN-PRV,charging,53.684210526375,XY,MW
2031-04-05 09:00:00,TRAN-PUB,charging,35.7894736842175,XY,MW
2031-04-06 10:00:00,TRAN-PRV,charging,51.157894736895,XY,MW
2031-04-07 11:00:00,TRAN-PUB,charging,34.1052631578995,XY,MW
2031-04-08 12:00:00,TRAN-PRV,charging,44.44210526317658,XY,MW
2031-04-09 13:00:00,TRAN-PUB,charging,34.9473684210585,XY,MW
2031-04-10 14:00:00,TRAN-PRV,charging,40.42105263162,XY,MW
2031-04-11 15:00:00,TRAN-PUB,charging,26.947368421058,XY,MW
2031-04-12 16:00:00,TRAN-PRV,charging,34.736842105305,XY,MW
2031-04-13 17:00:00,TRAN-PUB,charging,23.1578947368525,XY,MW
2031-04-14 18:00:00,TRAN-PRV,charging,29.684210526344998,XY,MW
2031-04-15 19:00:00,TRAN-PUB,charging,19.7894736842165,XY,MW
2031-04-16 20:00:00,TRAN-PRV,charging,27.157894736864996,XY,MW
2031-04-17 21:00:00,TRAN-PUB,charging,18.1052631578985,XY,MW
2031-04-18 22:00:00,TRAN-PRV,charging,26.52631578951,XY,MW
2031-04-19 23:00:00,TRAN-PUB,charging,17.684210526319,XY,MW
2031-04-21 00:00:00,TRAN-PRV,charging,20.842105263195002,XY,MW
2031-04-22 01:00:00,TRAN-PUB,charging,13.8947368421035,XY,MW
2031-04-23 02:00:00,TRAN-PRV,charging,20.21052631581,XY,MW
2031-04-24 03:00:00,TRAN-PUB,charging,13.473684210534,XY,MW
2031-04-25 04:00:00,TRAN-PRV,charging,22.73684210529,XY,MW
2031-04-26 05:00:00,TRAN-PUB,charging,15.157894736851999,XY,MW
2031-04-27 06:00:00,TRAN-PRV,charging,23.368421052675,XY,MW
2031-04-28 07:00:00,TRAN-PUB,charging,15.5789473684115,XY,MW
2031-04-29 08:00:00,TRAN-PRV,charging,18.94736842107,XY,MW
2031-04-30 09:00:00,TRAN-PUB,charging,12.631578947374999,XY,MW
2031-05-01 10:00:00,TRAN-PRV,charging,12.63157894737,XY,MW
2031-05-02 11:00:00,TRAN-PUB,charging,8.42105263159,XY,MW
2031-05-03 12:00:00,TRAN-PRV,charging,2.526315789477,XY,MW
2031-05-04 13:00:00,TRAN-PUB,charging,1.684210526315,XY,MW
2031-05-05 14:00:00,TRAN-PRV,charging,13.263157894755,XY,MW
2031-05-06 15:00:00,TRAN-PUB,charging,8.842105263149499,XY,MW
2031-05-07 16:00:00,TRAN-PRV,charging,7.57894736844,XY,MW
2031-05-08 17:00:00,TRAN-PUB,charging,5.052631578944,XY,MW
2031-05-09 18:00:00,TRAN-PRV,charging,25.894736842125,XY,MW
2031-05-10 19:00:00,TRAN-PUB,charging,17.2631578947395,XY,MW
2031-05-11 20:00:00,TRAN-PRV,charging,30.947368421085002,XY,MW
2031-05-12 21:00:00,TRAN-PUB,charging,20.6315789473755,XY,MW
2031-05-13 22:00:00,TRAN-PRV,charging,34.736842105305,XY,MW
2031-05-14 23:00:00,TRAN-PUB,charging,23.1578947368525,XY,MW
2031-05-16 00:00:00,TRAN-PRV,charging,37.89473684214,XY,MW
2031-05-17 01:00:00,TRAN-PUB,charging,25.263157894739997,XY,MW
2031-05-18 02:00:00,TRAN-PRV,charging,38.526315789525,XY,MW
2031-05-19 03:00:00,TRAN-PUB,charging,25.684210526319497,XY,MW
2031-05-20 04:00:00,TRAN-PRV,charging,44.21052631584,XY,MW
2031-05-21 05:00:00,TRAN-PUB,charging,29.473684210534998,XY,MW
2031-05-22 06:00:00,TRAN-PRV,charging,49.2631578948,XY,MW
2031-05-23 07:00:00,TRAN-PUB,charging,32.842105263151,XY,MW
2031-05-24 08:00:00,TRAN-PRV,charging,56.210526315855,XY,MW
2031-05-25 09:00:00,TRAN-PUB,charging,37.473684210535495,XY,MW
2031-05-26 10:00:00,TRAN-PRV,charging,56.210526315855,XY,MW
2031-05-27 11:00:00,TRAN-PUB,charging,37.473684210535495,XY,MW
2031-05-28 12:00:00,TRAN-PRV,charging,53.05263157902,XY,MW
2031-05-29 13:00:00,TRAN-PUB,charging,35.368421052628,XY,MW
2031-05-30 14:00:00,TRAN-PRV,charging,44.842105263225,XY,MW
2031-05-31 15:00:00,TRAN-PUB,charging,29.8947368421045,XY,MW
2031-06-01 16:00:00,TRAN-PRV,charging,48.63157894741501,XY,MW
2031-06-02 17:00:00,TRAN-PUB,charging,32.4210526315915,XY,MW
2031-06-03 18:00:00,TRAN-PRV,charging,49.894736842155005,XY,MW
2031-06-04 19:00:00,TRAN-PUB,charging,33.2631578947405,XY,MW
2031-06-05 20:00:00,TRAN-PRV,charging,24.00000000003,XY,MW
2031-06-06 21:00:00,TRAN-PUB,charging,16.000000000001,XY,MW
2031-06-07 22:00:00,TRAN-PRV,charging,27.157894736864996,XY,MW
2031-06-08 23:00:00,TRAN-PUB,charging,18.1052631578985,XY,MW
2031-06-10 00:00:00,TRAN-PRV,charging,27.157894736864996,XY,MW
2031-06-11 01:00:00,TRAN-PUB,charging,18.1052631578985,XY,MW
2031-06-12 02:00:00,TRAN-PRV,charging,25.894736842125,XY,MW
2031-06-13 03:00:00,TRAN-PUB,charging,17.2631578947395,XY,MW
2031-06-14 04:00:00,TRAN-PRV,charging,15.789473684235,XY,MW
2031-06-15 05:00:00,TRAN-PUB,charging,10.5263157894675,XY,MW
2031-06-16 06:00:00,TRAN-PRV,charging,13.894736842110001,XY,MW
2031-06-17 07:00:00,TRAN-PUB,charging,9.263157894739,XY,MW
2031-06-18 08:00:00,TRAN-PRV,charging,13.263157894755,XY,MW
2031-06-19 09:00:00,TRAN-PUB,charging,8.842105263149499,XY,MW
2031-06-20 10:00:00,TRAN-PRV,charging,15.789473684235,XY,MW
2031-06-21 11:00:00,TRAN-PUB,charging,10.5263157894675,XY,MW
2031-06-22 12:00:00,TRAN-PRV,charging,12.63157894737,XY,MW
2031-06-23 13:00:00,TRAN-PUB,charging,8.42105263159,XY,MW
2031-06-24 14:00:00,TRAN-PRV,charging,12.000000000015,XY,MW
2031-06-25 15:00:00,TRAN-PUB,charging,8.0000000000005,XY,MW
2031-06-26 16:00:00,TRAN-PRV,charging,13.263157894755,XY,MW
2031-06-27 17:00:00,TRAN-PUB,charging,8.842105263149499,XY,MW
2031-06-28 18:00:00,TRAN-PRV,charging,12.000000000015,XY,MW
2031-06-29 19:00:00,TRAN-PUB,charging,8.0000000000005,XY,MW
2031-06-30 20:00:00,TRAN-PRV,charging,27.78947368425,XY,MW
2031-07-01 21:00:00,TRAN-PUB,charging,18.526315789468,XY,MW
2031-07-02 22:00:00,TRAN-PRV,charging,27.157894736864996,XY,MW
2031-07-03 23:00:00,TRAN-PUB,charging,18.1052631578985,XY,MW
2031-07-05 00:00:00,TRAN-PRV,charging,44.21052631584,XY,MW
2031-07-06 01:00:00,TRAN-PUB,charging,29.473684210534998,XY,MW
2031-07-07 02:00:00,TRAN-PRV,charging,42.9473684211,XY,MW
2031-07-08 03:00:00,TRAN-PUB,charging,28.631578947376,XY,MW
2031-07-09 04:00:00,TRAN-PRV,charging,51.157894736895,XY,MW
2031-07-10 05:00:00,TRAN-PUB,charging,34.1052631578995,XY,MW
2031-07-11 06:00:00,TRAN-PRV,charging,53.05263157902,XY,MW
2031-07-12 07:00:00,TRAN-PUB,charging,35.368421052628,XY,MW
2031-07-13 08:00:00,TRAN-PRV,charging,52.42105263163499,XY,MW
2031-07-14 09:00:00,TRAN-PUB,charging,34.9473684210585,XY,MW
2031-07-15 10:00:00,TRAN-PRV,charging,41.178947368421056,XY,MW
2031-07-16 11:00:00,TRAN-PUB,charging,35.7894736842175,XY,MW
2031-07-17 12:00:00,TRAN-PRV,charging,49.2631578948,XY,MW
2031-07-18 13:00:00,TRAN-PUB,charging,32.842105263151,XY,MW
2031-07-19 14:00:00,TRAN-PRV,charging,44.842105263225,XY,MW
2031-07-20 15:00:00,TRAN-PUB,charging,29.8947368421045,XY,MW
2031-07-21 16:00:00,TRAN-PRV,charging,36.000000000045,XY,MW
2031-07-22 17:00:00,TRAN-PUB,charging,24.0000000000015,XY,MW
2031-07-23 18:00:00,TRAN-PRV,charging,30.31578947373,XY,MW
2031-07-24 19:00:00,TRAN-PUB,charging,20.210526315785998,XY,MW
2031-07-25 20:00:00,TRAN-PRV,charging,30.31578947373,XY,MW
2031-07-26 21:00:00,TRAN-PUB,charging,20.210526315785998,XY,MW
2031-07-27 22:00:00,TRAN-PRV,charging,27.78947368425,XY,MW
2031-07-28 23:00:00,TRAN-PUB,charging,18.526315789468,XY,MW
2031-07-30 00:00:00,TRAN-PRV,charging,28.421052631605,XY,MW
2031-07-31 01:00:00,TRAN-PUB,charging,18.9473684210575,XY,MW
2031-08-01 02:00:00,TRAN-PRV,charging,24.00000000003,XY,MW
2031-08-02 03:00:00,TRAN-PUB,charging,16.000000000001,XY,MW
2031-08-03 04:00:00,TRAN-PRV,charging,26.52631578951,XY,MW
2031-08-04 05:00:00,TRAN-PUB,charging,17.684210526319,XY,MW
2031-08-05 06:00:00,TRAN-PRV,charging,22.73684210529,XY,MW
2031-08-06 07:00:00,TRAN-PUB,charging,15.157894736851999,XY,MW
2031-08-07 08:00:00,TRAN-PRV,charging,17.684210526330002,XY,MW
2031-08-08 09:00:00,TRAN-PUB,charging,11.789473684216,XY,MW
2031-08-09 10:00:00,TRAN-PRV,charging,4.421052631584,XY,MW
2031-08-10 11:00:00,TRAN-PUB,charging,2.9473684210535,XY,MW
2031-08-11 12:00:00,TRAN-PRV,charging,14.526315789495001,XY,MW
2031-08-12 13:00:00,TRAN-PUB,charging,9.6842105263185,XY,MW
2031-08-13 14:00:00,TRAN-PRV,charging,5.684210526324,XY,MW
2031-08-14 15:00:00,TRAN-PUB,charging,3.7894736842105,XY,MW
2031-08-15 16:00:00,TRAN-PRV,charging,20.21052631581,XY,MW
2031-08-16 17:00:00,TRAN-PUB,charging,13.473684210534,XY,MW
2031-08-17 18:00:00,TRAN-PRV,charging,25.894736842125,XY,MW
2031-08-18 19:00:00,TRAN-PUB,charging,17.2631578947395,XY,MW
2031-08-19 20:00:00,TRAN-PRV,charging,30.31578947373,XY,MW
2031-08-20 21:00:00,TRAN-PUB,charging,20.210526315785998,XY,MW
2031-08-21 22:00:00,TRAN-PRV,charging,32.210526315825,XY,MW
2031-08-22 23:00:00,TRAN-PUB,charging,21.4736842105345,XY,MW
2031-08-24 00:00:00,TRAN-PRV,charging,33.473684210565,XY,MW
2031-08-25 01:00:00,TRAN-PUB,charging,22.3157894736835,XY,MW
2031-08-26 02:00:00,TRAN-PRV,charging,42.315789473745,XY,MW
2031-08-27 03:00:00,TRAN-PUB,charging,28.2105263157865,XY,MW
2031-08-28 04:00:00,TRAN-PRV,charging,49.2631578948,XY,MW
2031-08-29 05:00:00,TRAN-PUB,charging,32.842105263151,XY,MW
2031-08-30 06:00:00,TRAN-PRV,charging,54.947368421115,XY,MW
2031-08-31 07:00:00,TRAN-PUB,charging,36.6315789473765,XY,MW
2031-09-01 08:00:00,TRAN-PRV,charging,55.5789473685,XY,MW
2031-09-02 09:00:00,TRAN-PUB,charging,37.052631578946,XY,MW
2031-09-03 10:00:00,TRAN-PRV,charging,54.31578947376,XY,MW
2031-09-04 11:00:00,TRAN-PUB,charging,36.210526315787,XY,MW
2031-09-05 12:00:00,TRAN-PRV,charging,54.947368421115,XY,MW
2031-09-06 13:00:00,TRAN-PUB,charging,36.6315789473765,XY,MW
2031-09-07 14:00:00,TRAN-PRV,charging,54.947368421115,XY,MW
2031-09-08 15:00:00,TRAN-PUB,charging,36.6315789473765,XY,MW
2031-09-09 16:00:00,TRAN-PRV,charging,31.873684210526317,XY,MW
2031-09-10 17:00:00,TRAN-PUB,charging,37.052631578946,XY,MW
2031-09-11 18:00:00,TRAN-PRV,charging,24.631578947384998,XY,MW
2031-09-12 19:00:00,TRAN-PUB,charging,16.4210526315905,XY,MW
2031-09-13 20:00:00,TRAN-PRV,charging,27.157894736864996,XY,MW
2031-09-14 21:00:00,TRAN-PUB,charging,18.1052631578985,XY,MW
2031-09-15 22:00:00,TRAN-PRV,charging,28.421052631605,XY,MW
2031-09-16 23:00:00,TRAN-PUB,charging,18.9473684210575,XY,MW
2031-09-18 00:00:00,TRAN-PRV,charging,28.421052631605,XY,MW
2031-09-19 01:00:00,TRAN-PUB,charging,18.9473684210575,XY,MW
2031-09-20 02:00:00,TRAN-PRV,charging,23.368421052675,XY,MW
2031-09-21 03:00:00,TRAN-PUB,charging,15.5789473684115,XY,MW
2031-09-22 04:00:00,TRAN-PRV,charging,22.105263157935,XY,MW
2031-09-23 05:00:00,TRAN-PUB,charging,14.7368421052625,XY,MW
2031-09-24 06:00:00,TRAN-PRV,charging,21.47368421055,XY,MW
2031-09-25 07:00:00,TRAN-PUB,charging,14.315789473683001,XY,MW
2031-09-26 08:00:00,TRAN-PRV,charging,20.842105263195002,XY,MW
2031-09-27 09:00:00,TRAN-PUB,charging,13.8947368421035,XY,MW
2031-09-28 10:00:00,TRAN-PRV,charging,17.684210526330002,XY,MW
2031-09-29 11:00:00,TRAN-PUB,charging,11.789473684216,XY,MW
2031-09-30 12:00:00,TRAN-PRV,charging,13.263157894755,XY,MW
2031-10-01 13:00:00,TRAN-PUB,charging,8.842105263149499,XY,MW
2031-10-02 14:00:00,TRAN-PRV,charging,11.36842105266,XY,MW
2031-10-03 15:00:00,TRAN-PUB,charging,7.578947368413999,XY,MW
2031-10-04 16:00:00,TRAN-PRV,charging,10.10526315792,XY,MW
2031-10-05 17:00:00,TRAN-PUB,charging,6.73684210526,XY,MW
2031-10-06 18:00:00,TRAN-PRV,charging,28.421052631605,XY,MW
2031-10-07 19:00:00,TRAN-PUB,charging,18.9473684210575,XY,MW
2031-10-08 20:00:00,TRAN-PRV,charging,26.52631578951,XY,MW
2031-10-09 21:00:00,TRAN-PUB,charging,17.684210526319,XY,MW
2031-10-10 22:00:00,TRAN-PRV,charging,39.789473684265005,XY,MW
2031-10-11 23:00:00,TRAN-PUB,charging,26.526315789468498,XY,MW
2031-10-13 00:00:00,TRAN-PRV,charging,43.578947368485,XY,MW
2031-10-14 01:00:00,TRAN-PUB,charging,29.052631578945498,XY,MW
2031-10-15 02:00:00,TRAN-PRV,charging,48.00000000006,XY,MW
2031-10-16 03:00:00,TRAN-PUB,charging,32.000000000002,XY,MW
2031-10-17 04:00:00,TRAN-PRV,charging,49.894736842155005,XY,MW
2031-10-18 05:00:00,TRAN-PUB,charging,33.2631578947405,XY,MW
2031-10-19 06:00:00,TRAN-PRV,charging,49.894736842155005,XY,MW
2031-10-20 07:00:00,TRAN-PUB,charging,33.2631578947405,XY,MW
2031-10-21 08:00:00,TRAN-PRV,charging,39.45263157894737,XY,MW
2031-10-22 09:00:00,TRAN-PUB,charging,35.7894736842175,XY,MW
2031-10-23 10:00:00,TRAN-PRV,charging,55.5789473685,XY,MW
2031-10-24 11:00:00,TRAN-PUB,charging,37.052631578946,XY,MW
2031-10-25 12:00:00,TRAN-PRV,charging,53.684210526375,XY,MW
2031-10-26 13:00:00,TRAN-PUB,charging,35.7894736842175,XY,MW
2031-10-27 14:00:00,TRAN-PRV,charging,44.842105263225,XY,MW
2031-10-28 15:00:00,TRAN-PUB,charging,29.8947368421045,XY,MW
2031-10-29 16:00:00,TRAN-PRV,charging,35.36842105269,XY,MW
2031-10-30 17:00:00,TRAN-PUB,charging,23.578947368412,XY,MW
2031-10-31 18:00:00,TRAN-PRV,charging,32.210526315825,XY,MW
2031-11-01 19:00:00,TRAN-PUB,charging,21.4736842105345,XY,MW
2031-11-02 20:00:00,TRAN-PRV,charging,40.42105263162,XY,MW
2031-11-03 21:00:00,TRAN-PUB,charging,26.947368421058,XY,MW
2031-11-04 22:00:00,TRAN-PRV,charging,44.842105263225,XY,MW
2031-11-05 23:00:00,TRAN-PUB,charging,29.8947368421045,XY,MW
2031-11-07 00:00:00,TRAN-PRV,charging,25.26315789477,XY,MW
2031-11-08 01:00:00,TRAN-PUB,charging,16.84210526315,XY,MW
2031-11-09 02:00:00,TRAN-PRV,charging,28.421052631605,XY,MW
2031-11-10 03:00:00,TRAN-PUB,charging,18.9473684210575,XY,MW
2031-11-11 04:00:00,TRAN-PRV,charging,26.52631578951,XY,MW
2031-11-12 05:00:00,TRAN-PUB,charging,17.684210526319,XY,MW
2031-11-13 06:00:00,TRAN-PRV,charging,22.73684210529,XY,MW
2031-11-14 07:00:00,TRAN-PUB,charging,15.157894736851999,XY,MW
2031-11-15 08:00:00,TRAN-PRV,charging,8.210526315795,XY,MW
2031-11-16 09:00:00,TRAN-PUB,charging,5.4736842105285,XY,MW
2031-11-17 10:00:00,TRAN-PRV,charging,18.315789473715,XY,MW
2031-11-18 11:00:00,TRAN-PUB,charging,12.210526315785499,XY,MW
2031-11-19 12:00:00,TRAN-PRV,charging,13.263157894755,XY,MW
2031-11-20 13:00:00,TRAN-PUB,charging,8.842105263149499,XY,MW
2031-11-21 14:00:00,TRAN-PRV,charging,15.789473684235,XY,MW
2031-11-22 15:00:00,TRAN-PUB,charging,10.5263157894675,XY,MW
2031-11-23 16:00:00,TRAN-PRV,charging,20.842105263195002,XY,MW
2031-11-24 17:00:00,TRAN-PUB,charging,13.8947368421035,XY,MW
2031-11-25 18:00:00,TRAN-PRV,charging,25.894736842125,XY,MW
2031-11-26 19:00:00,TRAN-PUB,charging,17.2631578947395,XY,MW
2031-11-27 20:00:00,TRAN-PRV,charging,29.052631578990002,XY,MW
2031-11-28 21:00:00,TRAN-PUB,charging,19.368421052627,XY,MW
2031-11-29 22:00:00,TRAN-PRV,charging,30.947368421085002,XY,MW
2031-11-30 23:00:00,TRAN-PUB,charging,20.6315789473755,XY,MW
2031-12-02 00:00:00,TRAN-PRV,charging,39.157894736879996,XY,MW
2031-12-03 01:00:00,TRAN-PUB,charging,26.105263157899,XY,MW
2031-12-04 02:00:00,TRAN-PRV,charging,47.368421052705,XY,MW
2031-12-05 03:00:00,TRAN-PUB,charging,31.5789473684125,XY,MW
2031-12-06 04:00:00,TRAN-PRV,charging,52.42105263163499,XY,MW
2031-12-07 05:00:00,TRAN-PUB,charging,34.9473684210585,XY,MW
2031-12-08 06:00:00,TRAN-PRV,charging,53.684210526375,XY,MW
2031-12-09 07:00:00,TRAN-PUB,charging,35.7894736842175,XY,MW
2031-12-10 08:00:00,TRAN-PRV,charging,54.31578947376,XY,MW
2031-12-11 09:00:00,TRAN-PUB,charging,36.210526315787,XY,MW
2031-12-12 10:00:00,TRAN-PRV,charging,53.684210526375,XY,MW
2031-12-13 11:00:00,TRAN-PUB,charging,35.7894736842175,XY,MW
2031-12-14 12:00:00,TRAN-PRV,charging,49.2631578948,XY,MW
2031-12-15 13:00:00,TRAN-PUB,charging,32.842105263151,XY,MW
2031-12-16 14:00:00,TRAN-PRV,charging,33.642105263157895,XY,MW
2031-12-17 15:00:00,TRAN-PUB,charging,36.6315789473765,XY,MW
2031-12-18 16:00:00,TRAN-PRV,charging,45.68421052634211,XY,MW
2031-12-19 17:00:00,TRAN-PUB,charging,37.052631578946,XY,MW
2031-12-20 18:00:00,TRAN-PRV,charging,21.894736842065264,XY,MW
2031-12-21 19:00:00,TRAN-PUB,charging,37.473684210535495,XY,MW
2031-12-22 20:00:00,TRAN-PRV,charging,48.00000000006,XY,MW
2031-12-23 21:00:00,TRAN-PUB,charging,32.000000000002,XY,MW
2031-12-24 22:00:00,TRAN-PRV,charging,32.210526315825,XY,MW
2031-12-25 23:00:00,TRAN-PUB,charging,21.4736842105345,XY,MW
2031-12-27 00:00:00,TRAN-PRV,charging,27.157894736864996,XY,MW
2031-12-28 01:00:00,TRAN-PUB,charging,18.1052631578985,XY,MW
2031-12-29 02:00:00,TRAN-PRV,charging,19.578947368455,XY,MW
2031-12-30 03:00:00,TRAN-PUB,charging,13.0526315789445,XY,MW
2031-12-31 04:00:00,TRAN-PRV,charging,24.00000000003,XY,MW
2032-01-01 05:00:00,TRAN-PUB,charging,16.000000000001,XY,MW
2032-01-02 06:00:00,TRAN-PRV,charging,35.36842105269,XY,MW
2032-01-03 07:00:00,TRAN-PUB,charging,23.578947368412,XY,MW
2030-01-01 00:00:00,TRAN-PRV,load,8.200000000000001,XY,MW
2030-01-02 01:00:00,TRAN-PUB,load,166.44,XY,MW
2030-01-03 02:00:00,TRAN-PRV,load,39.36,XY,MW
2030-01-04 03:00:00,TRAN-PUB,load,166.44,XY,MW
2030-01-05 04:00:00,TRAN-PRV,load,91.84,XY,MW
2030-01-06 05:00:00,TRAN-PUB,load,166.44,XY,MW
2030-01-07 06:00:00,TRAN-PRV,load,104.96,XY,MW
2030-01-08 07:00:00,TRAN-PUB,load,166.44,XY,MW
2030-01-09 08:00:00,TRAN-PRV,load,118.08,XY,MW
2030-01-10 09:00:00,TRAN-PUB,load,166.44,XY,MW
2030-01-11 10:00:00,TRAN-PRV,load,80.36,XY,MW
2030-01-12 11:00:00,TRAN-PUB,load,166.44,XY,MW
2030-01-13 12:00:00,TRAN-PRV,load,24.6,XY,MW
2030-01-14 13:00:00,TRAN-PUB,load,166.44,XY,MW
2030-01-15 14:00:00,TRAN-PRV,load,234.52,XY,MW
2030-01-16 15:00:00,TRAN-PUB,load,166.44,XY,MW
2030-01-17 16:00:00,TRAN-PRV,load,272.24,XY,MW
2030-01-18 17:00:00,TRAN-PUB,load,166.44,XY,MW
2030-01-19 18:00:00,TRAN-PRV,load,272.24,XY,MW
2030-01-20 19:00:00,TRAN-PUB,load,166.44,XY,MW
2030-01-21 20:00:00,TRAN-PRV,load,268.96,XY,MW
2030-01-22 21:00:00,TRAN-PUB,load,166.44,XY,MW
2030-01-23 22:00:00,TRAN-PRV,load,255.84,XY,MW
2030-01-24 23:00:00,TRAN-PUB,load,166.44,XY,MW
2030-01-26 00:00:00,TRAN-PRV,load,139.4,XY,MW
2030-01-27 01:00:00,TRAN-PUB,load,166.44,XY,MW
2030-01-28 02:00:00,TRAN-PRV,load,80.36,XY,MW
2030-01-29 03:00:00,TRAN-PUB,load,166.44,XY,MW
2030-01-30 04:00:00,TRAN-PRV,load,278.8,XY,MW
2030-01-31 05:00:00,TRAN-PUB,load,166.44,XY,MW
2030-02-01 06:00:00,TRAN-PRV,load,311.6,XY,MW
2030-02-02 07:00:00,TRAN-PUB,load,166.44,XY,MW
2030-02-03 08:00:00,TRAN-PRV,load,316.52,XY,MW
2030-02-04 09:00:00,TRAN-PUB,load,166.44,XY,MW
2030-02-05 10:00:00,TRAN-PRV,load,285.36,XY,MW
2030-02-06 11:00:00,TRAN-PUB,load,166.44,XY,MW
2030-02-07 12:00:00,TRAN-PRV,load,239.44,XY,MW
2030-02-08 13:00:00,TRAN-PUB,load,166.44,XY,MW
2030-02-09 14:00:00,TRAN-PRV,load,93.48,XY,MW
2030-02-10 15:00:00,TRAN-PUB,load,166.44,XY,MW
2030-02-11 16:00:00,TRAN-PRV,load,57.39999999999999,XY,MW
2030-02-12 17:00:00,TRAN-PUB,load,166.44,XY,MW
2030-02-13 18:00:00,TRAN-PRV,load,177.12,XY,MW
2030-02-14 19:00:00,TRAN-PUB,load,166.44,XY,MW
2030-02-15 20:00:00,TRAN-PRV,load,183.68,XY,MW
2030-02-16 21:00:00,TRAN-PUB,load,166.44,XY,MW
2030-02-17 22:00:00,TRAN-PRV,load,167.28,XY,MW
2030-02-18 23:00:00,TRAN-PUB,load,166.44,XY,MW
2030-02-20 00:00:00,TRAN-PRV,load,154.16,XY,MW
2030-02-21 01:00:00,TRAN-PUB,load,166.44,XY,MW
2030-02-22 02:00:00,TRAN-PRV,load,116.44000000000001,XY,MW
2030-02-23 03:00:00,TRAN-PUB,load,166.44,XY,MW
2030-02-24 04:00:00,TRAN-PRV,load,31.16,XY,MW
2030-02-25 05:00:00,TRAN-PUB,load,166.44,XY,MW
2030-02-26 06:00:00,TRAN-PRV,load,91.84,XY,MW
2030-02-27 07:00:00,TRAN-PUB,load,166.44,XY,MW
2030-02-28 08:00:00,TRAN-PRV,load,154.16,XY,MW
2030-03-01 09:00:00,TRAN-PUB,load,166.44,XY,MW
2030-03-02 10:00:00,TRAN-PRV,load,213.2,XY,MW
2030-03-03 11:00:00,TRAN-PUB,load,166.44,XY,MW
2030-03-04 12:00:00,TRAN-PRV,load,273.88,XY,MW
2030-03-05 13:00:00,TRAN-PUB,load,166.44,XY,MW
2030-03-06 14:00:00,TRAN-PRV,load,262.40000000000003,XY,MW
2030-03-07 15:00:00,TRAN-PUB,load,166.44,XY,MW
2030-03-08 16:00:00,TRAN-PRV,load,126.28,XY,MW
2030-03-09 17:00:00,TRAN-PUB,load,166.44,XY,MW
2030-03-10 18:00:00,TRAN-PRV,load,42.64,XY,MW
2030-03-11 19:00:00,TRAN-PUB,load,166.44,XY,MW
2030-03-12 20:00:00,TRAN-PRV,load,249.28,XY,MW
2030-03-13 21:00:00,TRAN-PUB,load,166.44,XY,MW
2030-03-14 22:00:00,TRAN-PRV,load,278.8,XY,MW
2030-03-15 23:00:00,TRAN-PUB,load,166.44,XY,MW
2030-03-17 00:00:00,TRAN-PRV,load,288.64,XY,MW
2030-03-18 01:00:00,TRAN-PUB,load,166.44,XY,MW
2030-03-19 02:00:00,TRAN-PRV,load,291.91999999999996,XY,MW
2030-03-20 03:00:00,TRAN-PUB,load,166.44,XY,MW
2030-03-21 04:00:00,TRAN-PRV,load,288.64,XY,MW
2030-03-22 05:00:00,TRAN-PUB,load,166.44,XY,MW
2030-03-23 06:00:00,TRAN-PRV,load,131.20000000000002,XY,MW
2030-03-24 07:00:00,TRAN-PUB,load,166.44,XY,MW
2030-03-25 08:00:00,TRAN-PRV,load,75.44,XY,MW
2030-03-26 09:00:00,TRAN-PUB,load,166.44,XY,MW
2030-03-27 10:00:00,TRAN-PRV,load,247.64000000000001,XY,MW
2030-03-28 11:00:00,TRAN-PUB,load,166.44,XY,MW
2030-03-29 12:00:00,TRAN-PRV,load,260.76,XY,MW
2030-03-30 13:00:00,TRAN-PUB,load,166.44,XY,MW
2030-03-31 14:00:00,TRAN-PRV,load,241.07999999999998,XY,MW
2030-04-01 15:00:00,TRAN-PUB,load,166.44,XY,MW
2030-04-02 16:00:00,TRAN-PRV,load,205.0,XY,MW
2030-04-03 17:00:00,TRAN-PUB,load,166.44,XY,MW
2030-04-04 18:00:00,TRAN-PRV,load,175.48,XY,MW
2030-04-05 19:00:00,TRAN-PUB,load,166.44,XY,MW
2030-04-06 20:00:00,TRAN-PRV,load,65.60000000000001,XY,MW
2030-04-07 21:00:00,TRAN-PUB,load,166.44,XY,MW
2030-04-08 22:00:00,TRAN-PRV,load,55.76,XY,MW
2030-04-09 23:00:00,TRAN-PUB,load,166.44,XY,MW
2030-04-11 00:00:00,TRAN-PRV,load,147.60000000000002,XY,MW
2030-04-12 01:00:00,TRAN-PUB,load,166.44,XY,MW
2030-04-13 02:00:00,TRAN-PRV,load,150.88,XY,MW
2030-04-14 03:00:00,TRAN-PUB,load,166.44,XY,MW
2030-04-15 04:00:00,TRAN-PRV,load,141.04,XY,MW
2030-04-16 05:00:00,TRAN-PUB,load,166.44,XY,MW
2030-04-17 06:00:00,TRAN-PRV,load,129.56,XY,MW
2030-04-18 07:00:00,TRAN-PUB,load,166.44,XY,MW
2030-04-19 08:00:00,TRAN-PRV,load,93.48,XY,MW
2030-04-20 09:00:00,TRAN-PUB,load,166.44,XY,MW
2030-04-21 10:00:00,TRAN-PRV,load,24.6,XY,MW
2030-04-22 11:00:00,TRAN-PUB,load,166.44,XY,MW
2030-04-23 12:00:00,TRAN-PRV,load,232.88000000000002,XY,MW
2030-04-24 13:00:00,TRAN-PUB,load,166.44,XY,MW
2030-04-25 14:00:00,TRAN-PRV,load,290.28,XY,MW
2030-04-26 15:00:00,TRAN-PUB,load,166.44,XY,MW
2030-04-27 16:00:00,TRAN-PRV,load,287.0,XY,MW
2030-04-28 17:00:00,TRAN-PUB,load,166.44,XY,MW
2030-04-29 18:00:00,TRAN-PRV,load,277.15999999999997,XY,MW
2030-04-30 19:00:00,TRAN-PUB,load,166.44,XY,MW
2030-05-01 20:00:00,TRAN-PRV,load,252.56,XY,MW
2030-05-02 21:00:00,TRAN-PUB,load,166.44,XY,MW
2030-05-03 22:00:00,TRAN-PRV,load,150.88,XY,MW
2030-05-04 23:00:00,TRAN-PUB,load,166.44,XY,MW
2030-05-06 00:00:00,TRAN-PRV,load,82.0,XY,MW
2030-05-07 01:00:00,TRAN-PUB,load,166.44,XY,MW
2030-05-08 02:00:00,TRAN-PRV,load,264.04,XY,MW
2030-05-09 03:00:00,TRAN-PUB,load,166.44,XY,MW
2030-05-10 04:00:00,TRAN-PRV,load,305.03999999999996,XY,MW
2030-05-11 05:00:00,TRAN-PUB,load,166.44,XY,MW
2030-05-12 06:00:00,TRAN-PRV,load,323.08,XY,MW
2030-05-13 07:00:00,TRAN-PUB,load,166.44,XY,MW
2030-05-14 08:00:00,TRAN-PRV,load,321.44,XY,MW
2030-05-15 09:00:00,TRAN-PUB,load,166.44,XY,MW
2030-05-16 10:00:00,TRAN-PRV,load,267.32,XY,MW
2030-05-17 11:00:00,TRAN-PUB,load,166.44,XY,MW
2030-05-18 12:00:00,TRAN-PRV,load,121.36,XY,MW
2030-05-19 13:00:00,TRAN-PUB,load,166.44,XY,MW
2030-05-20 14:00:00,TRAN-PRV,load,75.44,XY,MW
2030-05-21 15:00:00,TRAN-PUB,load,166.44,XY,MW
2030-05-22 16:00:00,TRAN-PRV,load,198.44,XY,MW
2030-05-23 17:00:00,TRAN-PUB,load,166.44,XY,MW
2030-05-24 18:00:00,TRAN-PRV,load,198.44,XY,MW
2030-05-25 19:00:00,TRAN-PUB,load,166.44,XY,MW
2030-05-26 20:00:00,TRAN-PRV,load,191.88,XY,MW
2030-05-27 21:00:00,TRAN-PUB,load,166.44,XY,MW
2030-05-28 22:00:00,TRAN-PRV,load,173.84,XY,MW
2030-05-29 23:00:00,TRAN-PUB,load,166.44,XY,MW
2030-05-31 00:00:00,TRAN-PRV,load,129.56,XY,MW
2030-06-01 01:00:00,TRAN-PUB,load,166.44,XY,MW
2030-06-02 02:00:00,TRAN-PRV,load,41.0,XY,MW
2030-06-03 03:00:00,TRAN-PUB,load,166.44,XY,MW
2030-06-04 04:00:00,TRAN-PRV,load,72.16,XY,MW
2030-06-05 05:00:00,TRAN-PUB,load,166.44,XY,MW
2030-06-06 06:00:00,TRAN-PRV,load,137.76,XY,MW
2030-06-07 07:00:00,TRAN-PUB,load,166.44,XY,MW
2030-06-08 08:00:00,TRAN-PRV,load,164.0,XY,MW
2030-06-09 09:00:00,TRAN-PUB,load,166.44,XY,MW
2030-06-10 10:00:00,TRAN-PRV,load,227.95999999999998,XY,MW
2030-06-11 11:00:00,TRAN-PUB,load,166.44,XY,MW
2030-06-12 12:00:00,TRAN-PRV,load,275.52,XY,MW
2030-06-13 13:00:00,TRAN-PUB,load,166.44,XY,MW
2030-06-14 14:00:00,TRAN-PRV,load,147.60000000000002,XY,MW
2030-06-15 15:00:00,TRAN-PUB,load,166.44,XY,MW
2030-06-16 16:00:00,TRAN-PRV,load,45.92,XY,MW
2030-06-17 17:00:00,TRAN-PUB,load,166.44,XY,MW
2030-06-18 18:00:00,TRAN-PRV,load,267.32,XY,MW
2030-06-19 19:00:00,TRAN-PUB,load,166.44,XY,MW
2030-06-20 20:00:00,TRAN-PRV,load,295.20000000000005,XY,MW
2030-06-21 21:00:00,TRAN-PUB,load,166.44,XY,MW
2030-06-22 22:00:00,TRAN-PRV,load,303.4,XY,MW
2030-06-23 23:00:00,TRAN-PUB,load,166.44,XY,MW
2030-06-25 00:00:00,TRAN-PRV,load,296.84000000000003,XY,MW
2030-06-26 01:00:00,TRAN-PUB,load,166.44,XY,MW
2030-06-27 02:00:00,TRAN-PRV,load,109.88,XY,MW
2030-06-28 03:00:00,TRAN-PUB,load,166.44,XY,MW
2030-06-29 04:00:00,TRAN-PRV,load,131.20000000000002,XY,MW
2030-06-30 05:00:00,TRAN-PUB,load,166.44,XY,MW
2030-07-01 06:00:00,TRAN-PRV,load,77.08,XY,MW
2030-07-02 07:00:00,TRAN-PUB,load,166.44,XY,MW
2030-07-03 08:00:00,TRAN-PRV,load,111.52,XY,MW
2030-07-04 09:00:00,TRAN-PUB,load,166.44,XY,MW
2030-07-05 10:00:00,TRAN-PRV,load,280.44,XY,MW
2030-07-06 11:00:00,TRAN-PUB,load,166.44,XY,MW
2030-07-07 12:00:00,TRAN-PRV,load,285.36,XY,MW
2030-07-08 13:00:00,TRAN-PUB,load,166.44,XY,MW
2030-07-09 14:00:00,TRAN-PRV,load,254.2,XY,MW
2030-07-10 15:00:00,TRAN-PUB,load,166.44,XY,MW
2030-07-11 16:00:00,TRAN-PRV,load,209.92,XY,MW
2030-07-12 17:00:00,TRAN-PUB,load,166.44,XY,MW
2030-07-13 18:00:00,TRAN-PRV,load,91.84,XY,MW
2030-07-14 19:00:00,TRAN-PUB,load,166.44,XY,MW
2030-07-15 20:00:00,TRAN-PRV,load,65.60000000000001,XY,MW
2030-07-16 21:00:00,TRAN-PUB,load,166.44,XY,MW
2030-07-17 22:00:00,TRAN-PRV,load,164.0,XY,MW
2030-07-18 23:00:00,TRAN-PUB,load,166.44,XY,MW
2030-07-20 00:00:00,TRAN-PRV,load,164.0,XY,MW
2030-07-21 01:00:00,TRAN-PUB,load,166.44,XY,MW
2030-07-22 02:00:00,TRAN-PRV,load,157.44,XY,MW
2030-07-23 03:00:00,TRAN-PUB,load,166.44,XY,MW
2030-07-24 04:00:00,TRAN-PRV,load,142.68,XY,MW
2030-07-25 05:00:00,TRAN-PUB,load,166.44,XY,MW
2030-07-26 06:00:00,TRAN-PRV,load,98.4,XY,MW
2030-07-27 07:00:00,TRAN-PUB,load,166.44,XY,MW
2030-07-28 08:00:00,TRAN-PRV,load,27.88,XY,MW
2030-07-29 09:00:00,TRAN-PUB,load,166.44,XY,MW
2030-07-30 10:00:00,TRAN-PRV,load,200.07999999999998,XY,MW
2030-07-31 11:00:00,TRAN-PUB,load,166.44,XY,MW
2030-08-01 12:00:00,TRAN-PRV,load,306.68,XY,MW
2030-08-02 13:00:00,TRAN-PUB,load,166.44,XY,MW
2030-08-03 14:00:00,TRAN-PRV,load,321.44,XY,MW
2030-08-04 15:00:00,TRAN-PUB,load,166.44,XY,MW
2030-08-05 16:00:00,TRAN-PRV,load,309.96000000000004,XY,MW
2030-08-06 17:00:00,TRAN-PUB,load,166.44,XY,MW
2030-08-07 18:00:00,TRAN-PRV,load,280.44,XY,MW
2030-08-08 19:00:00,TRAN-PUB,load,166.44,XY,MW
2030-08-09 20:00:00,TRAN-PRV,load,165.64,XY,MW
2030-08-10 21:00:00,TRAN-PUB,load,166.44,XY,MW
2030-08-11 22:00:00,TRAN-PRV,load,88.56,XY,MW
2030-08-12 23:00:00,TRAN-PUB,load,166.44,XY,MW
2030-08-14 00:00:00,TRAN-PRV,load,280.44,XY,MW
2030-08-15 01:00:00,TRAN-PUB,load,166.44,XY,MW
2030-08-16 02:00:00,TRAN-PRV,load,313.24,XY,MW
2030-08-17 03:00:00,TRAN-PUB,load,166.44,XY,MW
2030-08-18 04:00:00,TRAN-PRV,load,332.92,XY,MW
2030-08-19 05:00:00,TRAN-PUB,load,166.44,XY,MW
2030-08-20 06:00:00,TRAN-PRV,load,332.92,XY,MW
2030-08-21 07:00:00,TRAN-PUB,load,166.44,XY,MW
2030-08-22 08:00:00,TRAN-PRV,load,296.84000000000003,XY,MW
2030-08-23 09:00:00,TRAN-PUB,load,166.44,XY,MW
2030-08-24 10:00:00,TRAN-PRV,load,141.04,XY,MW
2030-08-25 11:00:00,TRAN-PUB,load,166.44,XY,MW
2030-08-26 12:00:00,TRAN-PRV,load,93.48,XY,MW
2030-08-27 13:00:00,TRAN-PUB,load,166.44,XY,MW
2030-08-28 14:00:00,TRAN-PRV,load,196.8,XY,MW
2030-08-29 15:00:00,TRAN-PUB,load,166.44,XY,MW
2030-08-30 16:00:00,TRAN-PRV,load,72.16,XY,MW
2030-08-31 17:00:00,TRAN-PUB,load,166.44,XY,MW
2030-09-01 18:00:00,TRAN-PRV,load,193.51999999999998,XY,MW
2030-09-02 19:00:00,TRAN-PUB,load,166.44,XY,MW
2030-09-03 20:00:00,TRAN-PRV,load,190.24,XY,MW
2030-09-04 21:00:00,TRAN-PUB,load,166.44,XY,MW
2030-09-05 22:00:00,TRAN-PRV,load,154.16,XY,MW
2030-09-06 23:00:00,TRAN-PUB,load,166.44,XY,MW
2030-09-08 00:00:00,TRAN-PRV,load,55.76,XY,MW
2030-09-09 01:00:00,TRAN-PUB,load,166.44,XY,MW
2030-09-10 02:00:00,TRAN-PRV,load,72.16,XY,MW
2030-09-11 03:00:00,TRAN-PUB,load,166.44,XY,MW
2030-09-12 04:00:00,TRAN-PRV,load,144.32,XY,MW
2030-09-13 05:00:00,TRAN-PUB,load,166.44,XY,MW
2030-09-14 06:00:00,TRAN-PRV,load,150.88,XY,MW
2030-09-15 07:00:00,TRAN-PUB,load,166.44,XY,MW
2030-09-16 08:00:00,TRAN-PRV,load,90.2,XY,MW
2030-09-17 09:00:00,TRAN-PUB,load,166.44,XY,MW
2030-09-18 10:00:00,TRAN-PRV,load,195.16,XY,MW
2030-09-19 11:00:00,TRAN-PUB,load,166.44,XY,MW
2030-09-20 12:00:00,TRAN-PRV,load,121.36,XY,MW
2030-09-21 13:00:00,TRAN-PUB,load,166.44,XY,MW
2030-09-22 14:00:00,TRAN-PRV,load,36.08,XY,MW
2030-09-23 15:00:00,TRAN-PUB,load,166.44,XY,MW
2030-09-24 16:00:00,TRAN-PRV,load,270.6,XY,MW
2030-09-25 17:00:00,TRAN-PUB,load,166.44,XY,MW
2030-09-26 18:00:00,TRAN-PRV,load,309.96000000000004,XY,MW
2030-09-27 19:00:00,TRAN-PUB,load,166.44,XY,MW
2030-09-28 20:00:00,TRAN-PRV,load,305.03999999999996,XY,MW
2030-09-29 21:00:00,TRAN-PUB,load,166.44,XY,MW
2030-09-30 22:00:00,TRAN-PRV,load,301.76,XY,MW
2030-10-01 23:00:00,TRAN-PUB,load,166.44,XY,MW
2030-10-03 00:00:00,TRAN-PRV,load,305.03999999999996,XY,MW
2030-10-04 01:00:00,TRAN-PUB,load,166.44,XY,MW
2030-10-05 02:00:00,TRAN-PRV,load,168.92,XY,MW
2030-10-06 03:00:00,TRAN-PUB,load,166.44,XY,MW
2030-10-07 04:00:00,TRAN-PRV,load,85.28,XY,MW
2030-10-08 05:00:00,TRAN-PUB,load,166.44,XY,MW
2030-10-09 06:00:00,TRAN-PRV,load,104.96,XY,MW
2030-10-10 07:00:00,TRAN-PUB,load,166.44,XY,MW
2030-10-11 08:00:00,TRAN-PRV,load,308.32,XY,MW
2030-10-12 09:00:00,TRAN-PUB,load,166.44,XY,MW
2030-10-13 10:00:00,TRAN-PRV,load,319.8,XY,MW
2030-10-14 11:00:00,TRAN-PUB,load,166.44,XY,MW
2030-10-15 12:00:00,TRAN-PRV,load,293.55999999999995,XY,MW
2030-10-16 13:00:00,TRAN-PUB,load,166.44,XY,MW
2030-10-17 14:00:00,TRAN-PRV,load,231.24,XY,MW
2030-10-18 15:00:00,TRAN-PUB,load,166.44,XY,MW
2030-10-19 16:00:00,TRAN-PRV,load,101.68,XY,MW
2030-10-20 17:00:00,TRAN-PUB,load,166.44,XY,MW
2030-10-21 18:00:00,TRAN-PRV,load,60.68,XY,MW
2030-10-22 19:00:00,TRAN-PUB,load,166.44,XY,MW
2030-10-23 20:00:00,TRAN-PRV,load,182.04,XY,MW
2030-10-24 21:00:00,TRAN-PUB,load,166.44,XY,MW
2030-10-25 22:00:00,TRAN-PRV,load,182.04,XY,MW
2030-10-26 23:00:00,TRAN-PUB,load,166.44,XY,MW
2030-10-28 00:00:00,TRAN-PRV,load,152.51999999999998,XY,MW
2030-10-29 01:00:00,TRAN-PUB,load,166.44,XY,MW
2030-10-30 02:00:00,TRAN-PRV,load,101.68,XY,MW
2030-10-31 03:00:00,TRAN-PUB,load,166.44,XY,MW
2030-11-01 04:00:00,TRAN-PRV,load,106.6,XY,MW
2030-11-02 05:00:00,TRAN-PUB,load,166.44,XY,MW
2030-11-03 06:00:00,TRAN-PRV,load,32.800000000000004,XY,MW
2030-11-04 07:00:00,TRAN-PUB,load,166.44,XY,MW
2030-11-05 08:00:00,TRAN-PRV,load,137.76,XY,MW
2030-11-06 09:00:00,TRAN-PUB,load,166.44,XY,MW
2030-11-07 10:00:00,TRAN-PRV,load,241.07999999999998,XY,MW
2030-11-08 11:00:00,TRAN-PUB,load,166.44,XY,MW
2030-11-09 12:00:00,TRAN-PRV,load,309.96000000000004,XY,MW
2030-11-10 13:00:00,TRAN-PUB,load,166.44,XY,MW
2030-11-11 14:00:00,TRAN-PRV,load,303.4,XY,MW
2030-11-12 15:00:00,TRAN-PUB,load,166.44,XY,MW
2030-11-13 16:00:00,TRAN-PRV,load,314.88,XY,MW
2030-11-14 17:00:00,TRAN-PUB,load,166.44,XY,MW
2030-11-15 18:00:00,TRAN-PRV,load,285.36,XY,MW
2030-11-16 19:00:00,TRAN-PUB,load,166.44,XY,MW
2030-11-17 20:00:00,TRAN-PRV,load,167.28,XY,MW
2030-11-18 21:00:00,TRAN-PUB,load,166.44,XY,MW
2030-11-19 22:00:00,TRAN-PRV,load,83.64,XY,MW
2030-11-20 23:00:00,TRAN-PUB,load,166.44,XY,MW
2030-11-22 00:00:00,TRAN-PRV,load,272.24,XY,MW
2030-11-23 01:00:00,TRAN-PUB,load,166.44,XY,MW
2030-11-24 02:00:00,TRAN-PRV,load,298.48,XY,MW
2030-11-25 03:00:00,TRAN-PUB,load,166.44,XY,MW
2030-11-26 04:00:00,TRAN-PRV,load,311.6,XY,MW
2030-11-27 05:00:00,TRAN-PUB,load,166.44,XY,MW
2030-11-28 06:00:00,TRAN-PRV,load,321.44,XY,MW
2030-11-29 07:00:00,TRAN-PUB,load,166.44,XY,MW
2030-11-30 08:00:00,TRAN-PRV,load,296.84000000000003,XY,MW
2030-12-01 09:00:00,TRAN-PUB,load,166.44,XY,MW
2030-12-02 10:00:00,TRAN-PRV,load,139.4,XY,MW
2030-12-03 11:00:00,TRAN-PUB,load,166.44,XY,MW
2030-12-04 12:00:00,TRAN-PRV,load,91.84,XY,MW
2030-12-05 13:00:00,TRAN-PUB,load,166.44,XY,MW
2030-12-06 14:00:00,TRAN-PRV,load,257.48,XY,MW
2030-12-07 15:00:00,TRAN-PUB,load,166.44,XY,MW
2030-12-08 16:00:00,TRAN-PRV,load,244.35999999999999,XY,MW
2030-12-09 17:00:00,TRAN-PUB,load,166.44,XY,MW
2030-12-10 18:00:00,TRAN-PRV,load,221.4,XY,MW
2030-12-11 19:00:00,TRAN-PUB,load,166.44,XY,MW
2030-12-12 20:00:00,TRAN-PRV,load,203.36,XY,MW
2030-12-13 21:00:00,TRAN-PUB,load,166.44,XY,MW
2030-12-14 22:00:00,TRAN-PRV,load,173.84,XY,MW
2030-12-15 23:00:00,TRAN-PUB,load,166.44,XY,MW
2030-12-17 00:00:00,TRAN-PRV,load,67.24,XY,MW
2030-12-18 01:00:00,TRAN-PUB,load,166.44,XY,MW
2030-12-19 02:00:00,TRAN-PRV,load,68.88,XY,MW
2030-12-20 03:00:00,TRAN-PUB,load,166.44,XY,MW
2030-12-21 04:00:00,TRAN-PRV,load,145.95999999999998,XY,MW
2030-12-22 05:00:00,TRAN-PUB,load,166.44,XY,MW
2030-12-23 06:00:00,TRAN-PRV,load,145.95999999999998,XY,MW
2030-12-24 07:00:00,TRAN-PUB,load,166.44,XY,MW
2030-12-25 08:00:00,TRAN-PRV,load,147.60000000000002,XY,MW
2030-12-26 09:00:00,TRAN-PUB,load,166.44,XY,MW
2030-12-27 10:00:00,TRAN-PRV,load,164.0,XY,MW
2030-12-28 11:00:00,TRAN-PUB,load,166.44,XY,MW
2030-12-29 12:00:00,TRAN-PRV,load,113.16,XY,MW
2030-12-30 13:00:00,TRAN-PUB,load,166.44,XY,MW
2030-12-31 14:00:00,TRAN-PRV,load,36.08,XY,MW
2031-01-01 15:00:00,TRAN-PUB,load,166.44,XY,MW
2031-01-02 16:00:00,TRAN-PRV,load,268.96,XY,MW
2031-01-03 17:00:00,TRAN-PUB,load,166.44,XY,MW
2031-01-04 18:00:00,TRAN-PRV,load,291.91999999999996,XY,MW
2031-01-05 19:00:00,TRAN-PUB,load,166.44,XY,MW
2031-01-06 20:00:00,TRAN-PRV,load,295.20000000000005,XY,MW
2031-01-07 21:00:00,TRAN-PUB,load,166.44,XY,MW
2031-01-08 22:00:00,TRAN-PRV,load,290.28,XY,MW
2031-01-09 23:00:00,TRAN-PUB,load,166.44,XY,MW
2031-01-11 00:00:00,TRAN-PRV,load,282.08,XY,MW
2031-01-12 01:00:00,TRAN-PUB,load,166.44,XY,MW
2031-01-13 02:00:00,TRAN-PRV,load,139.4,XY,MW
2031-01-14 03:00:00,TRAN-PUB,load,166.44,XY,MW
2031-01-15 04:00:00,TRAN-PRV,load,104.96,XY,MW
2031-01-16 05:00:00,TRAN-PUB,load,166.44,XY,MW
2031-01-17 06:00:00,TRAN-PRV,load,282.08,XY,MW
2031-01-18 07:00:00,TRAN-PUB,load,166.44,XY,MW
2031-01-19 08:00:00,TRAN-PRV,load,314.88,XY,MW
2031-01-20 09:00:00,TRAN-PUB,load,166.44,XY,MW
2031-01-21 10:00:00,TRAN-PRV,load,319.8,XY,MW
2031-01-22 11:00:00,TRAN-PUB,load,166.44,XY,MW
2031-01-23 12:00:00,TRAN-PRV,load,296.84000000000003,XY,MW
2031-01-24 13:00:00,TRAN-PUB,load,166.44,XY,MW
2031-01-25 14:00:00,TRAN-PRV,load,244.35999999999999,XY,MW
2031-01-26 15:00:00,TRAN-PUB,load,166.44,XY,MW
2031-01-27 16:00:00,TRAN-PRV,load,91.84,XY,MW
2031-01-28 17:00:00,TRAN-PUB,load,166.44,XY,MW
2031-01-29 18:00:00,TRAN-PRV,load,82.0,XY,MW
2031-01-30 19:00:00,TRAN-PUB,load,166.44,XY,MW
2031-01-31 20:00:00,TRAN-PRV,load,180.4,XY,MW
2031-02-01 21:00:00,TRAN-PUB,load,166.44,XY,MW
2031-02-02 22:00:00,TRAN-PRV,load,185.32,XY,MW
2031-02-03 23:00:00,TRAN-PUB,load,166.44,XY,MW
2031-02-05 00:00:00,TRAN-PRV,load,172.20000000000002,XY,MW
2031-02-06 01:00:00,TRAN-PUB,load,166.44,XY,MW
2031-02-07 02:00:00,TRAN-PRV,load,157.44,XY,MW
2031-02-08 03:00:00,TRAN-PUB,load,166.44,XY,MW
2031-02-09 04:00:00,TRAN-PRV,load,121.36,XY,MW
2031-02-10 05:00:00,TRAN-PUB,load,166.44,XY,MW
2031-02-11 06:00:00,TRAN-PRV,load,39.36,XY,MW
2031-02-12 07:00:00,TRAN-PUB,load,166.44,XY,MW
2031-02-13 08:00:00,TRAN-PRV,load,96.75999999999999,XY,MW
2031-02-14 09:00:00,TRAN-PUB,load,166.44,XY,MW
2031-02-15 10:00:00,TRAN-PRV,load,159.08,XY,MW
2031-02-16 11:00:00,TRAN-PUB,load,166.44,XY,MW
2031-02-17 12:00:00,TRAN-PRV,load,221.4,XY,MW
2031-02-18 13:00:00,TRAN-PUB,load,166.44,XY,MW
2031-02-19 14:00:00,TRAN-PRV,load,280.44,XY,MW
2031-02-20 15:00:00,TRAN-PUB,load,166.44,XY,MW
2031-02-21 16:00:00,TRAN-PRV,load,265.68,XY,MW
2031-02-22 17:00:00,TRAN-PUB,load,166.44,XY,MW
2031-02-23 18:00:00,TRAN-PRV,load,118.08,XY,MW
2031-02-24 19:00:00,TRAN-PUB,load,166.44,XY,MW
2031-02-25 20:00:00,TRAN-PRV,load,73.80000000000001,XY,MW
2031-02-26 21:00:00,TRAN-PUB,load,166.44,XY,MW
2031-02-27 22:00:00,TRAN-PRV,load,254.2,XY,MW
2031-02-28 23:00:00,TRAN-PUB,load,166.44,XY,MW
2031-03-02 00:00:00,TRAN-PRV,load,273.88,XY,MW
2031-03-03 01:00:00,TRAN-PUB,load,166.44,XY,MW
2031-03-04 02:00:00,TRAN-PRV,load,278.8,XY,MW
2031-03-05 03:00:00,TRAN-PUB,load,166.44,XY,MW
2031-03-06 04:00:00,TRAN-PRV,load,280.44,XY,MW
2031-03-07 05:00:00,TRAN-PUB,load,166.44,XY,MW
2031-03-08 06:00:00,TRAN-PRV,load,275.52,XY,MW
2031-03-09 07:00:00,TRAN-PUB,load,166.44,XY,MW
2031-03-10 08:00:00,TRAN-PRV,load,122.99999999999999,XY,MW
2031-03-11 09:00:00,TRAN-PUB,load,166.44,XY,MW
2031-03-12 10:00:00,TRAN-PRV,load,104.96,XY,MW
2031-03-13 11:00:00,TRAN-PUB,load,166.44,XY,MW
2031-03-14 12:00:00,TRAN-PRV,load,264.04,XY,MW
2031-03-15 13:00:00,TRAN-PUB,load,166.44,XY,MW
2031-03-16 14:00:00,TRAN-PRV,load,259.12,XY,MW
2031-03-17 15:00:00,TRAN-PUB,load,166.44,XY,MW
2031-03-18 16:00:00,TRAN-PRV,load,231.24,XY,MW
2031-03-19 17:00:00,TRAN-PUB,load,166.44,XY,MW
2031-03-20 18:00:00,TRAN-PRV,load,205.0,XY,MW
2031-03-21 19:00:00,TRAN-PUB,load,166.44,XY,MW
2031-03-22 20:00:00,TRAN-PRV,load,177.12,XY,MW
2031-03-23 21:00:00,TRAN-PUB,load,166.44,XY,MW
2031-03-24 22:00:00,TRAN-PRV,load,75.44,XY,MW
2031-03-25 23:00:00,TRAN-PUB,load,166.44,XY,MW
2031-03-27 00:00:00,TRAN-PRV,load,67.24,XY,MW
2031-03-28 01:00:00,TRAN-PUB,load,166.44,XY,MW
2031-03-29 02:00:00,TRAN-PRV,load,139.4,XY,MW
2031-03-30 03:00:00,TRAN-PUB,load,166.44,XY,MW
2031-03-31 04:00:00,TRAN-PRV,load,134.48,XY,MW
2031-04-01 05:00:00,TRAN-PUB,load,166.44,XY,MW
2031-04-02 06:00:00,TRAN-PRV,load,114.79999999999998,XY,MW
2031-04-03 07:00:00,TRAN-PUB,load,166.44,XY,MW
2031-04-04 08:00:00,TRAN-PRV,load,122.99999999999999,XY,MW
2031-04-05 09:00:00,TRAN-PUB,load,166.44,XY,MW
2031-04-06 10:00:00,TRAN-PRV,load,95.12,XY,MW
2031-04-07 11:00:00,TRAN-PUB,load,166.44,XY,MW
2031-04-08 12:00:00,TRAN-PRV,load,34.44,XY,MW
2031-04-09 13:00:00,TRAN-PUB,load,166.44,XY,MW
2031-04-10 14:00:00,TRAN-PRV,load,247.64000000000001,XY,MW
2031-04-11 15:00:00,TRAN-PUB,load,166.44,XY,MW
2031-04-12 16:00:00,TRAN-PRV,load,291.91999999999996,XY,MW
2031-04-13 17:00:00,TRAN-PUB,load,166.44,XY,MW
2031-04-14 18:00:00,TRAN-PRV,load,283.72,XY,MW
2031-04-15 19:00:00,TRAN-PUB,load,166.44,XY,MW
2031-04-16 20:00:00,TRAN-PRV,load,287.0,XY,MW
2031-04-17 21:00:00,TRAN-PUB,load,166.44,XY,MW
2031-04-18 22:00:00,TRAN-PRV,load,267.32,XY,MW
2031-04-19 23:00:00,TRAN-PUB,load,166.44,XY,MW
2031-04-21 00:00:00,TRAN-PRV,load,142.68,XY,MW
2031-04-22 01:00:00,TRAN-PUB,load,166.44,XY,MW
2031-04-23 02:00:00,TRAN-PRV,load,108.24000000000001,XY,MW
2031-04-24 03:00:00,TRAN-PUB,load,166.44,XY,MW
2031-04-25 04:00:00,TRAN-PRV,load,270.6,XY,MW
2031-04-26 05:00:00,TRAN-PUB,load,166.44,XY,MW
2031-04-27 06:00:00,TRAN-PRV,load,300.12,XY,MW
2031-04-28 07:00:00,TRAN-PUB,load,166.44,XY,MW
2031-04-29 08:00:00,TRAN-PRV,load,311.6,XY,MW
2031-04-30 09:00:00,TRAN-PUB,load,166.44,XY,MW
2031-05-01 10:00:00,TRAN-PRV,load,308.32,XY,MW
2031-05-02 11:00:00,TRAN-PUB,load,166.44,XY,MW
2031-05-03 12:00:00,TRAN-PRV,load,262.40000000000003,XY,MW
2031-05-04 13:00:00,TRAN-PUB,load,166.44,XY,MW
2031-05-05 14:00:00,TRAN-PRV,load,127.92,XY,MW
2031-05-06 15:00:00,TRAN-PUB,load,166.44,XY,MW
2031-05-07 16:00:00,TRAN-PRV,load,96.75999999999999,XY,MW
2031-05-08 17:00:00,TRAN-PUB,load,166.44,XY,MW
2031-05-09 18:00:00,TRAN-PRV,load,193.51999999999998,XY,MW
2031-05-10 19:00:00,TRAN-PUB,load,166.44,XY,MW
2031-05-11 20:00:00,TRAN-PRV,load,195.16,XY,MW
2031-05-12 21:00:00,TRAN-PUB,load,166.44,XY,MW
2031-05-13 22:00:00,TRAN-PRV,load,188.60000000000002,XY,MW
2031-05-14 23:00:00,TRAN-PUB,load,166.44,XY,MW
2031-05-16 00:00:00,TRAN-PRV,load,170.56,XY,MW
2031-05-17 01:00:00,TRAN-PUB,load,166.44,XY,MW
2031-05-18 02:00:00,TRAN-PRV,load,131.20000000000002,XY,MW
2031-05-19 03:00:00,TRAN-PUB,load,166.44,XY,MW
2031-05-20 04:00:00,TRAN-PRV,load,45.92,XY,MW
2031-05-21 05:00:00,TRAN-PUB,load,166.44,XY,MW
2031-05-22 06:00:00,TRAN-PRV,load,77.08,XY,MW
2031-05-23 07:00:00,TRAN-PUB,load,166.44,XY,MW
2031-05-24 08:00:00,TRAN-PRV,load,141.04,XY,MW
2031-05-25 09:00:00,TRAN-PUB,load,166.44,XY,MW
2031-05-26 10:00:00,TRAN-PRV,load,170.56,XY,MW
2031-05-27 11:00:00,TRAN-PUB,load,166.44,XY,MW
2031-05-28 12:00:00,TRAN-PRV,load,229.59999999999997,XY,MW
2031-05-29 13:00:00,TRAN-PUB,load,166.44,XY,MW
2031-05-30 14:00:00,TRAN-PRV,load,265.68,XY,MW
2031-05-31 15:00:00,TRAN-PUB,load,166.44,XY,MW
2031-06-01 16:00:00,TRAN-PRV,load,136.12,XY,MW
2031-06-02 17:00:00,TRAN-PUB,load,166.44,XY,MW
2031-06-03 18:00:00,TRAN-PRV,load,52.48,XY,MW
2031-06-04 19:00:00,TRAN-PUB,load,166.44,XY,MW
2031-06-05 20:00:00,TRAN-PRV,load,265.68,XY,MW
2031-06-06 21:00:00,TRAN-PUB,load,166.44,XY,MW
2031-06-07 22:00:00,TRAN-PRV,load,290.28,XY,MW
2031-06-08 23:00:00,TRAN-PUB,load,166.44,XY,MW
2031-06-10 00:00:00,TRAN-PRV,load,295.20000000000005,XY,MW
2031-06-11 01:00:00,TRAN-PUB,load,166.44,XY,MW
2031-06-12 02:00:00,TRAN-PRV,load,295.20000000000005,XY,MW
2031-06-13 03:00:00,TRAN-PUB,load,166.44,XY,MW
2031-06-14 04:00:00,TRAN-PRV,load,298.48,XY,MW
2031-06-15 05:00:00,TRAN-PUB,load,166.44,XY,MW
2031-06-16 06:00:00,TRAN-PRV,load,159.08,XY,MW
2031-06-17 07:00:00,TRAN-PUB,load,166.44,XY,MW
2031-06-18 08:00:00,TRAN-PRV,load,106.6,XY,MW
2031-06-19 09:00:00,TRAN-PUB,load,166.44,XY,MW
2031-06-20 10:00:00,TRAN-PRV,load,300.12,XY,MW
2031-06-21 11:00:00,TRAN-PUB,load,166.44,XY,MW
2031-06-22 12:00:00,TRAN-PRV,load,311.6,XY,MW
2031-06-23 13:00:00,TRAN-PUB,load,166.44,XY,MW
2031-06-24 14:00:00,TRAN-PRV,load,283.72,XY,MW
2031-06-25 15:00:00,TRAN-PUB,load,166.44,XY,MW
2031-06-26 16:00:00,TRAN-PRV,load,264.04,XY,MW
2031-06-27 17:00:00,TRAN-PUB,load,166.44,XY,MW
2031-06-28 18:00:00,TRAN-PRV,load,211.55999999999997,XY,MW
2031-06-29 19:00:00,TRAN-PUB,load,166.44,XY,MW
2031-06-30 20:00:00,TRAN-PRV,load,86.92,XY,MW
2031-07-01 21:00:00,TRAN-PUB,load,166.44,XY,MW
2031-07-02 22:00:00,TRAN-PRV,load,65.60000000000001,XY,MW
2031-07-03 23:00:00,TRAN-PUB,load,166.44,XY,MW
2031-07-05 00:00:00,TRAN-PRV,load,162.35999999999999,XY,MW
2031-07-06 01:00:00,TRAN-PUB,load,166.44,XY,MW
2031-07-07 02:00:00,TRAN-PRV,load,147.60000000000002,XY,MW
2031-07-08 03:00:00,TRAN-PUB,load,166.44,XY,MW
2031-07-09 04:00:00,TRAN-PRV,load,111.52,XY,MW
2031-07-10 05:00:00,TRAN-PUB,load,166.44,XY,MW
2031-07-11 06:00:00,TRAN-PRV,load,149.24,XY,MW
2031-07-12 07:00:00,TRAN-PUB,load,166.44,XY,MW
2031-07-13 08:00:00,TRAN-PRV,load,103.32,XY,MW
2031-07-14 09:00:00,TRAN-PUB,load,166.44,XY,MW
2031-07-15 10:00:00,TRAN-PRV,load,29.52,XY,MW
2031-07-16 11:00:00,TRAN-PUB,load,166.44,XY,MW
2031-07-17 12:00:00,TRAN-PRV,load,201.72000000000003,XY,MW
2031-07-18 13:00:00,TRAN-PUB,load,166.44,XY,MW
2031-07-19 14:00:00,TRAN-PRV,load,295.20000000000005,XY,MW
2031-07-20 15:00:00,TRAN-PUB,load,166.44,XY,MW
2031-07-21 16:00:00,TRAN-PRV,load,309.96000000000004,XY,MW
2031-07-22 17:00:00,TRAN-PUB,load,166.44,XY,MW
2031-07-23 18:00:00,TRAN-PRV,load,301.76,XY,MW
2031-07-24 19:00:00,TRAN-PUB,load,166.44,XY,MW
2031-07-25 20:00:00,TRAN-PRV,load,278.8,XY,MW
2031-07-26 21:00:00,TRAN-PUB,load,166.44,XY,MW
2031-07-27 22:00:00,TRAN-PRV,load,173.84,XY,MW
2031-07-28 23:00:00,TRAN-PUB,load,166.44,XY,MW
2031-07-30 00:00:00,TRAN-PRV,load,101.68,XY,MW
2031-07-31 01:00:00,TRAN-PUB,load,166.44,XY,MW
2031-08-01 02:00:00,TRAN-PRV,load,277.15999999999997,XY,MW
2031-08-02 03:00:00,TRAN-PUB,load,166.44,XY,MW
2031-08-03 04:00:00,TRAN-PRV,load,308.32,XY,MW
2031-08-04 05:00:00,TRAN-PUB,load,166.44,XY,MW
2031-08-05 06:00:00,TRAN-PRV,load,323.08,XY,MW
2031-08-06 07:00:00,TRAN-PUB,load,166.44,XY,MW
2031-08-07 08:00:00,TRAN-PRV,load,331.28,XY,MW
2031-08-08 09:00:00,TRAN-PUB,load,166.44,XY,MW
2031-08-09 10:00:00,TRAN-PRV,load,288.64,XY,MW
2031-08-10 11:00:00,TRAN-PUB,load,166.44,XY,MW
2031-08-11 12:00:00,TRAN-PRV,load,139.4,XY,MW
2031-08-12 13:00:00,TRAN-PUB,load,166.44,XY,MW
2031-08-13 14:00:00,TRAN-PRV,load,104.96,XY,MW
2031-08-14 15:00:00,TRAN-PUB,load,166.44,XY,MW
2031-08-15 16:00:00,TRAN-PRV,load,224.68,XY,MW
2031-08-16 17:00:00,TRAN-PUB,load,166.44,XY,MW
2031-08-17 18:00:00,TRAN-PRV,load,219.76,XY,MW
2031-08-18 19:00:00,TRAN-PUB,load,166.44,XY,MW
2031-08-19 20:00:00,TRAN-PRV,load,205.0,XY,MW
2031-08-20 21:00:00,TRAN-PUB,load,166.44,XY,MW
2031-08-21 22:00:00,TRAN-PRV,load,193.51999999999998,XY,MW
2031-08-22 23:00:00,TRAN-PUB,load,166.44,XY,MW
2031-08-24 00:00:00,TRAN-PRV,load,152.51999999999998,XY,MW
2031-08-25 01:00:00,TRAN-PUB,load,166.44,XY,MW
2031-08-26 02:00:00,TRAN-PRV,load,52.48,XY,MW
2031-08-27 03:00:00,TRAN-PUB,load,166.44,XY,MW
2031-08-28 04:00:00,TRAN-PRV,load,70.52,XY,MW
2031-08-29 05:00:00,TRAN-PUB,load,166.44,XY,MW
2031-08-30 06:00:00,TRAN-PRV,load,141.04,XY,MW
2031-08-31 07:00:00,TRAN-PUB,load,166.44,XY,MW
2031-09-01 08:00:00,TRAN-PRV,load,131.20000000000002,XY,MW
2031-09-02 09:00:00,TRAN-PUB,load,166.44,XY,MW
2031-09-03 10:00:00,TRAN-PRV,load,90.2,XY,MW
2031-09-04 11:00:00,TRAN-PUB,load,166.44,XY,MW
2031-09-05 12:00:00,TRAN-PRV,load,190.24,XY,MW
2031-09-06 13:00:00,TRAN-PUB,load,166.44,XY,MW
2031-09-07 14:00:00,TRAN-PRV,load,108.24000000000001,XY,MW
2031-09-08 15:00:00,TRAN-PUB,load,166.44,XY,MW
2031-09-09 16:00:00,TRAN-PRV,load,27.88,XY,MW
2031-09-10 17:00:00,TRAN-PUB,load,166.44,XY,MW
2031-09-11 18:00:00,TRAN-PRV,load,267.32,XY,MW
2031-09-12 19:00:00,TRAN-PUB,load,166.44,XY,MW
2031-09-13 20:00:00,TRAN-PRV,load,301.76,XY,MW
2031-09-14 21:00:00,TRAN-PUB,load,166.44,XY,MW
2031-09-15 22:00:00,TRAN-PRV,load,303.4,XY,MW
2031-09-16 23:00:00,TRAN-PUB,load,166.44,XY,MW
2031-09-18 00:00:00,TRAN-PRV,load,301.76,XY,MW
2031-09-19 01:00:00,TRAN-PUB,load,166.44,XY,MW
2031-09-20 02:00:00,TRAN-PRV,load,295.20000000000005,XY,MW
2031-09-21 03:00:00,TRAN-PUB,load,166.44,XY,MW
2031-09-22 04:00:00,TRAN-PRV,load,152.51999999999998,XY,MW
2031-09-23 05:00:00,TRAN-PUB,load,166.44,XY,MW
2031-09-24 06:00:00,TRAN-PRV,load,93.48,XY,MW
2031-09-25 07:00:00,TRAN-PUB,load,166.44,XY,MW
2031-09-26 08:00:00,TRAN-PRV,load,311.6,XY,MW
2031-09-27 09:00:00,TRAN-PUB,load,166.44,XY,MW
2031-09-28 10:00:00,TRAN-PRV,load,332.92,XY,MW
2031-09-29 11:00:00,TRAN-PUB,load,166.44,XY,MW
2031-09-30 12:00:00,TRAN-PRV,load,313.24,XY,MW
2031-10-01 13:00:00,TRAN-PUB,load,166.44,XY,MW
2031-10-02 14:00:00,TRAN-PRV,load,280.44,XY,MW
2031-10-03 15:00:00,TRAN-PUB,load,166.44,XY,MW
2031-10-04 16:00:00,TRAN-PRV,load,223.04,XY,MW
2031-10-05 17:00:00,TRAN-PUB,load,166.44,XY,MW
2031-10-06 18:00:00,TRAN-PRV,load,85.28,XY,MW
2031-10-07 19:00:00,TRAN-PUB,load,166.44,XY,MW
2031-10-08 20:00:00,TRAN-PRV,load,52.48,XY,MW
2031-10-09 21:00:00,TRAN-PUB,load,166.44,XY,MW
2031-10-10 22:00:00,TRAN-PRV,load,180.4,XY,MW
2031-10-11 23:00:00,TRAN-PUB,load,166.44,XY,MW
2031-10-13 00:00:00,TRAN-PRV,load,178.76000000000002,XY,MW
2031-10-14 01:00:00,TRAN-PUB,load,166.44,XY,MW
2031-10-15 02:00:00,TRAN-PRV,load,165.64,XY,MW
2031-10-16 03:00:00,TRAN-PUB,load,166.44,XY,MW
2031-10-17 04:00:00,TRAN-PRV,load,152.51999999999998,XY,MW
2031-10-18 05:00:00,TRAN-PUB,load,166.44,XY,MW
2031-10-19 06:00:00,TRAN-PRV,load,104.96,XY,MW
2031-10-20 07:00:00,TRAN-PUB,load,166.44,XY,MW
2031-10-21 08:00:00,TRAN-PRV,load,27.88,XY,MW
2031-10-22 09:00:00,TRAN-PUB,load,166.44,XY,MW
2031-10-23 10:00:00,TRAN-PRV,load,134.48,XY,MW
2031-10-24 11:00:00,TRAN-PUB,load,166.44,XY,MW
2031-10-25 12:00:00,TRAN-PRV,load,239.44,XY,MW
2031-10-26 13:00:00,TRAN-PUB,load,166.44,XY,MW
2031-10-27 14:00:00,TRAN-PRV,load,305.03999999999996,XY,MW
2031-10-28 15:00:00,TRAN-PUB,load,166.44,XY,MW
2031-10-29 16:00:00,TRAN-PRV,load,309.96000000000004,XY,MW
2031-10-30 17:00:00,TRAN-PUB,load,166.44,XY,MW
2031-10-31 18:00:00,TRAN-PRV,load,282.08,XY,MW
2031-11-01 19:00:00,TRAN-PUB,load,166.44,XY,MW
2031-11-02 20:00:00,TRAN-PRV,load,152.51999999999998,XY,MW
2031-11-03 21:00:00,TRAN-PUB,load,166.44,XY,MW
2031-11-04 22:00:00,TRAN-PRV,load,65.60000000000001,XY,MW
2031-11-05 23:00:00,TRAN-PUB,load,166.44,XY,MW
2031-11-07 00:00:00,TRAN-PRV,load,275.52,XY,MW
2031-11-08 01:00:00,TRAN-PUB,load,166.44,XY,MW
2031-11-09 02:00:00,TRAN-PRV,load,309.96000000000004,XY,MW
2031-11-10 03:00:00,TRAN-PUB,load,166.44,XY,MW
2031-11-11 04:00:00,TRAN-PRV,load,316.52,XY,MW
2031-11-12 05:00:00,TRAN-PUB,load,166.44,XY,MW
2031-11-13 06:00:00,TRAN-PRV,load,328.0,XY,MW
2031-11-14 07:00:00,TRAN-PUB,load,166.44,XY,MW
2031-11-15 08:00:00,TRAN-PRV,load,301.76,XY,MW
2031-11-16 09:00:00,TRAN-PUB,load,166.44,XY,MW
2031-11-17 10:00:00,TRAN-PRV,load,134.48,XY,MW
2031-11-18 11:00:00,TRAN-PUB,load,166.44,XY,MW
2031-11-19 12:00:00,TRAN-PRV,load,93.48,XY,MW
2031-11-20 13:00:00,TRAN-PUB,load,166.44,XY,MW
2031-11-21 14:00:00,TRAN-PRV,load,260.76,XY,MW
2031-11-22 15:00:00,TRAN-PUB,load,166.44,XY,MW
2031-11-23 16:00:00,TRAN-PRV,load,249.28,XY,MW
2031-11-24 17:00:00,TRAN-PUB,load,166.44,XY,MW
2031-11-25 18:00:00,TRAN-PRV,load,227.95999999999998,XY,MW
2031-11-26 19:00:00,TRAN-PUB,load,166.44,XY,MW
2031-11-27 20:00:00,TRAN-PRV,load,211.55999999999997,XY,MW
2031-11-28 21:00:00,TRAN-PUB,load,166.44,XY,MW
2031-11-29 22:00:00,TRAN-PRV,load,178.76000000000002,XY,MW
2031-11-30 23:00:00,TRAN-PUB,load,166.44,XY,MW
2031-12-02 00:00:00,TRAN-PRV,load,63.96,XY,MW
2031-12-03 01:00:00,TRAN-PUB,load,166.44,XY,MW
2031-12-04 02:00:00,TRAN-PRV,load,65.60000000000001,XY,MW
2031-12-05 03:00:00,TRAN-PUB,load,166.44,XY,MW
2031-12-06 04:00:00,TRAN-PRV,load,150.88,XY,MW
2031-12-07 05:00:00,TRAN-PUB,load,166.44,XY,MW
2031-12-08 06:00:00,TRAN-PRV,load,145.95999999999998,XY,MW
2031-12-09 07:00:00,TRAN-PUB,load,166.44,XY,MW
2031-12-10 08:00:00,TRAN-PRV,load,139.4,XY,MW
2031-12-11 09:00:00,TRAN-PUB,load,166.44,XY,MW
2031-12-12 10:00:00,TRAN-PRV,load,136.12,XY,MW
2031-12-13 11:00:00,TRAN-PUB,load,166.44,XY,MW
2031-12-14 12:00:00,TRAN-PRV,load,83.64,XY,MW
2031-12-15 13:00:00,TRAN-PUB,load,166.44,XY,MW
2031-12-16 14:00:00,TRAN-PRV,load,22.96,XY,MW
2031-12-17 15:00:00,TRAN-PUB,load,166.44,XY,MW
2031-12-18 16:00:00,TRAN-PRV,load,45.92,XY,MW
2031-12-19 17:00:00,TRAN-PUB,load,166.44,XY,MW
2031-12-20 18:00:00,TRAN-PRV,load,21.32,XY,MW
2031-12-21 19:00:00,TRAN-PUB,load,166.44,XY,MW
2031-12-22 20:00:00,TRAN-PRV,load,49.2,XY,MW
2031-12-23 21:00:00,TRAN-PUB,load,166.44,XY,MW
2031-12-24 22:00:00,TRAN-PRV,load,159.08,XY,MW
2031-12-25 23:00:00,TRAN-PUB,load,166.44,XY,MW
2031-12-27 00:00:00,TRAN-PRV,load,170.56,XY,MW
2031-12-28 01:00:00,TRAN-PUB,load,166.44,XY,MW
2031-12-29 02:00:00,TRAN-PRV,load,122.99999999999999,XY,MW
2031-12-30 03:00:00,TRAN-PUB,load,166.44,XY,MW
2031-12-31 04:00:00,TRAN-PRV,load,85.28,XY,MW
2032-01-01 05:00:00,TRAN-PUB,load,166.44,XY,MW
2032-01-02 06:00:00,TRAN-PRV,load,73.80000000000001,XY,MW
2032-01-03 07:00:00,TRAN-PUB,load,166.44,XY,MW
2030-01-01 00:00:00,TRAN-PRV,store_discharge,-9.6,XY,MW
2030-01-02 01:00:00,TRAN-PUB,store_discharge,0.0,XY,MW
2030-01-03 02:00:00,TRAN-PRV,store_discharge,0.0,XY,MW
2030-01-04 03:00:00,TRAN-PUB,store_discharge,0.0,XY,MW
2030-01-05 04:00:00,TRAN-PRV,store_discharge,9.6,XY,MW
2030-01-06 05:00:00,TRAN-PUB,store_discharge,0.0,XY,MW
2030-01-07 06:00:00,TRAN-PRV,store_discharge,0.0,XY,MW
2030-01-08 07:00:00,TRAN-PUB,store_discharge,0.0,XY,MW
2030-01-09 08:00:00,TRAN-PRV,store_discharge,0.0,XY,MW
2030-01-10 09:00:00,TRAN-PUB,store_discharge,0.0,XY,MW
2030-01-11 10:00:00,TRAN-PRV,store_discharge,0.0,XY,MW
2030-01-12 11:00:00,TRAN-PUB,store_discharge,0.0,XY,MW
2030-01-13 12:00:00,TRAN-PRV,store_discharge,-9.6,XY,MW
2030-01-14 13:00:00,TRAN-PUB,store_discharge,-2.4,XY,MW
2030-01-15 14:00:00,TRAN-PRV,store_discharge,9.6,XY,MW
2030-01-16 15:00:00,TRAN-PUB,store_discharge,2.4,XY,MW
2030-01-17 16:00:00,TRAN-PRV,store_discharge,0.0,XY,MW
2030-01-18 17:00:00,TRAN-PUB,store_discharge,0.0,XY,MW
2030-01-19 18:00:00,TRAN-PRV,store_discharge,0.0,XY,MW
2030-01-20 19:00:00,TRAN-PUB,store_discharge,0.0,XY,MW
2030-01-21 20:00:00,TRAN-PRV,store_discharge,0.0,XY,MW
2030-01-22 21:00:00,TRAN-PUB,store_discharge,0.0,XY,MW
2030-01-23 22:00:00,TRAN-PRV,store_discharge,0.0,XY,MW
2030-01-24 23:00:00,TRAN-PUB,store_discharge,0.0,XY,MW
2030-01-26 00:00:00,TRAN-PRV,store_discharge,0.0,XY,MW
2030-01-27 01:00:00,TRAN-PUB,store_discharge,0.0,XY,MW
2030-01-28 02:00:00,TRAN-PRV,store_discharge,0.0,XY,MW
2030-01-29 03:00:00,TRAN-PUB,store_discharge,0.0,XY,MW
2030-01-30 04:00:00,TRAN-PRV,store_discharge,0.0,XY,MW
2030-01-31 05:00:00,TRAN-PUB,store_discharge,0.0,XY,MW
2030-02-01 06:00:00,TRAN-PRV,store_discharge,0.0,XY,MW
2030-02-02 07:00:00,TRAN-PUB,store_discharge,0.0,XY,MW
2030-02-03 08:00:00,TRAN-PRV,store_discharge,0.0,XY,MW
2030-02-04 09:00:00,TRAN-PUB,store_discharge,0.0,XY,MW
2030-02-05 10:00:00,TRAN-PRV,store_discharge,0.0,XY,MW
2030-02-06 11:00:00,TRAN-PUB,store_discharge,0.0,XY,MW
2030-02-07 12:00:00,TRAN-PRV,store_discharge,0.0,XY,MW
2030-02-08 13:00:00,TRAN-PUB,store_discharge,0.0,XY,MW
2030-02-09 14:00:00,TRAN-PRV,store_discharge,0.0,XY,MW
2030-02-10 15:00:00,TRAN-PUB,store_discharge,0.0,XY,MW
2030-02-11 16:00:00,TRAN-PRV,store_discharge,0.0,XY,MW
2030-02-12 17:00:00,TRAN-PUB,store_discharge,0.0,XY,MW
2030-02-13 18:00:00,TRAN-PRV,store_discharge,0.0,XY,MW
2030-02-14 19:00:00,TRAN-PUB,store_discharge,0.0,XY,MW
2030-02-15 20:00:00,TRAN-PRV,store_discharge,0.0,XY,MW
2030-02-16 21:00:00,TRAN-PUB,store_discharge,0.0,XY,MW
2030-02-17 22:00:00,TRAN-PRV,store_discharge,0.0,XY,MW
2030-02-18 23:00:00,TRAN-PUB,store_discharge,0.0,XY,MW
2030-02-20 00:00:00,TRAN-PRV,store_discharge,0.0,XY,MW
2030-02-21 01:00:00,TRAN-PUB,store_discharge,0.0,XY,MW
2030-02-22 02:00:00,TRAN-PRV,store_discharge,0.0,XY,MW
2030-02-23 03:00:00,TRAN-PUB,store_discharge,0.0,XY,MW
2030-02-24 04:00:00,TRAN-PRV,store_discharge,-9.6,XY,MW
2030-02-25 05:00:00,TRAN-PUB,store_discharge,0.0,XY,MW
2030-02-26 06:00:00,TRAN-PRV,store_discharge,9.6,XY,MW
2030-02-27 07:00:00,TRAN-PUB,store_discharge,0.0,XY,MW
2030-02-28 08:00:00,TRAN-PRV,store_discharge,0.0,XY,MW
2030-03-01 09:00:00,TRAN-PUB,store_discharge,0.0,XY,MW
2030-03-02 10:00:00,TRAN-PRV,store_discharge,0.0,XY,MW
2030-03-03 11:00:00,TRAN-PUB,store_discharge,0.0,XY,MW
2030-03-04 12:00:00,TRAN-PRV,store_discharge,-7.2,XY,MW
2030-03-05 13:00:00,TRAN-PUB,store_discharge,-2.4,XY,MW
2030-03-06 14:00:00,TRAN-PRV,store_discharge,7.2,XY,MW
2030-03-07 15:00:00,TRAN-PUB,store_discharge,2.4,XY,MW
2030-03-08 16:00:00,TRAN-PRV,store_discharge,0.0,XY,MW
2030-03-09 17:00:00,TRAN-PUB,store_discharge,0.0,XY,MW
2030-03-10 18:00:00,TRAN-PRV,store_discharge,-6.720000000000001,XY,MW
2030-03-11 19:00:00,TRAN-PUB,store_discharge,0.0,XY,MW
2030-03-12 20:00:00,TRAN-PRV,store_discharge,6.720000000000001,XY,MW
2030-03-13 21:00:00,TRAN-PUB,store_discharge,0.0,XY,MW
2030-03-14 22:00:00,TRAN-PRV,store_discharge,0.0,XY,MW
2030-03-15 23:00:00,TRAN-PUB,store_discharge,0.0,XY,MW
2030-03-17 00:00:00,TRAN-PRV,store_discharge,0.0,XY,MW
2030-03-18 01:00:00,TRAN-PUB,store_discharge,0.0,XY,MW
2030-03-19 02:00:00,TRAN-PRV,store_discharge,0.0,XY,MW
2030-03-20 03:00:00,TRAN-PUB,store_discharge,0.0,XY,MW
2030-03-21 04:00:00,TRAN-PRV,store_discharge,0.0,XY,MW
2030-03-22 05:00:00,TRAN-PUB,store_discharge,0.0,XY,MW
2030-03-23 06:00:00,TRAN-PRV,store_discharge,0.0,XY,MW
2030-03-24 07:00:00,TRAN-PUB,store_discharge,0.0,XY,MW
2030-03-25 08:00:00,TRAN-PRV,store_discharge,0.0,XY,MW
2030-03-26 09:00:00,TRAN-PUB,store_discharge,0.0,XY,MW
2030-03-27 10:00:00,TRAN-PRV,store_discharge,0.0,XY,MW
2030-03-28 11:00:00,TRAN-PUB,store_discharge,0.0,XY,MW
2030-03-29 12:00:00,TRAN-PRV,store_discharge,0.0,XY,MW
2030-03-30 13:00:00,TRAN-PUB,store_discharge,0.0,XY,MW
2030-03-31 14:00:00,TRAN-PRV,store_discharge,0.0,XY,MW
2030-04-01 15:00:00,TRAN-PUB,store_discharge,0.0,XY,MW
2030-04-02 16:00:00,TRAN-PRV,store_discharge,0.0,XY,MW
2030-04-03 17:00:00,TRAN-PUB,store_discharge,0.0,XY,MW
2030-04-04 18:00:00,TRAN-PRV,store_discharge,0.0,XY,MW
2030-04-05 19:00:00,TRAN-PUB,store_discharge,0.0,XY,MW
2030-04-06 20:00:00,TRAN-PRV,store_discharge,0.0,XY,MW
2030-04-07 21:00:00,TRAN-PUB,store_discharge,0.0,XY,MW
2030-04-08 22:00:00,TRAN-PRV,store_discharge,-4.32,XY,MW
2030-04-09 23:00:00,TRAN-PUB,store_discharge,0.0,XY,MW
2030-04-11 00:00:00,TRAN-PRV,store_discharge,4.32,XY,MW
2030-04-12 01:00:00,TRAN-PUB,store_discharge,0.0,XY,MW
2030-04-13 02:00:00,TRAN-PRV,store_discharge,0.0,XY,MW
2030-04-14 03:00:00,TRAN-PUB,store_discharge,0.0,XY,MW
2030-04-15 04:00:00,TRAN-PRV,store_discharge,0.0,XY,MW
2030-04-16 05:00:00,TRAN-PUB,store_discharge,0.0,XY,MW
2030-04-17 06:00:00,TRAN-PRV,store_discharge,0.0,XY,MW
2030-04-18 07:00:00,TRAN-PUB,store_discharge,0.0,XY,MW
2030-04-19 08:00:00,TRAN-PRV,store_discharge,0.0,XY,MW
2030-04-20 09:00:00,TRAN-PUB,store_discharge,0.0,XY,MW
2030-04-21 10:00:00,TRAN-PRV,store_discharge,-9.6,XY,MW
2030-04-22 11:00:00,TRAN-PUB,store_discharge,0.0,XY,MW
2030-04-23 12:00:00,TRAN-PRV,store_discharge,2.4,XY,MW
2030-04-24 13:00:00,TRAN-PUB,store_discharge,-2.4,XY,MW
2030-04-25 14:00:00,TRAN-PRV,store_discharge,7.2,XY,MW
2030-04-26 15:00:00,TRAN-PUB,store_discharge,2.4,XY,MW
2030-04-27 16:00:00,TRAN-PRV,store_discharge,0.0,XY,MW
2030-04-28 17:00:00,TRAN-PUB,store_discharge,0.0,XY,MW
2030-04-29 18:00:00,TRAN-PRV,store_discharge,0.0,XY,MW
2030-04-30 19:00:00,TRAN-PUB,store_discharge,0.0,XY,MW
2030-05-01 20:00:00,TRAN-PRV,store_discharge,0.0,XY,MW
2030-05-02 21:00:00,TRAN-PUB,store_discharge,0.0,XY,MW
2030-05-03 22:00:00,TRAN-PRV,store_discharge,0.0,XY,MW
2030-05-04 23:00:00,TRAN-PUB,store_discharge,0.0,XY,MW
2030-05-06 00:00:00,TRAN-PRV,store_discharge,0.0,XY,MW
2030-05-07 01:00:00,TRAN-PUB,store_discharge,0.0,XY,MW
2030-05-08 02:00:00,TRAN-PRV,store_discharge,0.0,XY,MW
2030-05-09 03:00:00,TRAN-PUB,store_discharge,0.0,XY,MW
2030-05-10 04:00:00,TRAN-PRV,store_discharge,0.0,XY,MW
2030-05-11 05:00:00,TRAN-PUB,store_discharge,0.0,XY,MW
2030-05-12 06:00:00,TRAN-PRV,store_discharge,0.0,XY,MW
2030-05-13 07:00:00,TRAN-PUB,store_discharge,0.0,XY,MW
2030-05-14 08:00:00,TRAN-PRV,store_discharge,0.0,XY,MW
2030-05-15 09:00:00,TRAN-PUB,store_discharge,0.0,XY,MW
2030-05-16 10:00:00,TRAN-PRV,store_discharge,0.0,XY,MW
2030-05-17 11:00:00,TRAN-PUB,store_discharge,0.0,XY,MW
2030-05-18 12:00:00,TRAN-PRV,store_discharge,0.0,XY,MW
2030-05-19 13:00:00,TRAN-PUB,store_discharge,0.0,XY,MW
2030-05-20 14:00:00,TRAN-PRV,store_discharge,0.0,XY,MW
2030-05-21 15:00:00,TRAN-PUB,store_discharge,0.0,XY,MW
2030-05-22 16:00:00,TRAN-PRV,store_discharge,0.0,XY,MW
2030-05-23 17:00:00,TRAN-PUB,store_discharge,0.0,XY,MW
2030-05-24 18:00:00,TRAN-PRV,store_discharge,0.0,XY,MW
2030-05-25 19:00:00,TRAN-PUB,store_discharge,0.0,XY,MW
2030-05-26 20:00:00,TRAN-PRV,store_discharge,0.0,XY,MW
2030-05-27 21:00:00,TRAN-PUB,store_discharge,0.0,XY,MW
2030-05-28 22:00:00,TRAN-PRV,store_discharge,0.0,XY,MW
2030-05-29 23:00:00,TRAN-PUB,store_discharge,0.0,XY,MW
2030-05-31 00:00:00,TRAN-PRV,store_discharge,0.0,XY,MW
2030-06-01 01:00:00,TRAN-PUB,store_discharge,0.0,XY,MW
2030-06-02 02:00:00,TRAN-PRV,store_discharge,-6.720000000000001,XY,MW
2030-06-03 03:00:00,TRAN-PUB,store_discharge,0.0,XY,MW
2030-06-04 04:00:00,TRAN-PRV,store_discharge,2.4,XY,MW
2030-06-05 05:00:00,TRAN-PUB,store_discharge,0.0,XY,MW
2030-06-06 06:00:00,TRAN-PRV,store_discharge,4.32,XY,MW
2030-06-07 07:00:00,TRAN-PUB,store_discharge,0.0,XY,MW
2030-06-08 08:00:00,TRAN-PRV,store_discharge,0.0,XY,MW
2030-06-09 09:00:00,TRAN-PUB,store_discharge,0.0,XY,MW
2030-06-10 10:00:00,TRAN-PRV,store_discharge,0.0,XY,MW
2030-06-11 11:00:00,TRAN-PUB,store_discharge,0.0,XY,MW
2030-06-12 12:00:00,TRAN-PRV,store_discharge,-7.2,XY,MW
2030-06-13 13:00:00,TRAN-PUB,store_discharge,-2.4,XY,MW
2030-06-14 14:00:00,TRAN-PRV,store_discharge,7.2,XY,MW
2030-06-15 15:00:00,TRAN-PUB,store_discharge,2.4,XY,MW
2030-06-16 16:00:00,TRAN-PRV,store_discharge,-6.720000000000001,XY,MW
2030-06-17 17:00:00,TRAN-PUB,store_discharge,0.0,XY,MW
2030-06-18 18:00:00,TRAN-PRV,store_discharge,6.720000000000001,XY,MW
2030-06-19 19:00:00,TRAN-PUB,store_discharge,0.0,XY,MW
2030-06-20 20:00:00,TRAN-PRV,store_discharge,0.0,XY,MW
2030-06-21 21:00:00,TRAN-PUB,store_discharge,0.0,XY,MW
2030-06-22 22:00:00,TRAN-PRV,store_discharge,0.0,XY,MW
2030-06-23 23:00:00,TRAN-PUB,store_discharge,0.0,XY,MW
2030-06-25 00:00:00,TRAN-PRV,store_discharge,0.0,XY,MW
2030-06-26 01:00:00,TRAN-PUB,store_discharge,0.0,XY,MW
2030-06-27 02:00:00,TRAN-PRV,store_discharge,0.0,XY,MW
2030-06-28 03:00:00,TRAN-PUB,store_discharge,0.0,XY,MW
2030-06-29 04:00:00,TRAN-PRV,store_discharge,0.0,XY,MW
2030-06-30 05:00:00,TRAN-PUB,store_discharge,0.0,XY,MW
2030-07-01 06:00:00,TRAN-PRV,store_discharge,0.0,XY,MW
2030-07-02 07:00:00,TRAN-PUB,store_discharge,0.0,XY,MW
2030-07-03 08:00:00,TRAN-PRV,store_discharge,0.0,XY,MW
2030-07-04 09:00:00,TRAN-PUB,store_discharge,0.0,XY,MW
2030-07-05 10:00:00,TRAN-PRV,store_discharge,0.0,XY,MW
2030-07-06 11:00:00,TRAN-PUB,store_discharge,0.0,XY,MW
2030-07-07 12:00:00,TRAN-PRV,store_discharge,0.0,XY,MW
2030-07-08 13:00:00,TRAN-PUB,store_discharge,0.0,XY,MW
2030-07-09 14:00:00,TRAN-PRV,store_discharge,0.0,XY,MW
2030-07-10 15:00:00,TRAN-PUB,store_discharge,0.0,XY,MW
2030-07-11 16:00:00,TRAN-PRV,store_discharge,0.0,XY,MW
2030-07-12 17:00:00,TRAN-PUB,store_discharge,0.0,XY,MW
2030-07-13 18:00:00,TRAN-PRV,store_discharge,0.0,XY,MW
2030-07-14 19:00:00,TRAN-PUB,store_discharge,0.0,XY,MW
2030-07-15 20:00:00,TRAN-PRV,store_discharge,0.0,XY,MW
2030-07-16 21:00:00,TRAN-PUB,store_discharge,0.0,XY,MW
2030-07-17 22:00:00,TRAN-PRV,store_discharge,0.0,XY,MW
2030-07-18 23:00:00,TRAN-PUB,store_discharge,0.0,XY,MW
2030-07-20 00:00:00,TRAN-PRV,store_discharge,0.0,XY,MW
2030-07-21 01:00:00,TRAN-PUB,store_discharge,0.0,XY,MW
2030-07-22 02:00:00,TRAN-PRV,store_discharge,0.0,XY,MW
2030-07-23 03:00:00,TRAN-PUB,store_discharge,0.0,XY,MW
2030-07-24 04:00:00,TRAN-PRV,store_discharge,0.0,XY,MW
2030-07-25 05:00:00,TRAN-PUB,store_discharge,0.0,XY,MW
2030-07-26 06:00:00,TRAN-PRV,store_discharge,0.0,XY,MW
2030-07-27 07:00:00,TRAN-PUB,store_discharge,0.0,XY,MW
2030-07-28 08:00:00,TRAN-PRV,store_discharge,-9.6,XY,MW
2030-07-29 09:00:00,TRAN-PUB,store_discharge,0.0,XY,MW
2030-07-30 10:00:00,TRAN-PRV,store_discharge,2.4,XY,MW
2030-07-31 11:00:00,TRAN-PUB,store_discharge,-2.4,XY,MW
2030-08-01 12:00:00,TRAN-PRV,store_discharge,7.2,XY,MW
2030-08-02 13:00:00,TRAN-PUB,store_discharge,2.4,XY,MW
2030-08-03 14:00:00,TRAN-PRV,store_discharge,0.0,XY,MW
2030-08-04 15:00:00,TRAN-PUB,store_discharge,0.0,XY,MW
2030-08-05 16:00:00,TRAN-PRV,store_discharge,0.0,XY,MW
2030-08-06 17:00:00,TRAN-PUB,store_discharge,0.0,XY,MW
2030-08-07 18:00:00,TRAN-PRV,store_discharge,0.0,XY,MW
2030-08-08 19:00:00,TRAN-PUB,store_discharge,0.0,XY,MW
2030-08-09 20:00:00,TRAN-PRV,store_discharge,0.0,XY,MW
2030-08-10 21:00:00,TRAN-PUB,store_discharge,0.0,XY,MW
2030-08-11 22:00:00,TRAN-PRV,store_discharge,0.0,XY,MW
2030-08-12 23:00:00,TRAN-PUB,store_discharge,0.0,XY,MW
2030-08-14 00:00:00,TRAN-PRV,store_discharge,0.0,XY,MW
2030-08-15 01:00:00,TRAN-PUB,store_discharge,0.0,XY,MW
2030-08-16 02:00:00,TRAN-PRV,store_discharge,0.0,XY,MW
2030-08-17 03:00:00,TRAN-PUB,store_discharge,0.0,XY,MW
2030-08-18 04:00:00,TRAN-PRV,store_discharge,0.0,XY,MW
2030-08-19 05:00:00,TRAN-PUB,store_discharge,0.0,XY,MW
2030-08-20 06:00:00,TRAN-PRV,store_discharge,0.0,XY,MW
2030-08-21 07:00:00,TRAN-PUB,store_discharge,0.0,XY,MW
2030-08-22 08:00:00,TRAN-PRV,store_discharge,0.0,XY,MW
2030-08-23 09:00:00,TRAN-PUB,store_discharge,0.0,XY,MW
2030-08-24 10:00:00,TRAN-PRV,store_discharge,0.0,XY,MW
2030-08-25 11:00:00,TRAN-PUB,store_discharge,0.0,XY,MW
2030-08-26 12:00:00,TRAN-PRV,store_discharge,0.0,XY,MW
2030-08-27 13:00:00,TRAN-PUB,store_discharge,0.0,XY,MW
2030-08-28 14:00:00,TRAN-PRV,store_discharge,0.0,XY,MW
2030-08-29 15:00:00,TRAN-PUB,store_discharge,0.0,XY,MW
2030-08-30 16:00:00,TRAN-PRV,store_discharge,0.0,XY,MW
2030-08-31 17:00:00,TRAN-PUB,store_discharge,0.0,XY,MW
2030-09-01 18:00:00,TRAN-PRV,store_discharge,0.0,XY,MW
2030-09-02 19:00:00,TRAN-PUB,store_discharge,0.0,XY,MW
2030-09-03 20:00:00,TRAN-PRV,store_discharge,0.0,XY,MW
2030-09-04 21:00:00,TRAN-PUB,store_discharge,0.0,XY,MW
2030-09-05 22:00:00,TRAN-PRV,store_discharge,0.0,XY,MW
2030-09-06 23:00:00,TRAN-PUB,store_discharge,0.0,XY,MW
2030-09-08 00:00:00,TRAN-PRV,store_discharge,0.0,XY,MW
2030-09-09 01:00:00,TRAN-PUB,store_discharge,0.0,XY,MW
2030-09-10 02:00:00,TRAN-PRV,store_discharge,-4.32,XY,MW
2030-09-11 03:00:00,TRAN-PUB,store_discharge,0.0,XY,MW
2030-09-12 04:00:00,TRAN-PRV,store_discharge,4.32,XY,MW
2030-09-13 05:00:00,TRAN-PUB,store_discharge,0.0,XY,MW
2030-09-14 06:00:00,TRAN-PRV,store_discharge,0.0,XY,MW
2030-09-15 07:00:00,TRAN-PUB,store_discharge,0.0,XY,MW
2030-09-16 08:00:00,TRAN-PRV,store_discharge,0.0,XY,MW
2030-09-17 09:00:00,TRAN-PUB,store_discharge,0.0,XY,MW
2030-09-18 10:00:00,TRAN-PRV,store_discharge,-7.2,XY,MW
2030-09-19 11:00:00,TRAN-PUB,store_discharge,-2.4,XY,MW
2030-09-20 12:00:00,TRAN-PRV,store_discharge,7.2,XY,MW
2030-09-21 13:00:00,TRAN-PUB,store_discharge,2.4,XY,MW
2030-09-22 14:00:00,TRAN-PRV,store_discharge,-9.6,XY,MW
2030-09-23 15:00:00,TRAN-PUB,store_discharge,0.0,XY,MW
2030-09-24 16:00:00,TRAN-PRV,store_discharge,9.6,XY,MW
2030-09-25 17:00:00,TRAN-PUB,store_discharge,0.0,XY,MW
2030-09-26 18:00:00,TRAN-PRV,store_discharge,0.0,XY,MW
2030-09-27 19:00:00,TRAN-PUB,store_discharge,0.0,XY,MW
2030-09-28 20:00:00,TRAN-PRV,store_discharge,0.0,XY,MW
2030-09-29 21:00:00,TRAN-PUB,store_discharge,0.0,XY,MW
2030-09-30 22:00:00,TRAN-PRV,store_discharge,0.0,XY,MW
2030-10-01 23:00:00,TRAN-PUB,store_discharge,0.0,XY,MW
2030-10-03 00:00:00,TRAN-PRV,store_discharge,0.0,XY,MW
2030-10-04 01:00:00,TRAN-PUB,store_discharge,0.0,XY,MW
2030-10-05 02:00:00,TRAN-PRV,store_discharge,0.0,XY,MW
2030-10-06 03:00:00,TRAN-PUB,store_discharge,0.0,XY,MW
2030-10-07 04:00:00,TRAN-PRV,store_discharge,0.0,XY,MW
2030-10-08 05:00:00,TRAN-PUB,store_discharge,0.0,XY,MW
2030-10-09 06:00:00,TRAN-PRV,store_discharge,0.0,XY,MW
2030-10-10 07:00:00,TRAN-PUB,store_discharge,0.0,XY,MW
2030-10-11 08:00:00,TRAN-PRV,store_discharge,0.0,XY,MW
2030-10-12 09:00:00,TRAN-PUB,store_discharge,0.0,XY,MW
2030-10-13 10:00:00,TRAN-PRV,store_discharge,0.0,XY,MW
2030-10-14 11:00:00,TRAN-PUB,store_discharge,0.0,XY,MW
2030-10-15 12:00:00,TRAN-PRV,store_discharge,0.0,XY,MW
2030-10-16 13:00:00,TRAN-PUB,store_discharge,0.0,XY,MW
2030-10-17 14:00:00,TRAN-PRV,store_discharge,0.0,XY,MW
2030-10-18 15:00:00,TRAN-PUB,store_discharge,0.0,XY,MW
2030-10-19 16:00:00,TRAN-PRV,store_discharge,0.0,XY,MW
2030-10-20 17:00:00,TRAN-PUB,store_discharge,0.0,XY,MW
2030-10-21 18:00:00,TRAN-PRV,store_discharge,0.0,XY,MW
2030-10-22 19:00:00,TRAN-PUB,store_discharge,0.0,XY,MW
2030-10-23 20:00:00,TRAN-PRV,store_discharge,0.0,XY,MW
2030-10-24 21:00:00,TRAN-PUB,store_discharge,0.0,XY,MW
2030-10-25 22:00:00,TRAN-PRV,store_discharge,0.0,XY,MW
2030-10-26 23:00:00,TRAN-PUB,store_discharge,0.0,XY,MW
2030-10-28 00:00:00,TRAN-PRV,store_discharge,0.0,XY,MW
2030-10-29 01:00:00,TRAN-PUB,store_discharge,0.0,XY,MW
2030-10-30 02:00:00,TRAN-PRV,store_discharge,0.0,XY,MW
2030-10-31 03:00:00,TRAN-PUB,store_discharge,0.0,XY,MW
2030-11-01 04:00:00,TRAN-PRV,store_discharge,0.0,XY,MW
2030-11-02 05:00:00,TRAN-PUB,store_discharge,0.0,XY,MW
2030-11-03 06:00:00,TRAN-PRV,store_discharge,-9.6,XY,MW
2030-11-04 07:00:00,TRAN-PUB,store_discharge,0.0,XY,MW
2030-11-05 08:00:00,TRAN-PRV,store_discharge,9.6,XY,MW
2030-11-06 09:00:00,TRAN-PUB,store_discharge,0.0,XY,MW
2030-11-07 10:00:00,TRAN-PRV,store_discharge,-7.2,XY,MW
2030-11-08 11:00:00,TRAN-PUB,store_discharge,-2.4,XY,MW
2030-11-09 12:00:00,TRAN-PRV,store_discharge,7.2,XY,MW
2030-11-10 13:00:00,TRAN-PUB,store_discharge,2.4,XY,MW
2030-11-11 14:00:00,TRAN-PRV,store_discharge,0.0,XY,MW
2030-11-12 15:00:00,TRAN-PUB,store_discharge,0.0,XY,MW
2030-11-13 16:00:00,TRAN-PRV,store_discharge,0.0,XY,MW
2030-11-14 17:00:00,TRAN-PUB,store_discharge,0.0,XY,MW
2030-11-15 18:00:00,TRAN-PRV,store_discharge,0.0,XY,MW
2030-11-16 19:00:00,TRAN-PUB,store_discharge,0.0,XY,MW
2030-11-17 20:00:00,TRAN-PRV,store_discharge,0.0,XY,MW
2030-11-18 21:00:00,TRAN-PUB,store_discharge,0.0,XY,MW
2030-11-19 22:00:00,TRAN-PRV,store_discharge,0.0,XY,MW
2030-11-20 23:00:00,TRAN-PUB,store_discharge,0.0,XY,MW
2030-11-22 00:00:00,TRAN-PRV,store_discharge,0.0,XY,MW
2030-11-23 01:00:00,TRAN-PUB,store_discharge,0.0,XY,MW
2030-11-24 02:00:00,TRAN-PRV,store_discharge,0.0,XY,MW
2030-11-25 03:00:00,TRAN-PUB,store_discharge,0.0,XY,MW
2030-11-26 04:00:00,TRAN-PRV,store_discharge,0.0,XY,MW
2030-11-27 05:00:00,TRAN-PUB,store_discharge,0.0,XY,MW
2030-11-28 06:00:00,TRAN-PRV,store_discharge,0.0,XY,MW
2030-11-29 07:00:00,TRAN-PUB,store_discharge,0.0,XY,MW
2030-11-30 08:00:00,TRAN-PRV,store_discharge,0.0,XY,MW
2030-12-01 09:00:00,TRAN-PUB,store_discharge,0.0,XY,MW
2030-12-02 10:00:00,TRAN-PRV,store_discharge,0.0,XY,MW
2030-12-03 11:00:00,TRAN-PUB,store_discharge,0.0,XY,MW
2030-12-04 12:00:00,TRAN-PRV,store_discharge,0.0,XY,MW
2030-12-05 13:00:00,TRAN-PUB,store_discharge,0.0,XY,MW
2030-12-06 14:00:00,TRAN-PRV,store_discharge,0.0,XY,MW
2030-12-07 15:00:00,TRAN-PUB,store_discharge,0.0,XY,MW
2030-12-08 16:00:00,TRAN-PRV,store_discharge,0.0,XY,MW
2030-12-09 17:00:00,TRAN-PUB,store_discharge,0.0,XY,MW
2030-12-10 18:00:00,TRAN-PRV,store_discharge,0.0,XY,MW
2030-12-11 19:00:00,TRAN-PUB,store_discharge,0.0,XY,MW
2030-12-12 20:00:00,TRAN-PRV,store_discharge,0.0,XY,MW
2030-12-13 21:00:00,TRAN-PUB,store_discharge,0.0,XY,MW
2030-12-14 22:00:00,TRAN-PRV,store_discharge,0.0,XY,MW
2030-12-15 23:00:00,TRAN-PUB,store_discharge,0.0,XY,MW
2030-12-17 00:00:00,TRAN-PRV,store_discharge,-4.32,XY,MW
2030-12-18 01:00:00,TRAN-PUB,store_discharge,0.0,XY,MW
2030-12-19 02:00:00,TRAN-PRV,store_discharge,4.32,XY,MW
2030-12-20 03:00:00,TRAN-PUB,store_discharge,0.0,XY,MW
2030-12-21 04:00:00,TRAN-PRV,store_discharge,0.0,XY,MW
2030-12-22 05:00:00,TRAN-PUB,store_discharge,0.0,XY,MW
2030-12-23 06:00:00,TRAN-PRV,store_discharge,0.0,XY,MW
2030-12-24 07:00:00,TRAN-PUB,store_discharge,0.0,XY,MW
2030-12-25 08:00:00,TRAN-PRV,store_discharge,0.0,XY,MW
2030-12-26 09:00:00,TRAN-PUB,store_discharge,0.0,XY,MW
2030-12-27 10:00:00,TRAN-PRV,store_discharge,0.0,XY,MW
2030-12-28 11:00:00,TRAN-PUB,store_discharge,0.0,XY,MW
2030-12-29 12:00:00,TRAN-PRV,store_discharge,-7.2,XY,MW
2030-12-30 13:00:00,TRAN-PUB,store_discharge,-2.4,XY,MW
2030-12-31 14:00:00,TRAN-PRV,store_discharge,-2.4,XY,MW
2031-01-01 15:00:00,TRAN-PUB,store_discharge,2.4,XY,MW
2031-01-02 16:00:00,TRAN-PRV,store_discharge,9.6,XY,MW
2031-01-03 17:00:00,TRAN-PUB,store_discharge,0.0,XY,MW
2031-01-04 18:00:00,TRAN-PRV,store_discharge,0.0,XY,MW
2031-01-05 19:00:00,TRAN-PUB,store_discharge,0.0,XY,MW
2031-01-06 20:00:00,TRAN-PRV,store_discharge,0.0,XY,MW
2031-01-07 21:00:00,TRAN-PUB,store_discharge,0.0,XY,MW
2031-01-08 22:00:00,TRAN-PRV,store_discharge,0.0,XY,MW
2031-01-09 23:00:00,TRAN-PUB,store_discharge,0.0,XY,MW
2031-01-11 00:00:00,TRAN-PRV,store_discharge,0.0,XY,MW
2031-01-12 01:00:00,TRAN-PUB,store_discharge,0.0,XY,MW
2031-01-13 02:00:00,TRAN-PRV,store_discharge,0.0,XY,MW
2031-01-14 03:00:00,TRAN-PUB,store_discharge,0.0,XY,MW
2031-01-15 04:00:00,TRAN-PRV,store_discharge,0.0,XY,MW
2031-01-16 05:00:00,TRAN-PUB,store_discharge,0.0,XY,MW
2031-01-17 06:00:00,TRAN-PRV,store_discharge,0.0,XY,MW
2031-01-18 07:00:00,TRAN-PUB,store_discharge,0.0,XY,MW
2031-01-19 08:00:00,TRAN-PRV,store_discharge,0.0,XY,MW
2031-01-20 09:00:00,TRAN-PUB,store_discharge,0.0,XY,MW
2031-01-21 10:00:00,TRAN-PRV,store_discharge,0.0,XY,MW
2031-01-22 11:00:00,TRAN-PUB,store_discharge,0.0,XY,MW
2031-01-23 12:00:00,TRAN-PRV,store_discharge,0.0,XY,MW
2031-01-24 13:00:00,TRAN-PUB,store_discharge,0.0,XY,MW
2031-01-25 14:00:00,TRAN-PRV,store_discharge,0.0,XY,MW
2031-01-26 15:00:00,TRAN-PUB,store_discharge,0.0,XY,MW
2031-01-27 16:00:00,TRAN-PRV,store_discharge,0.0,XY,MW
2031-01-28 17:00:00,TRAN-PUB,store_discharge,0.0,XY,MW
2031-01-29 18:00:00,TRAN-PRV,store_discharge,0.0,XY,MW
2031-01-30 19:00:00,TRAN-PUB,store_discharge,0.0,XY,MW
2031-01-31 20:00:00,TRAN-PRV,store_discharge,0.0,XY,MW
2031-02-01 21:00:00,TRAN-PUB,store_discharge,0.0,XY,MW
2031-02-02 22:00:00,TRAN-PRV,store_discharge,0.0,XY,MW
2031-02-03 23:00:00,TRAN-PUB,store_discharge,0.0,XY,MW
2031-02-05 00:00:00,TRAN-PRV,store_discharge,0.0,XY,MW
2031-02-06 01:00:00,TRAN-PUB,store_discharge,0.0,XY,MW
2031-02-07 02:00:00,TRAN-PRV,store_discharge,0.0,XY,MW
2031-02-08 03:00:00,TRAN-PUB,store_discharge,0.0,XY,MW
2031-02-09 04:00:00,TRAN-PRV,store_discharge,0.0,XY,MW
2031-02-10 05:00:00,TRAN-PUB,store_discharge,0.0,XY,MW
2031-02-11 06:00:00,TRAN-PRV,store_discharge,-6.720000000000001,XY,MW
2031-02-12 07:00:00,TRAN-PUB,store_discharge,0.0,XY,MW
2031-02-13 08:00:00,TRAN-PRV,store_discharge,6.720000000000001,XY,MW
2031-02-14 09:00:00,TRAN-PUB,store_discharge,0.0,XY,MW
2031-02-15 10:00:00,TRAN-PRV,store_discharge,0.0,XY,MW
2031-02-16 11:00:00,TRAN-PUB,store_discharge,0.0,XY,MW
2031-02-17 12:00:00,TRAN-PRV,store_discharge,-7.2,XY,MW
2031-02-18 13:00:00,TRAN-PUB,store_discharge,-2.4,XY,MW
2031-02-19 14:00:00,TRAN-PRV,store_discharge,7.2,XY,MW
2031-02-20 15:00:00,TRAN-PUB,store_discharge,2.4,XY,MW
2031-02-21 16:00:00,TRAN-PRV,store_discharge,0.0,XY,MW
2031-02-22 17:00:00,TRAN-PUB,store_discharge,0.0,XY,MW
2031-02-23 18:00:00,TRAN-PRV,store_discharge,0.0,XY,MW
2031-02-24 19:00:00,TRAN-PUB,store_discharge,0.0,XY,MW
2031-02-25 20:00:00,TRAN-PRV,store_discharge,0.0,XY,MW
2031-02-26 21:00:00,TRAN-PUB,store_discharge,0.0,XY,MW
2031-02-27 22:00:00,TRAN-PRV,store_discharge,0.0,XY,MW
2031-02-28 23:00:00,TRAN-PUB,store_discharge,0.0,XY,MW
2031-03-02 00:00:00,TRAN-PRV,store_discharge,0.0,XY,MW
2031-03-03 01:00:00,TRAN-PUB,store_discharge,0.0,XY,MW
2031-03-04 02:00:00,TRAN-PRV,store_discharge,0.0,XY,MW
2031-03-05 03:00:00,TRAN-PUB,store_discharge,0.0,XY,MW
2031-03-06 04:00:00,TRAN-PRV,store_discharge,0.0,XY,MW
2031-03-07 05:00:00,TRAN-PUB,store_discharge,0.0,XY,MW
2031-03-08 06:00:00,TRAN-PRV,store_discharge,0.0,XY,MW
2031-03-09 07:00:00,TRAN-PUB,store_discharge,0.0,XY,MW
2031-03-10 08:00:00,TRAN-PRV,store_discharge,0.0,XY,MW
2031-03-11 09:00:00,TRAN-PUB,store_discharge,0.0,XY,MW
2031-03-12 10:00:00,TRAN-PRV,store_discharge,0.0,XY,MW
2031-03-13 11:00:00,TRAN-PUB,store_discharge,0.0,XY,MW
2031-03-14 12:00:00,TRAN-PRV,store_discharge,0.0,XY,MW
2031-03-15 13:00:00,TRAN-PUB,store_discharge,0.0,XY,MW
2031-03-16 14:00:00,TRAN-PRV,store_discharge,0.0,XY,MW
2031-03-17 15:00:00,TRAN-PUB,store_discharge,0.0,XY,MW
2031-03-18 16:00:00,TRAN-PRV,store_discharge,0.0,XY,MW
2031-03-19 17:00:00,TRAN-PUB,store_discharge,0.0,XY,MW
2031-03-20 18:00:00,TRAN-PRV,store_discharge,0.0,XY,MW
2031-03-21 19:00:00,TRAN-PUB,store_discharge,0.0,XY,MW
2031-03-22 20:00:00,TRAN-PRV,store_discharge,0.0,XY,MW
2031-03-23 21:00:00,TRAN-PUB,store_discharge,0.0,XY,MW
2031-03-24 22:00:00,TRAN-PRV,store_discharge,0.0,XY,MW
2031-03-25 23:00:00,TRAN-PUB,store_discharge,0.0,XY,MW
2031-03-27 00:00:00,TRAN-PRV,store_discharge,0.0,XY,MW
2031-03-28 01:00:00,TRAN-PUB,store_discharge,0.0,XY,MW
2031-03-29 02:00:00,TRAN-PRV,store_discharge,0.0,XY,MW
2031-03-30 03:00:00,TRAN-PUB,store_discharge,0.0,XY,MW
2031-03-31 04:00:00,TRAN-PRV,store_discharge,0.0,XY,MW
2031-04-01 05:00:00,TRAN-PUB,store_discharge,0.0,XY,MW
2031-04-02 06:00:00,TRAN-PRV,store_discharge,0.0,XY,MW
2031-04-03 07:00:00,TRAN-PUB,store_discharge,0.0,XY,MW
2031-04-04 08:00:00,TRAN-PRV,store_discharge,0.0,XY,MW
2031-04-05 09:00:00,TRAN-PUB,store_discharge,0.0,XY,MW
2031-04-06 10:00:00,TRAN-PRV,store_discharge,0.0,XY,MW
2031-04-07 11:00:00,TRAN-PUB,store_discharge,0.0,XY,MW
2031-04-08 12:00:00,TRAN-PRV,store_discharge,-9.6,XY,MW
2031-04-09 13:00:00,TRAN-PUB,store_discharge,-2.4,XY,MW
2031-04-10 14:00:00,TRAN-PRV,store_discharge,9.6,XY,MW
2031-04-11 15:00:00,TRAN-PUB,store_discharge,2.4,XY,MW
2031-04-12 16:00:00,TRAN-PRV,store_discharge,0.0,XY,MW
2031-04-13 17:00:00,TRAN-PUB,store_discharge,0.0,XY,MW
2031-04-14 18:00:00,TRAN-PRV,store_discharge,0.0,XY,MW
2031-04-15 19:00:00,TRAN-PUB,store_discharge,0.0,XY,MW
2031-04-16 20:00:00,TRAN-PRV,store_discharge,0.0,XY,MW
2031-04-17 21:00:00,TRAN-PUB,store_discharge,0.0,XY,MW
2031-04-18 22:00:00,TRAN-PRV,store_discharge,0.0,XY,MW
2031-04-19 23:00:00,TRAN-PUB,store_discharge,0.0,XY,MW
2031-04-21 00:00:00,TRAN-PRV,store_discharge,0.0,XY,MW
2031-04-22 01:00:00,TRAN-PUB,store_discharge,0.0,XY,MW
2031-04-23 02:00:00,TRAN-PRV,store_discharge,0.0,XY,MW
2031-04-24 03:00:00,TRAN-PUB,store_discharge,0.0,XY,MW
2031-04-25 04:00:00,TRAN-PRV,store_discharge,0.0,XY,MW
2031-04-26 05:00:00,TRAN-PUB,store_discharge,0.0,XY,MW
2031-04-27 06:00:00,TRAN-PRV,store_discharge,0.0,XY,MW
2031-04-28 07:00:00,TRAN-PUB,store_discharge,0.0,XY,MW
2031-04-29 08:00:00,TRAN-PRV,store_discharge,0.0,XY,MW
2031-04-30 09:00:00,TRAN-PUB,store_discharge,0.0,XY,MW
2031-05-01 10:00:00,TRAN-PRV,store_discharge,0.0,XY,MW
2031-05-02 11:00:00,TRAN-PUB,store_discharge,0.0,XY,MW
2031-05-03 12:00:00,TRAN-PRV,store_discharge,0.0,XY,MW
2031-05-04 13:00:00,TRAN-PUB,store_discharge,0.0,XY,MW
2031-05-05 14:00:00,TRAN-PRV,store_discharge,0.0,XY,MW
2031-05-06 15:00:00,TRAN-PUB,store_discharge,0.0,XY,MW
2031-05-07 16:00:00,TRAN-PRV,store_discharge,0.0,XY,MW
2031-05-08 17:00:00,TRAN-PUB,store_discharge,0.0,XY,MW
2031-05-09 18:00:00,TRAN-PRV,store_discharge,0.0,XY,MW
2031-05-10 19:00:00,TRAN-PUB,store_discharge,0.0,XY,MW
2031-05-11 20:00:00,TRAN-PRV,store_discharge,0.0,XY,MW
2031-05-12 21:00:00,TRAN-PUB,store_discharge,0.0,XY,MW
2031-05-13 22:00:00,TRAN-PRV,store_discharge,0.0,XY,MW
2031-05-14 23:00:00,TRAN-PUB,store_discharge,0.0,XY,MW
2031-05-16 00:00:00,TRAN-PRV,store_discharge,0.0,XY,MW
2031-05-17 01:00:00,TRAN-PUB,store_discharge,0.0,XY,MW
2031-05-18 02:00:00,TRAN-PRV,store_discharge,0.0,XY,MW
2031-05-19 03:00:00,TRAN-PUB,store_discharge,0.0,XY,MW
2031-05-20 04:00:00,TRAN-PRV,store_discharge,-6.720000000000001,XY,MW
2031-05-21 05:00:00,TRAN-PUB,store_discharge,0.0,XY,MW
2031-05-22 06:00:00,TRAN-PRV,store_discharge,2.4,XY,MW
2031-05-23 07:00:00,TRAN-PUB,store_discharge,0.0,XY,MW
2031-05-24 08:00:00,TRAN-PRV,store_discharge,4.32,XY,MW
2031-05-25 09:00:00,TRAN-PUB,store_discharge,0.0,XY,MW
2031-05-26 10:00:00,TRAN-PRV,store_discharge,0.0,XY,MW
2031-05-27 11:00:00,TRAN-PUB,store_discharge,0.0,XY,MW
2031-05-28 12:00:00,TRAN-PRV,store_discharge,-7.2,XY,MW
2031-05-29 13:00:00,TRAN-PUB,store_discharge,-2.4,XY,MW
2031-05-30 14:00:00,TRAN-PRV,store_discharge,7.2,XY,MW
2031-05-31 15:00:00,TRAN-PUB,store_discharge,2.4,XY,MW
2031-06-01 16:00:00,TRAN-PRV,store_discharge,0.0,XY,MW
2031-06-02 17:00:00,TRAN-PUB,store_discharge,0.0,XY,MW
2031-06-03 18:00:00,TRAN-PRV,store_discharge,-6.720000000000001,XY,MW
2031-06-04 19:00:00,TRAN-PUB,store_discharge,0.0,XY,MW
2031-06-05 20:00:00,TRAN-PRV,store_discharge,6.720000000000001,XY,MW
2031-06-06 21:00:00,TRAN-PUB,store_discharge,0.0,XY,MW
2031-06-07 22:00:00,TRAN-PRV,store_discharge,0.0,XY,MW
2031-06-08 23:00:00,TRAN-PUB,store_discharge,0.0,XY,MW
2031-06-10 00:00:00,TRAN-PRV,store_discharge,0.0,XY,MW
2031-06-11 01:00:00,TRAN-PUB,store_discharge,0.0,XY,MW
2031-06-12 02:00:00,TRAN-PRV,store_discharge,0.0,XY,MW
2031-06-13 03:00:00,TRAN-PUB,store_discharge,0.0,XY,MW
2031-06-14 04:00:00,TRAN-PRV,store_discharge,0.0,XY,MW
2031-06-15 05:00:00,TRAN-PUB,store_discharge,0.0,XY,MW
2031-06-16 06:00:00,TRAN-PRV,store_discharge,0.0,XY,MW
2031-06-17 07:00:00,TRAN-PUB,store_discharge,0.0,XY,MW
2031-06-18 08:00:00,TRAN-PRV,store_discharge,0.0,XY,MW
2031-06-19 09:00:00,TRAN-PUB,store_discharge,0.0,XY,MW
2031-06-20 10:00:00,TRAN-PRV,store_discharge,0.0,XY,MW
2031-06-21 11:00:00,TRAN-PUB,store_discharge,0.0,XY,MW
2031-06-22 12:00:00,TRAN-PRV,store_discharge,0.0,XY,MW
2031-06-23 13:00:00,TRAN-PUB,store_discharge,0.0,XY,MW
2031-06-24 14:00:00,TRAN-PRV,store_discharge,0.0,XY,MW
2031-06-25 15:00:00,TRAN-PUB,store_discharge,0.0,XY,MW
2031-06-26 16:00:00,TRAN-PRV,store_discharge,0.0,XY,MW
2031-06-27 17:00:00,TRAN-PUB,store_discharge,0.0,XY,MW
2031-06-28 18:00:00,TRAN-PRV,store_discharge,0.0,XY,MW
2031-06-29 19:00:00,TRAN-PUB,store_discharge,0.0,XY,MW
2031-06-30 20:00:00,TRAN-PRV,store_discharge,0.0,XY,MW
2031-07-01 21:00:00,TRAN-PUB,store_discharge,0.0,XY,MW
2031-07-02 22:00:00,TRAN-PRV,store_discharge,0.0,XY,MW
2031-07-03 23:00:00,TRAN-PUB,store_discharge,0.0,XY,MW
2031-07-05 00:00:00,TRAN-PRV,store_discharge,0.0,XY,MW
2031-07-06 01:00:00,TRAN-PUB,store_discharge,0.0,XY,MW
2031-07-07 02:00:00,TRAN-PRV,store_discharge,0.0,XY,MW
2031-07-08 03:00:00,TRAN-PUB,store_discharge,0.0,XY,MW
2031-07-09 04:00:00,TRAN-PRV,store_discharge,0.0,XY,MW
2031-07-10 05:00:00,TRAN-PUB,store_discharge,0.0,XY,MW
2031-07-11 06:00:00,TRAN-PRV,store_discharge,0.0,XY,MW
2031-07-12 07:00:00,TRAN-PUB,store_discharge,0.0,XY,MW
2031-07-13 08:00:00,TRAN-PRV,store_discharge,0.0,XY,MW
2031-07-14 09:00:00,TRAN-PUB,store_discharge,0.0,XY,MW
2031-07-15 10:00:00,TRAN-PRV,store_discharge,-9.6,XY,MW
2031-07-16 11:00:00,TRAN-PUB,store_discharge,0.0,XY,MW
2031-07-17 12:00:00,TRAN-PRV,store_discharge,2.4,XY,MW
2031-07-18 13:00:00,TRAN-PUB,store_discharge,-2.4,XY,MW
2031-07-19 14:00:00,TRAN-PRV,store_discharge,7.2,XY,MW
2031-07-20 15:00:00,TRAN-PUB,store_discharge,2.4,XY,MW
2031-07-21 16:00:00,TRAN-PRV,store_discharge,0.0,XY,MW
2031-07-22 17:00:00,TRAN-PUB,store_discharge,0.0,XY,MW
2031-07-23 18:00:00,TRAN-PRV,store_discharge,0.0,XY,MW
2031-07-24 19:00:00,TRAN-PUB,store_discharge,0.0,XY,MW
2031-07-25 20:00:00,TRAN-PRV,store_discharge,0.0,XY,MW
2031-07-26 21:00:00,TRAN-PUB,store_discharge,0.0,XY,MW
2031-07-27 22:00:00,TRAN-PRV,store_discharge,0.0,XY,MW
2031-07-28 23:00:00,TRAN-PUB,store_discharge,0.0,XY,MW
2031-07-30 00:00:00,TRAN-PRV,store_discharge,0.0,XY,MW
2031-07-31 01:00:00,TRAN-PUB,store_discharge,0.0,XY,MW
2031-08-01 02:00:00,TRAN-PRV,store_discharge,0.0,XY,MW
2031-08-02 03:00:00,TRAN-PUB,store_discharge,0.0,XY,MW
2031-08-03 04:00:00,TRAN-PRV,store_discharge,0.0,XY,MW
2031-08-04 05:00:00,TRAN-PUB,store_discharge,0.0,XY,MW
2031-08-05 06:00:00,TRAN-PRV,store_discharge,0.0,XY,MW
2031-08-06 07:00:00,TRAN-PUB,store_discharge,0.0,XY,MW
2031-08-07 08:00:00,TRAN-PRV,store_discharge,0.0,XY,MW
2031-08-08 09:00:00,TRAN-PUB,store_discharge,0.0,XY,MW
2031-08-09 10:00:00,TRAN-PRV,store_discharge,0.0,XY,MW
2031-08-10 11:00:00,TRAN-PUB,store_discharge,0.0,XY,MW
2031-08-11 12:00:00,TRAN-PRV,store_discharge,0.0,XY,MW
2031-08-12 13:00:00,TRAN-PUB,store_discharge,0.0,XY,MW
2031-08-13 14:00:00,TRAN-PRV,store_discharge,0.0,XY,MW
2031-08-14 15:00:00,TRAN-PUB,store_discharge,0.0,XY,MW
2031-08-15 16:00:00,TRAN-PRV,store_discharge,0.0,XY,MW
2031-08-16 17:00:00,TRAN-PUB,store_discharge,0.0,XY,MW
2031-08-17 18:00:00,TRAN-PRV,store_discharge,0.0,XY,MW
2031-08-18 19:00:00,TRAN-PUB,store_discharge,0.0,XY,MW
2031-08-19 20:00:00,TRAN-PRV,store_discharge,0.0,XY,MW
2031-08-20 21:00:00,TRAN-PUB,store_discharge,0.0,XY,MW
2031-08-21 22:00:00,TRAN-PRV,store_discharge,0.0,XY,MW
2031-08-22 23:00:00,TRAN-PUB,store_discharge,0.0,XY,MW
2031-08-24 00:00:00,TRAN-PRV,store_discharge,0.0,XY,MW
2031-08-25 01:00:00,TRAN-PUB,store_discharge,0.0,XY,MW
2031-08-26 02:00:00,TRAN-PRV,store_discharge,-6.720000000000001,XY,MW
2031-08-27 03:00:00,TRAN-PUB,store_discharge,0.0,XY,MW
2031-08-28 04:00:00,TRAN-PRV,store_discharge,2.4,XY,MW
2031-08-29 05:00:00,TRAN-PUB,store_discharge,0.0,XY,MW
2031-08-30 06:00:00,TRAN-PRV,store_discharge,4.32,XY,MW
2031-08-31 07:00:00,TRAN-PUB,store_discharge,0.0,XY,MW
2031-09-01 08:00:00,TRAN-PRV,store_discharge,0.0,XY,MW
2031-09-02 09:00:00,TRAN-PUB,store_discharge,0.0,XY,MW
2031-09-03 10:00:00,TRAN-PRV,store_discharge,0.0,XY,MW
2031-09-04 11:00:00,TRAN-PUB,store_discharge,0.0,XY,MW
2031-09-05 12:00:00,TRAN-PRV,store_discharge,0.0,XY,MW
2031-09-06 13:00:00,TRAN-PUB,store_discharge,0.0,XY,MW
2031-09-07 14:00:00,TRAN-PRV,store_discharge,-7.2,XY,MW
2031-09-08 15:00:00,TRAN-PUB,store_discharge,-2.4,XY,MW
2031-09-09 16:00:00,TRAN-PRV,store_discharge,-2.4,XY,MW
2031-09-10 17:00:00,TRAN-PUB,store_discharge,2.4,XY,MW
2031-09-11 18:00:00,TRAN-PRV,store_discharge,9.6,XY,MW
2031-09-12 19:00:00,TRAN-PUB,store_discharge,0.0,XY,MW
2031-09-13 20:00:00,TRAN-PRV,store_discharge,0.0,XY,MW
2031-09-14 21:00:00,TRAN-PUB,store_discharge,0.0,XY,MW
2031-09-15 22:00:00,TRAN-PRV,store_discharge,0.0,XY,MW
2031-09-16 23:00:00,TRAN-PUB,store_discharge,0.0,XY,MW
2031-09-18 00:00:00,TRAN-PRV,store_discharge,0.0,XY,MW
2031-09-19 01:00:00,TRAN-PUB,store_discharge,0.0,XY,MW
2031-09-20 02:00:00,TRAN-PRV,store_discharge,0.0,XY,MW
2031-09-21 03:00:00,TRAN-PUB,store_discharge,0.0,XY,MW
2031-09-22 04:00:00,TRAN-PRV,store_discharge,0.0,XY,MW
2031-09-23 05:00:00,TRAN-PUB,store_discharge,0.0,XY,MW
2031-09-24 06:00:00,TRAN-PRV,store_discharge,0.0,XY,MW
2031-09-25 07:00:00,TRAN-PUB,store_discharge,0.0,XY,MW
2031-09-26 08:00:00,TRAN-PRV,store_discharge,0.0,XY,MW
2031-09-27 09:00:00,TRAN-PUB,store_discharge,0.0,XY,MW
2031-09-28 10:00:00,TRAN-PRV,store_discharge,0.0,XY,MW
2031-09-29 11:00:00,TRAN-PUB,store_discharge,0.0,XY,MW
2031-09-30 12:00:00,TRAN-PRV,store_discharge,0.0,XY,MW
2031-10-01 13:00:00,TRAN-PUB,store_discharge,0.0,XY,MW
2031-10-02 14:00:00,TRAN-PRV,store_discharge,0.0,XY,MW
2031-10-03 15:00:00,TRAN-PUB,store_discharge,0.0,XY,MW
2031-10-04 16:00:00,TRAN-PRV,store_discharge,0.0,XY,MW
2031-10-05 17:00:00,TRAN-PUB,store_discharge,0.0,XY,MW
2031-10-06 18:00:00,TRAN-PRV,store_discharge,0.0,XY,MW
2031-10-07 19:00:00,TRAN-PUB,store_discharge,0.0,XY,MW
2031-10-08 20:00:00,TRAN-PRV,store_discharge,0.0,XY,MW
2031-10-09 21:00:00,TRAN-PUB,store_discharge,0.0,XY,MW
2031-10-10 22:00:00,TRAN-PRV,store_discharge,0.0,XY,MW
2031-10-11 23:00:00,TRAN-PUB,store_discharge,0.0,XY,MW
2031-10-13 00:00:00,TRAN-PRV,store_discharge,0.0,XY,MW
2031-10-14 01:00:00,TRAN-PUB,store_discharge,0.0,XY,MW
2031-10-15 02:00:00,TRAN-PRV,store_discharge,0.0,XY,MW
2031-10-16 03:00:00,TRAN-PUB,store_discharge,0.0,XY,MW
2031-10-17 04:00:00,TRAN-PRV,store_discharge,0.0,XY,MW
2031-10-18 05:00:00,TRAN-PUB,store_discharge,0.0,XY,MW
2031-10-19 06:00:00,TRAN-PRV,store_discharge,0.0,XY,MW
2031-10-20 07:00:00,TRAN-PUB,store_discharge,0.0,XY,MW
2031-10-21 08:00:00,TRAN-PRV,store_discharge,-9.6,XY,MW
2031-10-22 09:00:00,TRAN-PUB,store_discharge,0.0,XY,MW
2031-10-23 10:00:00,TRAN-PRV,store_discharge,9.6,XY,MW
2031-10-24 11:00:00,TRAN-PUB,store_discharge,0.0,XY,MW
2031-10-25 12:00:00,TRAN-PRV,store_discharge,0.0,XY,MW
2031-10-26 13:00:00,TRAN-PUB,store_discharge,0.0,XY,MW
2031-10-27 14:00:00,TRAN-PRV,store_discharge,-7.2,XY,MW
2031-10-28 15:00:00,TRAN-PUB,store_discharge,-2.4,XY,MW
2031-10-29 16:00:00,TRAN-PRV,store_discharge,7.2,XY,MW
2031-10-30 17:00:00,TRAN-PUB,store_discharge,2.4,XY,MW
2031-10-31 18:00:00,TRAN-PRV,store_discharge,0.0,XY,MW
2031-11-01 19:00:00,TRAN-PUB,store_discharge,0.0,XY,MW
2031-11-02 20:00:00,TRAN-PRV,store_discharge,0.0,XY,MW
2031-11-03 21:00:00,TRAN-PUB,store_discharge,0.0,XY,MW
2031-11-04 22:00:00,TRAN-PRV,store_discharge,-4.32,XY,MW
2031-11-05 23:00:00,TRAN-PUB,store_discharge,0.0,XY,MW
2031-11-07 00:00:00,TRAN-PRV,store_discharge,4.32,XY,MW
2031-11-08 01:00:00,TRAN-PUB,store_discharge,0.0,XY,MW
2031-11-09 02:00:00,TRAN-PRV,store_discharge,0.0,XY,MW
2031-11-10 03:00:00,TRAN-PUB,store_discharge,0.0,XY,MW
2031-11-11 04:00:00,TRAN-PRV,store_discharge,0.0,XY,MW
2031-11-12 05:00:00,TRAN-PUB,store_discharge,0.0,XY,MW
2031-11-13 06:00:00,TRAN-PRV,store_discharge,0.0,XY,MW
2031-11-14 07:00:00,TRAN-PUB,store_discharge,0.0,XY,MW
2031-11-15 08:00:00,TRAN-PRV,store_discharge,0.0,XY,MW
2031-11-16 09:00:00,TRAN-PUB,store_discharge,0.0,XY,MW
2031-11-17 10:00:00,TRAN-PRV,store_discharge,0.0,XY,MW
2031-11-18 11:00:00,TRAN-PUB,store_discharge,0.0,XY,MW
2031-11-19 12:00:00,TRAN-PRV,store_discharge,0.0,XY,MW
2031-11-20 13:00:00,TRAN-PUB,store_discharge,0.0,XY,MW
2031-11-21 14:00:00,TRAN-PRV,store_discharge,0.0,XY,MW
2031-11-22 15:00:00,TRAN-PUB,store_discharge,0.0,XY,MW
2031-11-23 16:00:00,TRAN-PRV,store_discharge,0.0,XY,MW
2031-11-24 17:00:00,TRAN-PUB,store_discharge,0.0,XY,MW
2031-11-25 18:00:00,TRAN-PRV,store_discharge,0.0,XY,MW
2031-11-26 19:00:00,TRAN-PUB,store_discharge,0.0,XY,MW
2031-11-27 20:00:00,TRAN-PRV,store_discharge,0.0,XY,MW
2031-11-28 21:00:00,TRAN-PUB,store_discharge,0.0,XY,MW
2031-11-29 22:00:00,TRAN-PRV,store_discharge,0.0,XY,MW
2031-11-30 23:00:00,TRAN-PUB,store_discharge,0.0,XY,MW
2031-12-02 00:00:00,TRAN-PRV,store_discharge,0.0,XY,MW
2031-12-03 01:00:00,TRAN-PUB,store_discharge,0.0,XY,MW
2031-12-04 02:00:00,TRAN-PRV,store_discharge,-4.32,XY,MW
2031-12-05 03:00:00,TRAN-PUB,store_discharge,0.0,XY,MW
2031-12-06 04:00:00,TRAN-PRV,store_discharge,4.32,XY,MW
2031-12-07 05:00:00,TRAN-PUB,store_discharge,0.0,XY,MW
2031-12-08 06:00:00,TRAN-PRV,store_discharge,0.0,XY,MW
2031-12-09 07:00:00,TRAN-PUB,store_discharge,0.0,XY,MW
2031-12-10 08:00:00,TRAN-PRV,store_discharge,0.0,XY,MW
2031-12-11 09:00:00,TRAN-PUB,store_discharge,0.0,XY,MW
2031-12-12 10:00:00,TRAN-PRV,store_discharge,0.0,XY,MW
2031-12-13 11:00:00,TRAN-PUB,store_discharge,0.0,XY,MW
2031-12-14 12:00:00,TRAN-PRV,store_discharge,0.0,XY,MW
2031-12-15 13:00:00,TRAN-PUB,store_discharge,0.0,XY,MW
2031-12-16 14:00:00,TRAN-PRV,store_discharge,-9.0,XY,MW
2031-12-17 15:00:00,TRAN-PUB,store_discharge,-2.4,XY,MW
2031-12-18 16:00:00,TRAN-PRV,store_discharge,2.28,XY,MW
2031-12-19 17:00:00,TRAN-PUB,store_discharge,2.4,XY,MW
2031-12-20 18:00:00,TRAN-PRV,store_discharge,0.5200000000379986,XY,MW
2031-12-21 19:00:00,TRAN-PUB,store_discharge,0.0,XY,MW
2031-12-22 20:00:00,TRAN-PRV,store_discharge,-0.5200000000379986,XY,MW
2031-12-23 21:00:00,TRAN-PUB,store_discharge,0.0,XY,MW
2031-12-24 22:00:00,TRAN-PRV,store_discharge,6.720000000000001,XY,MW
2031-12-25 23:00:00,TRAN-PUB,store_discharge,0.0,XY,MW
2031-12-27 00:00:00,TRAN-PRV,store_discharge,0.0,XY,MW
2031-12-28 01:00:00,TRAN-PUB,store_discharge,0.0,XY,MW
2031-12-29 02:00:00,TRAN-PRV,store_discharge,0.0,XY,MW
2031-12-30 03:00:00,TRAN-PUB,store_discharge,0.0,XY,MW
2031-12-31 04:00:00,TRAN-PRV,store_discharge,0.0,XY,MW
2032-01-01 05:00:00,TRAN-PUB,store_discharge,0.0,XY,MW
2032-01-02 06:00:00,TRAN-PRV,store_discharge,0.0,XY,MW
2032-01-03 07:00:00,TRAN-PUB,store_discharge,0.0,XY,MW
2030-01-01 00:00:00,TRAN-PRV,state_of_charge,240.0,XY,MW
2030-01-02 01:00:00,TRAN-PUB,state_of_charge,0.0,XY,MW
2030-01-03 02:00:00,TRAN-PRV,state_of_charge,240.0,XY,MW
2030-01-04 03:00:00,TRAN-PUB,state_of_charge,0.0,XY,MW
2030-01-05 04:00:00,TRAN-PRV,state_of_charge,0.0,XY,MW
2030-01-06 05:00:00,TRAN-PUB,state_of_charge,0.0,XY,MW
2030-01-07 06:00:00,TRAN-PRV,state_of_charge,0.0,XY,MW
2030-01-08 07:00:00,TRAN-PUB,state_of_charge,0.0,XY,MW
2030-01-09 08:00:00,TRAN-PRV,state_of_charge,0.0,XY,MW
2030-01-10 09:00:00,TRAN-PUB,state_of_charge,0.0,XY,MW
2030-01-11 10:00:00,TRAN-PRV,state_of_charge,0.0,XY,MW
2030-01-12 11:00:00,TRAN-PUB,state_of_charge,0.0,XY,MW
2030-01-13 12:00:00,TRAN-PRV,state_of_charge,240.0,XY,MW
2030-01-14 13:00:00,TRAN-PUB,state_of_charge,60.0,XY,MW
2030-01-15 14:00:00,TRAN-PRV,state_of_charge,0.0,XY,MW
2030-01-16 15:00:00,TRAN-PUB,state_of_charge,0.0,XY,MW
2030-01-17 16:00:00,TRAN-PRV,state_of_charge,0.0,XY,MW
2030-01-18 17:00:00,TRAN-PUB,state_of_charge,0.0,XY,MW
2030-01-19 18:00:00,TRAN-PRV,state_of_charge,0.0,XY,MW
2030-01-20 19:00:00,TRAN-PUB,state_of_charge,0.0,XY,MW
2030-01-21 20:00:00,TRAN-PRV,state_of_charge,0.0,XY,MW
2030-01-22 21:00:00,TRAN-PUB,state_of_charge,0.0,XY,MW
2030-01-23 22:00:00,TRAN-PRV,state_of_charge,0.0,XY,MW
2030-01-24 23:00:00,TRAN-PUB,state_of_charge,0.0,XY,MW
2030-01-26 00:00:00,TRAN-PRV,state_of_charge,0.0,XY,MW
2030-01-27 01:00:00,TRAN-PUB,state_of_charge,0.0,XY,MW
2030-01-28 02:00:00,TRAN-PRV,state_of_charge,0.0,XY,MW
2030-01-29 03:00:00,TRAN-PUB,state_of_charge,0.0,XY,MW
2030-01-30 04:00:00,TRAN-PRV,state_of_charge,0.0,XY,MW
2030-01-31 05:00:00,TRAN-PUB,state_of_charge,0.0,XY,MW
2030-02-01 06:00:00,TRAN-PRV,state_of_charge,0.0,XY,MW
2030-02-02 07:00:00,TRAN-PUB,state_of_charge,0.0,XY,MW
2030-02-03 08:00:00,TRAN-PRV,state_of_charge,0.0,XY,MW
2030-02-04 09:00:00,TRAN-PUB,state_of_charge,0.0,XY,MW
2030-02-05 10:00:00,TRAN-PRV,state_of_charge,0.0,XY,MW
2030-02-06 11:00:00,TRAN-PUB,state_of_charge,0.0,XY,MW
2030-02-07 12:00:00,TRAN-PRV,state_of_charge,0.0,XY,MW
2030-02-08 13:00:00,TRAN-PUB,state_of_charge,0.0,XY,MW
2030-02-09 14:00:00,TRAN-PRV,state_of_charge,0.0,XY,MW
2030-02-10 15:00:00,TRAN-PUB,state_of_charge,0.0,XY,MW
2030-02-11 16:00:00,TRAN-PRV,state_of_charge,0.0,XY,MW
2030-02-12 17:00:00,TRAN-PUB,state_of_charge,0.0,XY,MW
2030-02-13 18:00:00,TRAN-PRV,state_of_charge,0.0,XY,MW
2030-02-14 19:00:00,TRAN-PUB,state_of_charge,0.0,XY,MW
2030-02-15 20:00:00,TRAN-PRV,state_of_charge,0.0,XY,MW
2030-02-16 21:00:00,TRAN-PUB,state_of_charge,0.0,XY,MW
2030-02-17 22:00:00,TRAN-PRV,state_of_charge,0.0,XY,MW
2030-02-18 23:00:00,TRAN-PUB,state_of_charge,0.0,XY,MW
2030-02-20 00:00:00,TRAN-PRV,state_of_charge,0.0,XY,MW
2030-02-21 01:00:00,TRAN-PUB,state_of_charge,0.0,XY,MW
2030-02-22 02:00:00,TRAN-PRV,state_of_charge,0.0,XY,MW
2030-02-23 03:00:00,TRAN-PUB,state_of_charge,0.0,XY,MW
2030-02-24 04:00:00,TRAN-PRV,state_of_charge,240.0,XY,MW
2030-02-25 05:00:00,TRAN-PUB,state_of_charge,0.0,XY,MW
2030-02-26 06:00:00,TRAN-PRV,state_of_charge,0.0,XY,MW
2030-02-27 07:00:00,TRAN-PUB,state_of_charge,0.0,XY,MW
2030-02-28 08:00:00,TRAN-PRV,state_of_charge,0.0,XY,MW
2030-03-01 09:00:00,TRAN-PUB,state_of_charge,0.0,XY,MW
2030-03-02 10:00:00,TRAN-PRV,state_of_charge,0.0,XY,MW
2030-03-03 11:00:00,TRAN-PUB,state_of_charge,0.0,XY,MW
2030-03-04 12:00:00,TRAN-PRV,state_of_charge,180.0,XY,MW
2030-03-05 13:00:00,TRAN-PUB,state_of_charge,60.0,XY,MW
2030-03-06 14:00:00,TRAN-PRV,state_of_charge,0.0,XY,MW
2030-03-07 15:00:00,TRAN-PUB,state_of_charge,0.0,XY,MW
2030-03-08 16:00:00,TRAN-PRV,state_of_charge,0.0,XY,MW
2030-03-09 17:00:00,TRAN-PUB,state_of_charge,0.0,XY,MW
2030-03-10 18:00:00,TRAN-PRV,state_of_charge,168.0,XY,MW
2030-03-11 19:00:00,TRAN-PUB,state_of_charge,0.0,XY,MW
2030-03-12 20:00:00,TRAN-PRV,state_of_charge,0.0,XY,MW
2030-03-13 21:00:00,TRAN-PUB,state_of_charge,0.0,XY,MW
2030-03-14 22:00:00,TRAN-PRV,state_of_charge,0.0,XY,MW
2030-03-15 23:00:00,TRAN-PUB,state_of_charge,0.0,XY,MW
2030-03-17 00:00:00,TRAN-PRV,state_of_charge,0.0,XY,MW
2030-03-18 01:00:00,TRAN-PUB,state_of_charge,0.0,XY,MW
2030-03-19 02:00:00,TRAN-PRV,state_of_charge,0.0,XY,MW
2030-03-20 03:00:00,TRAN-PUB,state_of_charge,0.0,XY,MW
2030-03-21 04:00:00,TRAN-PRV,state_of_charge,0.0,XY,MW
2030-03-22 05:00:00,TRAN-PUB,state_of_charge,0.0,XY,MW
2030-03-23 06:00:00,TRAN-PRV,state_of_charge,0.0,XY,MW
2030-03-24 07:00:00,TRAN-PUB,state_of_charge,0.0,XY,MW
2030-03-25 08:00:00,TRAN-PRV,state_of_charge,0.0,XY,MW
2030-03-26 09:00:00,TRAN-PUB,state_of_charge,0.0,XY,MW
2030-03-27 10:00:00,TRAN-PRV,state_of_charge,0.0,XY,MW
2030-03-28 11:00:00,TRAN-PUB,state_of_charge,0.0,XY,MW
2030-03-29 12:00:00,TRAN-PRV,state_of_charge,0.0,XY,MW
2030-03-30 13:00:00,TRAN-PUB,state_of_charge,0.0,XY,MW
2030-03-31 14:00:00,TRAN-PRV,state_of_charge,0.0,XY,MW
2030-04-01 15:00:00,TRAN-PUB,state_of_charge,0.0,XY,MW
2030-04-02 16:00:00,TRAN-PRV,state_of_charge,0.0,XY,MW
2030-04-03 17:00:00,TRAN-PUB,state_of_charge,0.0,XY,MW
2030-04-04 18:00:00,TRAN-PRV,state_of_charge,0.0,XY,MW
2030-04-05 19:00:00,TRAN-PUB,state_of_charge,0.0,XY,MW
2030-04-06 20:00:00,TRAN-PRV,state_of_charge,0.0,XY,MW
2030-04-07 21:00:00,TRAN-PUB,state_of_charge,0.0,XY,MW
2030-04-08 22:00:00,TRAN-PRV,state_of_charge,108.0,XY,MW
2030-04-09 23:00:00,TRAN-PUB,state_of_charge,0.0,XY,MW
2030-04-11 00:00:00,TRAN-PRV,state_of_charge,0.0,XY,MW
2030-04-12 01:00:00,TRAN-PUB,state_of_charge,0.0,XY,MW
2030-04-13 02:00:00,TRAN-PRV,state_of_charge,0.0,XY,MW
2030-04-14 03:00:00,TRAN-PUB,state_of_charge,0.0,XY,MW
2030-04-15 04:00:00,TRAN-PRV,state_of_charge,0.0,XY,MW
2030-04-16 05:00:00,TRAN-PUB,state_of_charge,0.0,XY,MW
2030-04-17 06:00:00,TRAN-PRV,state_of_charge,0.0,XY,MW
2030-04-18 07:00:00,TRAN-PUB,state_of_charge,0.0,XY,MW
2030-04-19 08:00:00,TRAN-PRV,state_of_charge,0.0,XY,MW
2030-04-20 09:00:00,TRAN-PUB,state_of_charge,0.0,XY,MW
2030-04-21 10:00:00,TRAN-PRV,state_of_charge,240.0,XY,MW
2030-04-22 11:00:00,TRAN-PUB,state_of_charge,0.0,XY,MW
2030-04-23 12:00:00,TRAN-PRV,state_of_charge,180.0,XY,MW
2030-04-24 13:00:00,TRAN-PUB,state_of_charge,60.0,XY,MW
2030-04-25 14:00:00,TRAN-PRV,state_of_charge,0.0,XY,MW
2030-04-26 15:00:00,TRAN-PUB,state_of_charge,0.0,XY,MW
2030-04-27 16:00:00,TRAN-PRV,state_of_charge,0.0,XY,MW
2030-04-28 17:00:00,TRAN-PUB,state_of_charge,0.0,XY,MW
2030-04-29 18:00:00,TRAN-PRV,state_of_charge,0.0,XY,MW
2030-04-30 19:00:00,TRAN-PUB,state_of_charge,0.0,XY,MW
2030-05-01 20:00:00,TRAN-PRV,state_of_charge,0.0,XY,MW
2030-05-02 21:00:00,TRAN-PUB,state_of_charge,0.0,XY,MW
2030-05-03 22:00:00,TRAN-PRV,state_of_charge,0.0,XY,MW
2030-05-04 23:00:00,TRAN-PUB,state_of_charge,0.0,XY,MW
2030-05-06 00:00:00,TRAN-PRV,state_of_charge,0.0,XY,MW
2030-05-07 01:00:00,TRAN-PUB,state_of_charge,0.0,XY,MW
2030-05-08 02:00:00,TRAN-PRV,state_of_charge,0.0,XY,MW
2030-05-09 03:00:00,TRAN-PUB,state_of_charge,0.0,XY,MW
2030-05-10 04:00:00,TRAN-PRV,state_of_charge,0.0,XY,MW
2030-05-11 05:00:00,TRAN-PUB,state_of_charge,0.0,XY,MW
2030-05-12 06:00:00,TRAN-PRV,state_of_charge,0.0,XY,MW
2030-05-13 07:00:00,TRAN-PUB,state_of_charge,0.0,XY,MW
2030-05-14 08:00:00,TRAN-PRV,state_of_charge,0.0,XY,MW
2030-05-15 09:00:00,TRAN-PUB,state_of_charge,0.0,XY,MW
2030-05-16 10:00:00,TRAN-PRV,state_of_charge,0.0,XY,MW
2030-05-17 11:00:00,TRAN-PUB,state_of_charge,0.0,XY,MW
2030-05-18 12:00:00,TRAN-PRV,state_of_charge,0.0,XY,MW
2030-05-19 13:00:00,TRAN-PUB,state_of_charge,0.0,XY,MW
2030-05-20 14:00:00,TRAN-PRV,state_of_charge,0.0,XY,MW
2030-05-21 15:00:00,TRAN-PUB,state_of_charge,0.0,XY,MW
2030-05-22 16:00:00,TRAN-PRV,state_of_charge,0.0,XY,MW
2030-05-23 17:00:00,TRAN-PUB,state_of_charge,0.0,XY,MW
2030-05-24 18:00:00,TRAN-PRV,state_of_charge,0.0,XY,MW
2030-05-25 19:00:00,TRAN-PUB,state_of_charge,0.0,XY,MW
2030-05-26 20:00:00,TRAN-PRV,state_of_charge,0.0,XY,MW
2030-05-27 21:00:00,TRAN-PUB,state_of_charge,0.0,XY,MW
2030-05-28 22:00:00,TRAN-PRV,state_of_charge,0.0,XY,MW
2030-05-29 23:00:00,TRAN-PUB,state_of_charge,0.0,XY,MW
2030-05-31 00:00:00,TRAN-PRV,state_of_charge,0.0,XY,MW
2030-06-01 01:00:00,TRAN-PUB,state_of_charge,0.0,XY,MW
2030-06-02 02:00:00,TRAN-PRV,state_of_charge,168.0,XY,MW
2030-06-03 03:00:00,TRAN-PUB,state_of_charge,0.0,XY,MW
2030-06-04 04:00:00,TRAN-PRV,state_of_charge,108.0,XY,MW
2030-06-05 05:00:00,TRAN-PUB,state_of_charge,0.0,XY,MW
2030-06-06 06:00:00,TRAN-PRV,state_of_charge,0.0,XY,MW
2030-06-07 07:00:00,TRAN-PUB,state_of_charge,0.0,XY,MW
2030-06-08 08:00:00,TRAN-PRV,state_of_charge,0.0,XY,MW
2030-06-09 09:00:00,TRAN-PUB,state_of_charge,0.0,XY,MW
2030-06-10 10:00:00,TRAN-PRV,state_of_charge,0.0,XY,MW
2030-06-11 11:00:00,TRAN-PUB,state_of_charge,0.0,XY,MW
2030-06-12 12:00:00,TRAN-PRV,state_of_charge,180.0,XY,MW
2030-06-13 13:00:00,TRAN-PUB,state_of_charge,60.0,XY,MW
2030-06-14 14:00:00,TRAN-PRV,state_of_charge,0.0,XY,MW
2030-06-15 15:00:00,TRAN-PUB,state_of_charge,0.0,XY,MW
2030-06-16 16:00:00,TRAN-PRV,state_of_charge,168.0,XY,MW
2030-06-17 17:00:00,TRAN-PUB,state_of_charge,0.0,XY,MW
2030-06-18 18:00:00,TRAN-PRV,state_of_charge,0.0,XY,MW
2030-06-19 19:00:00,TRAN-PUB,state_of_charge,0.0,XY,MW
2030-06-20 20:00:00,TRAN-PRV,state_of_charge,0.0,XY,MW
2030-06-21 21:00:00,TRAN-PUB,state_of_charge,0.0,XY,MW
2030-06-22 22:00:00,TRAN-PRV,state_of_charge,0.0,XY,MW
2030-06-23 23:00:00,TRAN-PUB,state_of_charge,0.0,XY,MW
2030-06-25 00:00:00,TRAN-PRV,state_of_charge,0.0,XY,MW
2030-06-26 01:00:00,TRAN-PUB,state_of_charge,0.0,XY,MW
2030-06-27 02:00:00,TRAN-PRV,state_of_charge,0.0,XY,MW
2030-06-28 03:00:00,TRAN-PUB,state_of_charge,0.0,XY,MW
2030-06-29 04:00:00,TRAN-PRV,state_of_charge,0.0,XY,MW
2030-06-30 05:00:00,TRAN-PUB,state_of_charge,0.0,XY,MW
2030-07-01 06:00:00,TRAN-PRV,state_of_charge,0.0,XY,MW
2030-07-02 07:00:00,TRAN-PUB,state_of_charge,0.0,XY,MW
2030-07-03 08:00:00,TRAN-PRV,state_of_charge,0.0,XY,MW
2030-07-04 09:00:00,TRAN-PUB,state_of_charge,0.0,XY,MW
2030-07-05 10:00:00,TRAN-PRV,state_of_charge,0.0,XY,MW
2030-07-06 11:00:00,TRAN-PUB,state_of_charge,0.0,XY,MW
2030-07-07 12:00:00,TRAN-PRV,state_of_charge,0.0,XY,MW
2030-07-08 13:00:00,TRAN-PUB,state_of_charge,0.0,XY,MW
2030-07-09 14:00:00,TRAN-PRV,state_of_charge,0.0,XY,MW
2030-07-10 15:00:00,TRAN-PUB,state_of_charge,0.0,XY,MW
2030-07-11 16:00:00,TRAN-PRV,state_of_charge,0.0,XY,MW
2030-07-12 17:00:00,TRAN-PUB,state_of_charge,0.0,XY,MW
2030-07-13 18:00:00,TRAN-PRV,state_of_charge,0.0,XY,MW
2030-07-14 19:00:00,TRAN-PUB,state_of_charge,0.0,XY,MW
2030-07-15 20:00:00,TRAN-PRV,state_of_charge,0.0,XY,MW
2030-07-16 21:00:00,TRAN-PUB,state_of_charge,0.0,XY,MW
2030-07-17 22:00:00,TRAN-PRV,state_of_charge,0.0,XY,MW
2030-07-18 23:00:00,TRAN-PUB,state_of_charge,0.0,XY,MW
2030-07-20 00:00:00,TRAN-PRV,state_of_charge,0.0,XY,MW
2030-07-21 01:00:00,TRAN-PUB,state_of_charge,0.0,XY,MW
2030-07-22 02:00:00,TRAN-PRV,state_of_charge,0.0,XY,MW
2030-07-23 03:00:00,TRAN-PUB,state_of_charge,0.0,XY,MW
2030-07-24 04:00:00,TRAN-PRV,state_of_charge,0.0,XY,MW
2030-07-25 05:00:00,TRAN-PUB,state_of_charge,0.0,XY,MW
2030-07-26 06:00:00,TRAN-PRV,state_of_charge,0.0,XY,MW
2030-07-27 07:00:00,TRAN-PUB,state_of_charge,0.0,XY,MW
2030-07-28 08:00:00,TRAN-PRV,state_of_charge,240.0,XY,MW
2030-07-29 09:00:00,TRAN-PUB,state_of_charge,0.0,XY,MW
2030-07-30 10:00:00,TRAN-PRV,state_of_charge,180.0,XY,MW
2030-07-31 11:00:00,TRAN-PUB,state_of_charge,60.0,XY,MW
2030-08-01 12:00:00,TRAN-PRV,state_of_charge,0.0,XY,MW
2030-08-02 13:00:00,TRAN-PUB,state_of_charge,0.0,XY,MW
2030-08-03 14:00:00,TRAN-PRV,state_of_charge,0.0,XY,MW
2030-08-04 15:00:00,TRAN-PUB,state_of_charge,0.0,XY,MW
2030-08-05 16:00:00,TRAN-PRV,state_of_charge,0.0,XY,MW
2030-08-06 17:00:00,TRAN-PUB,state_of_charge,0.0,XY,MW
2030-08-07 18:00:00,TRAN-PRV,state_of_charge,0.0,XY,MW
2030-08-08 19:00:00,TRAN-PUB,state_of_charge,0.0,XY,MW
2030-08-09 20:00:00,TRAN-PRV,state_of_charge,0.0,XY,MW
2030-08-10 21:00:00,TRAN-PUB,state_of_charge,0.0,XY,MW
2030-08-11 22:00:00,TRAN-PRV,state_of_charge,0.0,XY,MW
2030-08-12 23:00:00,TRAN-PUB,state_of_charge,0.0,XY,MW
2030-08-14 00:00:00,TRAN-PRV,state_of_charge,0.0,XY,MW
2030-08-15 01:00:00,TRAN-PUB,state_of_charge,0.0,XY,MW
2030-08-16 02:00:00,TRAN-PRV,state_of_charge,0.0,XY,MW
2030-08-17 03:00:00,TRAN-PUB,state_of_charge,0.0,XY,MW
2030-08-18 04:00:00,TRAN-PRV,state_of_charge,0.0,XY,MW
2030-08-19 05:00:00,TRAN-PUB,state_of_charge,0.0,XY,MW
2030-08-20 06:00:00,TRAN-PRV,state_of_charge,0.0,XY,MW
2030-08-21 07:00:00,TRAN-PUB,state_of_charge,0.0,XY,MW
2030-08-22 08:00:00,TRAN-PRV,state_of_charge,0.0,XY,MW
2030-08-23 09:00:00,TRAN-PUB,state_of_charge,0.0,XY,MW
2030-08-24 10:00:00,TRAN-PRV,state_of_charge,0.0,XY,MW
2030-08-25 11:00:00,TRAN-PUB,state_of_charge,0.0,XY,MW
2030-08-26 12:00:00,TRAN-PRV,state_of_charge,0.0,XY,MW
2030-08-27 13:00:00,TRAN-PUB,state_of_charge,0.0,XY,MW
2030-08-28 14:00:00,TRAN-PRV,state_of_charge,0.0,XY,MW
2030-08-29 15:00:00,TRAN-PUB,state_of_charge,0.0,XY,MW
2030-08-30 16:00:00,TRAN-PRV,state_of_charge,0.0,XY,MW
2030-08-31 17:00:00,TRAN-PUB,state_of_charge,0.0,XY,MW
2030-09-01 18:00:00,TRAN-PRV,state_of_charge,0.0,XY,MW
2030-09-02 19:00:00,TRAN-PUB,state_of_charge,0.0,XY,MW
2030-09-03 20:00:00,TRAN-PRV,state_of_charge,0.0,XY,MW
2030-09-04 21:00:00,TRAN-PUB,state_of_charge,0.0,XY,MW
2030-09-05 22:00:00,TRAN-PRV,state_of_charge,0.0,XY,MW
2030-09-06 23:00:00,TRAN-PUB,state_of_charge,0.0,XY,MW
2030-09-08 00:00:00,TRAN-PRV,state_of_charge,0.0,XY,MW
2030-09-09 01:00:00,TRAN-PUB,state_of_charge,0.0,XY,MW
2030-09-10 02:00:00,TRAN-PRV,state_of_charge,108.0,XY,MW
2030-09-11 03:00:00,TRAN-PUB,state_of_charge,0.0,XY,MW
2030-09-12 04:00:00,TRAN-PRV,state_of_charge,0.0,XY,MW
2030-09-13 05:00:00,TRAN-PUB,state_of_charge,0.0,XY,MW
2030-09-14 06:00:00,TRAN-PRV,state_of_charge,0.0,XY,MW
2030-09-15 07:00:00,TRAN-PUB,state_of_charge,0.0,XY,MW
2030-09-16 08:00:00,TRAN-PRV,state_of_charge,0.0,XY,MW
2030-09-17 09:00:00,TRAN-PUB,state_of_charge,0.0,XY,MW
2030-09-18 10:00:00,TRAN-PRV,state_of_charge,180.0,XY,MW
2030-09-19 11:00:00,TRAN-PUB,state_of_charge,60.0,XY,MW
2030-09-20 12:00:00,TRAN-PRV,state_of_charge,0.0,XY,MW
2030-09-21 13:00:00,TRAN-PUB,state_of_charge,0.0,XY,MW
2030-09-22 14:00:00,TRAN-PRV,state_of_charge,240.0,XY,MW
2030-09-23 15:00:00,TRAN-PUB,state_of_charge,0.0,XY,MW
2030-09-24 16:00:00,TRAN-PRV,state_of_charge,0.0,XY,MW
2030-09-25 17:00:00,TRAN-PUB,state_of_charge,0.0,XY,MW
2030-09-26 18:00:00,TRAN-PRV,state_of_charge,0.0,XY,MW
2030-09-27 19:00:00,TRAN-PUB,state_of_charge,0.0,XY,MW
2030-09-28 20:00:00,TRAN-PRV,state_of_charge,0.0,XY,MW
2030-09-29 21:00:00,TRAN-PUB,state_of_charge,0.0,XY,MW
2030-09-30 22:00:00,TRAN-PRV,state_of_charge,0.0,XY,MW
2030-10-01 23:00:00,TRAN-PUB,state_of_charge,0.0,XY,MW
2030-10-03 00:00:00,TRAN-PRV,state_of_charge,0.0,XY,MW
2030-10-04 01:00:00,TRAN-PUB,state_of_charge,0.0,XY,MW
2030-10-05 02:00:00,TRAN-PRV,state_of_charge,0.0,XY,MW
2030-10-06 03:00:00,TRAN-PUB,state_of_charge,0.0,XY,MW
2030-10-07 04:00:00,TRAN-PRV,state_of_charge,0.0,XY,MW
2030-10-08 05:00:00,TRAN-PUB,state_of_charge,0.0,XY,MW
2030-10-09 06:00:00,TRAN-PRV,state_of_charge,0.0,XY,MW
2030-10-10 07:00:00,TRAN-PUB,state_of_charge,0.0,XY,MW
2030-10-11 08:00:00,TRAN-PRV,state_of_charge,0.0,XY,MW
2030-10-12 09:00:00,TRAN-PUB,state_of_charge,0.0,XY,MW
2030-10-13 10:00:00,TRAN-PRV,state_of_charge,0.0,XY,MW
2030-10-14 11:00:00,TRAN-PUB,state_of_charge,0.0,XY,MW
2030-10-15 12:00:00,TRAN-PRV,state_of_charge,0.0,XY,MW
2030-10-16 13:00:00,TRAN-PUB,state_of_charge,0.0,XY,MW
2030-10-17 14:00:00,TRAN-PRV,state_of_charge,0.0,XY,MW
2030-10-18 15:00:00,TRAN-PUB,state_of_charge,0.0,XY,MW
2030-10-19 16:00:00,TRAN-PRV,state_of_charge,0.0,XY,MW
2030-10-20 17:00:00,TRAN-PUB,state_of_charge,0.0,XY,MW
2030-10-21 18:00:00,TRAN-PRV,state_of_charge,0.0,XY,MW
2030-10-22 19:00:00,TRAN-PUB,state_of_charge,0.0,XY,MW
2030-10-23 20:00:00,TRAN-PRV,state_of_charge,0.0,XY,MW
2030-10-24 21:00:00,TRAN-PUB,state_of_charge,0.0,XY,MW
2030-10-25 22:00:00,TRAN-PRV,state_of_charge,0.0,XY,MW
2030-10-26 23:00:00,TRAN-PUB,state_of_charge,0.0,XY,MW
2030-10-28 00:00:00,TRAN-PRV,state_of_charge,0.0,XY,MW
2030-10-29 01:00:00,TRAN-PUB,state_of_charge,0.0,XY,MW
2030-10-30 02:00:00,TRAN-PRV,state_of_charge,0.0,XY,MW
2030-10-31 03:00:00,TRAN-PUB,state_of_charge,0.0,XY,MW
2030-11-01 04:00:00,TRAN-PRV,state_of_charge,0.0,XY,MW
2030-11-02 05:00:00,TRAN-PUB,state_of_charge,0.0,XY,MW
2030-11-03 06:00:00,TRAN-PRV,state_of_charge,240.0,XY,MW
2030-11-04 07:00:00,TRAN-PUB,state_of_charge,0.0,XY,MW
2030-11-05 08:00:00,TRAN-PRV,state_of_charge,0.0,XY,MW
2030-11-06 09:00:00,TRAN-PUB,state_of_charge,0.0,XY,MW
2030-11-07 10:00:00,TRAN-PRV,state_of_charge,180.0,XY,MW
2030-11-08 11:00:00,TRAN-PUB,state_of_charge,60.0,XY,MW
2030-11-09 12:00:00,TRAN-PRV,state_of_charge,0.0,XY,MW
2030-11-10 13:00:00,TRAN-PUB,state_of_charge,0.0,XY,MW
2030-11-11 14:00:00,TRAN-PRV,state_of_charge,0.0,XY,MW
2030-11-12 15:00:00,TRAN-PUB,state_of_charge,0.0,XY,MW
2030-11-13 16:00:00,TRAN-PRV,state_of_charge,0.0,XY,MW
2030-11-14 17:00:00,TRAN-PUB,state_of_charge,0.0,XY,MW
2030-11-15 18:00:00,TRAN-PRV,state_of_charge,0.0,XY,MW
2030-11-16 19:00:00,TRAN-PUB,state_of_charge,0.0,XY,MW
2030-11-17 20:00:00,TRAN-PRV,state_of_charge,0.0,XY,MW
2030-11-18 21:00:00,TRAN-PUB,state_of_charge,0.0,XY,MW
2030-11-19 22:00:00,TRAN-PRV,state_of_charge,0.0,XY,MW
2030-11-20 23:00:00,TRAN-PUB,state_of_charge,0.0,XY,MW
2030-11-22 00:00:00,TRAN-PRV,state_of_charge,0.0,XY,MW
2030-11-23 01:00:00,TRAN-PUB,state_of_charge,0.0,XY,MW
2030-11-24 02:00:00,TRAN-PRV,state_of_charge,0.0,XY,MW
2030-11-25 03:00:00,TRAN-PUB,state_of_charge,0.0,XY,MW
2030-11-26 04:00:00,TRAN-PRV,state_of_charge,0.0,XY,MW
2030-11-27 05:00:00,TRAN-PUB,state_of_charge,0.0,XY,MW
2030-11-28 06:00:00,TRAN-PRV,state_of_charge,0.0,XY,MW
2030-11-29 07:00:00,TRAN-PUB,state_of_charge,0.0,XY,MW
2030-11-30 08:00:00,TRAN-PRV,state_of_charge,0.0,XY,MW
2030-12-01 09:00:00,TRAN-PUB,state_of_charge,0.0,XY,MW
2030-12-02 10:00:00,TRAN-PRV,state_of_charge,0.0,XY,MW
2030-12-03 11:00:00,TRAN-PUB,state_of_charge,0.0,XY,MW
2030-12-04 12:00:00,TRAN-PRV,state_of_charge,0.0,XY,MW
2030-12-05 13:00:00,TRAN-PUB,state_of_charge,0.0,XY,MW
2030-12-06 14:00:00,TRAN-PRV,state_of_charge,0.0,XY,MW
2030-12-07 15:00:00,TRAN-PUB,state_of_charge,0.0,XY,MW
2030-12-08 16:00:00,TRAN-PRV,state_of_charge,0.0,XY,MW
2030-12-09 17:00:00,TRAN-PUB,state_of_charge,0.0,XY,MW
2030-12-10 18:00:00,TRAN-PRV,state_of_charge,0.0,XY,MW
2030-12-11 19:00:00,TRAN-PUB,state_of_charge,0.0,XY,MW
2030-12-12 20:00:00,TRAN-PRV,state_of_charge,0.0,XY,MW
2030-12-13 21:00:00,TRAN-PUB,state_of_charge,0.0,XY,MW
2030-12-14 22:00:00,TRAN-PRV,state_of_charge,0.0,XY,MW
2030-12-15 23:00:00,TRAN-PUB,state_of_charge,0.0,XY,MW
2030-12-17 00:00:00,TRAN-PRV,state_of_charge,108.0,XY,MW
2030-12-18 01:00:00,TRAN-PUB,state_of_charge,0.0,XY,MW
2030-12-19 02:00:00,TRAN-PRV,state_of_charge,0.0,XY,MW
2030-12-20 03:00:00,TRAN-PUB,state_of_charge,0.0,XY,MW
2030-12-21 04:00:00,TRAN-PRV,state_of_charge,0.0,XY,MW
2030-12-22 05:00:00,TRAN-PUB,state_of_charge,0.0,XY,MW
2030-12-23 06:00:00,TRAN-PRV,state_of_charge,0.0,XY,MW
2030-12-24 07:00:00,TRAN-PUB,state_of_charge,0.0,XY,MW
2030-12-25 08:00:00,TRAN-PRV,state_of_charge,0.0,XY,MW
2030-12-26 09:00:00,TRAN-PUB,state_of_charge,0.0,XY,MW
2030-12-27 10:00:00,TRAN-PRV,state_of_charge,0.0,XY,MW
2030-12-28 11:00:00,TRAN-PUB,state_of_charge,0.0,XY,MW
2030-12-29 12:00:00,TRAN-PRV,state_of_charge,180.0,XY,MW
2030-12-30 13:00:00,TRAN-PUB,state_of_charge,60.0,XY,MW
2030-12-31 14:00:00,TRAN-PRV,state_of_charge,240.0,XY,MW
2031-01-01 15:00:00,TRAN-PUB,state_of_charge,0.0,XY,MW
2031-01-02 16:00:00,TRAN-PRV,state_of_charge,0.0,XY,MW
2031-01-03 17:00:00,TRAN-PUB,state_of_charge,0.0,XY,MW
2031-01-04 18:00:00,TRAN-PRV,state_of_charge,0.0,XY,MW
2031-01-05 19:00:00,TRAN-PUB,state_of_charge,0.0,XY,MW
2031-01-06 20:00:00,TRAN-PRV,state_of_charge,0.0,XY,MW
2031-01-07 21:00:00,TRAN-PUB,state_of_charge,0.0,XY,MW
2031-01-08 22:00:00,TRAN-PRV,state_of_charge,0.0,XY,MW
2031-01-09 23:00:00,TRAN-PUB,state_of_charge,0.0,XY,MW
2031-01-11 00:00:00,TRAN-PRV,state_of_charge,0.0,XY,MW
2031-01-12 01:00:00,TRAN-PUB,state_of_charge,0.0,XY,MW
2031-01-13 02:00:00,TRAN-PRV,state_of_charge,0.0,XY,MW
2031-01-14 03:00:00,TRAN-PUB,state_of_charge,0.0,XY,MW
2031-01-15 04:00:00,TRAN-PRV,state_of_charge,0.0,XY,MW
2031-01-16 05:00:00,TRAN-PUB,state_of_charge,0.0,XY,MW
2031-01-17 06:00:00,TRAN-PRV,state_of_charge,0.0,XY,MW
2031-01-18 07:00:00,TRAN-PUB,state_of_charge,0.0,XY,MW
2031-01-19 08:00:00,TRAN-PRV,state_of_charge,0.0,XY,MW
2031-01-20 09:00:00,TRAN-PUB,state_of_charge,0.0,XY,MW
2031-01-21 10:00:00,TRAN-PRV,state_of_charge,0.0,XY,MW
2031-01-22 11:00:00,TRAN-PUB,state_of_charge,0.0,XY,MW
2031-01-23 12:00:00,TRAN-PRV,state_of_charge,0.0,XY,MW
2031-01-24 13:00:00,TRAN-PUB,state_of_charge,0.0,XY,MW
2031-01-25 14:00:00,TRAN-PRV,state_of_charge,0.0,XY,MW
2031-01-26 15:00:00,TRAN-PUB,state_of_charge,0.0,XY,MW
2031-01-27 16:00:00,TRAN-PRV,state_of_charge,0.0,XY,MW
2031-01-28 17:00:00,TRAN-PUB,state_of_charge,0.0,XY,MW
2031-01-29 18:00:00,TRAN-PRV,state_of_charge,0.0,XY,MW
2031-01-30 19:00:00,TRAN-PUB,state_of_charge,0.0,XY,MW
2031-01-31 20:00:00,TRAN-PRV,state_of_charge,0.0,XY,MW
2031-02-01 21:00:00,TRAN-PUB,state_of_charge,0.0,XY,MW
2031-02-02 22:00:00,TRAN-PRV,state_of_charge,0.0,XY,MW
2031-02-03 23:00:00,TRAN-PUB,state_of_charge,0.0,XY,MW
2031-02-05 00:00:00,TRAN-PRV,state_of_charge,0.0,XY,MW
2031-02-06 01:00:00,TRAN-PUB,state_of_charge,0.0,XY,MW
2031-02-07 02:00:00,TRAN-PRV,state_of_charge,0.0,XY,MW
2031-02-08 03:00:00,TRAN-PUB,state_of_charge,0.0,XY,MW
2031-02-09 04:00:00,TRAN-PRV,state_of_charge,0.0,XY,MW
2031-02-10 05:00:00,TRAN-PUB,state_of_charge,0.0,XY,MW
2031-02-11 06:00:00,TRAN-PRV,state_of_charge,168.0,XY,MW
2031-02-12 07:00:00,TRAN-PUB,state_of_charge,0.0,XY,MW
2031-02-13 08:00:00,TRAN-PRV,state_of_charge,0.0,XY,MW
2031-02-14 09:00:00,TRAN-PUB,state_of_charge,0.0,XY,MW
2031-02-15 10:00:00,TRAN-PRV,state_of_charge,0.0,XY,MW
2031-02-16 11:00:00,TRAN-PUB,state_of_charge,0.0,XY,MW
2031-02-17 12:00:00,TRAN-PRV,state_of_charge,180.0,XY,MW
2031-02-18 13:00:00,TRAN-PUB,state_of_charge,60.0,XY,MW
2031-02-19 14:00:00,TRAN-PRV,state_of_charge,0.0,XY,MW
2031-02-20 15:00:00,TRAN-PUB,state_of_charge,0.0,XY,MW
2031-02-21 16:00:00,TRAN-PRV,state_of_charge,0.0,XY,MW
2031-02-22 17:00:00,TRAN-PUB,state_of_charge,0.0,XY,MW
2031-02-23 18:00:00,TRAN-PRV,state_of_charge,0.0,XY,MW
2031-02-24 19:00:00,TRAN-PUB,state_of_charge,0.0,XY,MW
2031-02-25 20:00:00,TRAN-PRV,state_of_charge,0.0,XY,MW
2031-02-26 21:00:00,TRAN-PUB,state_of_charge,0.0,XY,MW
2031-02-27 22:00:00,TRAN-PRV,state_of_charge,0.0,XY,MW
2031-02-28 23:00:00,TRAN-PUB,state_of_charge,0.0,XY,MW
2031-03-02 00:00:00,TRAN-PRV,state_of_charge,0.0,XY,MW
2031-03-03 01:00:00,TRAN-PUB,state_of_charge,0.0,XY,MW
2031-03-04 02:00:00,TRAN-PRV,state_of_charge,0.0,XY,MW
2031-03-05 03:00:00,TRAN-PUB,state_of_charge,0.0,XY,MW
2031-03-06 04:00:00,TRAN-PRV,state_of_charge,0.0,XY,MW
2031-03-07 05:00:00,TRAN-PUB,state_of_charge,0.0,XY,MW
2031-03-08 06:00:00,TRAN-PRV,state_of_charge,0.0,XY,MW
2031-03-09 07:00:00,TRAN-PUB,state_of_charge,0.0,XY,MW
2031-03-10 08:00:00,TRAN-PRV,state_of_charge,0.0,XY,MW
2031-03-11 09:00:00,TRAN-PUB,state_of_charge,0.0,XY,MW
2031-03-12 10:00:00,TRAN-PRV,state_of_charge,0.0,XY,MW
2031-03-13 11:00:00,TRAN-PUB,state_of_charge,0.0,XY,MW
2031-03-14 12:00:00,TRAN-PRV,state_of_charge,0.0,XY,MW
2031-03-15 13:00:00,TRAN-PUB,state_of_charge,0.0,XY,MW
2031-03-16 14:00:00,TRAN-PRV,state_of_charge,0.0,XY,MW
2031-03-17 15:00:00,TRAN-PUB,state_of_charge,0.0,XY,MW
2031-03-18 16:00:00,TRAN-PRV,state_of_charge,0.0,XY,MW
2031-03-19 17:00:00,TRAN-PUB,state_of_charge,0.0,XY,MW
2031-03-20 18:00:00,TRAN-PRV,state_of_charge,0.0,XY,MW
2031-03-21 19:00:00,TRAN-PUB,state_of_charge,0.0,XY,MW
2031-03-22 20:00:00,TRAN-PRV,state_of_charge,0.0,XY,MW
2031-03-23 21:00:00,TRAN-PUB,state_of_charge,0.0,XY,MW
2031-03-24 22:00:00,TRAN-PRV,state_of_charge,0.0,XY,MW
2031-03-25 23:00:00,TRAN-PUB,state_of_charge,0.0,XY,MW
2031-03-27 00:00:00,TRAN-PRV,state_of_charge,0.0,XY,MW
2031-03-28 01:00:00,TRAN-PUB,state_of_charge,0.0,XY,MW
2031-03-29 02:00:00,TRAN-PRV,state_of_charge,0.0,XY,MW
2031-03-30 03:00:00,TRAN-PUB,state_of_charge,0.0,XY,MW
2031-03-31 04:00:00,TRAN-PRV,state_of_charge,0.0,XY,MW
2031-04-01 05:00:00,TRAN-PUB,state_of_charge,0.0,XY,MW
2031-04-02 06:00:00,TRAN-PRV,state_of_charge,0.0,XY,MW
2031-04-03 07:00:00,TRAN-PUB,state_of_charge,0.0,XY,MW
2031-04-04 08:00:00,TRAN-PRV,state_of_charge,0.0,XY,MW
2031-04-05 09:00:00,TRAN-PUB,state_of_charge,0.0,XY,MW
2031-04-06 10:00:00,TRAN-PRV,state_of_charge,0.0,XY,MW
2031-04-07 11:00:00,TRAN-PUB,state_of_charge,0.0,XY,MW
2031-04-08 12:00:00,TRAN-PRV,state_of_charge,240.0,XY,MW
2031-04-09 13:00:00,TRAN-PUB,state_of_charge,60.0,XY,MW
2031-04-10 14:00:00,TRAN-PRV,state_of_charge,0.0,XY,MW
2031-04-11 15:00:00,TRAN-PUB,state_of_charge,0.0,XY,MW
2031-04-12 16:00:00,TRAN-PRV,state_of_charge,0.0,XY,MW
2031-04-13 17:00:00,TRAN-PUB,state_of_charge,0.0,XY,MW
2031-04-14 18:00:00,TRAN-PRV,state_of_charge,0.0,XY,MW
2031-04-15 19:00:00,TRAN-PUB,state_of_charge,0.0,XY,MW
2031-04-16 20:00:00,TRAN-PRV,state_of_charge,0.0,XY,MW
2031-04-17 21:00:00,TRAN-PUB,state_of_charge,0.0,XY,MW
2031-04-18 22:00:00,TRAN-PRV,state_of_charge,0.0,XY,MW
2031-04-19 23:00:00,TRAN-PUB,state_of_charge,0.0,XY,MW
2031-04-21 00:00:00,TRAN-PRV,state_of_charge,0.0,XY,MW
2031-04-22 01:00:00,TRAN-PUB,state_of_charge,0.0,XY,MW
2031-04-23 02:00:00,TRAN-PRV,state_of_charge,0.0,XY,MW
2031-04-24 03:00:00,TRAN-PUB,state_of_charge,0.0,XY,MW
2031-04-25 04:00:00,TRAN-PRV,state_of_charge,0.0,XY,MW
2031-04-26 05:00:00,TRAN-PUB,state_of_charge,0.0,XY,MW
2031-04-27 06:00:00,TRAN-PRV,state_of_charge,0.0,XY,MW
2031-04-28 07:00:00,TRAN-PUB,state_of_charge,0.0,XY,MW
2031-04-29 08:00:00,TRAN-PRV,state_of_charge,0.0,XY,MW
2031-04-30 09:00:00,TRAN-PUB,state_of_charge,0.0,XY,MW
2031-05-01 10:00:00,TRAN-PRV,state_of_charge,0.0,XY,MW
2031-05-02 11:00:00,TRAN-PUB,state_of_charge,0.0,XY,MW
2031-05-03 12:00:00,TRAN-PRV,state_of_charge,0.0,XY,MW
2031-05-04 13:00:00,TRAN-PUB,state_of_charge,0.0,XY,MW
2031-05-05 14:00:00,TRAN-PRV,state_of_charge,0.0,XY,MW
2031-05-06 15:00:00,TRAN-PUB,state_of_charge,0.0,XY,MW
2031-05-07 16:00:00,TRAN-PRV,state_of_charge,0.0,XY,MW
2031-05-08 17:00:00,TRAN-PUB,state_of_charge,0.0,XY,MW
2031-05-09 18:00:00,TRAN-PRV,state_of_charge,0.0,XY,MW
2031-05-10 19:00:00,TRAN-PUB,state_of_charge,0.0,XY,MW
2031-05-11 20:00:00,TRAN-PRV,state_of_charge,0.0,XY,MW
2031-05-12 21:00:00,TRAN-PUB,state_of_charge,0.0,XY,MW
2031-05-13 22:00:00,TRAN-PRV,state_of_charge,0.0,XY,MW
2031-05-14 23:00:00,TRAN-PUB,state_of_charge,0.0,XY,MW
2031-05-16 00:00:00,TRAN-PRV,state_of_charge,0.0,XY,MW
2031-05-17 01:00:00,TRAN-PUB,state_of_charge,0.0,XY,MW
2031-05-18 02:00:00,TRAN-PRV,state_of_charge,0.0,XY,MW
2031-05-19 03:00:00,TRAN-PUB,state_of_charge,0.0,XY,MW
2031-05-20 04:00:00,TRAN-PRV,state_of_charge,168.0,XY,MW
2031-05-21 05:00:00,TRAN-PUB,state_of_charge,0.0,XY,MW
2031-05-22 06:00:00,TRAN-PRV,state_of_charge,108.0,XY,MW
2031-05-23 07:00:00,TRAN-PUB,state_of_charge,0.0,XY,MW
2031-05-24 08:00:00,TRAN-PRV,state_of_charge,0.0,XY,MW
2031-05-25 09:00:00,TRAN-PUB,state_of_charge,0.0,XY,MW
2031-05-26 10:00:00,TRAN-PRV,state_of_charge,0.0,XY,MW
2031-05-27 11:00:00,TRAN-PUB,state_of_charge,0.0,XY,MW
2031-05-28 12:00:00,TRAN-PRV,state_of_charge,180.0,XY,MW
2031-05-29 13:00:00,TRAN-PUB,state_of_charge,60.0,XY,MW
2031-05-30 14:00:00,TRAN-PRV,state_of_charge,0.0,XY,MW
2031-05-31 15:00:00,TRAN-PUB,state_of_charge,0.0,XY,MW
2031-06-01 16:00:00,TRAN-PRV,state_of_charge,0.0,XY,MW
2031-06-02 17:00:00,TRAN-PUB,state_of_charge,0.0,XY,MW
2031-06-03 18:00:00,TRAN-PRV,state_of_charge,168.0,XY,MW
2031-06-04 19:00:00,TRAN-PUB,state_of_charge,0.0,XY,MW
2031-06-05 20:00:00,TRAN-PRV,state_of_charge,0.0,XY,MW
2031-06-06 21:00:00,TRAN-PUB,state_of_charge,0.0,XY,MW
2031-06-07 22:00:00,TRAN-PRV,state_of_charge,0.0,XY,MW
2031-06-08 23:00:00,TRAN-PUB,state_of_charge,0.0,XY,MW
2031-06-10 00:00:00,TRAN-PRV,state_of_charge,0.0,XY,MW
2031-06-11 01:00:00,TRAN-PUB,state_of_charge,0.0,XY,MW
2031-06-12 02:00:00,TRAN-PRV,state_of_charge,0.0,XY,MW
2031-06-13 03:00:00,TRAN-PUB,state_of_charge,0.0,XY,MW
2031-06-14 04:00:00,TRAN-PRV,state_of_charge,0.0,XY,MW
2031-06-15 05:00:00,TRAN-PUB,state_of_charge,0.0,XY,MW
2031-06-16 06:00:00,TRAN-PRV,state_of_charge,0.0,XY,MW
2031-06-17 07:00:00,TRAN-PUB,state_of_charge,0.0,XY,MW
2031-06-18 08:00:00,TRAN-PRV,state_of_charge,0.0,XY,MW
2031-06-19 09:00:00,TRAN-PUB,state_of_charge,0.0,XY,MW
2031-06-20 10:00:00,TRAN-PRV,state_of_charge,0.0,XY,MW
2031-06-21 11:00:00,TRAN-PUB,state_of_charge,0.0,XY,MW
2031-06-22 12:00:00,TRAN-PRV,state_of_charge,0.0,XY,MW
2031-06-23 13:00:00,TRAN-PUB,state_of_charge,0.0,XY,MW
2031-06-24 14:00:00,TRAN-PRV,state_of_charge,0.0,XY,MW
2031-06-25 15:00:00,TRAN-PUB,state_of_charge,0.0,XY,MW
2031-06-26 16:00:00,TRAN-PRV,state_of_charge,0.0,XY,MW
2031-06-27 17:00:00,TRAN-PUB,state_of_charge,0.0,XY,MW
2031-06-28 18:00:00,TRAN-PRV,state_of_charge,0.0,XY,MW
2031-06-29 19:00:00,TRAN-PUB,state_of_charge,0.0,XY,MW
2031-06-30 20:00:00,TRAN-PRV,state_of_charge,0.0,XY,MW
2031-07-01 21:00:00,TRAN-PUB,state_of_charge,0.0,XY,MW
2031-07-02 22:00:00,TRAN-PRV,state_of_charge,0.0,XY,MW
2031-07-03 23:00:00,TRAN-PUB,state_of_charge,0.0,XY,MW
2031-07-05 00:00:00,TRAN-PRV,state_of_charge,0.0,XY,MW
2031-07-06 01:00:00,TRAN-PUB,state_of_charge,0.0,XY,MW
2031-07-07 02:00:00,TRAN-PRV,state_of_charge,0.0,XY,MW
2031-07-08 03:00:00,TRAN-PUB,state_of_charge,0.0,XY,MW
2031-07-09 04:00:00,TRAN-PRV,state_of_charge,0.0,XY,MW
2031-07-10 05:00:00,TRAN-PUB,state_of_charge,0.0,XY,MW
2031-07-11 06:00:00,TRAN-PRV,state_of_charge,0.0,XY,MW
2031-07-12 07:00:00,TRAN-PUB,state_of_charge,0.0,XY,MW
2031-07-13 08:00:00,TRAN-PRV,state_of_charge,0.0,XY,MW
2031-07-14 09:00:00,TRAN-PUB,state_of_charge,0.0,XY,MW
2031-07-15 10:00:00,TRAN-PRV,state_of_charge,240.0,XY,MW
2031-07-16 11:00:00,TRAN-PUB,state_of_charge,0.0,XY,MW
2031-07-17 12:00:00,TRAN-PRV,state_of_charge,180.0,XY,MW
2031-07-18 13:00:00,TRAN-PUB,state_of_charge,60.0,XY,MW
2031-07-19 14:00:00,TRAN-PRV,state_of_charge,0.0,XY,MW
2031-07-20 15:00:00,TRAN-PUB,state_of_charge,0.0,XY,MW
2031-07-21 16:00:00,TRAN-PRV,state_of_charge,0.0,XY,MW
2031-07-22 17:00:00,TRAN-PUB,state_of_charge,0.0,XY,MW
2031-07-23 18:00:00,TRAN-PRV,state_of_charge,0.0,XY,MW
2031-07-24 19:00:00,TRAN-PUB,state_of_charge,0.0,XY,MW
2031-07-25 20:00:00,TRAN-PRV,state_of_charge,0.0,XY,MW
2031-07-26 21:00:00,TRAN-PUB,state_of_charge,0.0,XY,MW
2031-07-27 22:00:00,TRAN-PRV,state_of_charge,0.0,XY,MW
2031-07-28 23:00:00,TRAN-PUB,state_of_charge,0.0,XY,MW
2031-07-30 00:00:00,TRAN-PRV,state_of_charge,0.0,XY,MW
2031-07-31 01:00:00,TRAN-PUB,state_of_charge,0.0,XY,MW
2031-08-01 02:00:00,TRAN-PRV,state_of_charge,0.0,XY,MW
2031-08-02 03:00:00,TRAN-PUB,state_of_charge,0.0,XY,MW
2031-08-03 04:00:00,TRAN-PRV,state_of_charge,0.0,XY,MW
2031-08-04 05:00:00,TRAN-PUB,state_of_charge,0.0,XY,MW
2031-08-05 06:00:00,TRAN-PRV,state_of_charge,0.0,XY,MW
2031-08-06 07:00:00,TRAN-PUB,state_of_charge,0.0,XY,MW
2031-08-07 08:00:00,TRAN-PRV,state_of_charge,0.0,XY,MW
2031-08-08 09:00:00,TRAN-PUB,state_of_charge,0.0,XY,MW
2031-08-09 10:00:00,TRAN-PRV,state_of_charge,0.0,XY,MW
2031-08-10 11:00:00,TRAN-PUB,state_of_charge,0.0,XY,MW
2031-08-11 12:00:00,TRAN-PRV,state_of_charge,0.0,XY,MW
2031-08-12 13:00:00,TRAN-PUB,state_of_charge,0.0,XY,MW
2031-08-13 14:00:00,TRAN-PRV,state_of_charge,0.0,XY,MW
2031-08-14 15:00:00,TRAN-PUB,state_of_charge,0.0,XY,MW
2031-08-15 16:00:00,TRAN-PRV,state_of_charge,0.0,XY,MW
2031-08-16 17:00:00,TRAN-PUB,state_of_charge,0.0,XY,MW
2031-08-17 18:00:00,TRAN-PRV,state_of_charge,0.0,XY,MW
2031-08-18 19:00:00,TRAN-PUB,state_of_charge,0.0,XY,MW
2031-08-19 20:00:00,TRAN-PRV,state_of_charge,0.0,XY,MW
2031-08-20 21:00:00,TRAN-PUB,state_of_charge,0.0,XY,MW
2031-08-21 22:00:00,TRAN-PRV,state_of_charge,0.0,XY,MW
2031-08-22 23:00:00,TRAN-PUB,state_of_charge,0.0,XY,MW
2031-08-24 00:00:00,TRAN-PRV,state_of_charge,0.0,XY,MW
2031-08-25 01:00:00,TRAN-PUB,state_of_charge,0.0,XY,MW
2031-08-26 02:00:00,TRAN-PRV,state_of_charge,168.0,XY,MW
2031-08-27 03:00:00,TRAN-PUB,state_of_charge,0.0,XY,MW
2031-08-28 04:00:00,TRAN-PRV,state_of_charge,108.0,XY,MW
2031-08-29 05:00:00,TRAN-PUB,state_of_charge,0.0,XY,MW
2031-08-30 06:00:00,TRAN-PRV,state_of_charge,0.0,XY,MW
2031-08-31 07:00:00,TRAN-PUB,state_of_charge,0.0,XY,MW
2031-09-01 08:00:00,TRAN-PRV,state_of_charge,0.0,XY,MW
2031-09-02 09:00:00,TRAN-PUB,state_of_charge,0.0,XY,MW
2031-09-03 10:00:00,TRAN-PRV,state_of_charge,0.0,XY,MW
2031-09-04 11:00:00,TRAN-PUB,state_of_charge,0.0,XY,MW
2031-09-05 12:00:00,TRAN-PRV,state_of_charge,0.0,XY,MW
2031-09-06 13:00:00,TRAN-PUB,state_of_charge,0.0,XY,MW
2031-09-07 14:00:00,TRAN-PRV,state_of_charge,180.0,XY,MW
2031-09-08 15:00:00,TRAN-PUB,state_of_charge,60.0,XY,MW
2031-09-09 16:00:00,TRAN-PRV,state_of_charge,240.0,XY,MW
2031-09-10 17:00:00,TRAN-PUB,state_of_charge,0.0,XY,MW
2031-09-11 18:00:00,TRAN-PRV,state_of_charge,0.0,XY,MW
2031-09-12 19:00:00,TRAN-PUB,state_of_charge,0.0,XY,MW
2031-09-13 20:00:00,TRAN-PRV,state_of_charge,0.0,XY,MW
2031-09-14 21:00:00,TRAN-PUB,state_of_charge,0.0,XY,MW
2031-09-15 22:00:00,TRAN-PRV,state_of_charge,0.0,XY,MW
2031-09-16 23:00:00,TRAN-PUB,state_of_charge,0.0,XY,MW
2031-09-18 00:00:00,TRAN-PRV,state_of_charge,0.0,XY,MW
2031-09-19 01:00:00,TRAN-PUB,state_of_charge,0.0,XY,MW
2031-09-20 02:00:00,TRAN-PRV,state_of_charge,0.0,XY,MW
2031-09-21 03:00:00,TRAN-PUB,state_of_charge,0.0,XY,MW
2031-09-22 04:00:00,TRAN-PRV,state_of_charge,0.0,XY,MW
2031-09-23 05:00:00,TRAN-PUB,state_of_charge,0.0,XY,MW
2031-09-24 06:00:00,TRAN-PRV,state_of_charge,0.0,XY,MW
2031-09-25 07:00:00,TRAN-PUB,state_of_charge,0.0,XY,MW
2031-09-26 08:00:00,TRAN-PRV,state_of_charge,0.0,XY,MW
2031-09-27 09:00:00,TRAN-PUB,state_of_charge,0.0,XY,MW
2031-09-28 10:00:00,TRAN-PRV,state_of_charge,0.0,XY,MW
2031-09-29 11:00:00,TRAN-PUB,state_of_charge,0.0,XY,MW
2031-09-30 12:00:00,TRAN-PRV,state_of_charge,0.0,XY,MW
2031-10-01 13:00:00,TRAN-PUB,state_of_charge,0.0,XY,MW
2031-10-02 14:00:00,TRAN-PRV,state_of_charge,0.0,XY,MW
2031-10-03 15:00:00,TRAN-PUB,state_of_charge,0.0,XY,MW
2031-10-04 16:00:00,TRAN-PRV,state_of_charge,0.0,XY,MW
2031-10-05 17:00:00,TRAN-PUB,state_of_charge,0.0,XY,MW
2031-10-06 18:00:00,TRAN-PRV,state_of_charge,0.0,XY,MW
2031-10-07 19:00:00,TRAN-PUB,state_of_charge,0.0,XY,MW
2031-10-08 20:00:00,TRAN-PRV,state_of_charge,0.0,XY,MW
2031-10-09 21:00:00,TRAN-PUB,state_of_charge,0.0,XY,MW
2031-10-10 22:00:00,TRAN-PRV,state_of_charge,0.0,XY,MW
2031-10-11 23:00:00,TRAN-PUB,state_of_charge,0.0,XY,MW
2031-10-13 00:00:00,TRAN-PRV,state_of_charge,0.0,XY,MW
2031-10-14 01:00:00,TRAN-PUB,state_of_charge,0.0,XY,MW
2031-10-15 02:00:00,TRAN-PRV,state_of_charge,0.0,XY,MW
2031-10-16 03:00:00,TRAN-PUB,state_of_charge,0.0,XY,MW
2031-10-17 04:00:00,TRAN-PRV,state_of_charge,0.0,XY,MW
2031-10-18 05:00:00,TRAN-PUB,state_of_charge,0.0,XY,MW
2031-10-19 06:00:00,TRAN-PRV,state_of_charge,0.0,XY,MW
2031-10-20 07:00:00,TRAN-PUB,state_of_charge,0.0,XY,MW
2031-10-21 08:00:00,TRAN-PRV,state_of_charge,240.0,XY,MW
2031-10-22 09:00:00,TRAN-PUB,state_of_charge,0.0,XY,MW
2031-10-23 10:00:00,TRAN-PRV,state_of_charge,0.0,XY,MW
2031-10-24 11:00:00,TRAN-PUB,state_of_charge,0.0,XY,MW
2031-10-25 12:00:00,TRAN-PRV,state_of_charge,0.0,XY,MW
2031-10-26 13:00:00,TRAN-PUB,state_of_charge,0.0,XY,MW
2031-10-27 14:00:00,TRAN-PRV,state_of_charge,180.0,XY,MW
2031-10-28 15:00:00,TRAN-PUB,state_of_charge,60.0,XY,MW
2031-10-29 16:00:00,TRAN-PRV,state_of_charge,0.0,XY,MW
2031-10-30 17:00:00,TRAN-PUB,state_of_charge,0.0,XY,MW
2031-10-31 18:00:00,TRAN-PRV,state_of_charge,0.0,XY,MW
2031-11-01 19:00:00,TRAN-PUB,state_of_charge,0.0,XY,MW
2031-11-02 20:00:00,TRAN-PRV,state_of_charge,0.0,XY,MW
2031-11-03 21:00:00,TRAN-PUB,state_of_charge,0.0,XY,MW
2031-11-04 22:00:00,TRAN-PRV,state_of_charge,108.0,XY,MW
2031-11-05 23:00:00,TRAN-PUB,state_of_charge,0.0,XY,MW
2031-11-07 00:00:00,TRAN-PRV,state_of_charge,0.0,XY,MW
2031-11-08 01:00:00,TRAN-PUB,state_of_charge,0.0,XY,MW
2031-11-09 02:00:00,TRAN-PRV,state_of_charge,0.0,XY,MW
2031-11-10 03:00:00,TRAN-PUB,state_of_charge,0.0,XY,MW
2031-11-11 04:00:00,TRAN-PRV,state_of_charge,0.0,XY,MW
2031-11-12 05:00:00,TRAN-PUB,state_of_charge,0.0,XY,MW
2031-11-13 06:00:00,TRAN-PRV,state_of_charge,0.0,XY,MW
2031-11-14 07:00:00,TRAN-PUB,state_of_charge,0.0,XY,MW
2031-11-15 08:00:00,TRAN-PRV,state_of_charge,0.0,XY,MW
2031-11-16 09:00:00,TRAN-PUB,state_of_charge,0.0,XY,MW
2031-11-17 10:00:00,TRAN-PRV,state_of_charge,0.0,XY,MW
2031-11-18 11:00:00,TRAN-PUB,state_of_charge,0.0,XY,MW
2031-11-19 12:00:00,TRAN-PRV,state_of_charge,0.0,XY,MW
2031-11-20 13:00:00,TRAN-PUB,state_of_charge,0.0,XY,MW
2031-11-21 14:00:00,TRAN-PRV,state_of_charge,0.0,XY,MW
2031-11-22 15:00:00,TRAN-PUB,state_of_charge,0.0,XY,MW
2031-11-23 16:00:00,TRAN-PRV,state_of_charge,0.0,XY,MW
2031-11-24 17:00:00,TRAN-PUB,state_of_charge,0.0,XY,MW
2031-11-25 18:00:00,TRAN-PRV,state_of_charge,0.0,XY,MW
2031-11-26 19:00:00,TRAN-PUB,state_of_charge,0.0,XY,MW
2031-11-27 20:00:00,TRAN-PRV,state_of_charge,0.0,XY,MW
2031-11-28 21:00:00,TRAN-PUB,state_of_charge,0.0,XY,MW
2031-11-29 22:00:00,TRAN-PRV,state_of_charge,0.0,XY,MW
2031-11-30 23:00:00,TRAN-PUB,state_of_charge,0.0,XY,MW
2031-12-02 00:00:00,TRAN-PRV,state_of_charge,0.0,XY,MW
2031-12-03 01:00:00,TRAN-PUB,state_of_charge,0.0,XY,MW
2031-12-04 02:00:00,TRAN-PRV,state_of_charge,108.0,XY,MW
2031-12-05 03:00:00,TRAN-PUB,state_of_charge,0.0,XY,MW
2031-12-06 04:00:00,TRAN-PRV,state_of_charge,0.0,XY,MW
2031-12-07 05:00:00,TRAN-PUB,state_of_charge,0.0,XY,MW
2031-12-08 06:00:00,TRAN-PRV,state_of_charge,0.0,XY,MW
2031-12-09 07:00:00,TRAN-PUB,state_of_charge,0.0,XY,MW
2031-12-10 08:00:00,TRAN-PRV,state_of_charge,0.0,XY,MW
2031-12-11 09:00:00,TRAN-PUB,state_of_charge,0.0,XY,MW
2031-12-12 10:00:00,TRAN-PRV,state_of_charge,0.0,XY,MW
2031-12-13 11:00:00,TRAN-PUB,state_of_charge,0.0,XY,MW
2031-12-14 12:00:00,TRAN-PRV,state_of_charge,0.0,XY,MW
2031-12-15 13:00:00,TRAN-PUB,state_of_charge,0.0,XY,MW
2031-12-16 14:00:00,TRAN-PRV,state_of_charge,225.0,XY,MW
2031-12-17 15:00:00,TRAN-PUB,state_of_charge,60.0,XY,MW
2031-12-18 16:00:00,TRAN-PRV,state_of_charge,168.0,XY,MW
2031-12-19 17:00:00,TRAN-PUB,state_of_charge,0.0,XY,MW
2031-12-20 18:00:00,TRAN-PRV,state_of_charge,154.99999999905003,XY,MW
2031-12-21 19:00:00,TRAN-PUB,state_of_charge,0.0,XY,MW
2031-12-22 20:00:00,TRAN-PRV,state_of_charge,168.0,XY,MW
2031-12-23 21:00:00,TRAN-PUB,state_of_charge,0.0,XY,MW
2031-12-24 22:00:00,TRAN-PRV,state_of_charge,0.0,XY,MW
2031-12-25 23:00:00,TRAN-PUB,state_of_charge,0.0,XY,MW
2031-12-27 00:00:00,TRAN-PRV,state_of_charge,0.0,XY,MW
2031-12-28 01:00:00,TRAN-PUB,state_of_charge,0.0,XY,MW
2031-12-29 02:00:00,TRAN-PRV,state_of_charge,0.0,XY,MW
2031-12-30 03:00:00,TRAN-PUB,state_of_charge,0.0,XY,MW
2031-12-31 04:00:00,TRAN-PRV,state_of_charge,0.0,XY,MW
2032-01-01 05:00:00,TRAN-PUB,state_of_charge,0.0,XY,MW
2032-01-02 06:00:00,TRAN-PRV,state_of_charge,0.0,XY,MW
2032-01-03 07:00:00,TRAN-PUB,state_of_charge,0.0,XY,MW
2030-01-01 00:00:00,TRAN-PRV,charging,16.257894736842108,YZ,MW
2030-01-02 01:00:00,TRAN-PUB,charging,36.210526315787,YZ,MW
2030-01-03 02:00:00,TRAN-PRV,charging,42.52631578949684,YZ,MW
2030-01-04 03:00:00,TRAN-PUB,charging,34.526315789468995,YZ,MW
2030-01-05 04:00:00,TRAN-PRV,charging,53.05263157902,YZ,MW
2030-01-06 05:00:00,TRAN-PUB,charging,35.368421052628,YZ,MW
2030-01-07 06:00:00,TRAN-PRV,charging,56.84210526324,YZ,MW
2030-01-08 07:00:00,TRAN-PUB,charging,37.894736842105004,YZ,MW
2030-01-09 08:00:00,TRAN-PRV,charging,56.84210526324,YZ,MW
2030-01-10 09:00:00,TRAN-PUB,charging,37.894736842105004,YZ,MW
2030-01-11 10:00:00,TRAN-PRV,charging,54.31578947376,YZ,MW
2030-01-12 11:00:00,TRAN-PUB,charging,36.210526315787,YZ,MW
2030-01-13 12:00:00,TRAN-PRV,charging,36.142105263157895,YZ,MW
2030-01-14 13:00:00,TRAN-PUB,charging,37.052631578946,YZ,MW
2030-01-15 14:00:00,TRAN-PRV,charging,32.210526315825,YZ,MW
2030-01-16 15:00:00,TRAN-PUB,charging,21.4736842105345,YZ,MW
2030-01-17 16:00:00,TRAN-PRV,charging,30.31578947373,YZ,MW
2030-01-18 17:00:00,TRAN-PUB,charging,20.210526315785998,YZ,MW
2030-01-19 18:00:00,TRAN-PRV,charging,29.684210526344998,YZ,MW
2030-01-20 19:00:00,TRAN-PUB,charging,19.7894736842165,YZ,MW
2030-01-21 20:00:00,TRAN-PRV,charging,30.31578947373,YZ,MW
2030-01-22 21:00:00,TRAN-PUB,charging,20.210526315785998,YZ,MW
2030-01-23 22:00:00,TRAN-PRV,charging,30.31578947373,YZ,MW
2030-01-24 23:00:00,TRAN-PUB,charging,20.210526315785998,YZ,MW
2030-01-26 00:00:00,TRAN-PRV,charging,27.157894736864996,YZ,MW
2030-01-27 01:00:00,TRAN-PUB,charging,18.1052631578985,YZ,MW
2030-01-28 02:00:00,TRAN-PRV,charging,29.684210526344998,YZ,MW
2030-01-29 03:00:00,TRAN-PUB,charging,19.7894736842165,YZ,MW
2030-01-30 04:00:00,TRAN-PRV,charging,25.894736842125,YZ,MW
2030-01-31 05:00:00,TRAN-PUB,charging,17.2631578947395,YZ,MW
2030-02-01 06:00:00,TRAN-PRV,charging,24.00000000003,YZ,MW
2030-02-02 07:00:00,TRAN-PUB,charging,16.000000000001,YZ,MW
2030-02-03 08:00:00,TRAN-PRV,charging,19.578947368455,YZ,MW
2030-02-04 09:00:00,TRAN-PUB,charging,13.0526315789445,YZ,MW
2030-02-05 10:00:00,TRAN-PRV,charging,16.42105263159,YZ,MW
2030-02-06 11:00:00,TRAN-PUB,charging,10.947368421057,YZ,MW
2030-02-07 12:00:00,TRAN-PRV,charging,7.57894736844,YZ,MW
2030-02-08 13:00:00,TRAN-PUB,charging,5.052631578944,YZ,MW
2030-02-09 14:00:00,TRAN-PRV,charging,26.52631578951,YZ,MW
2030-02-10 15:00:00,TRAN-PUB,charging,17.684210526319,YZ,MW
2030-02-11 16:00:00,TRAN-PRV,charging,25.26315789477,YZ,MW
2030-02-12 17:00:00,TRAN-PUB,charging,16.84210526315,YZ,MW
2030-02-13 18:00:00,TRAN-PRV,charging,35.36842105269,YZ,MW
2030-02-14 19:00:00,TRAN-PUB,charging,23.578947368412,YZ,MW
2030-02-15 20:00:00,TRAN-PRV,charging,39.157894736879996,YZ,MW
2030-02-16 21:00:00,TRAN-PUB,charging,26.105263157899,YZ,MW
2030-02-17 22:00:00,TRAN-PRV,charging,42.9473684211,YZ,MW
2030-02-18 23:00:00,TRAN-PUB,charging,28.631578947376,YZ,MW
2030-02-20 00:00:00,TRAN-PRV,charging,46.105263157965,YZ,MW
2030-02-21 01:00:00,TRAN-PUB,charging,30.7368421052635,YZ,MW
2030-02-22 02:00:00,TRAN-PRV,charging,46.105263157965,YZ,MW
2030-02-23 03:00:00,TRAN-PUB,charging,30.7368421052635,YZ,MW
2030-02-24 04:00:00,TRAN-PRV,charging,42.12631578949132,YZ,MW
2030-02-25 05:00:00,TRAN-PUB,charging,34.1052631578995,YZ,MW
2030-02-26 06:00:00,TRAN-PRV,charging,55.5789473685,YZ,MW
2030-02-27 07:00:00,TRAN-PUB,charging,37.052631578946,YZ,MW
2030-02-28 08:00:00,TRAN-PRV,charging,57.473684210594996,YZ,MW
2030-03-01 09:00:00,TRAN-PUB,charging,38.3157894736845,YZ,MW
2030-03-02 10:00:00,TRAN-PRV,charging,53.684210526375,YZ,MW
2030-03-03 11:00:00,TRAN-PUB,charging,35.7894736842175,YZ,MW
2030-03-04 12:00:00,TRAN-PRV,charging,45.47368421058,YZ,MW
2030-03-05 13:00:00,TRAN-PUB,charging,30.315789473684,YZ,MW
2030-03-06 14:00:00,TRAN-PRV,charging,37.263157894784996,YZ,MW
2030-03-07 15:00:00,TRAN-PUB,charging,24.842105263150497,YZ,MW
2030-03-08 16:00:00,TRAN-PRV,charging,46.73684210532,YZ,MW
2030-03-09 17:00:00,TRAN-PUB,charging,31.157894736853,YZ,MW
2030-03-10 18:00:00,TRAN-PRV,charging,48.75789473685974,YZ,MW
2030-03-11 19:00:00,TRAN-PUB,charging,34.1052631578995,YZ,MW
2030-03-12 20:00:00,TRAN-PRV,charging,26.52631578951,YZ,MW
2030-03-13 21:00:00,TRAN-PUB,charging,17.684210526319,YZ,MW
2030-03-14 22:00:00,TRAN-PRV,charging,29.684210526344998,YZ,MW
2030-03-15 23:00:00,TRAN-PUB,charging,19.7894736842165,YZ,MW
2030-03-17 00:00:00,TRAN-PRV,charging,29.052631578990002,YZ,MW
2030-03-18 01:00:00,TRAN-PUB,charging,19.368421052627,YZ,MW
2030-03-19 02:00:00,TRAN-PRV,charging,25.894736842125,YZ,MW
2030-03-20 03:00:00,TRAN-PUB,charging,17.2631578947395,YZ,MW
2030-03-21 04:00:00,TRAN-PRV,charging,12.000000000015,YZ,MW
2030-03-22 05:00:00,TRAN-PUB,charging,8.0000000000005,YZ,MW
2030-03-23 06:00:00,TRAN-PRV,charging,16.42105263159,YZ,MW
2030-03-24 07:00:00,TRAN-PUB,charging,10.947368421057,YZ,MW
2030-03-25 08:00:00,TRAN-PRV,charging,23.368421052675,YZ,MW
2030-03-26 09:00:00,TRAN-PUB,charging,15.5789473684115,YZ,MW
2030-03-27 10:00:00,TRAN-PRV,charging,20.21052631581,YZ,MW
2030-03-28 11:00:00,TRAN-PUB,charging,13.473684210534,YZ,MW
2030-03-29 12:00:00,TRAN-PRV,charging,17.052631578975,YZ,MW
2030-03-30 13:00:00,TRAN-PUB,charging,11.3684210526265,YZ,MW
2030-03-31 14:00:00,TRAN-PRV,charging,18.94736842107,YZ,MW
2030-04-01 15:00:00,TRAN-PUB,charging,12.631578947374999,YZ,MW
2030-04-02 16:00:00,TRAN-PRV,charging,25.26315789477,YZ,MW
2030-04-03 17:00:00,TRAN-PUB,charging,16.84210526315,YZ,MW
2030-04-04 18:00:00,TRAN-PRV,charging,24.00000000003,YZ,MW
2030-04-05 19:00:00,TRAN-PUB,charging,16.000000000001,YZ,MW
2030-04-06 20:00:00,TRAN-PRV,charging,36.000000000045,YZ,MW
2030-04-07 21:00:00,TRAN-PUB,charging,24.0000000000015,YZ,MW
2030-04-08 22:00:00,TRAN-PRV,charging,39.789473684265005,YZ,MW
2030-04-09 23:00:00,TRAN-PUB,charging,26.526315789468498,YZ,MW
2030-04-11 00:00:00,TRAN-PRV,charging,49.2631578948,YZ,MW
2030-04-12 01:00:00,TRAN-PUB,charging,32.842105263151,YZ,MW
2030-04-13 02:00:00,TRAN-PRV,charging,51.78947368428,YZ,MW
2030-04-14 03:00:00,TRAN-PUB,charging,34.526315789468995,YZ,MW
2030-04-15 04:00:00,TRAN-PRV,charging,54.31578947376,YZ,MW
2030-04-16 05:00:00,TRAN-PUB,charging,36.210526315787,YZ,MW
2030-04-17 06:00:00,TRAN-PRV,charging,55.5789473685,YZ,MW
2030-04-18 07:00:00,TRAN-PUB,charging,37.052631578946,YZ,MW
2030-04-19 08:00:00,TRAN-PRV,charging,53.05263157902,YZ,MW
2030-04-20 09:00:00,TRAN-PUB,charging,35.368421052628,YZ,MW
2030-04-21 10:00:00,TRAN-PRV,charging,36.142105263157895,YZ,MW
2030-04-22 11:00:00,TRAN-PUB,charging,37.473684210535495,YZ,MW
2030-04-23 12:00:00,TRAN-PRV,charging,42.315789473745,YZ,MW
2030-04-24 13:00:00,TRAN-PUB,charging,28.2105263157865,YZ,MW
2030-04-25 14:00:00,TRAN-PRV,charging,35.36842105269,YZ,MW
2030-04-26 15:00:00,TRAN-PUB,charging,23.578947368412,YZ,MW
2030-04-27 16:00:00,TRAN-PRV,charging,29.684210526344998,YZ,MW
2030-04-28 17:00:00,TRAN-PUB,charging,19.7894736842165,YZ,MW
2030-04-29 18:00:00,TRAN-PRV,charging,28.421052631605,YZ,MW
2030-04-30 19:00:00,TRAN-PUB,charging,18.9473684210575,YZ,MW
2030-05-01 20:00:00,TRAN-PRV,charging,30.31578947373,YZ,MW
2030-05-02 21:00:00,TRAN-PUB,charging,20.210526315785998,YZ,MW
2030-05-03 22:00:00,TRAN-PRV,charging,26.52631578951,YZ,MW
2030-05-04 23:00:00,TRAN-PUB,charging,17.684210526319,YZ,MW
2030-05-06 00:00:00,TRAN-PRV,charging,30.31578947373,YZ,MW
2030-05-07 01:00:00,TRAN-PUB,charging,20.210526315785998,YZ,MW
2030-05-08 02:00:00,TRAN-PRV,charging,26.52631578951,YZ,MW
2030-05-09 03:00:00,TRAN-PUB,charging,17.684210526319,YZ,MW
2030-05-10 04:00:00,TRAN-PRV,charging,26.52631578951,YZ,MW
2030-05-11 05:00:00,TRAN-PUB,charging,17.684210526319,YZ,MW
2030-05-12 06:00:00,TRAN-PRV,charging,21.47368421055,YZ,MW
2030-05-13 07:00:00,TRAN-PUB,charging,14.315789473683001,YZ,MW
2030-05-14 08:00:00,TRAN-PRV,charging,15.15789473685,YZ,MW
2030-05-15 09:00:00,TRAN-PUB,charging,10.105263157898,YZ,MW
2030-05-16 10:00:00,TRAN-PRV,charging,4.421052631584,YZ,MW
2030-05-17 11:00:00,TRAN-PUB,charging,2.9473684210535,YZ,MW
2030-05-18 12:00:00,TRAN-PRV,charging,17.052631578975,YZ,MW
2030-05-19 13:00:00,TRAN-PUB,charging,11.3684210526265,YZ,MW
2030-05-20 14:00:00,TRAN-PRV,charging,15.15789473685,YZ,MW
2030-05-21 15:00:00,TRAN-PUB,charging,10.105263157898,YZ,MW
2030-05-22 16:00:00,TRAN-PRV,charging,27.78947368425,YZ,MW
2030-05-23 17:00:00,TRAN-PUB,charging,18.526315789468,YZ,MW
2030-05-24 18:00:00,TRAN-PRV,charging,32.84210526321,YZ,MW
2030-05-25 19:00:00,TRAN-PUB,charging,21.894736842104,YZ,MW
2030-05-26 20:00:00,TRAN-PRV,charging,36.6315789474,YZ,MW
2030-05-27 21:00:00,TRAN-PUB,charging,24.421052631590996,YZ,MW
2030-05-28 22:00:00,TRAN-PRV,charging,39.789473684265005,YZ,MW
2030-05-29 23:00:00,TRAN-PUB,charging,26.526315789468498,YZ,MW
2030-05-31 00:00:00,TRAN-PRV,charging,41.684210526360005,YZ,MW
2030-06-01 01:00:00,TRAN-PUB,charging,27.789473684217,YZ,MW
2030-06-02 02:00:00,TRAN-PRV,charging,46.757894736862106,YZ,MW
2030-06-03 03:00:00,TRAN-PUB,charging,32.000000000002,YZ,MW
2030-06-04 04:00:00,TRAN-PRV,charging,53.05263157902,YZ,MW
2030-06-05 05:00:00,TRAN-PUB,charging,35.368421052628,YZ,MW
2030-06-06 06:00:00,TRAN-PRV,charging,56.84210526324,YZ,MW
2030-06-07 07:00:00,TRAN-PUB,charging,37.894736842105004,YZ,MW
2030-06-08 08:00:00,TRAN-PRV,charging,56.84210526324,YZ,MW
2030-06-09 09:00:00,TRAN-PUB,charging,37.894736842105004,YZ,MW
2030-06-10 10:00:00,TRAN-PRV,charging,53.05263157902,YZ,MW
2030-06-11 11:00:00,TRAN-PUB,charging,35.368421052628,YZ,MW
2030-06-12 12:00:00,TRAN-PRV,charging,45.47368421058,YZ,MW
2030-06-13 13:00:00,TRAN-PUB,charging,30.315789473684,YZ,MW
2030-06-14 14:00:00,TRAN-PRV,charging,46.105263157965,YZ,MW
2030-06-15 15:00:00,TRAN-PUB,charging,30.7368421052635,YZ,MW
2030-06-16 16:00:00,TRAN-PRV,charging,51.073684210545,YZ,MW
2030-06-17 17:00:00,TRAN-PUB,charging,34.9473684210585,YZ,MW
2030-06-18 18:00:00,TRAN-PRV,charging,25.894736842125,YZ,MW
2030-06-19 19:00:00,TRAN-PUB,charging,17.2631578947395,YZ,MW
2030-06-20 20:00:00,TRAN-PRV,charging,28.421052631605,YZ,MW
2030-06-21 21:00:00,TRAN-PUB,charging,18.9473684210575,YZ,MW
2030-06-22 22:00:00,TRAN-PRV,charging,27.157894736864996,YZ,MW
2030-06-23 23:00:00,TRAN-PUB,charging,18.1052631578985,YZ,MW
2030-06-25 00:00:00,TRAN-PRV,charging,20.842105263195002,YZ,MW
2030-06-26 01:00:00,TRAN-PUB,charging,13.8947368421035,YZ,MW
2030-06-27 02:00:00,TRAN-PRV,charging,10.736842105275,YZ,MW
2030-06-28 03:00:00,TRAN-PUB,charging,7.1578947368465,YZ,MW
2030-06-29 04:00:00,TRAN-PRV,charging,14.526315789495001,YZ,MW
2030-06-30 05:00:00,TRAN-PUB,charging,9.6842105263185,YZ,MW
2030-07-01 06:00:00,TRAN-PRV,charging,18.94736842107,YZ,MW
2030-07-02 07:00:00,TRAN-PUB,charging,12.631578947374999,YZ,MW
2030-07-03 08:00:00,TRAN-PRV,charging,2.526315789477,YZ,MW
2030-07-04 09:00:00,TRAN-PUB,charging,1.684210526315,YZ,MW
2030-07-05 10:00:00,TRAN-PRV,charging,9.473684210535,YZ,MW
2030-07-06 11:00:00,TRAN-PUB,charging,6.3157894736864995,YZ,MW
2030-07-07 12:00:00,TRAN-PRV,charging,12.63157894737,YZ,MW
2030-07-08 13:00:00,TRAN-PUB,charging,8.42105263159,YZ,MW
2030-07-09 14:00:00,TRAN-PRV,charging,15.15789473685,YZ,MW
2030-07-10 15:00:00,TRAN-PUB,charging,10.105263157898,YZ,MW
2030-07-11 16:00:00,TRAN-PRV,charging,15.789473684235,YZ,MW
2030-07-12 17:00:00,TRAN-PUB,charging,10.5263157894675,YZ,MW
2030-07-13 18:00:00,TRAN-PRV,charging,27.157894736864996,YZ,MW
2030-07-14 19:00:00,TRAN-PUB,charging,18.1052631578985,YZ,MW
2030-07-15 20:00:00,TRAN-PRV,charging,26.52631578951,YZ,MW
2030-07-16 21:00:00,TRAN-PUB,charging,17.684210526319,YZ,MW
2030-07-17 22:00:00,TRAN-PRV,charging,42.9473684211,YZ,MW
2030-07-18 23:00:00,TRAN-PUB,charging,28.631578947376,YZ,MW
2030-07-20 00:00:00,TRAN-PRV,charging,47.368421052705,YZ,MW
2030-07-21 01:00:00,TRAN-PUB,charging,31.5789473684125,YZ,MW
2030-07-22 02:00:00,TRAN-PRV,charging,49.894736842155005,YZ,MW
2030-07-23 03:00:00,TRAN-PUB,charging,33.2631578947405,YZ,MW
2030-07-24 04:00:00,TRAN-PRV,charging,52.42105263163499,YZ,MW
2030-07-25 05:00:00,TRAN-PUB,charging,34.9473684210585,YZ,MW
2030-07-26 06:00:00,TRAN-PRV,charging,52.42105263163499,YZ,MW
2030-07-27 07:00:00,TRAN-PUB,charging,34.9473684210585,YZ,MW
2030-07-28 08:00:00,TRAN-PRV,charging,39.613684210526316,YZ,MW
2030-07-29 09:00:00,TRAN-PUB,charging,36.210526315787,YZ,MW
2030-07-30 10:00:00,TRAN-PRV,charging,49.894736842155005,YZ,MW
2030-07-31 11:00:00,TRAN-PUB,charging,33.2631578947405,YZ,MW
2030-08-01 12:00:00,TRAN-PRV,charging,44.21052631584,YZ,MW
2030-08-02 13:00:00,TRAN-PUB,charging,29.473684210534998,YZ,MW
2030-08-03 14:00:00,TRAN-PRV,charging,33.473684210565,YZ,MW
2030-08-04 15:00:00,TRAN-PUB,charging,22.3157894736835,YZ,MW
2030-08-05 16:00:00,TRAN-PRV,charging,27.78947368425,YZ,MW
2030-08-06 17:00:00,TRAN-PUB,charging,18.526315789468,YZ,MW
2030-08-07 18:00:00,TRAN-PRV,charging,28.421052631605,YZ,MW
2030-08-08 19:00:00,TRAN-PUB,charging,18.9473684210575,YZ,MW
2030-08-09 20:00:00,TRAN-PRV,charging,30.947368421085002,YZ,MW
2030-08-10 21:00:00,TRAN-PUB,charging,20.6315789473755,YZ,MW
2030-08-11 22:00:00,TRAN-PRV,charging,32.84210526321,YZ,MW
2030-08-12 23:00:00,TRAN-PUB,charging,21.894736842104,YZ,MW
2030-08-14 00:00:00,TRAN-PRV,charging,24.00000000003,YZ,MW
2030-08-15 01:00:00,TRAN-PUB,charging,16.000000000001,YZ,MW
2030-08-16 02:00:00,TRAN-PRV,charging,26.52631578951,YZ,MW
2030-08-17 03:00:00,TRAN-PUB,charging,17.684210526319,YZ,MW
2030-08-18 04:00:00,TRAN-PRV,charging,22.73684210529,YZ,MW
2030-08-19 05:00:00,TRAN-PUB,charging,15.157894736851999,YZ,MW
2030-08-20 06:00:00,TRAN-PRV,charging,17.052631578975,YZ,MW
2030-08-21 07:00:00,TRAN-PUB,charging,11.3684210526265,YZ,MW
2030-08-22 08:00:00,TRAN-PRV,charging,1.894736842107,YZ,MW
2030-08-23 09:00:00,TRAN-PUB,charging,1.2631578947375,YZ,MW
2030-08-24 10:00:00,TRAN-PRV,charging,13.263157894755,YZ,MW
2030-08-25 11:00:00,TRAN-PUB,charging,8.842105263149499,YZ,MW
2030-08-26 12:00:00,TRAN-PRV,charging,13.894736842110001,YZ,MW
2030-08-27 13:00:00,TRAN-PUB,charging,9.263157894739,YZ,MW
2030-08-28 14:00:00,TRAN-PRV,charging,20.21052631581,YZ,MW
2030-08-29 15:00:00,TRAN-PUB,charging,13.473684210534,YZ,MW
2030-08-30 16:00:00,TRAN-PRV,charging,22.73684210529,YZ,MW
2030-08-31 17:00:00,TRAN-PUB,charging,15.157894736851999,YZ,MW
2030-09-01 18:00:00,TRAN-PRV,charging,30.947368421085002,YZ,MW
2030-09-02 19:00:00,TRAN-PUB,charging,20.6315789473755,YZ,MW
2030-09-03 20:00:00,TRAN-PRV,charging,34.10526315795,YZ,MW
2030-09-04 21:00:00,TRAN-PUB,charging,22.736842105262998,YZ,MW
2030-09-05 22:00:00,TRAN-PRV,charging,34.10526315795,YZ,MW
2030-09-06 23:00:00,TRAN-PUB,charging,22.736842105262998,YZ,MW
2030-09-08 00:00:00,TRAN-PRV,charging,41.684210526360005,YZ,MW
2030-09-09 01:00:00,TRAN-PUB,charging,27.789473684217,YZ,MW
2030-09-10 02:00:00,TRAN-PRV,charging,46.73684210532,YZ,MW
2030-09-11 03:00:00,TRAN-PUB,charging,31.157894736853,YZ,MW
2030-09-12 04:00:00,TRAN-PRV,charging,54.31578947376,YZ,MW
2030-09-13 05:00:00,TRAN-PUB,charging,36.210526315787,YZ,MW
2030-09-14 06:00:00,TRAN-PRV,charging,55.5789473685,YZ,MW
2030-09-15 07:00:00,TRAN-PUB,charging,37.052631578946,YZ,MW
2030-09-16 08:00:00,TRAN-PRV,charging,51.78947368428,YZ,MW
2030-09-17 09:00:00,TRAN-PUB,charging,34.526315789468995,YZ,MW
2030-09-18 10:00:00,TRAN-PRV,charging,55.5789473685,YZ,MW
2030-09-19 11:00:00,TRAN-PUB,charging,37.052631578946,YZ,MW
2030-09-20 12:00:00,TRAN-PRV,charging,54.31578947376,YZ,MW
2030-09-21 13:00:00,TRAN-PUB,charging,36.210526315787,YZ,MW
2030-09-22 14:00:00,TRAN-PRV,charging,45.81052631580921,YZ,MW
2030-09-23 15:00:00,TRAN-PUB,charging,35.7894736842175,YZ,MW
2030-09-24 16:00:00,TRAN-PRV,charging,24.00000000003,YZ,MW
2030-09-25 17:00:00,TRAN-PUB,charging,16.000000000001,YZ,MW
2030-09-26 18:00:00,TRAN-PRV,charging,25.894736842125,YZ,MW
2030-09-27 19:00:00,TRAN-PUB,charging,17.2631578947395,YZ,MW
2030-09-28 20:00:00,TRAN-PRV,charging,27.157894736864996,YZ,MW
2030-09-29 21:00:00,TRAN-PUB,charging,18.1052631578985,YZ,MW
2030-09-30 22:00:00,TRAN-PRV,charging,26.52631578951,YZ,MW
2030-10-01 23:00:00,TRAN-PUB,charging,17.684210526319,YZ,MW
2030-10-03 00:00:00,TRAN-PRV,charging,18.315789473715,YZ,MW
2030-10-04 01:00:00,TRAN-PUB,charging,12.210526315785499,YZ,MW
2030-10-05 02:00:00,TRAN-PRV,charging,13.263157894755,YZ,MW
2030-10-06 03:00:00,TRAN-PUB,charging,8.842105263149499,YZ,MW
2030-10-07 04:00:00,TRAN-PRV,charging,19.578947368455,YZ,MW
2030-10-08 05:00:00,TRAN-PUB,charging,13.0526315789445,YZ,MW
2030-10-09 06:00:00,TRAN-PRV,charging,13.894736842110001,YZ,MW
2030-10-10 07:00:00,TRAN-PUB,charging,9.263157894739,YZ,MW
2030-10-11 08:00:00,TRAN-PRV,charging,14.526315789495001,YZ,MW
2030-10-12 09:00:00,TRAN-PUB,charging,9.6842105263185,YZ,MW
2030-10-13 10:00:00,TRAN-PRV,charging,13.894736842110001,YZ,MW
2030-10-14 11:00:00,TRAN-PUB,charging,9.263157894739,YZ,MW
2030-10-15 12:00:00,TRAN-PRV,charging,11.36842105266,YZ,MW
2030-10-16 13:00:00,TRAN-PUB,charging,7.578947368413999,YZ,MW
2030-10-17 14:00:00,TRAN-PRV,charging,10.736842105275,YZ,MW
2030-10-18 15:00:00,TRAN-PUB,charging,7.1578947368465,YZ,MW
2030-10-19 16:00:00,TRAN-PRV,charging,26.52631578951,YZ,MW
2030-10-20 17:00:00,TRAN-PUB,charging,17.684210526319,YZ,MW
2030-10-21 18:00:00,TRAN-PRV,charging,24.631578947384998,YZ,MW
2030-10-22 19:00:00,TRAN-PUB,charging,16.4210526315905,YZ,MW
2030-10-23 20:00:00,TRAN-PRV,charging,38.526315789525,YZ,MW
2030-10-24 21:00:00,TRAN-PUB,charging,25.684210526319497,YZ,MW
2030-10-25 22:00:00,TRAN-PRV,charging,42.315789473745,YZ,MW
2030-10-26 23:00:00,TRAN-PUB,charging,28.2105263157865,YZ,MW
2030-10-28 00:00:00,TRAN-PRV,charging,39.157894736879996,YZ,MW
2030-10-29 01:00:00,TRAN-PUB,charging,26.105263157899,YZ,MW
2030-10-30 02:00:00,TRAN-PRV,charging,49.894736842155005,YZ,MW
2030-10-31 03:00:00,TRAN-PUB,charging,33.2631578947405,YZ,MW
2030-11-01 04:00:00,TRAN-PRV,charging,49.2631578948,YZ,MW
2030-11-02 05:00:00,TRAN-PUB,charging,32.842105263151,YZ,MW
2030-11-03 06:00:00,TRAN-PRV,charging,43.07368421054395,YZ,MW
2030-11-04 07:00:00,TRAN-PUB,charging,34.1052631578995,YZ,MW
2030-11-05 08:00:00,TRAN-PRV,charging,51.78947368428,YZ,MW
2030-11-06 09:00:00,TRAN-PUB,charging,34.526315789468995,YZ,MW
2030-11-07 10:00:00,TRAN-PRV,charging,53.05263157902,YZ,MW
2030-11-08 11:00:00,TRAN-PUB,charging,35.368421052628,YZ,MW
2030-11-09 12:00:00,TRAN-PRV,charging,44.21052631584,YZ,MW
2030-11-10 13:00:00,TRAN-PUB,charging,29.473684210534998,YZ,MW
2030-11-11 14:00:00,TRAN-PRV,charging,27.78947368425,YZ,MW
2030-11-12 15:00:00,TRAN-PUB,charging,18.526315789468,YZ,MW
2030-11-13 16:00:00,TRAN-PRV,charging,34.10526315795,YZ,MW
2030-11-14 17:00:00,TRAN-PUB,charging,22.736842105262998,YZ,MW
2030-11-15 18:00:00,TRAN-PRV,charging,30.947368421085002,YZ,MW
2030-11-16 19:00:00,TRAN-PUB,charging,20.6315789473755,YZ,MW
2030-11-17 20:00:00,TRAN-PRV,charging,36.6315789474,YZ,MW
2030-11-18 21:00:00,TRAN-PUB,charging,24.421052631590996,YZ,MW
2030-11-19 22:00:00,TRAN-PRV,charging,37.89473684214,YZ,MW
2030-11-20 23:00:00,TRAN-PUB,charging,25.263157894739997,YZ,MW
2030-11-22 00:00:00,TRAN-PRV,charging,24.631578947384998,YZ,MW
2030-11-23 01:00:00,TRAN-PUB,charging,16.4210526315905,YZ,MW
2030-11-24 02:00:00,TRAN-PRV,charging,27.78947368425,YZ,MW
2030-11-25 03:00:00,TRAN-PUB,charging,18.526315789468,YZ,MW
2030-11-26 04:00:00,TRAN-PRV,charging,25.26315789477,YZ,MW
2030-11-27 05:00:00,TRAN-PUB,charging,16.84210526315,YZ,MW
2030-11-28 06:00:00,TRAN-PRV,charging,21.47368421055,YZ,MW
2030-11-29 07:00:00,TRAN-PUB,charging,14.315789473683001,YZ,MW
2030-11-30 08:00:00,TRAN-PRV,charging,6.947368421055001,YZ,MW
2030-12-01 09:00:00,TRAN-PUB,charging,4.6315789473705005,YZ,MW
2030-12-02 10:00:00,TRAN-PRV,charging,15.789473684235,YZ,MW
2030-12-03 11:00:00,TRAN-PUB,charging,10.5263157894675,YZ,MW
2030-12-04 12:00:00,TRAN-PRV,charging,11.36842105266,YZ,MW
2030-12-05 13:00:00,TRAN-PUB,charging,7.578947368413999,YZ,MW
2030-12-06 14:00:00,TRAN-PRV,charging,15.15789473685,YZ,MW
2030-12-07 15:00:00,TRAN-PUB,charging,10.105263157898,YZ,MW
2030-12-08 16:00:00,TRAN-PRV,charging,18.94736842107,YZ,MW
2030-12-09 17:00:00,TRAN-PUB,charging,12.631578947374999,YZ,MW
2030-12-10 18:00:00,TRAN-PRV,charging,24.00000000003,YZ,MW
2030-12-11 19:00:00,TRAN-PUB,charging,16.000000000001,YZ,MW
2030-12-12 20:00:00,TRAN-PRV,charging,26.52631578951,YZ,MW
2030-12-13 21:00:00,TRAN-PUB,charging,17.684210526319,YZ,MW
2030-12-14 22:00:00,TRAN-PRV,charging,27.157894736864996,YZ,MW
2030-12-15 23:00:00,TRAN-PUB,charging,18.1052631578985,YZ,MW
2030-12-17 00:00:00,TRAN-PRV,charging,39.789473684265005,YZ,MW
2030-12-18 01:00:00,TRAN-PUB,charging,26.526315789468498,YZ,MW
2030-12-19 02:00:00,TRAN-PRV,charging,40.42105263162,YZ,MW
2030-12-20 03:00:00,TRAN-PUB,charging,26.947368421058,YZ,MW
2030-12-21 04:00:00,TRAN-PRV,charging,51.157894736895,YZ,MW
2030-12-22 05:00:00,TRAN-PUB,charging,34.1052631578995,YZ,MW
2030-12-23 06:00:00,TRAN-PRV,charging,53.684210526375,YZ,MW
2030-12-24 07:00:00,TRAN-PUB,charging,35.7894736842175,YZ,MW
2030-12-25 08:00:00,TRAN-PRV,charging,55.5789473685,YZ,MW
2030-12-26 09:00:00,TRAN-PUB,charging,37.052631578946,YZ,MW
2030-12-27 10:00:00,TRAN-PRV,charging,54.947368421115,YZ,MW
2030-12-28 11:00:00,TRAN-PUB,charging,36.6315789473765,YZ,MW
2030-12-29 12:00:00,TRAN-PRV,charging,50.52631578954,YZ,MW
2030-12-30 13:00:00,TRAN-PUB,charging,33.68421052632,YZ,MW
2030-12-31 14:00:00,TRAN-PRV,charging,40.08421052633447,YZ,MW
2031-01-01 15:00:00,TRAN-PUB,charging,34.9473684210585,YZ,MW
2031-01-02 16:00:00,TRAN-PRV,charging,30.947368421085002,YZ,MW
2031-01-03 17:00:00,TRAN-PUB,charging,20.6315789473755,YZ,MW
2031-01-04 18:00:00,TRAN-PRV,charging,30.31578947373,YZ,MW
2031-01-05 19:00:00,TRAN-PUB,charging,20.210526315785998,YZ,MW
2031-01-06 20:00:00,TRAN-PRV,charging,28.421052631605,YZ,MW
2031-01-07 21:00:00,TRAN-PUB,charging,18.9473684210575,YZ,MW
2031-01-08 22:00:00,TRAN-PRV,charging,27.157894736864996,YZ,MW
2031-01-09 23:00:00,TRAN-PUB,charging,18.1052631578985,YZ,MW
2031-01-11 00:00:00,TRAN-PRV,charging,24.631578947384998,YZ,MW
2031-01-12 01:00:00,TRAN-PUB,charging,16.4210526315905,YZ,MW
2031-01-13 02:00:00,TRAN-PRV,charging,17.684210526330002,YZ,MW
2031-01-14 03:00:00,TRAN-PUB,charging,11.789473684216,YZ,MW
2031-01-15 04:00:00,TRAN-PRV,charging,17.684210526330002,YZ,MW
2031-01-16 05:00:00,TRAN-PUB,charging,11.789473684216,YZ,MW
2031-01-17 06:00:00,TRAN-PRV,charging,22.105263157935,YZ,MW
2031-01-18 07:00:00,TRAN-PUB,charging,14.7368421052625,YZ,MW
2031-01-19 08:00:00,TRAN-PRV,charging,20.842105263195002,YZ,MW
2031-01-20 09:00:00,TRAN-PUB,charging,13.8947368421035,YZ,MW
2031-01-21 10:00:00,TRAN-PRV,charging,15.789473684235,YZ,MW
2031-01-22 11:00:00,TRAN-PUB,charging,10.5263157894675,YZ,MW
2031-01-23 12:00:00,TRAN-PRV,charging,10.736842105275,YZ,MW
2031-01-24 13:00:00,TRAN-PUB,charging,7.1578947368465,YZ,MW
2031-01-25 14:00:00,TRAN-PRV,charging,5.052631578954,YZ,MW
2031-01-26 15:00:00,TRAN-PUB,charging,3.368421052632,YZ,MW
2031-01-27 16:00:00,TRAN-PRV,charging,20.21052631581,YZ,MW
2031-01-28 17:00:00,TRAN-PUB,charging,13.473684210534,YZ,MW
2031-01-29 18:00:00,TRAN-PRV,charging,17.052631578975,YZ,MW
2031-01-30 19:00:00,TRAN-PUB,charging,11.3684210526265,YZ,MW
2031-01-31 20:00:00,TRAN-PRV,charging,31.57894736847,YZ,MW
2031-02-01 21:00:00,TRAN-PUB,charging,21.052631578945,YZ,MW
2031-02-02 22:00:00,TRAN-PRV,charging,36.000000000045,YZ,MW
2031-02-03 23:00:00,TRAN-PUB,charging,24.0000000000015,YZ,MW
2031-02-05 00:00:00,TRAN-PRV,charging,39.789473684265005,YZ,MW
2031-02-06 01:00:00,TRAN-PUB,charging,26.526315789468498,YZ,MW
2031-02-07 02:00:00,TRAN-PRV,charging,42.315789473745,YZ,MW
2031-02-08 03:00:00,TRAN-PUB,charging,28.2105263157865,YZ,MW
2031-02-09 04:00:00,TRAN-PRV,charging,40.42105263162,YZ,MW
2031-02-10 05:00:00,TRAN-PUB,charging,26.947368421058,YZ,MW
2031-02-11 06:00:00,TRAN-PRV,charging,45.38947368422947,YZ,MW
2031-02-12 07:00:00,TRAN-PUB,charging,31.157894736853,YZ,MW
2031-02-13 08:00:00,TRAN-PRV,charging,50.52631578954,YZ,MW
2031-02-14 09:00:00,TRAN-PUB,charging,33.68421052632,YZ,MW
2031-02-15 10:00:00,TRAN-PRV,charging,55.5789473685,YZ,MW
2031-02-16 11:00:00,TRAN-PUB,charging,37.052631578946,YZ,MW
2031-02-17 12:00:00,TRAN-PRV,charging,52.42105263163499,YZ,MW
2031-02-18 13:00:00,TRAN-PUB,charging,34.9473684210585,YZ,MW
2031-02-19 14:00:00,TRAN-PRV,charging,44.21052631584,YZ,MW
2031-02-20 15:00:00,TRAN-PUB,charging,29.473684210534998,YZ,MW
2031-02-21 16:00:00,TRAN-PRV,charging,36.6315789474,YZ,MW
2031-02-22 17:00:00,TRAN-PUB,charging,24.421052631590996,YZ,MW
2031-02-23 18:00:00,TRAN-PRV,charging,38.526315789525,YZ,MW
2031-02-24 19:00:00,TRAN-PUB,charging,25.684210526319497,YZ,MW
2031-02-25 20:00:00,TRAN-PRV,charging,40.42105263162,YZ,MW
2031-02-26 21:00:00,TRAN-PUB,charging,26.947368421058,YZ,MW
2031-02-27 22:00:00,TRAN-PRV,charging,24.00000000003,YZ,MW
2031-02-28 23:00:00,TRAN-PUB,charging,16.000000000001,YZ,MW
2031-03-02 00:00:00,TRAN-PRV,charging,26.52631578951,YZ,MW
2031-03-03 01:00:00,TRAN-PUB,charging,17.684210526319,YZ,MW
2031-03-04 02:00:00,TRAN-PRV,charging,24.631578947384998,YZ,MW
2031-03-05 03:00:00,TRAN-PUB,charging,16.4210526315905,YZ,MW
2031-03-06 04:00:00,TRAN-PRV,charging,22.73684210529,YZ,MW
2031-03-07 05:00:00,TRAN-PUB,charging,15.157894736851999,YZ,MW
2031-03-08 06:00:00,TRAN-PRV,charging,11.36842105266,YZ,MW
2031-03-09 07:00:00,TRAN-PUB,charging,7.578947368413999,YZ,MW
2031-03-10 08:00:00,TRAN-PRV,charging,12.000000000015,YZ,MW
2031-03-11 09:00:00,TRAN-PUB,charging,8.0000000000005,YZ,MW
2031-03-12 10:00:00,TRAN-PRV,charging,8.84210526318,YZ,MW
2031-03-13 11:00:00,TRAN-PUB,charging,5.894736842102,YZ,MW
2031-03-14 12:00:00,TRAN-PRV,charging,13.894736842110001,YZ,MW
2031-03-15 13:00:00,TRAN-PUB,charging,9.263157894739,YZ,MW
2031-03-16 14:00:00,TRAN-PRV,charging,15.789473684235,YZ,MW
2031-03-17 15:00:00,TRAN-PUB,charging,10.5263157894675,YZ,MW
2031-03-18 16:00:00,TRAN-PRV,charging,18.315789473715,YZ,MW
2031-03-19 17:00:00,TRAN-PUB,charging,12.210526315785499,YZ,MW
2031-03-20 18:00:00,TRAN-PRV,charging,20.842105263195002,YZ,MW
2031-03-21 19:00:00,TRAN-PUB,charging,13.8947368421035,YZ,MW
2031-03-22 20:00:00,TRAN-PRV,charging,18.315789473715,YZ,MW
2031-03-23 21:00:00,TRAN-PUB,charging,12.210526315785499,YZ,MW
2031-03-24 22:00:00,TRAN-PRV,charging,30.31578947373,YZ,MW
2031-03-25 23:00:00,TRAN-PUB,charging,20.210526315785998,YZ,MW
2031-03-27 00:00:00,TRAN-PRV,charging,31.57894736847,YZ,MW
2031-03-28 01:00:00,TRAN-PUB,charging,21.052631578945,YZ,MW
2031-03-29 02:00:00,TRAN-PRV,charging,46.105263157965,YZ,MW
2031-03-30 03:00:00,TRAN-PUB,charging,30.7368421052635,YZ,MW
2031-03-31 04:00:00,TRAN-PRV,charging,49.2631578948,YZ,MW
2031-04-01 05:00:00,TRAN-PUB,charging,32.842105263151,YZ,MW
2031-04-02 06:00:00,TRAN-PRV,charging,52.42105263163499,YZ,MW
2031-04-03 07:00:00,TRAN-PUB,charging,34.9473684210585,YZ,MW
2031-04-04 08:00:00,TRAN-PRV,charging,53.684210526375,YZ,MW
2031-04-05 09:00:00,TRAN-PUB,charging,35.7894736842175,YZ,MW
2031-04-06 10:00:00,TRAN-PRV,charging,51.157894736895,YZ,MW
2031-04-07 11:00:00,TRAN-PUB,charging,34.1052631578995,YZ,MW
2031-04-08 12:00:00,TRAN-PRV,charging,44.44210526317658,YZ,MW
2031-04-09 13:00:00,TRAN-PUB,charging,34.9473684210585,YZ,MW
2031-04-10 14:00:00,TRAN-PRV,charging,40.42105263162,YZ,MW
2031-04-11 15:00:00,TRAN-PUB,charging,26.947368421058,YZ,MW
2031-04-12 16:00:00,TRAN-PRV,charging,34.736842105305,YZ,MW
2031-04-13 17:00:00,TRAN-PUB,charging,23.1578947368525,YZ,MW
2031-04-14 18:00:00,TRAN-PRV,charging,29.684210526344998,YZ,MW
2031-04-15 19:00:00,TRAN-PUB,charging,19.7894736842165,YZ,MW
2031-04-16 20:00:00,TRAN-PRV,charging,27.157894736864996,YZ,MW
2031-04-17 21:00:00,TRAN-PUB,charging,18.1052631578985,YZ,MW
2031-04-18 22:00:00,TRAN-PRV,charging,26.52631578951,YZ,MW
2031-04-19 23:00:00,TRAN-PUB,charging,17.684210526319,YZ,MW
2031-04-21 00:00:00,TRAN-PRV,charging,20.842105263195002,YZ,MW
2031-04-22 01:00:00,TRAN-PUB,charging,13.8947368421035,YZ,MW
2031-04-23 02:00:00,TRAN-PRV,charging,20.21052631581,YZ,MW
2031-04-24 03:00:00,TRAN-PUB,charging,13.473684210534,YZ,MW
2031-04-25 04:00:00,TRAN-PRV,charging,22.73684210529,YZ,MW
2031-04-26 05:00:00,TRAN-PUB,charging,15.157894736851999,YZ,MW
2031-04-27 06:00:00,TRAN-PRV,charging,23.368421052675,YZ,MW
2031-04-28 07:00:00,TRAN-PUB,charging,15.5789473684115,YZ,MW
2031-04-29 08:00:00,TRAN-PRV,charging,18.94736842107,YZ,MW
2031-04-30 09:00:00,TRAN-PUB,charging,12.631578947374999,YZ,MW
2031-05-01 10:00:00,TRAN-PRV,charging,12.63157894737,YZ,MW
2031-05-02 11:00:00,TRAN-PUB,charging,8.42105263159,YZ,MW
2031-05-03 12:00:00,TRAN-PRV,charging,2.526315789477,YZ,MW
2031-05-04 13:00:00,TRAN-PUB,charging,1.684210526315,YZ,MW
2031-05-05 14:00:00,TRAN-PRV,charging,13.263157894755,YZ,MW
2031-05-06 15:00:00,TRAN-PUB,charging,8.842105263149499,YZ,MW
2031-05-07 16:00:00,TRAN-PRV,charging,7.57894736844,YZ,MW
2031-05-08 17:00:00,TRAN-PUB,charging,5.052631578944,YZ,MW
2031-05-09 18:00:00,TRAN-PRV,charging,25.894736842125,YZ,MW
2031-05-10 19:00:00,TRAN-PUB,charging,17.2631578947395,YZ,MW
2031-05-11 20:00:00,TRAN-PRV,charging,30.947368421085002,YZ,MW
2031-05-12 21:00:00,TRAN-PUB,charging,20.6315789473755,YZ,MW
2031-05-13 22:00:00,TRAN-PRV,charging,34.736842105305,YZ,MW
2031-05-14 23:00:00,TRAN-PUB,charging,23.1578947368525,YZ,MW
2031-05-16 00:00:00,TRAN-PRV,charging,37.89473684214,YZ,MW
2031-05-17 01:00:00,TRAN-PUB,charging,25.263157894739997,YZ,MW
2031-05-18 02:00:00,TRAN-PRV,charging,38.526315789525,YZ,MW
2031-05-19 03:00:00,TRAN-PUB,charging,25.684210526319497,YZ,MW
2031-05-20 04:00:00,TRAN-PRV,charging,44.21052631584,YZ,MW
2031-05-21 05:00:00,TRAN-PUB,charging,29.473684210534998,YZ,MW
2031-05-22 06:00:00,TRAN-PRV,charging,49.2631578948,YZ,MW
2031-05-23 07:00:00,TRAN-PUB,charging,32.842105263151,YZ,MW
2031-05-24 08:00:00,TRAN-PRV,charging,56.210526315855,YZ,MW
2031-05-25 09:00:00,TRAN-PUB,charging,37.473684210535495,YZ,MW
2031-05-26 10:00:00,TRAN-PRV,charging,56.210526315855,YZ,MW
2031-05-27 11:00:00,TRAN-PUB,charging,37.473684210535495,YZ,MW
2031-05-28 12:00:00,TRAN-PRV,charging,53.05263157902,YZ,MW
2031-05-29 13:00:00,TRAN-PUB,charging,35.368421052628,YZ,MW
2031-05-30 14:00:00,TRAN-PRV,charging,44.842105263225,YZ,MW
2031-05-31 15:00:00,TRAN-PUB,charging,29.8947368421045,YZ,MW
2031-06-01 16:00:00,TRAN-PRV,charging,48.63157894741501,YZ,MW
2031-06-02 17:00:00,TRAN-PUB,charging,32.4210526315915,YZ,MW
2031-06-03 18:00:00,TRAN-PRV,charging,49.894736842155005,YZ,MW
2031-06-04 19:00:00,TRAN-PUB,charging,33.2631578947405,YZ,MW
2031-06-05 20:00:00,TRAN-PRV,charging,24.00000000003,YZ,MW
2031-06-06 21:00:00,TRAN-PUB,charging,16.000000000001,YZ,MW
2031-06-07 22:00:00,TRAN-PRV,charging,27.157894736864996,YZ,MW
2031-06-08 23:00:00,TRAN-PUB,charging,18.1052631578985,YZ,MW
2031-06-10 00:00:00,TRAN-PRV,charging,27.157894736864996,YZ,MW
2031-06-11 01:00:00,TRAN-PUB,charging,18.1052631578985,YZ,MW
2031-06-12 02:00:00,TRAN-PRV,charging,25.894736842125,YZ,MW
2031-06-13 03:00:00,TRAN-PUB,charging,17.2631578947395,YZ,MW
2031-06-14 04:00:00,TRAN-PRV,charging,15.789473684235,YZ,MW
2031-06-15 05:00:00,TRAN-PUB,charging,10.5263157894675,YZ,MW
2031-06-16 06:00:00,TRAN-PRV,charging,13.894736842110001,YZ,MW
2031-06-17 07:00:00,TRAN-PUB,charging,9.263157894739,YZ,MW
2031-06-18 08:00:00,TRAN-PRV,charging,13.263157894755,YZ,MW
2031-06-19 09:00:00,TRAN-PUB,charging,8.842105263149499,YZ,MW
2031-06-20 10:00:00,TRAN-PRV,charging,15.789473684235,YZ,MW
2031-06-21 11:00:00,TRAN-PUB,charging,10.5263157894675,YZ,MW
2031-06-22 12:00:00,TRAN-PRV,charging,12.63157894737,YZ,MW
2031-06-23 13:00:00,TRAN-PUB,charging,8.42105263159,YZ,MW
2031-06-24 14:00:00,TRAN-PRV,charging,12.000000000015,YZ,MW
2031-06-25 15:00:00,TRAN-PUB,charging,8.0000000000005,YZ,MW
2031-06-26 16:00:00,TRAN-PRV,charging,13.263157894755,YZ,MW
2031-06-27 17:00:00,TRAN-PUB,charging,8.842105263149499,YZ,MW
2031-06-28 18:00:00,TRAN-PRV,charging,12.000000000015,YZ,MW
2031-06-29 19:00:00,TRAN-PUB,charging,8.0000000000005,YZ,MW
2031-06-30 20:00:00,TRAN-PRV,charging,27.78947368425,YZ,MW
2031-07-01 21:00:00,TRAN-PUB,charging,18.526315789468,YZ,MW
2031-07-02 22:00:00,TRAN-PRV,charging,27.157894736864996,YZ,MW
2031-07-03 23:00:00,TRAN-PUB,charging,18.1052631578985,YZ,MW
2031-07-05 00:00:00,TRAN-PRV,charging,44.21052631584,YZ,MW
2031-07-06 01:00:00,TRAN-PUB,charging,29.473684210534998,YZ,MW
2031-07-07 02:00:00,TRAN-PRV,charging,42.9473684211,YZ,MW
2031-07-08 03:00:00,TRAN-PUB,charging,28.631578947376,YZ,MW
2031-07-09 04:00:00,TRAN-PRV,charging,51.157894736895,YZ,MW
2031-07-10 05:00:00,TRAN-PUB,charging,34.1052631578995,YZ,MW
2031-07-11 06:00:00,TRAN-PRV,charging,53.05263157902,YZ,MW
2031-07-12 07:00:00,TRAN-PUB,charging,35.368421052628,YZ,MW
2031-07-13 08:00:00,TRAN-PRV,charging,52.42105263163499,YZ,MW
2031-07-14 09:00:00,TRAN-PUB,charging,34.9473684210585,YZ,MW
2031-07-15 10:00:00,TRAN-PRV,charging,41.34947368421053,YZ,MW
2031-07-16 11:00:00,TRAN-PUB,charging,35.7894736842175,YZ,MW
2031-07-17 12:00:00,TRAN-PRV,charging,49.2631578948,YZ,MW
2031-07-18 13:00:00,TRAN-PUB,charging,32.842105263151,YZ,MW
2031-07-19 14:00:00,TRAN-PRV,charging,44.842105263225,YZ,MW
2031-07-20 15:00:00,TRAN-PUB,charging,29.8947368421045,YZ,MW
2031-07-21 16:00:00,TRAN-PRV,charging,36.000000000045,YZ,MW
2031-07-22 17:00:00,TRAN-PUB,charging,24.0000000000015,YZ,MW
2031-07-23 18:00:00,TRAN-PRV,charging,30.31578947373,YZ,MW
2031-07-24 19:00:00,TRAN-PUB,charging,20.210526315785998,YZ,MW
2031-07-25 20:00:00,TRAN-PRV,charging,30.31578947373,YZ,MW
2031-07-26 21:00:00,TRAN-PUB,charging,20.210526315785998,YZ,MW
2031-07-27 22:00:00,TRAN-PRV,charging,27.78947368425,YZ,MW
2031-07-28 23:00:00,TRAN-PUB,charging,18.526315789468,YZ,MW
2031-07-30 00:00:00,TRAN-PRV,charging,28.421052631605,YZ,MW
2031-07-31 01:00:00,TRAN-PUB,charging,18.9473684210575,YZ,MW
2031-08-01 02:00:00,TRAN-PRV,charging,24.00000000003,YZ,MW
2031-08-02 03:00:00,TRAN-PUB,charging,16.000000000001,YZ,MW
2031-08-03 04:00:00,TRAN-PRV,charging,26.52631578951,YZ,MW
2031-08-04 05:00:00,TRAN-PUB,charging,17.684210526319,YZ,MW
2031-08-05 06:00:00,TRAN-PRV,charging,22.73684210529,YZ,MW
2031-08-06 07:00:00,TRAN-PUB,charging,15.157894736851999,YZ,MW
2031-08-07 08:00:00,TRAN-PRV,charging,17.684210526330002,YZ,MW
2031-08-08 09:00:00,TRAN-PUB,charging,11.789473684216,YZ,MW
2031-08-09 10:00:00,TRAN-PRV,charging,4.421052631584,YZ,MW
2031-08-10 11:00:00,TRAN-PUB,charging,2.9473684210535,YZ,MW
2031-08-11 12:00:00,TRAN-PRV,charging,14.526315789495001,YZ,MW
2031-08-12 13:00:00,TRAN-PUB,charging,9.6842105263185,YZ,MW
2031-08-13 14:00:00,TRAN-PRV,charging,5.684210526324,YZ,MW
2031-08-14 15:00:00,TRAN-PUB,charging,3.7894736842105,YZ,MW
2031-08-15 16:00:00,TRAN-PRV,charging,20.21052631581,YZ,MW
2031-08-16 17:00:00,TRAN-PUB,charging,13.473684210534,YZ,MW
2031-08-17 18:00:00,TRAN-PRV,charging,25.894736842125,YZ,MW
2031-08-18 19:00:00,TRAN-PUB,charging,17.2631578947395,YZ,MW
2031-08-19 20:00:00,TRAN-PRV,charging,30.31578947373,YZ,MW
2031-08-20 21:00:00,TRAN-PUB,charging,20.210526315785998,YZ,MW
2031-08-21 22:00:00,TRAN-PRV,charging,32.210526315825,YZ,MW
2031-08-22 23:00:00,TRAN-PUB,charging,21.4736842105345,YZ,MW
2031-08-24 00:00:00,TRAN-PRV,charging,33.473684210565,YZ,MW
2031-08-25 01:00:00,TRAN-PUB,charging,22.3157894736835,YZ,MW
2031-08-26 02:00:00,TRAN-PRV,charging,42.315789473745,YZ,MW
2031-08-27 03:00:00,TRAN-PUB,charging,28.2105263157865,YZ,MW
2031-08-28 04:00:00,TRAN-PRV,charging,49.2631578948,YZ,MW
2031-08-29 05:00:00,TRAN-PUB,charging,32.842105263151,YZ,MW
2031-08-30 06:00:00,TRAN-PRV,charging,54.947368421115,YZ,MW
2031-08-31 07:00:00,TRAN-PUB,charging,36.6315789473765,YZ,MW
2031-09-01 08:00:00,TRAN-PRV,charging,55.5789473685,YZ,MW
2031-09-02 09:00:00,TRAN-PUB,charging,37.052631578946,YZ,MW
2031-09-03 10:00:00,TRAN-PRV,charging,54.31578947376,YZ,MW
2031-09-04 11:00:00,TRAN-PUB,charging,36.210526315787,YZ,MW
2031-09-05 12:00:00,TRAN-PRV,charging,54.947368421115,YZ,MW
2031-09-06 13:00:00,TRAN-PUB,charging,36.6315789473765,YZ,MW
2031-09-07 14:00:00,TRAN-PRV,charging,54.947368421115,YZ,MW
2031-09-08 15:00:00,TRAN-PUB,charging,36.6315789473765,YZ,MW
2031-09-09 16:00:00,TRAN-PRV,charging,32.03473684210526,YZ,MW
2031-09-10 17:00:00,TRAN-PUB,charging,37.052631578946,YZ,MW
2031-09-11 18:00:00,TRAN-PRV,charging,24.631578947384998,YZ,MW
2031-09-12 19:00:00,TRAN-PUB,charging,16.4210526315905,YZ,MW
2031-09-13 20:00:00,TRAN-PRV,charging,27.157894736864996,YZ,MW
2031-09-14 21:00:00,TRAN-PUB,charging,18.1052631578985,YZ,MW
2031-09-15 22:00:00,TRAN-PRV,charging,28.421052631605,YZ,MW
2031-09-16 23:00:00,TRAN-PUB,charging,18.9473684210575,YZ,MW
2031-09-18 00:00:00,TRAN-PRV,charging,28.421052631605,YZ,MW
2031-09-19 01:00:00,TRAN-PUB,charging,18.9473684210575,YZ,MW
2031-09-20 02:00:00,TRAN-PRV,charging,23.368421052675,YZ,MW
2031-09-21 03:00:00,TRAN-PUB,charging,15.5789473684115,YZ,MW
2031-09-22 04:00:00,TRAN-PRV,charging,22.105263157935,YZ,MW
2031-09-23 05:00:00,TRAN-PUB,charging,14.7368421052625,YZ,MW
2031-09-24 06:00:00,TRAN-PRV,charging,21.47368421055,YZ,MW
2031-09-25 07:00:00,TRAN-PUB,charging,14.315789473683001,YZ,MW
2031-09-26 08:00:00,TRAN-PRV,charging,20.842105263195002,YZ,MW
2031-09-27 09:00:00,TRAN-PUB,charging,13.8947368421035,YZ,MW
2031-09-28 10:00:00,TRAN-PRV,charging,17.684210526330002,YZ,MW
2031-09-29 11:00:00,TRAN-PUB,charging,11.789473684216,YZ,MW
2031-09-30 12:00:00,TRAN-PRV,charging,13.263157894755,YZ,MW
2031-10-01 13:00:00,TRAN-PUB,charging,8.842105263149499,YZ,MW
2031-10-02 14:00:00,TRAN-PRV,charging,11.36842105266,YZ,MW
2031-10-03 15:00:00,TRAN-PUB,charging,7.578947368413999,YZ,MW
2031-10-04 16:00:00,TRAN-PRV,charging,10.10526315792,YZ,MW
2031-10-05 17:00:00,TRAN-PUB,charging,6.73684210526,YZ,MW
2031-10-06 18:00:00,TRAN-PRV,charging,28.421052631605,YZ,MW
2031-10-07 19:00:00,TRAN-PUB,charging,18.9473684210575,YZ,MW
2031-10-08 20:00:00,TRAN-PRV,charging,26.52631578951,YZ,MW
2031-10-09 21:00:00,TRAN-PUB,charging,17.684210526319,YZ,MW
2031-10-10 22:00:00,TRAN-PRV,charging,39.789473684265005,YZ,MW
2031-10-11 23:00:00,TRAN-PUB,charging,26.526315789468498,YZ,MW
2031-10-13 00:00:00,TRAN-PRV,charging,43.578947368485,YZ,MW
2031-10-14 01:00:00,TRAN-PUB,charging,29.052631578945498,YZ,MW
2031-10-15 02:00:00,TRAN-PRV,charging,48.00000000006,YZ,MW
2031-10-16 03:00:00,TRAN-PUB,charging,32.000000000002,YZ,MW
2031-10-17 04:00:00,TRAN-PRV,charging,49.894736842155005,YZ,MW
2031-10-18 05:00:00,TRAN-PUB,charging,33.2631578947405,YZ,MW
2031-10-19 06:00:00,TRAN-PRV,charging,49.894736842155005,YZ,MW
2031-10-20 07:00:00,TRAN-PUB,charging,33.2631578947405,YZ,MW
2031-10-21 08:00:00,TRAN-PRV,charging,39.613684210526316,YZ,MW
2031-10-22 09:00:00,TRAN-PUB,charging,35.7894736842175,YZ,MW
2031-10-23 10:00:00,TRAN-PRV,charging,55.5789473685,YZ,MW
2031-10-24 11:00:00,TRAN-PUB,charging,37.052631578946,YZ,MW
2031-10-25 12:00:00,TRAN-PRV,charging,53.684210526375,YZ,MW
2031-10-26 13:00:00,TRAN-PUB,charging,35.7894736842175,YZ,MW
2031-10-27 14:00:00,TRAN-PRV,charging,44.842105263225,YZ,MW
2031-10-28 15:00:00,TRAN-PUB,charging,29.8947368421045,YZ,MW
2031-10-29 16:00:00,TRAN-PRV,charging,35.36842105269,YZ,MW
2031-10-30 17:00:00,TRAN-PUB,charging,23.578947368412,YZ,MW
2031-10-31 18:00:00,TRAN-PRV,charging,32.210526315825,YZ,MW
2031-11-01 19:00:00,TRAN-PUB,charging,21.4736842105345,YZ,MW
2031-11-02 20:00:00,TRAN-PRV,charging,40.42105263162,YZ,MW
2031-11-03 21:00:00,TRAN-PUB,charging,26.947368421058,YZ,MW
2031-11-04 22:00:00,TRAN-PRV,charging,44.842105263225,YZ,MW
2031-11-05 23:00:00,TRAN-PUB,charging,29.8947368421045,YZ,MW
2031-11-07 00:00:00,TRAN-PRV,charging,25.26315789477,YZ,MW
2031-11-08 01:00:00,TRAN-PUB,charging,16.84210526315,YZ,MW
2031-11-09 02:00:00,TRAN-PRV,charging,28.421052631605,YZ,MW
2031-11-10 03:00:00,TRAN-PUB,charging,18.9473684210575,YZ,MW
2031-11-11 04:00:00,TRAN-PRV,charging,26.52631578951,YZ,MW
2031-11-12 05:00:00,TRAN-PUB,charging,17.684210526319,YZ,MW
2031-11-13 06:00:00,TRAN-PRV,charging,22.73684210529,YZ,MW
2031-11-14 07:00:00,TRAN-PUB,charging,15.157894736851999,YZ,MW
2031-11-15 08:00:00,TRAN-PRV,charging,8.210526315795,YZ,MW
2031-11-16 09:00:00,TRAN-PUB,charging,5.4736842105285,YZ,MW
2031-11-17 10:00:00,TRAN-PRV,charging,18.315789473715,YZ,MW
2031-11-18 11:00:00,TRAN-PUB,charging,12.210526315785499,YZ,MW
2031-11-19 12:00:00,TRAN-PRV,charging,13.263157894755,YZ,MW
2031-11-20 13:00:00,TRAN-PUB,charging,8.842105263149499,YZ,MW
2031-11-21 14:00:00,TRAN-PRV,charging,15.789473684235,YZ,MW
2031-11-22 15:00:00,TRAN-PUB,charging,10.5263157894675,YZ,MW
2031-11-23 16:00:00,TRAN-PRV,charging,20.842105263195002,YZ,MW
2031-11-24 17:00:00,TRAN-PUB,charging,13.8947368421035,YZ,MW
2031-11-25 18:00:00,TRAN-PRV,charging,25.894736842125,YZ,MW
2031-11-26 19:00:00,TRAN-PUB,charging,17.2631578947395,YZ,MW
2031-11-27 20:00:00,TRAN-PRV,charging,29.052631578990002,YZ,MW
2031-11-28 21:00:00,TRAN-PUB,charging,19.368421052627,YZ,MW
2031-11-29 22:00:00,TRAN-PRV,charging,30.947368421085002,YZ,MW
2031-11-30 23:00:00,TRAN-PUB,charging,20.6315789473755,YZ,MW
2031-12-02 00:00:00,TRAN-PRV,charging,39.157894736879996,YZ,MW
2031-12-03 01:00:00,TRAN-PUB,charging,26.105263157899,YZ,MW
2031-12-04 02:00:00,TRAN-PRV,charging,47.368421052705,YZ,MW
2031-12-05 03:00:00,TRAN-PUB,charging,31.5789473684125,YZ,MW
2031-12-06 04:00:00,TRAN-PRV,charging,52.42105263163499,YZ,MW
2031-12-07 05:00:00,TRAN-PUB,charging,34.9473684210585,YZ,MW
2031-12-08 06:00:00,TRAN-PRV,charging,53.684210526375,YZ,MW
2031-12-09 07:00:00,TRAN-PUB,charging,35.7894736842175,YZ,MW
2031-12-10 08:00:00,TRAN-PRV,charging,54.31578947376,YZ,MW
2031-12-11 09:00:00,TRAN-PUB,charging,36.210526315787,YZ,MW
2031-12-12 10:00:00,TRAN-PRV,charging,53.684210526375,YZ,MW
2031-12-13 11:00:00,TRAN-PUB,charging,35.7894736842175,YZ,MW
2031-12-14 12:00:00,TRAN-PRV,charging,49.2631578948,YZ,MW
2031-12-15 13:00:00,TRAN-PUB,charging,32.842105263151,YZ,MW
2031-12-16 14:00:00,TRAN-PRV,charging,33.26947368421053,YZ,MW
2031-12-17 15:00:00,TRAN-PUB,charging,36.6315789473765,YZ,MW
2031-12-18 16:00:00,TRAN-PRV,charging,39.115789473710535,YZ,MW
2031-12-19 17:00:00,TRAN-PUB,charging,37.052631578946,YZ,MW
2031-12-20 18:00:00,TRAN-PRV,charging,29.091578947328426,YZ,MW
2031-12-21 19:00:00,TRAN-PUB,charging,37.473684210535495,YZ,MW
2031-12-22 20:00:00,TRAN-PRV,charging,48.00000000006,YZ,MW
2031-12-23 21:00:00,TRAN-PUB,charging,32.000000000002,YZ,MW
2031-12-24 22:00:00,TRAN-PRV,charging,32.210526315825,YZ,MW
2031-12-25 23:00:00,TRAN-PUB,charging,21.4736842105345,YZ,MW
2031-12-27 00:00:00,TRAN-PRV,charging,27.157894736864996,YZ,MW
2031-12-28 01:00:00,TRAN-PUB,charging,18.1052631578985,YZ,MW
2031-12-29 02:00:00,TRAN-PRV,charging,19.578947368455,YZ,MW
2031-12-30 03:00:00,TRAN-PUB,charging,13.0526315789445,YZ,MW
2031-12-31 04:00:00,TRAN-PRV,charging,24.00000000003,YZ,MW
2032-01-01 05:00:00,TRAN-PUB,charging,16.000000000001,YZ,MW
2032-01-02 06:00:00,TRAN-PRV,charging,35.36842105269,YZ,MW
2032-01-03 07:00:00,TRAN-PUB,charging,23.578947368412,YZ,MW
2030-01-01 00:00:00,TRAN-PRV,load,8.245000000000001,YZ,MW
2030-01-02 01:00:00,TRAN-PUB,load,166.44,YZ,MW
2030-01-03 02:00:00,TRAN-PRV,load,39.576,YZ,MW
2030-01-04 03:00:00,TRAN-PUB,load,166.44,YZ,MW
2030-01-05 04:00:00,TRAN-PRV,load,92.34400000000001,YZ,MW
2030-01-06 05:00:00,TRAN-PUB,load,166.44,YZ,MW
2030-01-07 06:00:00,TRAN-PRV,load,105.536,YZ,MW
2030-01-08 07:00:00,TRAN-PUB,load,166.44,YZ,MW
2030-01-09 08:00:00,TRAN-PRV,load,118.72800000000001,YZ,MW
2030-01-10 09:00:00,TRAN-PUB,load,166.44,YZ,MW
2030-01-11 10:00:00,TRAN-PRV,load,80.801,YZ,MW
2030-01-12 11:00:00,TRAN-PUB,load,166.44,YZ,MW
2030-01-13 12:00:00,TRAN-PRV,load,24.735,YZ,MW
2030-01-14 13:00:00,TRAN-PUB,load,166.44,YZ,MW
2030-01-15 14:00:00,TRAN-PRV,load,235.80700000000002,YZ,MW
2030-01-16 15:00:00,TRAN-PUB,load,166.44,YZ,MW
2030-01-17 16:00:00,TRAN-PRV,load,273.73400000000004,YZ,MW
2030-01-18 17:00:00,TRAN-PUB,load,166.44,YZ,MW
2030-01-19 18:00:00,TRAN-PRV,load,273.73400000000004,YZ,MW
2030-01-20 19:00:00,TRAN-PUB,load,166.44,YZ,MW
2030-01-21 20:00:00,TRAN-PRV,load,270.436,YZ,MW
2030-01-22 21:00:00,TRAN-PUB,load,166.44,YZ,MW
2030-01-23 22:00:00,TRAN-PRV,load,257.244,YZ,MW
2030-01-24 23:00:00,TRAN-PUB,load,166.44,YZ,MW
2030-01-26 00:00:00,TRAN-PRV,load,140.16500000000002,YZ,MW
2030-01-27 01:00:00,TRAN-PUB,load,166.44,YZ,MW
2030-01-28 02:00:00,TRAN-PRV,load,80.801,YZ,MW
2030-01-29 03:00:00,TRAN-PUB,load,166.44,YZ,MW
2030-01-30 04:00:00,TRAN-PRV,load,280.33000000000004,YZ,MW
2030-01-31 05:00:00,TRAN-PUB,load,166.44,YZ,MW
2030-02-01 06:00:00,TRAN-PRV,load,313.31,YZ,MW
2030-02-02 07:00:00,TRAN-PUB,load,166.44,YZ,MW
2030-02-03 08:00:00,TRAN-PRV,load,318.257,YZ,MW
2030-02-04 09:00:00,TRAN-PUB,load,166.44,YZ,MW
2030-02-05 10:00:00,TRAN-PRV,load,286.926,YZ,MW
2030-02-06 11:00:00,TRAN-PUB,load,166.44,YZ,MW
2030-02-07 12:00:00,TRAN-PRV,load,240.754,YZ,MW
2030-02-08 13:00:00,TRAN-PUB,load,166.44,YZ,MW
2030-02-09 14:00:00,TRAN-PRV,load,93.99300000000001,YZ,MW
2030-02-10 15:00:00,TRAN-PUB,load,166.44,YZ,MW
2030-02-11 16:00:00,TRAN-PRV,load,57.71499999999999,YZ,MW
2030-02-12 17:00:00,TRAN-PUB,load,166.44,YZ,MW
2030-02-13 18:00:00,TRAN-PRV,load,178.09199999999998,YZ,MW
2030-02-14 19:00:00,TRAN-PUB,load,166.44,YZ,MW
2030-02-15 20:00:00,TRAN-PRV,load,184.68800000000002,YZ,MW
2030-02-16 21:00:00,TRAN-PUB,load,166.44,YZ,MW
2030-02-17 22:00:00,TRAN-PRV,load,168.19799999999998,YZ,MW
2030-02-18 23:00:00,TRAN-PUB,load,166.44,YZ,MW
2030-02-20 00:00:00,TRAN-PRV,load,155.00599999999997,YZ,MW
2030-02-21 01:00:00,TRAN-PUB,load,166.44,YZ,MW
2030-02-22 02:00:00,TRAN-PRV,load,117.07900000000001,YZ,MW
2030-02-23 03:00:00,TRAN-PUB,load,166.44,YZ,MW
2030-02-24 04:00:00,TRAN-PRV,load,31.331000000000003,YZ,MW
2030-02-25 05:00:00,TRAN-PUB,load,166.44,YZ,MW
2030-02-26 06:00:00,TRAN-PRV,load,92.34400000000001,YZ,MW
2030-02-27 07:00:00,TRAN-PUB,load,166.44,YZ,MW
2030-02-28 08:00:00,TRAN-PRV,load,155.00599999999997,YZ,MW
2030-03-01 09:00:00,TRAN-PUB,load,166.44,YZ,MW
2030-03-02 10:00:00,TRAN-PRV,load,214.36999999999998,YZ,MW
2030-03-03 11:00:00,TRAN-PUB,load,166.44,YZ,MW
2030-03-04 12:00:00,TRAN-PRV,load,275.383,YZ,MW
2030-03-05 13:00:00,TRAN-PUB,load,166.44,YZ,MW
2030-03-06 14:00:00,TRAN-PRV,load,263.84000000000003,YZ,MW
2030-03-07 15:00:00,TRAN-PUB,load,166.44,YZ,MW
2030-03-08 16:00:00,TRAN-PRV,load,126.97300000000001,YZ,MW
2030-03-09 17:00:00,TRAN-PUB,load,166.44,YZ,MW
2030-03-10 18:00:00,TRAN-PRV,load,42.873999999999995,YZ,MW
2030-03-11 19:00:00,TRAN-PUB,load,166.44,YZ,MW
2030-03-12 20:00:00,TRAN-PRV,load,250.64800000000002,YZ,MW
2030-03-13 21:00:00,TRAN-PUB,load,166.44,YZ,MW
2030-03-14 22:00:00,TRAN-PRV,load,280.33000000000004,YZ,MW
2030-03-15 23:00:00,TRAN-PUB,load,166.44,YZ,MW
2030-03-17 00:00:00,TRAN-PRV,load,290.224,YZ,MW
2030-03-18 01:00:00,TRAN-PUB,load,166.44,YZ,MW
2030-03-19 02:00:00,TRAN-PRV,load,293.522,YZ,MW
2030-03-20 03:00:00,TRAN-PUB,load,166.44,YZ,MW
2030-03-21 04:00:00,TRAN-PRV,load,290.224,YZ,MW
2030-03-22 05:00:00,TRAN-PUB,load,166.44,YZ,MW
2030-03-23 06:00:00,TRAN-PRV,load,131.92000000000002,YZ,MW
2030-03-24 07:00:00,TRAN-PUB,load,166.44,YZ,MW
2030-03-25 08:00:00,TRAN-PRV,load,75.854,YZ,MW
2030-03-26 09:00:00,TRAN-PUB,load,166.44,YZ,MW
2030-03-27 10:00:00,TRAN-PRV,load,248.99900000000002,YZ,MW
2030-03-28 11:00:00,TRAN-PUB,load,166.44,YZ,MW
2030-03-29 12:00:00,TRAN-PRV,load,262.191,YZ,MW
2030-03-30 13:00:00,TRAN-PUB,load,166.44,YZ,MW
2030-03-31 14:00:00,TRAN-PRV,load,242.403,YZ,MW
2030-04-01 15:00:00,TRAN-PUB,load,166.44,YZ,MW
2030-04-02 16:00:00,TRAN-PRV,load,206.125,YZ,MW
2030-04-03 17:00:00,TRAN-PUB,load,166.44,YZ,MW
2030-04-04 18:00:00,TRAN-PRV,load,176.44299999999998,YZ,MW
2030-04-05 19:00:00,TRAN-PUB,load,166.44,YZ,MW
2030-04-06 20:00:00,TRAN-PRV,load,65.96000000000001,YZ,MW
2030-04-07 21:00:00,TRAN-PUB,load,166.44,YZ,MW
2030-04-08 22:00:00,TRAN-PRV,load,56.066,YZ,MW
2030-04-09 23:00:00,TRAN-PUB,load,166.44,YZ,MW
2030-04-11 00:00:00,TRAN-PRV,load,148.41000000000003,YZ,MW
2030-04-12 01:00:00,TRAN-PUB,load,166.44,YZ,MW
2030-04-13 02:00:00,TRAN-PRV,load,151.708,YZ,MW
2030-04-14 03:00:00,TRAN-PUB,load,166.44,YZ,MW
2030-04-15 04:00:00,TRAN-PRV,load,141.814,YZ,MW
2030-04-16 05:00:00,TRAN-PUB,load,166.44,YZ,MW
2030-04-17 06:00:00,TRAN-PRV,load,130.27100000000002,YZ,MW
2030-04-18 07:00:00,TRAN-PUB,load,166.44,YZ,MW
2030-04-19 08:00:00,TRAN-PRV,load,93.99300000000001,YZ,MW
2030-04-20 09:00:00,TRAN-PUB,load,166.44,YZ,MW
2030-04-21 10:00:00,TRAN-PRV,load,24.735,YZ,MW
2030-04-22 11:00:00,TRAN-PUB,load,166.44,YZ,MW
2030-04-23 12:00:00,TRAN-PRV,load,234.15800000000002,YZ,MW
2030-04-24 13:00:00,TRAN-PUB,load,166.44,YZ,MW
2030-04-25 14:00:00,TRAN-PRV,load,291.873,YZ,MW
2030-04-26 15:00:00,TRAN-PUB,load,166.44,YZ,MW
2030-04-27 16:00:00,TRAN-PRV,load,288.575,YZ,MW
2030-04-28 17:00:00,TRAN-PUB,load,166.44,YZ,MW
2030-04-29 18:00:00,TRAN-PRV,load,278.681,YZ,MW
2030-04-30 19:00:00,TRAN-PUB,load,166.44,YZ,MW
2030-05-01 20:00:00,TRAN-PRV,load,253.94600000000003,YZ,MW
2030-05-02 21:00:00,TRAN-PUB,load,166.44,YZ,MW
2030-05-03 22:00:00,TRAN-PRV,load,151.708,YZ,MW
2030-05-04 23:00:00,TRAN-PUB,load,166.44,YZ,MW
2030-05-06 00:00:00,TRAN-PRV,load,82.45,YZ,MW
2030-05-07 01:00:00,TRAN-PUB,load,166.44,YZ,MW
2030-05-08 02:00:00,TRAN-PRV,load,265.48900000000003,YZ,MW
2030-05-09 03:00:00,TRAN-PUB,load,166.44,YZ,MW
2030-05-10 04:00:00,TRAN-PRV,load,306.714,YZ,MW
2030-05-11 05:00:00,TRAN-PUB,load,166.44,YZ,MW
2030-05-12 06:00:00,TRAN-PRV,load,324.853,YZ,MW
2030-05-13 07:00:00,TRAN-PUB,load,166.44,YZ,MW
2030-05-14 08:00:00,TRAN-PRV,load,323.204,YZ,MW
2030-05-15 09:00:00,TRAN-PUB,load,166.44,YZ,MW
2030-05-16 10:00:00,TRAN-PRV,load,268.78700000000003,YZ,MW
2030-05-17 11:00:00,TRAN-PUB,load,166.44,YZ,MW
2030-05-18 12:00:00,TRAN-PRV,load,122.026,YZ,MW
2030-05-19 13:00:00,TRAN-PUB,load,166.44,YZ,MW
2030-05-20 14:00:00,TRAN-PRV,load,75.854,YZ,MW
2030-05-21 15:00:00,TRAN-PUB,load,166.44,YZ,MW
2030-05-22 16:00:00,TRAN-PRV,load,199.529,YZ,MW
2030-05-23 17:00:00,TRAN-PUB,load,166.44,YZ,MW
2030-05-24 18:00:00,TRAN-PRV,load,199.529,YZ,MW
2030-05-25 19:00:00,TRAN-PUB,load,166.44,YZ,MW
2030-05-26 20:00:00,TRAN-PRV,load,192.933,YZ,MW
2030-05-27 21:00:00,TRAN-PUB,load,166.44,YZ,MW
2030-05-28 22:00:00,TRAN-PRV,load,174.794,YZ,MW
2030-05-29 23:00:00,TRAN-PUB,load,166.44,YZ,MW
2030-05-31 00:00:00,TRAN-PRV,load,130.27100000000002,YZ,MW
2030-06-01 01:00:00,TRAN-PUB,load,166.44,YZ,MW
2030-06-02 02:00:00,TRAN-PRV,load,41.225,YZ,MW
2030-06-03 03:00:00,TRAN-PUB,load,166.44,YZ,MW
2030-06-04 04:00:00,TRAN-PRV,load,72.556,YZ,MW
2030-06-05 05:00:00,TRAN-PUB,load,166.44,YZ,MW
2030-06-06 06:00:00,TRAN-PRV,load,138.516,YZ,MW
2030-06-07 07:00:00,TRAN-PUB,load,166.44,YZ,MW
2030-06-08 08:00:00,TRAN-PRV,load,164.9,YZ,MW
2030-06-09 09:00:00,TRAN-PUB,load,166.44,YZ,MW
2030-06-10 10:00:00,TRAN-PRV,load,229.21099999999998,YZ,MW
2030-06-11 11:00:00,TRAN-PUB,load,166.44,YZ,MW
2030-06-12 12:00:00,TRAN-PRV,load,277.032,YZ,MW
2030-06-13 13:00:00,TRAN-PUB,load,166.44,YZ,MW
2030-06-14 14:00:00,TRAN-PRV,load,148.41000000000003,YZ,MW
2030-06-15 15:00:00,TRAN-PUB,load,166.44,YZ,MW
2030-06-16 16:00:00,TRAN-PRV,load,46.172000000000004,YZ,MW
2030-06-17 17:00:00,TRAN-PUB,load,166.44,YZ,MW
2030-06-18 18:00:00,TRAN-PRV,load,268.78700000000003,YZ,MW
2030-06-19 19:00:00,TRAN-PUB,load,166.44,YZ,MW
2030-06-20 20:00:00,TRAN-PRV,load,296.82000000000005,YZ,MW
2030-06-21 21:00:00,TRAN-PUB,load,166.44,YZ,MW
2030-06-22 22:00:00,TRAN-PRV,load,305.065,YZ,MW
2030-06-23 23:00:00,TRAN-PUB,load,166.44,YZ,MW
2030-06-25 00:00:00,TRAN-PRV,load,298.46900000000005,YZ,MW
2030-06-26 01:00:00,TRAN-PUB,load,166.44,YZ,MW
2030-06-27 02:00:00,TRAN-PRV,load,110.483,YZ,MW
2030-06-28 03:00:00,TRAN-PUB,load,166.44,YZ,MW
2030-06-29 04:00:00,TRAN-PRV,load,131.92000000000002,YZ,MW
2030-06-30 05:00:00,TRAN-PUB,load,166.44,YZ,MW
2030-07-01 06:00:00,TRAN-PRV,load,77.50299999999999,YZ,MW
2030-07-02 07:00:00,TRAN-PUB,load,166.44,YZ,MW
2030-07-03 08:00:00,TRAN-PRV,load,112.132,YZ,MW
2030-07-04 09:00:00,TRAN-PUB,load,166.44,YZ,MW
2030-07-05 10:00:00,TRAN-PRV,load,281.97900000000004,YZ,MW
2030-07-06 11:00:00,TRAN-PUB,load,166.44,YZ,MW
2030-07-07 12:00:00,TRAN-PRV,load,286.926,YZ,MW
2030-07-08 13:00:00,TRAN-PUB,load,166.44,YZ,MW
2030-07-09 14:00:00,TRAN-PRV,load,255.595,YZ,MW
2030-07-10 15:00:00,TRAN-PUB,load,166.44,YZ,MW
2030-07-11 16:00:00,TRAN-PRV,load,211.072,YZ,MW
2030-07-12 17:00:00,TRAN-PUB,load,166.44,YZ,MW
2030-07-13 18:00:00,TRAN-PRV,load,92.34400000000001,YZ,MW
2030-07-14 19:00:00,TRAN-PUB,load,166.44,YZ,MW
2030-07-15 20:00:00,TRAN-PRV,load,65.96000000000001,YZ,MW
2030-07-16 21:00:00,TRAN-PUB,load,166.44,YZ,MW
2030-07-17 22:00:00,TRAN-PRV,load,164.9,YZ,MW
2030-07-18 23:00:00,TRAN-PUB,load,166.44,YZ,MW
2030-07-20 00:00:00,TRAN-PRV,load,164.9,YZ,MW
2030-07-21 01:00:00,TRAN-PUB,load,166.44,YZ,MW
2030-07-22 02:00:00,TRAN-PRV,load,158.304,YZ,MW
2030-07-23 03:00:00,TRAN-PUB,load,166.44,YZ,MW
2030-07-24 04:00:00,TRAN-PRV,load,143.463,YZ,MW
2030-07-25 05:00:00,TRAN-PUB,load,166.44,YZ,MW
2030-07-26 06:00:00,TRAN-PRV,load,98.94,YZ,MW
2030-07-27 07:00:00,TRAN-PUB,load,166.44,YZ,MW
2030-07-28 08:00:00,TRAN-PRV,load,28.033,YZ,MW
2030-07-29 09:00:00,TRAN-PUB,load,166.44,YZ,MW
2030-07-30 10:00:00,TRAN-PRV,load,201.178,YZ,MW
2030-07-31 11:00:00,TRAN-PUB,load,166.44,YZ,MW
2030-08-01 12:00:00,TRAN-PRV,load,308.363,YZ,MW
2030-08-02 13:00:00,TRAN-PUB,load,166.44,YZ,MW
2030-08-03 14:00:00,TRAN-PRV,load,323.204,YZ,MW
2030-08-04 15:00:00,TRAN-PUB,load,166.44,YZ,MW
2030-08-05 16:00:00,TRAN-PRV,load,311.661,YZ,MW
2030-08-06 17:00:00,TRAN-PUB,load,166.44,YZ,MW
2030-08-07 18:00:00,TRAN-PRV,load,281.97900000000004,YZ,MW
2030-08-08 19:00:00,TRAN-PUB,load,166.44,YZ,MW
2030-08-09 20:00:00,TRAN-PRV,load,166.549,YZ,MW
2030-08-10 21:00:00,TRAN-PUB,load,166.44,YZ,MW
2030-08-11 22:00:00,TRAN-PRV,load,89.04599999999999,YZ,MW
2030-08-12 23:00:00,TRAN-PUB,load,166.44,YZ,MW
2030-08-14 00:00:00,TRAN-PRV,load,281.97900000000004,YZ,MW
2030-08-15 01:00:00,TRAN-PUB,load,166.44,YZ,MW
2030-08-16 02:00:00,TRAN-PRV,load,314.959,YZ,MW
2030-08-17 03:00:00,TRAN-PUB,load,166.44,YZ,MW
2030-08-18 04:00:00,TRAN-PRV,load,334.747,YZ,MW
2030-08-19 05:00:00,TRAN-PUB,load,166.44,YZ,MW
2030-08-20 06:00:00,TRAN-PRV,load,334.747,YZ,MW
2030-08-21 07:00:00,TRAN-PUB,load,166.44,YZ,MW
2030-08-22 08:00:00,TRAN-PRV,load,298.46900000000005,YZ,MW
2030-08-23 09:00:00,TRAN-PUB,load,166.44,YZ,MW
2030-08-24 10:00:00,TRAN-PRV,load,141.814,YZ,MW
2030-08-25 11:00:00,TRAN-PUB,load,166.44,YZ,MW
2030-08-26 12:00:00,TRAN-PRV,load,93.99300000000001,YZ,MW
2030-08-27 13:00:00,TRAN-PUB,load,166.44,YZ,MW
2030-08-28 14:00:00,TRAN-PRV,load,197.88,YZ,MW
2030-08-29 15:00:00,TRAN-PUB,load,166.44,YZ,MW
2030-08-30 16:00:00,TRAN-PRV,load,72.556,YZ,MW
2030-08-31 17:00:00,TRAN-PUB,load,166.44,YZ,MW
2030-09-01 18:00:00,TRAN-PRV,load,194.582,YZ,MW
2030-09-02 19:00:00,TRAN-PUB,load,166.44,YZ,MW
2030-09-03 20:00:00,TRAN-PRV,load,191.284,YZ,MW
2030-09-04 21:00:00,TRAN-PUB,load,166.44,YZ,MW
2030-09-05 22:00:00,TRAN-PRV,load,155.00599999999997,YZ,MW
2030-09-06 23:00:00,TRAN-PUB,load,166.44,YZ,MW
2030-09-08 00:00:00,TRAN-PRV,load,56.066,YZ,MW
2030-09-09 01:00:00,TRAN-PUB,load,166.44,YZ,MW
2030-09-10 02:00:00,TRAN-PRV,load,72.556,YZ,MW
2030-09-11 03:00:00,TRAN-PUB,load,166.44,YZ,MW
2030-09-12 04:00:00,TRAN-PRV,load,145.112,YZ,MW
2030-09-13 05:00:00,TRAN-PUB,load,166.44,YZ,MW
2030-09-14 06:00:00,TRAN-PRV,load,151.708,YZ,MW
2030-09-15 07:00:00,TRAN-PUB,load,166.44,YZ,MW
2030-09-16 08:00:00,TRAN-PRV,load,90.695,YZ,MW
2030-09-17 09:00:00,TRAN-PUB,load,166.44,YZ,MW
2030-09-18 10:00:00,TRAN-PRV,load,196.231,YZ,MW
2030-09-19 11:00:00,TRAN-PUB,load,166.44,YZ,MW
2030-09-20 12:00:00,TRAN-PRV,load,122.026,YZ,MW
2030-09-21 13:00:00,TRAN-PUB,load,166.44,YZ,MW
2030-09-22 14:00:00,TRAN-PRV,load,36.278,YZ,MW
2030-09-23 15:00:00,TRAN-PUB,load,166.44,YZ,MW
2030-09-24 16:00:00,TRAN-PRV,load,272.085,YZ,MW
2030-09-25 17:00:00,TRAN-PUB,load,166.44,YZ,MW
2030-09-26 18:00:00,TRAN-PRV,load,311.661,YZ,MW
2030-09-27 19:00:00,TRAN-PUB,load,166.44,YZ,MW
2030-09-28 20:00:00,TRAN-PRV,load,306.714,YZ,MW
2030-09-29 21:00:00,TRAN-PUB,load,166.44,YZ,MW
2030-09-30 22:00:00,TRAN-PRV,load,303.416,YZ,MW
2030-10-01 23:00:00,TRAN-PUB,load,166.44,YZ,MW
2030-10-03 00:00:00,TRAN-PRV,load,306.714,YZ,MW
2030-10-04 01:00:00,TRAN-PUB,load,166.44,YZ,MW
2030-10-05 02:00:00,TRAN-PRV,load,169.84699999999998,YZ,MW
2030-10-06 03:00:00,TRAN-PUB,load,166.44,YZ,MW
2030-10-07 04:00:00,TRAN-PRV,load,85.74799999999999,YZ,MW
2030-10-08 05:00:00,TRAN-PUB,load,166.44,YZ,MW
2030-10-09 06:00:00,TRAN-PRV,load,105.536,YZ,MW
2030-10-10 07:00:00,TRAN-PUB,load,166.44,YZ,MW
2030-10-11 08:00:00,TRAN-PRV,load,310.01199999999994,YZ,MW
2030-10-12 09:00:00,TRAN-PUB,load,166.44,YZ,MW
2030-10-13 10:00:00,TRAN-PRV,load,321.555,YZ,MW
2030-10-14 11:00:00,TRAN-PUB,load,166.44,YZ,MW
2030-10-15 12:00:00,TRAN-PRV,load,295.171,YZ,MW
2030-10-16 13:00:00,TRAN-PUB,load,166.44,YZ,MW
2030-10-17 14:00:00,TRAN-PRV,load,232.50900000000001,YZ,MW
2030-10-18 15:00:00,TRAN-PUB,load,166.44,YZ,MW
2030-10-19 16:00:00,TRAN-PRV,load,102.238,YZ,MW
2030-10-20 17:00:00,TRAN-PUB,load,166.44,YZ,MW
2030-10-21 18:00:00,TRAN-PRV,load,61.013,YZ,MW
2030-10-22 19:00:00,TRAN-PUB,load,166.44,YZ,MW
2030-10-23 20:00:00,TRAN-PRV,load,183.039,YZ,MW
2030-10-24 21:00:00,TRAN-PUB,load,166.44,YZ,MW
2030-10-25 22:00:00,TRAN-PRV,load,183.039,YZ,MW
2030-10-26 23:00:00,TRAN-PUB,load,166.44,YZ,MW
2030-10-28 00:00:00,TRAN-PRV,load,153.357,YZ,MW
2030-10-29 01:00:00,TRAN-PUB,load,166.44,YZ,MW
2030-10-30 02:00:00,TRAN-PRV,load,102.238,YZ,MW
2030-10-31 03:00:00,TRAN-PUB,load,166.44,YZ,MW
2030-11-01 04:00:00,TRAN-PRV,load,107.18499999999999,YZ,MW
2030-11-02 05:00:00,TRAN-PUB,load,166.44,YZ,MW
2030-11-03 06:00:00,TRAN-PRV,load,32.980000000000004,YZ,MW
2030-11-04 07:00:00,TRAN-PUB,load,166.44,YZ,MW
2030-11-05 08:00:00,TRAN-PRV,load,138.516,YZ,MW
2030-11-06 09:00:00,TRAN-PUB,load,166.44,YZ,MW
2030-11-07 10:00:00,TRAN-PRV,load,242.403,YZ,MW
2030-11-08 11:00:00,TRAN-PUB,load,166.44,YZ,MW
2030-11-09 12:00:00,TRAN-PRV,load,311.661,YZ,MW
2030-11-10 13:00:00,TRAN-PUB,load,166.44,YZ,MW
2030-11-11 14:00:00,TRAN-PRV,load,305.065,YZ,MW
2030-11-12 15:00:00,TRAN-PUB,load,166.44,YZ,MW
2030-11-13 16:00:00,TRAN-PRV,load,316.608,YZ,MW
2030-11-14 17:00:00,TRAN-PUB,load,166.44,YZ,MW
2030-11-15 18:00:00,TRAN-PRV,load,286.926,YZ,MW
2030-11-16 19:00:00,TRAN-PUB,load,166.44,YZ,MW
2030-11-17 20:00:00,TRAN-PRV,load,168.19799999999998,YZ,MW
2030-11-18 21:00:00,TRAN-PUB,load,166.44,YZ,MW
2030-11-19 22:00:00,TRAN-PRV,load,84.09899999999999,YZ,MW
2030-11-20 23:00:00,TRAN-PUB,load,166.44,YZ,MW
2030-11-22 00:00:00,TRAN-PRV,load,273.73400000000004,YZ,MW
2030-11-23 01:00:00,TRAN-PUB,load,166.44,YZ,MW
2030-11-24 02:00:00,TRAN-PRV,load,300.11800000000005,YZ,MW
2030-11-25 03:00:00,TRAN-PUB,load,166.44,YZ,MW
2030-11-26 04:00:00,TRAN-PRV,load,313.31,YZ,MW
2030-11-27 05:00:00,TRAN-PUB,load,166.44,YZ,MW
2030-11-28 06:00:00,TRAN-PRV,load,323.204,YZ,MW
2030-11-29 07:00:00,TRAN-PUB,load,166.44,YZ,MW
2030-11-30 08:00:00,TRAN-PRV,load,298.46900000000005,YZ,MW
2030-12-01 09:00:00,TRAN-PUB,load,166.44,YZ,MW
2030-12-02 10:00:00,TRAN-PRV,load,140.16500000000002,YZ,MW
2030-12-03 11:00:00,TRAN-PUB,load,166.44,YZ,MW
2030-12-04 12:00:00,TRAN-PRV,load,92.34400000000001,YZ,MW
2030-12-05 13:00:00,TRAN-PUB,load,166.44,YZ,MW
2030-12-06 14:00:00,TRAN-PRV,load,258.893,YZ,MW
2030-12-07 15:00:00,TRAN-PUB,load,166.44,YZ,MW
2030-12-08 16:00:00,TRAN-PRV,load,245.701,YZ,MW
2030-12-09 17:00:00,TRAN-PUB,load,166.44,YZ,MW
2030-12-10 18:00:00,TRAN-PRV,load,222.615,YZ,MW
2030-12-11 19:00:00,TRAN-PUB,load,166.44,YZ,MW
2030-12-12 20:00:00,TRAN-PRV,load,204.476,YZ,MW
2030-12-13 21:00:00,TRAN-PUB,load,166.44,YZ,MW
2030-12-14 22:00:00,TRAN-PRV,load,174.794,YZ,MW
2030-12-15 23:00:00,TRAN-PUB,load,166.44,YZ,MW
2030-12-17 00:00:00,TRAN-PRV,load,67.609,YZ,MW
2030-12-18 01:00:00,TRAN-PUB,load,166.44,YZ,MW
2030-12-19 02:00:00,TRAN-PRV,load,69.258,YZ,MW
2030-12-20 03:00:00,TRAN-PUB,load,166.44,YZ,MW
2030-12-21 04:00:00,TRAN-PRV,load,146.761,YZ,MW
2030-12-22 05:00:00,TRAN-PUB,load,166.44,YZ,MW
2030-12-23 06:00:00,TRAN-PRV,load,146.761,YZ,MW
2030-12-24 07:00:00,TRAN-PUB,load,166.44,YZ,MW
2030-12-25 08:00:00,TRAN-PRV,load,148.41000000000003,YZ,MW
2030-12-26 09:00:00,TRAN-PUB,load,166.44,YZ,MW
2030-12-27 10:00:00,TRAN-PRV,load,164.9,YZ,MW
2030-12-28 11:00:00,TRAN-PUB,load,166.44,YZ,MW
2030-12-29 12:00:00,TRAN-PRV,load,113.78099999999999,YZ,MW
2030-12-30 13:00:00,TRAN-PUB,load,166.44,YZ,MW
2030-12-31 14:00:00,TRAN-PRV,load,36.278,YZ,MW
2031-01-01 15:00:00,TRAN-PUB,load,166.44,YZ,MW
2031-01-02 16:00:00,TRAN-PRV,load,270.436,YZ,MW
2031-01-03 17:00:00,TRAN-PUB,load,166.44,YZ,MW
2031-01-04 18:00:00,TRAN-PRV,load,293.522,YZ,MW
2031-01-05 19:00:00,TRAN-PUB,load,166.44,YZ,MW
2031-01-06 20:00:00,TRAN-PRV,load,296.82000000000005,YZ,MW
2031-01-07 21:00:00,TRAN-PUB,load,166.44,YZ,MW
2031-01-08 22:00:00,TRAN-PRV,load,291.873,YZ,MW
2031-01-09 23:00:00,TRAN-PUB,load,166.44,YZ,MW
2031-01-11 00:00:00,TRAN-PRV,load,283.628,YZ,MW
2031-01-12 01:00:00,TRAN-PUB,load,166.44,YZ,MW
2031-01-13 02:00:00,TRAN-PRV,load,140.16500000000002,YZ,MW
2031-01-14 03:00:00,TRAN-PUB,load,166.44,YZ,MW
2031-01-15 04:00:00,TRAN-PRV,load,105.536,YZ,MW
2031-01-16 05:00:00,TRAN-PUB,load,166.44,YZ,MW
2031-01-17 06:00:00,TRAN-PRV,load,283.628,YZ,MW
2031-01-18 07:00:00,TRAN-PUB,load,166.44,YZ,MW
2031-01-19 08:00:00,TRAN-PRV,load,316.608,YZ,MW
2031-01-20 09:00:00,TRAN-PUB,load,166.44,YZ,MW
2031-01-21 10:00:00,TRAN-PRV,load,321.555,YZ,MW
2031-01-22 11:00:00,TRAN-PUB,load,166.44,YZ,MW
2031-01-23 12:00:00,TRAN-PRV,load,298.46900000000005,YZ,MW
2031-01-24 13:00:00,TRAN-PUB,load,166.44,YZ,MW
2031-01-25 14:00:00,TRAN-PRV,load,245.701,YZ,MW
2031-01-26 15:00:00,TRAN-PUB,load,166.44,YZ,MW
2031-01-27 16:00:00,TRAN-PRV,load,92.34400000000001,YZ,MW
2031-01-28 17:00:00,TRAN-PUB,load,166.44,YZ,MW
2031-01-29 18:00:00,TRAN-PRV,load,82.45,YZ,MW
2031-01-30 19:00:00,TRAN-PUB,load,166.44,YZ,MW
2031-01-31 20:00:00,TRAN-PRV,load,181.39,YZ,MW
2031-02-01 21:00:00,TRAN-PUB,load,166.44,YZ,MW
2031-02-02 22:00:00,TRAN-PRV,load,186.337,YZ,MW
2031-02-03 23:00:00,TRAN-PUB,load,166.44,YZ,MW
2031-02-05 00:00:00,TRAN-PRV,load,173.145,YZ,MW
2031-02-06 01:00:00,TRAN-PUB,load,166.44,YZ,MW
2031-02-07 02:00:00,TRAN-PRV,load,158.304,YZ,MW
2031-02-08 03:00:00,TRAN-PUB,load,166.44,YZ,MW
2031-02-09 04:00:00,TRAN-PRV,load,122.026,YZ,MW
2031-02-10 05:00:00,TRAN-PUB,load,166.44,YZ,MW
2031-02-11 06:00:00,TRAN-PRV,load,39.576,YZ,MW
2031-02-12 07:00:00,TRAN-PUB,load,166.44,YZ,MW
2031-02-13 08:00:00,TRAN-PRV,load,97.291,YZ,MW
2031-02-14 09:00:00,TRAN-PUB,load,166.44,YZ,MW
2031-02-15 10:00:00,TRAN-PRV,load,159.953,YZ,MW
2031-02-16 11:00:00,TRAN-PUB,load,166.44,YZ,MW
2031-02-17 12:00:00,TRAN-PRV,load,222.615,YZ,MW
2031-02-18 13:00:00,TRAN-PUB,load,166.44,YZ,MW
2031-02-19 14:00:00,TRAN-PRV,load,281.97900000000004,YZ,MW
2031-02-20 15:00:00,TRAN-PUB,load,166.44,YZ,MW
2031-02-21 16:00:00,TRAN-PRV,load,267.13800000000003,YZ,MW
2031-02-22 17:00:00,TRAN-PUB,load,166.44,YZ,MW
2031-02-23 18:00:00,TRAN-PRV,load,118.72800000000001,YZ,MW
2031-02-24 19:00:00,TRAN-PUB,load,166.44,YZ,MW
2031-02-25 20:00:00,TRAN-PRV,load,74.20500000000001,YZ,MW
2031-02-26 21:00:00,TRAN-PUB,load,166.44,YZ,MW
2031-02-27 22:00:00,TRAN-PRV,load,255.595,YZ,MW
2031-02-28 23:00:00,TRAN-PUB,load,166.44,YZ,MW
2031-03-02 00:00:00,TRAN-PRV,load,275.383,YZ,MW
2031-03-03 01:00:00,TRAN-PUB,load,166.44,YZ,MW
2031-03-04 02:00:00,TRAN-PRV,load,280.33000000000004,YZ,MW
2031-03-05 03:00:00,TRAN-PUB,load,166.44,YZ,MW
2031-03-06 04:00:00,TRAN-PRV,load,281.97900000000004,YZ,MW
2031-03-07 05:00:00,TRAN-PUB,load,166.44,YZ,MW
2031-03-08 06:00:00,TRAN-PRV,load,277.032,YZ,MW
2031-03-09 07:00:00,TRAN-PUB,load,166.44,YZ,MW
2031-03-10 08:00:00,TRAN-PRV,load,123.675,YZ,MW
2031-03-11 09:00:00,TRAN-PUB,load,166.44,YZ,MW
2031-03-12 10:00:00,TRAN-PRV,load,105.536,YZ,MW
2031-03-13 11:00:00,TRAN-PUB,load,166.44,YZ,MW
2031-03-14 12:00:00,TRAN-PRV,load,265.48900000000003,YZ,MW
2031-03-15 13:00:00,TRAN-PUB,load,166.44,YZ,MW
2031-03-16 14:00:00,TRAN-PRV,load,260.54200000000003,YZ,MW
2031-03-17 15:00:00,TRAN-PUB,load,166.44,YZ,MW
2031-03-18 16:00:00,TRAN-PRV,load,232.50900000000001,YZ,MW
2031-03-19 17:00:00,TRAN-PUB,load,166.44,YZ,MW
2031-03-20 18:00:00,TRAN-PRV,load,206.125,YZ,MW
2031-03-21 19:00:00,TRAN-PUB,load,166.44,YZ,MW
2031-03-22 20:00:00,TRAN-PRV,load,178.09199999999998,YZ,MW
2031-03-23 21:00:00,TRAN-PUB,load,166.44,YZ,MW
2031-03-24 22:00:00,TRAN-PRV,load,75.854,YZ,MW
2031-03-25 23:00:00,TRAN-PUB,load,166.44,YZ,MW
2031-03-27 00:00:00,TRAN-PRV,load,67.609,YZ,MW
2031-03-28 01:00:00,TRAN-PUB,load,166.44,YZ,MW
2031-03-29 02:00:00,TRAN-PRV,load,140.16500000000002,YZ,MW
2031-03-30 03:00:00,TRAN-PUB,load,166.44,YZ,MW
2031-03-31 04:00:00,TRAN-PRV,load,135.218,YZ,MW
2031-04-01 05:00:00,TRAN-PUB,load,166.44,YZ,MW
2031-04-02 06:00:00,TRAN-PRV,load,115.42999999999998,YZ,MW
2031-04-03 07:00:00,TRAN-PUB,load,166.44,YZ,MW
2031-04-04 08:00:00,TRAN-PRV,load,123.675,YZ,MW
2031-04-05 09:00:00,TRAN-PUB,load,166.44,YZ,MW
2031-04-06 10:00:00,TRAN-PRV,load,95.642,YZ,MW
2031-04-07 11:00:00,TRAN-PUB,load,166.44,YZ,MW
2031-04-08 12:00:00,TRAN-PRV,load,34.629,YZ,MW
2031-04-09 13:00:00,TRAN-PUB,load,166.44,YZ,MW
2031-04-10 14:00:00,TRAN-PRV,load,248.99900000000002,YZ,MW
2031-04-11 15:00:00,TRAN-PUB,load,166.44,YZ,MW
2031-04-12 16:00:00,TRAN-PRV,load,293.522,YZ,MW
2031-04-13 17:00:00,TRAN-PUB,load,166.44,YZ,MW
2031-04-14 18:00:00,TRAN-PRV,load,285.277,YZ,MW
2031-04-15 19:00:00,TRAN-PUB,load,166.44,YZ,MW
2031-04-16 20:00:00,TRAN-PRV,load,288.575,YZ,MW
2031-04-17 21:00:00,TRAN-PUB,load,166.44,YZ,MW
2031-04-18 22:00:00,TRAN-PRV,load,268.78700000000003,YZ,MW
2031-04-19 23:00:00,TRAN-PUB,load,166.44,YZ,MW
2031-04-21 00:00:00,TRAN-PRV,load,143.463,YZ,MW
2031-04-22 01:00:00,TRAN-PUB,load,166.44,YZ,MW
2031-04-23 02:00:00,TRAN-PRV,load,108.834,YZ,MW
2031-04-24 03:00:00,TRAN-PUB,load,166.44,YZ,MW
2031-04-25 04:00:00,TRAN-PRV,load,272.085,YZ,MW
2031-04-26 05:00:00,TRAN-PUB,load,166.44,YZ,MW
2031-04-27 06:00:00,TRAN-PRV,load,301.767,YZ,MW
2031-04-28 07:00:00,TRAN-PUB,load,166.44,YZ,MW
2031-04-29 08:00:00,TRAN-PRV,load,313.31,YZ,MW
2031-04-30 09:00:00,TRAN-PUB,load,166.44,YZ,MW
2031-05-01 10:00:00,TRAN-PRV,load,310.01199999999994,YZ,MW
2031-05-02 11:00:00,TRAN-PUB,load,166.44,YZ,MW
2031-05-03 12:00:00,TRAN-PRV,load,263.84000000000003,YZ,MW
2031-05-04 13:00:00,TRAN-PUB,load,166.44,YZ,MW
2031-05-05 14:00:00,TRAN-PRV,load,128.622,YZ,MW
2031-05-06 15:00:00,TRAN-PUB,load,166.44,YZ,MW
2031-05-07 16:00:00,TRAN-PRV,load,97.291,YZ,MW
2031-05-08 17:00:00,TRAN-PUB,load,166.44,YZ,MW
2031-05-09 18:00:00,TRAN-PRV,load,194.582,YZ,MW
2031-05-10 19:00:00,TRAN-PUB,load,166.44,YZ,MW
2031-05-11 20:00:00,TRAN-PRV,load,196.231,YZ,MW
2031-05-12 21:00:00,TRAN-PUB,load,166.44,YZ,MW
2031-05-13 22:00:00,TRAN-PRV,load,189.635,YZ,MW
2031-05-14 23:00:00,TRAN-PUB,load,166.44,YZ,MW
2031-05-16 00:00:00,TRAN-PRV,load,171.49599999999998,YZ,MW
2031-05-17 01:00:00,TRAN-PUB,load,166.44,YZ,MW
2031-05-18 02:00:00,TRAN-PRV,load,131.92000000000002,YZ,MW
2031-05-19 03:00:00,TRAN-PUB,load,166.44,YZ,MW
2031-05-20 04:00:00,TRAN-PRV,load,46.172000000000004,YZ,MW
2031-05-21 05:00:00,TRAN-PUB,load,166.44,YZ,MW
2031-05-22 06:00:00,TRAN-PRV,load,77.50299999999999,YZ,MW
2031-05-23 07:00:00,TRAN-PUB,load,166.44,YZ,MW
2031-05-24 08:00:00,TRAN-PRV,load,141.814,YZ,MW
2031-05-25 09:00:00,TRAN-PUB,load,166.44,YZ,MW
2031-05-26 10:00:00,TRAN-PRV,load,171.49599999999998,YZ,MW
2031-05-27 11:00:00,TRAN-PUB,load,166.44,YZ,MW
2031-05-28 12:00:00,TRAN-PRV,load,230.85999999999996,YZ,MW
2031-05-29 13:00:00,TRAN-PUB,load,166.44,YZ,MW
2031-05-30 14:00:00,TRAN-PRV,load,267.13800000000003,YZ,MW
2031-05-31 15:00:00,TRAN-PUB,load,166.44,YZ,MW
2031-06-01 16:00:00,TRAN-PRV,load,136.86700000000002,YZ,MW
2031-06-02 17:00:00,TRAN-PUB,load,166.44,YZ,MW
2031-06-03 18:00:00,TRAN-PRV,load,52.768,YZ,MW
2031-06-04 19:00:00,TRAN-PUB,load,166.44,YZ,MW
2031-06-05 20:00:00,TRAN-PRV,load,267.13800000000003,YZ,MW
2031-06-06 21:00:00,TRAN-PUB,load,166.44,YZ,MW
2031-06-07 22:00:00,TRAN-PRV,load,291.873,YZ,MW
2031-06-08 23:00:00,TRAN-PUB,load,166.44,YZ,MW
2031-06-10 00:00:00,TRAN-PRV,load,296.82000000000005,YZ,MW
2031-06-11 01:00:00,TRAN-PUB,load,166.44,YZ,MW
2031-06-12 02:00:00,TRAN-PRV,load,296.82000000000005,YZ,MW
2031-06-13 03:00:00,TRAN-PUB,load,166.44,YZ,MW
2031-06-14 04:00:00,TRAN-PRV,load,300.11800000000005,YZ,MW
2031-06-15 05:00:00,TRAN-PUB,load,166.44,YZ,MW
2031-06-16 06:00:00,TRAN-PRV,load,159.953,YZ,MW
2031-06-17 07:00:00,TRAN-PUB,load,166.44,YZ,MW
2031-06-18 08:00:00,TRAN-PRV,load,107.18499999999999,YZ,MW
2031-06-19 09:00:00,TRAN-PUB,load,166.44,YZ,MW
2031-06-20 10:00:00,TRAN-PRV,load,301.767,YZ,MW
2031-06-21 11:00:00,TRAN-PUB,load,166.44,YZ,MW
2031-06-22 12:00:00,TRAN-PRV,load,313.31,YZ,MW
2031-06-23 13:00:00,TRAN-PUB,load,166.44,YZ,MW
2031-06-24 14:00:00,TRAN-PRV,load,285.277,YZ,MW
2031-06-25 15:00:00,TRAN-PUB,load,166.44,YZ,MW
2031-06-26 16:00:00,TRAN-PRV,load,265.48900000000003,YZ,MW
2031-06-27 17:00:00,TRAN-PUB,load,166.44,YZ,MW
2031-06-28 18:00:00,TRAN-PRV,load,212.72099999999998,YZ,MW
2031-06-29 19:00:00,TRAN-PUB,load,166.44,YZ,MW
2031-06-30 20:00:00,TRAN-PRV,load,87.397,YZ,MW
2031-07-01 21:00:00,TRAN-PUB,load,166.44,YZ,MW
2031-07-02 22:00:00,TRAN-PRV,load,65.96000000000001,YZ,MW
2031-07-03 23:00:00,TRAN-PUB,load,166.44,YZ,MW
2031-07-05 00:00:00,TRAN-PRV,load,163.25099999999998,YZ,MW
2031-07-06 01:00:00,TRAN-PUB,load,166.44,YZ,MW
2031-07-07 02:00:00,TRAN-PRV,load,148.41000000000003,YZ,MW
2031-07-08 03:00:00,TRAN-PUB,load,166.44,YZ,MW
2031-07-09 04:00:00,TRAN-PRV,load,112.132,YZ,MW
2031-07-10 05:00:00,TRAN-PUB,load,166.44,YZ,MW
2031-07-11 06:00:00,TRAN-PRV,load,150.05900000000003,YZ,MW
2031-07-12 07:00:00,TRAN-PUB,load,166.44,YZ,MW
2031-07-13 08:00:00,TRAN-PRV,load,103.887,YZ,MW
2031-07-14 09:00:00,TRAN-PUB,load,166.44,YZ,MW
2031-07-15 10:00:00,TRAN-PRV,load,29.682000000000002,YZ,MW
2031-07-16 11:00:00,TRAN-PUB,load,166.44,YZ,MW
2031-07-17 12:00:00,TRAN-PRV,load,202.82700000000003,YZ,MW
2031-07-18 13:00:00,TRAN-PUB,load,166.44,YZ,MW
2031-07-19 14:00:00,TRAN-PRV,load,296.82000000000005,YZ,MW
2031-07-20 15:00:00,TRAN-PUB,load,166.44,YZ,MW
2031-07-21 16:00:00,TRAN-PRV,load,311.661,YZ,MW
2031-07-22 17:00:00,TRAN-PUB,load,166.44,YZ,MW
2031-07-23 18:00:00,TRAN-PRV,load,303.416,YZ,MW
2031-07-24 19:00:00,TRAN-PUB,load,166.44,YZ,MW
2031-07-25 20:00:00,TRAN-PRV,load,280.33000000000004,YZ,MW
2031-07-26 21:00:00,TRAN-PUB,load,166.44,YZ,MW
2031-07-27 22:00:00,TRAN-PRV,load,174.794,YZ,MW
2031-07-28 23:00:00,TRAN-PUB,load,166.44,YZ,MW
2031-07-30 00:00:00,TRAN-PRV,load,102.238,YZ,MW
2031-07-31 01:00:00,TRAN-PUB,load,166.44,YZ,MW
2031-08-01 02:00:00,TRAN-PRV,load,278.681,YZ,MW
2031-08-02 03:00:00,TRAN-PUB,load,166.44,YZ,MW
2031-08-03 04:00:00,TRAN-PRV,load,310.01199999999994,YZ,MW
2031-08-04 05:00:00,TRAN-PUB,load,166.44,YZ,MW
2031-08-05 06:00:00,TRAN-PRV,load,324.853,YZ,MW
2031-08-06 07:00:00,TRAN-PUB,load,166.44,YZ,MW
2031-08-07 08:00:00,TRAN-PRV,load,333.098,YZ,MW
2031-08-08 09:00:00,TRAN-PUB,load,166.44,YZ,MW
2031-08-09 10:00:00,TRAN-PRV,load,290.224,YZ,MW
2031-08-10 11:00:00,TRAN-PUB,load,166.44,YZ,MW
2031-08-11 12:00:00,TRAN-PRV,load,140.16500000000002,YZ,MW
2031-08-12 13:00:00,TRAN-PUB,load,166.44,YZ,MW
2031-08-13 14:00:00,TRAN-PRV,load,105.536,YZ,MW
2031-08-14 15:00:00,TRAN-PUB,load,166.44,YZ,MW
2031-08-15 16:00:00,TRAN-PRV,load,225.913,YZ,MW
2031-08-16 17:00:00,TRAN-PUB,load,166.44,YZ,MW
2031-08-17 18:00:00,TRAN-PRV,load,220.966,YZ,MW
2031-08-18 19:00:00,TRAN-PUB,load,166.44,YZ,MW
2031-08-19 20:00:00,TRAN-PRV,load,206.125,YZ,MW
2031-08-20 21:00:00,TRAN-PUB,load,166.44,YZ,MW
2031-08-21 22:00:00,TRAN-PRV,load,194.582,YZ,MW
2031-08-22 23:00:00,TRAN-PUB,load,166.44,YZ,MW
2031-08-24 00:00:00,TRAN-PRV,load,153.357,YZ,MW
2031-08-25 01:00:00,TRAN-PUB,load,166.44,YZ,MW
2031-08-26 02:00:00,TRAN-PRV,load,52.768,YZ,MW
2031-08-27 03:00:00,TRAN-PUB,load,166.44,YZ,MW
2031-08-28 04:00:00,TRAN-PRV,load,70.907,YZ,MW
2031-08-29 05:00:00,TRAN-PUB,load,166.44,YZ,MW
2031-08-30 06:00:00,TRAN-PRV,load,141.814,YZ,MW
2031-08-31 07:00:00,TRAN-PUB,load,166.44,YZ,MW
2031-09-01 08:00:00,TRAN-PRV,load,131.92000000000002,YZ,MW
2031-09-02 09:00:00,TRAN-PUB,load,166.44,YZ,MW
2031-09-03 10:00:00,TRAN-PRV,load,90.695,YZ,MW
2031-09-04 11:00:00,TRAN-PUB,load,166.44,YZ,MW
2031-09-05 12:00:00,TRAN-PRV,load,191.284,YZ,MW
2031-09-06 13:00:00,TRAN-PUB,load,166.44,YZ,MW
2031-09-07 14:00:00,TRAN-PRV,load,108.834,YZ,MW
2031-09-08 15:00:00,TRAN-PUB,load,166.44,YZ,MW
2031-09-09 16:00:00,TRAN-PRV,load,28.033,YZ,MW
2031-09-10 17:00:00,TRAN-PUB,load,166.44,YZ,MW
2031-09-11 18:00:00,TRAN-PRV,load,268.78700000000003,YZ,MW
2031-09-12 19:00:00,TRAN-PUB,load,166.44,YZ,MW
2031-09-13 20:00:00,TRAN-PRV,load,303.416,YZ,MW
2031-09-14 21:00:00,TRAN-PUB,load,166.44,YZ,MW
2031-09-15 22:00:00,TRAN-PRV,load,305.065,YZ,MW
2031-09-16 23:00:00,TRAN-PUB,load,166.44,YZ,MW
2031-09-18 00:00:00,TRAN-PRV,load,303.416,YZ,MW
2031-09-19 01:00:00,TRAN-PUB,load,166.44,YZ,MW
2031-09-20 02:00:00,TRAN-PRV,load,296.82000000000005,YZ,MW
2031-09-21 03:00:00,TRAN-PUB,load,166.44,YZ,MW
2031-09-22 04:00:00,TRAN-PRV,load,153.357,YZ,MW
2031-09-23 05:00:00,TRAN-PUB,load,166.44,YZ,MW
2031-09-24 06:00:00,TRAN-PRV,load,93.99300000000001,YZ,MW
2031-09-25 07:00:00,TRAN-PUB,load,166.44,YZ,MW
2031-09-26 08:00:00,TRAN-PRV,load,313.31,YZ,MW
2031-09-27 09:00:00,TRAN-PUB,load,166.44,YZ,MW
2031-09-28 10:00:00,TRAN-PRV,load,334.747,YZ,MW
2031-09-29 11:00:00,TRAN-PUB,load,166.44,YZ,MW
2031-09-30 12:00:00,TRAN-PRV,load,314.959,YZ,MW
2031-10-01 13:00:00,TRAN-PUB,load,166.44,YZ,MW
2031-10-02 14:00:00,TRAN-PRV,load,281.97900000000004,YZ,MW
2031-10-03 15:00:00,TRAN-PUB,load,166.44,YZ,MW
2031-10-04 16:00:00,TRAN-PRV,load,224.264,YZ,MW
2031-10-05 17:00:00,TRAN-PUB,load,166.44,YZ,MW
2031-10-06 18:00:00,TRAN-PRV,load,85.74799999999999,YZ,MW
2031-10-07 19:00:00,TRAN-PUB,load,166.44,YZ,MW
2031-10-08 20:00:00,TRAN-PRV,load,52.768,YZ,MW
2031-10-09 21:00:00,TRAN-PUB,load,166.44,YZ,MW
2031-10-10 22:00:00,TRAN-PRV,load,181.39,YZ,MW
2031-10-11 23:00:00,TRAN-PUB,load,166.44,YZ,MW
2031-10-13 00:00:00,TRAN-PRV,load,179.741,YZ,MW
2031-10-14 01:00:00,TRAN-PUB,load,166.44,YZ,MW
2031-10-15 02:00:00,TRAN-PRV,load,166.549,YZ,MW
2031-10-16 03:00:00,TRAN-PUB,load,166.44,YZ,MW
2031-10-17 04:00:00,TRAN-PRV,load,153.357,YZ,MW
2031-10-18 05:00:00,TRAN-PUB,load,166.44,YZ,MW
2031-10-19 06:00:00,TRAN-PRV,load,105.536,YZ,MW
2031-10-20 07:00:00,TRAN-PUB,load,166.44,YZ,MW
2031-10-21 08:00:00,TRAN-PRV,load,28.033,YZ,MW
2031-10-22 09:00:00,TRAN-PUB,load,166.44,YZ,MW
2031-10-23 10:00:00,TRAN-PRV,load,135.218,YZ,MW
2031-10-24 11:00:00,TRAN-PUB,load,166.44,YZ,MW
2031-10-25 12:00:00,TRAN-PRV,load,240.754,YZ,MW
2031-10-26 13:00:00,TRAN-PUB,load,166.44,YZ,MW
2031-10-27 14:00:00,TRAN-PRV,load,306.714,YZ,MW
2031-10-28 15:00:00,TRAN-PUB,load,166.44,YZ,MW
2031-10-29 16:00:00,TRAN-PRV,load,311.661,YZ,MW
2031-10-30 17:00:00,TRAN-PUB,load,166.44,YZ,MW
2031-10-31 18:00:00,TRAN-PRV,load,283.628,YZ,MW
2031-11-01 19:00:00,TRAN-PUB,load,166.44,YZ,MW
2031-11-02 20:00:00,TRAN-PRV,load,153.357,YZ,MW
2031-11-03 21:00:00,TRAN-PUB,load,166.44,YZ,MW
2031-11-04 22:00:00,TRAN-PRV,load,65.96000000000001,YZ,MW
2031-11-05 23:00:00,TRAN-PUB,load,166.44,YZ,MW
2031-11-07 00:00:00,TRAN-PRV,load,277.032,YZ,MW
2031-11-08 01:00:00,TRAN-PUB,load,166.44,YZ,MW
2031-11-09 02:00:00,TRAN-PRV,load,311.661,YZ,MW
2031-11-10 03:00:00,TRAN-PUB,load,166.44,YZ,MW
2031-11-11 04:00:00,TRAN-PRV,load,318.257,YZ,MW
2031-11-12 05:00:00,TRAN-PUB,load,166.44,YZ,MW
2031-11-13 06:00:00,TRAN-PRV,load,329.8,YZ,MW
2031-11-14 07:00:00,TRAN-PUB,load,166.44,YZ,MW
2031-11-15 08:00:00,TRAN-PRV,load,303.416,YZ,MW
2031-11-16 09:00:00,TRAN-PUB,load,166.44,YZ,MW
2031-11-17 10:00:00,TRAN-PRV,load,135.218,YZ,MW
2031-11-18 11:00:00,TRAN-PUB,load,166.44,YZ,MW
2031-11-19 12:00:00,TRAN-PRV,load,93.99300000000001,YZ,MW
2031-11-20 13:00:00,TRAN-PUB,load,166.44,YZ,MW
2031-11-21 14:00:00,TRAN-PRV,load,262.191,YZ,MW
2031-11-22 15:00:00,TRAN-PUB,load,166.44,YZ,MW
2031-11-23 16:00:00,TRAN-PRV,load,250.64800000000002,YZ,MW
2031-11-24 17:00:00,TRAN-PUB,load,166.44,YZ,MW
2031-11-25 18:00:00,TRAN-PRV,load,229.21099999999998,YZ,MW
2031-11-26 19:00:00,TRAN-PUB,load,166.44,YZ,MW
2031-11-27 20:00:00,TRAN-PRV,load,212.72099999999998,YZ,MW
2031-11-28 21:00:00,TRAN-PUB,load,166.44,YZ,MW
2031-11-29 22:00:00,TRAN-PRV,load,179.741,YZ,MW
2031-11-30 23:00:00,TRAN-PUB,load,166.44,YZ,MW
2031-12-02 00:00:00,TRAN-PRV,load,64.311,YZ,MW
2031-12-03 01:00:00,TRAN-PUB,load,166.44,YZ,MW
2031-12-04 02:00:00,TRAN-PRV,load,65.96000000000001,YZ,MW
2031-12-05 03:00:00,TRAN-PUB,load,166.44,YZ,MW
2031-12-06 04:00:00,TRAN-PRV,load,151.708,YZ,MW
2031-12-07 05:00:00,TRAN-PUB,load,166.44,YZ,MW
2031-12-08 06:00:00,TRAN-PRV,load,146.761,YZ,MW
2031-12-09 07:00:00,TRAN-PUB,load,166.44,YZ,MW
2031-12-10 08:00:00,TRAN-PRV,load,140.16500000000002,YZ,MW
2031-12-11 09:00:00,TRAN-PUB,load,166.44,YZ,MW
2031-12-12 10:00:00,TRAN-PRV,load,136.86700000000002,YZ,MW
2031-12-13 11:00:00,TRAN-PUB,load,166.44,YZ,MW
2031-12-14 12:00:00,TRAN-PRV,load,84.09899999999999,YZ,MW
2031-12-15 13:00:00,TRAN-PUB,load,166.44,YZ,MW
2031-12-16 14:00:00,TRAN-PRV,load,23.086000000000002,YZ,MW
2031-12-17 15:00:00,TRAN-PUB,load,166.44,YZ,MW
2031-12-18 16:00:00,TRAN-PRV,load,46.172000000000004,YZ,MW
2031-12-19 17:00:00,TRAN-PUB,load,166.44,YZ,MW
2031-12-20 18:00:00,TRAN-PRV,load,21.436999999999998,YZ,MW
2031-12-21 19:00:00,TRAN-PUB,load,166.44,YZ,MW
2031-12-22 20:00:00,TRAN-PRV,load,49.47,YZ,MW
2031-12-23 21:00:00,TRAN-PUB,load,166.44,YZ,MW
2031-12-24 22:00:00,TRAN-PRV,load,159.953,YZ,MW
2031-12-25 23:00:00,TRAN-PUB,load,166.44,YZ,MW
2031-12-27 00:00:00,TRAN-PRV,load,171.49599999999998,YZ,MW
2031-12-28 01:00:00,TRAN-PUB,load,166.44,YZ,MW
2031-12-29 02:00:00,TRAN-PRV,load,123.675,YZ,MW
2031-12-30 03:00:00,TRAN-PUB,load,166.44,YZ,MW
2031-12-31 04:00:00,TRAN-PRV,load,85.74799999999999,YZ,MW
2032-01-01 05:00:00,TRAN-PUB,load,166.44,YZ,MW
2032-01-02 06:00:00,TRAN-PRV,load,74.20500000000001,YZ,MW
2032-01-03 07:00:00,TRAN-PUB,load,166.44,YZ,MW
2030-01-01 00:00:00,TRAN-PRV,store_discharge,-7.2,YZ,MW
2030-01-02 01:00:00,TRAN-PUB,store_discharge,0.0,YZ,MW
2030-01-03 02:00:00,TRAN-PRV,store_discharge,-2.4,YZ,MW
2030-01-04 03:00:00,TRAN-PUB,store_discharge,0.0,YZ,MW
2030-01-05 04:00:00,TRAN-PRV,store_discharge,9.6,YZ,MW
2030-01-06 05:00:00,TRAN-PUB,store_discharge,0.0,YZ,MW
2030-01-07 06:00:00,TRAN-PRV,store_discharge,0.0,YZ,MW
2030-01-08 07:00:00,TRAN-PUB,store_discharge,0.0,YZ,MW
2030-01-09 08:00:00,TRAN-PRV,store_discharge,0.0,YZ,MW
2030-01-10 09:00:00,TRAN-PUB,store_discharge,0.0,YZ,MW
2030-01-11 10:00:00,TRAN-PRV,store_discharge,0.0,YZ,MW
2030-01-12 11:00:00,TRAN-PUB,store_discharge,0.0,YZ,MW
2030-01-13 12:00:00,TRAN-PRV,store_discharge,-9.6,YZ,MW
2030-01-14 13:00:00,TRAN-PUB,store_discharge,-2.4,YZ,MW
2030-01-15 14:00:00,TRAN-PRV,store_discharge,9.6,YZ,MW
2030-01-16 15:00:00,TRAN-PUB,store_discharge,2.4,YZ,MW
2030-01-17 16:00:00,TRAN-PRV,store_discharge,0.0,YZ,MW
2030-01-18 17:00:00,TRAN-PUB,store_discharge,0.0,YZ,MW
2030-01-19 18:00:00,TRAN-PRV,store_discharge,0.0,YZ,MW
2030-01-20 19:00:00,TRAN-PUB,store_discharge,0.0,YZ,MW
2030-01-21 20:00:00,TRAN-PRV,store_discharge,0.0,YZ,MW
2030-01-22 21:00:00,TRAN-PUB,store_discharge,0.0,YZ,MW
2030-01-23 22:00:00,TRAN-PRV,store_discharge,0.0,YZ,MW
2030-01-24 23:00:00,TRAN-PUB,store_discharge,0.0,YZ,MW
2030-01-26 00:00:00,TRAN-PRV,store_discharge,0.0,YZ,MW
2030-01-27 01:00:00,TRAN-PUB,store_discharge,0.0,YZ,MW
2030-01-28 02:00:00,TRAN-PRV,store_discharge,0.0,YZ,MW
2030-01-29 03:00:00,TRAN-PUB,store_discharge,0.0,YZ,MW
2030-01-30 04:00:00,TRAN-PRV,store_discharge,0.0,YZ,MW
2030-01-31 05:00:00,TRAN-PUB,store_discharge,0.0,YZ,MW
2030-02-01 06:00:00,TRAN-PRV,store_discharge,0.0,YZ,MW
2030-02-02 07:00:00,TRAN-PUB,store_discharge,0.0,YZ,MW
2030-02-03 08:00:00,TRAN-PRV,store_discharge,0.0,YZ,MW
2030-02-04 09:00:00,TRAN-PUB,store_discharge,0.0,YZ,MW
2030-02-05 10:00:00,TRAN-PRV,store_discharge,0.0,YZ,MW
2030-02-06 11:00:00,TRAN-PUB,store_discharge,0.0,YZ,MW
2030-02-07 12:00:00,TRAN-PRV,store_discharge,0.0,YZ,MW
2030-02-08 13:00:00,TRAN-PUB,store_discharge,0.0,YZ,MW
2030-02-09 14:00:00,TRAN-PRV,store_discharge,0.0,YZ,MW
2030-02-10 15:00:00,TRAN-PUB,store_discharge,0.0,YZ,MW
2030-02-11 16:00:00,TRAN-PRV,store_discharge,0.0,YZ,MW
2030-02-12 17:00:00,TRAN-PUB,store_discharge,0.0,YZ,MW
2030-02-13 18:00:00,TRAN-PRV,store_discharge,0.0,YZ,MW
2030-02-14 19:00:00,TRAN-PUB,store_discharge,0.0,YZ,MW
2030-02-15 20:00:00,TRAN-PRV,store_discharge,0.0,YZ,MW
2030-02-16 21:00:00,TRAN-PUB,store_discharge,0.0,YZ,MW
2030-02-17 22:00:00,TRAN-PRV,store_discharge,0.0,YZ,MW
2030-02-18 23:00:00,TRAN-PUB,store_discharge,0.0,YZ,MW
2030-02-20 00:00:00,TRAN-PRV,store_discharge,0.0,YZ,MW
2030-02-21 01:00:00,TRAN-PUB,store_discharge,0.0,YZ,MW
2030-02-22 02:00:00,TRAN-PRV,store_discharge,0.0,YZ,MW
2030-02-23 03:00:00,TRAN-PUB,store_discharge,0.0,YZ,MW
2030-02-24 04:00:00,TRAN-PRV,store_discharge,-9.6,YZ,MW
2030-02-25 05:00:00,TRAN-PUB,store_discharge,0.0,YZ,MW
2030-02-26 06:00:00,TRAN-PRV,store_discharge,9.6,YZ,MW
2030-02-27 07:00:00,TRAN-PUB,store_discharge,0.0,YZ,MW
2030-02-28 08:00:00,TRAN-PRV,store_discharge,0.0,YZ,MW
2030-03-01 09:00:00,TRAN-PUB,store_discharge,0.0,YZ,MW
2030-03-02 10:00:00,TRAN-PRV,store_discharge,0.0,YZ,MW
2030-03-03 11:00:00,TRAN-PUB,store_discharge,0.0,YZ,MW
2030-03-04 12:00:00,TRAN-PRV,store_discharge,-7.2,YZ,MW
2030-03-05 13:00:00,TRAN-PUB,store_discharge,-2.4,YZ,MW
2030-03-06 14:00:00,TRAN-PRV,store_discharge,7.2,YZ,MW
2030-03-07 15:00:00,TRAN-PUB,store_discharge,2.4,YZ,MW
2030-03-08 16:00:00,TRAN-PRV,store_discharge,0.0,YZ,MW
2030-03-09 17:00:00,TRAN-PUB,store_discharge,0.0,YZ,MW
2030-03-10 18:00:00,TRAN-PRV,store_discharge,-6.720000000000001,YZ,MW
2030-03-11 19:00:00,TRAN-PUB,store_discharge,0.0,YZ,MW
2030-03-12 20:00:00,TRAN-PRV,store_discharge,6.720000000000001,YZ,MW
2030-03-13 21:00:00,TRAN-PUB,store_discharge,0.0,YZ,MW
2030-03-14 22:00:00,TRAN-PRV,store_discharge,0.0,YZ,MW
2030-03-15 23:00:00,TRAN-PUB,store_discharge,0.0,YZ,MW
2030-03-17 00:00:00,TRAN-PRV,store_discharge,0.0,YZ,MW
2030-03-18 01:00:00,TRAN-PUB,store_discharge,0.0,YZ,MW
2030-03-19 02:00:00,TRAN-PRV,store_discharge,0.0,YZ,MW
2030-03-20 03:00:00,TRAN-PUB,store_discharge,0.0,YZ,MW
2030-03-21 04:00:00,TRAN-PRV,store_discharge,0.0,YZ,MW
2030-03-22 05:00:00,TRAN-PUB,store_discharge,0.0,YZ,MW
2030-03-23 06:00:00,TRAN-PRV,store_discharge,0.0,YZ,MW
2030-03-24 07:00:00,TRAN-PUB,store_discharge,0.0,YZ,MW
2030-03-25 08:00:00,TRAN-PRV,store_discharge,0.0,YZ,MW
2030-03-26 09:00:00,TRAN-PUB,store_discharge,0.0,YZ,MW
2030-03-27 10:00:00,TRAN-PRV,store_discharge,0.0,YZ,MW
2030-03-28 11:00:00,TRAN-PUB,store_discharge,0.0,YZ,MW
2030-03-29 12:00:00,TRAN-PRV,store_discharge,0.0,YZ,MW
2030-03-30 13:00:00,TRAN-PUB,store_discharge,0.0,YZ,MW
2030-03-31 14:00:00,TRAN-PRV,store_discharge,0.0,YZ,MW
2030-04-01 15:00:00,TRAN-PUB,store_discharge,0.0,YZ,MW
2030-04-02 16:00:00,TRAN-PRV,store_discharge,0.0,YZ,MW
2030-04-03 17:00:00,TRAN-PUB,store_discharge,0.0,YZ,MW
2030-04-04 18:00:00,TRAN-PRV,store_discharge,0.0,YZ,MW
2030-04-05 19:00:00,TRAN-PUB,store_discharge,0.0,YZ,MW
2030-04-06 20:00:00,TRAN-PRV,store_discharge,0.0,YZ,MW
2030-04-07 21:00:00,TRAN-PUB,store_discharge,0.0,YZ,MW
2030-04-08 22:00:00,TRAN-PRV,store_discharge,-4.32,YZ,MW
2030-04-09 23:00:00,TRAN-PUB,store_discharge,0.0,YZ,MW
2030-04-11 00:00:00,TRAN-PRV,store_discharge,4.32,YZ,MW
2030-04-12 01:00:00,TRAN-PUB,store_discharge,0.0,YZ,MW
2030-04-13 02:00:00,TRAN-PRV,store_discharge,0.0,YZ,MW
2030-04-14 03:00:00,TRAN-PUB,store_discharge,0.0,YZ,MW
2030-04-15 04:00:00,TRAN-PRV,store_discharge,0.0,YZ,MW
2030-04-16 05:00:00,TRAN-PUB,store_discharge,0.0,YZ,MW
2030-04-17 06:00:00,TRAN-PRV,store_discharge,0.0,YZ,MW
2030-04-18 07:00:00,TRAN-PUB,store_discharge,0.0,YZ,MW
2030-04-19 08:00:00,TRAN-PRV,store_discharge,0.0,YZ,MW
2030-04-20 09:00:00,TRAN-PUB,store_discharge,0.0,YZ,MW
2030-04-21 10:00:00,TRAN-PRV,store_discharge,-9.6,YZ,MW
2030-04-22 11:00:00,TRAN-PUB,store_discharge,0.0,YZ,MW
2030-04-23 12:00:00,TRAN-PRV,store_discharge,2.4,YZ,MW
2030-04-24 13:00:00,TRAN-PUB,store_discharge,-2.4,YZ,MW
2030-04-25 14:00:00,TRAN-PRV,store_discharge,7.2,YZ,MW
2030-04-26 15:00:00,TRAN-PUB,store_discharge,2.4,YZ,MW
2030-04-27 16:00:00,TRAN-PRV,store_discharge,0.0,YZ,MW
2030-04-28 17:00:00,TRAN-PUB,store_discharge,0.0,YZ,MW
2030-04-29 18:00:00,TRAN-PRV,store_discharge,0.0,YZ,MW
2030-04-30 19:00:00,TRAN-PUB,store_discharge,0.0,YZ,MW
2030-05-01 20:00:00,TRAN-PRV,store_discharge,0.0,YZ,MW
2030-05-02 21:00:00,TRAN-PUB,store_discharge,0.0,YZ,MW
2030-05-03 22:00:00,TRAN-PRV,store_discharge,0.0,YZ,MW
2030-05-04 23:00:00,TRAN-PUB,store_discharge,0.0,YZ,MW
2030-05-06 00:00:00,TRAN-PRV,store_discharge,0.0,YZ,MW
2030-05-07 01:00:00,TRAN-PUB,store_discharge,0.0,YZ,MW
2030-05-08 02:00:00,TRAN-PRV,store_discharge,0.0,YZ,MW
2030-05-09 03:00:00,TRAN-PUB,store_discharge,0.0,YZ,MW
2030-05-10 04:00:00,TRAN-PRV,store_discharge,0.0,YZ,MW
2030-05-11 05:00:00,TRAN-PUB,store_discharge,0.0,YZ,MW
2030-05-12 06:00:00,TRAN-PRV,store_discharge,0.0,YZ,MW
2030-05-13 07:00:00,TRAN-PUB,store_discharge,0.0,YZ,MW
2030-05-14 08:00:00,TRAN-PRV,store_discharge,0.0,YZ,MW
2030-05-15 09:00:00,TRAN-PUB,store_discharge,0.0,YZ,MW
2030-05-16 10:00:00,TRAN-PRV,store_discharge,0.0,YZ,MW
2030-05-17 11:00:00,TRAN-PUB,store_discharge,0.0,YZ,MW
2030-05-18 12:00:00,TRAN-PRV,store_discharge,0.0,YZ,MW
2030-05-19 13:00:00,TRAN-PUB,store_discharge,0.0,YZ,MW
2030-05-20 14:00:00,TRAN-PRV,store_discharge,0.0,YZ,MW
2030-05-21 15:00:00,TRAN-PUB,store_discharge,0.0,YZ,MW
2030-05-22 16:00:00,TRAN-PRV,store_discharge,0.0,YZ,MW
2030-05-23 17:00:00,TRAN-PUB,store_discharge,0.0,YZ,MW
2030-05-24 18:00:00,TRAN-PRV,store_discharge,0.0,YZ,MW
2030-05-25 19:00:00,TRAN-PUB,store_discharge,0.0,YZ,MW
2030-05-26 20:00:00,TRAN-PRV,store_discharge,0.0,YZ,MW
2030-05-27 21:00:00,TRAN-PUB,store_discharge,0.0,YZ,MW
2030-05-28 22:00:00,TRAN-PRV,store_discharge,0.0,YZ,MW
2030-05-29 23:00:00,TRAN-PUB,store_discharge,0.0,YZ,MW
2030-05-31 00:00:00,TRAN-PRV,store_discharge,0.0,YZ,MW
2030-06-01 01:00:00,TRAN-PUB,store_discharge,0.0,YZ,MW
2030-06-02 02:00:00,TRAN-PRV,store_discharge,-6.720000000000001,YZ,MW
2030-06-03 03:00:00,TRAN-PUB,store_discharge,0.0,YZ,MW
2030-06-04 04:00:00,TRAN-PRV,store_discharge,2.4,YZ,MW
2030-06-05 05:00:00,TRAN-PUB,store_discharge,0.0,YZ,MW
2030-06-06 06:00:00,TRAN-PRV,store_discharge,4.32,YZ,MW
2030-06-07 07:00:00,TRAN-PUB,store_discharge,0.0,YZ,MW
2030-06-08 08:00:00,TRAN-PRV,store_discharge,0.0,YZ,MW
2030-06-09 09:00:00,TRAN-PUB,store_discharge,0.0,YZ,MW
2030-06-10 10:00:00,TRAN-PRV,store_discharge,0.0,YZ,MW
2030-06-11 11:00:00,TRAN-PUB,store_discharge,0.0,YZ,MW
2030-06-12 12:00:00,TRAN-PRV,store_discharge,-7.2,YZ,MW
2030-06-13 13:00:00,TRAN-PUB,store_discharge,-2.4,YZ,MW
2030-06-14 14:00:00,TRAN-PRV,store_discharge,7.2,YZ,MW
2030-06-15 15:00:00,TRAN-PUB,store_discharge,2.4,YZ,MW
2030-06-16 16:00:00,TRAN-PRV,store_discharge,-6.720000000000001,YZ,MW
2030-06-17 17:00:00,TRAN-PUB,store_discharge,0.0,YZ,MW
2030-06-18 18:00:00,TRAN-PRV,store_discharge,6.720000000000001,YZ,MW
2030-06-19 19:00:00,TRAN-PUB,store_discharge,0.0,YZ,MW
2030-06-20 20:00:00,TRAN-PRV,store_discharge,0.0,YZ,MW
2030-06-21 21:00:00,TRAN-PUB,store_discharge,0.0,YZ,MW
2030-06-22 22:00:00,TRAN-PRV,store_discharge,0.0,YZ,MW
2030-06-23 23:00:00,TRAN-PUB,store_discharge,0.0,YZ,MW
2030-06-25 00:00:00,TRAN-PRV,store_discharge,0.0,YZ,MW
2030-06-26 01:00:00,TRAN-PUB,store_discharge,0.0,YZ,MW
2030-06-27 02:00:00,TRAN-PRV,store_discharge,0.0,YZ,MW
2030-06-28 03:00:00,TRAN-PUB,store_discharge,0.0,YZ,MW
2030-06-29 04:00:00,TRAN-PRV,store_discharge,0.0,YZ,MW
2030-06-30 05:00:00,TRAN-PUB,store_discharge,0.0,YZ,MW
2030-07-01 06:00:00,TRAN-PRV,store_discharge,0.0,YZ,MW
2030-07-02 07:00:00,TRAN-PUB,store_discharge,0.0,YZ,MW
2030-07-03 08:00:00,TRAN-PRV,store_discharge,0.0,YZ,MW
2030-07-04 09:00:00,TRAN-PUB,store_discharge,0.0,YZ,MW
2030-07-05 10:00:00,TRAN-PRV,store_discharge,0.0,YZ,MW
2030-07-06 11:00:00,TRAN-PUB,store_discharge,0.0,YZ,MW
2030-07-07 12:00:00,TRAN-PRV,store_discharge,0.0,YZ,MW
2030-07-08 13:00:00,TRAN-PUB,store_discharge,0.0,YZ,MW
2030-07-09 14:00:00,TRAN-PRV,store_discharge,0.0,YZ,MW
2030-07-10 15:00:00,TRAN-PUB,store_discharge,0.0,YZ,MW
2030-07-11 16:00:00,TRAN-PRV,store_discharge,0.0,YZ,MW
2030-07-12 17:00:00,TRAN-PUB,store_discharge,0.0,YZ,MW
2030-07-13 18:00:00,TRAN-PRV,store_discharge,0.0,YZ,MW
2030-07-14 19:00:00,TRAN-PUB,store_discharge,0.0,YZ,MW
2030-07-15 20:00:00,TRAN-PRV,store_discharge,0.0,YZ,MW
2030-07-16 21:00:00,TRAN-PUB,store_discharge,0.0,YZ,MW
2030-07-17 22:00:00,TRAN-PRV,store_discharge,0.0,YZ,MW
2030-07-18 23:00:00,TRAN-PUB,store_discharge,0.0,YZ,MW
2030-07-20 00:00:00,TRAN-PRV,store_discharge,0.0,YZ,MW
2030-07-21 01:00:00,TRAN-PUB,store_discharge,0.0,YZ,MW
2030-07-22 02:00:00,TRAN-PRV,store_discharge,0.0,YZ,MW
2030-07-23 03:00:00,TRAN-PUB,store_discharge,0.0,YZ,MW
2030-07-24 04:00:00,TRAN-PRV,store_discharge,0.0,YZ,MW
2030-07-25 05:00:00,TRAN-PUB,store_discharge,0.0,YZ,MW
2030-07-26 06:00:00,TRAN-PRV,store_discharge,0.0,YZ,MW
2030-07-27 07:00:00,TRAN-PUB,store_discharge,0.0,YZ,MW
2030-07-28 08:00:00,TRAN-PRV,store_discharge,-9.6,YZ,MW
2030-07-29 09:00:00,TRAN-PUB,store_discharge,0.0,YZ,MW
2030-07-30 10:00:00,TRAN-PRV,store_discharge,2.4,YZ,MW
2030-07-31 11:00:00,TRAN-PUB,store_discharge,-2.4,YZ,MW
2030-08-01 12:00:00,TRAN-PRV,store_discharge,7.2,YZ,MW
2030-08-02 13:00:00,TRAN-PUB,store_discharge,2.4,YZ,MW
2030-08-03 14:00:00,TRAN-PRV,store_discharge,0.0,YZ,MW
2030-08-04 15:00:00,TRAN-PUB,store_discharge,0.0,YZ,MW
2030-08-05 16:00:00,TRAN-PRV,store_discharge,0.0,YZ,MW
2030-08-06 17:00:00,TRAN-PUB,store_discharge,0.0,YZ,MW
2030-08-07 18:00:00,TRAN-PRV,store_discharge,0.0,YZ,MW
2030-08-08 19:00:00,TRAN-PUB,store_discharge,0.0,YZ,MW
2030-08-09 20:00:00,TRAN-PRV,store_discharge,0.0,YZ,MW
2030-08-10 21:00:00,TRAN-PUB,store_discharge,0.0,YZ,MW
2030-08-11 22:00:00,TRAN-PRV,store_discharge,0.0,YZ,MW
2030-08-12 23:00:00,TRAN-PUB,store_discharge,0.0,YZ,MW
2030-08-14 00:00:00,TRAN-PRV,store_discharge,0.0,YZ,MW
2030-08-15 01:00:00,TRAN-PUB,store_discharge,0.0,YZ,MW
2030-08-16 02:00:00,TRAN-PRV,store_discharge,0.0,YZ,MW
2030-08-17 03:00:00,TRAN-PUB,store_discharge,0.0,YZ,MW
2030-08-18 04:00:00,TRAN-PRV,store_discharge,0.0,YZ,MW
2030-08-19 05:00:00,TRAN-PUB,store_discharge,0.0,YZ,MW
2030-08-20 06:00:00,TRAN-PRV,store_discharge,0.0,YZ,MW
2030-08-21 07:00:00,TRAN-PUB,store_discharge,0.0,YZ,MW
2030-08-22 08:00:00,TRAN-PRV,store_discharge,0.0,YZ,MW
2030-08-23 09:00:00,TRAN-PUB,store_discharge,0.0,YZ,MW
2030-08-24 10:00:00,TRAN-PRV,store_discharge,0.0,YZ,MW
2030-08-25 11:00:00,TRAN-PUB,store_discharge,0.0,YZ,MW
2030-08-26 12:00:00,TRAN-PRV,store_discharge,0.0,YZ,MW
2030-08-27 13:00:00,TRAN-PUB,store_discharge,0.0,YZ,MW
2030-08-28 14:00:00,TRAN-PRV,store_discharge,0.0,YZ,MW
2030-08-29 15:00:00,TRAN-PUB,store_discharge,0.0,YZ,MW
2030-08-30 16:00:00,TRAN-PRV,store_discharge,0.0,YZ,MW
2030-08-31 17:00:00,TRAN-PUB,store_discharge,0.0,YZ,MW
2030-09-01 18:00:00,TRAN-PRV,store_discharge,0.0,YZ,MW
2030-09-02 19:00:00,TRAN-PUB,store_discharge,0.0,YZ,MW
2030-09-03 20:00:00,TRAN-PRV,store_discharge,0.0,YZ,MW
2030-09-04 21:00:00,TRAN-PUB,store_discharge,0.0,YZ,MW
2030-09-05 22:00:00,TRAN-PRV,store_discharge,0.0,YZ,MW
2030-09-06 23:00:00,TRAN-PUB,store_discharge,0.0,YZ,MW
2030-09-08 00:00:00,TRAN-PRV,store_discharge,0.0,YZ,MW
2030-09-09 01:00:00,TRAN-PUB,store_discharge,0.0,YZ,MW
2030-09-10 02:00:00,TRAN-PRV,store_discharge,-4.32,YZ,MW
2030-09-11 03:00:00,TRAN-PUB,store_discharge,0.0,YZ,MW
2030-09-12 04:00:00,TRAN-PRV,store_discharge,4.32,YZ,MW
2030-09-13 05:00:00,TRAN-PUB,store_discharge,0.0,YZ,MW
2030-09-14 06:00:00,TRAN-PRV,store_discharge,0.0,YZ,MW
2030-09-15 07:00:00,TRAN-PUB,store_discharge,0.0,YZ,MW
2030-09-16 08:00:00,TRAN-PRV,store_discharge,0.0,YZ,MW
2030-09-17 09:00:00,TRAN-PUB,store_discharge,0.0,YZ,MW
2030-09-18 10:00:00,TRAN-PRV,store_discharge,-7.2,YZ,MW
2030-09-19 11:00:00,TRAN-PUB,store_discharge,-2.4,YZ,MW
2030-09-20 12:00:00,TRAN-PRV,store_discharge,7.2,YZ,MW
2030-09-21 13:00:00,TRAN-PUB,store_discharge,2.4,YZ,MW
2030-09-22 14:00:00,TRAN-PRV,store_discharge,-9.6,YZ,MW
2030-09-23 15:00:00,TRAN-PUB,store_discharge,0.0,YZ,MW
2030-09-24 16:00:00,TRAN-PRV,store_discharge,9.6,YZ,MW
2030-09-25 17:00:00,TRAN-PUB,store_discharge,0.0,YZ,MW
2030-09-26 18:00:00,TRAN-PRV,store_discharge,0.0,YZ,MW
2030-09-27 19:00:00,TRAN-PUB,store_discharge,0.0,YZ,MW
2030-09-28 20:00:00,TRAN-PRV,store_discharge,0.0,YZ,MW
2030-09-29 21:00:00,TRAN-PUB,store_discharge,0.0,YZ,MW
2030-09-30 22:00:00,TRAN-PRV,store_discharge,0.0,YZ,MW
2030-10-01 23:00:00,TRAN-PUB,store_discharge,0.0,YZ,MW
2030-10-03 00:00:00,TRAN-PRV,store_discharge,0.0,YZ,MW
2030-10-04 01:00:00,TRAN-PUB,store_discharge,0.0,YZ,MW
2030-10-05 02:00:00,TRAN-PRV,store_discharge,0.0,YZ,MW
2030-10-06 03:00:00,TRAN-PUB,store_discharge,0.0,YZ,MW
2030-10-07 04:00:00,TRAN-PRV,store_discharge,0.0,YZ,MW
2030-10-08 05:00:00,TRAN-PUB,store_discharge,0.0,YZ,MW
2030-10-09 06:00:00,TRAN-PRV,store_discharge,0.0,YZ,MW
2030-10-10 07:00:00,TRAN-PUB,store_discharge,0.0,YZ,MW
2030-10-11 08:00:00,TRAN-PRV,store_discharge,0.0,YZ,MW
2030-10-12 09:00:00,TRAN-PUB,store_discharge,0.0,YZ,MW
2030-10-13 10:00:00,TRAN-PRV,store_discharge,0.0,YZ,MW
2030-10-14 11:00:00,TRAN-PUB,store_discharge,0.0,YZ,MW
2030-10-15 12:00:00,TRAN-PRV,store_discharge,0.0,YZ,MW
2030-10-16 13:00:00,TRAN-PUB,store_discharge,0.0,YZ,MW
2030-10-17 14:00:00,TRAN-PRV,store_discharge,0.0,YZ,MW
2030-10-18 15:00:00,TRAN-PUB,store_discharge,0.0,YZ,MW
2030-10-19 16:00:00,TRAN-PRV,store_discharge,0.0,YZ,MW
2030-10-20 17:00:00,TRAN-PUB,store_discharge,0.0,YZ,MW
2030-10-21 18:00:00,TRAN-PRV,store_discharge,0.0,YZ,MW
2030-10-22 19:00:00,TRAN-PUB,store_discharge,0.0,YZ,MW
2030-10-23 20:00:00,TRAN-PRV,store_discharge,0.0,YZ,MW
2030-10-24 21:00:00,TRAN-PUB,store_discharge,0.0,YZ,MW
2030-10-25 22:00:00,TRAN-PRV,store_discharge,0.0,YZ,MW
2030-10-26 23:00:00,TRAN-PUB,store_discharge,0.0,YZ,MW
2030-10-28 00:00:00,TRAN-PRV,store_discharge,0.0,YZ,MW
2030-10-29 01:00:00,TRAN-PUB,store_discharge,0.0,YZ,MW
2030-10-30 02:00:00,TRAN-PRV,store_discharge,0.0,YZ,MW
2030-10-31 03:00:00,TRAN-PUB,store_discharge,0.0,YZ,MW
2030-11-01 04:00:00,TRAN-PRV,store_discharge,0.0,YZ,MW
2030-11-02 05:00:00,TRAN-PUB,store_discharge,0.0,YZ,MW
2030-11-03 06:00:00,TRAN-PRV,store_discharge,-9.6,YZ,MW
2030-11-04 07:00:00,TRAN-PUB,store_discharge,0.0,YZ,MW
2030-11-05 08:00:00,TRAN-PRV,store_discharge,9.6,YZ,MW
2030-11-06 09:00:00,TRAN-PUB,store_discharge,0.0,YZ,MW
2030-11-07 10:00:00,TRAN-PRV,store_discharge,-7.2,YZ,MW
2030-11-08 11:00:00,TRAN-PUB,store_discharge,-2.4,YZ,MW
2030-11-09 12:00:00,TRAN-PRV,store_discharge,7.2,YZ,MW
2030-11-10 13:00:00,TRAN-PUB,store_discharge,2.4,YZ,MW
2030-11-11 14:00:00,TRAN-PRV,store_discharge,0.0,YZ,MW
2030-11-12 15:00:00,TRAN-PUB,store_discharge,0.0,YZ,MW
2030-11-13 16:00:00,TRAN-PRV,store_discharge,0.0,YZ,MW
2030-11-14 17:00:00,TRAN-PUB,store_discharge,0.0,YZ,MW
2030-11-15 18:00:00,TRAN-PRV,store_discharge,0.0,YZ,MW
2030-11-16 19:00:00,TRAN-PUB,store_discharge,0.0,YZ,MW
2030-11-17 20:00:00,TRAN-PRV,store_discharge,0.0,YZ,MW
2030-11-18 21:00:00,TRAN-PUB,store_discharge,0.0,YZ,MW
2030-11-19 22:00:00,TRAN-PRV,store_discharge,0.0,YZ,MW
2030-11-20 23:00:00,TRAN-PUB,store_discharge,0.0,YZ,MW
2030-11-22 00:00:00,TRAN-PRV,store_discharge,0.0,YZ,MW
2030-11-23 01:00:00,TRAN-PUB,store_discharge,0.0,YZ,MW
2030-11-24 02:00:00,TRAN-PRV,store_discharge,0.0,YZ,MW
2030-11-25 03:00:00,TRAN-PUB,store_discharge,0.0,YZ,MW
2030-11-26 04:00:00,TRAN-PRV,store_discharge,0.0,YZ,MW
2030-11-27 05:00:00,TRAN-PUB,store_discharge,0.0,YZ,MW
2030-11-28 06:00:00,TRAN-PRV,store_discharge,0.0,YZ,MW
2030-11-29 07:00:00,TRAN-PUB,store_discharge,0.0,YZ,MW
2030-11-30 08:00:00,TRAN-PRV,store_discharge,0.0,YZ,MW
2030-12-01 09:00:00,TRAN-PUB,store_discharge,0.0,YZ,MW
2030-12-02 10:00:00,TRAN-PRV,store_discharge,0.0,YZ,MW
2030-12-03 11:00:00,TRAN-PUB,store_discharge,0.0,YZ,MW
2030-12-04 12:00:00,TRAN-PRV,store_discharge,0.0,YZ,MW
2030-12-05 13:00:00,TRAN-PUB,store_discharge,0.0,YZ,MW
2030-12-06 14:00:00,TRAN-PRV,store_discharge,0.0,YZ,MW
2030-12-07 15:00:00,TRAN-PUB,store_discharge,0.0,YZ,MW
2030-12-08 16:00:00,TRAN-PRV,store_discharge,0.0,YZ,MW
2030-12-09 17:00:00,TRAN-PUB,store_discharge,0.0,YZ,MW
2030-12-10 18:00:00,TRAN-PRV,store_discharge,0.0,YZ,MW
2030-12-11 19:00:00,TRAN-PUB,store_discharge,0.0,YZ,MW
2030-12-12 20:00:00,TRAN-PRV,store_discharge,0.0,YZ,MW
2030-12-13 21:00:00,TRAN-PUB,store_discharge,0.0,YZ,MW
2030-12-14 22:00:00,TRAN-PRV,store_discharge,0.0,YZ,MW
2030-12-15 23:00:00,TRAN-PUB,store_discharge,0.0,YZ,MW
2030-12-17 00:00:00,TRAN-PRV,store_discharge,-4.32,YZ,MW
2030-12-18 01:00:00,TRAN-PUB,store_discharge,0.0,YZ,MW
2030-12-19 02:00:00,TRAN-PRV,store_discharge,4.32,YZ,MW
2030-12-20 03:00:00,TRAN-PUB,store_discharge,0.0,YZ,MW
2030-12-21 04:00:00,TRAN-PRV,store_discharge,0.0,YZ,MW
2030-12-22 05:00:00,TRAN-PUB,store_discharge,0.0,YZ,MW
2030-12-23 06:00:00,TRAN-PRV,store_discharge,0.0,YZ,MW
2030-12-24 07:00:00,TRAN-PUB,store_discharge,0.0,YZ,MW
2030-12-25 08:00:00,TRAN-PRV,store_discharge,0.0,YZ,MW
2030-12-26 09:00:00,TRAN-PUB,store_discharge,0.0,YZ,MW
2030-12-27 10:00:00,TRAN-PRV,store_discharge,0.0,YZ,MW
2030-12-28 11:00:00,TRAN-PUB,store_discharge,0.0,YZ,MW
2030-12-29 12:00:00,TRAN-PRV,store_discharge,-7.2,YZ,MW
2030-12-30 13:00:00,TRAN-PUB,store_discharge,-2.4,YZ,MW
2030-12-31 14:00:00,TRAN-PRV,store_discharge,-2.4,YZ,MW
2031-01-01 15:00:00,TRAN-PUB,store_discharge,2.4,YZ,MW
2031-01-02 16:00:00,TRAN-PRV,store_discharge,9.6,YZ,MW
2031-01-03 17:00:00,TRAN-PUB,store_discharge,0.0,YZ,MW
2031-01-04 18:00:00,TRAN-PRV,store_discharge,0.0,YZ,MW
2031-01-05 19:00:00,TRAN-PUB,store_discharge,0.0,YZ,MW
2031-01-06 20:00:00,TRAN-PRV,store_discharge,0.0,YZ,MW
2031-01-07 21:00:00,TRAN-PUB,store_discharge,0.0,YZ,MW
2031-01-08 22:00:00,TRAN-PRV,store_discharge,0.0,YZ,MW
2031-01-09 23:00:00,TRAN-PUB,store_discharge,0.0,YZ,MW
2031-01-11 00:00:00,TRAN-PRV,store_discharge,0.0,YZ,MW
2031-01-12 01:00:00,TRAN-PUB,store_discharge,0.0,YZ,MW
2031-01-13 02:00:00,TRAN-PRV,store_discharge,0.0,YZ,MW
2031-01-14 03:00:00,TRAN-PUB,store_discharge,0.0,YZ,MW
2031-01-15 04:00:00,TRAN-PRV,store_discharge,0.0,YZ,MW
2031-01-16 05:00:00,TRAN-PUB,store_discharge,0.0,YZ,MW
2031-01-17 06:00:00,TRAN-PRV,store_discharge,0.0,YZ,MW
2031-01-18 07:00:00,TRAN-PUB,store_discharge,0.0,YZ,MW
2031-01-19 08:00:00,TRAN-PRV,store_discharge,0.0,YZ,MW
2031-01-20 09:00:00,TRAN-PUB,store_discharge,0.0,YZ,MW
2031-01-21 10:00:00,TRAN-PRV,store_discharge,0.0,YZ,MW
2031-01-22 11:00:00,TRAN-PUB,store_discharge,0.0,YZ,MW
2031-01-23 12:00:00,TRAN-PRV,store_discharge,0.0,YZ,MW
2031-01-24 13:00:00,TRAN-PUB,store_discharge,0.0,YZ,MW
2031-01-25 14:00:00,TRAN-PRV,store_discharge,0.0,YZ,MW
2031-01-26 15:00:00,TRAN-PUB,store_discharge,0.0,YZ,MW
2031-01-27 16:00:00,TRAN-PRV,store_discharge,0.0,YZ,MW
2031-01-28 17:00:00,TRAN-PUB,store_discharge,0.0,YZ,MW
2031-01-29 18:00:00,TRAN-PRV,store_discharge,0.0,YZ,MW
2031-01-30 19:00:00,TRAN-PUB,store_discharge,0.0,YZ,MW
2031-01-31 20:00:00,TRAN-PRV,store_discharge,0.0,YZ,MW
2031-02-01 21:00:00,TRAN-PUB,store_discharge,0.0,YZ,MW
2031-02-02 22:00:00,TRAN-PRV,store_discharge,0.0,YZ,MW
2031-02-03 23:00:00,TRAN-PUB,store_discharge,0.0,YZ,MW
2031-02-05 00:00:00,TRAN-PRV,store_discharge,0.0,YZ,MW
2031-02-06 01:00:00,TRAN-PUB,store_discharge,0.0,YZ,MW
2031-02-07 02:00:00,TRAN-PRV,store_discharge,0.0,YZ,MW
2031-02-08 03:00:00,TRAN-PUB,store_discharge,0.0,YZ,MW
2031-02-09 04:00:00,TRAN-PRV,store_discharge,0.0,YZ,MW
2031-02-10 05:00:00,TRAN-PUB,store_discharge,0.0,YZ,MW
2031-02-11 06:00:00,TRAN-PRV,store_discharge,-6.720000000000001,YZ,MW
2031-02-12 07:00:00,TRAN-PUB,store_discharge,0.0,YZ,MW
2031-02-13 08:00:00,TRAN-PRV,store_discharge,6.720000000000001,YZ,MW
2031-02-14 09:00:00,TRAN-PUB,store_discharge,0.0,YZ,MW
2031-02-15 10:00:00,TRAN-PRV,store_discharge,0.0,YZ,MW
2031-02-16 11:00:00,TRAN-PUB,store_discharge,0.0,YZ,MW
2031-02-17 12:00:00,TRAN-PRV,store_discharge,-7.2,YZ,MW
2031-02-18 13:00:00,TRAN-PUB,store_discharge,-2.4,YZ,MW
2031-02-19 14:00:00,TRAN-PRV,store_discharge,7.2,YZ,MW
2031-02-20 15:00:00,TRAN-PUB,store_discharge,2.4,YZ,MW
2031-02-21 16:00:00,TRAN-PRV,store_discharge,0.0,YZ,MW
2031-02-22 17:00:00,TRAN-PUB,store_discharge,0.0,YZ,MW
2031-02-23 18:00:00,TRAN-PRV,store_discharge,0.0,YZ,MW
2031-02-24 19:00:00,TRAN-PUB,store_discharge,0.0,YZ,MW
2031-02-25 20:00:00,TRAN-PRV,store_discharge,0.0,YZ,MW
2031-02-26 21:00:00,TRAN-PUB,store_discharge,0.0,YZ,MW
2031-02-27 22:00:00,TRAN-PRV,store_discharge,0.0,YZ,MW
2031-02-28 23:00:00,TRAN-PUB,store_discharge,0.0,YZ,MW
2031-03-02 00:00:00,TRAN-PRV,store_discharge,0.0,YZ,MW
2031-03-03 01:00:00,TRAN-PUB,store_discharge,0.0,YZ,MW
2031-03-04 02:00:00,TRAN-PRV,store_discharge,0.0,YZ,MW
2031-03-05 03:00:00,TRAN-PUB,store_discharge,0.0,YZ,MW
2031-03-06 04:00:00,TRAN-PRV,store_discharge,0.0,YZ,MW
2031-03-07 05:00:00,TRAN-PUB,store_discharge,0.0,YZ,MW
2031-03-08 06:00:00,TRAN-PRV,store_discharge,0.0,YZ,MW
2031-03-09 07:00:00,TRAN-PUB,store_discharge,0.0,YZ,MW
2031-03-10 08:00:00,TRAN-PRV,store_discharge,0.0,YZ,MW
2031-03-11 09:00:00,TRAN-PUB,store_discharge,0.0,YZ,MW
2031-03-12 10:00:00,TRAN-PRV,store_discharge,0.0,YZ,MW
2031-03-13 11:00:00,TRAN-PUB,store_discharge,0.0,YZ,MW
2031-03-14 12:00:00,TRAN-PRV,store_discharge,0.0,YZ,MW
2031-03-15 13:00:00,TRAN-PUB,store_discharge,0.0,YZ,MW
2031-03-16 14:00:00,TRAN-PRV,store_discharge,0.0,YZ,MW
2031-03-17 15:00:00,TRAN-PUB,store_discharge,0.0,YZ,MW
2031-03-18 16:00:00,TRAN-PRV,store_discharge,0.0,YZ,MW
2031-03-19 17:00:00,TRAN-PUB,store_discharge,0.0,YZ,MW
2031-03-20 18:00:00,TRAN-PRV,store_discharge,0.0,YZ,MW
2031-03-21 19:00:00,TRAN-PUB,store_discharge,0.0,YZ,MW
2031-03-22 20:00:00,TRAN-PRV,store_discharge,0.0,YZ,MW
2031-03-23 21:00:00,TRAN-PUB,store_discharge,0.0,YZ,MW
2031-03-24 22:00:00,TRAN-PRV,store_discharge,0.0,YZ,MW
2031-03-25 23:00:00,TRAN-PUB,store_discharge,0.0,YZ,MW
2031-03-27 00:00:00,TRAN-PRV,store_discharge,0.0,YZ,MW
2031-03-28 01:00:00,TRAN-PUB,store_discharge,0.0,YZ,MW
2031-03-29 02:00:00,TRAN-PRV,store_discharge,0.0,YZ,MW
2031-03-30 03:00:00,TRAN-PUB,store_discharge,0.0,YZ,MW
2031-03-31 04:00:00,TRAN-PRV,store_discharge,0.0,YZ,MW
2031-04-01 05:00:00,TRAN-PUB,store_discharge,0.0,YZ,MW
2031-04-02 06:00:00,TRAN-PRV,store_discharge,0.0,YZ,MW
2031-04-03 07:00:00,TRAN-PUB,store_discharge,0.0,YZ,MW
2031-04-04 08:00:00,TRAN-PRV,store_discharge,0.0,YZ,MW
2031-04-05 09:00:00,TRAN-PUB,store_discharge,0.0,YZ,MW
2031-04-06 10:00:00,TRAN-PRV,store_discharge,0.0,YZ,MW
2031-04-07 11:00:00,TRAN-PUB,store_discharge,0.0,YZ,MW
2031-04-08 12:00:00,TRAN-PRV,store_discharge,-9.6,YZ,MW
2031-04-09 13:00:00,TRAN-PUB,store_discharge,-2.4,YZ,MW
2031-04-10 14:00:00,TRAN-PRV,store_discharge,9.6,YZ,MW
2031-04-11 15:00:00,TRAN-PUB,store_discharge,2.4,YZ,MW
2031-04-12 16:00:00,TRAN-PRV,store_discharge,0.0,YZ,MW
2031-04-13 17:00:00,TRAN-PUB,store_discharge,0.0,YZ,MW
2031-04-14 18:00:00,TRAN-PRV,store_discharge,0.0,YZ,MW
2031-04-15 19:00:00,TRAN-PUB,store_discharge,0.0,YZ,MW
2031-04-16 20:00:00,TRAN-PRV,store_discharge,0.0,YZ,MW
2031-04-17 21:00:00,TRAN-PUB,store_discharge,0.0,YZ,MW
2031-04-18 22:00:00,TRAN-PRV,store_discharge,0.0,YZ,MW
2031-04-19 23:00:00,TRAN-PUB,store_discharge,0.0,YZ,MW
2031-04-21 00:00:00,TRAN-PRV,store_discharge,0.0,YZ,MW
2031-04-22 01:00:00,TRAN-PUB,store_discharge,0.0,YZ,MW
2031-04-23 02:00:00,TRAN-PRV,store_discharge,0.0,YZ,MW
2031-04-24 03:00:00,TRAN-PUB,store_discharge,0.0,YZ,MW
2031-04-25 04:00:00,TRAN-PRV,store_discharge,0.0,YZ,MW
2031-04-26 05:00:00,TRAN-PUB,store_discharge,0.0,YZ,MW
2031-04-27 06:00:00,TRAN-PRV,store_discharge,0.0,YZ,MW
2031-04-28 07:00:00,TRAN-PUB,store_discharge,0.0,YZ,MW
2031-04-29 08:00:00,TRAN-PRV,store_discharge,0.0,YZ,MW
2031-04-30 09:00:00,TRAN-PUB,store_discharge,0.0,YZ,MW
2031-05-01 10:00:00,TRAN-PRV,store_discharge,0.0,YZ,MW
2031-05-02 11:00:00,TRAN-PUB,store_discharge,0.0,YZ,MW
2031-05-03 12:00:00,TRAN-PRV,store_discharge,0.0,YZ,MW
2031-05-04 13:00:00,TRAN-PUB,store_discharge,0.0,YZ,MW
2031-05-05 14:00:00,TRAN-PRV,store_discharge,0.0,YZ,MW
2031-05-06 15:00:00,TRAN-PUB,store_discharge,0.0,YZ,MW
2031-05-07 16:00:00,TRAN-PRV,store_discharge,0.0,YZ,MW
2031-05-08 17:00:00,TRAN-PUB,store_discharge,0.0,YZ,MW
2031-05-09 18:00:00,TRAN-PRV,store_discharge,0.0,YZ,MW
2031-05-10 19:00:00,TRAN-PUB,store_discharge,0.0,YZ,MW
2031-05-11 20:00:00,TRAN-PRV,store_discharge,0.0,YZ,MW
2031-05-12 21:00:00,TRAN-PUB,store_discharge,0.0,YZ,MW
2031-05-13 22:00:00,TRAN-PRV,store_discharge,0.0,YZ,MW
2031-05-14 23:00:00,TRAN-PUB,store_discharge,0.0,YZ,MW
2031-05-16 00:00:00,TRAN-PRV,store_discharge,0.0,YZ,MW
2031-05-17 01:00:00,TRAN-PUB,store_discharge,0.0,YZ,MW
2031-05-18 02:00:00,TRAN-PRV,store_discharge,0.0,YZ,MW
2031-05-19 03:00:00,TRAN-PUB,store_discharge,0.0,YZ,MW
2031-05-20 04:00:00,TRAN-PRV,store_discharge,-6.720000000000001,YZ,MW
2031-05-21 05:00:00,TRAN-PUB,store_discharge,0.0,YZ,MW
2031-05-22 06:00:00,TRAN-PRV,store_discharge,2.4,YZ,MW
2031-05-23 07:00:00,TRAN-PUB,store_discharge,0.0,YZ,MW
2031-05-24 08:00:00,TRAN-PRV,store_discharge,4.32,YZ,MW
2031-05-25 09:00:00,TRAN-PUB,store_discharge,0.0,YZ,MW
2031-05-26 10:00:00,TRAN-PRV,store_discharge,0.0,YZ,MW
2031-05-27 11:00:00,TRAN-PUB,store_discharge,0.0,YZ,MW
2031-05-28 12:00:00,TRAN-PRV,store_discharge,-7.2,YZ,MW
2031-05-29 13:00:00,TRAN-PUB,store_discharge,-2.4,YZ,MW
2031-05-30 14:00:00,TRAN-PRV,store_discharge,7.2,YZ,MW
2031-05-31 15:00:00,TRAN-PUB,store_discharge,2.4,YZ,MW
2031-06-01 16:00:00,TRAN-PRV,store_discharge,0.0,YZ,MW
2031-06-02 17:00:00,TRAN-PUB,store_discharge,0.0,YZ,MW
2031-06-03 18:00:00,TRAN-PRV,store_discharge,-6.720000000000001,YZ,MW
2031-06-04 19:00:00,TRAN-PUB,store_discharge,0.0,YZ,MW
2031-06-05 20:00:00,TRAN-PRV,store_discharge,6.720000000000001,YZ,MW
2031-06-06 21:00:00,TRAN-PUB,store_discharge,0.0,YZ,MW
2031-06-07 22:00:00,TRAN-PRV,store_discharge,0.0,YZ,MW
2031-06-08 23:00:00,TRAN-PUB,store_discharge,0.0,YZ,MW
2031-06-10 00:00:00,TRAN-PRV,store_discharge,0.0,YZ,MW
2031-06-11 01:00:00,TRAN-PUB,store_discharge,0.0,YZ,MW
2031-06-12 02:00:00,TRAN-PRV,store_discharge,0.0,YZ,MW
2031-06-13 03:00:00,TRAN-PUB,store_discharge,0.0,YZ,MW
2031-06-14 04:00:00,TRAN-PRV,store_discharge,0.0,YZ,MW
2031-06-15 05:00:00,TRAN-PUB,store_discharge,0.0,YZ,MW
2031-06-16 06:00:00,TRAN-PRV,store_discharge,0.0,YZ,MW
2031-06-17 07:00:00,TRAN-PUB,store_discharge,0.0,YZ,MW
2031-06-18 08:00:00,TRAN-PRV,store_discharge,0.0,YZ,MW
2031-06-19 09:00:00,TRAN-PUB,store_discharge,0.0,YZ,MW
2031-06-20 10:00:00,TRAN-PRV,store_discharge,0.0,YZ,MW
2031-06-21 11:00:00,TRAN-PUB,store_discharge,0.0,YZ,MW
2031-06-22 12:00:00,TRAN-PRV,store_discharge,0.0,YZ,MW
2031-06-23 13:00:00,TRAN-PUB,store_discharge,0.0,YZ,MW
2031-06-24 14:00:00,TRAN-PRV,store_discharge,0.0,YZ,MW
2031-06-25 15:00:00,TRAN-PUB,store_discharge,0.0,YZ,MW
2031-06-26 16:00:00,TRAN-PRV,store_discharge,0.0,YZ,MW
2031-06-27 17:00:00,TRAN-PUB,store_discharge,0.0,YZ,MW
2031-06-28 18:00:00,TRAN-PRV,store_discharge,0.0,YZ,MW
2031-06-29 19:00:00,TRAN-PUB,store_discharge,0.0,YZ,MW
2031-06-30 20:00:00,TRAN-PRV,store_discharge,0.0,YZ,MW
2031-07-01 21:00:00,TRAN-PUB,store_discharge,0.0,YZ,MW
2031-07-02 22:00:00,TRAN-PRV,store_discharge,0.0,YZ,MW
2031-07-03 23:00:00,TRAN-PUB,store_discharge,0.0,YZ,MW
2031-07-05 00:00:00,TRAN-PRV,store_discharge,0.0,YZ,MW
2031-07-06 01:00:00,TRAN-PUB,store_discharge,0.0,YZ,MW
2031-07-07 02:00:00,TRAN-PRV,store_discharge,0.0,YZ,MW
2031-07-08 03:00:00,TRAN-PUB,store_discharge,0.0,YZ,MW
2031-07-09 04:00:00,TRAN-PRV,store_discharge,0.0,YZ,MW
2031-07-10 05:00:00,TRAN-PUB,store_discharge,0.0,YZ,MW
2031-07-11 06:00:00,TRAN-PRV,store_discharge,0.0,YZ,MW
2031-07-12 07:00:00,TRAN-PUB,store_discharge,0.0,YZ,MW
2031-07-13 08:00:00,TRAN-PRV,store_discharge,0.0,YZ,MW
2031-07-14 09:00:00,TRAN-PUB,store_discharge,0.0,YZ,MW
2031-07-15 10:00:00,TRAN-PRV,store_discharge,-9.6,YZ,MW
2031-07-16 11:00:00,TRAN-PUB,store_discharge,0.0,YZ,MW
2031-07-17 12:00:00,TRAN-PRV,store_discharge,2.4,YZ,MW
2031-07-18 13:00:00,TRAN-PUB,store_discharge,-2.4,YZ,MW
2031-07-19 14:00:00,TRAN-PRV,store_discharge,7.2,YZ,MW
2031-07-20 15:00:00,TRAN-PUB,store_discharge,2.4,YZ,MW
2031-07-21 16:00:00,TRAN-PRV,store_discharge,0.0,YZ,MW
2031-07-22 17:00:00,TRAN-PUB,store_discharge,0.0,YZ,MW
2031-07-23 18:00:00,TRAN-PRV,store_discharge,0.0,YZ,MW
2031-07-24 19:00:00,TRAN-PUB,store_discharge,0.0,YZ,MW
2031-07-25 20:00:00,TRAN-PRV,store_discharge,0.0,YZ,MW
2031-07-26 21:00:00,TRAN-PUB,store_discharge,0.0,YZ,MW
2031-07-27 22:00:00,TRAN-PRV,store_discharge,0.0,YZ,MW
2031-07-28 23:00:00,TRAN-PUB,store_discharge,0.0,YZ,MW
2031-07-30 00:00:00,TRAN-PRV,store_discharge,0.0,YZ,MW
2031-07-31 01:00:00,TRAN-PUB,store_discharge,0.0,YZ,MW
2031-08-01 02:00:00,TRAN-PRV,store_discharge,0.0,YZ,MW
2031-08-02 03:00:00,TRAN-PUB,store_discharge,0.0,YZ,MW
2031-08-03 04:00:00,TRAN-PRV,store_discharge,0.0,YZ,MW
2031-08-04 05:00:00,TRAN-PUB,store_discharge,0.0,YZ,MW
2031-08-05 06:00:00,TRAN-PRV,store_discharge,0.0,YZ,MW
2031-08-06 07:00:00,TRAN-PUB,store_discharge,0.0,YZ,MW
2031-08-07 08:00:00,TRAN-PRV,store_discharge,0.0,YZ,MW
2031-08-08 09:00:00,TRAN-PUB,store_discharge,0.0,YZ,MW
2031-08-09 10:00:00,TRAN-PRV,store_discharge,0.0,YZ,MW
2031-08-10 11:00:00,TRAN-PUB,store_discharge,0.0,YZ,MW
2031-08-11 12:00:00,TRAN-PRV,store_discharge,0.0,YZ,MW
2031-08-12 13:00:00,TRAN-PUB,store_discharge,0.0,YZ,MW
2031-08-13 14:00:00,TRAN-PRV,store_discharge,0.0,YZ,MW
2031-08-14 15:00:00,TRAN-PUB,store_discharge,0.0,YZ,MW
2031-08-15 16:00:00,TRAN-PRV,store_discharge,0.0,YZ,MW
2031-08-16 17:00:00,TRAN-PUB,store_discharge,0.0,YZ,MW
2031-08-17 18:00:00,TRAN-PRV,store_discharge,0.0,YZ,MW
2031-08-18 19:00:00,TRAN-PUB,store_discharge,0.0,YZ,MW
2031-08-19 20:00:00,TRAN-PRV,store_discharge,0.0,YZ,MW
2031-08-20 21:00:00,TRAN-PUB,store_discharge,0.0,YZ,MW
2031-08-21 22:00:00,TRAN-PRV,store_discharge,0.0,YZ,MW
2031-08-22 23:00:00,TRAN-PUB,store_discharge,0.0,YZ,MW
2031-08-24 00:00:00,TRAN-PRV,store_discharge,0.0,YZ,MW
2031-08-25 01:00:00,TRAN-PUB,store_discharge,0.0,YZ,MW
2031-08-26 02:00:00,TRAN-PRV,store_discharge,-6.720000000000001,YZ,MW
2031-08-27 03:00:00,TRAN-PUB,store_discharge,0.0,YZ,MW
2031-08-28 04:00:00,TRAN-PRV,store_discharge,2.4,YZ,MW
2031-08-29 05:00:00,TRAN-PUB,store_discharge,0.0,YZ,MW
2031-08-30 06:00:00,TRAN-PRV,store_discharge,4.32,YZ,MW
2031-08-31 07:00:00,TRAN-PUB,store_discharge,0.0,YZ,MW
2031-09-01 08:00:00,TRAN-PRV,store_discharge,0.0,YZ,MW
2031-09-02 09:00:00,TRAN-PUB,store_discharge,0.0,YZ,MW
2031-09-03 10:00:00,TRAN-PRV,store_discharge,0.0,YZ,MW
2031-09-04 11:00:00,TRAN-PUB,store_discharge,0.0,YZ,MW
2031-09-05 12:00:00,TRAN-PRV,store_discharge,0.0,YZ,MW
2031-09-06 13:00:00,TRAN-PUB,store_discharge,0.0,YZ,MW
2031-09-07 14:00:00,TRAN-PRV,store_discharge,-7.2,YZ,MW
2031-09-08 15:00:00,TRAN-PUB,store_discharge,-2.4,YZ,MW
2031-09-09 16:00:00,TRAN-PRV,store_discharge,-2.4,YZ,MW
2031-09-10 17:00:00,TRAN-PUB,store_discharge,2.4,YZ,MW
2031-09-11 18:00:00,TRAN-PRV,store_discharge,9.6,YZ,MW
2031-09-12 19:00:00,TRAN-PUB,store_discharge,0.0,YZ,MW
2031-09-13 20:00:00,TRAN-PRV,store_discharge,0.0,YZ,MW
2031-09-14 21:00:00,TRAN-PUB,store_discharge,0.0,YZ,MW
2031-09-15 22:00:00,TRAN-PRV,store_discharge,0.0,YZ,MW
2031-09-16 23:00:00,TRAN-PUB,store_discharge,0.0,YZ,MW
2031-09-18 00:00:00,TRAN-PRV,store_discharge,0.0,YZ,MW
2031-09-19 01:00:00,TRAN-PUB,store_discharge,0.0,YZ,MW
2031-09-20 02:00:00,TRAN-PRV,store_discharge,0.0,YZ,MW
2031-09-21 03:00:00,TRAN-PUB,store_discharge,0.0,YZ,MW
2031-09-22 04:00:00,TRAN-PRV,store_discharge,0.0,YZ,MW
2031-09-23 05:00:00,TRAN-PUB,store_discharge,0.0,YZ,MW
2031-09-24 06:00:00,TRAN-PRV,store_discharge,0.0,YZ,MW
2031-09-25 07:00:00,TRAN-PUB,store_discharge,0.0,YZ,MW
2031-09-26 08:00:00,TRAN-PRV,store_discharge,0.0,YZ,MW
2031-09-27 09:00:00,TRAN-PUB,store_discharge,0.0,YZ,MW
2031-09-28 10:00:00,TRAN-PRV,store_discharge,0.0,YZ,MW
2031-09-29 11:00:00,TRAN-PUB,store_discharge,0.0,YZ,MW
2031-09-30 12:00:00,TRAN-PRV,store_discharge,0.0,YZ,MW
2031-10-01 13:00:00,TRAN-PUB,store_discharge,0.0,YZ,MW
2031-10-02 14:00:00,TRAN-PRV,store_discharge,0.0,YZ,MW
2031-10-03 15:00:00,TRAN-PUB,store_discharge,0.0,YZ,MW
2031-10-04 16:00:00,TRAN-PRV,store_discharge,0.0,YZ,MW
2031-10-05 17:00:00,TRAN-PUB,store_discharge,0.0,YZ,MW
2031-10-06 18:00:00,TRAN-PRV,store_discharge,0.0,YZ,MW
2031-10-07 19:00:00,TRAN-PUB,store_discharge,0.0,YZ,MW
2031-10-08 20:00:00,TRAN-PRV,store_discharge,0.0,YZ,MW
2031-10-09 21:00:00,TRAN-PUB,store_discharge,0.0,YZ,MW
2031-10-10 22:00:00,TRAN-PRV,store_discharge,0.0,YZ,MW
2031-10-11 23:00:00,TRAN-PUB,store_discharge,0.0,YZ,MW
2031-10-13 00:00:00,TRAN-PRV,store_discharge,0.0,YZ,MW
2031-10-14 01:00:00,TRAN-PUB,store_discharge,0.0,YZ,MW
2031-10-15 02:00:00,TRAN-PRV,store_discharge,0.0,YZ,MW
2031-10-16 03:00:00,TRAN-PUB,store_discharge,0.0,YZ,MW
2031-10-17 04:00:00,TRAN-PRV,store_discharge,0.0,YZ,MW
2031-10-18 05:00:00,TRAN-PUB,store_discharge,0.0,YZ,MW
2031-10-19 06:00:00,TRAN-PRV,store_discharge,0.0,YZ,MW
2031-10-20 07:00:00,TRAN-PUB,store_discharge,0.0,YZ,MW
2031-10-21 08:00:00,TRAN-PRV,store_discharge,-9.6,YZ,MW
2031-10-22 09:00:00,TRAN-PUB,store_discharge,0.0,YZ,MW
2031-10-23 10:00:00,TRAN-PRV,store_discharge,9.6,YZ,MW
2031-10-24 11:00:00,TRAN-PUB,store_discharge,0.0,YZ,MW
2031-10-25 12:00:00,TRAN-PRV,store_discharge,0.0,YZ,MW
2031-10-26 13:00:00,TRAN-PUB,store_discharge,0.0,YZ,MW
2031-10-27 14:00:00,TRAN-PRV,store_discharge,-7.2,YZ,MW
2031-10-28 15:00:00,TRAN-PUB,store_discharge,-2.4,YZ,MW
2031-10-29 16:00:00,TRAN-PRV,store_discharge,7.2,YZ,MW
2031-10-30 17:00:00,TRAN-PUB,store_discharge,2.4,YZ,MW
2031-10-31 18:00:00,TRAN-PRV,store_discharge,0.0,YZ,MW
2031-11-01 19:00:00,TRAN-PUB,store_discharge,0.0,YZ,MW
2031-11-02 20:00:00,TRAN-PRV,store_discharge,0.0,YZ,MW
2031-11-03 21:00:00,TRAN-PUB,store_discharge,0.0,YZ,MW
2031-11-04 22:00:00,TRAN-PRV,store_discharge,-4.32,YZ,MW
2031-11-05 23:00:00,TRAN-PUB,store_discharge,0.0,YZ,MW
2031-11-07 00:00:00,TRAN-PRV,store_discharge,4.32,YZ,MW
2031-11-08 01:00:00,TRAN-PUB,store_discharge,0.0,YZ,MW
2031-11-09 02:00:00,TRAN-PRV,store_discharge,0.0,YZ,MW
2031-11-10 03:00:00,TRAN-PUB,store_discharge,0.0,YZ,MW
2031-11-11 04:00:00,TRAN-PRV,store_discharge,0.0,YZ,MW
2031-11-12 05:00:00,TRAN-PUB,store_discharge,0.0,YZ,MW
2031-11-13 06:00:00,TRAN-PRV,store_discharge,0.0,YZ,MW
2031-11-14 07:00:00,TRAN-PUB,store_discharge,0.0,YZ,MW
2031-11-15 08:00:00,TRAN-PRV,store_discharge,0.0,YZ,MW
2031-11-16 09:00:00,TRAN-PUB,store_discharge,0.0,YZ,MW
2031-11-17 10:00:00,TRAN-PRV,store_discharge,0.0,YZ,MW
2031-11-18 11:00:00,TRAN-PUB,store_discharge,0.0,YZ,MW
2031-11-19 12:00:00,TRAN-PRV,store_discharge,0.0,YZ,MW
2031-11-20 13:00:00,TRAN-PUB,store_discharge,0.0,YZ,MW
2031-11-21 14:00:00,TRAN-PRV,store_discharge,0.0,YZ,MW
2031-11-22 15:00:00,TRAN-PUB,store_discharge,0.0,YZ,MW
2031-11-23 16:00:00,TRAN-PRV,store_discharge,0.0,YZ,MW
2031-11-24 17:00:00,TRAN-PUB,store_discharge,0.0,YZ,MW
2031-11-25 18:00:00,TRAN-PRV,store_discharge,0.0,YZ,MW
2031-11-26 19:00:00,TRAN-PUB,store_discharge,0.0,YZ,MW
2031-11-27 20:00:00,TRAN-PRV,store_discharge,0.0,YZ,MW
2031-11-28 21:00:00,TRAN-PUB,store_discharge,0.0,YZ,MW
2031-11-29 22:00:00,TRAN-PRV,store_discharge,0.0,YZ,MW
2031-11-30 23:00:00,TRAN-PUB,store_discharge,0.0,YZ,MW
2031-12-02 00:00:00,TRAN-PRV,store_discharge,0.0,YZ,MW
2031-12-03 01:00:00,TRAN-PUB,store_discharge,0.0,YZ,MW
2031-12-04 02:00:00,TRAN-PRV,store_discharge,-4.32,YZ,MW
2031-12-05 03:00:00,TRAN-PUB,store_discharge,0.0,YZ,MW
2031-12-06 04:00:00,TRAN-PRV,store_discharge,4.32,YZ,MW
2031-12-07 05:00:00,TRAN-PUB,store_discharge,0.0,YZ,MW
2031-12-08 06:00:00,TRAN-PRV,store_discharge,0.0,YZ,MW
2031-12-09 07:00:00,TRAN-PUB,store_discharge,0.0,YZ,MW
2031-12-10 08:00:00,TRAN-PRV,store_discharge,0.0,YZ,MW
2031-12-11 09:00:00,TRAN-PUB,store_discharge,0.0,YZ,MW
2031-12-12 10:00:00,TRAN-PRV,store_discharge,0.0,YZ,MW
2031-12-13 11:00:00,TRAN-PUB,store_discharge,0.0,YZ,MW
2031-12-14 12:00:00,TRAN-PRV,store_discharge,0.0,YZ,MW
2031-12-15 13:00:00,TRAN-PUB,store_discharge,0.0,YZ,MW
2031-12-16 14:00:00,TRAN-PRV,store_discharge,-8.52,YZ,MW
2031-12-17 15:00:00,TRAN-PUB,store_discharge,-2.4,YZ,MW
2031-12-18 16:00:00,TRAN-PRV,store_discharge,8.52,YZ,MW
2031-12-19 17:00:00,TRAN-PUB,store_discharge,2.4,YZ,MW
2031-12-20 18:00:00,TRAN-PRV,store_discharge,-6.199999999962001,YZ,MW
2031-12-21 19:00:00,TRAN-PUB,store_discharge,0.0,YZ,MW
2031-12-22 20:00:00,TRAN-PRV,store_discharge,-0.5200000000379986,YZ,MW
2031-12-23 21:00:00,TRAN-PUB,store_discharge,0.0,YZ,MW
2031-12-24 22:00:00,TRAN-PRV,store_discharge,6.720000000000001,YZ,MW
2031-12-25 23:00:00,TRAN-PUB,store_discharge,0.0,YZ,MW
2031-12-27 00:00:00,TRAN-PRV,store_discharge,0.0,YZ,MW
2031-12-28 01:00:00,TRAN-PUB,store_discharge,0.0,YZ,MW
2031-12-29 02:00:00,TRAN-PRV,store_discharge,0.0,YZ,MW
2031-12-30 03:00:00,TRAN-PUB,store_discharge,0.0,YZ,MW
2031-12-31 04:00:00,TRAN-PRV,store_discharge,0.0,YZ,MW
2032-01-01 05:00:00,TRAN-PUB,store_discharge,0.0,YZ,MW
2032-01-02 06:00:00,TRAN-PRV,store_discharge,0.0,YZ,MW
2032-01-03 07:00:00,TRAN-PUB,store_discharge,0.0,YZ,MW
2030-01-01 00:00:00,TRAN-PRV,state_of_charge,180.0,YZ,MW
2030-01-02 01:00:00,TRAN-PUB,state_of_charge,0.0,YZ,MW
2030-01-03 02:00:00,TRAN-PRV,state_of_charge,240.0,YZ,MW
2030-01-04 03:00:00,TRAN-PUB,state_of_charge,0.0,YZ,MW
2030-01-05 04:00:00,TRAN-PRV,state_of_charge,0.0,YZ,MW
2030-01-06 05:00:00,TRAN-PUB,state_of_charge,0.0,YZ,MW
2030-01-07 06:00:00,TRAN-PRV,state_of_charge,0.0,YZ,MW
2030-01-08 07:00:00,TRAN-PUB,state_of_charge,0.0,YZ,MW
2030-01-09 08:00:00,TRAN-PRV,state_of_charge,0.0,YZ,MW
2030-01-10 09:00:00,TRAN-PUB,state_of_charge,0.0,YZ,MW
2030-01-11 10:00:00,TRAN-PRV,state_of_charge,0.0,YZ,MW
2030-01-12 11:00:00,TRAN-PUB,state_of_charge,0.0,YZ,MW
2030-01-13 12:00:00,TRAN-PRV,state_of_charge,240.0,YZ,MW
2030-01-14 13:00:00,TRAN-PUB,state_of_charge,60.0,YZ,MW
2030-01-15 14:00:00,TRAN-PRV,state_of_charge,0.0,YZ,MW
2030-01-16 15:00:00,TRAN-PUB,state_of_charge,0.0,YZ,MW
2030-01-17 16:00:00,TRAN-PRV,state_of_charge,0.0,YZ,MW
2030-01-18 17:00:00,TRAN-PUB,state_of_charge,0.0,YZ,MW
2030-01-19 18:00:00,TRAN-PRV,state_of_charge,0.0,YZ,MW
2030-01-20 19:00:00,TRAN-PUB,state_of_charge,0.0,YZ,MW
2030-01-21 20:00:00,TRAN-PRV,state_of_charge,0.0,YZ,MW
2030-01-22 21:00:00,TRAN-PUB,state_of_charge,0.0,YZ,MW
2030-01-23 22:00:00,TRAN-PRV,state_of_charge,0.0,YZ,MW
2030-01-24 23:00:00,TRAN-PUB,state_of_charge,0.0,YZ,MW
2030-01-26 00:00:00,TRAN-PRV,state_of_charge,0.0,YZ,MW
2030-01-27 01:00:00,TRAN-PUB,state_of_charge,0.0,YZ,MW
2030-01-28 02:00:00,TRAN-PRV,state_of_charge,0.0,YZ,MW
2030-01-29 03:00:00,TRAN-PUB,state_of_charge,0.0,YZ,MW
2030-01-30 04:00:00,TRAN-PRV,state_of_charge,0.0,YZ,MW
2030-01-31 05:00:00,TRAN-PUB,state_of_charge,0.0,YZ,MW
2030-02-01 06:00:00,TRAN-PRV,state_of_charge,0.0,YZ,MW
2030-02-02 07:00:00,TRAN-PUB,state_of_charge,0.0,YZ,MW
2030-02-03 08:00:00,TRAN-PRV,state_of_charge,0.0,YZ,MW
2030-02-04 09:00:00,TRAN-PUB,state_of_charge,0.0,YZ,MW
2030-02-05 10:00:00,TRAN-PRV,state_of_charge,0.0,YZ,MW
2030-02-06 11:00:00,TRAN-PUB,state_of_charge,0.0,YZ,MW
2030-02-07 12:00:00,TRAN-PRV,state_of_charge,0.0,YZ,MW
2030-02-08 13:00:00,TRAN-PUB,state_of_charge,0.0,YZ,MW
2030-02-09 14:00:00,TRAN-PRV,state_of_charge,0.0,YZ,MW
2030-02-10 15:00:00,TRAN-PUB,state_of_charge,0.0,YZ,MW
2030-02-11 16:00:00,TRAN-PRV,state_of_charge,0.0,YZ,MW
2030-02-12 17:00:00,TRAN-PUB,state_of_charge,0.0,YZ,MW
2030-02-13 18:00:00,TRAN-PRV,state_of_charge,0.0,YZ,MW
2030-02-14 19:00:00,TRAN-PUB,state_of_charge,0.0,YZ,MW
2030-02-15 20:00:00,TRAN-PRV,state_of_charge,0.0,YZ,MW
2030-02-16 21:00:00,TRAN-PUB,state_of_charge,0.0,YZ,MW
2030-02-17 22:00:00,TRAN-PRV,state_of_charge,0.0,YZ,MW
2030-02-18 23:00:00,TRAN-PUB,state_of_charge,0.0,YZ,MW
2030-02-20 00:00:00,TRAN-PRV,state_of_charge,0.0,YZ,MW
2030-02-21 01:00:00,TRAN-PUB,state_of_charge,0.0,YZ,MW
2030-02-22 02:00:00,TRAN-PRV,state_of_charge,0.0,YZ,MW
2030-02-23 03:00:00,TRAN-PUB,state_of_charge,0.0,YZ,MW
2030-02-24 04:00:00,TRAN-PRV,state_of_charge,240.0,YZ,MW
2030-02-25 05:00:00,TRAN-PUB,state_of_charge,0.0,YZ,MW
2030-02-26 06:00:00,TRAN-PRV,state_of_charge,0.0,YZ,MW
2030-02-27 07:00:00,TRAN-PUB,state_of_charge,0.0,YZ,MW
2030-02-28 08:00:00,TRAN-PRV,state_of_charge,0.0,YZ,MW
2030-03-01 09:00:00,TRAN-PUB,state_of_charge,0.0,YZ,MW
2030-03-02 10:00:00,TRAN-PRV,state_of_charge,0.0,YZ,MW
2030-03-03 11:00:00,TRAN-PUB,state_of_charge,0.0,YZ,MW
2030-03-04 12:00:00,TRAN-PRV,state_of_charge,180.0,YZ,MW
2030-03-05 13:00:00,TRAN-PUB,state_of_charge,60.0,YZ,MW
2030-03-06 14:00:00,TRAN-PRV,state_of_charge,0.0,YZ,MW
2030-03-07 15:00:00,TRAN-PUB,state_of_charge,0.0,YZ,MW
2030-03-08 16:00:00,TRAN-PRV,state_of_charge,0.0,YZ,MW
2030-03-09 17:00:00,TRAN-PUB,state_of_charge,0.0,YZ,MW
2030-03-10 18:00:00,TRAN-PRV,state_of_charge,168.0,YZ,MW
2030-03-11 19:00:00,TRAN-PUB,state_of_charge,0.0,YZ,MW
2030-03-12 20:00:00,TRAN-PRV,state_of_charge,0.0,YZ,MW
2030-03-13 21:00:00,TRAN-PUB,state_of_charge,0.0,YZ,MW
2030-03-14 22:00:00,TRAN-PRV,state_of_charge,0.0,YZ,MW
2030-03-15 23:00:00,TRAN-PUB,state_of_charge,0.0,YZ,MW
2030-03-17 00:00:00,TRAN-PRV,state_of_charge,0.0,YZ,MW
2030-03-18 01:00:00,TRAN-PUB,state_of_charge,0.0,YZ,MW
2030-03-19 02:00:00,TRAN-PRV,state_of_charge,0.0,YZ,MW
2030-03-20 03:00:00,TRAN-PUB,state_of_charge,0.0,YZ,MW
2030-03-21 04:00:00,TRAN-PRV,state_of_charge,0.0,YZ,MW
2030-03-22 05:00:00,TRAN-PUB,state_of_charge,0.0,YZ,MW
2030-03-23 06:00:00,TRAN-PRV,state_of_charge,0.0,YZ,MW
2030-03-24 07:00:00,TRAN-PUB,state_of_charge,0.0,YZ,MW
2030-03-25 08:00:00,TRAN-PRV,state_of_charge,0.0,YZ,MW
2030-03-26 09:00:00,TRAN-PUB,state_of_charge,0.0,YZ,MW
2030-03-27 10:00:00,TRAN-PRV,state_of_charge,0.0,YZ,MW
2030-03-28 11:00:00,TRAN-PUB,state_of_charge,0.0,YZ,MW
2030-03-29 12:00:00,TRAN-PRV,state_of_charge,0.0,YZ,MW
2030-03-30 13:00:00,TRAN-PUB,state_of_charge,0.0,YZ,MW
2030-03-31 14:00:00,TRAN-PRV,state_of_charge,0.0,YZ,MW
2030-04-01 15:00:00,TRAN-PUB,state_of_charge,0.0,YZ,MW
2030-04-02 16:00:00,TRAN-PRV,state_of_charge,0.0,YZ,MW
2030-04-03 17:00:00,TRAN-PUB,state_of_charge,0.0,YZ,MW
2030-04-04 18:00:00,TRAN-PRV,state_of_charge,0.0,YZ,MW
2030-04-05 19:00:00,TRAN-PUB,state_of_charge,0.0,YZ,MW
2030-04-06 20:00:00,TRAN-PRV,state_of_charge,0.0,YZ,MW
2030-04-07 21:00:00,TRAN-PUB,state_of_charge,0.0,YZ,MW
2030-04-08 22:00:00,TRAN-PRV,state_of_charge,108.0,YZ,MW
2030-04-09 23:00:00,TRAN-PUB,state_of_charge,0.0,YZ,MW
2030-04-11 00:00:00,TRAN-PRV,state_of_charge,0.0,YZ,MW
2030-04-12 01:00:00,TRAN-PUB,state_of_charge,0.0,YZ,MW
2030-04-13 02:00:00,TRAN-PRV,state_of_charge,0.0,YZ,MW
2030-04-14 03:00:00,TRAN-PUB,state_of_charge,0.0,YZ,MW
2030-04-15 04:00:00,TRAN-PRV,state_of_charge,0.0,YZ,MW
2030-04-16 05:00:00,TRAN-PUB,state_of_charge,0.0,YZ,MW
2030-04-17 06:00:00,TRAN-PRV,state_of_charge,0.0,YZ,MW
2030-04-18 07:00:00,TRAN-PUB,state_of_charge,0.0,YZ,MW
2030-04-19 08:00:00,TRAN-PRV,state_of_charge,0.0,YZ,MW
2030-04-20 09:00:00,TRAN-PUB,state_of_charge,0.0,YZ,MW
2030-04-21 10:00:00,TRAN-PRV,state_of_charge,240.0,YZ,MW
2030-04-22 11:00:00,TRAN-PUB,state_of_charge,0.0,YZ,MW
2030-04-23 12:00:00,TRAN-PRV,state_of_charge,180.0,YZ,MW
2030-04-24 13:00:00,TRAN-PUB,state_of_charge,60.0,YZ,MW
2030-04-25 14:00:00,TRAN-PRV,state_of_charge,0.0,YZ,MW
2030-04-26 15:00:00,TRAN-PUB,state_of_charge,0.0,YZ,MW
2030-04-27 16:00:00,TRAN-PRV,state_of_charge,0.0,YZ,MW
2030-04-28 17:00:00,TRAN-PUB,state_of_charge,0.0,YZ,MW
2030-04-29 18:00:00,TRAN-PRV,state_of_charge,0.0,YZ,MW
2030-04-30 19:00:00,TRAN-PUB,state_of_charge,0.0,YZ,MW
2030-05-01 20:00:00,TRAN-PRV,state_of_charge,0.0,YZ,MW
2030-05-02 21:00:00,TRAN-PUB,state_of_charge,0.0,YZ,MW
2030-05-03 22:00:00,TRAN-PRV,state_of_charge,0.0,YZ,MW
2030-05-04 23:00:00,TRAN-PUB,state_of_charge,0.0,YZ,MW
2030-05-06 00:00:00,TRAN-PRV,state_of_charge,0.0,YZ,MW
2030-05-07 01:00:00,TRAN-PUB,state_of_charge,0.0,YZ,MW
2030-05-08 02:00:00,TRAN-PRV,state_of_charge,0.0,YZ,MW
2030-05-09 03:00:00,TRAN-PUB,state_of_charge,0.0,YZ,MW
2030-05-10 04:00:00,TRAN-PRV,state_of_charge,0.0,YZ,MW
2030-05-11 05:00:00,TRAN-PUB,state_of_charge,0.0,YZ,MW
2030-05-12 06:00:00,TRAN-PRV,state_of_charge,0.0,YZ,MW
2030-05-13 07:00:00,TRAN-PUB,state_of_charge,0.0,YZ,MW
2030-05-14 08:00:00,TRAN-PRV,state_of_charge,0.0,YZ,MW
2030-05-15 09:00:00,TRAN-PUB,state_of_charge,0.0,YZ,MW
2030-05-16 10:00:00,TRAN-PRV,state_of_charge,0.0,YZ,MW
2030-05-17 11:00:00,TRAN-PUB,state_of_charge,0.0,YZ,MW
2030-05-18 12:00:00,TRAN-PRV,state_of_charge,0.0,YZ,MW
2030-05-19 13:00:00,TRAN-PUB,state_of_charge,0.0,YZ,MW
2030-05-20 14:00:00,TRAN-PRV,state_of_charge,0.0,YZ,MW
2030-05-21 15:00:00,TRAN-PUB,state_of_charge,0.0,YZ,MW
2030-05-22 16:00:00,TRAN-PRV,state_of_charge,0.0,YZ,MW
2030-05-23 17:00:00,TRAN-PUB,state_of_charge,0.0,YZ,MW
2030-05-24 18:00:00,TRAN-PRV,state_of_charge,0.0,YZ,MW
2030-05-25 19:00:00,TRAN-PUB,state_of_charge,0.0,YZ,MW
2030-05-26 20:00:00,TRAN-PRV,state_of_charge,0.0,YZ,MW
2030-05-27 21:00:00,TRAN-PUB,state_of_charge,0.0,YZ,MW
2030-05-28 22:00:00,TRAN-PRV,state_of_charge,0.0,YZ,MW
2030-05-29 23:00:00,TRAN-PUB,state_of_charge,0.0,YZ,MW
2030-05-31 00:00:00,TRAN-PRV,state_of_charge,0.0,YZ,MW
2030-06-01 01:00:00,TRAN-PUB,state_of_charge,0.0,YZ,MW
2030-06-02 02:00:00,TRAN-PRV,state_of_charge,168.0,YZ,MW
2030-06-03 03:00:00,TRAN-PUB,state_of_charge,0.0,YZ,MW
2030-06-04 04:00:00,TRAN-PRV,state_of_charge,108.0,YZ,MW
2030-06-05 05:00:00,TRAN-PUB,state_of_charge,0.0,YZ,MW
2030-06-06 06:00:00,TRAN-PRV,state_of_charge,0.0,YZ,MW
2030-06-07 07:00:00,TRAN-PUB,state_of_charge,0.0,YZ,MW
2030-06-08 08:00:00,TRAN-PRV,state_of_charge,0.0,YZ,MW
2030-06-09 09:00:00,TRAN-PUB,state_of_charge,0.0,YZ,MW
2030-06-10 10:00:00,TRAN-PRV,state_of_charge,0.0,YZ,MW
2030-06-11 11:00:00,TRAN-PUB,state_of_charge,0.0,YZ,MW
2030-06-12 12:00:00,TRAN-PRV,state_of_charge,180.0,YZ,MW
2030-06-13 13:00:00,TRAN-PUB,state_of_charge,60.0,YZ,MW
2030-06-14 14:00:00,TRAN-PRV,state_of_charge,0.0,YZ,MW
2030-06-15 15:00:00,TRAN-PUB,state_of_charge,0.0,YZ,MW
2030-06-16 16:00:00,TRAN-PRV,state_of_charge,168.0,YZ,MW
2030-06-17 17:00:00,TRAN-PUB,state_of_charge,0.0,YZ,MW
2030-06-18 18:00:00,TRAN-PRV,state_of_charge,0.0,YZ,MW
2030-06-19 19:00:00,TRAN-PUB,state_of_charge,0.0,YZ,MW
2030-06-20 20:00:00,TRAN-PRV,state_of_charge,0.0,YZ,MW
2030-06-21 21:00:00,TRAN-PUB,state_of_charge,0.0,YZ,MW
2030-06-22 22:00:00,TRAN-PRV,state_of_charge,0.0,YZ,MW
2030-06-23 23:00:00,TRAN-PUB,state_of_charge,0.0,YZ,MW
2030-06-25 00:00:00,TRAN-PRV,state_of_charge,0.0,YZ,MW
2030-06-26 01:00:00,TRAN-PUB,state_of_charge,0.0,YZ,MW
2030-06-27 02:00:00,TRAN-PRV,state_of_charge,0.0,YZ,MW
2030-06-28 03:00:00,TRAN-PUB,state_of_charge,0.0,YZ,MW
2030-06-29 04:00:00,TRAN-PRV,state_of_charge,0.0,YZ,MW
2030-06-30 05:00:00,TRAN-PUB,state_of_charge,0.0,YZ,MW
2030-07-01 06:00:00,TRAN-PRV,state_of_charge,0.0,YZ,MW
2030-07-02 07:00:00,TRAN-PUB,state_of_charge,0.0,YZ,MW
2030-07-03 08:00:00,TRAN-PRV,state_of_charge,0.0,YZ,MW
2030-07-04 09:00:00,TRAN-PUB,state_of_charge,0.0,YZ,MW
2030-07-05 10:00:00,TRAN-PRV,state_of_charge,0.0,YZ,MW
2030-07-06 11:00:00,TRAN-PUB,state_of_charge,0.0,YZ,MW
2030-07-07 12:00:00,TRAN-PRV,state_of_charge,0.0,YZ,MW
2030-07-08 13:00:00,TRAN-PUB,state_of_charge,0.0,YZ,MW
2030-07-09 14:00:00,TRAN-PRV,state_of_charge,0.0,YZ,MW
2030-07-10 15:00:00,TRAN-PUB,state_of_charge,0.0,YZ,MW
2030-07-11 16:00:00,TRAN-PRV,state_of_charge,0.0,YZ,MW
2030-07-12 17:00:00,TRAN-PUB,state_of_charge,0.0,YZ,MW
2030-07-13 18:00:00,TRAN-PRV,state_of_charge,0.0,YZ,MW
2030-07-14 19:00:00,TRAN-PUB,state_of_charge,0.0,YZ,MW
2030-07-15 20:00:00,TRAN-PRV,state_of_charge,0.0,YZ,MW
2030-07-16 21:00:00,TRAN-PUB,state_of_charge,0.0,YZ,MW
2030-07-17 22:00:00,TRAN-PRV,state_of_charge,0.0,YZ,MW
2030-07-18 23:00:00,TRAN-PUB,state_of_charge,0.0,YZ,MW
2030-07-20 00:00:00,TRAN-PRV,state_of_charge,0.0,YZ,MW
2030-07-21 01:00:00,TRAN-PUB,state_of_charge,0.0,YZ,MW
2030-07-22 02:00:00,TRAN-PRV,state_of_charge,0.0,YZ,MW
2030-07-23 03:00:00,TRAN-PUB,state_of_charge,0.0,YZ,MW
2030-07-24 04:00:00,TRAN-PRV,state_of_charge,0.0,YZ,MW
2030-07-25 05:00:00,TRAN-PUB,state_of_charge,0.0,YZ,MW
2030-07-26 06:00:00,TRAN-PRV,state_of_charge,0.0,YZ,MW
2030-07-27 07:00:00,TRAN-PUB,state_of_charge,0.0,YZ,MW
2030-07-28 08:00:00,TRAN-PRV,state_of_charge,240.0,YZ,MW
2030-07-29 09:00:00,TRAN-PUB,state_of_charge,0.0,YZ,MW
2030-07-30 10:00:00,TRAN-PRV,state_of_charge,180.0,YZ,MW
2030-07-31 11:00:00,TRAN-PUB,state_of_charge,60.0,YZ,MW
2030-08-01 12:00:00,TRAN-PRV,state_of_charge,0.0,YZ,MW
2030-08-02 13:00:00,TRAN-PUB,state_of_charge,0.0,YZ,MW
2030-08-03 14:00:00,TRAN-PRV,state_of_charge,0.0,YZ,MW
2030-08-04 15:00:00,TRAN-PUB,state_of_charge,0.0,YZ,MW
2030-08-05 16:00:00,TRAN-PRV,state_of_charge,0.0,YZ,MW
2030-08-06 17:00:00,TRAN-PUB,state_of_charge,0.0,YZ,MW
2030-08-07 18:00:00,TRAN-PRV,state_of_charge,0.0,YZ,MW
2030-08-08 19:00:00,TRAN-PUB,state_of_charge,0.0,YZ,MW
2030-08-09 20:00:00,TRAN-PRV,state_of_charge,0.0,YZ,MW
2030-08-10 21:00:00,TRAN-PUB,state_of_charge,0.0,YZ,MW
2030-08-11 22:00:00,TRAN-PRV,state_of_charge,0.0,YZ,MW
2030-08-12 23:00:00,TRAN-PUB,state_of_charge,0.0,YZ,MW
2030-08-14 00:00:00,TRAN-PRV,state_of_charge,0.0,YZ,MW
2030-08-15 01:00:00,TRAN-PUB,state_of_charge,0.0,YZ,MW
2030-08-16 02:00:00,TRAN-PRV,state_of_charge,0.0,YZ,MW
2030-08-17 03:00:00,TRAN-PUB,state_of_charge,0.0,YZ,MW
2030-08-18 04:00:00,TRAN-PRV,state_of_charge,0.0,YZ,MW
2030-08-19 05:00:00,TRAN-PUB,state_of_charge,0.0,YZ,MW
2030-08-20 06:00:00,TRAN-PRV,state_of_charge,0.0,YZ,MW
2030-08-21 07:00:00,TRAN-PUB,state_of_charge,0.0,YZ,MW
2030-08-22 08:00:00,TRAN-PRV,state_of_charge,0.0,YZ,MW
2030-08-23 09:00:00,TRAN-PUB,state_of_charge,0.0,YZ,MW
2030-08-24 10:00:00,TRAN-PRV,state_of_charge,0.0,YZ,MW
2030-08-25 11:00:00,TRAN-PUB,state_of_charge,0.0,YZ,MW
2030-08-26 12:00:00,TRAN-PRV,state_of_charge,0.0,YZ,MW
2030-08-27 13:00:00,TRAN-PUB,state_of_charge,0.0,YZ,MW
2030-08-28 14:00:00,TRAN-PRV,state_of_charge,0.0,YZ,MW
2030-08-29 15:00:00,TRAN-PUB,state_of_charge,0.0,YZ,MW
2030-08-30 16:00:00,TRAN-PRV,state_of_charge,0.0,YZ,MW
2030-08-31 17:00:00,TRAN-PUB,state_of_charge,0.0,YZ,MW
2030-09-01 18:00:00,TRAN-PRV,state_of_charge,0.0,YZ,MW
2030-09-02 19:00:00,TRAN-PUB,state_of_charge,0.0,YZ,MW
2030-09-03 20:00:00,TRAN-PRV,state_of_charge,0.0,YZ,MW
2030-09-04 21:00:00,TRAN-PUB,state_of_charge,0.0,YZ,MW
2030-09-05 22:00:00,TRAN-PRV,state_of_charge,0.0,YZ,MW
2030-09-06 23:00:00,TRAN-PUB,state_of_charge,0.0,YZ,MW
2030-09-08 00:00:00,TRAN-PRV,state_of_charge,0.0,YZ,MW
2030-09-09 01:00:00,TRAN-PUB,state_of_charge,0.0,YZ,MW
2030-09-10 02:00:00,TRAN-PRV,state_of_charge,108.0,YZ,MW
2030-09-11 03:00:00,TRAN-PUB,state_of_charge,0.0,YZ,MW
2030-09-12 04:00:00,TRAN-PRV,state_of_charge,0.0,YZ,MW
2030-09-13 05:00:00,TRAN-PUB,state_of_charge,0.0,YZ,MW
2030-09-14 06:00:00,TRAN-PRV,state_of_charge,0.0,YZ,MW
2030-09-15 07:00:00,TRAN-PUB,state_of_charge,0.0,YZ,MW
2030-09-16 08:00:00,TRAN-PRV,state_of_charge,0.0,YZ,MW
2030-09-17 09:00:00,TRAN-PUB,state_of_charge,0.0,YZ,MW
2030-09-18 10:00:00,TRAN-PRV,state_of_charge,180.0,YZ,MW
2030-09-19 11:00:00,TRAN-PUB,state_of_charge,60.0,YZ,MW
2030-09-20 12:00:00,TRAN-PRV,state_of_charge,0.0,YZ,MW
2030-09-21 13:00:00,TRAN-PUB,state_of_charge,0.0,YZ,MW
2030-09-22 14:00:00,TRAN-PRV,state_of_charge,240.0,YZ,MW
2030-09-23 15:00:00,TRAN-PUB,state_of_charge,0.0,YZ,MW
2030-09-24 16:00:00,TRAN-PRV,state_of_charge,0.0,YZ,MW
2030-09-25 17:00:00,TRAN-PUB,state_of_charge,0.0,YZ,MW
2030-09-26 18:00:00,TRAN-PRV,state_of_charge,0.0,YZ,MW
2030-09-27 19:00:00,TRAN-PUB,state_of_charge,0.0,YZ,MW
2030-09-28 20:00:00,TRAN-PRV,state_of_charge,0.0,YZ,MW
2030-09-29 21:00:00,TRAN-PUB,state_of_charge,0.0,YZ,MW
2030-09-30 22:00:00,TRAN-PRV,state_of_charge,0.0,YZ,MW
2030-10-01 23:00:00,TRAN-PUB,state_of_charge,0.0,YZ,MW
2030-10-03 00:00:00,TRAN-PRV,state_of_charge,0.0,YZ,MW
2030-10-04 01:00:00,TRAN-PUB,state_of_charge,0.0,YZ,MW
2030-10-05 02:00:00,TRAN-PRV,state_of_charge,0.0,YZ,MW
2030-10-06 03:00:00,TRAN-PUB,state_of_charge,0.0,YZ,MW
2030-10-07 04:00:00,TRAN-PRV,state_of_charge,0.0,YZ,MW
2030-10-08 05:00:00,TRAN-PUB,state_of_charge,0.0,YZ,MW
2030-10-09 06:00:00,TRAN-PRV,state_of_charge,0.0,YZ,MW
2030-10-10 07:00:00,TRAN-PUB,state_of_charge,0.0,YZ,MW
2030-10-11 08:00:00,TRAN-PRV,state_of_charge,0.0,YZ,MW
2030-10-12 09:00:00,TRAN-PUB,state_of_charge,0.0,YZ,MW
2030-10-13 10:00:00,TRAN-PRV,state_of_charge,0.0,YZ,MW
2030-10-14 11:00:00,TRAN-PUB,state_of_charge,0.0,YZ,MW
2030-10-15 12:00:00,TRAN-PRV,state_of_charge,0.0,YZ,MW
2030-10-16 13:00:00,TRAN-PUB,state_of_charge,0.0,YZ,MW
2030-10-17 14:00:00,TRAN-PRV,state_of_charge,0.0,YZ,MW
2030-10-18 15:00:00,TRAN-PUB,state_of_charge,0.0,YZ,MW
2030-10-19 16:00:00,TRAN-PRV,state_of_charge,0.0,YZ,MW
2030-10-20 17:00:00,TRAN-PUB,state_of_charge,0.0,YZ,MW
2030-10-21 18:00:00,TRAN-PRV,state_of_charge,0.0,YZ,MW
2030-10-22 19:00:00,TRAN-PUB,state_of_charge,0.0,YZ,MW
2030-10-23 20:00:00,TRAN-PRV,state_of_charge,0.0,YZ,MW
2030-10-24 21:00:00,TRAN-PUB,state_of_charge,0.0,YZ,MW
2030-10-25 22:00:00,TRAN-PRV,state_of_charge,0.0,YZ,MW
2030-10-26 23:00:00,TRAN-PUB,state_of_charge,0.0,YZ,MW
2030-10-28 00:00:00,TRAN-PRV,state_of_charge,0.0,YZ,MW
2030-10-29 01:00:00,TRAN-PUB,state_of_charge,0.0,YZ,MW
2030-10-30 02:00:00,TRAN-PRV,state_of_charge,0.0,YZ,MW
2030-10-31 03:00:00,TRAN-PUB,state_of_charge,0.0,YZ,MW
2030-11-01 04:00:00,TRAN-PRV,state_of_charge,0.0,YZ,MW
2030-11-02 05:00:00,TRAN-PUB,state_of_charge,0.0,YZ,MW
2030-11-03 06:00:00,TRAN-PRV,state_of_charge,240.0,YZ,MW
2030-11-04 07:00:00,TRAN-PUB,state_of_charge,0.0,YZ,MW
2030-11-05 08:00:00,TRAN-PRV,state_of_charge,0.0,YZ,MW
2030-11-06 09:00:00,TRAN-PUB,state_of_charge,0.0,YZ,MW
2030-11-07 10:00:00,TRAN-PRV,state_of_charge,180.0,YZ,MW
2030-11-08 11:00:00,TRAN-PUB,state_of_charge,60.0,YZ,MW
2030-11-09 12:00:00,TRAN-PRV,state_of_charge,0.0,YZ,MW
2030-11-10 13:00:00,TRAN-PUB,state_of_charge,0.0,YZ,MW
2030-11-11 14:00:00,TRAN-PRV,state_of_charge,0.0,YZ,MW
2030-11-12 15:00:00,TRAN-PUB,state_of_charge,0.0,YZ,MW
2030-11-13 16:00:00,TRAN-PRV,state_of_charge,0.0,YZ,MW
2030-11-14 17:00:00,TRAN-PUB,state_of_charge,0.0,YZ,MW
2030-11-15 18:00:00,TRAN-PRV,state_of_charge,0.0,YZ,MW
2030-11-16 19:00:00,TRAN-PUB,state_of_charge,0.0,YZ,MW
2030-11-17 20:00:00,TRAN-PRV,state_of_charge,0.0,YZ,MW
2030-11-18 21:00:00,TRAN-PUB,state_of_charge,0.0,YZ,MW
2030-11-19 22:00:00,TRAN-PRV,state_of_charge,0.0,YZ,MW
2030-11-20 23:00:00,TRAN-PUB,state_of_charge,0.0,YZ,MW
2030-11-22 00:00:00,TRAN-PRV,state_of_charge,0.0,YZ,MW
2030-11-23 01:00:00,TRAN-PUB,state_of_charge,0.0,YZ,MW
2030-11-24 02:00:00,TRAN-PRV,state_of_charge,0.0,YZ,MW
2030-11-25 03:00:00,TRAN-PUB,state_of_charge,0.0,YZ,MW
2030-11-26 04:00:00,TRAN-PRV,state_of_charge,0.0,YZ,MW
2030-11-27 05:00:00,TRAN-PUB,state_of_charge,0.0,YZ,MW
2030-11-28 06:00:00,TRAN-PRV,state_of_charge,0.0,YZ,MW
2030-11-29 07:00:00,TRAN-PUB,state_of_charge,0.0,YZ,MW
2030-11-30 08:00:00,TRAN-PRV,state_of_charge,0.0,YZ,MW
2030-12-01 09:00:00,TRAN-PUB,state_of_charge,0.0,YZ,MW
2030-12-02 10:00:00,TRAN-PRV,state_of_charge,0.0,YZ,MW
2030-12-03 11:00:00,TRAN-PUB,state_of_charge,0.0,YZ,MW
2030-12-04 12:00:00,TRAN-PRV,state_of_charge,0.0,YZ,MW
2030-12-05 13:00:00,TRAN-PUB,state_of_charge,0.0,YZ,MW
2030-12-06 14:00:00,TRAN-PRV,state_of_charge,0.0,YZ,MW
2030-12-07 15:00:00,TRAN-PUB,state_of_charge,0.0,YZ,MW
2030-12-08 16:00:00,TRAN-PRV,state_of_charge,0.0,YZ,MW
2030-12-09 17:00:00,TRAN-PUB,state_of_charge,0.0,YZ,MW
2030-12-10 18:00:00,TRAN-PRV,state_of_charge,0.0,YZ,MW
2030-12-11 19:00:00,TRAN-PUB,state_of_charge,0.0,YZ,MW
2030-12-12 20:00:00,TRAN-PRV,state_of_charge,0.0,YZ,MW
2030-12-13 21:00:00,TRAN-PUB,state_of_charge,0.0,YZ,MW
2030-12-14 22:00:00,TRAN-PRV,state_of_charge,0.0,YZ,MW
2030-12-15 23:00:00,TRAN-PUB,state_of_charge,0.0,YZ,MW
2030-12-17 00:00:00,TRAN-PRV,state_of_charge,108.0,YZ,MW
2030-12-18 01:00:00,TRAN-PUB,state_of_charge,0.0,YZ,MW
2030-12-19 02:00:00,TRAN-PRV,state_of_charge,0.0,YZ,MW
2030-12-20 03:00:00,TRAN-PUB,state_of_charge,0.0,YZ,MW
2030-12-21 04:00:00,TRAN-PRV,state_of_charge,0.0,YZ,MW
2030-12-22 05:00:00,TRAN-PUB,state_of_charge,0.0,YZ,MW
2030-12-23 06:00:00,TRAN-PRV,state_of_charge,0.0,YZ,MW
2030-12-24 07:00:00,TRAN-PUB,state_of_charge,0.0,YZ,MW
2030-12-25 08:00:00,TRAN-PRV,state_of_charge,0.0,YZ,MW
2030-12-26 09:00:00,TRAN-PUB,state_of_charge,0.0,YZ,MW
2030-12-27 10:00:00,TRAN-PRV,state_of_charge,0.0,YZ,MW
2030-12-28 11:00:00,TRAN-PUB,state_of_charge,0.0,YZ,MW
2030-12-29 12:00:00,TRAN-PRV,state_of_charge,180.0,YZ,MW
2030-12-30 13:00:00,TRAN-PUB,state_of_charge,60.0,YZ,MW
2030-12-31 14:00:00,TRAN-PRV,state_of_charge,240.0,YZ,MW
2031-01-01 15:00:00,TRAN-PUB,state_of_charge,0.0,YZ,MW
2031-01-02 16:00:00,TRAN-PRV,state_of_charge,0.0,YZ,MW
2031-01-03 17:00:00,TRAN-PUB,state_of_charge,0.0,YZ,MW
2031-01-04 18:00:00,TRAN-PRV,state_of_charge,0.0,YZ,MW
2031-01-05 19:00:00,TRAN-PUB,state_of_charge,0.0,YZ,MW
2031-01-06 20:00:00,TRAN-PRV,state_of_charge,0.0,YZ,MW
2031-01-07 21:00:00,TRAN-PUB,state_of_charge,0.0,YZ,MW
2031-01-08 22:00:00,TRAN-PRV,state_of_charge,0.0,YZ,MW
2031-01-09 23:00:00,TRAN-PUB,state_of_charge,0.0,YZ,MW
2031-01-11 00:00:00,TRAN-PRV,state_of_charge,0.0,YZ,MW
2031-01-12 01:00:00,TRAN-PUB,state_of_charge,0.0,YZ,MW
2031-01-13 02:00:00,TRAN-PRV,state_of_charge,0.0,YZ,MW
2031-01-14 03:00:00,TRAN-PUB,state_of_charge,0.0,YZ,MW
2031-01-15 04:00:00,TRAN-PRV,state_of_charge,0.0,YZ,MW
2031-01-16 05:00:00,TRAN-PUB,state_of_charge,0.0,YZ,MW
2031-01-17 06:00:00,TRAN-PRV,state_of_charge,0.0,YZ,MW
2031-01-18 07:00:00,TRAN-PUB,state_of_charge,0.0,YZ,MW
2031-01-19 08:00:00,TRAN-PRV,state_of_charge,0.0,YZ,MW
2031-01-20 09:00:00,TRAN-PUB,state_of_charge,0.0,YZ,MW
2031-01-21 10:00:00,TRAN-PRV,state_of_charge,0.0,YZ,MW
2031-01-22 11:00:00,TRAN-PUB,state_of_charge,0.0,YZ,MW
2031-01-23 12:00:00,TRAN-PRV,state_of_charge,0.0,YZ,MW
2031-01-24 13:00:00,TRAN-PUB,state_of_charge,0.0,YZ,MW
2031-01-25 14:00:00,TRAN-PRV,state_of_charge,0.0,YZ,MW
2031-01-26 15:00:00,TRAN-PUB,state_of_charge,0.0,YZ,MW
2031-01-27 16:00:00,TRAN-PRV,state_of_charge,0.0,YZ,MW
2031-01-28 17:00:00,TRAN-PUB,state_of_charge,0.0,YZ,MW
2031-01-29 18:00:00,TRAN-PRV,state_of_charge,0.0,YZ,MW
2031-01-30 19:00:00,TRAN-PUB,state_of_charge,0.0,YZ,MW
2031-01-31 20:00:00,TRAN-PRV,state_of_charge,0.0,YZ,MW
2031-02-01 21:00:00,TRAN-PUB,state_of_charge,0.0,YZ,MW
2031-02-02 22:00:00,TRAN-PRV,state_of_charge,0.0,YZ,MW
2031-02-03 23:00:00,TRAN-PUB,state_of_charge,0.0,YZ,MW
2031-02-05 00:00:00,TRAN-PRV,state_of_charge,0.0,YZ,MW
2031-02-06 01:00:00,TRAN-PUB,state_of_charge,0.0,YZ,MW
2031-02-07 02:00:00,TRAN-PRV,state_of_charge,0.0,YZ,MW
2031-02-08 03:00:00,TRAN-PUB,state_of_charge,0.0,YZ,MW
2031-02-09 04:00:00,TRAN-PRV,state_of_charge,0.0,YZ,MW
2031-02-10 05:00:00,TRAN-PUB,state_of_charge,0.0,YZ,MW
2031-02-11 06:00:00,TRAN-PRV,state_of_charge,168.0,YZ,MW
2031-02-12 07:00:00,TRAN-PUB,state_of_charge,0.0,YZ,MW
2031-02-13 08:00:00,TRAN-PRV,state_of_charge,0.0,YZ,MW
2031-02-14 09:00:00,TRAN-PUB,state_of_charge,0.0,YZ,MW
2031-02-15 10:00:00,TRAN-PRV,state_of_charge,0.0,YZ,MW
2031-02-16 11:00:00,TRAN-PUB,state_of_charge,0.0,YZ,MW
2031-02-17 12:00:00,TRAN-PRV,state_of_charge,180.0,YZ,MW
2031-02-18 13:00:00,TRAN-PUB,state_of_charge,60.0,YZ,MW
2031-02-19 14:00:00,TRAN-PRV,state_of_charge,0.0,YZ,MW
2031-02-20 15:00:00,TRAN-PUB,state_of_charge,0.0,YZ,MW
2031-02-21 16:00:00,TRAN-PRV,state_of_charge,0.0,YZ,MW
2031-02-22 17:00:00,TRAN-PUB,state_of_charge,0.0,YZ,MW
2031-02-23 18:00:00,TRAN-PRV,state_of_charge,0.0,YZ,MW
2031-02-24 19:00:00,TRAN-PUB,state_of_charge,0.0,YZ,MW
2031-02-25 20:00:00,TRAN-PRV,state_of_charge,0.0,YZ,MW
2031-02-26 21:00:00,TRAN-PUB,state_of_charge,0.0,YZ,MW
2031-02-27 22:00:00,TRAN-PRV,state_of_charge,0.0,YZ,MW
2031-02-28 23:00:00,TRAN-PUB,state_of_charge,0.0,YZ,MW
2031-03-02 00:00:00,TRAN-PRV,state_of_charge,0.0,YZ,MW
2031-03-03 01:00:00,TRAN-PUB,state_of_charge,0.0,YZ,MW
2031-03-04 02:00:00,TRAN-PRV,state_of_charge,0.0,YZ,MW
2031-03-05 03:00:00,TRAN-PUB,state_of_charge,0.0,YZ,MW
2031-03-06 04:00:00,TRAN-PRV,state_of_charge,0.0,YZ,MW
2031-03-07 05:00:00,TRAN-PUB,state_of_charge,0.0,YZ,MW
2031-03-08 06:00:00,TRAN-PRV,state_of_charge,0.0,YZ,MW
2031-03-09 07:00:00,TRAN-PUB,state_of_charge,0.0,YZ,MW
2031-03-10 08:00:00,TRAN-PRV,state_of_charge,0.0,YZ,MW
2031-03-11 09:00:00,TRAN-PUB,state_of_charge,0.0,YZ,MW
2031-03-12 10:00:00,TRAN-PRV,state_of_charge,0.0,YZ,MW
2031-03-13 11:00:00,TRAN-PUB,state_of_charge,0.0,YZ,MW
2031-03-14 12:00:00,TRAN-PRV,state_of_charge,0.0,YZ,MW
2031-03-15 13:00:00,TRAN-PUB,state_of_charge,0.0,YZ,MW
2031-03-16 14:00:00,TRAN-PRV,state_of_charge,0.0,YZ,MW
2031-03-17 15:00:00,TRAN-PUB,state_of_charge,0.0,YZ,MW
2031-03-18 16:00:00,TRAN-PRV,state_of_charge,0.0,YZ,MW
2031-03-19 17:00:00,TRAN-PUB,state_of_charge,0.0,YZ,MW
2031-03-20 18:00:00,TRAN-PRV,state_of_charge,0.0,YZ,MW
2031-03-21 19:00:00,TRAN-PUB,state_of_charge,0.0,YZ,MW
2031-03-22 20:00:00,TRAN-PRV,state_of_charge,0.0,YZ,MW
2031-03-23 21:00:00,TRAN-PUB,state_of_charge,0.0,YZ,MW
2031-03-24 22:00:00,TRAN-PRV,state_of_charge,0.0,YZ,MW
2031-03-25 23:00:00,TRAN-PUB,state_of_charge,0.0,YZ,MW
2031-03-27 00:00:00,TRAN-PRV,state_of_charge,0.0,YZ,MW
2031-03-28 01:00:00,TRAN-PUB,state_of_charge,0.0,YZ,MW
2031-03-29 02:00:00,TRAN-PRV,state_of_charge,0.0,YZ,MW
2031-03-30 03:00:00,TRAN-PUB,state_of_charge,0.0,YZ,MW
2031-03-31 04:00:00,TRAN-PRV,state_of_charge,0.0,YZ,MW
2031-04-01 05:00:00,TRAN-PUB,state_of_charge,0.0,YZ,MW
2031-04-02 06:00:00,TRAN-PRV,state_of_charge,0.0,YZ,MW
2031-04-03 07:00:00,TRAN-PUB,state_of_charge,0.0,YZ,MW
2031-04-04 08:00:00,TRAN-PRV,state_of_charge,0.0,YZ,MW
2031-04-05 09:00:00,TRAN-PUB,state_of_charge,0.0,YZ,MW
2031-04-06 10:00:00,TRAN-PRV,state_of_charge,0.0,YZ,MW
2031-04-07 11:00:00,TRAN-PUB,state_of_charge,0.0,YZ,MW
2031-04-08 12:00:00,TRAN-PRV,state_of_charge,240.0,YZ,MW
2031-04-09 13:00:00,TRAN-PUB,state_of_charge,60.0,YZ,MW
2031-04-10 14:00:00,TRAN-PRV,state_of_charge,0.0,YZ,MW
2031-04-11 15:00:00,TRAN-PUB,state_of_charge,0.0,YZ,MW
2031-04-12 16:00:00,TRAN-PRV,state_of_charge,0.0,YZ,MW
2031-04-13 17:00:00,TRAN-PUB,state_of_charge,0.0,YZ,MW
2031-04-14 18:00:00,TRAN-PRV,state_of_charge,0.0,YZ,MW
2031-04-15 19:00:00,TRAN-PUB,state_of_charge,0.0,YZ,MW
2031-04-16 20:00:00,TRAN-PRV,state_of_charge,0.0,YZ,MW
2031-04-17 21:00:00,TRAN-PUB,state_of_charge,0.0,YZ,MW
2031-04-18 22:00:00,TRAN-PRV,state_of_charge,0.0,YZ,MW
2031-04-19 23:00:00,TRAN-PUB,state_of_charge,0.0,YZ,MW
2031-04-21 00:00:00,TRAN-PRV,state_of_charge,0.0,YZ,MW
2031-04-22 01:00:00,TRAN-PUB,state_of_charge,0.0,YZ,MW
2031-04-23 02:00:00,TRAN-PRV,state_of_charge,0.0,YZ,MW
2031-04-24 03:00:00,TRAN-PUB,state_of_charge,0.0,YZ,MW
2031-04-25 04:00:00,TRAN-PRV,state_of_charge,0.0,YZ,MW
2031-04-26 05:00:00,TRAN-PUB,state_of_charge,0.0,YZ,MW
2031-04-27 06:00:00,TRAN-PRV,state_of_charge,0.0,YZ,MW
2031-04-28 07:00:00,TRAN-PUB,state_of_charge,0.0,YZ,MW
2031-04-29 08:00:00,TRAN-PRV,state_of_charge,0.0,YZ,MW
2031-04-30 09:00:00,TRAN-PUB,state_of_charge,0.0,YZ,MW
2031-05-01 10:00:00,TRAN-PRV,state_of_charge,0.0,YZ,MW
2031-05-02 11:00:00,TRAN-PUB,state_of_charge,0.0,YZ,MW
2031-05-03 12:00:00,TRAN-PRV,state_of_charge,0.0,YZ,MW
2031-05-04 13:00:00,TRAN-PUB,state_of_charge,0.0,YZ,MW
2031-05-05 14:00:00,TRAN-PRV,state_of_charge,0.0,YZ,MW
2031-05-06 15:00:00,TRAN-PUB,state_of_charge,0.0,YZ,MW
2031-05-07 16:00:00,TRAN-PRV,state_of_charge,0.0,YZ,MW
2031-05-08 17:00:00,TRAN-PUB,state_of_charge,0.0,YZ,MW
2031-05-09 18:00:00,TRAN-PRV,state_of_charge,0.0,YZ,MW
2031-05-10 19:00:00,TRAN-PUB,state_of_charge,0.0,YZ,MW
2031-05-11 20:00:00,TRAN-PRV,state_of_charge,0.0,YZ,MW
2031-05-12 21:00:00,TRAN-PUB,state_of_charge,0.0,YZ,MW
2031-05-13 22:00:00,TRAN-PRV,state_of_charge,0.0,YZ,MW
2031-05-14 23:00:00,TRAN-PUB,state_of_charge,0.0,YZ,MW
2031-05-16 00:00:00,TRAN-PRV,state_of_charge,0.0,YZ,MW
2031-05-17 01:00:00,TRAN-PUB,state_of_charge,0.0,YZ,MW
2031-05-18 02:00:00,TRAN-PRV,state_of_charge,0.0,YZ,MW
2031-05-19 03:00:00,TRAN-PUB,state_of_charge,0.0,YZ,MW
2031-05-20 04:00:00,TRAN-PRV,state_of_charge,168.0,YZ,MW
2031-05-21 05:00:00,TRAN-PUB,state_of_charge,0.0,YZ,MW
2031-05-22 06:00:00,TRAN-PRV,state_of_charge,108.0,YZ,MW
2031-05-23 07:00:00,TRAN-PUB,state_of_charge,0.0,YZ,MW
2031-05-24 08:00:00,TRAN-PRV,state_of_charge,0.0,YZ,MW
2031-05-25 09:00:00,TRAN-PUB,state_of_charge,0.0,YZ,MW
2031-05-26 10:00:00,TRAN-PRV,state_of_charge,0.0,YZ,MW
2031-05-27 11:00:00,TRAN-PUB,state_of_charge,0.0,YZ,MW
2031-05-28 12:00:00,TRAN-PRV,state_of_charge,180.0,YZ,MW
2031-05-29 13:00:00,TRAN-PUB,state_of_charge,60.0,YZ,MW
2031-05-30 14:00:00,TRAN-PRV,state_of_charge,0.0,YZ,MW
2031-05-31 15:00:00,TRAN-PUB,state_of_charge,0.0,YZ,MW
2031-06-01 16:00:00,TRAN-PRV,state_of_charge,0.0,YZ,MW
2031-06-02 17:00:00,TRAN-PUB,state_of_charge,0.0,YZ,MW
2031-06-03 18:00:00,TRAN-PRV,state_of_charge,168.0,YZ,MW
2031-06-04 19:00:00,TRAN-PUB,state_of_charge,0.0,YZ,MW
2031-06-05 20:00:00,TRAN-PRV,state_of_charge,0.0,YZ,MW
2031-06-06 21:00:00,TRAN-PUB,state_of_charge,0.0,YZ,MW
2031-06-07 22:00:00,TRAN-PRV,state_of_charge,0.0,YZ,MW
2031-06-08 23:00:00,TRAN-PUB,state_of_charge,0.0,YZ,MW
2031-06-10 00:00:00,TRAN-PRV,state_of_charge,0.0,YZ,MW
2031-06-11 01:00:00,TRAN-PUB,state_of_charge,0.0,YZ,MW
2031-06-12 02:00:00,TRAN-PRV,state_of_charge,0.0,YZ,MW
2031-06-13 03:00:00,TRAN-PUB,state_of_charge,0.0,YZ,MW
2031-06-14 04:00:00,TRAN-PRV,state_of_charge,0.0,YZ,MW
2031-06-15 05:00:00,TRAN-PUB,state_of_charge,0.0,YZ,MW
2031-06-16 06:00:00,TRAN-PRV,state_of_charge,0.0,YZ,MW
2031-06-17 07:00:00,TRAN-PUB,state_of_charge,0.0,YZ,MW
2031-06-18 08:00:00,TRAN-PRV,state_of_charge,0.0,YZ,MW
2031-06-19 09:00:00,TRAN-PUB,state_of_charge,0.0,YZ,MW
2031-06-20 10:00:00,TRAN-PRV,state_of_charge,0.0,YZ,MW
2031-06-21 11:00:00,TRAN-PUB,state_of_charge,0.0,YZ,MW
2031-06-22 12:00:00,TRAN-PRV,state_of_charge,0.0,YZ,MW
2031-06-23 13:00:00,TRAN-PUB,state_of_charge,0.0,YZ,MW
2031-06-24 14:00:00,TRAN-PRV,state_of_charge,0.0,YZ,MW
2031-06-25 15:00:00,TRAN-PUB,state_of_charge,0.0,YZ,MW
2031-06-26 16:00:00,TRAN-PRV,state_of_charge,0.0,YZ,MW
2031-06-27 17:00:00,TRAN-PUB,state_of_charge,0.0,YZ,MW
2031-06-28 18:00:00,TRAN-PRV,state_of_charge,0.0,YZ,MW
2031-06-29 19:00:00,TRAN-PUB,state_of_charge,0.0,YZ,MW
2031-06-30 20:00:00,TRAN-PRV,state_of_charge,0.0,YZ,MW
2031-07-01 21:00:00,TRAN-PUB,state_of_charge,0.0,YZ,MW
2031-07-02 22:00:00,TRAN-PRV,state_of_charge,0.0,YZ,MW
2031-07-03 23:00:00,TRAN-PUB,state_of_charge,0.0,YZ,MW
2031-07-05 00:00:00,TRAN-PRV,state_of_charge,0.0,YZ,MW
2031-07-06 01:00:00,TRAN-PUB,state_of_charge,0.0,YZ,MW
2031-07-07 02:00:00,TRAN-PRV,state_of_charge,0.0,YZ,MW
2031-07-08 03:00:00,TRAN-PUB,state_of_charge,0.0,YZ,MW
2031-07-09 04:00:00,TRAN-PRV,state_of_charge,0.0,YZ,MW
2031-07-10 05:00:00,TRAN-PUB,state_of_charge,0.0,YZ,MW
2031-07-11 06:00:00,TRAN-PRV,state_of_charge,0.0,YZ,MW
2031-07-12 07:00:00,TRAN-PUB,state_of_charge,0.0,YZ,MW
2031-07-13 08:00:00,TRAN-PRV,state_of_charge,0.0,YZ,MW
2031-07-14 09:00:00,TRAN-PUB,state_of_charge,0.0,YZ,MW
2031-07-15 10:00:00,TRAN-PRV,state_of_charge,240.0,YZ,MW
2031-07-16 11:00:00,TRAN-PUB,state_of_charge,0.0,YZ,MW
2031-07-17 12:00:00,TRAN-PRV,state_of_charge,180.0,YZ,MW
2031-07-18 13:00:00,TRAN-PUB,state_of_charge,60.0,YZ,MW
2031-07-19 14:00:00,TRAN-PRV,state_of_charge,0.0,YZ,MW
2031-07-20 15:00:00,TRAN-PUB,state_of_charge,0.0,YZ,MW
2031-07-21 16:00:00,TRAN-PRV,state_of_charge,0.0,YZ,MW
2031-07-22 17:00:00,TRAN-PUB,state_of_charge,0.0,YZ,MW
2031-07-23 18:00:00,TRAN-PRV,state_of_charge,0.0,YZ,MW
2031-07-24 19:00:00,TRAN-PUB,state_of_charge,0.0,YZ,MW
2031-07-25 20:00:00,TRAN-PRV,state_of_charge,0.0,YZ,MW
2031-07-26 21:00:00,TRAN-PUB,state_of_charge,0.0,YZ,MW
2031-07-27 22:00:00,TRAN-PRV,state_of_charge,0.0,YZ,MW
2031-07-28 23:00:00,TRAN-PUB,state_of_charge,0.0,YZ,MW
2031-07-30 00:00:00,TRAN-PRV,state_of_charge,0.0,YZ,MW
2031-07-31 01:00:00,TRAN-PUB,state_of_charge,0.0,YZ,MW
2031-08-01 02:00:00,TRAN-PRV,state_of_charge,0.0,YZ,MW
2031-08-02 03:00:00,TRAN-PUB,state_of_charge,0.0,YZ,MW
2031-08-03 04:00:00,TRAN-PRV,state_of_charge,0.0,YZ,MW
2031-08-04 05:00:00,TRAN-PUB,state_of_charge,0.0,YZ,MW
2031-08-05 06:00:00,TRAN-PRV,state_of_charge,0.0,YZ,MW
2031-08-06 07:00:00,TRAN-PUB,state_of_charge,0.0,YZ,MW
2031-08-07 08:00:00,TRAN-PRV,state_of_charge,0.0,YZ,MW
2031-08-08 09:00:00,TRAN-PUB,state_of_charge,0.0,YZ,MW
2031-08-09 10:00:00,TRAN-PRV,state_of_charge,0.0,YZ,MW
2031-08-10 11:00:00,TRAN-PUB,state_of_charge,0.0,YZ,MW
2031-08-11 12:00:00,TRAN-PRV,state_of_charge,0.0,YZ,MW
2031-08-12 13:00:00,TRAN-PUB,state_of_charge,0.0,YZ,MW
2031-08-13 14:00:00,TRAN-PRV,state_of_charge,0.0,YZ,MW
2031-08-14 15:00:00,TRAN-PUB,state_of_charge,0.0,YZ,MW
2031-08-15 16:00:00,TRAN-PRV,state_of_charge,0.0,YZ,MW
2031-08-16 17:00:00,TRAN-PUB,state_of_charge,0.0,YZ,MW
2031-08-17 18:00:00,TRAN-PRV,state_of_charge,0.0,YZ,MW
2031-08-18 19:00:00,TRAN-PUB,state_of_charge,0.0,YZ,MW
2031-08-19 20:00:00,TRAN-PRV,state_of_charge,0.0,YZ,MW
2031-08-20 21:00:00,TRAN-PUB,state_of_charge,0.0,YZ,MW
2031-08-21 22:00:00,TRAN-PRV,state_of_charge,0.0,YZ,MW
2031-08-22 23:00:00,TRAN-PUB,state_of_charge,0.0,YZ,MW
2031-08-24 00:00:00,TRAN-PRV,state_of_charge,0.0,YZ,MW
2031-08-25 01:00:00,TRAN-PUB,state_of_charge,0.0,YZ,MW
2031-08-26 02:00:00,TRAN-PRV,state_of_charge,168.0,YZ,MW
2031-08-27 03:00:00,TRAN-PUB,state_of_charge,0.0,YZ,MW
2031-08-28 04:00:00,TRAN-PRV,state_of_charge,108.0,YZ,MW
2031-08-29 05:00:00,TRAN-PUB,state_of_charge,0.0,YZ,MW
2031-08-30 06:00:00,TRAN-PRV,state_of_charge,0.0,YZ,MW
2031-08-31 07:00:00,TRAN-PUB,state_of_charge,0.0,YZ,MW
2031-09-01 08:00:00,TRAN-PRV,state_of_charge,0.0,YZ,MW
2031-09-02 09:00:00,TRAN-PUB,state_of_charge,0.0,YZ,MW
2031-09-03 10:00:00,TRAN-PRV,state_of_charge,0.0,YZ,MW
2031-09-04 11:00:00,TRAN-PUB,state_of_charge,0.0,YZ,MW
2031-09-05 12:00:00,TRAN-PRV,state_of_charge,0.0,YZ,MW
2031-09-06 13:00:00,TRAN-PUB,state_of_charge,0.0,YZ,MW
2031-09-07 14:00:00,TRAN-PRV,state_of_charge,180.0,YZ,MW
2031-09-08 15:00:00,TRAN-PUB,state_of_charge,60.0,YZ,MW
2031-09-09 16:00:00,TRAN-PRV,state_of_charge,240.0,YZ,MW
2031-09-10 17:00:00,TRAN-PUB,state_of_charge,0.0,YZ,MW
2031-09-11 18:00:00,TRAN-PRV,state_of_charge,0.0,YZ,MW
2031-09-12 19:00:00,TRAN-PUB,state_of_charge,0.0,YZ,MW
2031-09-13 20:00:00,TRAN-PRV,state_of_charge,0.0,YZ,MW
2031-09-14 21:00:00,TRAN-PUB,state_of_charge,0.0,YZ,MW
2031-09-15 22:00:00,TRAN-PRV,state_of_charge,0.0,YZ,MW
2031-09-16 23:00:00,TRAN-PUB,state_of_charge,0.0,YZ,MW
2031-09-18 00:00:00,TRAN-PRV,state_of_charge,0.0,YZ,MW
2031-09-19 01:00:00,TRAN-PUB,state_of_charge,0.0,YZ,MW
2031-09-20 02:00:00,TRAN-PRV,state_of_charge,0.0,YZ,MW
2031-09-21 03:00:00,TRAN-PUB,state_of_charge,0.0,YZ,MW
2031-09-22 04:00:00,TRAN-PRV,state_of_charge,0.0,YZ,MW
2031-09-23 05:00:00,TRAN-PUB,state_of_charge,0.0,YZ,MW
2031-09-24 06:00:00,TRAN-PRV,state_of_charge,0.0,YZ,MW
2031-09-25 07:00:00,TRAN-PUB,state_of_charge,0.0,YZ,MW
2031-09-26 08:00:00,TRAN-PRV,state_of_charge,0.0,YZ,MW
2031-09-27 09:00:00,TRAN-PUB,state_of_charge,0.0,YZ,MW
2031-09-28 10:00:00,TRAN-PRV,state_of_charge,0.0,YZ,MW
2031-09-29 11:00:00,TRAN-PUB,state_of_charge,0.0,YZ,MW
2031-09-30 12:00:00,TRAN-PRV,state_of_charge,0.0,YZ,MW
2031-10-01 13:00:00,TRAN-PUB,state_of_charge,0.0,YZ,MW
2031-10-02 14:00:00,TRAN-PRV,state_of_charge,0.0,YZ,MW
2031-10-03 15:00:00,TRAN-PUB,state_of_charge,0.0,YZ,MW
2031-10-04 16:00:00,TRAN-PRV,state_of_charge,0.0,YZ,MW
2031-10-05 17:00:00,TRAN-PUB,state_of_charge,0.0,YZ,MW
2031-10-06 18:00:00,TRAN-PRV,state_of_charge,0.0,YZ,MW
2031-10-07 19:00:00,TRAN-PUB,state_of_charge,0.0,YZ,MW
2031-10-08 20:00:00,TRAN-PRV,state_of_charge,0.0,YZ,MW
2031-10-09 21:00:00,TRAN-PUB,state_of_charge,0.0,YZ,MW
2031-10-10 22:00:00,TRAN-PRV,state_of_charge,0.0,YZ,MW
2031-10-11 23:00:00,TRAN-PUB,state_of_charge,0.0,YZ,MW
2031-10-13 00:00:00,TRAN-PRV,state_of_charge,0.0,YZ,MW
2031-10-14 01:00:00,TRAN-PUB,state_of_charge,0.0,YZ,MW
2031-10-15 02:00:00,TRAN-PRV,state_of_charge,0.0,YZ,MW
2031-10-16 03:00:00,TRAN-PUB,state_of_charge,0.0,YZ,MW
2031-10-17 04:00:00,TRAN-PRV,state_of_charge,0.0,YZ,MW
2031-10-18 05:00:00,TRAN-PUB,state_of_charge,0.0,YZ,MW
2031-10-19 06:00:00,TRAN-PRV,state_of_charge,0.0,YZ,MW
2031-10-20 07:00:00,TRAN-PUB,state_of_charge,0.0,YZ,MW
2031-10-21 08:00:00,TRAN-PRV,state_of_charge,240.0,YZ,MW
2031-10-22 09:00:00,TRAN-PUB,state_of_charge,0.0,YZ,MW
2031-10-23 10:00:00,TRAN-PRV,state_of_charge,0.0,YZ,MW
2031-10-24 11:00:00,TRAN-PUB,state_of_charge,0.0,YZ,MW
2031-10-25 12:00:00,TRAN-PRV,state_of_charge,0.0,YZ,MW
2031-10-26 13:00:00,TRAN-PUB,state_of_charge,0.0,YZ,MW
2031-10-27 14:00:00,TRAN-PRV,state_of_charge,180.0,YZ,MW
2031-10-28 15:00:00,TRAN-PUB,state_of_charge,60.0,YZ,MW
2031-10-29 16:00:00,TRAN-PRV,state_of_charge,0.0,YZ,MW
2031-10-30 17:00:00,TRAN-PUB,state_of_charge,0.0,YZ,MW
2031-10-31 18:00:00,TRAN-PRV,state_of_charge,0.0,YZ,MW
2031-11-01 19:00:00,TRAN-PUB,state_of_charge,0.0,YZ,MW
2031-11-02 20:00:00,TRAN-PRV,state_of_charge,0.0,YZ,MW
2031-11-03 21:00:00,TRAN-PUB,state_of_charge,0.0,YZ,MW
2031-11-04 22:00:00,TRAN-PRV,state_of_charge,108.0,YZ,MW
2031-11-05 23:00:00,TRAN-PUB,state_of_charge,0.0,YZ,MW
2031-11-07 00:00:00,TRAN-PRV,state_of_charge,0.0,YZ,MW
2031-11-08 01:00:00,TRAN-PUB,state_of_charge,0.0,YZ,MW
2031-11-09 02:00:00,TRAN-PRV,state_of_charge,0.0,YZ,MW
2031-11-10 03:00:00,TRAN-PUB,state_of_charge,0.0,YZ,MW
2031-11-11 04:00:00,TRAN-PRV,state_of_charge,0.0,YZ,MW
2031-11-12 05:00:00,TRAN-PUB,state_of_charge,0.0,YZ,MW
2031-11-13 06:00:00,TRAN-PRV,state_of_charge,0.0,YZ,MW
2031-11-14 07:00:00,TRAN-PUB,state_of_charge,0.0,YZ,MW
2031-11-15 08:00:00,TRAN-PRV,state_of_charge,0.0,YZ,MW
2031-11-16 09:00:00,TRAN-PUB,state_of_charge,0.0,YZ,MW
2031-11-17 10:00:00,TRAN-PRV,state_of_charge,0.0,YZ,MW
2031-11-18 11:00:00,TRAN-PUB,state_of_charge,0.0,YZ,MW
2031-11-19 12:00:00,TRAN-PRV,state_of_charge,0.0,YZ,MW
2031-11-20 13:00:00,TRAN-PUB,state_of_charge,0.0,YZ,MW
2031-11-21 14:00:00,TRAN-PRV,state_of_charge,0.0,YZ,MW
2031-11-22 15:00:00,TRAN-PUB,state_of_charge,0.0,YZ,MW
2031-11-23 16:00:00,TRAN-PRV,state_of_charge,0.0,YZ,MW
2031-11-24 17:00:00,TRAN-PUB,state_of_charge,0.0,YZ,MW
2031-11-25 18:00:00,TRAN-PRV,state_of_charge,0.0,YZ,MW
2031-11-26 19:00:00,TRAN-PUB,state_of_charge,0.0,YZ,MW
2031-11-27 20:00:00,TRAN-PRV,state_of_charge,0.0,YZ,MW
2031-11-28 21:00:00,TRAN-PUB,state_of_charge,0.0,YZ,MW
2031-11-29 22:00:00,TRAN-PRV,state_of_charge,0.0,YZ,MW
2031-11-30 23:00:00,TRAN-PUB,state_of_charge,0.0,YZ,MW
2031-12-02 00:00:00,TRAN-PRV,state_of_charge,0.0,YZ,MW
2031-12-03 01:00:00,TRAN-PUB,state_of_charge,0.0,YZ,MW
2031-12-04 02:00:00,TRAN-PRV,state_of_charge,108.0,YZ,MW
2031-12-05 03:00:00,TRAN-PUB,state_of_charge,0.0,YZ,MW
2031-12-06 04:00:00,TRAN-PRV,state_of_charge,0.0,YZ,MW
2031-12-07 05:00:00,TRAN-PUB,state_of_charge,0.0,YZ,MW
2031-12-08 06:00:00,TRAN-PRV,state_of_charge,0.0,YZ,MW
2031-12-09 07:00:00,TRAN-PUB,state_of_charge,0.0,YZ,MW
2031-12-10 08:00:00,TRAN-PRV,state_of_charge,0.0,YZ,MW
2031-12-11 09:00:00,TRAN-PUB,state_of_charge,0.0,YZ,MW
2031-12-12 10:00:00,TRAN-PRV,state_of_charge,0.0,YZ,MW
2031-12-13 11:00:00,TRAN-PUB,state_of_charge,0.0,YZ,MW
2031-12-14 12:00:00,TRAN-PRV,state_of_charge,0.0,YZ,MW
2031-12-15 13:00:00,TRAN-PUB,state_of_charge,0.0,YZ,MW
2031-12-16 14:00:00,TRAN-PRV,state_of_charge,213.0,YZ,MW
2031-12-17 15:00:00,TRAN-PUB,state_of_charge,60.0,YZ,MW
2031-12-18 16:00:00,TRAN-PRV,state_of_charge,0.0,YZ,MW
2031-12-19 17:00:00,TRAN-PUB,state_of_charge,0.0,YZ,MW
2031-12-20 18:00:00,TRAN-PRV,state_of_charge,154.99999999905003,YZ,MW
2031-12-21 19:00:00,TRAN-PUB,state_of_charge,0.0,YZ,MW
2031-12-22 20:00:00,TRAN-PRV,state_of_charge,168.0,YZ,MW
2031-12-23 21:00:00,TRAN-PUB,state_of_charge,0.0,YZ,MW
2031-12-24 22:00:00,TRAN-PRV,state_of_charge,0.0,YZ,MW
2031-12-25 23:00:00,TRAN-PUB,state_of_charge,0.0,YZ,MW
2031-12-27 00:00:00,TRAN-PRV,state_of_charge,0.0,YZ,MW
2031-12-28 01:00:00,TRAN-PUB,state_of_charge,0.0,YZ,MW
2031-12-29 02:00:00,TRAN-PRV,state_of_charge,0.0,YZ,MW
2031-12-30 03:00:00,TRAN-PUB,state_of_charge,0.0,YZ,MW
2031-12-31 04:00:00,TRAN-PRV,state_of_charge,0.0,YZ,MW
2032-01-01 05:00:00,TRAN-PUB,state_of_charge,0.0,YZ,MW
2032-01-02 06:00:00,TRAN-PRV,state_of_charge,0.0,YZ,MW
2032-01-03 07:00:00,TRAN-PUB,state_of_charge,0.0,YZ,MW
